year,component,timestamp,scaling_factor
2025,CO2/CO/NOx,2025-01-01 00:00:00+01:00,1.2965823
2025,CO2/CO/NOx,2025-01-01 01:00:00+01:00,2.1926498
2025,CO2/CO/NOx,2025-01-01 02:00:00+01:00,2.4641852
2025,CO2/CO/NOx,2025-01-01 03:00:00+01:00,2.1247659
2025,CO2/CO/NOx,2025-01-01 04:00:00+01:00,1.7242509
2025,CO2/CO/NOx,2025-01-01 05:00:00+01:00,0.8281835
2025,CO2/CO/NOx,2025-01-01 06:00:00+01:00,0.4480337
2025,CO2/CO/NOx,2025-01-01 07:00:00+01:00,0.47518724
2025,CO2/CO/NOx,2025-01-01 08:00:00+01:00,0.46161047
2025,CO2/CO/NOx,2025-01-01 09:00:00+01:00,0.44124532
2025,CO2/CO/NOx,2025-01-01 10:00:00+01:00,0.4276685
2025,CO2/CO/NOx,2025-01-01 11:00:00+01:00,0.4276685
2025,CO2/CO/NOx,2025-01-01 12:00:00+01:00,0.4344569
2025,CO2/CO/NOx,2025-01-01 13:00:00+01:00,0.4276685
2025,CO2/CO/NOx,2025-01-01 14:00:00+01:00,0.44124532
2025,CO2/CO/NOx,2025-01-01 15:00:00+01:00,0.44124532
2025,CO2/CO/NOx,2025-01-01 16:00:00+01:00,0.4480337
2025,CO2/CO/NOx,2025-01-01 17:00:00+01:00,1.01147
2025,CO2/CO/NOx,2025-01-01 18:00:00+01:00,1.8600186
2025,CO2/CO/NOx,2025-01-01 19:00:00+01:00,2.1315541
2025,CO2/CO/NOx,2025-01-01 20:00:00+01:00,1.5816947
2025,CO2/CO/NOx,2025-01-01 21:00:00+01:00,0.644897
2025,CO2/CO/NOx,2025-01-01 22:00:00+01:00,0.4344569
2025,CO2/CO/NOx,2025-01-01 23:00:00+01:00,0.3937266
2025,CO2/CO/NOx,2025-01-02 00:00:00+01:00,0.3733614
2025,CO2/CO/NOx,2025-01-02 01:00:00+01:00,0.35978463
2025,CO2/CO/NOx,2025-01-02 02:00:00+01:00,0.35978463
2025,CO2/CO/NOx,2025-01-02 03:00:00+01:00,0.35978463
2025,CO2/CO/NOx,2025-01-02 04:00:00+01:00,0.6924157
2025,CO2/CO/NOx,2025-01-02 05:00:00+01:00,1.1200843
2025,CO2/CO/NOx,2025-01-02 06:00:00+01:00,2.002575
2025,CO2/CO/NOx,2025-01-02 07:00:00+01:00,2.3827245
2025,CO2/CO/NOx,2025-01-02 08:00:00+01:00,2.4302433
2025,CO2/CO/NOx,2025-01-02 09:00:00+01:00,2.4709737
2025,CO2/CO/NOx,2025-01-02 10:00:00+01:00,2.477762
2025,CO2/CO/NOx,2025-01-02 11:00:00+01:00,2.457397
2025,CO2/CO/NOx,2025-01-02 12:00:00+01:00,2.4709737
2025,CO2/CO/NOx,2025-01-02 13:00:00+01:00,2.457397
2025,CO2/CO/NOx,2025-01-02 14:00:00+01:00,2.491339
2025,CO2/CO/NOx,2025-01-02 15:00:00+01:00,2.5524344
2025,CO2/CO/NOx,2025-01-02 16:00:00+01:00,2.5999532
2025,CO2/CO/NOx,2025-01-02 17:00:00+01:00,2.5863764
2025,CO2/CO/NOx,2025-01-02 18:00:00+01:00,2.5863764
2025,CO2/CO/NOx,2025-01-02 19:00:00+01:00,2.6067414
2025,CO2/CO/NOx,2025-01-02 20:00:00+01:00,2.5999532
2025,CO2/CO/NOx,2025-01-02 21:00:00+01:00,2.5524344
2025,CO2/CO/NOx,2025-01-02 22:00:00+01:00,2.4641852
2025,CO2/CO/NOx,2025-01-02 23:00:00+01:00,2.23338
2025,CO2/CO/NOx,2025-01-03 00:00:00+01:00,2.145131
2025,CO2/CO/NOx,2025-01-03 01:00:00+01:00,2.1315541
2025,CO2/CO/NOx,2025-01-03 02:00:00+01:00,2.1247659
2025,CO2/CO/NOx,2025-01-03 03:00:00+01:00,2.1247659
2025,CO2/CO/NOx,2025-01-03 04:00:00+01:00,2.2401686
2025,CO2/CO/NOx,2025-01-03 05:00:00+01:00,2.4030898
2025,CO2/CO/NOx,2025-01-03 06:00:00+01:00,2.4641852
2025,CO2/CO/NOx,2025-01-03 07:00:00+01:00,2.423455
2025,CO2/CO/NOx,2025-01-03 08:00:00+01:00,2.4641852
2025,CO2/CO/NOx,2025-01-03 09:00:00+01:00,2.457397
2025,CO2/CO/NOx,2025-01-03 10:00:00+01:00,2.511704
2025,CO2/CO/NOx,2025-01-03 11:00:00+01:00,2.511704
2025,CO2/CO/NOx,2025-01-03 12:00:00+01:00,2.4981272
2025,CO2/CO/NOx,2025-01-03 13:00:00+01:00,2.477762
2025,CO2/CO/NOx,2025-01-03 14:00:00+01:00,2.5049157
2025,CO2/CO/NOx,2025-01-03 15:00:00+01:00,2.5863764
2025,CO2/CO/NOx,2025-01-03 16:00:00+01:00,2.5863764
2025,CO2/CO/NOx,2025-01-03 17:00:00+01:00,2.5727994
2025,CO2/CO/NOx,2025-01-03 18:00:00+01:00,2.5660112
2025,CO2/CO/NOx,2025-01-03 19:00:00+01:00,2.545646
2025,CO2/CO/NOx,2025-01-03 20:00:00+01:00,2.5388577
2025,CO2/CO/NOx,2025-01-03 21:00:00+01:00,2.5184925
2025,CO2/CO/NOx,2025-01-03 22:00:00+01:00,2.511704
2025,CO2/CO/NOx,2025-01-03 23:00:00+01:00,2.5049157
2025,CO2/CO/NOx,2025-01-04 00:00:00+01:00,2.5999532
2025,CO2/CO/NOx,2025-01-04 01:00:00+01:00,2.61353
2025,CO2/CO/NOx,2025-01-04 02:00:00+01:00,2.5999532
2025,CO2/CO/NOx,2025-01-04 03:00:00+01:00,2.6067414
2025,CO2/CO/NOx,2025-01-04 04:00:00+01:00,2.579588
2025,CO2/CO/NOx,2025-01-04 05:00:00+01:00,2.5931647
2025,CO2/CO/NOx,2025-01-04 06:00:00+01:00,2.5999532
2025,CO2/CO/NOx,2025-01-04 07:00:00+01:00,2.5931647
2025,CO2/CO/NOx,2025-01-04 08:00:00+01:00,2.5999532
2025,CO2/CO/NOx,2025-01-04 09:00:00+01:00,2.5931647
2025,CO2/CO/NOx,2025-01-04 10:00:00+01:00,2.61353
2025,CO2/CO/NOx,2025-01-04 11:00:00+01:00,2.5999532
2025,CO2/CO/NOx,2025-01-04 12:00:00+01:00,2.579588
2025,CO2/CO/NOx,2025-01-04 13:00:00+01:00,2.4709737
2025,CO2/CO/NOx,2025-01-04 14:00:00+01:00,2.457397
2025,CO2/CO/NOx,2025-01-04 15:00:00+01:00,2.5252807
2025,CO2/CO/NOx,2025-01-04 16:00:00+01:00,2.5931647
2025,CO2/CO/NOx,2025-01-04 17:00:00+01:00,2.5999532
2025,CO2/CO/NOx,2025-01-04 18:00:00+01:00,2.6067414
2025,CO2/CO/NOx,2025-01-04 19:00:00+01:00,2.6067414
2025,CO2/CO/NOx,2025-01-04 20:00:00+01:00,2.5931647
2025,CO2/CO/NOx,2025-01-04 21:00:00+01:00,2.5931647
2025,CO2/CO/NOx,2025-01-04 22:00:00+01:00,2.5863764
2025,CO2/CO/NOx,2025-01-04 23:00:00+01:00,2.5524344
2025,CO2/CO/NOx,2025-01-05 00:00:00+01:00,2.5320692
2025,CO2/CO/NOx,2025-01-05 01:00:00+01:00,2.5524344
2025,CO2/CO/NOx,2025-01-05 02:00:00+01:00,2.5252807
2025,CO2/CO/NOx,2025-01-05 03:00:00+01:00,2.511704
2025,CO2/CO/NOx,2025-01-05 04:00:00+01:00,2.5184925
2025,CO2/CO/NOx,2025-01-05 05:00:00+01:00,2.5388577
2025,CO2/CO/NOx,2025-01-05 06:00:00+01:00,2.5388577
2025,CO2/CO/NOx,2025-01-05 07:00:00+01:00,2.5592227
2025,CO2/CO/NOx,2025-01-05 08:00:00+01:00,2.5592227
2025,CO2/CO/NOx,2025-01-05 09:00:00+01:00,2.5524344
2025,CO2/CO/NOx,2025-01-05 10:00:00+01:00,2.5388577
2025,CO2/CO/NOx,2025-01-05 11:00:00+01:00,2.4302433
2025,CO2/CO/NOx,2025-01-05 12:00:00+01:00,2.3827245
2025,CO2/CO/NOx,2025-01-05 13:00:00+01:00,2.3691478
2025,CO2/CO/NOx,2025-01-05 14:00:00+01:00,2.3623595
2025,CO2/CO/NOx,2025-01-05 15:00:00+01:00,2.1926498
2025,CO2/CO/NOx,2025-01-05 16:00:00+01:00,2.0772471
2025,CO2/CO/NOx,2025-01-05 17:00:00+01:00,2.1044006
2025,CO2/CO/NOx,2025-01-05 18:00:00+01:00,2.2401686
2025,CO2/CO/NOx,2025-01-05 19:00:00+01:00,2.2062266
2025,CO2/CO/NOx,2025-01-05 20:00:00+01:00,2.090824
2025,CO2/CO/NOx,2025-01-05 21:00:00+01:00,1.9279026
2025,CO2/CO/NOx,2025-01-05 22:00:00+01:00,2.090824
2025,CO2/CO/NOx,2025-01-05 23:00:00+01:00,1.778558
2025,CO2/CO/NOx,2025-01-06 00:00:00+01:00,0.7331461
2025,CO2/CO/NOx,2025-01-06 01:00:00+01:00,0.5634363
2025,CO2/CO/NOx,2025-01-06 02:00:00+01:00,0.61095506
2025,CO2/CO/NOx,2025-01-06 03:00:00+01:00,0.46161047
2025,CO2/CO/NOx,2025-01-06 04:00:00+01:00,0.4548221
2025,CO2/CO/NOx,2025-01-06 05:00:00+01:00,0.46839887
2025,CO2/CO/NOx,2025-01-06 06:00:00+01:00,0.46839887
2025,CO2/CO/NOx,2025-01-06 07:00:00+01:00,0.44124532
2025,CO2/CO/NOx,2025-01-06 08:00:00+01:00,0.49555242
2025,CO2/CO/NOx,2025-01-06 09:00:00+01:00,0.42088014
2025,CO2/CO/NOx,2025-01-06 10:00:00+01:00,0.40051496
2025,CO2/CO/NOx,2025-01-06 11:00:00+01:00,0.40051496
2025,CO2/CO/NOx,2025-01-06 12:00:00+01:00,0.40051496
2025,CO2/CO/NOx,2025-01-06 13:00:00+01:00,0.3937266
2025,CO2/CO/NOx,2025-01-06 14:00:00+01:00,0.38693818
2025,CO2/CO/NOx,2025-01-06 15:00:00+01:00,0.3937266
2025,CO2/CO/NOx,2025-01-06 16:00:00+01:00,0.42088014
2025,CO2/CO/NOx,2025-01-06 17:00:00+01:00,0.72635764
2025,CO2/CO/NOx,2025-01-06 18:00:00+01:00,1.1132958
2025,CO2/CO/NOx,2025-01-06 19:00:00+01:00,2.090824
2025,CO2/CO/NOx,2025-01-06 20:00:00+01:00,2.3623595
2025,CO2/CO/NOx,2025-01-06 21:00:00+01:00,2.3284175
2025,CO2/CO/NOx,2025-01-06 22:00:00+01:00,1.3712547
2025,CO2/CO/NOx,2025-01-06 23:00:00+01:00,0.7535112
2025,CO2/CO/NOx,2025-01-07 00:00:00+01:00,0.48197564
2025,CO2/CO/NOx,2025-01-07 01:00:00+01:00,0.3801498
2025,CO2/CO/NOx,2025-01-07 02:00:00+01:00,0.38693818
2025,CO2/CO/NOx,2025-01-07 03:00:00+01:00,0.38693818
2025,CO2/CO/NOx,2025-01-07 04:00:00+01:00,0.38693818
2025,CO2/CO/NOx,2025-01-07 05:00:00+01:00,0.38693818
2025,CO2/CO/NOx,2025-01-07 06:00:00+01:00,0.68562734
2025,CO2/CO/NOx,2025-01-07 07:00:00+01:00,1.6156367
2025,CO2/CO/NOx,2025-01-07 08:00:00+01:00,2.3080523
2025,CO2/CO/NOx,2025-01-07 09:00:00+01:00,2.423455
2025,CO2/CO/NOx,2025-01-07 10:00:00+01:00,2.4166665
2025,CO2/CO/NOx,2025-01-07 11:00:00+01:00,2.4098783
2025,CO2/CO/NOx,2025-01-07 12:00:00+01:00,2.4030898
2025,CO2/CO/NOx,2025-01-07 13:00:00+01:00,2.3827245
2025,CO2/CO/NOx,2025-01-07 14:00:00+01:00,2.423455
2025,CO2/CO/NOx,2025-01-07 15:00:00+01:00,2.491339
2025,CO2/CO/NOx,2025-01-07 16:00:00+01:00,2.457397
2025,CO2/CO/NOx,2025-01-07 17:00:00+01:00,2.4709737
2025,CO2/CO/NOx,2025-01-07 18:00:00+01:00,2.5252807
2025,CO2/CO/NOx,2025-01-07 19:00:00+01:00,2.5184925
2025,CO2/CO/NOx,2025-01-07 20:00:00+01:00,2.4981272
2025,CO2/CO/NOx,2025-01-07 21:00:00+01:00,2.5252807
2025,CO2/CO/NOx,2025-01-07 22:00:00+01:00,2.4845505
2025,CO2/CO/NOx,2025-01-07 23:00:00+01:00,2.0636704
2025,CO2/CO/NOx,2025-01-08 00:00:00+01:00,2.1926498
2025,CO2/CO/NOx,2025-01-08 01:00:00+01:00,2.4302433
2025,CO2/CO/NOx,2025-01-08 02:00:00+01:00,2.4302433
2025,CO2/CO/NOx,2025-01-08 03:00:00+01:00,1.9754213
2025,CO2/CO/NOx,2025-01-08 04:00:00+01:00,1.6292135
2025,CO2/CO/NOx,2025-01-08 05:00:00+01:00,1.8125
2025,CO2/CO/NOx,2025-01-08 06:00:00+01:00,2.3080523
2025,CO2/CO/NOx,2025-01-08 07:00:00+01:00,2.4370317
2025,CO2/CO/NOx,2025-01-08 08:00:00+01:00,2.4981272
2025,CO2/CO/NOx,2025-01-08 09:00:00+01:00,2.5388577
2025,CO2/CO/NOx,2025-01-08 10:00:00+01:00,2.5660112
2025,CO2/CO/NOx,2025-01-08 11:00:00+01:00,2.5660112
2025,CO2/CO/NOx,2025-01-08 12:00:00+01:00,2.5252807
2025,CO2/CO/NOx,2025-01-08 13:00:00+01:00,2.4709737
2025,CO2/CO/NOx,2025-01-08 14:00:00+01:00,2.4641852
2025,CO2/CO/NOx,2025-01-08 15:00:00+01:00,2.4981272
2025,CO2/CO/NOx,2025-01-08 16:00:00+01:00,2.4845505
2025,CO2/CO/NOx,2025-01-08 17:00:00+01:00,2.4506085
2025,CO2/CO/NOx,2025-01-08 18:00:00+01:00,2.4302433
2025,CO2/CO/NOx,2025-01-08 19:00:00+01:00,2.4302433
2025,CO2/CO/NOx,2025-01-08 20:00:00+01:00,2.4098783
2025,CO2/CO/NOx,2025-01-08 21:00:00+01:00,2.4030898
2025,CO2/CO/NOx,2025-01-08 22:00:00+01:00,2.389513
2025,CO2/CO/NOx,2025-01-08 23:00:00+01:00,1.8057115
2025,CO2/CO/NOx,2025-01-09 00:00:00+01:00,1.3508894
2025,CO2/CO/NOx,2025-01-09 01:00:00+01:00,1.0589887
2025,CO2/CO/NOx,2025-01-09 02:00:00+01:00,1.0522003
2025,CO2/CO/NOx,2025-01-09 03:00:00+01:00,1.0522003
2025,CO2/CO/NOx,2025-01-09 04:00:00+01:00,1.2354869
2025,CO2/CO/NOx,2025-01-09 05:00:00+01:00,2.090824
2025,CO2/CO/NOx,2025-01-09 06:00:00+01:00,2.423455
2025,CO2/CO/NOx,2025-01-09 07:00:00+01:00,2.4370317
2025,CO2/CO/NOx,2025-01-09 08:00:00+01:00,2.4506085
2025,CO2/CO/NOx,2025-01-09 09:00:00+01:00,2.4506085
2025,CO2/CO/NOx,2025-01-09 10:00:00+01:00,2.389513
2025,CO2/CO/NOx,2025-01-09 11:00:00+01:00,2.3623595
2025,CO2/CO/NOx,2025-01-09 12:00:00+01:00,2.3148408
2025,CO2/CO/NOx,2025-01-09 13:00:00+01:00,2.2741103
2025,CO2/CO/NOx,2025-01-09 14:00:00+01:00,2.3284175
2025,CO2/CO/NOx,2025-01-09 15:00:00+01:00,2.3148408
2025,CO2/CO/NOx,2025-01-09 16:00:00+01:00,2.1044006
2025,CO2/CO/NOx,2025-01-09 17:00:00+01:00,1.3305243
2025,CO2/CO/NOx,2025-01-09 18:00:00+01:00,1.2151216
2025,CO2/CO/NOx,2025-01-09 19:00:00+01:00,1.2965823
2025,CO2/CO/NOx,2025-01-09 20:00:00+01:00,1.3373127
2025,CO2/CO/NOx,2025-01-09 21:00:00+01:00,1.2965823
2025,CO2/CO/NOx,2025-01-09 22:00:00+01:00,1.2694288
2025,CO2/CO/NOx,2025-01-09 23:00:00+01:00,1.2626404
2025,CO2/CO/NOx,2025-01-10 00:00:00+01:00,1.2626404
2025,CO2/CO/NOx,2025-01-10 01:00:00+01:00,1.3033707
2025,CO2/CO/NOx,2025-01-10 02:00:00+01:00,1.3169476
2025,CO2/CO/NOx,2025-01-10 03:00:00+01:00,1.3101591
2025,CO2/CO/NOx,2025-01-10 04:00:00+01:00,1.3101591
2025,CO2/CO/NOx,2025-01-10 05:00:00+01:00,1.323736
2025,CO2/CO/NOx,2025-01-10 06:00:00+01:00,1.3441011
2025,CO2/CO/NOx,2025-01-10 07:00:00+01:00,1.3508894
2025,CO2/CO/NOx,2025-01-10 08:00:00+01:00,1.3508894
2025,CO2/CO/NOx,2025-01-10 09:00:00+01:00,1.3441011
2025,CO2/CO/NOx,2025-01-10 10:00:00+01:00,1.3441011
2025,CO2/CO/NOx,2025-01-10 11:00:00+01:00,1.3441011
2025,CO2/CO/NOx,2025-01-10 12:00:00+01:00,1.3441011
2025,CO2/CO/NOx,2025-01-10 13:00:00+01:00,1.323736
2025,CO2/CO/NOx,2025-01-10 14:00:00+01:00,1.3305243
2025,CO2/CO/NOx,2025-01-10 15:00:00+01:00,2.165496
2025,CO2/CO/NOx,2025-01-10 16:00:00+01:00,2.5524344
2025,CO2/CO/NOx,2025-01-10 17:00:00+01:00,2.579588
2025,CO2/CO/NOx,2025-01-10 18:00:00+01:00,2.3080523
2025,CO2/CO/NOx,2025-01-10 19:00:00+01:00,2.2198033
2025,CO2/CO/NOx,2025-01-10 20:00:00+01:00,2.457397
2025,CO2/CO/NOx,2025-01-10 21:00:00+01:00,2.4641852
2025,CO2/CO/NOx,2025-01-10 22:00:00+01:00,2.423455
2025,CO2/CO/NOx,2025-01-10 23:00:00+01:00,2.4438202
2025,CO2/CO/NOx,2025-01-11 00:00:00+01:00,2.3419943
2025,CO2/CO/NOx,2025-01-11 01:00:00+01:00,2.267322
2025,CO2/CO/NOx,2025-01-11 02:00:00+01:00,2.2605336
2025,CO2/CO/NOx,2025-01-11 03:00:00+01:00,2.2537453
2025,CO2/CO/NOx,2025-01-11 04:00:00+01:00,2.3148408
2025,CO2/CO/NOx,2025-01-11 05:00:00+01:00,2.457397
2025,CO2/CO/NOx,2025-01-11 06:00:00+01:00,2.4981272
2025,CO2/CO/NOx,2025-01-11 07:00:00+01:00,2.5049157
2025,CO2/CO/NOx,2025-01-11 08:00:00+01:00,2.477762
2025,CO2/CO/NOx,2025-01-11 09:00:00+01:00,2.477762
2025,CO2/CO/NOx,2025-01-11 10:00:00+01:00,2.4709737
2025,CO2/CO/NOx,2025-01-11 11:00:00+01:00,2.477762
2025,CO2/CO/NOx,2025-01-11 12:00:00+01:00,2.491339
2025,CO2/CO/NOx,2025-01-11 13:00:00+01:00,2.579588
2025,CO2/CO/NOx,2025-01-11 14:00:00+01:00,2.5999532
2025,CO2/CO/NOx,2025-01-11 15:00:00+01:00,2.545646
2025,CO2/CO/NOx,2025-01-11 16:00:00+01:00,2.5184925
2025,CO2/CO/NOx,2025-01-11 17:00:00+01:00,2.5252807
2025,CO2/CO/NOx,2025-01-11 18:00:00+01:00,2.5320692
2025,CO2/CO/NOx,2025-01-11 19:00:00+01:00,2.545646
2025,CO2/CO/NOx,2025-01-11 20:00:00+01:00,2.545646
2025,CO2/CO/NOx,2025-01-11 21:00:00+01:00,2.4845505
2025,CO2/CO/NOx,2025-01-11 22:00:00+01:00,2.4438202
2025,CO2/CO/NOx,2025-01-11 23:00:00+01:00,2.4166665
2025,CO2/CO/NOx,2025-01-12 00:00:00+01:00,2.4166665
2025,CO2/CO/NOx,2025-01-12 01:00:00+01:00,2.3691478
2025,CO2/CO/NOx,2025-01-12 02:00:00+01:00,2.3080523
2025,CO2/CO/NOx,2025-01-12 03:00:00+01:00,2.3759363
2025,CO2/CO/NOx,2025-01-12 04:00:00+01:00,2.511704
2025,CO2/CO/NOx,2025-01-12 05:00:00+01:00,2.5320692
2025,CO2/CO/NOx,2025-01-12 06:00:00+01:00,2.5524344
2025,CO2/CO/NOx,2025-01-12 07:00:00+01:00,2.6067414
2025,CO2/CO/NOx,2025-01-12 08:00:00+01:00,2.6271067
2025,CO2/CO/NOx,2025-01-12 09:00:00+01:00,2.647472
2025,CO2/CO/NOx,2025-01-12 10:00:00+01:00,2.6406834
2025,CO2/CO/NOx,2025-01-12 11:00:00+01:00,2.6610487
2025,CO2/CO/NOx,2025-01-12 12:00:00+01:00,2.6338952
2025,CO2/CO/NOx,2025-01-12 13:00:00+01:00,2.6271067
2025,CO2/CO/NOx,2025-01-12 14:00:00+01:00,2.6067414
2025,CO2/CO/NOx,2025-01-12 15:00:00+01:00,2.5863764
2025,CO2/CO/NOx,2025-01-12 16:00:00+01:00,2.6203182
2025,CO2/CO/NOx,2025-01-12 17:00:00+01:00,2.6542602
2025,CO2/CO/NOx,2025-01-12 18:00:00+01:00,2.6203182
2025,CO2/CO/NOx,2025-01-12 19:00:00+01:00,2.61353
2025,CO2/CO/NOx,2025-01-12 20:00:00+01:00,2.6203182
2025,CO2/CO/NOx,2025-01-12 21:00:00+01:00,2.61353
2025,CO2/CO/NOx,2025-01-12 22:00:00+01:00,2.6067414
2025,CO2/CO/NOx,2025-01-12 23:00:00+01:00,2.545646
2025,CO2/CO/NOx,2025-01-13 00:00:00+01:00,2.545646
2025,CO2/CO/NOx,2025-01-13 01:00:00+01:00,2.457397
2025,CO2/CO/NOx,2025-01-13 02:00:00+01:00,2.4506085
2025,CO2/CO/NOx,2025-01-13 03:00:00+01:00,2.4845505
2025,CO2/CO/NOx,2025-01-13 04:00:00+01:00,2.5184925
2025,CO2/CO/NOx,2025-01-13 05:00:00+01:00,2.5999532
2025,CO2/CO/NOx,2025-01-13 06:00:00+01:00,2.647472
2025,CO2/CO/NOx,2025-01-13 07:00:00+01:00,2.6746254
2025,CO2/CO/NOx,2025-01-13 08:00:00+01:00,2.6542602
2025,CO2/CO/NOx,2025-01-13 09:00:00+01:00,2.667837
2025,CO2/CO/NOx,2025-01-13 10:00:00+01:00,2.6610487
2025,CO2/CO/NOx,2025-01-13 11:00:00+01:00,2.6542602
2025,CO2/CO/NOx,2025-01-13 12:00:00+01:00,2.6542602
2025,CO2/CO/NOx,2025-01-13 13:00:00+01:00,2.6542602
2025,CO2/CO/NOx,2025-01-13 14:00:00+01:00,2.6610487
2025,CO2/CO/NOx,2025-01-13 15:00:00+01:00,2.6746254
2025,CO2/CO/NOx,2025-01-13 16:00:00+01:00,2.681414
2025,CO2/CO/NOx,2025-01-13 17:00:00+01:00,2.701779
2025,CO2/CO/NOx,2025-01-13 18:00:00+01:00,2.701779
2025,CO2/CO/NOx,2025-01-13 19:00:00+01:00,2.6949906
2025,CO2/CO/NOx,2025-01-13 20:00:00+01:00,2.7085674
2025,CO2/CO/NOx,2025-01-13 21:00:00+01:00,2.701779
2025,CO2/CO/NOx,2025-01-13 22:00:00+01:00,2.6610487
2025,CO2/CO/NOx,2025-01-13 23:00:00+01:00,2.6406834
2025,CO2/CO/NOx,2025-01-14 00:00:00+01:00,2.647472
2025,CO2/CO/NOx,2025-01-14 01:00:00+01:00,2.647472
2025,CO2/CO/NOx,2025-01-14 02:00:00+01:00,2.6406834
2025,CO2/CO/NOx,2025-01-14 03:00:00+01:00,2.6406834
2025,CO2/CO/NOx,2025-01-14 04:00:00+01:00,2.6610487
2025,CO2/CO/NOx,2025-01-14 05:00:00+01:00,2.6949906
2025,CO2/CO/NOx,2025-01-14 06:00:00+01:00,2.6949906
2025,CO2/CO/NOx,2025-01-14 07:00:00+01:00,2.6949906
2025,CO2/CO/NOx,2025-01-14 08:00:00+01:00,2.7085674
2025,CO2/CO/NOx,2025-01-14 09:00:00+01:00,2.7153556
2025,CO2/CO/NOx,2025-01-14 10:00:00+01:00,2.7153556
2025,CO2/CO/NOx,2025-01-14 11:00:00+01:00,2.681414
2025,CO2/CO/NOx,2025-01-14 12:00:00+01:00,2.667837
2025,CO2/CO/NOx,2025-01-14 13:00:00+01:00,2.6542602
2025,CO2/CO/NOx,2025-01-14 14:00:00+01:00,2.6610487
2025,CO2/CO/NOx,2025-01-14 15:00:00+01:00,2.6542602
2025,CO2/CO/NOx,2025-01-14 16:00:00+01:00,2.667837
2025,CO2/CO/NOx,2025-01-14 17:00:00+01:00,2.6746254
2025,CO2/CO/NOx,2025-01-14 18:00:00+01:00,2.6610487
2025,CO2/CO/NOx,2025-01-14 19:00:00+01:00,2.6610487
2025,CO2/CO/NOx,2025-01-14 20:00:00+01:00,2.6542602
2025,CO2/CO/NOx,2025-01-14 21:00:00+01:00,2.5863764
2025,CO2/CO/NOx,2025-01-14 22:00:00+01:00,2.5727994
2025,CO2/CO/NOx,2025-01-14 23:00:00+01:00,2.6203182
2025,CO2/CO/NOx,2025-01-15 00:00:00+01:00,2.6338952
2025,CO2/CO/NOx,2025-01-15 01:00:00+01:00,2.667837
2025,CO2/CO/NOx,2025-01-15 02:00:00+01:00,2.6542602
2025,CO2/CO/NOx,2025-01-15 03:00:00+01:00,2.647472
2025,CO2/CO/NOx,2025-01-15 04:00:00+01:00,2.6203182
2025,CO2/CO/NOx,2025-01-15 05:00:00+01:00,2.6338952
2025,CO2/CO/NOx,2025-01-15 06:00:00+01:00,2.667837
2025,CO2/CO/NOx,2025-01-15 07:00:00+01:00,2.681414
2025,CO2/CO/NOx,2025-01-15 08:00:00+01:00,2.6338952
2025,CO2/CO/NOx,2025-01-15 09:00:00+01:00,2.6203182
2025,CO2/CO/NOx,2025-01-15 10:00:00+01:00,2.6203182
2025,CO2/CO/NOx,2025-01-15 11:00:00+01:00,2.6406834
2025,CO2/CO/NOx,2025-01-15 12:00:00+01:00,2.6746254
2025,CO2/CO/NOx,2025-01-15 13:00:00+01:00,2.701779
2025,CO2/CO/NOx,2025-01-15 14:00:00+01:00,2.701779
2025,CO2/CO/NOx,2025-01-15 15:00:00+01:00,2.7085674
2025,CO2/CO/NOx,2025-01-15 16:00:00+01:00,2.701779
2025,CO2/CO/NOx,2025-01-15 17:00:00+01:00,2.7085674
2025,CO2/CO/NOx,2025-01-15 18:00:00+01:00,2.7085674
2025,CO2/CO/NOx,2025-01-15 19:00:00+01:00,2.701779
2025,CO2/CO/NOx,2025-01-15 20:00:00+01:00,2.647472
2025,CO2/CO/NOx,2025-01-15 21:00:00+01:00,2.6271067
2025,CO2/CO/NOx,2025-01-15 22:00:00+01:00,2.5999532
2025,CO2/CO/NOx,2025-01-15 23:00:00+01:00,2.5931647
2025,CO2/CO/NOx,2025-01-16 00:00:00+01:00,2.5863764
2025,CO2/CO/NOx,2025-01-16 01:00:00+01:00,2.5524344
2025,CO2/CO/NOx,2025-01-16 02:00:00+01:00,2.5660112
2025,CO2/CO/NOx,2025-01-16 03:00:00+01:00,2.5660112
2025,CO2/CO/NOx,2025-01-16 04:00:00+01:00,2.5727994
2025,CO2/CO/NOx,2025-01-16 05:00:00+01:00,2.6203182
2025,CO2/CO/NOx,2025-01-16 06:00:00+01:00,2.6338952
2025,CO2/CO/NOx,2025-01-16 07:00:00+01:00,2.6746254
2025,CO2/CO/NOx,2025-01-16 08:00:00+01:00,2.647472
2025,CO2/CO/NOx,2025-01-16 09:00:00+01:00,2.667837
2025,CO2/CO/NOx,2025-01-16 10:00:00+01:00,2.6882021
2025,CO2/CO/NOx,2025-01-16 11:00:00+01:00,2.681414
2025,CO2/CO/NOx,2025-01-16 12:00:00+01:00,2.7085674
2025,CO2/CO/NOx,2025-01-16 13:00:00+01:00,2.6949906
2025,CO2/CO/NOx,2025-01-16 14:00:00+01:00,2.6882021
2025,CO2/CO/NOx,2025-01-16 15:00:00+01:00,2.701779
2025,CO2/CO/NOx,2025-01-16 16:00:00+01:00,2.6203182
2025,CO2/CO/NOx,2025-01-16 17:00:00+01:00,2.61353
2025,CO2/CO/NOx,2025-01-16 18:00:00+01:00,2.5863764
2025,CO2/CO/NOx,2025-01-16 19:00:00+01:00,2.5524344
2025,CO2/CO/NOx,2025-01-16 20:00:00+01:00,2.5999532
2025,CO2/CO/NOx,2025-01-16 21:00:00+01:00,2.579588
2025,CO2/CO/NOx,2025-01-16 22:00:00+01:00,2.5660112
2025,CO2/CO/NOx,2025-01-16 23:00:00+01:00,2.5320692
2025,CO2/CO/NOx,2025-01-17 00:00:00+01:00,2.5320692
2025,CO2/CO/NOx,2025-01-17 01:00:00+01:00,2.545646
2025,CO2/CO/NOx,2025-01-17 02:00:00+01:00,2.545646
2025,CO2/CO/NOx,2025-01-17 03:00:00+01:00,2.5592227
2025,CO2/CO/NOx,2025-01-17 04:00:00+01:00,2.5660112
2025,CO2/CO/NOx,2025-01-17 05:00:00+01:00,2.6067414
2025,CO2/CO/NOx,2025-01-17 06:00:00+01:00,2.61353
2025,CO2/CO/NOx,2025-01-17 07:00:00+01:00,2.6067414
2025,CO2/CO/NOx,2025-01-17 08:00:00+01:00,2.61353
2025,CO2/CO/NOx,2025-01-17 09:00:00+01:00,2.6067414
2025,CO2/CO/NOx,2025-01-17 10:00:00+01:00,2.61353
2025,CO2/CO/NOx,2025-01-17 11:00:00+01:00,2.5999532
2025,CO2/CO/NOx,2025-01-17 12:00:00+01:00,2.5863764
2025,CO2/CO/NOx,2025-01-17 13:00:00+01:00,2.5863764
2025,CO2/CO/NOx,2025-01-17 14:00:00+01:00,2.61353
2025,CO2/CO/NOx,2025-01-17 15:00:00+01:00,2.6406834
2025,CO2/CO/NOx,2025-01-17 16:00:00+01:00,2.647472
2025,CO2/CO/NOx,2025-01-17 17:00:00+01:00,2.6406834
2025,CO2/CO/NOx,2025-01-17 18:00:00+01:00,2.6271067
2025,CO2/CO/NOx,2025-01-17 19:00:00+01:00,2.6271067
2025,CO2/CO/NOx,2025-01-17 20:00:00+01:00,2.6271067
2025,CO2/CO/NOx,2025-01-17 21:00:00+01:00,2.6271067
2025,CO2/CO/NOx,2025-01-17 22:00:00+01:00,2.5931647
2025,CO2/CO/NOx,2025-01-17 23:00:00+01:00,2.5727994
2025,CO2/CO/NOx,2025-01-18 00:00:00+01:00,2.5184925
2025,CO2/CO/NOx,2025-01-18 01:00:00+01:00,2.5252807
2025,CO2/CO/NOx,2025-01-18 02:00:00+01:00,2.5184925
2025,CO2/CO/NOx,2025-01-18 03:00:00+01:00,2.5184925
2025,CO2/CO/NOx,2025-01-18 04:00:00+01:00,2.5524344
2025,CO2/CO/NOx,2025-01-18 05:00:00+01:00,2.6067414
2025,CO2/CO/NOx,2025-01-18 06:00:00+01:00,2.6067414
2025,CO2/CO/NOx,2025-01-18 07:00:00+01:00,2.61353
2025,CO2/CO/NOx,2025-01-18 08:00:00+01:00,2.61353
2025,CO2/CO/NOx,2025-01-18 09:00:00+01:00,2.6271067
2025,CO2/CO/NOx,2025-01-18 10:00:00+01:00,2.6338952
2025,CO2/CO/NOx,2025-01-18 11:00:00+01:00,2.6271067
2025,CO2/CO/NOx,2025-01-18 12:00:00+01:00,2.6746254
2025,CO2/CO/NOx,2025-01-18 13:00:00+01:00,2.6610487
2025,CO2/CO/NOx,2025-01-18 14:00:00+01:00,2.6542602
2025,CO2/CO/NOx,2025-01-18 15:00:00+01:00,2.667837
2025,CO2/CO/NOx,2025-01-18 16:00:00+01:00,2.6949906
2025,CO2/CO/NOx,2025-01-18 17:00:00+01:00,2.6610487
2025,CO2/CO/NOx,2025-01-18 18:00:00+01:00,2.6542602
2025,CO2/CO/NOx,2025-01-18 19:00:00+01:00,2.6338952
2025,CO2/CO/NOx,2025-01-18 20:00:00+01:00,2.6338952
2025,CO2/CO/NOx,2025-01-18 21:00:00+01:00,2.6271067
2025,CO2/CO/NOx,2025-01-18 22:00:00+01:00,2.5999532
2025,CO2/CO/NOx,2025-01-18 23:00:00+01:00,2.5863764
2025,CO2/CO/NOx,2025-01-19 00:00:00+01:00,2.5524344
2025,CO2/CO/NOx,2025-01-19 01:00:00+01:00,2.5388577
2025,CO2/CO/NOx,2025-01-19 02:00:00+01:00,2.5320692
2025,CO2/CO/NOx,2025-01-19 03:00:00+01:00,2.5320692
2025,CO2/CO/NOx,2025-01-19 04:00:00+01:00,2.5320692
2025,CO2/CO/NOx,2025-01-19 05:00:00+01:00,2.5388577
2025,CO2/CO/NOx,2025-01-19 06:00:00+01:00,2.5252807
2025,CO2/CO/NOx,2025-01-19 07:00:00+01:00,2.5184925
2025,CO2/CO/NOx,2025-01-19 08:00:00+01:00,2.5320692
2025,CO2/CO/NOx,2025-01-19 09:00:00+01:00,2.5252807
2025,CO2/CO/NOx,2025-01-19 10:00:00+01:00,2.5184925
2025,CO2/CO/NOx,2025-01-19 11:00:00+01:00,2.5320692
2025,CO2/CO/NOx,2025-01-19 12:00:00+01:00,2.5252807
2025,CO2/CO/NOx,2025-01-19 13:00:00+01:00,2.511704
2025,CO2/CO/NOx,2025-01-19 14:00:00+01:00,2.511704
2025,CO2/CO/NOx,2025-01-19 15:00:00+01:00,2.5184925
2025,CO2/CO/NOx,2025-01-19 16:00:00+01:00,2.5252807
2025,CO2/CO/NOx,2025-01-19 17:00:00+01:00,2.5524344
2025,CO2/CO/NOx,2025-01-19 18:00:00+01:00,2.545646
2025,CO2/CO/NOx,2025-01-19 19:00:00+01:00,2.5388577
2025,CO2/CO/NOx,2025-01-19 20:00:00+01:00,2.5592227
2025,CO2/CO/NOx,2025-01-19 21:00:00+01:00,2.5524344
2025,CO2/CO/NOx,2025-01-19 22:00:00+01:00,2.5252807
2025,CO2/CO/NOx,2025-01-19 23:00:00+01:00,2.511704
2025,CO2/CO/NOx,2025-01-20 00:00:00+01:00,2.491339
2025,CO2/CO/NOx,2025-01-20 01:00:00+01:00,2.4845505
2025,CO2/CO/NOx,2025-01-20 02:00:00+01:00,2.4845505
2025,CO2/CO/NOx,2025-01-20 03:00:00+01:00,2.491339
2025,CO2/CO/NOx,2025-01-20 04:00:00+01:00,2.491339
2025,CO2/CO/NOx,2025-01-20 05:00:00+01:00,2.5320692
2025,CO2/CO/NOx,2025-01-20 06:00:00+01:00,2.5592227
2025,CO2/CO/NOx,2025-01-20 07:00:00+01:00,2.5727994
2025,CO2/CO/NOx,2025-01-20 08:00:00+01:00,2.5592227
2025,CO2/CO/NOx,2025-01-20 09:00:00+01:00,2.5660112
2025,CO2/CO/NOx,2025-01-20 10:00:00+01:00,2.5524344
2025,CO2/CO/NOx,2025-01-20 11:00:00+01:00,2.5388577
2025,CO2/CO/NOx,2025-01-20 12:00:00+01:00,2.5320692
2025,CO2/CO/NOx,2025-01-20 13:00:00+01:00,2.5320692
2025,CO2/CO/NOx,2025-01-20 14:00:00+01:00,2.5320692
2025,CO2/CO/NOx,2025-01-20 15:00:00+01:00,2.579588
2025,CO2/CO/NOx,2025-01-20 16:00:00+01:00,2.6271067
2025,CO2/CO/NOx,2025-01-20 17:00:00+01:00,2.6610487
2025,CO2/CO/NOx,2025-01-20 18:00:00+01:00,2.6338952
2025,CO2/CO/NOx,2025-01-20 19:00:00+01:00,2.5999532
2025,CO2/CO/NOx,2025-01-20 20:00:00+01:00,2.5727994
2025,CO2/CO/NOx,2025-01-20 21:00:00+01:00,2.5863764
2025,CO2/CO/NOx,2025-01-20 22:00:00+01:00,2.545646
2025,CO2/CO/NOx,2025-01-20 23:00:00+01:00,2.4709737
2025,CO2/CO/NOx,2025-01-21 00:00:00+01:00,2.4981272
2025,CO2/CO/NOx,2025-01-21 01:00:00+01:00,2.5727994
2025,CO2/CO/NOx,2025-01-21 02:00:00+01:00,2.5727994
2025,CO2/CO/NOx,2025-01-21 03:00:00+01:00,2.5931647
2025,CO2/CO/NOx,2025-01-21 04:00:00+01:00,2.5999532
2025,CO2/CO/NOx,2025-01-21 05:00:00+01:00,2.579588
2025,CO2/CO/NOx,2025-01-21 06:00:00+01:00,2.5999532
2025,CO2/CO/NOx,2025-01-21 07:00:00+01:00,2.6271067
2025,CO2/CO/NOx,2025-01-21 08:00:00+01:00,2.6542602
2025,CO2/CO/NOx,2025-01-21 09:00:00+01:00,2.6338952
2025,CO2/CO/NOx,2025-01-21 10:00:00+01:00,2.6542602
2025,CO2/CO/NOx,2025-01-21 11:00:00+01:00,2.667837
2025,CO2/CO/NOx,2025-01-21 12:00:00+01:00,2.6610487
2025,CO2/CO/NOx,2025-01-21 13:00:00+01:00,2.6406834
2025,CO2/CO/NOx,2025-01-21 14:00:00+01:00,2.6203182
2025,CO2/CO/NOx,2025-01-21 15:00:00+01:00,2.6203182
2025,CO2/CO/NOx,2025-01-21 16:00:00+01:00,2.6271067
2025,CO2/CO/NOx,2025-01-21 17:00:00+01:00,2.6203182
2025,CO2/CO/NOx,2025-01-21 18:00:00+01:00,2.5931647
2025,CO2/CO/NOx,2025-01-21 19:00:00+01:00,2.5863764
2025,CO2/CO/NOx,2025-01-21 20:00:00+01:00,2.579588
2025,CO2/CO/NOx,2025-01-21 21:00:00+01:00,2.5524344
2025,CO2/CO/NOx,2025-01-21 22:00:00+01:00,2.5320692
2025,CO2/CO/NOx,2025-01-21 23:00:00+01:00,2.511704
2025,CO2/CO/NOx,2025-01-22 00:00:00+01:00,2.5049157
2025,CO2/CO/NOx,2025-01-22 01:00:00+01:00,2.5320692
2025,CO2/CO/NOx,2025-01-22 02:00:00+01:00,2.5320692
2025,CO2/CO/NOx,2025-01-22 03:00:00+01:00,2.5320692
2025,CO2/CO/NOx,2025-01-22 04:00:00+01:00,2.545646
2025,CO2/CO/NOx,2025-01-22 05:00:00+01:00,2.5863764
2025,CO2/CO/NOx,2025-01-22 06:00:00+01:00,2.6067414
2025,CO2/CO/NOx,2025-01-22 07:00:00+01:00,2.6338952
2025,CO2/CO/NOx,2025-01-22 08:00:00+01:00,2.6542602
2025,CO2/CO/NOx,2025-01-22 09:00:00+01:00,2.6338952
2025,CO2/CO/NOx,2025-01-22 10:00:00+01:00,2.6271067
2025,CO2/CO/NOx,2025-01-22 11:00:00+01:00,2.61353
2025,CO2/CO/NOx,2025-01-22 12:00:00+01:00,2.647472
2025,CO2/CO/NOx,2025-01-22 13:00:00+01:00,2.5999532
2025,CO2/CO/NOx,2025-01-22 14:00:00+01:00,2.5999532
2025,CO2/CO/NOx,2025-01-22 15:00:00+01:00,2.6067414
2025,CO2/CO/NOx,2025-01-22 16:00:00+01:00,2.5524344
2025,CO2/CO/NOx,2025-01-22 17:00:00+01:00,2.5660112
2025,CO2/CO/NOx,2025-01-22 18:00:00+01:00,2.5252807
2025,CO2/CO/NOx,2025-01-22 19:00:00+01:00,2.5184925
2025,CO2/CO/NOx,2025-01-22 20:00:00+01:00,2.5388577
2025,CO2/CO/NOx,2025-01-22 21:00:00+01:00,2.5252807
2025,CO2/CO/NOx,2025-01-22 22:00:00+01:00,2.491339
2025,CO2/CO/NOx,2025-01-22 23:00:00+01:00,2.4641852
2025,CO2/CO/NOx,2025-01-23 00:00:00+01:00,2.4981272
2025,CO2/CO/NOx,2025-01-23 01:00:00+01:00,2.4370317
2025,CO2/CO/NOx,2025-01-23 02:00:00+01:00,2.511704
2025,CO2/CO/NOx,2025-01-23 03:00:00+01:00,2.3827245
2025,CO2/CO/NOx,2025-01-23 04:00:00+01:00,2.4981272
2025,CO2/CO/NOx,2025-01-23 05:00:00+01:00,2.5592227
2025,CO2/CO/NOx,2025-01-23 06:00:00+01:00,2.5727994
2025,CO2/CO/NOx,2025-01-23 07:00:00+01:00,2.545646
2025,CO2/CO/NOx,2025-01-23 08:00:00+01:00,2.5931647
2025,CO2/CO/NOx,2025-01-23 09:00:00+01:00,2.5660112
2025,CO2/CO/NOx,2025-01-23 10:00:00+01:00,2.4845505
2025,CO2/CO/NOx,2025-01-23 11:00:00+01:00,2.4641852
2025,CO2/CO/NOx,2025-01-23 12:00:00+01:00,2.4709737
2025,CO2/CO/NOx,2025-01-23 13:00:00+01:00,2.5524344
2025,CO2/CO/NOx,2025-01-23 14:00:00+01:00,2.5592227
2025,CO2/CO/NOx,2025-01-23 15:00:00+01:00,2.5388577
2025,CO2/CO/NOx,2025-01-23 16:00:00+01:00,2.5388577
2025,CO2/CO/NOx,2025-01-23 17:00:00+01:00,2.5727994
2025,CO2/CO/NOx,2025-01-23 18:00:00+01:00,2.5931647
2025,CO2/CO/NOx,2025-01-23 19:00:00+01:00,2.5727994
2025,CO2/CO/NOx,2025-01-23 20:00:00+01:00,2.5388577
2025,CO2/CO/NOx,2025-01-23 21:00:00+01:00,2.5524344
2025,CO2/CO/NOx,2025-01-23 22:00:00+01:00,2.5524344
2025,CO2/CO/NOx,2025-01-23 23:00:00+01:00,2.5388577
2025,CO2/CO/NOx,2025-01-24 00:00:00+01:00,2.0772471
2025,CO2/CO/NOx,2025-01-24 01:00:00+01:00,1.500234
2025,CO2/CO/NOx,2025-01-24 02:00:00+01:00,1.3916198
2025,CO2/CO/NOx,2025-01-24 03:00:00+01:00,1.3848314
2025,CO2/CO/NOx,2025-01-24 04:00:00+01:00,1.3644662
2025,CO2/CO/NOx,2025-01-24 05:00:00+01:00,1.9754213
2025,CO2/CO/NOx,2025-01-24 06:00:00+01:00,2.4166665
2025,CO2/CO/NOx,2025-01-24 07:00:00+01:00,2.5660112
2025,CO2/CO/NOx,2025-01-24 08:00:00+01:00,2.6067414
2025,CO2/CO/NOx,2025-01-24 09:00:00+01:00,2.5592227
2025,CO2/CO/NOx,2025-01-24 10:00:00+01:00,2.3827245
2025,CO2/CO/NOx,2025-01-24 11:00:00+01:00,2.1111891
2025,CO2/CO/NOx,2025-01-24 12:00:00+01:00,1.7921348
2025,CO2/CO/NOx,2025-01-24 13:00:00+01:00,1.6088482
2025,CO2/CO/NOx,2025-01-24 14:00:00+01:00,1.5477527
2025,CO2/CO/NOx,2025-01-24 15:00:00+01:00,2.036517
2025,CO2/CO/NOx,2025-01-24 16:00:00+01:00,2.389513
2025,CO2/CO/NOx,2025-01-24 17:00:00+01:00,2.4709737
2025,CO2/CO/NOx,2025-01-24 18:00:00+01:00,2.090824
2025,CO2/CO/NOx,2025-01-24 19:00:00+01:00,1.3508894
2025,CO2/CO/NOx,2025-01-24 20:00:00+01:00,1.2762172
2025,CO2/CO/NOx,2025-01-24 21:00:00+01:00,1.2830056
2025,CO2/CO/NOx,2025-01-24 22:00:00+01:00,1.255852
2025,CO2/CO/NOx,2025-01-24 23:00:00+01:00,1.2151216
2025,CO2/CO/NOx,2025-01-25 00:00:00+01:00,1.1540262
2025,CO2/CO/NOx,2025-01-25 01:00:00+01:00,0.9978932
2025,CO2/CO/NOx,2025-01-25 02:00:00+01:00,0.9503745
2025,CO2/CO/NOx,2025-01-25 03:00:00+01:00,0.9503745
2025,CO2/CO/NOx,2025-01-25 04:00:00+01:00,0.9503745
2025,CO2/CO/NOx,2025-01-25 05:00:00+01:00,0.9503745
2025,CO2/CO/NOx,2025-01-25 06:00:00+01:00,0.9503745
2025,CO2/CO/NOx,2025-01-25 07:00:00+01:00,1.1200843
2025,CO2/CO/NOx,2025-01-25 08:00:00+01:00,1.2422752
2025,CO2/CO/NOx,2025-01-25 09:00:00+01:00,1.2151216
2025,CO2/CO/NOx,2025-01-25 10:00:00+01:00,1.2965823
2025,CO2/CO/NOx,2025-01-25 11:00:00+01:00,1.255852
2025,CO2/CO/NOx,2025-01-25 12:00:00+01:00,1.2151216
2025,CO2/CO/NOx,2025-01-25 13:00:00+01:00,1.1947565
2025,CO2/CO/NOx,2025-01-25 14:00:00+01:00,1.1947565
2025,CO2/CO/NOx,2025-01-25 15:00:00+01:00,1.167603
2025,CO2/CO/NOx,2025-01-25 16:00:00+01:00,1.1879681
2025,CO2/CO/NOx,2025-01-25 17:00:00+01:00,1.2422752
2025,CO2/CO/NOx,2025-01-25 18:00:00+01:00,1.2422752
2025,CO2/CO/NOx,2025-01-25 19:00:00+01:00,1.2422752
2025,CO2/CO/NOx,2025-01-25 20:00:00+01:00,1.2830056
2025,CO2/CO/NOx,2025-01-25 21:00:00+01:00,1.289794
2025,CO2/CO/NOx,2025-01-25 22:00:00+01:00,1.2965823
2025,CO2/CO/NOx,2025-01-25 23:00:00+01:00,1.2965823
2025,CO2/CO/NOx,2025-01-26 00:00:00+01:00,1.3033707
2025,CO2/CO/NOx,2025-01-26 01:00:00+01:00,1.3033707
2025,CO2/CO/NOx,2025-01-26 02:00:00+01:00,1.2965823
2025,CO2/CO/NOx,2025-01-26 03:00:00+01:00,1.289794
2025,CO2/CO/NOx,2025-01-26 04:00:00+01:00,1.2626404
2025,CO2/CO/NOx,2025-01-26 05:00:00+01:00,1.2830056
2025,CO2/CO/NOx,2025-01-26 06:00:00+01:00,1.3101591
2025,CO2/CO/NOx,2025-01-26 07:00:00+01:00,1.3169476
2025,CO2/CO/NOx,2025-01-26 08:00:00+01:00,1.3305243
2025,CO2/CO/NOx,2025-01-26 09:00:00+01:00,1.323736
2025,CO2/CO/NOx,2025-01-26 10:00:00+01:00,1.323736
2025,CO2/CO/NOx,2025-01-26 11:00:00+01:00,1.323736
2025,CO2/CO/NOx,2025-01-26 12:00:00+01:00,1.3169476
2025,CO2/CO/NOx,2025-01-26 13:00:00+01:00,1.3169476
2025,CO2/CO/NOx,2025-01-26 14:00:00+01:00,1.3169476
2025,CO2/CO/NOx,2025-01-26 15:00:00+01:00,1.3101591
2025,CO2/CO/NOx,2025-01-26 16:00:00+01:00,1.3101591
2025,CO2/CO/NOx,2025-01-26 17:00:00+01:00,1.323736
2025,CO2/CO/NOx,2025-01-26 18:00:00+01:00,1.3305243
2025,CO2/CO/NOx,2025-01-26 19:00:00+01:00,1.3305243
2025,CO2/CO/NOx,2025-01-26 20:00:00+01:00,1.3305243
2025,CO2/CO/NOx,2025-01-26 21:00:00+01:00,1.2830056
2025,CO2/CO/NOx,2025-01-26 22:00:00+01:00,1.2219101
2025,CO2/CO/NOx,2025-01-26 23:00:00+01:00,0.73993444
2025,CO2/CO/NOx,2025-01-27 00:00:00+01:00,0.40051496
2025,CO2/CO/NOx,2025-01-27 01:00:00+01:00,0.3733614
2025,CO2/CO/NOx,2025-01-27 02:00:00+01:00,0.3733614
2025,CO2/CO/NOx,2025-01-27 03:00:00+01:00,0.3733614
2025,CO2/CO/NOx,2025-01-27 04:00:00+01:00,0.3733614
2025,CO2/CO/NOx,2025-01-27 05:00:00+01:00,0.3801498
2025,CO2/CO/NOx,2025-01-27 06:00:00+01:00,0.3733614
2025,CO2/CO/NOx,2025-01-27 07:00:00+01:00,1.0250468
2025,CO2/CO/NOx,2025-01-27 08:00:00+01:00,1.6360018
2025,CO2/CO/NOx,2025-01-27 09:00:00+01:00,2.056882
2025,CO2/CO/NOx,2025-01-27 10:00:00+01:00,2.090824
2025,CO2/CO/NOx,2025-01-27 11:00:00+01:00,1.8532302
2025,CO2/CO/NOx,2025-01-27 12:00:00+01:00,1.8803838
2025,CO2/CO/NOx,2025-01-27 13:00:00+01:00,2.2062266
2025,CO2/CO/NOx,2025-01-27 14:00:00+01:00,1.9075373
2025,CO2/CO/NOx,2025-01-27 15:00:00+01:00,1.8125
2025,CO2/CO/NOx,2025-01-27 16:00:00+01:00,1.8125
2025,CO2/CO/NOx,2025-01-27 17:00:00+01:00,2.2944756
2025,CO2/CO/NOx,2025-01-27 18:00:00+01:00,2.389513
2025,CO2/CO/NOx,2025-01-27 19:00:00+01:00,2.4030898
2025,CO2/CO/NOx,2025-01-27 20:00:00+01:00,2.389513
2025,CO2/CO/NOx,2025-01-27 21:00:00+01:00,2.165496
2025,CO2/CO/NOx,2025-01-27 22:00:00+01:00,1.8057115
2025,CO2/CO/NOx,2025-01-27 23:00:00+01:00,1.3576778
2025,CO2/CO/NOx,2025-01-28 00:00:00+01:00,1.0657771
2025,CO2/CO/NOx,2025-01-28 01:00:00+01:00,1.0386236
2025,CO2/CO/NOx,2025-01-28 02:00:00+01:00,1.0318352
2025,CO2/CO/NOx,2025-01-28 03:00:00+01:00,1.0182585
2025,CO2/CO/NOx,2025-01-28 04:00:00+01:00,1.2083333
2025,CO2/CO/NOx,2025-01-28 05:00:00+01:00,1.8803838
2025,CO2/CO/NOx,2025-01-28 06:00:00+01:00,2.321629
2025,CO2/CO/NOx,2025-01-28 07:00:00+01:00,2.4845505
2025,CO2/CO/NOx,2025-01-28 08:00:00+01:00,2.545646
2025,CO2/CO/NOx,2025-01-28 09:00:00+01:00,2.5320692
2025,CO2/CO/NOx,2025-01-28 10:00:00+01:00,2.5592227
2025,CO2/CO/NOx,2025-01-28 11:00:00+01:00,2.545646
2025,CO2/CO/NOx,2025-01-28 12:00:00+01:00,2.5592227
2025,CO2/CO/NOx,2025-01-28 13:00:00+01:00,2.5727994
2025,CO2/CO/NOx,2025-01-28 14:00:00+01:00,2.477762
2025,CO2/CO/NOx,2025-01-28 15:00:00+01:00,2.4166665
2025,CO2/CO/NOx,2025-01-28 16:00:00+01:00,2.4370317
2025,CO2/CO/NOx,2025-01-28 17:00:00+01:00,2.4438202
2025,CO2/CO/NOx,2025-01-28 18:00:00+01:00,2.423455
2025,CO2/CO/NOx,2025-01-28 19:00:00+01:00,2.4302433
2025,CO2/CO/NOx,2025-01-28 20:00:00+01:00,2.4098783
2025,CO2/CO/NOx,2025-01-28 21:00:00+01:00,2.321629
2025,CO2/CO/NOx,2025-01-28 22:00:00+01:00,2.0433052
2025,CO2/CO/NOx,2025-01-28 23:00:00+01:00,1.3644662
2025,CO2/CO/NOx,2025-01-29 00:00:00+01:00,1.2083333
2025,CO2/CO/NOx,2025-01-29 01:00:00+01:00,1.2151216
2025,CO2/CO/NOx,2025-01-29 02:00:00+01:00,1.2151216
2025,CO2/CO/NOx,2025-01-29 03:00:00+01:00,1.2219101
2025,CO2/CO/NOx,2025-01-29 04:00:00+01:00,1.3916198
2025,CO2/CO/NOx,2025-01-29 05:00:00+01:00,2.0636704
2025,CO2/CO/NOx,2025-01-29 06:00:00+01:00,2.335206
2025,CO2/CO/NOx,2025-01-29 07:00:00+01:00,2.4845505
2025,CO2/CO/NOx,2025-01-29 08:00:00+01:00,2.5252807
2025,CO2/CO/NOx,2025-01-29 09:00:00+01:00,2.4845505
2025,CO2/CO/NOx,2025-01-29 10:00:00+01:00,2.4030898
2025,CO2/CO/NOx,2025-01-29 11:00:00+01:00,2.1587079
2025,CO2/CO/NOx,2025-01-29 12:00:00+01:00,2.0840354
2025,CO2/CO/NOx,2025-01-29 13:00:00+01:00,2.2944756
2025,CO2/CO/NOx,2025-01-29 14:00:00+01:00,2.2876873
2025,CO2/CO/NOx,2025-01-29 15:00:00+01:00,2.2605336
2025,CO2/CO/NOx,2025-01-29 16:00:00+01:00,2.321629
2025,CO2/CO/NOx,2025-01-29 17:00:00+01:00,2.3284175
2025,CO2/CO/NOx,2025-01-29 18:00:00+01:00,2.3284175
2025,CO2/CO/NOx,2025-01-29 19:00:00+01:00,2.3284175
2025,CO2/CO/NOx,2025-01-29 20:00:00+01:00,2.3148408
2025,CO2/CO/NOx,2025-01-29 21:00:00+01:00,2.2469568
2025,CO2/CO/NOx,2025-01-29 22:00:00+01:00,2.1179774
2025,CO2/CO/NOx,2025-01-29 23:00:00+01:00,1.8532302
2025,CO2/CO/NOx,2025-01-30 00:00:00+01:00,1.988998
2025,CO2/CO/NOx,2025-01-30 01:00:00+01:00,1.934691
2025,CO2/CO/NOx,2025-01-30 02:00:00+01:00,1.7853464
2025,CO2/CO/NOx,2025-01-30 03:00:00+01:00,1.7921348
2025,CO2/CO/NOx,2025-01-30 04:00:00+01:00,2.090824
2025,CO2/CO/NOx,2025-01-30 05:00:00+01:00,2.4981272
2025,CO2/CO/NOx,2025-01-30 06:00:00+01:00,2.545646
2025,CO2/CO/NOx,2025-01-30 07:00:00+01:00,2.5184925
2025,CO2/CO/NOx,2025-01-30 08:00:00+01:00,2.5388577
2025,CO2/CO/NOx,2025-01-30 09:00:00+01:00,2.5252807
2025,CO2/CO/NOx,2025-01-30 10:00:00+01:00,2.5252807
2025,CO2/CO/NOx,2025-01-30 11:00:00+01:00,2.5184925
2025,CO2/CO/NOx,2025-01-30 12:00:00+01:00,2.4709737
2025,CO2/CO/NOx,2025-01-30 13:00:00+01:00,2.4370317
2025,CO2/CO/NOx,2025-01-30 14:00:00+01:00,2.4302433
2025,CO2/CO/NOx,2025-01-30 15:00:00+01:00,2.4438202
2025,CO2/CO/NOx,2025-01-30 16:00:00+01:00,2.4506085
2025,CO2/CO/NOx,2025-01-30 17:00:00+01:00,2.4641852
2025,CO2/CO/NOx,2025-01-30 18:00:00+01:00,2.477762
2025,CO2/CO/NOx,2025-01-30 19:00:00+01:00,2.491339
2025,CO2/CO/NOx,2025-01-30 20:00:00+01:00,2.5049157
2025,CO2/CO/NOx,2025-01-30 21:00:00+01:00,2.4506085
2025,CO2/CO/NOx,2025-01-30 22:00:00+01:00,2.4098783
2025,CO2/CO/NOx,2025-01-30 23:00:00+01:00,2.165496
2025,CO2/CO/NOx,2025-01-31 00:00:00+01:00,1.8532302
2025,CO2/CO/NOx,2025-01-31 01:00:00+01:00,1.7649813
2025,CO2/CO/NOx,2025-01-31 02:00:00+01:00,1.7649813
2025,CO2/CO/NOx,2025-01-31 03:00:00+01:00,1.7649813
2025,CO2/CO/NOx,2025-01-31 04:00:00+01:00,1.778558
2025,CO2/CO/NOx,2025-01-31 05:00:00+01:00,2.0704587
2025,CO2/CO/NOx,2025-01-31 06:00:00+01:00,2.4370317
2025,CO2/CO/NOx,2025-01-31 07:00:00+01:00,2.647472
2025,CO2/CO/NOx,2025-01-31 08:00:00+01:00,2.6203182
2025,CO2/CO/NOx,2025-01-31 09:00:00+01:00,2.5931647
2025,CO2/CO/NOx,2025-01-31 10:00:00+01:00,2.5931647
2025,CO2/CO/NOx,2025-01-31 11:00:00+01:00,2.5727994
2025,CO2/CO/NOx,2025-01-31 12:00:00+01:00,2.5727994
2025,CO2/CO/NOx,2025-01-31 13:00:00+01:00,2.5660112
2025,CO2/CO/NOx,2025-01-31 14:00:00+01:00,2.5388577
2025,CO2/CO/NOx,2025-01-31 15:00:00+01:00,2.5660112
2025,CO2/CO/NOx,2025-01-31 16:00:00+01:00,2.5524344
2025,CO2/CO/NOx,2025-01-31 17:00:00+01:00,2.5524344
2025,CO2/CO/NOx,2025-01-31 18:00:00+01:00,2.5592227
2025,CO2/CO/NOx,2025-01-31 19:00:00+01:00,2.545646
2025,CO2/CO/NOx,2025-01-31 20:00:00+01:00,2.5388577
2025,CO2/CO/NOx,2025-01-31 21:00:00+01:00,2.545646
2025,CO2/CO/NOx,2025-01-31 22:00:00+01:00,2.5524344
2025,CO2/CO/NOx,2025-01-31 23:00:00+01:00,2.5184925
2025,CO2/CO/NOx,2025-02-01 00:00:00+01:00,2.1926498
2025,CO2/CO/NOx,2025-02-01 01:00:00+01:00,2.2062266
2025,CO2/CO/NOx,2025-02-01 02:00:00+01:00,2.2741103
2025,CO2/CO/NOx,2025-02-01 03:00:00+01:00,2.321629
2025,CO2/CO/NOx,2025-02-01 04:00:00+01:00,2.545646
2025,CO2/CO/NOx,2025-02-01 05:00:00+01:00,2.5388577
2025,CO2/CO/NOx,2025-02-01 06:00:00+01:00,2.5388577
2025,CO2/CO/NOx,2025-02-01 07:00:00+01:00,2.5863764
2025,CO2/CO/NOx,2025-02-01 08:00:00+01:00,2.6271067
2025,CO2/CO/NOx,2025-02-01 09:00:00+01:00,2.6271067
2025,CO2/CO/NOx,2025-02-01 10:00:00+01:00,2.6067414
2025,CO2/CO/NOx,2025-02-01 11:00:00+01:00,2.6067414
2025,CO2/CO/NOx,2025-02-01 12:00:00+01:00,2.6203182
2025,CO2/CO/NOx,2025-02-01 13:00:00+01:00,2.5999532
2025,CO2/CO/NOx,2025-02-01 14:00:00+01:00,2.5727994
2025,CO2/CO/NOx,2025-02-01 15:00:00+01:00,2.5660112
2025,CO2/CO/NOx,2025-02-01 16:00:00+01:00,2.5524344
2025,CO2/CO/NOx,2025-02-01 17:00:00+01:00,2.5660112
2025,CO2/CO/NOx,2025-02-01 18:00:00+01:00,2.5727994
2025,CO2/CO/NOx,2025-02-01 19:00:00+01:00,2.5660112
2025,CO2/CO/NOx,2025-02-01 20:00:00+01:00,2.5660112
2025,CO2/CO/NOx,2025-02-01 21:00:00+01:00,2.5592227
2025,CO2/CO/NOx,2025-02-01 22:00:00+01:00,2.5320692
2025,CO2/CO/NOx,2025-02-01 23:00:00+01:00,2.423455
2025,CO2/CO/NOx,2025-02-02 00:00:00+01:00,2.2876873
2025,CO2/CO/NOx,2025-02-02 01:00:00+01:00,2.2876873
2025,CO2/CO/NOx,2025-02-02 02:00:00+01:00,2.2808988
2025,CO2/CO/NOx,2025-02-02 03:00:00+01:00,2.2741103
2025,CO2/CO/NOx,2025-02-02 04:00:00+01:00,2.4098783
2025,CO2/CO/NOx,2025-02-02 05:00:00+01:00,2.5388577
2025,CO2/CO/NOx,2025-02-02 06:00:00+01:00,2.5592227
2025,CO2/CO/NOx,2025-02-02 07:00:00+01:00,2.5388577
2025,CO2/CO/NOx,2025-02-02 08:00:00+01:00,2.5592227
2025,CO2/CO/NOx,2025-02-02 09:00:00+01:00,2.5592227
2025,CO2/CO/NOx,2025-02-02 10:00:00+01:00,2.545646
2025,CO2/CO/NOx,2025-02-02 11:00:00+01:00,2.5524344
2025,CO2/CO/NOx,2025-02-02 12:00:00+01:00,2.5592227
2025,CO2/CO/NOx,2025-02-02 13:00:00+01:00,2.5524344
2025,CO2/CO/NOx,2025-02-02 14:00:00+01:00,2.5592227
2025,CO2/CO/NOx,2025-02-02 15:00:00+01:00,2.5524344
2025,CO2/CO/NOx,2025-02-02 16:00:00+01:00,2.5524344
2025,CO2/CO/NOx,2025-02-02 17:00:00+01:00,2.5524344
2025,CO2/CO/NOx,2025-02-02 18:00:00+01:00,2.5727994
2025,CO2/CO/NOx,2025-02-02 19:00:00+01:00,2.5727994
2025,CO2/CO/NOx,2025-02-02 20:00:00+01:00,2.5660112
2025,CO2/CO/NOx,2025-02-02 21:00:00+01:00,2.5660112
2025,CO2/CO/NOx,2025-02-02 22:00:00+01:00,2.5320692
2025,CO2/CO/NOx,2025-02-02 23:00:00+01:00,2.3759363
2025,CO2/CO/NOx,2025-02-03 00:00:00+01:00,2.3419943
2025,CO2/CO/NOx,2025-02-03 01:00:00+01:00,2.355571
2025,CO2/CO/NOx,2025-02-03 02:00:00+01:00,2.3623595
2025,CO2/CO/NOx,2025-02-03 03:00:00+01:00,2.3759363
2025,CO2/CO/NOx,2025-02-03 04:00:00+01:00,2.491339
2025,CO2/CO/NOx,2025-02-03 05:00:00+01:00,2.5592227
2025,CO2/CO/NOx,2025-02-03 06:00:00+01:00,2.5863764
2025,CO2/CO/NOx,2025-02-03 07:00:00+01:00,2.5863764
2025,CO2/CO/NOx,2025-02-03 08:00:00+01:00,2.579588
2025,CO2/CO/NOx,2025-02-03 09:00:00+01:00,2.579588
2025,CO2/CO/NOx,2025-02-03 10:00:00+01:00,2.5727994
2025,CO2/CO/NOx,2025-02-03 11:00:00+01:00,2.5660112
2025,CO2/CO/NOx,2025-02-03 12:00:00+01:00,2.5727994
2025,CO2/CO/NOx,2025-02-03 13:00:00+01:00,2.5660112
2025,CO2/CO/NOx,2025-02-03 14:00:00+01:00,2.5592227
2025,CO2/CO/NOx,2025-02-03 15:00:00+01:00,2.5660112
2025,CO2/CO/NOx,2025-02-03 16:00:00+01:00,2.5524344
2025,CO2/CO/NOx,2025-02-03 17:00:00+01:00,2.5660112
2025,CO2/CO/NOx,2025-02-03 18:00:00+01:00,2.5660112
2025,CO2/CO/NOx,2025-02-03 19:00:00+01:00,2.579588
2025,CO2/CO/NOx,2025-02-03 20:00:00+01:00,2.579588
2025,CO2/CO/NOx,2025-02-03 21:00:00+01:00,2.5863764
2025,CO2/CO/NOx,2025-02-03 22:00:00+01:00,2.5592227
2025,CO2/CO/NOx,2025-02-03 23:00:00+01:00,2.5252807
2025,CO2/CO/NOx,2025-02-04 00:00:00+01:00,2.5252807
2025,CO2/CO/NOx,2025-02-04 01:00:00+01:00,2.5524344
2025,CO2/CO/NOx,2025-02-04 02:00:00+01:00,2.545646
2025,CO2/CO/NOx,2025-02-04 03:00:00+01:00,2.5388577
2025,CO2/CO/NOx,2025-02-04 04:00:00+01:00,2.5660112
2025,CO2/CO/NOx,2025-02-04 05:00:00+01:00,2.5863764
2025,CO2/CO/NOx,2025-02-04 06:00:00+01:00,2.61353
2025,CO2/CO/NOx,2025-02-04 07:00:00+01:00,2.6542602
2025,CO2/CO/NOx,2025-02-04 08:00:00+01:00,2.647472
2025,CO2/CO/NOx,2025-02-04 09:00:00+01:00,2.6338952
2025,CO2/CO/NOx,2025-02-04 10:00:00+01:00,2.6271067
2025,CO2/CO/NOx,2025-02-04 11:00:00+01:00,2.6203182
2025,CO2/CO/NOx,2025-02-04 12:00:00+01:00,2.61353
2025,CO2/CO/NOx,2025-02-04 13:00:00+01:00,2.61353
2025,CO2/CO/NOx,2025-02-04 14:00:00+01:00,2.6406834
2025,CO2/CO/NOx,2025-02-04 15:00:00+01:00,2.6067414
2025,CO2/CO/NOx,2025-02-04 16:00:00+01:00,2.5999532
2025,CO2/CO/NOx,2025-02-04 17:00:00+01:00,2.579588
2025,CO2/CO/NOx,2025-02-04 18:00:00+01:00,2.5727994
2025,CO2/CO/NOx,2025-02-04 19:00:00+01:00,2.579588
2025,CO2/CO/NOx,2025-02-04 20:00:00+01:00,2.5592227
2025,CO2/CO/NOx,2025-02-04 21:00:00+01:00,2.5524344
2025,CO2/CO/NOx,2025-02-04 22:00:00+01:00,2.545646
2025,CO2/CO/NOx,2025-02-04 23:00:00+01:00,2.5524344
2025,CO2/CO/NOx,2025-02-05 00:00:00+01:00,2.5660112
2025,CO2/CO/NOx,2025-02-05 01:00:00+01:00,2.5592227
2025,CO2/CO/NOx,2025-02-05 02:00:00+01:00,2.5727994
2025,CO2/CO/NOx,2025-02-05 03:00:00+01:00,2.5727994
2025,CO2/CO/NOx,2025-02-05 04:00:00+01:00,2.579588
2025,CO2/CO/NOx,2025-02-05 05:00:00+01:00,2.6338952
2025,CO2/CO/NOx,2025-02-05 06:00:00+01:00,2.647472
2025,CO2/CO/NOx,2025-02-05 07:00:00+01:00,2.6542602
2025,CO2/CO/NOx,2025-02-05 08:00:00+01:00,2.6542602
2025,CO2/CO/NOx,2025-02-05 09:00:00+01:00,2.6610487
2025,CO2/CO/NOx,2025-02-05 10:00:00+01:00,2.6406834
2025,CO2/CO/NOx,2025-02-05 11:00:00+01:00,2.6746254
2025,CO2/CO/NOx,2025-02-05 12:00:00+01:00,2.6610487
2025,CO2/CO/NOx,2025-02-05 13:00:00+01:00,2.5931647
2025,CO2/CO/NOx,2025-02-05 14:00:00+01:00,2.5660112
2025,CO2/CO/NOx,2025-02-05 15:00:00+01:00,2.5388577
2025,CO2/CO/NOx,2025-02-05 16:00:00+01:00,2.511704
2025,CO2/CO/NOx,2025-02-05 17:00:00+01:00,2.5388577
2025,CO2/CO/NOx,2025-02-05 18:00:00+01:00,2.6338952
2025,CO2/CO/NOx,2025-02-05 19:00:00+01:00,2.6338952
2025,CO2/CO/NOx,2025-02-05 20:00:00+01:00,2.6338952
2025,CO2/CO/NOx,2025-02-05 21:00:00+01:00,2.6203182
2025,CO2/CO/NOx,2025-02-05 22:00:00+01:00,2.579588
2025,CO2/CO/NOx,2025-02-05 23:00:00+01:00,2.579588
2025,CO2/CO/NOx,2025-02-06 00:00:00+01:00,2.545646
2025,CO2/CO/NOx,2025-02-06 01:00:00+01:00,2.5524344
2025,CO2/CO/NOx,2025-02-06 02:00:00+01:00,2.5524344
2025,CO2/CO/NOx,2025-02-06 03:00:00+01:00,2.545646
2025,CO2/CO/NOx,2025-02-06 04:00:00+01:00,2.545646
2025,CO2/CO/NOx,2025-02-06 05:00:00+01:00,2.6067414
2025,CO2/CO/NOx,2025-02-06 06:00:00+01:00,2.61353
2025,CO2/CO/NOx,2025-02-06 07:00:00+01:00,2.5999532
2025,CO2/CO/NOx,2025-02-06 08:00:00+01:00,2.61353
2025,CO2/CO/NOx,2025-02-06 09:00:00+01:00,2.5999532
2025,CO2/CO/NOx,2025-02-06 10:00:00+01:00,2.5931647
2025,CO2/CO/NOx,2025-02-06 11:00:00+01:00,2.579588
2025,CO2/CO/NOx,2025-02-06 12:00:00+01:00,2.579588
2025,CO2/CO/NOx,2025-02-06 13:00:00+01:00,2.5727994
2025,CO2/CO/NOx,2025-02-06 14:00:00+01:00,2.5931647
2025,CO2/CO/NOx,2025-02-06 15:00:00+01:00,2.6067414
2025,CO2/CO/NOx,2025-02-06 16:00:00+01:00,2.647472
2025,CO2/CO/NOx,2025-02-06 17:00:00+01:00,2.681414
2025,CO2/CO/NOx,2025-02-06 18:00:00+01:00,2.667837
2025,CO2/CO/NOx,2025-02-06 19:00:00+01:00,2.667837
2025,CO2/CO/NOx,2025-02-06 20:00:00+01:00,2.6406834
2025,CO2/CO/NOx,2025-02-06 21:00:00+01:00,2.6203182
2025,CO2/CO/NOx,2025-02-06 22:00:00+01:00,2.5388577
2025,CO2/CO/NOx,2025-02-06 23:00:00+01:00,2.491339
2025,CO2/CO/NOx,2025-02-07 00:00:00+01:00,2.477762
2025,CO2/CO/NOx,2025-02-07 01:00:00+01:00,2.5184925
2025,CO2/CO/NOx,2025-02-07 02:00:00+01:00,2.5252807
2025,CO2/CO/NOx,2025-02-07 03:00:00+01:00,2.5592227
2025,CO2/CO/NOx,2025-02-07 04:00:00+01:00,2.5592227
2025,CO2/CO/NOx,2025-02-07 05:00:00+01:00,2.5863764
2025,CO2/CO/NOx,2025-02-07 06:00:00+01:00,2.6203182
2025,CO2/CO/NOx,2025-02-07 07:00:00+01:00,2.6203182
2025,CO2/CO/NOx,2025-02-07 08:00:00+01:00,2.6067414
2025,CO2/CO/NOx,2025-02-07 09:00:00+01:00,2.5931647
2025,CO2/CO/NOx,2025-02-07 10:00:00+01:00,2.5931647
2025,CO2/CO/NOx,2025-02-07 11:00:00+01:00,2.5931647
2025,CO2/CO/NOx,2025-02-07 12:00:00+01:00,2.5931647
2025,CO2/CO/NOx,2025-02-07 13:00:00+01:00,2.579588
2025,CO2/CO/NOx,2025-02-07 14:00:00+01:00,2.5931647
2025,CO2/CO/NOx,2025-02-07 15:00:00+01:00,2.579588
2025,CO2/CO/NOx,2025-02-07 16:00:00+01:00,2.5863764
2025,CO2/CO/NOx,2025-02-07 17:00:00+01:00,2.6271067
2025,CO2/CO/NOx,2025-02-07 18:00:00+01:00,2.6271067
2025,CO2/CO/NOx,2025-02-07 19:00:00+01:00,2.6203182
2025,CO2/CO/NOx,2025-02-07 20:00:00+01:00,2.6067414
2025,CO2/CO/NOx,2025-02-07 21:00:00+01:00,2.5999532
2025,CO2/CO/NOx,2025-02-07 22:00:00+01:00,2.5320692
2025,CO2/CO/NOx,2025-02-07 23:00:00+01:00,2.4981272
2025,CO2/CO/NOx,2025-02-08 00:00:00+01:00,2.5184925
2025,CO2/CO/NOx,2025-02-08 01:00:00+01:00,2.511704
2025,CO2/CO/NOx,2025-02-08 02:00:00+01:00,2.4641852
2025,CO2/CO/NOx,2025-02-08 03:00:00+01:00,2.4370317
2025,CO2/CO/NOx,2025-02-08 04:00:00+01:00,2.4030898
2025,CO2/CO/NOx,2025-02-08 05:00:00+01:00,2.5252807
2025,CO2/CO/NOx,2025-02-08 06:00:00+01:00,2.579588
2025,CO2/CO/NOx,2025-02-08 07:00:00+01:00,2.5931647
2025,CO2/CO/NOx,2025-02-08 08:00:00+01:00,2.6203182
2025,CO2/CO/NOx,2025-02-08 09:00:00+01:00,2.6271067
2025,CO2/CO/NOx,2025-02-08 10:00:00+01:00,2.61353
2025,CO2/CO/NOx,2025-02-08 11:00:00+01:00,2.5592227
2025,CO2/CO/NOx,2025-02-08 12:00:00+01:00,2.491339
2025,CO2/CO/NOx,2025-02-08 13:00:00+01:00,2.477762
2025,CO2/CO/NOx,2025-02-08 14:00:00+01:00,2.4709737
2025,CO2/CO/NOx,2025-02-08 15:00:00+01:00,2.457397
2025,CO2/CO/NOx,2025-02-08 16:00:00+01:00,2.491339
2025,CO2/CO/NOx,2025-02-08 17:00:00+01:00,2.4981272
2025,CO2/CO/NOx,2025-02-08 18:00:00+01:00,2.5252807
2025,CO2/CO/NOx,2025-02-08 19:00:00+01:00,2.5388577
2025,CO2/CO/NOx,2025-02-08 20:00:00+01:00,2.5252807
2025,CO2/CO/NOx,2025-02-08 21:00:00+01:00,2.511704
2025,CO2/CO/NOx,2025-02-08 22:00:00+01:00,2.5388577
2025,CO2/CO/NOx,2025-02-08 23:00:00+01:00,2.5592227
2025,CO2/CO/NOx,2025-02-09 00:00:00+01:00,2.4438202
2025,CO2/CO/NOx,2025-02-09 01:00:00+01:00,2.4098783
2025,CO2/CO/NOx,2025-02-09 02:00:00+01:00,2.3963015
2025,CO2/CO/NOx,2025-02-09 03:00:00+01:00,2.3963015
2025,CO2/CO/NOx,2025-02-09 04:00:00+01:00,2.3963015
2025,CO2/CO/NOx,2025-02-09 05:00:00+01:00,2.491339
2025,CO2/CO/NOx,2025-02-09 06:00:00+01:00,2.5320692
2025,CO2/CO/NOx,2025-02-09 07:00:00+01:00,2.5388577
2025,CO2/CO/NOx,2025-02-09 08:00:00+01:00,2.545646
2025,CO2/CO/NOx,2025-02-09 09:00:00+01:00,2.5727994
2025,CO2/CO/NOx,2025-02-09 10:00:00+01:00,2.5252807
2025,CO2/CO/NOx,2025-02-09 11:00:00+01:00,2.4981272
2025,CO2/CO/NOx,2025-02-09 12:00:00+01:00,2.511704
2025,CO2/CO/NOx,2025-02-09 13:00:00+01:00,2.5049157
2025,CO2/CO/NOx,2025-02-09 14:00:00+01:00,2.457397
2025,CO2/CO/NOx,2025-02-09 15:00:00+01:00,2.4438202
2025,CO2/CO/NOx,2025-02-09 16:00:00+01:00,2.4641852
2025,CO2/CO/NOx,2025-02-09 17:00:00+01:00,2.5592227
2025,CO2/CO/NOx,2025-02-09 18:00:00+01:00,2.5931647
2025,CO2/CO/NOx,2025-02-09 19:00:00+01:00,2.5999532
2025,CO2/CO/NOx,2025-02-09 20:00:00+01:00,2.61353
2025,CO2/CO/NOx,2025-02-09 21:00:00+01:00,2.5727994
2025,CO2/CO/NOx,2025-02-09 22:00:00+01:00,2.5184925
2025,CO2/CO/NOx,2025-02-09 23:00:00+01:00,2.4302433
2025,CO2/CO/NOx,2025-02-10 00:00:00+01:00,2.389513
2025,CO2/CO/NOx,2025-02-10 01:00:00+01:00,2.389513
2025,CO2/CO/NOx,2025-02-10 02:00:00+01:00,2.3963015
2025,CO2/CO/NOx,2025-02-10 03:00:00+01:00,2.4438202
2025,CO2/CO/NOx,2025-02-10 04:00:00+01:00,2.4845505
2025,CO2/CO/NOx,2025-02-10 05:00:00+01:00,2.4845505
2025,CO2/CO/NOx,2025-02-10 06:00:00+01:00,2.4845505
2025,CO2/CO/NOx,2025-02-10 07:00:00+01:00,2.491339
2025,CO2/CO/NOx,2025-02-10 08:00:00+01:00,2.5320692
2025,CO2/CO/NOx,2025-02-10 09:00:00+01:00,2.5184925
2025,CO2/CO/NOx,2025-02-10 10:00:00+01:00,2.4098783
2025,CO2/CO/NOx,2025-02-10 11:00:00+01:00,1.9075373
2025,CO2/CO/NOx,2025-02-10 12:00:00+01:00,2.1519194
2025,CO2/CO/NOx,2025-02-10 13:00:00+01:00,1.8735955
2025,CO2/CO/NOx,2025-02-10 14:00:00+01:00,2.165496
2025,CO2/CO/NOx,2025-02-10 15:00:00+01:00,2.423455
2025,CO2/CO/NOx,2025-02-10 16:00:00+01:00,2.457397
2025,CO2/CO/NOx,2025-02-10 17:00:00+01:00,2.4981272
2025,CO2/CO/NOx,2025-02-10 18:00:00+01:00,2.5049157
2025,CO2/CO/NOx,2025-02-10 19:00:00+01:00,2.4845505
2025,CO2/CO/NOx,2025-02-10 20:00:00+01:00,2.4302433
2025,CO2/CO/NOx,2025-02-10 21:00:00+01:00,2.3487828
2025,CO2/CO/NOx,2025-02-10 22:00:00+01:00,1.6767322
2025,CO2/CO/NOx,2025-02-10 23:00:00+01:00,1.9211142
2025,CO2/CO/NOx,2025-02-11 00:00:00+01:00,1.9822097
2025,CO2/CO/NOx,2025-02-11 01:00:00+01:00,2.0433052
2025,CO2/CO/NOx,2025-02-11 02:00:00+01:00,2.0433052
2025,CO2/CO/NOx,2025-02-11 03:00:00+01:00,2.0636704
2025,CO2/CO/NOx,2025-02-11 04:00:00+01:00,2.2130148
2025,CO2/CO/NOx,2025-02-11 05:00:00+01:00,2.4845505
2025,CO2/CO/NOx,2025-02-11 06:00:00+01:00,2.545646
2025,CO2/CO/NOx,2025-02-11 07:00:00+01:00,2.545646
2025,CO2/CO/NOx,2025-02-11 08:00:00+01:00,2.5592227
2025,CO2/CO/NOx,2025-02-11 09:00:00+01:00,2.5388577
2025,CO2/CO/NOx,2025-02-11 10:00:00+01:00,2.389513
2025,CO2/CO/NOx,2025-02-11 11:00:00+01:00,2.4098783
2025,CO2/CO/NOx,2025-02-11 12:00:00+01:00,2.3487828
2025,CO2/CO/NOx,2025-02-11 13:00:00+01:00,2.4370317
2025,CO2/CO/NOx,2025-02-11 14:00:00+01:00,2.4981272
2025,CO2/CO/NOx,2025-02-11 15:00:00+01:00,2.4981272
2025,CO2/CO/NOx,2025-02-11 16:00:00+01:00,2.5184925
2025,CO2/CO/NOx,2025-02-11 17:00:00+01:00,2.5660112
2025,CO2/CO/NOx,2025-02-11 18:00:00+01:00,2.5660112
2025,CO2/CO/NOx,2025-02-11 19:00:00+01:00,2.5184925
2025,CO2/CO/NOx,2025-02-11 20:00:00+01:00,2.477762
2025,CO2/CO/NOx,2025-02-11 21:00:00+01:00,2.4098783
2025,CO2/CO/NOx,2025-02-11 22:00:00+01:00,1.7514044
2025,CO2/CO/NOx,2025-02-11 23:00:00+01:00,1.9211142
2025,CO2/CO/NOx,2025-02-12 00:00:00+01:00,2.036517
2025,CO2/CO/NOx,2025-02-12 01:00:00+01:00,2.036517
2025,CO2/CO/NOx,2025-02-12 02:00:00+01:00,2.02294
2025,CO2/CO/NOx,2025-02-12 03:00:00+01:00,2.02294
2025,CO2/CO/NOx,2025-02-12 04:00:00+01:00,2.1111891
2025,CO2/CO/NOx,2025-02-12 05:00:00+01:00,2.3623595
2025,CO2/CO/NOx,2025-02-12 06:00:00+01:00,2.511704
2025,CO2/CO/NOx,2025-02-12 07:00:00+01:00,2.6203182
2025,CO2/CO/NOx,2025-02-12 08:00:00+01:00,2.61353
2025,CO2/CO/NOx,2025-02-12 09:00:00+01:00,2.5660112
2025,CO2/CO/NOx,2025-02-12 10:00:00+01:00,2.3623595
2025,CO2/CO/NOx,2025-02-12 11:00:00+01:00,2.3759363
2025,CO2/CO/NOx,2025-02-12 12:00:00+01:00,2.2605336
2025,CO2/CO/NOx,2025-02-12 13:00:00+01:00,2.301264
2025,CO2/CO/NOx,2025-02-12 14:00:00+01:00,2.3487828
2025,CO2/CO/NOx,2025-02-12 15:00:00+01:00,2.3487828
2025,CO2/CO/NOx,2025-02-12 16:00:00+01:00,2.3623595
2025,CO2/CO/NOx,2025-02-12 17:00:00+01:00,2.3623595
2025,CO2/CO/NOx,2025-02-12 18:00:00+01:00,2.3691478
2025,CO2/CO/NOx,2025-02-12 19:00:00+01:00,2.3759363
2025,CO2/CO/NOx,2025-02-12 20:00:00+01:00,2.3963015
2025,CO2/CO/NOx,2025-02-12 21:00:00+01:00,2.4166665
2025,CO2/CO/NOx,2025-02-12 22:00:00+01:00,2.4030898
2025,CO2/CO/NOx,2025-02-12 23:00:00+01:00,2.4030898
2025,CO2/CO/NOx,2025-02-13 00:00:00+01:00,2.4030898
2025,CO2/CO/NOx,2025-02-13 01:00:00+01:00,2.1247659
2025,CO2/CO/NOx,2025-02-13 02:00:00+01:00,1.7514044
2025,CO2/CO/NOx,2025-02-13 03:00:00+01:00,1.6495786
2025,CO2/CO/NOx,2025-02-13 04:00:00+01:00,1.710674
2025,CO2/CO/NOx,2025-02-13 05:00:00+01:00,2.0976124
2025,CO2/CO/NOx,2025-02-13 06:00:00+01:00,2.423455
2025,CO2/CO/NOx,2025-02-13 07:00:00+01:00,2.5592227
2025,CO2/CO/NOx,2025-02-13 08:00:00+01:00,2.5931647
2025,CO2/CO/NOx,2025-02-13 09:00:00+01:00,2.5863764
2025,CO2/CO/NOx,2025-02-13 10:00:00+01:00,2.5592227
2025,CO2/CO/NOx,2025-02-13 11:00:00+01:00,2.5660112
2025,CO2/CO/NOx,2025-02-13 12:00:00+01:00,2.579588
2025,CO2/CO/NOx,2025-02-13 13:00:00+01:00,2.5320692
2025,CO2/CO/NOx,2025-02-13 14:00:00+01:00,2.5252807
2025,CO2/CO/NOx,2025-02-13 15:00:00+01:00,2.579588
2025,CO2/CO/NOx,2025-02-13 16:00:00+01:00,2.5592227
2025,CO2/CO/NOx,2025-02-13 17:00:00+01:00,2.5524344
2025,CO2/CO/NOx,2025-02-13 18:00:00+01:00,2.5660112
2025,CO2/CO/NOx,2025-02-13 19:00:00+01:00,2.5931647
2025,CO2/CO/NOx,2025-02-13 20:00:00+01:00,2.5999532
2025,CO2/CO/NOx,2025-02-13 21:00:00+01:00,2.5388577
2025,CO2/CO/NOx,2025-02-13 22:00:00+01:00,2.4981272
2025,CO2/CO/NOx,2025-02-13 23:00:00+01:00,2.1315541
2025,CO2/CO/NOx,2025-02-14 00:00:00+01:00,2.1790729
2025,CO2/CO/NOx,2025-02-14 01:00:00+01:00,2.2265916
2025,CO2/CO/NOx,2025-02-14 02:00:00+01:00,2.2130148
2025,CO2/CO/NOx,2025-02-14 03:00:00+01:00,2.2198033
2025,CO2/CO/NOx,2025-02-14 04:00:00+01:00,2.3827245
2025,CO2/CO/NOx,2025-02-14 05:00:00+01:00,2.4981272
2025,CO2/CO/NOx,2025-02-14 06:00:00+01:00,2.5320692
2025,CO2/CO/NOx,2025-02-14 07:00:00+01:00,2.5592227
2025,CO2/CO/NOx,2025-02-14 08:00:00+01:00,2.5931647
2025,CO2/CO/NOx,2025-02-14 09:00:00+01:00,2.6067414
2025,CO2/CO/NOx,2025-02-14 10:00:00+01:00,2.6203182
2025,CO2/CO/NOx,2025-02-14 11:00:00+01:00,2.6406834
2025,CO2/CO/NOx,2025-02-14 12:00:00+01:00,2.647472
2025,CO2/CO/NOx,2025-02-14 13:00:00+01:00,2.667837
2025,CO2/CO/NOx,2025-02-14 14:00:00+01:00,2.6746254
2025,CO2/CO/NOx,2025-02-14 15:00:00+01:00,2.667837
2025,CO2/CO/NOx,2025-02-14 16:00:00+01:00,2.667837
2025,CO2/CO/NOx,2025-02-14 17:00:00+01:00,2.667837
2025,CO2/CO/NOx,2025-02-14 18:00:00+01:00,2.6610487
2025,CO2/CO/NOx,2025-02-14 19:00:00+01:00,2.6271067
2025,CO2/CO/NOx,2025-02-14 20:00:00+01:00,2.6067414
2025,CO2/CO/NOx,2025-02-14 21:00:00+01:00,2.5592227
2025,CO2/CO/NOx,2025-02-14 22:00:00+01:00,2.5252807
2025,CO2/CO/NOx,2025-02-14 23:00:00+01:00,2.5184925
2025,CO2/CO/NOx,2025-02-15 00:00:00+01:00,2.4845505
2025,CO2/CO/NOx,2025-02-15 01:00:00+01:00,2.477762
2025,CO2/CO/NOx,2025-02-15 02:00:00+01:00,2.4709737
2025,CO2/CO/NOx,2025-02-15 03:00:00+01:00,2.4506085
2025,CO2/CO/NOx,2025-02-15 04:00:00+01:00,2.4709737
2025,CO2/CO/NOx,2025-02-15 05:00:00+01:00,2.5660112
2025,CO2/CO/NOx,2025-02-15 06:00:00+01:00,2.5931647
2025,CO2/CO/NOx,2025-02-15 07:00:00+01:00,2.5388577
2025,CO2/CO/NOx,2025-02-15 08:00:00+01:00,2.5524344
2025,CO2/CO/NOx,2025-02-15 09:00:00+01:00,2.5727994
2025,CO2/CO/NOx,2025-02-15 10:00:00+01:00,2.5592227
2025,CO2/CO/NOx,2025-02-15 11:00:00+01:00,2.5592227
2025,CO2/CO/NOx,2025-02-15 12:00:00+01:00,2.4641852
2025,CO2/CO/NOx,2025-02-15 13:00:00+01:00,2.4438202
2025,CO2/CO/NOx,2025-02-15 14:00:00+01:00,2.4438202
2025,CO2/CO/NOx,2025-02-15 15:00:00+01:00,2.4370317
2025,CO2/CO/NOx,2025-02-15 16:00:00+01:00,2.5252807
2025,CO2/CO/NOx,2025-02-15 17:00:00+01:00,2.5863764
2025,CO2/CO/NOx,2025-02-15 18:00:00+01:00,2.6203182
2025,CO2/CO/NOx,2025-02-15 19:00:00+01:00,2.6203182
2025,CO2/CO/NOx,2025-02-15 20:00:00+01:00,2.579588
2025,CO2/CO/NOx,2025-02-15 21:00:00+01:00,2.5252807
2025,CO2/CO/NOx,2025-02-15 22:00:00+01:00,2.5049157
2025,CO2/CO/NOx,2025-02-15 23:00:00+01:00,2.4981272
2025,CO2/CO/NOx,2025-02-16 00:00:00+01:00,2.4981272
2025,CO2/CO/NOx,2025-02-16 01:00:00+01:00,2.4981272
2025,CO2/CO/NOx,2025-02-16 02:00:00+01:00,2.491339
2025,CO2/CO/NOx,2025-02-16 03:00:00+01:00,2.491339
2025,CO2/CO/NOx,2025-02-16 04:00:00+01:00,2.4845505
2025,CO2/CO/NOx,2025-02-16 05:00:00+01:00,2.5592227
2025,CO2/CO/NOx,2025-02-16 06:00:00+01:00,2.61353
2025,CO2/CO/NOx,2025-02-16 07:00:00+01:00,2.61353
2025,CO2/CO/NOx,2025-02-16 08:00:00+01:00,2.6203182
2025,CO2/CO/NOx,2025-02-16 09:00:00+01:00,2.6203182
2025,CO2/CO/NOx,2025-02-16 10:00:00+01:00,2.5524344
2025,CO2/CO/NOx,2025-02-16 11:00:00+01:00,2.545646
2025,CO2/CO/NOx,2025-02-16 12:00:00+01:00,2.511704
2025,CO2/CO/NOx,2025-02-16 13:00:00+01:00,2.5524344
2025,CO2/CO/NOx,2025-02-16 14:00:00+01:00,2.5592227
2025,CO2/CO/NOx,2025-02-16 15:00:00+01:00,2.5727994
2025,CO2/CO/NOx,2025-02-16 16:00:00+01:00,2.6067414
2025,CO2/CO/NOx,2025-02-16 17:00:00+01:00,2.6610487
2025,CO2/CO/NOx,2025-02-16 18:00:00+01:00,2.61353
2025,CO2/CO/NOx,2025-02-16 19:00:00+01:00,2.6067414
2025,CO2/CO/NOx,2025-02-16 20:00:00+01:00,2.6067414
2025,CO2/CO/NOx,2025-02-16 21:00:00+01:00,2.6067414
2025,CO2/CO/NOx,2025-02-16 22:00:00+01:00,2.6067414
2025,CO2/CO/NOx,2025-02-16 23:00:00+01:00,2.6067414
2025,CO2/CO/NOx,2025-02-17 00:00:00+01:00,2.5999532
2025,CO2/CO/NOx,2025-02-17 01:00:00+01:00,2.5999532
2025,CO2/CO/NOx,2025-02-17 02:00:00+01:00,2.5999532
2025,CO2/CO/NOx,2025-02-17 03:00:00+01:00,2.6203182
2025,CO2/CO/NOx,2025-02-17 04:00:00+01:00,2.6610487
2025,CO2/CO/NOx,2025-02-17 05:00:00+01:00,2.6882021
2025,CO2/CO/NOx,2025-02-17 06:00:00+01:00,2.701779
2025,CO2/CO/NOx,2025-02-17 07:00:00+01:00,2.701779
2025,CO2/CO/NOx,2025-02-17 08:00:00+01:00,2.6882021
2025,CO2/CO/NOx,2025-02-17 09:00:00+01:00,2.667837
2025,CO2/CO/NOx,2025-02-17 10:00:00+01:00,2.6610487
2025,CO2/CO/NOx,2025-02-17 11:00:00+01:00,2.6542602
2025,CO2/CO/NOx,2025-02-17 12:00:00+01:00,2.6203182
2025,CO2/CO/NOx,2025-02-17 13:00:00+01:00,2.5999532
2025,CO2/CO/NOx,2025-02-17 14:00:00+01:00,2.579588
2025,CO2/CO/NOx,2025-02-17 15:00:00+01:00,2.5660112
2025,CO2/CO/NOx,2025-02-17 16:00:00+01:00,2.5999532
2025,CO2/CO/NOx,2025-02-17 17:00:00+01:00,2.6542602
2025,CO2/CO/NOx,2025-02-17 18:00:00+01:00,2.6610487
2025,CO2/CO/NOx,2025-02-17 19:00:00+01:00,2.6610487
2025,CO2/CO/NOx,2025-02-17 20:00:00+01:00,2.6542602
2025,CO2/CO/NOx,2025-02-17 21:00:00+01:00,2.681414
2025,CO2/CO/NOx,2025-02-17 22:00:00+01:00,2.6746254
2025,CO2/CO/NOx,2025-02-17 23:00:00+01:00,2.579588
2025,CO2/CO/NOx,2025-02-18 00:00:00+01:00,2.5320692
2025,CO2/CO/NOx,2025-02-18 01:00:00+01:00,2.5049157
2025,CO2/CO/NOx,2025-02-18 02:00:00+01:00,2.5388577
2025,CO2/CO/NOx,2025-02-18 03:00:00+01:00,2.5524344
2025,CO2/CO/NOx,2025-02-18 04:00:00+01:00,2.5660112
2025,CO2/CO/NOx,2025-02-18 05:00:00+01:00,2.5999532
2025,CO2/CO/NOx,2025-02-18 06:00:00+01:00,2.6406834
2025,CO2/CO/NOx,2025-02-18 07:00:00+01:00,2.6610487
2025,CO2/CO/NOx,2025-02-18 08:00:00+01:00,2.6746254
2025,CO2/CO/NOx,2025-02-18 09:00:00+01:00,2.6542602
2025,CO2/CO/NOx,2025-02-18 10:00:00+01:00,2.6542602
2025,CO2/CO/NOx,2025-02-18 11:00:00+01:00,2.6271067
2025,CO2/CO/NOx,2025-02-18 12:00:00+01:00,2.5999532
2025,CO2/CO/NOx,2025-02-18 13:00:00+01:00,2.5999532
2025,CO2/CO/NOx,2025-02-18 14:00:00+01:00,2.5999532
2025,CO2/CO/NOx,2025-02-18 15:00:00+01:00,2.61353
2025,CO2/CO/NOx,2025-02-18 16:00:00+01:00,2.6067414
2025,CO2/CO/NOx,2025-02-18 17:00:00+01:00,2.5999532
2025,CO2/CO/NOx,2025-02-18 18:00:00+01:00,2.61353
2025,CO2/CO/NOx,2025-02-18 19:00:00+01:00,2.6203182
2025,CO2/CO/NOx,2025-02-18 20:00:00+01:00,2.6271067
2025,CO2/CO/NOx,2025-02-18 21:00:00+01:00,2.6338952
2025,CO2/CO/NOx,2025-02-18 22:00:00+01:00,2.647472
2025,CO2/CO/NOx,2025-02-18 23:00:00+01:00,2.6406834
2025,CO2/CO/NOx,2025-02-19 00:00:00+01:00,2.6610487
2025,CO2/CO/NOx,2025-02-19 01:00:00+01:00,2.6746254
2025,CO2/CO/NOx,2025-02-19 02:00:00+01:00,2.6949906
2025,CO2/CO/NOx,2025-02-19 03:00:00+01:00,2.701779
2025,CO2/CO/NOx,2025-02-19 04:00:00+01:00,2.701779
2025,CO2/CO/NOx,2025-02-19 05:00:00+01:00,2.7289324
2025,CO2/CO/NOx,2025-02-19 06:00:00+01:00,2.7289324
2025,CO2/CO/NOx,2025-02-19 07:00:00+01:00,2.7492976
2025,CO2/CO/NOx,2025-02-19 08:00:00+01:00,2.7357209
2025,CO2/CO/NOx,2025-02-19 09:00:00+01:00,2.6949906
2025,CO2/CO/NOx,2025-02-19 10:00:00+01:00,2.579588
2025,CO2/CO/NOx,2025-02-19 11:00:00+01:00,2.2537453
2025,CO2/CO/NOx,2025-02-19 12:00:00+01:00,1.6088482
2025,CO2/CO/NOx,2025-02-19 13:00:00+01:00,1.5138108
2025,CO2/CO/NOx,2025-02-19 14:00:00+01:00,1.534176
2025,CO2/CO/NOx,2025-02-19 15:00:00+01:00,2.0772471
2025,CO2/CO/NOx,2025-02-19 16:00:00+01:00,2.335206
2025,CO2/CO/NOx,2025-02-19 17:00:00+01:00,2.491339
2025,CO2/CO/NOx,2025-02-19 18:00:00+01:00,2.5931647
2025,CO2/CO/NOx,2025-02-19 19:00:00+01:00,2.5931647
2025,CO2/CO/NOx,2025-02-19 20:00:00+01:00,2.5999532
2025,CO2/CO/NOx,2025-02-19 21:00:00+01:00,2.5999532
2025,CO2/CO/NOx,2025-02-19 22:00:00+01:00,2.5999532
2025,CO2/CO/NOx,2025-02-19 23:00:00+01:00,2.5727994
2025,CO2/CO/NOx,2025-02-20 00:00:00+01:00,2.5388577
2025,CO2/CO/NOx,2025-02-20 01:00:00+01:00,2.5252807
2025,CO2/CO/NOx,2025-02-20 02:00:00+01:00,2.5388577
2025,CO2/CO/NOx,2025-02-20 03:00:00+01:00,2.545646
2025,CO2/CO/NOx,2025-02-20 04:00:00+01:00,2.5863764
2025,CO2/CO/NOx,2025-02-20 05:00:00+01:00,2.6067414
2025,CO2/CO/NOx,2025-02-20 06:00:00+01:00,2.579588
2025,CO2/CO/NOx,2025-02-20 07:00:00+01:00,2.6067414
2025,CO2/CO/NOx,2025-02-20 08:00:00+01:00,2.6406834
2025,CO2/CO/NOx,2025-02-20 09:00:00+01:00,2.647472
2025,CO2/CO/NOx,2025-02-20 10:00:00+01:00,2.5931647
2025,CO2/CO/NOx,2025-02-20 11:00:00+01:00,2.4438202
2025,CO2/CO/NOx,2025-02-20 12:00:00+01:00,2.2198033
2025,CO2/CO/NOx,2025-02-20 13:00:00+01:00,2.2469568
2025,CO2/CO/NOx,2025-02-20 14:00:00+01:00,2.3080523
2025,CO2/CO/NOx,2025-02-20 15:00:00+01:00,2.1247659
2025,CO2/CO/NOx,2025-02-20 16:00:00+01:00,2.2469568
2025,CO2/CO/NOx,2025-02-20 17:00:00+01:00,2.491339
2025,CO2/CO/NOx,2025-02-20 18:00:00+01:00,2.5660112
2025,CO2/CO/NOx,2025-02-20 19:00:00+01:00,2.5252807
2025,CO2/CO/NOx,2025-02-20 20:00:00+01:00,2.4845505
2025,CO2/CO/NOx,2025-02-20 21:00:00+01:00,2.4845505
2025,CO2/CO/NOx,2025-02-20 22:00:00+01:00,2.4438202
2025,CO2/CO/NOx,2025-02-20 23:00:00+01:00,1.9957864
2025,CO2/CO/NOx,2025-02-21 00:00:00+01:00,1.6903089
2025,CO2/CO/NOx,2025-02-21 01:00:00+01:00,1.656367
2025,CO2/CO/NOx,2025-02-21 02:00:00+01:00,1.7038857
2025,CO2/CO/NOx,2025-02-21 03:00:00+01:00,1.710674
2025,CO2/CO/NOx,2025-02-21 04:00:00+01:00,1.9822097
2025,CO2/CO/NOx,2025-02-21 05:00:00+01:00,2.1587079
2025,CO2/CO/NOx,2025-02-21 06:00:00+01:00,2.4506085
2025,CO2/CO/NOx,2025-02-21 07:00:00+01:00,2.5252807
2025,CO2/CO/NOx,2025-02-21 08:00:00+01:00,2.545646
2025,CO2/CO/NOx,2025-02-21 09:00:00+01:00,2.4166665
2025,CO2/CO/NOx,2025-02-21 10:00:00+01:00,2.0976124
2025,CO2/CO/NOx,2025-02-21 11:00:00+01:00,1.8396535
2025,CO2/CO/NOx,2025-02-21 12:00:00+01:00,1.6631553
2025,CO2/CO/NOx,2025-02-21 13:00:00+01:00,1.5816947
2025,CO2/CO/NOx,2025-02-21 14:00:00+01:00,1.5613295
2025,CO2/CO/NOx,2025-02-21 15:00:00+01:00,1.5545411
2025,CO2/CO/NOx,2025-02-21 16:00:00+01:00,1.5613295
2025,CO2/CO/NOx,2025-02-21 17:00:00+01:00,1.6427902
2025,CO2/CO/NOx,2025-02-21 18:00:00+01:00,1.6631553
2025,CO2/CO/NOx,2025-02-21 19:00:00+01:00,1.6699438
2025,CO2/CO/NOx,2025-02-21 20:00:00+01:00,1.7038857
2025,CO2/CO/NOx,2025-02-21 21:00:00+01:00,1.0386236
2025,CO2/CO/NOx,2025-02-21 22:00:00+01:00,0.88249063
2025,CO2/CO/NOx,2025-02-21 23:00:00+01:00,0.8757022
2025,CO2/CO/NOx,2025-02-22 00:00:00+01:00,0.644897
2025,CO2/CO/NOx,2025-02-22 01:00:00+01:00,0.5634363
2025,CO2/CO/NOx,2025-02-22 02:00:00+01:00,0.5838015
2025,CO2/CO/NOx,2025-02-22 03:00:00+01:00,0.644897
2025,CO2/CO/NOx,2025-02-22 04:00:00+01:00,0.66526216
2025,CO2/CO/NOx,2025-02-22 05:00:00+01:00,0.66526216
2025,CO2/CO/NOx,2025-02-22 06:00:00+01:00,0.67205054
2025,CO2/CO/NOx,2025-02-22 07:00:00+01:00,0.6992041
2025,CO2/CO/NOx,2025-02-22 08:00:00+01:00,0.6924157
2025,CO2/CO/NOx,2025-02-22 09:00:00+01:00,0.6924157
2025,CO2/CO/NOx,2025-02-22 10:00:00+01:00,0.6992041
2025,CO2/CO/NOx,2025-02-22 11:00:00+01:00,0.6992041
2025,CO2/CO/NOx,2025-02-22 12:00:00+01:00,0.5362828
2025,CO2/CO/NOx,2025-02-22 13:00:00+01:00,0.644897
2025,CO2/CO/NOx,2025-02-22 14:00:00+01:00,0.73993444
2025,CO2/CO/NOx,2025-02-22 15:00:00+01:00,0.8960674
2025,CO2/CO/NOx,2025-02-22 16:00:00+01:00,1.0793539
2025,CO2/CO/NOx,2025-02-22 17:00:00+01:00,1.1540262
2025,CO2/CO/NOx,2025-02-22 18:00:00+01:00,1.1879681
2025,CO2/CO/NOx,2025-02-22 19:00:00+01:00,1.255852
2025,CO2/CO/NOx,2025-02-22 20:00:00+01:00,1.289794
2025,CO2/CO/NOx,2025-02-22 21:00:00+01:00,1.2286985
2025,CO2/CO/NOx,2025-02-22 22:00:00+01:00,1.1608145
2025,CO2/CO/NOx,2025-02-22 23:00:00+01:00,0.9639513
2025,CO2/CO/NOx,2025-02-23 00:00:00+01:00,0.8960674
2025,CO2/CO/NOx,2025-02-23 01:00:00+01:00,0.88249063
2025,CO2/CO/NOx,2025-02-23 02:00:00+01:00,0.88249063
2025,CO2/CO/NOx,2025-02-23 03:00:00+01:00,0.8757022
2025,CO2/CO/NOx,2025-02-23 04:00:00+01:00,0.8757022
2025,CO2/CO/NOx,2025-02-23 05:00:00+01:00,0.93679774
2025,CO2/CO/NOx,2025-02-23 06:00:00+01:00,0.98431647
2025,CO2/CO/NOx,2025-02-23 07:00:00+01:00,1.0793539
2025,CO2/CO/NOx,2025-02-23 08:00:00+01:00,1.1608145
2025,CO2/CO/NOx,2025-02-23 09:00:00+01:00,1.1947565
2025,CO2/CO/NOx,2025-02-23 10:00:00+01:00,1.1811798
2025,CO2/CO/NOx,2025-02-23 11:00:00+01:00,1.0929307
2025,CO2/CO/NOx,2025-02-23 12:00:00+01:00,0.8213951
2025,CO2/CO/NOx,2025-02-23 13:00:00+01:00,0.59737825
2025,CO2/CO/NOx,2025-02-23 14:00:00+01:00,0.5770131
2025,CO2/CO/NOx,2025-02-23 15:00:00+01:00,0.644897
2025,CO2/CO/NOx,2025-02-23 16:00:00+01:00,1.0250468
2025,CO2/CO/NOx,2025-02-23 17:00:00+01:00,1.1811798
2025,CO2/CO/NOx,2025-02-23 18:00:00+01:00,1.1811798
2025,CO2/CO/NOx,2025-02-23 19:00:00+01:00,1.1811798
2025,CO2/CO/NOx,2025-02-23 20:00:00+01:00,1.0046816
2025,CO2/CO/NOx,2025-02-23 21:00:00+01:00,0.93679774
2025,CO2/CO/NOx,2025-02-23 22:00:00+01:00,0.9435861
2025,CO2/CO/NOx,2025-02-23 23:00:00+01:00,0.77387637
2025,CO2/CO/NOx,2025-02-24 00:00:00+01:00,0.72635764
2025,CO2/CO/NOx,2025-02-24 01:00:00+01:00,0.71956927
2025,CO2/CO/NOx,2025-02-24 02:00:00+01:00,0.71956927
2025,CO2/CO/NOx,2025-02-24 03:00:00+01:00,0.72635764
2025,CO2/CO/NOx,2025-02-24 04:00:00+01:00,0.72635764
2025,CO2/CO/NOx,2025-02-24 05:00:00+01:00,0.8213951
2025,CO2/CO/NOx,2025-02-24 06:00:00+01:00,1.2015449
2025,CO2/CO/NOx,2025-02-24 07:00:00+01:00,2.0161517
2025,CO2/CO/NOx,2025-02-24 08:00:00+01:00,2.036517
2025,CO2/CO/NOx,2025-02-24 09:00:00+01:00,2.1315541
2025,CO2/CO/NOx,2025-02-24 10:00:00+01:00,2.1383426
2025,CO2/CO/NOx,2025-02-24 11:00:00+01:00,2.0093632
2025,CO2/CO/NOx,2025-02-24 12:00:00+01:00,1.988998
2025,CO2/CO/NOx,2025-02-24 13:00:00+01:00,1.6699438
2025,CO2/CO/NOx,2025-02-24 14:00:00+01:00,0.86212546
2025,CO2/CO/NOx,2025-02-24 15:00:00+01:00,0.7535112
2025,CO2/CO/NOx,2025-02-24 16:00:00+01:00,0.855337
2025,CO2/CO/NOx,2025-02-24 17:00:00+01:00,0.9639513
2025,CO2/CO/NOx,2025-02-24 18:00:00+01:00,1.1200843
2025,CO2/CO/NOx,2025-02-24 19:00:00+01:00,1.1811798
2025,CO2/CO/NOx,2025-02-24 20:00:00+01:00,1.1811798
2025,CO2/CO/NOx,2025-02-24 21:00:00+01:00,1.0929307
2025,CO2/CO/NOx,2025-02-24 22:00:00+01:00,0.99110484
2025,CO2/CO/NOx,2025-02-24 23:00:00+01:00,0.97752804
2025,CO2/CO/NOx,2025-02-25 00:00:00+01:00,0.9300093
2025,CO2/CO/NOx,2025-02-25 01:00:00+01:00,0.9096442
2025,CO2/CO/NOx,2025-02-25 02:00:00+01:00,0.90285575
2025,CO2/CO/NOx,2025-02-25 03:00:00+01:00,0.9096442
2025,CO2/CO/NOx,2025-02-25 04:00:00+01:00,1.1268727
2025,CO2/CO/NOx,2025-02-25 05:00:00+01:00,1.7514044
2025,CO2/CO/NOx,2025-02-25 06:00:00+01:00,2.4030898
2025,CO2/CO/NOx,2025-02-25 07:00:00+01:00,2.4506085
2025,CO2/CO/NOx,2025-02-25 08:00:00+01:00,2.4438202
2025,CO2/CO/NOx,2025-02-25 09:00:00+01:00,2.3963015
2025,CO2/CO/NOx,2025-02-25 10:00:00+01:00,2.2062266
2025,CO2/CO/NOx,2025-02-25 11:00:00+01:00,1.7581928
2025,CO2/CO/NOx,2025-02-25 12:00:00+01:00,1.710674
2025,CO2/CO/NOx,2025-02-25 13:00:00+01:00,1.6360018
2025,CO2/CO/NOx,2025-02-25 14:00:00+01:00,1.6360018
2025,CO2/CO/NOx,2025-02-25 15:00:00+01:00,2.1722846
2025,CO2/CO/NOx,2025-02-25 16:00:00+01:00,2.389513
2025,CO2/CO/NOx,2025-02-25 17:00:00+01:00,2.3963015
2025,CO2/CO/NOx,2025-02-25 18:00:00+01:00,2.4166665
2025,CO2/CO/NOx,2025-02-25 19:00:00+01:00,2.4098783
2025,CO2/CO/NOx,2025-02-25 20:00:00+01:00,2.423455
2025,CO2/CO/NOx,2025-02-25 21:00:00+01:00,2.423455
2025,CO2/CO/NOx,2025-02-25 22:00:00+01:00,2.423455
2025,CO2/CO/NOx,2025-02-25 23:00:00+01:00,2.4506085
2025,CO2/CO/NOx,2025-02-26 00:00:00+01:00,2.4166665
2025,CO2/CO/NOx,2025-02-26 01:00:00+01:00,2.3419943
2025,CO2/CO/NOx,2025-02-26 02:00:00+01:00,2.3419943
2025,CO2/CO/NOx,2025-02-26 03:00:00+01:00,2.3419943
2025,CO2/CO/NOx,2025-02-26 04:00:00+01:00,2.3419943
2025,CO2/CO/NOx,2025-02-26 05:00:00+01:00,2.4302433
2025,CO2/CO/NOx,2025-02-26 06:00:00+01:00,2.4709737
2025,CO2/CO/NOx,2025-02-26 07:00:00+01:00,2.477762
2025,CO2/CO/NOx,2025-02-26 08:00:00+01:00,2.477762
2025,CO2/CO/NOx,2025-02-26 09:00:00+01:00,2.457397
2025,CO2/CO/NOx,2025-02-26 10:00:00+01:00,2.457397
2025,CO2/CO/NOx,2025-02-26 11:00:00+01:00,2.457397
2025,CO2/CO/NOx,2025-02-26 12:00:00+01:00,2.4438202
2025,CO2/CO/NOx,2025-02-26 13:00:00+01:00,2.457397
2025,CO2/CO/NOx,2025-02-26 14:00:00+01:00,2.4641852
2025,CO2/CO/NOx,2025-02-26 15:00:00+01:00,2.4709737
2025,CO2/CO/NOx,2025-02-26 16:00:00+01:00,2.491339
2025,CO2/CO/NOx,2025-02-26 17:00:00+01:00,2.4981272
2025,CO2/CO/NOx,2025-02-26 18:00:00+01:00,2.491339
2025,CO2/CO/NOx,2025-02-26 19:00:00+01:00,2.4709737
2025,CO2/CO/NOx,2025-02-26 20:00:00+01:00,2.4709737
2025,CO2/CO/NOx,2025-02-26 21:00:00+01:00,2.3691478
2025,CO2/CO/NOx,2025-02-26 22:00:00+01:00,2.3691478
2025,CO2/CO/NOx,2025-02-26 23:00:00+01:00,1.6699438
2025,CO2/CO/NOx,2025-02-27 00:00:00+01:00,1.3305243
2025,CO2/CO/NOx,2025-02-27 01:00:00+01:00,1.3169476
2025,CO2/CO/NOx,2025-02-27 02:00:00+01:00,1.3305243
2025,CO2/CO/NOx,2025-02-27 03:00:00+01:00,1.378043
2025,CO2/CO/NOx,2025-02-27 04:00:00+01:00,1.5613295
2025,CO2/CO/NOx,2025-02-27 05:00:00+01:00,2.02294
2025,CO2/CO/NOx,2025-02-27 06:00:00+01:00,2.4030898
2025,CO2/CO/NOx,2025-02-27 07:00:00+01:00,2.5320692
2025,CO2/CO/NOx,2025-02-27 08:00:00+01:00,2.4981272
2025,CO2/CO/NOx,2025-02-27 09:00:00+01:00,2.4302433
2025,CO2/CO/NOx,2025-02-27 10:00:00+01:00,2.23338
2025,CO2/CO/NOx,2025-02-27 11:00:00+01:00,1.8532302
2025,CO2/CO/NOx,2025-02-27 12:00:00+01:00,1.8328651
2025,CO2/CO/NOx,2025-02-27 13:00:00+01:00,1.8600186
2025,CO2/CO/NOx,2025-02-27 14:00:00+01:00,1.8057115
2025,CO2/CO/NOx,2025-02-27 15:00:00+01:00,1.988998
2025,CO2/CO/NOx,2025-02-27 16:00:00+01:00,2.4438202
2025,CO2/CO/NOx,2025-02-27 17:00:00+01:00,2.4438202
2025,CO2/CO/NOx,2025-02-27 18:00:00+01:00,2.4370317
2025,CO2/CO/NOx,2025-02-27 19:00:00+01:00,2.4370317
2025,CO2/CO/NOx,2025-02-27 20:00:00+01:00,2.423455
2025,CO2/CO/NOx,2025-02-27 21:00:00+01:00,2.4166665
2025,CO2/CO/NOx,2025-02-27 22:00:00+01:00,1.7310393
2025,CO2/CO/NOx,2025-02-27 23:00:00+01:00,1.3033707
2025,CO2/CO/NOx,2025-02-28 00:00:00+01:00,1.3169476
2025,CO2/CO/NOx,2025-02-28 01:00:00+01:00,1.3101591
2025,CO2/CO/NOx,2025-02-28 02:00:00+01:00,1.3169476
2025,CO2/CO/NOx,2025-02-28 03:00:00+01:00,1.3169476
2025,CO2/CO/NOx,2025-02-28 04:00:00+01:00,1.3033707
2025,CO2/CO/NOx,2025-02-28 05:00:00+01:00,1.7921348
2025,CO2/CO/NOx,2025-02-28 06:00:00+01:00,2.4030898
2025,CO2/CO/NOx,2025-02-28 07:00:00+01:00,2.4166665
2025,CO2/CO/NOx,2025-02-28 08:00:00+01:00,2.4166665
2025,CO2/CO/NOx,2025-02-28 09:00:00+01:00,2.423455
2025,CO2/CO/NOx,2025-02-28 10:00:00+01:00,2.423455
2025,CO2/CO/NOx,2025-02-28 11:00:00+01:00,2.4641852
2025,CO2/CO/NOx,2025-02-28 12:00:00+01:00,2.4641852
2025,CO2/CO/NOx,2025-02-28 13:00:00+01:00,2.4845505
2025,CO2/CO/NOx,2025-02-28 14:00:00+01:00,2.4506085
2025,CO2/CO/NOx,2025-02-28 15:00:00+01:00,2.4370317
2025,CO2/CO/NOx,2025-02-28 16:00:00+01:00,2.4438202
2025,CO2/CO/NOx,2025-02-28 17:00:00+01:00,2.4438202
2025,CO2/CO/NOx,2025-02-28 18:00:00+01:00,2.4370317
2025,CO2/CO/NOx,2025-02-28 19:00:00+01:00,2.4438202
2025,CO2/CO/NOx,2025-02-28 20:00:00+01:00,2.4438202
2025,CO2/CO/NOx,2025-02-28 21:00:00+01:00,2.3827245
2025,CO2/CO/NOx,2025-02-28 22:00:00+01:00,2.3419943
2025,CO2/CO/NOx,2025-02-28 23:00:00+01:00,2.3419943
2025,CO2/CO/NOx,2025-03-01 00:00:00+01:00,2.389513
2025,CO2/CO/NOx,2025-03-01 01:00:00+01:00,2.3487828
2025,CO2/CO/NOx,2025-03-01 02:00:00+01:00,2.090824
2025,CO2/CO/NOx,2025-03-01 03:00:00+01:00,2.0772471
2025,CO2/CO/NOx,2025-03-01 04:00:00+01:00,2.3623595
2025,CO2/CO/NOx,2025-03-01 05:00:00+01:00,2.4641852
2025,CO2/CO/NOx,2025-03-01 06:00:00+01:00,2.4981272
2025,CO2/CO/NOx,2025-03-01 07:00:00+01:00,2.5184925
2025,CO2/CO/NOx,2025-03-01 08:00:00+01:00,2.545646
2025,CO2/CO/NOx,2025-03-01 09:00:00+01:00,2.5524344
2025,CO2/CO/NOx,2025-03-01 10:00:00+01:00,2.5184925
2025,CO2/CO/NOx,2025-03-01 11:00:00+01:00,2.477762
2025,CO2/CO/NOx,2025-03-01 12:00:00+01:00,2.4506085
2025,CO2/CO/NOx,2025-03-01 13:00:00+01:00,2.4302433
2025,CO2/CO/NOx,2025-03-01 14:00:00+01:00,2.423455
2025,CO2/CO/NOx,2025-03-01 15:00:00+01:00,2.4370317
2025,CO2/CO/NOx,2025-03-01 16:00:00+01:00,2.477762
2025,CO2/CO/NOx,2025-03-01 17:00:00+01:00,2.491339
2025,CO2/CO/NOx,2025-03-01 18:00:00+01:00,2.4845505
2025,CO2/CO/NOx,2025-03-01 19:00:00+01:00,2.4641852
2025,CO2/CO/NOx,2025-03-01 20:00:00+01:00,2.4302433
2025,CO2/CO/NOx,2025-03-01 21:00:00+01:00,2.4438202
2025,CO2/CO/NOx,2025-03-01 22:00:00+01:00,2.4709737
2025,CO2/CO/NOx,2025-03-01 23:00:00+01:00,2.1179774
2025,CO2/CO/NOx,2025-03-02 00:00:00+01:00,1.3305243
2025,CO2/CO/NOx,2025-03-02 01:00:00+01:00,1.3644662
2025,CO2/CO/NOx,2025-03-02 02:00:00+01:00,1.3508894
2025,CO2/CO/NOx,2025-03-02 03:00:00+01:00,1.4119849
2025,CO2/CO/NOx,2025-03-02 04:00:00+01:00,2.2605336
2025,CO2/CO/NOx,2025-03-02 05:00:00+01:00,2.457397
2025,CO2/CO/NOx,2025-03-02 06:00:00+01:00,2.4709737
2025,CO2/CO/NOx,2025-03-02 07:00:00+01:00,2.4098783
2025,CO2/CO/NOx,2025-03-02 08:00:00+01:00,2.389513
2025,CO2/CO/NOx,2025-03-02 09:00:00+01:00,1.8396535
2025,CO2/CO/NOx,2025-03-02 10:00:00+01:00,0.8960674
2025,CO2/CO/NOx,2025-03-02 11:00:00+01:00,0.68562734
2025,CO2/CO/NOx,2025-03-02 12:00:00+01:00,0.644897
2025,CO2/CO/NOx,2025-03-02 13:00:00+01:00,0.6245318
2025,CO2/CO/NOx,2025-03-02 14:00:00+01:00,0.644897
2025,CO2/CO/NOx,2025-03-02 15:00:00+01:00,0.6584738
2025,CO2/CO/NOx,2025-03-02 16:00:00+01:00,1.1065074
2025,CO2/CO/NOx,2025-03-02 17:00:00+01:00,1.2694288
2025,CO2/CO/NOx,2025-03-02 18:00:00+01:00,1.4255618
2025,CO2/CO/NOx,2025-03-02 19:00:00+01:00,2.2130148
2025,CO2/CO/NOx,2025-03-02 20:00:00+01:00,2.3691478
2025,CO2/CO/NOx,2025-03-02 21:00:00+01:00,2.3623595
2025,CO2/CO/NOx,2025-03-02 22:00:00+01:00,2.4030898
2025,CO2/CO/NOx,2025-03-02 23:00:00+01:00,2.3623595
2025,CO2/CO/NOx,2025-03-03 00:00:00+01:00,2.3148408
2025,CO2/CO/NOx,2025-03-03 01:00:00+01:00,2.2401686
2025,CO2/CO/NOx,2025-03-03 02:00:00+01:00,2.23338
2025,CO2/CO/NOx,2025-03-03 03:00:00+01:00,2.23338
2025,CO2/CO/NOx,2025-03-03 04:00:00+01:00,2.3080523
2025,CO2/CO/NOx,2025-03-03 05:00:00+01:00,2.3623595
2025,CO2/CO/NOx,2025-03-03 06:00:00+01:00,2.477762
2025,CO2/CO/NOx,2025-03-03 07:00:00+01:00,2.545646
2025,CO2/CO/NOx,2025-03-03 08:00:00+01:00,2.5049157
2025,CO2/CO/NOx,2025-03-03 09:00:00+01:00,2.1858613
2025,CO2/CO/NOx,2025-03-03 10:00:00+01:00,1.2219101
2025,CO2/CO/NOx,2025-03-03 11:00:00+01:00,0.71956927
2025,CO2/CO/NOx,2025-03-03 12:00:00+01:00,0.61774343
2025,CO2/CO/NOx,2025-03-03 13:00:00+01:00,0.6245318
2025,CO2/CO/NOx,2025-03-03 14:00:00+01:00,0.6313202
2025,CO2/CO/NOx,2025-03-03 15:00:00+01:00,0.68562734
2025,CO2/CO/NOx,2025-03-03 16:00:00+01:00,1.5545411
2025,CO2/CO/NOx,2025-03-03 17:00:00+01:00,2.335206
2025,CO2/CO/NOx,2025-03-03 18:00:00+01:00,2.4438202
2025,CO2/CO/NOx,2025-03-03 19:00:00+01:00,2.4641852
2025,CO2/CO/NOx,2025-03-03 20:00:00+01:00,2.4709737
2025,CO2/CO/NOx,2025-03-03 21:00:00+01:00,2.477762
2025,CO2/CO/NOx,2025-03-03 22:00:00+01:00,2.389513
2025,CO2/CO/NOx,2025-03-03 23:00:00+01:00,2.23338
2025,CO2/CO/NOx,2025-03-04 00:00:00+01:00,2.23338
2025,CO2/CO/NOx,2025-03-04 01:00:00+01:00,2.165496
2025,CO2/CO/NOx,2025-03-04 02:00:00+01:00,2.1587079
2025,CO2/CO/NOx,2025-03-04 03:00:00+01:00,2.165496
2025,CO2/CO/NOx,2025-03-04 04:00:00+01:00,2.3284175
2025,CO2/CO/NOx,2025-03-04 05:00:00+01:00,2.4030898
2025,CO2/CO/NOx,2025-03-04 06:00:00+01:00,2.4845505
2025,CO2/CO/NOx,2025-03-04 07:00:00+01:00,2.5727994
2025,CO2/CO/NOx,2025-03-04 08:00:00+01:00,2.5320692
2025,CO2/CO/NOx,2025-03-04 09:00:00+01:00,2.4709737
2025,CO2/CO/NOx,2025-03-04 10:00:00+01:00,2.3487828
2025,CO2/CO/NOx,2025-03-04 11:00:00+01:00,1.2286985
2025,CO2/CO/NOx,2025-03-04 12:00:00+01:00,0.67205054
2025,CO2/CO/NOx,2025-03-04 13:00:00+01:00,0.65168536
2025,CO2/CO/NOx,2025-03-04 14:00:00+01:00,0.6381086
2025,CO2/CO/NOx,2025-03-04 15:00:00+01:00,0.6381086
2025,CO2/CO/NOx,2025-03-04 16:00:00+01:00,1.1200843
2025,CO2/CO/NOx,2025-03-04 17:00:00+01:00,2.2741103
2025,CO2/CO/NOx,2025-03-04 18:00:00+01:00,2.4166665
2025,CO2/CO/NOx,2025-03-04 19:00:00+01:00,2.4166665
2025,CO2/CO/NOx,2025-03-04 20:00:00+01:00,2.4166665
2025,CO2/CO/NOx,2025-03-04 21:00:00+01:00,2.4166665
2025,CO2/CO/NOx,2025-03-04 22:00:00+01:00,2.3759363
2025,CO2/CO/NOx,2025-03-04 23:00:00+01:00,2.3827245
2025,CO2/CO/NOx,2025-03-05 00:00:00+01:00,2.090824
2025,CO2/CO/NOx,2025-03-05 01:00:00+01:00,1.9822097
2025,CO2/CO/NOx,2025-03-05 02:00:00+01:00,1.9822097
2025,CO2/CO/NOx,2025-03-05 03:00:00+01:00,1.988998
2025,CO2/CO/NOx,2025-03-05 04:00:00+01:00,2.1858613
2025,CO2/CO/NOx,2025-03-05 05:00:00+01:00,2.389513
2025,CO2/CO/NOx,2025-03-05 06:00:00+01:00,2.491339
2025,CO2/CO/NOx,2025-03-05 07:00:00+01:00,2.5524344
2025,CO2/CO/NOx,2025-03-05 08:00:00+01:00,2.165496
2025,CO2/CO/NOx,2025-03-05 09:00:00+01:00,1.2286985
2025,CO2/CO/NOx,2025-03-05 10:00:00+01:00,0.8213951
2025,CO2/CO/NOx,2025-03-05 11:00:00+01:00,0.644897
2025,CO2/CO/NOx,2025-03-05 12:00:00+01:00,0.52949435
2025,CO2/CO/NOx,2025-03-05 13:00:00+01:00,0.5023408
2025,CO2/CO/NOx,2025-03-05 14:00:00+01:00,0.5023408
2025,CO2/CO/NOx,2025-03-05 15:00:00+01:00,0.61774343
2025,CO2/CO/NOx,2025-03-05 16:00:00+01:00,1.1811798
2025,CO2/CO/NOx,2025-03-05 17:00:00+01:00,2.1858613
2025,CO2/CO/NOx,2025-03-05 18:00:00+01:00,2.3759363
2025,CO2/CO/NOx,2025-03-05 19:00:00+01:00,2.4030898
2025,CO2/CO/NOx,2025-03-05 20:00:00+01:00,2.4438202
2025,CO2/CO/NOx,2025-03-05 21:00:00+01:00,2.4709737
2025,CO2/CO/NOx,2025-03-05 22:00:00+01:00,2.4641852
2025,CO2/CO/NOx,2025-03-05 23:00:00+01:00,2.457397
2025,CO2/CO/NOx,2025-03-06 00:00:00+01:00,2.090824
2025,CO2/CO/NOx,2025-03-06 01:00:00+01:00,1.9822097
2025,CO2/CO/NOx,2025-03-06 02:00:00+01:00,2.0093632
2025,CO2/CO/NOx,2025-03-06 03:00:00+01:00,2.002575
2025,CO2/CO/NOx,2025-03-06 04:00:00+01:00,2.0433052
2025,CO2/CO/NOx,2025-03-06 05:00:00+01:00,2.4302433
2025,CO2/CO/NOx,2025-03-06 06:00:00+01:00,2.545646
2025,CO2/CO/NOx,2025-03-06 07:00:00+01:00,2.5592227
2025,CO2/CO/NOx,2025-03-06 08:00:00+01:00,2.3759363
2025,CO2/CO/NOx,2025-03-06 09:00:00+01:00,2.002575
2025,CO2/CO/NOx,2025-03-06 10:00:00+01:00,2.036517
2025,CO2/CO/NOx,2025-03-06 11:00:00+01:00,1.9279026
2025,CO2/CO/NOx,2025-03-06 12:00:00+01:00,1.1743914
2025,CO2/CO/NOx,2025-03-06 13:00:00+01:00,0.66526216
2025,CO2/CO/NOx,2025-03-06 14:00:00+01:00,0.6041666
2025,CO2/CO/NOx,2025-03-06 15:00:00+01:00,0.644897
2025,CO2/CO/NOx,2025-03-06 16:00:00+01:00,1.4255618
2025,CO2/CO/NOx,2025-03-06 17:00:00+01:00,2.1519194
2025,CO2/CO/NOx,2025-03-06 18:00:00+01:00,2.355571
2025,CO2/CO/NOx,2025-03-06 19:00:00+01:00,2.3827245
2025,CO2/CO/NOx,2025-03-06 20:00:00+01:00,2.4098783
2025,CO2/CO/NOx,2025-03-06 21:00:00+01:00,2.4166665
2025,CO2/CO/NOx,2025-03-06 22:00:00+01:00,2.4506085
2025,CO2/CO/NOx,2025-03-06 23:00:00+01:00,2.3284175
2025,CO2/CO/NOx,2025-03-07 00:00:00+01:00,2.2062266
2025,CO2/CO/NOx,2025-03-07 01:00:00+01:00,1.7038857
2025,CO2/CO/NOx,2025-03-07 02:00:00+01:00,1.8057115
2025,CO2/CO/NOx,2025-03-07 03:00:00+01:00,2.090824
2025,CO2/CO/NOx,2025-03-07 04:00:00+01:00,2.4030898
2025,CO2/CO/NOx,2025-03-07 05:00:00+01:00,2.491339
2025,CO2/CO/NOx,2025-03-07 06:00:00+01:00,2.4981272
2025,CO2/CO/NOx,2025-03-07 07:00:00+01:00,2.477762
2025,CO2/CO/NOx,2025-03-07 08:00:00+01:00,2.4981272
2025,CO2/CO/NOx,2025-03-07 09:00:00+01:00,1.6088482
2025,CO2/CO/NOx,2025-03-07 10:00:00+01:00,0.97073966
2025,CO2/CO/NOx,2025-03-07 11:00:00+01:00,0.61774343
2025,CO2/CO/NOx,2025-03-07 12:00:00+01:00,0.5770131
2025,CO2/CO/NOx,2025-03-07 13:00:00+01:00,0.5770131
2025,CO2/CO/NOx,2025-03-07 14:00:00+01:00,0.5770131
2025,CO2/CO/NOx,2025-03-07 15:00:00+01:00,0.5770131
2025,CO2/CO/NOx,2025-03-07 16:00:00+01:00,1.1268727
2025,CO2/CO/NOx,2025-03-07 17:00:00+01:00,2.267322
2025,CO2/CO/NOx,2025-03-07 18:00:00+01:00,2.5184925
2025,CO2/CO/NOx,2025-03-07 19:00:00+01:00,2.457397
2025,CO2/CO/NOx,2025-03-07 20:00:00+01:00,1.9822097
2025,CO2/CO/NOx,2025-03-07 21:00:00+01:00,1.1472378
2025,CO2/CO/NOx,2025-03-07 22:00:00+01:00,0.9503745
2025,CO2/CO/NOx,2025-03-07 23:00:00+01:00,0.9571629
2025,CO2/CO/NOx,2025-03-08 00:00:00+01:00,0.66526216
2025,CO2/CO/NOx,2025-03-08 01:00:00+01:00,0.5838015
2025,CO2/CO/NOx,2025-03-08 02:00:00+01:00,0.5838015
2025,CO2/CO/NOx,2025-03-08 03:00:00+01:00,0.5838015
2025,CO2/CO/NOx,2025-03-08 04:00:00+01:00,0.70599246
2025,CO2/CO/NOx,2025-03-08 05:00:00+01:00,0.9096442
2025,CO2/CO/NOx,2025-03-08 06:00:00+01:00,0.9571629
2025,CO2/CO/NOx,2025-03-08 07:00:00+01:00,0.9571629
2025,CO2/CO/NOx,2025-03-08 08:00:00+01:00,0.9096442
2025,CO2/CO/NOx,2025-03-08 09:00:00+01:00,0.4480337
2025,CO2/CO/NOx,2025-03-08 10:00:00+01:00,0.067883894
2025,CO2/CO/NOx,2025-03-08 11:00:00+01:00,0.0
2025,CO2/CO/NOx,2025-03-08 12:00:00+01:00,0.0
2025,CO2/CO/NOx,2025-03-08 13:00:00+01:00,0.0
2025,CO2/CO/NOx,2025-03-08 14:00:00+01:00,0.0
2025,CO2/CO/NOx,2025-03-08 15:00:00+01:00,0.0
2025,CO2/CO/NOx,2025-03-08 16:00:00+01:00,0.0
2025,CO2/CO/NOx,2025-03-08 17:00:00+01:00,0.33941945
2025,CO2/CO/NOx,2025-03-08 18:00:00+01:00,0.767088
2025,CO2/CO/NOx,2025-03-08 19:00:00+01:00,0.5905899
2025,CO2/CO/NOx,2025-03-08 20:00:00+01:00,0.3937266
2025,CO2/CO/NOx,2025-03-08 21:00:00+01:00,0.3937266
2025,CO2/CO/NOx,2025-03-08 22:00:00+01:00,0.3937266
2025,CO2/CO/NOx,2025-03-08 23:00:00+01:00,0.3937266
2025,CO2/CO/NOx,2025-03-09 00:00:00+01:00,0.3937266
2025,CO2/CO/NOx,2025-03-09 01:00:00+01:00,0.3937266
2025,CO2/CO/NOx,2025-03-09 02:00:00+01:00,0.3937266
2025,CO2/CO/NOx,2025-03-09 03:00:00+01:00,0.3937266
2025,CO2/CO/NOx,2025-03-09 04:00:00+01:00,0.5091292
2025,CO2/CO/NOx,2025-03-09 05:00:00+01:00,0.61095506
2025,CO2/CO/NOx,2025-03-09 06:00:00+01:00,0.6313202
2025,CO2/CO/NOx,2025-03-09 07:00:00+01:00,0.6381086
2025,CO2/CO/NOx,2025-03-09 08:00:00+01:00,0.38693818
2025,CO2/CO/NOx,2025-03-09 09:00:00+01:00,0.07467228
2025,CO2/CO/NOx,2025-03-09 10:00:00+01:00,0.0
2025,CO2/CO/NOx,2025-03-09 11:00:00+01:00,0.0
2025,CO2/CO/NOx,2025-03-09 12:00:00+01:00,0.0
2025,CO2/CO/NOx,2025-03-09 13:00:00+01:00,0.0
2025,CO2/CO/NOx,2025-03-09 14:00:00+01:00,0.0
2025,CO2/CO/NOx,2025-03-09 15:00:00+01:00,0.0
2025,CO2/CO/NOx,2025-03-09 16:00:00+01:00,0.061095502
2025,CO2/CO/NOx,2025-03-09 17:00:00+01:00,0.35299623
2025,CO2/CO/NOx,2025-03-09 18:00:00+01:00,0.5023408
2025,CO2/CO/NOx,2025-03-09 19:00:00+01:00,0.78066474
2025,CO2/CO/NOx,2025-03-09 20:00:00+01:00,0.8213951
2025,CO2/CO/NOx,2025-03-09 21:00:00+01:00,0.6584738
2025,CO2/CO/NOx,2025-03-09 22:00:00+01:00,0.59737825
2025,CO2/CO/NOx,2025-03-09 23:00:00+01:00,0.4480337
2025,CO2/CO/NOx,2025-03-10 00:00:00+01:00,0.3937266
2025,CO2/CO/NOx,2025-03-10 01:00:00+01:00,0.3937266
2025,CO2/CO/NOx,2025-03-10 02:00:00+01:00,0.3937266
2025,CO2/CO/NOx,2025-03-10 03:00:00+01:00,0.3937266
2025,CO2/CO/NOx,2025-03-10 04:00:00+01:00,0.5498595
2025,CO2/CO/NOx,2025-03-10 05:00:00+01:00,0.8146067
2025,CO2/CO/NOx,2025-03-10 06:00:00+01:00,0.9300093
2025,CO2/CO/NOx,2025-03-10 07:00:00+01:00,0.93679774
2025,CO2/CO/NOx,2025-03-10 08:00:00+01:00,0.92322093
2025,CO2/CO/NOx,2025-03-10 09:00:00+01:00,0.91643256
2025,CO2/CO/NOx,2025-03-10 10:00:00+01:00,0.855337
2025,CO2/CO/NOx,2025-03-10 11:00:00+01:00,0.88249063
2025,CO2/CO/NOx,2025-03-10 12:00:00+01:00,0.889279
2025,CO2/CO/NOx,2025-03-10 13:00:00+01:00,0.8960674
2025,CO2/CO/NOx,2025-03-10 14:00:00+01:00,0.6992041
2025,CO2/CO/NOx,2025-03-10 15:00:00+01:00,0.80781835
2025,CO2/CO/NOx,2025-03-10 16:00:00+01:00,0.90285575
2025,CO2/CO/NOx,2025-03-10 17:00:00+01:00,0.90285575
2025,CO2/CO/NOx,2025-03-10 18:00:00+01:00,0.90285575
2025,CO2/CO/NOx,2025-03-10 19:00:00+01:00,0.9096442
2025,CO2/CO/NOx,2025-03-10 20:00:00+01:00,0.91643256
2025,CO2/CO/NOx,2025-03-10 21:00:00+01:00,0.92322093
2025,CO2/CO/NOx,2025-03-10 22:00:00+01:00,0.93679774
2025,CO2/CO/NOx,2025-03-10 23:00:00+01:00,0.5159176
2025,CO2/CO/NOx,2025-03-11 00:00:00+01:00,0.3801498
2025,CO2/CO/NOx,2025-03-11 01:00:00+01:00,0.3733614
2025,CO2/CO/NOx,2025-03-11 02:00:00+01:00,0.38693818
2025,CO2/CO/NOx,2025-03-11 03:00:00+01:00,0.42088014
2025,CO2/CO/NOx,2025-03-11 04:00:00+01:00,0.7874532
2025,CO2/CO/NOx,2025-03-11 05:00:00+01:00,0.93679774
2025,CO2/CO/NOx,2025-03-11 06:00:00+01:00,0.9503745
2025,CO2/CO/NOx,2025-03-11 07:00:00+01:00,0.9435861
2025,CO2/CO/NOx,2025-03-11 08:00:00+01:00,0.9435861
2025,CO2/CO/NOx,2025-03-11 09:00:00+01:00,0.92322093
2025,CO2/CO/NOx,2025-03-11 10:00:00+01:00,0.644897
2025,CO2/CO/NOx,2025-03-11 11:00:00+01:00,0.4344569
2025,CO2/CO/NOx,2025-03-11 12:00:00+01:00,0.3937266
2025,CO2/CO/NOx,2025-03-11 13:00:00+01:00,0.3937266
2025,CO2/CO/NOx,2025-03-11 14:00:00+01:00,0.3733614
2025,CO2/CO/NOx,2025-03-11 15:00:00+01:00,0.5091292
2025,CO2/CO/NOx,2025-03-11 16:00:00+01:00,0.78066474
2025,CO2/CO/NOx,2025-03-11 17:00:00+01:00,0.88249063
2025,CO2/CO/NOx,2025-03-11 18:00:00+01:00,0.889279
2025,CO2/CO/NOx,2025-03-11 19:00:00+01:00,0.8960674
2025,CO2/CO/NOx,2025-03-11 20:00:00+01:00,0.90285575
2025,CO2/CO/NOx,2025-03-11 21:00:00+01:00,0.91643256
2025,CO2/CO/NOx,2025-03-11 22:00:00+01:00,0.88249063
2025,CO2/CO/NOx,2025-03-11 23:00:00+01:00,0.47518724
2025,CO2/CO/NOx,2025-03-12 00:00:00+01:00,0.3801498
2025,CO2/CO/NOx,2025-03-12 01:00:00+01:00,0.3801498
2025,CO2/CO/NOx,2025-03-12 02:00:00+01:00,0.3801498
2025,CO2/CO/NOx,2025-03-12 03:00:00+01:00,0.3801498
2025,CO2/CO/NOx,2025-03-12 04:00:00+01:00,0.4276685
2025,CO2/CO/NOx,2025-03-12 05:00:00+01:00,0.8146067
2025,CO2/CO/NOx,2025-03-12 06:00:00+01:00,0.9435861
2025,CO2/CO/NOx,2025-03-12 07:00:00+01:00,0.93679774
2025,CO2/CO/NOx,2025-03-12 08:00:00+01:00,0.93679774
2025,CO2/CO/NOx,2025-03-12 09:00:00+01:00,0.93679774
2025,CO2/CO/NOx,2025-03-12 10:00:00+01:00,0.9300093
2025,CO2/CO/NOx,2025-03-12 11:00:00+01:00,0.9300093
2025,CO2/CO/NOx,2025-03-12 12:00:00+01:00,0.91643256
2025,CO2/CO/NOx,2025-03-12 13:00:00+01:00,0.79424155
2025,CO2/CO/NOx,2025-03-12 14:00:00+01:00,0.8010299
2025,CO2/CO/NOx,2025-03-12 15:00:00+01:00,0.90285575
2025,CO2/CO/NOx,2025-03-12 16:00:00+01:00,0.9096442
2025,CO2/CO/NOx,2025-03-12 17:00:00+01:00,0.91643256
2025,CO2/CO/NOx,2025-03-12 18:00:00+01:00,0.91643256
2025,CO2/CO/NOx,2025-03-12 19:00:00+01:00,0.91643256
2025,CO2/CO/NOx,2025-03-12 20:00:00+01:00,0.91643256
2025,CO2/CO/NOx,2025-03-12 21:00:00+01:00,0.92322093
2025,CO2/CO/NOx,2025-03-12 22:00:00+01:00,0.9300093
2025,CO2/CO/NOx,2025-03-12 23:00:00+01:00,0.9300093
2025,CO2/CO/NOx,2025-03-13 00:00:00+01:00,0.72635764
2025,CO2/CO/NOx,2025-03-13 01:00:00+01:00,0.5498595
2025,CO2/CO/NOx,2025-03-13 02:00:00+01:00,0.6924157
2025,CO2/CO/NOx,2025-03-13 03:00:00+01:00,0.65168536
2025,CO2/CO/NOx,2025-03-13 04:00:00+01:00,0.68562734
2025,CO2/CO/NOx,2025-03-13 05:00:00+01:00,0.889279
2025,CO2/CO/NOx,2025-03-13 06:00:00+01:00,0.93679774
2025,CO2/CO/NOx,2025-03-13 07:00:00+01:00,0.93679774
2025,CO2/CO/NOx,2025-03-13 08:00:00+01:00,0.9435861
2025,CO2/CO/NOx,2025-03-13 09:00:00+01:00,0.93679774
2025,CO2/CO/NOx,2025-03-13 10:00:00+01:00,0.9435861
2025,CO2/CO/NOx,2025-03-13 11:00:00+01:00,0.93679774
2025,CO2/CO/NOx,2025-03-13 12:00:00+01:00,0.9435861
2025,CO2/CO/NOx,2025-03-13 13:00:00+01:00,0.93679774
2025,CO2/CO/NOx,2025-03-13 14:00:00+01:00,0.9435861
2025,CO2/CO/NOx,2025-03-13 15:00:00+01:00,0.9435861
2025,CO2/CO/NOx,2025-03-13 16:00:00+01:00,0.93679774
2025,CO2/CO/NOx,2025-03-13 17:00:00+01:00,0.93679774
2025,CO2/CO/NOx,2025-03-13 18:00:00+01:00,0.9300093
2025,CO2/CO/NOx,2025-03-13 19:00:00+01:00,0.93679774
2025,CO2/CO/NOx,2025-03-13 20:00:00+01:00,0.9435861
2025,CO2/CO/NOx,2025-03-13 21:00:00+01:00,0.9435861
2025,CO2/CO/NOx,2025-03-13 22:00:00+01:00,0.93679774
2025,CO2/CO/NOx,2025-03-13 23:00:00+01:00,0.9435861
2025,CO2/CO/NOx,2025-03-14 00:00:00+01:00,0.9435861
2025,CO2/CO/NOx,2025-03-14 01:00:00+01:00,0.9300093
2025,CO2/CO/NOx,2025-03-14 02:00:00+01:00,0.91643256
2025,CO2/CO/NOx,2025-03-14 03:00:00+01:00,0.91643256
2025,CO2/CO/NOx,2025-03-14 04:00:00+01:00,0.91643256
2025,CO2/CO/NOx,2025-03-14 05:00:00+01:00,0.91643256
2025,CO2/CO/NOx,2025-03-14 06:00:00+01:00,0.91643256
2025,CO2/CO/NOx,2025-03-14 07:00:00+01:00,0.91643256
2025,CO2/CO/NOx,2025-03-14 08:00:00+01:00,0.91643256
2025,CO2/CO/NOx,2025-03-14 09:00:00+01:00,0.91643256
2025,CO2/CO/NOx,2025-03-14 10:00:00+01:00,0.91643256
2025,CO2/CO/NOx,2025-03-14 11:00:00+01:00,0.91643256
2025,CO2/CO/NOx,2025-03-14 12:00:00+01:00,0.91643256
2025,CO2/CO/NOx,2025-03-14 13:00:00+01:00,0.91643256
2025,CO2/CO/NOx,2025-03-14 14:00:00+01:00,0.9300093
2025,CO2/CO/NOx,2025-03-14 15:00:00+01:00,0.9435861
2025,CO2/CO/NOx,2025-03-14 16:00:00+01:00,0.9435861
2025,CO2/CO/NOx,2025-03-14 17:00:00+01:00,0.9435861
2025,CO2/CO/NOx,2025-03-14 18:00:00+01:00,0.9435861
2025,CO2/CO/NOx,2025-03-14 19:00:00+01:00,0.9435861
2025,CO2/CO/NOx,2025-03-14 20:00:00+01:00,0.9435861
2025,CO2/CO/NOx,2025-03-14 21:00:00+01:00,0.9435861
2025,CO2/CO/NOx,2025-03-14 22:00:00+01:00,0.9503745
2025,CO2/CO/NOx,2025-03-14 23:00:00+01:00,0.9503745
2025,CO2/CO/NOx,2025-03-15 00:00:00+01:00,0.9571629
2025,CO2/CO/NOx,2025-03-15 01:00:00+01:00,0.9571629
2025,CO2/CO/NOx,2025-03-15 02:00:00+01:00,0.9571629
2025,CO2/CO/NOx,2025-03-15 03:00:00+01:00,0.9571629
2025,CO2/CO/NOx,2025-03-15 04:00:00+01:00,0.9503745
2025,CO2/CO/NOx,2025-03-15 05:00:00+01:00,0.9503745
2025,CO2/CO/NOx,2025-03-15 06:00:00+01:00,0.92322093
2025,CO2/CO/NOx,2025-03-15 07:00:00+01:00,0.92322093
2025,CO2/CO/NOx,2025-03-15 08:00:00+01:00,0.92322093
2025,CO2/CO/NOx,2025-03-15 09:00:00+01:00,0.92322093
2025,CO2/CO/NOx,2025-03-15 10:00:00+01:00,0.92322093
2025,CO2/CO/NOx,2025-03-15 11:00:00+01:00,0.92322093
2025,CO2/CO/NOx,2025-03-15 12:00:00+01:00,0.7331461
2025,CO2/CO/NOx,2025-03-15 13:00:00+01:00,0.59737825
2025,CO2/CO/NOx,2025-03-15 14:00:00+01:00,0.59737825
2025,CO2/CO/NOx,2025-03-15 15:00:00+01:00,0.84854865
2025,CO2/CO/NOx,2025-03-15 16:00:00+01:00,0.9571629
2025,CO2/CO/NOx,2025-03-15 17:00:00+01:00,0.93679774
2025,CO2/CO/NOx,2025-03-15 18:00:00+01:00,0.92322093
2025,CO2/CO/NOx,2025-03-15 19:00:00+01:00,0.92322093
2025,CO2/CO/NOx,2025-03-15 20:00:00+01:00,0.92322093
2025,CO2/CO/NOx,2025-03-15 21:00:00+01:00,0.92322093
2025,CO2/CO/NOx,2025-03-15 22:00:00+01:00,0.9300093
2025,CO2/CO/NOx,2025-03-15 23:00:00+01:00,0.92322093
2025,CO2/CO/NOx,2025-03-16 00:00:00+01:00,0.92322093
2025,CO2/CO/NOx,2025-03-16 01:00:00+01:00,0.92322093
2025,CO2/CO/NOx,2025-03-16 02:00:00+01:00,0.9300093
2025,CO2/CO/NOx,2025-03-16 03:00:00+01:00,0.92322093
2025,CO2/CO/NOx,2025-03-16 04:00:00+01:00,0.9300093
2025,CO2/CO/NOx,2025-03-16 05:00:00+01:00,0.92322093
2025,CO2/CO/NOx,2025-03-16 06:00:00+01:00,0.9300093
2025,CO2/CO/NOx,2025-03-16 07:00:00+01:00,0.9300093
2025,CO2/CO/NOx,2025-03-16 08:00:00+01:00,0.9300093
2025,CO2/CO/NOx,2025-03-16 09:00:00+01:00,0.855337
2025,CO2/CO/NOx,2025-03-16 10:00:00+01:00,0.61095506
2025,CO2/CO/NOx,2025-03-16 11:00:00+01:00,0.84854865
2025,CO2/CO/NOx,2025-03-16 12:00:00+01:00,0.767088
2025,CO2/CO/NOx,2025-03-16 13:00:00+01:00,0.767088
2025,CO2/CO/NOx,2025-03-16 14:00:00+01:00,0.767088
2025,CO2/CO/NOx,2025-03-16 15:00:00+01:00,0.644897
2025,CO2/CO/NOx,2025-03-16 16:00:00+01:00,0.8757022
2025,CO2/CO/NOx,2025-03-16 17:00:00+01:00,0.9639513
2025,CO2/CO/NOx,2025-03-16 18:00:00+01:00,0.9639513
2025,CO2/CO/NOx,2025-03-16 19:00:00+01:00,0.9571629
2025,CO2/CO/NOx,2025-03-16 20:00:00+01:00,0.9639513
2025,CO2/CO/NOx,2025-03-16 21:00:00+01:00,0.9571629
2025,CO2/CO/NOx,2025-03-16 22:00:00+01:00,0.97073966
2025,CO2/CO/NOx,2025-03-16 23:00:00+01:00,0.93679774
2025,CO2/CO/NOx,2025-03-17 00:00:00+01:00,0.9300093
2025,CO2/CO/NOx,2025-03-17 01:00:00+01:00,0.9300093
2025,CO2/CO/NOx,2025-03-17 02:00:00+01:00,0.93679774
2025,CO2/CO/NOx,2025-03-17 03:00:00+01:00,0.93679774
2025,CO2/CO/NOx,2025-03-17 04:00:00+01:00,0.9639513
2025,CO2/CO/NOx,2025-03-17 05:00:00+01:00,0.97073966
2025,CO2/CO/NOx,2025-03-17 06:00:00+01:00,0.9639513
2025,CO2/CO/NOx,2025-03-17 07:00:00+01:00,0.9639513
2025,CO2/CO/NOx,2025-03-17 08:00:00+01:00,0.9571629
2025,CO2/CO/NOx,2025-03-17 09:00:00+01:00,0.9639513
2025,CO2/CO/NOx,2025-03-17 10:00:00+01:00,0.9639513
2025,CO2/CO/NOx,2025-03-17 11:00:00+01:00,0.9639513
2025,CO2/CO/NOx,2025-03-17 12:00:00+01:00,0.9639513
2025,CO2/CO/NOx,2025-03-17 13:00:00+01:00,0.9571629
2025,CO2/CO/NOx,2025-03-17 14:00:00+01:00,0.9571629
2025,CO2/CO/NOx,2025-03-17 15:00:00+01:00,0.8960674
2025,CO2/CO/NOx,2025-03-17 16:00:00+01:00,0.93679774
2025,CO2/CO/NOx,2025-03-17 17:00:00+01:00,0.97073966
2025,CO2/CO/NOx,2025-03-17 18:00:00+01:00,0.97073966
2025,CO2/CO/NOx,2025-03-17 19:00:00+01:00,0.97073966
2025,CO2/CO/NOx,2025-03-17 20:00:00+01:00,0.97073966
2025,CO2/CO/NOx,2025-03-17 21:00:00+01:00,0.97073966
2025,CO2/CO/NOx,2025-03-17 22:00:00+01:00,0.97073966
2025,CO2/CO/NOx,2025-03-17 23:00:00+01:00,0.97752804
2025,CO2/CO/NOx,2025-03-18 00:00:00+01:00,0.98431647
2025,CO2/CO/NOx,2025-03-18 01:00:00+01:00,0.98431647
2025,CO2/CO/NOx,2025-03-18 02:00:00+01:00,0.98431647
2025,CO2/CO/NOx,2025-03-18 03:00:00+01:00,0.98431647
2025,CO2/CO/NOx,2025-03-18 04:00:00+01:00,0.99110484
2025,CO2/CO/NOx,2025-03-18 05:00:00+01:00,0.98431647
2025,CO2/CO/NOx,2025-03-18 06:00:00+01:00,0.98431647
2025,CO2/CO/NOx,2025-03-18 07:00:00+01:00,0.98431647
2025,CO2/CO/NOx,2025-03-18 08:00:00+01:00,0.97752804
2025,CO2/CO/NOx,2025-03-18 09:00:00+01:00,0.97752804
2025,CO2/CO/NOx,2025-03-18 10:00:00+01:00,0.80781835
2025,CO2/CO/NOx,2025-03-18 11:00:00+01:00,0.92322093
2025,CO2/CO/NOx,2025-03-18 12:00:00+01:00,0.61095506
2025,CO2/CO/NOx,2025-03-18 13:00:00+01:00,0.36657304
2025,CO2/CO/NOx,2025-03-18 14:00:00+01:00,0.36657304
2025,CO2/CO/NOx,2025-03-18 15:00:00+01:00,0.3733614
2025,CO2/CO/NOx,2025-03-18 16:00:00+01:00,0.6924157
2025,CO2/CO/NOx,2025-03-18 17:00:00+01:00,0.93679774
2025,CO2/CO/NOx,2025-03-18 18:00:00+01:00,0.93679774
2025,CO2/CO/NOx,2025-03-18 19:00:00+01:00,0.97073966
2025,CO2/CO/NOx,2025-03-18 20:00:00+01:00,0.97073966
2025,CO2/CO/NOx,2025-03-18 21:00:00+01:00,0.97073966
2025,CO2/CO/NOx,2025-03-18 22:00:00+01:00,0.97073966
2025,CO2/CO/NOx,2025-03-18 23:00:00+01:00,0.97752804
2025,CO2/CO/NOx,2025-03-19 00:00:00+01:00,0.97752804
2025,CO2/CO/NOx,2025-03-19 01:00:00+01:00,0.97752804
2025,CO2/CO/NOx,2025-03-19 02:00:00+01:00,0.97752804
2025,CO2/CO/NOx,2025-03-19 03:00:00+01:00,0.98431647
2025,CO2/CO/NOx,2025-03-19 04:00:00+01:00,0.98431647
2025,CO2/CO/NOx,2025-03-19 05:00:00+01:00,0.98431647
2025,CO2/CO/NOx,2025-03-19 06:00:00+01:00,0.99110484
2025,CO2/CO/NOx,2025-03-19 07:00:00+01:00,0.99110484
2025,CO2/CO/NOx,2025-03-19 08:00:00+01:00,0.97752804
2025,CO2/CO/NOx,2025-03-19 09:00:00+01:00,0.9435861
2025,CO2/CO/NOx,2025-03-19 10:00:00+01:00,0.5838015
2025,CO2/CO/NOx,2025-03-19 11:00:00+01:00,0.29868913
2025,CO2/CO/NOx,2025-03-19 12:00:00+01:00,0.0
2025,CO2/CO/NOx,2025-03-19 13:00:00+01:00,0.0
2025,CO2/CO/NOx,2025-03-19 14:00:00+01:00,0.0
2025,CO2/CO/NOx,2025-03-19 15:00:00+01:00,0.21044007
2025,CO2/CO/NOx,2025-03-19 16:00:00+01:00,0.6924157
2025,CO2/CO/NOx,2025-03-19 17:00:00+01:00,0.8689138
2025,CO2/CO/NOx,2025-03-19 18:00:00+01:00,0.9300093
2025,CO2/CO/NOx,2025-03-19 19:00:00+01:00,0.9435861
2025,CO2/CO/NOx,2025-03-19 20:00:00+01:00,0.92322093
2025,CO2/CO/NOx,2025-03-19 21:00:00+01:00,0.93679774
2025,CO2/CO/NOx,2025-03-19 22:00:00+01:00,0.93679774
2025,CO2/CO/NOx,2025-03-19 23:00:00+01:00,0.72635764
2025,CO2/CO/NOx,2025-03-20 00:00:00+01:00,0.5159176
2025,CO2/CO/NOx,2025-03-20 01:00:00+01:00,0.46839887
2025,CO2/CO/NOx,2025-03-20 02:00:00+01:00,0.46839887
2025,CO2/CO/NOx,2025-03-20 03:00:00+01:00,0.46839887
2025,CO2/CO/NOx,2025-03-20 04:00:00+01:00,0.5905899
2025,CO2/CO/NOx,2025-03-20 05:00:00+01:00,0.91643256
2025,CO2/CO/NOx,2025-03-20 06:00:00+01:00,0.97752804
2025,CO2/CO/NOx,2025-03-20 07:00:00+01:00,0.97073966
2025,CO2/CO/NOx,2025-03-20 08:00:00+01:00,0.97073966
2025,CO2/CO/NOx,2025-03-20 09:00:00+01:00,0.9571629
2025,CO2/CO/NOx,2025-03-20 10:00:00+01:00,0.3937266
2025,CO2/CO/NOx,2025-03-20 11:00:00+01:00,0.0
2025,CO2/CO/NOx,2025-03-20 12:00:00+01:00,0.0
2025,CO2/CO/NOx,2025-03-20 13:00:00+01:00,0.0
2025,CO2/CO/NOx,2025-03-20 14:00:00+01:00,0.0
2025,CO2/CO/NOx,2025-03-20 15:00:00+01:00,0.047518726
2025,CO2/CO/NOx,2025-03-20 16:00:00+01:00,0.4344569
2025,CO2/CO/NOx,2025-03-20 17:00:00+01:00,0.8146067
2025,CO2/CO/NOx,2025-03-20 18:00:00+01:00,0.90285575
2025,CO2/CO/NOx,2025-03-20 19:00:00+01:00,0.91643256
2025,CO2/CO/NOx,2025-03-20 20:00:00+01:00,0.9300093
2025,CO2/CO/NOx,2025-03-20 21:00:00+01:00,0.93679774
2025,CO2/CO/NOx,2025-03-20 22:00:00+01:00,0.8349719
2025,CO2/CO/NOx,2025-03-20 23:00:00+01:00,0.48197564
2025,CO2/CO/NOx,2025-03-21 00:00:00+01:00,0.3733614
2025,CO2/CO/NOx,2025-03-21 01:00:00+01:00,0.36657304
2025,CO2/CO/NOx,2025-03-21 02:00:00+01:00,0.36657304
2025,CO2/CO/NOx,2025-03-21 03:00:00+01:00,0.36657304
2025,CO2/CO/NOx,2025-03-21 04:00:00+01:00,0.767088
2025,CO2/CO/NOx,2025-03-21 05:00:00+01:00,0.97073966
2025,CO2/CO/NOx,2025-03-21 06:00:00+01:00,0.97752804
2025,CO2/CO/NOx,2025-03-21 07:00:00+01:00,0.9571629
2025,CO2/CO/NOx,2025-03-21 08:00:00+01:00,0.9639513
2025,CO2/CO/NOx,2025-03-21 09:00:00+01:00,0.1968633
2025,CO2/CO/NOx,2025-03-21 10:00:00+01:00,0.0
2025,CO2/CO/NOx,2025-03-21 11:00:00+01:00,0.0
2025,CO2/CO/NOx,2025-03-21 12:00:00+01:00,0.0
2025,CO2/CO/NOx,2025-03-21 13:00:00+01:00,0.0
2025,CO2/CO/NOx,2025-03-21 14:00:00+01:00,0.0
2025,CO2/CO/NOx,2025-03-21 15:00:00+01:00,0.0
2025,CO2/CO/NOx,2025-03-21 16:00:00+01:00,0.0
2025,CO2/CO/NOx,2025-03-21 17:00:00+01:00,0.0
2025,CO2/CO/NOx,2025-03-21 18:00:00+01:00,0.0
2025,CO2/CO/NOx,2025-03-21 19:00:00+01:00,0.0
2025,CO2/CO/NOx,2025-03-21 20:00:00+01:00,0.0
2025,CO2/CO/NOx,2025-03-21 21:00:00+01:00,0.0
2025,CO2/CO/NOx,2025-03-21 22:00:00+01:00,0.0
2025,CO2/CO/NOx,2025-03-21 23:00:00+01:00,0.0
2025,CO2/CO/NOx,2025-03-22 00:00:00+01:00,0.0
2025,CO2/CO/NOx,2025-03-22 01:00:00+01:00,0.0
2025,CO2/CO/NOx,2025-03-22 02:00:00+01:00,0.0
2025,CO2/CO/NOx,2025-03-22 03:00:00+01:00,0.0
2025,CO2/CO/NOx,2025-03-22 04:00:00+01:00,0.0
2025,CO2/CO/NOx,2025-03-22 05:00:00+01:00,0.0
2025,CO2/CO/NOx,2025-03-22 06:00:00+01:00,0.0
2025,CO2/CO/NOx,2025-03-22 07:00:00+01:00,0.0
2025,CO2/CO/NOx,2025-03-22 08:00:00+01:00,0.0
2025,CO2/CO/NOx,2025-03-22 09:00:00+01:00,0.0
2025,CO2/CO/NOx,2025-03-22 10:00:00+01:00,0.0
2025,CO2/CO/NOx,2025-03-22 11:00:00+01:00,0.0
2025,CO2/CO/NOx,2025-03-22 12:00:00+01:00,0.0
2025,CO2/CO/NOx,2025-03-22 13:00:00+01:00,0.0
2025,CO2/CO/NOx,2025-03-22 14:00:00+01:00,0.0
2025,CO2/CO/NOx,2025-03-22 15:00:00+01:00,0.0
2025,CO2/CO/NOx,2025-03-22 16:00:00+01:00,0.0
2025,CO2/CO/NOx,2025-03-22 17:00:00+01:00,0.0
2025,CO2/CO/NOx,2025-03-22 18:00:00+01:00,0.0
2025,CO2/CO/NOx,2025-03-22 19:00:00+01:00,0.0
2025,CO2/CO/NOx,2025-03-22 20:00:00+01:00,0.0
2025,CO2/CO/NOx,2025-03-22 21:00:00+01:00,0.0
2025,CO2/CO/NOx,2025-03-22 22:00:00+01:00,0.0
2025,CO2/CO/NOx,2025-03-22 23:00:00+01:00,0.0
2025,CO2/CO/NOx,2025-03-23 00:00:00+01:00,0.0
2025,CO2/CO/NOx,2025-03-23 01:00:00+01:00,0.0
2025,CO2/CO/NOx,2025-03-23 02:00:00+01:00,0.0
2025,CO2/CO/NOx,2025-03-23 03:00:00+01:00,0.0
2025,CO2/CO/NOx,2025-03-23 04:00:00+01:00,0.0
2025,CO2/CO/NOx,2025-03-23 05:00:00+01:00,0.0
2025,CO2/CO/NOx,2025-03-23 06:00:00+01:00,0.0
2025,CO2/CO/NOx,2025-03-23 07:00:00+01:00,0.0
2025,CO2/CO/NOx,2025-03-23 08:00:00+01:00,0.0
2025,CO2/CO/NOx,2025-03-23 09:00:00+01:00,0.0
2025,CO2/CO/NOx,2025-03-23 10:00:00+01:00,0.0
2025,CO2/CO/NOx,2025-03-23 11:00:00+01:00,0.0
2025,CO2/CO/NOx,2025-03-23 12:00:00+01:00,0.0
2025,CO2/CO/NOx,2025-03-23 13:00:00+01:00,0.0
2025,CO2/CO/NOx,2025-03-23 14:00:00+01:00,0.0
2025,CO2/CO/NOx,2025-03-23 15:00:00+01:00,0.0
2025,CO2/CO/NOx,2025-03-23 16:00:00+01:00,0.0
2025,CO2/CO/NOx,2025-03-23 17:00:00+01:00,0.0
2025,CO2/CO/NOx,2025-03-23 18:00:00+01:00,0.0
2025,CO2/CO/NOx,2025-03-23 19:00:00+01:00,0.0
2025,CO2/CO/NOx,2025-03-23 20:00:00+01:00,0.0
2025,CO2/CO/NOx,2025-03-23 21:00:00+01:00,0.0
2025,CO2/CO/NOx,2025-03-23 22:00:00+01:00,0.0
2025,CO2/CO/NOx,2025-03-23 23:00:00+01:00,0.0
2025,CO2/CO/NOx,2025-03-24 00:00:00+01:00,0.0
2025,CO2/CO/NOx,2025-03-24 01:00:00+01:00,0.0067883893
2025,CO2/CO/NOx,2025-03-24 02:00:00+01:00,0.23080523
2025,CO2/CO/NOx,2025-03-24 03:00:00+01:00,0.36657304
2025,CO2/CO/NOx,2025-03-24 04:00:00+01:00,0.79424155
2025,CO2/CO/NOx,2025-03-24 05:00:00+01:00,0.9571629
2025,CO2/CO/NOx,2025-03-24 06:00:00+01:00,0.9639513
2025,CO2/CO/NOx,2025-03-24 07:00:00+01:00,0.9571629
2025,CO2/CO/NOx,2025-03-24 08:00:00+01:00,0.8281835
2025,CO2/CO/NOx,2025-03-24 09:00:00+01:00,0.6992041
2025,CO2/CO/NOx,2025-03-24 10:00:00+01:00,0.70599246
2025,CO2/CO/NOx,2025-03-24 11:00:00+01:00,0.7874532
2025,CO2/CO/NOx,2025-03-24 12:00:00+01:00,0.7127809
2025,CO2/CO/NOx,2025-03-24 13:00:00+01:00,0.6245318
2025,CO2/CO/NOx,2025-03-24 14:00:00+01:00,0.5023408
2025,CO2/CO/NOx,2025-03-24 15:00:00+01:00,0.46161047
2025,CO2/CO/NOx,2025-03-24 16:00:00+01:00,0.41409174
2025,CO2/CO/NOx,2025-03-24 17:00:00+01:00,0.84854865
2025,CO2/CO/NOx,2025-03-24 18:00:00+01:00,0.92322093
2025,CO2/CO/NOx,2025-03-24 19:00:00+01:00,0.92322093
2025,CO2/CO/NOx,2025-03-24 20:00:00+01:00,0.92322093
2025,CO2/CO/NOx,2025-03-24 21:00:00+01:00,0.92322093
2025,CO2/CO/NOx,2025-03-24 22:00:00+01:00,0.889279
2025,CO2/CO/NOx,2025-03-24 23:00:00+01:00,0.8689138
2025,CO2/CO/NOx,2025-03-25 00:00:00+01:00,0.8757022
2025,CO2/CO/NOx,2025-03-25 01:00:00+01:00,0.8689138
2025,CO2/CO/NOx,2025-03-25 02:00:00+01:00,0.7127809
2025,CO2/CO/NOx,2025-03-25 03:00:00+01:00,0.67205054
2025,CO2/CO/NOx,2025-03-25 04:00:00+01:00,0.8146067
2025,CO2/CO/NOx,2025-03-25 05:00:00+01:00,0.92322093
2025,CO2/CO/NOx,2025-03-25 06:00:00+01:00,0.93679774
2025,CO2/CO/NOx,2025-03-25 07:00:00+01:00,0.9571629
2025,CO2/CO/NOx,2025-03-25 08:00:00+01:00,0.9571629
2025,CO2/CO/NOx,2025-03-25 09:00:00+01:00,0.9503745
2025,CO2/CO/NOx,2025-03-25 10:00:00+01:00,0.767088
2025,CO2/CO/NOx,2025-03-25 11:00:00+01:00,0.522706
2025,CO2/CO/NOx,2025-03-25 12:00:00+01:00,0.38693818
2025,CO2/CO/NOx,2025-03-25 13:00:00+01:00,0.36657304
2025,CO2/CO/NOx,2025-03-25 14:00:00+01:00,0.36657304
2025,CO2/CO/NOx,2025-03-25 15:00:00+01:00,0.3733614
2025,CO2/CO/NOx,2025-03-25 16:00:00+01:00,0.4276685
2025,CO2/CO/NOx,2025-03-25 17:00:00+01:00,0.8689138
2025,CO2/CO/NOx,2025-03-25 18:00:00+01:00,0.93679774
2025,CO2/CO/NOx,2025-03-25 19:00:00+01:00,0.93679774
2025,CO2/CO/NOx,2025-03-25 20:00:00+01:00,0.93679774
2025,CO2/CO/NOx,2025-03-25 21:00:00+01:00,0.9300093
2025,CO2/CO/NOx,2025-03-25 22:00:00+01:00,0.93679774
2025,CO2/CO/NOx,2025-03-25 23:00:00+01:00,0.93679774
2025,CO2/CO/NOx,2025-03-26 00:00:00+01:00,0.767088
2025,CO2/CO/NOx,2025-03-26 01:00:00+01:00,0.73993444
2025,CO2/CO/NOx,2025-03-26 02:00:00+01:00,0.6381086
2025,CO2/CO/NOx,2025-03-26 03:00:00+01:00,0.84854865
2025,CO2/CO/NOx,2025-03-26 04:00:00+01:00,0.9435861
2025,CO2/CO/NOx,2025-03-26 05:00:00+01:00,0.9435861
2025,CO2/CO/NOx,2025-03-26 06:00:00+01:00,0.9571629
2025,CO2/CO/NOx,2025-03-26 07:00:00+01:00,0.9571629
2025,CO2/CO/NOx,2025-03-26 08:00:00+01:00,0.9571629
2025,CO2/CO/NOx,2025-03-26 09:00:00+01:00,0.9503745
2025,CO2/CO/NOx,2025-03-26 10:00:00+01:00,0.7535112
2025,CO2/CO/NOx,2025-03-26 11:00:00+01:00,0.7467228
2025,CO2/CO/NOx,2025-03-26 12:00:00+01:00,0.70599246
2025,CO2/CO/NOx,2025-03-26 13:00:00+01:00,0.7331461
2025,CO2/CO/NOx,2025-03-26 14:00:00+01:00,0.7127809
2025,CO2/CO/NOx,2025-03-26 15:00:00+01:00,0.70599246
2025,CO2/CO/NOx,2025-03-26 16:00:00+01:00,0.889279
2025,CO2/CO/NOx,2025-03-26 17:00:00+01:00,0.9503745
2025,CO2/CO/NOx,2025-03-26 18:00:00+01:00,0.9503745
2025,CO2/CO/NOx,2025-03-26 19:00:00+01:00,0.9571629
2025,CO2/CO/NOx,2025-03-26 20:00:00+01:00,0.9571629
2025,CO2/CO/NOx,2025-03-26 21:00:00+01:00,0.93679774
2025,CO2/CO/NOx,2025-03-26 22:00:00+01:00,0.889279
2025,CO2/CO/NOx,2025-03-26 23:00:00+01:00,0.71956927
2025,CO2/CO/NOx,2025-03-27 00:00:00+01:00,0.6041666
2025,CO2/CO/NOx,2025-03-27 01:00:00+01:00,0.5905899
2025,CO2/CO/NOx,2025-03-27 02:00:00+01:00,0.5905899
2025,CO2/CO/NOx,2025-03-27 03:00:00+01:00,0.5905899
2025,CO2/CO/NOx,2025-03-27 04:00:00+01:00,0.5905899
2025,CO2/CO/NOx,2025-03-27 05:00:00+01:00,0.80781835
2025,CO2/CO/NOx,2025-03-27 06:00:00+01:00,0.92322093
2025,CO2/CO/NOx,2025-03-27 07:00:00+01:00,0.97752804
2025,CO2/CO/NOx,2025-03-27 08:00:00+01:00,0.97752804
2025,CO2/CO/NOx,2025-03-27 09:00:00+01:00,0.9300093
2025,CO2/CO/NOx,2025-03-27 10:00:00+01:00,0.79424155
2025,CO2/CO/NOx,2025-03-27 11:00:00+01:00,0.6041666
2025,CO2/CO/NOx,2025-03-27 12:00:00+01:00,0.42088014
2025,CO2/CO/NOx,2025-03-27 13:00:00+01:00,0.4276685
2025,CO2/CO/NOx,2025-03-27 14:00:00+01:00,0.4344569
2025,CO2/CO/NOx,2025-03-27 15:00:00+01:00,0.5838015
2025,CO2/CO/NOx,2025-03-27 16:00:00+01:00,0.68562734
2025,CO2/CO/NOx,2025-03-27 17:00:00+01:00,0.78066474
2025,CO2/CO/NOx,2025-03-27 18:00:00+01:00,0.8213951
2025,CO2/CO/NOx,2025-03-27 19:00:00+01:00,0.9300093
2025,CO2/CO/NOx,2025-03-27 20:00:00+01:00,0.86212546
2025,CO2/CO/NOx,2025-03-27 21:00:00+01:00,0.8146067
2025,CO2/CO/NOx,2025-03-27 22:00:00+01:00,0.8010299
2025,CO2/CO/NOx,2025-03-27 23:00:00+01:00,0.91643256
2025,CO2/CO/NOx,2025-03-28 00:00:00+01:00,0.71956927
2025,CO2/CO/NOx,2025-03-28 01:00:00+01:00,0.66526216
2025,CO2/CO/NOx,2025-03-28 02:00:00+01:00,0.66526216
2025,CO2/CO/NOx,2025-03-28 03:00:00+01:00,0.66526216
2025,CO2/CO/NOx,2025-03-28 04:00:00+01:00,0.79424155
2025,CO2/CO/NOx,2025-03-28 05:00:00+01:00,0.92322093
2025,CO2/CO/NOx,2025-03-28 06:00:00+01:00,0.9435861
2025,CO2/CO/NOx,2025-03-28 07:00:00+01:00,0.93679774
2025,CO2/CO/NOx,2025-03-28 08:00:00+01:00,0.9503745
2025,CO2/CO/NOx,2025-03-28 09:00:00+01:00,0.6313202
2025,CO2/CO/NOx,2025-03-28 10:00:00+01:00,0.08824906
2025,CO2/CO/NOx,2025-03-28 11:00:00+01:00,0.0
2025,CO2/CO/NOx,2025-03-28 12:00:00+01:00,0.0
2025,CO2/CO/NOx,2025-03-28 13:00:00+01:00,0.0
2025,CO2/CO/NOx,2025-03-28 14:00:00+01:00,0.0
2025,CO2/CO/NOx,2025-03-28 15:00:00+01:00,0.0067883893
2025,CO2/CO/NOx,2025-03-28 16:00:00+01:00,0.34620786
2025,CO2/CO/NOx,2025-03-28 17:00:00+01:00,0.3937266
2025,CO2/CO/NOx,2025-03-28 18:00:00+01:00,0.7535112
2025,CO2/CO/NOx,2025-03-28 19:00:00+01:00,0.79424155
2025,CO2/CO/NOx,2025-03-28 20:00:00+01:00,0.5566479
2025,CO2/CO/NOx,2025-03-28 21:00:00+01:00,0.4276685
2025,CO2/CO/NOx,2025-03-28 22:00:00+01:00,0.40051496
2025,CO2/CO/NOx,2025-03-28 23:00:00+01:00,0.40051496
2025,CO2/CO/NOx,2025-03-29 00:00:00+01:00,0.40730336
2025,CO2/CO/NOx,2025-03-29 01:00:00+01:00,0.3801498
2025,CO2/CO/NOx,2025-03-29 02:00:00+01:00,0.3733614
2025,CO2/CO/NOx,2025-03-29 03:00:00+01:00,0.3733614
2025,CO2/CO/NOx,2025-03-29 04:00:00+01:00,0.38693818
2025,CO2/CO/NOx,2025-03-29 05:00:00+01:00,0.5159176
2025,CO2/CO/NOx,2025-03-29 06:00:00+01:00,0.6313202
2025,CO2/CO/NOx,2025-03-29 07:00:00+01:00,0.66526216
2025,CO2/CO/NOx,2025-03-29 08:00:00+01:00,0.59737825
2025,CO2/CO/NOx,2025-03-29 09:00:00+01:00,0.5634363
2025,CO2/CO/NOx,2025-03-29 10:00:00+01:00,0.047518726
2025,CO2/CO/NOx,2025-03-29 11:00:00+01:00,0.0
2025,CO2/CO/NOx,2025-03-29 12:00:00+01:00,0.0
2025,CO2/CO/NOx,2025-03-29 13:00:00+01:00,0.0
2025,CO2/CO/NOx,2025-03-29 14:00:00+01:00,0.0
2025,CO2/CO/NOx,2025-03-29 15:00:00+01:00,0.0
2025,CO2/CO/NOx,2025-03-29 16:00:00+01:00,0.033941947
2025,CO2/CO/NOx,2025-03-29 17:00:00+01:00,0.6788389
2025,CO2/CO/NOx,2025-03-29 18:00:00+01:00,0.9503745
2025,CO2/CO/NOx,2025-03-29 19:00:00+01:00,0.9571629
2025,CO2/CO/NOx,2025-03-29 20:00:00+01:00,0.9571629
2025,CO2/CO/NOx,2025-03-29 21:00:00+01:00,0.9571629
2025,CO2/CO/NOx,2025-03-29 22:00:00+01:00,0.73993444
2025,CO2/CO/NOx,2025-03-29 23:00:00+01:00,0.4548221
2025,CO2/CO/NOx,2025-03-30 00:00:00+01:00,0.3733614
2025,CO2/CO/NOx,2025-03-30 01:00:00+01:00,0.08146067
2025,CO2/CO/NOx,2025-03-30 03:00:00+02:00,0.0
2025,CO2/CO/NOx,2025-03-30 04:00:00+02:00,0.0
2025,CO2/CO/NOx,2025-03-30 05:00:00+02:00,0.0
2025,CO2/CO/NOx,2025-03-30 06:00:00+02:00,0.0
2025,CO2/CO/NOx,2025-03-30 07:00:00+02:00,0.0
2025,CO2/CO/NOx,2025-03-30 08:00:00+02:00,0.0
2025,CO2/CO/NOx,2025-03-30 09:00:00+02:00,0.0
2025,CO2/CO/NOx,2025-03-30 10:00:00+02:00,0.0
2025,CO2/CO/NOx,2025-03-30 11:00:00+02:00,0.0
2025,CO2/CO/NOx,2025-03-30 12:00:00+02:00,0.0
2025,CO2/CO/NOx,2025-03-30 13:00:00+02:00,0.0
2025,CO2/CO/NOx,2025-03-30 14:00:00+02:00,0.0
2025,CO2/CO/NOx,2025-03-30 15:00:00+02:00,0.0
2025,CO2/CO/NOx,2025-03-30 16:00:00+02:00,0.0
2025,CO2/CO/NOx,2025-03-30 17:00:00+02:00,0.0
2025,CO2/CO/NOx,2025-03-30 18:00:00+02:00,0.0
2025,CO2/CO/NOx,2025-03-30 19:00:00+02:00,0.0
2025,CO2/CO/NOx,2025-03-30 20:00:00+02:00,0.0
2025,CO2/CO/NOx,2025-03-30 21:00:00+02:00,0.0
2025,CO2/CO/NOx,2025-03-30 22:00:00+02:00,0.040730335
2025,CO2/CO/NOx,2025-03-30 23:00:00+02:00,0.33263108
2025,CO2/CO/NOx,2025-03-31 00:00:00+02:00,0.3733614
2025,CO2/CO/NOx,2025-03-31 01:00:00+02:00,0.3733614
2025,CO2/CO/NOx,2025-03-31 02:00:00+02:00,0.3733614
2025,CO2/CO/NOx,2025-03-31 03:00:00+02:00,0.38693818
2025,CO2/CO/NOx,2025-03-31 04:00:00+02:00,0.5702247
2025,CO2/CO/NOx,2025-03-31 05:00:00+02:00,0.8689138
2025,CO2/CO/NOx,2025-03-31 06:00:00+02:00,0.97073966
2025,CO2/CO/NOx,2025-03-31 07:00:00+02:00,0.97073966
2025,CO2/CO/NOx,2025-03-31 08:00:00+02:00,0.97073966
2025,CO2/CO/NOx,2025-03-31 09:00:00+02:00,0.97073966
2025,CO2/CO/NOx,2025-03-31 10:00:00+02:00,0.8417603
2025,CO2/CO/NOx,2025-03-31 11:00:00+02:00,0.7602996
2025,CO2/CO/NOx,2025-03-31 12:00:00+02:00,0.67205054
2025,CO2/CO/NOx,2025-03-31 13:00:00+02:00,0.66526216
2025,CO2/CO/NOx,2025-03-31 14:00:00+02:00,0.644897
2025,CO2/CO/NOx,2025-03-31 15:00:00+02:00,0.65168536
2025,CO2/CO/NOx,2025-03-31 16:00:00+02:00,0.66526216
2025,CO2/CO/NOx,2025-03-31 17:00:00+02:00,0.77387637
2025,CO2/CO/NOx,2025-03-31 18:00:00+02:00,0.92322093
2025,CO2/CO/NOx,2025-03-31 19:00:00+02:00,0.97073966
2025,CO2/CO/NOx,2025-03-31 20:00:00+02:00,0.97073966
2025,CO2/CO/NOx,2025-03-31 21:00:00+02:00,0.97073966
2025,CO2/CO/NOx,2025-03-31 22:00:00+02:00,0.97073966
2025,CO2/CO/NOx,2025-03-31 23:00:00+02:00,0.6924157
2025,CO2/CO/NOx,2025-04-01 00:00:00+02:00,0.66526216
2025,CO2/CO/NOx,2025-04-01 01:00:00+02:00,0.3801498
2025,CO2/CO/NOx,2025-04-01 02:00:00+02:00,0.35978463
2025,CO2/CO/NOx,2025-04-01 03:00:00+02:00,0.35978463
2025,CO2/CO/NOx,2025-04-01 04:00:00+02:00,0.48876402
2025,CO2/CO/NOx,2025-04-01 05:00:00+02:00,0.5838015
2025,CO2/CO/NOx,2025-04-01 06:00:00+02:00,0.79424155
2025,CO2/CO/NOx,2025-04-01 07:00:00+02:00,0.9503745
2025,CO2/CO/NOx,2025-04-01 08:00:00+02:00,0.98431647
2025,CO2/CO/NOx,2025-04-01 09:00:00+02:00,0.98431647
2025,CO2/CO/NOx,2025-04-01 10:00:00+02:00,0.91643256
2025,CO2/CO/NOx,2025-04-01 11:00:00+02:00,0.61774343
2025,CO2/CO/NOx,2025-04-01 12:00:00+02:00,0.46161047
2025,CO2/CO/NOx,2025-04-01 13:00:00+02:00,0.49555242
2025,CO2/CO/NOx,2025-04-01 14:00:00+02:00,0.5091292
2025,CO2/CO/NOx,2025-04-01 15:00:00+02:00,0.5091292
2025,CO2/CO/NOx,2025-04-01 16:00:00+02:00,0.5091292
2025,CO2/CO/NOx,2025-04-01 17:00:00+02:00,0.8757022
2025,CO2/CO/NOx,2025-04-01 18:00:00+02:00,0.93679774
2025,CO2/CO/NOx,2025-04-01 19:00:00+02:00,0.93679774
2025,CO2/CO/NOx,2025-04-01 20:00:00+02:00,0.93679774
2025,CO2/CO/NOx,2025-04-01 21:00:00+02:00,0.93679774
2025,CO2/CO/NOx,2025-04-01 22:00:00+02:00,0.79424155
2025,CO2/CO/NOx,2025-04-01 23:00:00+02:00,0.5838015
2025,CO2/CO/NOx,2025-04-02 00:00:00+02:00,0.46161047
2025,CO2/CO/NOx,2025-04-02 01:00:00+02:00,0.44124532
2025,CO2/CO/NOx,2025-04-02 02:00:00+02:00,0.44124532
2025,CO2/CO/NOx,2025-04-02 03:00:00+02:00,0.44124532
2025,CO2/CO/NOx,2025-04-02 04:00:00+02:00,0.4548221
2025,CO2/CO/NOx,2025-04-02 05:00:00+02:00,0.767088
2025,CO2/CO/NOx,2025-04-02 06:00:00+02:00,0.9435861
2025,CO2/CO/NOx,2025-04-02 07:00:00+02:00,0.97752804
2025,CO2/CO/NOx,2025-04-02 08:00:00+02:00,0.97073966
2025,CO2/CO/NOx,2025-04-02 09:00:00+02:00,0.9096442
2025,CO2/CO/NOx,2025-04-02 10:00:00+02:00,0.48876402
2025,CO2/CO/NOx,2025-04-02 11:00:00+02:00,0.3733614
2025,CO2/CO/NOx,2025-04-02 12:00:00+02:00,0.36657304
2025,CO2/CO/NOx,2025-04-02 13:00:00+02:00,0.36657304
2025,CO2/CO/NOx,2025-04-02 14:00:00+02:00,0.36657304
2025,CO2/CO/NOx,2025-04-02 15:00:00+02:00,0.36657304
2025,CO2/CO/NOx,2025-04-02 16:00:00+02:00,0.36657304
2025,CO2/CO/NOx,2025-04-02 17:00:00+02:00,0.3937266
2025,CO2/CO/NOx,2025-04-02 18:00:00+02:00,0.8689138
2025,CO2/CO/NOx,2025-04-02 19:00:00+02:00,0.80781835
2025,CO2/CO/NOx,2025-04-02 20:00:00+02:00,0.66526216
2025,CO2/CO/NOx,2025-04-02 21:00:00+02:00,0.6245318
2025,CO2/CO/NOx,2025-04-02 22:00:00+02:00,0.5702247
2025,CO2/CO/NOx,2025-04-02 23:00:00+02:00,0.42088014
2025,CO2/CO/NOx,2025-04-03 00:00:00+02:00,0.40051496
2025,CO2/CO/NOx,2025-04-03 01:00:00+02:00,0.40051496
2025,CO2/CO/NOx,2025-04-03 02:00:00+02:00,0.40051496
2025,CO2/CO/NOx,2025-04-03 03:00:00+02:00,0.5566479
2025,CO2/CO/NOx,2025-04-03 04:00:00+02:00,0.6584738
2025,CO2/CO/NOx,2025-04-03 05:00:00+02:00,0.889279
2025,CO2/CO/NOx,2025-04-03 06:00:00+02:00,0.97073966
2025,CO2/CO/NOx,2025-04-03 07:00:00+02:00,0.97073966
2025,CO2/CO/NOx,2025-04-03 08:00:00+02:00,0.97073966
2025,CO2/CO/NOx,2025-04-03 09:00:00+02:00,0.8757022
2025,CO2/CO/NOx,2025-04-03 10:00:00+02:00,0.7127809
2025,CO2/CO/NOx,2025-04-03 11:00:00+02:00,0.4344569
2025,CO2/CO/NOx,2025-04-03 12:00:00+02:00,0.36657304
2025,CO2/CO/NOx,2025-04-03 13:00:00+02:00,0.46161047
2025,CO2/CO/NOx,2025-04-03 14:00:00+02:00,0.42088014
2025,CO2/CO/NOx,2025-04-03 15:00:00+02:00,0.3801498
2025,CO2/CO/NOx,2025-04-03 16:00:00+02:00,0.3733614
2025,CO2/CO/NOx,2025-04-03 17:00:00+02:00,0.3733614
2025,CO2/CO/NOx,2025-04-03 18:00:00+02:00,0.6992041
2025,CO2/CO/NOx,2025-04-03 19:00:00+02:00,0.91643256
2025,CO2/CO/NOx,2025-04-03 20:00:00+02:00,0.92322093
2025,CO2/CO/NOx,2025-04-03 21:00:00+02:00,0.92322093
2025,CO2/CO/NOx,2025-04-03 22:00:00+02:00,0.8417603
2025,CO2/CO/NOx,2025-04-03 23:00:00+02:00,0.71956927
2025,CO2/CO/NOx,2025-04-04 00:00:00+02:00,0.26474717
2025,CO2/CO/NOx,2025-04-04 01:00:00+02:00,0.0
2025,CO2/CO/NOx,2025-04-04 02:00:00+02:00,0.0
2025,CO2/CO/NOx,2025-04-04 03:00:00+02:00,0.013576779
2025,CO2/CO/NOx,2025-04-04 04:00:00+02:00,0.35299623
2025,CO2/CO/NOx,2025-04-04 05:00:00+02:00,0.5634363
2025,CO2/CO/NOx,2025-04-04 06:00:00+02:00,0.8960674
2025,CO2/CO/NOx,2025-04-04 07:00:00+02:00,0.97073966
2025,CO2/CO/NOx,2025-04-04 08:00:00+02:00,0.9639513
2025,CO2/CO/NOx,2025-04-04 09:00:00+02:00,0.5362828
2025,CO2/CO/NOx,2025-04-04 10:00:00+02:00,0.28511235
2025,CO2/CO/NOx,2025-04-04 11:00:00+02:00,0.0
2025,CO2/CO/NOx,2025-04-04 12:00:00+02:00,0.0
2025,CO2/CO/NOx,2025-04-04 13:00:00+02:00,0.0
2025,CO2/CO/NOx,2025-04-04 14:00:00+02:00,0.0
2025,CO2/CO/NOx,2025-04-04 15:00:00+02:00,0.0
2025,CO2/CO/NOx,2025-04-04 16:00:00+02:00,0.0
2025,CO2/CO/NOx,2025-04-04 17:00:00+02:00,0.10861423
2025,CO2/CO/NOx,2025-04-04 18:00:00+02:00,0.35978463
2025,CO2/CO/NOx,2025-04-04 19:00:00+02:00,0.73993444
2025,CO2/CO/NOx,2025-04-04 20:00:00+02:00,0.91643256
2025,CO2/CO/NOx,2025-04-04 21:00:00+02:00,0.8960674
2025,CO2/CO/NOx,2025-04-04 22:00:00+02:00,0.71956927
2025,CO2/CO/NOx,2025-04-04 23:00:00+02:00,0.21722846
2025,CO2/CO/NOx,2025-04-05 00:00:00+02:00,0.0
2025,CO2/CO/NOx,2025-04-05 01:00:00+02:00,0.0
2025,CO2/CO/NOx,2025-04-05 02:00:00+02:00,0.0
2025,CO2/CO/NOx,2025-04-05 03:00:00+02:00,0.0
2025,CO2/CO/NOx,2025-04-05 04:00:00+02:00,0.33941945
2025,CO2/CO/NOx,2025-04-05 05:00:00+02:00,0.42088014
2025,CO2/CO/NOx,2025-04-05 06:00:00+02:00,0.4344569
2025,CO2/CO/NOx,2025-04-05 07:00:00+02:00,0.4276685
2025,CO2/CO/NOx,2025-04-05 08:00:00+02:00,0.4276685
2025,CO2/CO/NOx,2025-04-05 09:00:00+02:00,0.10182584
2025,CO2/CO/NOx,2025-04-05 10:00:00+02:00,0.0
2025,CO2/CO/NOx,2025-04-05 11:00:00+02:00,0.0
2025,CO2/CO/NOx,2025-04-05 12:00:00+02:00,0.0
2025,CO2/CO/NOx,2025-04-05 13:00:00+02:00,0.0
2025,CO2/CO/NOx,2025-04-05 14:00:00+02:00,0.0
2025,CO2/CO/NOx,2025-04-05 15:00:00+02:00,0.0
2025,CO2/CO/NOx,2025-04-05 16:00:00+02:00,0.0
2025,CO2/CO/NOx,2025-04-05 17:00:00+02:00,0.0
2025,CO2/CO/NOx,2025-04-05 18:00:00+02:00,0.2511704
2025,CO2/CO/NOx,2025-04-05 19:00:00+02:00,0.7331461
2025,CO2/CO/NOx,2025-04-05 20:00:00+02:00,0.5770131
2025,CO2/CO/NOx,2025-04-05 21:00:00+02:00,0.23759362
2025,CO2/CO/NOx,2025-04-05 22:00:00+02:00,0.0
2025,CO2/CO/NOx,2025-04-05 23:00:00+02:00,0.0
2025,CO2/CO/NOx,2025-04-06 00:00:00+02:00,0.0
2025,CO2/CO/NOx,2025-04-06 01:00:00+02:00,0.0
2025,CO2/CO/NOx,2025-04-06 02:00:00+02:00,0.0
2025,CO2/CO/NOx,2025-04-06 03:00:00+02:00,0.0
2025,CO2/CO/NOx,2025-04-06 04:00:00+02:00,0.013576779
2025,CO2/CO/NOx,2025-04-06 05:00:00+02:00,0.3122659
2025,CO2/CO/NOx,2025-04-06 06:00:00+02:00,0.35978463
2025,CO2/CO/NOx,2025-04-06 07:00:00+02:00,0.35978463
2025,CO2/CO/NOx,2025-04-06 08:00:00+02:00,0.35978463
2025,CO2/CO/NOx,2025-04-06 09:00:00+02:00,0.35978463
2025,CO2/CO/NOx,2025-04-06 10:00:00+02:00,0.35978463
2025,CO2/CO/NOx,2025-04-06 11:00:00+02:00,0.35978463
2025,CO2/CO/NOx,2025-04-06 12:00:00+02:00,0.35978463
2025,CO2/CO/NOx,2025-04-06 13:00:00+02:00,0.36657304
2025,CO2/CO/NOx,2025-04-06 14:00:00+02:00,0.36657304
2025,CO2/CO/NOx,2025-04-06 15:00:00+02:00,0.3733614
2025,CO2/CO/NOx,2025-04-06 16:00:00+02:00,0.3733614
2025,CO2/CO/NOx,2025-04-06 17:00:00+02:00,0.3733614
2025,CO2/CO/NOx,2025-04-06 18:00:00+02:00,0.5362828
2025,CO2/CO/NOx,2025-04-06 19:00:00+02:00,0.88249063
2025,CO2/CO/NOx,2025-04-06 20:00:00+02:00,0.97752804
2025,CO2/CO/NOx,2025-04-06 21:00:00+02:00,0.98431647
2025,CO2/CO/NOx,2025-04-06 22:00:00+02:00,0.99110484
2025,CO2/CO/NOx,2025-04-06 23:00:00+02:00,0.8757022
2025,CO2/CO/NOx,2025-04-07 00:00:00+02:00,0.70599246
2025,CO2/CO/NOx,2025-04-07 01:00:00+02:00,0.67205054
2025,CO2/CO/NOx,2025-04-07 02:00:00+02:00,0.67205054
2025,CO2/CO/NOx,2025-04-07 03:00:00+02:00,0.91643256
2025,CO2/CO/NOx,2025-04-07 04:00:00+02:00,0.99110484
2025,CO2/CO/NOx,2025-04-07 05:00:00+02:00,0.9978932
2025,CO2/CO/NOx,2025-04-07 06:00:00+02:00,0.9978932
2025,CO2/CO/NOx,2025-04-07 07:00:00+02:00,0.9978932
2025,CO2/CO/NOx,2025-04-07 08:00:00+02:00,0.99110484
2025,CO2/CO/NOx,2025-04-07 09:00:00+02:00,0.9978932
2025,CO2/CO/NOx,2025-04-07 10:00:00+02:00,0.6584738
2025,CO2/CO/NOx,2025-04-07 11:00:00+02:00,0.4344569
2025,CO2/CO/NOx,2025-04-07 12:00:00+02:00,0.40051496
2025,CO2/CO/NOx,2025-04-07 13:00:00+02:00,0.3937266
2025,CO2/CO/NOx,2025-04-07 14:00:00+02:00,0.3801498
2025,CO2/CO/NOx,2025-04-07 15:00:00+02:00,0.36657304
2025,CO2/CO/NOx,2025-04-07 16:00:00+02:00,0.36657304
2025,CO2/CO/NOx,2025-04-07 17:00:00+02:00,0.48876402
2025,CO2/CO/NOx,2025-04-07 18:00:00+02:00,0.59737825
2025,CO2/CO/NOx,2025-04-07 19:00:00+02:00,0.889279
2025,CO2/CO/NOx,2025-04-07 20:00:00+02:00,0.97073966
2025,CO2/CO/NOx,2025-04-07 21:00:00+02:00,0.97752804
2025,CO2/CO/NOx,2025-04-07 22:00:00+02:00,0.97752804
2025,CO2/CO/NOx,2025-04-07 23:00:00+02:00,0.6992041
2025,CO2/CO/NOx,2025-04-08 00:00:00+02:00,0.59737825
2025,CO2/CO/NOx,2025-04-08 01:00:00+02:00,0.54307115
2025,CO2/CO/NOx,2025-04-08 02:00:00+02:00,0.5634363
2025,CO2/CO/NOx,2025-04-08 03:00:00+02:00,0.73993444
2025,CO2/CO/NOx,2025-04-08 04:00:00+02:00,0.9435861
2025,CO2/CO/NOx,2025-04-08 05:00:00+02:00,0.97752804
2025,CO2/CO/NOx,2025-04-08 06:00:00+02:00,0.99110484
2025,CO2/CO/NOx,2025-04-08 07:00:00+02:00,0.99110484
2025,CO2/CO/NOx,2025-04-08 08:00:00+02:00,0.99110484
2025,CO2/CO/NOx,2025-04-08 09:00:00+02:00,0.98431647
2025,CO2/CO/NOx,2025-04-08 10:00:00+02:00,0.91643256
2025,CO2/CO/NOx,2025-04-08 11:00:00+02:00,0.4548221
2025,CO2/CO/NOx,2025-04-08 12:00:00+02:00,0.36657304
2025,CO2/CO/NOx,2025-04-08 13:00:00+02:00,0.36657304
2025,CO2/CO/NOx,2025-04-08 14:00:00+02:00,0.36657304
2025,CO2/CO/NOx,2025-04-08 15:00:00+02:00,0.36657304
2025,CO2/CO/NOx,2025-04-08 16:00:00+02:00,0.44124532
2025,CO2/CO/NOx,2025-04-08 17:00:00+02:00,0.46839887
2025,CO2/CO/NOx,2025-04-08 18:00:00+02:00,0.5905899
2025,CO2/CO/NOx,2025-04-08 19:00:00+02:00,0.90285575
2025,CO2/CO/NOx,2025-04-08 20:00:00+02:00,0.91643256
2025,CO2/CO/NOx,2025-04-08 21:00:00+02:00,0.9571629
2025,CO2/CO/NOx,2025-04-08 22:00:00+02:00,0.9639513
2025,CO2/CO/NOx,2025-04-08 23:00:00+02:00,0.97073966
2025,CO2/CO/NOx,2025-04-09 00:00:00+02:00,0.7467228
2025,CO2/CO/NOx,2025-04-09 01:00:00+02:00,0.6924157
2025,CO2/CO/NOx,2025-04-09 02:00:00+02:00,0.71956927
2025,CO2/CO/NOx,2025-04-09 03:00:00+02:00,0.9096442
2025,CO2/CO/NOx,2025-04-09 04:00:00+02:00,0.97073966
2025,CO2/CO/NOx,2025-04-09 05:00:00+02:00,0.9571629
2025,CO2/CO/NOx,2025-04-09 06:00:00+02:00,0.9571629
2025,CO2/CO/NOx,2025-04-09 07:00:00+02:00,0.9571629
2025,CO2/CO/NOx,2025-04-09 08:00:00+02:00,0.9300093
2025,CO2/CO/NOx,2025-04-09 09:00:00+02:00,0.8689138
2025,CO2/CO/NOx,2025-04-09 10:00:00+02:00,0.6788389
2025,CO2/CO/NOx,2025-04-09 11:00:00+02:00,0.36657304
2025,CO2/CO/NOx,2025-04-09 12:00:00+02:00,0.35978463
2025,CO2/CO/NOx,2025-04-09 13:00:00+02:00,0.35978463
2025,CO2/CO/NOx,2025-04-09 14:00:00+02:00,0.35978463
2025,CO2/CO/NOx,2025-04-09 15:00:00+02:00,0.35978463
2025,CO2/CO/NOx,2025-04-09 16:00:00+02:00,0.35978463
2025,CO2/CO/NOx,2025-04-09 17:00:00+02:00,0.35978463
2025,CO2/CO/NOx,2025-04-09 18:00:00+02:00,0.65168536
2025,CO2/CO/NOx,2025-04-09 19:00:00+02:00,0.8960674
2025,CO2/CO/NOx,2025-04-09 20:00:00+02:00,0.9571629
2025,CO2/CO/NOx,2025-04-09 21:00:00+02:00,0.9639513
2025,CO2/CO/NOx,2025-04-09 22:00:00+02:00,0.7331461
2025,CO2/CO/NOx,2025-04-09 23:00:00+02:00,0.6313202
2025,CO2/CO/NOx,2025-04-10 00:00:00+02:00,0.61095506
2025,CO2/CO/NOx,2025-04-10 01:00:00+02:00,0.59737825
2025,CO2/CO/NOx,2025-04-10 02:00:00+02:00,0.59737825
2025,CO2/CO/NOx,2025-04-10 03:00:00+02:00,0.59737825
2025,CO2/CO/NOx,2025-04-10 04:00:00+02:00,0.65168536
2025,CO2/CO/NOx,2025-04-10 05:00:00+02:00,0.99110484
2025,CO2/CO/NOx,2025-04-10 06:00:00+02:00,0.99110484
2025,CO2/CO/NOx,2025-04-10 07:00:00+02:00,0.98431647
2025,CO2/CO/NOx,2025-04-10 08:00:00+02:00,0.98431647
2025,CO2/CO/NOx,2025-04-10 09:00:00+02:00,0.97752804
2025,CO2/CO/NOx,2025-04-10 10:00:00+02:00,0.97073966
2025,CO2/CO/NOx,2025-04-10 11:00:00+02:00,0.33263108
2025,CO2/CO/NOx,2025-04-10 12:00:00+02:00,0.0
2025,CO2/CO/NOx,2025-04-10 13:00:00+02:00,0.0
2025,CO2/CO/NOx,2025-04-10 14:00:00+02:00,0.0
2025,CO2/CO/NOx,2025-04-10 15:00:00+02:00,0.0
2025,CO2/CO/NOx,2025-04-10 16:00:00+02:00,0.0
2025,CO2/CO/NOx,2025-04-10 17:00:00+02:00,0.0
2025,CO2/CO/NOx,2025-04-10 18:00:00+02:00,0.0
2025,CO2/CO/NOx,2025-04-10 19:00:00+02:00,0.013576779
2025,CO2/CO/NOx,2025-04-10 20:00:00+02:00,0.4344569
2025,CO2/CO/NOx,2025-04-10 21:00:00+02:00,0.8960674
2025,CO2/CO/NOx,2025-04-10 22:00:00+02:00,0.90285575
2025,CO2/CO/NOx,2025-04-10 23:00:00+02:00,0.80781835
2025,CO2/CO/NOx,2025-04-11 00:00:00+02:00,0.7602996
2025,CO2/CO/NOx,2025-04-11 01:00:00+02:00,0.6313202
2025,CO2/CO/NOx,2025-04-11 02:00:00+02:00,0.6313202
2025,CO2/CO/NOx,2025-04-11 03:00:00+02:00,0.5634363
2025,CO2/CO/NOx,2025-04-11 04:00:00+02:00,0.84854865
2025,CO2/CO/NOx,2025-04-11 05:00:00+02:00,0.97752804
2025,CO2/CO/NOx,2025-04-11 06:00:00+02:00,0.9639513
2025,CO2/CO/NOx,2025-04-11 07:00:00+02:00,0.9571629
2025,CO2/CO/NOx,2025-04-11 08:00:00+02:00,0.97073966
2025,CO2/CO/NOx,2025-04-11 09:00:00+02:00,0.61095506
2025,CO2/CO/NOx,2025-04-11 10:00:00+02:00,0.061095502
2025,CO2/CO/NOx,2025-04-11 11:00:00+02:00,0.0
2025,CO2/CO/NOx,2025-04-11 12:00:00+02:00,0.0
2025,CO2/CO/NOx,2025-04-11 13:00:00+02:00,0.0
2025,CO2/CO/NOx,2025-04-11 14:00:00+02:00,0.0
2025,CO2/CO/NOx,2025-04-11 15:00:00+02:00,0.0
2025,CO2/CO/NOx,2025-04-11 16:00:00+02:00,0.0
2025,CO2/CO/NOx,2025-04-11 17:00:00+02:00,0.0
2025,CO2/CO/NOx,2025-04-11 18:00:00+02:00,0.0
2025,CO2/CO/NOx,2025-04-11 19:00:00+02:00,0.0
2025,CO2/CO/NOx,2025-04-11 20:00:00+02:00,0.0
2025,CO2/CO/NOx,2025-04-11 21:00:00+02:00,0.0
2025,CO2/CO/NOx,2025-04-11 22:00:00+02:00,0.0
2025,CO2/CO/NOx,2025-04-11 23:00:00+02:00,0.0
2025,CO2/CO/NOx,2025-04-12 00:00:00+02:00,0.0
2025,CO2/CO/NOx,2025-04-12 01:00:00+02:00,0.0
2025,CO2/CO/NOx,2025-04-12 02:00:00+02:00,0.0
2025,CO2/CO/NOx,2025-04-12 03:00:00+02:00,0.0
2025,CO2/CO/NOx,2025-04-12 04:00:00+02:00,0.0
2025,CO2/CO/NOx,2025-04-12 05:00:00+02:00,0.0
2025,CO2/CO/NOx,2025-04-12 06:00:00+02:00,0.0
2025,CO2/CO/NOx,2025-04-12 07:00:00+02:00,0.0
2025,CO2/CO/NOx,2025-04-12 08:00:00+02:00,0.0
2025,CO2/CO/NOx,2025-04-12 09:00:00+02:00,0.0
2025,CO2/CO/NOx,2025-04-12 10:00:00+02:00,0.0
2025,CO2/CO/NOx,2025-04-12 11:00:00+02:00,0.0
2025,CO2/CO/NOx,2025-04-12 12:00:00+02:00,0.0
2025,CO2/CO/NOx,2025-04-12 13:00:00+02:00,0.0
2025,CO2/CO/NOx,2025-04-12 14:00:00+02:00,0.0
2025,CO2/CO/NOx,2025-04-12 15:00:00+02:00,0.0
2025,CO2/CO/NOx,2025-04-12 16:00:00+02:00,0.0
2025,CO2/CO/NOx,2025-04-12 17:00:00+02:00,0.0
2025,CO2/CO/NOx,2025-04-12 18:00:00+02:00,0.0
2025,CO2/CO/NOx,2025-04-12 19:00:00+02:00,0.0
2025,CO2/CO/NOx,2025-04-12 20:00:00+02:00,0.0
2025,CO2/CO/NOx,2025-04-12 21:00:00+02:00,0.0
2025,CO2/CO/NOx,2025-04-12 22:00:00+02:00,0.0
2025,CO2/CO/NOx,2025-04-12 23:00:00+02:00,0.0
2025,CO2/CO/NOx,2025-04-13 00:00:00+02:00,0.0
2025,CO2/CO/NOx,2025-04-13 01:00:00+02:00,0.0
2025,CO2/CO/NOx,2025-04-13 02:00:00+02:00,0.0
2025,CO2/CO/NOx,2025-04-13 03:00:00+02:00,0.0
2025,CO2/CO/NOx,2025-04-13 04:00:00+02:00,0.0
2025,CO2/CO/NOx,2025-04-13 05:00:00+02:00,0.0
2025,CO2/CO/NOx,2025-04-13 06:00:00+02:00,0.0
2025,CO2/CO/NOx,2025-04-13 07:00:00+02:00,0.0
2025,CO2/CO/NOx,2025-04-13 08:00:00+02:00,0.0
2025,CO2/CO/NOx,2025-04-13 09:00:00+02:00,0.0
2025,CO2/CO/NOx,2025-04-13 10:00:00+02:00,0.0
2025,CO2/CO/NOx,2025-04-13 11:00:00+02:00,0.0
2025,CO2/CO/NOx,2025-04-13 12:00:00+02:00,0.0
2025,CO2/CO/NOx,2025-04-13 13:00:00+02:00,0.0
2025,CO2/CO/NOx,2025-04-13 14:00:00+02:00,0.0
2025,CO2/CO/NOx,2025-04-13 15:00:00+02:00,0.0
2025,CO2/CO/NOx,2025-04-13 16:00:00+02:00,0.0
2025,CO2/CO/NOx,2025-04-13 17:00:00+02:00,0.0
2025,CO2/CO/NOx,2025-04-13 18:00:00+02:00,0.0
2025,CO2/CO/NOx,2025-04-13 19:00:00+02:00,0.0
2025,CO2/CO/NOx,2025-04-13 20:00:00+02:00,0.0
2025,CO2/CO/NOx,2025-04-13 21:00:00+02:00,0.0
2025,CO2/CO/NOx,2025-04-13 22:00:00+02:00,0.0
2025,CO2/CO/NOx,2025-04-13 23:00:00+02:00,0.0
2025,CO2/CO/NOx,2025-04-14 00:00:00+02:00,0.0
2025,CO2/CO/NOx,2025-04-14 01:00:00+02:00,0.0
2025,CO2/CO/NOx,2025-04-14 02:00:00+02:00,0.0
2025,CO2/CO/NOx,2025-04-14 03:00:00+02:00,0.0
2025,CO2/CO/NOx,2025-04-14 04:00:00+02:00,0.061095502
2025,CO2/CO/NOx,2025-04-14 05:00:00+02:00,0.48876402
2025,CO2/CO/NOx,2025-04-14 06:00:00+02:00,0.77387637
2025,CO2/CO/NOx,2025-04-14 07:00:00+02:00,0.9096442
2025,CO2/CO/NOx,2025-04-14 08:00:00+02:00,0.9300093
2025,CO2/CO/NOx,2025-04-14 09:00:00+02:00,0.8757022
2025,CO2/CO/NOx,2025-04-14 10:00:00+02:00,0.78066474
2025,CO2/CO/NOx,2025-04-14 11:00:00+02:00,0.40730336
2025,CO2/CO/NOx,2025-04-14 12:00:00+02:00,0.32584268
2025,CO2/CO/NOx,2025-04-14 13:00:00+02:00,0.32584268
2025,CO2/CO/NOx,2025-04-14 14:00:00+02:00,0.32584268
2025,CO2/CO/NOx,2025-04-14 15:00:00+02:00,0.32584268
2025,CO2/CO/NOx,2025-04-14 16:00:00+02:00,0.32584268
2025,CO2/CO/NOx,2025-04-14 17:00:00+02:00,0.40730336
2025,CO2/CO/NOx,2025-04-14 18:00:00+02:00,0.767088
2025,CO2/CO/NOx,2025-04-14 19:00:00+02:00,0.8689138
2025,CO2/CO/NOx,2025-04-14 20:00:00+02:00,0.8349719
2025,CO2/CO/NOx,2025-04-14 21:00:00+02:00,0.8349719
2025,CO2/CO/NOx,2025-04-14 22:00:00+02:00,0.6992041
2025,CO2/CO/NOx,2025-04-14 23:00:00+02:00,0.4548221
2025,CO2/CO/NOx,2025-04-15 00:00:00+02:00,0.3733614
2025,CO2/CO/NOx,2025-04-15 01:00:00+02:00,0.3801498
2025,CO2/CO/NOx,2025-04-15 02:00:00+02:00,0.3801498
2025,CO2/CO/NOx,2025-04-15 03:00:00+02:00,0.3801498
2025,CO2/CO/NOx,2025-04-15 04:00:00+02:00,0.5362828
2025,CO2/CO/NOx,2025-04-15 05:00:00+02:00,0.65168536
2025,CO2/CO/NOx,2025-04-15 06:00:00+02:00,0.767088
2025,CO2/CO/NOx,2025-04-15 07:00:00+02:00,0.8757022
2025,CO2/CO/NOx,2025-04-15 08:00:00+02:00,0.90285575
2025,CO2/CO/NOx,2025-04-15 09:00:00+02:00,0.7331461
2025,CO2/CO/NOx,2025-04-15 10:00:00+02:00,0.46839887
2025,CO2/CO/NOx,2025-04-15 11:00:00+02:00,0.3733614
2025,CO2/CO/NOx,2025-04-15 12:00:00+02:00,0.35978463
2025,CO2/CO/NOx,2025-04-15 13:00:00+02:00,0.35978463
2025,CO2/CO/NOx,2025-04-15 14:00:00+02:00,0.35978463
2025,CO2/CO/NOx,2025-04-15 15:00:00+02:00,0.35978463
2025,CO2/CO/NOx,2025-04-15 16:00:00+02:00,0.35978463
2025,CO2/CO/NOx,2025-04-15 17:00:00+02:00,0.35978463
2025,CO2/CO/NOx,2025-04-15 18:00:00+02:00,0.35978463
2025,CO2/CO/NOx,2025-04-15 19:00:00+02:00,0.36657304
2025,CO2/CO/NOx,2025-04-15 20:00:00+02:00,0.6924157
2025,CO2/CO/NOx,2025-04-15 21:00:00+02:00,0.8349719
2025,CO2/CO/NOx,2025-04-15 22:00:00+02:00,0.6924157
2025,CO2/CO/NOx,2025-04-15 23:00:00+02:00,0.6245318
2025,CO2/CO/NOx,2025-04-16 00:00:00+02:00,0.6313202
2025,CO2/CO/NOx,2025-04-16 01:00:00+02:00,0.6041666
2025,CO2/CO/NOx,2025-04-16 02:00:00+02:00,0.4276685
2025,CO2/CO/NOx,2025-04-16 03:00:00+02:00,0.4344569
2025,CO2/CO/NOx,2025-04-16 04:00:00+02:00,0.5362828
2025,CO2/CO/NOx,2025-04-16 05:00:00+02:00,0.8417603
2025,CO2/CO/NOx,2025-04-16 06:00:00+02:00,0.9435861
2025,CO2/CO/NOx,2025-04-16 07:00:00+02:00,0.9300093
2025,CO2/CO/NOx,2025-04-16 08:00:00+02:00,0.8757022
2025,CO2/CO/NOx,2025-04-16 09:00:00+02:00,0.8146067
2025,CO2/CO/NOx,2025-04-16 10:00:00+02:00,0.5023408
2025,CO2/CO/NOx,2025-04-16 11:00:00+02:00,0.3937266
2025,CO2/CO/NOx,2025-04-16 12:00:00+02:00,0.3733614
2025,CO2/CO/NOx,2025-04-16 13:00:00+02:00,0.35978463
2025,CO2/CO/NOx,2025-04-16 14:00:00+02:00,0.38693818
2025,CO2/CO/NOx,2025-04-16 15:00:00+02:00,0.3733614
2025,CO2/CO/NOx,2025-04-16 16:00:00+02:00,0.35978463
2025,CO2/CO/NOx,2025-04-16 17:00:00+02:00,0.35978463
2025,CO2/CO/NOx,2025-04-16 18:00:00+02:00,0.35978463
2025,CO2/CO/NOx,2025-04-16 19:00:00+02:00,0.35978463
2025,CO2/CO/NOx,2025-04-16 20:00:00+02:00,0.38693818
2025,CO2/CO/NOx,2025-04-16 21:00:00+02:00,0.4480337
2025,CO2/CO/NOx,2025-04-16 22:00:00+02:00,0.48197564
2025,CO2/CO/NOx,2025-04-16 23:00:00+02:00,0.46839887
2025,CO2/CO/NOx,2025-04-17 00:00:00+02:00,0.4344569
2025,CO2/CO/NOx,2025-04-17 01:00:00+02:00,0.3733614
2025,CO2/CO/NOx,2025-04-17 02:00:00+02:00,0.35978463
2025,CO2/CO/NOx,2025-04-17 03:00:00+02:00,0.35978463
2025,CO2/CO/NOx,2025-04-17 04:00:00+02:00,0.44124532
2025,CO2/CO/NOx,2025-04-17 05:00:00+02:00,0.59737825
2025,CO2/CO/NOx,2025-04-17 06:00:00+02:00,0.78066474
2025,CO2/CO/NOx,2025-04-17 07:00:00+02:00,0.88249063
2025,CO2/CO/NOx,2025-04-17 08:00:00+02:00,0.9300093
2025,CO2/CO/NOx,2025-04-17 09:00:00+02:00,0.8689138
2025,CO2/CO/NOx,2025-04-17 10:00:00+02:00,0.8960674
2025,CO2/CO/NOx,2025-04-17 11:00:00+02:00,0.72635764
2025,CO2/CO/NOx,2025-04-17 12:00:00+02:00,0.59737825
2025,CO2/CO/NOx,2025-04-17 13:00:00+02:00,0.47518724
2025,CO2/CO/NOx,2025-04-17 14:00:00+02:00,0.49555242
2025,CO2/CO/NOx,2025-04-17 15:00:00+02:00,0.3937266
2025,CO2/CO/NOx,2025-04-17 16:00:00+02:00,0.40730336
2025,CO2/CO/NOx,2025-04-17 17:00:00+02:00,0.52949435
2025,CO2/CO/NOx,2025-04-17 18:00:00+02:00,0.84854865
2025,CO2/CO/NOx,2025-04-17 19:00:00+02:00,0.92322093
2025,CO2/CO/NOx,2025-04-17 20:00:00+02:00,0.92322093
2025,CO2/CO/NOx,2025-04-17 21:00:00+02:00,0.9300093
2025,CO2/CO/NOx,2025-04-17 22:00:00+02:00,0.93679774
2025,CO2/CO/NOx,2025-04-17 23:00:00+02:00,0.767088
2025,CO2/CO/NOx,2025-04-18 00:00:00+02:00,0.889279
2025,CO2/CO/NOx,2025-04-18 01:00:00+02:00,0.8349719
2025,CO2/CO/NOx,2025-04-18 02:00:00+02:00,0.8010299
2025,CO2/CO/NOx,2025-04-18 03:00:00+02:00,0.8010299
2025,CO2/CO/NOx,2025-04-18 04:00:00+02:00,0.8010299
2025,CO2/CO/NOx,2025-04-18 05:00:00+02:00,0.9096442
2025,CO2/CO/NOx,2025-04-18 06:00:00+02:00,0.9503745
2025,CO2/CO/NOx,2025-04-18 07:00:00+02:00,0.9571629
2025,CO2/CO/NOx,2025-04-18 08:00:00+02:00,0.9571629
2025,CO2/CO/NOx,2025-04-18 09:00:00+02:00,0.9571629
2025,CO2/CO/NOx,2025-04-18 10:00:00+02:00,0.9503745
2025,CO2/CO/NOx,2025-04-18 11:00:00+02:00,0.9503745
2025,CO2/CO/NOx,2025-04-18 12:00:00+02:00,0.9435861
2025,CO2/CO/NOx,2025-04-18 13:00:00+02:00,0.9435861
2025,CO2/CO/NOx,2025-04-18 14:00:00+02:00,0.93679774
2025,CO2/CO/NOx,2025-04-18 15:00:00+02:00,0.93679774
2025,CO2/CO/NOx,2025-04-18 16:00:00+02:00,0.9300093
2025,CO2/CO/NOx,2025-04-18 17:00:00+02:00,0.9300093
2025,CO2/CO/NOx,2025-04-18 18:00:00+02:00,0.93679774
2025,CO2/CO/NOx,2025-04-18 19:00:00+02:00,0.93679774
2025,CO2/CO/NOx,2025-04-18 20:00:00+02:00,0.9435861
2025,CO2/CO/NOx,2025-04-18 21:00:00+02:00,0.9435861
2025,CO2/CO/NOx,2025-04-18 22:00:00+02:00,0.9435861
2025,CO2/CO/NOx,2025-04-18 23:00:00+02:00,0.86212546
2025,CO2/CO/NOx,2025-04-19 00:00:00+02:00,0.7331461
2025,CO2/CO/NOx,2025-04-19 01:00:00+02:00,0.9571629
2025,CO2/CO/NOx,2025-04-19 02:00:00+02:00,0.9571629
2025,CO2/CO/NOx,2025-04-19 03:00:00+02:00,0.9639513
2025,CO2/CO/NOx,2025-04-19 04:00:00+02:00,0.9639513
2025,CO2/CO/NOx,2025-04-19 05:00:00+02:00,0.97073966
2025,CO2/CO/NOx,2025-04-19 06:00:00+02:00,0.97073966
2025,CO2/CO/NOx,2025-04-19 07:00:00+02:00,0.97073966
2025,CO2/CO/NOx,2025-04-19 08:00:00+02:00,0.9571629
2025,CO2/CO/NOx,2025-04-19 09:00:00+02:00,0.8146067
2025,CO2/CO/NOx,2025-04-19 10:00:00+02:00,0.5634363
2025,CO2/CO/NOx,2025-04-19 11:00:00+02:00,0.013576779
2025,CO2/CO/NOx,2025-04-19 12:00:00+02:00,0.0
2025,CO2/CO/NOx,2025-04-19 13:00:00+02:00,0.0
2025,CO2/CO/NOx,2025-04-19 14:00:00+02:00,0.0
2025,CO2/CO/NOx,2025-04-19 15:00:00+02:00,0.0
2025,CO2/CO/NOx,2025-04-19 16:00:00+02:00,0.0067883893
2025,CO2/CO/NOx,2025-04-19 17:00:00+02:00,0.35978463
2025,CO2/CO/NOx,2025-04-19 18:00:00+02:00,0.61095506
2025,CO2/CO/NOx,2025-04-19 19:00:00+02:00,0.6313202
2025,CO2/CO/NOx,2025-04-19 20:00:00+02:00,0.7874532
2025,CO2/CO/NOx,2025-04-19 21:00:00+02:00,0.8689138
2025,CO2/CO/NOx,2025-04-19 22:00:00+02:00,0.8689138
2025,CO2/CO/NOx,2025-04-19 23:00:00+02:00,0.7874532
2025,CO2/CO/NOx,2025-04-20 00:00:00+02:00,0.61774343
2025,CO2/CO/NOx,2025-04-20 01:00:00+02:00,0.59737825
2025,CO2/CO/NOx,2025-04-20 02:00:00+02:00,0.70599246
2025,CO2/CO/NOx,2025-04-20 03:00:00+02:00,0.7331461
2025,CO2/CO/NOx,2025-04-20 04:00:00+02:00,0.8689138
2025,CO2/CO/NOx,2025-04-20 05:00:00+02:00,0.91643256
2025,CO2/CO/NOx,2025-04-20 06:00:00+02:00,0.9435861
2025,CO2/CO/NOx,2025-04-20 07:00:00+02:00,0.9435861
2025,CO2/CO/NOx,2025-04-20 08:00:00+02:00,0.5498595
2025,CO2/CO/NOx,2025-04-20 09:00:00+02:00,0.013576779
2025,CO2/CO/NOx,2025-04-20 10:00:00+02:00,0.0
2025,CO2/CO/NOx,2025-04-20 11:00:00+02:00,0.0
2025,CO2/CO/NOx,2025-04-20 12:00:00+02:00,0.0
2025,CO2/CO/NOx,2025-04-20 13:00:00+02:00,0.0
2025,CO2/CO/NOx,2025-04-20 14:00:00+02:00,0.0
2025,CO2/CO/NOx,2025-04-20 15:00:00+02:00,0.0
2025,CO2/CO/NOx,2025-04-20 16:00:00+02:00,0.0
2025,CO2/CO/NOx,2025-04-20 17:00:00+02:00,0.28511235
2025,CO2/CO/NOx,2025-04-20 18:00:00+02:00,0.6245318
2025,CO2/CO/NOx,2025-04-20 19:00:00+02:00,0.8757022
2025,CO2/CO/NOx,2025-04-20 20:00:00+02:00,0.92322093
2025,CO2/CO/NOx,2025-04-20 21:00:00+02:00,0.9300093
2025,CO2/CO/NOx,2025-04-20 22:00:00+02:00,0.9300093
2025,CO2/CO/NOx,2025-04-20 23:00:00+02:00,0.91643256
2025,CO2/CO/NOx,2025-04-21 00:00:00+02:00,0.72635764
2025,CO2/CO/NOx,2025-04-21 01:00:00+02:00,0.767088
2025,CO2/CO/NOx,2025-04-21 02:00:00+02:00,0.767088
2025,CO2/CO/NOx,2025-04-21 03:00:00+02:00,0.7331461
2025,CO2/CO/NOx,2025-04-21 04:00:00+02:00,0.889279
2025,CO2/CO/NOx,2025-04-21 05:00:00+02:00,0.93679774
2025,CO2/CO/NOx,2025-04-21 06:00:00+02:00,0.93679774
2025,CO2/CO/NOx,2025-04-21 07:00:00+02:00,0.93679774
2025,CO2/CO/NOx,2025-04-21 08:00:00+02:00,0.93679774
2025,CO2/CO/NOx,2025-04-21 09:00:00+02:00,0.9300093
2025,CO2/CO/NOx,2025-04-21 10:00:00+02:00,0.91643256
2025,CO2/CO/NOx,2025-04-21 11:00:00+02:00,0.91643256
2025,CO2/CO/NOx,2025-04-21 12:00:00+02:00,0.9096442
2025,CO2/CO/NOx,2025-04-21 13:00:00+02:00,0.9096442
2025,CO2/CO/NOx,2025-04-21 14:00:00+02:00,0.8689138
2025,CO2/CO/NOx,2025-04-21 15:00:00+02:00,0.86212546
2025,CO2/CO/NOx,2025-04-21 16:00:00+02:00,0.889279
2025,CO2/CO/NOx,2025-04-21 17:00:00+02:00,0.8960674
2025,CO2/CO/NOx,2025-04-21 18:00:00+02:00,0.889279
2025,CO2/CO/NOx,2025-04-21 19:00:00+02:00,0.8960674
2025,CO2/CO/NOx,2025-04-21 20:00:00+02:00,0.90285575
2025,CO2/CO/NOx,2025-04-21 21:00:00+02:00,0.9096442
2025,CO2/CO/NOx,2025-04-21 22:00:00+02:00,0.91643256
2025,CO2/CO/NOx,2025-04-21 23:00:00+02:00,0.8417603
2025,CO2/CO/NOx,2025-04-22 00:00:00+02:00,0.70599246
2025,CO2/CO/NOx,2025-04-22 01:00:00+02:00,0.66526216
2025,CO2/CO/NOx,2025-04-22 02:00:00+02:00,0.66526216
2025,CO2/CO/NOx,2025-04-22 03:00:00+02:00,0.66526216
2025,CO2/CO/NOx,2025-04-22 04:00:00+02:00,0.86212546
2025,CO2/CO/NOx,2025-04-22 05:00:00+02:00,0.93679774
2025,CO2/CO/NOx,2025-04-22 06:00:00+02:00,0.93679774
2025,CO2/CO/NOx,2025-04-22 07:00:00+02:00,0.93679774
2025,CO2/CO/NOx,2025-04-22 08:00:00+02:00,0.93679774
2025,CO2/CO/NOx,2025-04-22 09:00:00+02:00,0.91643256
2025,CO2/CO/NOx,2025-04-22 10:00:00+02:00,0.61095506
2025,CO2/CO/NOx,2025-04-22 11:00:00+02:00,0.49555242
2025,CO2/CO/NOx,2025-04-22 12:00:00+02:00,0.40051496
2025,CO2/CO/NOx,2025-04-22 13:00:00+02:00,0.36657304
2025,CO2/CO/NOx,2025-04-22 14:00:00+02:00,0.36657304
2025,CO2/CO/NOx,2025-04-22 15:00:00+02:00,0.36657304
2025,CO2/CO/NOx,2025-04-22 16:00:00+02:00,0.36657304
2025,CO2/CO/NOx,2025-04-22 17:00:00+02:00,0.3801498
2025,CO2/CO/NOx,2025-04-22 18:00:00+02:00,0.59737825
2025,CO2/CO/NOx,2025-04-22 19:00:00+02:00,0.90285575
2025,CO2/CO/NOx,2025-04-22 20:00:00+02:00,0.9096442
2025,CO2/CO/NOx,2025-04-22 21:00:00+02:00,0.91643256
2025,CO2/CO/NOx,2025-04-22 22:00:00+02:00,0.8960674
2025,CO2/CO/NOx,2025-04-22 23:00:00+02:00,0.67205054
2025,CO2/CO/NOx,2025-04-23 00:00:00+02:00,0.5905899
2025,CO2/CO/NOx,2025-04-23 01:00:00+02:00,0.5634363
2025,CO2/CO/NOx,2025-04-23 02:00:00+02:00,0.5838015
2025,CO2/CO/NOx,2025-04-23 03:00:00+02:00,0.59737825
2025,CO2/CO/NOx,2025-04-23 04:00:00+02:00,0.644897
2025,CO2/CO/NOx,2025-04-23 05:00:00+02:00,0.86212546
2025,CO2/CO/NOx,2025-04-23 06:00:00+02:00,0.9435861
2025,CO2/CO/NOx,2025-04-23 07:00:00+02:00,0.9435861
2025,CO2/CO/NOx,2025-04-23 08:00:00+02:00,0.93679774
2025,CO2/CO/NOx,2025-04-23 09:00:00+02:00,0.92322093
2025,CO2/CO/NOx,2025-04-23 10:00:00+02:00,0.86212546
2025,CO2/CO/NOx,2025-04-23 11:00:00+02:00,0.49555242
2025,CO2/CO/NOx,2025-04-23 12:00:00+02:00,0.36657304
2025,CO2/CO/NOx,2025-04-23 13:00:00+02:00,0.36657304
2025,CO2/CO/NOx,2025-04-23 14:00:00+02:00,0.36657304
2025,CO2/CO/NOx,2025-04-23 15:00:00+02:00,0.36657304
2025,CO2/CO/NOx,2025-04-23 16:00:00+02:00,0.36657304
2025,CO2/CO/NOx,2025-04-23 17:00:00+02:00,0.36657304
2025,CO2/CO/NOx,2025-04-23 18:00:00+02:00,0.40730336
2025,CO2/CO/NOx,2025-04-23 19:00:00+02:00,0.77387637
2025,CO2/CO/NOx,2025-04-23 20:00:00+02:00,0.855337
2025,CO2/CO/NOx,2025-04-23 21:00:00+02:00,0.84854865
2025,CO2/CO/NOx,2025-04-23 22:00:00+02:00,0.7535112
2025,CO2/CO/NOx,2025-04-23 23:00:00+02:00,0.5770131
2025,CO2/CO/NOx,2025-04-24 00:00:00+02:00,0.46839887
2025,CO2/CO/NOx,2025-04-24 01:00:00+02:00,0.3937266
2025,CO2/CO/NOx,2025-04-24 02:00:00+02:00,0.3937266
2025,CO2/CO/NOx,2025-04-24 03:00:00+02:00,0.3937266
2025,CO2/CO/NOx,2025-04-24 04:00:00+02:00,0.46839887
2025,CO2/CO/NOx,2025-04-24 05:00:00+02:00,0.7874532
2025,CO2/CO/NOx,2025-04-24 06:00:00+02:00,0.93679774
2025,CO2/CO/NOx,2025-04-24 07:00:00+02:00,0.9503745
2025,CO2/CO/NOx,2025-04-24 08:00:00+02:00,0.9503745
2025,CO2/CO/NOx,2025-04-24 09:00:00+02:00,0.9435861
2025,CO2/CO/NOx,2025-04-24 10:00:00+02:00,0.8417603
2025,CO2/CO/NOx,2025-04-24 11:00:00+02:00,0.93679774
2025,CO2/CO/NOx,2025-04-24 12:00:00+02:00,0.9435861
2025,CO2/CO/NOx,2025-04-24 13:00:00+02:00,0.93679774
2025,CO2/CO/NOx,2025-04-24 14:00:00+02:00,0.84854865
2025,CO2/CO/NOx,2025-04-24 15:00:00+02:00,0.90285575
2025,CO2/CO/NOx,2025-04-24 16:00:00+02:00,0.93679774
2025,CO2/CO/NOx,2025-04-24 17:00:00+02:00,0.9300093
2025,CO2/CO/NOx,2025-04-24 18:00:00+02:00,0.93679774
2025,CO2/CO/NOx,2025-04-24 19:00:00+02:00,0.93679774
2025,CO2/CO/NOx,2025-04-24 20:00:00+02:00,0.93679774
2025,CO2/CO/NOx,2025-04-24 21:00:00+02:00,0.9300093
2025,CO2/CO/NOx,2025-04-24 22:00:00+02:00,0.92322093
2025,CO2/CO/NOx,2025-04-24 23:00:00+02:00,0.93679774
2025,CO2/CO/NOx,2025-04-25 00:00:00+02:00,0.93679774
2025,CO2/CO/NOx,2025-04-25 01:00:00+02:00,0.889279
2025,CO2/CO/NOx,2025-04-25 02:00:00+02:00,0.7467228
2025,CO2/CO/NOx,2025-04-25 03:00:00+02:00,0.855337
2025,CO2/CO/NOx,2025-04-25 04:00:00+02:00,0.9300093
2025,CO2/CO/NOx,2025-04-25 05:00:00+02:00,0.9503745
2025,CO2/CO/NOx,2025-04-25 06:00:00+02:00,0.9435861
2025,CO2/CO/NOx,2025-04-25 07:00:00+02:00,0.9503745
2025,CO2/CO/NOx,2025-04-25 08:00:00+02:00,0.9503745
2025,CO2/CO/NOx,2025-04-25 09:00:00+02:00,0.9435861
2025,CO2/CO/NOx,2025-04-25 10:00:00+02:00,0.9435861
2025,CO2/CO/NOx,2025-04-25 11:00:00+02:00,0.9435861
2025,CO2/CO/NOx,2025-04-25 12:00:00+02:00,0.9300093
2025,CO2/CO/NOx,2025-04-25 13:00:00+02:00,0.6788389
2025,CO2/CO/NOx,2025-04-25 14:00:00+02:00,0.65168536
2025,CO2/CO/NOx,2025-04-25 15:00:00+02:00,0.7127809
2025,CO2/CO/NOx,2025-04-25 16:00:00+02:00,0.8010299
2025,CO2/CO/NOx,2025-04-25 17:00:00+02:00,0.90285575
2025,CO2/CO/NOx,2025-04-25 18:00:00+02:00,0.9300093
2025,CO2/CO/NOx,2025-04-25 19:00:00+02:00,0.93679774
2025,CO2/CO/NOx,2025-04-25 20:00:00+02:00,0.93679774
2025,CO2/CO/NOx,2025-04-25 21:00:00+02:00,0.9435861
2025,CO2/CO/NOx,2025-04-25 22:00:00+02:00,0.9571629
2025,CO2/CO/NOx,2025-04-25 23:00:00+02:00,0.9571629
2025,CO2/CO/NOx,2025-04-26 00:00:00+02:00,0.7535112
2025,CO2/CO/NOx,2025-04-26 01:00:00+02:00,0.66526216
2025,CO2/CO/NOx,2025-04-26 02:00:00+02:00,0.66526216
2025,CO2/CO/NOx,2025-04-26 03:00:00+02:00,0.66526216
2025,CO2/CO/NOx,2025-04-26 04:00:00+02:00,0.7602996
2025,CO2/CO/NOx,2025-04-26 05:00:00+02:00,0.9096442
2025,CO2/CO/NOx,2025-04-26 06:00:00+02:00,0.9571629
2025,CO2/CO/NOx,2025-04-26 07:00:00+02:00,0.9571629
2025,CO2/CO/NOx,2025-04-26 08:00:00+02:00,0.9571629
2025,CO2/CO/NOx,2025-04-26 09:00:00+02:00,0.88249063
2025,CO2/CO/NOx,2025-04-26 10:00:00+02:00,0.29868913
2025,CO2/CO/NOx,2025-04-26 11:00:00+02:00,0.0
2025,CO2/CO/NOx,2025-04-26 12:00:00+02:00,0.0
2025,CO2/CO/NOx,2025-04-26 13:00:00+02:00,0.0
2025,CO2/CO/NOx,2025-04-26 14:00:00+02:00,0.0
2025,CO2/CO/NOx,2025-04-26 15:00:00+02:00,0.0
2025,CO2/CO/NOx,2025-04-26 16:00:00+02:00,0.0
2025,CO2/CO/NOx,2025-04-26 17:00:00+02:00,0.21722846
2025,CO2/CO/NOx,2025-04-26 18:00:00+02:00,0.6313202
2025,CO2/CO/NOx,2025-04-26 19:00:00+02:00,0.6992041
2025,CO2/CO/NOx,2025-04-26 20:00:00+02:00,0.767088
2025,CO2/CO/NOx,2025-04-26 21:00:00+02:00,0.78066474
2025,CO2/CO/NOx,2025-04-26 22:00:00+02:00,0.78066474
2025,CO2/CO/NOx,2025-04-26 23:00:00+02:00,0.80781835
2025,CO2/CO/NOx,2025-04-27 00:00:00+02:00,0.7874532
2025,CO2/CO/NOx,2025-04-27 01:00:00+02:00,0.5838015
2025,CO2/CO/NOx,2025-04-27 02:00:00+02:00,0.5362828
2025,CO2/CO/NOx,2025-04-27 03:00:00+02:00,0.6381086
2025,CO2/CO/NOx,2025-04-27 04:00:00+02:00,0.889279
2025,CO2/CO/NOx,2025-04-27 05:00:00+02:00,0.9571629
2025,CO2/CO/NOx,2025-04-27 06:00:00+02:00,0.9639513
2025,CO2/CO/NOx,2025-04-27 07:00:00+02:00,0.9639513
2025,CO2/CO/NOx,2025-04-27 08:00:00+02:00,0.522706
2025,CO2/CO/NOx,2025-04-27 09:00:00+02:00,0.0
2025,CO2/CO/NOx,2025-04-27 10:00:00+02:00,0.0
2025,CO2/CO/NOx,2025-04-27 11:00:00+02:00,0.0
2025,CO2/CO/NOx,2025-04-27 12:00:00+02:00,0.0
2025,CO2/CO/NOx,2025-04-27 13:00:00+02:00,0.0
2025,CO2/CO/NOx,2025-04-27 14:00:00+02:00,0.0
2025,CO2/CO/NOx,2025-04-27 15:00:00+02:00,0.0
2025,CO2/CO/NOx,2025-04-27 16:00:00+02:00,0.0
2025,CO2/CO/NOx,2025-04-27 17:00:00+02:00,0.0
2025,CO2/CO/NOx,2025-04-27 18:00:00+02:00,0.3122659
2025,CO2/CO/NOx,2025-04-27 19:00:00+02:00,0.78066474
2025,CO2/CO/NOx,2025-04-27 20:00:00+02:00,0.9096442
2025,CO2/CO/NOx,2025-04-27 21:00:00+02:00,0.91643256
2025,CO2/CO/NOx,2025-04-27 22:00:00+02:00,0.91643256
2025,CO2/CO/NOx,2025-04-27 23:00:00+02:00,0.889279
2025,CO2/CO/NOx,2025-04-28 00:00:00+02:00,0.6584738
2025,CO2/CO/NOx,2025-04-28 01:00:00+02:00,0.522706
2025,CO2/CO/NOx,2025-04-28 02:00:00+02:00,0.52949435
2025,CO2/CO/NOx,2025-04-28 03:00:00+02:00,0.8213951
2025,CO2/CO/NOx,2025-04-28 04:00:00+02:00,0.9571629
2025,CO2/CO/NOx,2025-04-28 05:00:00+02:00,0.9639513
2025,CO2/CO/NOx,2025-04-28 06:00:00+02:00,0.9639513
2025,CO2/CO/NOx,2025-04-28 07:00:00+02:00,0.9639513
2025,CO2/CO/NOx,2025-04-28 08:00:00+02:00,0.9503745
2025,CO2/CO/NOx,2025-04-28 09:00:00+02:00,0.8349719
2025,CO2/CO/NOx,2025-04-28 10:00:00+02:00,0.6313202
2025,CO2/CO/NOx,2025-04-28 11:00:00+02:00,0.09503745
2025,CO2/CO/NOx,2025-04-28 12:00:00+02:00,0.0
2025,CO2/CO/NOx,2025-04-28 13:00:00+02:00,0.0
2025,CO2/CO/NOx,2025-04-28 14:00:00+02:00,0.0
2025,CO2/CO/NOx,2025-04-28 15:00:00+02:00,0.0
2025,CO2/CO/NOx,2025-04-28 16:00:00+02:00,0.0
2025,CO2/CO/NOx,2025-04-28 17:00:00+02:00,0.3122659
2025,CO2/CO/NOx,2025-04-28 18:00:00+02:00,0.47518724
2025,CO2/CO/NOx,2025-04-28 19:00:00+02:00,0.77387637
2025,CO2/CO/NOx,2025-04-28 20:00:00+02:00,0.8960674
2025,CO2/CO/NOx,2025-04-28 21:00:00+02:00,0.88249063
2025,CO2/CO/NOx,2025-04-28 22:00:00+02:00,0.7874532
2025,CO2/CO/NOx,2025-04-28 23:00:00+02:00,0.6041666
2025,CO2/CO/NOx,2025-04-29 00:00:00+02:00,0.41409174
2025,CO2/CO/NOx,2025-04-29 01:00:00+02:00,0.35978463
2025,CO2/CO/NOx,2025-04-29 02:00:00+02:00,0.35978463
2025,CO2/CO/NOx,2025-04-29 03:00:00+02:00,0.35978463
2025,CO2/CO/NOx,2025-04-29 04:00:00+02:00,0.5362828
2025,CO2/CO/NOx,2025-04-29 05:00:00+02:00,0.8757022
2025,CO2/CO/NOx,2025-04-29 06:00:00+02:00,0.9503745
2025,CO2/CO/NOx,2025-04-29 07:00:00+02:00,0.9503745
2025,CO2/CO/NOx,2025-04-29 08:00:00+02:00,0.8213951
2025,CO2/CO/NOx,2025-04-29 09:00:00+02:00,0.41409174
2025,CO2/CO/NOx,2025-04-29 10:00:00+02:00,0.10861423
2025,CO2/CO/NOx,2025-04-29 11:00:00+02:00,0.0
2025,CO2/CO/NOx,2025-04-29 12:00:00+02:00,0.0
2025,CO2/CO/NOx,2025-04-29 13:00:00+02:00,0.0
2025,CO2/CO/NOx,2025-04-29 14:00:00+02:00,0.0
2025,CO2/CO/NOx,2025-04-29 15:00:00+02:00,0.0
2025,CO2/CO/NOx,2025-04-29 16:00:00+02:00,0.0
2025,CO2/CO/NOx,2025-04-29 17:00:00+02:00,0.29190075
2025,CO2/CO/NOx,2025-04-29 18:00:00+02:00,0.3937266
2025,CO2/CO/NOx,2025-04-29 19:00:00+02:00,0.48876402
2025,CO2/CO/NOx,2025-04-29 20:00:00+02:00,0.65168536
2025,CO2/CO/NOx,2025-04-29 21:00:00+02:00,0.78066474
2025,CO2/CO/NOx,2025-04-29 22:00:00+02:00,0.889279
2025,CO2/CO/NOx,2025-04-29 23:00:00+02:00,0.46161047
2025,CO2/CO/NOx,2025-04-30 00:00:00+02:00,0.35978463
2025,CO2/CO/NOx,2025-04-30 01:00:00+02:00,0.35978463
2025,CO2/CO/NOx,2025-04-30 02:00:00+02:00,0.35978463
2025,CO2/CO/NOx,2025-04-30 03:00:00+02:00,0.3733614
2025,CO2/CO/NOx,2025-04-30 04:00:00+02:00,0.5159176
2025,CO2/CO/NOx,2025-04-30 05:00:00+02:00,0.8417603
2025,CO2/CO/NOx,2025-04-30 06:00:00+02:00,0.9503745
2025,CO2/CO/NOx,2025-04-30 07:00:00+02:00,0.9435861
2025,CO2/CO/NOx,2025-04-30 08:00:00+02:00,0.855337
2025,CO2/CO/NOx,2025-04-30 09:00:00+02:00,0.49555242
2025,CO2/CO/NOx,2025-04-30 10:00:00+02:00,0.09503745
2025,CO2/CO/NOx,2025-04-30 11:00:00+02:00,0.0
2025,CO2/CO/NOx,2025-04-30 12:00:00+02:00,0.0
2025,CO2/CO/NOx,2025-04-30 13:00:00+02:00,0.0
2025,CO2/CO/NOx,2025-04-30 14:00:00+02:00,0.0
2025,CO2/CO/NOx,2025-04-30 15:00:00+02:00,0.0
2025,CO2/CO/NOx,2025-04-30 16:00:00+02:00,0.0
2025,CO2/CO/NOx,2025-04-30 17:00:00+02:00,0.32584268
2025,CO2/CO/NOx,2025-04-30 18:00:00+02:00,0.6381086
2025,CO2/CO/NOx,2025-04-30 19:00:00+02:00,0.61095506
2025,CO2/CO/NOx,2025-04-30 20:00:00+02:00,0.5634363
2025,CO2/CO/NOx,2025-04-30 21:00:00+02:00,0.6788389
2025,CO2/CO/NOx,2025-04-30 22:00:00+02:00,0.6992041
2025,CO2/CO/NOx,2025-04-30 23:00:00+02:00,0.4480337
2025,CO2/CO/NOx,2025-05-01 00:00:00+02:00,0.35978463
2025,CO2/CO/NOx,2025-05-01 01:00:00+02:00,0.3733614
2025,CO2/CO/NOx,2025-05-01 02:00:00+02:00,0.38693818
2025,CO2/CO/NOx,2025-05-01 03:00:00+02:00,0.35978463
2025,CO2/CO/NOx,2025-05-01 04:00:00+02:00,0.35978463
2025,CO2/CO/NOx,2025-05-01 05:00:00+02:00,0.5905899
2025,CO2/CO/NOx,2025-05-01 06:00:00+02:00,0.8417603
2025,CO2/CO/NOx,2025-05-01 07:00:00+02:00,0.644897
2025,CO2/CO/NOx,2025-05-01 08:00:00+02:00,0.40730336
2025,CO2/CO/NOx,2025-05-01 09:00:00+02:00,0.020365167
2025,CO2/CO/NOx,2025-05-01 10:00:00+02:00,0.0
2025,CO2/CO/NOx,2025-05-01 11:00:00+02:00,0.0
2025,CO2/CO/NOx,2025-05-01 12:00:00+02:00,0.0
2025,CO2/CO/NOx,2025-05-01 13:00:00+02:00,0.0
2025,CO2/CO/NOx,2025-05-01 14:00:00+02:00,0.0
2025,CO2/CO/NOx,2025-05-01 15:00:00+02:00,0.0
2025,CO2/CO/NOx,2025-05-01 16:00:00+02:00,0.0
2025,CO2/CO/NOx,2025-05-01 17:00:00+02:00,0.0
2025,CO2/CO/NOx,2025-05-01 18:00:00+02:00,0.3190543
2025,CO2/CO/NOx,2025-05-01 19:00:00+02:00,0.5905899
2025,CO2/CO/NOx,2025-05-01 20:00:00+02:00,0.7331461
2025,CO2/CO/NOx,2025-05-01 21:00:00+02:00,0.5838015
2025,CO2/CO/NOx,2025-05-01 22:00:00+02:00,0.5770131
2025,CO2/CO/NOx,2025-05-01 23:00:00+02:00,0.52949435
2025,CO2/CO/NOx,2025-05-02 00:00:00+02:00,0.52949435
2025,CO2/CO/NOx,2025-05-02 01:00:00+02:00,0.47518724
2025,CO2/CO/NOx,2025-05-02 02:00:00+02:00,0.44124532
2025,CO2/CO/NOx,2025-05-02 03:00:00+02:00,0.3937266
2025,CO2/CO/NOx,2025-05-02 04:00:00+02:00,0.3937266
2025,CO2/CO/NOx,2025-05-02 05:00:00+02:00,0.49555242
2025,CO2/CO/NOx,2025-05-02 06:00:00+02:00,0.5634363
2025,CO2/CO/NOx,2025-05-02 07:00:00+02:00,0.70599246
2025,CO2/CO/NOx,2025-05-02 08:00:00+02:00,0.5362828
2025,CO2/CO/NOx,2025-05-02 09:00:00+02:00,0.1289794
2025,CO2/CO/NOx,2025-05-02 10:00:00+02:00,0.0
2025,CO2/CO/NOx,2025-05-02 11:00:00+02:00,0.0
2025,CO2/CO/NOx,2025-05-02 12:00:00+02:00,0.0
2025,CO2/CO/NOx,2025-05-02 13:00:00+02:00,0.0
2025,CO2/CO/NOx,2025-05-02 14:00:00+02:00,0.0
2025,CO2/CO/NOx,2025-05-02 15:00:00+02:00,0.0
2025,CO2/CO/NOx,2025-05-02 16:00:00+02:00,0.0
2025,CO2/CO/NOx,2025-05-02 17:00:00+02:00,0.0
2025,CO2/CO/NOx,2025-05-02 18:00:00+02:00,0.33941945
2025,CO2/CO/NOx,2025-05-02 19:00:00+02:00,0.54307115
2025,CO2/CO/NOx,2025-05-02 20:00:00+02:00,0.5634363
2025,CO2/CO/NOx,2025-05-02 21:00:00+02:00,0.7602996
2025,CO2/CO/NOx,2025-05-02 22:00:00+02:00,0.48197564
2025,CO2/CO/NOx,2025-05-02 23:00:00+02:00,0.3937266
2025,CO2/CO/NOx,2025-05-03 00:00:00+02:00,0.46839887
2025,CO2/CO/NOx,2025-05-03 01:00:00+02:00,0.46161047
2025,CO2/CO/NOx,2025-05-03 02:00:00+02:00,0.40730336
2025,CO2/CO/NOx,2025-05-03 03:00:00+02:00,0.0
2025,CO2/CO/NOx,2025-05-03 04:00:00+02:00,0.0
2025,CO2/CO/NOx,2025-05-03 05:00:00+02:00,0.0
2025,CO2/CO/NOx,2025-05-03 06:00:00+02:00,0.0
2025,CO2/CO/NOx,2025-05-03 07:00:00+02:00,0.0
2025,CO2/CO/NOx,2025-05-03 08:00:00+02:00,0.0
2025,CO2/CO/NOx,2025-05-03 09:00:00+02:00,0.0
2025,CO2/CO/NOx,2025-05-03 10:00:00+02:00,0.0
2025,CO2/CO/NOx,2025-05-03 11:00:00+02:00,0.0
2025,CO2/CO/NOx,2025-05-03 12:00:00+02:00,0.0
2025,CO2/CO/NOx,2025-05-03 13:00:00+02:00,0.0
2025,CO2/CO/NOx,2025-05-03 14:00:00+02:00,0.0
2025,CO2/CO/NOx,2025-05-03 15:00:00+02:00,0.0
2025,CO2/CO/NOx,2025-05-03 16:00:00+02:00,0.0
2025,CO2/CO/NOx,2025-05-03 17:00:00+02:00,0.0
2025,CO2/CO/NOx,2025-05-03 18:00:00+02:00,0.0
2025,CO2/CO/NOx,2025-05-03 19:00:00+02:00,0.0
2025,CO2/CO/NOx,2025-05-03 20:00:00+02:00,0.0
2025,CO2/CO/NOx,2025-05-03 21:00:00+02:00,0.0
2025,CO2/CO/NOx,2025-05-03 22:00:00+02:00,0.0
2025,CO2/CO/NOx,2025-05-03 23:00:00+02:00,0.0
2025,CO2/CO/NOx,2025-05-04 00:00:00+02:00,0.0
2025,CO2/CO/NOx,2025-05-04 01:00:00+02:00,0.0
2025,CO2/CO/NOx,2025-05-04 02:00:00+02:00,0.0
2025,CO2/CO/NOx,2025-05-04 03:00:00+02:00,0.0
2025,CO2/CO/NOx,2025-05-04 04:00:00+02:00,0.0
2025,CO2/CO/NOx,2025-05-04 05:00:00+02:00,0.0
2025,CO2/CO/NOx,2025-05-04 06:00:00+02:00,0.0
2025,CO2/CO/NOx,2025-05-04 07:00:00+02:00,0.0
2025,CO2/CO/NOx,2025-05-04 08:00:00+02:00,0.0
2025,CO2/CO/NOx,2025-05-04 09:00:00+02:00,0.0
2025,CO2/CO/NOx,2025-05-04 10:00:00+02:00,0.0
2025,CO2/CO/NOx,2025-05-04 11:00:00+02:00,0.0
2025,CO2/CO/NOx,2025-05-04 12:00:00+02:00,0.0
2025,CO2/CO/NOx,2025-05-04 13:00:00+02:00,0.0
2025,CO2/CO/NOx,2025-05-04 14:00:00+02:00,0.0
2025,CO2/CO/NOx,2025-05-04 15:00:00+02:00,0.0
2025,CO2/CO/NOx,2025-05-04 16:00:00+02:00,0.0
2025,CO2/CO/NOx,2025-05-04 17:00:00+02:00,0.027153557
2025,CO2/CO/NOx,2025-05-04 18:00:00+02:00,0.44124532
2025,CO2/CO/NOx,2025-05-04 19:00:00+02:00,0.6788389
2025,CO2/CO/NOx,2025-05-04 20:00:00+02:00,0.8757022
2025,CO2/CO/NOx,2025-05-04 21:00:00+02:00,0.9300093
2025,CO2/CO/NOx,2025-05-04 22:00:00+02:00,0.93679774
2025,CO2/CO/NOx,2025-05-04 23:00:00+02:00,0.93679774
2025,CO2/CO/NOx,2025-05-05 00:00:00+02:00,0.8960674
2025,CO2/CO/NOx,2025-05-05 01:00:00+02:00,0.8010299
2025,CO2/CO/NOx,2025-05-05 02:00:00+02:00,0.767088
2025,CO2/CO/NOx,2025-05-05 03:00:00+02:00,0.767088
2025,CO2/CO/NOx,2025-05-05 04:00:00+02:00,0.9096442
2025,CO2/CO/NOx,2025-05-05 05:00:00+02:00,0.9300093
2025,CO2/CO/NOx,2025-05-05 06:00:00+02:00,0.9300093
2025,CO2/CO/NOx,2025-05-05 07:00:00+02:00,0.9300093
2025,CO2/CO/NOx,2025-05-05 08:00:00+02:00,0.9300093
2025,CO2/CO/NOx,2025-05-05 09:00:00+02:00,0.91643256
2025,CO2/CO/NOx,2025-05-05 10:00:00+02:00,0.9300093
2025,CO2/CO/NOx,2025-05-05 11:00:00+02:00,0.9300093
2025,CO2/CO/NOx,2025-05-05 12:00:00+02:00,0.9435861
2025,CO2/CO/NOx,2025-05-05 13:00:00+02:00,0.9503745
2025,CO2/CO/NOx,2025-05-05 14:00:00+02:00,0.9503745
2025,CO2/CO/NOx,2025-05-05 15:00:00+02:00,0.9503745
2025,CO2/CO/NOx,2025-05-05 16:00:00+02:00,0.9503745
2025,CO2/CO/NOx,2025-05-05 17:00:00+02:00,0.9503745
2025,CO2/CO/NOx,2025-05-05 18:00:00+02:00,0.9503745
2025,CO2/CO/NOx,2025-05-05 19:00:00+02:00,0.9503745
2025,CO2/CO/NOx,2025-05-05 20:00:00+02:00,0.9503745
2025,CO2/CO/NOx,2025-05-05 21:00:00+02:00,0.9571629
2025,CO2/CO/NOx,2025-05-05 22:00:00+02:00,0.9571629
2025,CO2/CO/NOx,2025-05-05 23:00:00+02:00,0.9571629
2025,CO2/CO/NOx,2025-05-06 00:00:00+02:00,0.9571629
2025,CO2/CO/NOx,2025-05-06 01:00:00+02:00,0.9571629
2025,CO2/CO/NOx,2025-05-06 02:00:00+02:00,0.9639513
2025,CO2/CO/NOx,2025-05-06 03:00:00+02:00,0.9639513
2025,CO2/CO/NOx,2025-05-06 04:00:00+02:00,0.9639513
2025,CO2/CO/NOx,2025-05-06 05:00:00+02:00,0.9639513
2025,CO2/CO/NOx,2025-05-06 06:00:00+02:00,0.9639513
2025,CO2/CO/NOx,2025-05-06 07:00:00+02:00,0.9639513
2025,CO2/CO/NOx,2025-05-06 08:00:00+02:00,0.9571629
2025,CO2/CO/NOx,2025-05-06 09:00:00+02:00,0.9571629
2025,CO2/CO/NOx,2025-05-06 10:00:00+02:00,0.7535112
2025,CO2/CO/NOx,2025-05-06 11:00:00+02:00,0.6313202
2025,CO2/CO/NOx,2025-05-06 12:00:00+02:00,0.5838015
2025,CO2/CO/NOx,2025-05-06 13:00:00+02:00,0.5634363
2025,CO2/CO/NOx,2025-05-06 14:00:00+02:00,0.49555242
2025,CO2/CO/NOx,2025-05-06 15:00:00+02:00,0.4276685
2025,CO2/CO/NOx,2025-05-06 16:00:00+02:00,0.5702247
2025,CO2/CO/NOx,2025-05-06 17:00:00+02:00,0.8146067
2025,CO2/CO/NOx,2025-05-06 18:00:00+02:00,0.91643256
2025,CO2/CO/NOx,2025-05-06 19:00:00+02:00,0.9435861
2025,CO2/CO/NOx,2025-05-06 20:00:00+02:00,0.9435861
2025,CO2/CO/NOx,2025-05-06 21:00:00+02:00,0.9435861
2025,CO2/CO/NOx,2025-05-06 22:00:00+02:00,0.9503745
2025,CO2/CO/NOx,2025-05-06 23:00:00+02:00,0.9503745
2025,CO2/CO/NOx,2025-05-07 00:00:00+02:00,0.9503745
2025,CO2/CO/NOx,2025-05-07 01:00:00+02:00,0.9503745
2025,CO2/CO/NOx,2025-05-07 02:00:00+02:00,0.9503745
2025,CO2/CO/NOx,2025-05-07 03:00:00+02:00,0.9503745
2025,CO2/CO/NOx,2025-05-07 04:00:00+02:00,0.9571629
2025,CO2/CO/NOx,2025-05-07 05:00:00+02:00,0.9571629
2025,CO2/CO/NOx,2025-05-07 06:00:00+02:00,0.9571629
2025,CO2/CO/NOx,2025-05-07 07:00:00+02:00,0.9503745
2025,CO2/CO/NOx,2025-05-07 08:00:00+02:00,0.9435861
2025,CO2/CO/NOx,2025-05-07 09:00:00+02:00,0.93679774
2025,CO2/CO/NOx,2025-05-07 10:00:00+02:00,0.9300093
2025,CO2/CO/NOx,2025-05-07 11:00:00+02:00,0.9300093
2025,CO2/CO/NOx,2025-05-07 12:00:00+02:00,0.8349719
2025,CO2/CO/NOx,2025-05-07 13:00:00+02:00,0.8010299
2025,CO2/CO/NOx,2025-05-07 14:00:00+02:00,0.8010299
2025,CO2/CO/NOx,2025-05-07 15:00:00+02:00,0.8010299
2025,CO2/CO/NOx,2025-05-07 16:00:00+02:00,0.8010299
2025,CO2/CO/NOx,2025-05-07 17:00:00+02:00,0.889279
2025,CO2/CO/NOx,2025-05-07 18:00:00+02:00,0.92322093
2025,CO2/CO/NOx,2025-05-07 19:00:00+02:00,0.92322093
2025,CO2/CO/NOx,2025-05-07 20:00:00+02:00,0.9300093
2025,CO2/CO/NOx,2025-05-07 21:00:00+02:00,0.93679774
2025,CO2/CO/NOx,2025-05-07 22:00:00+02:00,0.93679774
2025,CO2/CO/NOx,2025-05-07 23:00:00+02:00,0.8960674
2025,CO2/CO/NOx,2025-05-08 00:00:00+02:00,0.767088
2025,CO2/CO/NOx,2025-05-08 01:00:00+02:00,0.7331461
2025,CO2/CO/NOx,2025-05-08 02:00:00+02:00,0.7331461
2025,CO2/CO/NOx,2025-05-08 03:00:00+02:00,0.7331461
2025,CO2/CO/NOx,2025-05-08 04:00:00+02:00,0.78066474
2025,CO2/CO/NOx,2025-05-08 05:00:00+02:00,0.9300093
2025,CO2/CO/NOx,2025-05-08 06:00:00+02:00,0.9503745
2025,CO2/CO/NOx,2025-05-08 07:00:00+02:00,0.9435861
2025,CO2/CO/NOx,2025-05-08 08:00:00+02:00,0.9435861
2025,CO2/CO/NOx,2025-05-08 09:00:00+02:00,0.9435861
2025,CO2/CO/NOx,2025-05-08 10:00:00+02:00,0.9435861
2025,CO2/CO/NOx,2025-05-08 11:00:00+02:00,0.93679774
2025,CO2/CO/NOx,2025-05-08 12:00:00+02:00,0.855337
2025,CO2/CO/NOx,2025-05-08 13:00:00+02:00,0.8960674
2025,CO2/CO/NOx,2025-05-08 14:00:00+02:00,0.9300093
2025,CO2/CO/NOx,2025-05-08 15:00:00+02:00,0.9300093
2025,CO2/CO/NOx,2025-05-08 16:00:00+02:00,0.93679774
2025,CO2/CO/NOx,2025-05-08 17:00:00+02:00,0.93679774
2025,CO2/CO/NOx,2025-05-08 18:00:00+02:00,0.93679774
2025,CO2/CO/NOx,2025-05-08 19:00:00+02:00,0.93679774
2025,CO2/CO/NOx,2025-05-08 20:00:00+02:00,0.93679774
2025,CO2/CO/NOx,2025-05-08 21:00:00+02:00,0.93679774
2025,CO2/CO/NOx,2025-05-08 22:00:00+02:00,0.9300093
2025,CO2/CO/NOx,2025-05-08 23:00:00+02:00,0.9435861
2025,CO2/CO/NOx,2025-05-09 00:00:00+02:00,0.9503745
2025,CO2/CO/NOx,2025-05-09 01:00:00+02:00,0.9503745
2025,CO2/CO/NOx,2025-05-09 02:00:00+02:00,0.9571629
2025,CO2/CO/NOx,2025-05-09 03:00:00+02:00,0.9571629
2025,CO2/CO/NOx,2025-05-09 04:00:00+02:00,0.9571629
2025,CO2/CO/NOx,2025-05-09 05:00:00+02:00,0.9571629
2025,CO2/CO/NOx,2025-05-09 06:00:00+02:00,0.9571629
2025,CO2/CO/NOx,2025-05-09 07:00:00+02:00,0.9571629
2025,CO2/CO/NOx,2025-05-09 08:00:00+02:00,0.9503745
2025,CO2/CO/NOx,2025-05-09 09:00:00+02:00,0.9503745
2025,CO2/CO/NOx,2025-05-09 10:00:00+02:00,0.90285575
2025,CO2/CO/NOx,2025-05-09 11:00:00+02:00,0.46161047
2025,CO2/CO/NOx,2025-05-09 12:00:00+02:00,0.35978463
2025,CO2/CO/NOx,2025-05-09 13:00:00+02:00,0.35978463
2025,CO2/CO/NOx,2025-05-09 14:00:00+02:00,0.35978463
2025,CO2/CO/NOx,2025-05-09 15:00:00+02:00,0.35978463
2025,CO2/CO/NOx,2025-05-09 16:00:00+02:00,0.35299623
2025,CO2/CO/NOx,2025-05-09 17:00:00+02:00,0.6924157
2025,CO2/CO/NOx,2025-05-09 18:00:00+02:00,0.9300093
2025,CO2/CO/NOx,2025-05-09 19:00:00+02:00,0.9300093
2025,CO2/CO/NOx,2025-05-09 20:00:00+02:00,0.93679774
2025,CO2/CO/NOx,2025-05-09 21:00:00+02:00,0.93679774
2025,CO2/CO/NOx,2025-05-09 22:00:00+02:00,0.9503745
2025,CO2/CO/NOx,2025-05-09 23:00:00+02:00,0.9571629
2025,CO2/CO/NOx,2025-05-10 00:00:00+02:00,0.9639513
2025,CO2/CO/NOx,2025-05-10 01:00:00+02:00,0.9639513
2025,CO2/CO/NOx,2025-05-10 02:00:00+02:00,0.9639513
2025,CO2/CO/NOx,2025-05-10 03:00:00+02:00,0.97752804
2025,CO2/CO/NOx,2025-05-10 04:00:00+02:00,0.9571629
2025,CO2/CO/NOx,2025-05-10 05:00:00+02:00,0.97752804
2025,CO2/CO/NOx,2025-05-10 06:00:00+02:00,0.93679774
2025,CO2/CO/NOx,2025-05-10 07:00:00+02:00,0.9571629
2025,CO2/CO/NOx,2025-05-10 08:00:00+02:00,0.9571629
2025,CO2/CO/NOx,2025-05-10 09:00:00+02:00,0.6992041
2025,CO2/CO/NOx,2025-05-10 10:00:00+02:00,0.4480337
2025,CO2/CO/NOx,2025-05-10 11:00:00+02:00,0.047518726
2025,CO2/CO/NOx,2025-05-10 12:00:00+02:00,0.0
2025,CO2/CO/NOx,2025-05-10 13:00:00+02:00,0.0
2025,CO2/CO/NOx,2025-05-10 14:00:00+02:00,0.0
2025,CO2/CO/NOx,2025-05-10 15:00:00+02:00,0.0
2025,CO2/CO/NOx,2025-05-10 16:00:00+02:00,0.0
2025,CO2/CO/NOx,2025-05-10 17:00:00+02:00,0.38693818
2025,CO2/CO/NOx,2025-05-10 18:00:00+02:00,0.6788389
2025,CO2/CO/NOx,2025-05-10 19:00:00+02:00,0.78066474
2025,CO2/CO/NOx,2025-05-10 20:00:00+02:00,0.889279
2025,CO2/CO/NOx,2025-05-10 21:00:00+02:00,0.91643256
2025,CO2/CO/NOx,2025-05-10 22:00:00+02:00,0.8960674
2025,CO2/CO/NOx,2025-05-10 23:00:00+02:00,0.8010299
2025,CO2/CO/NOx,2025-05-11 00:00:00+02:00,0.6992041
2025,CO2/CO/NOx,2025-05-11 01:00:00+02:00,0.6584738
2025,CO2/CO/NOx,2025-05-11 02:00:00+02:00,0.66526216
2025,CO2/CO/NOx,2025-05-11 03:00:00+02:00,0.66526216
2025,CO2/CO/NOx,2025-05-11 04:00:00+02:00,0.8689138
2025,CO2/CO/NOx,2025-05-11 05:00:00+02:00,0.9639513
2025,CO2/CO/NOx,2025-05-11 06:00:00+02:00,0.97073966
2025,CO2/CO/NOx,2025-05-11 07:00:00+02:00,0.9639513
2025,CO2/CO/NOx,2025-05-11 08:00:00+02:00,0.61095506
2025,CO2/CO/NOx,2025-05-11 09:00:00+02:00,0.020365167
2025,CO2/CO/NOx,2025-05-11 10:00:00+02:00,0.0
2025,CO2/CO/NOx,2025-05-11 11:00:00+02:00,0.0
2025,CO2/CO/NOx,2025-05-11 12:00:00+02:00,0.0
2025,CO2/CO/NOx,2025-05-11 13:00:00+02:00,0.0
2025,CO2/CO/NOx,2025-05-11 14:00:00+02:00,0.0
2025,CO2/CO/NOx,2025-05-11 15:00:00+02:00,0.0
2025,CO2/CO/NOx,2025-05-11 16:00:00+02:00,0.0
2025,CO2/CO/NOx,2025-05-11 17:00:00+02:00,0.0
2025,CO2/CO/NOx,2025-05-11 18:00:00+02:00,0.3190543
2025,CO2/CO/NOx,2025-05-11 19:00:00+02:00,0.4548221
2025,CO2/CO/NOx,2025-05-11 20:00:00+02:00,0.8757022
2025,CO2/CO/NOx,2025-05-11 21:00:00+02:00,0.84854865
2025,CO2/CO/NOx,2025-05-11 22:00:00+02:00,0.66526216
2025,CO2/CO/NOx,2025-05-11 23:00:00+02:00,0.72635764
2025,CO2/CO/NOx,2025-05-12 00:00:00+02:00,0.7331461
2025,CO2/CO/NOx,2025-05-12 01:00:00+02:00,0.66526216
2025,CO2/CO/NOx,2025-05-12 02:00:00+02:00,0.7127809
2025,CO2/CO/NOx,2025-05-12 03:00:00+02:00,0.7331461
2025,CO2/CO/NOx,2025-05-12 04:00:00+02:00,0.80781835
2025,CO2/CO/NOx,2025-05-12 05:00:00+02:00,0.9503745
2025,CO2/CO/NOx,2025-05-12 06:00:00+02:00,0.9503745
2025,CO2/CO/NOx,2025-05-12 07:00:00+02:00,0.9435861
2025,CO2/CO/NOx,2025-05-12 08:00:00+02:00,0.9300093
2025,CO2/CO/NOx,2025-05-12 09:00:00+02:00,0.6313202
2025,CO2/CO/NOx,2025-05-12 10:00:00+02:00,0.49555242
2025,CO2/CO/NOx,2025-05-12 11:00:00+02:00,0.38693818
2025,CO2/CO/NOx,2025-05-12 12:00:00+02:00,0.35978463
2025,CO2/CO/NOx,2025-05-12 13:00:00+02:00,0.35978463
2025,CO2/CO/NOx,2025-05-12 14:00:00+02:00,0.35978463
2025,CO2/CO/NOx,2025-05-12 15:00:00+02:00,0.35978463
2025,CO2/CO/NOx,2025-05-12 16:00:00+02:00,0.35978463
2025,CO2/CO/NOx,2025-05-12 17:00:00+02:00,0.35299623
2025,CO2/CO/NOx,2025-05-12 18:00:00+02:00,0.35978463
2025,CO2/CO/NOx,2025-05-12 19:00:00+02:00,0.71956927
2025,CO2/CO/NOx,2025-05-12 20:00:00+02:00,0.8960674
2025,CO2/CO/NOx,2025-05-12 21:00:00+02:00,0.90285575
2025,CO2/CO/NOx,2025-05-12 22:00:00+02:00,0.91643256
2025,CO2/CO/NOx,2025-05-12 23:00:00+02:00,0.91643256
2025,CO2/CO/NOx,2025-05-13 00:00:00+02:00,0.767088
2025,CO2/CO/NOx,2025-05-13 01:00:00+02:00,0.78066474
2025,CO2/CO/NOx,2025-05-13 02:00:00+02:00,0.7602996
2025,CO2/CO/NOx,2025-05-13 03:00:00+02:00,0.7602996
2025,CO2/CO/NOx,2025-05-13 04:00:00+02:00,0.86212546
2025,CO2/CO/NOx,2025-05-13 05:00:00+02:00,0.9435861
2025,CO2/CO/NOx,2025-05-13 06:00:00+02:00,0.9639513
2025,CO2/CO/NOx,2025-05-13 07:00:00+02:00,0.9571629
2025,CO2/CO/NOx,2025-05-13 08:00:00+02:00,0.9435861
2025,CO2/CO/NOx,2025-05-13 09:00:00+02:00,0.67205054
2025,CO2/CO/NOx,2025-05-13 10:00:00+02:00,0.4548221
2025,CO2/CO/NOx,2025-05-13 11:00:00+02:00,0.36657304
2025,CO2/CO/NOx,2025-05-13 12:00:00+02:00,0.36657304
2025,CO2/CO/NOx,2025-05-13 13:00:00+02:00,0.36657304
2025,CO2/CO/NOx,2025-05-13 14:00:00+02:00,0.36657304
2025,CO2/CO/NOx,2025-05-13 15:00:00+02:00,0.3190543
2025,CO2/CO/NOx,2025-05-13 16:00:00+02:00,0.30547753
2025,CO2/CO/NOx,2025-05-13 17:00:00+02:00,0.32584268
2025,CO2/CO/NOx,2025-05-13 18:00:00+02:00,0.33941945
2025,CO2/CO/NOx,2025-05-13 19:00:00+02:00,0.73993444
2025,CO2/CO/NOx,2025-05-13 20:00:00+02:00,0.889279
2025,CO2/CO/NOx,2025-05-13 21:00:00+02:00,0.8960674
2025,CO2/CO/NOx,2025-05-13 22:00:00+02:00,0.9096442
2025,CO2/CO/NOx,2025-05-13 23:00:00+02:00,0.8960674
2025,CO2/CO/NOx,2025-05-14 00:00:00+02:00,0.80781835
2025,CO2/CO/NOx,2025-05-14 01:00:00+02:00,0.78066474
2025,CO2/CO/NOx,2025-05-14 02:00:00+02:00,0.78066474
2025,CO2/CO/NOx,2025-05-14 03:00:00+02:00,0.78066474
2025,CO2/CO/NOx,2025-05-14 04:00:00+02:00,0.8281835
2025,CO2/CO/NOx,2025-05-14 05:00:00+02:00,0.92322093
2025,CO2/CO/NOx,2025-05-14 06:00:00+02:00,0.9503745
2025,CO2/CO/NOx,2025-05-14 07:00:00+02:00,0.93679774
2025,CO2/CO/NOx,2025-05-14 08:00:00+02:00,0.7467228
2025,CO2/CO/NOx,2025-05-14 09:00:00+02:00,0.4344569
2025,CO2/CO/NOx,2025-05-14 10:00:00+02:00,0.09503745
2025,CO2/CO/NOx,2025-05-14 11:00:00+02:00,0.0
2025,CO2/CO/NOx,2025-05-14 12:00:00+02:00,0.0
2025,CO2/CO/NOx,2025-05-14 13:00:00+02:00,0.0
2025,CO2/CO/NOx,2025-05-14 14:00:00+02:00,0.0
2025,CO2/CO/NOx,2025-05-14 15:00:00+02:00,0.0
2025,CO2/CO/NOx,2025-05-14 16:00:00+02:00,0.0
2025,CO2/CO/NOx,2025-05-14 17:00:00+02:00,0.0067883893
2025,CO2/CO/NOx,2025-05-14 18:00:00+02:00,0.29190075
2025,CO2/CO/NOx,2025-05-14 19:00:00+02:00,0.41409174
2025,CO2/CO/NOx,2025-05-14 20:00:00+02:00,0.6584738
2025,CO2/CO/NOx,2025-05-14 21:00:00+02:00,0.66526216
2025,CO2/CO/NOx,2025-05-14 22:00:00+02:00,0.6992041
2025,CO2/CO/NOx,2025-05-14 23:00:00+02:00,0.70599246
2025,CO2/CO/NOx,2025-05-15 00:00:00+02:00,0.68562734
2025,CO2/CO/NOx,2025-05-15 01:00:00+02:00,0.68562734
2025,CO2/CO/NOx,2025-05-15 02:00:00+02:00,0.6245318
2025,CO2/CO/NOx,2025-05-15 03:00:00+02:00,0.65168536
2025,CO2/CO/NOx,2025-05-15 04:00:00+02:00,0.72635764
2025,CO2/CO/NOx,2025-05-15 05:00:00+02:00,0.73993444
2025,CO2/CO/NOx,2025-05-15 06:00:00+02:00,0.8213951
2025,CO2/CO/NOx,2025-05-15 07:00:00+02:00,0.92322093
2025,CO2/CO/NOx,2025-05-15 08:00:00+02:00,0.88249063
2025,CO2/CO/NOx,2025-05-15 09:00:00+02:00,0.32584268
2025,CO2/CO/NOx,2025-05-15 10:00:00+02:00,0.0
2025,CO2/CO/NOx,2025-05-15 11:00:00+02:00,0.0
2025,CO2/CO/NOx,2025-05-15 12:00:00+02:00,0.0
2025,CO2/CO/NOx,2025-05-15 13:00:00+02:00,0.0
2025,CO2/CO/NOx,2025-05-15 14:00:00+02:00,0.0
2025,CO2/CO/NOx,2025-05-15 15:00:00+02:00,0.0
2025,CO2/CO/NOx,2025-05-15 16:00:00+02:00,0.0
2025,CO2/CO/NOx,2025-05-15 17:00:00+02:00,0.0
2025,CO2/CO/NOx,2025-05-15 18:00:00+02:00,0.30547753
2025,CO2/CO/NOx,2025-05-15 19:00:00+02:00,0.6924157
2025,CO2/CO/NOx,2025-05-15 20:00:00+02:00,0.86212546
2025,CO2/CO/NOx,2025-05-15 21:00:00+02:00,0.90285575
2025,CO2/CO/NOx,2025-05-15 22:00:00+02:00,0.9096442
2025,CO2/CO/NOx,2025-05-15 23:00:00+02:00,0.7331461
2025,CO2/CO/NOx,2025-05-16 00:00:00+02:00,0.66526216
2025,CO2/CO/NOx,2025-05-16 01:00:00+02:00,0.6992041
2025,CO2/CO/NOx,2025-05-16 02:00:00+02:00,0.91643256
2025,CO2/CO/NOx,2025-05-16 03:00:00+02:00,0.9571629
2025,CO2/CO/NOx,2025-05-16 04:00:00+02:00,0.9571629
2025,CO2/CO/NOx,2025-05-16 05:00:00+02:00,0.9639513
2025,CO2/CO/NOx,2025-05-16 06:00:00+02:00,0.9571629
2025,CO2/CO/NOx,2025-05-16 07:00:00+02:00,0.9571629
2025,CO2/CO/NOx,2025-05-16 08:00:00+02:00,0.9435861
2025,CO2/CO/NOx,2025-05-16 09:00:00+02:00,0.72635764
2025,CO2/CO/NOx,2025-05-16 10:00:00+02:00,0.29868913
2025,CO2/CO/NOx,2025-05-16 11:00:00+02:00,0.0
2025,CO2/CO/NOx,2025-05-16 12:00:00+02:00,0.0
2025,CO2/CO/NOx,2025-05-16 13:00:00+02:00,0.0
2025,CO2/CO/NOx,2025-05-16 14:00:00+02:00,0.0
2025,CO2/CO/NOx,2025-05-16 15:00:00+02:00,0.0
2025,CO2/CO/NOx,2025-05-16 16:00:00+02:00,0.033941947
2025,CO2/CO/NOx,2025-05-16 17:00:00+02:00,0.38693818
2025,CO2/CO/NOx,2025-05-16 18:00:00+02:00,0.59737825
2025,CO2/CO/NOx,2025-05-16 19:00:00+02:00,0.8960674
2025,CO2/CO/NOx,2025-05-16 20:00:00+02:00,0.90285575
2025,CO2/CO/NOx,2025-05-16 21:00:00+02:00,0.90285575
2025,CO2/CO/NOx,2025-05-16 22:00:00+02:00,0.9096442
2025,CO2/CO/NOx,2025-05-16 23:00:00+02:00,0.91643256
2025,CO2/CO/NOx,2025-05-17 00:00:00+02:00,0.92322093
2025,CO2/CO/NOx,2025-05-17 01:00:00+02:00,0.92322093
2025,CO2/CO/NOx,2025-05-17 02:00:00+02:00,0.9300093
2025,CO2/CO/NOx,2025-05-17 03:00:00+02:00,0.92322093
2025,CO2/CO/NOx,2025-05-17 04:00:00+02:00,0.9300093
2025,CO2/CO/NOx,2025-05-17 05:00:00+02:00,0.9300093
2025,CO2/CO/NOx,2025-05-17 06:00:00+02:00,0.9300093
2025,CO2/CO/NOx,2025-05-17 07:00:00+02:00,0.91643256
2025,CO2/CO/NOx,2025-05-17 08:00:00+02:00,0.7602996
2025,CO2/CO/NOx,2025-05-17 09:00:00+02:00,0.644897
2025,CO2/CO/NOx,2025-05-17 10:00:00+02:00,0.0
2025,CO2/CO/NOx,2025-05-17 11:00:00+02:00,0.0
2025,CO2/CO/NOx,2025-05-17 12:00:00+02:00,0.0
2025,CO2/CO/NOx,2025-05-17 13:00:00+02:00,0.0
2025,CO2/CO/NOx,2025-05-17 14:00:00+02:00,0.0
2025,CO2/CO/NOx,2025-05-17 15:00:00+02:00,0.0
2025,CO2/CO/NOx,2025-05-17 16:00:00+02:00,0.0
2025,CO2/CO/NOx,2025-05-17 17:00:00+02:00,0.013576779
2025,CO2/CO/NOx,2025-05-17 18:00:00+02:00,0.38693818
2025,CO2/CO/NOx,2025-05-17 19:00:00+02:00,0.71956927
2025,CO2/CO/NOx,2025-05-17 20:00:00+02:00,0.8689138
2025,CO2/CO/NOx,2025-05-17 21:00:00+02:00,0.90285575
2025,CO2/CO/NOx,2025-05-17 22:00:00+02:00,0.9096442
2025,CO2/CO/NOx,2025-05-17 23:00:00+02:00,0.77387637
2025,CO2/CO/NOx,2025-05-18 00:00:00+02:00,0.5905899
2025,CO2/CO/NOx,2025-05-18 01:00:00+02:00,0.522706
2025,CO2/CO/NOx,2025-05-18 02:00:00+02:00,0.41409174
2025,CO2/CO/NOx,2025-05-18 03:00:00+02:00,0.3801498
2025,CO2/CO/NOx,2025-05-18 04:00:00+02:00,0.54307115
2025,CO2/CO/NOx,2025-05-18 05:00:00+02:00,0.8146067
2025,CO2/CO/NOx,2025-05-18 06:00:00+02:00,0.93679774
2025,CO2/CO/NOx,2025-05-18 07:00:00+02:00,0.9300093
2025,CO2/CO/NOx,2025-05-18 08:00:00+02:00,0.67205054
2025,CO2/CO/NOx,2025-05-18 09:00:00+02:00,0.27832395
2025,CO2/CO/NOx,2025-05-18 10:00:00+02:00,0.0
2025,CO2/CO/NOx,2025-05-18 11:00:00+02:00,0.0
2025,CO2/CO/NOx,2025-05-18 12:00:00+02:00,0.0
2025,CO2/CO/NOx,2025-05-18 13:00:00+02:00,0.0
2025,CO2/CO/NOx,2025-05-18 14:00:00+02:00,0.0
2025,CO2/CO/NOx,2025-05-18 15:00:00+02:00,0.0
2025,CO2/CO/NOx,2025-05-18 16:00:00+02:00,0.0
2025,CO2/CO/NOx,2025-05-18 17:00:00+02:00,0.013576779
2025,CO2/CO/NOx,2025-05-18 18:00:00+02:00,0.3122659
2025,CO2/CO/NOx,2025-05-18 19:00:00+02:00,0.4276685
2025,CO2/CO/NOx,2025-05-18 20:00:00+02:00,0.71956927
2025,CO2/CO/NOx,2025-05-18 21:00:00+02:00,0.889279
2025,CO2/CO/NOx,2025-05-18 22:00:00+02:00,0.8960674
2025,CO2/CO/NOx,2025-05-18 23:00:00+02:00,0.8417603
2025,CO2/CO/NOx,2025-05-19 00:00:00+02:00,0.6313202
2025,CO2/CO/NOx,2025-05-19 01:00:00+02:00,0.522706
2025,CO2/CO/NOx,2025-05-19 02:00:00+02:00,0.54307115
2025,CO2/CO/NOx,2025-05-19 03:00:00+02:00,0.54307115
2025,CO2/CO/NOx,2025-05-19 04:00:00+02:00,0.6924157
2025,CO2/CO/NOx,2025-05-19 05:00:00+02:00,0.93679774
2025,CO2/CO/NOx,2025-05-19 06:00:00+02:00,0.93679774
2025,CO2/CO/NOx,2025-05-19 07:00:00+02:00,0.9300093
2025,CO2/CO/NOx,2025-05-19 08:00:00+02:00,0.91643256
2025,CO2/CO/NOx,2025-05-19 09:00:00+02:00,0.8281835
2025,CO2/CO/NOx,2025-05-19 10:00:00+02:00,0.6245318
2025,CO2/CO/NOx,2025-05-19 11:00:00+02:00,0.40051496
2025,CO2/CO/NOx,2025-05-19 12:00:00+02:00,0.013576779
2025,CO2/CO/NOx,2025-05-19 13:00:00+02:00,0.0
2025,CO2/CO/NOx,2025-05-19 14:00:00+02:00,0.0
2025,CO2/CO/NOx,2025-05-19 15:00:00+02:00,0.10182584
2025,CO2/CO/NOx,2025-05-19 16:00:00+02:00,0.33941945
2025,CO2/CO/NOx,2025-05-19 17:00:00+02:00,0.33941945
2025,CO2/CO/NOx,2025-05-19 18:00:00+02:00,0.36657304
2025,CO2/CO/NOx,2025-05-19 19:00:00+02:00,0.79424155
2025,CO2/CO/NOx,2025-05-19 20:00:00+02:00,0.8757022
2025,CO2/CO/NOx,2025-05-19 21:00:00+02:00,0.88249063
2025,CO2/CO/NOx,2025-05-19 22:00:00+02:00,0.6788389
2025,CO2/CO/NOx,2025-05-19 23:00:00+02:00,0.5770131
2025,CO2/CO/NOx,2025-05-20 00:00:00+02:00,0.40730336
2025,CO2/CO/NOx,2025-05-20 01:00:00+02:00,0.34620786
2025,CO2/CO/NOx,2025-05-20 02:00:00+02:00,0.33941945
2025,CO2/CO/NOx,2025-05-20 03:00:00+02:00,0.34620786
2025,CO2/CO/NOx,2025-05-20 04:00:00+02:00,0.46161047
2025,CO2/CO/NOx,2025-05-20 05:00:00+02:00,0.8281835
2025,CO2/CO/NOx,2025-05-20 06:00:00+02:00,0.93679774
2025,CO2/CO/NOx,2025-05-20 07:00:00+02:00,0.92322093
2025,CO2/CO/NOx,2025-05-20 08:00:00+02:00,0.9096442
2025,CO2/CO/NOx,2025-05-20 09:00:00+02:00,0.68562734
2025,CO2/CO/NOx,2025-05-20 10:00:00+02:00,0.013576779
2025,CO2/CO/NOx,2025-05-20 11:00:00+02:00,0.0
2025,CO2/CO/NOx,2025-05-20 12:00:00+02:00,0.0
2025,CO2/CO/NOx,2025-05-20 13:00:00+02:00,0.0
2025,CO2/CO/NOx,2025-05-20 14:00:00+02:00,0.0
2025,CO2/CO/NOx,2025-05-20 15:00:00+02:00,0.0
2025,CO2/CO/NOx,2025-05-20 16:00:00+02:00,0.0
2025,CO2/CO/NOx,2025-05-20 17:00:00+02:00,0.0
2025,CO2/CO/NOx,2025-05-20 18:00:00+02:00,0.29190075
2025,CO2/CO/NOx,2025-05-20 19:00:00+02:00,0.36657304
2025,CO2/CO/NOx,2025-05-20 20:00:00+02:00,0.47518724
2025,CO2/CO/NOx,2025-05-20 21:00:00+02:00,0.5566479
2025,CO2/CO/NOx,2025-05-20 22:00:00+02:00,0.52949435
2025,CO2/CO/NOx,2025-05-20 23:00:00+02:00,0.33941945
2025,CO2/CO/NOx,2025-05-21 00:00:00+02:00,0.33941945
2025,CO2/CO/NOx,2025-05-21 01:00:00+02:00,0.33941945
2025,CO2/CO/NOx,2025-05-21 02:00:00+02:00,0.34620786
2025,CO2/CO/NOx,2025-05-21 03:00:00+02:00,0.34620786
2025,CO2/CO/NOx,2025-05-21 04:00:00+02:00,0.40730336
2025,CO2/CO/NOx,2025-05-21 05:00:00+02:00,0.38693818
2025,CO2/CO/NOx,2025-05-21 06:00:00+02:00,0.54307115
2025,CO2/CO/NOx,2025-05-21 07:00:00+02:00,0.7602996
2025,CO2/CO/NOx,2025-05-21 08:00:00+02:00,0.78066474
2025,CO2/CO/NOx,2025-05-21 09:00:00+02:00,0.46161047
2025,CO2/CO/NOx,2025-05-21 10:00:00+02:00,0.0
2025,CO2/CO/NOx,2025-05-21 11:00:00+02:00,0.54307115
2025,CO2/CO/NOx,2025-05-21 12:00:00+02:00,0.5566479
2025,CO2/CO/NOx,2025-05-21 13:00:00+02:00,0.5091292
2025,CO2/CO/NOx,2025-05-21 14:00:00+02:00,0.48876402
2025,CO2/CO/NOx,2025-05-21 15:00:00+02:00,0.29190075
2025,CO2/CO/NOx,2025-05-21 16:00:00+02:00,0.29190075
2025,CO2/CO/NOx,2025-05-21 17:00:00+02:00,0.3122659
2025,CO2/CO/NOx,2025-05-21 18:00:00+02:00,0.68562734
2025,CO2/CO/NOx,2025-05-21 19:00:00+02:00,0.8281835
2025,CO2/CO/NOx,2025-05-21 20:00:00+02:00,0.88249063
2025,CO2/CO/NOx,2025-05-21 21:00:00+02:00,0.8960674
2025,CO2/CO/NOx,2025-05-21 22:00:00+02:00,0.84854865
2025,CO2/CO/NOx,2025-05-21 23:00:00+02:00,0.80781835
2025,CO2/CO/NOx,2025-05-22 00:00:00+02:00,0.6924157
2025,CO2/CO/NOx,2025-05-22 01:00:00+02:00,0.48876402
2025,CO2/CO/NOx,2025-05-22 02:00:00+02:00,0.38693818
2025,CO2/CO/NOx,2025-05-22 03:00:00+02:00,0.3937266
2025,CO2/CO/NOx,2025-05-22 04:00:00+02:00,0.41409174
2025,CO2/CO/NOx,2025-05-22 05:00:00+02:00,0.5838015
2025,CO2/CO/NOx,2025-05-22 06:00:00+02:00,0.855337
2025,CO2/CO/NOx,2025-05-22 07:00:00+02:00,0.91643256
2025,CO2/CO/NOx,2025-05-22 08:00:00+02:00,0.9096442
2025,CO2/CO/NOx,2025-05-22 09:00:00+02:00,0.9096442
2025,CO2/CO/NOx,2025-05-22 10:00:00+02:00,0.9096442
2025,CO2/CO/NOx,2025-05-22 11:00:00+02:00,0.90285575
2025,CO2/CO/NOx,2025-05-22 12:00:00+02:00,0.6381086
2025,CO2/CO/NOx,2025-05-22 13:00:00+02:00,0.38693818
2025,CO2/CO/NOx,2025-05-22 14:00:00+02:00,0.33263108
2025,CO2/CO/NOx,2025-05-22 15:00:00+02:00,0.33263108
2025,CO2/CO/NOx,2025-05-22 16:00:00+02:00,0.33263108
2025,CO2/CO/NOx,2025-05-22 17:00:00+02:00,0.5905899
2025,CO2/CO/NOx,2025-05-22 18:00:00+02:00,0.91643256
2025,CO2/CO/NOx,2025-05-22 19:00:00+02:00,0.91643256
2025,CO2/CO/NOx,2025-05-22 20:00:00+02:00,0.91643256
2025,CO2/CO/NOx,2025-05-22 21:00:00+02:00,0.91643256
2025,CO2/CO/NOx,2025-05-22 22:00:00+02:00,0.91643256
2025,CO2/CO/NOx,2025-05-22 23:00:00+02:00,0.92322093
2025,CO2/CO/NOx,2025-05-23 00:00:00+02:00,0.79424155
2025,CO2/CO/NOx,2025-05-23 01:00:00+02:00,0.90285575
2025,CO2/CO/NOx,2025-05-23 02:00:00+02:00,0.9300093
2025,CO2/CO/NOx,2025-05-23 03:00:00+02:00,0.9096442
2025,CO2/CO/NOx,2025-05-23 04:00:00+02:00,0.8281835
2025,CO2/CO/NOx,2025-05-23 05:00:00+02:00,0.92322093
2025,CO2/CO/NOx,2025-05-23 06:00:00+02:00,0.93679774
2025,CO2/CO/NOx,2025-05-23 07:00:00+02:00,0.93679774
2025,CO2/CO/NOx,2025-05-23 08:00:00+02:00,0.9300093
2025,CO2/CO/NOx,2025-05-23 09:00:00+02:00,0.6584738
2025,CO2/CO/NOx,2025-05-23 10:00:00+02:00,0.4276685
2025,CO2/CO/NOx,2025-05-23 11:00:00+02:00,0.3937266
2025,CO2/CO/NOx,2025-05-23 12:00:00+02:00,0.48876402
2025,CO2/CO/NOx,2025-05-23 13:00:00+02:00,0.6381086
2025,CO2/CO/NOx,2025-05-23 14:00:00+02:00,0.5838015
2025,CO2/CO/NOx,2025-05-23 15:00:00+02:00,0.3937266
2025,CO2/CO/NOx,2025-05-23 16:00:00+02:00,0.34620786
2025,CO2/CO/NOx,2025-05-23 17:00:00+02:00,0.33941945
2025,CO2/CO/NOx,2025-05-23 18:00:00+02:00,0.7535112
2025,CO2/CO/NOx,2025-05-23 19:00:00+02:00,0.73993444
2025,CO2/CO/NOx,2025-05-23 20:00:00+02:00,0.8689138
2025,CO2/CO/NOx,2025-05-23 21:00:00+02:00,0.91643256
2025,CO2/CO/NOx,2025-05-23 22:00:00+02:00,0.84854865
2025,CO2/CO/NOx,2025-05-23 23:00:00+02:00,0.5634363
2025,CO2/CO/NOx,2025-05-24 00:00:00+02:00,0.4344569
2025,CO2/CO/NOx,2025-05-24 01:00:00+02:00,0.4480337
2025,CO2/CO/NOx,2025-05-24 02:00:00+02:00,0.4480337
2025,CO2/CO/NOx,2025-05-24 03:00:00+02:00,0.4480337
2025,CO2/CO/NOx,2025-05-24 04:00:00+02:00,0.5091292
2025,CO2/CO/NOx,2025-05-24 05:00:00+02:00,0.8281835
2025,CO2/CO/NOx,2025-05-24 06:00:00+02:00,0.9503745
2025,CO2/CO/NOx,2025-05-24 07:00:00+02:00,0.7874532
2025,CO2/CO/NOx,2025-05-24 08:00:00+02:00,0.13576779
2025,CO2/CO/NOx,2025-05-24 09:00:00+02:00,0.0
2025,CO2/CO/NOx,2025-05-24 10:00:00+02:00,0.0
2025,CO2/CO/NOx,2025-05-24 11:00:00+02:00,0.0
2025,CO2/CO/NOx,2025-05-24 12:00:00+02:00,0.0
2025,CO2/CO/NOx,2025-05-24 13:00:00+02:00,0.0
2025,CO2/CO/NOx,2025-05-24 14:00:00+02:00,0.0
2025,CO2/CO/NOx,2025-05-24 15:00:00+02:00,0.0
2025,CO2/CO/NOx,2025-05-24 16:00:00+02:00,0.0
2025,CO2/CO/NOx,2025-05-24 17:00:00+02:00,0.0
2025,CO2/CO/NOx,2025-05-24 18:00:00+02:00,0.0
2025,CO2/CO/NOx,2025-05-24 19:00:00+02:00,0.0
2025,CO2/CO/NOx,2025-05-24 20:00:00+02:00,0.0
2025,CO2/CO/NOx,2025-05-24 21:00:00+02:00,0.0
2025,CO2/CO/NOx,2025-05-24 22:00:00+02:00,0.0
2025,CO2/CO/NOx,2025-05-24 23:00:00+02:00,0.0
2025,CO2/CO/NOx,2025-05-25 00:00:00+02:00,0.0
2025,CO2/CO/NOx,2025-05-25 01:00:00+02:00,0.0
2025,CO2/CO/NOx,2025-05-25 02:00:00+02:00,0.0
2025,CO2/CO/NOx,2025-05-25 03:00:00+02:00,0.0
2025,CO2/CO/NOx,2025-05-25 04:00:00+02:00,0.0
2025,CO2/CO/NOx,2025-05-25 05:00:00+02:00,0.0
2025,CO2/CO/NOx,2025-05-25 06:00:00+02:00,0.0
2025,CO2/CO/NOx,2025-05-25 07:00:00+02:00,0.0
2025,CO2/CO/NOx,2025-05-25 08:00:00+02:00,0.0
2025,CO2/CO/NOx,2025-05-25 09:00:00+02:00,0.0
2025,CO2/CO/NOx,2025-05-25 10:00:00+02:00,0.0
2025,CO2/CO/NOx,2025-05-25 11:00:00+02:00,0.0
2025,CO2/CO/NOx,2025-05-25 12:00:00+02:00,0.0
2025,CO2/CO/NOx,2025-05-25 13:00:00+02:00,0.0
2025,CO2/CO/NOx,2025-05-25 14:00:00+02:00,0.0
2025,CO2/CO/NOx,2025-05-25 15:00:00+02:00,0.0
2025,CO2/CO/NOx,2025-05-25 16:00:00+02:00,0.0
2025,CO2/CO/NOx,2025-05-25 17:00:00+02:00,0.0
2025,CO2/CO/NOx,2025-05-25 18:00:00+02:00,0.033941947
2025,CO2/CO/NOx,2025-05-25 19:00:00+02:00,0.44124532
2025,CO2/CO/NOx,2025-05-25 20:00:00+02:00,0.644897
2025,CO2/CO/NOx,2025-05-25 21:00:00+02:00,0.6924157
2025,CO2/CO/NOx,2025-05-25 22:00:00+02:00,0.6381086
2025,CO2/CO/NOx,2025-05-25 23:00:00+02:00,0.5498595
2025,CO2/CO/NOx,2025-05-26 00:00:00+02:00,0.3733614
2025,CO2/CO/NOx,2025-05-26 01:00:00+02:00,0.34620786
2025,CO2/CO/NOx,2025-05-26 02:00:00+02:00,0.34620786
2025,CO2/CO/NOx,2025-05-26 03:00:00+02:00,0.34620786
2025,CO2/CO/NOx,2025-05-26 04:00:00+02:00,0.34620786
2025,CO2/CO/NOx,2025-05-26 05:00:00+02:00,0.4548221
2025,CO2/CO/NOx,2025-05-26 06:00:00+02:00,0.6992041
2025,CO2/CO/NOx,2025-05-26 07:00:00+02:00,0.8689138
2025,CO2/CO/NOx,2025-05-26 08:00:00+02:00,0.84854865
2025,CO2/CO/NOx,2025-05-26 09:00:00+02:00,0.6788389
2025,CO2/CO/NOx,2025-05-26 10:00:00+02:00,0.40730336
2025,CO2/CO/NOx,2025-05-26 11:00:00+02:00,0.0
2025,CO2/CO/NOx,2025-05-26 12:00:00+02:00,0.0
2025,CO2/CO/NOx,2025-05-26 13:00:00+02:00,0.0
2025,CO2/CO/NOx,2025-05-26 14:00:00+02:00,0.0
2025,CO2/CO/NOx,2025-05-26 15:00:00+02:00,0.0
2025,CO2/CO/NOx,2025-05-26 16:00:00+02:00,0.0
2025,CO2/CO/NOx,2025-05-26 17:00:00+02:00,0.0
2025,CO2/CO/NOx,2025-05-26 18:00:00+02:00,0.0
2025,CO2/CO/NOx,2025-05-26 19:00:00+02:00,0.0
2025,CO2/CO/NOx,2025-05-26 20:00:00+02:00,0.10861423
2025,CO2/CO/NOx,2025-05-26 21:00:00+02:00,0.6313202
2025,CO2/CO/NOx,2025-05-26 22:00:00+02:00,0.6584738
2025,CO2/CO/NOx,2025-05-26 23:00:00+02:00,0.52949435
2025,CO2/CO/NOx,2025-05-27 00:00:00+02:00,0.34620786
2025,CO2/CO/NOx,2025-05-27 01:00:00+02:00,0.34620786
2025,CO2/CO/NOx,2025-05-27 02:00:00+02:00,0.34620786
2025,CO2/CO/NOx,2025-05-27 03:00:00+02:00,0.34620786
2025,CO2/CO/NOx,2025-05-27 04:00:00+02:00,0.36657304
2025,CO2/CO/NOx,2025-05-27 05:00:00+02:00,0.7331461
2025,CO2/CO/NOx,2025-05-27 06:00:00+02:00,0.90285575
2025,CO2/CO/NOx,2025-05-27 07:00:00+02:00,0.77387637
2025,CO2/CO/NOx,2025-05-27 08:00:00+02:00,0.7127809
2025,CO2/CO/NOx,2025-05-27 09:00:00+02:00,0.49555242
2025,CO2/CO/NOx,2025-05-27 10:00:00+02:00,0.10182584
2025,CO2/CO/NOx,2025-05-27 11:00:00+02:00,0.0
2025,CO2/CO/NOx,2025-05-27 12:00:00+02:00,0.0
2025,CO2/CO/NOx,2025-05-27 13:00:00+02:00,0.0
2025,CO2/CO/NOx,2025-05-27 14:00:00+02:00,0.0
2025,CO2/CO/NOx,2025-05-27 15:00:00+02:00,0.0
2025,CO2/CO/NOx,2025-05-27 16:00:00+02:00,0.0
2025,CO2/CO/NOx,2025-05-27 17:00:00+02:00,0.0
2025,CO2/CO/NOx,2025-05-27 18:00:00+02:00,0.0
2025,CO2/CO/NOx,2025-05-27 19:00:00+02:00,0.0
2025,CO2/CO/NOx,2025-05-27 20:00:00+02:00,0.0
2025,CO2/CO/NOx,2025-05-27 21:00:00+02:00,0.0
2025,CO2/CO/NOx,2025-05-27 22:00:00+02:00,0.0
2025,CO2/CO/NOx,2025-05-27 23:00:00+02:00,0.0
2025,CO2/CO/NOx,2025-05-28 00:00:00+02:00,0.0
2025,CO2/CO/NOx,2025-05-28 01:00:00+02:00,0.0
2025,CO2/CO/NOx,2025-05-28 02:00:00+02:00,0.0
2025,CO2/CO/NOx,2025-05-28 03:00:00+02:00,0.0
2025,CO2/CO/NOx,2025-05-28 04:00:00+02:00,0.013576779
2025,CO2/CO/NOx,2025-05-28 05:00:00+02:00,0.33263108
2025,CO2/CO/NOx,2025-05-28 06:00:00+02:00,0.5023408
2025,CO2/CO/NOx,2025-05-28 07:00:00+02:00,0.79424155
2025,CO2/CO/NOx,2025-05-28 08:00:00+02:00,0.90285575
2025,CO2/CO/NOx,2025-05-28 09:00:00+02:00,0.71956927
2025,CO2/CO/NOx,2025-05-28 10:00:00+02:00,0.49555242
2025,CO2/CO/NOx,2025-05-28 11:00:00+02:00,0.44124532
2025,CO2/CO/NOx,2025-05-28 12:00:00+02:00,0.3801498
2025,CO2/CO/NOx,2025-05-28 13:00:00+02:00,0.35299623
2025,CO2/CO/NOx,2025-05-28 14:00:00+02:00,0.35299623
2025,CO2/CO/NOx,2025-05-28 15:00:00+02:00,0.36657304
2025,CO2/CO/NOx,2025-05-28 16:00:00+02:00,0.3801498
2025,CO2/CO/NOx,2025-05-28 17:00:00+02:00,0.3733614
2025,CO2/CO/NOx,2025-05-28 18:00:00+02:00,0.3733614
2025,CO2/CO/NOx,2025-05-28 19:00:00+02:00,0.3801498
2025,CO2/CO/NOx,2025-05-28 20:00:00+02:00,0.3801498
2025,CO2/CO/NOx,2025-05-28 21:00:00+02:00,0.3801498
2025,CO2/CO/NOx,2025-05-28 22:00:00+02:00,0.3801498
2025,CO2/CO/NOx,2025-05-28 23:00:00+02:00,0.09503745
2025,CO2/CO/NOx,2025-05-29 00:00:00+02:00,0.0
2025,CO2/CO/NOx,2025-05-29 01:00:00+02:00,0.0
2025,CO2/CO/NOx,2025-05-29 02:00:00+02:00,0.0
2025,CO2/CO/NOx,2025-05-29 03:00:00+02:00,0.0
2025,CO2/CO/NOx,2025-05-29 04:00:00+02:00,0.0
2025,CO2/CO/NOx,2025-05-29 05:00:00+02:00,0.0
2025,CO2/CO/NOx,2025-05-29 06:00:00+02:00,0.0
2025,CO2/CO/NOx,2025-05-29 07:00:00+02:00,0.0
2025,CO2/CO/NOx,2025-05-29 08:00:00+02:00,0.0
2025,CO2/CO/NOx,2025-05-29 09:00:00+02:00,0.0
2025,CO2/CO/NOx,2025-05-29 10:00:00+02:00,0.0
2025,CO2/CO/NOx,2025-05-29 11:00:00+02:00,0.0
2025,CO2/CO/NOx,2025-05-29 12:00:00+02:00,0.0
2025,CO2/CO/NOx,2025-05-29 13:00:00+02:00,0.0
2025,CO2/CO/NOx,2025-05-29 14:00:00+02:00,0.0
2025,CO2/CO/NOx,2025-05-29 15:00:00+02:00,0.0
2025,CO2/CO/NOx,2025-05-29 16:00:00+02:00,0.0
2025,CO2/CO/NOx,2025-05-29 17:00:00+02:00,0.0
2025,CO2/CO/NOx,2025-05-29 18:00:00+02:00,0.0
2025,CO2/CO/NOx,2025-05-29 19:00:00+02:00,0.0
2025,CO2/CO/NOx,2025-05-29 20:00:00+02:00,0.0
2025,CO2/CO/NOx,2025-05-29 21:00:00+02:00,0.0
2025,CO2/CO/NOx,2025-05-29 22:00:00+02:00,0.0
2025,CO2/CO/NOx,2025-05-29 23:00:00+02:00,0.0
2025,CO2/CO/NOx,2025-05-30 00:00:00+02:00,0.0
2025,CO2/CO/NOx,2025-05-30 01:00:00+02:00,0.0
2025,CO2/CO/NOx,2025-05-30 02:00:00+02:00,0.0
2025,CO2/CO/NOx,2025-05-30 03:00:00+02:00,0.0
2025,CO2/CO/NOx,2025-05-30 04:00:00+02:00,0.0
2025,CO2/CO/NOx,2025-05-30 05:00:00+02:00,0.0
2025,CO2/CO/NOx,2025-05-30 06:00:00+02:00,0.0
2025,CO2/CO/NOx,2025-05-30 07:00:00+02:00,0.0
2025,CO2/CO/NOx,2025-05-30 08:00:00+02:00,0.0
2025,CO2/CO/NOx,2025-05-30 09:00:00+02:00,0.0
2025,CO2/CO/NOx,2025-05-30 10:00:00+02:00,0.0
2025,CO2/CO/NOx,2025-05-30 11:00:00+02:00,0.0
2025,CO2/CO/NOx,2025-05-30 12:00:00+02:00,0.0
2025,CO2/CO/NOx,2025-05-30 13:00:00+02:00,0.0
2025,CO2/CO/NOx,2025-05-30 14:00:00+02:00,0.0
2025,CO2/CO/NOx,2025-05-30 15:00:00+02:00,0.0
2025,CO2/CO/NOx,2025-05-30 16:00:00+02:00,0.0
2025,CO2/CO/NOx,2025-05-30 17:00:00+02:00,0.0
2025,CO2/CO/NOx,2025-05-30 18:00:00+02:00,0.0
2025,CO2/CO/NOx,2025-05-30 19:00:00+02:00,0.0
2025,CO2/CO/NOx,2025-05-30 20:00:00+02:00,0.0
2025,CO2/CO/NOx,2025-05-30 21:00:00+02:00,0.0
2025,CO2/CO/NOx,2025-05-30 22:00:00+02:00,0.0
2025,CO2/CO/NOx,2025-05-30 23:00:00+02:00,0.0
2025,CO2/CO/NOx,2025-05-31 00:00:00+02:00,0.0
2025,CO2/CO/NOx,2025-05-31 01:00:00+02:00,0.0
2025,CO2/CO/NOx,2025-05-31 02:00:00+02:00,0.0
2025,CO2/CO/NOx,2025-05-31 03:00:00+02:00,0.0
2025,CO2/CO/NOx,2025-05-31 04:00:00+02:00,0.0
2025,CO2/CO/NOx,2025-05-31 05:00:00+02:00,0.0
2025,CO2/CO/NOx,2025-05-31 06:00:00+02:00,0.0
2025,CO2/CO/NOx,2025-05-31 07:00:00+02:00,0.0
2025,CO2/CO/NOx,2025-05-31 08:00:00+02:00,0.0
2025,CO2/CO/NOx,2025-05-31 09:00:00+02:00,0.0
2025,CO2/CO/NOx,2025-05-31 10:00:00+02:00,0.0
2025,CO2/CO/NOx,2025-05-31 11:00:00+02:00,0.0
2025,CO2/CO/NOx,2025-05-31 12:00:00+02:00,0.0
2025,CO2/CO/NOx,2025-05-31 13:00:00+02:00,0.0
2025,CO2/CO/NOx,2025-05-31 14:00:00+02:00,0.0
2025,CO2/CO/NOx,2025-05-31 15:00:00+02:00,0.0
2025,CO2/CO/NOx,2025-05-31 16:00:00+02:00,0.0
2025,CO2/CO/NOx,2025-05-31 17:00:00+02:00,0.0
2025,CO2/CO/NOx,2025-05-31 18:00:00+02:00,0.0
2025,CO2/CO/NOx,2025-05-31 19:00:00+02:00,0.0
2025,CO2/CO/NOx,2025-05-31 20:00:00+02:00,0.0
2025,CO2/CO/NOx,2025-05-31 21:00:00+02:00,0.0
2025,CO2/CO/NOx,2025-05-31 22:00:00+02:00,0.0
2025,CO2/CO/NOx,2025-05-31 23:00:00+02:00,0.0
2025,CO2/CO/NOx,2025-06-01 00:00:00+02:00,0.0
2025,CO2/CO/NOx,2025-06-01 01:00:00+02:00,0.0
2025,CO2/CO/NOx,2025-06-01 02:00:00+02:00,0.0
2025,CO2/CO/NOx,2025-06-01 03:00:00+02:00,0.0
2025,CO2/CO/NOx,2025-06-01 04:00:00+02:00,0.0
2025,CO2/CO/NOx,2025-06-01 05:00:00+02:00,0.0
2025,CO2/CO/NOx,2025-06-01 06:00:00+02:00,0.0
2025,CO2/CO/NOx,2025-06-01 07:00:00+02:00,0.0
2025,CO2/CO/NOx,2025-06-01 08:00:00+02:00,0.0
2025,CO2/CO/NOx,2025-06-01 09:00:00+02:00,0.0
2025,CO2/CO/NOx,2025-06-01 10:00:00+02:00,0.0
2025,CO2/CO/NOx,2025-06-01 11:00:00+02:00,0.0
2025,CO2/CO/NOx,2025-06-01 12:00:00+02:00,0.0
2025,CO2/CO/NOx,2025-06-01 13:00:00+02:00,0.0
2025,CO2/CO/NOx,2025-06-01 14:00:00+02:00,0.0
2025,CO2/CO/NOx,2025-06-01 15:00:00+02:00,0.0
2025,CO2/CO/NOx,2025-06-01 16:00:00+02:00,0.0
2025,CO2/CO/NOx,2025-06-01 17:00:00+02:00,0.0
2025,CO2/CO/NOx,2025-06-01 18:00:00+02:00,0.0
2025,CO2/CO/NOx,2025-06-01 19:00:00+02:00,0.0
2025,CO2/CO/NOx,2025-06-01 20:00:00+02:00,0.0
2025,CO2/CO/NOx,2025-06-01 21:00:00+02:00,0.0
2025,CO2/CO/NOx,2025-06-01 22:00:00+02:00,0.0
2025,CO2/CO/NOx,2025-06-01 23:00:00+02:00,0.0
2025,CO2/CO/NOx,2025-06-02 00:00:00+02:00,0.0
2025,CO2/CO/NOx,2025-06-02 01:00:00+02:00,0.0
2025,CO2/CO/NOx,2025-06-02 02:00:00+02:00,0.0
2025,CO2/CO/NOx,2025-06-02 03:00:00+02:00,0.0
2025,CO2/CO/NOx,2025-06-02 04:00:00+02:00,0.0
2025,CO2/CO/NOx,2025-06-02 05:00:00+02:00,0.0
2025,CO2/CO/NOx,2025-06-02 06:00:00+02:00,0.0
2025,CO2/CO/NOx,2025-06-02 07:00:00+02:00,0.0
2025,CO2/CO/NOx,2025-06-02 08:00:00+02:00,0.0
2025,CO2/CO/NOx,2025-06-02 09:00:00+02:00,0.0
2025,CO2/CO/NOx,2025-06-02 10:00:00+02:00,0.0
2025,CO2/CO/NOx,2025-06-02 11:00:00+02:00,0.0
2025,CO2/CO/NOx,2025-06-02 12:00:00+02:00,0.0
2025,CO2/CO/NOx,2025-06-02 13:00:00+02:00,0.0
2025,CO2/CO/NOx,2025-06-02 14:00:00+02:00,0.0
2025,CO2/CO/NOx,2025-06-02 15:00:00+02:00,0.0
2025,CO2/CO/NOx,2025-06-02 16:00:00+02:00,0.0
2025,CO2/CO/NOx,2025-06-02 17:00:00+02:00,0.0
2025,CO2/CO/NOx,2025-06-02 18:00:00+02:00,0.0
2025,CO2/CO/NOx,2025-06-02 19:00:00+02:00,0.29868913
2025,CO2/CO/NOx,2025-06-02 20:00:00+02:00,0.4548221
2025,CO2/CO/NOx,2025-06-02 21:00:00+02:00,0.5362828
2025,CO2/CO/NOx,2025-06-02 22:00:00+02:00,0.4276685
2025,CO2/CO/NOx,2025-06-02 23:00:00+02:00,0.27832395
2025,CO2/CO/NOx,2025-06-03 00:00:00+02:00,0.0
2025,CO2/CO/NOx,2025-06-03 01:00:00+02:00,0.0
2025,CO2/CO/NOx,2025-06-03 02:00:00+02:00,0.0
2025,CO2/CO/NOx,2025-06-03 03:00:00+02:00,0.0
2025,CO2/CO/NOx,2025-06-03 04:00:00+02:00,0.0
2025,CO2/CO/NOx,2025-06-03 05:00:00+02:00,0.0
2025,CO2/CO/NOx,2025-06-03 06:00:00+02:00,0.0
2025,CO2/CO/NOx,2025-06-03 07:00:00+02:00,0.0
2025,CO2/CO/NOx,2025-06-03 08:00:00+02:00,0.0
2025,CO2/CO/NOx,2025-06-03 09:00:00+02:00,0.0
2025,CO2/CO/NOx,2025-06-03 10:00:00+02:00,0.0
2025,CO2/CO/NOx,2025-06-03 11:00:00+02:00,0.0
2025,CO2/CO/NOx,2025-06-03 12:00:00+02:00,0.0
2025,CO2/CO/NOx,2025-06-03 13:00:00+02:00,0.0
2025,CO2/CO/NOx,2025-06-03 14:00:00+02:00,0.0
2025,CO2/CO/NOx,2025-06-03 15:00:00+02:00,0.0
2025,CO2/CO/NOx,2025-06-03 16:00:00+02:00,0.0
2025,CO2/CO/NOx,2025-06-03 17:00:00+02:00,0.0
2025,CO2/CO/NOx,2025-06-03 18:00:00+02:00,0.0
2025,CO2/CO/NOx,2025-06-03 19:00:00+02:00,0.0
2025,CO2/CO/NOx,2025-06-03 20:00:00+02:00,0.0
2025,CO2/CO/NOx,2025-06-03 21:00:00+02:00,0.0
2025,CO2/CO/NOx,2025-06-03 22:00:00+02:00,0.0
2025,CO2/CO/NOx,2025-06-03 23:00:00+02:00,0.0
2025,CO2/CO/NOx,2025-06-04 00:00:00+02:00,0.0
2025,CO2/CO/NOx,2025-06-04 01:00:00+02:00,0.0
2025,CO2/CO/NOx,2025-06-04 02:00:00+02:00,0.0
2025,CO2/CO/NOx,2025-06-04 03:00:00+02:00,0.0
2025,CO2/CO/NOx,2025-06-04 04:00:00+02:00,0.0
2025,CO2/CO/NOx,2025-06-04 05:00:00+02:00,0.0
2025,CO2/CO/NOx,2025-06-04 06:00:00+02:00,0.0
2025,CO2/CO/NOx,2025-06-04 07:00:00+02:00,0.0
2025,CO2/CO/NOx,2025-06-04 08:00:00+02:00,0.0
2025,CO2/CO/NOx,2025-06-04 09:00:00+02:00,0.0
2025,CO2/CO/NOx,2025-06-04 10:00:00+02:00,0.0
2025,CO2/CO/NOx,2025-06-04 11:00:00+02:00,0.0
2025,CO2/CO/NOx,2025-06-04 12:00:00+02:00,0.0
2025,CO2/CO/NOx,2025-06-04 13:00:00+02:00,0.0
2025,CO2/CO/NOx,2025-06-04 14:00:00+02:00,0.0
2025,CO2/CO/NOx,2025-06-04 15:00:00+02:00,0.0
2025,CO2/CO/NOx,2025-06-04 16:00:00+02:00,0.0
2025,CO2/CO/NOx,2025-06-04 17:00:00+02:00,0.0
2025,CO2/CO/NOx,2025-06-04 18:00:00+02:00,0.0
2025,CO2/CO/NOx,2025-06-04 19:00:00+02:00,0.0
2025,CO2/CO/NOx,2025-06-04 20:00:00+02:00,0.0
2025,CO2/CO/NOx,2025-06-04 21:00:00+02:00,0.0
2025,CO2/CO/NOx,2025-06-04 22:00:00+02:00,0.0
2025,CO2/CO/NOx,2025-06-04 23:00:00+02:00,0.0
2025,CO2/CO/NOx,2025-06-05 00:00:00+02:00,0.0
2025,CO2/CO/NOx,2025-06-05 01:00:00+02:00,0.0
2025,CO2/CO/NOx,2025-06-05 02:00:00+02:00,0.0
2025,CO2/CO/NOx,2025-06-05 03:00:00+02:00,0.0
2025,CO2/CO/NOx,2025-06-05 04:00:00+02:00,0.0
2025,CO2/CO/NOx,2025-06-05 05:00:00+02:00,0.0
2025,CO2/CO/NOx,2025-06-05 06:00:00+02:00,0.0
2025,CO2/CO/NOx,2025-06-05 07:00:00+02:00,0.0
2025,CO2/CO/NOx,2025-06-05 08:00:00+02:00,0.0
2025,CO2/CO/NOx,2025-06-05 09:00:00+02:00,0.0
2025,CO2/CO/NOx,2025-06-05 10:00:00+02:00,0.0
2025,CO2/CO/NOx,2025-06-05 11:00:00+02:00,0.0
2025,CO2/CO/NOx,2025-06-05 12:00:00+02:00,0.0
2025,CO2/CO/NOx,2025-06-05 13:00:00+02:00,0.0
2025,CO2/CO/NOx,2025-06-05 14:00:00+02:00,0.0
2025,CO2/CO/NOx,2025-06-05 15:00:00+02:00,0.0
2025,CO2/CO/NOx,2025-06-05 16:00:00+02:00,0.0
2025,CO2/CO/NOx,2025-06-05 17:00:00+02:00,0.0
2025,CO2/CO/NOx,2025-06-05 18:00:00+02:00,0.0
2025,CO2/CO/NOx,2025-06-05 19:00:00+02:00,0.0
2025,CO2/CO/NOx,2025-06-05 20:00:00+02:00,0.0
2025,CO2/CO/NOx,2025-06-05 21:00:00+02:00,0.0
2025,CO2/CO/NOx,2025-06-05 22:00:00+02:00,0.0
2025,CO2/CO/NOx,2025-06-05 23:00:00+02:00,0.0
2025,CO2/CO/NOx,2025-06-06 00:00:00+02:00,0.0
2025,CO2/CO/NOx,2025-06-06 01:00:00+02:00,0.0
2025,CO2/CO/NOx,2025-06-06 02:00:00+02:00,0.0
2025,CO2/CO/NOx,2025-06-06 03:00:00+02:00,0.0
2025,CO2/CO/NOx,2025-06-06 04:00:00+02:00,0.0
2025,CO2/CO/NOx,2025-06-06 05:00:00+02:00,0.0
2025,CO2/CO/NOx,2025-06-06 06:00:00+02:00,0.0
2025,CO2/CO/NOx,2025-06-06 07:00:00+02:00,0.0
2025,CO2/CO/NOx,2025-06-06 08:00:00+02:00,0.0
2025,CO2/CO/NOx,2025-06-06 09:00:00+02:00,0.0
2025,CO2/CO/NOx,2025-06-06 10:00:00+02:00,0.0
2025,CO2/CO/NOx,2025-06-06 11:00:00+02:00,0.0
2025,CO2/CO/NOx,2025-06-06 12:00:00+02:00,0.0
2025,CO2/CO/NOx,2025-06-06 13:00:00+02:00,0.0
2025,CO2/CO/NOx,2025-06-06 14:00:00+02:00,0.0
2025,CO2/CO/NOx,2025-06-06 15:00:00+02:00,0.0
2025,CO2/CO/NOx,2025-06-06 16:00:00+02:00,0.0
2025,CO2/CO/NOx,2025-06-06 17:00:00+02:00,0.0
2025,CO2/CO/NOx,2025-06-06 18:00:00+02:00,0.0
2025,CO2/CO/NOx,2025-06-06 19:00:00+02:00,0.14934456
2025,CO2/CO/NOx,2025-06-06 20:00:00+02:00,0.3733614
2025,CO2/CO/NOx,2025-06-06 21:00:00+02:00,0.29190075
2025,CO2/CO/NOx,2025-06-06 22:00:00+02:00,0.0
2025,CO2/CO/NOx,2025-06-06 23:00:00+02:00,0.0
2025,CO2/CO/NOx,2025-06-07 00:00:00+02:00,0.0
2025,CO2/CO/NOx,2025-06-07 01:00:00+02:00,0.0
2025,CO2/CO/NOx,2025-06-07 02:00:00+02:00,0.0
2025,CO2/CO/NOx,2025-06-07 03:00:00+02:00,0.0
2025,CO2/CO/NOx,2025-06-07 04:00:00+02:00,0.0
2025,CO2/CO/NOx,2025-06-07 05:00:00+02:00,0.0
2025,CO2/CO/NOx,2025-06-07 06:00:00+02:00,0.0
2025,CO2/CO/NOx,2025-06-07 07:00:00+02:00,0.0
2025,CO2/CO/NOx,2025-06-07 08:00:00+02:00,0.0
2025,CO2/CO/NOx,2025-06-07 09:00:00+02:00,0.0
2025,CO2/CO/NOx,2025-06-07 10:00:00+02:00,0.0
2025,CO2/CO/NOx,2025-06-07 11:00:00+02:00,0.0
2025,CO2/CO/NOx,2025-06-07 12:00:00+02:00,0.0
2025,CO2/CO/NOx,2025-06-07 13:00:00+02:00,0.0
2025,CO2/CO/NOx,2025-06-07 14:00:00+02:00,0.0
2025,CO2/CO/NOx,2025-06-07 15:00:00+02:00,0.0
2025,CO2/CO/NOx,2025-06-07 16:00:00+02:00,0.0
2025,CO2/CO/NOx,2025-06-07 17:00:00+02:00,0.07467228
2025,CO2/CO/NOx,2025-06-07 18:00:00+02:00,0.3937266
2025,CO2/CO/NOx,2025-06-07 19:00:00+02:00,0.40730336
2025,CO2/CO/NOx,2025-06-07 20:00:00+02:00,0.3733614
2025,CO2/CO/NOx,2025-06-07 21:00:00+02:00,0.3733614
2025,CO2/CO/NOx,2025-06-07 22:00:00+02:00,0.3733614
2025,CO2/CO/NOx,2025-06-07 23:00:00+02:00,0.1968633
2025,CO2/CO/NOx,2025-06-08 00:00:00+02:00,0.0
2025,CO2/CO/NOx,2025-06-08 01:00:00+02:00,0.0
2025,CO2/CO/NOx,2025-06-08 02:00:00+02:00,0.0
2025,CO2/CO/NOx,2025-06-08 03:00:00+02:00,0.0
2025,CO2/CO/NOx,2025-06-08 04:00:00+02:00,0.0
2025,CO2/CO/NOx,2025-06-08 05:00:00+02:00,0.0
2025,CO2/CO/NOx,2025-06-08 06:00:00+02:00,0.0
2025,CO2/CO/NOx,2025-06-08 07:00:00+02:00,0.0
2025,CO2/CO/NOx,2025-06-08 08:00:00+02:00,0.0
2025,CO2/CO/NOx,2025-06-08 09:00:00+02:00,0.0
2025,CO2/CO/NOx,2025-06-08 10:00:00+02:00,0.0
2025,CO2/CO/NOx,2025-06-08 11:00:00+02:00,0.0
2025,CO2/CO/NOx,2025-06-08 12:00:00+02:00,0.0
2025,CO2/CO/NOx,2025-06-08 13:00:00+02:00,0.0
2025,CO2/CO/NOx,2025-06-08 14:00:00+02:00,0.0
2025,CO2/CO/NOx,2025-06-08 15:00:00+02:00,0.0
2025,CO2/CO/NOx,2025-06-08 16:00:00+02:00,0.0
2025,CO2/CO/NOx,2025-06-08 17:00:00+02:00,0.0
2025,CO2/CO/NOx,2025-06-08 18:00:00+02:00,0.0
2025,CO2/CO/NOx,2025-06-08 19:00:00+02:00,0.0
2025,CO2/CO/NOx,2025-06-08 20:00:00+02:00,0.0
2025,CO2/CO/NOx,2025-06-08 21:00:00+02:00,0.0
2025,CO2/CO/NOx,2025-06-08 22:00:00+02:00,0.0
2025,CO2/CO/NOx,2025-06-08 23:00:00+02:00,0.0
2025,CO2/CO/NOx,2025-06-09 00:00:00+02:00,0.0
2025,CO2/CO/NOx,2025-06-09 01:00:00+02:00,0.0
2025,CO2/CO/NOx,2025-06-09 02:00:00+02:00,0.0
2025,CO2/CO/NOx,2025-06-09 03:00:00+02:00,0.0
2025,CO2/CO/NOx,2025-06-09 04:00:00+02:00,0.0
2025,CO2/CO/NOx,2025-06-09 05:00:00+02:00,0.0
2025,CO2/CO/NOx,2025-06-09 06:00:00+02:00,0.0
2025,CO2/CO/NOx,2025-06-09 07:00:00+02:00,0.0
2025,CO2/CO/NOx,2025-06-09 08:00:00+02:00,0.0
2025,CO2/CO/NOx,2025-06-09 09:00:00+02:00,0.0
2025,CO2/CO/NOx,2025-06-09 10:00:00+02:00,0.0
2025,CO2/CO/NOx,2025-06-09 11:00:00+02:00,0.0
2025,CO2/CO/NOx,2025-06-09 12:00:00+02:00,0.0
2025,CO2/CO/NOx,2025-06-09 13:00:00+02:00,0.0
2025,CO2/CO/NOx,2025-06-09 14:00:00+02:00,0.0
2025,CO2/CO/NOx,2025-06-09 15:00:00+02:00,0.0
2025,CO2/CO/NOx,2025-06-09 16:00:00+02:00,0.0
2025,CO2/CO/NOx,2025-06-09 17:00:00+02:00,0.0
2025,CO2/CO/NOx,2025-06-09 18:00:00+02:00,0.0
2025,CO2/CO/NOx,2025-06-09 19:00:00+02:00,0.0
2025,CO2/CO/NOx,2025-06-09 20:00:00+02:00,0.0
2025,CO2/CO/NOx,2025-06-09 21:00:00+02:00,0.0
2025,CO2/CO/NOx,2025-06-09 22:00:00+02:00,0.0
2025,CO2/CO/NOx,2025-06-09 23:00:00+02:00,0.0
2025,CO2/CO/NOx,2025-06-10 00:00:00+02:00,0.0
2025,CO2/CO/NOx,2025-06-10 01:00:00+02:00,0.0
2025,CO2/CO/NOx,2025-06-10 02:00:00+02:00,0.0
2025,CO2/CO/NOx,2025-06-10 03:00:00+02:00,0.0
2025,CO2/CO/NOx,2025-06-10 04:00:00+02:00,0.0
2025,CO2/CO/NOx,2025-06-10 05:00:00+02:00,0.0
2025,CO2/CO/NOx,2025-06-10 06:00:00+02:00,0.0
2025,CO2/CO/NOx,2025-06-10 07:00:00+02:00,0.0
2025,CO2/CO/NOx,2025-06-10 08:00:00+02:00,0.0
2025,CO2/CO/NOx,2025-06-10 09:00:00+02:00,0.0
2025,CO2/CO/NOx,2025-06-10 10:00:00+02:00,0.0
2025,CO2/CO/NOx,2025-06-10 11:00:00+02:00,0.0
2025,CO2/CO/NOx,2025-06-10 12:00:00+02:00,0.0
2025,CO2/CO/NOx,2025-06-10 13:00:00+02:00,0.0
2025,CO2/CO/NOx,2025-06-10 14:00:00+02:00,0.0
2025,CO2/CO/NOx,2025-06-10 15:00:00+02:00,0.0
2025,CO2/CO/NOx,2025-06-10 16:00:00+02:00,0.0
2025,CO2/CO/NOx,2025-06-10 17:00:00+02:00,0.0
2025,CO2/CO/NOx,2025-06-10 18:00:00+02:00,0.0
2025,CO2/CO/NOx,2025-06-10 19:00:00+02:00,0.0
2025,CO2/CO/NOx,2025-06-10 20:00:00+02:00,0.0
2025,CO2/CO/NOx,2025-06-10 21:00:00+02:00,0.0
2025,CO2/CO/NOx,2025-06-10 22:00:00+02:00,0.0
2025,CO2/CO/NOx,2025-06-10 23:00:00+02:00,0.0
2025,CO2/CO/NOx,2025-06-11 00:00:00+02:00,0.0
2025,CO2/CO/NOx,2025-06-11 01:00:00+02:00,0.0
2025,CO2/CO/NOx,2025-06-11 02:00:00+02:00,0.0
2025,CO2/CO/NOx,2025-06-11 03:00:00+02:00,0.0
2025,CO2/CO/NOx,2025-06-11 04:00:00+02:00,0.0
2025,CO2/CO/NOx,2025-06-11 05:00:00+02:00,0.0
2025,CO2/CO/NOx,2025-06-11 06:00:00+02:00,0.0
2025,CO2/CO/NOx,2025-06-11 07:00:00+02:00,0.0
2025,CO2/CO/NOx,2025-06-11 08:00:00+02:00,0.0
2025,CO2/CO/NOx,2025-06-11 09:00:00+02:00,0.0
2025,CO2/CO/NOx,2025-06-11 10:00:00+02:00,0.0
2025,CO2/CO/NOx,2025-06-11 11:00:00+02:00,0.0
2025,CO2/CO/NOx,2025-06-11 12:00:00+02:00,0.0
2025,CO2/CO/NOx,2025-06-11 13:00:00+02:00,0.0
2025,CO2/CO/NOx,2025-06-11 14:00:00+02:00,0.0
2025,CO2/CO/NOx,2025-06-11 15:00:00+02:00,0.0
2025,CO2/CO/NOx,2025-06-11 16:00:00+02:00,0.0
2025,CO2/CO/NOx,2025-06-11 17:00:00+02:00,0.0
2025,CO2/CO/NOx,2025-06-11 18:00:00+02:00,0.0
2025,CO2/CO/NOx,2025-06-11 19:00:00+02:00,0.0
2025,CO2/CO/NOx,2025-06-11 20:00:00+02:00,0.0
2025,CO2/CO/NOx,2025-06-11 21:00:00+02:00,0.0
2025,CO2/CO/NOx,2025-06-11 22:00:00+02:00,0.0
2025,CO2/CO/NOx,2025-06-11 23:00:00+02:00,0.0
2025,CO2/CO/NOx,2025-06-12 00:00:00+02:00,0.0
2025,CO2/CO/NOx,2025-06-12 01:00:00+02:00,0.0
2025,CO2/CO/NOx,2025-06-12 02:00:00+02:00,0.0
2025,CO2/CO/NOx,2025-06-12 03:00:00+02:00,0.0
2025,CO2/CO/NOx,2025-06-12 04:00:00+02:00,0.0
2025,CO2/CO/NOx,2025-06-12 05:00:00+02:00,0.0
2025,CO2/CO/NOx,2025-06-12 06:00:00+02:00,0.0
2025,CO2/CO/NOx,2025-06-12 07:00:00+02:00,0.0
2025,CO2/CO/NOx,2025-06-12 08:00:00+02:00,0.0
2025,CO2/CO/NOx,2025-06-12 09:00:00+02:00,0.0
2025,CO2/CO/NOx,2025-06-12 10:00:00+02:00,0.0
2025,CO2/CO/NOx,2025-06-12 11:00:00+02:00,0.0
2025,CO2/CO/NOx,2025-06-12 12:00:00+02:00,0.0
2025,CO2/CO/NOx,2025-06-12 13:00:00+02:00,0.0
2025,CO2/CO/NOx,2025-06-12 14:00:00+02:00,0.0
2025,CO2/CO/NOx,2025-06-12 15:00:00+02:00,0.0
2025,CO2/CO/NOx,2025-06-12 16:00:00+02:00,0.0
2025,CO2/CO/NOx,2025-06-12 17:00:00+02:00,0.0
2025,CO2/CO/NOx,2025-06-12 18:00:00+02:00,0.0
2025,CO2/CO/NOx,2025-06-12 19:00:00+02:00,0.0
2025,CO2/CO/NOx,2025-06-12 20:00:00+02:00,0.0
2025,CO2/CO/NOx,2025-06-12 21:00:00+02:00,0.0
2025,CO2/CO/NOx,2025-06-12 22:00:00+02:00,0.0
2025,CO2/CO/NOx,2025-06-12 23:00:00+02:00,0.0
2025,CO2/CO/NOx,2025-06-13 00:00:00+02:00,0.0
2025,CO2/CO/NOx,2025-06-13 01:00:00+02:00,0.0
2025,CO2/CO/NOx,2025-06-13 02:00:00+02:00,0.0
2025,CO2/CO/NOx,2025-06-13 03:00:00+02:00,0.0
2025,CO2/CO/NOx,2025-06-13 04:00:00+02:00,0.0
2025,CO2/CO/NOx,2025-06-13 05:00:00+02:00,0.0
2025,CO2/CO/NOx,2025-06-13 06:00:00+02:00,0.0
2025,CO2/CO/NOx,2025-06-13 07:00:00+02:00,0.0
2025,CO2/CO/NOx,2025-06-13 08:00:00+02:00,0.0
2025,CO2/CO/NOx,2025-06-13 09:00:00+02:00,0.0
2025,CO2/CO/NOx,2025-06-13 10:00:00+02:00,0.0
2025,CO2/CO/NOx,2025-06-13 11:00:00+02:00,0.0
2025,CO2/CO/NOx,2025-06-13 12:00:00+02:00,0.0
2025,CO2/CO/NOx,2025-06-13 13:00:00+02:00,0.0
2025,CO2/CO/NOx,2025-06-13 14:00:00+02:00,0.0
2025,CO2/CO/NOx,2025-06-13 15:00:00+02:00,0.0
2025,CO2/CO/NOx,2025-06-13 16:00:00+02:00,0.0
2025,CO2/CO/NOx,2025-06-13 17:00:00+02:00,0.0
2025,CO2/CO/NOx,2025-06-13 18:00:00+02:00,0.0
2025,CO2/CO/NOx,2025-06-13 19:00:00+02:00,0.0
2025,CO2/CO/NOx,2025-06-13 20:00:00+02:00,0.0
2025,CO2/CO/NOx,2025-06-13 21:00:00+02:00,0.0
2025,CO2/CO/NOx,2025-06-13 22:00:00+02:00,0.0
2025,CO2/CO/NOx,2025-06-13 23:00:00+02:00,0.0
2025,CO2/CO/NOx,2025-06-14 00:00:00+02:00,0.0
2025,CO2/CO/NOx,2025-06-14 01:00:00+02:00,0.0
2025,CO2/CO/NOx,2025-06-14 02:00:00+02:00,0.0
2025,CO2/CO/NOx,2025-06-14 03:00:00+02:00,0.0
2025,CO2/CO/NOx,2025-06-14 04:00:00+02:00,0.0
2025,CO2/CO/NOx,2025-06-14 05:00:00+02:00,0.0
2025,CO2/CO/NOx,2025-06-14 06:00:00+02:00,0.0
2025,CO2/CO/NOx,2025-06-14 07:00:00+02:00,0.0
2025,CO2/CO/NOx,2025-06-14 08:00:00+02:00,0.0
2025,CO2/CO/NOx,2025-06-14 09:00:00+02:00,0.0
2025,CO2/CO/NOx,2025-06-14 10:00:00+02:00,0.0
2025,CO2/CO/NOx,2025-06-14 11:00:00+02:00,0.0
2025,CO2/CO/NOx,2025-06-14 12:00:00+02:00,0.0
2025,CO2/CO/NOx,2025-06-14 13:00:00+02:00,0.0
2025,CO2/CO/NOx,2025-06-14 14:00:00+02:00,0.0
2025,CO2/CO/NOx,2025-06-14 15:00:00+02:00,0.0
2025,CO2/CO/NOx,2025-06-14 16:00:00+02:00,0.0
2025,CO2/CO/NOx,2025-06-14 17:00:00+02:00,0.0
2025,CO2/CO/NOx,2025-06-14 18:00:00+02:00,0.0
2025,CO2/CO/NOx,2025-06-14 19:00:00+02:00,0.0
2025,CO2/CO/NOx,2025-06-14 20:00:00+02:00,0.0
2025,CO2/CO/NOx,2025-06-14 21:00:00+02:00,0.0
2025,CO2/CO/NOx,2025-06-14 22:00:00+02:00,0.0
2025,CO2/CO/NOx,2025-06-14 23:00:00+02:00,0.0
2025,CO2/CO/NOx,2025-06-15 00:00:00+02:00,0.0
2025,CO2/CO/NOx,2025-06-15 01:00:00+02:00,0.0
2025,CO2/CO/NOx,2025-06-15 02:00:00+02:00,0.0
2025,CO2/CO/NOx,2025-06-15 03:00:00+02:00,0.0
2025,CO2/CO/NOx,2025-06-15 04:00:00+02:00,0.0
2025,CO2/CO/NOx,2025-06-15 05:00:00+02:00,0.0
2025,CO2/CO/NOx,2025-06-15 06:00:00+02:00,0.0
2025,CO2/CO/NOx,2025-06-15 07:00:00+02:00,0.0
2025,CO2/CO/NOx,2025-06-15 08:00:00+02:00,0.0
2025,CO2/CO/NOx,2025-06-15 09:00:00+02:00,0.0
2025,CO2/CO/NOx,2025-06-15 10:00:00+02:00,0.0
2025,CO2/CO/NOx,2025-06-15 11:00:00+02:00,0.0
2025,CO2/CO/NOx,2025-06-15 12:00:00+02:00,0.0
2025,CO2/CO/NOx,2025-06-15 13:00:00+02:00,0.0
2025,CO2/CO/NOx,2025-06-15 14:00:00+02:00,0.0
2025,CO2/CO/NOx,2025-06-15 15:00:00+02:00,0.0
2025,CO2/CO/NOx,2025-06-15 16:00:00+02:00,0.0
2025,CO2/CO/NOx,2025-06-15 17:00:00+02:00,0.0
2025,CO2/CO/NOx,2025-06-15 18:00:00+02:00,0.0
2025,CO2/CO/NOx,2025-06-15 19:00:00+02:00,0.0
2025,CO2/CO/NOx,2025-06-15 20:00:00+02:00,0.0
2025,CO2/CO/NOx,2025-06-15 21:00:00+02:00,0.0
2025,CO2/CO/NOx,2025-06-15 22:00:00+02:00,0.0
2025,CO2/CO/NOx,2025-06-15 23:00:00+02:00,0.0
2025,CO2/CO/NOx,2025-06-16 00:00:00+02:00,0.0
2025,CO2/CO/NOx,2025-06-16 01:00:00+02:00,0.0
2025,CO2/CO/NOx,2025-06-16 02:00:00+02:00,0.0
2025,CO2/CO/NOx,2025-06-16 03:00:00+02:00,0.0
2025,CO2/CO/NOx,2025-06-16 04:00:00+02:00,0.0
2025,CO2/CO/NOx,2025-06-16 05:00:00+02:00,0.0
2025,CO2/CO/NOx,2025-06-16 06:00:00+02:00,0.0
2025,CO2/CO/NOx,2025-06-16 07:00:00+02:00,0.0
2025,CO2/CO/NOx,2025-06-16 08:00:00+02:00,0.0
2025,CO2/CO/NOx,2025-06-16 09:00:00+02:00,0.0
2025,CO2/CO/NOx,2025-06-16 10:00:00+02:00,0.0
2025,CO2/CO/NOx,2025-06-16 11:00:00+02:00,0.0
2025,CO2/CO/NOx,2025-06-16 12:00:00+02:00,0.0
2025,CO2/CO/NOx,2025-06-16 13:00:00+02:00,0.0
2025,CO2/CO/NOx,2025-06-16 14:00:00+02:00,0.0
2025,CO2/CO/NOx,2025-06-16 15:00:00+02:00,0.0
2025,CO2/CO/NOx,2025-06-16 16:00:00+02:00,0.0
2025,CO2/CO/NOx,2025-06-16 17:00:00+02:00,0.0
2025,CO2/CO/NOx,2025-06-16 18:00:00+02:00,0.0
2025,CO2/CO/NOx,2025-06-16 19:00:00+02:00,0.0
2025,CO2/CO/NOx,2025-06-16 20:00:00+02:00,0.0
2025,CO2/CO/NOx,2025-06-16 21:00:00+02:00,0.0
2025,CO2/CO/NOx,2025-06-16 22:00:00+02:00,0.0
2025,CO2/CO/NOx,2025-06-16 23:00:00+02:00,0.0
2025,CO2/CO/NOx,2025-06-17 00:00:00+02:00,0.0
2025,CO2/CO/NOx,2025-06-17 01:00:00+02:00,0.0
2025,CO2/CO/NOx,2025-06-17 02:00:00+02:00,0.0
2025,CO2/CO/NOx,2025-06-17 03:00:00+02:00,0.0
2025,CO2/CO/NOx,2025-06-17 04:00:00+02:00,0.0
2025,CO2/CO/NOx,2025-06-17 05:00:00+02:00,0.0
2025,CO2/CO/NOx,2025-06-17 06:00:00+02:00,0.0
2025,CO2/CO/NOx,2025-06-17 07:00:00+02:00,0.0
2025,CO2/CO/NOx,2025-06-17 08:00:00+02:00,0.0
2025,CO2/CO/NOx,2025-06-17 09:00:00+02:00,0.0
2025,CO2/CO/NOx,2025-06-17 10:00:00+02:00,0.0
2025,CO2/CO/NOx,2025-06-17 11:00:00+02:00,0.0
2025,CO2/CO/NOx,2025-06-17 12:00:00+02:00,0.0
2025,CO2/CO/NOx,2025-06-17 13:00:00+02:00,0.0
2025,CO2/CO/NOx,2025-06-17 14:00:00+02:00,0.0
2025,CO2/CO/NOx,2025-06-17 15:00:00+02:00,0.0
2025,CO2/CO/NOx,2025-06-17 16:00:00+02:00,0.0
2025,CO2/CO/NOx,2025-06-17 17:00:00+02:00,0.0
2025,CO2/CO/NOx,2025-06-17 18:00:00+02:00,0.0
2025,CO2/CO/NOx,2025-06-17 19:00:00+02:00,0.040730335
2025,CO2/CO/NOx,2025-06-17 20:00:00+02:00,0.3190543
2025,CO2/CO/NOx,2025-06-17 21:00:00+02:00,0.09503745
2025,CO2/CO/NOx,2025-06-17 22:00:00+02:00,0.0
2025,CO2/CO/NOx,2025-06-17 23:00:00+02:00,0.0
2025,CO2/CO/NOx,2025-06-18 00:00:00+02:00,0.0
2025,CO2/CO/NOx,2025-06-18 01:00:00+02:00,0.0
2025,CO2/CO/NOx,2025-06-18 02:00:00+02:00,0.0
2025,CO2/CO/NOx,2025-06-18 03:00:00+02:00,0.0
2025,CO2/CO/NOx,2025-06-18 04:00:00+02:00,0.0
2025,CO2/CO/NOx,2025-06-18 05:00:00+02:00,0.0
2025,CO2/CO/NOx,2025-06-18 06:00:00+02:00,0.0
2025,CO2/CO/NOx,2025-06-18 07:00:00+02:00,0.0
2025,CO2/CO/NOx,2025-06-18 08:00:00+02:00,0.0
2025,CO2/CO/NOx,2025-06-18 09:00:00+02:00,0.0
2025,CO2/CO/NOx,2025-06-18 10:00:00+02:00,0.0
2025,CO2/CO/NOx,2025-06-18 11:00:00+02:00,0.0
2025,CO2/CO/NOx,2025-06-18 12:00:00+02:00,0.0
2025,CO2/CO/NOx,2025-06-18 13:00:00+02:00,0.0
2025,CO2/CO/NOx,2025-06-18 14:00:00+02:00,0.0
2025,CO2/CO/NOx,2025-06-18 15:00:00+02:00,0.0
2025,CO2/CO/NOx,2025-06-18 16:00:00+02:00,0.0
2025,CO2/CO/NOx,2025-06-18 17:00:00+02:00,0.0
2025,CO2/CO/NOx,2025-06-18 18:00:00+02:00,0.0
2025,CO2/CO/NOx,2025-06-18 19:00:00+02:00,0.0
2025,CO2/CO/NOx,2025-06-18 20:00:00+02:00,0.0
2025,CO2/CO/NOx,2025-06-18 21:00:00+02:00,0.0
2025,CO2/CO/NOx,2025-06-18 22:00:00+02:00,0.0
2025,CO2/CO/NOx,2025-06-18 23:00:00+02:00,0.0
2025,CO2/CO/NOx,2025-06-19 00:00:00+02:00,0.0
2025,CO2/CO/NOx,2025-06-19 01:00:00+02:00,0.0
2025,CO2/CO/NOx,2025-06-19 02:00:00+02:00,0.0
2025,CO2/CO/NOx,2025-06-19 03:00:00+02:00,0.0
2025,CO2/CO/NOx,2025-06-19 04:00:00+02:00,0.0
2025,CO2/CO/NOx,2025-06-19 05:00:00+02:00,0.0
2025,CO2/CO/NOx,2025-06-19 06:00:00+02:00,0.0
2025,CO2/CO/NOx,2025-06-19 07:00:00+02:00,0.0
2025,CO2/CO/NOx,2025-06-19 08:00:00+02:00,0.0
2025,CO2/CO/NOx,2025-06-19 09:00:00+02:00,0.0
2025,CO2/CO/NOx,2025-06-19 10:00:00+02:00,0.0
2025,CO2/CO/NOx,2025-06-19 11:00:00+02:00,0.0
2025,CO2/CO/NOx,2025-06-19 12:00:00+02:00,0.0
2025,CO2/CO/NOx,2025-06-19 13:00:00+02:00,0.0
2025,CO2/CO/NOx,2025-06-19 14:00:00+02:00,0.0
2025,CO2/CO/NOx,2025-06-19 15:00:00+02:00,0.0
2025,CO2/CO/NOx,2025-06-19 16:00:00+02:00,0.0
2025,CO2/CO/NOx,2025-06-19 17:00:00+02:00,0.0
2025,CO2/CO/NOx,2025-06-19 18:00:00+02:00,0.0
2025,CO2/CO/NOx,2025-06-19 19:00:00+02:00,0.0
2025,CO2/CO/NOx,2025-06-19 20:00:00+02:00,0.0
2025,CO2/CO/NOx,2025-06-19 21:00:00+02:00,0.0
2025,CO2/CO/NOx,2025-06-19 22:00:00+02:00,0.0
2025,CO2/CO/NOx,2025-06-19 23:00:00+02:00,0.0
2025,CO2/CO/NOx,2025-06-20 00:00:00+02:00,0.0
2025,CO2/CO/NOx,2025-06-20 01:00:00+02:00,0.0
2025,CO2/CO/NOx,2025-06-20 02:00:00+02:00,0.0
2025,CO2/CO/NOx,2025-06-20 03:00:00+02:00,0.0
2025,CO2/CO/NOx,2025-06-20 04:00:00+02:00,0.0
2025,CO2/CO/NOx,2025-06-20 05:00:00+02:00,0.0
2025,CO2/CO/NOx,2025-06-20 06:00:00+02:00,0.0
2025,CO2/CO/NOx,2025-06-20 07:00:00+02:00,0.0
2025,CO2/CO/NOx,2025-06-20 08:00:00+02:00,0.0
2025,CO2/CO/NOx,2025-06-20 09:00:00+02:00,0.0
2025,CO2/CO/NOx,2025-06-20 10:00:00+02:00,0.0
2025,CO2/CO/NOx,2025-06-20 11:00:00+02:00,0.0
2025,CO2/CO/NOx,2025-06-20 12:00:00+02:00,0.0
2025,CO2/CO/NOx,2025-06-20 13:00:00+02:00,0.0
2025,CO2/CO/NOx,2025-06-20 14:00:00+02:00,0.0
2025,CO2/CO/NOx,2025-06-20 15:00:00+02:00,0.0
2025,CO2/CO/NOx,2025-06-20 16:00:00+02:00,0.0
2025,CO2/CO/NOx,2025-06-20 17:00:00+02:00,0.0
2025,CO2/CO/NOx,2025-06-20 18:00:00+02:00,0.0
2025,CO2/CO/NOx,2025-06-20 19:00:00+02:00,0.0
2025,CO2/CO/NOx,2025-06-20 20:00:00+02:00,0.0
2025,CO2/CO/NOx,2025-06-20 21:00:00+02:00,0.0
2025,CO2/CO/NOx,2025-06-20 22:00:00+02:00,0.0
2025,CO2/CO/NOx,2025-06-20 23:00:00+02:00,0.0
2025,CO2/CO/NOx,2025-06-21 00:00:00+02:00,0.0
2025,CO2/CO/NOx,2025-06-21 01:00:00+02:00,0.0
2025,CO2/CO/NOx,2025-06-21 02:00:00+02:00,0.0
2025,CO2/CO/NOx,2025-06-21 03:00:00+02:00,0.0
2025,CO2/CO/NOx,2025-06-21 04:00:00+02:00,0.0
2025,CO2/CO/NOx,2025-06-21 05:00:00+02:00,0.0
2025,CO2/CO/NOx,2025-06-21 06:00:00+02:00,0.0
2025,CO2/CO/NOx,2025-06-21 07:00:00+02:00,0.0
2025,CO2/CO/NOx,2025-06-21 08:00:00+02:00,0.0
2025,CO2/CO/NOx,2025-06-21 09:00:00+02:00,0.0
2025,CO2/CO/NOx,2025-06-21 10:00:00+02:00,0.0
2025,CO2/CO/NOx,2025-06-21 11:00:00+02:00,0.0
2025,CO2/CO/NOx,2025-06-21 12:00:00+02:00,0.0
2025,CO2/CO/NOx,2025-06-21 13:00:00+02:00,0.0
2025,CO2/CO/NOx,2025-06-21 14:00:00+02:00,0.0
2025,CO2/CO/NOx,2025-06-21 15:00:00+02:00,0.0
2025,CO2/CO/NOx,2025-06-21 16:00:00+02:00,0.0
2025,CO2/CO/NOx,2025-06-21 17:00:00+02:00,0.0
2025,CO2/CO/NOx,2025-06-21 18:00:00+02:00,0.0
2025,CO2/CO/NOx,2025-06-21 19:00:00+02:00,0.0
2025,CO2/CO/NOx,2025-06-21 20:00:00+02:00,0.0
2025,CO2/CO/NOx,2025-06-21 21:00:00+02:00,0.0
2025,CO2/CO/NOx,2025-06-21 22:00:00+02:00,0.0
2025,CO2/CO/NOx,2025-06-21 23:00:00+02:00,0.0
2025,CO2/CO/NOx,2025-06-22 00:00:00+02:00,0.0
2025,CO2/CO/NOx,2025-06-22 01:00:00+02:00,0.0
2025,CO2/CO/NOx,2025-06-22 02:00:00+02:00,0.0
2025,CO2/CO/NOx,2025-06-22 03:00:00+02:00,0.0
2025,CO2/CO/NOx,2025-06-22 04:00:00+02:00,0.0
2025,CO2/CO/NOx,2025-06-22 05:00:00+02:00,0.0
2025,CO2/CO/NOx,2025-06-22 06:00:00+02:00,0.0
2025,CO2/CO/NOx,2025-06-22 07:00:00+02:00,0.0
2025,CO2/CO/NOx,2025-06-22 08:00:00+02:00,0.0
2025,CO2/CO/NOx,2025-06-22 09:00:00+02:00,0.0
2025,CO2/CO/NOx,2025-06-22 10:00:00+02:00,0.0
2025,CO2/CO/NOx,2025-06-22 11:00:00+02:00,0.0
2025,CO2/CO/NOx,2025-06-22 12:00:00+02:00,0.0
2025,CO2/CO/NOx,2025-06-22 13:00:00+02:00,0.0
2025,CO2/CO/NOx,2025-06-22 14:00:00+02:00,0.0
2025,CO2/CO/NOx,2025-06-22 15:00:00+02:00,0.0
2025,CO2/CO/NOx,2025-06-22 16:00:00+02:00,0.0
2025,CO2/CO/NOx,2025-06-22 17:00:00+02:00,0.0
2025,CO2/CO/NOx,2025-06-22 18:00:00+02:00,0.0
2025,CO2/CO/NOx,2025-06-22 19:00:00+02:00,0.0
2025,CO2/CO/NOx,2025-06-22 20:00:00+02:00,0.0
2025,CO2/CO/NOx,2025-06-22 21:00:00+02:00,0.0
2025,CO2/CO/NOx,2025-06-22 22:00:00+02:00,0.0
2025,CO2/CO/NOx,2025-06-22 23:00:00+02:00,0.0
2025,CO2/CO/NOx,2025-06-23 00:00:00+02:00,0.0
2025,CO2/CO/NOx,2025-06-23 01:00:00+02:00,0.0
2025,CO2/CO/NOx,2025-06-23 02:00:00+02:00,0.0
2025,CO2/CO/NOx,2025-06-23 03:00:00+02:00,0.0
2025,CO2/CO/NOx,2025-06-23 04:00:00+02:00,0.0
2025,CO2/CO/NOx,2025-06-23 05:00:00+02:00,0.0
2025,CO2/CO/NOx,2025-06-23 06:00:00+02:00,0.0
2025,CO2/CO/NOx,2025-06-23 07:00:00+02:00,0.0
2025,CO2/CO/NOx,2025-06-23 08:00:00+02:00,0.0
2025,CO2/CO/NOx,2025-06-23 09:00:00+02:00,0.0
2025,CO2/CO/NOx,2025-06-23 10:00:00+02:00,0.0
2025,CO2/CO/NOx,2025-06-23 11:00:00+02:00,0.0
2025,CO2/CO/NOx,2025-06-23 12:00:00+02:00,0.0
2025,CO2/CO/NOx,2025-06-23 13:00:00+02:00,0.0
2025,CO2/CO/NOx,2025-06-23 14:00:00+02:00,0.0
2025,CO2/CO/NOx,2025-06-23 15:00:00+02:00,0.0
2025,CO2/CO/NOx,2025-06-23 16:00:00+02:00,0.0
2025,CO2/CO/NOx,2025-06-23 17:00:00+02:00,0.0
2025,CO2/CO/NOx,2025-06-23 18:00:00+02:00,0.0
2025,CO2/CO/NOx,2025-06-23 19:00:00+02:00,0.0
2025,CO2/CO/NOx,2025-06-23 20:00:00+02:00,0.0
2025,CO2/CO/NOx,2025-06-23 21:00:00+02:00,0.0
2025,CO2/CO/NOx,2025-06-23 22:00:00+02:00,0.0
2025,CO2/CO/NOx,2025-06-23 23:00:00+02:00,0.0
2025,CO2/CO/NOx,2025-06-24 00:00:00+02:00,0.0
2025,CO2/CO/NOx,2025-06-24 01:00:00+02:00,0.0
2025,CO2/CO/NOx,2025-06-24 02:00:00+02:00,0.0
2025,CO2/CO/NOx,2025-06-24 03:00:00+02:00,0.0
2025,CO2/CO/NOx,2025-06-24 04:00:00+02:00,0.0
2025,CO2/CO/NOx,2025-06-24 05:00:00+02:00,0.0
2025,CO2/CO/NOx,2025-06-24 06:00:00+02:00,0.0
2025,CO2/CO/NOx,2025-06-24 07:00:00+02:00,0.0
2025,CO2/CO/NOx,2025-06-24 08:00:00+02:00,0.0
2025,CO2/CO/NOx,2025-06-24 09:00:00+02:00,0.0
2025,CO2/CO/NOx,2025-06-24 10:00:00+02:00,0.0
2025,CO2/CO/NOx,2025-06-24 11:00:00+02:00,0.0
2025,CO2/CO/NOx,2025-06-24 12:00:00+02:00,0.0
2025,CO2/CO/NOx,2025-06-24 13:00:00+02:00,0.0
2025,CO2/CO/NOx,2025-06-24 14:00:00+02:00,0.0
2025,CO2/CO/NOx,2025-06-24 15:00:00+02:00,0.0
2025,CO2/CO/NOx,2025-06-24 16:00:00+02:00,0.0
2025,CO2/CO/NOx,2025-06-24 17:00:00+02:00,0.0
2025,CO2/CO/NOx,2025-06-24 18:00:00+02:00,0.0
2025,CO2/CO/NOx,2025-06-24 19:00:00+02:00,0.0
2025,CO2/CO/NOx,2025-06-24 20:00:00+02:00,0.0
2025,CO2/CO/NOx,2025-06-24 21:00:00+02:00,0.0
2025,CO2/CO/NOx,2025-06-24 22:00:00+02:00,0.0
2025,CO2/CO/NOx,2025-06-24 23:00:00+02:00,0.0
2025,CO2/CO/NOx,2025-06-25 00:00:00+02:00,0.0
2025,CO2/CO/NOx,2025-06-25 01:00:00+02:00,0.0
2025,CO2/CO/NOx,2025-06-25 02:00:00+02:00,0.0
2025,CO2/CO/NOx,2025-06-25 03:00:00+02:00,0.0
2025,CO2/CO/NOx,2025-06-25 04:00:00+02:00,0.0
2025,CO2/CO/NOx,2025-06-25 05:00:00+02:00,0.0
2025,CO2/CO/NOx,2025-06-25 06:00:00+02:00,0.0
2025,CO2/CO/NOx,2025-06-25 07:00:00+02:00,0.0
2025,CO2/CO/NOx,2025-06-25 08:00:00+02:00,0.0
2025,CO2/CO/NOx,2025-06-25 09:00:00+02:00,0.0
2025,CO2/CO/NOx,2025-06-25 10:00:00+02:00,0.0
2025,CO2/CO/NOx,2025-06-25 11:00:00+02:00,0.0
2025,CO2/CO/NOx,2025-06-25 12:00:00+02:00,0.0
2025,CO2/CO/NOx,2025-06-25 13:00:00+02:00,0.0
2025,CO2/CO/NOx,2025-06-25 14:00:00+02:00,0.0
2025,CO2/CO/NOx,2025-06-25 15:00:00+02:00,0.0
2025,CO2/CO/NOx,2025-06-25 16:00:00+02:00,0.0
2025,CO2/CO/NOx,2025-06-25 17:00:00+02:00,0.0
2025,CO2/CO/NOx,2025-06-25 18:00:00+02:00,0.0
2025,CO2/CO/NOx,2025-06-25 19:00:00+02:00,0.0
2025,CO2/CO/NOx,2025-06-25 20:00:00+02:00,0.0
2025,CO2/CO/NOx,2025-06-25 21:00:00+02:00,0.0
2025,CO2/CO/NOx,2025-06-25 22:00:00+02:00,0.0
2025,CO2/CO/NOx,2025-06-25 23:00:00+02:00,0.0
2025,CO2/CO/NOx,2025-06-26 00:00:00+02:00,0.0
2025,CO2/CO/NOx,2025-06-26 01:00:00+02:00,0.0
2025,CO2/CO/NOx,2025-06-26 02:00:00+02:00,0.0
2025,CO2/CO/NOx,2025-06-26 03:00:00+02:00,0.0
2025,CO2/CO/NOx,2025-06-26 04:00:00+02:00,0.0
2025,CO2/CO/NOx,2025-06-26 05:00:00+02:00,0.0
2025,CO2/CO/NOx,2025-06-26 06:00:00+02:00,0.0
2025,CO2/CO/NOx,2025-06-26 07:00:00+02:00,0.0
2025,CO2/CO/NOx,2025-06-26 08:00:00+02:00,0.0
2025,CO2/CO/NOx,2025-06-26 09:00:00+02:00,0.0
2025,CO2/CO/NOx,2025-06-26 10:00:00+02:00,0.0
2025,CO2/CO/NOx,2025-06-26 11:00:00+02:00,0.0
2025,CO2/CO/NOx,2025-06-26 12:00:00+02:00,0.0
2025,CO2/CO/NOx,2025-06-26 13:00:00+02:00,0.0
2025,CO2/CO/NOx,2025-06-26 14:00:00+02:00,0.020365167
2025,CO2/CO/NOx,2025-06-26 15:00:00+02:00,0.3122659
2025,CO2/CO/NOx,2025-06-26 16:00:00+02:00,0.36657304
2025,CO2/CO/NOx,2025-06-26 17:00:00+02:00,0.33941945
2025,CO2/CO/NOx,2025-06-26 18:00:00+02:00,0.33941945
2025,CO2/CO/NOx,2025-06-26 19:00:00+02:00,0.59737825
2025,CO2/CO/NOx,2025-06-26 20:00:00+02:00,0.5770131
2025,CO2/CO/NOx,2025-06-26 21:00:00+02:00,0.54307115
2025,CO2/CO/NOx,2025-06-26 22:00:00+02:00,0.54307115
2025,CO2/CO/NOx,2025-06-26 23:00:00+02:00,0.54307115
2025,CO2/CO/NOx,2025-06-27 00:00:00+02:00,0.23080523
2025,CO2/CO/NOx,2025-06-27 01:00:00+02:00,0.0
2025,CO2/CO/NOx,2025-06-27 02:00:00+02:00,0.0
2025,CO2/CO/NOx,2025-06-27 03:00:00+02:00,0.0
2025,CO2/CO/NOx,2025-06-27 04:00:00+02:00,0.0
2025,CO2/CO/NOx,2025-06-27 05:00:00+02:00,0.0
2025,CO2/CO/NOx,2025-06-27 06:00:00+02:00,0.0
2025,CO2/CO/NOx,2025-06-27 07:00:00+02:00,0.0
2025,CO2/CO/NOx,2025-06-27 08:00:00+02:00,0.0
2025,CO2/CO/NOx,2025-06-27 09:00:00+02:00,0.0
2025,CO2/CO/NOx,2025-06-27 10:00:00+02:00,0.0
2025,CO2/CO/NOx,2025-06-27 11:00:00+02:00,0.0
2025,CO2/CO/NOx,2025-06-27 12:00:00+02:00,0.0
2025,CO2/CO/NOx,2025-06-27 13:00:00+02:00,0.0
2025,CO2/CO/NOx,2025-06-27 14:00:00+02:00,0.0
2025,CO2/CO/NOx,2025-06-27 15:00:00+02:00,0.0
2025,CO2/CO/NOx,2025-06-27 16:00:00+02:00,0.0
2025,CO2/CO/NOx,2025-06-27 17:00:00+02:00,0.0
2025,CO2/CO/NOx,2025-06-27 18:00:00+02:00,0.0
2025,CO2/CO/NOx,2025-06-27 19:00:00+02:00,0.0
2025,CO2/CO/NOx,2025-06-27 20:00:00+02:00,0.0
2025,CO2/CO/NOx,2025-06-27 21:00:00+02:00,0.0
2025,CO2/CO/NOx,2025-06-27 22:00:00+02:00,0.0
2025,CO2/CO/NOx,2025-06-27 23:00:00+02:00,0.16970973
2025,CO2/CO/NOx,2025-06-28 00:00:00+02:00,0.66526216
2025,CO2/CO/NOx,2025-06-28 01:00:00+02:00,0.6788389
2025,CO2/CO/NOx,2025-06-28 02:00:00+02:00,0.6788389
2025,CO2/CO/NOx,2025-06-28 03:00:00+02:00,0.7127809
2025,CO2/CO/NOx,2025-06-28 04:00:00+02:00,0.61774343
2025,CO2/CO/NOx,2025-06-28 05:00:00+02:00,0.5498595
2025,CO2/CO/NOx,2025-06-28 06:00:00+02:00,0.7331461
2025,CO2/CO/NOx,2025-06-28 07:00:00+02:00,0.59737825
2025,CO2/CO/NOx,2025-06-28 08:00:00+02:00,0.24438201
2025,CO2/CO/NOx,2025-06-28 09:00:00+02:00,0.0
2025,CO2/CO/NOx,2025-06-28 10:00:00+02:00,0.0
2025,CO2/CO/NOx,2025-06-28 11:00:00+02:00,0.0
2025,CO2/CO/NOx,2025-06-28 12:00:00+02:00,0.0
2025,CO2/CO/NOx,2025-06-28 13:00:00+02:00,0.0
2025,CO2/CO/NOx,2025-06-28 14:00:00+02:00,0.0
2025,CO2/CO/NOx,2025-06-28 15:00:00+02:00,0.0
2025,CO2/CO/NOx,2025-06-28 16:00:00+02:00,0.0
2025,CO2/CO/NOx,2025-06-28 17:00:00+02:00,0.0
2025,CO2/CO/NOx,2025-06-28 18:00:00+02:00,0.0
2025,CO2/CO/NOx,2025-06-28 19:00:00+02:00,0.0
2025,CO2/CO/NOx,2025-06-28 20:00:00+02:00,0.0
2025,CO2/CO/NOx,2025-06-28 21:00:00+02:00,0.0
2025,CO2/CO/NOx,2025-06-28 22:00:00+02:00,0.0
2025,CO2/CO/NOx,2025-06-28 23:00:00+02:00,0.0
2025,CO2/CO/NOx,2025-06-29 00:00:00+02:00,0.0
2025,CO2/CO/NOx,2025-06-29 01:00:00+02:00,0.0
2025,CO2/CO/NOx,2025-06-29 02:00:00+02:00,0.0
2025,CO2/CO/NOx,2025-06-29 03:00:00+02:00,0.0
2025,CO2/CO/NOx,2025-06-29 04:00:00+02:00,0.0
2025,CO2/CO/NOx,2025-06-29 05:00:00+02:00,0.0
2025,CO2/CO/NOx,2025-06-29 06:00:00+02:00,0.0
2025,CO2/CO/NOx,2025-06-29 07:00:00+02:00,0.0
2025,CO2/CO/NOx,2025-06-29 08:00:00+02:00,0.0
2025,CO2/CO/NOx,2025-06-29 09:00:00+02:00,0.0
2025,CO2/CO/NOx,2025-06-29 10:00:00+02:00,0.0
2025,CO2/CO/NOx,2025-06-29 11:00:00+02:00,0.0
2025,CO2/CO/NOx,2025-06-29 12:00:00+02:00,0.0
2025,CO2/CO/NOx,2025-06-29 13:00:00+02:00,0.0
2025,CO2/CO/NOx,2025-06-29 14:00:00+02:00,0.0
2025,CO2/CO/NOx,2025-06-29 15:00:00+02:00,0.0
2025,CO2/CO/NOx,2025-06-29 16:00:00+02:00,0.0
2025,CO2/CO/NOx,2025-06-29 17:00:00+02:00,0.0
2025,CO2/CO/NOx,2025-06-29 18:00:00+02:00,0.0
2025,CO2/CO/NOx,2025-06-29 19:00:00+02:00,0.0
2025,CO2/CO/NOx,2025-06-29 20:00:00+02:00,0.0
2025,CO2/CO/NOx,2025-06-29 21:00:00+02:00,0.0
2025,CO2/CO/NOx,2025-06-29 22:00:00+02:00,0.0
2025,CO2/CO/NOx,2025-06-29 23:00:00+02:00,0.0
2025,CO2/CO/NOx,2025-06-30 00:00:00+02:00,0.0
2025,CO2/CO/NOx,2025-06-30 01:00:00+02:00,0.0
2025,CO2/CO/NOx,2025-06-30 02:00:00+02:00,0.0
2025,CO2/CO/NOx,2025-06-30 03:00:00+02:00,0.0
2025,CO2/CO/NOx,2025-06-30 04:00:00+02:00,0.0
2025,CO2/CO/NOx,2025-06-30 05:00:00+02:00,0.0
2025,CO2/CO/NOx,2025-06-30 06:00:00+02:00,0.0
2025,CO2/CO/NOx,2025-06-30 07:00:00+02:00,0.0
2025,CO2/CO/NOx,2025-06-30 08:00:00+02:00,0.0
2025,CO2/CO/NOx,2025-06-30 09:00:00+02:00,0.0
2025,CO2/CO/NOx,2025-06-30 10:00:00+02:00,0.0
2025,CO2/CO/NOx,2025-06-30 11:00:00+02:00,0.0
2025,CO2/CO/NOx,2025-06-30 12:00:00+02:00,0.0
2025,CO2/CO/NOx,2025-06-30 13:00:00+02:00,0.0
2025,CO2/CO/NOx,2025-06-30 14:00:00+02:00,0.0
2025,CO2/CO/NOx,2025-06-30 15:00:00+02:00,0.0
2025,CO2/CO/NOx,2025-06-30 16:00:00+02:00,0.0
2025,CO2/CO/NOx,2025-06-30 17:00:00+02:00,0.0
2025,CO2/CO/NOx,2025-06-30 18:00:00+02:00,0.11540262
2025,CO2/CO/NOx,2025-06-30 19:00:00+02:00,0.61095506
2025,CO2/CO/NOx,2025-06-30 20:00:00+02:00,0.767088
2025,CO2/CO/NOx,2025-06-30 21:00:00+02:00,0.8146067
2025,CO2/CO/NOx,2025-06-30 22:00:00+02:00,0.71956927
2025,CO2/CO/NOx,2025-06-30 23:00:00+02:00,0.27153558
2025,CO2/CO/NOx,2025-07-01 00:00:00+02:00,0.0
2025,CO2/CO/NOx,2025-07-01 01:00:00+02:00,0.0
2025,CO2/CO/NOx,2025-07-01 02:00:00+02:00,0.0
2025,CO2/CO/NOx,2025-07-01 03:00:00+02:00,0.0
2025,CO2/CO/NOx,2025-07-01 04:00:00+02:00,0.0
2025,CO2/CO/NOx,2025-07-01 05:00:00+02:00,0.0
2025,CO2/CO/NOx,2025-07-01 06:00:00+02:00,0.0067883893
2025,CO2/CO/NOx,2025-07-01 07:00:00+02:00,0.54307115
2025,CO2/CO/NOx,2025-07-01 08:00:00+02:00,0.6584738
2025,CO2/CO/NOx,2025-07-01 09:00:00+02:00,0.32584268
2025,CO2/CO/NOx,2025-07-01 10:00:00+02:00,0.0
2025,CO2/CO/NOx,2025-07-01 11:00:00+02:00,0.0
2025,CO2/CO/NOx,2025-07-01 12:00:00+02:00,0.0
2025,CO2/CO/NOx,2025-07-01 13:00:00+02:00,0.0
2025,CO2/CO/NOx,2025-07-01 14:00:00+02:00,0.0
2025,CO2/CO/NOx,2025-07-01 15:00:00+02:00,0.0
2025,CO2/CO/NOx,2025-07-01 16:00:00+02:00,0.0
2025,CO2/CO/NOx,2025-07-01 17:00:00+02:00,0.0
2025,CO2/CO/NOx,2025-07-01 18:00:00+02:00,0.23080523
2025,CO2/CO/NOx,2025-07-01 19:00:00+02:00,0.72635764
2025,CO2/CO/NOx,2025-07-01 20:00:00+02:00,0.767088
2025,CO2/CO/NOx,2025-07-01 21:00:00+02:00,0.8213951
2025,CO2/CO/NOx,2025-07-01 22:00:00+02:00,0.8213951
2025,CO2/CO/NOx,2025-07-01 23:00:00+02:00,0.34620786
2025,CO2/CO/NOx,2025-07-02 00:00:00+02:00,0.0
2025,CO2/CO/NOx,2025-07-02 01:00:00+02:00,0.020365167
2025,CO2/CO/NOx,2025-07-02 02:00:00+02:00,0.6041666
2025,CO2/CO/NOx,2025-07-02 03:00:00+02:00,0.5838015
2025,CO2/CO/NOx,2025-07-02 04:00:00+02:00,0.4276685
2025,CO2/CO/NOx,2025-07-02 05:00:00+02:00,0.7331461
2025,CO2/CO/NOx,2025-07-02 06:00:00+02:00,0.71956927
2025,CO2/CO/NOx,2025-07-02 07:00:00+02:00,0.6041666
2025,CO2/CO/NOx,2025-07-02 08:00:00+02:00,0.6041666
2025,CO2/CO/NOx,2025-07-02 09:00:00+02:00,0.46161047
2025,CO2/CO/NOx,2025-07-02 10:00:00+02:00,0.013576779
2025,CO2/CO/NOx,2025-07-02 11:00:00+02:00,0.0
2025,CO2/CO/NOx,2025-07-02 12:00:00+02:00,0.0
2025,CO2/CO/NOx,2025-07-02 13:00:00+02:00,0.0
2025,CO2/CO/NOx,2025-07-02 14:00:00+02:00,0.0
2025,CO2/CO/NOx,2025-07-02 15:00:00+02:00,0.0
2025,CO2/CO/NOx,2025-07-02 16:00:00+02:00,0.0
2025,CO2/CO/NOx,2025-07-02 17:00:00+02:00,0.0
2025,CO2/CO/NOx,2025-07-02 18:00:00+02:00,0.07467228
2025,CO2/CO/NOx,2025-07-02 19:00:00+02:00,0.6992041
2025,CO2/CO/NOx,2025-07-02 20:00:00+02:00,0.71956927
2025,CO2/CO/NOx,2025-07-02 21:00:00+02:00,0.67205054
2025,CO2/CO/NOx,2025-07-02 22:00:00+02:00,0.46161047
2025,CO2/CO/NOx,2025-07-02 23:00:00+02:00,0.3801498
2025,CO2/CO/NOx,2025-07-03 00:00:00+02:00,0.644897
2025,CO2/CO/NOx,2025-07-03 01:00:00+02:00,0.70599246
2025,CO2/CO/NOx,2025-07-03 02:00:00+02:00,0.68562734
2025,CO2/CO/NOx,2025-07-03 03:00:00+02:00,0.7127809
2025,CO2/CO/NOx,2025-07-03 04:00:00+02:00,0.71956927
2025,CO2/CO/NOx,2025-07-03 05:00:00+02:00,0.71956927
2025,CO2/CO/NOx,2025-07-03 06:00:00+02:00,0.68562734
2025,CO2/CO/NOx,2025-07-03 07:00:00+02:00,0.68562734
2025,CO2/CO/NOx,2025-07-03 08:00:00+02:00,0.7331461
2025,CO2/CO/NOx,2025-07-03 09:00:00+02:00,0.6313202
2025,CO2/CO/NOx,2025-07-03 10:00:00+02:00,0.6381086
2025,CO2/CO/NOx,2025-07-03 11:00:00+02:00,0.70599246
2025,CO2/CO/NOx,2025-07-03 12:00:00+02:00,0.7331461
2025,CO2/CO/NOx,2025-07-03 13:00:00+02:00,0.6788389
2025,CO2/CO/NOx,2025-07-03 14:00:00+02:00,0.6245318
2025,CO2/CO/NOx,2025-07-03 15:00:00+02:00,0.67205054
2025,CO2/CO/NOx,2025-07-03 16:00:00+02:00,0.68562734
2025,CO2/CO/NOx,2025-07-03 17:00:00+02:00,0.18328652
2025,CO2/CO/NOx,2025-07-03 18:00:00+02:00,0.0
2025,CO2/CO/NOx,2025-07-03 19:00:00+02:00,0.0
2025,CO2/CO/NOx,2025-07-03 20:00:00+02:00,0.0
2025,CO2/CO/NOx,2025-07-03 21:00:00+02:00,0.0
2025,CO2/CO/NOx,2025-07-03 22:00:00+02:00,0.0
2025,CO2/CO/NOx,2025-07-03 23:00:00+02:00,0.0
2025,CO2/CO/NOx,2025-07-04 00:00:00+02:00,0.0
2025,CO2/CO/NOx,2025-07-04 01:00:00+02:00,0.0
2025,CO2/CO/NOx,2025-07-04 02:00:00+02:00,0.0
2025,CO2/CO/NOx,2025-07-04 03:00:00+02:00,0.0
2025,CO2/CO/NOx,2025-07-04 04:00:00+02:00,0.0
2025,CO2/CO/NOx,2025-07-04 05:00:00+02:00,0.0
2025,CO2/CO/NOx,2025-07-04 06:00:00+02:00,0.0
2025,CO2/CO/NOx,2025-07-04 07:00:00+02:00,0.0
2025,CO2/CO/NOx,2025-07-04 08:00:00+02:00,0.0
2025,CO2/CO/NOx,2025-07-04 09:00:00+02:00,0.0
2025,CO2/CO/NOx,2025-07-04 10:00:00+02:00,0.0
2025,CO2/CO/NOx,2025-07-04 11:00:00+02:00,0.0
2025,CO2/CO/NOx,2025-07-04 12:00:00+02:00,0.0
2025,CO2/CO/NOx,2025-07-04 13:00:00+02:00,0.0
2025,CO2/CO/NOx,2025-07-04 14:00:00+02:00,0.0
2025,CO2/CO/NOx,2025-07-04 15:00:00+02:00,0.0
2025,CO2/CO/NOx,2025-07-04 16:00:00+02:00,0.0
2025,CO2/CO/NOx,2025-07-04 17:00:00+02:00,0.0
2025,CO2/CO/NOx,2025-07-04 18:00:00+02:00,0.0
2025,CO2/CO/NOx,2025-07-04 19:00:00+02:00,0.0
2025,CO2/CO/NOx,2025-07-04 20:00:00+02:00,0.0
2025,CO2/CO/NOx,2025-07-04 21:00:00+02:00,0.0
2025,CO2/CO/NOx,2025-07-04 22:00:00+02:00,0.0
2025,CO2/CO/NOx,2025-07-04 23:00:00+02:00,0.0
2025,CO2/CO/NOx,2025-07-05 00:00:00+02:00,0.35299623
2025,CO2/CO/NOx,2025-07-05 01:00:00+02:00,0.644897
2025,CO2/CO/NOx,2025-07-05 02:00:00+02:00,0.644897
2025,CO2/CO/NOx,2025-07-05 03:00:00+02:00,0.29868913
2025,CO2/CO/NOx,2025-07-05 04:00:00+02:00,0.07467228
2025,CO2/CO/NOx,2025-07-05 05:00:00+02:00,0.61095506
2025,CO2/CO/NOx,2025-07-05 06:00:00+02:00,0.29868913
2025,CO2/CO/NOx,2025-07-05 07:00:00+02:00,0.0
2025,CO2/CO/NOx,2025-07-05 08:00:00+02:00,0.0
2025,CO2/CO/NOx,2025-07-05 09:00:00+02:00,0.0
2025,CO2/CO/NOx,2025-07-05 10:00:00+02:00,0.0
2025,CO2/CO/NOx,2025-07-05 11:00:00+02:00,0.0
2025,CO2/CO/NOx,2025-07-05 12:00:00+02:00,0.0
2025,CO2/CO/NOx,2025-07-05 13:00:00+02:00,0.0
2025,CO2/CO/NOx,2025-07-05 14:00:00+02:00,0.0
2025,CO2/CO/NOx,2025-07-05 15:00:00+02:00,0.0
2025,CO2/CO/NOx,2025-07-05 16:00:00+02:00,0.0
2025,CO2/CO/NOx,2025-07-05 17:00:00+02:00,0.047518726
2025,CO2/CO/NOx,2025-07-05 18:00:00+02:00,0.65168536
2025,CO2/CO/NOx,2025-07-05 19:00:00+02:00,0.73993444
2025,CO2/CO/NOx,2025-07-05 20:00:00+02:00,0.6992041
2025,CO2/CO/NOx,2025-07-05 21:00:00+02:00,0.27832395
2025,CO2/CO/NOx,2025-07-05 22:00:00+02:00,0.0
2025,CO2/CO/NOx,2025-07-05 23:00:00+02:00,0.0067883893
2025,CO2/CO/NOx,2025-07-06 00:00:00+02:00,0.41409174
2025,CO2/CO/NOx,2025-07-06 01:00:00+02:00,0.61095506
2025,CO2/CO/NOx,2025-07-06 02:00:00+02:00,0.61095506
2025,CO2/CO/NOx,2025-07-06 03:00:00+02:00,0.61095506
2025,CO2/CO/NOx,2025-07-06 04:00:00+02:00,0.6313202
2025,CO2/CO/NOx,2025-07-06 05:00:00+02:00,0.644897
2025,CO2/CO/NOx,2025-07-06 06:00:00+02:00,0.5905899
2025,CO2/CO/NOx,2025-07-06 07:00:00+02:00,0.5702247
2025,CO2/CO/NOx,2025-07-06 08:00:00+02:00,0.15613295
2025,CO2/CO/NOx,2025-07-06 09:00:00+02:00,0.0
2025,CO2/CO/NOx,2025-07-06 10:00:00+02:00,0.0
2025,CO2/CO/NOx,2025-07-06 11:00:00+02:00,0.0
2025,CO2/CO/NOx,2025-07-06 12:00:00+02:00,0.0
2025,CO2/CO/NOx,2025-07-06 13:00:00+02:00,0.0
2025,CO2/CO/NOx,2025-07-06 14:00:00+02:00,0.0
2025,CO2/CO/NOx,2025-07-06 15:00:00+02:00,0.0
2025,CO2/CO/NOx,2025-07-06 16:00:00+02:00,0.0
2025,CO2/CO/NOx,2025-07-06 17:00:00+02:00,0.0
2025,CO2/CO/NOx,2025-07-06 18:00:00+02:00,0.0
2025,CO2/CO/NOx,2025-07-06 19:00:00+02:00,0.0
2025,CO2/CO/NOx,2025-07-06 20:00:00+02:00,0.0
2025,CO2/CO/NOx,2025-07-06 21:00:00+02:00,0.0
2025,CO2/CO/NOx,2025-07-06 22:00:00+02:00,0.0
2025,CO2/CO/NOx,2025-07-06 23:00:00+02:00,0.0
2025,CO2/CO/NOx,2025-07-07 00:00:00+02:00,0.033941947
2025,CO2/CO/NOx,2025-07-07 01:00:00+02:00,0.36657304
2025,CO2/CO/NOx,2025-07-07 02:00:00+02:00,0.59737825
2025,CO2/CO/NOx,2025-07-07 03:00:00+02:00,0.7467228
2025,CO2/CO/NOx,2025-07-07 04:00:00+02:00,0.7602996
2025,CO2/CO/NOx,2025-07-07 05:00:00+02:00,0.6992041
2025,CO2/CO/NOx,2025-07-07 06:00:00+02:00,0.5702247
2025,CO2/CO/NOx,2025-07-07 07:00:00+02:00,0.40730336
2025,CO2/CO/NOx,2025-07-07 08:00:00+02:00,0.40730336
2025,CO2/CO/NOx,2025-07-07 09:00:00+02:00,0.40051496
2025,CO2/CO/NOx,2025-07-07 10:00:00+02:00,0.3733614
2025,CO2/CO/NOx,2025-07-07 11:00:00+02:00,0.3733614
2025,CO2/CO/NOx,2025-07-07 12:00:00+02:00,0.3733614
2025,CO2/CO/NOx,2025-07-07 13:00:00+02:00,0.29868913
2025,CO2/CO/NOx,2025-07-07 14:00:00+02:00,0.0
2025,CO2/CO/NOx,2025-07-07 15:00:00+02:00,0.0
2025,CO2/CO/NOx,2025-07-07 16:00:00+02:00,0.0
2025,CO2/CO/NOx,2025-07-07 17:00:00+02:00,0.0
2025,CO2/CO/NOx,2025-07-07 18:00:00+02:00,0.061095502
2025,CO2/CO/NOx,2025-07-07 19:00:00+02:00,0.5905899
2025,CO2/CO/NOx,2025-07-07 20:00:00+02:00,0.7467228
2025,CO2/CO/NOx,2025-07-07 21:00:00+02:00,0.40051496
2025,CO2/CO/NOx,2025-07-07 22:00:00+02:00,0.3733614
2025,CO2/CO/NOx,2025-07-07 23:00:00+02:00,0.40051496
2025,CO2/CO/NOx,2025-07-08 00:00:00+02:00,0.3937266
2025,CO2/CO/NOx,2025-07-08 01:00:00+02:00,0.6041666
2025,CO2/CO/NOx,2025-07-08 02:00:00+02:00,0.6788389
2025,CO2/CO/NOx,2025-07-08 03:00:00+02:00,0.6788389
2025,CO2/CO/NOx,2025-07-08 04:00:00+02:00,0.6788389
2025,CO2/CO/NOx,2025-07-08 05:00:00+02:00,0.68562734
2025,CO2/CO/NOx,2025-07-08 06:00:00+02:00,0.46839887
2025,CO2/CO/NOx,2025-07-08 07:00:00+02:00,0.40730336
2025,CO2/CO/NOx,2025-07-08 08:00:00+02:00,0.40730336
2025,CO2/CO/NOx,2025-07-08 09:00:00+02:00,0.40730336
2025,CO2/CO/NOx,2025-07-08 10:00:00+02:00,0.40730336
2025,CO2/CO/NOx,2025-07-08 11:00:00+02:00,0.40730336
2025,CO2/CO/NOx,2025-07-08 12:00:00+02:00,0.40051496
2025,CO2/CO/NOx,2025-07-08 13:00:00+02:00,0.3801498
2025,CO2/CO/NOx,2025-07-08 14:00:00+02:00,0.3733614
2025,CO2/CO/NOx,2025-07-08 15:00:00+02:00,0.3733614
2025,CO2/CO/NOx,2025-07-08 16:00:00+02:00,0.3733614
2025,CO2/CO/NOx,2025-07-08 17:00:00+02:00,0.3733614
2025,CO2/CO/NOx,2025-07-08 18:00:00+02:00,0.3733614
2025,CO2/CO/NOx,2025-07-08 19:00:00+02:00,0.3733614
2025,CO2/CO/NOx,2025-07-08 20:00:00+02:00,0.3733614
2025,CO2/CO/NOx,2025-07-08 21:00:00+02:00,0.3733614
2025,CO2/CO/NOx,2025-07-08 22:00:00+02:00,0.3733614
2025,CO2/CO/NOx,2025-07-08 23:00:00+02:00,0.3733614
2025,CO2/CO/NOx,2025-07-09 00:00:00+02:00,0.3733614
2025,CO2/CO/NOx,2025-07-09 01:00:00+02:00,0.3733614
2025,CO2/CO/NOx,2025-07-09 02:00:00+02:00,0.3733614
2025,CO2/CO/NOx,2025-07-09 03:00:00+02:00,0.3733614
2025,CO2/CO/NOx,2025-07-09 04:00:00+02:00,0.3733614
2025,CO2/CO/NOx,2025-07-09 05:00:00+02:00,0.3801498
2025,CO2/CO/NOx,2025-07-09 06:00:00+02:00,0.5838015
2025,CO2/CO/NOx,2025-07-09 07:00:00+02:00,0.73993444
2025,CO2/CO/NOx,2025-07-09 08:00:00+02:00,0.79424155
2025,CO2/CO/NOx,2025-07-09 09:00:00+02:00,0.6381086
2025,CO2/CO/NOx,2025-07-09 10:00:00+02:00,0.47518724
2025,CO2/CO/NOx,2025-07-09 11:00:00+02:00,0.10182584
2025,CO2/CO/NOx,2025-07-09 12:00:00+02:00,0.0
2025,CO2/CO/NOx,2025-07-09 13:00:00+02:00,0.0
2025,CO2/CO/NOx,2025-07-09 14:00:00+02:00,0.054307114
2025,CO2/CO/NOx,2025-07-09 15:00:00+02:00,0.3733614
2025,CO2/CO/NOx,2025-07-09 16:00:00+02:00,0.3733614
2025,CO2/CO/NOx,2025-07-09 17:00:00+02:00,0.3733614
2025,CO2/CO/NOx,2025-07-09 18:00:00+02:00,0.3733614
2025,CO2/CO/NOx,2025-07-09 19:00:00+02:00,0.3733614
2025,CO2/CO/NOx,2025-07-09 20:00:00+02:00,0.47518724
2025,CO2/CO/NOx,2025-07-09 21:00:00+02:00,0.4548221
2025,CO2/CO/NOx,2025-07-09 22:00:00+02:00,0.40730336
2025,CO2/CO/NOx,2025-07-09 23:00:00+02:00,0.38693818
2025,CO2/CO/NOx,2025-07-10 00:00:00+02:00,0.07467228
2025,CO2/CO/NOx,2025-07-10 01:00:00+02:00,0.0
2025,CO2/CO/NOx,2025-07-10 02:00:00+02:00,0.0
2025,CO2/CO/NOx,2025-07-10 03:00:00+02:00,0.0
2025,CO2/CO/NOx,2025-07-10 04:00:00+02:00,0.29868913
2025,CO2/CO/NOx,2025-07-10 05:00:00+02:00,0.46161047
2025,CO2/CO/NOx,2025-07-10 06:00:00+02:00,0.522706
2025,CO2/CO/NOx,2025-07-10 07:00:00+02:00,0.59737825
2025,CO2/CO/NOx,2025-07-10 08:00:00+02:00,0.61095506
2025,CO2/CO/NOx,2025-07-10 09:00:00+02:00,0.4480337
2025,CO2/CO/NOx,2025-07-10 10:00:00+02:00,0.3733614
2025,CO2/CO/NOx,2025-07-10 11:00:00+02:00,0.10182584
2025,CO2/CO/NOx,2025-07-10 12:00:00+02:00,0.0
2025,CO2/CO/NOx,2025-07-10 13:00:00+02:00,0.0
2025,CO2/CO/NOx,2025-07-10 14:00:00+02:00,0.0
2025,CO2/CO/NOx,2025-07-10 15:00:00+02:00,0.0
2025,CO2/CO/NOx,2025-07-10 16:00:00+02:00,0.0
2025,CO2/CO/NOx,2025-07-10 17:00:00+02:00,0.0
2025,CO2/CO/NOx,2025-07-10 18:00:00+02:00,0.18328652
2025,CO2/CO/NOx,2025-07-10 19:00:00+02:00,0.4480337
2025,CO2/CO/NOx,2025-07-10 20:00:00+02:00,0.47518724
2025,CO2/CO/NOx,2025-07-10 21:00:00+02:00,0.47518724
2025,CO2/CO/NOx,2025-07-10 22:00:00+02:00,0.47518724
2025,CO2/CO/NOx,2025-07-10 23:00:00+02:00,0.40730336
2025,CO2/CO/NOx,2025-07-11 00:00:00+02:00,0.3801498
2025,CO2/CO/NOx,2025-07-11 01:00:00+02:00,0.3733614
2025,CO2/CO/NOx,2025-07-11 02:00:00+02:00,0.3733614
2025,CO2/CO/NOx,2025-07-11 03:00:00+02:00,0.3733614
2025,CO2/CO/NOx,2025-07-11 04:00:00+02:00,0.3733614
2025,CO2/CO/NOx,2025-07-11 05:00:00+02:00,0.3733614
2025,CO2/CO/NOx,2025-07-11 06:00:00+02:00,0.3733614
2025,CO2/CO/NOx,2025-07-11 07:00:00+02:00,0.5091292
2025,CO2/CO/NOx,2025-07-11 08:00:00+02:00,0.46839887
2025,CO2/CO/NOx,2025-07-11 09:00:00+02:00,0.44124532
2025,CO2/CO/NOx,2025-07-11 10:00:00+02:00,0.3937266
2025,CO2/CO/NOx,2025-07-11 11:00:00+02:00,0.3733614
2025,CO2/CO/NOx,2025-07-11 12:00:00+02:00,0.3733614
2025,CO2/CO/NOx,2025-07-11 13:00:00+02:00,0.10182584
2025,CO2/CO/NOx,2025-07-11 14:00:00+02:00,0.0
2025,CO2/CO/NOx,2025-07-11 15:00:00+02:00,0.0
2025,CO2/CO/NOx,2025-07-11 16:00:00+02:00,0.0
2025,CO2/CO/NOx,2025-07-11 17:00:00+02:00,0.0
2025,CO2/CO/NOx,2025-07-11 18:00:00+02:00,0.26474717
2025,CO2/CO/NOx,2025-07-11 19:00:00+02:00,0.40730336
2025,CO2/CO/NOx,2025-07-11 20:00:00+02:00,0.44124532
2025,CO2/CO/NOx,2025-07-11 21:00:00+02:00,0.48197564
2025,CO2/CO/NOx,2025-07-11 22:00:00+02:00,0.48197564
2025,CO2/CO/NOx,2025-07-11 23:00:00+02:00,0.11540262
2025,CO2/CO/NOx,2025-07-12 00:00:00+02:00,0.0
2025,CO2/CO/NOx,2025-07-12 01:00:00+02:00,0.0
2025,CO2/CO/NOx,2025-07-12 02:00:00+02:00,0.0
2025,CO2/CO/NOx,2025-07-12 03:00:00+02:00,0.0
2025,CO2/CO/NOx,2025-07-12 04:00:00+02:00,0.0
2025,CO2/CO/NOx,2025-07-12 05:00:00+02:00,0.0
2025,CO2/CO/NOx,2025-07-12 06:00:00+02:00,0.0
2025,CO2/CO/NOx,2025-07-12 07:00:00+02:00,0.0
2025,CO2/CO/NOx,2025-07-12 08:00:00+02:00,0.0
2025,CO2/CO/NOx,2025-07-12 09:00:00+02:00,0.0
2025,CO2/CO/NOx,2025-07-12 10:00:00+02:00,0.0
2025,CO2/CO/NOx,2025-07-12 11:00:00+02:00,0.0
2025,CO2/CO/NOx,2025-07-12 12:00:00+02:00,0.0
2025,CO2/CO/NOx,2025-07-12 13:00:00+02:00,0.0
2025,CO2/CO/NOx,2025-07-12 14:00:00+02:00,0.0
2025,CO2/CO/NOx,2025-07-12 15:00:00+02:00,0.0
2025,CO2/CO/NOx,2025-07-12 16:00:00+02:00,0.0
2025,CO2/CO/NOx,2025-07-12 17:00:00+02:00,0.0
2025,CO2/CO/NOx,2025-07-12 18:00:00+02:00,0.0
2025,CO2/CO/NOx,2025-07-12 19:00:00+02:00,0.0
2025,CO2/CO/NOx,2025-07-12 20:00:00+02:00,0.0
2025,CO2/CO/NOx,2025-07-12 21:00:00+02:00,0.0
2025,CO2/CO/NOx,2025-07-12 22:00:00+02:00,0.0
2025,CO2/CO/NOx,2025-07-12 23:00:00+02:00,0.0
2025,CO2/CO/NOx,2025-07-13 00:00:00+02:00,0.0
2025,CO2/CO/NOx,2025-07-13 01:00:00+02:00,0.0
2025,CO2/CO/NOx,2025-07-13 02:00:00+02:00,0.0
2025,CO2/CO/NOx,2025-07-13 03:00:00+02:00,0.0
2025,CO2/CO/NOx,2025-07-13 04:00:00+02:00,0.0
2025,CO2/CO/NOx,2025-07-13 05:00:00+02:00,0.0
2025,CO2/CO/NOx,2025-07-13 06:00:00+02:00,0.0
2025,CO2/CO/NOx,2025-07-13 07:00:00+02:00,0.0
2025,CO2/CO/NOx,2025-07-13 08:00:00+02:00,0.0
2025,CO2/CO/NOx,2025-07-13 09:00:00+02:00,0.0
2025,CO2/CO/NOx,2025-07-13 10:00:00+02:00,0.0
2025,CO2/CO/NOx,2025-07-13 11:00:00+02:00,0.0
2025,CO2/CO/NOx,2025-07-13 12:00:00+02:00,0.0
2025,CO2/CO/NOx,2025-07-13 13:00:00+02:00,0.0
2025,CO2/CO/NOx,2025-07-13 14:00:00+02:00,0.0
2025,CO2/CO/NOx,2025-07-13 15:00:00+02:00,0.0
2025,CO2/CO/NOx,2025-07-13 16:00:00+02:00,0.0
2025,CO2/CO/NOx,2025-07-13 17:00:00+02:00,0.0
2025,CO2/CO/NOx,2025-07-13 18:00:00+02:00,0.0
2025,CO2/CO/NOx,2025-07-13 19:00:00+02:00,0.0
2025,CO2/CO/NOx,2025-07-13 20:00:00+02:00,0.0
2025,CO2/CO/NOx,2025-07-13 21:00:00+02:00,0.0
2025,CO2/CO/NOx,2025-07-13 22:00:00+02:00,0.0
2025,CO2/CO/NOx,2025-07-13 23:00:00+02:00,0.0
2025,CO2/CO/NOx,2025-07-14 00:00:00+02:00,0.0
2025,CO2/CO/NOx,2025-07-14 01:00:00+02:00,0.0
2025,CO2/CO/NOx,2025-07-14 02:00:00+02:00,0.0
2025,CO2/CO/NOx,2025-07-14 03:00:00+02:00,0.0
2025,CO2/CO/NOx,2025-07-14 04:00:00+02:00,0.0
2025,CO2/CO/NOx,2025-07-14 05:00:00+02:00,0.0
2025,CO2/CO/NOx,2025-07-14 06:00:00+02:00,0.0
2025,CO2/CO/NOx,2025-07-14 07:00:00+02:00,0.0
2025,CO2/CO/NOx,2025-07-14 08:00:00+02:00,0.0
2025,CO2/CO/NOx,2025-07-14 09:00:00+02:00,0.0
2025,CO2/CO/NOx,2025-07-14 10:00:00+02:00,0.0
2025,CO2/CO/NOx,2025-07-14 11:00:00+02:00,0.0
2025,CO2/CO/NOx,2025-07-14 12:00:00+02:00,0.0
2025,CO2/CO/NOx,2025-07-14 13:00:00+02:00,0.0
2025,CO2/CO/NOx,2025-07-14 14:00:00+02:00,0.0
2025,CO2/CO/NOx,2025-07-14 15:00:00+02:00,0.0
2025,CO2/CO/NOx,2025-07-14 16:00:00+02:00,0.0
2025,CO2/CO/NOx,2025-07-14 17:00:00+02:00,0.0
2025,CO2/CO/NOx,2025-07-14 18:00:00+02:00,0.0
2025,CO2/CO/NOx,2025-07-14 19:00:00+02:00,0.0
2025,CO2/CO/NOx,2025-07-14 20:00:00+02:00,0.0
2025,CO2/CO/NOx,2025-07-14 21:00:00+02:00,0.0
2025,CO2/CO/NOx,2025-07-14 22:00:00+02:00,0.0
2025,CO2/CO/NOx,2025-07-14 23:00:00+02:00,0.0
2025,CO2/CO/NOx,2025-07-15 00:00:00+02:00,0.0
2025,CO2/CO/NOx,2025-07-15 01:00:00+02:00,0.0
2025,CO2/CO/NOx,2025-07-15 02:00:00+02:00,0.0
2025,CO2/CO/NOx,2025-07-15 03:00:00+02:00,0.0
2025,CO2/CO/NOx,2025-07-15 04:00:00+02:00,0.0
2025,CO2/CO/NOx,2025-07-15 05:00:00+02:00,0.0
2025,CO2/CO/NOx,2025-07-15 06:00:00+02:00,0.0
2025,CO2/CO/NOx,2025-07-15 07:00:00+02:00,0.0
2025,CO2/CO/NOx,2025-07-15 08:00:00+02:00,0.0
2025,CO2/CO/NOx,2025-07-15 09:00:00+02:00,0.0
2025,CO2/CO/NOx,2025-07-15 10:00:00+02:00,0.0
2025,CO2/CO/NOx,2025-07-15 11:00:00+02:00,0.0
2025,CO2/CO/NOx,2025-07-15 12:00:00+02:00,0.0
2025,CO2/CO/NOx,2025-07-15 13:00:00+02:00,0.0
2025,CO2/CO/NOx,2025-07-15 14:00:00+02:00,0.0
2025,CO2/CO/NOx,2025-07-15 15:00:00+02:00,0.0
2025,CO2/CO/NOx,2025-07-15 16:00:00+02:00,0.0
2025,CO2/CO/NOx,2025-07-15 17:00:00+02:00,0.0
2025,CO2/CO/NOx,2025-07-15 18:00:00+02:00,0.0
2025,CO2/CO/NOx,2025-07-15 19:00:00+02:00,0.0
2025,CO2/CO/NOx,2025-07-15 20:00:00+02:00,0.0
2025,CO2/CO/NOx,2025-07-15 21:00:00+02:00,0.0
2025,CO2/CO/NOx,2025-07-15 22:00:00+02:00,0.0
2025,CO2/CO/NOx,2025-07-15 23:00:00+02:00,0.0
2025,CO2/CO/NOx,2025-07-16 00:00:00+02:00,0.0
2025,CO2/CO/NOx,2025-07-16 01:00:00+02:00,0.0
2025,CO2/CO/NOx,2025-07-16 02:00:00+02:00,0.0
2025,CO2/CO/NOx,2025-07-16 03:00:00+02:00,0.0
2025,CO2/CO/NOx,2025-07-16 04:00:00+02:00,0.0
2025,CO2/CO/NOx,2025-07-16 05:00:00+02:00,0.0
2025,CO2/CO/NOx,2025-07-16 06:00:00+02:00,0.0
2025,CO2/CO/NOx,2025-07-16 07:00:00+02:00,0.0
2025,CO2/CO/NOx,2025-07-16 08:00:00+02:00,0.0
2025,CO2/CO/NOx,2025-07-16 09:00:00+02:00,0.0
2025,CO2/CO/NOx,2025-07-16 10:00:00+02:00,0.0
2025,CO2/CO/NOx,2025-07-16 11:00:00+02:00,0.0
2025,CO2/CO/NOx,2025-07-16 12:00:00+02:00,0.0
2025,CO2/CO/NOx,2025-07-16 13:00:00+02:00,0.0
2025,CO2/CO/NOx,2025-07-16 14:00:00+02:00,0.0
2025,CO2/CO/NOx,2025-07-16 15:00:00+02:00,0.0
2025,CO2/CO/NOx,2025-07-16 16:00:00+02:00,0.0
2025,CO2/CO/NOx,2025-07-16 17:00:00+02:00,0.0
2025,CO2/CO/NOx,2025-07-16 18:00:00+02:00,0.0
2025,CO2/CO/NOx,2025-07-16 19:00:00+02:00,0.0
2025,CO2/CO/NOx,2025-07-16 20:00:00+02:00,0.0
2025,CO2/CO/NOx,2025-07-16 21:00:00+02:00,0.0
2025,CO2/CO/NOx,2025-07-16 22:00:00+02:00,0.0
2025,CO2/CO/NOx,2025-07-16 23:00:00+02:00,0.0
2025,CO2/CO/NOx,2025-07-17 00:00:00+02:00,0.0
2025,CO2/CO/NOx,2025-07-17 01:00:00+02:00,0.0
2025,CO2/CO/NOx,2025-07-17 02:00:00+02:00,0.0
2025,CO2/CO/NOx,2025-07-17 03:00:00+02:00,0.0
2025,CO2/CO/NOx,2025-07-17 04:00:00+02:00,0.0
2025,CO2/CO/NOx,2025-07-17 05:00:00+02:00,0.067883894
2025,CO2/CO/NOx,2025-07-17 06:00:00+02:00,0.46839887
2025,CO2/CO/NOx,2025-07-17 07:00:00+02:00,0.6584738
2025,CO2/CO/NOx,2025-07-17 08:00:00+02:00,0.7467228
2025,CO2/CO/NOx,2025-07-17 09:00:00+02:00,0.5905899
2025,CO2/CO/NOx,2025-07-17 10:00:00+02:00,0.44124532
2025,CO2/CO/NOx,2025-07-17 11:00:00+02:00,0.35978463
2025,CO2/CO/NOx,2025-07-17 12:00:00+02:00,0.08824906
2025,CO2/CO/NOx,2025-07-17 13:00:00+02:00,0.0
2025,CO2/CO/NOx,2025-07-17 14:00:00+02:00,0.0
2025,CO2/CO/NOx,2025-07-17 15:00:00+02:00,0.0
2025,CO2/CO/NOx,2025-07-17 16:00:00+02:00,0.0
2025,CO2/CO/NOx,2025-07-17 17:00:00+02:00,0.0
2025,CO2/CO/NOx,2025-07-17 18:00:00+02:00,0.0
2025,CO2/CO/NOx,2025-07-17 19:00:00+02:00,0.0
2025,CO2/CO/NOx,2025-07-17 20:00:00+02:00,0.0
2025,CO2/CO/NOx,2025-07-17 21:00:00+02:00,0.0
2025,CO2/CO/NOx,2025-07-17 22:00:00+02:00,0.0
2025,CO2/CO/NOx,2025-07-17 23:00:00+02:00,0.0
2025,CO2/CO/NOx,2025-07-18 00:00:00+02:00,0.0
2025,CO2/CO/NOx,2025-07-18 01:00:00+02:00,0.0
2025,CO2/CO/NOx,2025-07-18 02:00:00+02:00,0.0
2025,CO2/CO/NOx,2025-07-18 03:00:00+02:00,0.0
2025,CO2/CO/NOx,2025-07-18 04:00:00+02:00,0.0
2025,CO2/CO/NOx,2025-07-18 05:00:00+02:00,0.0
2025,CO2/CO/NOx,2025-07-18 06:00:00+02:00,0.0
2025,CO2/CO/NOx,2025-07-18 07:00:00+02:00,0.0
2025,CO2/CO/NOx,2025-07-18 08:00:00+02:00,0.0
2025,CO2/CO/NOx,2025-07-18 09:00:00+02:00,0.0
2025,CO2/CO/NOx,2025-07-18 10:00:00+02:00,0.0
2025,CO2/CO/NOx,2025-07-18 11:00:00+02:00,0.0
2025,CO2/CO/NOx,2025-07-18 12:00:00+02:00,0.0
2025,CO2/CO/NOx,2025-07-18 13:00:00+02:00,0.0
2025,CO2/CO/NOx,2025-07-18 14:00:00+02:00,0.0
2025,CO2/CO/NOx,2025-07-18 15:00:00+02:00,0.0
2025,CO2/CO/NOx,2025-07-18 16:00:00+02:00,0.0
2025,CO2/CO/NOx,2025-07-18 17:00:00+02:00,0.0
2025,CO2/CO/NOx,2025-07-18 18:00:00+02:00,0.0
2025,CO2/CO/NOx,2025-07-18 19:00:00+02:00,0.0
2025,CO2/CO/NOx,2025-07-18 20:00:00+02:00,0.0
2025,CO2/CO/NOx,2025-07-18 21:00:00+02:00,0.0
2025,CO2/CO/NOx,2025-07-18 22:00:00+02:00,0.0
2025,CO2/CO/NOx,2025-07-18 23:00:00+02:00,0.0
2025,CO2/CO/NOx,2025-07-19 00:00:00+02:00,0.0
2025,CO2/CO/NOx,2025-07-19 01:00:00+02:00,0.0
2025,CO2/CO/NOx,2025-07-19 02:00:00+02:00,0.0
2025,CO2/CO/NOx,2025-07-19 03:00:00+02:00,0.0
2025,CO2/CO/NOx,2025-07-19 04:00:00+02:00,0.0
2025,CO2/CO/NOx,2025-07-19 05:00:00+02:00,0.0
2025,CO2/CO/NOx,2025-07-19 06:00:00+02:00,0.0
2025,CO2/CO/NOx,2025-07-19 07:00:00+02:00,0.0
2025,CO2/CO/NOx,2025-07-19 08:00:00+02:00,0.0
2025,CO2/CO/NOx,2025-07-19 09:00:00+02:00,0.0
2025,CO2/CO/NOx,2025-07-19 10:00:00+02:00,0.0
2025,CO2/CO/NOx,2025-07-19 11:00:00+02:00,0.0
2025,CO2/CO/NOx,2025-07-19 12:00:00+02:00,0.0
2025,CO2/CO/NOx,2025-07-19 13:00:00+02:00,0.0
2025,CO2/CO/NOx,2025-07-19 14:00:00+02:00,0.0
2025,CO2/CO/NOx,2025-07-19 15:00:00+02:00,0.0
2025,CO2/CO/NOx,2025-07-19 16:00:00+02:00,0.0
2025,CO2/CO/NOx,2025-07-19 17:00:00+02:00,0.0
2025,CO2/CO/NOx,2025-07-19 18:00:00+02:00,0.0
2025,CO2/CO/NOx,2025-07-19 19:00:00+02:00,0.0
2025,CO2/CO/NOx,2025-07-19 20:00:00+02:00,0.0
2025,CO2/CO/NOx,2025-07-19 21:00:00+02:00,0.0
2025,CO2/CO/NOx,2025-07-19 22:00:00+02:00,0.0
2025,CO2/CO/NOx,2025-07-19 23:00:00+02:00,0.0
2025,CO2/CO/NOx,2025-07-20 00:00:00+02:00,0.0
2025,CO2/CO/NOx,2025-07-20 01:00:00+02:00,0.0
2025,CO2/CO/NOx,2025-07-20 02:00:00+02:00,0.0
2025,CO2/CO/NOx,2025-07-20 03:00:00+02:00,0.0
2025,CO2/CO/NOx,2025-07-20 04:00:00+02:00,0.0
2025,CO2/CO/NOx,2025-07-20 05:00:00+02:00,0.0
2025,CO2/CO/NOx,2025-07-20 06:00:00+02:00,0.0
2025,CO2/CO/NOx,2025-07-20 07:00:00+02:00,0.0
2025,CO2/CO/NOx,2025-07-20 08:00:00+02:00,0.0
2025,CO2/CO/NOx,2025-07-20 09:00:00+02:00,0.0
2025,CO2/CO/NOx,2025-07-20 10:00:00+02:00,0.0
2025,CO2/CO/NOx,2025-07-20 11:00:00+02:00,0.0
2025,CO2/CO/NOx,2025-07-20 12:00:00+02:00,0.0
2025,CO2/CO/NOx,2025-07-20 13:00:00+02:00,0.0
2025,CO2/CO/NOx,2025-07-20 14:00:00+02:00,0.0
2025,CO2/CO/NOx,2025-07-20 15:00:00+02:00,0.0
2025,CO2/CO/NOx,2025-07-20 16:00:00+02:00,0.0
2025,CO2/CO/NOx,2025-07-20 17:00:00+02:00,0.0
2025,CO2/CO/NOx,2025-07-20 18:00:00+02:00,0.0
2025,CO2/CO/NOx,2025-07-20 19:00:00+02:00,0.0
2025,CO2/CO/NOx,2025-07-20 20:00:00+02:00,0.0
2025,CO2/CO/NOx,2025-07-20 21:00:00+02:00,0.0
2025,CO2/CO/NOx,2025-07-20 22:00:00+02:00,0.0
2025,CO2/CO/NOx,2025-07-20 23:00:00+02:00,0.0
2025,CO2/CO/NOx,2025-07-21 00:00:00+02:00,0.0
2025,CO2/CO/NOx,2025-07-21 01:00:00+02:00,0.0
2025,CO2/CO/NOx,2025-07-21 02:00:00+02:00,0.0
2025,CO2/CO/NOx,2025-07-21 03:00:00+02:00,0.0
2025,CO2/CO/NOx,2025-07-21 04:00:00+02:00,0.0
2025,CO2/CO/NOx,2025-07-21 05:00:00+02:00,0.0
2025,CO2/CO/NOx,2025-07-21 06:00:00+02:00,0.0
2025,CO2/CO/NOx,2025-07-21 07:00:00+02:00,0.0
2025,CO2/CO/NOx,2025-07-21 08:00:00+02:00,0.0
2025,CO2/CO/NOx,2025-07-21 09:00:00+02:00,0.0
2025,CO2/CO/NOx,2025-07-21 10:00:00+02:00,0.24438201
2025,CO2/CO/NOx,2025-07-21 11:00:00+02:00,0.3733614
2025,CO2/CO/NOx,2025-07-21 12:00:00+02:00,0.3733614
2025,CO2/CO/NOx,2025-07-21 13:00:00+02:00,0.3733614
2025,CO2/CO/NOx,2025-07-21 14:00:00+02:00,0.3733614
2025,CO2/CO/NOx,2025-07-21 15:00:00+02:00,0.3733614
2025,CO2/CO/NOx,2025-07-21 16:00:00+02:00,0.10182584
2025,CO2/CO/NOx,2025-07-21 17:00:00+02:00,0.0
2025,CO2/CO/NOx,2025-07-21 18:00:00+02:00,0.0
2025,CO2/CO/NOx,2025-07-21 19:00:00+02:00,0.0
2025,CO2/CO/NOx,2025-07-21 20:00:00+02:00,0.0
2025,CO2/CO/NOx,2025-07-21 21:00:00+02:00,0.0
2025,CO2/CO/NOx,2025-07-21 22:00:00+02:00,0.0
2025,CO2/CO/NOx,2025-07-21 23:00:00+02:00,0.0
2025,CO2/CO/NOx,2025-07-22 00:00:00+02:00,0.0
2025,CO2/CO/NOx,2025-07-22 01:00:00+02:00,0.0
2025,CO2/CO/NOx,2025-07-22 02:00:00+02:00,0.0
2025,CO2/CO/NOx,2025-07-22 03:00:00+02:00,0.0
2025,CO2/CO/NOx,2025-07-22 04:00:00+02:00,0.0
2025,CO2/CO/NOx,2025-07-22 05:00:00+02:00,0.0
2025,CO2/CO/NOx,2025-07-22 06:00:00+02:00,0.0
2025,CO2/CO/NOx,2025-07-22 07:00:00+02:00,0.0
2025,CO2/CO/NOx,2025-07-22 08:00:00+02:00,0.0
2025,CO2/CO/NOx,2025-07-22 09:00:00+02:00,0.0
2025,CO2/CO/NOx,2025-07-22 10:00:00+02:00,0.0
2025,CO2/CO/NOx,2025-07-22 11:00:00+02:00,0.0
2025,CO2/CO/NOx,2025-07-22 12:00:00+02:00,0.0
2025,CO2/CO/NOx,2025-07-22 13:00:00+02:00,0.0
2025,CO2/CO/NOx,2025-07-22 14:00:00+02:00,0.0
2025,CO2/CO/NOx,2025-07-22 15:00:00+02:00,0.0
2025,CO2/CO/NOx,2025-07-22 16:00:00+02:00,0.0
2025,CO2/CO/NOx,2025-07-22 17:00:00+02:00,0.0
2025,CO2/CO/NOx,2025-07-22 18:00:00+02:00,0.0
2025,CO2/CO/NOx,2025-07-22 19:00:00+02:00,0.0
2025,CO2/CO/NOx,2025-07-22 20:00:00+02:00,0.0
2025,CO2/CO/NOx,2025-07-22 21:00:00+02:00,0.0
2025,CO2/CO/NOx,2025-07-22 22:00:00+02:00,0.0
2025,CO2/CO/NOx,2025-07-22 23:00:00+02:00,0.0
2025,CO2/CO/NOx,2025-07-23 00:00:00+02:00,0.0
2025,CO2/CO/NOx,2025-07-23 01:00:00+02:00,0.0
2025,CO2/CO/NOx,2025-07-23 02:00:00+02:00,0.0
2025,CO2/CO/NOx,2025-07-23 03:00:00+02:00,0.0
2025,CO2/CO/NOx,2025-07-23 04:00:00+02:00,0.0
2025,CO2/CO/NOx,2025-07-23 05:00:00+02:00,0.0
2025,CO2/CO/NOx,2025-07-23 06:00:00+02:00,0.0
2025,CO2/CO/NOx,2025-07-23 07:00:00+02:00,0.0
2025,CO2/CO/NOx,2025-07-23 08:00:00+02:00,0.0
2025,CO2/CO/NOx,2025-07-23 09:00:00+02:00,0.0
2025,CO2/CO/NOx,2025-07-23 10:00:00+02:00,0.0
2025,CO2/CO/NOx,2025-07-23 11:00:00+02:00,0.0
2025,CO2/CO/NOx,2025-07-23 12:00:00+02:00,0.0
2025,CO2/CO/NOx,2025-07-23 13:00:00+02:00,0.0
2025,CO2/CO/NOx,2025-07-23 14:00:00+02:00,0.0
2025,CO2/CO/NOx,2025-07-23 15:00:00+02:00,0.0
2025,CO2/CO/NOx,2025-07-23 16:00:00+02:00,0.0
2025,CO2/CO/NOx,2025-07-23 17:00:00+02:00,0.0
2025,CO2/CO/NOx,2025-07-23 18:00:00+02:00,0.0
2025,CO2/CO/NOx,2025-07-23 19:00:00+02:00,0.0
2025,CO2/CO/NOx,2025-07-23 20:00:00+02:00,0.0
2025,CO2/CO/NOx,2025-07-23 21:00:00+02:00,0.0
2025,CO2/CO/NOx,2025-07-23 22:00:00+02:00,0.0
2025,CO2/CO/NOx,2025-07-23 23:00:00+02:00,0.0
2025,CO2/CO/NOx,2025-07-24 00:00:00+02:00,0.0
2025,CO2/CO/NOx,2025-07-24 01:00:00+02:00,0.0
2025,CO2/CO/NOx,2025-07-24 02:00:00+02:00,0.0
2025,CO2/CO/NOx,2025-07-24 03:00:00+02:00,0.0
2025,CO2/CO/NOx,2025-07-24 04:00:00+02:00,0.0
2025,CO2/CO/NOx,2025-07-24 05:00:00+02:00,0.0
2025,CO2/CO/NOx,2025-07-24 06:00:00+02:00,0.0
2025,CO2/CO/NOx,2025-07-24 07:00:00+02:00,0.0
2025,CO2/CO/NOx,2025-07-24 08:00:00+02:00,0.0
2025,CO2/CO/NOx,2025-07-24 09:00:00+02:00,0.0
2025,CO2/CO/NOx,2025-07-24 10:00:00+02:00,0.0
2025,CO2/CO/NOx,2025-07-24 11:00:00+02:00,0.0
2025,CO2/CO/NOx,2025-07-24 12:00:00+02:00,0.0
2025,CO2/CO/NOx,2025-07-24 13:00:00+02:00,0.0
2025,CO2/CO/NOx,2025-07-24 14:00:00+02:00,0.0
2025,CO2/CO/NOx,2025-07-24 15:00:00+02:00,0.027153557
2025,CO2/CO/NOx,2025-07-24 16:00:00+02:00,0.35978463
2025,CO2/CO/NOx,2025-07-24 17:00:00+02:00,0.3733614
2025,CO2/CO/NOx,2025-07-24 18:00:00+02:00,0.3733614
2025,CO2/CO/NOx,2025-07-24 19:00:00+02:00,0.3733614
2025,CO2/CO/NOx,2025-07-24 20:00:00+02:00,0.3733614
2025,CO2/CO/NOx,2025-07-24 21:00:00+02:00,0.3733614
2025,CO2/CO/NOx,2025-07-24 22:00:00+02:00,0.23759362
2025,CO2/CO/NOx,2025-07-24 23:00:00+02:00,0.0
2025,CO2/CO/NOx,2025-07-25 00:00:00+02:00,0.0
2025,CO2/CO/NOx,2025-07-25 01:00:00+02:00,0.0
2025,CO2/CO/NOx,2025-07-25 02:00:00+02:00,0.0
2025,CO2/CO/NOx,2025-07-25 03:00:00+02:00,0.0
2025,CO2/CO/NOx,2025-07-25 04:00:00+02:00,0.0
2025,CO2/CO/NOx,2025-07-25 05:00:00+02:00,0.0
2025,CO2/CO/NOx,2025-07-25 06:00:00+02:00,0.0
2025,CO2/CO/NOx,2025-07-25 07:00:00+02:00,0.0
2025,CO2/CO/NOx,2025-07-25 08:00:00+02:00,0.0
2025,CO2/CO/NOx,2025-07-25 09:00:00+02:00,0.0
2025,CO2/CO/NOx,2025-07-25 10:00:00+02:00,0.0
2025,CO2/CO/NOx,2025-07-25 11:00:00+02:00,0.0
2025,CO2/CO/NOx,2025-07-25 12:00:00+02:00,0.0
2025,CO2/CO/NOx,2025-07-25 13:00:00+02:00,0.0
2025,CO2/CO/NOx,2025-07-25 14:00:00+02:00,0.0
2025,CO2/CO/NOx,2025-07-25 15:00:00+02:00,0.0
2025,CO2/CO/NOx,2025-07-25 16:00:00+02:00,0.0
2025,CO2/CO/NOx,2025-07-25 17:00:00+02:00,0.0
2025,CO2/CO/NOx,2025-07-25 18:00:00+02:00,0.0
2025,CO2/CO/NOx,2025-07-25 19:00:00+02:00,0.0
2025,CO2/CO/NOx,2025-07-25 20:00:00+02:00,0.0
2025,CO2/CO/NOx,2025-07-25 21:00:00+02:00,0.0
2025,CO2/CO/NOx,2025-07-25 22:00:00+02:00,0.0
2025,CO2/CO/NOx,2025-07-25 23:00:00+02:00,0.0
2025,CO2/CO/NOx,2025-07-26 00:00:00+02:00,0.0
2025,CO2/CO/NOx,2025-07-26 01:00:00+02:00,0.0
2025,CO2/CO/NOx,2025-07-26 02:00:00+02:00,0.0
2025,CO2/CO/NOx,2025-07-26 03:00:00+02:00,0.0
2025,CO2/CO/NOx,2025-07-26 04:00:00+02:00,0.0
2025,CO2/CO/NOx,2025-07-26 05:00:00+02:00,0.0
2025,CO2/CO/NOx,2025-07-26 06:00:00+02:00,0.14255618
2025,CO2/CO/NOx,2025-07-26 07:00:00+02:00,0.4480337
2025,CO2/CO/NOx,2025-07-26 08:00:00+02:00,0.49555242
2025,CO2/CO/NOx,2025-07-26 09:00:00+02:00,0.48197564
2025,CO2/CO/NOx,2025-07-26 10:00:00+02:00,0.10861423
2025,CO2/CO/NOx,2025-07-26 11:00:00+02:00,0.0
2025,CO2/CO/NOx,2025-07-26 12:00:00+02:00,0.0
2025,CO2/CO/NOx,2025-07-26 13:00:00+02:00,0.0
2025,CO2/CO/NOx,2025-07-26 14:00:00+02:00,0.0
2025,CO2/CO/NOx,2025-07-26 15:00:00+02:00,0.0
2025,CO2/CO/NOx,2025-07-26 16:00:00+02:00,0.0
2025,CO2/CO/NOx,2025-07-26 17:00:00+02:00,0.2511704
2025,CO2/CO/NOx,2025-07-26 18:00:00+02:00,0.47518724
2025,CO2/CO/NOx,2025-07-26 19:00:00+02:00,0.10861423
2025,CO2/CO/NOx,2025-07-26 20:00:00+02:00,0.0
2025,CO2/CO/NOx,2025-07-26 21:00:00+02:00,0.0
2025,CO2/CO/NOx,2025-07-26 22:00:00+02:00,0.0
2025,CO2/CO/NOx,2025-07-26 23:00:00+02:00,0.0
2025,CO2/CO/NOx,2025-07-27 00:00:00+02:00,0.0
2025,CO2/CO/NOx,2025-07-27 01:00:00+02:00,0.0
2025,CO2/CO/NOx,2025-07-27 02:00:00+02:00,0.0
2025,CO2/CO/NOx,2025-07-27 03:00:00+02:00,0.0
2025,CO2/CO/NOx,2025-07-27 04:00:00+02:00,0.0
2025,CO2/CO/NOx,2025-07-27 05:00:00+02:00,0.0
2025,CO2/CO/NOx,2025-07-27 06:00:00+02:00,0.0
2025,CO2/CO/NOx,2025-07-27 07:00:00+02:00,0.0
2025,CO2/CO/NOx,2025-07-27 08:00:00+02:00,0.0
2025,CO2/CO/NOx,2025-07-27 09:00:00+02:00,0.0
2025,CO2/CO/NOx,2025-07-27 10:00:00+02:00,0.0
2025,CO2/CO/NOx,2025-07-27 11:00:00+02:00,0.0
2025,CO2/CO/NOx,2025-07-27 12:00:00+02:00,0.0
2025,CO2/CO/NOx,2025-07-27 13:00:00+02:00,0.0
2025,CO2/CO/NOx,2025-07-27 14:00:00+02:00,0.0
2025,CO2/CO/NOx,2025-07-27 15:00:00+02:00,0.0
2025,CO2/CO/NOx,2025-07-27 16:00:00+02:00,0.0
2025,CO2/CO/NOx,2025-07-27 17:00:00+02:00,0.0
2025,CO2/CO/NOx,2025-07-27 18:00:00+02:00,0.0
2025,CO2/CO/NOx,2025-07-27 19:00:00+02:00,0.0
2025,CO2/CO/NOx,2025-07-27 20:00:00+02:00,0.0
2025,CO2/CO/NOx,2025-07-27 21:00:00+02:00,0.0
2025,CO2/CO/NOx,2025-07-27 22:00:00+02:00,0.0
2025,CO2/CO/NOx,2025-07-27 23:00:00+02:00,0.0
2025,CO2/CO/NOx,2025-07-28 00:00:00+02:00,0.0
2025,CO2/CO/NOx,2025-07-28 01:00:00+02:00,0.0
2025,CO2/CO/NOx,2025-07-28 02:00:00+02:00,0.0
2025,CO2/CO/NOx,2025-07-28 03:00:00+02:00,0.0
2025,CO2/CO/NOx,2025-07-28 04:00:00+02:00,0.0
2025,CO2/CO/NOx,2025-07-28 05:00:00+02:00,0.0
2025,CO2/CO/NOx,2025-07-28 06:00:00+02:00,0.0
2025,CO2/CO/NOx,2025-07-28 07:00:00+02:00,0.0
2025,CO2/CO/NOx,2025-07-28 08:00:00+02:00,0.0
2025,CO2/CO/NOx,2025-07-28 09:00:00+02:00,0.0
2025,CO2/CO/NOx,2025-07-28 10:00:00+02:00,0.0
2025,CO2/CO/NOx,2025-07-28 11:00:00+02:00,0.0
2025,CO2/CO/NOx,2025-07-28 12:00:00+02:00,0.0
2025,CO2/CO/NOx,2025-07-28 13:00:00+02:00,0.0
2025,CO2/CO/NOx,2025-07-28 14:00:00+02:00,0.0
2025,CO2/CO/NOx,2025-07-28 15:00:00+02:00,0.0
2025,CO2/CO/NOx,2025-07-28 16:00:00+02:00,0.0
2025,CO2/CO/NOx,2025-07-28 17:00:00+02:00,0.0
2025,CO2/CO/NOx,2025-07-28 18:00:00+02:00,0.0
2025,CO2/CO/NOx,2025-07-28 19:00:00+02:00,0.0
2025,CO2/CO/NOx,2025-07-28 20:00:00+02:00,0.0
2025,CO2/CO/NOx,2025-07-28 21:00:00+02:00,0.0
2025,CO2/CO/NOx,2025-07-28 22:00:00+02:00,0.0
2025,CO2/CO/NOx,2025-07-28 23:00:00+02:00,0.0
2025,CO2/CO/NOx,2025-07-29 00:00:00+02:00,0.0
2025,CO2/CO/NOx,2025-07-29 01:00:00+02:00,0.0
2025,CO2/CO/NOx,2025-07-29 02:00:00+02:00,0.0
2025,CO2/CO/NOx,2025-07-29 03:00:00+02:00,0.0
2025,CO2/CO/NOx,2025-07-29 04:00:00+02:00,0.0
2025,CO2/CO/NOx,2025-07-29 05:00:00+02:00,0.0
2025,CO2/CO/NOx,2025-07-29 06:00:00+02:00,0.0
2025,CO2/CO/NOx,2025-07-29 07:00:00+02:00,0.0
2025,CO2/CO/NOx,2025-07-29 08:00:00+02:00,0.0
2025,CO2/CO/NOx,2025-07-29 09:00:00+02:00,0.0
2025,CO2/CO/NOx,2025-07-29 10:00:00+02:00,0.0
2025,CO2/CO/NOx,2025-07-29 11:00:00+02:00,0.0
2025,CO2/CO/NOx,2025-07-29 12:00:00+02:00,0.0
2025,CO2/CO/NOx,2025-07-29 13:00:00+02:00,0.0
2025,CO2/CO/NOx,2025-07-29 14:00:00+02:00,0.0
2025,CO2/CO/NOx,2025-07-29 15:00:00+02:00,0.0
2025,CO2/CO/NOx,2025-07-29 16:00:00+02:00,0.0
2025,CO2/CO/NOx,2025-07-29 17:00:00+02:00,0.0
2025,CO2/CO/NOx,2025-07-29 18:00:00+02:00,0.0
2025,CO2/CO/NOx,2025-07-29 19:00:00+02:00,0.0
2025,CO2/CO/NOx,2025-07-29 20:00:00+02:00,0.0
2025,CO2/CO/NOx,2025-07-29 21:00:00+02:00,0.0
2025,CO2/CO/NOx,2025-07-29 22:00:00+02:00,0.040730335
2025,CO2/CO/NOx,2025-07-29 23:00:00+02:00,0.3122659
2025,CO2/CO/NOx,2025-07-30 00:00:00+02:00,0.3733614
2025,CO2/CO/NOx,2025-07-30 01:00:00+02:00,0.3733614
2025,CO2/CO/NOx,2025-07-30 02:00:00+02:00,0.3733614
2025,CO2/CO/NOx,2025-07-30 03:00:00+02:00,0.3733614
2025,CO2/CO/NOx,2025-07-30 04:00:00+02:00,0.3733614
2025,CO2/CO/NOx,2025-07-30 05:00:00+02:00,0.3733614
2025,CO2/CO/NOx,2025-07-30 06:00:00+02:00,0.49555242
2025,CO2/CO/NOx,2025-07-30 07:00:00+02:00,0.40051496
2025,CO2/CO/NOx,2025-07-30 08:00:00+02:00,0.3733614
2025,CO2/CO/NOx,2025-07-30 09:00:00+02:00,0.3733614
2025,CO2/CO/NOx,2025-07-30 10:00:00+02:00,0.3733614
2025,CO2/CO/NOx,2025-07-30 11:00:00+02:00,0.10182584
2025,CO2/CO/NOx,2025-07-30 12:00:00+02:00,0.0
2025,CO2/CO/NOx,2025-07-30 13:00:00+02:00,0.0
2025,CO2/CO/NOx,2025-07-30 14:00:00+02:00,0.0
2025,CO2/CO/NOx,2025-07-30 15:00:00+02:00,0.0
2025,CO2/CO/NOx,2025-07-30 16:00:00+02:00,0.067883894
2025,CO2/CO/NOx,2025-07-30 17:00:00+02:00,0.5702247
2025,CO2/CO/NOx,2025-07-30 18:00:00+02:00,0.68562734
2025,CO2/CO/NOx,2025-07-30 19:00:00+02:00,0.522706
2025,CO2/CO/NOx,2025-07-30 20:00:00+02:00,0.47518724
2025,CO2/CO/NOx,2025-07-30 21:00:00+02:00,0.40051496
2025,CO2/CO/NOx,2025-07-30 22:00:00+02:00,0.10861423
2025,CO2/CO/NOx,2025-07-30 23:00:00+02:00,0.0
2025,CO2/CO/NOx,2025-07-31 00:00:00+02:00,0.0
2025,CO2/CO/NOx,2025-07-31 01:00:00+02:00,0.0
2025,CO2/CO/NOx,2025-07-31 02:00:00+02:00,0.0
2025,CO2/CO/NOx,2025-07-31 03:00:00+02:00,0.0
2025,CO2/CO/NOx,2025-07-31 04:00:00+02:00,0.0
2025,CO2/CO/NOx,2025-07-31 05:00:00+02:00,0.0
2025,CO2/CO/NOx,2025-07-31 06:00:00+02:00,0.30547753
2025,CO2/CO/NOx,2025-07-31 07:00:00+02:00,0.644897
2025,CO2/CO/NOx,2025-07-31 08:00:00+02:00,0.79424155
2025,CO2/CO/NOx,2025-07-31 09:00:00+02:00,0.8960674
2025,CO2/CO/NOx,2025-07-31 10:00:00+02:00,0.8010299
2025,CO2/CO/NOx,2025-07-31 11:00:00+02:00,0.78066474
2025,CO2/CO/NOx,2025-07-31 12:00:00+02:00,0.28511235
2025,CO2/CO/NOx,2025-07-31 13:00:00+02:00,0.0
2025,CO2/CO/NOx,2025-07-31 14:00:00+02:00,0.0
2025,CO2/CO/NOx,2025-07-31 15:00:00+02:00,0.0
2025,CO2/CO/NOx,2025-07-31 16:00:00+02:00,0.0
2025,CO2/CO/NOx,2025-07-31 17:00:00+02:00,0.0
2025,CO2/CO/NOx,2025-07-31 18:00:00+02:00,0.0
2025,CO2/CO/NOx,2025-07-31 19:00:00+02:00,0.0
2025,CO2/CO/NOx,2025-07-31 20:00:00+02:00,0.0
2025,CO2/CO/NOx,2025-07-31 21:00:00+02:00,0.0
2025,CO2/CO/NOx,2025-07-31 22:00:00+02:00,0.0
2025,CO2/CO/NOx,2025-07-31 23:00:00+02:00,0.0
2025,CO2/CO/NOx,2025-08-01 00:00:00+02:00,0.0
2025,CO2/CO/NOx,2025-08-01 01:00:00+02:00,0.0
2025,CO2/CO/NOx,2025-08-01 02:00:00+02:00,0.0
2025,CO2/CO/NOx,2025-08-01 03:00:00+02:00,0.0
2025,CO2/CO/NOx,2025-08-01 04:00:00+02:00,0.0
2025,CO2/CO/NOx,2025-08-01 05:00:00+02:00,0.0
2025,CO2/CO/NOx,2025-08-01 06:00:00+02:00,0.0
2025,CO2/CO/NOx,2025-08-01 07:00:00+02:00,0.0
2025,CO2/CO/NOx,2025-08-01 08:00:00+02:00,0.0
2025,CO2/CO/NOx,2025-08-01 09:00:00+02:00,0.0
2025,CO2/CO/NOx,2025-08-01 10:00:00+02:00,0.0
2025,CO2/CO/NOx,2025-08-01 11:00:00+02:00,0.0
2025,CO2/CO/NOx,2025-08-01 12:00:00+02:00,0.0
2025,CO2/CO/NOx,2025-08-01 13:00:00+02:00,0.0
2025,CO2/CO/NOx,2025-08-01 14:00:00+02:00,0.0
2025,CO2/CO/NOx,2025-08-01 15:00:00+02:00,0.0
2025,CO2/CO/NOx,2025-08-01 16:00:00+02:00,0.0
2025,CO2/CO/NOx,2025-08-01 17:00:00+02:00,0.0
2025,CO2/CO/NOx,2025-08-01 18:00:00+02:00,0.0
2025,CO2/CO/NOx,2025-08-01 19:00:00+02:00,0.0
2025,CO2/CO/NOx,2025-08-01 20:00:00+02:00,0.0
2025,CO2/CO/NOx,2025-08-01 21:00:00+02:00,0.0
2025,CO2/CO/NOx,2025-08-01 22:00:00+02:00,0.0
2025,CO2/CO/NOx,2025-08-01 23:00:00+02:00,0.0
2025,CO2/CO/NOx,2025-08-02 00:00:00+02:00,0.0
2025,CO2/CO/NOx,2025-08-02 01:00:00+02:00,0.0
2025,CO2/CO/NOx,2025-08-02 02:00:00+02:00,0.0
2025,CO2/CO/NOx,2025-08-02 03:00:00+02:00,0.0
2025,CO2/CO/NOx,2025-08-02 04:00:00+02:00,0.0
2025,CO2/CO/NOx,2025-08-02 05:00:00+02:00,0.0
2025,CO2/CO/NOx,2025-08-02 06:00:00+02:00,0.0
2025,CO2/CO/NOx,2025-08-02 07:00:00+02:00,0.0
2025,CO2/CO/NOx,2025-08-02 08:00:00+02:00,0.0
2025,CO2/CO/NOx,2025-08-02 09:00:00+02:00,0.0
2025,CO2/CO/NOx,2025-08-02 10:00:00+02:00,0.0
2025,CO2/CO/NOx,2025-08-02 11:00:00+02:00,0.0
2025,CO2/CO/NOx,2025-08-02 12:00:00+02:00,0.0
2025,CO2/CO/NOx,2025-08-02 13:00:00+02:00,0.0
2025,CO2/CO/NOx,2025-08-02 14:00:00+02:00,0.0
2025,CO2/CO/NOx,2025-08-02 15:00:00+02:00,0.0
2025,CO2/CO/NOx,2025-08-02 16:00:00+02:00,0.0
2025,CO2/CO/NOx,2025-08-02 17:00:00+02:00,0.0
2025,CO2/CO/NOx,2025-08-02 18:00:00+02:00,0.0
2025,CO2/CO/NOx,2025-08-02 19:00:00+02:00,0.0
2025,CO2/CO/NOx,2025-08-02 20:00:00+02:00,0.0
2025,CO2/CO/NOx,2025-08-02 21:00:00+02:00,0.0
2025,CO2/CO/NOx,2025-08-02 22:00:00+02:00,0.0
2025,CO2/CO/NOx,2025-08-02 23:00:00+02:00,0.0
2025,CO2/CO/NOx,2025-08-03 00:00:00+02:00,0.0
2025,CO2/CO/NOx,2025-08-03 01:00:00+02:00,0.0
2025,CO2/CO/NOx,2025-08-03 02:00:00+02:00,0.0
2025,CO2/CO/NOx,2025-08-03 03:00:00+02:00,0.0
2025,CO2/CO/NOx,2025-08-03 04:00:00+02:00,0.0
2025,CO2/CO/NOx,2025-08-03 05:00:00+02:00,0.0
2025,CO2/CO/NOx,2025-08-03 06:00:00+02:00,0.0
2025,CO2/CO/NOx,2025-08-03 07:00:00+02:00,0.0
2025,CO2/CO/NOx,2025-08-03 08:00:00+02:00,0.0
2025,CO2/CO/NOx,2025-08-03 09:00:00+02:00,0.0
2025,CO2/CO/NOx,2025-08-03 10:00:00+02:00,0.0
2025,CO2/CO/NOx,2025-08-03 11:00:00+02:00,0.0
2025,CO2/CO/NOx,2025-08-03 12:00:00+02:00,0.0
2025,CO2/CO/NOx,2025-08-03 13:00:00+02:00,0.0
2025,CO2/CO/NOx,2025-08-03 14:00:00+02:00,0.0
2025,CO2/CO/NOx,2025-08-03 15:00:00+02:00,0.0
2025,CO2/CO/NOx,2025-08-03 16:00:00+02:00,0.0
2025,CO2/CO/NOx,2025-08-03 17:00:00+02:00,0.0
2025,CO2/CO/NOx,2025-08-03 18:00:00+02:00,0.0
2025,CO2/CO/NOx,2025-08-03 19:00:00+02:00,0.0
2025,CO2/CO/NOx,2025-08-03 20:00:00+02:00,0.0
2025,CO2/CO/NOx,2025-08-03 21:00:00+02:00,0.0
2025,CO2/CO/NOx,2025-08-03 22:00:00+02:00,0.0
2025,CO2/CO/NOx,2025-08-03 23:00:00+02:00,0.0
2025,CO2/CO/NOx,2025-08-04 00:00:00+02:00,0.0
2025,CO2/CO/NOx,2025-08-04 01:00:00+02:00,0.0
2025,CO2/CO/NOx,2025-08-04 02:00:00+02:00,0.0
2025,CO2/CO/NOx,2025-08-04 03:00:00+02:00,0.17649812
2025,CO2/CO/NOx,2025-08-04 04:00:00+02:00,0.3733614
2025,CO2/CO/NOx,2025-08-04 05:00:00+02:00,0.5091292
2025,CO2/CO/NOx,2025-08-04 06:00:00+02:00,0.59737825
2025,CO2/CO/NOx,2025-08-04 07:00:00+02:00,0.644897
2025,CO2/CO/NOx,2025-08-04 08:00:00+02:00,0.7602996
2025,CO2/CO/NOx,2025-08-04 09:00:00+02:00,0.7535112
2025,CO2/CO/NOx,2025-08-04 10:00:00+02:00,0.42088014
2025,CO2/CO/NOx,2025-08-04 11:00:00+02:00,0.08824906
2025,CO2/CO/NOx,2025-08-04 12:00:00+02:00,0.0
2025,CO2/CO/NOx,2025-08-04 13:00:00+02:00,0.0
2025,CO2/CO/NOx,2025-08-04 14:00:00+02:00,0.0
2025,CO2/CO/NOx,2025-08-04 15:00:00+02:00,0.0
2025,CO2/CO/NOx,2025-08-04 16:00:00+02:00,0.0
2025,CO2/CO/NOx,2025-08-04 17:00:00+02:00,0.0
2025,CO2/CO/NOx,2025-08-04 18:00:00+02:00,0.0
2025,CO2/CO/NOx,2025-08-04 19:00:00+02:00,0.0
2025,CO2/CO/NOx,2025-08-04 20:00:00+02:00,0.0
2025,CO2/CO/NOx,2025-08-04 21:00:00+02:00,0.0
2025,CO2/CO/NOx,2025-08-04 22:00:00+02:00,0.0
2025,CO2/CO/NOx,2025-08-04 23:00:00+02:00,0.0
2025,CO2/CO/NOx,2025-08-05 00:00:00+02:00,0.0
2025,CO2/CO/NOx,2025-08-05 01:00:00+02:00,0.0
2025,CO2/CO/NOx,2025-08-05 02:00:00+02:00,0.0
2025,CO2/CO/NOx,2025-08-05 03:00:00+02:00,0.0
2025,CO2/CO/NOx,2025-08-05 04:00:00+02:00,0.0
2025,CO2/CO/NOx,2025-08-05 05:00:00+02:00,0.0
2025,CO2/CO/NOx,2025-08-05 06:00:00+02:00,0.0
2025,CO2/CO/NOx,2025-08-05 07:00:00+02:00,0.0
2025,CO2/CO/NOx,2025-08-05 08:00:00+02:00,0.0
2025,CO2/CO/NOx,2025-08-05 09:00:00+02:00,0.0
2025,CO2/CO/NOx,2025-08-05 10:00:00+02:00,0.0
2025,CO2/CO/NOx,2025-08-05 11:00:00+02:00,0.0
2025,CO2/CO/NOx,2025-08-05 12:00:00+02:00,0.0
2025,CO2/CO/NOx,2025-08-05 13:00:00+02:00,0.0
2025,CO2/CO/NOx,2025-08-05 14:00:00+02:00,0.0
2025,CO2/CO/NOx,2025-08-05 15:00:00+02:00,0.0
2025,CO2/CO/NOx,2025-08-05 16:00:00+02:00,0.0
2025,CO2/CO/NOx,2025-08-05 17:00:00+02:00,0.0
2025,CO2/CO/NOx,2025-08-05 18:00:00+02:00,0.0
2025,CO2/CO/NOx,2025-08-05 19:00:00+02:00,0.0
2025,CO2/CO/NOx,2025-08-05 20:00:00+02:00,0.0
2025,CO2/CO/NOx,2025-08-05 21:00:00+02:00,0.0
2025,CO2/CO/NOx,2025-08-05 22:00:00+02:00,0.0
2025,CO2/CO/NOx,2025-08-05 23:00:00+02:00,0.0
2025,CO2/CO/NOx,2025-08-06 00:00:00+02:00,0.0
2025,CO2/CO/NOx,2025-08-06 01:00:00+02:00,0.0
2025,CO2/CO/NOx,2025-08-06 02:00:00+02:00,0.0
2025,CO2/CO/NOx,2025-08-06 03:00:00+02:00,0.0
2025,CO2/CO/NOx,2025-08-06 04:00:00+02:00,0.0
2025,CO2/CO/NOx,2025-08-06 05:00:00+02:00,0.0
2025,CO2/CO/NOx,2025-08-06 06:00:00+02:00,0.0
2025,CO2/CO/NOx,2025-08-06 07:00:00+02:00,0.0
2025,CO2/CO/NOx,2025-08-06 08:00:00+02:00,0.0
2025,CO2/CO/NOx,2025-08-06 09:00:00+02:00,0.0
2025,CO2/CO/NOx,2025-08-06 10:00:00+02:00,0.0
2025,CO2/CO/NOx,2025-08-06 11:00:00+02:00,0.0
2025,CO2/CO/NOx,2025-08-06 12:00:00+02:00,0.0
2025,CO2/CO/NOx,2025-08-06 13:00:00+02:00,0.0
2025,CO2/CO/NOx,2025-08-06 14:00:00+02:00,0.0
2025,CO2/CO/NOx,2025-08-06 15:00:00+02:00,0.0
2025,CO2/CO/NOx,2025-08-06 16:00:00+02:00,0.0
2025,CO2/CO/NOx,2025-08-06 17:00:00+02:00,0.0
2025,CO2/CO/NOx,2025-08-06 18:00:00+02:00,0.0
2025,CO2/CO/NOx,2025-08-06 19:00:00+02:00,0.0
2025,CO2/CO/NOx,2025-08-06 20:00:00+02:00,0.0
2025,CO2/CO/NOx,2025-08-06 21:00:00+02:00,0.0
2025,CO2/CO/NOx,2025-08-06 22:00:00+02:00,0.0
2025,CO2/CO/NOx,2025-08-06 23:00:00+02:00,0.0
2025,CO2/CO/NOx,2025-08-07 00:00:00+02:00,0.0
2025,CO2/CO/NOx,2025-08-07 01:00:00+02:00,0.0
2025,CO2/CO/NOx,2025-08-07 02:00:00+02:00,0.0
2025,CO2/CO/NOx,2025-08-07 03:00:00+02:00,0.0
2025,CO2/CO/NOx,2025-08-07 04:00:00+02:00,0.0
2025,CO2/CO/NOx,2025-08-07 05:00:00+02:00,0.0
2025,CO2/CO/NOx,2025-08-07 06:00:00+02:00,0.0
2025,CO2/CO/NOx,2025-08-07 07:00:00+02:00,0.0
2025,CO2/CO/NOx,2025-08-07 08:00:00+02:00,0.0
2025,CO2/CO/NOx,2025-08-07 09:00:00+02:00,0.0
2025,CO2/CO/NOx,2025-08-07 10:00:00+02:00,0.0
2025,CO2/CO/NOx,2025-08-07 11:00:00+02:00,0.0
2025,CO2/CO/NOx,2025-08-07 12:00:00+02:00,0.0
2025,CO2/CO/NOx,2025-08-07 13:00:00+02:00,0.0
2025,CO2/CO/NOx,2025-08-07 14:00:00+02:00,0.0
2025,CO2/CO/NOx,2025-08-07 15:00:00+02:00,0.0
2025,CO2/CO/NOx,2025-08-07 16:00:00+02:00,0.0
2025,CO2/CO/NOx,2025-08-07 17:00:00+02:00,0.0
2025,CO2/CO/NOx,2025-08-07 18:00:00+02:00,0.0
2025,CO2/CO/NOx,2025-08-07 19:00:00+02:00,0.0
2025,CO2/CO/NOx,2025-08-07 20:00:00+02:00,0.0
2025,CO2/CO/NOx,2025-08-07 21:00:00+02:00,0.0
2025,CO2/CO/NOx,2025-08-07 22:00:00+02:00,0.0
2025,CO2/CO/NOx,2025-08-07 23:00:00+02:00,0.0
2025,CO2/CO/NOx,2025-08-08 00:00:00+02:00,0.0
2025,CO2/CO/NOx,2025-08-08 01:00:00+02:00,0.0
2025,CO2/CO/NOx,2025-08-08 02:00:00+02:00,0.0
2025,CO2/CO/NOx,2025-08-08 03:00:00+02:00,0.0
2025,CO2/CO/NOx,2025-08-08 04:00:00+02:00,0.0
2025,CO2/CO/NOx,2025-08-08 05:00:00+02:00,0.0
2025,CO2/CO/NOx,2025-08-08 06:00:00+02:00,0.0
2025,CO2/CO/NOx,2025-08-08 07:00:00+02:00,0.0
2025,CO2/CO/NOx,2025-08-08 08:00:00+02:00,0.0
2025,CO2/CO/NOx,2025-08-08 09:00:00+02:00,0.0
2025,CO2/CO/NOx,2025-08-08 10:00:00+02:00,0.0
2025,CO2/CO/NOx,2025-08-08 11:00:00+02:00,0.0
2025,CO2/CO/NOx,2025-08-08 12:00:00+02:00,0.0
2025,CO2/CO/NOx,2025-08-08 13:00:00+02:00,0.0
2025,CO2/CO/NOx,2025-08-08 14:00:00+02:00,0.0
2025,CO2/CO/NOx,2025-08-08 15:00:00+02:00,0.0
2025,CO2/CO/NOx,2025-08-08 16:00:00+02:00,0.0
2025,CO2/CO/NOx,2025-08-08 17:00:00+02:00,0.0
2025,CO2/CO/NOx,2025-08-08 18:00:00+02:00,0.0
2025,CO2/CO/NOx,2025-08-08 19:00:00+02:00,0.0
2025,CO2/CO/NOx,2025-08-08 20:00:00+02:00,0.0
2025,CO2/CO/NOx,2025-08-08 21:00:00+02:00,0.0
2025,CO2/CO/NOx,2025-08-08 22:00:00+02:00,0.0
2025,CO2/CO/NOx,2025-08-08 23:00:00+02:00,0.0
2025,CO2/CO/NOx,2025-08-09 00:00:00+02:00,0.0
2025,CO2/CO/NOx,2025-08-09 01:00:00+02:00,0.0
2025,CO2/CO/NOx,2025-08-09 02:00:00+02:00,0.0
2025,CO2/CO/NOx,2025-08-09 03:00:00+02:00,0.0
2025,CO2/CO/NOx,2025-08-09 04:00:00+02:00,0.0
2025,CO2/CO/NOx,2025-08-09 05:00:00+02:00,0.0
2025,CO2/CO/NOx,2025-08-09 06:00:00+02:00,0.0
2025,CO2/CO/NOx,2025-08-09 07:00:00+02:00,0.0
2025,CO2/CO/NOx,2025-08-09 08:00:00+02:00,0.0
2025,CO2/CO/NOx,2025-08-09 09:00:00+02:00,0.0
2025,CO2/CO/NOx,2025-08-09 10:00:00+02:00,0.0
2025,CO2/CO/NOx,2025-08-09 11:00:00+02:00,0.0
2025,CO2/CO/NOx,2025-08-09 12:00:00+02:00,0.0
2025,CO2/CO/NOx,2025-08-09 13:00:00+02:00,0.0
2025,CO2/CO/NOx,2025-08-09 14:00:00+02:00,0.0
2025,CO2/CO/NOx,2025-08-09 15:00:00+02:00,0.0
2025,CO2/CO/NOx,2025-08-09 16:00:00+02:00,0.0
2025,CO2/CO/NOx,2025-08-09 17:00:00+02:00,0.0
2025,CO2/CO/NOx,2025-08-09 18:00:00+02:00,0.0
2025,CO2/CO/NOx,2025-08-09 19:00:00+02:00,0.0
2025,CO2/CO/NOx,2025-08-09 20:00:00+02:00,0.0
2025,CO2/CO/NOx,2025-08-09 21:00:00+02:00,0.0
2025,CO2/CO/NOx,2025-08-09 22:00:00+02:00,0.0
2025,CO2/CO/NOx,2025-08-09 23:00:00+02:00,0.0
2025,CO2/CO/NOx,2025-08-10 00:00:00+02:00,0.0
2025,CO2/CO/NOx,2025-08-10 01:00:00+02:00,0.0
2025,CO2/CO/NOx,2025-08-10 02:00:00+02:00,0.0
2025,CO2/CO/NOx,2025-08-10 03:00:00+02:00,0.0
2025,CO2/CO/NOx,2025-08-10 04:00:00+02:00,0.0
2025,CO2/CO/NOx,2025-08-10 05:00:00+02:00,0.0
2025,CO2/CO/NOx,2025-08-10 06:00:00+02:00,0.0
2025,CO2/CO/NOx,2025-08-10 07:00:00+02:00,0.0
2025,CO2/CO/NOx,2025-08-10 08:00:00+02:00,0.0
2025,CO2/CO/NOx,2025-08-10 09:00:00+02:00,0.0
2025,CO2/CO/NOx,2025-08-10 10:00:00+02:00,0.0
2025,CO2/CO/NOx,2025-08-10 11:00:00+02:00,0.0
2025,CO2/CO/NOx,2025-08-10 12:00:00+02:00,0.0
2025,CO2/CO/NOx,2025-08-10 13:00:00+02:00,0.0
2025,CO2/CO/NOx,2025-08-10 14:00:00+02:00,0.0
2025,CO2/CO/NOx,2025-08-10 15:00:00+02:00,0.0
2025,CO2/CO/NOx,2025-08-10 16:00:00+02:00,0.0
2025,CO2/CO/NOx,2025-08-10 17:00:00+02:00,0.0
2025,CO2/CO/NOx,2025-08-10 18:00:00+02:00,0.0
2025,CO2/CO/NOx,2025-08-10 19:00:00+02:00,0.0
2025,CO2/CO/NOx,2025-08-10 20:00:00+02:00,0.0
2025,CO2/CO/NOx,2025-08-10 21:00:00+02:00,0.0
2025,CO2/CO/NOx,2025-08-10 22:00:00+02:00,0.0
2025,CO2/CO/NOx,2025-08-10 23:00:00+02:00,0.0
2025,CO2/CO/NOx,2025-08-11 00:00:00+02:00,0.0
2025,CO2/CO/NOx,2025-08-11 01:00:00+02:00,0.0
2025,CO2/CO/NOx,2025-08-11 02:00:00+02:00,0.0
2025,CO2/CO/NOx,2025-08-11 03:00:00+02:00,0.0
2025,CO2/CO/NOx,2025-08-11 04:00:00+02:00,0.0
2025,CO2/CO/NOx,2025-08-11 05:00:00+02:00,0.0
2025,CO2/CO/NOx,2025-08-11 06:00:00+02:00,0.0
2025,CO2/CO/NOx,2025-08-11 07:00:00+02:00,0.0
2025,CO2/CO/NOx,2025-08-11 08:00:00+02:00,0.0
2025,CO2/CO/NOx,2025-08-11 09:00:00+02:00,0.0
2025,CO2/CO/NOx,2025-08-11 10:00:00+02:00,0.0
2025,CO2/CO/NOx,2025-08-11 11:00:00+02:00,0.0
2025,CO2/CO/NOx,2025-08-11 12:00:00+02:00,0.0
2025,CO2/CO/NOx,2025-08-11 13:00:00+02:00,0.0
2025,CO2/CO/NOx,2025-08-11 14:00:00+02:00,0.0
2025,CO2/CO/NOx,2025-08-11 15:00:00+02:00,0.0
2025,CO2/CO/NOx,2025-08-11 16:00:00+02:00,0.0
2025,CO2/CO/NOx,2025-08-11 17:00:00+02:00,0.0
2025,CO2/CO/NOx,2025-08-11 18:00:00+02:00,0.0
2025,CO2/CO/NOx,2025-08-11 19:00:00+02:00,0.0
2025,CO2/CO/NOx,2025-08-11 20:00:00+02:00,0.0
2025,CO2/CO/NOx,2025-08-11 21:00:00+02:00,0.0
2025,CO2/CO/NOx,2025-08-11 22:00:00+02:00,0.0
2025,CO2/CO/NOx,2025-08-11 23:00:00+02:00,0.0
2025,CO2/CO/NOx,2025-08-12 00:00:00+02:00,0.0
2025,CO2/CO/NOx,2025-08-12 01:00:00+02:00,0.0
2025,CO2/CO/NOx,2025-08-12 02:00:00+02:00,0.0
2025,CO2/CO/NOx,2025-08-12 03:00:00+02:00,0.0
2025,CO2/CO/NOx,2025-08-12 04:00:00+02:00,0.0
2025,CO2/CO/NOx,2025-08-12 05:00:00+02:00,0.0
2025,CO2/CO/NOx,2025-08-12 06:00:00+02:00,0.0
2025,CO2/CO/NOx,2025-08-12 07:00:00+02:00,0.0
2025,CO2/CO/NOx,2025-08-12 08:00:00+02:00,0.0
2025,CO2/CO/NOx,2025-08-12 09:00:00+02:00,0.0
2025,CO2/CO/NOx,2025-08-12 10:00:00+02:00,0.0
2025,CO2/CO/NOx,2025-08-12 11:00:00+02:00,0.0
2025,CO2/CO/NOx,2025-08-12 12:00:00+02:00,0.0
2025,CO2/CO/NOx,2025-08-12 13:00:00+02:00,0.0
2025,CO2/CO/NOx,2025-08-12 14:00:00+02:00,0.0
2025,CO2/CO/NOx,2025-08-12 15:00:00+02:00,0.0
2025,CO2/CO/NOx,2025-08-12 16:00:00+02:00,0.0
2025,CO2/CO/NOx,2025-08-12 17:00:00+02:00,0.0
2025,CO2/CO/NOx,2025-08-12 18:00:00+02:00,0.0
2025,CO2/CO/NOx,2025-08-12 19:00:00+02:00,0.0
2025,CO2/CO/NOx,2025-08-12 20:00:00+02:00,0.0
2025,CO2/CO/NOx,2025-08-12 21:00:00+02:00,0.0
2025,CO2/CO/NOx,2025-08-12 22:00:00+02:00,0.0
2025,CO2/CO/NOx,2025-08-12 23:00:00+02:00,0.0
2025,CO2/CO/NOx,2025-08-13 00:00:00+02:00,0.0
2025,CO2/CO/NOx,2025-08-13 01:00:00+02:00,0.0
2025,CO2/CO/NOx,2025-08-13 02:00:00+02:00,0.0
2025,CO2/CO/NOx,2025-08-13 03:00:00+02:00,0.0
2025,CO2/CO/NOx,2025-08-13 04:00:00+02:00,0.0
2025,CO2/CO/NOx,2025-08-13 05:00:00+02:00,0.0
2025,CO2/CO/NOx,2025-08-13 06:00:00+02:00,0.0
2025,CO2/CO/NOx,2025-08-13 07:00:00+02:00,0.0
2025,CO2/CO/NOx,2025-08-13 08:00:00+02:00,0.0
2025,CO2/CO/NOx,2025-08-13 09:00:00+02:00,0.0
2025,CO2/CO/NOx,2025-08-13 10:00:00+02:00,0.0
2025,CO2/CO/NOx,2025-08-13 11:00:00+02:00,0.0
2025,CO2/CO/NOx,2025-08-13 12:00:00+02:00,0.0
2025,CO2/CO/NOx,2025-08-13 13:00:00+02:00,0.0
2025,CO2/CO/NOx,2025-08-13 14:00:00+02:00,0.0
2025,CO2/CO/NOx,2025-08-13 15:00:00+02:00,0.0
2025,CO2/CO/NOx,2025-08-13 16:00:00+02:00,0.0
2025,CO2/CO/NOx,2025-08-13 17:00:00+02:00,0.0
2025,CO2/CO/NOx,2025-08-13 18:00:00+02:00,0.0
2025,CO2/CO/NOx,2025-08-13 19:00:00+02:00,0.0
2025,CO2/CO/NOx,2025-08-13 20:00:00+02:00,0.0
2025,CO2/CO/NOx,2025-08-13 21:00:00+02:00,0.0
2025,CO2/CO/NOx,2025-08-13 22:00:00+02:00,0.0
2025,CO2/CO/NOx,2025-08-13 23:00:00+02:00,0.0
2025,CO2/CO/NOx,2025-08-14 00:00:00+02:00,0.0
2025,CO2/CO/NOx,2025-08-14 01:00:00+02:00,0.0
2025,CO2/CO/NOx,2025-08-14 02:00:00+02:00,0.0
2025,CO2/CO/NOx,2025-08-14 03:00:00+02:00,0.0
2025,CO2/CO/NOx,2025-08-14 04:00:00+02:00,0.0
2025,CO2/CO/NOx,2025-08-14 05:00:00+02:00,0.0
2025,CO2/CO/NOx,2025-08-14 06:00:00+02:00,0.0
2025,CO2/CO/NOx,2025-08-14 07:00:00+02:00,0.0
2025,CO2/CO/NOx,2025-08-14 08:00:00+02:00,0.0
2025,CO2/CO/NOx,2025-08-14 09:00:00+02:00,0.0
2025,CO2/CO/NOx,2025-08-14 10:00:00+02:00,0.0
2025,CO2/CO/NOx,2025-08-14 11:00:00+02:00,0.0
2025,CO2/CO/NOx,2025-08-14 12:00:00+02:00,0.0
2025,CO2/CO/NOx,2025-08-14 13:00:00+02:00,0.0
2025,CO2/CO/NOx,2025-08-14 14:00:00+02:00,0.0
2025,CO2/CO/NOx,2025-08-14 15:00:00+02:00,0.0
2025,CO2/CO/NOx,2025-08-14 16:00:00+02:00,0.0
2025,CO2/CO/NOx,2025-08-14 17:00:00+02:00,0.0
2025,CO2/CO/NOx,2025-08-14 18:00:00+02:00,0.0
2025,CO2/CO/NOx,2025-08-14 19:00:00+02:00,0.0
2025,CO2/CO/NOx,2025-08-14 20:00:00+02:00,0.0
2025,CO2/CO/NOx,2025-08-14 21:00:00+02:00,0.0
2025,CO2/CO/NOx,2025-08-14 22:00:00+02:00,0.0
2025,CO2/CO/NOx,2025-08-14 23:00:00+02:00,0.0
2025,CO2/CO/NOx,2025-08-15 00:00:00+02:00,0.0
2025,CO2/CO/NOx,2025-08-15 01:00:00+02:00,0.0
2025,CO2/CO/NOx,2025-08-15 02:00:00+02:00,0.0
2025,CO2/CO/NOx,2025-08-15 03:00:00+02:00,0.0
2025,CO2/CO/NOx,2025-08-15 04:00:00+02:00,0.0
2025,CO2/CO/NOx,2025-08-15 05:00:00+02:00,0.0
2025,CO2/CO/NOx,2025-08-15 06:00:00+02:00,0.0
2025,CO2/CO/NOx,2025-08-15 07:00:00+02:00,0.0
2025,CO2/CO/NOx,2025-08-15 08:00:00+02:00,0.0
2025,CO2/CO/NOx,2025-08-15 09:00:00+02:00,0.0
2025,CO2/CO/NOx,2025-08-15 10:00:00+02:00,0.0
2025,CO2/CO/NOx,2025-08-15 11:00:00+02:00,0.0
2025,CO2/CO/NOx,2025-08-15 12:00:00+02:00,0.0
2025,CO2/CO/NOx,2025-08-15 13:00:00+02:00,0.0
2025,CO2/CO/NOx,2025-08-15 14:00:00+02:00,0.0
2025,CO2/CO/NOx,2025-08-15 15:00:00+02:00,0.0
2025,CO2/CO/NOx,2025-08-15 16:00:00+02:00,0.0
2025,CO2/CO/NOx,2025-08-15 17:00:00+02:00,0.0
2025,CO2/CO/NOx,2025-08-15 18:00:00+02:00,0.0
2025,CO2/CO/NOx,2025-08-15 19:00:00+02:00,0.0
2025,CO2/CO/NOx,2025-08-15 20:00:00+02:00,0.0
2025,CO2/CO/NOx,2025-08-15 21:00:00+02:00,0.0
2025,CO2/CO/NOx,2025-08-15 22:00:00+02:00,0.0
2025,CO2/CO/NOx,2025-08-15 23:00:00+02:00,0.0
2025,CO2/CO/NOx,2025-08-16 00:00:00+02:00,0.0
2025,CO2/CO/NOx,2025-08-16 01:00:00+02:00,0.0
2025,CO2/CO/NOx,2025-08-16 02:00:00+02:00,0.0
2025,CO2/CO/NOx,2025-08-16 03:00:00+02:00,0.0
2025,CO2/CO/NOx,2025-08-16 04:00:00+02:00,0.0
2025,CO2/CO/NOx,2025-08-16 05:00:00+02:00,0.0
2025,CO2/CO/NOx,2025-08-16 06:00:00+02:00,0.0
2025,CO2/CO/NOx,2025-08-16 07:00:00+02:00,0.0
2025,CO2/CO/NOx,2025-08-16 08:00:00+02:00,0.0
2025,CO2/CO/NOx,2025-08-16 09:00:00+02:00,0.0
2025,CO2/CO/NOx,2025-08-16 10:00:00+02:00,0.0
2025,CO2/CO/NOx,2025-08-16 11:00:00+02:00,0.0
2025,CO2/CO/NOx,2025-08-16 12:00:00+02:00,0.0
2025,CO2/CO/NOx,2025-08-16 13:00:00+02:00,0.0
2025,CO2/CO/NOx,2025-08-16 14:00:00+02:00,0.0
2025,CO2/CO/NOx,2025-08-16 15:00:00+02:00,0.0
2025,CO2/CO/NOx,2025-08-16 16:00:00+02:00,0.0
2025,CO2/CO/NOx,2025-08-16 17:00:00+02:00,0.0
2025,CO2/CO/NOx,2025-08-16 18:00:00+02:00,0.0
2025,CO2/CO/NOx,2025-08-16 19:00:00+02:00,0.0
2025,CO2/CO/NOx,2025-08-16 20:00:00+02:00,0.0
2025,CO2/CO/NOx,2025-08-16 21:00:00+02:00,0.0
2025,CO2/CO/NOx,2025-08-16 22:00:00+02:00,0.0
2025,CO2/CO/NOx,2025-08-16 23:00:00+02:00,0.0
2025,CO2/CO/NOx,2025-08-17 00:00:00+02:00,0.0
2025,CO2/CO/NOx,2025-08-17 01:00:00+02:00,0.0
2025,CO2/CO/NOx,2025-08-17 02:00:00+02:00,0.0
2025,CO2/CO/NOx,2025-08-17 03:00:00+02:00,0.0
2025,CO2/CO/NOx,2025-08-17 04:00:00+02:00,0.0
2025,CO2/CO/NOx,2025-08-17 05:00:00+02:00,0.0
2025,CO2/CO/NOx,2025-08-17 06:00:00+02:00,0.0
2025,CO2/CO/NOx,2025-08-17 07:00:00+02:00,0.0
2025,CO2/CO/NOx,2025-08-17 08:00:00+02:00,0.0
2025,CO2/CO/NOx,2025-08-17 09:00:00+02:00,0.0
2025,CO2/CO/NOx,2025-08-17 10:00:00+02:00,0.0
2025,CO2/CO/NOx,2025-08-17 11:00:00+02:00,0.0
2025,CO2/CO/NOx,2025-08-17 12:00:00+02:00,0.0
2025,CO2/CO/NOx,2025-08-17 13:00:00+02:00,0.0
2025,CO2/CO/NOx,2025-08-17 14:00:00+02:00,0.0
2025,CO2/CO/NOx,2025-08-17 15:00:00+02:00,0.0
2025,CO2/CO/NOx,2025-08-17 16:00:00+02:00,0.0
2025,CO2/CO/NOx,2025-08-17 17:00:00+02:00,0.0
2025,CO2/CO/NOx,2025-08-17 18:00:00+02:00,0.0
2025,CO2/CO/NOx,2025-08-17 19:00:00+02:00,0.0
2025,CO2/CO/NOx,2025-08-17 20:00:00+02:00,0.0
2025,CO2/CO/NOx,2025-08-17 21:00:00+02:00,0.0
2025,CO2/CO/NOx,2025-08-17 22:00:00+02:00,0.0
2025,CO2/CO/NOx,2025-08-17 23:00:00+02:00,0.0
2025,CO2/CO/NOx,2025-08-18 00:00:00+02:00,0.0
2025,CO2/CO/NOx,2025-08-18 01:00:00+02:00,0.0
2025,CO2/CO/NOx,2025-08-18 02:00:00+02:00,0.0
2025,CO2/CO/NOx,2025-08-18 03:00:00+02:00,0.0
2025,CO2/CO/NOx,2025-08-18 04:00:00+02:00,0.0
2025,CO2/CO/NOx,2025-08-18 05:00:00+02:00,0.0
2025,CO2/CO/NOx,2025-08-18 06:00:00+02:00,0.0
2025,CO2/CO/NOx,2025-08-18 07:00:00+02:00,0.0
2025,CO2/CO/NOx,2025-08-18 08:00:00+02:00,0.0
2025,CO2/CO/NOx,2025-08-18 09:00:00+02:00,0.0
2025,CO2/CO/NOx,2025-08-18 10:00:00+02:00,0.0
2025,CO2/CO/NOx,2025-08-18 11:00:00+02:00,0.0
2025,CO2/CO/NOx,2025-08-18 12:00:00+02:00,0.0
2025,CO2/CO/NOx,2025-08-18 13:00:00+02:00,0.0
2025,CO2/CO/NOx,2025-08-18 14:00:00+02:00,0.0
2025,CO2/CO/NOx,2025-08-18 15:00:00+02:00,0.0
2025,CO2/CO/NOx,2025-08-18 16:00:00+02:00,0.0
2025,CO2/CO/NOx,2025-08-18 17:00:00+02:00,0.0
2025,CO2/CO/NOx,2025-08-18 18:00:00+02:00,0.0
2025,CO2/CO/NOx,2025-08-18 19:00:00+02:00,0.0
2025,CO2/CO/NOx,2025-08-18 20:00:00+02:00,0.0
2025,CO2/CO/NOx,2025-08-18 21:00:00+02:00,0.0
2025,CO2/CO/NOx,2025-08-18 22:00:00+02:00,0.0
2025,CO2/CO/NOx,2025-08-18 23:00:00+02:00,0.0
2025,CO2/CO/NOx,2025-08-19 00:00:00+02:00,0.0
2025,CO2/CO/NOx,2025-08-19 01:00:00+02:00,0.0
2025,CO2/CO/NOx,2025-08-19 02:00:00+02:00,0.0
2025,CO2/CO/NOx,2025-08-19 03:00:00+02:00,0.0
2025,CO2/CO/NOx,2025-08-19 04:00:00+02:00,0.0
2025,CO2/CO/NOx,2025-08-19 05:00:00+02:00,0.0
2025,CO2/CO/NOx,2025-08-19 06:00:00+02:00,0.0
2025,CO2/CO/NOx,2025-08-19 07:00:00+02:00,0.0
2025,CO2/CO/NOx,2025-08-19 08:00:00+02:00,0.0
2025,CO2/CO/NOx,2025-08-19 09:00:00+02:00,0.0
2025,CO2/CO/NOx,2025-08-19 10:00:00+02:00,0.0
2025,CO2/CO/NOx,2025-08-19 11:00:00+02:00,0.0
2025,CO2/CO/NOx,2025-08-19 12:00:00+02:00,0.0
2025,CO2/CO/NOx,2025-08-19 13:00:00+02:00,0.0
2025,CO2/CO/NOx,2025-08-19 14:00:00+02:00,0.0
2025,CO2/CO/NOx,2025-08-19 15:00:00+02:00,0.0
2025,CO2/CO/NOx,2025-08-19 16:00:00+02:00,0.0
2025,CO2/CO/NOx,2025-08-19 17:00:00+02:00,0.0
2025,CO2/CO/NOx,2025-08-19 18:00:00+02:00,0.0
2025,CO2/CO/NOx,2025-08-19 19:00:00+02:00,0.0
2025,CO2/CO/NOx,2025-08-19 20:00:00+02:00,0.0
2025,CO2/CO/NOx,2025-08-19 21:00:00+02:00,0.0
2025,CO2/CO/NOx,2025-08-19 22:00:00+02:00,0.0
2025,CO2/CO/NOx,2025-08-19 23:00:00+02:00,0.0
2025,CO2/CO/NOx,2025-08-20 00:00:00+02:00,0.0
2025,CO2/CO/NOx,2025-08-20 01:00:00+02:00,0.0
2025,CO2/CO/NOx,2025-08-20 02:00:00+02:00,0.0
2025,CO2/CO/NOx,2025-08-20 03:00:00+02:00,0.0
2025,CO2/CO/NOx,2025-08-20 04:00:00+02:00,0.0
2025,CO2/CO/NOx,2025-08-20 05:00:00+02:00,0.0
2025,CO2/CO/NOx,2025-08-20 06:00:00+02:00,0.0
2025,CO2/CO/NOx,2025-08-20 07:00:00+02:00,0.0
2025,CO2/CO/NOx,2025-08-20 08:00:00+02:00,0.0
2025,CO2/CO/NOx,2025-08-20 09:00:00+02:00,0.0
2025,CO2/CO/NOx,2025-08-20 10:00:00+02:00,0.0
2025,CO2/CO/NOx,2025-08-20 11:00:00+02:00,0.0
2025,CO2/CO/NOx,2025-08-20 12:00:00+02:00,0.0
2025,CO2/CO/NOx,2025-08-20 13:00:00+02:00,0.0
2025,CO2/CO/NOx,2025-08-20 14:00:00+02:00,0.0
2025,CO2/CO/NOx,2025-08-20 15:00:00+02:00,0.0
2025,CO2/CO/NOx,2025-08-20 16:00:00+02:00,0.0
2025,CO2/CO/NOx,2025-08-20 17:00:00+02:00,0.0
2025,CO2/CO/NOx,2025-08-20 18:00:00+02:00,0.0
2025,CO2/CO/NOx,2025-08-20 19:00:00+02:00,0.0
2025,CO2/CO/NOx,2025-08-20 20:00:00+02:00,0.0
2025,CO2/CO/NOx,2025-08-20 21:00:00+02:00,0.0
2025,CO2/CO/NOx,2025-08-20 22:00:00+02:00,0.0
2025,CO2/CO/NOx,2025-08-20 23:00:00+02:00,0.0
2025,CO2/CO/NOx,2025-08-21 00:00:00+02:00,0.0
2025,CO2/CO/NOx,2025-08-21 01:00:00+02:00,0.0
2025,CO2/CO/NOx,2025-08-21 02:00:00+02:00,0.0
2025,CO2/CO/NOx,2025-08-21 03:00:00+02:00,0.0
2025,CO2/CO/NOx,2025-08-21 04:00:00+02:00,0.0
2025,CO2/CO/NOx,2025-08-21 05:00:00+02:00,0.0
2025,CO2/CO/NOx,2025-08-21 06:00:00+02:00,0.0
2025,CO2/CO/NOx,2025-08-21 07:00:00+02:00,0.0
2025,CO2/CO/NOx,2025-08-21 08:00:00+02:00,0.0
2025,CO2/CO/NOx,2025-08-21 09:00:00+02:00,0.0
2025,CO2/CO/NOx,2025-08-21 10:00:00+02:00,0.0
2025,CO2/CO/NOx,2025-08-21 11:00:00+02:00,0.0
2025,CO2/CO/NOx,2025-08-21 12:00:00+02:00,0.0
2025,CO2/CO/NOx,2025-08-21 13:00:00+02:00,0.0
2025,CO2/CO/NOx,2025-08-21 14:00:00+02:00,0.0
2025,CO2/CO/NOx,2025-08-21 15:00:00+02:00,0.0
2025,CO2/CO/NOx,2025-08-21 16:00:00+02:00,0.0
2025,CO2/CO/NOx,2025-08-21 17:00:00+02:00,0.0
2025,CO2/CO/NOx,2025-08-21 18:00:00+02:00,0.0
2025,CO2/CO/NOx,2025-08-21 19:00:00+02:00,0.0
2025,CO2/CO/NOx,2025-08-21 20:00:00+02:00,0.0
2025,CO2/CO/NOx,2025-08-21 21:00:00+02:00,0.0
2025,CO2/CO/NOx,2025-08-21 22:00:00+02:00,0.0
2025,CO2/CO/NOx,2025-08-21 23:00:00+02:00,0.0
2025,CO2/CO/NOx,2025-08-22 00:00:00+02:00,0.0
2025,CO2/CO/NOx,2025-08-22 01:00:00+02:00,0.0
2025,CO2/CO/NOx,2025-08-22 02:00:00+02:00,0.0
2025,CO2/CO/NOx,2025-08-22 03:00:00+02:00,0.0
2025,CO2/CO/NOx,2025-08-22 04:00:00+02:00,0.0
2025,CO2/CO/NOx,2025-08-22 05:00:00+02:00,0.0
2025,CO2/CO/NOx,2025-08-22 06:00:00+02:00,0.0
2025,CO2/CO/NOx,2025-08-22 07:00:00+02:00,0.0
2025,CO2/CO/NOx,2025-08-22 08:00:00+02:00,0.0
2025,CO2/CO/NOx,2025-08-22 09:00:00+02:00,0.0
2025,CO2/CO/NOx,2025-08-22 10:00:00+02:00,0.0
2025,CO2/CO/NOx,2025-08-22 11:00:00+02:00,0.0
2025,CO2/CO/NOx,2025-08-22 12:00:00+02:00,0.0
2025,CO2/CO/NOx,2025-08-22 13:00:00+02:00,0.0
2025,CO2/CO/NOx,2025-08-22 14:00:00+02:00,0.0
2025,CO2/CO/NOx,2025-08-22 15:00:00+02:00,0.0
2025,CO2/CO/NOx,2025-08-22 16:00:00+02:00,0.0
2025,CO2/CO/NOx,2025-08-22 17:00:00+02:00,0.0
2025,CO2/CO/NOx,2025-08-22 18:00:00+02:00,0.0
2025,CO2/CO/NOx,2025-08-22 19:00:00+02:00,0.0
2025,CO2/CO/NOx,2025-08-22 20:00:00+02:00,0.0
2025,CO2/CO/NOx,2025-08-22 21:00:00+02:00,0.0
2025,CO2/CO/NOx,2025-08-22 22:00:00+02:00,0.0
2025,CO2/CO/NOx,2025-08-22 23:00:00+02:00,0.0
2025,CO2/CO/NOx,2025-08-23 00:00:00+02:00,0.0
2025,CO2/CO/NOx,2025-08-23 01:00:00+02:00,0.0
2025,CO2/CO/NOx,2025-08-23 02:00:00+02:00,0.0
2025,CO2/CO/NOx,2025-08-23 03:00:00+02:00,0.0
2025,CO2/CO/NOx,2025-08-23 04:00:00+02:00,0.0
2025,CO2/CO/NOx,2025-08-23 05:00:00+02:00,0.0
2025,CO2/CO/NOx,2025-08-23 06:00:00+02:00,0.0
2025,CO2/CO/NOx,2025-08-23 07:00:00+02:00,0.0
2025,CO2/CO/NOx,2025-08-23 08:00:00+02:00,0.0
2025,CO2/CO/NOx,2025-08-23 09:00:00+02:00,0.0
2025,CO2/CO/NOx,2025-08-23 10:00:00+02:00,0.0
2025,CO2/CO/NOx,2025-08-23 11:00:00+02:00,0.0
2025,CO2/CO/NOx,2025-08-23 12:00:00+02:00,0.0
2025,CO2/CO/NOx,2025-08-23 13:00:00+02:00,0.0
2025,CO2/CO/NOx,2025-08-23 14:00:00+02:00,0.0
2025,CO2/CO/NOx,2025-08-23 15:00:00+02:00,0.0
2025,CO2/CO/NOx,2025-08-23 16:00:00+02:00,0.0
2025,CO2/CO/NOx,2025-08-23 17:00:00+02:00,0.0
2025,CO2/CO/NOx,2025-08-23 18:00:00+02:00,0.0
2025,CO2/CO/NOx,2025-08-23 19:00:00+02:00,0.0
2025,CO2/CO/NOx,2025-08-23 20:00:00+02:00,0.0
2025,CO2/CO/NOx,2025-08-23 21:00:00+02:00,0.0
2025,CO2/CO/NOx,2025-08-23 22:00:00+02:00,0.0
2025,CO2/CO/NOx,2025-08-23 23:00:00+02:00,0.0
2025,CO2/CO/NOx,2025-08-24 00:00:00+02:00,0.0
2025,CO2/CO/NOx,2025-08-24 01:00:00+02:00,0.0
2025,CO2/CO/NOx,2025-08-24 02:00:00+02:00,0.0
2025,CO2/CO/NOx,2025-08-24 03:00:00+02:00,0.0
2025,CO2/CO/NOx,2025-08-24 04:00:00+02:00,0.0
2025,CO2/CO/NOx,2025-08-24 05:00:00+02:00,0.0
2025,CO2/CO/NOx,2025-08-24 06:00:00+02:00,0.0
2025,CO2/CO/NOx,2025-08-24 07:00:00+02:00,0.0
2025,CO2/CO/NOx,2025-08-24 08:00:00+02:00,0.0
2025,CO2/CO/NOx,2025-08-24 09:00:00+02:00,0.0
2025,CO2/CO/NOx,2025-08-24 10:00:00+02:00,0.0
2025,CO2/CO/NOx,2025-08-24 11:00:00+02:00,0.0
2025,CO2/CO/NOx,2025-08-24 12:00:00+02:00,0.0
2025,CO2/CO/NOx,2025-08-24 13:00:00+02:00,0.0
2025,CO2/CO/NOx,2025-08-24 14:00:00+02:00,0.0
2025,CO2/CO/NOx,2025-08-24 15:00:00+02:00,0.0
2025,CO2/CO/NOx,2025-08-24 16:00:00+02:00,0.0
2025,CO2/CO/NOx,2025-08-24 17:00:00+02:00,0.0
2025,CO2/CO/NOx,2025-08-24 18:00:00+02:00,0.0
2025,CO2/CO/NOx,2025-08-24 19:00:00+02:00,0.0
2025,CO2/CO/NOx,2025-08-24 20:00:00+02:00,0.0
2025,CO2/CO/NOx,2025-08-24 21:00:00+02:00,0.0
2025,CO2/CO/NOx,2025-08-24 22:00:00+02:00,0.0
2025,CO2/CO/NOx,2025-08-24 23:00:00+02:00,0.0
2025,CO2/CO/NOx,2025-08-25 00:00:00+02:00,0.0
2025,CO2/CO/NOx,2025-08-25 01:00:00+02:00,0.0
2025,CO2/CO/NOx,2025-08-25 02:00:00+02:00,0.0
2025,CO2/CO/NOx,2025-08-25 03:00:00+02:00,0.0
2025,CO2/CO/NOx,2025-08-25 04:00:00+02:00,0.0
2025,CO2/CO/NOx,2025-08-25 05:00:00+02:00,0.0
2025,CO2/CO/NOx,2025-08-25 06:00:00+02:00,0.0
2025,CO2/CO/NOx,2025-08-25 07:00:00+02:00,0.0
2025,CO2/CO/NOx,2025-08-25 08:00:00+02:00,0.0
2025,CO2/CO/NOx,2025-08-25 09:00:00+02:00,0.0
2025,CO2/CO/NOx,2025-08-25 10:00:00+02:00,0.0
2025,CO2/CO/NOx,2025-08-25 11:00:00+02:00,0.0
2025,CO2/CO/NOx,2025-08-25 12:00:00+02:00,0.0
2025,CO2/CO/NOx,2025-08-25 13:00:00+02:00,0.0
2025,CO2/CO/NOx,2025-08-25 14:00:00+02:00,0.0
2025,CO2/CO/NOx,2025-08-25 15:00:00+02:00,0.0
2025,CO2/CO/NOx,2025-08-25 16:00:00+02:00,0.0
2025,CO2/CO/NOx,2025-08-25 17:00:00+02:00,0.0
2025,CO2/CO/NOx,2025-08-25 18:00:00+02:00,0.0
2025,CO2/CO/NOx,2025-08-25 19:00:00+02:00,0.0
2025,CO2/CO/NOx,2025-08-25 20:00:00+02:00,0.0
2025,CO2/CO/NOx,2025-08-25 21:00:00+02:00,0.0
2025,CO2/CO/NOx,2025-08-25 22:00:00+02:00,0.0
2025,CO2/CO/NOx,2025-08-25 23:00:00+02:00,0.0
2025,CO2/CO/NOx,2025-08-26 00:00:00+02:00,0.0
2025,CO2/CO/NOx,2025-08-26 01:00:00+02:00,0.0
2025,CO2/CO/NOx,2025-08-26 02:00:00+02:00,0.0
2025,CO2/CO/NOx,2025-08-26 03:00:00+02:00,0.0
2025,CO2/CO/NOx,2025-08-26 04:00:00+02:00,0.0
2025,CO2/CO/NOx,2025-08-26 05:00:00+02:00,0.0
2025,CO2/CO/NOx,2025-08-26 06:00:00+02:00,0.0
2025,CO2/CO/NOx,2025-08-26 07:00:00+02:00,0.0
2025,CO2/CO/NOx,2025-08-26 08:00:00+02:00,0.0
2025,CO2/CO/NOx,2025-08-26 09:00:00+02:00,0.0
2025,CO2/CO/NOx,2025-08-26 10:00:00+02:00,0.0
2025,CO2/CO/NOx,2025-08-26 11:00:00+02:00,0.0
2025,CO2/CO/NOx,2025-08-26 12:00:00+02:00,0.0
2025,CO2/CO/NOx,2025-08-26 13:00:00+02:00,0.0
2025,CO2/CO/NOx,2025-08-26 14:00:00+02:00,0.0
2025,CO2/CO/NOx,2025-08-26 15:00:00+02:00,0.0
2025,CO2/CO/NOx,2025-08-26 16:00:00+02:00,0.0
2025,CO2/CO/NOx,2025-08-26 17:00:00+02:00,0.0
2025,CO2/CO/NOx,2025-08-26 18:00:00+02:00,0.0
2025,CO2/CO/NOx,2025-08-26 19:00:00+02:00,0.0
2025,CO2/CO/NOx,2025-08-26 20:00:00+02:00,0.0
2025,CO2/CO/NOx,2025-08-26 21:00:00+02:00,0.0
2025,CO2/CO/NOx,2025-08-26 22:00:00+02:00,0.0
2025,CO2/CO/NOx,2025-08-26 23:00:00+02:00,0.0
2025,CO2/CO/NOx,2025-08-27 00:00:00+02:00,0.0
2025,CO2/CO/NOx,2025-08-27 01:00:00+02:00,0.0
2025,CO2/CO/NOx,2025-08-27 02:00:00+02:00,0.0
2025,CO2/CO/NOx,2025-08-27 03:00:00+02:00,0.0
2025,CO2/CO/NOx,2025-08-27 04:00:00+02:00,0.0
2025,CO2/CO/NOx,2025-08-27 05:00:00+02:00,0.0
2025,CO2/CO/NOx,2025-08-27 06:00:00+02:00,0.0
2025,CO2/CO/NOx,2025-08-27 07:00:00+02:00,0.0
2025,CO2/CO/NOx,2025-08-27 08:00:00+02:00,0.0
2025,CO2/CO/NOx,2025-08-27 09:00:00+02:00,0.0
2025,CO2/CO/NOx,2025-08-27 10:00:00+02:00,0.0
2025,CO2/CO/NOx,2025-08-27 11:00:00+02:00,0.0
2025,CO2/CO/NOx,2025-08-27 12:00:00+02:00,0.0
2025,CO2/CO/NOx,2025-08-27 13:00:00+02:00,0.0
2025,CO2/CO/NOx,2025-08-27 14:00:00+02:00,0.0
2025,CO2/CO/NOx,2025-08-27 15:00:00+02:00,0.0
2025,CO2/CO/NOx,2025-08-27 16:00:00+02:00,0.0
2025,CO2/CO/NOx,2025-08-27 17:00:00+02:00,0.0
2025,CO2/CO/NOx,2025-08-27 18:00:00+02:00,0.0
2025,CO2/CO/NOx,2025-08-27 19:00:00+02:00,0.0
2025,CO2/CO/NOx,2025-08-27 20:00:00+02:00,0.0
2025,CO2/CO/NOx,2025-08-27 21:00:00+02:00,0.0
2025,CO2/CO/NOx,2025-08-27 22:00:00+02:00,0.0
2025,CO2/CO/NOx,2025-08-27 23:00:00+02:00,0.0
2025,CO2/CO/NOx,2025-08-28 00:00:00+02:00,0.0
2025,CO2/CO/NOx,2025-08-28 01:00:00+02:00,0.0
2025,CO2/CO/NOx,2025-08-28 02:00:00+02:00,0.0
2025,CO2/CO/NOx,2025-08-28 03:00:00+02:00,0.0
2025,CO2/CO/NOx,2025-08-28 04:00:00+02:00,0.0
2025,CO2/CO/NOx,2025-08-28 05:00:00+02:00,0.0
2025,CO2/CO/NOx,2025-08-28 06:00:00+02:00,0.0
2025,CO2/CO/NOx,2025-08-28 07:00:00+02:00,0.0
2025,CO2/CO/NOx,2025-08-28 08:00:00+02:00,0.0
2025,CO2/CO/NOx,2025-08-28 09:00:00+02:00,0.0
2025,CO2/CO/NOx,2025-08-28 10:00:00+02:00,0.0
2025,CO2/CO/NOx,2025-08-28 11:00:00+02:00,0.0
2025,CO2/CO/NOx,2025-08-28 12:00:00+02:00,0.0
2025,CO2/CO/NOx,2025-08-28 13:00:00+02:00,0.0
2025,CO2/CO/NOx,2025-08-28 14:00:00+02:00,0.0
2025,CO2/CO/NOx,2025-08-28 15:00:00+02:00,0.0
2025,CO2/CO/NOx,2025-08-28 16:00:00+02:00,0.0
2025,CO2/CO/NOx,2025-08-28 17:00:00+02:00,0.0
2025,CO2/CO/NOx,2025-08-28 18:00:00+02:00,0.0
2025,CO2/CO/NOx,2025-08-28 19:00:00+02:00,0.0
2025,CO2/CO/NOx,2025-08-28 20:00:00+02:00,0.0
2025,CO2/CO/NOx,2025-08-28 21:00:00+02:00,0.0
2025,CO2/CO/NOx,2025-08-28 22:00:00+02:00,0.0
2025,CO2/CO/NOx,2025-08-28 23:00:00+02:00,0.0
2025,CO2/CO/NOx,2025-08-29 00:00:00+02:00,0.0
2025,CO2/CO/NOx,2025-08-29 01:00:00+02:00,0.0
2025,CO2/CO/NOx,2025-08-29 02:00:00+02:00,0.0
2025,CO2/CO/NOx,2025-08-29 03:00:00+02:00,0.0
2025,CO2/CO/NOx,2025-08-29 04:00:00+02:00,0.0
2025,CO2/CO/NOx,2025-08-29 05:00:00+02:00,0.0
2025,CO2/CO/NOx,2025-08-29 06:00:00+02:00,0.0
2025,CO2/CO/NOx,2025-08-29 07:00:00+02:00,0.0
2025,CO2/CO/NOx,2025-08-29 08:00:00+02:00,0.0
2025,CO2/CO/NOx,2025-08-29 09:00:00+02:00,0.0
2025,CO2/CO/NOx,2025-08-29 10:00:00+02:00,0.0
2025,CO2/CO/NOx,2025-08-29 11:00:00+02:00,0.0
2025,CO2/CO/NOx,2025-08-29 12:00:00+02:00,0.0
2025,CO2/CO/NOx,2025-08-29 13:00:00+02:00,0.0
2025,CO2/CO/NOx,2025-08-29 14:00:00+02:00,0.0
2025,CO2/CO/NOx,2025-08-29 15:00:00+02:00,0.0
2025,CO2/CO/NOx,2025-08-29 16:00:00+02:00,0.0
2025,CO2/CO/NOx,2025-08-29 17:00:00+02:00,0.0
2025,CO2/CO/NOx,2025-08-29 18:00:00+02:00,0.0
2025,CO2/CO/NOx,2025-08-29 19:00:00+02:00,0.0
2025,CO2/CO/NOx,2025-08-29 20:00:00+02:00,0.0
2025,CO2/CO/NOx,2025-08-29 21:00:00+02:00,0.0
2025,CO2/CO/NOx,2025-08-29 22:00:00+02:00,0.0
2025,CO2/CO/NOx,2025-08-29 23:00:00+02:00,0.0
2025,CO2/CO/NOx,2025-08-30 00:00:00+02:00,0.0
2025,CO2/CO/NOx,2025-08-30 01:00:00+02:00,0.0
2025,CO2/CO/NOx,2025-08-30 02:00:00+02:00,0.0
2025,CO2/CO/NOx,2025-08-30 03:00:00+02:00,0.0
2025,CO2/CO/NOx,2025-08-30 04:00:00+02:00,0.0
2025,CO2/CO/NOx,2025-08-30 05:00:00+02:00,0.0
2025,CO2/CO/NOx,2025-08-30 06:00:00+02:00,0.0
2025,CO2/CO/NOx,2025-08-30 07:00:00+02:00,0.0
2025,CO2/CO/NOx,2025-08-30 08:00:00+02:00,0.0
2025,CO2/CO/NOx,2025-08-30 09:00:00+02:00,0.0
2025,CO2/CO/NOx,2025-08-30 10:00:00+02:00,0.0
2025,CO2/CO/NOx,2025-08-30 11:00:00+02:00,0.0
2025,CO2/CO/NOx,2025-08-30 12:00:00+02:00,0.0
2025,CO2/CO/NOx,2025-08-30 13:00:00+02:00,0.0
2025,CO2/CO/NOx,2025-08-30 14:00:00+02:00,0.0
2025,CO2/CO/NOx,2025-08-30 15:00:00+02:00,0.0
2025,CO2/CO/NOx,2025-08-30 16:00:00+02:00,0.0
2025,CO2/CO/NOx,2025-08-30 17:00:00+02:00,0.0
2025,CO2/CO/NOx,2025-08-30 18:00:00+02:00,0.013576779
2025,CO2/CO/NOx,2025-08-30 19:00:00+02:00,0.2579588
2025,CO2/CO/NOx,2025-08-30 20:00:00+02:00,0.3801498
2025,CO2/CO/NOx,2025-08-30 21:00:00+02:00,0.5023408
2025,CO2/CO/NOx,2025-08-30 22:00:00+02:00,0.3801498
2025,CO2/CO/NOx,2025-08-30 23:00:00+02:00,0.10182584
2025,CO2/CO/NOx,2025-08-31 00:00:00+02:00,0.0
2025,CO2/CO/NOx,2025-08-31 01:00:00+02:00,0.0
2025,CO2/CO/NOx,2025-08-31 02:00:00+02:00,0.0
2025,CO2/CO/NOx,2025-08-31 03:00:00+02:00,0.0
2025,CO2/CO/NOx,2025-08-31 04:00:00+02:00,0.0
2025,CO2/CO/NOx,2025-08-31 05:00:00+02:00,0.0
2025,CO2/CO/NOx,2025-08-31 06:00:00+02:00,0.0
2025,CO2/CO/NOx,2025-08-31 07:00:00+02:00,0.0
2025,CO2/CO/NOx,2025-08-31 08:00:00+02:00,0.0
2025,CO2/CO/NOx,2025-08-31 09:00:00+02:00,0.0
2025,CO2/CO/NOx,2025-08-31 10:00:00+02:00,0.0
2025,CO2/CO/NOx,2025-08-31 11:00:00+02:00,0.0
2025,CO2/CO/NOx,2025-08-31 12:00:00+02:00,0.0
2025,CO2/CO/NOx,2025-08-31 13:00:00+02:00,0.0
2025,CO2/CO/NOx,2025-08-31 14:00:00+02:00,0.0
2025,CO2/CO/NOx,2025-08-31 15:00:00+02:00,0.0
2025,CO2/CO/NOx,2025-08-31 16:00:00+02:00,0.0
2025,CO2/CO/NOx,2025-08-31 17:00:00+02:00,0.0
2025,CO2/CO/NOx,2025-08-31 18:00:00+02:00,0.0
2025,CO2/CO/NOx,2025-08-31 19:00:00+02:00,0.0
2025,CO2/CO/NOx,2025-08-31 20:00:00+02:00,0.0
2025,CO2/CO/NOx,2025-08-31 21:00:00+02:00,0.0
2025,CO2/CO/NOx,2025-08-31 22:00:00+02:00,0.0
2025,CO2/CO/NOx,2025-08-31 23:00:00+02:00,0.0
2025,CO2/CO/NOx,2025-09-01 00:00:00+02:00,0.0
2025,CO2/CO/NOx,2025-09-01 01:00:00+02:00,0.0
2025,CO2/CO/NOx,2025-09-01 02:00:00+02:00,0.0
2025,CO2/CO/NOx,2025-09-01 03:00:00+02:00,0.0
2025,CO2/CO/NOx,2025-09-01 04:00:00+02:00,0.0
2025,CO2/CO/NOx,2025-09-01 05:00:00+02:00,0.0
2025,CO2/CO/NOx,2025-09-01 06:00:00+02:00,0.0
2025,CO2/CO/NOx,2025-09-01 07:00:00+02:00,0.0
2025,CO2/CO/NOx,2025-09-01 08:00:00+02:00,0.0
2025,CO2/CO/NOx,2025-09-01 09:00:00+02:00,0.0
2025,CO2/CO/NOx,2025-09-01 10:00:00+02:00,0.0
2025,CO2/CO/NOx,2025-09-01 11:00:00+02:00,0.0
2025,CO2/CO/NOx,2025-09-01 12:00:00+02:00,0.0
2025,CO2/CO/NOx,2025-09-01 13:00:00+02:00,0.0
2025,CO2/CO/NOx,2025-09-01 14:00:00+02:00,0.0
2025,CO2/CO/NOx,2025-09-01 15:00:00+02:00,0.0
2025,CO2/CO/NOx,2025-09-01 16:00:00+02:00,0.0
2025,CO2/CO/NOx,2025-09-01 17:00:00+02:00,0.047518726
2025,CO2/CO/NOx,2025-09-01 18:00:00+02:00,0.5091292
2025,CO2/CO/NOx,2025-09-01 19:00:00+02:00,0.79424155
2025,CO2/CO/NOx,2025-09-01 20:00:00+02:00,0.86212546
2025,CO2/CO/NOx,2025-09-01 21:00:00+02:00,0.5566479
2025,CO2/CO/NOx,2025-09-01 22:00:00+02:00,0.020365167
2025,CO2/CO/NOx,2025-09-01 23:00:00+02:00,0.0
2025,CO2/CO/NOx,2025-09-02 00:00:00+02:00,0.0
2025,CO2/CO/NOx,2025-09-02 01:00:00+02:00,0.0
2025,CO2/CO/NOx,2025-09-02 02:00:00+02:00,0.0
2025,CO2/CO/NOx,2025-09-02 03:00:00+02:00,0.0
2025,CO2/CO/NOx,2025-09-02 04:00:00+02:00,0.009843165
2025,CO2/CO/NOx,2025-09-02 05:00:00+02:00,0.32703066
2025,CO2/CO/NOx,2025-09-02 06:00:00+02:00,0.36538506
2025,CO2/CO/NOx,2025-09-02 07:00:00+02:00,0.5554599
2025,CO2/CO/NOx,2025-09-02 08:00:00+02:00,0.5958509
2025,CO2/CO/NOx,2025-09-02 09:00:00+02:00,0.59568113
2025,CO2/CO/NOx,2025-09-02 10:00:00+02:00,0.5089595
2025,CO2/CO/NOx,2025-09-02 11:00:00+02:00,0.29546466
2025,CO2/CO/NOx,2025-09-02 12:00:00+02:00,0.0
2025,CO2/CO/NOx,2025-09-02 13:00:00+02:00,0.0
2025,CO2/CO/NOx,2025-09-02 14:00:00+02:00,0.0
2025,CO2/CO/NOx,2025-09-02 15:00:00+02:00,0.0
2025,CO2/CO/NOx,2025-09-02 16:00:00+02:00,0.01934691
2025,CO2/CO/NOx,2025-09-02 17:00:00+02:00,0.3015742
2025,CO2/CO/NOx,2025-09-02 18:00:00+02:00,0.6340356
2025,CO2/CO/NOx,2025-09-02 19:00:00+02:00,0.8926732
2025,CO2/CO/NOx,2025-09-02 20:00:00+02:00,0.8960674
2025,CO2/CO/NOx,2025-09-02 21:00:00+02:00,0.7755735
2025,CO2/CO/NOx,2025-09-02 22:00:00+02:00,0.5301732
2025,CO2/CO/NOx,2025-09-02 23:00:00+02:00,0.35401452
2025,CO2/CO/NOx,2025-09-03 00:00:00+02:00,0.0
2025,CO2/CO/NOx,2025-09-03 01:00:00+02:00,0.0
2025,CO2/CO/NOx,2025-09-03 02:00:00+02:00,0.0
2025,CO2/CO/NOx,2025-09-03 03:00:00+02:00,0.0
2025,CO2/CO/NOx,2025-09-03 04:00:00+02:00,0.010352294
2025,CO2/CO/NOx,2025-09-03 05:00:00+02:00,0.3175269
2025,CO2/CO/NOx,2025-09-03 06:00:00+02:00,0.6868153
2025,CO2/CO/NOx,2025-09-03 07:00:00+02:00,0.872308
2025,CO2/CO/NOx,2025-09-03 08:00:00+02:00,0.6277563
2025,CO2/CO/NOx,2025-09-03 09:00:00+02:00,0.2857912
2025,CO2/CO/NOx,2025-09-03 10:00:00+02:00,0.0
2025,CO2/CO/NOx,2025-09-03 11:00:00+02:00,0.0
2025,CO2/CO/NOx,2025-09-03 12:00:00+02:00,0.0
2025,CO2/CO/NOx,2025-09-03 13:00:00+02:00,0.0
2025,CO2/CO/NOx,2025-09-03 14:00:00+02:00,0.0
2025,CO2/CO/NOx,2025-09-03 15:00:00+02:00,0.0
2025,CO2/CO/NOx,2025-09-03 16:00:00+02:00,0.0
2025,CO2/CO/NOx,2025-09-03 17:00:00+02:00,0.0
2025,CO2/CO/NOx,2025-09-03 18:00:00+02:00,0.0
2025,CO2/CO/NOx,2025-09-03 19:00:00+02:00,0.0
2025,CO2/CO/NOx,2025-09-03 20:00:00+02:00,0.0
2025,CO2/CO/NOx,2025-09-03 21:00:00+02:00,0.0
2025,CO2/CO/NOx,2025-09-03 22:00:00+02:00,0.0
2025,CO2/CO/NOx,2025-09-03 23:00:00+02:00,0.20093633
2025,CO2/CO/NOx,2025-09-04 00:00:00+02:00,0.5883837
2025,CO2/CO/NOx,2025-09-04 01:00:00+02:00,0.48095736
2025,CO2/CO/NOx,2025-09-04 02:00:00+02:00,0.13220388
2025,CO2/CO/NOx,2025-09-04 03:00:00+02:00,0.0
2025,CO2/CO/NOx,2025-09-04 04:00:00+02:00,0.0
2025,CO2/CO/NOx,2025-09-04 05:00:00+02:00,0.0
2025,CO2/CO/NOx,2025-09-04 06:00:00+02:00,0.0
2025,CO2/CO/NOx,2025-09-04 07:00:00+02:00,0.0
2025,CO2/CO/NOx,2025-09-04 08:00:00+02:00,0.0
2025,CO2/CO/NOx,2025-09-04 09:00:00+02:00,0.0
2025,CO2/CO/NOx,2025-09-04 10:00:00+02:00,0.0
2025,CO2/CO/NOx,2025-09-04 11:00:00+02:00,0.0
2025,CO2/CO/NOx,2025-09-04 12:00:00+02:00,0.0
2025,CO2/CO/NOx,2025-09-04 13:00:00+02:00,0.0
2025,CO2/CO/NOx,2025-09-04 14:00:00+02:00,0.0
2025,CO2/CO/NOx,2025-09-04 15:00:00+02:00,0.0
2025,CO2/CO/NOx,2025-09-04 16:00:00+02:00,0.023929073
2025,CO2/CO/NOx,2025-09-04 17:00:00+02:00,0.3143024
2025,CO2/CO/NOx,2025-09-04 18:00:00+02:00,0.7928839
2025,CO2/CO/NOx,2025-09-04 19:00:00+02:00,0.86331344
2025,CO2/CO/NOx,2025-09-04 20:00:00+02:00,0.8694229
2025,CO2/CO/NOx,2025-09-04 21:00:00+02:00,0.67086256
2025,CO2/CO/NOx,2025-09-04 22:00:00+02:00,0.47349015
2025,CO2/CO/NOx,2025-09-04 23:00:00+02:00,0.09860135
2025,CO2/CO/NOx,2025-09-05 00:00:00+02:00,0.0
2025,CO2/CO/NOx,2025-09-05 01:00:00+02:00,0.0
2025,CO2/CO/NOx,2025-09-05 02:00:00+02:00,0.0
2025,CO2/CO/NOx,2025-09-05 03:00:00+02:00,0.0
2025,CO2/CO/NOx,2025-09-05 04:00:00+02:00,0.0
2025,CO2/CO/NOx,2025-09-05 05:00:00+02:00,0.0
2025,CO2/CO/NOx,2025-09-05 06:00:00+02:00,0.0
2025,CO2/CO/NOx,2025-09-05 07:00:00+02:00,0.0
2025,CO2/CO/NOx,2025-09-05 08:00:00+02:00,0.0
2025,CO2/CO/NOx,2025-09-05 09:00:00+02:00,0.0
2025,CO2/CO/NOx,2025-09-05 10:00:00+02:00,0.0
2025,CO2/CO/NOx,2025-09-05 11:00:00+02:00,0.0
2025,CO2/CO/NOx,2025-09-05 12:00:00+02:00,0.0
2025,CO2/CO/NOx,2025-09-05 13:00:00+02:00,0.0
2025,CO2/CO/NOx,2025-09-05 14:00:00+02:00,0.0
2025,CO2/CO/NOx,2025-09-05 15:00:00+02:00,0.0
2025,CO2/CO/NOx,2025-09-05 16:00:00+02:00,0.021553136
2025,CO2/CO/NOx,2025-09-05 17:00:00+02:00,0.34790495
2025,CO2/CO/NOx,2025-09-05 18:00:00+02:00,0.873496
2025,CO2/CO/NOx,2025-09-05 19:00:00+02:00,0.8819815
2025,CO2/CO/NOx,2025-09-05 20:00:00+02:00,0.8721384
2025,CO2/CO/NOx,2025-09-05 21:00:00+02:00,0.7188904
2025,CO2/CO/NOx,2025-09-05 22:00:00+02:00,0.6695049
2025,CO2/CO/NOx,2025-09-05 23:00:00+02:00,0.44956106
2025,CO2/CO/NOx,2025-09-06 00:00:00+02:00,0.36657304
2025,CO2/CO/NOx,2025-09-06 01:00:00+02:00,0.36657304
2025,CO2/CO/NOx,2025-09-06 02:00:00+02:00,0.36657304
2025,CO2/CO/NOx,2025-09-06 03:00:00+02:00,0.36657304
2025,CO2/CO/NOx,2025-09-06 04:00:00+02:00,0.36657304
2025,CO2/CO/NOx,2025-09-06 05:00:00+02:00,0.46839887
2025,CO2/CO/NOx,2025-09-06 06:00:00+02:00,0.5770131
2025,CO2/CO/NOx,2025-09-06 07:00:00+02:00,0.6041666
2025,CO2/CO/NOx,2025-09-06 08:00:00+02:00,0.52949435
2025,CO2/CO/NOx,2025-09-06 09:00:00+02:00,0.1289794
2025,CO2/CO/NOx,2025-09-06 10:00:00+02:00,0.0
2025,CO2/CO/NOx,2025-09-06 11:00:00+02:00,0.0
2025,CO2/CO/NOx,2025-09-06 12:00:00+02:00,0.0
2025,CO2/CO/NOx,2025-09-06 13:00:00+02:00,0.0
2025,CO2/CO/NOx,2025-09-06 14:00:00+02:00,0.0
2025,CO2/CO/NOx,2025-09-06 15:00:00+02:00,0.0
2025,CO2/CO/NOx,2025-09-06 16:00:00+02:00,0.0
2025,CO2/CO/NOx,2025-09-06 17:00:00+02:00,0.27832395
2025,CO2/CO/NOx,2025-09-06 18:00:00+02:00,0.6313202
2025,CO2/CO/NOx,2025-09-06 19:00:00+02:00,0.7874532
2025,CO2/CO/NOx,2025-09-06 20:00:00+02:00,0.7535112
2025,CO2/CO/NOx,2025-09-06 21:00:00+02:00,0.47518724
2025,CO2/CO/NOx,2025-09-06 22:00:00+02:00,0.40051496
2025,CO2/CO/NOx,2025-09-06 23:00:00+02:00,0.3733614
2025,CO2/CO/NOx,2025-09-07 00:00:00+02:00,0.36657304
2025,CO2/CO/NOx,2025-09-07 01:00:00+02:00,0.36657304
2025,CO2/CO/NOx,2025-09-07 02:00:00+02:00,0.36657304
2025,CO2/CO/NOx,2025-09-07 03:00:00+02:00,0.36657304
2025,CO2/CO/NOx,2025-09-07 04:00:00+02:00,0.36657304
2025,CO2/CO/NOx,2025-09-07 05:00:00+02:00,0.49555242
2025,CO2/CO/NOx,2025-09-07 06:00:00+02:00,0.5838015
2025,CO2/CO/NOx,2025-09-07 07:00:00+02:00,0.65168536
2025,CO2/CO/NOx,2025-09-07 08:00:00+02:00,0.29190075
2025,CO2/CO/NOx,2025-09-07 09:00:00+02:00,0.0
2025,CO2/CO/NOx,2025-09-07 10:00:00+02:00,0.0
2025,CO2/CO/NOx,2025-09-07 11:00:00+02:00,0.0
2025,CO2/CO/NOx,2025-09-07 12:00:00+02:00,0.0
2025,CO2/CO/NOx,2025-09-07 13:00:00+02:00,0.0
2025,CO2/CO/NOx,2025-09-07 14:00:00+02:00,0.0
2025,CO2/CO/NOx,2025-09-07 15:00:00+02:00,0.0
2025,CO2/CO/NOx,2025-09-07 16:00:00+02:00,0.0
2025,CO2/CO/NOx,2025-09-07 17:00:00+02:00,0.0067883893
2025,CO2/CO/NOx,2025-09-07 18:00:00+02:00,0.38693818
2025,CO2/CO/NOx,2025-09-07 19:00:00+02:00,0.6313202
2025,CO2/CO/NOx,2025-09-07 20:00:00+02:00,0.61774343
2025,CO2/CO/NOx,2025-09-07 21:00:00+02:00,0.5023408
2025,CO2/CO/NOx,2025-09-07 22:00:00+02:00,0.48876402
2025,CO2/CO/NOx,2025-09-07 23:00:00+02:00,0.48197564
2025,CO2/CO/NOx,2025-09-08 00:00:00+02:00,0.40051496
2025,CO2/CO/NOx,2025-09-08 01:00:00+02:00,0.36657304
2025,CO2/CO/NOx,2025-09-08 02:00:00+02:00,0.36657304
2025,CO2/CO/NOx,2025-09-08 03:00:00+02:00,0.36657304
2025,CO2/CO/NOx,2025-09-08 04:00:00+02:00,0.36657304
2025,CO2/CO/NOx,2025-09-08 05:00:00+02:00,0.41409174
2025,CO2/CO/NOx,2025-09-08 06:00:00+02:00,0.5770131
2025,CO2/CO/NOx,2025-09-08 07:00:00+02:00,0.8213951
2025,CO2/CO/NOx,2025-09-08 08:00:00+02:00,0.77387637
2025,CO2/CO/NOx,2025-09-08 09:00:00+02:00,0.46161047
2025,CO2/CO/NOx,2025-09-08 10:00:00+02:00,0.3801498
2025,CO2/CO/NOx,2025-09-08 11:00:00+02:00,0.36657304
2025,CO2/CO/NOx,2025-09-08 12:00:00+02:00,0.3937266
2025,CO2/CO/NOx,2025-09-08 13:00:00+02:00,0.40051496
2025,CO2/CO/NOx,2025-09-08 14:00:00+02:00,0.40051496
2025,CO2/CO/NOx,2025-09-08 15:00:00+02:00,0.40051496
2025,CO2/CO/NOx,2025-09-08 16:00:00+02:00,0.40051496
2025,CO2/CO/NOx,2025-09-08 17:00:00+02:00,0.644897
2025,CO2/CO/NOx,2025-09-08 18:00:00+02:00,0.88249063
2025,CO2/CO/NOx,2025-09-08 19:00:00+02:00,0.889279
2025,CO2/CO/NOx,2025-09-08 20:00:00+02:00,0.90285575
2025,CO2/CO/NOx,2025-09-08 21:00:00+02:00,0.9096442
2025,CO2/CO/NOx,2025-09-08 22:00:00+02:00,0.7874532
2025,CO2/CO/NOx,2025-09-08 23:00:00+02:00,0.42088014
2025,CO2/CO/NOx,2025-09-09 00:00:00+02:00,0.36657304
2025,CO2/CO/NOx,2025-09-09 01:00:00+02:00,0.36657304
2025,CO2/CO/NOx,2025-09-09 02:00:00+02:00,0.36657304
2025,CO2/CO/NOx,2025-09-09 03:00:00+02:00,0.36657304
2025,CO2/CO/NOx,2025-09-09 04:00:00+02:00,0.36657304
2025,CO2/CO/NOx,2025-09-09 05:00:00+02:00,0.46839887
2025,CO2/CO/NOx,2025-09-09 06:00:00+02:00,0.80781835
2025,CO2/CO/NOx,2025-09-09 07:00:00+02:00,0.91643256
2025,CO2/CO/NOx,2025-09-09 08:00:00+02:00,0.91643256
2025,CO2/CO/NOx,2025-09-09 09:00:00+02:00,0.80781835
2025,CO2/CO/NOx,2025-09-09 10:00:00+02:00,0.5905899
2025,CO2/CO/NOx,2025-09-09 11:00:00+02:00,0.5702247
2025,CO2/CO/NOx,2025-09-09 12:00:00+02:00,0.5702247
2025,CO2/CO/NOx,2025-09-09 13:00:00+02:00,0.5702247
2025,CO2/CO/NOx,2025-09-09 14:00:00+02:00,0.644897
2025,CO2/CO/NOx,2025-09-09 15:00:00+02:00,0.7331461
2025,CO2/CO/NOx,2025-09-09 16:00:00+02:00,0.8010299
2025,CO2/CO/NOx,2025-09-09 17:00:00+02:00,0.7535112
2025,CO2/CO/NOx,2025-09-09 18:00:00+02:00,0.7331461
2025,CO2/CO/NOx,2025-09-09 19:00:00+02:00,0.8960674
2025,CO2/CO/NOx,2025-09-09 20:00:00+02:00,0.84854865
2025,CO2/CO/NOx,2025-09-09 21:00:00+02:00,0.71956927
2025,CO2/CO/NOx,2025-09-09 22:00:00+02:00,0.6992041
2025,CO2/CO/NOx,2025-09-09 23:00:00+02:00,0.48197564
2025,CO2/CO/NOx,2025-09-10 00:00:00+02:00,0.35978463
2025,CO2/CO/NOx,2025-09-10 01:00:00+02:00,0.35978463
2025,CO2/CO/NOx,2025-09-10 02:00:00+02:00,0.35978463
2025,CO2/CO/NOx,2025-09-10 03:00:00+02:00,0.35978463
2025,CO2/CO/NOx,2025-09-10 04:00:00+02:00,0.35978463
2025,CO2/CO/NOx,2025-09-10 05:00:00+02:00,0.644897
2025,CO2/CO/NOx,2025-09-10 06:00:00+02:00,0.93679774
2025,CO2/CO/NOx,2025-09-10 07:00:00+02:00,0.93679774
2025,CO2/CO/NOx,2025-09-10 08:00:00+02:00,0.9300093
2025,CO2/CO/NOx,2025-09-10 09:00:00+02:00,0.889279
2025,CO2/CO/NOx,2025-09-10 10:00:00+02:00,0.70599246
2025,CO2/CO/NOx,2025-09-10 11:00:00+02:00,0.6381086
2025,CO2/CO/NOx,2025-09-10 12:00:00+02:00,0.65168536
2025,CO2/CO/NOx,2025-09-10 13:00:00+02:00,0.7602996
2025,CO2/CO/NOx,2025-09-10 14:00:00+02:00,0.767088
2025,CO2/CO/NOx,2025-09-10 15:00:00+02:00,0.767088
2025,CO2/CO/NOx,2025-09-10 16:00:00+02:00,0.77387637
2025,CO2/CO/NOx,2025-09-10 17:00:00+02:00,0.767088
2025,CO2/CO/NOx,2025-09-10 18:00:00+02:00,0.77387637
2025,CO2/CO/NOx,2025-09-10 19:00:00+02:00,0.77387637
2025,CO2/CO/NOx,2025-09-10 20:00:00+02:00,0.767088
2025,CO2/CO/NOx,2025-09-10 21:00:00+02:00,0.61095506
2025,CO2/CO/NOx,2025-09-10 22:00:00+02:00,0.61095506
2025,CO2/CO/NOx,2025-09-10 23:00:00+02:00,0.5362828
2025,CO2/CO/NOx,2025-09-11 00:00:00+02:00,0.40051496
2025,CO2/CO/NOx,2025-09-11 01:00:00+02:00,0.36657304
2025,CO2/CO/NOx,2025-09-11 02:00:00+02:00,0.36657304
2025,CO2/CO/NOx,2025-09-11 03:00:00+02:00,0.36657304
2025,CO2/CO/NOx,2025-09-11 04:00:00+02:00,0.36657304
2025,CO2/CO/NOx,2025-09-11 05:00:00+02:00,0.5634363
2025,CO2/CO/NOx,2025-09-11 06:00:00+02:00,0.9096442
2025,CO2/CO/NOx,2025-09-11 07:00:00+02:00,0.93679774
2025,CO2/CO/NOx,2025-09-11 08:00:00+02:00,0.9300093
2025,CO2/CO/NOx,2025-09-11 09:00:00+02:00,0.9300093
2025,CO2/CO/NOx,2025-09-11 10:00:00+02:00,0.5905899
2025,CO2/CO/NOx,2025-09-11 11:00:00+02:00,0.36657304
2025,CO2/CO/NOx,2025-09-11 12:00:00+02:00,0.11540262
2025,CO2/CO/NOx,2025-09-11 13:00:00+02:00,0.0
2025,CO2/CO/NOx,2025-09-11 14:00:00+02:00,0.0
2025,CO2/CO/NOx,2025-09-11 15:00:00+02:00,0.0
2025,CO2/CO/NOx,2025-09-11 16:00:00+02:00,0.0
2025,CO2/CO/NOx,2025-09-11 17:00:00+02:00,0.3122659
2025,CO2/CO/NOx,2025-09-11 18:00:00+02:00,0.8146067
2025,CO2/CO/NOx,2025-09-11 19:00:00+02:00,0.8349719
2025,CO2/CO/NOx,2025-09-11 20:00:00+02:00,0.8349719
2025,CO2/CO/NOx,2025-09-11 21:00:00+02:00,0.8281835
2025,CO2/CO/NOx,2025-09-11 22:00:00+02:00,0.6313202
2025,CO2/CO/NOx,2025-09-11 23:00:00+02:00,0.4276685
2025,CO2/CO/NOx,2025-09-12 00:00:00+02:00,0.096904255
2025,CO2/CO/NOx,2025-09-12 01:00:00+02:00,0.0
2025,CO2/CO/NOx,2025-09-12 02:00:00+02:00,0.0
2025,CO2/CO/NOx,2025-09-12 03:00:00+02:00,0.002545646
2025,CO2/CO/NOx,2025-09-12 04:00:00+02:00,0.3243153
2025,CO2/CO/NOx,2025-09-12 05:00:00+02:00,0.59313554
2025,CO2/CO/NOx,2025-09-12 06:00:00+02:00,0.71566594
2025,CO2/CO/NOx,2025-09-12 07:00:00+02:00,0.8970856
2025,CO2/CO/NOx,2025-09-12 08:00:00+02:00,0.9133778
2025,CO2/CO/NOx,2025-09-12 09:00:00+02:00,0.73569167
2025,CO2/CO/NOx,2025-09-12 10:00:00+02:00,0.50675327
2025,CO2/CO/NOx,2025-09-12 11:00:00+02:00,0.4010241
2025,CO2/CO/NOx,2025-09-12 12:00:00+02:00,0.08773993
2025,CO2/CO/NOx,2025-09-12 13:00:00+02:00,0.0
2025,CO2/CO/NOx,2025-09-12 14:00:00+02:00,0.0
2025,CO2/CO/NOx,2025-09-12 15:00:00+02:00,0.0
2025,CO2/CO/NOx,2025-09-12 16:00:00+02:00,0.0
2025,CO2/CO/NOx,2025-09-12 17:00:00+02:00,0.30428955
2025,CO2/CO/NOx,2025-09-12 18:00:00+02:00,0.67408705
2025,CO2/CO/NOx,2025-09-12 19:00:00+02:00,0.8819815
2025,CO2/CO/NOx,2025-09-12 20:00:00+02:00,0.91626287
2025,CO2/CO/NOx,2025-09-12 21:00:00+02:00,0.9188085
2025,CO2/CO/NOx,2025-09-12 22:00:00+02:00,0.9206753
2025,CO2/CO/NOx,2025-09-12 23:00:00+02:00,0.5754857
2025,CO2/CO/NOx,2025-09-13 00:00:00+02:00,0.35706925
2025,CO2/CO/NOx,2025-09-13 01:00:00+02:00,0.010522003
2025,CO2/CO/NOx,2025-09-13 02:00:00+02:00,0.0
2025,CO2/CO/NOx,2025-09-13 03:00:00+02:00,0.0
2025,CO2/CO/NOx,2025-09-13 04:00:00+02:00,0.0
2025,CO2/CO/NOx,2025-09-13 05:00:00+02:00,0.0
2025,CO2/CO/NOx,2025-09-13 06:00:00+02:00,0.0
2025,CO2/CO/NOx,2025-09-13 07:00:00+02:00,0.0
2025,CO2/CO/NOx,2025-09-13 08:00:00+02:00,0.0
2025,CO2/CO/NOx,2025-09-13 09:00:00+02:00,0.0
2025,CO2/CO/NOx,2025-09-13 10:00:00+02:00,0.0
2025,CO2/CO/NOx,2025-09-13 11:00:00+02:00,0.0
2025,CO2/CO/NOx,2025-09-13 12:00:00+02:00,0.0
2025,CO2/CO/NOx,2025-09-13 13:00:00+02:00,0.0
2025,CO2/CO/NOx,2025-09-13 14:00:00+02:00,0.0
2025,CO2/CO/NOx,2025-09-13 15:00:00+02:00,0.0
2025,CO2/CO/NOx,2025-09-13 16:00:00+02:00,0.0
2025,CO2/CO/NOx,2025-09-13 17:00:00+02:00,0.040051498
2025,CO2/CO/NOx,2025-09-13 18:00:00+02:00,0.39525396
2025,CO2/CO/NOx,2025-09-13 19:00:00+02:00,0.59720856
2025,CO2/CO/NOx,2025-09-13 20:00:00+02:00,0.6620377
2025,CO2/CO/NOx,2025-09-13 21:00:00+02:00,0.44209385
2025,CO2/CO/NOx,2025-09-13 22:00:00+02:00,0.35774812
2025,CO2/CO/NOx,2025-09-13 23:00:00+02:00,0.35774812
2025,CO2/CO/NOx,2025-09-14 00:00:00+02:00,0.35689956
2025,CO2/CO/NOx,2025-09-14 01:00:00+02:00,0.35774812
2025,CO2/CO/NOx,2025-09-14 02:00:00+02:00,0.35808754
2025,CO2/CO/NOx,2025-09-14 03:00:00+02:00,0.35842696
2025,CO2/CO/NOx,2025-09-14 04:00:00+02:00,0.35842696
2025,CO2/CO/NOx,2025-09-14 05:00:00+02:00,0.39508426
2025,CO2/CO/NOx,2025-09-14 06:00:00+02:00,0.4570283
2025,CO2/CO/NOx,2025-09-14 07:00:00+02:00,0.4570283
2025,CO2/CO/NOx,2025-09-14 08:00:00+02:00,0.4570283
2025,CO2/CO/NOx,2025-09-14 09:00:00+02:00,0.457198
2025,CO2/CO/NOx,2025-09-14 10:00:00+02:00,0.119984776
2025,CO2/CO/NOx,2025-09-14 11:00:00+02:00,0.0
2025,CO2/CO/NOx,2025-09-14 12:00:00+02:00,0.0
2025,CO2/CO/NOx,2025-09-14 13:00:00+02:00,0.0
2025,CO2/CO/NOx,2025-09-14 14:00:00+02:00,0.0
2025,CO2/CO/NOx,2025-09-14 15:00:00+02:00,0.021892555
2025,CO2/CO/NOx,2025-09-14 16:00:00+02:00,0.37743443
2025,CO2/CO/NOx,2025-09-14 17:00:00+02:00,0.44039676
2025,CO2/CO/NOx,2025-09-14 18:00:00+02:00,0.7849075
2025,CO2/CO/NOx,2025-09-14 19:00:00+02:00,0.9052318
2025,CO2/CO/NOx,2025-09-14 20:00:00+02:00,0.9104927
2025,CO2/CO/NOx,2025-09-14 21:00:00+02:00,0.914396
2025,CO2/CO/NOx,2025-09-14 22:00:00+02:00,0.7373888
2025,CO2/CO/NOx,2025-09-14 23:00:00+02:00,0.44345152
2025,CO2/CO/NOx,2025-09-15 00:00:00+02:00,0.07976358
2025,CO2/CO/NOx,2025-09-15 01:00:00+02:00,0.0
2025,CO2/CO/NOx,2025-09-15 02:00:00+02:00,0.0
2025,CO2/CO/NOx,2025-09-15 03:00:00+02:00,0.0
2025,CO2/CO/NOx,2025-09-15 04:00:00+02:00,0.0
2025,CO2/CO/NOx,2025-09-15 05:00:00+02:00,0.0
2025,CO2/CO/NOx,2025-09-15 06:00:00+02:00,0.0
2025,CO2/CO/NOx,2025-09-15 07:00:00+02:00,0.0
2025,CO2/CO/NOx,2025-09-15 08:00:00+02:00,0.0
2025,CO2/CO/NOx,2025-09-15 09:00:00+02:00,0.0
2025,CO2/CO/NOx,2025-09-15 10:00:00+02:00,0.0
2025,CO2/CO/NOx,2025-09-15 11:00:00+02:00,0.0
2025,CO2/CO/NOx,2025-09-15 12:00:00+02:00,0.0
2025,CO2/CO/NOx,2025-09-15 13:00:00+02:00,0.0
2025,CO2/CO/NOx,2025-09-15 14:00:00+02:00,0.0
2025,CO2/CO/NOx,2025-09-15 15:00:00+02:00,0.0
2025,CO2/CO/NOx,2025-09-15 16:00:00+02:00,0.0
2025,CO2/CO/NOx,2025-09-15 17:00:00+02:00,0.032923687
2025,CO2/CO/NOx,2025-09-15 18:00:00+02:00,0.6678078
2025,CO2/CO/NOx,2025-09-15 19:00:00+02:00,0.5819347
2025,CO2/CO/NOx,2025-09-15 20:00:00+02:00,0.29919827
2025,CO2/CO/NOx,2025-09-15 21:00:00+02:00,0.0
2025,CO2/CO/NOx,2025-09-15 22:00:00+02:00,0.0
2025,CO2/CO/NOx,2025-09-15 23:00:00+02:00,0.0
2025,CO2/CO/NOx,2025-09-16 00:00:00+02:00,0.0
2025,CO2/CO/NOx,2025-09-16 01:00:00+02:00,0.0
2025,CO2/CO/NOx,2025-09-16 02:00:00+02:00,0.0
2025,CO2/CO/NOx,2025-09-16 03:00:00+02:00,0.0
2025,CO2/CO/NOx,2025-09-16 04:00:00+02:00,0.0
2025,CO2/CO/NOx,2025-09-16 05:00:00+02:00,0.002545646
2025,CO2/CO/NOx,2025-09-16 06:00:00+02:00,0.377095
2025,CO2/CO/NOx,2025-09-16 07:00:00+02:00,0.87722963
2025,CO2/CO/NOx,2025-09-16 08:00:00+02:00,0.91202015
2025,CO2/CO/NOx,2025-09-16 09:00:00+02:00,0.5746372
2025,CO2/CO/NOx,2025-09-16 10:00:00+02:00,0.35689956
2025,CO2/CO/NOx,2025-09-16 11:00:00+02:00,0.35672987
2025,CO2/CO/NOx,2025-09-16 12:00:00+02:00,0.008315777
2025,CO2/CO/NOx,2025-09-16 13:00:00+02:00,0.0
2025,CO2/CO/NOx,2025-09-16 14:00:00+02:00,0.0
2025,CO2/CO/NOx,2025-09-16 15:00:00+02:00,0.0
2025,CO2/CO/NOx,2025-09-16 16:00:00+02:00,0.0
2025,CO2/CO/NOx,2025-09-16 17:00:00+02:00,0.0
2025,CO2/CO/NOx,2025-09-16 18:00:00+02:00,0.14391387
2025,CO2/CO/NOx,2025-09-16 19:00:00+02:00,0.65779495
2025,CO2/CO/NOx,2025-09-16 20:00:00+02:00,0.661868
2025,CO2/CO/NOx,2025-09-16 21:00:00+02:00,0.78762287
2025,CO2/CO/NOx,2025-09-16 22:00:00+02:00,0.7071805
2025,CO2/CO/NOx,2025-09-16 23:00:00+02:00,0.44599715
2025,CO2/CO/NOx,2025-09-17 00:00:00+02:00,0.008146067
2025,CO2/CO/NOx,2025-09-17 01:00:00+02:00,0.0
2025,CO2/CO/NOx,2025-09-17 02:00:00+02:00,0.0
2025,CO2/CO/NOx,2025-09-17 03:00:00+02:00,0.0
2025,CO2/CO/NOx,2025-09-17 04:00:00+02:00,0.0
2025,CO2/CO/NOx,2025-09-17 05:00:00+02:00,0.31498128
2025,CO2/CO/NOx,2025-09-17 06:00:00+02:00,0.55783594
2025,CO2/CO/NOx,2025-09-17 07:00:00+02:00,0.8943703
2025,CO2/CO/NOx,2025-09-17 08:00:00+02:00,0.92933047
2025,CO2/CO/NOx,2025-09-17 09:00:00+02:00,0.80561215
2025,CO2/CO/NOx,2025-09-17 10:00:00+02:00,0.49046114
2025,CO2/CO/NOx,2025-09-17 11:00:00+02:00,0.35554188
2025,CO2/CO/NOx,2025-09-17 12:00:00+02:00,0.0035639042
2025,CO2/CO/NOx,2025-09-17 13:00:00+02:00,0.0
2025,CO2/CO/NOx,2025-09-17 14:00:00+02:00,0.0
2025,CO2/CO/NOx,2025-09-17 15:00:00+02:00,0.0
2025,CO2/CO/NOx,2025-09-17 16:00:00+02:00,0.31413272
2025,CO2/CO/NOx,2025-09-17 17:00:00+02:00,0.56479394
2025,CO2/CO/NOx,2025-09-17 18:00:00+02:00,0.8341233
2025,CO2/CO/NOx,2025-09-17 19:00:00+02:00,0.86450136
2025,CO2/CO/NOx,2025-09-17 20:00:00+02:00,0.8646711
2025,CO2/CO/NOx,2025-09-17 21:00:00+02:00,0.8646711
2025,CO2/CO/NOx,2025-09-17 22:00:00+02:00,0.70463485
2025,CO2/CO/NOx,2025-09-17 23:00:00+02:00,0.5031894
2025,CO2/CO/NOx,2025-09-18 00:00:00+02:00,0.39338717
2025,CO2/CO/NOx,2025-09-18 01:00:00+02:00,0.3908415
2025,CO2/CO/NOx,2025-09-18 02:00:00+02:00,0.36742157
2025,CO2/CO/NOx,2025-09-18 03:00:00+02:00,0.35689956
2025,CO2/CO/NOx,2025-09-18 04:00:00+02:00,0.35723898
2025,CO2/CO/NOx,2025-09-18 05:00:00+02:00,0.46296814
2025,CO2/CO/NOx,2025-09-18 06:00:00+02:00,0.7883017
2025,CO2/CO/NOx,2025-09-18 07:00:00+02:00,0.9023467
2025,CO2/CO/NOx,2025-09-18 08:00:00+02:00,0.9255969
2025,CO2/CO/NOx,2025-09-18 09:00:00+02:00,0.90625
2025,CO2/CO/NOx,2025-09-18 10:00:00+02:00,0.35656017
2025,CO2/CO/NOx,2025-09-18 11:00:00+02:00,0.0
2025,CO2/CO/NOx,2025-09-18 12:00:00+02:00,0.0
2025,CO2/CO/NOx,2025-09-18 13:00:00+02:00,0.0
2025,CO2/CO/NOx,2025-09-18 14:00:00+02:00,0.0
2025,CO2/CO/NOx,2025-09-18 15:00:00+02:00,0.0
2025,CO2/CO/NOx,2025-09-18 16:00:00+02:00,0.022741104
2025,CO2/CO/NOx,2025-09-18 17:00:00+02:00,0.38065892
2025,CO2/CO/NOx,2025-09-18 18:00:00+02:00,0.3908415
2025,CO2/CO/NOx,2025-09-18 19:00:00+02:00,0.413922
2025,CO2/CO/NOx,2025-09-18 20:00:00+02:00,0.45889512
2025,CO2/CO/NOx,2025-09-18 21:00:00+02:00,0.4587254
2025,CO2/CO/NOx,2025-09-18 22:00:00+02:00,0.42953533
2025,CO2/CO/NOx,2025-09-18 23:00:00+02:00,0.394066
2025,CO2/CO/NOx,2025-09-19 00:00:00+02:00,0.09503745
2025,CO2/CO/NOx,2025-09-19 01:00:00+02:00,0.0
2025,CO2/CO/NOx,2025-09-19 02:00:00+02:00,0.0
2025,CO2/CO/NOx,2025-09-19 03:00:00+02:00,0.18600187
2025,CO2/CO/NOx,2025-09-19 04:00:00+02:00,0.44531834
2025,CO2/CO/NOx,2025-09-19 05:00:00+02:00,0.5968692
2025,CO2/CO/NOx,2025-09-19 06:00:00+02:00,0.86331344
2025,CO2/CO/NOx,2025-09-19 07:00:00+02:00,0.93255496
2025,CO2/CO/NOx,2025-09-19 08:00:00+02:00,0.9259363
2025,CO2/CO/NOx,2025-09-19 09:00:00+02:00,0.7204178
2025,CO2/CO/NOx,2025-09-19 10:00:00+02:00,0.26237124
2025,CO2/CO/NOx,2025-09-19 11:00:00+02:00,0.0
2025,CO2/CO/NOx,2025-09-19 12:00:00+02:00,0.0
2025,CO2/CO/NOx,2025-09-19 13:00:00+02:00,0.0
2025,CO2/CO/NOx,2025-09-19 14:00:00+02:00,0.0
2025,CO2/CO/NOx,2025-09-19 15:00:00+02:00,0.0
2025,CO2/CO/NOx,2025-09-19 16:00:00+02:00,0.0
2025,CO2/CO/NOx,2025-09-19 17:00:00+02:00,0.0
2025,CO2/CO/NOx,2025-09-19 18:00:00+02:00,0.0
2025,CO2/CO/NOx,2025-09-19 19:00:00+02:00,0.0
2025,CO2/CO/NOx,2025-09-19 20:00:00+02:00,0.0
2025,CO2/CO/NOx,2025-09-19 21:00:00+02:00,0.0
2025,CO2/CO/NOx,2025-09-19 22:00:00+02:00,0.0
2025,CO2/CO/NOx,2025-09-19 23:00:00+02:00,0.0
2025,CO2/CO/NOx,2025-09-20 00:00:00+02:00,0.0
2025,CO2/CO/NOx,2025-09-20 01:00:00+02:00,0.0
2025,CO2/CO/NOx,2025-09-20 02:00:00+02:00,0.0
2025,CO2/CO/NOx,2025-09-20 03:00:00+02:00,0.0
2025,CO2/CO/NOx,2025-09-20 04:00:00+02:00,0.0
2025,CO2/CO/NOx,2025-09-20 05:00:00+02:00,0.0
2025,CO2/CO/NOx,2025-09-20 06:00:00+02:00,0.0
2025,CO2/CO/NOx,2025-09-20 07:00:00+02:00,0.0
2025,CO2/CO/NOx,2025-09-20 08:00:00+02:00,0.0
2025,CO2/CO/NOx,2025-09-20 09:00:00+02:00,0.0
2025,CO2/CO/NOx,2025-09-20 10:00:00+02:00,0.0
2025,CO2/CO/NOx,2025-09-20 11:00:00+02:00,0.0
2025,CO2/CO/NOx,2025-09-20 12:00:00+02:00,0.0
2025,CO2/CO/NOx,2025-09-20 13:00:00+02:00,0.0
2025,CO2/CO/NOx,2025-09-20 14:00:00+02:00,0.0
2025,CO2/CO/NOx,2025-09-20 15:00:00+02:00,0.0
2025,CO2/CO/NOx,2025-09-20 16:00:00+02:00,0.0
2025,CO2/CO/NOx,2025-09-20 17:00:00+02:00,0.0
2025,CO2/CO/NOx,2025-09-20 18:00:00+02:00,0.0
2025,CO2/CO/NOx,2025-09-20 19:00:00+02:00,0.0
2025,CO2/CO/NOx,2025-09-20 20:00:00+02:00,0.0
2025,CO2/CO/NOx,2025-09-20 21:00:00+02:00,0.0
2025,CO2/CO/NOx,2025-09-20 22:00:00+02:00,0.0
2025,CO2/CO/NOx,2025-09-20 23:00:00+02:00,0.0
2025,CO2/CO/NOx,2025-09-21 00:00:00+02:00,0.0
2025,CO2/CO/NOx,2025-09-21 01:00:00+02:00,0.0
2025,CO2/CO/NOx,2025-09-21 02:00:00+02:00,0.0
2025,CO2/CO/NOx,2025-09-21 03:00:00+02:00,0.0
2025,CO2/CO/NOx,2025-09-21 04:00:00+02:00,0.035129916
2025,CO2/CO/NOx,2025-09-21 05:00:00+02:00,0.37353113
2025,CO2/CO/NOx,2025-09-21 06:00:00+02:00,0.5474836
2025,CO2/CO/NOx,2025-09-21 07:00:00+02:00,0.4967404
2025,CO2/CO/NOx,2025-09-21 08:00:00+02:00,0.35672987
2025,CO2/CO/NOx,2025-09-21 09:00:00+02:00,0.100977294
2025,CO2/CO/NOx,2025-09-21 10:00:00+02:00,0.0
2025,CO2/CO/NOx,2025-09-21 11:00:00+02:00,0.0
2025,CO2/CO/NOx,2025-09-21 12:00:00+02:00,0.0
2025,CO2/CO/NOx,2025-09-21 13:00:00+02:00,0.0
2025,CO2/CO/NOx,2025-09-21 14:00:00+02:00,0.0
2025,CO2/CO/NOx,2025-09-21 15:00:00+02:00,0.0
2025,CO2/CO/NOx,2025-09-21 16:00:00+02:00,0.0
2025,CO2/CO/NOx,2025-09-21 17:00:00+02:00,0.0
2025,CO2/CO/NOx,2025-09-21 18:00:00+02:00,0.0
2025,CO2/CO/NOx,2025-09-21 19:00:00+02:00,0.0
2025,CO2/CO/NOx,2025-09-21 20:00:00+02:00,0.0
2025,CO2/CO/NOx,2025-09-21 21:00:00+02:00,0.0
2025,CO2/CO/NOx,2025-09-21 22:00:00+02:00,0.0
2025,CO2/CO/NOx,2025-09-21 23:00:00+02:00,0.0
2025,CO2/CO/NOx,2025-09-22 00:00:00+02:00,0.0
2025,CO2/CO/NOx,2025-09-22 01:00:00+02:00,0.0
2025,CO2/CO/NOx,2025-09-22 02:00:00+02:00,0.0
2025,CO2/CO/NOx,2025-09-22 03:00:00+02:00,0.0
2025,CO2/CO/NOx,2025-09-22 04:00:00+02:00,0.0
2025,CO2/CO/NOx,2025-09-22 05:00:00+02:00,0.2700082
2025,CO2/CO/NOx,2025-09-22 06:00:00+02:00,0.34977177
2025,CO2/CO/NOx,2025-09-22 07:00:00+02:00,0.34960204
2025,CO2/CO/NOx,2025-09-22 08:00:00+02:00,0.3558813
2025,CO2/CO/NOx,2025-09-22 09:00:00+02:00,0.36504564
2025,CO2/CO/NOx,2025-09-22 10:00:00+02:00,0.42648056
2025,CO2/CO/NOx,2025-09-22 11:00:00+02:00,0.430893
2025,CO2/CO/NOx,2025-09-22 12:00:00+02:00,0.4755267
2025,CO2/CO/NOx,2025-09-22 13:00:00+02:00,0.4867275
2025,CO2/CO/NOx,2025-09-22 14:00:00+02:00,0.43106273
2025,CO2/CO/NOx,2025-09-22 15:00:00+02:00,0.3871079
2025,CO2/CO/NOx,2025-09-22 16:00:00+02:00,0.36521533
2025,CO2/CO/NOx,2025-09-22 17:00:00+02:00,0.61842227
2025,CO2/CO/NOx,2025-09-22 18:00:00+02:00,0.6788389
2025,CO2/CO/NOx,2025-09-22 19:00:00+02:00,0.70412564
2025,CO2/CO/NOx,2025-09-22 20:00:00+02:00,0.6885124
2025,CO2/CO/NOx,2025-09-22 21:00:00+02:00,0.670014
2025,CO2/CO/NOx,2025-09-22 22:00:00+02:00,0.4865578
2025,CO2/CO/NOx,2025-09-22 23:00:00+02:00,0.08485486
2025,CO2/CO/NOx,2025-09-23 00:00:00+02:00,0.0
2025,CO2/CO/NOx,2025-09-23 01:00:00+02:00,0.0
2025,CO2/CO/NOx,2025-09-23 02:00:00+02:00,0.0
2025,CO2/CO/NOx,2025-09-23 03:00:00+02:00,0.0023759361
2025,CO2/CO/NOx,2025-09-23 04:00:00+02:00,0.31073853
2025,CO2/CO/NOx,2025-09-23 05:00:00+02:00,0.52745783
2025,CO2/CO/NOx,2025-09-23 06:00:00+02:00,0.86042833
2025,CO2/CO/NOx,2025-09-23 07:00:00+02:00,0.9520716
2025,CO2/CO/NOx,2025-09-23 08:00:00+02:00,0.95173216
2025,CO2/CO/NOx,2025-09-23 09:00:00+02:00,0.91626287
2025,CO2/CO/NOx,2025-09-23 10:00:00+02:00,0.8707806
2025,CO2/CO/NOx,2025-09-23 11:00:00+02:00,0.71447796
2025,CO2/CO/NOx,2025-09-23 12:00:00+02:00,0.6345447
2025,CO2/CO/NOx,2025-09-23 13:00:00+02:00,0.513881
2025,CO2/CO/NOx,2025-09-23 14:00:00+02:00,0.8414208
2025,CO2/CO/NOx,2025-09-23 15:00:00+02:00,0.87179893
2025,CO2/CO/NOx,2025-09-23 16:00:00+02:00,0.81969804
2025,CO2/CO/NOx,2025-09-23 17:00:00+02:00,0.8646711
2025,CO2/CO/NOx,2025-09-23 18:00:00+02:00,0.90794706
2025,CO2/CO/NOx,2025-09-23 19:00:00+02:00,0.87332624
2025,CO2/CO/NOx,2025-09-23 20:00:00+02:00,0.873496
2025,CO2/CO/NOx,2025-09-23 21:00:00+02:00,0.8470213
2025,CO2/CO/NOx,2025-09-23 22:00:00+02:00,0.6976767
2025,CO2/CO/NOx,2025-09-23 23:00:00+02:00,0.4271594
2025,CO2/CO/NOx,2025-09-24 00:00:00+02:00,0.36708215
2025,CO2/CO/NOx,2025-09-24 01:00:00+02:00,0.36674273
2025,CO2/CO/NOx,2025-09-24 02:00:00+02:00,0.36691242
2025,CO2/CO/NOx,2025-09-24 03:00:00+02:00,0.36708215
2025,CO2/CO/NOx,2025-09-24 04:00:00+02:00,0.367761
2025,CO2/CO/NOx,2025-09-24 05:00:00+02:00,0.5661517
2025,CO2/CO/NOx,2025-09-24 06:00:00+02:00,0.8420997
2025,CO2/CO/NOx,2025-09-24 07:00:00+02:00,0.90574086
2025,CO2/CO/NOx,2025-09-24 08:00:00+02:00,0.80476356
2025,CO2/CO/NOx,2025-09-24 09:00:00+02:00,0.90811676
2025,CO2/CO/NOx,2025-09-24 10:00:00+02:00,0.81969804
2025,CO2/CO/NOx,2025-09-24 11:00:00+02:00,0.7811739
2025,CO2/CO/NOx,2025-09-24 12:00:00+02:00,0.70735013
2025,CO2/CO/NOx,2025-09-24 13:00:00+02:00,0.6484609
2025,CO2/CO/NOx,2025-09-24 14:00:00+02:00,0.8037453
2025,CO2/CO/NOx,2025-09-24 15:00:00+02:00,0.87400514
2025,CO2/CO/NOx,2025-09-24 16:00:00+02:00,0.8863939
2025,CO2/CO/NOx,2025-09-24 17:00:00+02:00,0.9503745
2025,CO2/CO/NOx,2025-09-24 18:00:00+02:00,0.9505442
2025,CO2/CO/NOx,2025-09-24 19:00:00+02:00,0.9513927
2025,CO2/CO/NOx,2025-09-24 20:00:00+02:00,0.95292014
2025,CO2/CO/NOx,2025-09-24 21:00:00+02:00,0.6992041
2025,CO2/CO/NOx,2025-09-24 22:00:00+02:00,0.5890625
2025,CO2/CO/NOx,2025-09-24 23:00:00+02:00,0.44514862
2025,CO2/CO/NOx,2025-09-25 00:00:00+02:00,0.36742157
2025,CO2/CO/NOx,2025-09-25 01:00:00+02:00,0.36725184
2025,CO2/CO/NOx,2025-09-25 02:00:00+02:00,0.36742157
2025,CO2/CO/NOx,2025-09-25 03:00:00+02:00,0.36725184
2025,CO2/CO/NOx,2025-09-25 04:00:00+02:00,0.4724719
2025,CO2/CO/NOx,2025-09-25 05:00:00+02:00,0.7350129
2025,CO2/CO/NOx,2025-09-25 06:00:00+02:00,0.857713
2025,CO2/CO/NOx,2025-09-25 07:00:00+02:00,0.8743446
2025,CO2/CO/NOx,2025-09-25 08:00:00+02:00,0.8806238
2025,CO2/CO/NOx,2025-09-25 09:00:00+02:00,0.93883425
2025,CO2/CO/NOx,2025-09-25 10:00:00+02:00,0.9537687
2025,CO2/CO/NOx,2025-09-25 11:00:00+02:00,0.91015327
2025,CO2/CO/NOx,2025-09-25 12:00:00+02:00,0.8857151
2025,CO2/CO/NOx,2025-09-25 13:00:00+02:00,0.8402329
2025,CO2/CO/NOx,2025-09-25 14:00:00+02:00,0.8064607
2025,CO2/CO/NOx,2025-09-25 15:00:00+02:00,0.81834036
2025,CO2/CO/NOx,2025-09-25 16:00:00+02:00,0.8539794
2025,CO2/CO/NOx,2025-09-25 17:00:00+02:00,0.84091175
2025,CO2/CO/NOx,2025-09-25 18:00:00+02:00,0.9352703
2025,CO2/CO/NOx,2025-09-25 19:00:00+02:00,0.9408708
2025,CO2/CO/NOx,2025-09-25 20:00:00+02:00,0.8539794
2025,CO2/CO/NOx,2025-09-25 21:00:00+02:00,0.80493325
2025,CO2/CO/NOx,2025-09-25 22:00:00+02:00,0.7161751
2025,CO2/CO/NOx,2025-09-25 23:00:00+02:00,0.49029142
2025,CO2/CO/NOx,2025-09-26 00:00:00+02:00,0.38320458
2025,CO2/CO/NOx,2025-09-26 01:00:00+02:00,0.41341293
2025,CO2/CO/NOx,2025-09-26 02:00:00+02:00,0.40204236
2025,CO2/CO/NOx,2025-09-26 03:00:00+02:00,0.4079822
2025,CO2/CO/NOx,2025-09-26 04:00:00+02:00,0.6041666
2025,CO2/CO/NOx,2025-09-26 05:00:00+02:00,0.867047
2025,CO2/CO/NOx,2025-09-26 06:00:00+02:00,0.94715
2025,CO2/CO/NOx,2025-09-26 07:00:00+02:00,0.9481683
2025,CO2/CO/NOx,2025-09-26 08:00:00+02:00,0.948338
2025,CO2/CO/NOx,2025-09-26 09:00:00+02:00,0.94715
2025,CO2/CO/NOx,2025-09-26 10:00:00+02:00,0.8977645
2025,CO2/CO/NOx,2025-09-26 11:00:00+02:00,0.8280138
2025,CO2/CO/NOx,2025-09-26 12:00:00+02:00,0.7609784
2025,CO2/CO/NOx,2025-09-26 13:00:00+02:00,0.689361
2025,CO2/CO/NOx,2025-09-26 14:00:00+02:00,0.6277563
2025,CO2/CO/NOx,2025-09-26 15:00:00+02:00,0.58023757
2025,CO2/CO/NOx,2025-09-26 16:00:00+02:00,0.6158766
2025,CO2/CO/NOx,2025-09-26 17:00:00+02:00,0.83242625
2025,CO2/CO/NOx,2025-09-26 18:00:00+02:00,0.92763335
2025,CO2/CO/NOx,2025-09-26 19:00:00+02:00,0.9330641
2025,CO2/CO/NOx,2025-09-26 20:00:00+02:00,0.93459153
2025,CO2/CO/NOx,2025-09-26 21:00:00+02:00,0.93476117
2025,CO2/CO/NOx,2025-09-26 22:00:00+02:00,0.6533825
2025,CO2/CO/NOx,2025-09-26 23:00:00+02:00,0.43819055
2025,CO2/CO/NOx,2025-09-27 00:00:00+02:00,0.40458798
2025,CO2/CO/NOx,2025-09-27 01:00:00+02:00,0.37387055
2025,CO2/CO/NOx,2025-09-27 02:00:00+02:00,0.3767556
2025,CO2/CO/NOx,2025-09-27 03:00:00+02:00,0.38235602
2025,CO2/CO/NOx,2025-09-27 04:00:00+02:00,0.4989466
2025,CO2/CO/NOx,2025-09-27 05:00:00+02:00,0.5871957
2025,CO2/CO/NOx,2025-09-27 06:00:00+02:00,0.7767615
2025,CO2/CO/NOx,2025-09-27 07:00:00+02:00,0.91863877
2025,CO2/CO/NOx,2025-09-27 08:00:00+02:00,0.9479985
2025,CO2/CO/NOx,2025-09-27 09:00:00+02:00,0.9463014
2025,CO2/CO/NOx,2025-09-27 10:00:00+02:00,0.94613177
2025,CO2/CO/NOx,2025-09-27 11:00:00+02:00,0.71973896
2025,CO2/CO/NOx,2025-09-27 12:00:00+02:00,0.6491397
2025,CO2/CO/NOx,2025-09-27 13:00:00+02:00,0.58023757
2025,CO2/CO/NOx,2025-09-27 14:00:00+02:00,0.5211786
2025,CO2/CO/NOx,2025-09-27 15:00:00+02:00,0.48265448
2025,CO2/CO/NOx,2025-09-27 16:00:00+02:00,0.5423923
2025,CO2/CO/NOx,2025-09-27 17:00:00+02:00,0.80136937
2025,CO2/CO/NOx,2025-09-27 18:00:00+02:00,0.86976236
2025,CO2/CO/NOx,2025-09-27 19:00:00+02:00,0.86976236
2025,CO2/CO/NOx,2025-09-27 20:00:00+02:00,0.87112004
2025,CO2/CO/NOx,2025-09-27 21:00:00+02:00,0.87332624
2025,CO2/CO/NOx,2025-09-27 22:00:00+02:00,0.8736657
2025,CO2/CO/NOx,2025-09-27 23:00:00+02:00,0.71753275
2025,CO2/CO/NOx,2025-09-28 00:00:00+02:00,0.62147707
2025,CO2/CO/NOx,2025-09-28 01:00:00+02:00,0.6031484
2025,CO2/CO/NOx,2025-09-28 02:00:00+02:00,0.6084094
2025,CO2/CO/NOx,2025-09-28 03:00:00+02:00,0.6202891
2025,CO2/CO/NOx,2025-09-28 04:00:00+02:00,0.7767615
2025,CO2/CO/NOx,2025-09-28 05:00:00+02:00,0.8414208
2025,CO2/CO/NOx,2025-09-28 06:00:00+02:00,0.8415905
2025,CO2/CO/NOx,2025-09-28 07:00:00+02:00,0.8405723
2025,CO2/CO/NOx,2025-09-28 08:00:00+02:00,0.8415905
2025,CO2/CO/NOx,2025-09-28 09:00:00+02:00,0.79135644
2025,CO2/CO/NOx,2025-09-28 10:00:00+02:00,0.70497423
2025,CO2/CO/NOx,2025-09-28 11:00:00+02:00,0.5905899
2025,CO2/CO/NOx,2025-09-28 12:00:00+02:00,0.1551147
2025,CO2/CO/NOx,2025-09-28 13:00:00+02:00,0.0
2025,CO2/CO/NOx,2025-09-28 14:00:00+02:00,0.0
2025,CO2/CO/NOx,2025-09-28 15:00:00+02:00,0.00084854866
2025,CO2/CO/NOx,2025-09-28 16:00:00+02:00,0.33687383
2025,CO2/CO/NOx,2025-09-28 17:00:00+02:00,0.6588132
2025,CO2/CO/NOx,2025-09-28 18:00:00+02:00,0.9230513
2025,CO2/CO/NOx,2025-09-28 19:00:00+02:00,0.9295002
2025,CO2/CO/NOx,2025-09-28 20:00:00+02:00,0.9317064
2025,CO2/CO/NOx,2025-09-28 21:00:00+02:00,0.9391737
2025,CO2/CO/NOx,2025-09-28 22:00:00+02:00,0.67951775
2025,CO2/CO/NOx,2025-09-28 23:00:00+02:00,0.5194815
2025,CO2/CO/NOx,2025-09-29 00:00:00+02:00,0.43581456
2025,CO2/CO/NOx,2025-09-29 01:00:00+02:00,0.44497895
2025,CO2/CO/NOx,2025-09-29 02:00:00+02:00,0.5417135
2025,CO2/CO/NOx,2025-09-29 03:00:00+02:00,0.550199
2025,CO2/CO/NOx,2025-09-29 04:00:00+02:00,0.58668655
2025,CO2/CO/NOx,2025-09-29 05:00:00+02:00,0.8303897
2025,CO2/CO/NOx,2025-09-29 06:00:00+02:00,0.9595389
2025,CO2/CO/NOx,2025-09-29 07:00:00+02:00,0.95869035
2025,CO2/CO/NOx,2025-09-29 08:00:00+02:00,0.95733255
2025,CO2/CO/NOx,2025-09-29 09:00:00+02:00,0.9563143
2025,CO2/CO/NOx,2025-09-29 10:00:00+02:00,0.95308983
2025,CO2/CO/NOx,2025-09-29 11:00:00+02:00,0.9393434
2025,CO2/CO/NOx,2025-09-29 12:00:00+02:00,0.6756145
2025,CO2/CO/NOx,2025-09-29 13:00:00+02:00,0.59177786
2025,CO2/CO/NOx,2025-09-29 14:00:00+02:00,0.52728814
2025,CO2/CO/NOx,2025-09-29 15:00:00+02:00,0.50386816
2025,CO2/CO/NOx,2025-09-29 16:00:00+02:00,0.44582748
2025,CO2/CO/NOx,2025-09-29 17:00:00+02:00,0.71583563
2025,CO2/CO/NOx,2025-09-29 18:00:00+02:00,0.9094745
2025,CO2/CO/NOx,2025-09-29 19:00:00+02:00,0.9137172
2025,CO2/CO/NOx,2025-09-29 20:00:00+02:00,0.9160931
2025,CO2/CO/NOx,2025-09-29 21:00:00+02:00,0.91626287
2025,CO2/CO/NOx,2025-09-29 22:00:00+02:00,0.916772
2025,CO2/CO/NOx,2025-09-29 23:00:00+02:00,0.73993444
2025,CO2/CO/NOx,2025-09-30 00:00:00+02:00,0.5629272
2025,CO2/CO/NOx,2025-09-30 01:00:00+02:00,0.4566889
2025,CO2/CO/NOx,2025-09-30 02:00:00+02:00,0.44599715
2025,CO2/CO/NOx,2025-09-30 03:00:00+02:00,0.42681998
2025,CO2/CO/NOx,2025-09-30 04:00:00+02:00,0.58363175
2025,CO2/CO/NOx,2025-09-30 05:00:00+02:00,0.8034059
2025,CO2/CO/NOx,2025-09-30 06:00:00+02:00,0.9077774
2025,CO2/CO/NOx,2025-09-30 07:00:00+02:00,0.90998363
2025,CO2/CO/NOx,2025-09-30 08:00:00+02:00,0.9096442
2025,CO2/CO/NOx,2025-09-30 09:00:00+02:00,0.90930474
2025,CO2/CO/NOx,2025-09-30 10:00:00+02:00,0.90930474
2025,CO2/CO/NOx,2025-09-30 11:00:00+02:00,0.9096442
2025,CO2/CO/NOx,2025-09-30 12:00:00+02:00,0.88452715
2025,CO2/CO/NOx,2025-09-30 13:00:00+02:00,0.8619557
2025,CO2/CO/NOx,2025-09-30 14:00:00+02:00,0.86551964
2025,CO2/CO/NOx,2025-09-30 15:00:00+02:00,0.8692533
2025,CO2/CO/NOx,2025-09-30 16:00:00+02:00,0.90285575
2025,CO2/CO/NOx,2025-09-30 17:00:00+02:00,0.9296699
2025,CO2/CO/NOx,2025-09-30 18:00:00+02:00,0.930179
2025,CO2/CO/NOx,2025-09-30 19:00:00+02:00,0.93034875
2025,CO2/CO/NOx,2025-09-30 20:00:00+02:00,0.9295002
2025,CO2/CO/NOx,2025-09-30 21:00:00+02:00,0.9296699
2025,CO2/CO/NOx,2025-09-30 22:00:00+02:00,0.9296699
2025,CO2/CO/NOx,2025-09-30 23:00:00+02:00,0.9298397
2025,CO2/CO/NOx,2025-10-01 00:00:00+02:00,0.7955992
2025,CO2/CO/NOx,2025-10-01 01:00:00+02:00,0.7443469
2025,CO2/CO/NOx,2025-10-01 02:00:00+02:00,0.7266971
2025,CO2/CO/NOx,2025-10-01 03:00:00+02:00,0.7811739
2025,CO2/CO/NOx,2025-10-01 04:00:00+02:00,0.8792661
2025,CO2/CO/NOx,2025-10-01 05:00:00+02:00,0.9481683
2025,CO2/CO/NOx,2025-10-01 06:00:00+02:00,0.9566538
2025,CO2/CO/NOx,2025-10-01 07:00:00+02:00,0.9563143
2025,CO2/CO/NOx,2025-10-01 08:00:00+02:00,0.956484
2025,CO2/CO/NOx,2025-10-01 09:00:00+02:00,0.956484
2025,CO2/CO/NOx,2025-10-01 10:00:00+02:00,0.9566538
2025,CO2/CO/NOx,2025-10-01 11:00:00+02:00,0.95682347
2025,CO2/CO/NOx,2025-10-01 12:00:00+02:00,0.8936914
2025,CO2/CO/NOx,2025-10-01 13:00:00+02:00,0.8758719
2025,CO2/CO/NOx,2025-10-01 14:00:00+02:00,0.87553257
2025,CO2/CO/NOx,2025-10-01 15:00:00+02:00,0.8757022
2025,CO2/CO/NOx,2025-10-01 16:00:00+02:00,0.9026861
2025,CO2/CO/NOx,2025-10-01 17:00:00+02:00,0.9625936
2025,CO2/CO/NOx,2025-10-01 18:00:00+02:00,0.96140563
2025,CO2/CO/NOx,2025-10-01 19:00:00+02:00,0.97090936
2025,CO2/CO/NOx,2025-10-01 20:00:00+02:00,0.9739642
2025,CO2/CO/NOx,2025-10-01 21:00:00+02:00,0.9739642
2025,CO2/CO/NOx,2025-10-01 22:00:00+02:00,0.9739642
2025,CO2/CO/NOx,2025-10-01 23:00:00+02:00,0.9831285
2025,CO2/CO/NOx,2025-10-02 00:00:00+02:00,0.9990812
2025,CO2/CO/NOx,2025-10-02 01:00:00+02:00,1.0019664
2025,CO2/CO/NOx,2025-10-02 02:00:00+02:00,1.0053605
2025,CO2/CO/NOx,2025-10-02 03:00:00+02:00,1.0048513
2025,CO2/CO/NOx,2025-10-02 04:00:00+02:00,1.0106214
2025,CO2/CO/NOx,2025-10-02 05:00:00+02:00,0.99331105
2025,CO2/CO/NOx,2025-10-02 06:00:00+02:00,1.0041726
2025,CO2/CO/NOx,2025-10-02 07:00:00+02:00,0.9712488
2025,CO2/CO/NOx,2025-10-02 08:00:00+02:00,0.97294587
2025,CO2/CO/NOx,2025-10-02 09:00:00+02:00,1.0000994
2025,CO2/CO/NOx,2025-10-02 10:00:00+02:00,0.98601353
2025,CO2/CO/NOx,2025-10-02 11:00:00+02:00,0.9695517
2025,CO2/CO/NOx,2025-10-02 12:00:00+02:00,0.68257254
2025,CO2/CO/NOx,2025-10-02 13:00:00+02:00,0.373022
2025,CO2/CO/NOx,2025-10-02 14:00:00+02:00,0.36877924
2025,CO2/CO/NOx,2025-10-02 15:00:00+02:00,0.43496603
2025,CO2/CO/NOx,2025-10-02 16:00:00+02:00,0.8999707
2025,CO2/CO/NOx,2025-10-02 17:00:00+02:00,0.94036156
2025,CO2/CO/NOx,2025-10-02 18:00:00+02:00,0.9425679
2025,CO2/CO/NOx,2025-10-02 19:00:00+02:00,0.95071393
2025,CO2/CO/NOx,2025-10-02 20:00:00+02:00,0.9569932
2025,CO2/CO/NOx,2025-10-02 21:00:00+02:00,0.9569932
2025,CO2/CO/NOx,2025-10-02 22:00:00+02:00,0.9566538
2025,CO2/CO/NOx,2025-10-02 23:00:00+02:00,0.956484
2025,CO2/CO/NOx,2025-10-03 00:00:00+02:00,0.7268668
2025,CO2/CO/NOx,2025-10-03 01:00:00+02:00,0.72822446
2025,CO2/CO/NOx,2025-10-03 02:00:00+02:00,0.89725536
2025,CO2/CO/NOx,2025-10-03 03:00:00+02:00,0.9571629
2025,CO2/CO/NOx,2025-10-03 04:00:00+02:00,0.95852053
2025,CO2/CO/NOx,2025-10-03 05:00:00+02:00,0.95886
2025,CO2/CO/NOx,2025-10-03 06:00:00+02:00,0.957672
2025,CO2/CO/NOx,2025-10-03 07:00:00+02:00,0.95869035
2025,CO2/CO/NOx,2025-10-03 08:00:00+02:00,0.95852053
2025,CO2/CO/NOx,2025-10-03 09:00:00+02:00,0.9590297
2025,CO2/CO/NOx,2025-10-03 10:00:00+02:00,0.88045406
2025,CO2/CO/NOx,2025-10-03 11:00:00+02:00,0.7253394
2025,CO2/CO/NOx,2025-10-03 12:00:00+02:00,0.8173221
2025,CO2/CO/NOx,2025-10-03 13:00:00+02:00,0.57378864
2025,CO2/CO/NOx,2025-10-03 14:00:00+02:00,0.40407887
2025,CO2/CO/NOx,2025-10-03 15:00:00+02:00,0.4044183
2025,CO2/CO/NOx,2025-10-03 16:00:00+02:00,0.48927313
2025,CO2/CO/NOx,2025-10-03 17:00:00+02:00,0.6189314
2025,CO2/CO/NOx,2025-10-03 18:00:00+02:00,0.9098138
2025,CO2/CO/NOx,2025-10-03 19:00:00+02:00,0.9647998
2025,CO2/CO/NOx,2025-10-03 20:00:00+02:00,0.9498654
2025,CO2/CO/NOx,2025-10-03 21:00:00+02:00,0.5630969
2025,CO2/CO/NOx,2025-10-03 22:00:00+02:00,0.067374766
2025,CO2/CO/NOx,2025-10-03 23:00:00+02:00,0.0
2025,CO2/CO/NOx,2025-10-04 00:00:00+02:00,0.0
2025,CO2/CO/NOx,2025-10-04 01:00:00+02:00,0.0
2025,CO2/CO/NOx,2025-10-04 02:00:00+02:00,0.0
2025,CO2/CO/NOx,2025-10-04 03:00:00+02:00,0.0
2025,CO2/CO/NOx,2025-10-04 04:00:00+02:00,0.0
2025,CO2/CO/NOx,2025-10-04 05:00:00+02:00,0.0
2025,CO2/CO/NOx,2025-10-04 06:00:00+02:00,0.0
2025,CO2/CO/NOx,2025-10-04 07:00:00+02:00,0.0
2025,CO2/CO/NOx,2025-10-04 08:00:00+02:00,0.0
2025,CO2/CO/NOx,2025-10-04 09:00:00+02:00,0.0
2025,CO2/CO/NOx,2025-10-04 10:00:00+02:00,0.0
2025,CO2/CO/NOx,2025-10-04 11:00:00+02:00,0.0
2025,CO2/CO/NOx,2025-10-04 12:00:00+02:00,0.0
2025,CO2/CO/NOx,2025-10-04 13:00:00+02:00,0.0
2025,CO2/CO/NOx,2025-10-04 14:00:00+02:00,0.0
2025,CO2/CO/NOx,2025-10-04 15:00:00+02:00,0.0
2025,CO2/CO/NOx,2025-10-04 16:00:00+02:00,0.0
2025,CO2/CO/NOx,2025-10-04 17:00:00+02:00,0.0
2025,CO2/CO/NOx,2025-10-04 18:00:00+02:00,0.0
2025,CO2/CO/NOx,2025-10-04 19:00:00+02:00,0.0
2025,CO2/CO/NOx,2025-10-04 20:00:00+02:00,0.0
2025,CO2/CO/NOx,2025-10-04 21:00:00+02:00,0.0
2025,CO2/CO/NOx,2025-10-04 22:00:00+02:00,0.0
2025,CO2/CO/NOx,2025-10-04 23:00:00+02:00,0.0
2025,CO2/CO/NOx,2025-10-05 00:00:00+02:00,0.0
2025,CO2/CO/NOx,2025-10-05 01:00:00+02:00,0.0
2025,CO2/CO/NOx,2025-10-05 02:00:00+02:00,0.0
2025,CO2/CO/NOx,2025-10-05 03:00:00+02:00,0.0
2025,CO2/CO/NOx,2025-10-05 04:00:00+02:00,0.0
2025,CO2/CO/NOx,2025-10-05 05:00:00+02:00,0.0
2025,CO2/CO/NOx,2025-10-05 06:00:00+02:00,0.0
2025,CO2/CO/NOx,2025-10-05 07:00:00+02:00,0.0
2025,CO2/CO/NOx,2025-10-05 08:00:00+02:00,0.0
2025,CO2/CO/NOx,2025-10-05 09:00:00+02:00,0.0
2025,CO2/CO/NOx,2025-10-05 10:00:00+02:00,0.0
2025,CO2/CO/NOx,2025-10-05 11:00:00+02:00,0.0
2025,CO2/CO/NOx,2025-10-05 12:00:00+02:00,0.0
2025,CO2/CO/NOx,2025-10-05 13:00:00+02:00,0.0
2025,CO2/CO/NOx,2025-10-05 14:00:00+02:00,0.0
2025,CO2/CO/NOx,2025-10-05 15:00:00+02:00,0.0
2025,CO2/CO/NOx,2025-10-05 16:00:00+02:00,0.0
2025,CO2/CO/NOx,2025-10-05 17:00:00+02:00,0.0
2025,CO2/CO/NOx,2025-10-05 18:00:00+02:00,0.0
2025,CO2/CO/NOx,2025-10-05 19:00:00+02:00,0.0
2025,CO2/CO/NOx,2025-10-05 20:00:00+02:00,0.0
2025,CO2/CO/NOx,2025-10-05 21:00:00+02:00,0.0
2025,CO2/CO/NOx,2025-10-05 22:00:00+02:00,0.0
2025,CO2/CO/NOx,2025-10-05 23:00:00+02:00,0.0
2025,CO2/CO/NOx,2025-10-06 00:00:00+02:00,0.0
2025,CO2/CO/NOx,2025-10-06 01:00:00+02:00,0.0
2025,CO2/CO/NOx,2025-10-06 02:00:00+02:00,0.0
2025,CO2/CO/NOx,2025-10-06 03:00:00+02:00,0.029529493
2025,CO2/CO/NOx,2025-10-06 04:00:00+02:00,0.31413272
2025,CO2/CO/NOx,2025-10-06 05:00:00+02:00,0.7694639
2025,CO2/CO/NOx,2025-10-06 06:00:00+02:00,0.973455
2025,CO2/CO/NOx,2025-10-06 07:00:00+02:00,0.974643
2025,CO2/CO/NOx,2025-10-06 08:00:00+02:00,0.9761704
2025,CO2/CO/NOx,2025-10-06 09:00:00+02:00,0.975831
2025,CO2/CO/NOx,2025-10-06 10:00:00+02:00,0.97294587
2025,CO2/CO/NOx,2025-10-06 11:00:00+02:00,0.97073966
2025,CO2/CO/NOx,2025-10-06 12:00:00+02:00,0.968194
2025,CO2/CO/NOx,2025-10-06 13:00:00+02:00,0.97277623
2025,CO2/CO/NOx,2025-10-06 14:00:00+02:00,0.9731156
2025,CO2/CO/NOx,2025-10-06 15:00:00+02:00,0.973455
2025,CO2/CO/NOx,2025-10-06 16:00:00+02:00,0.969382
2025,CO2/CO/NOx,2025-10-06 17:00:00+02:00,0.9680244
2025,CO2/CO/NOx,2025-10-06 18:00:00+02:00,0.96870315
2025,CO2/CO/NOx,2025-10-06 19:00:00+02:00,0.9704002
2025,CO2/CO/NOx,2025-10-06 20:00:00+02:00,0.97277623
2025,CO2/CO/NOx,2025-10-06 21:00:00+02:00,0.97413385
2025,CO2/CO/NOx,2025-10-06 22:00:00+02:00,0.97362477
2025,CO2/CO/NOx,2025-10-06 23:00:00+02:00,0.9760006
2025,CO2/CO/NOx,2025-10-07 00:00:00+02:00,0.9298397
2025,CO2/CO/NOx,2025-10-07 01:00:00+02:00,0.94121015
2025,CO2/CO/NOx,2025-10-07 02:00:00+02:00,0.9527505
2025,CO2/CO/NOx,2025-10-07 03:00:00+02:00,0.95224124
2025,CO2/CO/NOx,2025-10-07 04:00:00+02:00,0.9702306
2025,CO2/CO/NOx,2025-10-07 05:00:00+02:00,0.9768492
2025,CO2/CO/NOx,2025-10-07 06:00:00+02:00,0.975831
2025,CO2/CO/NOx,2025-10-07 07:00:00+02:00,0.97481275
2025,CO2/CO/NOx,2025-10-07 08:00:00+02:00,0.97362477
2025,CO2/CO/NOx,2025-10-07 09:00:00+02:00,0.97141856
2025,CO2/CO/NOx,2025-10-07 10:00:00+02:00,0.96853346
2025,CO2/CO/NOx,2025-10-07 11:00:00+02:00,0.96242386
2025,CO2/CO/NOx,2025-10-07 12:00:00+02:00,0.9566538
2025,CO2/CO/NOx,2025-10-07 13:00:00+02:00,0.9519019
2025,CO2/CO/NOx,2025-10-07 14:00:00+02:00,0.94715
2025,CO2/CO/NOx,2025-10-07 15:00:00+02:00,0.9463014
2025,CO2/CO/NOx,2025-10-07 16:00:00+02:00,0.94731975
2025,CO2/CO/NOx,2025-10-07 17:00:00+02:00,0.94731975
2025,CO2/CO/NOx,2025-10-07 18:00:00+02:00,0.94969565
2025,CO2/CO/NOx,2025-10-07 19:00:00+02:00,0.95224124
2025,CO2/CO/NOx,2025-10-07 20:00:00+02:00,0.95784175
2025,CO2/CO/NOx,2025-10-07 21:00:00+02:00,0.96921223
2025,CO2/CO/NOx,2025-10-07 22:00:00+02:00,0.97481275
2025,CO2/CO/NOx,2025-10-07 23:00:00+02:00,0.97430354
2025,CO2/CO/NOx,2025-10-08 00:00:00+02:00,0.9751521
2025,CO2/CO/NOx,2025-10-08 01:00:00+02:00,0.9778675
2025,CO2/CO/NOx,2025-10-08 02:00:00+02:00,0.98058283
2025,CO2/CO/NOx,2025-10-08 03:00:00+02:00,0.9831285
2025,CO2/CO/NOx,2025-10-08 04:00:00+02:00,0.9844861
2025,CO2/CO/NOx,2025-10-08 05:00:00+02:00,0.9865227
2025,CO2/CO/NOx,2025-10-08 06:00:00+02:00,0.9856741
2025,CO2/CO/NOx,2025-10-08 07:00:00+02:00,0.98482555
2025,CO2/CO/NOx,2025-10-08 08:00:00+02:00,0.97905546
2025,CO2/CO/NOx,2025-10-08 09:00:00+02:00,0.9659878
2025,CO2/CO/NOx,2025-10-08 10:00:00+02:00,0.9519019
2025,CO2/CO/NOx,2025-10-08 11:00:00+02:00,0.940701
2025,CO2/CO/NOx,2025-10-08 12:00:00+02:00,0.93323386
2025,CO2/CO/NOx,2025-10-08 13:00:00+02:00,0.9266151
2025,CO2/CO/NOx,2025-10-08 14:00:00+02:00,0.9213542
2025,CO2/CO/NOx,2025-10-08 15:00:00+02:00,0.9598783
2025,CO2/CO/NOx,2025-10-08 16:00:00+02:00,0.98720145
2025,CO2/CO/NOx,2025-10-08 17:00:00+02:00,1.0323443
2025,CO2/CO/NOx,2025-10-08 18:00:00+02:00,1.192041
2025,CO2/CO/NOx,2025-10-08 19:00:00+02:00,1.2801206
2025,CO2/CO/NOx,2025-10-08 20:00:00+02:00,1.3293363
2025,CO2/CO/NOx,2025-10-08 21:00:00+02:00,1.3393492
2025,CO2/CO/NOx,2025-10-08 22:00:00+02:00,1.3149111
2025,CO2/CO/NOx,2025-10-08 23:00:00+02:00,1.231923
2025,CO2/CO/NOx,2025-10-09 00:00:00+02:00,1.197981
2025,CO2/CO/NOx,2025-10-09 01:00:00+02:00,1.2074847
2025,CO2/CO/NOx,2025-10-09 02:00:00+02:00,1.200866
2025,CO2/CO/NOx,2025-10-09 03:00:00+02:00,1.1845739
2025,CO2/CO/NOx,2025-10-09 04:00:00+02:00,1.1957747
2025,CO2/CO/NOx,2025-10-09 05:00:00+02:00,1.2828358
2025,CO2/CO/NOx,2025-10-09 06:00:00+02:00,1.2879272
2025,CO2/CO/NOx,2025-10-09 07:00:00+02:00,1.801978
2025,CO2/CO/NOx,2025-10-09 08:00:00+02:00,2.2265916
2025,CO2/CO/NOx,2025-10-09 09:00:00+02:00,2.4268491
2025,CO2/CO/NOx,2025-10-09 10:00:00+02:00,2.5223958
2025,CO2/CO/NOx,2025-10-09 11:00:00+02:00,2.5062733
2025,CO2/CO/NOx,2025-10-09 12:00:00+02:00,2.5291843
2025,CO2/CO/NOx,2025-10-09 13:00:00+02:00,2.5894313
2025,CO2/CO/NOx,2025-10-09 14:00:00+02:00,2.623543
2025,CO2/CO/NOx,2025-10-09 15:00:00+02:00,2.5110254
2025,CO2/CO/NOx,2025-10-09 16:00:00+02:00,2.4451778
2025,CO2/CO/NOx,2025-10-09 17:00:00+02:00,2.4563785
2025,CO2/CO/NOx,2025-10-09 18:00:00+02:00,2.4618094
2025,CO2/CO/NOx,2025-10-09 19:00:00+02:00,2.4523053
2025,CO2/CO/NOx,2025-10-09 20:00:00+02:00,2.4628274
2025,CO2/CO/NOx,2025-10-09 21:00:00+02:00,2.0753803
2025,CO2/CO/NOx,2025-10-09 22:00:00+02:00,1.9794943
2025,CO2/CO/NOx,2025-10-09 23:00:00+02:00,1.8252282
2025,CO2/CO/NOx,2025-10-10 00:00:00+02:00,1.8131788
2025,CO2/CO/NOx,2025-10-10 01:00:00+02:00,1.8435569
2025,CO2/CO/NOx,2025-10-10 02:00:00+02:00,1.8444054
2025,CO2/CO/NOx,2025-10-10 03:00:00+02:00,1.8440659
2025,CO2/CO/NOx,2025-10-10 04:00:00+02:00,1.8430477
2025,CO2/CO/NOx,2025-10-10 05:00:00+02:00,2.295324
2025,CO2/CO/NOx,2025-10-10 06:00:00+02:00,2.4613004
2025,CO2/CO/NOx,2025-10-10 07:00:00+02:00,2.460282
2025,CO2/CO/NOx,2025-10-10 08:00:00+02:00,2.4616396
2025,CO2/CO/NOx,2025-10-10 09:00:00+02:00,2.462149
2025,CO2/CO/NOx,2025-10-10 10:00:00+02:00,2.2461083
2025,CO2/CO/NOx,2025-10-10 11:00:00+02:00,1.5379096
2025,CO2/CO/NOx,2025-10-10 12:00:00+02:00,0.9172811
2025,CO2/CO/NOx,2025-10-10 13:00:00+02:00,0.61961025
2025,CO2/CO/NOx,2025-10-10 14:00:00+02:00,0.6067123
2025,CO2/CO/NOx,2025-10-10 15:00:00+02:00,0.7745552
2025,CO2/CO/NOx,2025-10-10 16:00:00+02:00,0.85890096
2025,CO2/CO/NOx,2025-10-10 17:00:00+02:00,0.9615753
2025,CO2/CO/NOx,2025-10-10 18:00:00+02:00,0.96429074
2025,CO2/CO/NOx,2025-10-10 19:00:00+02:00,0.96293306
2025,CO2/CO/NOx,2025-10-10 20:00:00+02:00,1.0153733
2025,CO2/CO/NOx,2025-10-10 21:00:00+02:00,1.6835206
2025,CO2/CO/NOx,2025-10-10 22:00:00+02:00,1.5479224
2025,CO2/CO/NOx,2025-10-10 23:00:00+02:00,0.7866046
2025,CO2/CO/NOx,2025-10-11 00:00:00+02:00,0.1656367
2025,CO2/CO/NOx,2025-10-11 01:00:00+02:00,0.0
2025,CO2/CO/NOx,2025-10-11 02:00:00+02:00,0.0
2025,CO2/CO/NOx,2025-10-11 03:00:00+02:00,0.0
2025,CO2/CO/NOx,2025-10-11 04:00:00+02:00,0.0
2025,CO2/CO/NOx,2025-10-11 05:00:00+02:00,0.0
2025,CO2/CO/NOx,2025-10-11 06:00:00+02:00,0.0
2025,CO2/CO/NOx,2025-10-11 07:00:00+02:00,0.0
2025,CO2/CO/NOx,2025-10-11 08:00:00+02:00,0.0
2025,CO2/CO/NOx,2025-10-11 09:00:00+02:00,0.0
2025,CO2/CO/NOx,2025-10-11 10:00:00+02:00,0.0
2025,CO2/CO/NOx,2025-10-11 11:00:00+02:00,0.0
2025,CO2/CO/NOx,2025-10-11 12:00:00+02:00,0.0
2025,CO2/CO/NOx,2025-10-11 13:00:00+02:00,0.0
2025,CO2/CO/NOx,2025-10-11 14:00:00+02:00,0.0
2025,CO2/CO/NOx,2025-10-11 15:00:00+02:00,0.0
2025,CO2/CO/NOx,2025-10-11 16:00:00+02:00,0.0
2025,CO2/CO/NOx,2025-10-11 17:00:00+02:00,0.0
2025,CO2/CO/NOx,2025-10-11 18:00:00+02:00,0.0
2025,CO2/CO/NOx,2025-10-11 19:00:00+02:00,0.0
2025,CO2/CO/NOx,2025-10-11 20:00:00+02:00,0.0
2025,CO2/CO/NOx,2025-10-11 21:00:00+02:00,0.0
2025,CO2/CO/NOx,2025-10-11 22:00:00+02:00,0.0
2025,CO2/CO/NOx,2025-10-11 23:00:00+02:00,0.0
2025,CO2/CO/NOx,2025-10-12 00:00:00+02:00,0.0
2025,CO2/CO/NOx,2025-10-12 01:00:00+02:00,0.0
2025,CO2/CO/NOx,2025-10-12 02:00:00+02:00,0.0
2025,CO2/CO/NOx,2025-10-12 03:00:00+02:00,0.0
2025,CO2/CO/NOx,2025-10-12 04:00:00+02:00,0.0
2025,CO2/CO/NOx,2025-10-12 05:00:00+02:00,0.0
2025,CO2/CO/NOx,2025-10-12 06:00:00+02:00,0.0
2025,CO2/CO/NOx,2025-10-12 07:00:00+02:00,0.0
2025,CO2/CO/NOx,2025-10-12 08:00:00+02:00,0.0
2025,CO2/CO/NOx,2025-10-12 09:00:00+02:00,0.0
2025,CO2/CO/NOx,2025-10-12 10:00:00+02:00,0.0
2025,CO2/CO/NOx,2025-10-12 11:00:00+02:00,0.0
2025,CO2/CO/NOx,2025-10-12 12:00:00+02:00,0.0
2025,CO2/CO/NOx,2025-10-12 13:00:00+02:00,0.0
2025,CO2/CO/NOx,2025-10-12 14:00:00+02:00,0.0
2025,CO2/CO/NOx,2025-10-12 15:00:00+02:00,0.0
2025,CO2/CO/NOx,2025-10-12 16:00:00+02:00,0.0
2025,CO2/CO/NOx,2025-10-12 17:00:00+02:00,0.0
2025,CO2/CO/NOx,2025-10-12 18:00:00+02:00,0.0
2025,CO2/CO/NOx,2025-10-12 19:00:00+02:00,0.0
2025,CO2/CO/NOx,2025-10-12 20:00:00+02:00,0.0
2025,CO2/CO/NOx,2025-10-12 21:00:00+02:00,0.0
2025,CO2/CO/NOx,2025-10-12 22:00:00+02:00,0.0
2025,CO2/CO/NOx,2025-10-12 23:00:00+02:00,0.0
2025,CO2/CO/NOx,2025-10-13 00:00:00+02:00,0.0
2025,CO2/CO/NOx,2025-10-13 01:00:00+02:00,0.0
2025,CO2/CO/NOx,2025-10-13 02:00:00+02:00,0.0
2025,CO2/CO/NOx,2025-10-13 03:00:00+02:00,0.0
2025,CO2/CO/NOx,2025-10-13 04:00:00+02:00,0.12337897
2025,CO2/CO/NOx,2025-10-13 05:00:00+02:00,0.3920295
2025,CO2/CO/NOx,2025-10-13 06:00:00+02:00,0.7545295
2025,CO2/CO/NOx,2025-10-13 07:00:00+02:00,0.96513927
2025,CO2/CO/NOx,2025-10-13 08:00:00+02:00,0.96310276
2025,CO2/CO/NOx,2025-10-13 09:00:00+02:00,0.96004796
2025,CO2/CO/NOx,2025-10-13 10:00:00+02:00,0.957672
2025,CO2/CO/NOx,2025-10-13 11:00:00+02:00,0.92814255
2025,CO2/CO/NOx,2025-10-13 12:00:00+02:00,0.94969565
2025,CO2/CO/NOx,2025-10-13 13:00:00+02:00,0.94952595
2025,CO2/CO/NOx,2025-10-13 14:00:00+02:00,0.9479985
2025,CO2/CO/NOx,2025-10-13 15:00:00+02:00,0.9834679
2025,CO2/CO/NOx,2025-10-13 16:00:00+02:00,1.4880149
2025,CO2/CO/NOx,2025-10-13 17:00:00+02:00,1.7980746
2025,CO2/CO/NOx,2025-10-13 18:00:00+02:00,1.8756319
2025,CO2/CO/NOx,2025-10-13 19:00:00+02:00,1.8752925
2025,CO2/CO/NOx,2025-10-13 20:00:00+02:00,1.8793656
2025,CO2/CO/NOx,2025-10-13 21:00:00+02:00,1.8411809
2025,CO2/CO/NOx,2025-10-13 22:00:00+02:00,1.0650983
2025,CO2/CO/NOx,2025-10-13 23:00:00+02:00,0.9737944
2025,CO2/CO/NOx,2025-10-14 00:00:00+02:00,0.9595389
2025,CO2/CO/NOx,2025-10-14 01:00:00+02:00,0.8417603
2025,CO2/CO/NOx,2025-10-14 02:00:00+02:00,0.8203768
2025,CO2/CO/NOx,2025-10-14 03:00:00+02:00,0.9145658
2025,CO2/CO/NOx,2025-10-14 04:00:00+02:00,0.9537687
2025,CO2/CO/NOx,2025-10-14 05:00:00+02:00,0.96429074
2025,CO2/CO/NOx,2025-10-14 06:00:00+02:00,0.9739642
2025,CO2/CO/NOx,2025-10-14 07:00:00+02:00,0.96989113
2025,CO2/CO/NOx,2025-10-14 08:00:00+02:00,0.96921223
2025,CO2/CO/NOx,2025-10-14 09:00:00+02:00,0.9627633
2025,CO2/CO/NOx,2025-10-14 10:00:00+02:00,0.9597085
2025,CO2/CO/NOx,2025-10-14 11:00:00+02:00,0.9872015
2025,CO2/CO/NOx,2025-10-14 12:00:00+02:00,1.017919
2025,CO2/CO/NOx,2025-10-14 13:00:00+02:00,1.1438437
2025,CO2/CO/NOx,2025-10-14 14:00:00+02:00,1.1854224
2025,CO2/CO/NOx,2025-10-14 15:00:00+02:00,1.1832163
2025,CO2/CO/NOx,2025-10-14 16:00:00+02:00,1.6830114
2025,CO2/CO/NOx,2025-10-14 17:00:00+02:00,2.3192534
2025,CO2/CO/NOx,2025-10-14 18:00:00+02:00,2.5308812
2025,CO2/CO/NOx,2025-10-14 19:00:00+02:00,2.7321568
2025,CO2/CO/NOx,2025-10-14 20:00:00+02:00,2.701779
2025,CO2/CO/NOx,2025-10-14 21:00:00+02:00,2.4943938
2025,CO2/CO/NOx,2025-10-14 22:00:00+02:00,2.4893022
2025,CO2/CO/NOx,2025-10-14 23:00:00+02:00,2.1614232
2025,CO2/CO/NOx,2025-10-15 00:00:00+02:00,2.0455115
2025,CO2/CO/NOx,2025-10-15 01:00:00+02:00,2.0473783
2025,CO2/CO/NOx,2025-10-15 02:00:00+02:00,2.0500937
2025,CO2/CO/NOx,2025-10-15 03:00:00+02:00,2.050433
2025,CO2/CO/NOx,2025-10-15 04:00:00+02:00,2.1081343
2025,CO2/CO/NOx,2025-10-15 05:00:00+02:00,2.3224778
2025,CO2/CO/NOx,2025-10-15 06:00:00+02:00,2.385949
2025,CO2/CO/NOx,2025-10-15 07:00:00+02:00,2.3857794
2025,CO2/CO/NOx,2025-10-15 08:00:00+02:00,2.401902
2025,CO2/CO/NOx,2025-10-15 09:00:00+02:00,2.419382
2025,CO2/CO/NOx,2025-10-15 10:00:00+02:00,2.3815365
2025,CO2/CO/NOx,2025-10-15 11:00:00+02:00,2.2640977
2025,CO2/CO/NOx,2025-10-15 12:00:00+02:00,1.977288
2025,CO2/CO/NOx,2025-10-15 13:00:00+02:00,1.8700316
2025,CO2/CO/NOx,2025-10-15 14:00:00+02:00,1.949795
2025,CO2/CO/NOx,2025-10-15 15:00:00+02:00,2.336903
2025,CO2/CO/NOx,2025-10-15 16:00:00+02:00,2.442123
2025,CO2/CO/NOx,2025-10-15 17:00:00+02:00,2.4455173
2025,CO2/CO/NOx,2025-10-15 18:00:00+02:00,2.453154
2025,CO2/CO/NOx,2025-10-15 19:00:00+02:00,2.46147
2025,CO2/CO/NOx,2025-10-15 20:00:00+02:00,2.4701252
2025,CO2/CO/NOx,2025-10-15 21:00:00+02:00,2.4114056
2025,CO2/CO/NOx,2025-10-15 22:00:00+02:00,1.5133018
2025,CO2/CO/NOx,2025-10-15 23:00:00+02:00,1.2261528
2025,CO2/CO/NOx,2025-10-16 00:00:00+02:00,0.9485077
2025,CO2/CO/NOx,2025-10-16 01:00:00+02:00,0.85041547
2025,CO2/CO/NOx,2025-10-16 02:00:00+02:00,0.84973663
2025,CO2/CO/NOx,2025-10-16 03:00:00+02:00,0.8499063
2025,CO2/CO/NOx,2025-10-16 04:00:00+02:00,1.0530488
2025,CO2/CO/NOx,2025-10-16 05:00:00+02:00,1.6273466
2025,CO2/CO/NOx,2025-10-16 06:00:00+02:00,1.9311268
2025,CO2/CO/NOx,2025-10-16 07:00:00+02:00,2.3778033
2025,CO2/CO/NOx,2025-10-16 08:00:00+02:00,2.488963
2025,CO2/CO/NOx,2025-10-16 09:00:00+02:00,2.395453
2025,CO2/CO/NOx,2025-10-16 10:00:00+02:00,2.4723315
2025,CO2/CO/NOx,2025-10-16 11:00:00+02:00,1.8948091
2025,CO2/CO/NOx,2025-10-16 12:00:00+02:00,2.0842052
2025,CO2/CO/NOx,2025-10-16 13:00:00+02:00,2.1283298
2025,CO2/CO/NOx,2025-10-16 14:00:00+02:00,2.1877282
2025,CO2/CO/NOx,2025-10-16 15:00:00+02:00,2.3599837
2025,CO2/CO/NOx,2025-10-16 16:00:00+02:00,2.435165
2025,CO2/CO/NOx,2025-10-16 17:00:00+02:00,2.4300735
2025,CO2/CO/NOx,2025-10-16 18:00:00+02:00,2.456718
2025,CO2/CO/NOx,2025-10-16 19:00:00+02:00,2.481835
2025,CO2/CO/NOx,2025-10-16 20:00:00+02:00,2.4886236
2025,CO2/CO/NOx,2025-10-16 21:00:00+02:00,2.2749588
2025,CO2/CO/NOx,2025-10-16 22:00:00+02:00,1.4769839
2025,CO2/CO/NOx,2025-10-16 23:00:00+02:00,1.0747718
2025,CO2/CO/NOx,2025-10-17 00:00:00+02:00,1.0265743
2025,CO2/CO/NOx,2025-10-17 01:00:00+02:00,1.0012875
2025,CO2/CO/NOx,2025-10-17 02:00:00+02:00,1.0002692
2025,CO2/CO/NOx,2025-10-17 03:00:00+02:00,0.99992967
2025,CO2/CO/NOx,2025-10-17 04:00:00+02:00,1.4749472
2025,CO2/CO/NOx,2025-10-17 05:00:00+02:00,1.7782186
2025,CO2/CO/NOx,2025-10-17 06:00:00+02:00,2.2848022
2025,CO2/CO/NOx,2025-10-17 07:00:00+02:00,2.4838717
2025,CO2/CO/NOx,2025-10-17 08:00:00+02:00,2.4794593
2025,CO2/CO/NOx,2025-10-17 09:00:00+02:00,2.4758952
2025,CO2/CO/NOx,2025-10-17 10:00:00+02:00,2.4709737
2025,CO2/CO/NOx,2025-10-17 11:00:00+02:00,2.2449205
2025,CO2/CO/NOx,2025-10-17 12:00:00+02:00,2.0397413
2025,CO2/CO/NOx,2025-10-17 13:00:00+02:00,1.9036342
2025,CO2/CO/NOx,2025-10-17 14:00:00+02:00,1.7828008
2025,CO2/CO/NOx,2025-10-17 15:00:00+02:00,1.7870435
2025,CO2/CO/NOx,2025-10-17 16:00:00+02:00,2.1412277
2025,CO2/CO/NOx,2025-10-17 17:00:00+02:00,2.311786
2025,CO2/CO/NOx,2025-10-17 18:00:00+02:00,2.3487828
2025,CO2/CO/NOx,2025-10-17 19:00:00+02:00,2.3487828
2025,CO2/CO/NOx,2025-10-17 20:00:00+02:00,2.3487828
2025,CO2/CO/NOx,2025-10-17 21:00:00+02:00,1.9520012
2025,CO2/CO/NOx,2025-10-17 22:00:00+02:00,1.3785522
2025,CO2/CO/NOx,2025-10-17 23:00:00+02:00,1.1053195
2025,CO2/CO/NOx,2025-10-18 00:00:00+02:00,1.0382842
2025,CO2/CO/NOx,2025-10-18 01:00:00+02:00,0.98431647
2025,CO2/CO/NOx,2025-10-18 02:00:00+02:00,0.96989113
2025,CO2/CO/NOx,2025-10-18 03:00:00+02:00,0.969382
2025,CO2/CO/NOx,2025-10-18 04:00:00+02:00,1.2544943
2025,CO2/CO/NOx,2025-10-18 05:00:00+02:00,1.6736773
2025,CO2/CO/NOx,2025-10-18 06:00:00+02:00,1.9043128
2025,CO2/CO/NOx,2025-10-18 07:00:00+02:00,2.0046113
2025,CO2/CO/NOx,2025-10-18 08:00:00+02:00,2.0716467
2025,CO2/CO/NOx,2025-10-18 09:00:00+02:00,2.0728347
2025,CO2/CO/NOx,2025-10-18 10:00:00+02:00,1.919417
2025,CO2/CO/NOx,2025-10-18 11:00:00+02:00,1.442363
2025,CO2/CO/NOx,2025-10-18 12:00:00+02:00,1.1747308
2025,CO2/CO/NOx,2025-10-18 13:00:00+02:00,1.1110896
2025,CO2/CO/NOx,2025-10-18 14:00:00+02:00,1.1134655
2025,CO2/CO/NOx,2025-10-18 15:00:00+02:00,1.1100713
2025,CO2/CO/NOx,2025-10-18 16:00:00+02:00,1.3106682
2025,CO2/CO/NOx,2025-10-18 17:00:00+02:00,1.9228113
2025,CO2/CO/NOx,2025-10-18 18:00:00+02:00,2.37373
2025,CO2/CO/NOx,2025-10-18 19:00:00+02:00,2.3503098
2025,CO2/CO/NOx,2025-10-18 20:00:00+02:00,1.9211142
2025,CO2/CO/NOx,2025-10-18 21:00:00+02:00,1.768545
2025,CO2/CO/NOx,2025-10-18 22:00:00+02:00,1.4294652
2025,CO2/CO/NOx,2025-10-18 23:00:00+02:00,1.1827072
2025,CO2/CO/NOx,2025-10-19 00:00:00+02:00,0.9902563
2025,CO2/CO/NOx,2025-10-19 01:00:00+02:00,1.1178781
2025,CO2/CO/NOx,2025-10-19 02:00:00+02:00,1.161154
2025,CO2/CO/NOx,2025-10-19 03:00:00+02:00,1.1614934
2025,CO2/CO/NOx,2025-10-19 04:00:00+02:00,1.2402388
2025,CO2/CO/NOx,2025-10-19 05:00:00+02:00,1.2697681
2025,CO2/CO/NOx,2025-10-19 06:00:00+02:00,1.293867
2025,CO2/CO/NOx,2025-10-19 07:00:00+02:00,1.3211902
2025,CO2/CO/NOx,2025-10-19 08:00:00+02:00,1.3320518
2025,CO2/CO/NOx,2025-10-19 09:00:00+02:00,1.3256027
2025,CO2/CO/NOx,2025-10-19 10:00:00+02:00,1.199169
2025,CO2/CO/NOx,2025-10-19 11:00:00+02:00,0.41341293
2025,CO2/CO/NOx,2025-10-19 12:00:00+02:00,0.0
2025,CO2/CO/NOx,2025-10-19 13:00:00+02:00,0.0
2025,CO2/CO/NOx,2025-10-19 14:00:00+02:00,0.0
2025,CO2/CO/NOx,2025-10-19 15:00:00+02:00,0.0
2025,CO2/CO/NOx,2025-10-19 16:00:00+02:00,0.47518724
2025,CO2/CO/NOx,2025-10-19 17:00:00+02:00,0.66526216
2025,CO2/CO/NOx,2025-10-19 18:00:00+02:00,1.0644194
2025,CO2/CO/NOx,2025-10-19 19:00:00+02:00,1.1579295
2025,CO2/CO/NOx,2025-10-19 20:00:00+02:00,1.2037511
2025,CO2/CO/NOx,2025-10-19 21:00:00+02:00,1.202054
2025,CO2/CO/NOx,2025-10-19 22:00:00+02:00,1.195605
2025,CO2/CO/NOx,2025-10-19 23:00:00+02:00,1.078675
2025,CO2/CO/NOx,2025-10-20 00:00:00+02:00,0.96513927
2025,CO2/CO/NOx,2025-10-20 01:00:00+02:00,0.9619147
2025,CO2/CO/NOx,2025-10-20 02:00:00+02:00,0.96140563
2025,CO2/CO/NOx,2025-10-20 03:00:00+02:00,0.9619147
2025,CO2/CO/NOx,2025-10-20 04:00:00+02:00,0.9690426
2025,CO2/CO/NOx,2025-10-20 05:00:00+02:00,0.983977
2025,CO2/CO/NOx,2025-10-20 06:00:00+02:00,1.196793
2025,CO2/CO/NOx,2025-10-20 07:00:00+02:00,1.5798279
2025,CO2/CO/NOx,2025-10-20 08:00:00+02:00,2.3175561
2025,CO2/CO/NOx,2025-10-20 09:00:00+02:00,2.3379211
2025,CO2/CO/NOx,2025-10-20 10:00:00+02:00,2.2747893
2025,CO2/CO/NOx,2025-10-20 11:00:00+02:00,1.1974719
2025,CO2/CO/NOx,2025-10-20 12:00:00+02:00,0.9048923
2025,CO2/CO/NOx,2025-10-20 13:00:00+02:00,0.907438
2025,CO2/CO/NOx,2025-10-20 14:00:00+02:00,0.8628043
2025,CO2/CO/NOx,2025-10-20 15:00:00+02:00,0.95733255
2025,CO2/CO/NOx,2025-10-20 16:00:00+02:00,1.1621722
2025,CO2/CO/NOx,2025-10-20 17:00:00+02:00,1.1643784
2025,CO2/CO/NOx,2025-10-20 18:00:00+02:00,1.3130442
2025,CO2/CO/NOx,2025-10-20 19:00:00+02:00,2.1120377
2025,CO2/CO/NOx,2025-10-20 20:00:00+02:00,1.8673162
2025,CO2/CO/NOx,2025-10-20 21:00:00+02:00,1.1883074
2025,CO2/CO/NOx,2025-10-20 22:00:00+02:00,0.91473544
2025,CO2/CO/NOx,2025-10-20 23:00:00+02:00,0.20823385
2025,CO2/CO/NOx,2025-10-21 00:00:00+02:00,0.0
2025,CO2/CO/NOx,2025-10-21 01:00:00+02:00,0.0
2025,CO2/CO/NOx,2025-10-21 02:00:00+02:00,0.0
2025,CO2/CO/NOx,2025-10-21 03:00:00+02:00,0.0
2025,CO2/CO/NOx,2025-10-21 04:00:00+02:00,0.19906951
2025,CO2/CO/NOx,2025-10-21 05:00:00+02:00,0.8307291
2025,CO2/CO/NOx,2025-10-21 06:00:00+02:00,1.5331577
2025,CO2/CO/NOx,2025-10-21 07:00:00+02:00,2.0635004
2025,CO2/CO/NOx,2025-10-21 08:00:00+02:00,2.066386
2025,CO2/CO/NOx,2025-10-21 09:00:00+02:00,2.0594275
2025,CO2/CO/NOx,2025-10-21 10:00:00+02:00,1.5479224
2025,CO2/CO/NOx,2025-10-21 11:00:00+02:00,0.8385357
2025,CO2/CO/NOx,2025-10-21 12:00:00+02:00,0.80680007
2025,CO2/CO/NOx,2025-10-21 13:00:00+02:00,0.8044241
2025,CO2/CO/NOx,2025-10-21 14:00:00+02:00,0.8062909
2025,CO2/CO/NOx,2025-10-21 15:00:00+02:00,0.78473777
2025,CO2/CO/NOx,2025-10-21 16:00:00+02:00,1.4262407
2025,CO2/CO/NOx,2025-10-21 17:00:00+02:00,1.7831401
2025,CO2/CO/NOx,2025-10-21 18:00:00+02:00,2.179582
2025,CO2/CO/NOx,2025-10-21 19:00:00+02:00,2.3647351
2025,CO2/CO/NOx,2025-10-21 20:00:00+02:00,1.9830582
2025,CO2/CO/NOx,2025-10-21 21:00:00+02:00,1.3607327
2025,CO2/CO/NOx,2025-10-21 22:00:00+02:00,0.96921223
2025,CO2/CO/NOx,2025-10-21 23:00:00+02:00,0.81969804
2025,CO2/CO/NOx,2025-10-22 00:00:00+02:00,0.82173455
2025,CO2/CO/NOx,2025-10-22 01:00:00+02:00,0.8213951
2025,CO2/CO/NOx,2025-10-22 02:00:00+02:00,0.82122546
2025,CO2/CO/NOx,2025-10-22 03:00:00+02:00,0.82122546
2025,CO2/CO/NOx,2025-10-22 04:00:00+02:00,0.820886
2025,CO2/CO/NOx,2025-10-22 05:00:00+02:00,0.9223724
2025,CO2/CO/NOx,2025-10-22 06:00:00+02:00,1.5194113
2025,CO2/CO/NOx,2025-10-22 07:00:00+02:00,2.0278616
2025,CO2/CO/NOx,2025-10-22 08:00:00+02:00,2.3635476
2025,CO2/CO/NOx,2025-10-22 09:00:00+02:00,2.2243853
2025,CO2/CO/NOx,2025-10-22 10:00:00+02:00,2.0833566
2025,CO2/CO/NOx,2025-10-22 11:00:00+02:00,2.0658767
2025,CO2/CO/NOx,2025-10-22 12:00:00+02:00,2.0589185
2025,CO2/CO/NOx,2025-10-22 13:00:00+02:00,1.4208097
2025,CO2/CO/NOx,2025-10-22 14:00:00+02:00,1.2229283
2025,CO2/CO/NOx,2025-10-22 15:00:00+02:00,1.8203065
2025,CO2/CO/NOx,2025-10-22 16:00:00+02:00,2.304319
2025,CO2/CO/NOx,2025-10-22 17:00:00+02:00,2.6064022
2025,CO2/CO/NOx,2025-10-22 18:00:00+02:00,2.6277854
2025,CO2/CO/NOx,2025-10-22 19:00:00+02:00,2.6396651
2025,CO2/CO/NOx,2025-10-22 20:00:00+02:00,2.497109
2025,CO2/CO/NOx,2025-10-22 21:00:00+02:00,2.2476358
2025,CO2/CO/NOx,2025-10-22 22:00:00+02:00,1.3009948
2025,CO2/CO/NOx,2025-10-22 23:00:00+02:00,0.9739642
2025,CO2/CO/NOx,2025-10-23 00:00:00+02:00,0.97006077
2025,CO2/CO/NOx,2025-10-23 01:00:00+02:00,0.88741225
2025,CO2/CO/NOx,2025-10-23 02:00:00+02:00,0.8101943
2025,CO2/CO/NOx,2025-10-23 03:00:00+02:00,0.88181174
2025,CO2/CO/NOx,2025-10-23 04:00:00+02:00,0.97413385
2025,CO2/CO/NOx,2025-10-23 05:00:00+02:00,1.0034937
2025,CO2/CO/NOx,2025-10-23 06:00:00+02:00,1.1889863
2025,CO2/CO/NOx,2025-10-23 07:00:00+02:00,1.110241
2025,CO2/CO/NOx,2025-10-23 08:00:00+02:00,1.2034117
2025,CO2/CO/NOx,2025-10-23 09:00:00+02:00,1.1404494
2025,CO2/CO/NOx,2025-10-23 10:00:00+02:00,1.0572916
2025,CO2/CO/NOx,2025-10-23 11:00:00+02:00,1.1764278
2025,CO2/CO/NOx,2025-10-23 12:00:00+02:00,0.95852065
2025,CO2/CO/NOx,2025-10-23 13:00:00+02:00,0.85414904
2025,CO2/CO/NOx,2025-10-23 14:00:00+02:00,0.9661575
2025,CO2/CO/NOx,2025-10-23 15:00:00+02:00,1.0912336
2025,CO2/CO/NOx,2025-10-23 16:00:00+02:00,1.1949261
2025,CO2/CO/NOx,2025-10-23 17:00:00+02:00,1.2809691
2025,CO2/CO/NOx,2025-10-23 18:00:00+02:00,1.3001462
2025,CO2/CO/NOx,2025-10-23 19:00:00+02:00,1.2989582
2025,CO2/CO/NOx,2025-10-23 20:00:00+02:00,1.2814782
2025,CO2/CO/NOx,2025-10-23 21:00:00+02:00,1.1580993
2025,CO2/CO/NOx,2025-10-23 22:00:00+02:00,0.73433405
2025,CO2/CO/NOx,2025-10-23 23:00:00+02:00,0.0
2025,CO2/CO/NOx,2025-10-24 00:00:00+02:00,0.0
2025,CO2/CO/NOx,2025-10-24 01:00:00+02:00,0.0
2025,CO2/CO/NOx,2025-10-24 02:00:00+02:00,0.0
2025,CO2/CO/NOx,2025-10-24 03:00:00+02:00,0.0
2025,CO2/CO/NOx,2025-10-24 04:00:00+02:00,0.0
2025,CO2/CO/NOx,2025-10-24 05:00:00+02:00,0.0
2025,CO2/CO/NOx,2025-10-24 06:00:00+02:00,0.0
2025,CO2/CO/NOx,2025-10-24 07:00:00+02:00,0.00084854866
2025,CO2/CO/NOx,2025-10-24 08:00:00+02:00,0.3070049
2025,CO2/CO/NOx,2025-10-24 09:00:00+02:00,0.35842696
2025,CO2/CO/NOx,2025-10-24 10:00:00+02:00,0.35995436
2025,CO2/CO/NOx,2025-10-24 11:00:00+02:00,0.36165145
2025,CO2/CO/NOx,2025-10-24 12:00:00+02:00,0.36046347
2025,CO2/CO/NOx,2025-10-24 13:00:00+02:00,0.36046347
2025,CO2/CO/NOx,2025-10-24 14:00:00+02:00,0.36046347
2025,CO2/CO/NOx,2025-10-24 15:00:00+02:00,0.36046347
2025,CO2/CO/NOx,2025-10-24 16:00:00+02:00,0.09792252
2025,CO2/CO/NOx,2025-10-24 17:00:00+02:00,0.0
2025,CO2/CO/NOx,2025-10-24 18:00:00+02:00,0.0
2025,CO2/CO/NOx,2025-10-24 19:00:00+02:00,0.0
2025,CO2/CO/NOx,2025-10-24 20:00:00+02:00,0.0
2025,CO2/CO/NOx,2025-10-24 21:00:00+02:00,0.0
2025,CO2/CO/NOx,2025-10-24 22:00:00+02:00,0.0
2025,CO2/CO/NOx,2025-10-24 23:00:00+02:00,0.1272823
2025,CO2/CO/NOx,2025-10-25 00:00:00+02:00,0.8935217
2025,CO2/CO/NOx,2025-10-25 01:00:00+02:00,0.4868972
2025,CO2/CO/NOx,2025-10-25 02:00:00+02:00,0.0
2025,CO2/CO/NOx,2025-10-25 03:00:00+02:00,0.0
2025,CO2/CO/NOx,2025-10-25 04:00:00+02:00,0.0
2025,CO2/CO/NOx,2025-10-25 05:00:00+02:00,0.0
2025,CO2/CO/NOx,2025-10-25 06:00:00+02:00,0.0
2025,CO2/CO/NOx,2025-10-25 07:00:00+02:00,0.0
2025,CO2/CO/NOx,2025-10-25 08:00:00+02:00,0.0
2025,CO2/CO/NOx,2025-10-25 09:00:00+02:00,0.0
2025,CO2/CO/NOx,2025-10-25 10:00:00+02:00,0.0
2025,CO2/CO/NOx,2025-10-25 11:00:00+02:00,0.0
2025,CO2/CO/NOx,2025-10-25 12:00:00+02:00,0.0
2025,CO2/CO/NOx,2025-10-25 13:00:00+02:00,0.0
2025,CO2/CO/NOx,2025-10-25 14:00:00+02:00,0.0
2025,CO2/CO/NOx,2025-10-25 15:00:00+02:00,0.0
2025,CO2/CO/NOx,2025-10-25 16:00:00+02:00,0.0
2025,CO2/CO/NOx,2025-10-25 17:00:00+02:00,0.0
2025,CO2/CO/NOx,2025-10-25 18:00:00+02:00,0.0
2025,CO2/CO/NOx,2025-10-25 19:00:00+02:00,0.0
2025,CO2/CO/NOx,2025-10-25 20:00:00+02:00,0.0
2025,CO2/CO/NOx,2025-10-25 21:00:00+02:00,0.0
2025,CO2/CO/NOx,2025-10-25 22:00:00+02:00,0.090625
2025,CO2/CO/NOx,2025-10-25 23:00:00+02:00,0.36182114
2025,CO2/CO/NOx,2025-10-26 00:00:00+02:00,0.8702715
2025,CO2/CO/NOx,2025-10-26 01:00:00+02:00,0.96344215
2025,CO2/CO/NOx,2025-10-26 02:00:00+01:00,1.1331519
2025,CO2/CO/NOx,2025-10-26 02:00:00+01:00,0.939513
2025,CO2/CO/NOx,2025-10-26 02:00:00+01:00,1.1331519
2025,CO2/CO/NOx,2025-10-26 02:00:00+01:00,0.939513
2025,CO2/CO/NOx,2025-10-26 03:00:00+01:00,0.25405547
2025,CO2/CO/NOx,2025-10-26 04:00:00+01:00,0.0
2025,CO2/CO/NOx,2025-10-26 05:00:00+01:00,0.0
2025,CO2/CO/NOx,2025-10-26 06:00:00+01:00,0.0
2025,CO2/CO/NOx,2025-10-26 07:00:00+01:00,0.0
2025,CO2/CO/NOx,2025-10-26 08:00:00+01:00,0.0
2025,CO2/CO/NOx,2025-10-26 09:00:00+01:00,0.0
2025,CO2/CO/NOx,2025-10-26 10:00:00+01:00,0.0
2025,CO2/CO/NOx,2025-10-26 11:00:00+01:00,0.0
2025,CO2/CO/NOx,2025-10-26 12:00:00+01:00,0.0
2025,CO2/CO/NOx,2025-10-26 13:00:00+01:00,0.0
2025,CO2/CO/NOx,2025-10-26 14:00:00+01:00,0.0
2025,CO2/CO/NOx,2025-10-26 15:00:00+01:00,0.0
2025,CO2/CO/NOx,2025-10-26 16:00:00+01:00,0.0
2025,CO2/CO/NOx,2025-10-26 17:00:00+01:00,0.0
2025,CO2/CO/NOx,2025-10-26 18:00:00+01:00,0.0
2025,CO2/CO/NOx,2025-10-26 19:00:00+01:00,0.0
2025,CO2/CO/NOx,2025-10-26 20:00:00+01:00,0.0
2025,CO2/CO/NOx,2025-10-26 21:00:00+01:00,0.0
2025,CO2/CO/NOx,2025-10-26 22:00:00+01:00,0.0
2025,CO2/CO/NOx,2025-10-26 23:00:00+01:00,0.0
2025,CO2/CO/NOx,2025-10-27 00:00:00+01:00,0.0
2025,CO2/CO/NOx,2025-10-27 01:00:00+01:00,0.0
2025,CO2/CO/NOx,2025-10-27 02:00:00+01:00,0.0
2025,CO2/CO/NOx,2025-10-27 03:00:00+01:00,0.0
2025,CO2/CO/NOx,2025-10-27 04:00:00+01:00,0.017140683
2025,CO2/CO/NOx,2025-10-27 05:00:00+01:00,0.32227877
2025,CO2/CO/NOx,2025-10-27 06:00:00+01:00,0.7378979
2025,CO2/CO/NOx,2025-10-27 07:00:00+01:00,1.1222905
2025,CO2/CO/NOx,2025-10-27 08:00:00+01:00,1.3004857
2025,CO2/CO/NOx,2025-10-27 09:00:00+01:00,1.3446102
2025,CO2/CO/NOx,2025-10-27 10:00:00+01:00,1.3498713
2025,CO2/CO/NOx,2025-10-27 11:00:00+01:00,1.340707
2025,CO2/CO/NOx,2025-10-27 12:00:00+01:00,1.3444406
2025,CO2/CO/NOx,2025-10-27 13:00:00+01:00,1.3308637
2025,CO2/CO/NOx,2025-10-27 14:00:00+01:00,1.3267907
2025,CO2/CO/NOx,2025-10-27 15:00:00+01:00,1.3093106
2025,CO2/CO/NOx,2025-10-27 16:00:00+01:00,1.3310335
2025,CO2/CO/NOx,2025-10-27 17:00:00+01:00,1.3344277
2025,CO2/CO/NOx,2025-10-27 18:00:00+01:00,1.3366338
2025,CO2/CO/NOx,2025-10-27 19:00:00+01:00,1.3276392
2025,CO2/CO/NOx,2025-10-27 20:00:00+01:00,1.3247541
2025,CO2/CO/NOx,2025-10-27 21:00:00+01:00,1.3216995
2025,CO2/CO/NOx,2025-10-27 22:00:00+01:00,1.3218691
2025,CO2/CO/NOx,2025-10-27 23:00:00+01:00,0.41561916
2025,CO2/CO/NOx,2025-10-28 00:00:00+01:00,0.0
2025,CO2/CO/NOx,2025-10-28 01:00:00+01:00,0.0
2025,CO2/CO/NOx,2025-10-28 02:00:00+01:00,0.0
2025,CO2/CO/NOx,2025-10-28 03:00:00+01:00,0.0
2025,CO2/CO/NOx,2025-10-28 04:00:00+01:00,0.0
2025,CO2/CO/NOx,2025-10-28 05:00:00+01:00,0.13203418
2025,CO2/CO/NOx,2025-10-28 06:00:00+01:00,0.6628862
2025,CO2/CO/NOx,2025-10-28 07:00:00+01:00,1.136037
2025,CO2/CO/NOx,2025-10-28 08:00:00+01:00,1.2704471
2025,CO2/CO/NOx,2025-10-28 09:00:00+01:00,1.2412571
2025,CO2/CO/NOx,2025-10-28 10:00:00+01:00,1.200357
2025,CO2/CO/NOx,2025-10-28 11:00:00+01:00,1.0182585
2025,CO2/CO/NOx,2025-10-28 12:00:00+01:00,0.81867975
2025,CO2/CO/NOx,2025-10-28 13:00:00+01:00,0.75707513
2025,CO2/CO/NOx,2025-10-28 14:00:00+01:00,0.7202481
2025,CO2/CO/NOx,2025-10-28 15:00:00+01:00,0.7024286
2025,CO2/CO/NOx,2025-10-28 16:00:00+01:00,0.69835556
2025,CO2/CO/NOx,2025-10-28 17:00:00+01:00,1.0432057
2025,CO2/CO/NOx,2025-10-28 18:00:00+01:00,1.191532
2025,CO2/CO/NOx,2025-10-28 19:00:00+01:00,1.1842346
2025,CO2/CO/NOx,2025-10-28 20:00:00+01:00,1.0679833
2025,CO2/CO/NOx,2025-10-28 21:00:00+01:00,0.73993444
2025,CO2/CO/NOx,2025-10-28 22:00:00+01:00,0.111669
2025,CO2/CO/NOx,2025-10-28 23:00:00+01:00,0.0
2025,CO2/CO/NOx,2025-10-29 00:00:00+01:00,0.0
2025,CO2/CO/NOx,2025-10-29 01:00:00+01:00,0.0
2025,CO2/CO/NOx,2025-10-29 02:00:00+01:00,0.0
2025,CO2/CO/NOx,2025-10-29 03:00:00+01:00,0.0
2025,CO2/CO/NOx,2025-10-29 04:00:00+01:00,0.0
2025,CO2/CO/NOx,2025-10-29 05:00:00+01:00,0.13491924
2025,CO2/CO/NOx,2025-10-29 06:00:00+01:00,0.44922167
2025,CO2/CO/NOx,2025-10-29 07:00:00+01:00,1.1248361
2025,CO2/CO/NOx,2025-10-29 08:00:00+01:00,1.2146125
2025,CO2/CO/NOx,2025-10-29 09:00:00+01:00,1.1519897
2025,CO2/CO/NOx,2025-10-29 10:00:00+01:00,0.9632724
2025,CO2/CO/NOx,2025-10-29 11:00:00+01:00,0.84091175
2025,CO2/CO/NOx,2025-10-29 12:00:00+01:00,0.87756896
2025,CO2/CO/NOx,2025-10-29 13:00:00+01:00,0.889279
2025,CO2/CO/NOx,2025-10-29 14:00:00+01:00,1.2392205
2025,CO2/CO/NOx,2025-10-29 15:00:00+01:00,2.1979108
2025,CO2/CO/NOx,2025-10-29 16:00:00+01:00,2.4611304
2025,CO2/CO/NOx,2025-10-29 17:00:00+01:00,2.4528146
2025,CO2/CO/NOx,2025-10-29 18:00:00+01:00,2.4378803
2025,CO2/CO/NOx,2025-10-29 19:00:00+01:00,2.4022415
2025,CO2/CO/NOx,2025-10-29 20:00:00+01:00,2.3907008
2025,CO2/CO/NOx,2025-10-29 21:00:00+01:00,1.6042662
2025,CO2/CO/NOx,2025-10-29 22:00:00+01:00,0.8779084
2025,CO2/CO/NOx,2025-10-29 23:00:00+01:00,0.27849367
2025,CO2/CO/NOx,2025-10-30 00:00:00+01:00,0.0
2025,CO2/CO/NOx,2025-10-30 01:00:00+01:00,0.0
2025,CO2/CO/NOx,2025-10-30 02:00:00+01:00,0.0
2025,CO2/CO/NOx,2025-10-30 03:00:00+01:00,0.0
2025,CO2/CO/NOx,2025-10-30 04:00:00+01:00,0.0
2025,CO2/CO/NOx,2025-10-30 05:00:00+01:00,0.30887172
2025,CO2/CO/NOx,2025-10-30 06:00:00+01:00,0.56547284
2025,CO2/CO/NOx,2025-10-30 07:00:00+01:00,1.0875
2025,CO2/CO/NOx,2025-10-30 08:00:00+01:00,0.9783766
2025,CO2/CO/NOx,2025-10-30 09:00:00+01:00,0.9958568
2025,CO2/CO/NOx,2025-10-30 10:00:00+01:00,0.7353523
2025,CO2/CO/NOx,2025-10-30 11:00:00+01:00,0.5454471
2025,CO2/CO/NOx,2025-10-30 12:00:00+01:00,0.51982087
2025,CO2/CO/NOx,2025-10-30 13:00:00+01:00,0.52898526
2025,CO2/CO/NOx,2025-10-30 14:00:00+01:00,0.5892322
2025,CO2/CO/NOx,2025-10-30 15:00:00+01:00,1.6789384
2025,CO2/CO/NOx,2025-10-30 16:00:00+01:00,2.294815
2025,CO2/CO/NOx,2025-10-30 17:00:00+01:00,2.4297342
2025,CO2/CO/NOx,2025-10-30 18:00:00+01:00,2.447384
2025,CO2/CO/NOx,2025-10-30 19:00:00+01:00,2.4624882
2025,CO2/CO/NOx,2025-10-30 20:00:00+01:00,2.3324907
2025,CO2/CO/NOx,2025-10-30 21:00:00+01:00,1.3726122
2025,CO2/CO/NOx,2025-10-30 22:00:00+01:00,1.181519
2025,CO2/CO/NOx,2025-10-30 23:00:00+01:00,1.2159703
2025,CO2/CO/NOx,2025-10-31 00:00:00+01:00,1.2382022
2025,CO2/CO/NOx,2025-10-31 01:00:00+01:00,1.2385416
2025,CO2/CO/NOx,2025-10-31 02:00:00+01:00,1.2382022
2025,CO2/CO/NOx,2025-10-31 03:00:00+01:00,1.2324321
2025,CO2/CO/NOx,2025-10-31 04:00:00+01:00,1.2485545
2025,CO2/CO/NOx,2025-10-31 05:00:00+01:00,1.331882
2025,CO2/CO/NOx,2025-10-31 06:00:00+01:00,1.3502105
2025,CO2/CO/NOx,2025-10-31 07:00:00+01:00,1.326621
2025,CO2/CO/NOx,2025-10-31 08:00:00+01:00,1.3488529
2025,CO2/CO/NOx,2025-10-31 09:00:00+01:00,1.3082924
2025,CO2/CO/NOx,2025-10-31 10:00:00+01:00,1.2870786
2025,CO2/CO/NOx,2025-10-31 11:00:00+01:00,1.2303956
2025,CO2/CO/NOx,2025-10-31 12:00:00+01:00,1.1942472
2025,CO2/CO/NOx,2025-10-31 13:00:00+01:00,1.191532
2025,CO2/CO/NOx,2025-10-31 14:00:00+01:00,1.1820283
2025,CO2/CO/NOx,2025-10-31 15:00:00+01:00,1.2242861
2025,CO2/CO/NOx,2025-10-31 16:00:00+01:00,2.0018961
2025,CO2/CO/NOx,2025-10-31 17:00:00+01:00,2.36796
2025,CO2/CO/NOx,2025-10-31 18:00:00+01:00,2.4477236
2025,CO2/CO/NOx,2025-10-31 19:00:00+01:00,2.4573972
2025,CO2/CO/NOx,2025-10-31 20:00:00+01:00,2.0940485
2025,CO2/CO/NOx,2025-10-31 21:00:00+01:00,1.3819463
2025,CO2/CO/NOx,2025-10-31 22:00:00+01:00,0.5958508
2025,CO2/CO/NOx,2025-10-31 23:00:00+01:00,0.0
2025,CO2/CO/NOx,2025-11-01 00:00:00+01:00,0.0
2025,CO2/CO/NOx,2025-11-01 01:00:00+01:00,0.0
2025,CO2/CO/NOx,2025-11-01 02:00:00+01:00,0.0
2025,CO2/CO/NOx,2025-11-01 03:00:00+01:00,0.0
2025,CO2/CO/NOx,2025-11-01 04:00:00+01:00,0.0
2025,CO2/CO/NOx,2025-11-01 05:00:00+01:00,0.016631555
2025,CO2/CO/NOx,2025-11-01 06:00:00+01:00,0.3484141
2025,CO2/CO/NOx,2025-11-01 07:00:00+01:00,0.36012405
2025,CO2/CO/NOx,2025-11-01 08:00:00+01:00,0.13576779
2025,CO2/CO/NOx,2025-11-01 09:00:00+01:00,0.0
2025,CO2/CO/NOx,2025-11-01 10:00:00+01:00,0.0
2025,CO2/CO/NOx,2025-11-01 11:00:00+01:00,0.0
2025,CO2/CO/NOx,2025-11-01 12:00:00+01:00,0.0
2025,CO2/CO/NOx,2025-11-01 13:00:00+01:00,0.0
2025,CO2/CO/NOx,2025-11-01 14:00:00+01:00,0.0
2025,CO2/CO/NOx,2025-11-01 15:00:00+01:00,0.0
2025,CO2/CO/NOx,2025-11-01 16:00:00+01:00,0.0
2025,CO2/CO/NOx,2025-11-01 17:00:00+01:00,0.0
2025,CO2/CO/NOx,2025-11-01 18:00:00+01:00,0.0
2025,CO2/CO/NOx,2025-11-01 19:00:00+01:00,0.0
2025,CO2/CO/NOx,2025-11-01 20:00:00+01:00,0.0
2025,CO2/CO/NOx,2025-11-01 21:00:00+01:00,0.0
2025,CO2/CO/NOx,2025-11-01 22:00:00+01:00,0.0
2025,CO2/CO/NOx,2025-11-01 23:00:00+01:00,0.0
2025,CO2/CO/NOx,2025-11-02 00:00:00+01:00,0.0
2025,CO2/CO/NOx,2025-11-02 01:00:00+01:00,0.0
2025,CO2/CO/NOx,2025-11-02 02:00:00+01:00,0.0
2025,CO2/CO/NOx,2025-11-02 03:00:00+01:00,0.0
2025,CO2/CO/NOx,2025-11-02 04:00:00+01:00,0.0
2025,CO2/CO/NOx,2025-11-02 05:00:00+01:00,0.0
2025,CO2/CO/NOx,2025-11-02 06:00:00+01:00,0.0
2025,CO2/CO/NOx,2025-11-02 07:00:00+01:00,0.0
2025,CO2/CO/NOx,2025-11-02 08:00:00+01:00,0.0
2025,CO2/CO/NOx,2025-11-02 09:00:00+01:00,0.0
2025,CO2/CO/NOx,2025-11-02 10:00:00+01:00,0.0
2025,CO2/CO/NOx,2025-11-02 11:00:00+01:00,0.0
2025,CO2/CO/NOx,2025-11-02 12:00:00+01:00,0.15138108
2025,CO2/CO/NOx,2025-11-02 13:00:00+01:00,0.3937266
2025,CO2/CO/NOx,2025-11-02 14:00:00+01:00,0.63573265
2025,CO2/CO/NOx,2025-11-02 15:00:00+01:00,0.975831
2025,CO2/CO/NOx,2025-11-02 16:00:00+01:00,1.179822
2025,CO2/CO/NOx,2025-11-02 17:00:00+01:00,1.206127
2025,CO2/CO/NOx,2025-11-02 18:00:00+01:00,1.261113
2025,CO2/CO/NOx,2025-11-02 19:00:00+01:00,1.301504
2025,CO2/CO/NOx,2025-11-02 20:00:00+01:00,1.2460089
2025,CO2/CO/NOx,2025-11-02 21:00:00+01:00,1.2135943
2025,CO2/CO/NOx,2025-11-02 22:00:00+01:00,1.1156719
2025,CO2/CO/NOx,2025-11-02 23:00:00+01:00,1.0598372
2025,CO2/CO/NOx,2025-11-03 00:00:00+01:00,0.78694403
2025,CO2/CO/NOx,2025-11-03 01:00:00+01:00,0.7078593
2025,CO2/CO/NOx,2025-11-03 02:00:00+01:00,0.6919066
2025,CO2/CO/NOx,2025-11-03 03:00:00+01:00,0.6936037
2025,CO2/CO/NOx,2025-11-03 04:00:00+01:00,0.760639
2025,CO2/CO/NOx,2025-11-03 05:00:00+01:00,1.1996781
2025,CO2/CO/NOx,2025-11-03 06:00:00+01:00,1.3205113
2025,CO2/CO/NOx,2025-11-03 07:00:00+01:00,1.3403674
2025,CO2/CO/NOx,2025-11-03 08:00:00+01:00,1.3420645
2025,CO2/CO/NOx,2025-11-03 09:00:00+01:00,1.2952245
2025,CO2/CO/NOx,2025-11-03 10:00:00+01:00,1.2253042
2025,CO2/CO/NOx,2025-11-03 11:00:00+01:00,1.2361658
2025,CO2/CO/NOx,2025-11-03 12:00:00+01:00,1.2305652
2025,CO2/CO/NOx,2025-11-03 13:00:00+01:00,1.1966233
2025,CO2/CO/NOx,2025-11-03 14:00:00+01:00,1.195605
2025,CO2/CO/NOx,2025-11-03 15:00:00+01:00,1.2251346
2025,CO2/CO/NOx,2025-11-03 16:00:00+01:00,1.6504272
2025,CO2/CO/NOx,2025-11-03 17:00:00+01:00,2.224046
2025,CO2/CO/NOx,2025-11-03 18:00:00+01:00,2.363208
2025,CO2/CO/NOx,2025-11-03 19:00:00+01:00,2.35608
2025,CO2/CO/NOx,2025-11-03 20:00:00+01:00,1.9983321
2025,CO2/CO/NOx,2025-11-03 21:00:00+01:00,1.2726532
2025,CO2/CO/NOx,2025-11-03 22:00:00+01:00,1.0830876
2025,CO2/CO/NOx,2025-11-03 23:00:00+01:00,1.2246253
2025,CO2/CO/NOx,2025-11-04 00:00:00+01:00,0.88333917
2025,CO2/CO/NOx,2025-11-04 01:00:00+01:00,0.73670995
2025,CO2/CO/NOx,2025-11-04 02:00:00+01:00,0.7362008
2025,CO2/CO/NOx,2025-11-04 03:00:00+01:00,0.7392556
2025,CO2/CO/NOx,2025-11-04 04:00:00+01:00,0.776422
2025,CO2/CO/NOx,2025-11-04 05:00:00+01:00,1.3895833
2025,CO2/CO/NOx,2025-11-04 06:00:00+01:00,1.9623537
2025,CO2/CO/NOx,2025-11-04 07:00:00+01:00,2.3511584
2025,CO2/CO/NOx,2025-11-04 08:00:00+01:00,2.27428
2025,CO2/CO/NOx,2025-11-04 09:00:00+01:00,1.8854752
2025,CO2/CO/NOx,2025-11-04 10:00:00+01:00,1.4235253
2025,CO2/CO/NOx,2025-11-04 11:00:00+01:00,1.2112184
2025,CO2/CO/NOx,2025-11-04 12:00:00+01:00,1.0506729
2025,CO2/CO/NOx,2025-11-04 13:00:00+01:00,0.9809223
2025,CO2/CO/NOx,2025-11-04 14:00:00+01:00,0.97413385
2025,CO2/CO/NOx,2025-11-04 15:00:00+01:00,1.7339244
2025,CO2/CO/NOx,2025-11-04 16:00:00+01:00,2.3586257
2025,CO2/CO/NOx,2025-11-04 17:00:00+01:00,2.4456868
2025,CO2/CO/NOx,2025-11-04 18:00:00+01:00,2.4416142
2025,CO2/CO/NOx,2025-11-04 19:00:00+01:00,1.9525105
2025,CO2/CO/NOx,2025-11-04 20:00:00+01:00,1.3223783
2025,CO2/CO/NOx,2025-11-04 21:00:00+01:00,1.2753687
2025,CO2/CO/NOx,2025-11-04 22:00:00+01:00,1.2814782
2025,CO2/CO/NOx,2025-11-04 23:00:00+01:00,1.25704
2025,CO2/CO/NOx,2025-11-05 00:00:00+01:00,1.2533064
2025,CO2/CO/NOx,2025-11-05 01:00:00+01:00,1.2461785
2025,CO2/CO/NOx,2025-11-05 02:00:00+01:00,1.2522881
2025,CO2/CO/NOx,2025-11-05 03:00:00+01:00,1.2475362
2025,CO2/CO/NOx,2025-11-05 04:00:00+01:00,1.3218691
2025,CO2/CO/NOx,2025-11-05 05:00:00+01:00,1.9465706
2025,CO2/CO/NOx,2025-11-05 06:00:00+01:00,2.4015622
2025,CO2/CO/NOx,2025-11-05 07:00:00+01:00,2.6121721
2025,CO2/CO/NOx,2025-11-05 08:00:00+01:00,2.6160755
2025,CO2/CO/NOx,2025-11-05 09:00:00+01:00,2.4088597
2025,CO2/CO/NOx,2025-11-05 10:00:00+01:00,1.9956168
2025,CO2/CO/NOx,2025-11-05 11:00:00+01:00,1.6181823
2025,CO2/CO/NOx,2025-11-05 12:00:00+01:00,1.2948853
2025,CO2/CO/NOx,2025-11-05 13:00:00+01:00,0.82173455
2025,CO2/CO/NOx,2025-11-05 14:00:00+01:00,0.81969804
2025,CO2/CO/NOx,2025-11-05 15:00:00+01:00,1.2894546
2025,CO2/CO/NOx,2025-11-05 16:00:00+01:00,2.0231097
2025,CO2/CO/NOx,2025-11-05 17:00:00+01:00,2.3849308
2025,CO2/CO/NOx,2025-11-05 18:00:00+01:00,2.4528148
2025,CO2/CO/NOx,2025-11-05 19:00:00+01:00,2.4502692
2025,CO2/CO/NOx,2025-11-05 20:00:00+01:00,2.435674
2025,CO2/CO/NOx,2025-11-05 21:00:00+01:00,2.0027444
2025,CO2/CO/NOx,2025-11-05 22:00:00+01:00,1.9039733
2025,CO2/CO/NOx,2025-11-05 23:00:00+01:00,1.7264571
2025,CO2/CO/NOx,2025-11-06 00:00:00+01:00,1.6633252
2025,CO2/CO/NOx,2025-11-06 01:00:00+01:00,1.6594218
2025,CO2/CO/NOx,2025-11-06 02:00:00+01:00,1.6546699
2025,CO2/CO/NOx,2025-11-06 03:00:00+01:00,1.7201778
2025,CO2/CO/NOx,2025-11-06 04:00:00+01:00,2.07555
2025,CO2/CO/NOx,2025-11-06 05:00:00+01:00,2.4925268
2025,CO2/CO/NOx,2025-11-06 06:00:00+01:00,2.5093284
2025,CO2/CO/NOx,2025-11-06 07:00:00+01:00,2.528675
2025,CO2/CO/NOx,2025-11-06 08:00:00+01:00,2.5539615
2025,CO2/CO/NOx,2025-11-06 09:00:00+01:00,2.5156074
2025,CO2/CO/NOx,2025-11-06 10:00:00+01:00,2.460282
2025,CO2/CO/NOx,2025-11-06 11:00:00+01:00,2.208942
2025,CO2/CO/NOx,2025-11-06 12:00:00+01:00,1.7225537
2025,CO2/CO/NOx,2025-11-06 13:00:00+01:00,1.6641737
2025,CO2/CO/NOx,2025-11-06 14:00:00+01:00,1.6745259
2025,CO2/CO/NOx,2025-11-06 15:00:00+01:00,2.2851415
2025,CO2/CO/NOx,2025-11-06 16:00:00+01:00,2.418703
2025,CO2/CO/NOx,2025-11-06 17:00:00+01:00,2.406484
2025,CO2/CO/NOx,2025-11-06 18:00:00+01:00,2.4010534
2025,CO2/CO/NOx,2025-11-06 19:00:00+01:00,2.4093692
2025,CO2/CO/NOx,2025-11-06 20:00:00+01:00,2.3996956
2025,CO2/CO/NOx,2025-11-06 21:00:00+01:00,2.4108963
2025,CO2/CO/NOx,2025-11-06 22:00:00+01:00,2.2006261
2025,CO2/CO/NOx,2025-11-06 23:00:00+01:00,2.1106799
2025,CO2/CO/NOx,2025-11-07 00:00:00+01:00,2.1144135
2025,CO2/CO/NOx,2025-11-07 01:00:00+01:00,2.1442826
2025,CO2/CO/NOx,2025-11-07 02:00:00+01:00,2.178903
2025,CO2/CO/NOx,2025-11-07 03:00:00+01:00,2.1794126
2025,CO2/CO/NOx,2025-11-07 04:00:00+01:00,2.3616807
2025,CO2/CO/NOx,2025-11-07 05:00:00+01:00,2.4852293
2025,CO2/CO/NOx,2025-11-07 06:00:00+01:00,2.5196803
2025,CO2/CO/NOx,2025-11-07 07:00:00+01:00,2.5235837
2025,CO2/CO/NOx,2025-11-07 08:00:00+01:00,2.5371606
2025,CO2/CO/NOx,2025-11-07 09:00:00+01:00,2.5249412
2025,CO2/CO/NOx,2025-11-07 10:00:00+01:00,2.4843807
2025,CO2/CO/NOx,2025-11-07 11:00:00+01:00,2.4702947
2025,CO2/CO/NOx,2025-11-07 12:00:00+01:00,2.4709737
2025,CO2/CO/NOx,2025-11-07 13:00:00+01:00,2.4650338
2025,CO2/CO/NOx,2025-11-07 14:00:00+01:00,2.4541724
2025,CO2/CO/NOx,2025-11-07 15:00:00+01:00,2.4355044
2025,CO2/CO/NOx,2025-11-07 16:00:00+01:00,2.4402564
2025,CO2/CO/NOx,2025-11-07 17:00:00+01:00,2.4429717
2025,CO2/CO/NOx,2025-11-07 18:00:00+01:00,2.442123
2025,CO2/CO/NOx,2025-11-07 19:00:00+01:00,2.4675796
2025,CO2/CO/NOx,2025-11-07 20:00:00+01:00,2.4616396
2025,CO2/CO/NOx,2025-11-07 21:00:00+01:00,2.4711435
2025,CO2/CO/NOx,2025-11-07 22:00:00+01:00,2.467919
2025,CO2/CO/NOx,2025-11-07 23:00:00+01:00,2.1593866
2025,CO2/CO/NOx,2025-11-08 00:00:00+01:00,1.0706987
2025,CO2/CO/NOx,2025-11-08 01:00:00+01:00,0.9386645
2025,CO2/CO/NOx,2025-11-08 02:00:00+01:00,0.93815535
2025,CO2/CO/NOx,2025-11-08 03:00:00+01:00,0.93900394
2025,CO2/CO/NOx,2025-11-08 04:00:00+01:00,0.93832517
2025,CO2/CO/NOx,2025-11-08 05:00:00+01:00,0.9393434
2025,CO2/CO/NOx,2025-11-08 06:00:00+01:00,0.94036156
2025,CO2/CO/NOx,2025-11-08 07:00:00+01:00,0.940701
2025,CO2/CO/NOx,2025-11-08 08:00:00+01:00,0.9384948
2025,CO2/CO/NOx,2025-11-08 09:00:00+01:00,0.9393434
2025,CO2/CO/NOx,2025-11-08 10:00:00+01:00,0.9396828
2025,CO2/CO/NOx,2025-11-08 11:00:00+01:00,0.93679774
2025,CO2/CO/NOx,2025-11-08 12:00:00+01:00,1.1316246
2025,CO2/CO/NOx,2025-11-08 13:00:00+01:00,1.3395189
2025,CO2/CO/NOx,2025-11-08 14:00:00+01:00,1.8250585
2025,CO2/CO/NOx,2025-11-08 15:00:00+01:00,2.44976
2025,CO2/CO/NOx,2025-11-08 16:00:00+01:00,2.5108554
2025,CO2/CO/NOx,2025-11-08 17:00:00+01:00,2.500503
2025,CO2/CO/NOx,2025-11-08 18:00:00+01:00,2.501861
2025,CO2/CO/NOx,2025-11-08 19:00:00+01:00,2.49083
2025,CO2/CO/NOx,2025-11-08 20:00:00+01:00,2.4631672
2025,CO2/CO/NOx,2025-11-08 21:00:00+01:00,2.464355
2025,CO2/CO/NOx,2025-11-08 22:00:00+01:00,2.2199728
2025,CO2/CO/NOx,2025-11-08 23:00:00+01:00,1.8888693
2025,CO2/CO/NOx,2025-11-09 00:00:00+01:00,1.6950608
2025,CO2/CO/NOx,2025-11-09 01:00:00+01:00,1.4959913
2025,CO2/CO/NOx,2025-11-09 02:00:00+01:00,1.499725
2025,CO2/CO/NOx,2025-11-09 03:00:00+01:00,1.5036283
2025,CO2/CO/NOx,2025-11-09 04:00:00+01:00,1.7262874
2025,CO2/CO/NOx,2025-11-09 05:00:00+01:00,1.9353696
2025,CO2/CO/NOx,2025-11-09 06:00:00+01:00,2.083866
2025,CO2/CO/NOx,2025-11-09 07:00:00+01:00,2.1262932
2025,CO2/CO/NOx,2025-11-09 08:00:00+01:00,2.1269722
2025,CO2/CO/NOx,2025-11-09 09:00:00+01:00,2.1312149
2025,CO2/CO/NOx,2025-11-09 10:00:00+01:00,2.009024
2025,CO2/CO/NOx,2025-11-09 11:00:00+01:00,1.8702012
2025,CO2/CO/NOx,2025-11-09 12:00:00+01:00,1.8316772
2025,CO2/CO/NOx,2025-11-09 13:00:00+01:00,1.8270949
2025,CO2/CO/NOx,2025-11-09 14:00:00+01:00,1.8309982
2025,CO2/CO/NOx,2025-11-09 15:00:00+01:00,2.0689316
2025,CO2/CO/NOx,2025-11-09 16:00:00+01:00,2.3998654
2025,CO2/CO/NOx,2025-11-09 17:00:00+01:00,2.4628274
2025,CO2/CO/NOx,2025-11-09 18:00:00+01:00,2.466222
2025,CO2/CO/NOx,2025-11-09 19:00:00+01:00,2.4769135
2025,CO2/CO/NOx,2025-11-09 20:00:00+01:00,2.4740286
2025,CO2/CO/NOx,2025-11-09 21:00:00+01:00,2.4735193
2025,CO2/CO/NOx,2025-11-09 22:00:00+01:00,2.3450491
2025,CO2/CO/NOx,2025-11-09 23:00:00+01:00,2.1369848
2025,CO2/CO/NOx,2025-11-10 00:00:00+01:00,1.6955699
2025,CO2/CO/NOx,2025-11-10 01:00:00+01:00,1.5954411
2025,CO2/CO/NOx,2025-11-10 02:00:00+01:00,1.5806764
2025,CO2/CO/NOx,2025-11-10 03:00:00+01:00,1.5085498
2025,CO2/CO/NOx,2025-11-10 04:00:00+01:00,1.911271
2025,CO2/CO/NOx,2025-11-10 05:00:00+01:00,2.3569288
2025,CO2/CO/NOx,2025-11-10 06:00:00+01:00,2.4283764
2025,CO2/CO/NOx,2025-11-10 07:00:00+01:00,2.472501
2025,CO2/CO/NOx,2025-11-10 08:00:00+01:00,2.4904904
2025,CO2/CO/NOx,2025-11-10 09:00:00+01:00,2.4758954
2025,CO2/CO/NOx,2025-11-10 10:00:00+01:00,2.4682584
2025,CO2/CO/NOx,2025-11-10 11:00:00+01:00,2.2265916
2025,CO2/CO/NOx,2025-11-10 12:00:00+01:00,2.1320634
2025,CO2/CO/NOx,2025-11-10 13:00:00+01:00,2.132912
2025,CO2/CO/NOx,2025-11-10 14:00:00+01:00,2.1347787
2025,CO2/CO/NOx,2025-11-10 15:00:00+01:00,2.3664327
2025,CO2/CO/NOx,2025-11-10 16:00:00+01:00,2.4560394
2025,CO2/CO/NOx,2025-11-10 17:00:00+01:00,2.4679189
2025,CO2/CO/NOx,2025-11-10 18:00:00+01:00,2.485399
2025,CO2/CO/NOx,2025-11-10 19:00:00+01:00,2.4993153
2025,CO2/CO/NOx,2025-11-10 20:00:00+01:00,2.4986365
2025,CO2/CO/NOx,2025-11-10 21:00:00+01:00,2.4909995
2025,CO2/CO/NOx,2025-11-10 22:00:00+01:00,2.4945633
2025,CO2/CO/NOx,2025-11-10 23:00:00+01:00,1.9952773
2025,CO2/CO/NOx,2025-11-11 00:00:00+01:00,1.5099074
2025,CO2/CO/NOx,2025-11-11 01:00:00+01:00,1.5068526
2025,CO2/CO/NOx,2025-11-11 02:00:00+01:00,1.6578944
2025,CO2/CO/NOx,2025-11-11 03:00:00+01:00,1.5075316
2025,CO2/CO/NOx,2025-11-11 04:00:00+01:00,2.039911
2025,CO2/CO/NOx,2025-11-11 05:00:00+01:00,2.299567
2025,CO2/CO/NOx,2025-11-11 06:00:00+01:00,1.8228521
2025,CO2/CO/NOx,2025-11-11 07:00:00+01:00,1.8522121
2025,CO2/CO/NOx,2025-11-11 08:00:00+01:00,2.4633367
2025,CO2/CO/NOx,2025-11-11 09:00:00+01:00,2.4860778
2025,CO2/CO/NOx,2025-11-11 10:00:00+01:00,1.8618857
2025,CO2/CO/NOx,2025-11-11 11:00:00+01:00,1.843387
2025,CO2/CO/NOx,2025-11-11 12:00:00+01:00,1.6947213
2025,CO2/CO/NOx,2025-11-11 13:00:00+01:00,1.7003218
2025,CO2/CO/NOx,2025-11-11 14:00:00+01:00,2.406484
2025,CO2/CO/NOx,2025-11-11 15:00:00+01:00,2.4146302
2025,CO2/CO/NOx,2025-11-11 16:00:00+01:00,2.428207
2025,CO2/CO/NOx,2025-11-11 17:00:00+01:00,2.448572
2025,CO2/CO/NOx,2025-11-11 18:00:00+01:00,2.443141
2025,CO2/CO/NOx,2025-11-11 19:00:00+01:00,2.3007548
2025,CO2/CO/NOx,2025-11-11 20:00:00+01:00,1.8474603
2025,CO2/CO/NOx,2025-11-11 21:00:00+01:00,1.8893785
2025,CO2/CO/NOx,2025-11-11 22:00:00+01:00,1.8824203
2025,CO2/CO/NOx,2025-11-11 23:00:00+01:00,1.6431296
2025,CO2/CO/NOx,2025-11-12 00:00:00+01:00,1.2275105
2025,CO2/CO/NOx,2025-11-12 01:00:00+01:00,1.1901743
2025,CO2/CO/NOx,2025-11-12 02:00:00+01:00,1.2001871
2025,CO2/CO/NOx,2025-11-12 03:00:00+01:00,1.2785931
2025,CO2/CO/NOx,2025-11-12 04:00:00+01:00,1.7371488
2025,CO2/CO/NOx,2025-11-12 05:00:00+01:00,1.8197975
2025,CO2/CO/NOx,2025-11-12 06:00:00+01:00,2.4390683
2025,CO2/CO/NOx,2025-11-12 07:00:00+01:00,2.149883
2025,CO2/CO/NOx,2025-11-12 08:00:00+01:00,2.20996
2025,CO2/CO/NOx,2025-11-12 09:00:00+01:00,2.194347
2025,CO2/CO/NOx,2025-11-12 10:00:00+01:00,1.3376521
2025,CO2/CO/NOx,2025-11-12 11:00:00+01:00,1.1937383
2025,CO2/CO/NOx,2025-11-12 12:00:00+01:00,1.1866105
2025,CO2/CO/NOx,2025-11-12 13:00:00+01:00,1.195605
2025,CO2/CO/NOx,2025-11-12 14:00:00+01:00,1.4671406
2025,CO2/CO/NOx,2025-11-12 15:00:00+01:00,2.381367
2025,CO2/CO/NOx,2025-11-12 16:00:00+01:00,2.415988
2025,CO2/CO/NOx,2025-11-12 17:00:00+01:00,1.8381261
2025,CO2/CO/NOx,2025-11-12 18:00:00+01:00,1.905501
2025,CO2/CO/NOx,2025-11-12 19:00:00+01:00,1.9141561
2025,CO2/CO/NOx,2025-11-12 20:00:00+01:00,1.914156
2025,CO2/CO/NOx,2025-11-12 21:00:00+01:00,1.8910756
2025,CO2/CO/NOx,2025-11-12 22:00:00+01:00,1.1365461
2025,CO2/CO/NOx,2025-11-12 23:00:00+01:00,0.83055943
2025,CO2/CO/NOx,2025-11-13 00:00:00+01:00,0.5130325
2025,CO2/CO/NOx,2025-11-13 01:00:00+01:00,0.36029378
2025,CO2/CO/NOx,2025-11-13 02:00:00+01:00,0.3594452
2025,CO2/CO/NOx,2025-11-13 03:00:00+01:00,0.43513575
2025,CO2/CO/NOx,2025-11-13 04:00:00+01:00,0.6649227
2025,CO2/CO/NOx,2025-11-13 05:00:00+01:00,0.7372191
2025,CO2/CO/NOx,2025-11-13 06:00:00+01:00,0.9627633
2025,CO2/CO/NOx,2025-11-13 07:00:00+01:00,0.97430354
2025,CO2/CO/NOx,2025-11-13 08:00:00+01:00,0.97090936
2025,CO2/CO/NOx,2025-11-13 09:00:00+01:00,0.95292014
2025,CO2/CO/NOx,2025-11-13 10:00:00+01:00,0.5072624
2025,CO2/CO/NOx,2025-11-13 11:00:00+01:00,0.46110135
2025,CO2/CO/NOx,2025-11-13 12:00:00+01:00,0.4604225
2025,CO2/CO/NOx,2025-11-13 13:00:00+01:00,0.48384246
2025,CO2/CO/NOx,2025-11-13 14:00:00+01:00,0.84617275
2025,CO2/CO/NOx,2025-11-13 15:00:00+01:00,0.9878803
2025,CO2/CO/NOx,2025-11-13 16:00:00+01:00,1.1614933
2025,CO2/CO/NOx,2025-11-13 17:00:00+01:00,1.1747307
2025,CO2/CO/NOx,2025-11-13 18:00:00+01:00,1.1813495
2025,CO2/CO/NOx,2025-11-13 19:00:00+01:00,1.1867802
2025,CO2/CO/NOx,2025-11-13 20:00:00+01:00,1.1905137
2025,CO2/CO/NOx,2025-11-13 21:00:00+01:00,1.1925503
2025,CO2/CO/NOx,2025-11-13 22:00:00+01:00,1.0634011
2025,CO2/CO/NOx,2025-11-13 23:00:00+01:00,0.8835088
2025,CO2/CO/NOx,2025-11-14 00:00:00+01:00,1.1918715
2025,CO2/CO/NOx,2025-11-14 01:00:00+01:00,1.2010357
2025,CO2/CO/NOx,2025-11-14 02:00:00+01:00,1.2118971
2025,CO2/CO/NOx,2025-11-14 03:00:00+01:00,1.2271711
2025,CO2/CO/NOx,2025-11-14 04:00:00+01:00,1.2292075
2025,CO2/CO/NOx,2025-11-14 05:00:00+01:00,1.2334503
2025,CO2/CO/NOx,2025-11-14 06:00:00+01:00,1.2847027
2025,CO2/CO/NOx,2025-11-14 07:00:00+01:00,1.3401978
2025,CO2/CO/NOx,2025-11-14 08:00:00+01:00,1.3198326
2025,CO2/CO/NOx,2025-11-14 09:00:00+01:00,1.2049391
2025,CO2/CO/NOx,2025-11-14 10:00:00+01:00,1.0367568
2025,CO2/CO/NOx,2025-11-14 11:00:00+01:00,0.9004798
2025,CO2/CO/NOx,2025-11-14 12:00:00+01:00,1.1304365
2025,CO2/CO/NOx,2025-11-14 13:00:00+01:00,1.1372249
2025,CO2/CO/NOx,2025-11-14 14:00:00+01:00,1.1356976
2025,CO2/CO/NOx,2025-11-14 15:00:00+01:00,1.0355688
2025,CO2/CO/NOx,2025-11-14 16:00:00+01:00,1.1638694
2025,CO2/CO/NOx,2025-11-14 17:00:00+01:00,1.2203827
2025,CO2/CO/NOx,2025-11-14 18:00:00+01:00,1.8101239
2025,CO2/CO/NOx,2025-11-14 19:00:00+01:00,1.2886059
2025,CO2/CO/NOx,2025-11-14 20:00:00+01:00,1.2034117
2025,CO2/CO/NOx,2025-11-14 21:00:00+01:00,1.2095213
2025,CO2/CO/NOx,2025-11-14 22:00:00+01:00,1.2117275
2025,CO2/CO/NOx,2025-11-14 23:00:00+01:00,1.2049391
2025,CO2/CO/NOx,2025-11-15 00:00:00+01:00,0.59313554
2025,CO2/CO/NOx,2025-11-15 01:00:00+01:00,0.5288155
2025,CO2/CO/NOx,2025-11-15 02:00:00+01:00,0.5286458
2025,CO2/CO/NOx,2025-11-15 03:00:00+01:00,0.36368796
2025,CO2/CO/NOx,2025-11-15 04:00:00+01:00,0.35978463
2025,CO2/CO/NOx,2025-11-15 05:00:00+01:00,0.35978463
2025,CO2/CO/NOx,2025-11-15 06:00:00+01:00,0.4795997
2025,CO2/CO/NOx,2025-11-15 07:00:00+01:00,0.49470386
2025,CO2/CO/NOx,2025-11-15 08:00:00+01:00,0.3938963
2025,CO2/CO/NOx,2025-11-15 09:00:00+01:00,0.3937266
2025,CO2/CO/NOx,2025-11-15 10:00:00+01:00,0.15375702
2025,CO2/CO/NOx,2025-11-15 11:00:00+01:00,0.0
2025,CO2/CO/NOx,2025-11-15 12:00:00+01:00,0.0
2025,CO2/CO/NOx,2025-11-15 13:00:00+01:00,0.0
2025,CO2/CO/NOx,2025-11-15 14:00:00+01:00,0.0
2025,CO2/CO/NOx,2025-11-15 15:00:00+01:00,0.0
2025,CO2/CO/NOx,2025-11-15 16:00:00+01:00,0.13729517
2025,CO2/CO/NOx,2025-11-15 17:00:00+01:00,0.38659877
2025,CO2/CO/NOx,2025-11-15 18:00:00+01:00,0.41901332
2025,CO2/CO/NOx,2025-11-15 19:00:00+01:00,0.7765917
2025,CO2/CO/NOx,2025-11-15 20:00:00+01:00,0.96004796
2025,CO2/CO/NOx,2025-11-15 21:00:00+01:00,1.1053196
2025,CO2/CO/NOx,2025-11-15 22:00:00+01:00,0.9627633
2025,CO2/CO/NOx,2025-11-15 23:00:00+01:00,0.791017
2025,CO2/CO/NOx,2025-11-16 00:00:00+01:00,0.9571629
2025,CO2/CO/NOx,2025-11-16 01:00:00+01:00,0.77167016
2025,CO2/CO/NOx,2025-11-16 02:00:00+01:00,0.76963365
2025,CO2/CO/NOx,2025-11-16 03:00:00+01:00,0.8947097
2025,CO2/CO/NOx,2025-11-16 04:00:00+01:00,1.1199145
2025,CO2/CO/NOx,2025-11-16 05:00:00+01:00,1.2051088
2025,CO2/CO/NOx,2025-11-16 06:00:00+01:00,1.2152914
2025,CO2/CO/NOx,2025-11-16 07:00:00+01:00,1.2176673
2025,CO2/CO/NOx,2025-11-16 08:00:00+01:00,1.2180067
2025,CO2/CO/NOx,2025-11-16 09:00:00+01:00,1.2022237
2025,CO2/CO/NOx,2025-11-16 10:00:00+01:00,1.1925503
2025,CO2/CO/NOx,2025-11-16 11:00:00+01:00,1.1837254
2025,CO2/CO/NOx,2025-11-16 12:00:00+01:00,1.1820283
2025,CO2/CO/NOx,2025-11-16 13:00:00+01:00,1.1774461
2025,CO2/CO/NOx,2025-11-16 14:00:00+01:00,1.1859316
2025,CO2/CO/NOx,2025-11-16 15:00:00+01:00,1.1866105
2025,CO2/CO/NOx,2025-11-16 16:00:00+01:00,1.1876286
2025,CO2/CO/NOx,2025-11-16 17:00:00+01:00,1.1922109
2025,CO2/CO/NOx,2025-11-16 18:00:00+01:00,1.1925502
2025,CO2/CO/NOx,2025-11-16 19:00:00+01:00,1.1954354
2025,CO2/CO/NOx,2025-11-16 20:00:00+01:00,1.203242
2025,CO2/CO/NOx,2025-11-16 21:00:00+01:00,1.2015449
2025,CO2/CO/NOx,2025-11-16 22:00:00+01:00,0.93051857
2025,CO2/CO/NOx,2025-11-16 23:00:00+01:00,0.91252923
2025,CO2/CO/NOx,2025-11-17 00:00:00+01:00,1.0908941
2025,CO2/CO/NOx,2025-11-17 01:00:00+01:00,1.0462605
2025,CO2/CO/NOx,2025-11-17 02:00:00+01:00,1.1031133
2025,CO2/CO/NOx,2025-11-17 03:00:00+01:00,0.8229225
2025,CO2/CO/NOx,2025-11-17 04:00:00+01:00,0.99398994
2025,CO2/CO/NOx,2025-11-17 05:00:00+01:00,1.9375759
2025,CO2/CO/NOx,2025-11-17 06:00:00+01:00,2.4276977
2025,CO2/CO/NOx,2025-11-17 07:00:00+01:00,2.4312615
2025,CO2/CO/NOx,2025-11-17 08:00:00+01:00,2.4314313
2025,CO2/CO/NOx,2025-11-17 09:00:00+01:00,2.4355044
2025,CO2/CO/NOx,2025-11-17 10:00:00+01:00,2.4436502
2025,CO2/CO/NOx,2025-11-17 11:00:00+01:00,2.4808168
2025,CO2/CO/NOx,2025-11-17 12:00:00+01:00,2.4825141
2025,CO2/CO/NOx,2025-11-17 13:00:00+01:00,2.4969394
2025,CO2/CO/NOx,2025-11-17 14:00:00+01:00,2.4758954
2025,CO2/CO/NOx,2025-11-17 15:00:00+01:00,2.4444988
2025,CO2/CO/NOx,2025-11-17 16:00:00+01:00,2.4792895
2025,CO2/CO/NOx,2025-11-17 17:00:00+01:00,2.4821744
2025,CO2/CO/NOx,2025-11-17 18:00:00+01:00,2.4842112
2025,CO2/CO/NOx,2025-11-17 19:00:00+01:00,2.477762
2025,CO2/CO/NOx,2025-11-17 20:00:00+01:00,2.4887931
2025,CO2/CO/NOx,2025-11-17 21:00:00+01:00,2.4782712
2025,CO2/CO/NOx,2025-11-17 22:00:00+01:00,2.334188
2025,CO2/CO/NOx,2025-11-17 23:00:00+01:00,1.8097847
2025,CO2/CO/NOx,2025-11-18 00:00:00+01:00,1.5143199
2025,CO2/CO/NOx,2025-11-18 01:00:00+01:00,1.4968398
2025,CO2/CO/NOx,2025-11-18 02:00:00+01:00,1.4890331
2025,CO2/CO/NOx,2025-11-18 03:00:00+01:00,1.4907303
2025,CO2/CO/NOx,2025-11-18 04:00:00+01:00,2.059767
2025,CO2/CO/NOx,2025-11-18 05:00:00+01:00,2.4178545
2025,CO2/CO/NOx,2025-11-18 06:00:00+01:00,2.5617683
2025,CO2/CO/NOx,2025-11-18 07:00:00+01:00,2.5804365
2025,CO2/CO/NOx,2025-11-18 08:00:00+01:00,2.591807
2025,CO2/CO/NOx,2025-11-18 09:00:00+01:00,2.5665202
2025,CO2/CO/NOx,2025-11-18 10:00:00+01:00,2.5583742
2025,CO2/CO/NOx,2025-11-18 11:00:00+01:00,2.5617683
2025,CO2/CO/NOx,2025-11-18 12:00:00+01:00,2.5541315
2025,CO2/CO/NOx,2025-11-18 13:00:00+01:00,2.5419126
2025,CO2/CO/NOx,2025-11-18 14:00:00+01:00,2.5694053
2025,CO2/CO/NOx,2025-11-18 15:00:00+01:00,2.601141
2025,CO2/CO/NOx,2025-11-18 16:00:00+01:00,2.6215062
2025,CO2/CO/NOx,2025-11-18 17:00:00+01:00,2.6281252
2025,CO2/CO/NOx,2025-11-18 18:00:00+01:00,2.5809457
2025,CO2/CO/NOx,2025-11-18 19:00:00+01:00,2.5386882
2025,CO2/CO/NOx,2025-11-18 20:00:00+01:00,2.5223958
2025,CO2/CO/NOx,2025-11-18 21:00:00+01:00,2.4495902
2025,CO2/CO/NOx,2025-11-18 22:00:00+01:00,2.273262
2025,CO2/CO/NOx,2025-11-18 23:00:00+01:00,2.0999882
2025,CO2/CO/NOx,2025-11-19 00:00:00+01:00,2.0782654
2025,CO2/CO/NOx,2025-11-19 01:00:00+01:00,2.0326133
2025,CO2/CO/NOx,2025-11-19 02:00:00+01:00,2.0338016
2025,CO2/CO/NOx,2025-11-19 03:00:00+01:00,2.0293891
2025,CO2/CO/NOx,2025-11-19 04:00:00+01:00,2.39138
2025,CO2/CO/NOx,2025-11-19 05:00:00+01:00,2.5303724
2025,CO2/CO/NOx,2025-11-19 06:00:00+01:00,2.574327
2025,CO2/CO/NOx,2025-11-19 07:00:00+01:00,2.67785
2025,CO2/CO/NOx,2025-11-19 08:00:00+01:00,2.68939
2025,CO2/CO/NOx,2025-11-19 09:00:00+01:00,2.6770015
2025,CO2/CO/NOx,2025-11-19 10:00:00+01:00,2.658333
2025,CO2/CO/NOx,2025-11-19 11:00:00+01:00,2.6145482
2025,CO2/CO/NOx,2025-11-19 12:00:00+01:00,2.570763
2025,CO2/CO/NOx,2025-11-19 13:00:00+01:00,2.5386877
2025,CO2/CO/NOx,2025-11-19 14:00:00+01:00,2.5802667
2025,CO2/CO/NOx,2025-11-19 15:00:00+01:00,2.6405137
2025,CO2/CO/NOx,2025-11-19 16:00:00+01:00,2.6602
2025,CO2/CO/NOx,2025-11-19 17:00:00+01:00,2.6822622
2025,CO2/CO/NOx,2025-11-19 18:00:00+01:00,2.6663098
2025,CO2/CO/NOx,2025-11-19 19:00:00+01:00,2.6586728
2025,CO2/CO/NOx,2025-11-19 20:00:00+01:00,2.609796
2025,CO2/CO/NOx,2025-11-19 21:00:00+01:00,2.5066125
2025,CO2/CO/NOx,2025-11-19 22:00:00+01:00,2.447384
2025,CO2/CO/NOx,2025-11-19 23:00:00+01:00,2.1062675
2025,CO2/CO/NOx,2025-11-20 00:00:00+01:00,2.1006672
2025,CO2/CO/NOx,2025-11-20 01:00:00+01:00,2.0853932
2025,CO2/CO/NOx,2025-11-20 02:00:00+01:00,1.9513226
2025,CO2/CO/NOx,2025-11-20 03:00:00+01:00,1.9664266
2025,CO2/CO/NOx,2025-11-20 04:00:00+01:00,2.3973198
2025,CO2/CO/NOx,2025-11-20 05:00:00+01:00,2.5205288
2025,CO2/CO/NOx,2025-11-20 06:00:00+01:00,2.5726297
2025,CO2/CO/NOx,2025-11-20 07:00:00+01:00,2.6016502
2025,CO2/CO/NOx,2025-11-20 08:00:00+01:00,2.626937
2025,CO2/CO/NOx,2025-11-20 09:00:00+01:00,2.6466234
2025,CO2/CO/NOx,2025-11-20 10:00:00+01:00,2.6568058
2025,CO2/CO/NOx,2025-11-20 11:00:00+01:00,2.6780195
2025,CO2/CO/NOx,2025-11-20 12:00:00+01:00,2.7014394
2025,CO2/CO/NOx,2025-11-20 13:00:00+01:00,2.7056823
2025,CO2/CO/NOx,2025-11-20 14:00:00+01:00,2.7333448
2025,CO2/CO/NOx,2025-11-20 15:00:00+01:00,2.7211258
2025,CO2/CO/NOx,2025-11-20 16:00:00+01:00,2.7207863
2025,CO2/CO/NOx,2025-11-20 17:00:00+01:00,2.714507
2025,CO2/CO/NOx,2025-11-20 18:00:00+01:00,2.7238412
2025,CO2/CO/NOx,2025-11-20 19:00:00+01:00,2.7017787
2025,CO2/CO/NOx,2025-11-20 20:00:00+01:00,2.6344042
2025,CO2/CO/NOx,2025-11-20 21:00:00+01:00,2.6338952
2025,CO2/CO/NOx,2025-11-20 22:00:00+01:00,2.491848
2025,CO2/CO/NOx,2025-11-20 23:00:00+01:00,2.4604518
2025,CO2/CO/NOx,2025-11-21 00:00:00+01:00,2.4623184
2025,CO2/CO/NOx,2025-11-21 01:00:00+01:00,2.4796288
2025,CO2/CO/NOx,2025-11-21 02:00:00+01:00,2.54921
2025,CO2/CO/NOx,2025-11-21 03:00:00+01:00,2.561938
2025,CO2/CO/NOx,2025-11-21 04:00:00+01:00,2.5923162
2025,CO2/CO/NOx,2025-11-21 05:00:00+01:00,2.6323678
2025,CO2/CO/NOx,2025-11-21 06:00:00+01:00,2.7263868
2025,CO2/CO/NOx,2025-11-21 07:00:00+01:00,2.749807
2025,CO2/CO/NOx,2025-11-21 08:00:00+01:00,2.7306297
2025,CO2/CO/NOx,2025-11-21 09:00:00+01:00,2.7404726
2025,CO2/CO/NOx,2025-11-21 10:00:00+01:00,2.7557466
2025,CO2/CO/NOx,2025-11-21 11:00:00+01:00,2.7499766
2025,CO2/CO/NOx,2025-11-21 12:00:00+01:00,2.7044942
2025,CO2/CO/NOx,2025-11-21 13:00:00+01:00,2.6994033
2025,CO2/CO/NOx,2025-11-21 14:00:00+01:00,2.6968572
2025,CO2/CO/NOx,2025-11-21 15:00:00+01:00,2.6995726
2025,CO2/CO/NOx,2025-11-21 16:00:00+01:00,2.6983848
2025,CO2/CO/NOx,2025-11-21 17:00:00+01:00,2.6914268
2025,CO2/CO/NOx,2025-11-21 18:00:00+01:00,2.6909177
2025,CO2/CO/NOx,2025-11-21 19:00:00+01:00,2.6744556
2025,CO2/CO/NOx,2025-11-21 20:00:00+01:00,2.6138694
2025,CO2/CO/NOx,2025-11-21 21:00:00+01:00,2.580776
2025,CO2/CO/NOx,2025-11-21 22:00:00+01:00,2.5454762
2025,CO2/CO/NOx,2025-11-21 23:00:00+01:00,2.5412333
2025,CO2/CO/NOx,2025-11-22 00:00:00+01:00,2.556168
2025,CO2/CO/NOx,2025-11-22 01:00:00+01:00,2.5415728
2025,CO2/CO/NOx,2025-11-22 02:00:00+01:00,2.5453064
2025,CO2/CO/NOx,2025-11-22 03:00:00+01:00,2.517474
2025,CO2/CO/NOx,2025-11-22 04:00:00+01:00,2.5850189
2025,CO2/CO/NOx,2025-11-22 05:00:00+01:00,2.6822624
2025,CO2/CO/NOx,2025-11-22 06:00:00+01:00,2.7180712
2025,CO2/CO/NOx,2025-11-22 07:00:00+01:00,2.7647414
2025,CO2/CO/NOx,2025-11-22 08:00:00+01:00,2.7829003
2025,CO2/CO/NOx,2025-11-22 09:00:00+01:00,2.7829003
2025,CO2/CO/NOx,2025-11-22 10:00:00+01:00,2.784258
2025,CO2/CO/NOx,2025-11-22 11:00:00+01:00,2.7990224
2025,CO2/CO/NOx,2025-11-22 12:00:00+01:00,2.8419592
2025,CO2/CO/NOx,2025-11-22 13:00:00+01:00,2.8358495
2025,CO2/CO/NOx,2025-11-22 14:00:00+01:00,2.8239698
2025,CO2/CO/NOx,2025-11-22 15:00:00+01:00,2.8115814
2025,CO2/CO/NOx,2025-11-22 16:00:00+01:00,2.8125994
2025,CO2/CO/NOx,2025-11-22 17:00:00+01:00,2.8170116
2025,CO2/CO/NOx,2025-11-22 18:00:00+01:00,2.7903674
2025,CO2/CO/NOx,2025-11-22 19:00:00+01:00,2.7711902
2025,CO2/CO/NOx,2025-11-22 20:00:00+01:00,2.7632139
2025,CO2/CO/NOx,2025-11-22 21:00:00+01:00,2.767287
2025,CO2/CO/NOx,2025-11-22 22:00:00+01:00,2.7426786
2025,CO2/CO/NOx,2025-11-22 23:00:00+01:00,2.7255383
2025,CO2/CO/NOx,2025-11-23 00:00:00+01:00,2.6500177
2025,CO2/CO/NOx,2025-11-23 01:00:00+01:00,2.661388
2025,CO2/CO/NOx,2025-11-23 02:00:00+01:00,2.6349134
2025,CO2/CO/NOx,2025-11-23 03:00:00+01:00,2.6554482
2025,CO2/CO/NOx,2025-11-23 04:00:00+01:00,2.714677
2025,CO2/CO/NOx,2025-11-23 05:00:00+01:00,2.7557466
2025,CO2/CO/NOx,2025-11-23 06:00:00+01:00,2.709925
2025,CO2/CO/NOx,2025-11-23 07:00:00+01:00,2.7292721
2025,CO2/CO/NOx,2025-11-23 08:00:00+01:00,2.7321568
2025,CO2/CO/NOx,2025-11-23 09:00:00+01:00,2.7582924
2025,CO2/CO/NOx,2025-11-23 10:00:00+01:00,2.714507
2025,CO2/CO/NOx,2025-11-23 11:00:00+01:00,2.6785285
2025,CO2/CO/NOx,2025-11-23 12:00:00+01:00,2.5797577
2025,CO2/CO/NOx,2025-11-23 13:00:00+01:00,2.5237534
2025,CO2/CO/NOx,2025-11-23 14:00:00+01:00,2.5298629
2025,CO2/CO/NOx,2025-11-23 15:00:00+01:00,2.6428897
2025,CO2/CO/NOx,2025-11-23 16:00:00+01:00,2.67785
2025,CO2/CO/NOx,2025-11-23 17:00:00+01:00,2.7131493
2025,CO2/CO/NOx,2025-11-23 18:00:00+01:00,2.7508252
2025,CO2/CO/NOx,2025-11-23 19:00:00+01:00,2.7499766
2025,CO2/CO/NOx,2025-11-23 20:00:00+01:00,2.6277854
2025,CO2/CO/NOx,2025-11-23 21:00:00+01:00,2.5273175
2025,CO2/CO/NOx,2025-11-23 22:00:00+01:00,2.594183
2025,CO2/CO/NOx,2025-11-23 23:00:00+01:00,2.346237
2025,CO2/CO/NOx,2025-11-24 00:00:00+01:00,1.8447448
2025,CO2/CO/NOx,2025-11-24 01:00:00+01:00,1.9659176
2025,CO2/CO/NOx,2025-11-24 02:00:00+01:00,1.9655781
2025,CO2/CO/NOx,2025-11-24 03:00:00+01:00,1.9832278
2025,CO2/CO/NOx,2025-11-24 04:00:00+01:00,2.5339363
2025,CO2/CO/NOx,2025-11-24 05:00:00+01:00,2.5692356
2025,CO2/CO/NOx,2025-11-24 06:00:00+01:00,2.5802667
2025,CO2/CO/NOx,2025-11-24 07:00:00+01:00,2.5907888
2025,CO2/CO/NOx,2025-11-24 08:00:00+01:00,2.5906193
2025,CO2/CO/NOx,2025-11-24 09:00:00+01:00,2.591807
2025,CO2/CO/NOx,2025-11-24 10:00:00+01:00,2.6062322
2025,CO2/CO/NOx,2025-11-24 11:00:00+01:00,2.620149
2025,CO2/CO/NOx,2025-11-24 12:00:00+01:00,2.5975773
2025,CO2/CO/NOx,2025-11-24 13:00:00+01:00,2.6030078
2025,CO2/CO/NOx,2025-11-24 14:00:00+01:00,2.617603
2025,CO2/CO/NOx,2025-11-24 15:00:00+01:00,2.623373
2025,CO2/CO/NOx,2025-11-24 16:00:00+01:00,2.6320283
2025,CO2/CO/NOx,2025-11-24 17:00:00+01:00,2.6730978
2025,CO2/CO/NOx,2025-11-24 18:00:00+01:00,2.6279552
2025,CO2/CO/NOx,2025-11-24 19:00:00+01:00,2.6009712
2025,CO2/CO/NOx,2025-11-24 20:00:00+01:00,2.5588834
2025,CO2/CO/NOx,2025-11-24 21:00:00+01:00,2.54327
2025,CO2/CO/NOx,2025-11-24 22:00:00+01:00,2.4945633
2025,CO2/CO/NOx,2025-11-24 23:00:00+01:00,2.4611304
2025,CO2/CO/NOx,2025-11-25 00:00:00+01:00,2.4602818
2025,CO2/CO/NOx,2025-11-25 01:00:00+01:00,2.4557
2025,CO2/CO/NOx,2025-11-25 02:00:00+01:00,2.4288857
2025,CO2/CO/NOx,2025-11-25 03:00:00+01:00,2.460961
2025,CO2/CO/NOx,2025-11-25 04:00:00+01:00,2.5091584
2025,CO2/CO/NOx,2025-11-25 05:00:00+01:00,2.5429304
2025,CO2/CO/NOx,2025-11-25 06:00:00+01:00,2.5879035
2025,CO2/CO/NOx,2025-11-25 07:00:00+01:00,2.6294825
2025,CO2/CO/NOx,2025-11-25 08:00:00+01:00,2.6568058
2025,CO2/CO/NOx,2025-11-25 09:00:00+01:00,2.6591816
2025,CO2/CO/NOx,2025-11-25 10:00:00+01:00,2.653751
2025,CO2/CO/NOx,2025-11-25 11:00:00+01:00,2.667328
2025,CO2/CO/NOx,2025-11-25 12:00:00+01:00,2.6700432
2025,CO2/CO/NOx,2025-11-25 13:00:00+01:00,2.6705523
2025,CO2/CO/NOx,2025-11-25 14:00:00+01:00,2.6831107
2025,CO2/CO/NOx,2025-11-25 15:00:00+01:00,2.6839595
2025,CO2/CO/NOx,2025-11-25 16:00:00+01:00,2.6629155
2025,CO2/CO/NOx,2025-11-25 17:00:00+01:00,2.6561272
2025,CO2/CO/NOx,2025-11-25 18:00:00+01:00,2.653242
2025,CO2/CO/NOx,2025-11-25 19:00:00+01:00,2.6473022
2025,CO2/CO/NOx,2025-11-25 20:00:00+01:00,2.6510358
2025,CO2/CO/NOx,2025-11-25 21:00:00+01:00,2.6372893
2025,CO2/CO/NOx,2025-11-25 22:00:00+01:00,2.5632956
2025,CO2/CO/NOx,2025-11-25 23:00:00+01:00,2.0407596
2025,CO2/CO/NOx,2025-11-26 00:00:00+01:00,2.0231097
2025,CO2/CO/NOx,2025-11-26 01:00:00+01:00,2.0222611
2025,CO2/CO/NOx,2025-11-26 02:00:00+01:00,2.0219219
2025,CO2/CO/NOx,2025-11-26 03:00:00+01:00,2.018188
2025,CO2/CO/NOx,2025-11-26 04:00:00+01:00,2.1341
2025,CO2/CO/NOx,2025-11-26 05:00:00+01:00,2.4419534
2025,CO2/CO/NOx,2025-11-26 06:00:00+01:00,2.5848486
2025,CO2/CO/NOx,2025-11-26 07:00:00+01:00,2.6428897
2025,CO2/CO/NOx,2025-11-26 08:00:00+01:00,2.6267672
2025,CO2/CO/NOx,2025-11-26 09:00:00+01:00,2.6493387
2025,CO2/CO/NOx,2025-11-26 10:00:00+01:00,2.6433988
2025,CO2/CO/NOx,2025-11-26 11:00:00+01:00,2.6272764
2025,CO2/CO/NOx,2025-11-26 12:00:00+01:00,2.6014802
2025,CO2/CO/NOx,2025-11-26 13:00:00+01:00,2.6125114
2025,CO2/CO/NOx,2025-11-26 14:00:00+01:00,2.675304
2025,CO2/CO/NOx,2025-11-26 15:00:00+01:00,2.6888812
2025,CO2/CO/NOx,2025-11-26 16:00:00+01:00,2.6904082
2025,CO2/CO/NOx,2025-11-26 17:00:00+01:00,2.6776803
2025,CO2/CO/NOx,2025-11-26 18:00:00+01:00,2.6695342
2025,CO2/CO/NOx,2025-11-26 19:00:00+01:00,2.6815836
2025,CO2/CO/NOx,2025-11-26 20:00:00+01:00,2.6712313
2025,CO2/CO/NOx,2025-11-26 21:00:00+01:00,2.6756437
2025,CO2/CO/NOx,2025-11-26 22:00:00+01:00,2.5632958
2025,CO2/CO/NOx,2025-11-26 23:00:00+01:00,2.3046582
2025,CO2/CO/NOx,2025-11-27 00:00:00+01:00,2.2663038
2025,CO2/CO/NOx,2025-11-27 01:00:00+01:00,2.2525573
2025,CO2/CO/NOx,2025-11-27 02:00:00+01:00,2.4383895
2025,CO2/CO/NOx,2025-11-27 03:00:00+01:00,2.267322
2025,CO2/CO/NOx,2025-11-27 04:00:00+01:00,2.3440309
2025,CO2/CO/NOx,2025-11-27 05:00:00+01:00,2.4820046
2025,CO2/CO/NOx,2025-11-27 06:00:00+01:00,2.6729286
2025,CO2/CO/NOx,2025-11-27 07:00:00+01:00,2.7396243
2025,CO2/CO/NOx,2025-11-27 08:00:00+01:00,2.7307994
2025,CO2/CO/NOx,2025-11-27 09:00:00+01:00,2.7216349
2025,CO2/CO/NOx,2025-11-27 10:00:00+01:00,2.669025
2025,CO2/CO/NOx,2025-11-27 11:00:00+01:00,2.3309631
2025,CO2/CO/NOx,2025-11-27 12:00:00+01:00,2.3082223
2025,CO2/CO/NOx,2025-11-27 13:00:00+01:00,2.307713
2025,CO2/CO/NOx,2025-11-27 14:00:00+01:00,2.3072038
2025,CO2/CO/NOx,2025-11-27 15:00:00+01:00,2.3073735
2025,CO2/CO/NOx,2025-11-27 16:00:00+01:00,2.3547225
2025,CO2/CO/NOx,2025-11-27 17:00:00+01:00,2.5308814
2025,CO2/CO/NOx,2025-11-27 18:00:00+01:00,2.5638049
2025,CO2/CO/NOx,2025-11-27 19:00:00+01:00,2.5573559
2025,CO2/CO/NOx,2025-11-27 20:00:00+01:00,2.5162861
2025,CO2/CO/NOx,2025-11-27 21:00:00+01:00,2.491339
2025,CO2/CO/NOx,2025-11-27 22:00:00+01:00,2.4156485
2025,CO2/CO/NOx,2025-11-27 23:00:00+01:00,2.1179774
2025,CO2/CO/NOx,2025-11-28 00:00:00+01:00,1.9592988
2025,CO2/CO/NOx,2025-11-28 01:00:00+01:00,1.9525105
2025,CO2/CO/NOx,2025-11-28 02:00:00+01:00,1.949286
2025,CO2/CO/NOx,2025-11-28 03:00:00+01:00,1.95862
2025,CO2/CO/NOx,2025-11-28 04:00:00+01:00,2.0702891
2025,CO2/CO/NOx,2025-11-28 05:00:00+01:00,2.2987182
2025,CO2/CO/NOx,2025-11-28 06:00:00+01:00,2.622185
2025,CO2/CO/NOx,2025-11-28 07:00:00+01:00,2.6907477
2025,CO2/CO/NOx,2025-11-28 08:00:00+01:00,2.6902385
2025,CO2/CO/NOx,2025-11-28 09:00:00+01:00,2.7141678
2025,CO2/CO/NOx,2025-11-28 10:00:00+01:00,2.7199378
2025,CO2/CO/NOx,2025-11-28 11:00:00+01:00,2.6562967
2025,CO2/CO/NOx,2025-11-28 12:00:00+01:00,2.6140392
2025,CO2/CO/NOx,2025-11-28 13:00:00+01:00,2.604026
2025,CO2/CO/NOx,2025-11-28 14:00:00+01:00,2.6396651
2025,CO2/CO/NOx,2025-11-28 15:00:00+01:00,2.6786983
2025,CO2/CO/NOx,2025-11-28 16:00:00+01:00,2.7016094
2025,CO2/CO/NOx,2025-11-28 17:00:00+01:00,2.65426
2025,CO2/CO/NOx,2025-11-28 18:00:00+01:00,2.6342347
2025,CO2/CO/NOx,2025-11-28 19:00:00+01:00,2.5901098
2025,CO2/CO/NOx,2025-11-28 20:00:00+01:00,2.5105162
2025,CO2/CO/NOx,2025-11-28 21:00:00+01:00,2.4114056
2025,CO2/CO/NOx,2025-11-28 22:00:00+01:00,1.8284527
2025,CO2/CO/NOx,2025-11-28 23:00:00+01:00,1.4180946
2025,CO2/CO/NOx,2025-11-29 00:00:00+01:00,1.214952
2025,CO2/CO/NOx,2025-11-29 01:00:00+01:00,1.1642088
2025,CO2/CO/NOx,2025-11-29 02:00:00+01:00,1.0893668
2025,CO2/CO/NOx,2025-11-29 03:00:00+01:00,1.0858029
2025,CO2/CO/NOx,2025-11-29 04:00:00+01:00,1.2436329
2025,CO2/CO/NOx,2025-11-29 05:00:00+01:00,1.3855103
2025,CO2/CO/NOx,2025-11-29 06:00:00+01:00,1.700152
2025,CO2/CO/NOx,2025-11-29 07:00:00+01:00,2.103722
2025,CO2/CO/NOx,2025-11-29 08:00:00+01:00,2.5967286
2025,CO2/CO/NOx,2025-11-29 09:00:00+01:00,2.615227
2025,CO2/CO/NOx,2025-11-29 10:00:00+01:00,2.6396651
2025,CO2/CO/NOx,2025-11-29 11:00:00+01:00,2.6323678
2025,CO2/CO/NOx,2025-11-29 12:00:00+01:00,2.6041958
2025,CO2/CO/NOx,2025-11-29 13:00:00+01:00,2.5593927
2025,CO2/CO/NOx,2025-11-29 14:00:00+01:00,2.5006728
2025,CO2/CO/NOx,2025-11-29 15:00:00+01:00,2.4662218
2025,CO2/CO/NOx,2025-11-29 16:00:00+01:00,2.4916785
2025,CO2/CO/NOx,2025-11-29 17:00:00+01:00,2.4988062
2025,CO2/CO/NOx,2025-11-29 18:00:00+01:00,2.554301
2025,CO2/CO/NOx,2025-11-29 19:00:00+01:00,2.5600712
2025,CO2/CO/NOx,2025-11-29 20:00:00+01:00,2.5281658
2025,CO2/CO/NOx,2025-11-29 21:00:00+01:00,2.5300329
2025,CO2/CO/NOx,2025-11-29 22:00:00+01:00,2.4417834
2025,CO2/CO/NOx,2025-11-29 23:00:00+01:00,1.9991807
2025,CO2/CO/NOx,2025-11-30 00:00:00+01:00,0.9552961
2025,CO2/CO/NOx,2025-11-30 01:00:00+01:00,0.9591994
2025,CO2/CO/NOx,2025-11-30 02:00:00+01:00,0.96140563
2025,CO2/CO/NOx,2025-11-30 03:00:00+01:00,0.96242386
2025,CO2/CO/NOx,2025-11-30 04:00:00+01:00,1.1209328
2025,CO2/CO/NOx,2025-11-30 05:00:00+01:00,1.2587371
2025,CO2/CO/NOx,2025-11-30 06:00:00+01:00,1.681484
2025,CO2/CO/NOx,2025-11-30 07:00:00+01:00,2.1315541
2025,CO2/CO/NOx,2025-11-30 08:00:00+01:00,2.5010123
2025,CO2/CO/NOx,2025-11-30 09:00:00+01:00,2.5196803
2025,CO2/CO/NOx,2025-11-30 10:00:00+01:00,2.5424216
2025,CO2/CO/NOx,2025-11-30 11:00:00+01:00,2.559053
2025,CO2/CO/NOx,2025-11-30 12:00:00+01:00,2.4716525
2025,CO2/CO/NOx,2025-11-30 13:00:00+01:00,2.447384
2025,CO2/CO/NOx,2025-11-30 14:00:00+01:00,2.4295647
2025,CO2/CO/NOx,2025-11-30 15:00:00+01:00,2.4628274
2025,CO2/CO/NOx,2025-11-30 16:00:00+01:00,2.4808168
2025,CO2/CO/NOx,2025-11-30 17:00:00+01:00,2.4847202
2025,CO2/CO/NOx,2025-11-30 18:00:00+01:00,2.4740286
2025,CO2/CO/NOx,2025-11-30 19:00:00+01:00,2.4653733
2025,CO2/CO/NOx,2025-11-30 20:00:00+01:00,2.4599426
2025,CO2/CO/NOx,2025-11-30 21:00:00+01:00,2.4694462
2025,CO2/CO/NOx,2025-11-30 22:00:00+01:00,2.4677494
2025,CO2/CO/NOx,2025-11-30 23:00:00+01:00,1.9783063
2025,CO2/CO/NOx,2025-12-01 00:00:00+01:00,1.8477997
2025,CO2/CO/NOx,2025-12-01 01:00:00+01:00,1.8825902
2025,CO2/CO/NOx,2025-12-01 02:00:00+01:00,1.8783474
2025,CO2/CO/NOx,2025-12-01 03:00:00+01:00,1.8898876
2025,CO2/CO/NOx,2025-12-01 04:00:00+01:00,2.1806004
2025,CO2/CO/NOx,2025-12-01 05:00:00+01:00,2.4718223
2025,CO2/CO/NOx,2025-12-01 06:00:00+01:00,2.5507374
2025,CO2/CO/NOx,2025-12-01 07:00:00+01:00,2.6669884
2025,CO2/CO/NOx,2025-12-01 08:00:00+01:00,2.7224834
2025,CO2/CO/NOx,2025-12-01 09:00:00+01:00,2.7301204
2025,CO2/CO/NOx,2025-12-01 10:00:00+01:00,2.6759832
2025,CO2/CO/NOx,2025-12-01 11:00:00+01:00,2.6946511
2025,CO2/CO/NOx,2025-12-01 12:00:00+01:00,2.6975362
2025,CO2/CO/NOx,2025-12-01 13:00:00+01:00,2.6973662
2025,CO2/CO/NOx,2025-12-01 14:00:00+01:00,2.6849778
2025,CO2/CO/NOx,2025-12-01 15:00:00+01:00,2.6761527
2025,CO2/CO/NOx,2025-12-01 16:00:00+01:00,2.6868443
2025,CO2/CO/NOx,2025-12-01 17:00:00+01:00,2.726896
2025,CO2/CO/NOx,2025-12-01 18:00:00+01:00,2.6988938
2025,CO2/CO/NOx,2025-12-01 19:00:00+01:00,2.6196396
2025,CO2/CO/NOx,2025-12-01 20:00:00+01:00,2.5792487
2025,CO2/CO/NOx,2025-12-01 21:00:00+01:00,2.454512
2025,CO2/CO/NOx,2025-12-01 22:00:00+01:00,1.9710089
2025,CO2/CO/NOx,2025-12-01 23:00:00+01:00,1.5229751
2025,CO2/CO/NOx,2025-12-02 00:00:00+01:00,1.8741046
2025,CO2/CO/NOx,2025-12-02 01:00:00+01:00,1.9116102
2025,CO2/CO/NOx,2025-12-02 02:00:00+01:00,1.91195
2025,CO2/CO/NOx,2025-12-02 03:00:00+01:00,1.9087253
2025,CO2/CO/NOx,2025-12-02 04:00:00+01:00,1.9331635
2025,CO2/CO/NOx,2025-12-02 05:00:00+01:00,2.3811972
2025,CO2/CO/NOx,2025-12-02 06:00:00+01:00,2.6160755
2025,CO2/CO/NOx,2025-12-02 07:00:00+01:00,2.70687
2025,CO2/CO/NOx,2025-12-02 08:00:00+01:00,2.7165437
2025,CO2/CO/NOx,2025-12-02 09:00:00+01:00,2.7102644
2025,CO2/CO/NOx,2025-12-02 10:00:00+01:00,2.6815832
2025,CO2/CO/NOx,2025-12-02 11:00:00+01:00,2.6522236
2025,CO2/CO/NOx,2025-12-02 12:00:00+01:00,2.643399
2025,CO2/CO/NOx,2025-12-02 13:00:00+01:00,2.6568058
2025,CO2/CO/NOx,2025-12-02 14:00:00+01:00,2.6975362
2025,CO2/CO/NOx,2025-12-02 15:00:00+01:00,2.7294416
2025,CO2/CO/NOx,2025-12-02 16:00:00+01:00,2.701779
2025,CO2/CO/NOx,2025-12-02 17:00:00+01:00,2.734363
2025,CO2/CO/NOx,2025-12-02 18:00:00+01:00,2.719768
2025,CO2/CO/NOx,2025-12-02 19:00:00+01:00,2.7195988
2025,CO2/CO/NOx,2025-12-02 20:00:00+01:00,2.7160344
2025,CO2/CO/NOx,2025-12-02 21:00:00+01:00,2.6965177
2025,CO2/CO/NOx,2025-12-02 22:00:00+01:00,2.6467927
2025,CO2/CO/NOx,2025-12-02 23:00:00+01:00,2.6371193
2025,CO2/CO/NOx,2025-12-03 00:00:00+01:00,0.0
2025,CO2/CO/NOx,2025-12-03 01:00:00+01:00,0.0
2025,CO2/CO/NOx,2025-12-03 02:00:00+01:00,0.0
2025,CO2/CO/NOx,2025-12-03 03:00:00+01:00,0.0
2025,CO2/CO/NOx,2025-12-03 04:00:00+01:00,0.0
2025,CO2/CO/NOx,2025-12-03 05:00:00+01:00,0.0
2025,CO2/CO/NOx,2025-12-03 06:00:00+01:00,0.0
2025,CO2/CO/NOx,2025-12-03 07:00:00+01:00,0.0
2025,CO2/CO/NOx,2025-12-03 08:00:00+01:00,0.0
2025,CO2/CO/NOx,2025-12-03 09:00:00+01:00,0.0
2025,CO2/CO/NOx,2025-12-03 10:00:00+01:00,0.0
2025,CO2/CO/NOx,2025-12-03 11:00:00+01:00,0.0
2025,CO2/CO/NOx,2025-12-03 12:00:00+01:00,0.0
2025,CO2/CO/NOx,2025-12-03 13:00:00+01:00,0.0
2025,CO2/CO/NOx,2025-12-03 14:00:00+01:00,0.0
2025,CO2/CO/NOx,2025-12-03 15:00:00+01:00,0.0
2025,CO2/CO/NOx,2025-12-03 16:00:00+01:00,0.0
2025,CO2/CO/NOx,2025-12-03 17:00:00+01:00,0.0
2025,CO2/CO/NOx,2025-12-03 18:00:00+01:00,0.0
2025,CO2/CO/NOx,2025-12-03 19:00:00+01:00,0.0
2025,CO2/CO/NOx,2025-12-03 20:00:00+01:00,0.0
2025,CO2/CO/NOx,2025-12-03 21:00:00+01:00,0.0
2025,CO2/CO/NOx,2025-12-03 22:00:00+01:00,0.0
2025,CO2/CO/NOx,2025-12-03 23:00:00+01:00,0.0
2025,CO2/CO/NOx,2025-12-04 00:00:00+01:00,2.5195107
2025,CO2/CO/NOx,2025-12-04 01:00:00+01:00,2.5420818
2025,CO2/CO/NOx,2025-12-04 02:00:00+01:00,2.5325782
2025,CO2/CO/NOx,2025-12-04 03:00:00+01:00,2.5312207
2025,CO2/CO/NOx,2025-12-04 04:00:00+01:00,2.5804365
2025,CO2/CO/NOx,2025-12-04 05:00:00+01:00,2.625579
2025,CO2/CO/NOx,2025-12-04 06:00:00+01:00,2.641532
2025,CO2/CO/NOx,2025-12-04 07:00:00+01:00,2.6603699
2025,CO2/CO/NOx,2025-12-04 08:00:00+01:00,2.655618
2025,CO2/CO/NOx,2025-12-04 09:00:00+01:00,2.6530724
2025,CO2/CO/NOx,2025-12-04 10:00:00+01:00,2.6361012
2025,CO2/CO/NOx,2025-12-04 11:00:00+01:00,2.641702
2025,CO2/CO/NOx,2025-12-04 12:00:00+01:00,2.6596909
2025,CO2/CO/NOx,2025-12-04 13:00:00+01:00,2.6596909
2025,CO2/CO/NOx,2025-12-04 14:00:00+01:00,2.658333
2025,CO2/CO/NOx,2025-12-04 15:00:00+01:00,2.6639338
2025,CO2/CO/NOx,2025-12-04 16:00:00+01:00,2.6907477
2025,CO2/CO/NOx,2025-12-04 17:00:00+01:00,2.6968572
2025,CO2/CO/NOx,2025-12-04 18:00:00+01:00,2.683111
2025,CO2/CO/NOx,2025-12-04 19:00:00+01:00,2.6644428
2025,CO2/CO/NOx,2025-12-04 20:00:00+01:00,2.6486597
2025,CO2/CO/NOx,2025-12-04 21:00:00+01:00,2.6391559
2025,CO2/CO/NOx,2025-12-04 22:00:00+01:00,2.5763636
2025,CO2/CO/NOx,2025-12-04 23:00:00+01:00,2.5308814
2025,CO2/CO/NOx,2025-12-05 00:00:00+01:00,2.4964302
2025,CO2/CO/NOx,2025-12-05 01:00:00+01:00,2.5205288
2025,CO2/CO/NOx,2025-12-05 02:00:00+01:00,2.5388577
2025,CO2/CO/NOx,2025-12-05 03:00:00+01:00,2.559053
2025,CO2/CO/NOx,2025-12-05 04:00:00+01:00,2.624052
2025,CO2/CO/NOx,2025-12-05 05:00:00+01:00,2.691427
2025,CO2/CO/NOx,2025-12-05 06:00:00+01:00,2.7099252
2025,CO2/CO/NOx,2025-12-05 07:00:00+01:00,2.7097552
2025,CO2/CO/NOx,2025-12-05 08:00:00+01:00,2.6919358
2025,CO2/CO/NOx,2025-12-05 09:00:00+01:00,2.6914265
2025,CO2/CO/NOx,2025-12-05 10:00:00+01:00,2.697027
2025,CO2/CO/NOx,2025-12-05 11:00:00+01:00,2.6994033
2025,CO2/CO/NOx,2025-12-05 12:00:00+01:00,2.6807349
2025,CO2/CO/NOx,2025-12-05 13:00:00+01:00,2.6697037
2025,CO2/CO/NOx,2025-12-05 14:00:00+01:00,2.7114522
2025,CO2/CO/NOx,2025-12-05 15:00:00+01:00,2.7206166
2025,CO2/CO/NOx,2025-12-05 16:00:00+01:00,2.716883
2025,CO2/CO/NOx,2025-12-05 17:00:00+01:00,2.72452
2025,CO2/CO/NOx,2025-12-05 18:00:00+01:00,2.7095857
2025,CO2/CO/NOx,2025-12-05 19:00:00+01:00,2.667328
2025,CO2/CO/NOx,2025-12-05 20:00:00+01:00,2.5867157
2025,CO2/CO/NOx,2025-12-05 21:00:00+01:00,2.5685568
2025,CO2/CO/NOx,2025-12-05 22:00:00+01:00,2.534954
2025,CO2/CO/NOx,2025-12-05 23:00:00+01:00,2.4769137
2025,CO2/CO/NOx,2025-12-06 00:00:00+01:00,2.459603
2025,CO2/CO/NOx,2025-12-06 01:00:00+01:00,2.4560392
2025,CO2/CO/NOx,2025-12-06 02:00:00+01:00,2.4597726
2025,CO2/CO/NOx,2025-12-06 03:00:00+01:00,2.465543
2025,CO2/CO/NOx,2025-12-06 04:00:00+01:00,2.5038974
2025,CO2/CO/NOx,2025-12-06 05:00:00+01:00,2.5884128
2025,CO2/CO/NOx,2025-12-06 06:00:00+01:00,2.617603
2025,CO2/CO/NOx,2025-12-06 07:00:00+01:00,2.6352527
2025,CO2/CO/NOx,2025-12-06 08:00:00+01:00,2.6600306
2025,CO2/CO/NOx,2025-12-06 09:00:00+01:00,2.6540904
2025,CO2/CO/NOx,2025-12-06 10:00:00+01:00,2.600123
2025,CO2/CO/NOx,2025-12-06 11:00:00+01:00,2.5541317
2025,CO2/CO/NOx,2025-12-06 12:00:00+01:00,2.507122
2025,CO2/CO/NOx,2025-12-06 13:00:00+01:00,2.477762
2025,CO2/CO/NOx,2025-12-06 14:00:00+01:00,2.4640157
2025,CO2/CO/NOx,2025-12-06 15:00:00+01:00,2.501691
2025,CO2/CO/NOx,2025-12-06 16:00:00+01:00,2.463846
2025,CO2/CO/NOx,2025-12-06 17:00:00+01:00,2.4838717
2025,CO2/CO/NOx,2025-12-06 18:00:00+01:00,2.4996548
2025,CO2/CO/NOx,2025-12-06 19:00:00+01:00,2.4618096
2025,CO2/CO/NOx,2025-12-06 20:00:00+01:00,2.469616
2025,CO2/CO/NOx,2025-12-06 21:00:00+01:00,1.9138166
2025,CO2/CO/NOx,2025-12-06 22:00:00+01:00,1.3259423
2025,CO2/CO/NOx,2025-12-06 23:00:00+01:00,1.325433
2025,CO2/CO/NOx,2025-12-07 00:00:00+01:00,1.3186446
2025,CO2/CO/NOx,2025-12-07 01:00:00+01:00,1.3194932
2025,CO2/CO/NOx,2025-12-07 02:00:00+01:00,1.3300152
2025,CO2/CO/NOx,2025-12-07 03:00:00+01:00,1.3408766
2025,CO2/CO/NOx,2025-12-07 04:00:00+01:00,1.3498713
2025,CO2/CO/NOx,2025-12-07 05:00:00+01:00,1.3466467
2025,CO2/CO/NOx,2025-12-07 06:00:00+01:00,1.3427433
2025,CO2/CO/NOx,2025-12-07 07:00:00+01:00,1.3452891
2025,CO2/CO/NOx,2025-12-07 08:00:00+01:00,1.3524169
2025,CO2/CO/NOx,2025-12-07 09:00:00+01:00,1.3473256
2025,CO2/CO/NOx,2025-12-07 10:00:00+01:00,1.3529259
2025,CO2/CO/NOx,2025-12-07 11:00:00+01:00,1.3532654
2025,CO2/CO/NOx,2025-12-07 12:00:00+01:00,1.3503803
2025,CO2/CO/NOx,2025-12-07 13:00:00+01:00,1.3451192
2025,CO2/CO/NOx,2025-12-07 14:00:00+01:00,1.3457981
2025,CO2/CO/NOx,2025-12-07 15:00:00+01:00,1.3454587
2025,CO2/CO/NOx,2025-12-07 16:00:00+01:00,1.338331
2025,CO2/CO/NOx,2025-12-07 17:00:00+01:00,1.3427434
2025,CO2/CO/NOx,2025-12-07 18:00:00+01:00,1.3425736
2025,CO2/CO/NOx,2025-12-07 19:00:00+01:00,1.3495317
2025,CO2/CO/NOx,2025-12-07 20:00:00+01:00,1.3220388
2025,CO2/CO/NOx,2025-12-07 21:00:00+01:00,1.1121079
2025,CO2/CO/NOx,2025-12-07 22:00:00+01:00,0.844815
2025,CO2/CO/NOx,2025-12-07 23:00:00+01:00,0.48486072
2025,CO2/CO/NOx,2025-12-08 00:00:00+01:00,0.3660639
2025,CO2/CO/NOx,2025-12-08 01:00:00+01:00,0.3660639
2025,CO2/CO/NOx,2025-12-08 02:00:00+01:00,0.36572447
2025,CO2/CO/NOx,2025-12-08 03:00:00+01:00,0.3658942
2025,CO2/CO/NOx,2025-12-08 04:00:00+01:00,0.37726474
2025,CO2/CO/NOx,2025-12-08 05:00:00+01:00,0.63556296
2025,CO2/CO/NOx,2025-12-08 06:00:00+01:00,1.0000994
2025,CO2/CO/NOx,2025-12-08 07:00:00+01:00,1.2059574
2025,CO2/CO/NOx,2025-12-08 08:00:00+01:00,1.2755384
2025,CO2/CO/NOx,2025-12-08 09:00:00+01:00,1.2977703
2025,CO2/CO/NOx,2025-12-08 10:00:00+01:00,1.2930185
2025,CO2/CO/NOx,2025-12-08 11:00:00+01:00,1.2875876
2025,CO2/CO/NOx,2025-12-08 12:00:00+01:00,1.2916608
2025,CO2/CO/NOx,2025-12-08 13:00:00+01:00,1.2478757
2025,CO2/CO/NOx,2025-12-08 14:00:00+01:00,1.2655255
2025,CO2/CO/NOx,2025-12-08 15:00:00+01:00,1.2667135
2025,CO2/CO/NOx,2025-12-08 16:00:00+01:00,1.2718048
2025,CO2/CO/NOx,2025-12-08 17:00:00+01:00,1.2816478
2025,CO2/CO/NOx,2025-12-08 18:00:00+01:00,1.2884363
2025,CO2/CO/NOx,2025-12-08 19:00:00+01:00,1.2831753
2025,CO2/CO/NOx,2025-12-08 20:00:00+01:00,1.2197039
2025,CO2/CO/NOx,2025-12-08 21:00:00+01:00,1.1952658
2025,CO2/CO/NOx,2025-12-08 22:00:00+01:00,1.232432
2025,CO2/CO/NOx,2025-12-08 23:00:00+01:00,1.216649
2025,CO2/CO/NOx,2025-12-09 00:00:00+01:00,1.2198735
2025,CO2/CO/NOx,2025-12-09 01:00:00+01:00,1.2259831
2025,CO2/CO/NOx,2025-12-09 02:00:00+01:00,1.2414267
2025,CO2/CO/NOx,2025-12-09 03:00:00+01:00,1.2539853
2025,CO2/CO/NOx,2025-12-09 04:00:00+01:00,1.2563611
2025,CO2/CO/NOx,2025-12-09 05:00:00+01:00,1.5005736
2025,CO2/CO/NOx,2025-12-09 06:00:00+01:00,2.1829765
2025,CO2/CO/NOx,2025-12-09 07:00:00+01:00,2.466052
2025,CO2/CO/NOx,2025-12-09 08:00:00+01:00,2.6807349
2025,CO2/CO/NOx,2025-12-09 09:00:00+01:00,2.6349132
2025,CO2/CO/NOx,2025-12-09 10:00:00+01:00,2.524093
2025,CO2/CO/NOx,2025-12-09 11:00:00+01:00,2.4219277
2025,CO2/CO/NOx,2025-12-09 12:00:00+01:00,2.290233
2025,CO2/CO/NOx,2025-12-09 13:00:00+01:00,2.368469
2025,CO2/CO/NOx,2025-12-09 14:00:00+01:00,2.380179
2025,CO2/CO/NOx,2025-12-09 15:00:00+01:00,2.3823853
2025,CO2/CO/NOx,2025-12-09 16:00:00+01:00,2.414121
2025,CO2/CO/NOx,2025-12-09 17:00:00+01:00,2.4514573
2025,CO2/CO/NOx,2025-12-09 18:00:00+01:00,2.478441
2025,CO2/CO/NOx,2025-12-09 19:00:00+01:00,2.4859083
2025,CO2/CO/NOx,2025-12-09 20:00:00+01:00,2.482514
2025,CO2/CO/NOx,2025-12-09 21:00:00+01:00,1.5236539
2025,CO2/CO/NOx,2025-12-09 22:00:00+01:00,1.0369265
2025,CO2/CO/NOx,2025-12-09 23:00:00+01:00,0.7657303
2025,CO2/CO/NOx,2025-12-10 00:00:00+01:00,0.46127102
2025,CO2/CO/NOx,2025-12-10 01:00:00+01:00,0.43581456
2025,CO2/CO/NOx,2025-12-10 02:00:00+01:00,0.43598428
2025,CO2/CO/NOx,2025-12-10 03:00:00+01:00,0.43581456
2025,CO2/CO/NOx,2025-12-10 04:00:00+01:00,0.45465237
2025,CO2/CO/NOx,2025-12-10 05:00:00+01:00,0.8999707
2025,CO2/CO/NOx,2025-12-10 06:00:00+01:00,1.8230221
2025,CO2/CO/NOx,2025-12-10 07:00:00+01:00,2.4149694
2025,CO2/CO/NOx,2025-12-10 08:00:00+01:00,2.4791195
2025,CO2/CO/NOx,2025-12-10 09:00:00+01:00,2.505425
2025,CO2/CO/NOx,2025-12-10 10:00:00+01:00,2.4711435
2025,CO2/CO/NOx,2025-12-10 11:00:00+01:00,2.4366925
2025,CO2/CO/NOx,2025-12-10 12:00:00+01:00,2.3725421
2025,CO2/CO/NOx,2025-12-10 13:00:00+01:00,2.4144602
2025,CO2/CO/NOx,2025-12-10 14:00:00+01:00,2.4132724
2025,CO2/CO/NOx,2025-12-10 15:00:00+01:00,2.421079
2025,CO2/CO/NOx,2025-12-10 16:00:00+01:00,2.437032
2025,CO2/CO/NOx,2025-12-10 17:00:00+01:00,2.4641852
2025,CO2/CO/NOx,2025-12-10 18:00:00+01:00,2.4896417
2025,CO2/CO/NOx,2025-12-10 19:00:00+01:00,2.3676205
2025,CO2/CO/NOx,2025-12-10 20:00:00+01:00,2.4718225
2025,CO2/CO/NOx,2025-12-10 21:00:00+01:00,2.5091584
2025,CO2/CO/NOx,2025-12-10 22:00:00+01:00,2.130027
2025,CO2/CO/NOx,2025-12-10 23:00:00+01:00,1.3468165
2025,CO2/CO/NOx,2025-12-11 00:00:00+01:00,1.2689196
2025,CO2/CO/NOx,2025-12-11 01:00:00+01:00,1.2327715
2025,CO2/CO/NOx,2025-12-11 02:00:00+01:00,1.1881378
2025,CO2/CO/NOx,2025-12-11 03:00:00+01:00,1.1898348
2025,CO2/CO/NOx,2025-12-11 04:00:00+01:00,1.2000176
2025,CO2/CO/NOx,2025-12-11 05:00:00+01:00,1.809615
2025,CO2/CO/NOx,2025-12-11 06:00:00+01:00,2.3197622
2025,CO2/CO/NOx,2025-12-11 07:00:00+01:00,2.4977877
2025,CO2/CO/NOx,2025-12-11 08:00:00+01:00,2.3533647
2025,CO2/CO/NOx,2025-12-11 09:00:00+01:00,2.401732
2025,CO2/CO/NOx,2025-12-11 10:00:00+01:00,2.2885358
2025,CO2/CO/NOx,2025-12-11 11:00:00+01:00,2.3922284
2025,CO2/CO/NOx,2025-12-11 12:00:00+01:00,2.448063
2025,CO2/CO/NOx,2025-12-11 13:00:00+01:00,2.4735193
2025,CO2/CO/NOx,2025-12-11 14:00:00+01:00,2.4838717
2025,CO2/CO/NOx,2025-12-11 15:00:00+01:00,2.4909995
2025,CO2/CO/NOx,2025-12-11 16:00:00+01:00,2.4925268
2025,CO2/CO/NOx,2025-12-11 17:00:00+01:00,2.4862475
2025,CO2/CO/NOx,2025-12-11 18:00:00+01:00,2.494054
2025,CO2/CO/NOx,2025-12-11 19:00:00+01:00,2.5062735
2025,CO2/CO/NOx,2025-12-11 20:00:00+01:00,2.5061035
2025,CO2/CO/NOx,2025-12-11 21:00:00+01:00,2.497109
2025,CO2/CO/NOx,2025-12-11 22:00:00+01:00,2.4877748
2025,CO2/CO/NOx,2025-12-11 23:00:00+01:00,2.492866
2025,CO2/CO/NOx,2025-12-12 00:00:00+01:00,2.4996548
2025,CO2/CO/NOx,2025-12-12 01:00:00+01:00,2.5055945
2025,CO2/CO/NOx,2025-12-12 02:00:00+01:00,2.424473
2025,CO2/CO/NOx,2025-12-12 03:00:00+01:00,2.5125525
2025,CO2/CO/NOx,2025-12-12 04:00:00+01:00,2.517644
2025,CO2/CO/NOx,2025-12-12 05:00:00+01:00,2.5281658
2025,CO2/CO/NOx,2025-12-12 06:00:00+01:00,2.6481507
2025,CO2/CO/NOx,2025-12-12 07:00:00+01:00,2.6939723
2025,CO2/CO/NOx,2025-12-12 08:00:00+01:00,2.7326663
2025,CO2/CO/NOx,2025-12-12 09:00:00+01:00,2.7165437
2025,CO2/CO/NOx,2025-12-12 10:00:00+01:00,2.698894
2025,CO2/CO/NOx,2025-12-12 11:00:00+01:00,2.5402153
2025,CO2/CO/NOx,2025-12-12 12:00:00+01:00,2.532239
2025,CO2/CO/NOx,2025-12-12 13:00:00+01:00,2.5756845
2025,CO2/CO/NOx,2025-12-12 14:00:00+01:00,2.5341055
2025,CO2/CO/NOx,2025-12-12 15:00:00+01:00,2.5629566
2025,CO2/CO/NOx,2025-12-12 16:00:00+01:00,2.6114933
2025,CO2/CO/NOx,2025-12-12 17:00:00+01:00,2.6457748
2025,CO2/CO/NOx,2025-12-12 18:00:00+01:00,2.6583333
2025,CO2/CO/NOx,2025-12-12 19:00:00+01:00,2.609796
2025,CO2/CO/NOx,2025-12-12 20:00:00+01:00,2.5454762
2025,CO2/CO/NOx,2025-12-12 21:00:00+01:00,2.5378394
2025,CO2/CO/NOx,2025-12-12 22:00:00+01:00,2.5237532
2025,CO2/CO/NOx,2025-12-12 23:00:00+01:00,2.5249412
2025,CO2/CO/NOx,2025-12-13 00:00:00+01:00,2.5195107
2025,CO2/CO/NOx,2025-12-13 01:00:00+01:00,2.512892
2025,CO2/CO/NOx,2025-12-13 02:00:00+01:00,2.5174744
2025,CO2/CO/NOx,2025-12-13 03:00:00+01:00,2.4507785
2025,CO2/CO/NOx,2025-12-13 04:00:00+01:00,2.44976
2025,CO2/CO/NOx,2025-12-13 05:00:00+01:00,2.453324
2025,CO2/CO/NOx,2025-12-13 06:00:00+01:00,2.4721618
2025,CO2/CO/NOx,2025-12-13 07:00:00+01:00,2.5337663
2025,CO2/CO/NOx,2025-12-13 08:00:00+01:00,2.570254
2025,CO2/CO/NOx,2025-12-13 09:00:00+01:00,2.6074204
2025,CO2/CO/NOx,2025-12-13 10:00:00+01:00,2.5780604
2025,CO2/CO/NOx,2025-12-13 11:00:00+01:00,2.5918071
2025,CO2/CO/NOx,2025-12-13 12:00:00+01:00,2.6182818
2025,CO2/CO/NOx,2025-12-13 13:00:00+01:00,2.6203182
2025,CO2/CO/NOx,2025-12-13 14:00:00+01:00,2.61336
2025,CO2/CO/NOx,2025-12-13 15:00:00+01:00,2.6257489
2025,CO2/CO/NOx,2025-12-13 16:00:00+01:00,2.6447566
2025,CO2/CO/NOx,2025-12-13 17:00:00+01:00,2.6349132
2025,CO2/CO/NOx,2025-12-13 18:00:00+01:00,2.5862067
2025,CO2/CO/NOx,2025-12-13 19:00:00+01:00,2.5912979
2025,CO2/CO/NOx,2025-12-13 20:00:00+01:00,2.32689
2025,CO2/CO/NOx,2025-12-13 21:00:00+01:00,2.325193
2025,CO2/CO/NOx,2025-12-13 22:00:00+01:00,2.3990166
2025,CO2/CO/NOx,2025-12-13 23:00:00+01:00,2.4075022
2025,CO2/CO/NOx,2025-12-14 00:00:00+01:00,2.0061388
2025,CO2/CO/NOx,2025-12-14 01:00:00+01:00,2.1111891
2025,CO2/CO/NOx,2025-12-14 02:00:00+01:00,2.070968
2025,CO2/CO/NOx,2025-12-14 03:00:00+01:00,2.035838
2025,CO2/CO/NOx,2025-12-14 04:00:00+01:00,1.963202
2025,CO2/CO/NOx,2025-12-14 05:00:00+01:00,1.9032947
2025,CO2/CO/NOx,2025-12-14 06:00:00+01:00,2.0458508
2025,CO2/CO/NOx,2025-12-14 07:00:00+01:00,2.0601063
2025,CO2/CO/NOx,2025-12-14 08:00:00+01:00,2.4190423
2025,CO2/CO/NOx,2025-12-14 09:00:00+01:00,2.4290552
2025,CO2/CO/NOx,2025-12-14 10:00:00+01:00,2.4353347
2025,CO2/CO/NOx,2025-12-14 11:00:00+01:00,2.456209
2025,CO2/CO/NOx,2025-12-14 12:00:00+01:00,2.464355
2025,CO2/CO/NOx,2025-12-14 13:00:00+01:00,2.4663916
2025,CO2/CO/NOx,2025-12-14 14:00:00+01:00,2.4932055
2025,CO2/CO/NOx,2025-12-14 15:00:00+01:00,2.5006728
2025,CO2/CO/NOx,2025-12-14 16:00:00+01:00,2.5096674
2025,CO2/CO/NOx,2025-12-14 17:00:00+01:00,2.5420823
2025,CO2/CO/NOx,2025-12-14 18:00:00+01:00,2.5821335
2025,CO2/CO/NOx,2025-12-14 19:00:00+01:00,2.5761938
2025,CO2/CO/NOx,2025-12-14 20:00:00+01:00,2.5692356
2025,CO2/CO/NOx,2025-12-14 21:00:00+01:00,2.5344453
2025,CO2/CO/NOx,2025-12-14 22:00:00+01:00,2.4938846
2025,CO2/CO/NOx,2025-12-14 23:00:00+01:00,2.4524755
2025,CO2/CO/NOx,2025-12-15 00:00:00+01:00,2.469786
2025,CO2/CO/NOx,2025-12-15 01:00:00+01:00,2.4984665
2025,CO2/CO/NOx,2025-12-15 02:00:00+01:00,2.517474
2025,CO2/CO/NOx,2025-12-15 03:00:00+01:00,2.552095
2025,CO2/CO/NOx,2025-12-15 04:00:00+01:00,2.550228
2025,CO2/CO/NOx,2025-12-15 05:00:00+01:00,2.5648232
2025,CO2/CO/NOx,2025-12-15 06:00:00+01:00,2.6269367
2025,CO2/CO/NOx,2025-12-15 07:00:00+01:00,2.6486597
2025,CO2/CO/NOx,2025-12-15 08:00:00+01:00,2.644926
2025,CO2/CO/NOx,2025-12-15 09:00:00+01:00,2.643229
2025,CO2/CO/NOx,2025-12-15 10:00:00+01:00,2.6318586
2025,CO2/CO/NOx,2025-12-15 11:00:00+01:00,2.574327
2025,CO2/CO/NOx,2025-12-15 12:00:00+01:00,2.5364814
2025,CO2/CO/NOx,2025-12-15 13:00:00+01:00,2.547852
2025,CO2/CO/NOx,2025-12-15 14:00:00+01:00,2.5529435
2025,CO2/CO/NOx,2025-12-15 15:00:00+01:00,2.6040263
2025,CO2/CO/NOx,2025-12-15 16:00:00+01:00,2.595371
2025,CO2/CO/NOx,2025-12-15 17:00:00+01:00,2.5868855
2025,CO2/CO/NOx,2025-12-15 18:00:00+01:00,2.5775516
2025,CO2/CO/NOx,2025-12-15 19:00:00+01:00,2.5962193
2025,CO2/CO/NOx,2025-12-15 20:00:00+01:00,2.603008
2025,CO2/CO/NOx,2025-12-15 21:00:00+01:00,2.5948617
2025,CO2/CO/NOx,2025-12-15 22:00:00+01:00,2.5559983
2025,CO2/CO/NOx,2025-12-15 23:00:00+01:00,2.4950724
2025,CO2/CO/NOx,2025-12-16 00:00:00+01:00,2.4477236
2025,CO2/CO/NOx,2025-12-16 01:00:00+01:00,2.4202304
2025,CO2/CO/NOx,2025-12-16 02:00:00+01:00,2.4151392
2025,CO2/CO/NOx,2025-12-16 03:00:00+01:00,2.4378803
2025,CO2/CO/NOx,2025-12-16 04:00:00+01:00,2.486078
2025,CO2/CO/NOx,2025-12-16 05:00:00+01:00,2.570593
2025,CO2/CO/NOx,2025-12-16 06:00:00+01:00,2.5773816
2025,CO2/CO/NOx,2025-12-16 07:00:00+01:00,2.56669
2025,CO2/CO/NOx,2025-12-16 08:00:00+01:00,2.5424213
2025,CO2/CO/NOx,2025-12-16 09:00:00+01:00,2.5417426
2025,CO2/CO/NOx,2025-12-16 10:00:00+01:00,2.579588
2025,CO2/CO/NOx,2025-12-16 11:00:00+01:00,2.6043658
2025,CO2/CO/NOx,2025-12-16 12:00:00+01:00,2.4799683
2025,CO2/CO/NOx,2025-12-16 13:00:00+01:00,2.5746665
2025,CO2/CO/NOx,2025-12-16 14:00:00+01:00,2.5797577
2025,CO2/CO/NOx,2025-12-16 15:00:00+01:00,2.5931647
2025,CO2/CO/NOx,2025-12-16 16:00:00+01:00,2.5992742
2025,CO2/CO/NOx,2025-12-16 17:00:00+01:00,2.5962195
2025,CO2/CO/NOx,2025-12-16 18:00:00+01:00,2.6125114
2025,CO2/CO/NOx,2025-12-16 19:00:00+01:00,2.6191304
2025,CO2/CO/NOx,2025-12-16 20:00:00+01:00,2.6108146
2025,CO2/CO/NOx,2025-12-16 21:00:00+01:00,2.606063
2025,CO2/CO/NOx,2025-12-16 22:00:00+01:00,2.529354
2025,CO2/CO/NOx,2025-12-16 23:00:00+01:00,2.4733496
2025,CO2/CO/NOx,2025-12-17 00:00:00+01:00,2.4657128
2025,CO2/CO/NOx,2025-12-17 01:00:00+01:00,2.4618096
2025,CO2/CO/NOx,2025-12-17 02:00:00+01:00,2.4582455
2025,CO2/CO/NOx,2025-12-17 03:00:00+01:00,2.4801378
2025,CO2/CO/NOx,2025-12-17 04:00:00+01:00,2.5349543
2025,CO2/CO/NOx,2025-12-17 05:00:00+01:00,2.6094568
2025,CO2/CO/NOx,2025-12-17 06:00:00+01:00,2.6545997
2025,CO2/CO/NOx,2025-12-17 07:00:00+01:00,2.6803956
2025,CO2/CO/NOx,2025-12-17 08:00:00+01:00,2.6693642
2025,CO2/CO/NOx,2025-12-17 09:00:00+01:00,2.67208
2025,CO2/CO/NOx,2025-12-17 10:00:00+01:00,2.6719098
2025,CO2/CO/NOx,2025-12-17 11:00:00+01:00,2.6065717
2025,CO2/CO/NOx,2025-12-17 12:00:00+01:00,2.59588
2025,CO2/CO/NOx,2025-12-17 13:00:00+01:00,2.5789092
2025,CO2/CO/NOx,2025-12-17 14:00:00+01:00,2.5447974
2025,CO2/CO/NOx,2025-12-17 15:00:00+01:00,2.5856977
2025,CO2/CO/NOx,2025-12-17 16:00:00+01:00,2.5414033
2025,CO2/CO/NOx,2025-12-17 17:00:00+01:00,2.5441184
2025,CO2/CO/NOx,2025-12-17 18:00:00+01:00,2.5315602
2025,CO2/CO/NOx,2025-12-17 19:00:00+01:00,2.5130618
2025,CO2/CO/NOx,2025-12-17 20:00:00+01:00,2.5273173
2025,CO2/CO/NOx,2025-12-17 21:00:00+01:00,2.512892
2025,CO2/CO/NOx,2025-12-17 22:00:00+01:00,2.423964
2025,CO2/CO/NOx,2025-12-17 23:00:00+01:00,2.4019017
2025,CO2/CO/NOx,2025-12-18 00:00:00+01:00,2.4029202
2025,CO2/CO/NOx,2025-12-18 01:00:00+01:00,2.4044473
2025,CO2/CO/NOx,2025-12-18 02:00:00+01:00,2.3991864
2025,CO2/CO/NOx,2025-12-18 03:00:00+01:00,2.4105568
2025,CO2/CO/NOx,2025-12-18 04:00:00+01:00,2.4792893
2025,CO2/CO/NOx,2025-12-18 05:00:00+01:00,2.550228
2025,CO2/CO/NOx,2025-12-18 06:00:00+01:00,2.6914265
2025,CO2/CO/NOx,2025-12-18 07:00:00+01:00,2.7139978
2025,CO2/CO/NOx,2025-12-18 08:00:00+01:00,2.7323267
2025,CO2/CO/NOx,2025-12-18 09:00:00+01:00,2.7250292
2025,CO2/CO/NOx,2025-12-18 10:00:00+01:00,2.6301615
2025,CO2/CO/NOx,2025-12-18 11:00:00+01:00,2.2564607
2025,CO2/CO/NOx,2025-12-18 12:00:00+01:00,1.8386353
2025,CO2/CO/NOx,2025-12-18 13:00:00+01:00,1.8337137
2025,CO2/CO/NOx,2025-12-18 14:00:00+01:00,1.8315076
2025,CO2/CO/NOx,2025-12-18 15:00:00+01:00,2.1273115
2025,CO2/CO/NOx,2025-12-18 16:00:00+01:00,2.4377105
2025,CO2/CO/NOx,2025-12-18 17:00:00+01:00,2.5312207
2025,CO2/CO/NOx,2025-12-18 18:00:00+01:00,2.503049
2025,CO2/CO/NOx,2025-12-18 19:00:00+01:00,2.0490754
2025,CO2/CO/NOx,2025-12-18 20:00:00+01:00,0.98211014
2025,CO2/CO/NOx,2025-12-18 21:00:00+01:00,0.54307115
2025,CO2/CO/NOx,2025-12-18 22:00:00+01:00,0.527967
2025,CO2/CO/NOx,2025-12-18 23:00:00+01:00,0.50301963
2025,CO2/CO/NOx,2025-12-19 00:00:00+01:00,0.5284761
2025,CO2/CO/NOx,2025-12-19 01:00:00+01:00,0.5296641
2025,CO2/CO/NOx,2025-12-19 02:00:00+01:00,0.5291549
2025,CO2/CO/NOx,2025-12-19 03:00:00+01:00,0.5296641
2025,CO2/CO/NOx,2025-12-19 04:00:00+01:00,0.56767905
2025,CO2/CO/NOx,2025-12-19 05:00:00+01:00,1.036587
2025,CO2/CO/NOx,2025-12-19 06:00:00+01:00,2.0711377
2025,CO2/CO/NOx,2025-12-19 07:00:00+01:00,2.635762
2025,CO2/CO/NOx,2025-12-19 08:00:00+01:00,2.680735
2025,CO2/CO/NOx,2025-12-19 09:00:00+01:00,2.7083976
2025,CO2/CO/NOx,2025-12-19 10:00:00+01:00,2.7056823
2025,CO2/CO/NOx,2025-12-19 11:00:00+01:00,2.6491692
2025,CO2/CO/NOx,2025-12-19 12:00:00+01:00,2.5768723
2025,CO2/CO/NOx,2025-12-19 13:00:00+01:00,2.513401
2025,CO2/CO/NOx,2025-12-19 14:00:00+01:00,2.5081398
2025,CO2/CO/NOx,2025-12-19 15:00:00+01:00,2.5344453
2025,CO2/CO/NOx,2025-12-19 16:00:00+01:00,2.5405548
2025,CO2/CO/NOx,2025-12-19 17:00:00+01:00,2.5671992
2025,CO2/CO/NOx,2025-12-19 18:00:00+01:00,2.6172636
2025,CO2/CO/NOx,2025-12-19 19:00:00+01:00,2.636271
2025,CO2/CO/NOx,2025-12-19 20:00:00+01:00,2.6240518
2025,CO2/CO/NOx,2025-12-19 21:00:00+01:00,2.6143785
2025,CO2/CO/NOx,2025-12-19 22:00:00+01:00,2.5179832
2025,CO2/CO/NOx,2025-12-19 23:00:00+01:00,2.4171758
2025,CO2/CO/NOx,2025-12-20 00:00:00+01:00,2.4122539
2025,CO2/CO/NOx,2025-12-20 01:00:00+01:00,2.415818
2025,CO2/CO/NOx,2025-12-20 02:00:00+01:00,2.418703
2025,CO2/CO/NOx,2025-12-20 03:00:00+01:00,2.4193819
2025,CO2/CO/NOx,2025-12-20 04:00:00+01:00,2.4271884
2025,CO2/CO/NOx,2025-12-20 05:00:00+01:00,2.542252
2025,CO2/CO/NOx,2025-12-20 06:00:00+01:00,2.5371604
2025,CO2/CO/NOx,2025-12-20 07:00:00+01:00,2.552095
2025,CO2/CO/NOx,2025-12-20 08:00:00+01:00,2.5687265
2025,CO2/CO/NOx,2025-12-20 09:00:00+01:00,2.5887523
2025,CO2/CO/NOx,2025-12-20 10:00:00+01:00,2.5629563
2025,CO2/CO/NOx,2025-12-20 11:00:00+01:00,2.5006728
2025,CO2/CO/NOx,2025-12-20 12:00:00+01:00,2.4663916
2025,CO2/CO/NOx,2025-12-20 13:00:00+01:00,2.4568877
2025,CO2/CO/NOx,2025-12-20 14:00:00+01:00,2.4560392
2025,CO2/CO/NOx,2025-12-20 15:00:00+01:00,2.5003335
2025,CO2/CO/NOx,2025-12-20 16:00:00+01:00,2.5705934
2025,CO2/CO/NOx,2025-12-20 17:00:00+01:00,2.602329
2025,CO2/CO/NOx,2025-12-20 18:00:00+01:00,2.627955
2025,CO2/CO/NOx,2025-12-20 19:00:00+01:00,2.6354222
2025,CO2/CO/NOx,2025-12-20 20:00:00+01:00,2.6189606
2025,CO2/CO/NOx,2025-12-20 21:00:00+01:00,2.587225
2025,CO2/CO/NOx,2025-12-20 22:00:00+01:00,2.571951
2025,CO2/CO/NOx,2025-12-20 23:00:00+01:00,2.5312207
2025,CO2/CO/NOx,2025-12-21 00:00:00+01:00,2.505764
2025,CO2/CO/NOx,2025-12-21 01:00:00+01:00,2.505425
2025,CO2/CO/NOx,2025-12-21 02:00:00+01:00,2.5028791
2025,CO2/CO/NOx,2025-12-21 03:00:00+01:00,2.4884539
2025,CO2/CO/NOx,2025-12-21 04:00:00+01:00,2.5262992
2025,CO2/CO/NOx,2025-12-21 05:00:00+01:00,2.5302024
2025,CO2/CO/NOx,2025-12-21 06:00:00+01:00,2.5697446
2025,CO2/CO/NOx,2025-12-21 07:00:00+01:00,2.6238823
2025,CO2/CO/NOx,2025-12-21 08:00:00+01:00,2.6715705
2025,CO2/CO/NOx,2025-12-21 09:00:00+01:00,2.7026274
2025,CO2/CO/NOx,2025-12-21 10:00:00+01:00,2.697197
2025,CO2/CO/NOx,2025-12-21 11:00:00+01:00,2.6968575
2025,CO2/CO/NOx,2025-12-21 12:00:00+01:00,2.6775103
2025,CO2/CO/NOx,2025-12-21 13:00:00+01:00,2.659521
2025,CO2/CO/NOx,2025-12-21 14:00:00+01:00,2.6535816
2025,CO2/CO/NOx,2025-12-21 15:00:00+01:00,2.6332161
2025,CO2/CO/NOx,2025-12-21 16:00:00+01:00,2.6296523
2025,CO2/CO/NOx,2025-12-21 17:00:00+01:00,2.6352527
2025,CO2/CO/NOx,2025-12-21 18:00:00+01:00,2.6249003
2025,CO2/CO/NOx,2025-12-21 19:00:00+01:00,2.6208274
2025,CO2/CO/NOx,2025-12-21 20:00:00+01:00,2.6157362
2025,CO2/CO/NOx,2025-12-21 21:00:00+01:00,2.609966
2025,CO2/CO/NOx,2025-12-21 22:00:00+01:00,2.5711021
2025,CO2/CO/NOx,2025-12-21 23:00:00+01:00,2.1023643
2025,CO2/CO/NOx,2025-12-22 00:00:00+01:00,1.9116105
2025,CO2/CO/NOx,2025-12-22 01:00:00+01:00,1.9078767
2025,CO2/CO/NOx,2025-12-22 02:00:00+01:00,1.9043128
2025,CO2/CO/NOx,2025-12-22 03:00:00+01:00,1.9431764
2025,CO2/CO/NOx,2025-12-22 04:00:00+01:00,1.9669358
2025,CO2/CO/NOx,2025-12-22 05:00:00+01:00,1.9755912
2025,CO2/CO/NOx,2025-12-22 06:00:00+01:00,2.5587134
2025,CO2/CO/NOx,2025-12-22 07:00:00+01:00,2.6043653
2025,CO2/CO/NOx,2025-12-22 08:00:00+01:00,2.637289
2025,CO2/CO/NOx,2025-12-22 09:00:00+01:00,2.646793
2025,CO2/CO/NOx,2025-12-22 10:00:00+01:00,2.6457748
2025,CO2/CO/NOx,2025-12-22 11:00:00+01:00,2.6423805
2025,CO2/CO/NOx,2025-12-22 12:00:00+01:00,2.6377985
2025,CO2/CO/NOx,2025-12-22 13:00:00+01:00,2.627446
2025,CO2/CO/NOx,2025-12-22 14:00:00+01:00,2.6249006
2025,CO2/CO/NOx,2025-12-22 15:00:00+01:00,2.6712313
2025,CO2/CO/NOx,2025-12-22 16:00:00+01:00,2.6691947
2025,CO2/CO/NOx,2025-12-22 17:00:00+01:00,2.6652913
2025,CO2/CO/NOx,2025-12-22 18:00:00+01:00,2.611663
2025,CO2/CO/NOx,2025-12-22 19:00:00+01:00,2.5834913
2025,CO2/CO/NOx,2025-12-22 20:00:00+01:00,2.5553193
2025,CO2/CO/NOx,2025-12-22 21:00:00+01:00,2.5522647
2025,CO2/CO/NOx,2025-12-22 22:00:00+01:00,2.4981272
2025,CO2/CO/NOx,2025-12-22 23:00:00+01:00,2.0327833
2025,CO2/CO/NOx,2025-12-23 00:00:00+01:00,2.0073268
2025,CO2/CO/NOx,2025-12-23 01:00:00+01:00,1.9811913
2025,CO2/CO/NOx,2025-12-23 02:00:00+01:00,1.9945985
2025,CO2/CO/NOx,2025-12-23 03:00:00+01:00,1.9839067
2025,CO2/CO/NOx,2025-12-23 04:00:00+01:00,1.990186
2025,CO2/CO/NOx,2025-12-23 05:00:00+01:00,2.4243035
2025,CO2/CO/NOx,2025-12-23 06:00:00+01:00,2.5590532
2025,CO2/CO/NOx,2025-12-23 07:00:00+01:00,2.5975773
2025,CO2/CO/NOx,2025-12-23 08:00:00+01:00,2.6257489
2025,CO2/CO/NOx,2025-12-23 09:00:00+01:00,2.6361012
2025,CO2/CO/NOx,2025-12-23 10:00:00+01:00,2.6293128
2025,CO2/CO/NOx,2025-12-23 11:00:00+01:00,2.6237128
2025,CO2/CO/NOx,2025-12-23 12:00:00+01:00,2.6235425
2025,CO2/CO/NOx,2025-12-23 13:00:00+01:00,2.6196394
2025,CO2/CO/NOx,2025-12-23 14:00:00+01:00,2.6315193
2025,CO2/CO/NOx,2025-12-23 15:00:00+01:00,2.634574
2025,CO2/CO/NOx,2025-12-23 16:00:00+01:00,2.6433985
2025,CO2/CO/NOx,2025-12-23 17:00:00+01:00,2.6417015
2025,CO2/CO/NOx,2025-12-23 18:00:00+01:00,2.629143
2025,CO2/CO/NOx,2025-12-23 19:00:00+01:00,2.6408534
2025,CO2/CO/NOx,2025-12-23 20:00:00+01:00,2.6160755
2025,CO2/CO/NOx,2025-12-23 21:00:00+01:00,2.5660112
2025,CO2/CO/NOx,2025-12-23 22:00:00+01:00,2.511704
2025,CO2/CO/NOx,2025-12-23 23:00:00+01:00,2.2464476
2025,CO2/CO/NOx,2025-12-24 00:00:00+01:00,2.0047812
2025,CO2/CO/NOx,2025-12-24 01:00:00+01:00,1.9949379
2025,CO2/CO/NOx,2025-12-24 02:00:00+01:00,1.9840766
2025,CO2/CO/NOx,2025-12-24 03:00:00+01:00,1.9862827
2025,CO2/CO/NOx,2025-12-24 04:00:00+01:00,1.9922225
2025,CO2/CO/NOx,2025-12-24 05:00:00+01:00,2.1300268
2025,CO2/CO/NOx,2025-12-24 06:00:00+01:00,2.22761
2025,CO2/CO/NOx,2025-12-24 07:00:00+01:00,2.5767028
2025,CO2/CO/NOx,2025-12-24 08:00:00+01:00,2.5853584
2025,CO2/CO/NOx,2025-12-24 09:00:00+01:00,2.5923162
2025,CO2/CO/NOx,2025-12-24 10:00:00+01:00,2.6008017
2025,CO2/CO/NOx,2025-12-24 11:00:00+01:00,2.6131904
2025,CO2/CO/NOx,2025-12-24 12:00:00+01:00,2.622355
2025,CO2/CO/NOx,2025-12-24 13:00:00+01:00,2.6362708
2025,CO2/CO/NOx,2025-12-24 14:00:00+01:00,2.628634
2025,CO2/CO/NOx,2025-12-24 15:00:00+01:00,2.6602
2025,CO2/CO/NOx,2025-12-24 16:00:00+01:00,2.6515448
2025,CO2/CO/NOx,2025-12-24 17:00:00+01:00,2.6420412
2025,CO2/CO/NOx,2025-12-24 18:00:00+01:00,2.5665202
2025,CO2/CO/NOx,2025-12-24 19:00:00+01:00,2.4268491
2025,CO2/CO/NOx,2025-12-24 20:00:00+01:00,2.350989
2025,CO2/CO/NOx,2025-12-24 21:00:00+01:00,2.228798
2025,CO2/CO/NOx,2025-12-24 22:00:00+01:00,2.3021126
2025,CO2/CO/NOx,2025-12-24 23:00:00+01:00,2.3131437
2025,CO2/CO/NOx,2025-12-25 00:00:00+01:00,2.2437322
2025,CO2/CO/NOx,2025-12-25 01:00:00+01:00,2.2820866
2025,CO2/CO/NOx,2025-12-25 02:00:00+01:00,2.2693584
2025,CO2/CO/NOx,2025-12-25 03:00:00+01:00,2.28022
2025,CO2/CO/NOx,2025-12-25 04:00:00+01:00,2.2871783
2025,CO2/CO/NOx,2025-12-25 05:00:00+01:00,2.2948148
2025,CO2/CO/NOx,2025-12-25 06:00:00+01:00,2.623882
2025,CO2/CO/NOx,2025-12-25 07:00:00+01:00,2.6143785
2025,CO2/CO/NOx,2025-12-25 08:00:00+01:00,2.6581635
2025,CO2/CO/NOx,2025-12-25 09:00:00+01:00,2.675304
2025,CO2/CO/NOx,2025-12-25 10:00:00+01:00,2.7165437
2025,CO2/CO/NOx,2025-12-25 11:00:00+01:00,2.741491
2025,CO2/CO/NOx,2025-12-25 12:00:00+01:00,2.7430184
2025,CO2/CO/NOx,2025-12-25 13:00:00+01:00,2.693972
2025,CO2/CO/NOx,2025-12-25 14:00:00+01:00,2.6768317
2025,CO2/CO/NOx,2025-12-25 15:00:00+01:00,2.6768317
2025,CO2/CO/NOx,2025-12-25 16:00:00+01:00,2.6963482
2025,CO2/CO/NOx,2025-12-25 17:00:00+01:00,2.7031364
2025,CO2/CO/NOx,2025-12-25 18:00:00+01:00,2.7065308
2025,CO2/CO/NOx,2025-12-25 19:00:00+01:00,2.653751
2025,CO2/CO/NOx,2025-12-25 20:00:00+01:00,2.6193001
2025,CO2/CO/NOx,2025-12-25 21:00:00+01:00,2.6308403
2025,CO2/CO/NOx,2025-12-25 22:00:00+01:00,2.5890918
2025,CO2/CO/NOx,2025-12-25 23:00:00+01:00,2.3769546
2025,CO2/CO/NOx,2025-12-26 00:00:00+01:00,2.3628688
2025,CO2/CO/NOx,2025-12-26 01:00:00+01:00,2.3762755
2025,CO2/CO/NOx,2025-12-26 02:00:00+01:00,2.3883252
2025,CO2/CO/NOx,2025-12-26 03:00:00+01:00,2.3963015
2025,CO2/CO/NOx,2025-12-26 04:00:00+01:00,2.4402564
2025,CO2/CO/NOx,2025-12-26 05:00:00+01:00,2.6768315
2025,CO2/CO/NOx,2025-12-26 06:00:00+01:00,2.7116222
2025,CO2/CO/NOx,2025-12-26 07:00:00+01:00,2.705343
2025,CO2/CO/NOx,2025-12-26 08:00:00+01:00,2.715186
2025,CO2/CO/NOx,2025-12-26 09:00:00+01:00,2.7078881
2025,CO2/CO/NOx,2025-12-26 10:00:00+01:00,2.710943
2025,CO2/CO/NOx,2025-12-26 11:00:00+01:00,2.7165437
2025,CO2/CO/NOx,2025-12-26 12:00:00+01:00,2.7139978
2025,CO2/CO/NOx,2025-12-26 13:00:00+01:00,2.6668189
2025,CO2/CO/NOx,2025-12-26 14:00:00+01:00,2.642041
2025,CO2/CO/NOx,2025-12-26 15:00:00+01:00,2.623882
2025,CO2/CO/NOx,2025-12-26 16:00:00+01:00,2.6257489
2025,CO2/CO/NOx,2025-12-26 17:00:00+01:00,2.6371195
2025,CO2/CO/NOx,2025-12-26 18:00:00+01:00,2.6209972
2025,CO2/CO/NOx,2025-12-26 19:00:00+01:00,2.6084385
2025,CO2/CO/NOx,2025-12-26 20:00:00+01:00,2.605214
2025,CO2/CO/NOx,2025-12-26 21:00:00+01:00,2.618621
2025,CO2/CO/NOx,2025-12-26 22:00:00+01:00,2.5702538
2025,CO2/CO/NOx,2025-12-26 23:00:00+01:00,2.4472144
2025,CO2/CO/NOx,2025-12-27 00:00:00+01:00,2.3827245
2025,CO2/CO/NOx,2025-12-27 01:00:00+01:00,2.403429
2025,CO2/CO/NOx,2025-12-27 02:00:00+01:00,2.3786519
2025,CO2/CO/NOx,2025-12-27 03:00:00+01:00,2.3920586
2025,CO2/CO/NOx,2025-12-27 04:00:00+01:00,2.4512875
2025,CO2/CO/NOx,2025-12-27 05:00:00+01:00,2.6568058
2025,CO2/CO/NOx,2025-12-27 06:00:00+01:00,2.678868
2025,CO2/CO/NOx,2025-12-27 07:00:00+01:00,2.6956694
2025,CO2/CO/NOx,2025-12-27 08:00:00+01:00,2.702458
2025,CO2/CO/NOx,2025-12-27 09:00:00+01:00,2.7075493
2025,CO2/CO/NOx,2025-12-27 10:00:00+01:00,2.7061915
2025,CO2/CO/NOx,2025-12-27 11:00:00+01:00,2.6907477
2025,CO2/CO/NOx,2025-12-27 12:00:00+01:00,2.681414
2025,CO2/CO/NOx,2025-12-27 13:00:00+01:00,2.6593516
2025,CO2/CO/NOx,2025-12-27 14:00:00+01:00,2.6593516
2025,CO2/CO/NOx,2025-12-27 15:00:00+01:00,2.672589
2025,CO2/CO/NOx,2025-12-27 16:00:00+01:00,2.7033064
2025,CO2/CO/NOx,2025-12-27 17:00:00+01:00,2.6915963
2025,CO2/CO/NOx,2025-12-27 18:00:00+01:00,2.6968575
2025,CO2/CO/NOx,2025-12-27 19:00:00+01:00,2.681923
2025,CO2/CO/NOx,2025-12-27 20:00:00+01:00,2.651375
2025,CO2/CO/NOx,2025-12-27 21:00:00+01:00,2.6822624
2025,CO2/CO/NOx,2025-12-27 22:00:00+01:00,2.6289732
2025,CO2/CO/NOx,2025-12-27 23:00:00+01:00,2.5914676
2025,CO2/CO/NOx,2025-12-28 00:00:00+01:00,2.5938437
2025,CO2/CO/NOx,2025-12-28 01:00:00+01:00,2.6130207
2025,CO2/CO/NOx,2025-12-28 02:00:00+01:00,2.607081
2025,CO2/CO/NOx,2025-12-28 03:00:00+01:00,2.617603
2025,CO2/CO/NOx,2025-12-28 04:00:00+01:00,2.6384773
2025,CO2/CO/NOx,2025-12-28 05:00:00+01:00,2.6581633
2025,CO2/CO/NOx,2025-12-28 06:00:00+01:00,2.653242
2025,CO2/CO/NOx,2025-12-28 07:00:00+01:00,2.6506963
2025,CO2/CO/NOx,2025-12-28 08:00:00+01:00,2.6990633
2025,CO2/CO/NOx,2025-12-28 09:00:00+01:00,2.6866748
2025,CO2/CO/NOx,2025-12-28 10:00:00+01:00,2.680565
2025,CO2/CO/NOx,2025-12-28 11:00:00+01:00,2.6617274
2025,CO2/CO/NOx,2025-12-28 12:00:00+01:00,2.6554482
2025,CO2/CO/NOx,2025-12-28 13:00:00+01:00,2.6720798
2025,CO2/CO/NOx,2025-12-28 14:00:00+01:00,2.6854868
2025,CO2/CO/NOx,2025-12-28 15:00:00+01:00,2.6963482
2025,CO2/CO/NOx,2025-12-28 16:00:00+01:00,2.7009304
2025,CO2/CO/NOx,2025-12-28 17:00:00+01:00,2.700421
2025,CO2/CO/NOx,2025-12-28 18:00:00+01:00,2.6849778
2025,CO2/CO/NOx,2025-12-28 19:00:00+01:00,2.7173922
2025,CO2/CO/NOx,2025-12-28 20:00:00+01:00,2.7206168
2025,CO2/CO/NOx,2025-12-28 21:00:00+01:00,2.6883721
2025,CO2/CO/NOx,2025-12-28 22:00:00+01:00,2.6510358
2025,CO2/CO/NOx,2025-12-28 23:00:00+01:00,2.6140392
2025,CO2/CO/NOx,2025-12-29 00:00:00+01:00,2.6126812
2025,CO2/CO/NOx,2025-12-29 01:00:00+01:00,2.6177728
2025,CO2/CO/NOx,2025-12-29 02:00:00+01:00,2.608269
2025,CO2/CO/NOx,2025-12-29 03:00:00+01:00,2.622864
2025,CO2/CO/NOx,2025-12-29 04:00:00+01:00,2.6627457
2025,CO2/CO/NOx,2025-12-29 05:00:00+01:00,2.6576545
2025,CO2/CO/NOx,2025-12-29 06:00:00+01:00,2.6992335
2025,CO2/CO/NOx,2025-12-29 07:00:00+01:00,2.7201076
2025,CO2/CO/NOx,2025-12-29 08:00:00+01:00,2.7547283
2025,CO2/CO/NOx,2025-12-29 09:00:00+01:00,2.7464128
2025,CO2/CO/NOx,2025-12-29 10:00:00+01:00,2.7083976
2025,CO2/CO/NOx,2025-12-29 11:00:00+01:00,2.7046642
2025,CO2/CO/NOx,2025-12-29 12:00:00+01:00,2.6985545
2025,CO2/CO/NOx,2025-12-29 13:00:00+01:00,2.6827714
2025,CO2/CO/NOx,2025-12-29 14:00:00+01:00,2.683111
2025,CO2/CO/NOx,2025-12-29 15:00:00+01:00,2.688881
2025,CO2/CO/NOx,2025-12-29 16:00:00+01:00,2.6975362
2025,CO2/CO/NOx,2025-12-29 17:00:00+01:00,2.6882021
2025,CO2/CO/NOx,2025-12-29 18:00:00+01:00,2.6656306
2025,CO2/CO/NOx,2025-12-29 19:00:00+01:00,2.6376286
2025,CO2/CO/NOx,2025-12-29 20:00:00+01:00,2.6004622
2025,CO2/CO/NOx,2025-12-29 21:00:00+01:00,2.612342
2025,CO2/CO/NOx,2025-12-29 22:00:00+01:00,2.5955408
2025,CO2/CO/NOx,2025-12-29 23:00:00+01:00,2.5800972
2025,CO2/CO/NOx,2025-12-30 00:00:00+01:00,2.5943525
2025,CO2/CO/NOx,2025-12-30 01:00:00+01:00,2.5855277
2025,CO2/CO/NOx,2025-12-30 02:00:00+01:00,2.565672
2025,CO2/CO/NOx,2025-12-30 03:00:00+01:00,2.5702538
2025,CO2/CO/NOx,2025-12-30 04:00:00+01:00,2.5716116
2025,CO2/CO/NOx,2025-12-30 05:00:00+01:00,2.6057231
2025,CO2/CO/NOx,2025-12-30 06:00:00+01:00,2.6483204
2025,CO2/CO/NOx,2025-12-30 07:00:00+01:00,2.6802258
2025,CO2/CO/NOx,2025-12-30 08:00:00+01:00,2.7179015
2025,CO2/CO/NOx,2025-12-30 09:00:00+01:00,2.7126403
2025,CO2/CO/NOx,2025-12-30 10:00:00+01:00,2.727914
2025,CO2/CO/NOx,2025-12-30 11:00:00+01:00,2.7248595
2025,CO2/CO/NOx,2025-12-30 12:00:00+01:00,2.7267263
2025,CO2/CO/NOx,2025-12-30 13:00:00+01:00,2.7053428
2025,CO2/CO/NOx,2025-12-30 14:00:00+01:00,2.7085674
2025,CO2/CO/NOx,2025-12-30 15:00:00+01:00,2.710943
2025,CO2/CO/NOx,2025-12-30 16:00:00+01:00,2.704664
2025,CO2/CO/NOx,2025-12-30 17:00:00+01:00,2.7055125
2025,CO2/CO/NOx,2025-12-30 18:00:00+01:00,2.686505
2025,CO2/CO/NOx,2025-12-30 19:00:00+01:00,2.68362
2025,CO2/CO/NOx,2025-12-30 20:00:00+01:00,2.7044942
2025,CO2/CO/NOx,2025-12-30 21:00:00+01:00,2.705682
2025,CO2/CO/NOx,2025-12-30 22:00:00+01:00,2.6910872
2025,CO2/CO/NOx,2025-12-30 23:00:00+01:00,2.6931236
2025,CO2/CO/NOx,2025-12-31 00:00:00+01:00,2.7282534
2025,CO2/CO/NOx,2025-12-31 01:00:00+01:00,2.6021595
2025,CO2/CO/NOx,2025-12-31 02:00:00+01:00,2.383064
2025,CO2/CO/NOx,2025-12-31 03:00:00+01:00,2.3402972
2025,CO2/CO/NOx,2025-12-31 04:00:00+01:00,2.3263812
2025,CO2/CO/NOx,2025-12-31 05:00:00+01:00,2.4195516
2025,CO2/CO/NOx,2025-12-31 06:00:00+01:00,2.5670295
2025,CO2/CO/NOx,2025-12-31 07:00:00+01:00,2.7813728
2025,CO2/CO/NOx,2025-12-31 08:00:00+01:00,2.8852348
2025,CO2/CO/NOx,2025-12-31 09:00:00+01:00,2.8743737
2025,CO2/CO/NOx,2025-12-31 10:00:00+01:00,2.8234608
2025,CO2/CO/NOx,2025-12-31 11:00:00+01:00,2.7771301
2025,CO2/CO/NOx,2025-12-31 12:00:00+01:00,2.764911
2025,CO2/CO/NOx,2025-12-31 13:00:00+01:00,2.7289324
2025,CO2/CO/NOx,2025-12-31 14:00:00+01:00,2.7182407
2025,CO2/CO/NOx,2025-12-31 15:00:00+01:00,2.7440367
2025,CO2/CO/NOx,2025-12-31 16:00:00+01:00,2.7353816
2025,CO2/CO/NOx,2025-12-31 17:00:00+01:00,2.7112827
2025,CO2/CO/NOx,2025-12-31 18:00:00+01:00,2.7065308
2025,CO2/CO/NOx,2025-12-31 19:00:00+01:00,2.6773407
2025,CO2/CO/NOx,2025-12-31 20:00:00+01:00,2.6663098
2025,CO2/CO/NOx,2025-12-31 21:00:00+01:00,2.6978755
2025,CO2/CO/NOx,2025-12-31 22:00:00+01:00,2.3178957
2025,CO2/CO/NOx,2025-12-31 23:00:00+01:00,0.92763346
