year,component,timestamp,scaling_factor
2024,CO2/CO/NOx,2024-01-01 00:00:00+01:00,1.4470470684827188
2024,CO2/CO/NOx,2024-01-01 01:00:00+01:00,1.3314636406269271
2024,CO2/CO/NOx,2024-01-01 02:00:00+01:00,1.3215808242876406
2024,CO2/CO/NOx,2024-01-01 03:00:00+01:00,1.3881775626439063
2024,CO2/CO/NOx,2024-01-01 04:00:00+01:00,1.5020327988747701
2024,CO2/CO/NOx,2024-01-01 05:00:00+01:00,1.6746251035034712
2024,CO2/CO/NOx,2024-01-01 06:00:00+01:00,1.7689851338602858
2024,CO2/CO/NOx,2024-01-01 07:00:00+01:00,1.8240519491491782
2024,CO2/CO/NOx,2024-01-01 08:00:00+01:00,1.8129324693566888
2024,CO2/CO/NOx,2024-01-01 09:00:00+01:00,1.7378853435710997
2024,CO2/CO/NOx,2024-01-01 10:00:00+01:00,1.6679762996830747
2024,CO2/CO/NOx,2024-01-01 11:00:00+01:00,1.5973327528895551
2024,CO2/CO/NOx,2024-01-01 12:00:00+01:00,1.52627146410639
2024,CO2/CO/NOx,2024-01-01 13:00:00+01:00,1.4917047175123779
2024,CO2/CO/NOx,2024-01-01 14:00:00+01:00,1.493030551720642
2024,CO2/CO/NOx,2024-01-01 15:00:00+01:00,1.539400873950834
2024,CO2/CO/NOx,2024-01-01 16:00:00+01:00,1.5933219872294972
2024,CO2/CO/NOx,2024-01-01 17:00:00+01:00,1.6407242490729912
2024,CO2/CO/NOx,2024-01-01 18:00:00+01:00,1.7129711602913653
2024,CO2/CO/NOx,2024-01-01 19:00:00+01:00,1.7344626428216796
2024,CO2/CO/NOx,2024-01-01 20:00:00+01:00,1.7062635022022241
2024,CO2/CO/NOx,2024-01-01 21:00:00+01:00,1.65211890487071
2024,CO2/CO/NOx,2024-01-01 22:00:00+01:00,1.5942671442554084
2024,CO2/CO/NOx,2024-01-01 23:00:00+01:00,1.531729611075359
2024,CO2/CO/NOx,2024-01-02 00:00:00+01:00,1.4549087031838028
2024,CO2/CO/NOx,2024-01-02 01:00:00+01:00,1.4414255410562744
2024,CO2/CO/NOx,2024-01-02 02:00:00+01:00,1.4808155783262122
2024,CO2/CO/NOx,2024-01-02 03:00:00+01:00,1.5622834479452852
2024,CO2/CO/NOx,2024-01-02 04:00:00+01:00,1.6199162060768695
2024,CO2/CO/NOx,2024-01-02 05:00:00+01:00,1.6919254133187844
2024,CO2/CO/NOx,2024-01-02 06:00:00+01:00,1.7411745891725363
2024,CO2/CO/NOx,2024-01-02 07:00:00+01:00,1.7700156434118104
2024,CO2/CO/NOx,2024-01-02 08:00:00+01:00,1.743899624233506
2024,CO2/CO/NOx,2024-01-02 09:00:00+01:00,1.6545267231889738
2024,CO2/CO/NOx,2024-01-02 10:00:00+01:00,1.5766318085505762
2024,CO2/CO/NOx,2024-01-02 11:00:00+01:00,1.4906725294773708
2024,CO2/CO/NOx,2024-01-02 12:00:00+01:00,1.398955760098643
2024,CO2/CO/NOx,2024-01-02 13:00:00+01:00,1.3394019935778017
2024,CO2/CO/NOx,2024-01-02 14:00:00+01:00,1.3234801772026887
2024,CO2/CO/NOx,2024-01-02 15:00:00+01:00,1.3376819457690892
2024,CO2/CO/NOx,2024-01-02 16:00:00+01:00,1.3821482457628707
2024,CO2/CO/NOx,2024-01-02 17:00:00+01:00,1.424938253054621
2024,CO2/CO/NOx,2024-01-02 18:00:00+01:00,1.4784872266436515
2024,CO2/CO/NOx,2024-01-02 19:00:00+01:00,1.4704183308175394
2024,CO2/CO/NOx,2024-01-02 20:00:00+01:00,1.4247339744174665
2024,CO2/CO/NOx,2024-01-02 21:00:00+01:00,1.343710851452101
2024,CO2/CO/NOx,2024-01-02 22:00:00+01:00,1.247448987422627
2024,CO2/CO/NOx,2024-01-02 23:00:00+01:00,1.1533234876985903
2024,CO2/CO/NOx,2024-01-03 00:00:00+01:00,1.0498413624442176
2024,CO2/CO/NOx,2024-01-03 01:00:00+01:00,1.0062345702580962
2024,CO2/CO/NOx,2024-01-03 02:00:00+01:00,1.0444913353748497
2024,CO2/CO/NOx,2024-01-03 03:00:00+01:00,1.1359676595335673
2024,CO2/CO/NOx,2024-01-03 04:00:00+01:00,1.212259038938439
2024,CO2/CO/NOx,2024-01-03 05:00:00+01:00,1.3038279378912099
2024,CO2/CO/NOx,2024-01-03 06:00:00+01:00,1.3706677755669356
2024,CO2/CO/NOx,2024-01-03 07:00:00+01:00,1.3939704429902526
2024,CO2/CO/NOx,2024-01-03 08:00:00+01:00,1.3763657329135532
2024,CO2/CO/NOx,2024-01-03 09:00:00+01:00,1.3090047376721041
2024,CO2/CO/NOx,2024-01-03 10:00:00+01:00,1.2733880560892732
2024,CO2/CO/NOx,2024-01-03 11:00:00+01:00,1.2476657713353554
2024,CO2/CO/NOx,2024-01-03 12:00:00+01:00,1.2209501036298258
2024,CO2/CO/NOx,2024-01-03 13:00:00+01:00,1.2237015052549751
2024,CO2/CO/NOx,2024-01-03 14:00:00+01:00,1.2536838777638464
2024,CO2/CO/NOx,2024-01-03 15:00:00+01:00,1.2860287238524089
2024,CO2/CO/NOx,2024-01-03 16:00:00+01:00,1.3045994929732896
2024,CO2/CO/NOx,2024-01-03 17:00:00+01:00,1.3200664489687026
2024,CO2/CO/NOx,2024-01-03 18:00:00+01:00,1.346735205111525
2024,CO2/CO/NOx,2024-01-03 19:00:00+01:00,1.3320051043904506
2024,CO2/CO/NOx,2024-01-03 20:00:00+01:00,1.2889425131688137
2024,CO2/CO/NOx,2024-01-03 21:00:00+01:00,1.225170706144601
2024,CO2/CO/NOx,2024-01-03 22:00:00+01:00,1.1618542200196864
2024,CO2/CO/NOx,2024-01-03 23:00:00+01:00,1.1007659031140011
2024,CO2/CO/NOx,2024-01-04 00:00:00+01:00,1.0302014699652597
2024,CO2/CO/NOx,2024-01-04 01:00:00+01:00,1.0061265354815978
2024,CO2/CO/NOx,2024-01-04 02:00:00+01:00,1.0361077674609862
2024,CO2/CO/NOx,2024-01-04 03:00:00+01:00,1.1078515746114355
2024,CO2/CO/NOx,2024-01-04 04:00:00+01:00,1.1789957018013397
2024,CO2/CO/NOx,2024-01-04 05:00:00+01:00,1.2555312360456508
2024,CO2/CO/NOx,2024-01-04 06:00:00+01:00,1.3469722219642561
2024,CO2/CO/NOx,2024-01-04 07:00:00+01:00,1.411339295273632
2024,CO2/CO/NOx,2024-01-04 08:00:00+01:00,1.4396289750493279
2024,CO2/CO/NOx,2024-01-04 09:00:00+01:00,1.414184055018282
2024,CO2/CO/NOx,2024-01-04 10:00:00+01:00,1.3900256684741552
2024,CO2/CO/NOx,2024-01-04 11:00:00+01:00,1.3576455583483142
2024,CO2/CO/NOx,2024-01-04 12:00:00+01:00,1.3148711462249862
2024,CO2/CO/NOx,2024-01-04 13:00:00+01:00,1.290099394095609
2024,CO2/CO/NOx,2024-01-04 14:00:00+01:00,1.2937718136789502
2024,CO2/CO/NOx,2024-01-04 15:00:00+01:00,1.34625507963487
2024,CO2/CO/NOx,2024-01-04 16:00:00+01:00,1.3881567616962873
2024,CO2/CO/NOx,2024-01-04 17:00:00+01:00,1.42240499902214
2024,CO2/CO/NOx,2024-01-04 18:00:00+01:00,1.4753081426207022
2024,CO2/CO/NOx,2024-01-04 19:00:00+01:00,1.4891750980564689
2024,CO2/CO/NOx,2024-01-04 20:00:00+01:00,1.4759637822480067
2024,CO2/CO/NOx,2024-01-04 21:00:00+01:00,1.4346508767477228
2024,CO2/CO/NOx,2024-01-04 22:00:00+01:00,1.3941024441910743
2024,CO2/CO/NOx,2024-01-04 23:00:00+01:00,1.3663466650896694
2024,CO2/CO/NOx,2024-01-05 00:00:00+01:00,1.3233339429025772
2024,CO2/CO/NOx,2024-01-05 01:00:00+01:00,1.315424571602224
2024,CO2/CO/NOx,2024-01-05 02:00:00+01:00,1.3482677304577262
2024,CO2/CO/NOx,2024-01-05 03:00:00+01:00,1.4418557522583928
2024,CO2/CO/NOx,2024-01-05 04:00:00+01:00,1.5226023370553878
2024,CO2/CO/NOx,2024-01-05 05:00:00+01:00,1.6071709525046525
2024,CO2/CO/NOx,2024-01-05 06:00:00+01:00,1.690227007688284
2024,CO2/CO/NOx,2024-01-05 07:00:00+01:00,1.7540611939295916
2024,CO2/CO/NOx,2024-01-05 08:00:00+01:00,1.7571043981946861
2024,CO2/CO/NOx,2024-01-05 09:00:00+01:00,1.7187495383815763
2024,CO2/CO/NOx,2024-01-05 10:00:00+01:00,1.6751799335008914
2024,CO2/CO/NOx,2024-01-05 11:00:00+01:00,1.5961801361974761
2024,CO2/CO/NOx,2024-01-05 12:00:00+01:00,1.5303375598817803
2024,CO2/CO/NOx,2024-01-05 13:00:00+01:00,1.4948878529660885
2024,CO2/CO/NOx,2024-01-05 14:00:00+01:00,1.4958820164330424
2024,CO2/CO/NOx,2024-01-05 15:00:00+01:00,1.528221013839
2024,CO2/CO/NOx,2024-01-05 16:00:00+01:00,1.560420009508794
2024,CO2/CO/NOx,2024-01-05 17:00:00+01:00,1.598879616414937
2024,CO2/CO/NOx,2024-01-05 18:00:00+01:00,1.6701866100217617
2024,CO2/CO/NOx,2024-01-05 19:00:00+01:00,1.6817428117850313
2024,CO2/CO/NOx,2024-01-05 20:00:00+01:00,1.6359050446897285
2024,CO2/CO/NOx,2024-01-05 21:00:00+01:00,1.574926571916616
2024,CO2/CO/NOx,2024-01-05 22:00:00+01:00,1.501805024307845
2024,CO2/CO/NOx,2024-01-05 23:00:00+01:00,1.4189184035638356
2024,CO2/CO/NOx,2024-01-06 00:00:00+01:00,1.3255975390139225
2024,CO2/CO/NOx,2024-01-06 01:00:00+01:00,1.2857723903773701
2024,CO2/CO/NOx,2024-01-06 02:00:00+01:00,1.3292481815348551
2024,CO2/CO/NOx,2024-01-06 03:00:00+01:00,1.4313916843760355
2024,CO2/CO/NOx,2024-01-06 04:00:00+01:00,1.5341921774574376
2024,CO2/CO/NOx,2024-01-06 05:00:00+01:00,1.6330815722903291
2024,CO2/CO/NOx,2024-01-06 06:00:00+01:00,1.7215273791535428
2024,CO2/CO/NOx,2024-01-06 07:00:00+01:00,1.7756419262752197
2024,CO2/CO/NOx,2024-01-06 08:00:00+01:00,1.783584785123102
2024,CO2/CO/NOx,2024-01-06 09:00:00+01:00,1.7492042756825683
2024,CO2/CO/NOx,2024-01-06 10:00:00+01:00,1.7350659578445726
2024,CO2/CO/NOx,2024-01-06 11:00:00+01:00,1.7230346503075868
2024,CO2/CO/NOx,2024-01-06 12:00:00+01:00,1.7045118322259893
2024,CO2/CO/NOx,2024-01-06 13:00:00+01:00,1.7067019294535621
2024,CO2/CO/NOx,2024-01-06 14:00:00+01:00,1.7288413270487477
2024,CO2/CO/NOx,2024-01-06 15:00:00+01:00,1.7781240391765407
2024,CO2/CO/NOx,2024-01-06 16:00:00+01:00,1.8221663274185458
2024,CO2/CO/NOx,2024-01-06 17:00:00+01:00,1.8701906279927638
2024,CO2/CO/NOx,2024-01-06 18:00:00+01:00,1.9104086898339625
2024,CO2/CO/NOx,2024-01-06 19:00:00+01:00,1.9009014612270874
2024,CO2/CO/NOx,2024-01-06 20:00:00+01:00,1.8458157279124991
2024,CO2/CO/NOx,2024-01-06 21:00:00+01:00,1.7538945210241315
2024,CO2/CO/NOx,2024-01-06 22:00:00+01:00,1.6675642414122132
2024,CO2/CO/NOx,2024-01-06 23:00:00+01:00,1.5922577578017918
2024,CO2/CO/NOx,2024-01-07 00:00:00+01:00,1.5255421438925991
2024,CO2/CO/NOx,2024-01-07 01:00:00+01:00,1.5138482778776117
2024,CO2/CO/NOx,2024-01-07 02:00:00+01:00,1.5662958699726652
2024,CO2/CO/NOx,2024-01-07 03:00:00+01:00,1.639642331814768
2024,CO2/CO/NOx,2024-01-07 04:00:00+01:00,1.7066185432247394
2024,CO2/CO/NOx,2024-01-07 05:00:00+01:00,1.779987999442523
2024,CO2/CO/NOx,2024-01-07 06:00:00+01:00,1.849979287134851
2024,CO2/CO/NOx,2024-01-07 07:00:00+01:00,1.8992021627469324
2024,CO2/CO/NOx,2024-01-07 08:00:00+01:00,1.9255913307419192
2024,CO2/CO/NOx,2024-01-07 09:00:00+01:00,1.912723351334126
2024,CO2/CO/NOx,2024-01-07 10:00:00+01:00,1.9230632541918005
2024,CO2/CO/NOx,2024-01-07 11:00:00+01:00,1.9553713454663166
2024,CO2/CO/NOx,2024-01-07 12:00:00+01:00,1.9899358776241234
2024,CO2/CO/NOx,2024-01-07 13:00:00+01:00,2.0451863839601687
2024,CO2/CO/NOx,2024-01-07 14:00:00+01:00,2.1129106315783894
2024,CO2/CO/NOx,2024-01-07 15:00:00+01:00,2.18581098028508
2024,CO2/CO/NOx,2024-01-07 16:00:00+01:00,2.229308825674945
2024,CO2/CO/NOx,2024-01-07 17:00:00+01:00,2.2554435319805974
2024,CO2/CO/NOx,2024-01-07 18:00:00+01:00,2.2599139580633003
2024,CO2/CO/NOx,2024-01-07 19:00:00+01:00,2.2538956070960685
2024,CO2/CO/NOx,2024-01-07 20:00:00+01:00,2.233727553229923
2024,CO2/CO/NOx,2024-01-07 21:00:00+01:00,2.184571052169105
2024,CO2/CO/NOx,2024-01-07 22:00:00+01:00,2.1296481423305846
2024,CO2/CO/NOx,2024-01-07 23:00:00+01:00,2.095273469342019
2024,CO2/CO/NOx,2024-01-08 00:00:00+01:00,2.038170721305656
2024,CO2/CO/NOx,2024-01-08 01:00:00+01:00,2.037523150636046
2024,CO2/CO/NOx,2024-01-08 02:00:00+01:00,2.0896156221163564
2024,CO2/CO/NOx,2024-01-08 03:00:00+01:00,2.175851743302053
2024,CO2/CO/NOx,2024-01-08 04:00:00+01:00,2.296644672641301
2024,CO2/CO/NOx,2024-01-08 05:00:00+01:00,2.4109430979705535
2024,CO2/CO/NOx,2024-01-08 06:00:00+01:00,2.524214738772064
2024,CO2/CO/NOx,2024-01-08 07:00:00+01:00,2.590814554775183
2024,CO2/CO/NOx,2024-01-08 08:00:00+01:00,2.598449453126182
2024,CO2/CO/NOx,2024-01-08 09:00:00+01:00,2.5416434359520403
2024,CO2/CO/NOx,2024-01-08 10:00:00+01:00,2.5110424658713457
2024,CO2/CO/NOx,2024-01-08 11:00:00+01:00,2.4742961439704723
2024,CO2/CO/NOx,2024-01-08 12:00:00+01:00,2.434359351781222
2024,CO2/CO/NOx,2024-01-08 13:00:00+01:00,2.4339728158406704
2024,CO2/CO/NOx,2024-01-08 14:00:00+01:00,2.461466641723083
2024,CO2/CO/NOx,2024-01-08 15:00:00+01:00,2.530862849391932
2024,CO2/CO/NOx,2024-01-08 16:00:00+01:00,2.5495901246071937
2024,CO2/CO/NOx,2024-01-08 17:00:00+01:00,2.5325282636417463
2024,CO2/CO/NOx,2024-01-08 18:00:00+01:00,2.5229527009663033
2024,CO2/CO/NOx,2024-01-08 19:00:00+01:00,2.4728832854541882
2024,CO2/CO/NOx,2024-01-08 20:00:00+01:00,2.398773859226898
2024,CO2/CO/NOx,2024-01-08 21:00:00+01:00,2.2993713396133746
2024,CO2/CO/NOx,2024-01-08 22:00:00+01:00,2.2284492466252135
2024,CO2/CO/NOx,2024-01-08 23:00:00+01:00,2.1897410016554195
2024,CO2/CO/NOx,2024-01-09 00:00:00+01:00,2.1581194008449427
2024,CO2/CO/NOx,2024-01-09 01:00:00+01:00,2.1653416996056576
2024,CO2/CO/NOx,2024-01-09 02:00:00+01:00,2.2268623774558454
2024,CO2/CO/NOx,2024-01-09 03:00:00+01:00,2.327271236832495
2024,CO2/CO/NOx,2024-01-09 04:00:00+01:00,2.4243526769295736
2024,CO2/CO/NOx,2024-01-09 05:00:00+01:00,2.5195884575777145
2024,CO2/CO/NOx,2024-01-09 06:00:00+01:00,2.6018661325746733
2024,CO2/CO/NOx,2024-01-09 07:00:00+01:00,2.665532427938345
2024,CO2/CO/NOx,2024-01-09 08:00:00+01:00,2.677130770167435
2024,CO2/CO/NOx,2024-01-09 09:00:00+01:00,2.6361207297653344
2024,CO2/CO/NOx,2024-01-09 10:00:00+01:00,2.608705427240477
2024,CO2/CO/NOx,2024-01-09 11:00:00+01:00,2.578196505839064
2024,CO2/CO/NOx,2024-01-09 12:00:00+01:00,2.5366698258008333
2024,CO2/CO/NOx,2024-01-09 13:00:00+01:00,2.5214848801740652
2024,CO2/CO/NOx,2024-01-09 14:00:00+01:00,2.5194976379946157
2024,CO2/CO/NOx,2024-01-09 15:00:00+01:00,2.5528812079070007
2024,CO2/CO/NOx,2024-01-09 16:00:00+01:00,2.568377933673963
2024,CO2/CO/NOx,2024-01-09 17:00:00+01:00,2.5632287580273543
2024,CO2/CO/NOx,2024-01-09 18:00:00+01:00,2.5673959150872876
2024,CO2/CO/NOx,2024-01-09 19:00:00+01:00,2.5385763021156826
2024,CO2/CO/NOx,2024-01-09 20:00:00+01:00,2.4884831666754095
2024,CO2/CO/NOx,2024-01-09 21:00:00+01:00,2.4234669739860784
2024,CO2/CO/NOx,2024-01-09 22:00:00+01:00,2.3690125521447727
2024,CO2/CO/NOx,2024-01-09 23:00:00+01:00,2.322956252112177
2024,CO2/CO/NOx,2024-01-10 00:00:00+01:00,2.284604225609937
2024,CO2/CO/NOx,2024-01-10 01:00:00+01:00,2.2806130572165237
2024,CO2/CO/NOx,2024-01-10 02:00:00+01:00,2.31459960976561
2024,CO2/CO/NOx,2024-01-10 03:00:00+01:00,2.3697383128717635
2024,CO2/CO/NOx,2024-01-10 04:00:00+01:00,2.434175947756344
2024,CO2/CO/NOx,2024-01-10 05:00:00+01:00,2.5094553375630206
2024,CO2/CO/NOx,2024-01-10 06:00:00+01:00,2.599907233753586
2024,CO2/CO/NOx,2024-01-10 07:00:00+01:00,2.6673645152113
2024,CO2/CO/NOx,2024-01-10 08:00:00+01:00,2.695534982611381
2024,CO2/CO/NOx,2024-01-10 09:00:00+01:00,2.6721719637429193
2024,CO2/CO/NOx,2024-01-10 10:00:00+01:00,2.6552928615605067
2024,CO2/CO/NOx,2024-01-10 11:00:00+01:00,2.6276985308285616
2024,CO2/CO/NOx,2024-01-10 12:00:00+01:00,2.575920576363058
2024,CO2/CO/NOx,2024-01-10 13:00:00+01:00,2.555099919938538
2024,CO2/CO/NOx,2024-01-10 14:00:00+01:00,2.5571635383882634
2024,CO2/CO/NOx,2024-01-10 15:00:00+01:00,2.5969512233248047
2024,CO2/CO/NOx,2024-01-10 16:00:00+01:00,2.6080561875765196
2024,CO2/CO/NOx,2024-01-10 17:00:00+01:00,2.6032174178616643
2024,CO2/CO/NOx,2024-01-10 18:00:00+01:00,2.6046281444951584
2024,CO2/CO/NOx,2024-01-10 19:00:00+01:00,2.566974363737611
2024,CO2/CO/NOx,2024-01-10 20:00:00+01:00,2.503741318927727
2024,CO2/CO/NOx,2024-01-10 21:00:00+01:00,2.4241720142900385
2024,CO2/CO/NOx,2024-01-10 22:00:00+01:00,2.348419464819605
2024,CO2/CO/NOx,2024-01-10 23:00:00+01:00,2.284172787205683
2024,CO2/CO/NOx,2024-01-11 00:00:00+01:00,2.2256203489188597
2024,CO2/CO/NOx,2024-01-11 01:00:00+01:00,2.206708910003279
2024,CO2/CO/NOx,2024-01-11 02:00:00+01:00,2.2475686232593084
2024,CO2/CO/NOx,2024-01-11 03:00:00+01:00,2.3261760871993435
2024,CO2/CO/NOx,2024-01-11 04:00:00+01:00,2.4156662656328676
2024,CO2/CO/NOx,2024-01-11 05:00:00+01:00,2.521639789123425
2024,CO2/CO/NOx,2024-01-11 06:00:00+01:00,2.64311772693482
2024,CO2/CO/NOx,2024-01-11 07:00:00+01:00,2.720610887682225
2024,CO2/CO/NOx,2024-01-11 08:00:00+01:00,2.7390736447888178
2024,CO2/CO/NOx,2024-01-11 09:00:00+01:00,2.701387716195217
2024,CO2/CO/NOx,2024-01-11 10:00:00+01:00,2.6572301153606084
2024,CO2/CO/NOx,2024-01-11 11:00:00+01:00,2.6072879061937613
2024,CO2/CO/NOx,2024-01-11 12:00:00+01:00,2.547796536282951
2024,CO2/CO/NOx,2024-01-11 13:00:00+01:00,2.539549717906109
2024,CO2/CO/NOx,2024-01-11 14:00:00+01:00,2.548012224293189
2024,CO2/CO/NOx,2024-01-11 15:00:00+01:00,2.5965431782991706
2024,CO2/CO/NOx,2024-01-11 16:00:00+01:00,2.60180629365985
2024,CO2/CO/NOx,2024-01-11 17:00:00+01:00,2.5899150940922437
2024,CO2/CO/NOx,2024-01-11 18:00:00+01:00,2.586238147364713
2024,CO2/CO/NOx,2024-01-11 19:00:00+01:00,2.5365416387714244
2024,CO2/CO/NOx,2024-01-11 20:00:00+01:00,2.4728985223207043
2024,CO2/CO/NOx,2024-01-11 21:00:00+01:00,2.4004045112554566
2024,CO2/CO/NOx,2024-01-11 22:00:00+01:00,2.3438162993056815
2024,CO2/CO/NOx,2024-01-11 23:00:00+01:00,2.289017778502226
2024,CO2/CO/NOx,2024-01-12 00:00:00+01:00,2.23571017883038
2024,CO2/CO/NOx,2024-01-12 01:00:00+01:00,2.2095106285399266
2024,CO2/CO/NOx,2024-01-12 02:00:00+01:00,2.239291647014381
2024,CO2/CO/NOx,2024-01-12 03:00:00+01:00,2.303535074041499
2024,CO2/CO/NOx,2024-01-12 04:00:00+01:00,2.37532192251367
2024,CO2/CO/NOx,2024-01-12 05:00:00+01:00,2.4602108028035334
2024,CO2/CO/NOx,2024-01-12 06:00:00+01:00,2.5602837885160223
2024,CO2/CO/NOx,2024-01-12 07:00:00+01:00,2.638359116439016
2024,CO2/CO/NOx,2024-01-12 08:00:00+01:00,2.6667627037825645
2024,CO2/CO/NOx,2024-01-12 09:00:00+01:00,2.633784469478097
2024,CO2/CO/NOx,2024-01-12 10:00:00+01:00,2.615234769221342
2024,CO2/CO/NOx,2024-01-12 11:00:00+01:00,2.5692576400356715
2024,CO2/CO/NOx,2024-01-12 12:00:00+01:00,2.5038895498511566
2024,CO2/CO/NOx,2024-01-12 13:00:00+01:00,2.4819917639743405
2024,CO2/CO/NOx,2024-01-12 14:00:00+01:00,2.490814649342191
2024,CO2/CO/NOx,2024-01-12 15:00:00+01:00,2.548442065583046
2024,CO2/CO/NOx,2024-01-12 16:00:00+01:00,2.5869447270616304
2024,CO2/CO/NOx,2024-01-12 17:00:00+01:00,2.596554839056696
2024,CO2/CO/NOx,2024-01-12 18:00:00+01:00,2.6099715649031827
2024,CO2/CO/NOx,2024-01-12 19:00:00+01:00,2.5990819572781656
2024,CO2/CO/NOx,2024-01-12 20:00:00+01:00,2.5206437833552093
2024,CO2/CO/NOx,2024-01-12 21:00:00+01:00,2.4091663727450348
2024,CO2/CO/NOx,2024-01-12 22:00:00+01:00,2.2980243381468197
2024,CO2/CO/NOx,2024-01-12 23:00:00+01:00,2.197294613650112
2024,CO2/CO/NOx,2024-01-13 00:00:00+01:00,2.107258889256294
2024,CO2/CO/NOx,2024-01-13 01:00:00+01:00,2.050922766496923
2024,CO2/CO/NOx,2024-01-13 02:00:00+01:00,2.03898671038619
2024,CO2/CO/NOx,2024-01-13 03:00:00+01:00,2.0799561329300884
2024,CO2/CO/NOx,2024-01-13 04:00:00+01:00,2.159094722086693
2024,CO2/CO/NOx,2024-01-13 05:00:00+01:00,2.247838881213391
2024,CO2/CO/NOx,2024-01-13 06:00:00+01:00,2.3418787506284997
2024,CO2/CO/NOx,2024-01-13 07:00:00+01:00,2.4063876503772823
2024,CO2/CO/NOx,2024-01-13 08:00:00+01:00,2.429888717845495
2024,CO2/CO/NOx,2024-01-13 09:00:00+01:00,2.4087104416894274
2024,CO2/CO/NOx,2024-01-13 10:00:00+01:00,2.383273552920383
2024,CO2/CO/NOx,2024-01-13 11:00:00+01:00,2.339285826015003
2024,CO2/CO/NOx,2024-01-13 12:00:00+01:00,2.283807762097596
2024,CO2/CO/NOx,2024-01-13 13:00:00+01:00,2.270838261908493
2024,CO2/CO/NOx,2024-01-13 14:00:00+01:00,2.2800311535728173
2024,CO2/CO/NOx,2024-01-13 15:00:00+01:00,2.3117354225696887
2024,CO2/CO/NOx,2024-01-13 16:00:00+01:00,2.310371767393003
2024,CO2/CO/NOx,2024-01-13 17:00:00+01:00,2.2984887068291355
2024,CO2/CO/NOx,2024-01-13 18:00:00+01:00,2.301329111126032
2024,CO2/CO/NOx,2024-01-13 19:00:00+01:00,2.272262595932574
2024,CO2/CO/NOx,2024-01-13 20:00:00+01:00,2.222798369168749
2024,CO2/CO/NOx,2024-01-13 21:00:00+01:00,2.1568518449024188
2024,CO2/CO/NOx,2024-01-13 22:00:00+01:00,2.0996460888670243
2024,CO2/CO/NOx,2024-01-13 23:00:00+01:00,2.0472693652518656
2024,CO2/CO/NOx,2024-01-14 00:00:00+01:00,1.9975153253747338
2024,CO2/CO/NOx,2024-01-14 01:00:00+01:00,1.9746358381001579
2024,CO2/CO/NOx,2024-01-14 02:00:00+01:00,2.0015367263281143
2024,CO2/CO/NOx,2024-01-14 03:00:00+01:00,2.058693337366353
2024,CO2/CO/NOx,2024-01-14 04:00:00+01:00,2.12868177849564
2024,CO2/CO/NOx,2024-01-14 05:00:00+01:00,2.219898306237964
2024,CO2/CO/NOx,2024-01-14 06:00:00+01:00,2.326339797477029
2024,CO2/CO/NOx,2024-01-14 07:00:00+01:00,2.4020603337214905
2024,CO2/CO/NOx,2024-01-14 08:00:00+01:00,2.429138453854663
2024,CO2/CO/NOx,2024-01-14 09:00:00+01:00,2.404865699230379
2024,CO2/CO/NOx,2024-01-14 10:00:00+01:00,2.3706052330725416
2024,CO2/CO/NOx,2024-01-14 11:00:00+01:00,2.3077001501256285
2024,CO2/CO/NOx,2024-01-14 12:00:00+01:00,2.2361924455336952
2024,CO2/CO/NOx,2024-01-14 13:00:00+01:00,2.2116167474337645
2024,CO2/CO/NOx,2024-01-14 14:00:00+01:00,2.222016725606425
2024,CO2/CO/NOx,2024-01-14 15:00:00+01:00,2.280881813060071
2024,CO2/CO/NOx,2024-01-14 16:00:00+01:00,2.317666612447511
2024,CO2/CO/NOx,2024-01-14 17:00:00+01:00,2.35211868913434
2024,CO2/CO/NOx,2024-01-14 18:00:00+01:00,2.3787019363955006
2024,CO2/CO/NOx,2024-01-14 19:00:00+01:00,2.3639681719469228
2024,CO2/CO/NOx,2024-01-14 20:00:00+01:00,2.3257199976594984
2024,CO2/CO/NOx,2024-01-14 21:00:00+01:00,2.2217363848620653
2024,CO2/CO/NOx,2024-01-14 22:00:00+01:00,2.157467050599806
2024,CO2/CO/NOx,2024-01-14 23:00:00+01:00,2.0957552003060256
2024,CO2/CO/NOx,2024-01-15 00:00:00+01:00,2.0483352565739805
2024,CO2/CO/NOx,2024-01-15 01:00:00+01:00,2.049270753138756
2024,CO2/CO/NOx,2024-01-15 02:00:00+01:00,2.1258097968133662
2024,CO2/CO/NOx,2024-01-15 03:00:00+01:00,2.232793991657876
2024,CO2/CO/NOx,2024-01-15 04:00:00+01:00,2.3681998949232748
2024,CO2/CO/NOx,2024-01-15 05:00:00+01:00,2.491936867727412
2024,CO2/CO/NOx,2024-01-15 06:00:00+01:00,2.5520930415669145
2024,CO2/CO/NOx,2024-01-15 07:00:00+01:00,2.6085663900464002
2024,CO2/CO/NOx,2024-01-15 08:00:00+01:00,2.604117464975492
2024,CO2/CO/NOx,2024-01-15 09:00:00+01:00,2.532865853768655
2024,CO2/CO/NOx,2024-01-15 10:00:00+01:00,2.465018849083391
2024,CO2/CO/NOx,2024-01-15 11:00:00+01:00,2.4099580778575285
2024,CO2/CO/NOx,2024-01-15 12:00:00+01:00,2.3436543462489543
2024,CO2/CO/NOx,2024-01-15 13:00:00+01:00,2.3148771061478146
2024,CO2/CO/NOx,2024-01-15 14:00:00+01:00,2.3116362435037723
2024,CO2/CO/NOx,2024-01-15 15:00:00+01:00,2.3550199184071094
2024,CO2/CO/NOx,2024-01-15 16:00:00+01:00,2.3969581352715337
2024,CO2/CO/NOx,2024-01-15 17:00:00+01:00,2.4523112944899426
2024,CO2/CO/NOx,2024-01-15 18:00:00+01:00,2.4911443588978135
2024,CO2/CO/NOx,2024-01-15 19:00:00+01:00,2.4676185280587957
2024,CO2/CO/NOx,2024-01-15 20:00:00+01:00,2.415420910385045
2024,CO2/CO/NOx,2024-01-15 21:00:00+01:00,2.312450248563728
2024,CO2/CO/NOx,2024-01-15 22:00:00+01:00,2.191346675071711
2024,CO2/CO/NOx,2024-01-15 23:00:00+01:00,2.093428318367012
2024,CO2/CO/NOx,2024-01-16 00:00:00+01:00,2.0099215007977453
2024,CO2/CO/NOx,2024-01-16 01:00:00+01:00,1.9877246392826255
2024,CO2/CO/NOx,2024-01-16 02:00:00+01:00,2.049906453859864
2024,CO2/CO/NOx,2024-01-16 03:00:00+01:00,2.1622286117425347
2024,CO2/CO/NOx,2024-01-16 04:00:00+01:00,2.2666125904651087
2024,CO2/CO/NOx,2024-01-16 05:00:00+01:00,2.38563189446606
2024,CO2/CO/NOx,2024-01-16 06:00:00+01:00,2.48370185973151
2024,CO2/CO/NOx,2024-01-16 07:00:00+01:00,2.5477781109371085
2024,CO2/CO/NOx,2024-01-16 08:00:00+01:00,2.545641798852358
2024,CO2/CO/NOx,2024-01-16 09:00:00+01:00,2.5009359600011405
2024,CO2/CO/NOx,2024-01-16 10:00:00+01:00,2.475639143520796
2024,CO2/CO/NOx,2024-01-16 11:00:00+01:00,2.438035250555558
2024,CO2/CO/NOx,2024-01-16 12:00:00+01:00,2.4036614874716875
2024,CO2/CO/NOx,2024-01-16 13:00:00+01:00,2.3958522415378587
2024,CO2/CO/NOx,2024-01-16 14:00:00+01:00,2.430042907345813
2024,CO2/CO/NOx,2024-01-16 15:00:00+01:00,2.488804938639189
2024,CO2/CO/NOx,2024-01-16 16:00:00+01:00,2.554843457086128
2024,CO2/CO/NOx,2024-01-16 17:00:00+01:00,2.5656480072515424
2024,CO2/CO/NOx,2024-01-16 18:00:00+01:00,2.584994408213028
2024,CO2/CO/NOx,2024-01-16 19:00:00+01:00,2.548378171048071
2024,CO2/CO/NOx,2024-01-16 20:00:00+01:00,2.447482409968446
2024,CO2/CO/NOx,2024-01-16 21:00:00+01:00,2.3174250085227364
2024,CO2/CO/NOx,2024-01-16 22:00:00+01:00,2.1969797269818656
2024,CO2/CO/NOx,2024-01-16 23:00:00+01:00,2.1138684151514195
2024,CO2/CO/NOx,2024-01-17 00:00:00+01:00,1.9984773697718652
2024,CO2/CO/NOx,2024-01-17 01:00:00+01:00,1.9575447879669723
2024,CO2/CO/NOx,2024-01-17 02:00:00+01:00,1.966217116483367
2024,CO2/CO/NOx,2024-01-17 03:00:00+01:00,2.0313341836958356
2024,CO2/CO/NOx,2024-01-17 04:00:00+01:00,2.1114515943513554
2024,CO2/CO/NOx,2024-01-17 05:00:00+01:00,2.1943718851573615
2024,CO2/CO/NOx,2024-01-17 06:00:00+01:00,2.2811570867304694
2024,CO2/CO/NOx,2024-01-17 07:00:00+01:00,2.3615377528826644
2024,CO2/CO/NOx,2024-01-17 08:00:00+01:00,2.3939010640952785
2024,CO2/CO/NOx,2024-01-17 09:00:00+01:00,2.324040435127428
2024,CO2/CO/NOx,2024-01-17 10:00:00+01:00,2.2700510837714214
2024,CO2/CO/NOx,2024-01-17 11:00:00+01:00,2.2252042153200025
2024,CO2/CO/NOx,2024-01-17 12:00:00+01:00,2.152601149937744
2024,CO2/CO/NOx,2024-01-17 13:00:00+01:00,2.099712086683158
2024,CO2/CO/NOx,2024-01-17 14:00:00+01:00,2.0478269381234226
2024,CO2/CO/NOx,2024-01-17 15:00:00+01:00,2.018257107766443
2024,CO2/CO/NOx,2024-01-17 16:00:00+01:00,1.9985123416692698
2024,CO2/CO/NOx,2024-01-17 17:00:00+01:00,1.9510645426082485
2024,CO2/CO/NOx,2024-01-17 18:00:00+01:00,1.8908298883695769
2024,CO2/CO/NOx,2024-01-17 19:00:00+01:00,1.7856000988969807
2024,CO2/CO/NOx,2024-01-17 20:00:00+01:00,1.6701692859627273
2024,CO2/CO/NOx,2024-01-17 21:00:00+01:00,1.5641272168307099
2024,CO2/CO/NOx,2024-01-17 22:00:00+01:00,1.4888766742131643
2024,CO2/CO/NOx,2024-01-17 23:00:00+01:00,1.4400569407294537
2024,CO2/CO/NOx,2024-01-18 00:00:00+01:00,1.3948960337614549
2024,CO2/CO/NOx,2024-01-18 01:00:00+01:00,1.405418682198618
2024,CO2/CO/NOx,2024-01-18 02:00:00+01:00,1.4371778179031904
2024,CO2/CO/NOx,2024-01-18 03:00:00+01:00,1.5036022205956368
2024,CO2/CO/NOx,2024-01-18 04:00:00+01:00,1.5327980687741984
2024,CO2/CO/NOx,2024-01-18 05:00:00+01:00,1.5562011917946599
2024,CO2/CO/NOx,2024-01-18 06:00:00+01:00,1.6036558772950702
2024,CO2/CO/NOx,2024-01-18 07:00:00+01:00,1.6272455750564454
2024,CO2/CO/NOx,2024-01-18 08:00:00+01:00,1.607524744110648
2024,CO2/CO/NOx,2024-01-18 09:00:00+01:00,1.5287478828562462
2024,CO2/CO/NOx,2024-01-18 10:00:00+01:00,1.4598438929388176
2024,CO2/CO/NOx,2024-01-18 11:00:00+01:00,1.3815711987239672
2024,CO2/CO/NOx,2024-01-18 12:00:00+01:00,1.3390171519349785
2024,CO2/CO/NOx,2024-01-18 13:00:00+01:00,1.3657293938720243
2024,CO2/CO/NOx,2024-01-18 14:00:00+01:00,1.4423702325558208
2024,CO2/CO/NOx,2024-01-18 15:00:00+01:00,1.5773524832114936
2024,CO2/CO/NOx,2024-01-18 16:00:00+01:00,1.72519210999117
2024,CO2/CO/NOx,2024-01-18 17:00:00+01:00,1.858855275074338
2024,CO2/CO/NOx,2024-01-18 18:00:00+01:00,1.9651520803280698
2024,CO2/CO/NOx,2024-01-18 19:00:00+01:00,1.9840627425681272
2024,CO2/CO/NOx,2024-01-18 20:00:00+01:00,1.9180513465247389
2024,CO2/CO/NOx,2024-01-18 21:00:00+01:00,1.8218684462826453
2024,CO2/CO/NOx,2024-01-18 22:00:00+01:00,1.7326204271759797
2024,CO2/CO/NOx,2024-01-18 23:00:00+01:00,1.6310790163958784
2024,CO2/CO/NOx,2024-01-19 00:00:00+01:00,1.5733338455324675
2024,CO2/CO/NOx,2024-01-19 01:00:00+01:00,1.6108767639532613
2024,CO2/CO/NOx,2024-01-19 02:00:00+01:00,1.7453042747052567
2024,CO2/CO/NOx,2024-01-19 03:00:00+01:00,1.9344210164898274
2024,CO2/CO/NOx,2024-01-19 04:00:00+01:00,2.108149874692234
2024,CO2/CO/NOx,2024-01-19 05:00:00+01:00,2.260062224170195
2024,CO2/CO/NOx,2024-01-19 06:00:00+01:00,2.3765760363034065
2024,CO2/CO/NOx,2024-01-19 07:00:00+01:00,2.4310025269578985
2024,CO2/CO/NOx,2024-01-19 08:00:00+01:00,2.421482001616131
2024,CO2/CO/NOx,2024-01-19 09:00:00+01:00,2.36795602745847
2024,CO2/CO/NOx,2024-01-19 10:00:00+01:00,2.334840560929981
2024,CO2/CO/NOx,2024-01-19 11:00:00+01:00,2.3206798086122093
2024,CO2/CO/NOx,2024-01-19 12:00:00+01:00,2.3222969324770313
2024,CO2/CO/NOx,2024-01-19 13:00:00+01:00,2.350719777893595
2024,CO2/CO/NOx,2024-01-19 14:00:00+01:00,2.409023456507053
2024,CO2/CO/NOx,2024-01-19 15:00:00+01:00,2.488477209677411
2024,CO2/CO/NOx,2024-01-19 16:00:00+01:00,2.5839027728776895
2024,CO2/CO/NOx,2024-01-19 17:00:00+01:00,2.6369994501668
2024,CO2/CO/NOx,2024-01-19 18:00:00+01:00,2.6565956793196674
2024,CO2/CO/NOx,2024-01-19 19:00:00+01:00,2.6166707694022096
2024,CO2/CO/NOx,2024-01-19 20:00:00+01:00,2.5235639919717903
2024,CO2/CO/NOx,2024-01-19 21:00:00+01:00,2.394356375571675
2024,CO2/CO/NOx,2024-01-19 22:00:00+01:00,2.253527783754026
2024,CO2/CO/NOx,2024-01-19 23:00:00+01:00,2.1198171492595685
2024,CO2/CO/NOx,2024-01-20 00:00:00+01:00,1.996147327019686
2024,CO2/CO/NOx,2024-01-20 01:00:00+01:00,1.9617301685013138
2024,CO2/CO/NOx,2024-01-20 02:00:00+01:00,1.9782178592811683
2024,CO2/CO/NOx,2024-01-20 03:00:00+01:00,2.0397846926160503
2024,CO2/CO/NOx,2024-01-20 04:00:00+01:00,2.1309046478028444
2024,CO2/CO/NOx,2024-01-20 05:00:00+01:00,2.2319710313461902
2024,CO2/CO/NOx,2024-01-20 06:00:00+01:00,2.330450692219883
2024,CO2/CO/NOx,2024-01-20 07:00:00+01:00,2.4079410361455156
2024,CO2/CO/NOx,2024-01-20 08:00:00+01:00,2.4376695609930947
2024,CO2/CO/NOx,2024-01-20 09:00:00+01:00,2.4003383092178274
2024,CO2/CO/NOx,2024-01-20 10:00:00+01:00,2.354487364508369
2024,CO2/CO/NOx,2024-01-20 11:00:00+01:00,2.2886601617717828
2024,CO2/CO/NOx,2024-01-20 12:00:00+01:00,2.1858281388793555
2024,CO2/CO/NOx,2024-01-20 13:00:00+01:00,2.141475258146371
2024,CO2/CO/NOx,2024-01-20 14:00:00+01:00,2.1371217320225844
2024,CO2/CO/NOx,2024-01-20 15:00:00+01:00,2.1958759943725252
2024,CO2/CO/NOx,2024-01-20 16:00:00+01:00,2.2720689527694637
2024,CO2/CO/NOx,2024-01-20 17:00:00+01:00,2.3143197217100453
2024,CO2/CO/NOx,2024-01-20 18:00:00+01:00,2.3388693901359856
2024,CO2/CO/NOx,2024-01-20 19:00:00+01:00,2.3022736388834493
2024,CO2/CO/NOx,2024-01-20 20:00:00+01:00,2.2421636093938897
2024,CO2/CO/NOx,2024-01-20 21:00:00+01:00,2.1670470384281737
2024,CO2/CO/NOx,2024-01-20 22:00:00+01:00,2.1076202710244663
2024,CO2/CO/NOx,2024-01-20 23:00:00+01:00,2.0595952220213536
2024,CO2/CO/NOx,2024-01-21 00:00:00+01:00,1.9981194224992425
2024,CO2/CO/NOx,2024-01-21 01:00:00+01:00,1.9805567558671928
2024,CO2/CO/NOx,2024-01-21 02:00:00+01:00,1.9955440668001885
2024,CO2/CO/NOx,2024-01-21 03:00:00+01:00,2.0500327345225204
2024,CO2/CO/NOx,2024-01-21 04:00:00+01:00,2.123944279108539
2024,CO2/CO/NOx,2024-01-21 05:00:00+01:00,2.25439409408037
2024,CO2/CO/NOx,2024-01-21 06:00:00+01:00,2.3953472385947907
2024,CO2/CO/NOx,2024-01-21 07:00:00+01:00,2.4764168677283265
2024,CO2/CO/NOx,2024-01-21 08:00:00+01:00,2.44857825244516
2024,CO2/CO/NOx,2024-01-21 09:00:00+01:00,2.332673659464982
2024,CO2/CO/NOx,2024-01-21 10:00:00+01:00,2.2294076262130877
2024,CO2/CO/NOx,2024-01-21 11:00:00+01:00,2.1114835926501327
2024,CO2/CO/NOx,2024-01-21 12:00:00+01:00,1.9847613909610446
2024,CO2/CO/NOx,2024-01-21 13:00:00+01:00,1.9439273414823184
2024,CO2/CO/NOx,2024-01-21 14:00:00+01:00,1.965293631754737
2024,CO2/CO/NOx,2024-01-21 15:00:00+01:00,2.04257068225937
2024,CO2/CO/NOx,2024-01-21 16:00:00+01:00,2.1102794553263466
2024,CO2/CO/NOx,2024-01-21 17:00:00+01:00,2.135902668576432
2024,CO2/CO/NOx,2024-01-21 18:00:00+01:00,2.1751150709883986
2024,CO2/CO/NOx,2024-01-21 19:00:00+01:00,2.167291965612496
2024,CO2/CO/NOx,2024-01-21 20:00:00+01:00,2.124748811658682
2024,CO2/CO/NOx,2024-01-21 21:00:00+01:00,2.0795556202217242
2024,CO2/CO/NOx,2024-01-21 22:00:00+01:00,2.0798776718215386
2024,CO2/CO/NOx,2024-01-21 23:00:00+01:00,2.0965654253334067
2024,CO2/CO/NOx,2024-01-22 00:00:00+01:00,2.086461224849684
2024,CO2/CO/NOx,2024-01-22 01:00:00+01:00,2.113720173171096
2024,CO2/CO/NOx,2024-01-22 02:00:00+01:00,2.155356789339376
2024,CO2/CO/NOx,2024-01-22 03:00:00+01:00,2.1938585958400116
2024,CO2/CO/NOx,2024-01-22 04:00:00+01:00,2.2030450483905586
2024,CO2/CO/NOx,2024-01-22 05:00:00+01:00,2.2216418997865977
2024,CO2/CO/NOx,2024-01-22 06:00:00+01:00,2.236436458248375
2024,CO2/CO/NOx,2024-01-22 07:00:00+01:00,2.2453437060693147
2024,CO2/CO/NOx,2024-01-22 08:00:00+01:00,2.2250453342851793
2024,CO2/CO/NOx,2024-01-22 09:00:00+01:00,2.111503100098095
2024,CO2/CO/NOx,2024-01-22 10:00:00+01:00,2.002095896205273
2024,CO2/CO/NOx,2024-01-22 11:00:00+01:00,1.8581735496918919
2024,CO2/CO/NOx,2024-01-22 12:00:00+01:00,1.6843242285400548
2024,CO2/CO/NOx,2024-01-22 13:00:00+01:00,1.5541469510536325
2024,CO2/CO/NOx,2024-01-22 14:00:00+01:00,1.4624550844199524
2024,CO2/CO/NOx,2024-01-22 15:00:00+01:00,1.430874810914726
2024,CO2/CO/NOx,2024-01-22 16:00:00+01:00,1.4455714727919928
2024,CO2/CO/NOx,2024-01-22 17:00:00+01:00,1.50648976796647
2024,CO2/CO/NOx,2024-01-22 18:00:00+01:00,1.5968930731033886
2024,CO2/CO/NOx,2024-01-22 19:00:00+01:00,1.6403179332174613
2024,CO2/CO/NOx,2024-01-22 20:00:00+01:00,1.6280328875555765
2024,CO2/CO/NOx,2024-01-22 21:00:00+01:00,1.5707821796011583
2024,CO2/CO/NOx,2024-01-22 22:00:00+01:00,1.4894869301605131
2024,CO2/CO/NOx,2024-01-22 23:00:00+01:00,1.3851707472403907
2024,CO2/CO/NOx,2024-01-23 00:00:00+01:00,1.2648447149877753
2024,CO2/CO/NOx,2024-01-23 01:00:00+01:00,1.2065765372832644
2024,CO2/CO/NOx,2024-01-23 02:00:00+01:00,1.237675374292235
2024,CO2/CO/NOx,2024-01-23 03:00:00+01:00,1.3392436239956913
2024,CO2/CO/NOx,2024-01-23 04:00:00+01:00,1.4274317886982357
2024,CO2/CO/NOx,2024-01-23 05:00:00+01:00,1.5281672225696634
2024,CO2/CO/NOx,2024-01-23 06:00:00+01:00,1.638971506220587
2024,CO2/CO/NOx,2024-01-23 07:00:00+01:00,1.7148657538892258
2024,CO2/CO/NOx,2024-01-23 08:00:00+01:00,1.7554675828005857
2024,CO2/CO/NOx,2024-01-23 09:00:00+01:00,1.7073454378008743
2024,CO2/CO/NOx,2024-01-23 10:00:00+01:00,1.6741161125700221
2024,CO2/CO/NOx,2024-01-23 11:00:00+01:00,1.6142218025313595
2024,CO2/CO/NOx,2024-01-23 12:00:00+01:00,1.5431667933628297
2024,CO2/CO/NOx,2024-01-23 13:00:00+01:00,1.480004376783823
2024,CO2/CO/NOx,2024-01-23 14:00:00+01:00,1.4544494840656812
2024,CO2/CO/NOx,2024-01-23 15:00:00+01:00,1.4703037291161012
2024,CO2/CO/NOx,2024-01-23 16:00:00+01:00,1.4972186015464386
2024,CO2/CO/NOx,2024-01-23 17:00:00+01:00,1.5399176752019488
2024,CO2/CO/NOx,2024-01-23 18:00:00+01:00,1.5823904682447147
2024,CO2/CO/NOx,2024-01-23 19:00:00+01:00,1.582769414475747
2024,CO2/CO/NOx,2024-01-23 20:00:00+01:00,1.5584029219007858
2024,CO2/CO/NOx,2024-01-23 21:00:00+01:00,1.515564116582968
2024,CO2/CO/NOx,2024-01-23 22:00:00+01:00,1.4481765838557867
2024,CO2/CO/NOx,2024-01-23 23:00:00+01:00,1.3631763524278413
2024,CO2/CO/NOx,2024-01-24 00:00:00+01:00,1.2514196512068128
2024,CO2/CO/NOx,2024-01-24 01:00:00+01:00,1.1687943234191682
2024,CO2/CO/NOx,2024-01-24 02:00:00+01:00,1.1349818902931477
2024,CO2/CO/NOx,2024-01-24 03:00:00+01:00,1.1511275770766032
2024,CO2/CO/NOx,2024-01-24 04:00:00+01:00,1.1631182384315837
2024,CO2/CO/NOx,2024-01-24 05:00:00+01:00,1.2095516648006495
2024,CO2/CO/NOx,2024-01-24 06:00:00+01:00,1.2637207786655262
2024,CO2/CO/NOx,2024-01-24 07:00:00+01:00,1.3154109765405153
2024,CO2/CO/NOx,2024-01-24 08:00:00+01:00,1.343370627461555
2024,CO2/CO/NOx,2024-01-24 09:00:00+01:00,1.3338248463010962
2024,CO2/CO/NOx,2024-01-24 10:00:00+01:00,1.328711119711387
2024,CO2/CO/NOx,2024-01-24 11:00:00+01:00,1.2909447738498898
2024,CO2/CO/NOx,2024-01-24 12:00:00+01:00,1.2269019151969007
2024,CO2/CO/NOx,2024-01-24 13:00:00+01:00,1.160214447597342
2024,CO2/CO/NOx,2024-01-24 14:00:00+01:00,1.1066425412860297
2024,CO2/CO/NOx,2024-01-24 15:00:00+01:00,1.0871584685353954
2024,CO2/CO/NOx,2024-01-24 16:00:00+01:00,1.0937018855933935
2024,CO2/CO/NOx,2024-01-24 17:00:00+01:00,1.114168798373082
2024,CO2/CO/NOx,2024-01-24 18:00:00+01:00,1.1629894031704258
2024,CO2/CO/NOx,2024-01-24 19:00:00+01:00,1.1675085605310473
2024,CO2/CO/NOx,2024-01-24 20:00:00+01:00,1.139401254044703
2024,CO2/CO/NOx,2024-01-24 21:00:00+01:00,1.0943321469113008
2024,CO2/CO/NOx,2024-01-24 22:00:00+01:00,1.0478915830168753
2024,CO2/CO/NOx,2024-01-24 23:00:00+01:00,1.0033661706928132
2024,CO2/CO/NOx,2024-01-25 00:00:00+01:00,0.9645190370604889
2024,CO2/CO/NOx,2024-01-25 01:00:00+01:00,0.9573374202679071
2024,CO2/CO/NOx,2024-01-25 02:00:00+01:00,0.9917161117705643
2024,CO2/CO/NOx,2024-01-25 03:00:00+01:00,1.076681966247803
2024,CO2/CO/NOx,2024-01-25 04:00:00+01:00,1.1536041242319863
2024,CO2/CO/NOx,2024-01-25 05:00:00+01:00,1.2431128837966718
2024,CO2/CO/NOx,2024-01-25 06:00:00+01:00,1.3373165845217763
2024,CO2/CO/NOx,2024-01-25 07:00:00+01:00,1.3944865129108106
2024,CO2/CO/NOx,2024-01-25 08:00:00+01:00,1.4081098489281303
2024,CO2/CO/NOx,2024-01-25 09:00:00+01:00,1.3780466996543859
2024,CO2/CO/NOx,2024-01-25 10:00:00+01:00,1.342563870614773
2024,CO2/CO/NOx,2024-01-25 11:00:00+01:00,1.299530478228292
2024,CO2/CO/NOx,2024-01-25 12:00:00+01:00,1.2543278777656006
2024,CO2/CO/NOx,2024-01-25 13:00:00+01:00,1.2356825448420548
2024,CO2/CO/NOx,2024-01-25 14:00:00+01:00,1.2448988756196857
2024,CO2/CO/NOx,2024-01-25 15:00:00+01:00,1.2818251201466329
2024,CO2/CO/NOx,2024-01-25 16:00:00+01:00,1.3237945436198135
2024,CO2/CO/NOx,2024-01-25 17:00:00+01:00,1.3849488482918226
2024,CO2/CO/NOx,2024-01-25 18:00:00+01:00,1.4581745340365164
2024,CO2/CO/NOx,2024-01-25 19:00:00+01:00,1.4864550524179916
2024,CO2/CO/NOx,2024-01-25 20:00:00+01:00,1.470968814364259
2024,CO2/CO/NOx,2024-01-25 21:00:00+01:00,1.417774913897288
2024,CO2/CO/NOx,2024-01-25 22:00:00+01:00,1.3573901149831855
2024,CO2/CO/NOx,2024-01-25 23:00:00+01:00,1.2899989601506898
2024,CO2/CO/NOx,2024-01-26 00:00:00+01:00,1.210154382530874
2024,CO2/CO/NOx,2024-01-26 01:00:00+01:00,1.1780564168119823
2024,CO2/CO/NOx,2024-01-26 02:00:00+01:00,1.196475029626581
2024,CO2/CO/NOx,2024-01-26 03:00:00+01:00,1.2488841078440096
2024,CO2/CO/NOx,2024-01-26 04:00:00+01:00,1.2902480837455814
2024,CO2/CO/NOx,2024-01-26 05:00:00+01:00,1.3383593600607486
2024,CO2/CO/NOx,2024-01-26 06:00:00+01:00,1.3804816862502896
2024,CO2/CO/NOx,2024-01-26 07:00:00+01:00,1.3987063849855044
2024,CO2/CO/NOx,2024-01-26 08:00:00+01:00,1.3882630419905102
2024,CO2/CO/NOx,2024-01-26 09:00:00+01:00,1.3443526584891716
2024,CO2/CO/NOx,2024-01-26 10:00:00+01:00,1.31101733147657
2024,CO2/CO/NOx,2024-01-26 11:00:00+01:00,1.2863309906826854
2024,CO2/CO/NOx,2024-01-26 12:00:00+01:00,1.2674361322088779
2024,CO2/CO/NOx,2024-01-26 13:00:00+01:00,1.2707393429845946
2024,CO2/CO/NOx,2024-01-26 14:00:00+01:00,1.295228955025306
2024,CO2/CO/NOx,2024-01-26 15:00:00+01:00,1.3272260053557814
2024,CO2/CO/NOx,2024-01-26 16:00:00+01:00,1.3408006906458683
2024,CO2/CO/NOx,2024-01-26 17:00:00+01:00,1.3555416331645898
2024,CO2/CO/NOx,2024-01-26 18:00:00+01:00,1.394526880323577
2024,CO2/CO/NOx,2024-01-26 19:00:00+01:00,1.4062566733047672
2024,CO2/CO/NOx,2024-01-26 20:00:00+01:00,1.4097810095700454
2024,CO2/CO/NOx,2024-01-26 21:00:00+01:00,1.3960474437824415
2024,CO2/CO/NOx,2024-01-26 22:00:00+01:00,1.3730292549345162
2024,CO2/CO/NOx,2024-01-26 23:00:00+01:00,1.3546892003367454
2024,CO2/CO/NOx,2024-01-27 00:00:00+01:00,1.320002998288817
2024,CO2/CO/NOx,2024-01-27 01:00:00+01:00,1.3108602783853252
2024,CO2/CO/NOx,2024-01-27 02:00:00+01:00,1.3542694613529935
2024,CO2/CO/NOx,2024-01-27 03:00:00+01:00,1.437514648566072
2024,CO2/CO/NOx,2024-01-27 04:00:00+01:00,1.5141178862261053
2024,CO2/CO/NOx,2024-01-27 05:00:00+01:00,1.6049980714275147
2024,CO2/CO/NOx,2024-01-27 06:00:00+01:00,1.676102603180731
2024,CO2/CO/NOx,2024-01-27 07:00:00+01:00,1.7177513130120798
2024,CO2/CO/NOx,2024-01-27 08:00:00+01:00,1.730581030541988
2024,CO2/CO/NOx,2024-01-27 09:00:00+01:00,1.7034578733566268
2024,CO2/CO/NOx,2024-01-27 10:00:00+01:00,1.6768990458362705
2024,CO2/CO/NOx,2024-01-27 11:00:00+01:00,1.6363902659222769
2024,CO2/CO/NOx,2024-01-27 12:00:00+01:00,1.578744027938952
2024,CO2/CO/NOx,2024-01-27 13:00:00+01:00,1.5640142016357104
2024,CO2/CO/NOx,2024-01-27 14:00:00+01:00,1.5888437849569674
2024,CO2/CO/NOx,2024-01-27 15:00:00+01:00,1.6388881731252765
2024,CO2/CO/NOx,2024-01-27 16:00:00+01:00,1.7073752253745218
2024,CO2/CO/NOx,2024-01-27 17:00:00+01:00,1.7801237653912143
2024,CO2/CO/NOx,2024-01-27 18:00:00+01:00,1.8689989081665692
2024,CO2/CO/NOx,2024-01-27 19:00:00+01:00,1.9036333794656117
2024,CO2/CO/NOx,2024-01-27 20:00:00+01:00,1.8761323057150916
2024,CO2/CO/NOx,2024-01-27 21:00:00+01:00,1.8076995080537415
2024,CO2/CO/NOx,2024-01-27 22:00:00+01:00,1.7270915058157081
2024,CO2/CO/NOx,2024-01-27 23:00:00+01:00,1.6408782480172566
2024,CO2/CO/NOx,2024-01-28 00:00:00+01:00,1.5647550783941255
2024,CO2/CO/NOx,2024-01-28 01:00:00+01:00,1.574915577384586
2024,CO2/CO/NOx,2024-01-28 02:00:00+01:00,1.644486477424508
2024,CO2/CO/NOx,2024-01-28 03:00:00+01:00,1.7649316640112653
2024,CO2/CO/NOx,2024-01-28 04:00:00+01:00,1.8836103311259447
2024,CO2/CO/NOx,2024-01-28 05:00:00+01:00,1.9917123192540438
2024,CO2/CO/NOx,2024-01-28 06:00:00+01:00,2.0730935703673636
2024,CO2/CO/NOx,2024-01-28 07:00:00+01:00,2.0842193060197514
2024,CO2/CO/NOx,2024-01-28 08:00:00+01:00,2.0350754184147224
2024,CO2/CO/NOx,2024-01-28 09:00:00+01:00,1.9571996948510444
2024,CO2/CO/NOx,2024-01-28 10:00:00+01:00,1.8670821801030693
2024,CO2/CO/NOx,2024-01-28 11:00:00+01:00,1.7263606248404135
2024,CO2/CO/NOx,2024-01-28 12:00:00+01:00,1.5732630029907664
2024,CO2/CO/NOx,2024-01-28 13:00:00+01:00,1.4459883702631564
2024,CO2/CO/NOx,2024-01-28 14:00:00+01:00,1.389261129789598
2024,CO2/CO/NOx,2024-01-28 15:00:00+01:00,1.4199976682679902
2024,CO2/CO/NOx,2024-01-28 16:00:00+01:00,1.5134017332767378
2024,CO2/CO/NOx,2024-01-28 17:00:00+01:00,1.644884181766028
2024,CO2/CO/NOx,2024-01-28 18:00:00+01:00,1.8360112120806904
2024,CO2/CO/NOx,2024-01-28 19:00:00+01:00,1.9462642993954975
2024,CO2/CO/NOx,2024-01-28 20:00:00+01:00,1.9423653544990505
2024,CO2/CO/NOx,2024-01-28 21:00:00+01:00,1.876983028820294
2024,CO2/CO/NOx,2024-01-28 22:00:00+01:00,1.7732090383547554
2024,CO2/CO/NOx,2024-01-28 23:00:00+01:00,1.6777316719105717
2024,CO2/CO/NOx,2024-01-29 00:00:00+01:00,1.5844302469967444
2024,CO2/CO/NOx,2024-01-29 01:00:00+01:00,1.573714873726385
2024,CO2/CO/NOx,2024-01-29 02:00:00+01:00,1.6662861481458129
2024,CO2/CO/NOx,2024-01-29 03:00:00+01:00,1.861099038576988
2024,CO2/CO/NOx,2024-01-29 04:00:00+01:00,2.0660801096674097
2024,CO2/CO/NOx,2024-01-29 05:00:00+01:00,2.2387147319512666
2024,CO2/CO/NOx,2024-01-29 06:00:00+01:00,2.3413793473862796
2024,CO2/CO/NOx,2024-01-29 07:00:00+01:00,2.379528504894669
2024,CO2/CO/NOx,2024-01-29 08:00:00+01:00,2.3256723937063777
2024,CO2/CO/NOx,2024-01-29 09:00:00+01:00,2.138492272582026
2024,CO2/CO/NOx,2024-01-29 10:00:00+01:00,1.9318365206207524
2024,CO2/CO/NOx,2024-01-29 11:00:00+01:00,1.7299292069076202
2024,CO2/CO/NOx,2024-01-29 12:00:00+01:00,1.5483754975595307
2024,CO2/CO/NOx,2024-01-29 13:00:00+01:00,1.4396282668298188
2024,CO2/CO/NOx,2024-01-29 14:00:00+01:00,1.373538145349188
2024,CO2/CO/NOx,2024-01-29 15:00:00+01:00,1.3674173026124041
2024,CO2/CO/NOx,2024-01-29 16:00:00+01:00,1.4734823218741238
2024,CO2/CO/NOx,2024-01-29 17:00:00+01:00,1.6365347828875478
2024,CO2/CO/NOx,2024-01-29 18:00:00+01:00,1.8293687098398548
2024,CO2/CO/NOx,2024-01-29 19:00:00+01:00,1.952555841672739
2024,CO2/CO/NOx,2024-01-29 20:00:00+01:00,1.9964259449421795
2024,CO2/CO/NOx,2024-01-29 21:00:00+01:00,1.9352426031410384
2024,CO2/CO/NOx,2024-01-29 22:00:00+01:00,1.8243888212068646
2024,CO2/CO/NOx,2024-01-29 23:00:00+01:00,1.6743093232673476
2024,CO2/CO/NOx,2024-01-30 00:00:00+01:00,1.5260296642751814
2024,CO2/CO/NOx,2024-01-30 01:00:00+01:00,1.4666198329211229
2024,CO2/CO/NOx,2024-01-30 02:00:00+01:00,1.510599482316234
2024,CO2/CO/NOx,2024-01-30 03:00:00+01:00,1.6820967178533435
2024,CO2/CO/NOx,2024-01-30 04:00:00+01:00,1.862643752270375
2024,CO2/CO/NOx,2024-01-30 05:00:00+01:00,2.058013326196725
2024,CO2/CO/NOx,2024-01-30 06:00:00+01:00,2.1819960113885832
2024,CO2/CO/NOx,2024-01-30 07:00:00+01:00,2.258319407838026
2024,CO2/CO/NOx,2024-01-30 08:00:00+01:00,2.1840674285318036
2024,CO2/CO/NOx,2024-01-30 09:00:00+01:00,2.0023911326391355
2024,CO2/CO/NOx,2024-01-30 10:00:00+01:00,1.786256150479265
2024,CO2/CO/NOx,2024-01-30 11:00:00+01:00,1.5565380648049436
2024,CO2/CO/NOx,2024-01-30 12:00:00+01:00,1.3757758429029576
2024,CO2/CO/NOx,2024-01-30 13:00:00+01:00,1.2794153193925566
2024,CO2/CO/NOx,2024-01-30 14:00:00+01:00,1.243027626284431
2024,CO2/CO/NOx,2024-01-30 15:00:00+01:00,1.2902445261822884
2024,CO2/CO/NOx,2024-01-30 16:00:00+01:00,1.4204179318275225
2024,CO2/CO/NOx,2024-01-30 17:00:00+01:00,1.552604396887858
2024,CO2/CO/NOx,2024-01-30 18:00:00+01:00,1.7255277171352075
2024,CO2/CO/NOx,2024-01-30 19:00:00+01:00,1.8132282680084997
2024,CO2/CO/NOx,2024-01-30 20:00:00+01:00,1.8214171361542895
2024,CO2/CO/NOx,2024-01-30 21:00:00+01:00,1.7633896582259616
2024,CO2/CO/NOx,2024-01-30 22:00:00+01:00,1.6523826018047456
2024,CO2/CO/NOx,2024-01-30 23:00:00+01:00,1.5002879734831778
2024,CO2/CO/NOx,2024-01-31 00:00:00+01:00,1.3620016986333112
2024,CO2/CO/NOx,2024-01-31 01:00:00+01:00,1.3140100412555544
2024,CO2/CO/NOx,2024-01-31 02:00:00+01:00,1.3564910141207012
2024,CO2/CO/NOx,2024-01-31 03:00:00+01:00,1.4731407933073706
2024,CO2/CO/NOx,2024-01-31 04:00:00+01:00,1.5833766220785424
2024,CO2/CO/NOx,2024-01-31 05:00:00+01:00,1.7011714154590984
2024,CO2/CO/NOx,2024-01-31 06:00:00+01:00,1.7869345088234383
2024,CO2/CO/NOx,2024-01-31 07:00:00+01:00,1.8188406945345739
2024,CO2/CO/NOx,2024-01-31 08:00:00+01:00,1.757006384169027
2024,CO2/CO/NOx,2024-01-31 09:00:00+01:00,1.6084789722190576
2024,CO2/CO/NOx,2024-01-31 10:00:00+01:00,1.4666863720822447
2024,CO2/CO/NOx,2024-01-31 11:00:00+01:00,1.3284679134027957
2024,CO2/CO/NOx,2024-01-31 12:00:00+01:00,1.2201309749211846
2024,CO2/CO/NOx,2024-01-31 13:00:00+01:00,1.170688277663665
2024,CO2/CO/NOx,2024-01-31 14:00:00+01:00,1.179866291275424
2024,CO2/CO/NOx,2024-01-31 15:00:00+01:00,1.2528607439665211
2024,CO2/CO/NOx,2024-01-31 16:00:00+01:00,1.3551003953491088
2024,CO2/CO/NOx,2024-01-31 17:00:00+01:00,1.4421254980440898
2024,CO2/CO/NOx,2024-01-31 18:00:00+01:00,1.5374954608478628
2024,CO2/CO/NOx,2024-01-31 19:00:00+01:00,1.5988076200469785
2024,CO2/CO/NOx,2024-01-31 20:00:00+01:00,1.611602279438784
2024,CO2/CO/NOx,2024-01-31 21:00:00+01:00,1.5691368717808036
2024,CO2/CO/NOx,2024-01-31 22:00:00+01:00,1.502769873970655
2024,CO2/CO/NOx,2024-01-31 23:00:00+01:00,1.4185136280917583
2024,CO2/CO/NOx,2024-02-01 00:00:00+01:00,1.3075463536123175
2024,CO2/CO/NOx,2024-02-01 01:00:00+01:00,1.2402077600353107
2024,CO2/CO/NOx,2024-02-01 02:00:00+01:00,1.2420419754949164
2024,CO2/CO/NOx,2024-02-01 03:00:00+01:00,1.2958453296085461
2024,CO2/CO/NOx,2024-02-01 04:00:00+01:00,1.353383513513361
2024,CO2/CO/NOx,2024-02-01 05:00:00+01:00,1.4020053441104976
2024,CO2/CO/NOx,2024-02-01 06:00:00+01:00,1.4498849731887125
2024,CO2/CO/NOx,2024-02-01 07:00:00+01:00,1.504255980576082
2024,CO2/CO/NOx,2024-02-01 08:00:00+01:00,1.5329559570020548
2024,CO2/CO/NOx,2024-02-01 09:00:00+01:00,1.5040505123592687
2024,CO2/CO/NOx,2024-02-01 10:00:00+01:00,1.5107023012685294
2024,CO2/CO/NOx,2024-02-01 11:00:00+01:00,1.5143622094864515
2024,CO2/CO/NOx,2024-02-01 12:00:00+01:00,1.4979194901417634
2024,CO2/CO/NOx,2024-02-01 13:00:00+01:00,1.4689136002006018
2024,CO2/CO/NOx,2024-02-01 14:00:00+01:00,1.4419709769076903
2024,CO2/CO/NOx,2024-02-01 15:00:00+01:00,1.4420488570459609
2024,CO2/CO/NOx,2024-02-01 16:00:00+01:00,1.4562559391317744
2024,CO2/CO/NOx,2024-02-01 17:00:00+01:00,1.4532838568160118
2024,CO2/CO/NOx,2024-02-01 18:00:00+01:00,1.4887727047353292
2024,CO2/CO/NOx,2024-02-01 19:00:00+01:00,1.5032906867801792
2024,CO2/CO/NOx,2024-02-01 20:00:00+01:00,1.4772161457119641
2024,CO2/CO/NOx,2024-02-01 21:00:00+01:00,1.4427009820531842
2024,CO2/CO/NOx,2024-02-01 22:00:00+01:00,1.4040898659948857
2024,CO2/CO/NOx,2024-02-01 23:00:00+01:00,1.369374662966101
2024,CO2/CO/NOx,2024-02-02 00:00:00+01:00,1.3226130111922494
2024,CO2/CO/NOx,2024-02-02 01:00:00+01:00,1.3263871992752272
2024,CO2/CO/NOx,2024-02-02 02:00:00+01:00,1.3572634704373796
2024,CO2/CO/NOx,2024-02-02 03:00:00+01:00,1.4423302624662928
2024,CO2/CO/NOx,2024-02-02 04:00:00+01:00,1.508376923527001
2024,CO2/CO/NOx,2024-02-02 05:00:00+01:00,1.5689152900833663
2024,CO2/CO/NOx,2024-02-02 06:00:00+01:00,1.6330354375572944
2024,CO2/CO/NOx,2024-02-02 07:00:00+01:00,1.6576672990984391
2024,CO2/CO/NOx,2024-02-02 08:00:00+01:00,1.6422169930754575
2024,CO2/CO/NOx,2024-02-02 09:00:00+01:00,1.5904711506832023
2024,CO2/CO/NOx,2024-02-02 10:00:00+01:00,1.578860588032124
2024,CO2/CO/NOx,2024-02-02 11:00:00+01:00,1.5467808673556556
2024,CO2/CO/NOx,2024-02-02 12:00:00+01:00,1.509563626844894
2024,CO2/CO/NOx,2024-02-02 13:00:00+01:00,1.4917608369139963
2024,CO2/CO/NOx,2024-02-02 14:00:00+01:00,1.4836220719746642
2024,CO2/CO/NOx,2024-02-02 15:00:00+01:00,1.4880691037854397
2024,CO2/CO/NOx,2024-02-02 16:00:00+01:00,1.4716097297598705
2024,CO2/CO/NOx,2024-02-02 17:00:00+01:00,1.4535801565310928
2024,CO2/CO/NOx,2024-02-02 18:00:00+01:00,1.464458751310967
2024,CO2/CO/NOx,2024-02-02 19:00:00+01:00,1.449856015962567
2024,CO2/CO/NOx,2024-02-02 20:00:00+01:00,1.3956392374202695
2024,CO2/CO/NOx,2024-02-02 21:00:00+01:00,1.340386967576398
2024,CO2/CO/NOx,2024-02-02 22:00:00+01:00,1.2802618001676866
2024,CO2/CO/NOx,2024-02-02 23:00:00+01:00,1.2161967891784833
2024,CO2/CO/NOx,2024-02-03 00:00:00+01:00,1.1423156871725768
2024,CO2/CO/NOx,2024-02-03 01:00:00+01:00,1.1069731073539875
2024,CO2/CO/NOx,2024-02-03 02:00:00+01:00,1.1223031641420445
2024,CO2/CO/NOx,2024-02-03 03:00:00+01:00,1.177828734251529
2024,CO2/CO/NOx,2024-02-03 04:00:00+01:00,1.2372244826108318
2024,CO2/CO/NOx,2024-02-03 05:00:00+01:00,1.3024639795086086
2024,CO2/CO/NOx,2024-02-03 06:00:00+01:00,1.3620014174406498
2024,CO2/CO/NOx,2024-02-03 07:00:00+01:00,1.3884302094569008
2024,CO2/CO/NOx,2024-02-03 08:00:00+01:00,1.3857635099896903
2024,CO2/CO/NOx,2024-02-03 09:00:00+01:00,1.3452793729707553
2024,CO2/CO/NOx,2024-02-03 10:00:00+01:00,1.313783414270321
2024,CO2/CO/NOx,2024-02-03 11:00:00+01:00,1.26682189060322
2024,CO2/CO/NOx,2024-02-03 12:00:00+01:00,1.2120280236028076
2024,CO2/CO/NOx,2024-02-03 13:00:00+01:00,1.2031345248245577
2024,CO2/CO/NOx,2024-02-03 14:00:00+01:00,1.2057204131421693
2024,CO2/CO/NOx,2024-02-03 15:00:00+01:00,1.23604337051466
2024,CO2/CO/NOx,2024-02-03 16:00:00+01:00,1.2793147049997318
2024,CO2/CO/NOx,2024-02-03 17:00:00+01:00,1.3375746262292925
2024,CO2/CO/NOx,2024-02-03 18:00:00+01:00,1.41512109694558
2024,CO2/CO/NOx,2024-02-03 19:00:00+01:00,1.435830455577088
2024,CO2/CO/NOx,2024-02-03 20:00:00+01:00,1.4039922089113452
2024,CO2/CO/NOx,2024-02-03 21:00:00+01:00,1.3395491164524698
2024,CO2/CO/NOx,2024-02-03 22:00:00+01:00,1.2772507440797893
2024,CO2/CO/NOx,2024-02-03 23:00:00+01:00,1.213627397605734
2024,CO2/CO/NOx,2024-02-04 00:00:00+01:00,1.1561691393807672
2024,CO2/CO/NOx,2024-02-04 01:00:00+01:00,1.153497408546343
2024,CO2/CO/NOx,2024-02-04 02:00:00+01:00,1.1884580867744812
2024,CO2/CO/NOx,2024-02-04 03:00:00+01:00,1.2610930681219623
2024,CO2/CO/NOx,2024-02-04 04:00:00+01:00,1.31859872415036
2024,CO2/CO/NOx,2024-02-04 05:00:00+01:00,1.3754941622846246
2024,CO2/CO/NOx,2024-02-04 06:00:00+01:00,1.4259736211899567
2024,CO2/CO/NOx,2024-02-04 07:00:00+01:00,1.453685424075263
2024,CO2/CO/NOx,2024-02-04 08:00:00+01:00,1.458888248602104
2024,CO2/CO/NOx,2024-02-04 09:00:00+01:00,1.4157619101342551
2024,CO2/CO/NOx,2024-02-04 10:00:00+01:00,1.3845054505795253
2024,CO2/CO/NOx,2024-02-04 11:00:00+01:00,1.3261104203540348
2024,CO2/CO/NOx,2024-02-04 12:00:00+01:00,1.2714693383380729
2024,CO2/CO/NOx,2024-02-04 13:00:00+01:00,1.2402969282941603
2024,CO2/CO/NOx,2024-02-04 14:00:00+01:00,1.2321915367443892
2024,CO2/CO/NOx,2024-02-04 15:00:00+01:00,1.2481875902806656
2024,CO2/CO/NOx,2024-02-04 16:00:00+01:00,1.2650585901957345
2024,CO2/CO/NOx,2024-02-04 17:00:00+01:00,1.3057357732800268
2024,CO2/CO/NOx,2024-02-04 18:00:00+01:00,1.34688068077115
2024,CO2/CO/NOx,2024-02-04 19:00:00+01:00,1.3497646731087318
2024,CO2/CO/NOx,2024-02-04 20:00:00+01:00,1.3240765486537338
2024,CO2/CO/NOx,2024-02-04 21:00:00+01:00,1.2698106496317523
2024,CO2/CO/NOx,2024-02-04 22:00:00+01:00,1.1964903829300353
2024,CO2/CO/NOx,2024-02-04 23:00:00+01:00,1.1219834041980057
2024,CO2/CO/NOx,2024-02-05 00:00:00+01:00,1.028710509756049
2024,CO2/CO/NOx,2024-02-05 01:00:00+01:00,0.9920343048588
2024,CO2/CO/NOx,2024-02-05 02:00:00+01:00,1.0100467016431438
2024,CO2/CO/NOx,2024-02-05 03:00:00+01:00,1.086314683740854
2024,CO2/CO/NOx,2024-02-05 04:00:00+01:00,1.1847258136775125
2024,CO2/CO/NOx,2024-02-05 05:00:00+01:00,1.3018980514947667
2024,CO2/CO/NOx,2024-02-05 06:00:00+01:00,1.4086583588936281
2024,CO2/CO/NOx,2024-02-05 07:00:00+01:00,1.4909234462898533
2024,CO2/CO/NOx,2024-02-05 08:00:00+01:00,1.5113341136096463
2024,CO2/CO/NOx,2024-02-05 09:00:00+01:00,1.4747744477078073
2024,CO2/CO/NOx,2024-02-05 10:00:00+01:00,1.4262624535507356
2024,CO2/CO/NOx,2024-02-05 11:00:00+01:00,1.3525220845821742
2024,CO2/CO/NOx,2024-02-05 12:00:00+01:00,1.268317624270735
2024,CO2/CO/NOx,2024-02-05 13:00:00+01:00,1.1880915926460156
2024,CO2/CO/NOx,2024-02-05 14:00:00+01:00,1.1299725436643222
2024,CO2/CO/NOx,2024-02-05 15:00:00+01:00,1.113098128835279
2024,CO2/CO/NOx,2024-02-05 16:00:00+01:00,1.1394748496217562
2024,CO2/CO/NOx,2024-02-05 17:00:00+01:00,1.173056843893425
2024,CO2/CO/NOx,2024-02-05 18:00:00+01:00,1.2617167399093963
2024,CO2/CO/NOx,2024-02-05 19:00:00+01:00,1.3087293066359869
2024,CO2/CO/NOx,2024-02-05 20:00:00+01:00,1.3217982154603183
2024,CO2/CO/NOx,2024-02-05 21:00:00+01:00,1.2618628541918158
2024,CO2/CO/NOx,2024-02-05 22:00:00+01:00,1.151330576572601
2024,CO2/CO/NOx,2024-02-05 23:00:00+01:00,1.0434887629335021
2024,CO2/CO/NOx,2024-02-06 00:00:00+01:00,0.9211440303824252
2024,CO2/CO/NOx,2024-02-06 01:00:00+01:00,0.8599013310326048
2024,CO2/CO/NOx,2024-02-06 02:00:00+01:00,0.8487316686792958
2024,CO2/CO/NOx,2024-02-06 03:00:00+01:00,0.9156916837262472
2024,CO2/CO/NOx,2024-02-06 04:00:00+01:00,1.004756726636935
2024,CO2/CO/NOx,2024-02-06 05:00:00+01:00,1.1343701059834834
2024,CO2/CO/NOx,2024-02-06 06:00:00+01:00,1.2743302593135677
2024,CO2/CO/NOx,2024-02-06 07:00:00+01:00,1.397937623728244
2024,CO2/CO/NOx,2024-02-06 08:00:00+01:00,1.4796125444196626
2024,CO2/CO/NOx,2024-02-06 09:00:00+01:00,1.487743288350478
2024,CO2/CO/NOx,2024-02-06 10:00:00+01:00,1.4635811007548218
2024,CO2/CO/NOx,2024-02-06 11:00:00+01:00,1.3901769242010829
2024,CO2/CO/NOx,2024-02-06 12:00:00+01:00,1.2950451738599005
2024,CO2/CO/NOx,2024-02-06 13:00:00+01:00,1.217414496673407
2024,CO2/CO/NOx,2024-02-06 14:00:00+01:00,1.1683230429949425
2024,CO2/CO/NOx,2024-02-06 15:00:00+01:00,1.1794378151184006
2024,CO2/CO/NOx,2024-02-06 16:00:00+01:00,1.2215979347776773
2024,CO2/CO/NOx,2024-02-06 17:00:00+01:00,1.2849350856500092
2024,CO2/CO/NOx,2024-02-06 18:00:00+01:00,1.383037169921419
2024,CO2/CO/NOx,2024-02-06 19:00:00+01:00,1.4425371892388448
2024,CO2/CO/NOx,2024-02-06 20:00:00+01:00,1.4795912128579671
2024,CO2/CO/NOx,2024-02-06 21:00:00+01:00,1.4746973228698863
2024,CO2/CO/NOx,2024-02-06 22:00:00+01:00,1.4372079158971807
2024,CO2/CO/NOx,2024-02-06 23:00:00+01:00,1.374256778729904
2024,CO2/CO/NOx,2024-02-07 00:00:00+01:00,1.3033549832461884
2024,CO2/CO/NOx,2024-02-07 01:00:00+01:00,1.2642486921627798
2024,CO2/CO/NOx,2024-02-07 02:00:00+01:00,1.2739282857996868
2024,CO2/CO/NOx,2024-02-07 03:00:00+01:00,1.3183861645854573
2024,CO2/CO/NOx,2024-02-07 04:00:00+01:00,1.3611848084479952
2024,CO2/CO/NOx,2024-02-07 05:00:00+01:00,1.444602114324576
2024,CO2/CO/NOx,2024-02-07 06:00:00+01:00,1.5076368412797272
2024,CO2/CO/NOx,2024-02-07 07:00:00+01:00,1.535079304643106
2024,CO2/CO/NOx,2024-02-07 08:00:00+01:00,1.5247807949576127
2024,CO2/CO/NOx,2024-02-07 09:00:00+01:00,1.4759712100203215
2024,CO2/CO/NOx,2024-02-07 10:00:00+01:00,1.436752565662598
2024,CO2/CO/NOx,2024-02-07 11:00:00+01:00,1.392156179139967
2024,CO2/CO/NOx,2024-02-07 12:00:00+01:00,1.3372447375899497
2024,CO2/CO/NOx,2024-02-07 13:00:00+01:00,1.3157769948936784
2024,CO2/CO/NOx,2024-02-07 14:00:00+01:00,1.3327214048686726
2024,CO2/CO/NOx,2024-02-07 15:00:00+01:00,1.35004474648003
2024,CO2/CO/NOx,2024-02-07 16:00:00+01:00,1.3490154444002052
2024,CO2/CO/NOx,2024-02-07 17:00:00+01:00,1.3475787864445745
2024,CO2/CO/NOx,2024-02-07 18:00:00+01:00,1.3727025992993043
2024,CO2/CO/NOx,2024-02-07 19:00:00+01:00,1.3544551664567066
2024,CO2/CO/NOx,2024-02-07 20:00:00+01:00,1.3008970816816203
2024,CO2/CO/NOx,2024-02-07 21:00:00+01:00,1.23941164893859
2024,CO2/CO/NOx,2024-02-07 22:00:00+01:00,1.1976645749773378
2024,CO2/CO/NOx,2024-02-07 23:00:00+01:00,1.1563239929108586
2024,CO2/CO/NOx,2024-02-08 00:00:00+01:00,1.098546347563012
2024,CO2/CO/NOx,2024-02-08 01:00:00+01:00,1.0677807938586668
2024,CO2/CO/NOx,2024-02-08 02:00:00+01:00,1.0952141339191317
2024,CO2/CO/NOx,2024-02-08 03:00:00+01:00,1.1755840827412205
2024,CO2/CO/NOx,2024-02-08 04:00:00+01:00,1.2391980270893483
2024,CO2/CO/NOx,2024-02-08 05:00:00+01:00,1.2929242447101148
2024,CO2/CO/NOx,2024-02-08 06:00:00+01:00,1.3520340080459514
2024,CO2/CO/NOx,2024-02-08 07:00:00+01:00,1.3869482728413607
2024,CO2/CO/NOx,2024-02-08 08:00:00+01:00,1.3774111068446921
2024,CO2/CO/NOx,2024-02-08 09:00:00+01:00,1.3262873577887182
2024,CO2/CO/NOx,2024-02-08 10:00:00+01:00,1.2878449271774304
2024,CO2/CO/NOx,2024-02-08 11:00:00+01:00,1.248414623824129
2024,CO2/CO/NOx,2024-02-08 12:00:00+01:00,1.2232773189032244
2024,CO2/CO/NOx,2024-02-08 13:00:00+01:00,1.221680502882751
2024,CO2/CO/NOx,2024-02-08 14:00:00+01:00,1.2266550534245777
2024,CO2/CO/NOx,2024-02-08 15:00:00+01:00,1.249924956001974
2024,CO2/CO/NOx,2024-02-08 16:00:00+01:00,1.2743883495182469
2024,CO2/CO/NOx,2024-02-08 17:00:00+01:00,1.2904739369598206
2024,CO2/CO/NOx,2024-02-08 18:00:00+01:00,1.3257731934305481
2024,CO2/CO/NOx,2024-02-08 19:00:00+01:00,1.3054470011051051
2024,CO2/CO/NOx,2024-02-08 20:00:00+01:00,1.2353905386526551
2024,CO2/CO/NOx,2024-02-08 21:00:00+01:00,1.1435494644731048
2024,CO2/CO/NOx,2024-02-08 22:00:00+01:00,1.0483346161104588
2024,CO2/CO/NOx,2024-02-08 23:00:00+01:00,0.9632232372213598
2024,CO2/CO/NOx,2024-02-09 00:00:00+01:00,0.8776670080923448
2024,CO2/CO/NOx,2024-02-09 01:00:00+01:00,0.8623583578144267
2024,CO2/CO/NOx,2024-02-09 02:00:00+01:00,0.9039875660063004
2024,CO2/CO/NOx,2024-02-09 03:00:00+01:00,1.005598757959362
2024,CO2/CO/NOx,2024-02-09 04:00:00+01:00,1.0994944330528544
2024,CO2/CO/NOx,2024-02-09 05:00:00+01:00,1.1944196090912556
2024,CO2/CO/NOx,2024-02-09 06:00:00+01:00,1.2830751666590077
2024,CO2/CO/NOx,2024-02-09 07:00:00+01:00,1.3379856676219588
2024,CO2/CO/NOx,2024-02-09 08:00:00+01:00,1.3403033231218469
2024,CO2/CO/NOx,2024-02-09 09:00:00+01:00,1.2892416957346944
2024,CO2/CO/NOx,2024-02-09 10:00:00+01:00,1.2529587712253276
2024,CO2/CO/NOx,2024-02-09 11:00:00+01:00,1.212542138067242
2024,CO2/CO/NOx,2024-02-09 12:00:00+01:00,1.1624656499266943
2024,CO2/CO/NOx,2024-02-09 13:00:00+01:00,1.1370127777757972
2024,CO2/CO/NOx,2024-02-09 14:00:00+01:00,1.1394116141277113
2024,CO2/CO/NOx,2024-02-09 15:00:00+01:00,1.1727858428140752
2024,CO2/CO/NOx,2024-02-09 16:00:00+01:00,1.1979402985386374
2024,CO2/CO/NOx,2024-02-09 17:00:00+01:00,1.2338537571403911
2024,CO2/CO/NOx,2024-02-09 18:00:00+01:00,1.2906348805799535
2024,CO2/CO/NOx,2024-02-09 19:00:00+01:00,1.3038941873413559
2024,CO2/CO/NOx,2024-02-09 20:00:00+01:00,1.2732103478728274
2024,CO2/CO/NOx,2024-02-09 21:00:00+01:00,1.1977563080243858
2024,CO2/CO/NOx,2024-02-09 22:00:00+01:00,1.1316222796719804
2024,CO2/CO/NOx,2024-02-09 23:00:00+01:00,1.0794193452717613
2024,CO2/CO/NOx,2024-02-10 00:00:00+01:00,1.026909715473233
2024,CO2/CO/NOx,2024-02-10 01:00:00+01:00,1.029886834774687
2024,CO2/CO/NOx,2024-02-10 02:00:00+01:00,1.099245654819833
2024,CO2/CO/NOx,2024-02-10 03:00:00+01:00,1.2034988551467376
2024,CO2/CO/NOx,2024-02-10 04:00:00+01:00,1.2972836855636412
2024,CO2/CO/NOx,2024-02-10 05:00:00+01:00,1.3674147830830279
2024,CO2/CO/NOx,2024-02-10 06:00:00+01:00,1.4207744673261042
2024,CO2/CO/NOx,2024-02-10 07:00:00+01:00,1.4538587311183386
2024,CO2/CO/NOx,2024-02-10 08:00:00+01:00,1.4254096075181186
2024,CO2/CO/NOx,2024-02-10 09:00:00+01:00,1.3438378002681541
2024,CO2/CO/NOx,2024-02-10 10:00:00+01:00,1.2943377609203606
2024,CO2/CO/NOx,2024-02-10 11:00:00+01:00,1.2369736773862534
2024,CO2/CO/NOx,2024-02-10 12:00:00+01:00,1.177608444968172
2024,CO2/CO/NOx,2024-02-10 13:00:00+01:00,1.1371391813766405
2024,CO2/CO/NOx,2024-02-10 14:00:00+01:00,1.132309275370334
2024,CO2/CO/NOx,2024-02-10 15:00:00+01:00,1.169201428879299
2024,CO2/CO/NOx,2024-02-10 16:00:00+01:00,1.222313043731237
2024,CO2/CO/NOx,2024-02-10 17:00:00+01:00,1.2625353999344546
2024,CO2/CO/NOx,2024-02-10 18:00:00+01:00,1.3222322924242311
2024,CO2/CO/NOx,2024-02-10 19:00:00+01:00,1.3606927691325812
2024,CO2/CO/NOx,2024-02-10 20:00:00+01:00,1.3591738578085029
2024,CO2/CO/NOx,2024-02-10 21:00:00+01:00,1.3135311504959184
2024,CO2/CO/NOx,2024-02-10 22:00:00+01:00,1.2397929555785037
2024,CO2/CO/NOx,2024-02-10 23:00:00+01:00,1.1607884725068465
2024,CO2/CO/NOx,2024-02-11 00:00:00+01:00,1.0527104331859378
2024,CO2/CO/NOx,2024-02-11 01:00:00+01:00,0.9852832360619526
2024,CO2/CO/NOx,2024-02-11 02:00:00+01:00,0.9552167771571154
2024,CO2/CO/NOx,2024-02-11 03:00:00+01:00,0.9933100471758494
2024,CO2/CO/NOx,2024-02-11 04:00:00+01:00,1.0758702588925197
2024,CO2/CO/NOx,2024-02-11 05:00:00+01:00,1.208915329124741
2024,CO2/CO/NOx,2024-02-11 06:00:00+01:00,1.3521420971589817
2024,CO2/CO/NOx,2024-02-11 07:00:00+01:00,1.4805597545752154
2024,CO2/CO/NOx,2024-02-11 08:00:00+01:00,1.5606263050194538
2024,CO2/CO/NOx,2024-02-11 09:00:00+01:00,1.5644232896988706
2024,CO2/CO/NOx,2024-02-11 10:00:00+01:00,1.5388973610783365
2024,CO2/CO/NOx,2024-02-11 11:00:00+01:00,1.4708426259448657
2024,CO2/CO/NOx,2024-02-11 12:00:00+01:00,1.3893372738065988
2024,CO2/CO/NOx,2024-02-11 13:00:00+01:00,1.334961561173124
2024,CO2/CO/NOx,2024-02-11 14:00:00+01:00,1.3069371605748514
2024,CO2/CO/NOx,2024-02-11 15:00:00+01:00,1.31552388568925
2024,CO2/CO/NOx,2024-02-11 16:00:00+01:00,1.344438485712547
2024,CO2/CO/NOx,2024-02-11 17:00:00+01:00,1.4012734906780566
2024,CO2/CO/NOx,2024-02-11 18:00:00+01:00,1.4721682386330073
2024,CO2/CO/NOx,2024-02-11 19:00:00+01:00,1.5051972408959138
2024,CO2/CO/NOx,2024-02-11 20:00:00+01:00,1.4993762424399446
2024,CO2/CO/NOx,2024-02-11 21:00:00+01:00,1.4476349950123297
2024,CO2/CO/NOx,2024-02-11 22:00:00+01:00,1.3846301938594539
2024,CO2/CO/NOx,2024-02-11 23:00:00+01:00,1.3223347225800024
2024,CO2/CO/NOx,2024-02-12 00:00:00+01:00,1.2391229227722222
2024,CO2/CO/NOx,2024-02-12 01:00:00+01:00,1.1897660227059863
2024,CO2/CO/NOx,2024-02-12 02:00:00+01:00,1.2075610025123074
2024,CO2/CO/NOx,2024-02-12 03:00:00+01:00,1.2704756601370166
2024,CO2/CO/NOx,2024-02-12 04:00:00+01:00,1.3374578873373095
2024,CO2/CO/NOx,2024-02-12 05:00:00+01:00,1.4213392954647868
2024,CO2/CO/NOx,2024-02-12 06:00:00+01:00,1.502286688568247
2024,CO2/CO/NOx,2024-02-12 07:00:00+01:00,1.5723999169191847
2024,CO2/CO/NOx,2024-02-12 08:00:00+01:00,1.5964455981257197
2024,CO2/CO/NOx,2024-02-12 09:00:00+01:00,1.5552156622262625
2024,CO2/CO/NOx,2024-02-12 10:00:00+01:00,1.5192607022638178
2024,CO2/CO/NOx,2024-02-12 11:00:00+01:00,1.4778966161494915
2024,CO2/CO/NOx,2024-02-12 12:00:00+01:00,1.4269111033944484
2024,CO2/CO/NOx,2024-02-12 13:00:00+01:00,1.3908101074466264
2024,CO2/CO/NOx,2024-02-12 14:00:00+01:00,1.3876331376968418
2024,CO2/CO/NOx,2024-02-12 15:00:00+01:00,1.4113377819874082
2024,CO2/CO/NOx,2024-02-12 16:00:00+01:00,1.4584701390931454
2024,CO2/CO/NOx,2024-02-12 17:00:00+01:00,1.5030909435734752
2024,CO2/CO/NOx,2024-02-12 18:00:00+01:00,1.5655905560948276
2024,CO2/CO/NOx,2024-02-12 19:00:00+01:00,1.5862330292300464
2024,CO2/CO/NOx,2024-02-12 20:00:00+01:00,1.5628771870052194
2024,CO2/CO/NOx,2024-02-12 21:00:00+01:00,1.5085014575166282
2024,CO2/CO/NOx,2024-02-12 22:00:00+01:00,1.4398947858495534
2024,CO2/CO/NOx,2024-02-12 23:00:00+01:00,1.3734262989133663
2024,CO2/CO/NOx,2024-02-13 00:00:00+01:00,1.2942619557008501
2024,CO2/CO/NOx,2024-02-13 01:00:00+01:00,1.2669880258452377
2024,CO2/CO/NOx,2024-02-13 02:00:00+01:00,1.2879069262530707
2024,CO2/CO/NOx,2024-02-13 03:00:00+01:00,1.3670000756974139
2024,CO2/CO/NOx,2024-02-13 04:00:00+01:00,1.44948963128486
2024,CO2/CO/NOx,2024-02-13 05:00:00+01:00,1.5438704794766025
2024,CO2/CO/NOx,2024-02-13 06:00:00+01:00,1.6421905510233097
2024,CO2/CO/NOx,2024-02-13 07:00:00+01:00,1.701031904926486
2024,CO2/CO/NOx,2024-02-13 08:00:00+01:00,1.7190647474569425
2024,CO2/CO/NOx,2024-02-13 09:00:00+01:00,1.6637019318782835
2024,CO2/CO/NOx,2024-02-13 10:00:00+01:00,1.5996036744933275
2024,CO2/CO/NOx,2024-02-13 11:00:00+01:00,1.521213333018021
2024,CO2/CO/NOx,2024-02-13 12:00:00+01:00,1.4482516359404238
2024,CO2/CO/NOx,2024-02-13 13:00:00+01:00,1.3945315975140602
2024,CO2/CO/NOx,2024-02-13 14:00:00+01:00,1.3568555410104317
2024,CO2/CO/NOx,2024-02-13 15:00:00+01:00,1.3685393796929994
2024,CO2/CO/NOx,2024-02-13 16:00:00+01:00,1.42020115721181
2024,CO2/CO/NOx,2024-02-13 17:00:00+01:00,1.5031715903800955
2024,CO2/CO/NOx,2024-02-13 18:00:00+01:00,1.6010258612147887
2024,CO2/CO/NOx,2024-02-13 19:00:00+01:00,1.6498311462954727
2024,CO2/CO/NOx,2024-02-13 20:00:00+01:00,1.6553073934674798
2024,CO2/CO/NOx,2024-02-13 21:00:00+01:00,1.6275184898276713
2024,CO2/CO/NOx,2024-02-13 22:00:00+01:00,1.5641662099488214
2024,CO2/CO/NOx,2024-02-13 23:00:00+01:00,1.474549045161842
2024,CO2/CO/NOx,2024-02-14 00:00:00+01:00,1.3796294965753042
2024,CO2/CO/NOx,2024-02-14 01:00:00+01:00,1.3549462656945694
2024,CO2/CO/NOx,2024-02-14 02:00:00+01:00,1.3849685702895722
2024,CO2/CO/NOx,2024-02-14 03:00:00+01:00,1.4714933083583326
2024,CO2/CO/NOx,2024-02-14 04:00:00+01:00,1.5444395858076032
2024,CO2/CO/NOx,2024-02-14 05:00:00+01:00,1.6403535577445956
2024,CO2/CO/NOx,2024-02-14 06:00:00+01:00,1.7326597764052476
2024,CO2/CO/NOx,2024-02-14 07:00:00+01:00,1.7606452089402784
2024,CO2/CO/NOx,2024-02-14 08:00:00+01:00,1.7250790344519167
2024,CO2/CO/NOx,2024-02-14 09:00:00+01:00,1.6054224820694378
2024,CO2/CO/NOx,2024-02-14 10:00:00+01:00,1.4878651292672433
2024,CO2/CO/NOx,2024-02-14 11:00:00+01:00,1.3624807489717938
2024,CO2/CO/NOx,2024-02-14 12:00:00+01:00,1.2601992749871633
2024,CO2/CO/NOx,2024-02-14 13:00:00+01:00,1.1994046106099339
2024,CO2/CO/NOx,2024-02-14 14:00:00+01:00,1.192517092333717
2024,CO2/CO/NOx,2024-02-14 15:00:00+01:00,1.230034303011549
2024,CO2/CO/NOx,2024-02-14 16:00:00+01:00,1.2790176172093448
2024,CO2/CO/NOx,2024-02-14 17:00:00+01:00,1.343792175666146
2024,CO2/CO/NOx,2024-02-14 18:00:00+01:00,1.4169649412160115
2024,CO2/CO/NOx,2024-02-14 19:00:00+01:00,1.4368517271569865
2024,CO2/CO/NOx,2024-02-14 20:00:00+01:00,1.3961862650297985
2024,CO2/CO/NOx,2024-02-14 21:00:00+01:00,1.309384759725308
2024,CO2/CO/NOx,2024-02-14 22:00:00+01:00,1.2010342222384554
2024,CO2/CO/NOx,2024-02-14 23:00:00+01:00,1.0909199514896877
2024,CO2/CO/NOx,2024-02-15 00:00:00+01:00,0.9746986139275414
2024,CO2/CO/NOx,2024-02-15 01:00:00+01:00,0.9351841502493273
2024,CO2/CO/NOx,2024-02-15 02:00:00+01:00,0.9679304533874525
2024,CO2/CO/NOx,2024-02-15 03:00:00+01:00,1.0805898352639753
2024,CO2/CO/NOx,2024-02-15 04:00:00+01:00,1.195167489562544
2024,CO2/CO/NOx,2024-02-15 05:00:00+01:00,1.2999513577839903
2024,CO2/CO/NOx,2024-02-15 06:00:00+01:00,1.3769057945921932
2024,CO2/CO/NOx,2024-02-15 07:00:00+01:00,1.4109942516052831
2024,CO2/CO/NOx,2024-02-15 08:00:00+01:00,1.387265816048126
2024,CO2/CO/NOx,2024-02-15 09:00:00+01:00,1.29400300132806
2024,CO2/CO/NOx,2024-02-15 10:00:00+01:00,1.2132811924012843
2024,CO2/CO/NOx,2024-02-15 11:00:00+01:00,1.124992243126837
2024,CO2/CO/NOx,2024-02-15 12:00:00+01:00,1.054059584787264
2024,CO2/CO/NOx,2024-02-15 13:00:00+01:00,1.001815489280764
2024,CO2/CO/NOx,2024-02-15 14:00:00+01:00,0.9809068804793456
2024,CO2/CO/NOx,2024-02-15 15:00:00+01:00,1.0004181039667301
2024,CO2/CO/NOx,2024-02-15 16:00:00+01:00,1.0326698689001497
2024,CO2/CO/NOx,2024-02-15 17:00:00+01:00,1.0963525084498427
2024,CO2/CO/NOx,2024-02-15 18:00:00+01:00,1.1693328455251726
2024,CO2/CO/NOx,2024-02-15 19:00:00+01:00,1.2113777872267841
2024,CO2/CO/NOx,2024-02-15 20:00:00+01:00,1.2227464638072423
2024,CO2/CO/NOx,2024-02-15 21:00:00+01:00,1.2109703282904036
2024,CO2/CO/NOx,2024-02-15 22:00:00+01:00,1.1876856837944831
2024,CO2/CO/NOx,2024-02-15 23:00:00+01:00,1.174735601843536
2024,CO2/CO/NOx,2024-02-16 00:00:00+01:00,1.1545025373727245
2024,CO2/CO/NOx,2024-02-16 01:00:00+01:00,1.167404199174188
2024,CO2/CO/NOx,2024-02-16 02:00:00+01:00,1.2406177097473052
2024,CO2/CO/NOx,2024-02-16 03:00:00+01:00,1.311651827430023
2024,CO2/CO/NOx,2024-02-16 04:00:00+01:00,1.361696862300812
2024,CO2/CO/NOx,2024-02-16 05:00:00+01:00,1.4026526061941906
2024,CO2/CO/NOx,2024-02-16 06:00:00+01:00,1.4135942108869866
2024,CO2/CO/NOx,2024-02-16 07:00:00+01:00,1.3938888709104307
2024,CO2/CO/NOx,2024-02-16 08:00:00+01:00,1.333420073710449
2024,CO2/CO/NOx,2024-02-16 09:00:00+01:00,1.2431675383403757
2024,CO2/CO/NOx,2024-02-16 10:00:00+01:00,1.1705186206556946
2024,CO2/CO/NOx,2024-02-16 11:00:00+01:00,1.1342448969218188
2024,CO2/CO/NOx,2024-02-16 12:00:00+01:00,1.1121791322671055
2024,CO2/CO/NOx,2024-02-16 13:00:00+01:00,1.1247338671543252
2024,CO2/CO/NOx,2024-02-16 14:00:00+01:00,1.175980543193747
2024,CO2/CO/NOx,2024-02-16 15:00:00+01:00,1.235169782687112
2024,CO2/CO/NOx,2024-02-16 16:00:00+01:00,1.2668708111748355
2024,CO2/CO/NOx,2024-02-16 17:00:00+01:00,1.2766558850878322
2024,CO2/CO/NOx,2024-02-16 18:00:00+01:00,1.2773996268082215
2024,CO2/CO/NOx,2024-02-16 19:00:00+01:00,1.215604280623835
2024,CO2/CO/NOx,2024-02-16 20:00:00+01:00,1.1419690081090728
2024,CO2/CO/NOx,2024-02-16 21:00:00+01:00,1.0423508177321428
2024,CO2/CO/NOx,2024-02-16 22:00:00+01:00,0.9499951139917401
2024,CO2/CO/NOx,2024-02-16 23:00:00+01:00,0.8914648001170683
2024,CO2/CO/NOx,2024-02-17 00:00:00+01:00,0.8432305337035363
2024,CO2/CO/NOx,2024-02-17 01:00:00+01:00,0.8222213241245374
2024,CO2/CO/NOx,2024-02-17 02:00:00+01:00,0.8552952261261195
2024,CO2/CO/NOx,2024-02-17 03:00:00+01:00,0.9165932346788156
2024,CO2/CO/NOx,2024-02-17 04:00:00+01:00,0.9628626538958432
2024,CO2/CO/NOx,2024-02-17 05:00:00+01:00,1.0304995778943096
2024,CO2/CO/NOx,2024-02-17 06:00:00+01:00,1.0810038293965873
2024,CO2/CO/NOx,2024-02-17 07:00:00+01:00,1.1142971844164968
2024,CO2/CO/NOx,2024-02-17 08:00:00+01:00,1.1202968162019886
2024,CO2/CO/NOx,2024-02-17 09:00:00+01:00,1.099921159647521
2024,CO2/CO/NOx,2024-02-17 10:00:00+01:00,1.088658799629092
2024,CO2/CO/NOx,2024-02-17 11:00:00+01:00,1.0803587001276531
2024,CO2/CO/NOx,2024-02-17 12:00:00+01:00,1.0643290947715087
2024,CO2/CO/NOx,2024-02-17 13:00:00+01:00,1.0614530353896676
2024,CO2/CO/NOx,2024-02-17 14:00:00+01:00,1.0856599716328277
2024,CO2/CO/NOx,2024-02-17 15:00:00+01:00,1.112004870010076
2024,CO2/CO/NOx,2024-02-17 16:00:00+01:00,1.140407789259609
2024,CO2/CO/NOx,2024-02-17 17:00:00+01:00,1.169601230064132
2024,CO2/CO/NOx,2024-02-17 18:00:00+01:00,1.2159280814819455
2024,CO2/CO/NOx,2024-02-17 19:00:00+01:00,1.2358138441879982
2024,CO2/CO/NOx,2024-02-17 20:00:00+01:00,1.2351363612900461
2024,CO2/CO/NOx,2024-02-17 21:00:00+01:00,1.2105786798620684
2024,CO2/CO/NOx,2024-02-17 22:00:00+01:00,1.165752607681365
2024,CO2/CO/NOx,2024-02-17 23:00:00+01:00,1.1261656403004103
2024,CO2/CO/NOx,2024-02-18 00:00:00+01:00,1.078627528689406
2024,CO2/CO/NOx,2024-02-18 01:00:00+01:00,1.0685335922702417
2024,CO2/CO/NOx,2024-02-18 02:00:00+01:00,1.1057696319663715
2024,CO2/CO/NOx,2024-02-18 03:00:00+01:00,1.173489216091307
2024,CO2/CO/NOx,2024-02-18 04:00:00+01:00,1.2380535444701661
2024,CO2/CO/NOx,2024-02-18 05:00:00+01:00,1.3257024184976114
2024,CO2/CO/NOx,2024-02-18 06:00:00+01:00,1.4056944665462878
2024,CO2/CO/NOx,2024-02-18 07:00:00+01:00,1.4391074628694536
2024,CO2/CO/NOx,2024-02-18 08:00:00+01:00,1.432304084908947
2024,CO2/CO/NOx,2024-02-18 09:00:00+01:00,1.3824653262237026
2024,CO2/CO/NOx,2024-02-18 10:00:00+01:00,1.3216149117335103
2024,CO2/CO/NOx,2024-02-18 11:00:00+01:00,1.2568309888033475
2024,CO2/CO/NOx,2024-02-18 12:00:00+01:00,1.1738208452934749
2024,CO2/CO/NOx,2024-02-18 13:00:00+01:00,1.1268144450947097
2024,CO2/CO/NOx,2024-02-18 14:00:00+01:00,1.1291330943829905
2024,CO2/CO/NOx,2024-02-18 15:00:00+01:00,1.1603662551290155
2024,CO2/CO/NOx,2024-02-18 16:00:00+01:00,1.1957974268711815
2024,CO2/CO/NOx,2024-02-18 17:00:00+01:00,1.245925865778839
2024,CO2/CO/NOx,2024-02-18 18:00:00+01:00,1.320326244850093
2024,CO2/CO/NOx,2024-02-18 19:00:00+01:00,1.341076243913897
2024,CO2/CO/NOx,2024-02-18 20:00:00+01:00,1.306479396356943
2024,CO2/CO/NOx,2024-02-18 21:00:00+01:00,1.2370468020533563
2024,CO2/CO/NOx,2024-02-18 22:00:00+01:00,1.1520486109146804
2024,CO2/CO/NOx,2024-02-18 23:00:00+01:00,1.077902618628473
2024,CO2/CO/NOx,2024-02-19 00:00:00+01:00,1.0054954538497434
2024,CO2/CO/NOx,2024-02-19 01:00:00+01:00,0.9960542812454847
2024,CO2/CO/NOx,2024-02-19 02:00:00+01:00,1.0565018724368658
2024,CO2/CO/NOx,2024-02-19 03:00:00+01:00,1.160616023218894
2024,CO2/CO/NOx,2024-02-19 04:00:00+01:00,1.263127538348195
2024,CO2/CO/NOx,2024-02-19 05:00:00+01:00,1.3507358662114908
2024,CO2/CO/NOx,2024-02-19 06:00:00+01:00,1.4259397606993174
2024,CO2/CO/NOx,2024-02-19 07:00:00+01:00,1.4615009525889753
2024,CO2/CO/NOx,2024-02-19 08:00:00+01:00,1.4625126731395517
2024,CO2/CO/NOx,2024-02-19 09:00:00+01:00,1.410166080485327
2024,CO2/CO/NOx,2024-02-19 10:00:00+01:00,1.3609338340913055
2024,CO2/CO/NOx,2024-02-19 11:00:00+01:00,1.31373079989319
2024,CO2/CO/NOx,2024-02-19 12:00:00+01:00,1.2662272899563478
2024,CO2/CO/NOx,2024-02-19 13:00:00+01:00,1.270816968008473
2024,CO2/CO/NOx,2024-02-19 14:00:00+01:00,1.283563953235181
2024,CO2/CO/NOx,2024-02-19 15:00:00+01:00,1.3218488536017081
2024,CO2/CO/NOx,2024-02-19 16:00:00+01:00,1.3632866503470513
2024,CO2/CO/NOx,2024-02-19 17:00:00+01:00,1.3912578920427952
2024,CO2/CO/NOx,2024-02-19 18:00:00+01:00,1.4280884104572642
2024,CO2/CO/NOx,2024-02-19 19:00:00+01:00,1.4178183548505703
2024,CO2/CO/NOx,2024-02-19 20:00:00+01:00,1.3728334978227497
2024,CO2/CO/NOx,2024-02-19 21:00:00+01:00,1.3141882755697138
2024,CO2/CO/NOx,2024-02-19 22:00:00+01:00,1.2695701799747061
2024,CO2/CO/NOx,2024-02-19 23:00:00+01:00,1.2216200814794071
2024,CO2/CO/NOx,2024-02-20 00:00:00+01:00,1.170727100806294
2024,CO2/CO/NOx,2024-02-20 01:00:00+01:00,1.1595397057115508
2024,CO2/CO/NOx,2024-02-20 02:00:00+01:00,1.1906498961616285
2024,CO2/CO/NOx,2024-02-20 03:00:00+01:00,1.274333731784478
2024,CO2/CO/NOx,2024-02-20 04:00:00+01:00,1.352090797990186
2024,CO2/CO/NOx,2024-02-20 05:00:00+01:00,1.4311032651492142
2024,CO2/CO/NOx,2024-02-20 06:00:00+01:00,1.5042668968580146
2024,CO2/CO/NOx,2024-02-20 07:00:00+01:00,1.5423264000259624
2024,CO2/CO/NOx,2024-02-20 08:00:00+01:00,1.5361432849956693
2024,CO2/CO/NOx,2024-02-20 09:00:00+01:00,1.4976590320785852
2024,CO2/CO/NOx,2024-02-20 10:00:00+01:00,1.4659592792040859
2024,CO2/CO/NOx,2024-02-20 11:00:00+01:00,1.4378341207151109
2024,CO2/CO/NOx,2024-02-20 12:00:00+01:00,1.4312355772997107
2024,CO2/CO/NOx,2024-02-20 13:00:00+01:00,1.4301671000556553
2024,CO2/CO/NOx,2024-02-20 14:00:00+01:00,1.4514391551439934
2024,CO2/CO/NOx,2024-02-20 15:00:00+01:00,1.4813981019283835
2024,CO2/CO/NOx,2024-02-20 16:00:00+01:00,1.5000143417620464
2024,CO2/CO/NOx,2024-02-20 17:00:00+01:00,1.5063614551847218
2024,CO2/CO/NOx,2024-02-20 18:00:00+01:00,1.552378459834692
2024,CO2/CO/NOx,2024-02-20 19:00:00+01:00,1.561356283366971
2024,CO2/CO/NOx,2024-02-20 20:00:00+01:00,1.535906791648291
2024,CO2/CO/NOx,2024-02-20 21:00:00+01:00,1.4981939785990004
2024,CO2/CO/NOx,2024-02-20 22:00:00+01:00,1.441237696114365
2024,CO2/CO/NOx,2024-02-20 23:00:00+01:00,1.3904169433473612
2024,CO2/CO/NOx,2024-02-21 00:00:00+01:00,1.3201617046911018
2024,CO2/CO/NOx,2024-02-21 01:00:00+01:00,1.2811475328346653
2024,CO2/CO/NOx,2024-02-21 02:00:00+01:00,1.2930417213514156
2024,CO2/CO/NOx,2024-02-21 03:00:00+01:00,1.3743230919225518
2024,CO2/CO/NOx,2024-02-21 04:00:00+01:00,1.4552839209076855
2024,CO2/CO/NOx,2024-02-21 05:00:00+01:00,1.5379571912380248
2024,CO2/CO/NOx,2024-02-21 06:00:00+01:00,1.6282731896738825
2024,CO2/CO/NOx,2024-02-21 07:00:00+01:00,1.6728164883585859
2024,CO2/CO/NOx,2024-02-21 08:00:00+01:00,1.6499495611009907
2024,CO2/CO/NOx,2024-02-21 09:00:00+01:00,1.5670496838513472
2024,CO2/CO/NOx,2024-02-21 10:00:00+01:00,1.4822622223198239
2024,CO2/CO/NOx,2024-02-21 11:00:00+01:00,1.3970301359914619
2024,CO2/CO/NOx,2024-02-21 12:00:00+01:00,1.3175146956719925
2024,CO2/CO/NOx,2024-02-21 13:00:00+01:00,1.2688649642032175
2024,CO2/CO/NOx,2024-02-21 14:00:00+01:00,1.2609689561368416
2024,CO2/CO/NOx,2024-02-21 15:00:00+01:00,1.284336037755004
2024,CO2/CO/NOx,2024-02-21 16:00:00+01:00,1.3167232326606682
2024,CO2/CO/NOx,2024-02-21 17:00:00+01:00,1.354302853300657
2024,CO2/CO/NOx,2024-02-21 18:00:00+01:00,1.411978147761121
2024,CO2/CO/NOx,2024-02-21 19:00:00+01:00,1.413600291614906
2024,CO2/CO/NOx,2024-02-21 20:00:00+01:00,1.3744435001253916
2024,CO2/CO/NOx,2024-02-21 21:00:00+01:00,1.28819263496165
2024,CO2/CO/NOx,2024-02-21 22:00:00+01:00,1.1870594784970603
2024,CO2/CO/NOx,2024-02-21 23:00:00+01:00,1.0798916774978908
2024,CO2/CO/NOx,2024-02-22 00:00:00+01:00,0.9629726037486073
2024,CO2/CO/NOx,2024-02-22 01:00:00+01:00,0.9133911102596106
2024,CO2/CO/NOx,2024-02-22 02:00:00+01:00,0.9334632043447662
2024,CO2/CO/NOx,2024-02-22 03:00:00+01:00,1.0259797062217595
2024,CO2/CO/NOx,2024-02-22 04:00:00+01:00,1.1247841460000751
2024,CO2/CO/NOx,2024-02-22 05:00:00+01:00,1.2336925985774496
2024,CO2/CO/NOx,2024-02-22 06:00:00+01:00,1.331922216223453
2024,CO2/CO/NOx,2024-02-22 07:00:00+01:00,1.4147238602873586
2024,CO2/CO/NOx,2024-02-22 08:00:00+01:00,1.4511675943060072
2024,CO2/CO/NOx,2024-02-22 09:00:00+01:00,1.410020190410233
2024,CO2/CO/NOx,2024-02-22 10:00:00+01:00,1.360734232049034
2024,CO2/CO/NOx,2024-02-22 11:00:00+01:00,1.3002758694814711
2024,CO2/CO/NOx,2024-02-22 12:00:00+01:00,1.2436847206186812
2024,CO2/CO/NOx,2024-02-22 13:00:00+01:00,1.2078449268106035
2024,CO2/CO/NOx,2024-02-22 14:00:00+01:00,1.1915768732703764
2024,CO2/CO/NOx,2024-02-22 15:00:00+01:00,1.2095957267498676
2024,CO2/CO/NOx,2024-02-22 16:00:00+01:00,1.2483523575715343
2024,CO2/CO/NOx,2024-02-22 17:00:00+01:00,1.2962561488305884
2024,CO2/CO/NOx,2024-02-22 18:00:00+01:00,1.3427996577518926
2024,CO2/CO/NOx,2024-02-22 19:00:00+01:00,1.3453623714957088
2024,CO2/CO/NOx,2024-02-22 20:00:00+01:00,1.3194654315719716
2024,CO2/CO/NOx,2024-02-22 21:00:00+01:00,1.266852823255999
2024,CO2/CO/NOx,2024-02-22 22:00:00+01:00,1.1996898272039478
2024,CO2/CO/NOx,2024-02-22 23:00:00+01:00,1.140185427708218
2024,CO2/CO/NOx,2024-02-23 00:00:00+01:00,1.0707746839338579
2024,CO2/CO/NOx,2024-02-23 01:00:00+01:00,1.0443224890932994
2024,CO2/CO/NOx,2024-02-23 02:00:00+01:00,1.0943461626986275
2024,CO2/CO/NOx,2024-02-23 03:00:00+01:00,1.2014147901601018
2024,CO2/CO/NOx,2024-02-23 04:00:00+01:00,1.3068207342016085
2024,CO2/CO/NOx,2024-02-23 05:00:00+01:00,1.4230774142234797
2024,CO2/CO/NOx,2024-02-23 06:00:00+01:00,1.523061036116959
2024,CO2/CO/NOx,2024-02-23 07:00:00+01:00,1.5837478745144895
2024,CO2/CO/NOx,2024-02-23 08:00:00+01:00,1.6124058280410578
2024,CO2/CO/NOx,2024-02-23 09:00:00+01:00,1.5812559628465788
2024,CO2/CO/NOx,2024-02-23 10:00:00+01:00,1.5620702471172645
2024,CO2/CO/NOx,2024-02-23 11:00:00+01:00,1.5466078413570195
2024,CO2/CO/NOx,2024-02-23 12:00:00+01:00,1.5208950193376656
2024,CO2/CO/NOx,2024-02-23 13:00:00+01:00,1.516113428130814
2024,CO2/CO/NOx,2024-02-23 14:00:00+01:00,1.5369893973074835
2024,CO2/CO/NOx,2024-02-23 15:00:00+01:00,1.5803351755565977
2024,CO2/CO/NOx,2024-02-23 16:00:00+01:00,1.6236459209653602
2024,CO2/CO/NOx,2024-02-23 17:00:00+01:00,1.6653506949447825
2024,CO2/CO/NOx,2024-02-23 18:00:00+01:00,1.7160393436379267
2024,CO2/CO/NOx,2024-02-23 19:00:00+01:00,1.7213024359318396
2024,CO2/CO/NOx,2024-02-23 20:00:00+01:00,1.6841270674091313
2024,CO2/CO/NOx,2024-02-23 21:00:00+01:00,1.6174000292145168
2024,CO2/CO/NOx,2024-02-23 22:00:00+01:00,1.557138935923488
2024,CO2/CO/NOx,2024-02-23 23:00:00+01:00,1.5079666177563993
2024,CO2/CO/NOx,2024-02-24 00:00:00+01:00,1.4484614942955378
2024,CO2/CO/NOx,2024-02-24 01:00:00+01:00,1.4431072228088577
2024,CO2/CO/NOx,2024-02-24 02:00:00+01:00,1.495182791583618
2024,CO2/CO/NOx,2024-02-24 03:00:00+01:00,1.6017047343361641
2024,CO2/CO/NOx,2024-02-24 04:00:00+01:00,1.6957460853138084
2024,CO2/CO/NOx,2024-02-24 05:00:00+01:00,1.7770989134224373
2024,CO2/CO/NOx,2024-02-24 06:00:00+01:00,1.8343136656340444
2024,CO2/CO/NOx,2024-02-24 07:00:00+01:00,1.8433102668533525
2024,CO2/CO/NOx,2024-02-24 08:00:00+01:00,1.8115669119789835
2024,CO2/CO/NOx,2024-02-24 09:00:00+01:00,1.7092769180796905
2024,CO2/CO/NOx,2024-02-24 10:00:00+01:00,1.6259333748037539
2024,CO2/CO/NOx,2024-02-24 11:00:00+01:00,1.548339801318513
2024,CO2/CO/NOx,2024-02-24 12:00:00+01:00,1.4904726288218644
2024,CO2/CO/NOx,2024-02-24 13:00:00+01:00,1.447472509650198
2024,CO2/CO/NOx,2024-02-24 14:00:00+01:00,1.4399765950449328
2024,CO2/CO/NOx,2024-02-24 15:00:00+01:00,1.473929933697674
2024,CO2/CO/NOx,2024-02-24 16:00:00+01:00,1.514631699534376
2024,CO2/CO/NOx,2024-02-24 17:00:00+01:00,1.579101812374028
2024,CO2/CO/NOx,2024-02-24 18:00:00+01:00,1.643779403393948
2024,CO2/CO/NOx,2024-02-24 19:00:00+01:00,1.6616634814943119
2024,CO2/CO/NOx,2024-02-24 20:00:00+01:00,1.6191810789733123
2024,CO2/CO/NOx,2024-02-24 21:00:00+01:00,1.5289507120580335
2024,CO2/CO/NOx,2024-02-24 22:00:00+01:00,1.4245948201391871
2024,CO2/CO/NOx,2024-02-24 23:00:00+01:00,1.3478395707967175
2024,CO2/CO/NOx,2024-02-25 00:00:00+01:00,1.2736694874919614
2024,CO2/CO/NOx,2024-02-25 01:00:00+01:00,1.2415212218623948
2024,CO2/CO/NOx,2024-02-25 02:00:00+01:00,1.2853254895569146
2024,CO2/CO/NOx,2024-02-25 03:00:00+01:00,1.3851825425006665
2024,CO2/CO/NOx,2024-02-25 04:00:00+01:00,1.4891653764409307
2024,CO2/CO/NOx,2024-02-25 05:00:00+01:00,1.5874939462273354
2024,CO2/CO/NOx,2024-02-25 06:00:00+01:00,1.6701158999491834
2024,CO2/CO/NOx,2024-02-25 07:00:00+01:00,1.7189845362562304
2024,CO2/CO/NOx,2024-02-25 08:00:00+01:00,1.6950820971150293
2024,CO2/CO/NOx,2024-02-25 09:00:00+01:00,1.605377277643711
2024,CO2/CO/NOx,2024-02-25 10:00:00+01:00,1.5015696197947568
2024,CO2/CO/NOx,2024-02-25 11:00:00+01:00,1.4027580280709937
2024,CO2/CO/NOx,2024-02-25 12:00:00+01:00,1.3160979352887285
2024,CO2/CO/NOx,2024-02-25 13:00:00+01:00,1.2702734428850493
2024,CO2/CO/NOx,2024-02-25 14:00:00+01:00,1.2623059893970887
2024,CO2/CO/NOx,2024-02-25 15:00:00+01:00,1.286805976680821
2024,CO2/CO/NOx,2024-02-25 16:00:00+01:00,1.339897536154466
2024,CO2/CO/NOx,2024-02-25 17:00:00+01:00,1.389925461075064
2024,CO2/CO/NOx,2024-02-25 18:00:00+01:00,1.4682156436153975
2024,CO2/CO/NOx,2024-02-25 19:00:00+01:00,1.5170583824789192
2024,CO2/CO/NOx,2024-02-25 20:00:00+01:00,1.5303104776031071
2024,CO2/CO/NOx,2024-02-25 21:00:00+01:00,1.5079929674982289
2024,CO2/CO/NOx,2024-02-25 22:00:00+01:00,1.4542800746244822
2024,CO2/CO/NOx,2024-02-25 23:00:00+01:00,1.3935773479469273
2024,CO2/CO/NOx,2024-02-26 00:00:00+01:00,1.3045012347209104
2024,CO2/CO/NOx,2024-02-26 01:00:00+01:00,1.2898118759695791
2024,CO2/CO/NOx,2024-02-26 02:00:00+01:00,1.3302176296385082
2024,CO2/CO/NOx,2024-02-26 03:00:00+01:00,1.4262685013735488
2024,CO2/CO/NOx,2024-02-26 04:00:00+01:00,1.5415472811702082
2024,CO2/CO/NOx,2024-02-26 05:00:00+01:00,1.657493968200458
2024,CO2/CO/NOx,2024-02-26 06:00:00+01:00,1.7540805444789243
2024,CO2/CO/NOx,2024-02-26 07:00:00+01:00,1.8163030621629896
2024,CO2/CO/NOx,2024-02-26 08:00:00+01:00,1.8023798611429636
2024,CO2/CO/NOx,2024-02-26 09:00:00+01:00,1.6882256677056957
2024,CO2/CO/NOx,2024-02-26 10:00:00+01:00,1.5689220901673049
2024,CO2/CO/NOx,2024-02-26 11:00:00+01:00,1.4324570015187286
2024,CO2/CO/NOx,2024-02-26 12:00:00+01:00,1.304314709934908
2024,CO2/CO/NOx,2024-02-26 13:00:00+01:00,1.2203312423479409
2024,CO2/CO/NOx,2024-02-26 14:00:00+01:00,1.190147248939596
2024,CO2/CO/NOx,2024-02-26 15:00:00+01:00,1.213117596899673
2024,CO2/CO/NOx,2024-02-26 16:00:00+01:00,1.2777530969357944
2024,CO2/CO/NOx,2024-02-26 17:00:00+01:00,1.3396421445928233
2024,CO2/CO/NOx,2024-02-26 18:00:00+01:00,1.425066403849123
2024,CO2/CO/NOx,2024-02-26 19:00:00+01:00,1.480292094766617
2024,CO2/CO/NOx,2024-02-26 20:00:00+01:00,1.484662211131638
2024,CO2/CO/NOx,2024-02-26 21:00:00+01:00,1.4584999382420132
2024,CO2/CO/NOx,2024-02-26 22:00:00+01:00,1.408121969670061
2024,CO2/CO/NOx,2024-02-26 23:00:00+01:00,1.3587276005133708
2024,CO2/CO/NOx,2024-02-27 00:00:00+01:00,1.290824293234973
2024,CO2/CO/NOx,2024-02-27 01:00:00+01:00,1.2761890684893418
2024,CO2/CO/NOx,2024-02-27 02:00:00+01:00,1.3205363134687287
2024,CO2/CO/NOx,2024-02-27 03:00:00+01:00,1.4308221268341275
2024,CO2/CO/NOx,2024-02-27 04:00:00+01:00,1.5368637624971833
2024,CO2/CO/NOx,2024-02-27 05:00:00+01:00,1.6338434321100943
2024,CO2/CO/NOx,2024-02-27 06:00:00+01:00,1.711754291745853
2024,CO2/CO/NOx,2024-02-27 07:00:00+01:00,1.7637765592892418
2024,CO2/CO/NOx,2024-02-27 08:00:00+01:00,1.774174993438676
2024,CO2/CO/NOx,2024-02-27 09:00:00+01:00,1.7210577711404165
2024,CO2/CO/NOx,2024-02-27 10:00:00+01:00,1.652427265871445
2024,CO2/CO/NOx,2024-02-27 11:00:00+01:00,1.5834954801672212
2024,CO2/CO/NOx,2024-02-27 12:00:00+01:00,1.514278505546811
2024,CO2/CO/NOx,2024-02-27 13:00:00+01:00,1.474369588455465
2024,CO2/CO/NOx,2024-02-27 14:00:00+01:00,1.4692476244198194
2024,CO2/CO/NOx,2024-02-27 15:00:00+01:00,1.4852702845353722
2024,CO2/CO/NOx,2024-02-27 16:00:00+01:00,1.5261597427592275
2024,CO2/CO/NOx,2024-02-27 17:00:00+01:00,1.5770301442046306
2024,CO2/CO/NOx,2024-02-27 18:00:00+01:00,1.6209243678027156
2024,CO2/CO/NOx,2024-02-27 19:00:00+01:00,1.5972210648248089
2024,CO2/CO/NOx,2024-02-27 20:00:00+01:00,1.5597048450551845
2024,CO2/CO/NOx,2024-02-27 21:00:00+01:00,1.5005743497129205
2024,CO2/CO/NOx,2024-02-27 22:00:00+01:00,1.4496623905777062
2024,CO2/CO/NOx,2024-02-27 23:00:00+01:00,1.3998945332524464
2024,CO2/CO/NOx,2024-02-28 00:00:00+01:00,1.3279402535064417
2024,CO2/CO/NOx,2024-02-28 01:00:00+01:00,1.308588742291611
2024,CO2/CO/NOx,2024-02-28 02:00:00+01:00,1.3456976356662653
2024,CO2/CO/NOx,2024-02-28 03:00:00+01:00,1.4279603153195772
2024,CO2/CO/NOx,2024-02-28 04:00:00+01:00,1.5039846031892696
2024,CO2/CO/NOx,2024-02-28 05:00:00+01:00,1.593323072235052
2024,CO2/CO/NOx,2024-02-28 06:00:00+01:00,1.6804491858410766
2024,CO2/CO/NOx,2024-02-28 07:00:00+01:00,1.7409282396677344
2024,CO2/CO/NOx,2024-02-28 08:00:00+01:00,1.7599282206466187
2024,CO2/CO/NOx,2024-02-28 09:00:00+01:00,1.7136101934759818
2024,CO2/CO/NOx,2024-02-28 10:00:00+01:00,1.674529432480226
2024,CO2/CO/NOx,2024-02-28 11:00:00+01:00,1.6272180341928877
2024,CO2/CO/NOx,2024-02-28 12:00:00+01:00,1.578423007711705
2024,CO2/CO/NOx,2024-02-28 13:00:00+01:00,1.545453086622035
2024,CO2/CO/NOx,2024-02-28 14:00:00+01:00,1.5291870284820754
2024,CO2/CO/NOx,2024-02-28 15:00:00+01:00,1.5345693871804467
2024,CO2/CO/NOx,2024-02-28 16:00:00+01:00,1.5367512191889343
2024,CO2/CO/NOx,2024-02-28 17:00:00+01:00,1.554219239354256
2024,CO2/CO/NOx,2024-02-28 18:00:00+01:00,1.5917253694991802
2024,CO2/CO/NOx,2024-02-28 19:00:00+01:00,1.601182749917189
2024,CO2/CO/NOx,2024-02-28 20:00:00+01:00,1.5822656478545987
2024,CO2/CO/NOx,2024-02-28 21:00:00+01:00,1.540805239491075
2024,CO2/CO/NOx,2024-02-28 22:00:00+01:00,1.4939922513911184
2024,CO2/CO/NOx,2024-02-28 23:00:00+01:00,1.4420113260390512
2024,CO2/CO/NOx,2024-02-29 00:00:00+01:00,1.3669235311503423
2024,CO2/CO/NOx,2024-02-29 01:00:00+01:00,1.337997597715827
2024,CO2/CO/NOx,2024-02-29 02:00:00+01:00,1.3735770222678745
2024,CO2/CO/NOx,2024-02-29 03:00:00+01:00,1.4564444647424712
2024,CO2/CO/NOx,2024-02-29 04:00:00+01:00,1.5325235849834677
2024,CO2/CO/NOx,2024-02-29 05:00:00+01:00,1.613228549933794
2024,CO2/CO/NOx,2024-02-29 06:00:00+01:00,1.6896754207197504
2024,CO2/CO/NOx,2024-02-29 07:00:00+01:00,1.7245063188099397
2024,CO2/CO/NOx,2024-02-29 08:00:00+01:00,1.7107741429285308
2024,CO2/CO/NOx,2024-02-29 09:00:00+01:00,1.6521278855049972
2024,CO2/CO/NOx,2024-02-29 10:00:00+01:00,1.6087265444202499
2024,CO2/CO/NOx,2024-02-29 11:00:00+01:00,1.5588148030353273
2024,CO2/CO/NOx,2024-02-29 12:00:00+01:00,1.4962801538145616
2024,CO2/CO/NOx,2024-02-29 13:00:00+01:00,1.4499262663495445
2024,CO2/CO/NOx,2024-02-29 14:00:00+01:00,1.4365665395565446
2024,CO2/CO/NOx,2024-02-29 15:00:00+01:00,1.4511366547259477
2024,CO2/CO/NOx,2024-02-29 16:00:00+01:00,1.4746439245749428
2024,CO2/CO/NOx,2024-02-29 17:00:00+01:00,1.5179527820663126
2024,CO2/CO/NOx,2024-02-29 18:00:00+01:00,1.5982993693799739
2024,CO2/CO/NOx,2024-02-29 19:00:00+01:00,1.6560588488034034
2024,CO2/CO/NOx,2024-02-29 20:00:00+01:00,1.6624179536897263
2024,CO2/CO/NOx,2024-02-29 21:00:00+01:00,1.618010630457979
2024,CO2/CO/NOx,2024-02-29 22:00:00+01:00,1.5439503759067013
2024,CO2/CO/NOx,2024-02-29 23:00:00+01:00,1.4610075584144528
2024,CO2/CO/NOx,2024-03-01 00:00:00+01:00,1.358056990783289
2024,CO2/CO/NOx,2024-03-01 01:00:00+01:00,1.2972236408506865
2024,CO2/CO/NOx,2024-03-01 02:00:00+01:00,1.2942480998881274
2024,CO2/CO/NOx,2024-03-01 03:00:00+01:00,1.363965025518826
2024,CO2/CO/NOx,2024-03-01 04:00:00+01:00,1.4473573438759901
2024,CO2/CO/NOx,2024-03-01 05:00:00+01:00,1.5267831556382543
2024,CO2/CO/NOx,2024-03-01 06:00:00+01:00,1.6042635023780516
2024,CO2/CO/NOx,2024-03-01 07:00:00+01:00,1.6447492197992808
2024,CO2/CO/NOx,2024-03-01 08:00:00+01:00,1.6533746914780008
2024,CO2/CO/NOx,2024-03-01 09:00:00+01:00,1.5976143152786804
2024,CO2/CO/NOx,2024-03-01 10:00:00+01:00,1.5287298455303255
2024,CO2/CO/NOx,2024-03-01 11:00:00+01:00,1.4475307950018
2024,CO2/CO/NOx,2024-03-01 12:00:00+01:00,1.3723731543412274
2024,CO2/CO/NOx,2024-03-01 13:00:00+01:00,1.3154538530323048
2024,CO2/CO/NOx,2024-03-01 14:00:00+01:00,1.2794013754221132
2024,CO2/CO/NOx,2024-03-01 15:00:00+01:00,1.285997007684951
2024,CO2/CO/NOx,2024-03-01 16:00:00+01:00,1.3196785450663409
2024,CO2/CO/NOx,2024-03-01 17:00:00+01:00,1.378024683825108
2024,CO2/CO/NOx,2024-03-01 18:00:00+01:00,1.4451170597698788
2024,CO2/CO/NOx,2024-03-01 19:00:00+01:00,1.4646362793784293
2024,CO2/CO/NOx,2024-03-01 20:00:00+01:00,1.4433348156493078
2024,CO2/CO/NOx,2024-03-01 21:00:00+01:00,1.388884339296496
2024,CO2/CO/NOx,2024-03-01 22:00:00+01:00,1.316473822815213
2024,CO2/CO/NOx,2024-03-01 23:00:00+01:00,1.2353082932311437
2024,CO2/CO/NOx,2024-03-02 00:00:00+01:00,1.168499813995615
2024,CO2/CO/NOx,2024-03-02 01:00:00+01:00,1.1365609934434688
2024,CO2/CO/NOx,2024-03-02 02:00:00+01:00,1.144201657658198
2024,CO2/CO/NOx,2024-03-02 03:00:00+01:00,1.2089030658922595
2024,CO2/CO/NOx,2024-03-02 04:00:00+01:00,1.2810970159307409
2024,CO2/CO/NOx,2024-03-02 05:00:00+01:00,1.356243890872319
2024,CO2/CO/NOx,2024-03-02 06:00:00+01:00,1.4226057955628153
2024,CO2/CO/NOx,2024-03-02 07:00:00+01:00,1.449687132611038
2024,CO2/CO/NOx,2024-03-02 08:00:00+01:00,1.4280480972612637
2024,CO2/CO/NOx,2024-03-02 09:00:00+01:00,1.3571839275072355
2024,CO2/CO/NOx,2024-03-02 10:00:00+01:00,1.2655188693411539
2024,CO2/CO/NOx,2024-03-02 11:00:00+01:00,1.1693202541935175
2024,CO2/CO/NOx,2024-03-02 12:00:00+01:00,1.0814664565982872
2024,CO2/CO/NOx,2024-03-02 13:00:00+01:00,1.0434096595845852
2024,CO2/CO/NOx,2024-03-02 14:00:00+01:00,1.0380915770020098
2024,CO2/CO/NOx,2024-03-02 15:00:00+01:00,1.0734274691135195
2024,CO2/CO/NOx,2024-03-02 16:00:00+01:00,1.1172019030127596
2024,CO2/CO/NOx,2024-03-02 17:00:00+01:00,1.1647122892693165
2024,CO2/CO/NOx,2024-03-02 18:00:00+01:00,1.2260469277431039
2024,CO2/CO/NOx,2024-03-02 19:00:00+01:00,1.2650888970644125
2024,CO2/CO/NOx,2024-03-02 20:00:00+01:00,1.2645280150812013
2024,CO2/CO/NOx,2024-03-02 21:00:00+01:00,1.238216756939672
2024,CO2/CO/NOx,2024-03-02 22:00:00+01:00,1.210286677557737
2024,CO2/CO/NOx,2024-03-02 23:00:00+01:00,1.1876599659703864
2024,CO2/CO/NOx,2024-03-03 00:00:00+01:00,1.1744395336783935
2024,CO2/CO/NOx,2024-03-03 01:00:00+01:00,1.1821604428340184
2024,CO2/CO/NOx,2024-03-03 02:00:00+01:00,1.217306413420525
2024,CO2/CO/NOx,2024-03-03 03:00:00+01:00,1.2820001320466525
2024,CO2/CO/NOx,2024-03-03 04:00:00+01:00,1.3540740356858803
2024,CO2/CO/NOx,2024-03-03 05:00:00+01:00,1.3954599601083835
2024,CO2/CO/NOx,2024-03-03 06:00:00+01:00,1.3899585434873916
2024,CO2/CO/NOx,2024-03-03 07:00:00+01:00,1.3425729290202078
2024,CO2/CO/NOx,2024-03-03 08:00:00+01:00,1.262315013368075
2024,CO2/CO/NOx,2024-03-03 09:00:00+01:00,1.142509841124643
2024,CO2/CO/NOx,2024-03-03 10:00:00+01:00,1.0175404933905579
2024,CO2/CO/NOx,2024-03-03 11:00:00+01:00,0.9217782842745161
2024,CO2/CO/NOx,2024-03-03 12:00:00+01:00,0.8581943505039724
2024,CO2/CO/NOx,2024-03-03 13:00:00+01:00,0.8596229009150328
2024,CO2/CO/NOx,2024-03-03 14:00:00+01:00,0.9022856084089798
2024,CO2/CO/NOx,2024-03-03 15:00:00+01:00,0.9662983820073537
2024,CO2/CO/NOx,2024-03-03 16:00:00+01:00,1.0550330603345182
2024,CO2/CO/NOx,2024-03-03 17:00:00+01:00,1.1246878592758622
2024,CO2/CO/NOx,2024-03-03 18:00:00+01:00,1.1511395036476415
2024,CO2/CO/NOx,2024-03-03 19:00:00+01:00,1.1241978688573941
2024,CO2/CO/NOx,2024-03-03 20:00:00+01:00,1.0837979314055468
2024,CO2/CO/NOx,2024-03-03 21:00:00+01:00,0.9974826834220056
2024,CO2/CO/NOx,2024-03-03 22:00:00+01:00,0.9087015585992139
2024,CO2/CO/NOx,2024-03-03 23:00:00+01:00,0.8560101818920709
2024,CO2/CO/NOx,2024-03-04 00:00:00+01:00,0.8573320697256072
2024,CO2/CO/NOx,2024-03-04 01:00:00+01:00,0.926021091144556
2024,CO2/CO/NOx,2024-03-04 02:00:00+01:00,1.0403135064670557
2024,CO2/CO/NOx,2024-03-04 03:00:00+01:00,1.1653202263451279
2024,CO2/CO/NOx,2024-03-04 04:00:00+01:00,1.2684467870417817
2024,CO2/CO/NOx,2024-03-04 05:00:00+01:00,1.347653769457613
2024,CO2/CO/NOx,2024-03-04 06:00:00+01:00,1.3651345333703333
2024,CO2/CO/NOx,2024-03-04 07:00:00+01:00,1.3169908314371823
2024,CO2/CO/NOx,2024-03-04 08:00:00+01:00,1.2479585287016735
2024,CO2/CO/NOx,2024-03-04 09:00:00+01:00,1.1728593900039554
2024,CO2/CO/NOx,2024-03-04 10:00:00+01:00,1.11087509732587
2024,CO2/CO/NOx,2024-03-04 11:00:00+01:00,1.0793706182751872
2024,CO2/CO/NOx,2024-03-04 12:00:00+01:00,1.0640832923485668
2024,CO2/CO/NOx,2024-03-04 13:00:00+01:00,1.0634030884820993
2024,CO2/CO/NOx,2024-03-04 14:00:00+01:00,1.0821360894091134
2024,CO2/CO/NOx,2024-03-04 15:00:00+01:00,1.1195505596866582
2024,CO2/CO/NOx,2024-03-04 16:00:00+01:00,1.147314175790157
2024,CO2/CO/NOx,2024-03-04 17:00:00+01:00,1.1751570381595453
2024,CO2/CO/NOx,2024-03-04 18:00:00+01:00,1.2094238511019018
2024,CO2/CO/NOx,2024-03-04 19:00:00+01:00,1.2175757822846731
2024,CO2/CO/NOx,2024-03-04 20:00:00+01:00,1.2166158301605747
2024,CO2/CO/NOx,2024-03-04 21:00:00+01:00,1.2028209814466893
2024,CO2/CO/NOx,2024-03-04 22:00:00+01:00,1.1811029045619217
2024,CO2/CO/NOx,2024-03-04 23:00:00+01:00,1.162977944588428
2024,CO2/CO/NOx,2024-03-05 00:00:00+01:00,1.1325561756461466
2024,CO2/CO/NOx,2024-03-05 01:00:00+01:00,1.1186109602365593
2024,CO2/CO/NOx,2024-03-05 02:00:00+01:00,1.1258180484085485
2024,CO2/CO/NOx,2024-03-05 03:00:00+01:00,1.170150945005587
2024,CO2/CO/NOx,2024-03-05 04:00:00+01:00,1.2058237086736108
2024,CO2/CO/NOx,2024-03-05 05:00:00+01:00,1.23513896356557
2024,CO2/CO/NOx,2024-03-05 06:00:00+01:00,1.2679288648775655
2024,CO2/CO/NOx,2024-03-05 07:00:00+01:00,1.3025269187262511
2024,CO2/CO/NOx,2024-03-05 08:00:00+01:00,1.3206225613417808
2024,CO2/CO/NOx,2024-03-05 09:00:00+01:00,1.3160825185572056
2024,CO2/CO/NOx,2024-03-05 10:00:00+01:00,1.3091944129786102
2024,CO2/CO/NOx,2024-03-05 11:00:00+01:00,1.289750705074327
2024,CO2/CO/NOx,2024-03-05 12:00:00+01:00,1.2599989098696318
2024,CO2/CO/NOx,2024-03-05 13:00:00+01:00,1.2306187874630394
2024,CO2/CO/NOx,2024-03-05 14:00:00+01:00,1.2047956603398122
2024,CO2/CO/NOx,2024-03-05 15:00:00+01:00,1.221413280892494
2024,CO2/CO/NOx,2024-03-05 16:00:00+01:00,1.2567258710623044
2024,CO2/CO/NOx,2024-03-05 17:00:00+01:00,1.2954185729636998
2024,CO2/CO/NOx,2024-03-05 18:00:00+01:00,1.3519089644513365
2024,CO2/CO/NOx,2024-03-05 19:00:00+01:00,1.362012022019471
2024,CO2/CO/NOx,2024-03-05 20:00:00+01:00,1.3465286564910515
2024,CO2/CO/NOx,2024-03-05 21:00:00+01:00,1.3116644289037585
2024,CO2/CO/NOx,2024-03-05 22:00:00+01:00,1.2677064532056297
2024,CO2/CO/NOx,2024-03-05 23:00:00+01:00,1.2241606570270622
2024,CO2/CO/NOx,2024-03-06 00:00:00+01:00,1.1867508057256868
2024,CO2/CO/NOx,2024-03-06 01:00:00+01:00,1.1704715289347458
2024,CO2/CO/NOx,2024-03-06 02:00:00+01:00,1.1922651942886247
2024,CO2/CO/NOx,2024-03-06 03:00:00+01:00,1.2497405328794147
2024,CO2/CO/NOx,2024-03-06 04:00:00+01:00,1.304151542614297
2024,CO2/CO/NOx,2024-03-06 05:00:00+01:00,1.3785919202321668
2024,CO2/CO/NOx,2024-03-06 06:00:00+01:00,1.4543747538671816
2024,CO2/CO/NOx,2024-03-06 07:00:00+01:00,1.5134109140004237
2024,CO2/CO/NOx,2024-03-06 08:00:00+01:00,1.5429446887646647
2024,CO2/CO/NOx,2024-03-06 09:00:00+01:00,1.533971024003104
2024,CO2/CO/NOx,2024-03-06 10:00:00+01:00,1.5172739703982308
2024,CO2/CO/NOx,2024-03-06 11:00:00+01:00,1.4904989238625204
2024,CO2/CO/NOx,2024-03-06 12:00:00+01:00,1.4548846554002774
2024,CO2/CO/NOx,2024-03-06 13:00:00+01:00,1.4422957890434451
2024,CO2/CO/NOx,2024-03-06 14:00:00+01:00,1.4486283560809103
2024,CO2/CO/NOx,2024-03-06 15:00:00+01:00,1.4624327212809205
2024,CO2/CO/NOx,2024-03-06 16:00:00+01:00,1.4873093357286213
2024,CO2/CO/NOx,2024-03-06 17:00:00+01:00,1.5200796289698926
2024,CO2/CO/NOx,2024-03-06 18:00:00+01:00,1.568422095735426
2024,CO2/CO/NOx,2024-03-06 19:00:00+01:00,1.5857919274771193
2024,CO2/CO/NOx,2024-03-06 20:00:00+01:00,1.5742504554602217
2024,CO2/CO/NOx,2024-03-06 21:00:00+01:00,1.5381101908532753
2024,CO2/CO/NOx,2024-03-06 22:00:00+01:00,1.503547328043045
2024,CO2/CO/NOx,2024-03-06 23:00:00+01:00,1.4630106085665255
2024,CO2/CO/NOx,2024-03-07 00:00:00+01:00,1.4061297357564662
2024,CO2/CO/NOx,2024-03-07 01:00:00+01:00,1.3841050229105094
2024,CO2/CO/NOx,2024-03-07 02:00:00+01:00,1.4027873641826165
2024,CO2/CO/NOx,2024-03-07 03:00:00+01:00,1.4628363637776316
2024,CO2/CO/NOx,2024-03-07 04:00:00+01:00,1.5186264882857956
2024,CO2/CO/NOx,2024-03-07 05:00:00+01:00,1.588074407269777
2024,CO2/CO/NOx,2024-03-07 06:00:00+01:00,1.6683577159557936
2024,CO2/CO/NOx,2024-03-07 07:00:00+01:00,1.7276183627000679
2024,CO2/CO/NOx,2024-03-07 08:00:00+01:00,1.7503454247858745
2024,CO2/CO/NOx,2024-03-07 09:00:00+01:00,1.7303899449438773
2024,CO2/CO/NOx,2024-03-07 10:00:00+01:00,1.691256095497721
2024,CO2/CO/NOx,2024-03-07 11:00:00+01:00,1.6329772576903052
2024,CO2/CO/NOx,2024-03-07 12:00:00+01:00,1.5634486910677863
2024,CO2/CO/NOx,2024-03-07 13:00:00+01:00,1.5051083714829265
2024,CO2/CO/NOx,2024-03-07 14:00:00+01:00,1.4721321022521445
2024,CO2/CO/NOx,2024-03-07 15:00:00+01:00,1.4881372725208422
2024,CO2/CO/NOx,2024-03-07 16:00:00+01:00,1.527070706968249
2024,CO2/CO/NOx,2024-03-07 17:00:00+01:00,1.581441592623425
2024,CO2/CO/NOx,2024-03-07 18:00:00+01:00,1.6654773523993258
2024,CO2/CO/NOx,2024-03-07 19:00:00+01:00,1.7015553250842985
2024,CO2/CO/NOx,2024-03-07 20:00:00+01:00,1.7133702276598914
2024,CO2/CO/NOx,2024-03-07 21:00:00+01:00,1.6922026847528828
2024,CO2/CO/NOx,2024-03-07 22:00:00+01:00,1.6609188508052342
2024,CO2/CO/NOx,2024-03-07 23:00:00+01:00,1.606560624332559
2024,CO2/CO/NOx,2024-03-08 00:00:00+01:00,1.5386787630744385
2024,CO2/CO/NOx,2024-03-08 01:00:00+01:00,1.4942859369028298
2024,CO2/CO/NOx,2024-03-08 02:00:00+01:00,1.5122067631689573
2024,CO2/CO/NOx,2024-03-08 03:00:00+01:00,1.5811868548100485
2024,CO2/CO/NOx,2024-03-08 04:00:00+01:00,1.6875388609771713
2024,CO2/CO/NOx,2024-03-08 05:00:00+01:00,1.8104966905486803
2024,CO2/CO/NOx,2024-03-08 06:00:00+01:00,1.9132068284266437
2024,CO2/CO/NOx,2024-03-08 07:00:00+01:00,1.976923576099297
2024,CO2/CO/NOx,2024-03-08 08:00:00+01:00,1.9679295484467823
2024,CO2/CO/NOx,2024-03-08 09:00:00+01:00,1.891175800077575
2024,CO2/CO/NOx,2024-03-08 10:00:00+01:00,1.7740924618398706
2024,CO2/CO/NOx,2024-03-08 11:00:00+01:00,1.6343093197269989
2024,CO2/CO/NOx,2024-03-08 12:00:00+01:00,1.4781742968069147
2024,CO2/CO/NOx,2024-03-08 13:00:00+01:00,1.3796683958685882
2024,CO2/CO/NOx,2024-03-08 14:00:00+01:00,1.2911425376232555
2024,CO2/CO/NOx,2024-03-08 15:00:00+01:00,1.269569998928104
2024,CO2/CO/NOx,2024-03-08 16:00:00+01:00,1.2829213983360384
2024,CO2/CO/NOx,2024-03-08 17:00:00+01:00,1.3457561763205168
2024,CO2/CO/NOx,2024-03-08 18:00:00+01:00,1.4913387187153533
2024,CO2/CO/NOx,2024-03-08 19:00:00+01:00,1.6065104241043087
2024,CO2/CO/NOx,2024-03-08 20:00:00+01:00,1.6555623861422508
2024,CO2/CO/NOx,2024-03-08 21:00:00+01:00,1.6443228647764907
2024,CO2/CO/NOx,2024-03-08 22:00:00+01:00,1.593044604774029
2024,CO2/CO/NOx,2024-03-08 23:00:00+01:00,1.5258720593013821
2024,CO2/CO/NOx,2024-03-09 00:00:00+01:00,1.4423961539331027
2024,CO2/CO/NOx,2024-03-09 01:00:00+01:00,1.3783076026916399
2024,CO2/CO/NOx,2024-03-09 02:00:00+01:00,1.3524700893189514
2024,CO2/CO/NOx,2024-03-09 03:00:00+01:00,1.4173015251776842
2024,CO2/CO/NOx,2024-03-09 04:00:00+01:00,1.4905751881599767
2024,CO2/CO/NOx,2024-03-09 05:00:00+01:00,1.5639679590201712
2024,CO2/CO/NOx,2024-03-09 06:00:00+01:00,1.6522820568965397
2024,CO2/CO/NOx,2024-03-09 07:00:00+01:00,1.675257331224559
2024,CO2/CO/NOx,2024-03-09 08:00:00+01:00,1.6356909173295444
2024,CO2/CO/NOx,2024-03-09 09:00:00+01:00,1.5083853126792848
2024,CO2/CO/NOx,2024-03-09 10:00:00+01:00,1.3619447379193947
2024,CO2/CO/NOx,2024-03-09 11:00:00+01:00,1.1898015368423944
2024,CO2/CO/NOx,2024-03-09 12:00:00+01:00,1.0466763593706612
2024,CO2/CO/NOx,2024-03-09 13:00:00+01:00,0.9503526957383565
2024,CO2/CO/NOx,2024-03-09 14:00:00+01:00,0.9174704384983949
2024,CO2/CO/NOx,2024-03-09 15:00:00+01:00,0.9799254250489946
2024,CO2/CO/NOx,2024-03-09 16:00:00+01:00,1.0380588597681206
2024,CO2/CO/NOx,2024-03-09 17:00:00+01:00,1.1160371954606905
2024,CO2/CO/NOx,2024-03-09 18:00:00+01:00,1.1905700749113552
2024,CO2/CO/NOx,2024-03-09 19:00:00+01:00,1.2157684491291272
2024,CO2/CO/NOx,2024-03-09 20:00:00+01:00,1.1994040382394613
2024,CO2/CO/NOx,2024-03-09 21:00:00+01:00,1.1346524161110612
2024,CO2/CO/NOx,2024-03-09 22:00:00+01:00,1.0387282064831795
2024,CO2/CO/NOx,2024-03-09 23:00:00+01:00,0.9521224868754629
2024,CO2/CO/NOx,2024-03-10 00:00:00+01:00,0.8938012157061224
2024,CO2/CO/NOx,2024-03-10 01:00:00+01:00,0.8675310730361234
2024,CO2/CO/NOx,2024-03-10 02:00:00+01:00,0.894682859422096
2024,CO2/CO/NOx,2024-03-10 03:00:00+01:00,0.9621542054544545
2024,CO2/CO/NOx,2024-03-10 04:00:00+01:00,1.0528326470092848
2024,CO2/CO/NOx,2024-03-10 05:00:00+01:00,1.1361801561035465
2024,CO2/CO/NOx,2024-03-10 06:00:00+01:00,1.191997337151218
2024,CO2/CO/NOx,2024-03-10 07:00:00+01:00,1.2088314098222956
2024,CO2/CO/NOx,2024-03-10 08:00:00+01:00,1.1942313732560783
2024,CO2/CO/NOx,2024-03-10 09:00:00+01:00,1.1303450024737158
2024,CO2/CO/NOx,2024-03-10 10:00:00+01:00,1.0355399158476746
2024,CO2/CO/NOx,2024-03-10 11:00:00+01:00,0.9266597094101264
2024,CO2/CO/NOx,2024-03-10 12:00:00+01:00,0.827461078565411
2024,CO2/CO/NOx,2024-03-10 13:00:00+01:00,0.754808319841976
2024,CO2/CO/NOx,2024-03-10 14:00:00+01:00,0.694522717415912
2024,CO2/CO/NOx,2024-03-10 15:00:00+01:00,0.7058064915194963
2024,CO2/CO/NOx,2024-03-10 16:00:00+01:00,0.7671623520654978
2024,CO2/CO/NOx,2024-03-10 17:00:00+01:00,0.8588002020330967
2024,CO2/CO/NOx,2024-03-10 18:00:00+01:00,0.9816844252347383
2024,CO2/CO/NOx,2024-03-10 19:00:00+01:00,1.084894370603561
2024,CO2/CO/NOx,2024-03-10 20:00:00+01:00,1.1402217291419654
2024,CO2/CO/NOx,2024-03-10 21:00:00+01:00,1.1671030570570289
2024,CO2/CO/NOx,2024-03-10 22:00:00+01:00,1.1513521077973594
2024,CO2/CO/NOx,2024-03-10 23:00:00+01:00,1.1185432291018016
2024,CO2/CO/NOx,2024-03-11 00:00:00+01:00,1.0799198667133483
2024,CO2/CO/NOx,2024-03-11 01:00:00+01:00,1.0721344455690458
2024,CO2/CO/NOx,2024-03-11 02:00:00+01:00,1.1012567564932978
2024,CO2/CO/NOx,2024-03-11 03:00:00+01:00,1.1690252956817597
2024,CO2/CO/NOx,2024-03-11 04:00:00+01:00,1.2469119286301908
2024,CO2/CO/NOx,2024-03-11 05:00:00+01:00,1.3165616898757297
2024,CO2/CO/NOx,2024-03-11 06:00:00+01:00,1.3940043633179418
2024,CO2/CO/NOx,2024-03-11 07:00:00+01:00,1.3992849271389953
2024,CO2/CO/NOx,2024-03-11 08:00:00+01:00,1.3468071167194788
2024,CO2/CO/NOx,2024-03-11 09:00:00+01:00,1.2477534700340411
2024,CO2/CO/NOx,2024-03-11 10:00:00+01:00,1.150112594198052
2024,CO2/CO/NOx,2024-03-11 11:00:00+01:00,1.0497399552992601
2024,CO2/CO/NOx,2024-03-11 12:00:00+01:00,0.9563198637053872
2024,CO2/CO/NOx,2024-03-11 13:00:00+01:00,0.9132570985467359
2024,CO2/CO/NOx,2024-03-11 14:00:00+01:00,0.9020056083766687
2024,CO2/CO/NOx,2024-03-11 15:00:00+01:00,0.9509272710360678
2024,CO2/CO/NOx,2024-03-11 16:00:00+01:00,0.9993662199214202
2024,CO2/CO/NOx,2024-03-11 17:00:00+01:00,1.0558953150799528
2024,CO2/CO/NOx,2024-03-11 18:00:00+01:00,1.1372117648951272
2024,CO2/CO/NOx,2024-03-11 19:00:00+01:00,1.1707891529619434
2024,CO2/CO/NOx,2024-03-11 20:00:00+01:00,1.155685050569291
2024,CO2/CO/NOx,2024-03-11 21:00:00+01:00,1.1194747168646675
2024,CO2/CO/NOx,2024-03-11 22:00:00+01:00,1.0834289153351297
2024,CO2/CO/NOx,2024-03-11 23:00:00+01:00,1.052205299326747
2024,CO2/CO/NOx,2024-03-12 00:00:00+01:00,1.0372479836330197
2024,CO2/CO/NOx,2024-03-12 01:00:00+01:00,1.0509312869548069
2024,CO2/CO/NOx,2024-03-12 02:00:00+01:00,1.0928410842506555
2024,CO2/CO/NOx,2024-03-12 03:00:00+01:00,1.1671557900842082
2024,CO2/CO/NOx,2024-03-12 04:00:00+01:00,1.220179491364633
2024,CO2/CO/NOx,2024-03-12 05:00:00+01:00,1.2626591004891368
2024,CO2/CO/NOx,2024-03-12 06:00:00+01:00,1.2930491386454666
2024,CO2/CO/NOx,2024-03-12 07:00:00+01:00,1.2939026350634981
2024,CO2/CO/NOx,2024-03-12 08:00:00+01:00,1.283838701188044
2024,CO2/CO/NOx,2024-03-12 09:00:00+01:00,1.2516687615144533
2024,CO2/CO/NOx,2024-03-12 10:00:00+01:00,1.2232879971130057
2024,CO2/CO/NOx,2024-03-12 11:00:00+01:00,1.1949630015585222
2024,CO2/CO/NOx,2024-03-12 12:00:00+01:00,1.1673000929465818
2024,CO2/CO/NOx,2024-03-12 13:00:00+01:00,1.1496646826821695
2024,CO2/CO/NOx,2024-03-12 14:00:00+01:00,1.1434205341668724
2024,CO2/CO/NOx,2024-03-12 15:00:00+01:00,1.1599403747626076
2024,CO2/CO/NOx,2024-03-12 16:00:00+01:00,1.1813260437337296
2024,CO2/CO/NOx,2024-03-12 17:00:00+01:00,1.221675063893307
2024,CO2/CO/NOx,2024-03-12 18:00:00+01:00,1.281406596567892
2024,CO2/CO/NOx,2024-03-12 19:00:00+01:00,1.2977510554669538
2024,CO2/CO/NOx,2024-03-12 20:00:00+01:00,1.285916829055468
2024,CO2/CO/NOx,2024-03-12 21:00:00+01:00,1.2466950541452408
2024,CO2/CO/NOx,2024-03-12 22:00:00+01:00,1.1927876492105542
2024,CO2/CO/NOx,2024-03-12 23:00:00+01:00,1.146290904301277
2024,CO2/CO/NOx,2024-03-13 00:00:00+01:00,1.1179016951819336
2024,CO2/CO/NOx,2024-03-13 01:00:00+01:00,1.1206906184538725
2024,CO2/CO/NOx,2024-03-13 02:00:00+01:00,1.1532434345220142
2024,CO2/CO/NOx,2024-03-13 03:00:00+01:00,1.2234939570706793
2024,CO2/CO/NOx,2024-03-13 04:00:00+01:00,1.2965046370349882
2024,CO2/CO/NOx,2024-03-13 05:00:00+01:00,1.375826600905505
2024,CO2/CO/NOx,2024-03-13 06:00:00+01:00,1.4340589248708993
2024,CO2/CO/NOx,2024-03-13 07:00:00+01:00,1.4653355476872165
2024,CO2/CO/NOx,2024-03-13 08:00:00+01:00,1.462789534080085
2024,CO2/CO/NOx,2024-03-13 09:00:00+01:00,1.4206444518826578
2024,CO2/CO/NOx,2024-03-13 10:00:00+01:00,1.3700708963431785
2024,CO2/CO/NOx,2024-03-13 11:00:00+01:00,1.3010386611006715
2024,CO2/CO/NOx,2024-03-13 12:00:00+01:00,1.236602335424642
2024,CO2/CO/NOx,2024-03-13 13:00:00+01:00,1.1935451929355412
2024,CO2/CO/NOx,2024-03-13 14:00:00+01:00,1.1706771130358156
2024,CO2/CO/NOx,2024-03-13 15:00:00+01:00,1.1726966711275064
2024,CO2/CO/NOx,2024-03-13 16:00:00+01:00,1.18779028482245
2024,CO2/CO/NOx,2024-03-13 17:00:00+01:00,1.2038567793986175
2024,CO2/CO/NOx,2024-03-13 18:00:00+01:00,1.2448373916115347
2024,CO2/CO/NOx,2024-03-13 19:00:00+01:00,1.2530249796505248
2024,CO2/CO/NOx,2024-03-13 20:00:00+01:00,1.2323000002458284
2024,CO2/CO/NOx,2024-03-13 21:00:00+01:00,1.1897195828823983
2024,CO2/CO/NOx,2024-03-13 22:00:00+01:00,1.1398363212876987
2024,CO2/CO/NOx,2024-03-13 23:00:00+01:00,1.0782371023156632
2024,CO2/CO/NOx,2024-03-14 00:00:00+01:00,1.024069631007275
2024,CO2/CO/NOx,2024-03-14 01:00:00+01:00,1.006340526525844
2024,CO2/CO/NOx,2024-03-14 02:00:00+01:00,1.043136937107692
2024,CO2/CO/NOx,2024-03-14 03:00:00+01:00,1.1290243967859022
2024,CO2/CO/NOx,2024-03-14 04:00:00+01:00,1.2090039912688375
2024,CO2/CO/NOx,2024-03-14 05:00:00+01:00,1.2756069165592172
2024,CO2/CO/NOx,2024-03-14 06:00:00+01:00,1.3180765243175758
2024,CO2/CO/NOx,2024-03-14 07:00:00+01:00,1.3168864941593057
2024,CO2/CO/NOx,2024-03-14 08:00:00+01:00,1.2560577751099868
2024,CO2/CO/NOx,2024-03-14 09:00:00+01:00,1.1542846629651007
2024,CO2/CO/NOx,2024-03-14 10:00:00+01:00,1.0590610836891092
2024,CO2/CO/NOx,2024-03-14 11:00:00+01:00,0.9676992173445407
2024,CO2/CO/NOx,2024-03-14 12:00:00+01:00,0.8971572255610754
2024,CO2/CO/NOx,2024-03-14 13:00:00+01:00,0.8653697967157453
2024,CO2/CO/NOx,2024-03-14 14:00:00+01:00,0.8775814665471409
2024,CO2/CO/NOx,2024-03-14 15:00:00+01:00,0.9206900937590704
2024,CO2/CO/NOx,2024-03-14 16:00:00+01:00,0.9578691206672412
2024,CO2/CO/NOx,2024-03-14 17:00:00+01:00,0.9939955346483996
2024,CO2/CO/NOx,2024-03-14 18:00:00+01:00,1.0395417467823052
2024,CO2/CO/NOx,2024-03-14 19:00:00+01:00,1.0323504939459154
2024,CO2/CO/NOx,2024-03-14 20:00:00+01:00,0.9805519796477266
2024,CO2/CO/NOx,2024-03-14 21:00:00+01:00,0.9190620954433883
2024,CO2/CO/NOx,2024-03-14 22:00:00+01:00,0.865837020208095
2024,CO2/CO/NOx,2024-03-14 23:00:00+01:00,0.8343705522485111
2024,CO2/CO/NOx,2024-03-15 00:00:00+01:00,0.8065154607248963
2024,CO2/CO/NOx,2024-03-15 01:00:00+01:00,0.7979929201695897
2024,CO2/CO/NOx,2024-03-15 02:00:00+01:00,0.8281311434009566
2024,CO2/CO/NOx,2024-03-15 03:00:00+01:00,0.8940136453427688
2024,CO2/CO/NOx,2024-03-15 04:00:00+01:00,0.9229679895794201
2024,CO2/CO/NOx,2024-03-15 05:00:00+01:00,0.9589991168172869
2024,CO2/CO/NOx,2024-03-15 06:00:00+01:00,0.9895751682096694
2024,CO2/CO/NOx,2024-03-15 07:00:00+01:00,0.9949307277390091
2024,CO2/CO/NOx,2024-03-15 08:00:00+01:00,0.9670555325950816
2024,CO2/CO/NOx,2024-03-15 09:00:00+01:00,0.9172173136171176
2024,CO2/CO/NOx,2024-03-15 10:00:00+01:00,0.8673662916037559
2024,CO2/CO/NOx,2024-03-15 11:00:00+01:00,0.8186273173426437
2024,CO2/CO/NOx,2024-03-15 12:00:00+01:00,0.7677067474622303
2024,CO2/CO/NOx,2024-03-15 13:00:00+01:00,0.7194860616405306
2024,CO2/CO/NOx,2024-03-15 14:00:00+01:00,0.7218793192262972
2024,CO2/CO/NOx,2024-03-15 15:00:00+01:00,0.7469696973597824
2024,CO2/CO/NOx,2024-03-15 16:00:00+01:00,0.7828146399250847
2024,CO2/CO/NOx,2024-03-15 17:00:00+01:00,0.8157247829734529
2024,CO2/CO/NOx,2024-03-15 18:00:00+01:00,0.8569059428764747
2024,CO2/CO/NOx,2024-03-15 19:00:00+01:00,0.8681130693383348
2024,CO2/CO/NOx,2024-03-15 20:00:00+01:00,0.8652482790984342
2024,CO2/CO/NOx,2024-03-15 21:00:00+01:00,0.8443248007793696
2024,CO2/CO/NOx,2024-03-15 22:00:00+01:00,0.7976618732132891
2024,CO2/CO/NOx,2024-03-15 23:00:00+01:00,0.777433029165343
2024,CO2/CO/NOx,2024-03-16 00:00:00+01:00,0.7674529755784785
2024,CO2/CO/NOx,2024-03-16 01:00:00+01:00,0.7870144354839063
2024,CO2/CO/NOx,2024-03-16 02:00:00+01:00,0.8379637442568241
2024,CO2/CO/NOx,2024-03-16 03:00:00+01:00,0.9192273938214118
2024,CO2/CO/NOx,2024-03-16 04:00:00+01:00,0.993169814415639
2024,CO2/CO/NOx,2024-03-16 05:00:00+01:00,1.045375077887377
2024,CO2/CO/NOx,2024-03-16 06:00:00+01:00,1.0728487139710183
2024,CO2/CO/NOx,2024-03-16 07:00:00+01:00,1.05029158197508
2024,CO2/CO/NOx,2024-03-16 08:00:00+01:00,1.0120872004975612
2024,CO2/CO/NOx,2024-03-16 09:00:00+01:00,0.9463910265671127
2024,CO2/CO/NOx,2024-03-16 10:00:00+01:00,0.8861892732259893
2024,CO2/CO/NOx,2024-03-16 11:00:00+01:00,0.8751037372159176
2024,CO2/CO/NOx,2024-03-16 12:00:00+01:00,0.8869900110030857
2024,CO2/CO/NOx,2024-03-16 13:00:00+01:00,0.9177965309570716
2024,CO2/CO/NOx,2024-03-16 14:00:00+01:00,0.9486813354786721
2024,CO2/CO/NOx,2024-03-16 15:00:00+01:00,1.0102549678461956
2024,CO2/CO/NOx,2024-03-16 16:00:00+01:00,1.0636986450842372
2024,CO2/CO/NOx,2024-03-16 17:00:00+01:00,1.099399055426034
2024,CO2/CO/NOx,2024-03-16 18:00:00+01:00,1.1090141544988048
2024,CO2/CO/NOx,2024-03-16 19:00:00+01:00,1.0952961770879337
2024,CO2/CO/NOx,2024-03-16 20:00:00+01:00,1.0846766859121388
2024,CO2/CO/NOx,2024-03-16 21:00:00+01:00,1.0402354496656196
2024,CO2/CO/NOx,2024-03-16 22:00:00+01:00,1.0046074012382744
2024,CO2/CO/NOx,2024-03-16 23:00:00+01:00,0.9973157171209873
2024,CO2/CO/NOx,2024-03-17 00:00:00+01:00,1.010611270302465
2024,CO2/CO/NOx,2024-03-17 01:00:00+01:00,1.036092876909024
2024,CO2/CO/NOx,2024-03-17 02:00:00+01:00,1.080485113710262
2024,CO2/CO/NOx,2024-03-17 03:00:00+01:00,1.134513637414943
2024,CO2/CO/NOx,2024-03-17 04:00:00+01:00,1.2037153846291515
2024,CO2/CO/NOx,2024-03-17 05:00:00+01:00,1.2425409867151722
2024,CO2/CO/NOx,2024-03-17 06:00:00+01:00,1.2367409000627345
2024,CO2/CO/NOx,2024-03-17 07:00:00+01:00,1.2093253082038848
2024,CO2/CO/NOx,2024-03-17 08:00:00+01:00,1.1523410618514625
2024,CO2/CO/NOx,2024-03-17 09:00:00+01:00,1.060583813285962
2024,CO2/CO/NOx,2024-03-17 10:00:00+01:00,0.9730501645143615
2024,CO2/CO/NOx,2024-03-17 11:00:00+01:00,0.9121900894832854
2024,CO2/CO/NOx,2024-03-17 12:00:00+01:00,0.871801282225665
2024,CO2/CO/NOx,2024-03-17 13:00:00+01:00,0.8958448455474586
2024,CO2/CO/NOx,2024-03-17 14:00:00+01:00,0.922876558635785
2024,CO2/CO/NOx,2024-03-17 15:00:00+01:00,0.9673838506342932
2024,CO2/CO/NOx,2024-03-17 16:00:00+01:00,1.0149483557849752
2024,CO2/CO/NOx,2024-03-17 17:00:00+01:00,1.0542648490842281
2024,CO2/CO/NOx,2024-03-17 18:00:00+01:00,1.0772409298961558
2024,CO2/CO/NOx,2024-03-17 19:00:00+01:00,1.0636442285473784
2024,CO2/CO/NOx,2024-03-17 20:00:00+01:00,1.0187366939824007
2024,CO2/CO/NOx,2024-03-17 21:00:00+01:00,0.9418440161404404
2024,CO2/CO/NOx,2024-03-17 22:00:00+01:00,0.8669647774784461
2024,CO2/CO/NOx,2024-03-17 23:00:00+01:00,0.8002157519948649
2024,CO2/CO/NOx,2024-03-18 00:00:00+01:00,0.7422477301076444
2024,CO2/CO/NOx,2024-03-18 01:00:00+01:00,0.7337723287621208
2024,CO2/CO/NOx,2024-03-18 02:00:00+01:00,0.7725175278755079
2024,CO2/CO/NOx,2024-03-18 03:00:00+01:00,0.8411548309227594
2024,CO2/CO/NOx,2024-03-18 04:00:00+01:00,0.9137023438313232
2024,CO2/CO/NOx,2024-03-18 05:00:00+01:00,0.9851719157471375
2024,CO2/CO/NOx,2024-03-18 06:00:00+01:00,1.0404262735886436
2024,CO2/CO/NOx,2024-03-18 07:00:00+01:00,1.0606927370884145
2024,CO2/CO/NOx,2024-03-18 08:00:00+01:00,1.0561657435007912
2024,CO2/CO/NOx,2024-03-18 09:00:00+01:00,1.0161727175808624
2024,CO2/CO/NOx,2024-03-18 10:00:00+01:00,0.992866686186322
2024,CO2/CO/NOx,2024-03-18 11:00:00+01:00,0.9738634534472158
2024,CO2/CO/NOx,2024-03-18 12:00:00+01:00,0.9642218758512322
2024,CO2/CO/NOx,2024-03-18 13:00:00+01:00,0.9705498699723943
2024,CO2/CO/NOx,2024-03-18 14:00:00+01:00,0.9937874330550907
2024,CO2/CO/NOx,2024-03-18 15:00:00+01:00,1.0337053727457368
2024,CO2/CO/NOx,2024-03-18 16:00:00+01:00,1.0652190036327198
2024,CO2/CO/NOx,2024-03-18 17:00:00+01:00,1.0913585247391362
2024,CO2/CO/NOx,2024-03-18 18:00:00+01:00,1.125100844045701
2024,CO2/CO/NOx,2024-03-18 19:00:00+01:00,1.1375015841890828
2024,CO2/CO/NOx,2024-03-18 20:00:00+01:00,1.1276472581149628
2024,CO2/CO/NOx,2024-03-18 21:00:00+01:00,1.0984805390171535
2024,CO2/CO/NOx,2024-03-18 22:00:00+01:00,1.0574820984305422
2024,CO2/CO/NOx,2024-03-18 23:00:00+01:00,1.0234348838456548
2024,CO2/CO/NOx,2024-03-19 00:00:00+01:00,0.9910174689572826
2024,CO2/CO/NOx,2024-03-19 01:00:00+01:00,0.9807832330570377
2024,CO2/CO/NOx,2024-03-19 02:00:00+01:00,1.0107593656589255
2024,CO2/CO/NOx,2024-03-19 03:00:00+01:00,1.0774585832725954
2024,CO2/CO/NOx,2024-03-19 04:00:00+01:00,1.1492817787549983
2024,CO2/CO/NOx,2024-03-19 05:00:00+01:00,1.216637684345428
2024,CO2/CO/NOx,2024-03-19 06:00:00+01:00,1.266615200301467
2024,CO2/CO/NOx,2024-03-19 07:00:00+01:00,1.2765971057107686
2024,CO2/CO/NOx,2024-03-19 08:00:00+01:00,1.246267751227881
2024,CO2/CO/NOx,2024-03-19 09:00:00+01:00,1.166939738246005
2024,CO2/CO/NOx,2024-03-19 10:00:00+01:00,1.0905581412748242
2024,CO2/CO/NOx,2024-03-19 11:00:00+01:00,1.0249181010423536
2024,CO2/CO/NOx,2024-03-19 12:00:00+01:00,0.9620294482942192
2024,CO2/CO/NOx,2024-03-19 13:00:00+01:00,0.9165213929626533
2024,CO2/CO/NOx,2024-03-19 14:00:00+01:00,0.8837543716239998
2024,CO2/CO/NOx,2024-03-19 15:00:00+01:00,0.8764730135360579
2024,CO2/CO/NOx,2024-03-19 16:00:00+01:00,0.8873449224276105
2024,CO2/CO/NOx,2024-03-19 17:00:00+01:00,0.9131514045084074
2024,CO2/CO/NOx,2024-03-19 18:00:00+01:00,0.9646109590347791
2024,CO2/CO/NOx,2024-03-19 19:00:00+01:00,1.0065841836596918
2024,CO2/CO/NOx,2024-03-19 20:00:00+01:00,1.0204113282560965
2024,CO2/CO/NOx,2024-03-19 21:00:00+01:00,1.010196764933041
2024,CO2/CO/NOx,2024-03-19 22:00:00+01:00,0.989187474673479
2024,CO2/CO/NOx,2024-03-19 23:00:00+01:00,0.9860464286394188
2024,CO2/CO/NOx,2024-03-20 00:00:00+01:00,0.9935127031971254
2024,CO2/CO/NOx,2024-03-20 01:00:00+01:00,1.0486778060778084
2024,CO2/CO/NOx,2024-03-20 02:00:00+01:00,1.1413847637537002
2024,CO2/CO/NOx,2024-03-20 03:00:00+01:00,1.2602495077055762
2024,CO2/CO/NOx,2024-03-20 04:00:00+01:00,1.3434944637003334
2024,CO2/CO/NOx,2024-03-20 05:00:00+01:00,1.3613018289122107
2024,CO2/CO/NOx,2024-03-20 06:00:00+01:00,1.3318871365126412
2024,CO2/CO/NOx,2024-03-20 07:00:00+01:00,1.2643810749701863
2024,CO2/CO/NOx,2024-03-20 08:00:00+01:00,1.1571860946240282
2024,CO2/CO/NOx,2024-03-20 09:00:00+01:00,1.0195522053249655
2024,CO2/CO/NOx,2024-03-20 10:00:00+01:00,0.9159944773480044
2024,CO2/CO/NOx,2024-03-20 11:00:00+01:00,0.8463081800043968
2024,CO2/CO/NOx,2024-03-20 12:00:00+01:00,0.8109281769918485
2024,CO2/CO/NOx,2024-03-20 13:00:00+01:00,0.8316318289212018
2024,CO2/CO/NOx,2024-03-20 14:00:00+01:00,0.8850667110702033
2024,CO2/CO/NOx,2024-03-20 15:00:00+01:00,0.9746137184550219
2024,CO2/CO/NOx,2024-03-20 16:00:00+01:00,1.0415549256799912
2024,CO2/CO/NOx,2024-03-20 17:00:00+01:00,1.0845305987686906
2024,CO2/CO/NOx,2024-03-20 18:00:00+01:00,1.0985795893633021
2024,CO2/CO/NOx,2024-03-20 19:00:00+01:00,1.07092349789123
2024,CO2/CO/NOx,2024-03-20 20:00:00+01:00,1.007837558067466
2024,CO2/CO/NOx,2024-03-20 21:00:00+01:00,0.9197246984417787
2024,CO2/CO/NOx,2024-03-20 22:00:00+01:00,0.8631319947322444
2024,CO2/CO/NOx,2024-03-20 23:00:00+01:00,0.8480256628889971
2024,CO2/CO/NOx,2024-03-21 00:00:00+01:00,0.8579416540624556
2024,CO2/CO/NOx,2024-03-21 01:00:00+01:00,0.8904576971247687
2024,CO2/CO/NOx,2024-03-21 02:00:00+01:00,0.9712292614986631
2024,CO2/CO/NOx,2024-03-21 03:00:00+01:00,1.0498878483168914
2024,CO2/CO/NOx,2024-03-21 04:00:00+01:00,1.110446010904172
2024,CO2/CO/NOx,2024-03-21 05:00:00+01:00,1.140456491723529
2024,CO2/CO/NOx,2024-03-21 06:00:00+01:00,1.120813012284822
2024,CO2/CO/NOx,2024-03-21 07:00:00+01:00,1.0818754267757114
2024,CO2/CO/NOx,2024-03-21 08:00:00+01:00,1.0348954632540657
2024,CO2/CO/NOx,2024-03-21 09:00:00+01:00,0.9865632920173336
2024,CO2/CO/NOx,2024-03-21 10:00:00+01:00,0.9594588031285115
2024,CO2/CO/NOx,2024-03-21 11:00:00+01:00,0.9159267112413764
2024,CO2/CO/NOx,2024-03-21 12:00:00+01:00,0.9069369569206595
2024,CO2/CO/NOx,2024-03-21 13:00:00+01:00,0.924990291772789
2024,CO2/CO/NOx,2024-03-21 14:00:00+01:00,0.9393580950279611
2024,CO2/CO/NOx,2024-03-21 15:00:00+01:00,0.9594813231266363
2024,CO2/CO/NOx,2024-03-21 16:00:00+01:00,0.97177449423026
2024,CO2/CO/NOx,2024-03-21 17:00:00+01:00,0.9845180400825697
2024,CO2/CO/NOx,2024-03-21 18:00:00+01:00,1.008239345678551
2024,CO2/CO/NOx,2024-03-21 19:00:00+01:00,1.000204736596769
2024,CO2/CO/NOx,2024-03-21 20:00:00+01:00,0.9618101877750241
2024,CO2/CO/NOx,2024-03-21 21:00:00+01:00,0.9680224855373291
2024,CO2/CO/NOx,2024-03-21 22:00:00+01:00,0.9816680184513994
2024,CO2/CO/NOx,2024-03-21 23:00:00+01:00,0.9964179460060781
2024,CO2/CO/NOx,2024-03-22 00:00:00+01:00,1.0098135803709236
2024,CO2/CO/NOx,2024-03-22 01:00:00+01:00,1.032334261020381
2024,CO2/CO/NOx,2024-03-22 02:00:00+01:00,1.0737210197983476
2024,CO2/CO/NOx,2024-03-22 03:00:00+01:00,1.1396002423761165
2024,CO2/CO/NOx,2024-03-22 04:00:00+01:00,1.1717648455276646
2024,CO2/CO/NOx,2024-03-22 05:00:00+01:00,1.179313564293927
2024,CO2/CO/NOx,2024-03-22 06:00:00+01:00,1.1696378246066357
2024,CO2/CO/NOx,2024-03-22 07:00:00+01:00,1.1345802213255483
2024,CO2/CO/NOx,2024-03-22 08:00:00+01:00,1.062554033450362
2024,CO2/CO/NOx,2024-03-22 09:00:00+01:00,0.965927988554335
2024,CO2/CO/NOx,2024-03-22 10:00:00+01:00,0.9061700045616978
2024,CO2/CO/NOx,2024-03-22 11:00:00+01:00,0.8523507095921126
2024,CO2/CO/NOx,2024-03-22 12:00:00+01:00,0.8351870689217813
2024,CO2/CO/NOx,2024-03-22 13:00:00+01:00,0.8437873597068026
2024,CO2/CO/NOx,2024-03-22 14:00:00+01:00,0.8741452537260249
2024,CO2/CO/NOx,2024-03-22 15:00:00+01:00,0.8986334446503448
2024,CO2/CO/NOx,2024-03-22 16:00:00+01:00,0.9137917920455401
2024,CO2/CO/NOx,2024-03-22 17:00:00+01:00,0.9149553113985017
2024,CO2/CO/NOx,2024-03-22 18:00:00+01:00,0.9087598171426842
2024,CO2/CO/NOx,2024-03-22 19:00:00+01:00,0.8772491757547516
2024,CO2/CO/NOx,2024-03-22 20:00:00+01:00,0.8090074329129046
2024,CO2/CO/NOx,2024-03-22 21:00:00+01:00,0.7595228039470391
2024,CO2/CO/NOx,2024-03-22 22:00:00+01:00,0.7395601784420379
2024,CO2/CO/NOx,2024-03-22 23:00:00+01:00,0.723161177279344
2024,CO2/CO/NOx,2024-03-23 00:00:00+01:00,0.6954598432549869
2024,CO2/CO/NOx,2024-03-23 01:00:00+01:00,0.6820174625123472
2024,CO2/CO/NOx,2024-03-23 02:00:00+01:00,0.7034962425469274
2024,CO2/CO/NOx,2024-03-23 03:00:00+01:00,0.735139689527295
2024,CO2/CO/NOx,2024-03-23 04:00:00+01:00,0.7416660131605619
2024,CO2/CO/NOx,2024-03-23 05:00:00+01:00,0.7665419766631417
2024,CO2/CO/NOx,2024-03-23 06:00:00+01:00,0.8083142221454938
2024,CO2/CO/NOx,2024-03-23 07:00:00+01:00,0.8561552239080159
2024,CO2/CO/NOx,2024-03-23 08:00:00+01:00,0.8995961826109513
2024,CO2/CO/NOx,2024-03-23 09:00:00+01:00,0.9359302149910234
2024,CO2/CO/NOx,2024-03-23 10:00:00+01:00,0.964364805177915
2024,CO2/CO/NOx,2024-03-23 11:00:00+01:00,1.006590456985408
2024,CO2/CO/NOx,2024-03-23 12:00:00+01:00,1.033448749017313
2024,CO2/CO/NOx,2024-03-23 13:00:00+01:00,1.0436423855560863
2024,CO2/CO/NOx,2024-03-23 14:00:00+01:00,1.0792552540130098
2024,CO2/CO/NOx,2024-03-23 15:00:00+01:00,1.1228956300067048
2024,CO2/CO/NOx,2024-03-23 16:00:00+01:00,1.1715219342463323
2024,CO2/CO/NOx,2024-03-23 17:00:00+01:00,1.2199817569143758
2024,CO2/CO/NOx,2024-03-23 18:00:00+01:00,1.2720703590861124
2024,CO2/CO/NOx,2024-03-23 19:00:00+01:00,1.299331989466912
2024,CO2/CO/NOx,2024-03-23 20:00:00+01:00,1.3130937038526418
2024,CO2/CO/NOx,2024-03-23 21:00:00+01:00,1.311470274672537
2024,CO2/CO/NOx,2024-03-23 22:00:00+01:00,1.28724487663755
2024,CO2/CO/NOx,2024-03-23 23:00:00+01:00,1.2741496005900521
2024,CO2/CO/NOx,2024-03-24 00:00:00+01:00,1.2714142222087679
2024,CO2/CO/NOx,2024-03-24 01:00:00+01:00,1.2872730079699453
2024,CO2/CO/NOx,2024-03-24 02:00:00+01:00,1.3214875927239034
2024,CO2/CO/NOx,2024-03-24 03:00:00+01:00,1.3712731385061725
2024,CO2/CO/NOx,2024-03-24 04:00:00+01:00,1.406075938444986
2024,CO2/CO/NOx,2024-03-24 05:00:00+01:00,1.4444157335539767
2024,CO2/CO/NOx,2024-03-24 06:00:00+01:00,1.4964954896528202
2024,CO2/CO/NOx,2024-03-24 07:00:00+01:00,1.5341108842482112
2024,CO2/CO/NOx,2024-03-24 08:00:00+01:00,1.5670386661591964
2024,CO2/CO/NOx,2024-03-24 09:00:00+01:00,1.5865848486609404
2024,CO2/CO/NOx,2024-03-24 10:00:00+01:00,1.6026788726423968
2024,CO2/CO/NOx,2024-03-24 11:00:00+01:00,1.608781038323069
2024,CO2/CO/NOx,2024-03-24 12:00:00+01:00,1.593270093233768
2024,CO2/CO/NOx,2024-03-24 13:00:00+01:00,1.5702873681544691
2024,CO2/CO/NOx,2024-03-24 14:00:00+01:00,1.5740450381005935
2024,CO2/CO/NOx,2024-03-24 15:00:00+01:00,1.611438528611663
2024,CO2/CO/NOx,2024-03-24 16:00:00+01:00,1.6550589005142617
2024,CO2/CO/NOx,2024-03-24 17:00:00+01:00,1.6904910025420734
2024,CO2/CO/NOx,2024-03-24 18:00:00+01:00,1.7332325473362244
2024,CO2/CO/NOx,2024-03-24 19:00:00+01:00,1.7339264607934528
2024,CO2/CO/NOx,2024-03-24 20:00:00+01:00,1.6978249496644524
2024,CO2/CO/NOx,2024-03-24 21:00:00+01:00,1.6373529403898057
2024,CO2/CO/NOx,2024-03-24 22:00:00+01:00,1.5663322358029321
2024,CO2/CO/NOx,2024-03-24 23:00:00+01:00,1.5145907670668206
2024,CO2/CO/NOx,2024-03-25 00:00:00+01:00,1.4625891752922433
2024,CO2/CO/NOx,2024-03-25 01:00:00+01:00,1.458918119338072
2024,CO2/CO/NOx,2024-03-25 02:00:00+01:00,1.499753137567911
2024,CO2/CO/NOx,2024-03-25 03:00:00+01:00,1.5923565488570446
2024,CO2/CO/NOx,2024-03-25 04:00:00+01:00,1.662209908622386
2024,CO2/CO/NOx,2024-03-25 05:00:00+01:00,1.7192598725574593
2024,CO2/CO/NOx,2024-03-25 06:00:00+01:00,1.75084477134863
2024,CO2/CO/NOx,2024-03-25 07:00:00+01:00,1.756894448792242
2024,CO2/CO/NOx,2024-03-25 08:00:00+01:00,1.7125050685288459
2024,CO2/CO/NOx,2024-03-25 09:00:00+01:00,1.6011751251304898
2024,CO2/CO/NOx,2024-03-25 10:00:00+01:00,1.4950038415743454
2024,CO2/CO/NOx,2024-03-25 11:00:00+01:00,1.381206412002985
2024,CO2/CO/NOx,2024-03-25 12:00:00+01:00,1.2676180398559256
2024,CO2/CO/NOx,2024-03-25 13:00:00+01:00,1.1788622226046621
2024,CO2/CO/NOx,2024-03-25 14:00:00+01:00,1.1370709785812574
2024,CO2/CO/NOx,2024-03-25 15:00:00+01:00,1.1312748058499427
2024,CO2/CO/NOx,2024-03-25 16:00:00+01:00,1.1988685788777194
2024,CO2/CO/NOx,2024-03-25 17:00:00+01:00,1.2794202151796235
2024,CO2/CO/NOx,2024-03-25 18:00:00+01:00,1.3714344741998903
2024,CO2/CO/NOx,2024-03-25 19:00:00+01:00,1.4312337733588028
2024,CO2/CO/NOx,2024-03-25 20:00:00+01:00,1.4489772168956856
2024,CO2/CO/NOx,2024-03-25 21:00:00+01:00,1.4297911957551688
2024,CO2/CO/NOx,2024-03-25 22:00:00+01:00,1.3887368083069933
2024,CO2/CO/NOx,2024-03-25 23:00:00+01:00,1.344943623934466
2024,CO2/CO/NOx,2024-03-26 00:00:00+01:00,1.2857441275842068
2024,CO2/CO/NOx,2024-03-26 01:00:00+01:00,1.299717588390575
2024,CO2/CO/NOx,2024-03-26 02:00:00+01:00,1.3711512849500704
2024,CO2/CO/NOx,2024-03-26 03:00:00+01:00,1.4557158340356355
2024,CO2/CO/NOx,2024-03-26 04:00:00+01:00,1.5256165328608868
2024,CO2/CO/NOx,2024-03-26 05:00:00+01:00,1.5895585898416082
2024,CO2/CO/NOx,2024-03-26 06:00:00+01:00,1.6328914157353827
2024,CO2/CO/NOx,2024-03-26 07:00:00+01:00,1.5972872718917162
2024,CO2/CO/NOx,2024-03-26 08:00:00+01:00,1.4992656159101363
2024,CO2/CO/NOx,2024-03-26 09:00:00+01:00,1.3548625129573257
2024,CO2/CO/NOx,2024-03-26 10:00:00+01:00,1.2269615405584822
2024,CO2/CO/NOx,2024-03-26 11:00:00+01:00,1.1164495959545986
2024,CO2/CO/NOx,2024-03-26 12:00:00+01:00,1.0039941607283978
2024,CO2/CO/NOx,2024-03-26 13:00:00+01:00,0.9439632664702048
2024,CO2/CO/NOx,2024-03-26 14:00:00+01:00,0.9274242299857448
2024,CO2/CO/NOx,2024-03-26 15:00:00+01:00,0.9565259664767561
2024,CO2/CO/NOx,2024-03-26 16:00:00+01:00,1.0013997178307843
2024,CO2/CO/NOx,2024-03-26 17:00:00+01:00,1.0537209738403763
2024,CO2/CO/NOx,2024-03-26 18:00:00+01:00,1.1416283376547378
2024,CO2/CO/NOx,2024-03-26 19:00:00+01:00,1.1843511818340018
2024,CO2/CO/NOx,2024-03-26 20:00:00+01:00,1.1757344897744506
2024,CO2/CO/NOx,2024-03-26 21:00:00+01:00,1.1199417039464925
2024,CO2/CO/NOx,2024-03-26 22:00:00+01:00,1.0708519489850596
2024,CO2/CO/NOx,2024-03-26 23:00:00+01:00,1.03085455608763
2024,CO2/CO/NOx,2024-03-27 00:00:00+01:00,1.0057788813925412
2024,CO2/CO/NOx,2024-03-27 01:00:00+01:00,1.0328435916871628
2024,CO2/CO/NOx,2024-03-27 02:00:00+01:00,1.100232706697436
2024,CO2/CO/NOx,2024-03-27 03:00:00+01:00,1.209178944690004
2024,CO2/CO/NOx,2024-03-27 04:00:00+01:00,1.2963337683175946
2024,CO2/CO/NOx,2024-03-27 05:00:00+01:00,1.3221928360764437
2024,CO2/CO/NOx,2024-03-27 06:00:00+01:00,1.3110876625073213
2024,CO2/CO/NOx,2024-03-27 07:00:00+01:00,1.2662835579016123
2024,CO2/CO/NOx,2024-03-27 08:00:00+01:00,1.1629604110217218
2024,CO2/CO/NOx,2024-03-27 09:00:00+01:00,1.0123820898720701
2024,CO2/CO/NOx,2024-03-27 10:00:00+01:00,0.8966078246724001
2024,CO2/CO/NOx,2024-03-27 11:00:00+01:00,0.8144563446728976
2024,CO2/CO/NOx,2024-03-27 12:00:00+01:00,0.7737097820500917
2024,CO2/CO/NOx,2024-03-27 13:00:00+01:00,0.7862482312296583
2024,CO2/CO/NOx,2024-03-27 14:00:00+01:00,0.8650261158887126
2024,CO2/CO/NOx,2024-03-27 15:00:00+01:00,0.9742831116204659
2024,CO2/CO/NOx,2024-03-27 16:00:00+01:00,1.0767502472356967
2024,CO2/CO/NOx,2024-03-27 17:00:00+01:00,1.1614729316447396
2024,CO2/CO/NOx,2024-03-27 18:00:00+01:00,1.2579881033485216
2024,CO2/CO/NOx,2024-03-27 19:00:00+01:00,1.3263991439446507
2024,CO2/CO/NOx,2024-03-27 20:00:00+01:00,1.337441566240503
2024,CO2/CO/NOx,2024-03-27 21:00:00+01:00,1.291291785616221
2024,CO2/CO/NOx,2024-03-27 22:00:00+01:00,1.2099956534875798
2024,CO2/CO/NOx,2024-03-27 23:00:00+01:00,1.1487057387113229
2024,CO2/CO/NOx,2024-03-28 00:00:00+01:00,1.0749322358860172
2024,CO2/CO/NOx,2024-03-28 01:00:00+01:00,1.054630396448962
2024,CO2/CO/NOx,2024-03-28 02:00:00+01:00,1.0991182239867194
2024,CO2/CO/NOx,2024-03-28 03:00:00+01:00,1.2099656350002386
2024,CO2/CO/NOx,2024-03-28 04:00:00+01:00,1.3395039958199568
2024,CO2/CO/NOx,2024-03-28 05:00:00+01:00,1.4216564623598928
2024,CO2/CO/NOx,2024-03-28 06:00:00+01:00,1.4360357717047545
2024,CO2/CO/NOx,2024-03-28 07:00:00+01:00,1.3826204807761422
2024,CO2/CO/NOx,2024-03-28 08:00:00+01:00,1.2888519905624372
2024,CO2/CO/NOx,2024-03-28 09:00:00+01:00,1.1679971706468764
2024,CO2/CO/NOx,2024-03-28 10:00:00+01:00,1.0938329132257771
2024,CO2/CO/NOx,2024-03-28 11:00:00+01:00,1.0719956165795559
2024,CO2/CO/NOx,2024-03-28 12:00:00+01:00,1.0936808515599843
2024,CO2/CO/NOx,2024-03-28 13:00:00+01:00,1.1629002950474006
2024,CO2/CO/NOx,2024-03-28 14:00:00+01:00,1.2433307923233554
2024,CO2/CO/NOx,2024-03-28 15:00:00+01:00,1.3262255484493173
2024,CO2/CO/NOx,2024-03-28 16:00:00+01:00,1.371591734388965
2024,CO2/CO/NOx,2024-03-28 17:00:00+01:00,1.388324343869835
2024,CO2/CO/NOx,2024-03-28 18:00:00+01:00,1.3940476511221749
2024,CO2/CO/NOx,2024-03-28 19:00:00+01:00,1.3756391806158952
2024,CO2/CO/NOx,2024-03-28 20:00:00+01:00,1.3355882912076926
2024,CO2/CO/NOx,2024-03-28 21:00:00+01:00,1.2930654060286275
2024,CO2/CO/NOx,2024-03-28 22:00:00+01:00,1.265860962793192
2024,CO2/CO/NOx,2024-03-28 23:00:00+01:00,1.2691995384579098
2024,CO2/CO/NOx,2024-03-29 00:00:00+01:00,1.2652606075371424
2024,CO2/CO/NOx,2024-03-29 01:00:00+01:00,1.2690828108571568
2024,CO2/CO/NOx,2024-03-29 02:00:00+01:00,1.3198399224472868
2024,CO2/CO/NOx,2024-03-29 03:00:00+01:00,1.4031227137160531
2024,CO2/CO/NOx,2024-03-29 04:00:00+01:00,1.4479932307438237
2024,CO2/CO/NOx,2024-03-29 05:00:00+01:00,1.4495115086651742
2024,CO2/CO/NOx,2024-03-29 06:00:00+01:00,1.4200021291248845
2024,CO2/CO/NOx,2024-03-29 07:00:00+01:00,1.34301461787645
2024,CO2/CO/NOx,2024-03-29 08:00:00+01:00,1.2167140501546245
2024,CO2/CO/NOx,2024-03-29 09:00:00+01:00,1.0883738267941951
2024,CO2/CO/NOx,2024-03-29 10:00:00+01:00,0.9994578359211657
2024,CO2/CO/NOx,2024-03-29 11:00:00+01:00,0.9694391123399696
2024,CO2/CO/NOx,2024-03-29 12:00:00+01:00,0.980549154809568
2024,CO2/CO/NOx,2024-03-29 13:00:00+01:00,1.0198958965544602
2024,CO2/CO/NOx,2024-03-29 14:00:00+01:00,1.059730503037483
2024,CO2/CO/NOx,2024-03-29 15:00:00+01:00,1.112180314198874
2024,CO2/CO/NOx,2024-03-29 16:00:00+01:00,1.1163113914007423
2024,CO2/CO/NOx,2024-03-29 17:00:00+01:00,1.0647435512833987
2024,CO2/CO/NOx,2024-03-29 18:00:00+01:00,1.0089893820221194
2024,CO2/CO/NOx,2024-03-29 19:00:00+01:00,0.8972741289948866
2024,CO2/CO/NOx,2024-03-29 20:00:00+01:00,0.7683475995440104
2024,CO2/CO/NOx,2024-03-29 21:00:00+01:00,0.6510600909484398
2024,CO2/CO/NOx,2024-03-29 22:00:00+01:00,0.5703108497211069
2024,CO2/CO/NOx,2024-03-29 23:00:00+01:00,0.5376259190998275
2024,CO2/CO/NOx,2024-03-30 00:00:00+01:00,0.5443524603088797
2024,CO2/CO/NOx,2024-03-30 01:00:00+01:00,0.5587409277156369
2024,CO2/CO/NOx,2024-03-30 02:00:00+01:00,0.5927590338841686
2024,CO2/CO/NOx,2024-03-30 03:00:00+01:00,0.6256492580760528
2024,CO2/CO/NOx,2024-03-30 04:00:00+01:00,0.6421466040992898
2024,CO2/CO/NOx,2024-03-30 05:00:00+01:00,0.6431912391841288
2024,CO2/CO/NOx,2024-03-30 06:00:00+01:00,0.6334078611358553
2024,CO2/CO/NOx,2024-03-30 07:00:00+01:00,0.6059555205830032
2024,CO2/CO/NOx,2024-03-30 08:00:00+01:00,0.5617993500156705
2024,CO2/CO/NOx,2024-03-30 09:00:00+01:00,0.5069568754391425
2024,CO2/CO/NOx,2024-03-30 10:00:00+01:00,0.4692032969197069
2024,CO2/CO/NOx,2024-03-30 11:00:00+01:00,0.4517416923488452
2024,CO2/CO/NOx,2024-03-30 12:00:00+01:00,0.43109259237939174
2024,CO2/CO/NOx,2024-03-30 13:00:00+01:00,0.43409615051033457
2024,CO2/CO/NOx,2024-03-30 14:00:00+01:00,0.4364668602037089
2024,CO2/CO/NOx,2024-03-30 15:00:00+01:00,0.444409916553755
2024,CO2/CO/NOx,2024-03-30 16:00:00+01:00,0.45799235948749834
2024,CO2/CO/NOx,2024-03-30 17:00:00+01:00,0.46803918621823465
2024,CO2/CO/NOx,2024-03-30 18:00:00+01:00,0.4757842085534282
2024,CO2/CO/NOx,2024-03-30 19:00:00+01:00,0.474215642595214
2024,CO2/CO/NOx,2024-03-30 20:00:00+01:00,0.4669274155362045
2024,CO2/CO/NOx,2024-03-30 21:00:00+01:00,0.4742188396629208
2024,CO2/CO/NOx,2024-03-30 22:00:00+01:00,0.49121367868023985
2024,CO2/CO/NOx,2024-03-30 23:00:00+01:00,0.5152428697423771
2024,CO2/CO/NOx,2024-03-31 00:00:00+01:00,0.5442240685945453
2024,CO2/CO/NOx,2024-03-31 01:00:00+01:00,0.5782041211319652
2024,CO2/CO/NOx,2024-03-31 03:00:00+02:00,0.6164063594636039
2024,CO2/CO/NOx,2024-03-31 04:00:00+02:00,0.666492258387026
2024,CO2/CO/NOx,2024-03-31 05:00:00+02:00,0.6974409827391348
2024,CO2/CO/NOx,2024-03-31 06:00:00+02:00,0.7306492432451276
2024,CO2/CO/NOx,2024-03-31 07:00:00+02:00,0.7738865617146917
2024,CO2/CO/NOx,2024-03-31 08:00:00+02:00,0.7983008155723446
2024,CO2/CO/NOx,2024-03-31 09:00:00+02:00,0.7955953285095188
2024,CO2/CO/NOx,2024-03-31 10:00:00+02:00,0.7676083159115783
2024,CO2/CO/NOx,2024-03-31 11:00:00+02:00,0.7204090435318522
2024,CO2/CO/NOx,2024-03-31 12:00:00+02:00,0.6711738840957182
2024,CO2/CO/NOx,2024-03-31 13:00:00+02:00,0.6321407948642354
2024,CO2/CO/NOx,2024-03-31 14:00:00+02:00,0.5891545673293149
2024,CO2/CO/NOx,2024-03-31 15:00:00+02:00,0.5702570879312373
2024,CO2/CO/NOx,2024-03-31 16:00:00+02:00,0.5650422372397078
2024,CO2/CO/NOx,2024-03-31 17:00:00+02:00,0.5624615180437739
2024,CO2/CO/NOx,2024-03-31 18:00:00+02:00,0.5788356851556548
2024,CO2/CO/NOx,2024-03-31 19:00:00+02:00,0.5845883597991993
2024,CO2/CO/NOx,2024-03-31 20:00:00+02:00,0.5848606065293837
2024,CO2/CO/NOx,2024-03-31 21:00:00+02:00,0.566219772863856
2024,CO2/CO/NOx,2024-03-31 22:00:00+02:00,0.5490615235227971
2024,CO2/CO/NOx,2024-03-31 23:00:00+02:00,0.5261614313974641
2024,CO2/CO/NOx,2024-04-01 00:00:00+02:00,0.4952458957359702
2024,CO2/CO/NOx,2024-04-01 01:00:00+02:00,0.48829065908885905
2024,CO2/CO/NOx,2024-04-01 02:00:00+02:00,0.499450503597197
2024,CO2/CO/NOx,2024-04-01 03:00:00+02:00,0.5319973593017017
2024,CO2/CO/NOx,2024-04-01 04:00:00+02:00,0.5581960193663597
2024,CO2/CO/NOx,2024-04-01 05:00:00+02:00,0.5790776992152098
2024,CO2/CO/NOx,2024-04-01 06:00:00+02:00,0.6196410819638514
2024,CO2/CO/NOx,2024-04-01 07:00:00+02:00,0.6772301188570943
2024,CO2/CO/NOx,2024-04-01 08:00:00+02:00,0.7335587043950286
2024,CO2/CO/NOx,2024-04-01 09:00:00+02:00,0.7706123507206025
2024,CO2/CO/NOx,2024-04-01 10:00:00+02:00,0.8130537564542117
2024,CO2/CO/NOx,2024-04-01 11:00:00+02:00,0.8374475112316742
2024,CO2/CO/NOx,2024-04-01 12:00:00+02:00,0.8388605174734541
2024,CO2/CO/NOx,2024-04-01 13:00:00+02:00,0.8214413379090114
2024,CO2/CO/NOx,2024-04-01 14:00:00+02:00,0.7841697602517361
2024,CO2/CO/NOx,2024-04-01 15:00:00+02:00,0.7865462871187378
2024,CO2/CO/NOx,2024-04-01 16:00:00+02:00,0.7953429876123599
2024,CO2/CO/NOx,2024-04-01 17:00:00+02:00,0.8096668911712914
2024,CO2/CO/NOx,2024-04-01 18:00:00+02:00,0.8444493921646021
2024,CO2/CO/NOx,2024-04-01 19:00:00+02:00,0.8879357987588004
2024,CO2/CO/NOx,2024-04-01 20:00:00+02:00,0.9304354702689241
2024,CO2/CO/NOx,2024-04-01 21:00:00+02:00,0.9690013254673518
2024,CO2/CO/NOx,2024-04-01 22:00:00+02:00,0.991301131793003
2024,CO2/CO/NOx,2024-04-01 23:00:00+02:00,0.9959596011306422
2024,CO2/CO/NOx,2024-04-02 00:00:00+02:00,0.9883579105335454
2024,CO2/CO/NOx,2024-04-02 01:00:00+02:00,0.9801653955599946
2024,CO2/CO/NOx,2024-04-02 02:00:00+02:00,0.9677407709710228
2024,CO2/CO/NOx,2024-04-02 03:00:00+02:00,0.9986333453944978
2024,CO2/CO/NOx,2024-04-02 04:00:00+02:00,1.038746990244942
2024,CO2/CO/NOx,2024-04-02 05:00:00+02:00,1.0758314581825725
2024,CO2/CO/NOx,2024-04-02 06:00:00+02:00,1.1243712772247512
2024,CO2/CO/NOx,2024-04-02 07:00:00+02:00,1.1544161391089773
2024,CO2/CO/NOx,2024-04-02 08:00:00+02:00,1.169446173029877
2024,CO2/CO/NOx,2024-04-02 09:00:00+02:00,1.1543184041792756
2024,CO2/CO/NOx,2024-04-02 10:00:00+02:00,1.132533907189149
2024,CO2/CO/NOx,2024-04-02 11:00:00+02:00,1.0940209539579504
2024,CO2/CO/NOx,2024-04-02 12:00:00+02:00,1.0623301584300948
2024,CO2/CO/NOx,2024-04-02 13:00:00+02:00,1.026530122182755
2024,CO2/CO/NOx,2024-04-02 14:00:00+02:00,0.9893589357528269
2024,CO2/CO/NOx,2024-04-02 15:00:00+02:00,0.9820664526555654
2024,CO2/CO/NOx,2024-04-02 16:00:00+02:00,0.9814602518491631
2024,CO2/CO/NOx,2024-04-02 17:00:00+02:00,0.9952101359496703
2024,CO2/CO/NOx,2024-04-02 18:00:00+02:00,1.031257526972366
2024,CO2/CO/NOx,2024-04-02 19:00:00+02:00,1.0578203596772855
2024,CO2/CO/NOx,2024-04-02 20:00:00+02:00,1.0722040808150708
2024,CO2/CO/NOx,2024-04-02 21:00:00+02:00,1.0596770842988583
2024,CO2/CO/NOx,2024-04-02 22:00:00+02:00,1.0432112248039878
2024,CO2/CO/NOx,2024-04-02 23:00:00+02:00,1.0264430000160587
2024,CO2/CO/NOx,2024-04-03 00:00:00+02:00,1.0023076657636938
2024,CO2/CO/NOx,2024-04-03 01:00:00+02:00,1.0020247647863008
2024,CO2/CO/NOx,2024-04-03 02:00:00+02:00,1.0369723706740348
2024,CO2/CO/NOx,2024-04-03 03:00:00+02:00,1.1214036714565176
2024,CO2/CO/NOx,2024-04-03 04:00:00+02:00,1.1888605684921778
2024,CO2/CO/NOx,2024-04-03 05:00:00+02:00,1.2563179366548018
2024,CO2/CO/NOx,2024-04-03 06:00:00+02:00,1.279970387139162
2024,CO2/CO/NOx,2024-04-03 07:00:00+02:00,1.279529123017718
2024,CO2/CO/NOx,2024-04-03 08:00:00+02:00,1.2494023866523876
2024,CO2/CO/NOx,2024-04-03 09:00:00+02:00,1.1769195732221742
2024,CO2/CO/NOx,2024-04-03 10:00:00+02:00,1.1014961849672336
2024,CO2/CO/NOx,2024-04-03 11:00:00+02:00,1.026665236983878
2024,CO2/CO/NOx,2024-04-03 12:00:00+02:00,0.9537049041429498
2024,CO2/CO/NOx,2024-04-03 13:00:00+02:00,0.9235401111714422
2024,CO2/CO/NOx,2024-04-03 14:00:00+02:00,0.9358255053982398
2024,CO2/CO/NOx,2024-04-03 15:00:00+02:00,0.9683645680230059
2024,CO2/CO/NOx,2024-04-03 16:00:00+02:00,1.0332055708692693
2024,CO2/CO/NOx,2024-04-03 17:00:00+02:00,1.1082756795467272
2024,CO2/CO/NOx,2024-04-03 18:00:00+02:00,1.182790228579061
2024,CO2/CO/NOx,2024-04-03 19:00:00+02:00,1.203439245919843
2024,CO2/CO/NOx,2024-04-03 20:00:00+02:00,1.1577336906065419
2024,CO2/CO/NOx,2024-04-03 21:00:00+02:00,1.0725639468418344
2024,CO2/CO/NOx,2024-04-03 22:00:00+02:00,0.9923265167774771
2024,CO2/CO/NOx,2024-04-03 23:00:00+02:00,0.8948629550921776
2024,CO2/CO/NOx,2024-04-04 00:00:00+02:00,0.7995584003711061
2024,CO2/CO/NOx,2024-04-04 01:00:00+02:00,0.7623932144725052
2024,CO2/CO/NOx,2024-04-04 02:00:00+02:00,0.7824764321353262
2024,CO2/CO/NOx,2024-04-04 03:00:00+02:00,0.8536973862650826
2024,CO2/CO/NOx,2024-04-04 04:00:00+02:00,0.9268163356643055
2024,CO2/CO/NOx,2024-04-04 05:00:00+02:00,0.9908870077472367
2024,CO2/CO/NOx,2024-04-04 06:00:00+02:00,1.0536665655214157
2024,CO2/CO/NOx,2024-04-04 07:00:00+02:00,1.073367459829325
2024,CO2/CO/NOx,2024-04-04 08:00:00+02:00,1.0474099245735384
2024,CO2/CO/NOx,2024-04-04 09:00:00+02:00,0.9724986822126007
2024,CO2/CO/NOx,2024-04-04 10:00:00+02:00,0.9043859796391305
2024,CO2/CO/NOx,2024-04-04 11:00:00+02:00,0.8383720191824384
2024,CO2/CO/NOx,2024-04-04 12:00:00+02:00,0.7711655217387207
2024,CO2/CO/NOx,2024-04-04 13:00:00+02:00,0.7358949872287346
2024,CO2/CO/NOx,2024-04-04 14:00:00+02:00,0.7241261720364056
2024,CO2/CO/NOx,2024-04-04 15:00:00+02:00,0.7479791854187139
2024,CO2/CO/NOx,2024-04-04 16:00:00+02:00,0.7637461380459102
2024,CO2/CO/NOx,2024-04-04 17:00:00+02:00,0.7737940297399473
2024,CO2/CO/NOx,2024-04-04 18:00:00+02:00,0.7823199021086822
2024,CO2/CO/NOx,2024-04-04 19:00:00+02:00,0.7790778513379994
2024,CO2/CO/NOx,2024-04-04 20:00:00+02:00,0.7686461132225741
2024,CO2/CO/NOx,2024-04-04 21:00:00+02:00,0.7496540780656161
2024,CO2/CO/NOx,2024-04-04 22:00:00+02:00,0.7481592865697219
2024,CO2/CO/NOx,2024-04-04 23:00:00+02:00,0.750236432974362
2024,CO2/CO/NOx,2024-04-05 00:00:00+02:00,0.7522347572110641
2024,CO2/CO/NOx,2024-04-05 01:00:00+02:00,0.7492677622628944
2024,CO2/CO/NOx,2024-04-05 02:00:00+02:00,0.756591736560662
2024,CO2/CO/NOx,2024-04-05 03:00:00+02:00,0.7866382609103058
2024,CO2/CO/NOx,2024-04-05 04:00:00+02:00,0.8184671898273916
2024,CO2/CO/NOx,2024-04-05 05:00:00+02:00,0.8475166703835993
2024,CO2/CO/NOx,2024-04-05 06:00:00+02:00,0.8733766493431532
2024,CO2/CO/NOx,2024-04-05 07:00:00+02:00,0.875871314916825
2024,CO2/CO/NOx,2024-04-05 08:00:00+02:00,0.84469150763016
2024,CO2/CO/NOx,2024-04-05 09:00:00+02:00,0.7842562755506942
2024,CO2/CO/NOx,2024-04-05 10:00:00+02:00,0.72039010897199
2024,CO2/CO/NOx,2024-04-05 11:00:00+02:00,0.6584809963346955
2024,CO2/CO/NOx,2024-04-05 12:00:00+02:00,0.6113980675318181
2024,CO2/CO/NOx,2024-04-05 13:00:00+02:00,0.5853897878589401
2024,CO2/CO/NOx,2024-04-05 14:00:00+02:00,0.5709748937637479
2024,CO2/CO/NOx,2024-04-05 15:00:00+02:00,0.5812547092871694
2024,CO2/CO/NOx,2024-04-05 16:00:00+02:00,0.585775626227016
2024,CO2/CO/NOx,2024-04-05 17:00:00+02:00,0.5784486547216282
2024,CO2/CO/NOx,2024-04-05 18:00:00+02:00,0.580769400317187
2024,CO2/CO/NOx,2024-04-05 19:00:00+02:00,0.5680115668371459
2024,CO2/CO/NOx,2024-04-05 20:00:00+02:00,0.547783562615406
2024,CO2/CO/NOx,2024-04-05 21:00:00+02:00,0.5267416716630676
2024,CO2/CO/NOx,2024-04-05 22:00:00+02:00,0.510638016699377
2024,CO2/CO/NOx,2024-04-05 23:00:00+02:00,0.4957639501375551
2024,CO2/CO/NOx,2024-04-06 00:00:00+02:00,0.4882074810216849
2024,CO2/CO/NOx,2024-04-06 01:00:00+02:00,0.48711919299119355
2024,CO2/CO/NOx,2024-04-06 02:00:00+02:00,0.4927881016571456
2024,CO2/CO/NOx,2024-04-06 03:00:00+02:00,0.5114985939225443
2024,CO2/CO/NOx,2024-04-06 04:00:00+02:00,0.5325125038554925
2024,CO2/CO/NOx,2024-04-06 05:00:00+02:00,0.5499187924820167
2024,CO2/CO/NOx,2024-04-06 06:00:00+02:00,0.5562357599867777
2024,CO2/CO/NOx,2024-04-06 07:00:00+02:00,0.5461998156254964
2024,CO2/CO/NOx,2024-04-06 08:00:00+02:00,0.521295786054086
2024,CO2/CO/NOx,2024-04-06 09:00:00+02:00,0.4857334859909249
2024,CO2/CO/NOx,2024-04-06 10:00:00+02:00,0.4528291617470049
2024,CO2/CO/NOx,2024-04-06 11:00:00+02:00,0.42747132855895625
2024,CO2/CO/NOx,2024-04-06 12:00:00+02:00,0.4091452370541718
2024,CO2/CO/NOx,2024-04-06 13:00:00+02:00,0.4146577400009032
2024,CO2/CO/NOx,2024-04-06 14:00:00+02:00,0.4230102390116077
2024,CO2/CO/NOx,2024-04-06 15:00:00+02:00,0.4336306841011304
2024,CO2/CO/NOx,2024-04-06 16:00:00+02:00,0.44100589201584506
2024,CO2/CO/NOx,2024-04-06 17:00:00+02:00,0.4462386287054556
2024,CO2/CO/NOx,2024-04-06 18:00:00+02:00,0.4514108058337059
2024,CO2/CO/NOx,2024-04-06 19:00:00+02:00,0.4509249524411845
2024,CO2/CO/NOx,2024-04-06 20:00:00+02:00,0.4517773714105882
2024,CO2/CO/NOx,2024-04-06 21:00:00+02:00,0.44786307772570927
2024,CO2/CO/NOx,2024-04-06 22:00:00+02:00,0.4419039875115539
2024,CO2/CO/NOx,2024-04-06 23:00:00+02:00,0.4395649509998655
2024,CO2/CO/NOx,2024-04-07 00:00:00+02:00,0.4389067289855361
2024,CO2/CO/NOx,2024-04-07 01:00:00+02:00,0.45070816234905375
2024,CO2/CO/NOx,2024-04-07 02:00:00+02:00,0.46497416419262266
2024,CO2/CO/NOx,2024-04-07 03:00:00+02:00,0.4821207546590861
2024,CO2/CO/NOx,2024-04-07 04:00:00+02:00,0.4998783129905081
2024,CO2/CO/NOx,2024-04-07 05:00:00+02:00,0.5150304147054837
2024,CO2/CO/NOx,2024-04-07 06:00:00+02:00,0.5199464542273027
2024,CO2/CO/NOx,2024-04-07 07:00:00+02:00,0.5106527029135102
2024,CO2/CO/NOx,2024-04-07 08:00:00+02:00,0.49592017232934177
2024,CO2/CO/NOx,2024-04-07 09:00:00+02:00,0.47604757244676144
2024,CO2/CO/NOx,2024-04-07 10:00:00+02:00,0.4637341344130196
2024,CO2/CO/NOx,2024-04-07 11:00:00+02:00,0.44902397826560453
2024,CO2/CO/NOx,2024-04-07 12:00:00+02:00,0.43936726191253
2024,CO2/CO/NOx,2024-04-07 13:00:00+02:00,0.43729943858907483
2024,CO2/CO/NOx,2024-04-07 14:00:00+02:00,0.43972231250999816
2024,CO2/CO/NOx,2024-04-07 15:00:00+02:00,0.4418903446896949
2024,CO2/CO/NOx,2024-04-07 16:00:00+02:00,0.44352820376625923
2024,CO2/CO/NOx,2024-04-07 17:00:00+02:00,0.4479002972873023
2024,CO2/CO/NOx,2024-04-07 18:00:00+02:00,0.45306091536037374
2024,CO2/CO/NOx,2024-04-07 19:00:00+02:00,0.45500315394950364
2024,CO2/CO/NOx,2024-04-07 20:00:00+02:00,0.449807544190371
2024,CO2/CO/NOx,2024-04-07 21:00:00+02:00,0.43665047741797663
2024,CO2/CO/NOx,2024-04-07 22:00:00+02:00,0.42364792461390116
2024,CO2/CO/NOx,2024-04-07 23:00:00+02:00,0.415057052525431
2024,CO2/CO/NOx,2024-04-08 00:00:00+02:00,0.4018902893877944
2024,CO2/CO/NOx,2024-04-08 01:00:00+02:00,0.40183816155730323
2024,CO2/CO/NOx,2024-04-08 02:00:00+02:00,0.4209298535377271
2024,CO2/CO/NOx,2024-04-08 03:00:00+02:00,0.4508341383827069
2024,CO2/CO/NOx,2024-04-08 04:00:00+02:00,0.487912614361466
2024,CO2/CO/NOx,2024-04-08 05:00:00+02:00,0.5164849188565376
2024,CO2/CO/NOx,2024-04-08 06:00:00+02:00,0.5325719187398044
2024,CO2/CO/NOx,2024-04-08 07:00:00+02:00,0.5336470768293887
2024,CO2/CO/NOx,2024-04-08 08:00:00+02:00,0.5164414749791454
2024,CO2/CO/NOx,2024-04-08 09:00:00+02:00,0.4810043857637038
2024,CO2/CO/NOx,2024-04-08 10:00:00+02:00,0.4514484578414261
2024,CO2/CO/NOx,2024-04-08 11:00:00+02:00,0.43273711265175874
2024,CO2/CO/NOx,2024-04-08 12:00:00+02:00,0.4200180461133485
2024,CO2/CO/NOx,2024-04-08 13:00:00+02:00,0.4222849883656621
2024,CO2/CO/NOx,2024-04-08 14:00:00+02:00,0.4289702057325275
2024,CO2/CO/NOx,2024-04-08 15:00:00+02:00,0.43987952519848045
2024,CO2/CO/NOx,2024-04-08 16:00:00+02:00,0.44597162892591097
2024,CO2/CO/NOx,2024-04-08 17:00:00+02:00,0.4460521253035958
2024,CO2/CO/NOx,2024-04-08 18:00:00+02:00,0.44949581817811807
2024,CO2/CO/NOx,2024-04-08 19:00:00+02:00,0.4482748082742097
2024,CO2/CO/NOx,2024-04-08 20:00:00+02:00,0.44089114217998326
2024,CO2/CO/NOx,2024-04-08 21:00:00+02:00,0.42483537465468235
2024,CO2/CO/NOx,2024-04-08 22:00:00+02:00,0.40879550129235503
2024,CO2/CO/NOx,2024-04-08 23:00:00+02:00,0.39365973919375175
2024,CO2/CO/NOx,2024-04-09 00:00:00+02:00,0.37368946890657917
2024,CO2/CO/NOx,2024-04-09 01:00:00+02:00,0.3652200810010735
2024,CO2/CO/NOx,2024-04-09 02:00:00+02:00,0.3691163129495411
2024,CO2/CO/NOx,2024-04-09 03:00:00+02:00,0.3884177706228039
2024,CO2/CO/NOx,2024-04-09 04:00:00+02:00,0.40886061358130726
2024,CO2/CO/NOx,2024-04-09 05:00:00+02:00,0.42857864066533047
2024,CO2/CO/NOx,2024-04-09 06:00:00+02:00,0.44736207455612625
2024,CO2/CO/NOx,2024-04-09 07:00:00+02:00,0.4584757404248895
2024,CO2/CO/NOx,2024-04-09 08:00:00+02:00,0.4592672120335438
2024,CO2/CO/NOx,2024-04-09 09:00:00+02:00,0.44435267367607023
2024,CO2/CO/NOx,2024-04-09 10:00:00+02:00,0.43368728455362193
2024,CO2/CO/NOx,2024-04-09 11:00:00+02:00,0.42429540039762353
2024,CO2/CO/NOx,2024-04-09 12:00:00+02:00,0.4182114984872349
2024,CO2/CO/NOx,2024-04-09 13:00:00+02:00,0.4348970384767169
2024,CO2/CO/NOx,2024-04-09 14:00:00+02:00,0.4725384513201905
2024,CO2/CO/NOx,2024-04-09 15:00:00+02:00,0.5269165108157079
2024,CO2/CO/NOx,2024-04-09 16:00:00+02:00,0.5809113139060713
2024,CO2/CO/NOx,2024-04-09 17:00:00+02:00,0.652825970158583
2024,CO2/CO/NOx,2024-04-09 18:00:00+02:00,0.7326937529164744
2024,CO2/CO/NOx,2024-04-09 19:00:00+02:00,0.8014988687357782
2024,CO2/CO/NOx,2024-04-09 20:00:00+02:00,0.8546880634433238
2024,CO2/CO/NOx,2024-04-09 21:00:00+02:00,0.8853329058840547
2024,CO2/CO/NOx,2024-04-09 22:00:00+02:00,0.8999859848447559
2024,CO2/CO/NOx,2024-04-09 23:00:00+02:00,0.9113057621057827
2024,CO2/CO/NOx,2024-04-10 00:00:00+02:00,0.9041749922337419
2024,CO2/CO/NOx,2024-04-10 01:00:00+02:00,0.9007415017364829
2024,CO2/CO/NOx,2024-04-10 02:00:00+02:00,0.9279821627275915
2024,CO2/CO/NOx,2024-04-10 03:00:00+02:00,0.9707285207817058
2024,CO2/CO/NOx,2024-04-10 04:00:00+02:00,1.011300761334499
2024,CO2/CO/NOx,2024-04-10 05:00:00+02:00,1.0621127690025598
2024,CO2/CO/NOx,2024-04-10 06:00:00+02:00,1.107677776761542
2024,CO2/CO/NOx,2024-04-10 07:00:00+02:00,1.1465228324510066
2024,CO2/CO/NOx,2024-04-10 08:00:00+02:00,1.1678112216521928
2024,CO2/CO/NOx,2024-04-10 09:00:00+02:00,1.1546058780216812
2024,CO2/CO/NOx,2024-04-10 10:00:00+02:00,1.128895590290252
2024,CO2/CO/NOx,2024-04-10 11:00:00+02:00,1.0948203692290133
2024,CO2/CO/NOx,2024-04-10 12:00:00+02:00,1.0538136713584183
2024,CO2/CO/NOx,2024-04-10 13:00:00+02:00,1.023684272002956
2024,CO2/CO/NOx,2024-04-10 14:00:00+02:00,1.0191046540981097
2024,CO2/CO/NOx,2024-04-10 15:00:00+02:00,1.0395345633588906
2024,CO2/CO/NOx,2024-04-10 16:00:00+02:00,1.0822751100257786
2024,CO2/CO/NOx,2024-04-10 17:00:00+02:00,1.122514719687011
2024,CO2/CO/NOx,2024-04-10 18:00:00+02:00,1.162467957925274
2024,CO2/CO/NOx,2024-04-10 19:00:00+02:00,1.1782441054648478
2024,CO2/CO/NOx,2024-04-10 20:00:00+02:00,1.1784131406758318
2024,CO2/CO/NOx,2024-04-10 21:00:00+02:00,1.1758185915317778
2024,CO2/CO/NOx,2024-04-10 22:00:00+02:00,1.1738946338794425
2024,CO2/CO/NOx,2024-04-10 23:00:00+02:00,1.1630813472155943
2024,CO2/CO/NOx,2024-04-11 00:00:00+02:00,1.1425673798868576
2024,CO2/CO/NOx,2024-04-11 01:00:00+02:00,1.159062884639878
2024,CO2/CO/NOx,2024-04-11 02:00:00+02:00,1.2078229796468098
2024,CO2/CO/NOx,2024-04-11 03:00:00+02:00,1.2693212101901237
2024,CO2/CO/NOx,2024-04-11 04:00:00+02:00,1.3311995885603853
2024,CO2/CO/NOx,2024-04-11 05:00:00+02:00,1.376341264627981
2024,CO2/CO/NOx,2024-04-11 06:00:00+02:00,1.3957805652413537
2024,CO2/CO/NOx,2024-04-11 07:00:00+02:00,1.371700040108649
2024,CO2/CO/NOx,2024-04-11 08:00:00+02:00,1.307763563300795
2024,CO2/CO/NOx,2024-04-11 09:00:00+02:00,1.2099046967215417
2024,CO2/CO/NOx,2024-04-11 10:00:00+02:00,1.1259789905359667
2024,CO2/CO/NOx,2024-04-11 11:00:00+02:00,1.0459081754479487
2024,CO2/CO/NOx,2024-04-11 12:00:00+02:00,0.9808927752991116
2024,CO2/CO/NOx,2024-04-11 13:00:00+02:00,0.9533570604576346
2024,CO2/CO/NOx,2024-04-11 14:00:00+02:00,0.9450608621540025
2024,CO2/CO/NOx,2024-04-11 15:00:00+02:00,0.9649787389670736
2024,CO2/CO/NOx,2024-04-11 16:00:00+02:00,1.0001014861319348
2024,CO2/CO/NOx,2024-04-11 17:00:00+02:00,1.0349212636447425
2024,CO2/CO/NOx,2024-04-11 18:00:00+02:00,1.0730186760700058
2024,CO2/CO/NOx,2024-04-11 19:00:00+02:00,1.0642587360242677
2024,CO2/CO/NOx,2024-04-11 20:00:00+02:00,1.021081214767334
2024,CO2/CO/NOx,2024-04-11 21:00:00+02:00,0.9679582034102913
2024,CO2/CO/NOx,2024-04-11 22:00:00+02:00,0.9167724931050679
2024,CO2/CO/NOx,2024-04-11 23:00:00+02:00,0.9055159525128499
2024,CO2/CO/NOx,2024-04-12 00:00:00+02:00,0.919501033641937
2024,CO2/CO/NOx,2024-04-12 01:00:00+02:00,0.9807998375171141
2024,CO2/CO/NOx,2024-04-12 02:00:00+02:00,1.0652103982458714
2024,CO2/CO/NOx,2024-04-12 03:00:00+02:00,1.1757200603122773
2024,CO2/CO/NOx,2024-04-12 04:00:00+02:00,1.2523027277240735
2024,CO2/CO/NOx,2024-04-12 05:00:00+02:00,1.278904341632266
2024,CO2/CO/NOx,2024-04-12 06:00:00+02:00,1.2638232529836337
2024,CO2/CO/NOx,2024-04-12 07:00:00+02:00,1.1996814630004755
2024,CO2/CO/NOx,2024-04-12 08:00:00+02:00,1.1111883060807246
2024,CO2/CO/NOx,2024-04-12 09:00:00+02:00,0.9894415196481936
2024,CO2/CO/NOx,2024-04-12 10:00:00+02:00,0.8752155166169391
2024,CO2/CO/NOx,2024-04-12 11:00:00+02:00,0.7776300023037799
2024,CO2/CO/NOx,2024-04-12 12:00:00+02:00,0.7338986060141905
2024,CO2/CO/NOx,2024-04-12 13:00:00+02:00,0.7392489650446092
2024,CO2/CO/NOx,2024-04-12 14:00:00+02:00,0.770285090750737
2024,CO2/CO/NOx,2024-04-12 15:00:00+02:00,0.8163094696037048
2024,CO2/CO/NOx,2024-04-12 16:00:00+02:00,0.8471809505838894
2024,CO2/CO/NOx,2024-04-12 17:00:00+02:00,0.8505601674159823
2024,CO2/CO/NOx,2024-04-12 18:00:00+02:00,0.8373710965064542
2024,CO2/CO/NOx,2024-04-12 19:00:00+02:00,0.7833871966422086
2024,CO2/CO/NOx,2024-04-12 20:00:00+02:00,0.7177730553782888
2024,CO2/CO/NOx,2024-04-12 21:00:00+02:00,0.6742231589958095
2024,CO2/CO/NOx,2024-04-12 22:00:00+02:00,0.6582592537524219
2024,CO2/CO/NOx,2024-04-12 23:00:00+02:00,0.6648036705099155
2024,CO2/CO/NOx,2024-04-13 00:00:00+02:00,0.6686872022931623
2024,CO2/CO/NOx,2024-04-13 01:00:00+02:00,0.6830353064508877
2024,CO2/CO/NOx,2024-04-13 02:00:00+02:00,0.6971753144611368
2024,CO2/CO/NOx,2024-04-13 03:00:00+02:00,0.7265574774780059
2024,CO2/CO/NOx,2024-04-13 04:00:00+02:00,0.7658623167522743
2024,CO2/CO/NOx,2024-04-13 05:00:00+02:00,0.799705249307368
2024,CO2/CO/NOx,2024-04-13 06:00:00+02:00,0.8197835232265268
2024,CO2/CO/NOx,2024-04-13 07:00:00+02:00,0.8145312433554689
2024,CO2/CO/NOx,2024-04-13 08:00:00+02:00,0.772907018852993
2024,CO2/CO/NOx,2024-04-13 09:00:00+02:00,0.7073378281105409
2024,CO2/CO/NOx,2024-04-13 10:00:00+02:00,0.640173662097193
2024,CO2/CO/NOx,2024-04-13 11:00:00+02:00,0.5772984610939629
2024,CO2/CO/NOx,2024-04-13 12:00:00+02:00,0.5386355045228122
2024,CO2/CO/NOx,2024-04-13 13:00:00+02:00,0.5367884920011442
2024,CO2/CO/NOx,2024-04-13 14:00:00+02:00,0.542164133757028
2024,CO2/CO/NOx,2024-04-13 15:00:00+02:00,0.5517210571125433
2024,CO2/CO/NOx,2024-04-13 16:00:00+02:00,0.5504875947030748
2024,CO2/CO/NOx,2024-04-13 17:00:00+02:00,0.5466986662870968
2024,CO2/CO/NOx,2024-04-13 18:00:00+02:00,0.543075340426891
2024,CO2/CO/NOx,2024-04-13 19:00:00+02:00,0.5321851948963753
2024,CO2/CO/NOx,2024-04-13 20:00:00+02:00,0.528420182574821
2024,CO2/CO/NOx,2024-04-13 21:00:00+02:00,0.5275322991027456
2024,CO2/CO/NOx,2024-04-13 22:00:00+02:00,0.5243741551041317
2024,CO2/CO/NOx,2024-04-13 23:00:00+02:00,0.5191923190834484
2024,CO2/CO/NOx,2024-04-14 00:00:00+02:00,0.5059666535275636
2024,CO2/CO/NOx,2024-04-14 01:00:00+02:00,0.5114537879947734
2024,CO2/CO/NOx,2024-04-14 02:00:00+02:00,0.5465917358637241
2024,CO2/CO/NOx,2024-04-14 03:00:00+02:00,0.5869705448891057
2024,CO2/CO/NOx,2024-04-14 04:00:00+02:00,0.6334667860427549
2024,CO2/CO/NOx,2024-04-14 05:00:00+02:00,0.6693297073587062
2024,CO2/CO/NOx,2024-04-14 06:00:00+02:00,0.6792173773710867
2024,CO2/CO/NOx,2024-04-14 07:00:00+02:00,0.6546745261581927
2024,CO2/CO/NOx,2024-04-14 08:00:00+02:00,0.5993943707774634
2024,CO2/CO/NOx,2024-04-14 09:00:00+02:00,0.5241594445071852
2024,CO2/CO/NOx,2024-04-14 10:00:00+02:00,0.47774061829521736
2024,CO2/CO/NOx,2024-04-14 11:00:00+02:00,0.4484893455051434
2024,CO2/CO/NOx,2024-04-14 12:00:00+02:00,0.4350911732753198
2024,CO2/CO/NOx,2024-04-14 13:00:00+02:00,0.4505563813733472
2024,CO2/CO/NOx,2024-04-14 14:00:00+02:00,0.4726481280175954
2024,CO2/CO/NOx,2024-04-14 15:00:00+02:00,0.4916210699239271
2024,CO2/CO/NOx,2024-04-14 16:00:00+02:00,0.4963591100162539
2024,CO2/CO/NOx,2024-04-14 17:00:00+02:00,0.4911157569208058
2024,CO2/CO/NOx,2024-04-14 18:00:00+02:00,0.48746075245286
2024,CO2/CO/NOx,2024-04-14 19:00:00+02:00,0.4833707285793791
2024,CO2/CO/NOx,2024-04-14 20:00:00+02:00,0.4714104038960761
2024,CO2/CO/NOx,2024-04-14 21:00:00+02:00,0.45950581207896035
2024,CO2/CO/NOx,2024-04-14 22:00:00+02:00,0.4494099477318215
2024,CO2/CO/NOx,2024-04-14 23:00:00+02:00,0.44820797571731735
2024,CO2/CO/NOx,2024-04-15 00:00:00+02:00,0.4391367223508199
2024,CO2/CO/NOx,2024-04-15 01:00:00+02:00,0.4447178560316474
2024,CO2/CO/NOx,2024-04-15 02:00:00+02:00,0.4745351408262915
2024,CO2/CO/NOx,2024-04-15 03:00:00+02:00,0.514936145099102
2024,CO2/CO/NOx,2024-04-15 04:00:00+02:00,0.5513517745966652
2024,CO2/CO/NOx,2024-04-15 05:00:00+02:00,0.5722644508065842
2024,CO2/CO/NOx,2024-04-15 06:00:00+02:00,0.5870853192912422
2024,CO2/CO/NOx,2024-04-15 07:00:00+02:00,0.5829442584903399
2024,CO2/CO/NOx,2024-04-15 08:00:00+02:00,0.5697410064157585
2024,CO2/CO/NOx,2024-04-15 09:00:00+02:00,0.5539802585672339
2024,CO2/CO/NOx,2024-04-15 10:00:00+02:00,0.5716433668109115
2024,CO2/CO/NOx,2024-04-15 11:00:00+02:00,0.6062671519764486
2024,CO2/CO/NOx,2024-04-15 12:00:00+02:00,0.6360905885058334
2024,CO2/CO/NOx,2024-04-15 13:00:00+02:00,0.6568167586058247
2024,CO2/CO/NOx,2024-04-15 14:00:00+02:00,0.6571517032191051
2024,CO2/CO/NOx,2024-04-15 15:00:00+02:00,0.6474981727431115
2024,CO2/CO/NOx,2024-04-15 16:00:00+02:00,0.6154459453041885
2024,CO2/CO/NOx,2024-04-15 17:00:00+02:00,0.5766961598039994
2024,CO2/CO/NOx,2024-04-15 18:00:00+02:00,0.5613788079156017
2024,CO2/CO/NOx,2024-04-15 19:00:00+02:00,0.5358887835977213
2024,CO2/CO/NOx,2024-04-15 20:00:00+02:00,0.53715636551255
2024,CO2/CO/NOx,2024-04-15 21:00:00+02:00,0.5437965241568458
2024,CO2/CO/NOx,2024-04-15 22:00:00+02:00,0.5874793166285308
2024,CO2/CO/NOx,2024-04-15 23:00:00+02:00,0.6727877593533235
2024,CO2/CO/NOx,2024-04-16 00:00:00+02:00,0.7773325338787394
2024,CO2/CO/NOx,2024-04-16 01:00:00+02:00,0.904454979123815
2024,CO2/CO/NOx,2024-04-16 02:00:00+02:00,1.0383568427858345
2024,CO2/CO/NOx,2024-04-16 03:00:00+02:00,1.1603261625359764
2024,CO2/CO/NOx,2024-04-16 04:00:00+02:00,1.238891562802955
2024,CO2/CO/NOx,2024-04-16 05:00:00+02:00,1.2999818238672805
2024,CO2/CO/NOx,2024-04-16 06:00:00+02:00,1.3151135382163786
2024,CO2/CO/NOx,2024-04-16 07:00:00+02:00,1.2985719852683402
2024,CO2/CO/NOx,2024-04-16 08:00:00+02:00,1.2610782550746777
2024,CO2/CO/NOx,2024-04-16 09:00:00+02:00,1.2054687014325878
2024,CO2/CO/NOx,2024-04-16 10:00:00+02:00,1.1506008333431852
2024,CO2/CO/NOx,2024-04-16 11:00:00+02:00,1.0963530043919403
2024,CO2/CO/NOx,2024-04-16 12:00:00+02:00,1.0429630246100419
2024,CO2/CO/NOx,2024-04-16 13:00:00+02:00,1.006299972805238
2024,CO2/CO/NOx,2024-04-16 14:00:00+02:00,0.989129231567632
2024,CO2/CO/NOx,2024-04-16 15:00:00+02:00,1.0109833322694897
2024,CO2/CO/NOx,2024-04-16 16:00:00+02:00,1.0266123947531989
2024,CO2/CO/NOx,2024-04-16 17:00:00+02:00,1.0572199847939916
2024,CO2/CO/NOx,2024-04-16 18:00:00+02:00,1.1052827241821073
2024,CO2/CO/NOx,2024-04-16 19:00:00+02:00,1.1321709358315837
2024,CO2/CO/NOx,2024-04-16 20:00:00+02:00,1.1500466006914085
2024,CO2/CO/NOx,2024-04-16 21:00:00+02:00,1.1495914372944693
2024,CO2/CO/NOx,2024-04-16 22:00:00+02:00,1.1320115456621465
2024,CO2/CO/NOx,2024-04-16 23:00:00+02:00,1.1040695329285957
2024,CO2/CO/NOx,2024-04-17 00:00:00+02:00,1.0838529420850802
2024,CO2/CO/NOx,2024-04-17 01:00:00+02:00,1.1009265198847968
2024,CO2/CO/NOx,2024-04-17 02:00:00+02:00,1.1594272932126053
2024,CO2/CO/NOx,2024-04-17 03:00:00+02:00,1.2597844362721933
2024,CO2/CO/NOx,2024-04-17 04:00:00+02:00,1.3655817496877611
2024,CO2/CO/NOx,2024-04-17 05:00:00+02:00,1.4820215534916357
2024,CO2/CO/NOx,2024-04-17 06:00:00+02:00,1.5627575047238513
2024,CO2/CO/NOx,2024-04-17 07:00:00+02:00,1.6020400323991204
2024,CO2/CO/NOx,2024-04-17 08:00:00+02:00,1.5925429985190356
2024,CO2/CO/NOx,2024-04-17 09:00:00+02:00,1.5311658838040536
2024,CO2/CO/NOx,2024-04-17 10:00:00+02:00,1.4735630304024316
2024,CO2/CO/NOx,2024-04-17 11:00:00+02:00,1.4042199181805017
2024,CO2/CO/NOx,2024-04-17 12:00:00+02:00,1.3451793275181052
2024,CO2/CO/NOx,2024-04-17 13:00:00+02:00,1.3275368449123823
2024,CO2/CO/NOx,2024-04-17 14:00:00+02:00,1.3497588397310323
2024,CO2/CO/NOx,2024-04-17 15:00:00+02:00,1.3849170639396033
2024,CO2/CO/NOx,2024-04-17 16:00:00+02:00,1.4450679015998409
2024,CO2/CO/NOx,2024-04-17 17:00:00+02:00,1.52692037717576
2024,CO2/CO/NOx,2024-04-17 18:00:00+02:00,1.599840189168854
2024,CO2/CO/NOx,2024-04-17 19:00:00+02:00,1.6305039664745005
2024,CO2/CO/NOx,2024-04-17 20:00:00+02:00,1.6191742604421782
2024,CO2/CO/NOx,2024-04-17 21:00:00+02:00,1.5546768995859523
2024,CO2/CO/NOx,2024-04-17 22:00:00+02:00,1.4860069103310192
2024,CO2/CO/NOx,2024-04-17 23:00:00+02:00,1.4174156966809364
2024,CO2/CO/NOx,2024-04-18 00:00:00+02:00,1.3509026937691568
2024,CO2/CO/NOx,2024-04-18 01:00:00+02:00,1.3345241455655945
2024,CO2/CO/NOx,2024-04-18 02:00:00+02:00,1.3814493723142582
2024,CO2/CO/NOx,2024-04-18 03:00:00+02:00,1.462275611257055
2024,CO2/CO/NOx,2024-04-18 04:00:00+02:00,1.5625096445924125
2024,CO2/CO/NOx,2024-04-18 05:00:00+02:00,1.672190598206351
2024,CO2/CO/NOx,2024-04-18 06:00:00+02:00,1.7621260998679593
2024,CO2/CO/NOx,2024-04-18 07:00:00+02:00,1.8049391136374584
2024,CO2/CO/NOx,2024-04-18 08:00:00+02:00,1.8030870513766684
2024,CO2/CO/NOx,2024-04-18 09:00:00+02:00,1.7528510323114543
2024,CO2/CO/NOx,2024-04-18 10:00:00+02:00,1.7027050493240314
2024,CO2/CO/NOx,2024-04-18 11:00:00+02:00,1.660155111701276
2024,CO2/CO/NOx,2024-04-18 12:00:00+02:00,1.5877089205159884
2024,CO2/CO/NOx,2024-04-18 13:00:00+02:00,1.5591610138630938
2024,CO2/CO/NOx,2024-04-18 14:00:00+02:00,1.5551924548103242
2024,CO2/CO/NOx,2024-04-18 15:00:00+02:00,1.588261260266531
2024,CO2/CO/NOx,2024-04-18 16:00:00+02:00,1.6133331763590124
2024,CO2/CO/NOx,2024-04-18 17:00:00+02:00,1.65159657629348
2024,CO2/CO/NOx,2024-04-18 18:00:00+02:00,1.7113368179956567
2024,CO2/CO/NOx,2024-04-18 19:00:00+02:00,1.740649416866386
2024,CO2/CO/NOx,2024-04-18 20:00:00+02:00,1.7438639609019353
2024,CO2/CO/NOx,2024-04-18 21:00:00+02:00,1.6895958984364376
2024,CO2/CO/NOx,2024-04-18 22:00:00+02:00,1.6337522450548358
2024,CO2/CO/NOx,2024-04-18 23:00:00+02:00,1.571642823170384
2024,CO2/CO/NOx,2024-04-19 00:00:00+02:00,1.4988593279124183
2024,CO2/CO/NOx,2024-04-19 01:00:00+02:00,1.459324079403705
2024,CO2/CO/NOx,2024-04-19 02:00:00+02:00,1.4759858308902685
2024,CO2/CO/NOx,2024-04-19 03:00:00+02:00,1.5389575281739039
2024,CO2/CO/NOx,2024-04-19 04:00:00+02:00,1.5967691333646876
2024,CO2/CO/NOx,2024-04-19 05:00:00+02:00,1.663560929497662
2024,CO2/CO/NOx,2024-04-19 06:00:00+02:00,1.7233676887480238
2024,CO2/CO/NOx,2024-04-19 07:00:00+02:00,1.7624977202671797
2024,CO2/CO/NOx,2024-04-19 08:00:00+02:00,1.7538925989501748
2024,CO2/CO/NOx,2024-04-19 09:00:00+02:00,1.6905194286834526
2024,CO2/CO/NOx,2024-04-19 10:00:00+02:00,1.6264913549902407
2024,CO2/CO/NOx,2024-04-19 11:00:00+02:00,1.558647192200609
2024,CO2/CO/NOx,2024-04-19 12:00:00+02:00,1.482770385640159
2024,CO2/CO/NOx,2024-04-19 13:00:00+02:00,1.4524746283945804
2024,CO2/CO/NOx,2024-04-19 14:00:00+02:00,1.467745407730403
2024,CO2/CO/NOx,2024-04-19 15:00:00+02:00,1.5245548937502047
2024,CO2/CO/NOx,2024-04-19 16:00:00+02:00,1.5987406198002219
2024,CO2/CO/NOx,2024-04-19 17:00:00+02:00,1.6526491365405638
2024,CO2/CO/NOx,2024-04-19 18:00:00+02:00,1.701715230729474
2024,CO2/CO/NOx,2024-04-19 19:00:00+02:00,1.6983349903572658
2024,CO2/CO/NOx,2024-04-19 20:00:00+02:00,1.6580841679641476
2024,CO2/CO/NOx,2024-04-19 21:00:00+02:00,1.581570008718596
2024,CO2/CO/NOx,2024-04-19 22:00:00+02:00,1.503274895869562
2024,CO2/CO/NOx,2024-04-19 23:00:00+02:00,1.4487871098725693
2024,CO2/CO/NOx,2024-04-20 00:00:00+02:00,1.4097283517460564
2024,CO2/CO/NOx,2024-04-20 01:00:00+02:00,1.4101544433640203
2024,CO2/CO/NOx,2024-04-20 02:00:00+02:00,1.4484274251958373
2024,CO2/CO/NOx,2024-04-20 03:00:00+02:00,1.5109569059957875
2024,CO2/CO/NOx,2024-04-20 04:00:00+02:00,1.568583222530251
2024,CO2/CO/NOx,2024-04-20 05:00:00+02:00,1.6310149929852105
2024,CO2/CO/NOx,2024-04-20 06:00:00+02:00,1.665259351213565
2024,CO2/CO/NOx,2024-04-20 07:00:00+02:00,1.652902663603935
2024,CO2/CO/NOx,2024-04-20 08:00:00+02:00,1.636822508387298
2024,CO2/CO/NOx,2024-04-20 09:00:00+02:00,1.5882251445259983
2024,CO2/CO/NOx,2024-04-20 10:00:00+02:00,1.5447808397397984
2024,CO2/CO/NOx,2024-04-20 11:00:00+02:00,1.5040178273790497
2024,CO2/CO/NOx,2024-04-20 12:00:00+02:00,1.455129081234429
2024,CO2/CO/NOx,2024-04-20 13:00:00+02:00,1.4555919468060128
2024,CO2/CO/NOx,2024-04-20 14:00:00+02:00,1.485591617604267
2024,CO2/CO/NOx,2024-04-20 15:00:00+02:00,1.5227292766440266
2024,CO2/CO/NOx,2024-04-20 16:00:00+02:00,1.5546208276419367
2024,CO2/CO/NOx,2024-04-20 17:00:00+02:00,1.6103597771524456
2024,CO2/CO/NOx,2024-04-20 18:00:00+02:00,1.6653036788281252
2024,CO2/CO/NOx,2024-04-20 19:00:00+02:00,1.6776312840775354
2024,CO2/CO/NOx,2024-04-20 20:00:00+02:00,1.6488839116881606
2024,CO2/CO/NOx,2024-04-20 21:00:00+02:00,1.5935537789922805
2024,CO2/CO/NOx,2024-04-20 22:00:00+02:00,1.5398090773010977
2024,CO2/CO/NOx,2024-04-20 23:00:00+02:00,1.4849887023828077
2024,CO2/CO/NOx,2024-04-21 00:00:00+02:00,1.434261204783187
2024,CO2/CO/NOx,2024-04-21 01:00:00+02:00,1.4099323320231951
2024,CO2/CO/NOx,2024-04-21 02:00:00+02:00,1.4317118277925354
2024,CO2/CO/NOx,2024-04-21 03:00:00+02:00,1.4761185907755408
2024,CO2/CO/NOx,2024-04-21 04:00:00+02:00,1.5237681004759644
2024,CO2/CO/NOx,2024-04-21 05:00:00+02:00,1.582078396211296
2024,CO2/CO/NOx,2024-04-21 06:00:00+02:00,1.627674176298115
2024,CO2/CO/NOx,2024-04-21 07:00:00+02:00,1.6445253911284456
2024,CO2/CO/NOx,2024-04-21 08:00:00+02:00,1.6565054169402884
2024,CO2/CO/NOx,2024-04-21 09:00:00+02:00,1.6495145594597849
2024,CO2/CO/NOx,2024-04-21 10:00:00+02:00,1.645625054239091
2024,CO2/CO/NOx,2024-04-21 11:00:00+02:00,1.641983462493279
2024,CO2/CO/NOx,2024-04-21 12:00:00+02:00,1.6347641291717097
2024,CO2/CO/NOx,2024-04-21 13:00:00+02:00,1.6470515571442885
2024,CO2/CO/NOx,2024-04-21 14:00:00+02:00,1.6629520619468996
2024,CO2/CO/NOx,2024-04-21 15:00:00+02:00,1.669282155139493
2024,CO2/CO/NOx,2024-04-21 16:00:00+02:00,1.6741077504831083
2024,CO2/CO/NOx,2024-04-21 17:00:00+02:00,1.6948717351866023
2024,CO2/CO/NOx,2024-04-21 18:00:00+02:00,1.6954980688542944
2024,CO2/CO/NOx,2024-04-21 19:00:00+02:00,1.685869367565417
2024,CO2/CO/NOx,2024-04-21 20:00:00+02:00,1.6671432937409085
2024,CO2/CO/NOx,2024-04-21 21:00:00+02:00,1.6531419811652563
2024,CO2/CO/NOx,2024-04-21 22:00:00+02:00,1.653380190590396
2024,CO2/CO/NOx,2024-04-21 23:00:00+02:00,1.6652467546000416
2024,CO2/CO/NOx,2024-04-22 00:00:00+02:00,1.6533339555889959
2024,CO2/CO/NOx,2024-04-22 01:00:00+02:00,1.6816078725010697
2024,CO2/CO/NOx,2024-04-22 02:00:00+02:00,1.7310410210869598
2024,CO2/CO/NOx,2024-04-22 03:00:00+02:00,1.771366479415146
2024,CO2/CO/NOx,2024-04-22 04:00:00+02:00,1.8201045066096053
2024,CO2/CO/NOx,2024-04-22 05:00:00+02:00,1.864574559429981
2024,CO2/CO/NOx,2024-04-22 06:00:00+02:00,1.8987949281451404
2024,CO2/CO/NOx,2024-04-22 07:00:00+02:00,1.914173321819716
2024,CO2/CO/NOx,2024-04-22 08:00:00+02:00,1.8963939922598283
2024,CO2/CO/NOx,2024-04-22 09:00:00+02:00,1.8316377914271424
2024,CO2/CO/NOx,2024-04-22 10:00:00+02:00,1.7865673253521406
2024,CO2/CO/NOx,2024-04-22 11:00:00+02:00,1.7507395186393313
2024,CO2/CO/NOx,2024-04-22 12:00:00+02:00,1.721081809770686
2024,CO2/CO/NOx,2024-04-22 13:00:00+02:00,1.7098343205641902
2024,CO2/CO/NOx,2024-04-22 14:00:00+02:00,1.7017340391047828
2024,CO2/CO/NOx,2024-04-22 15:00:00+02:00,1.6897028479392486
2024,CO2/CO/NOx,2024-04-22 16:00:00+02:00,1.6669532474562219
2024,CO2/CO/NOx,2024-04-22 17:00:00+02:00,1.6415708230820825
2024,CO2/CO/NOx,2024-04-22 18:00:00+02:00,1.637034824065121
2024,CO2/CO/NOx,2024-04-22 19:00:00+02:00,1.623455995647684
2024,CO2/CO/NOx,2024-04-22 20:00:00+02:00,1.607198432666135
2024,CO2/CO/NOx,2024-04-22 21:00:00+02:00,1.5828368335564835
2024,CO2/CO/NOx,2024-04-22 22:00:00+02:00,1.5542970929850521
2024,CO2/CO/NOx,2024-04-22 23:00:00+02:00,1.5316155063798562
2024,CO2/CO/NOx,2024-04-23 00:00:00+02:00,1.4820063893921576
2024,CO2/CO/NOx,2024-04-23 01:00:00+02:00,1.467162402272457
2024,CO2/CO/NOx,2024-04-23 02:00:00+02:00,1.4986333742870293
2024,CO2/CO/NOx,2024-04-23 03:00:00+02:00,1.5664114748067914
2024,CO2/CO/NOx,2024-04-23 04:00:00+02:00,1.6449482021800488
2024,CO2/CO/NOx,2024-04-23 05:00:00+02:00,1.714792474556086
2024,CO2/CO/NOx,2024-04-23 06:00:00+02:00,1.7811445970234967
2024,CO2/CO/NOx,2024-04-23 07:00:00+02:00,1.8172614614998124
2024,CO2/CO/NOx,2024-04-23 08:00:00+02:00,1.8202262808568515
2024,CO2/CO/NOx,2024-04-23 09:00:00+02:00,1.777567017853969
2024,CO2/CO/NOx,2024-04-23 10:00:00+02:00,1.7534710698228717
2024,CO2/CO/NOx,2024-04-23 11:00:00+02:00,1.7316864379625172
2024,CO2/CO/NOx,2024-04-23 12:00:00+02:00,1.7078598924021973
2024,CO2/CO/NOx,2024-04-23 13:00:00+02:00,1.7111511581400776
2024,CO2/CO/NOx,2024-04-23 14:00:00+02:00,1.720468771316255
2024,CO2/CO/NOx,2024-04-23 15:00:00+02:00,1.7384110777258648
2024,CO2/CO/NOx,2024-04-23 16:00:00+02:00,1.7404018375312398
2024,CO2/CO/NOx,2024-04-23 17:00:00+02:00,1.736708994105269
2024,CO2/CO/NOx,2024-04-23 18:00:00+02:00,1.7470500225096939
2024,CO2/CO/NOx,2024-04-23 19:00:00+02:00,1.7351562442841582
2024,CO2/CO/NOx,2024-04-23 20:00:00+02:00,1.7075830579252156
2024,CO2/CO/NOx,2024-04-23 21:00:00+02:00,1.6690703160114928
2024,CO2/CO/NOx,2024-04-23 22:00:00+02:00,1.6282763848687771
2024,CO2/CO/NOx,2024-04-23 23:00:00+02:00,1.596771310340069
2024,CO2/CO/NOx,2024-04-24 00:00:00+02:00,1.5559803822873182
2024,CO2/CO/NOx,2024-04-24 01:00:00+02:00,1.5464517659842751
2024,CO2/CO/NOx,2024-04-24 02:00:00+02:00,1.5711591995316445
2024,CO2/CO/NOx,2024-04-24 03:00:00+02:00,1.6310240768229107
2024,CO2/CO/NOx,2024-04-24 04:00:00+02:00,1.6870945940460642
2024,CO2/CO/NOx,2024-04-24 05:00:00+02:00,1.7422855732478195
2024,CO2/CO/NOx,2024-04-24 06:00:00+02:00,1.7891981840105062
2024,CO2/CO/NOx,2024-04-24 07:00:00+02:00,1.807810551214322
2024,CO2/CO/NOx,2024-04-24 08:00:00+02:00,1.7926797018412413
2024,CO2/CO/NOx,2024-04-24 09:00:00+02:00,1.736313443451588
2024,CO2/CO/NOx,2024-04-24 10:00:00+02:00,1.7048098620074201
2024,CO2/CO/NOx,2024-04-24 11:00:00+02:00,1.638079520475198
2024,CO2/CO/NOx,2024-04-24 12:00:00+02:00,1.5818451810226783
2024,CO2/CO/NOx,2024-04-24 13:00:00+02:00,1.5457455648451182
2024,CO2/CO/NOx,2024-04-24 14:00:00+02:00,1.5200169352101296
2024,CO2/CO/NOx,2024-04-24 15:00:00+02:00,1.5274977884351113
2024,CO2/CO/NOx,2024-04-24 16:00:00+02:00,1.5484993934959244
2024,CO2/CO/NOx,2024-04-24 17:00:00+02:00,1.571060613045205
2024,CO2/CO/NOx,2024-04-24 18:00:00+02:00,1.6241995019400786
2024,CO2/CO/NOx,2024-04-24 19:00:00+02:00,1.6617784475385529
2024,CO2/CO/NOx,2024-04-24 20:00:00+02:00,1.6495772041424477
2024,CO2/CO/NOx,2024-04-24 21:00:00+02:00,1.618121592212609
2024,CO2/CO/NOx,2024-04-24 22:00:00+02:00,1.5615652568249976
2024,CO2/CO/NOx,2024-04-24 23:00:00+02:00,1.4798427820922573
2024,CO2/CO/NOx,2024-04-25 00:00:00+02:00,1.3991410859876114
2024,CO2/CO/NOx,2024-04-25 01:00:00+02:00,1.360001073122232
2024,CO2/CO/NOx,2024-04-25 02:00:00+02:00,1.375379309807151
2024,CO2/CO/NOx,2024-04-25 03:00:00+02:00,1.45835523786382
2024,CO2/CO/NOx,2024-04-25 04:00:00+02:00,1.5360572475533467
2024,CO2/CO/NOx,2024-04-25 05:00:00+02:00,1.62754798018059
2024,CO2/CO/NOx,2024-04-25 06:00:00+02:00,1.6914477121061422
2024,CO2/CO/NOx,2024-04-25 07:00:00+02:00,1.7206132206384614
2024,CO2/CO/NOx,2024-04-25 08:00:00+02:00,1.710637723728253
2024,CO2/CO/NOx,2024-04-25 09:00:00+02:00,1.6573444677181646
2024,CO2/CO/NOx,2024-04-25 10:00:00+02:00,1.6253239643179087
2024,CO2/CO/NOx,2024-04-25 11:00:00+02:00,1.5747649075635288
2024,CO2/CO/NOx,2024-04-25 12:00:00+02:00,1.5111101077458207
2024,CO2/CO/NOx,2024-04-25 13:00:00+02:00,1.426085742126928
2024,CO2/CO/NOx,2024-04-25 14:00:00+02:00,1.3585562119802783
2024,CO2/CO/NOx,2024-04-25 15:00:00+02:00,1.3091111429502964
2024,CO2/CO/NOx,2024-04-25 16:00:00+02:00,1.2820477750356285
2024,CO2/CO/NOx,2024-04-25 17:00:00+02:00,1.2922240710848403
2024,CO2/CO/NOx,2024-04-25 18:00:00+02:00,1.332287766434159
2024,CO2/CO/NOx,2024-04-25 19:00:00+02:00,1.3788353069230368
2024,CO2/CO/NOx,2024-04-25 20:00:00+02:00,1.4119099178688914
2024,CO2/CO/NOx,2024-04-25 21:00:00+02:00,1.4178766308325335
2024,CO2/CO/NOx,2024-04-25 22:00:00+02:00,1.4010131952821319
2024,CO2/CO/NOx,2024-04-25 23:00:00+02:00,1.3752827279702684
2024,CO2/CO/NOx,2024-04-26 00:00:00+02:00,1.3424997276871786
2024,CO2/CO/NOx,2024-04-26 01:00:00+02:00,1.3430473702030852
2024,CO2/CO/NOx,2024-04-26 02:00:00+02:00,1.3732615262684316
2024,CO2/CO/NOx,2024-04-26 03:00:00+02:00,1.4344380180436818
2024,CO2/CO/NOx,2024-04-26 04:00:00+02:00,1.4834350240827774
2024,CO2/CO/NOx,2024-04-26 05:00:00+02:00,1.5376596901089903
2024,CO2/CO/NOx,2024-04-26 06:00:00+02:00,1.544728033615295
2024,CO2/CO/NOx,2024-04-26 07:00:00+02:00,1.4980795436340415
2024,CO2/CO/NOx,2024-04-26 08:00:00+02:00,1.3978152718541836
2024,CO2/CO/NOx,2024-04-26 09:00:00+02:00,1.265435043179577
2024,CO2/CO/NOx,2024-04-26 10:00:00+02:00,1.156088896204804
2024,CO2/CO/NOx,2024-04-26 11:00:00+02:00,1.0595858357015444
2024,CO2/CO/NOx,2024-04-26 12:00:00+02:00,0.9914739394873473
2024,CO2/CO/NOx,2024-04-26 13:00:00+02:00,0.9557446750829989
2024,CO2/CO/NOx,2024-04-26 14:00:00+02:00,0.9737583935867467
2024,CO2/CO/NOx,2024-04-26 15:00:00+02:00,1.0403452822713726
2024,CO2/CO/NOx,2024-04-26 16:00:00+02:00,1.0922325876993235
2024,CO2/CO/NOx,2024-04-26 17:00:00+02:00,1.116192087534376
2024,CO2/CO/NOx,2024-04-26 18:00:00+02:00,1.1304722384802564
2024,CO2/CO/NOx,2024-04-26 19:00:00+02:00,1.101467460521169
2024,CO2/CO/NOx,2024-04-26 20:00:00+02:00,1.0620170854406648
2024,CO2/CO/NOx,2024-04-26 21:00:00+02:00,1.0279011947201044
2024,CO2/CO/NOx,2024-04-26 22:00:00+02:00,1.0114533198060442
2024,CO2/CO/NOx,2024-04-26 23:00:00+02:00,1.032570426176257
2024,CO2/CO/NOx,2024-04-27 00:00:00+02:00,1.0777451977761583
2024,CO2/CO/NOx,2024-04-27 01:00:00+02:00,1.1362417496644843
2024,CO2/CO/NOx,2024-04-27 02:00:00+02:00,1.202165334538916
2024,CO2/CO/NOx,2024-04-27 03:00:00+02:00,1.2856550141397967
2024,CO2/CO/NOx,2024-04-27 04:00:00+02:00,1.3180048165983034
2024,CO2/CO/NOx,2024-04-27 05:00:00+02:00,1.3199351190562527
2024,CO2/CO/NOx,2024-04-27 06:00:00+02:00,1.2729528383828952
2024,CO2/CO/NOx,2024-04-27 07:00:00+02:00,1.190899883695976
2024,CO2/CO/NOx,2024-04-27 08:00:00+02:00,1.0789373941165334
2024,CO2/CO/NOx,2024-04-27 09:00:00+02:00,0.9463135212910562
2024,CO2/CO/NOx,2024-04-27 10:00:00+02:00,0.860228529452899
2024,CO2/CO/NOx,2024-04-27 11:00:00+02:00,0.8147090275136841
2024,CO2/CO/NOx,2024-04-27 12:00:00+02:00,0.8091451930746925
2024,CO2/CO/NOx,2024-04-27 13:00:00+02:00,0.8371391282919767
2024,CO2/CO/NOx,2024-04-27 14:00:00+02:00,0.8746601014648311
2024,CO2/CO/NOx,2024-04-27 15:00:00+02:00,0.9198948020364747
2024,CO2/CO/NOx,2024-04-27 16:00:00+02:00,0.9388596260039349
2024,CO2/CO/NOx,2024-04-27 17:00:00+02:00,0.9208738816450581
2024,CO2/CO/NOx,2024-04-27 18:00:00+02:00,0.8840222151642567
2024,CO2/CO/NOx,2024-04-27 19:00:00+02:00,0.8152434648436383
2024,CO2/CO/NOx,2024-04-27 20:00:00+02:00,0.7245785716074238
2024,CO2/CO/NOx,2024-04-27 21:00:00+02:00,0.6236645419414293
2024,CO2/CO/NOx,2024-04-27 22:00:00+02:00,0.5681026832160494
2024,CO2/CO/NOx,2024-04-27 23:00:00+02:00,0.5296483957458893
2024,CO2/CO/NOx,2024-04-28 00:00:00+02:00,0.5256469488987535
2024,CO2/CO/NOx,2024-04-28 01:00:00+02:00,0.5360178861242016
2024,CO2/CO/NOx,2024-04-28 02:00:00+02:00,0.5858246055748382
2024,CO2/CO/NOx,2024-04-28 03:00:00+02:00,0.6557550869376847
2024,CO2/CO/NOx,2024-04-28 04:00:00+02:00,0.7195692347625887
2024,CO2/CO/NOx,2024-04-28 05:00:00+02:00,0.7609219068502268
2024,CO2/CO/NOx,2024-04-28 06:00:00+02:00,0.7706215371115904
2024,CO2/CO/NOx,2024-04-28 07:00:00+02:00,0.7506904002977791
2024,CO2/CO/NOx,2024-04-28 08:00:00+02:00,0.686062315047547
2024,CO2/CO/NOx,2024-04-28 09:00:00+02:00,0.610844244123362
2024,CO2/CO/NOx,2024-04-28 10:00:00+02:00,0.550503750966279
2024,CO2/CO/NOx,2024-04-28 11:00:00+02:00,0.5129026707345175
2024,CO2/CO/NOx,2024-04-28 12:00:00+02:00,0.4904361856367834
2024,CO2/CO/NOx,2024-04-28 13:00:00+02:00,0.4863392617668376
2024,CO2/CO/NOx,2024-04-28 14:00:00+02:00,0.48883047453814565
2024,CO2/CO/NOx,2024-04-28 15:00:00+02:00,0.4933181565420038
2024,CO2/CO/NOx,2024-04-28 16:00:00+02:00,0.49467859970261396
2024,CO2/CO/NOx,2024-04-28 17:00:00+02:00,0.4962731872091128
2024,CO2/CO/NOx,2024-04-28 18:00:00+02:00,0.4975944047503636
2024,CO2/CO/NOx,2024-04-28 19:00:00+02:00,0.5022764696896318
2024,CO2/CO/NOx,2024-04-28 20:00:00+02:00,0.5068926089057403
2024,CO2/CO/NOx,2024-04-28 21:00:00+02:00,0.5149697943488633
2024,CO2/CO/NOx,2024-04-28 22:00:00+02:00,0.5266409295130341
2024,CO2/CO/NOx,2024-04-28 23:00:00+02:00,0.5404186777241561
2024,CO2/CO/NOx,2024-04-29 00:00:00+02:00,0.5456939355196221
2024,CO2/CO/NOx,2024-04-29 01:00:00+02:00,0.5687147990967496
2024,CO2/CO/NOx,2024-04-29 02:00:00+02:00,0.5994223659802602
2024,CO2/CO/NOx,2024-04-29 03:00:00+02:00,0.6492691672205755
2024,CO2/CO/NOx,2024-04-29 04:00:00+02:00,0.6954085395848667
2024,CO2/CO/NOx,2024-04-29 05:00:00+02:00,0.7363369854559878
2024,CO2/CO/NOx,2024-04-29 06:00:00+02:00,0.7675700440187804
2024,CO2/CO/NOx,2024-04-29 07:00:00+02:00,0.7723055086854863
2024,CO2/CO/NOx,2024-04-29 08:00:00+02:00,0.7380045329114394
2024,CO2/CO/NOx,2024-04-29 09:00:00+02:00,0.6834645362427824
2024,CO2/CO/NOx,2024-04-29 10:00:00+02:00,0.6317218159861114
2024,CO2/CO/NOx,2024-04-29 11:00:00+02:00,0.5857680303728168
2024,CO2/CO/NOx,2024-04-29 12:00:00+02:00,0.5623396329518903
2024,CO2/CO/NOx,2024-04-29 13:00:00+02:00,0.5458751709763828
2024,CO2/CO/NOx,2024-04-29 14:00:00+02:00,0.5486658659326908
2024,CO2/CO/NOx,2024-04-29 15:00:00+02:00,0.557253444080627
2024,CO2/CO/NOx,2024-04-29 16:00:00+02:00,0.5443219828374398
2024,CO2/CO/NOx,2024-04-29 17:00:00+02:00,0.5289497802128993
2024,CO2/CO/NOx,2024-04-29 18:00:00+02:00,0.525928890031421
2024,CO2/CO/NOx,2024-04-29 19:00:00+02:00,0.5131858624831159
2024,CO2/CO/NOx,2024-04-29 20:00:00+02:00,0.5027846328729006
2024,CO2/CO/NOx,2024-04-29 21:00:00+02:00,0.49814788779096114
2024,CO2/CO/NOx,2024-04-29 22:00:00+02:00,0.4972469005178594
2024,CO2/CO/NOx,2024-04-29 23:00:00+02:00,0.4955558710372487
2024,CO2/CO/NOx,2024-04-30 00:00:00+02:00,0.48193826780162
2024,CO2/CO/NOx,2024-04-30 01:00:00+02:00,0.4808191745711414
2024,CO2/CO/NOx,2024-04-30 02:00:00+02:00,0.5102038248027287
2024,CO2/CO/NOx,2024-04-30 03:00:00+02:00,0.5668783372721018
2024,CO2/CO/NOx,2024-04-30 04:00:00+02:00,0.6257886019113026
2024,CO2/CO/NOx,2024-04-30 05:00:00+02:00,0.6681266358420408
2024,CO2/CO/NOx,2024-04-30 06:00:00+02:00,0.6950106687295887
2024,CO2/CO/NOx,2024-04-30 07:00:00+02:00,0.6852817412733867
2024,CO2/CO/NOx,2024-04-30 08:00:00+02:00,0.6376038237333912
2024,CO2/CO/NOx,2024-04-30 09:00:00+02:00,0.5597713201619909
2024,CO2/CO/NOx,2024-04-30 10:00:00+02:00,0.5011740026867033
2024,CO2/CO/NOx,2024-04-30 11:00:00+02:00,0.462627023651774
2024,CO2/CO/NOx,2024-04-30 12:00:00+02:00,0.4506019256968733
2024,CO2/CO/NOx,2024-04-30 13:00:00+02:00,0.4549015454336055
2024,CO2/CO/NOx,2024-04-30 14:00:00+02:00,0.4674233222354712
2024,CO2/CO/NOx,2024-04-30 15:00:00+02:00,0.48575393508838954
2024,CO2/CO/NOx,2024-04-30 16:00:00+02:00,0.49167312561216386
2024,CO2/CO/NOx,2024-04-30 17:00:00+02:00,0.48746178661689155
2024,CO2/CO/NOx,2024-04-30 18:00:00+02:00,0.4822038026774217
2024,CO2/CO/NOx,2024-04-30 19:00:00+02:00,0.47042917248613925
2024,CO2/CO/NOx,2024-04-30 20:00:00+02:00,0.4542736961670863
2024,CO2/CO/NOx,2024-04-30 21:00:00+02:00,0.4325143335482488
2024,CO2/CO/NOx,2024-04-30 22:00:00+02:00,0.4120778263303821
2024,CO2/CO/NOx,2024-04-30 23:00:00+02:00,0.4142293199668955
2024,CO2/CO/NOx,2024-05-01 00:00:00+02:00,0.41890485512934184
2024,CO2/CO/NOx,2024-05-01 01:00:00+02:00,0.4504850513269414
2024,CO2/CO/NOx,2024-05-01 02:00:00+02:00,0.5066132068531152
2024,CO2/CO/NOx,2024-05-01 03:00:00+02:00,0.5744267021632512
2024,CO2/CO/NOx,2024-05-01 04:00:00+02:00,0.6257927815839929
2024,CO2/CO/NOx,2024-05-01 05:00:00+02:00,0.6591087432215168
2024,CO2/CO/NOx,2024-05-01 06:00:00+02:00,0.6619370975606564
2024,CO2/CO/NOx,2024-05-01 07:00:00+02:00,0.6335352962794798
2024,CO2/CO/NOx,2024-05-01 08:00:00+02:00,0.5854482808787747
2024,CO2/CO/NOx,2024-05-01 09:00:00+02:00,0.5255758032463627
2024,CO2/CO/NOx,2024-05-01 10:00:00+02:00,0.4856722862733098
2024,CO2/CO/NOx,2024-05-01 11:00:00+02:00,0.46321599312561984
2024,CO2/CO/NOx,2024-05-01 12:00:00+02:00,0.4654316233278381
2024,CO2/CO/NOx,2024-05-01 13:00:00+02:00,0.4759440285944413
2024,CO2/CO/NOx,2024-05-01 14:00:00+02:00,0.4967595212506376
2024,CO2/CO/NOx,2024-05-01 15:00:00+02:00,0.5131425516554268
2024,CO2/CO/NOx,2024-05-01 16:00:00+02:00,0.5151494023968101
2024,CO2/CO/NOx,2024-05-01 17:00:00+02:00,0.5066300008718996
2024,CO2/CO/NOx,2024-05-01 18:00:00+02:00,0.4966145897676255
2024,CO2/CO/NOx,2024-05-01 19:00:00+02:00,0.47054679325027793
2024,CO2/CO/NOx,2024-05-01 20:00:00+02:00,0.4407491367389267
2024,CO2/CO/NOx,2024-05-01 21:00:00+02:00,0.42351594993161223
2024,CO2/CO/NOx,2024-05-01 22:00:00+02:00,0.40354307996133476
2024,CO2/CO/NOx,2024-05-01 23:00:00+02:00,0.4006707079557104
2024,CO2/CO/NOx,2024-05-02 00:00:00+02:00,0.4001279569463955
2024,CO2/CO/NOx,2024-05-02 01:00:00+02:00,0.418421573385332
2024,CO2/CO/NOx,2024-05-02 02:00:00+02:00,0.4640067058547443
2024,CO2/CO/NOx,2024-05-02 03:00:00+02:00,0.518476916356295
2024,CO2/CO/NOx,2024-05-02 04:00:00+02:00,0.5677625788100443
2024,CO2/CO/NOx,2024-05-02 05:00:00+02:00,0.604989455704862
2024,CO2/CO/NOx,2024-05-02 06:00:00+02:00,0.6231105158003407
2024,CO2/CO/NOx,2024-05-02 07:00:00+02:00,0.609626088791907
2024,CO2/CO/NOx,2024-05-02 08:00:00+02:00,0.5755173328703064
2024,CO2/CO/NOx,2024-05-02 09:00:00+02:00,0.5156346842064504
2024,CO2/CO/NOx,2024-05-02 10:00:00+02:00,0.465108936978473
2024,CO2/CO/NOx,2024-05-02 11:00:00+02:00,0.439378624164127
2024,CO2/CO/NOx,2024-05-02 12:00:00+02:00,0.4264755550720382
2024,CO2/CO/NOx,2024-05-02 13:00:00+02:00,0.4343873487330611
2024,CO2/CO/NOx,2024-05-02 14:00:00+02:00,0.45682828535503933
2024,CO2/CO/NOx,2024-05-02 15:00:00+02:00,0.48768133837740363
2024,CO2/CO/NOx,2024-05-02 16:00:00+02:00,0.51140528086115
2024,CO2/CO/NOx,2024-05-02 17:00:00+02:00,0.5255824045888499
2024,CO2/CO/NOx,2024-05-02 18:00:00+02:00,0.5352626537371005
2024,CO2/CO/NOx,2024-05-02 19:00:00+02:00,0.5471078240483263
2024,CO2/CO/NOx,2024-05-02 20:00:00+02:00,0.5581472785554626
2024,CO2/CO/NOx,2024-05-02 21:00:00+02:00,0.5600017852284155
2024,CO2/CO/NOx,2024-05-02 22:00:00+02:00,0.5651217336100258
2024,CO2/CO/NOx,2024-05-02 23:00:00+02:00,0.5803845859188804
2024,CO2/CO/NOx,2024-05-03 00:00:00+02:00,0.5922144156883437
2024,CO2/CO/NOx,2024-05-03 01:00:00+02:00,0.6052757878950681
2024,CO2/CO/NOx,2024-05-03 02:00:00+02:00,0.6304672681600474
2024,CO2/CO/NOx,2024-05-03 03:00:00+02:00,0.6743598518915098
2024,CO2/CO/NOx,2024-05-03 04:00:00+02:00,0.7302000595898391
2024,CO2/CO/NOx,2024-05-03 05:00:00+02:00,0.7780878719705708
2024,CO2/CO/NOx,2024-05-03 06:00:00+02:00,0.8149593128774011
2024,CO2/CO/NOx,2024-05-03 07:00:00+02:00,0.8457456988214223
2024,CO2/CO/NOx,2024-05-03 08:00:00+02:00,0.8638007381699536
2024,CO2/CO/NOx,2024-05-03 09:00:00+02:00,0.8633695155798953
2024,CO2/CO/NOx,2024-05-03 10:00:00+02:00,0.8544669746873602
2024,CO2/CO/NOx,2024-05-03 11:00:00+02:00,0.8504442522581946
2024,CO2/CO/NOx,2024-05-03 12:00:00+02:00,0.8419617373902625
2024,CO2/CO/NOx,2024-05-03 13:00:00+02:00,0.8417093916070846
2024,CO2/CO/NOx,2024-05-03 14:00:00+02:00,0.8416730219259168
2024,CO2/CO/NOx,2024-05-03 15:00:00+02:00,0.8588513607155696
2024,CO2/CO/NOx,2024-05-03 16:00:00+02:00,0.8800565068038047
2024,CO2/CO/NOx,2024-05-03 17:00:00+02:00,0.9080641386965682
2024,CO2/CO/NOx,2024-05-03 18:00:00+02:00,0.9398912207858613
2024,CO2/CO/NOx,2024-05-03 19:00:00+02:00,0.9456611651493338
2024,CO2/CO/NOx,2024-05-03 20:00:00+02:00,0.9432741483228316
2024,CO2/CO/NOx,2024-05-03 21:00:00+02:00,0.9260319606372859
2024,CO2/CO/NOx,2024-05-03 22:00:00+02:00,0.9055826227148193
2024,CO2/CO/NOx,2024-05-03 23:00:00+02:00,0.88612274910141
2024,CO2/CO/NOx,2024-05-04 00:00:00+02:00,0.8746726630099468
2024,CO2/CO/NOx,2024-05-04 01:00:00+02:00,0.873815837272328
2024,CO2/CO/NOx,2024-05-04 02:00:00+02:00,0.9034676973020299
2024,CO2/CO/NOx,2024-05-04 03:00:00+02:00,0.9572430784812894
2024,CO2/CO/NOx,2024-05-04 04:00:00+02:00,1.0024756081673587
2024,CO2/CO/NOx,2024-05-04 05:00:00+02:00,1.0416876927809697
2024,CO2/CO/NOx,2024-05-04 06:00:00+02:00,1.065137644237948
2024,CO2/CO/NOx,2024-05-04 07:00:00+02:00,1.0608424168064323
2024,CO2/CO/NOx,2024-05-04 08:00:00+02:00,1.02576325356227
2024,CO2/CO/NOx,2024-05-04 09:00:00+02:00,0.9584346126610226
2024,CO2/CO/NOx,2024-05-04 10:00:00+02:00,0.8903891935473257
2024,CO2/CO/NOx,2024-05-04 11:00:00+02:00,0.8335508845247911
2024,CO2/CO/NOx,2024-05-04 12:00:00+02:00,0.781245163058492
2024,CO2/CO/NOx,2024-05-04 13:00:00+02:00,0.749894475788595
2024,CO2/CO/NOx,2024-05-04 14:00:00+02:00,0.7296901301541221
2024,CO2/CO/NOx,2024-05-04 15:00:00+02:00,0.7246007510955065
2024,CO2/CO/NOx,2024-05-04 16:00:00+02:00,0.7317008377040446
2024,CO2/CO/NOx,2024-05-04 17:00:00+02:00,0.7300997753823162
2024,CO2/CO/NOx,2024-05-04 18:00:00+02:00,0.7309809385084501
2024,CO2/CO/NOx,2024-05-04 19:00:00+02:00,0.7270957831372853
2024,CO2/CO/NOx,2024-05-04 20:00:00+02:00,0.7143098290366819
2024,CO2/CO/NOx,2024-05-04 21:00:00+02:00,0.6977897425557061
2024,CO2/CO/NOx,2024-05-04 22:00:00+02:00,0.694897623195866
2024,CO2/CO/NOx,2024-05-04 23:00:00+02:00,0.6964894828183136
2024,CO2/CO/NOx,2024-05-05 00:00:00+02:00,0.701161083624224
2024,CO2/CO/NOx,2024-05-05 01:00:00+02:00,0.7202800232374919
2024,CO2/CO/NOx,2024-05-05 02:00:00+02:00,0.7329109142904597
2024,CO2/CO/NOx,2024-05-05 03:00:00+02:00,0.7428280220512686
2024,CO2/CO/NOx,2024-05-05 04:00:00+02:00,0.7528754843764678
2024,CO2/CO/NOx,2024-05-05 05:00:00+02:00,0.7607344725174761
2024,CO2/CO/NOx,2024-05-05 06:00:00+02:00,0.7630132634502501
2024,CO2/CO/NOx,2024-05-05 07:00:00+02:00,0.7472474295964504
2024,CO2/CO/NOx,2024-05-05 08:00:00+02:00,0.7195731827357088
2024,CO2/CO/NOx,2024-05-05 09:00:00+02:00,0.6780346309365407
2024,CO2/CO/NOx,2024-05-05 10:00:00+02:00,0.6545098834104647
2024,CO2/CO/NOx,2024-05-05 11:00:00+02:00,0.6290413868493991
2024,CO2/CO/NOx,2024-05-05 12:00:00+02:00,0.6093713411855521
2024,CO2/CO/NOx,2024-05-05 13:00:00+02:00,0.599732755936126
2024,CO2/CO/NOx,2024-05-05 14:00:00+02:00,0.5886104456876553
2024,CO2/CO/NOx,2024-05-05 15:00:00+02:00,0.5701899755960727
2024,CO2/CO/NOx,2024-05-05 16:00:00+02:00,0.5437674199194545
2024,CO2/CO/NOx,2024-05-05 17:00:00+02:00,0.5208503706113604
2024,CO2/CO/NOx,2024-05-05 18:00:00+02:00,0.5135642274057661
2024,CO2/CO/NOx,2024-05-05 19:00:00+02:00,0.5263957389451424
2024,CO2/CO/NOx,2024-05-05 20:00:00+02:00,0.5383793922752098
2024,CO2/CO/NOx,2024-05-05 21:00:00+02:00,0.5645325233203082
2024,CO2/CO/NOx,2024-05-05 22:00:00+02:00,0.5819225620059117
2024,CO2/CO/NOx,2024-05-05 23:00:00+02:00,0.6023440956143603
2024,CO2/CO/NOx,2024-05-06 00:00:00+02:00,0.6151724915679625
2024,CO2/CO/NOx,2024-05-06 01:00:00+02:00,0.6371544988857964
2024,CO2/CO/NOx,2024-05-06 02:00:00+02:00,0.6701397561084995
2024,CO2/CO/NOx,2024-05-06 03:00:00+02:00,0.7030018404012363
2024,CO2/CO/NOx,2024-05-06 04:00:00+02:00,0.7380734744850616
2024,CO2/CO/NOx,2024-05-06 05:00:00+02:00,0.7606897925976497
2024,CO2/CO/NOx,2024-05-06 06:00:00+02:00,0.7665327761106717
2024,CO2/CO/NOx,2024-05-06 07:00:00+02:00,0.7390713357507243
2024,CO2/CO/NOx,2024-05-06 08:00:00+02:00,0.6915276493692981
2024,CO2/CO/NOx,2024-05-06 09:00:00+02:00,0.6306003398881213
2024,CO2/CO/NOx,2024-05-06 10:00:00+02:00,0.571921741493341
2024,CO2/CO/NOx,2024-05-06 11:00:00+02:00,0.5239054337039749
2024,CO2/CO/NOx,2024-05-06 12:00:00+02:00,0.488295265145828
2024,CO2/CO/NOx,2024-05-06 13:00:00+02:00,0.4825170429028408
2024,CO2/CO/NOx,2024-05-06 14:00:00+02:00,0.5131407246203998
2024,CO2/CO/NOx,2024-05-06 15:00:00+02:00,0.5637342903038182
2024,CO2/CO/NOx,2024-05-06 16:00:00+02:00,0.6187449909133156
2024,CO2/CO/NOx,2024-05-06 17:00:00+02:00,0.6786965987385463
2024,CO2/CO/NOx,2024-05-06 18:00:00+02:00,0.7284425537265854
2024,CO2/CO/NOx,2024-05-06 19:00:00+02:00,0.7496969949058819
2024,CO2/CO/NOx,2024-05-06 20:00:00+02:00,0.7522063934770026
2024,CO2/CO/NOx,2024-05-06 21:00:00+02:00,0.7263151377866257
2024,CO2/CO/NOx,2024-05-06 22:00:00+02:00,0.6752934468234741
2024,CO2/CO/NOx,2024-05-06 23:00:00+02:00,0.6402283678391304
2024,CO2/CO/NOx,2024-05-07 00:00:00+02:00,0.6027888866572577
2024,CO2/CO/NOx,2024-05-07 01:00:00+02:00,0.599270746648734
2024,CO2/CO/NOx,2024-05-07 02:00:00+02:00,0.6648870517528446
2024,CO2/CO/NOx,2024-05-07 03:00:00+02:00,0.7402661139420554
2024,CO2/CO/NOx,2024-05-07 04:00:00+02:00,0.8214415030235352
2024,CO2/CO/NOx,2024-05-07 05:00:00+02:00,0.8879730315267718
2024,CO2/CO/NOx,2024-05-07 06:00:00+02:00,0.9274166206500483
2024,CO2/CO/NOx,2024-05-07 07:00:00+02:00,0.9294718808780971
2024,CO2/CO/NOx,2024-05-07 08:00:00+02:00,0.9031472721865362
2024,CO2/CO/NOx,2024-05-07 09:00:00+02:00,0.8423925062784362
2024,CO2/CO/NOx,2024-05-07 10:00:00+02:00,0.792868293289923
2024,CO2/CO/NOx,2024-05-07 11:00:00+02:00,0.7688348890993177
2024,CO2/CO/NOx,2024-05-07 12:00:00+02:00,0.7227164972924961
2024,CO2/CO/NOx,2024-05-07 13:00:00+02:00,0.6949736568523226
2024,CO2/CO/NOx,2024-05-07 14:00:00+02:00,0.6873758655833876
2024,CO2/CO/NOx,2024-05-07 15:00:00+02:00,0.7086509971487324
2024,CO2/CO/NOx,2024-05-07 16:00:00+02:00,0.7259526939512647
2024,CO2/CO/NOx,2024-05-07 17:00:00+02:00,0.7346233273938128
2024,CO2/CO/NOx,2024-05-07 18:00:00+02:00,0.7406585464106825
2024,CO2/CO/NOx,2024-05-07 19:00:00+02:00,0.7371308435377231
2024,CO2/CO/NOx,2024-05-07 20:00:00+02:00,0.7190191703864366
2024,CO2/CO/NOx,2024-05-07 21:00:00+02:00,0.6971908846520618
2024,CO2/CO/NOx,2024-05-07 22:00:00+02:00,0.6938850078970785
2024,CO2/CO/NOx,2024-05-07 23:00:00+02:00,0.7125113555784859
2024,CO2/CO/NOx,2024-05-08 00:00:00+02:00,0.728604179601922
2024,CO2/CO/NOx,2024-05-08 01:00:00+02:00,0.7443788153672733
2024,CO2/CO/NOx,2024-05-08 02:00:00+02:00,0.7635743011189015
2024,CO2/CO/NOx,2024-05-08 03:00:00+02:00,0.7982370161935868
2024,CO2/CO/NOx,2024-05-08 04:00:00+02:00,0.8391164475290745
2024,CO2/CO/NOx,2024-05-08 05:00:00+02:00,0.8693740651968144
2024,CO2/CO/NOx,2024-05-08 06:00:00+02:00,0.9065366785482784
2024,CO2/CO/NOx,2024-05-08 07:00:00+02:00,0.9280884390824593
2024,CO2/CO/NOx,2024-05-08 08:00:00+02:00,0.9411709827165915
2024,CO2/CO/NOx,2024-05-08 09:00:00+02:00,0.9416492276063753
2024,CO2/CO/NOx,2024-05-08 10:00:00+02:00,0.9443361202942288
2024,CO2/CO/NOx,2024-05-08 11:00:00+02:00,0.9414151582503865
2024,CO2/CO/NOx,2024-05-08 12:00:00+02:00,0.9422865087914165
2024,CO2/CO/NOx,2024-05-08 13:00:00+02:00,0.9541269551277459
2024,CO2/CO/NOx,2024-05-08 14:00:00+02:00,0.9638410932505351
2024,CO2/CO/NOx,2024-05-08 15:00:00+02:00,0.9822146407202762
2024,CO2/CO/NOx,2024-05-08 16:00:00+02:00,0.9896993140188286
2024,CO2/CO/NOx,2024-05-08 17:00:00+02:00,1.003276904547755
2024,CO2/CO/NOx,2024-05-08 18:00:00+02:00,1.020856180445313
2024,CO2/CO/NOx,2024-05-08 19:00:00+02:00,1.0155103203928817
2024,CO2/CO/NOx,2024-05-08 20:00:00+02:00,1.0008827577272108
2024,CO2/CO/NOx,2024-05-08 21:00:00+02:00,0.9751240295071649
2024,CO2/CO/NOx,2024-05-08 22:00:00+02:00,0.948026025223562
2024,CO2/CO/NOx,2024-05-08 23:00:00+02:00,0.9231329975312277
2024,CO2/CO/NOx,2024-05-09 00:00:00+02:00,0.8873976459676892
2024,CO2/CO/NOx,2024-05-09 01:00:00+02:00,0.8780688604228619
2024,CO2/CO/NOx,2024-05-09 02:00:00+02:00,0.8975643355947364
2024,CO2/CO/NOx,2024-05-09 03:00:00+02:00,0.9339483426528855
2024,CO2/CO/NOx,2024-05-09 04:00:00+02:00,0.9740765783801959
2024,CO2/CO/NOx,2024-05-09 05:00:00+02:00,1.0204918678398889
2024,CO2/CO/NOx,2024-05-09 06:00:00+02:00,1.053952453406036
2024,CO2/CO/NOx,2024-05-09 07:00:00+02:00,1.0587840322242057
2024,CO2/CO/NOx,2024-05-09 08:00:00+02:00,1.0295987659802868
2024,CO2/CO/NOx,2024-05-09 09:00:00+02:00,0.9675751967873942
2024,CO2/CO/NOx,2024-05-09 10:00:00+02:00,0.9180752575717172
2024,CO2/CO/NOx,2024-05-09 11:00:00+02:00,0.8715376200193586
2024,CO2/CO/NOx,2024-05-09 12:00:00+02:00,0.8286771127780291
2024,CO2/CO/NOx,2024-05-09 13:00:00+02:00,0.8128901786090187
2024,CO2/CO/NOx,2024-05-09 14:00:00+02:00,0.8148755168517288
2024,CO2/CO/NOx,2024-05-09 15:00:00+02:00,0.82179947349119
2024,CO2/CO/NOx,2024-05-09 16:00:00+02:00,0.8220428338908433
2024,CO2/CO/NOx,2024-05-09 17:00:00+02:00,0.8047014099401737
2024,CO2/CO/NOx,2024-05-09 18:00:00+02:00,0.7984998540842279
2024,CO2/CO/NOx,2024-05-09 19:00:00+02:00,0.7818666999739466
2024,CO2/CO/NOx,2024-05-09 20:00:00+02:00,0.7707940899750045
2024,CO2/CO/NOx,2024-05-09 21:00:00+02:00,0.7783411292587644
2024,CO2/CO/NOx,2024-05-09 22:00:00+02:00,0.8006646859542478
2024,CO2/CO/NOx,2024-05-09 23:00:00+02:00,0.8465799216825222
2024,CO2/CO/NOx,2024-05-10 00:00:00+02:00,0.8921189188459996
2024,CO2/CO/NOx,2024-05-10 01:00:00+02:00,0.956684189854865
2024,CO2/CO/NOx,2024-05-10 02:00:00+02:00,1.021892580448748
2024,CO2/CO/NOx,2024-05-10 03:00:00+02:00,1.1151678349783885
2024,CO2/CO/NOx,2024-05-10 04:00:00+02:00,1.1643827434904859
2024,CO2/CO/NOx,2024-05-10 05:00:00+02:00,1.1583645673050071
2024,CO2/CO/NOx,2024-05-10 06:00:00+02:00,1.1237979972329348
2024,CO2/CO/NOx,2024-05-10 07:00:00+02:00,1.0447819338069884
2024,CO2/CO/NOx,2024-05-10 08:00:00+02:00,0.9507923965696601
2024,CO2/CO/NOx,2024-05-10 09:00:00+02:00,0.8344625237782398
2024,CO2/CO/NOx,2024-05-10 10:00:00+02:00,0.7535349986882293
2024,CO2/CO/NOx,2024-05-10 11:00:00+02:00,0.7187631732159935
2024,CO2/CO/NOx,2024-05-10 12:00:00+02:00,0.7413881016950862
2024,CO2/CO/NOx,2024-05-10 13:00:00+02:00,0.7686229566864974
2024,CO2/CO/NOx,2024-05-10 14:00:00+02:00,0.8165793836324947
2024,CO2/CO/NOx,2024-05-10 15:00:00+02:00,0.8488436070585235
2024,CO2/CO/NOx,2024-05-10 16:00:00+02:00,0.8513947370384642
2024,CO2/CO/NOx,2024-05-10 17:00:00+02:00,0.8133471879513995
2024,CO2/CO/NOx,2024-05-10 18:00:00+02:00,0.7676116622230912
2024,CO2/CO/NOx,2024-05-10 19:00:00+02:00,0.7123980216605097
2024,CO2/CO/NOx,2024-05-10 20:00:00+02:00,0.6697240163811594
2024,CO2/CO/NOx,2024-05-10 21:00:00+02:00,0.6485894413894915
2024,CO2/CO/NOx,2024-05-10 22:00:00+02:00,0.6503015619488294
2024,CO2/CO/NOx,2024-05-10 23:00:00+02:00,0.6922104641317267
2024,CO2/CO/NOx,2024-05-11 00:00:00+02:00,0.6994137938345255
2024,CO2/CO/NOx,2024-05-11 01:00:00+02:00,0.729200380430705
2024,CO2/CO/NOx,2024-05-11 02:00:00+02:00,0.7776828748211786
2024,CO2/CO/NOx,2024-05-11 03:00:00+02:00,0.8419735529290335
2024,CO2/CO/NOx,2024-05-11 04:00:00+02:00,0.8900904768097279
2024,CO2/CO/NOx,2024-05-11 05:00:00+02:00,0.9139439028392251
2024,CO2/CO/NOx,2024-05-11 06:00:00+02:00,0.9122797882807214
2024,CO2/CO/NOx,2024-05-11 07:00:00+02:00,0.8819214481303219
2024,CO2/CO/NOx,2024-05-11 08:00:00+02:00,0.823217772966857
2024,CO2/CO/NOx,2024-05-11 09:00:00+02:00,0.7371278157414654
2024,CO2/CO/NOx,2024-05-11 10:00:00+02:00,0.6710490898028395
2024,CO2/CO/NOx,2024-05-11 11:00:00+02:00,0.6244573677819812
2024,CO2/CO/NOx,2024-05-11 12:00:00+02:00,0.5779885569296431
2024,CO2/CO/NOx,2024-05-11 13:00:00+02:00,0.581766227084397
2024,CO2/CO/NOx,2024-05-11 14:00:00+02:00,0.5776595531458735
2024,CO2/CO/NOx,2024-05-11 15:00:00+02:00,0.5807446202407428
2024,CO2/CO/NOx,2024-05-11 16:00:00+02:00,0.5805238382340162
2024,CO2/CO/NOx,2024-05-11 17:00:00+02:00,0.576162457052576
2024,CO2/CO/NOx,2024-05-11 18:00:00+02:00,0.5641810831405899
2024,CO2/CO/NOx,2024-05-11 19:00:00+02:00,0.5486640807791898
2024,CO2/CO/NOx,2024-05-11 20:00:00+02:00,0.5429132128040782
2024,CO2/CO/NOx,2024-05-11 21:00:00+02:00,0.5622959312799706
2024,CO2/CO/NOx,2024-05-11 22:00:00+02:00,0.6050929339406653
2024,CO2/CO/NOx,2024-05-11 23:00:00+02:00,0.6394238404082819
2024,CO2/CO/NOx,2024-05-12 00:00:00+02:00,0.6587475690513407
2024,CO2/CO/NOx,2024-05-12 01:00:00+02:00,0.6743551551863174
2024,CO2/CO/NOx,2024-05-12 02:00:00+02:00,0.6973601656588804
2024,CO2/CO/NOx,2024-05-12 03:00:00+02:00,0.7355130361944227
2024,CO2/CO/NOx,2024-05-12 04:00:00+02:00,0.7670265170832014
2024,CO2/CO/NOx,2024-05-12 05:00:00+02:00,0.7977058078214315
2024,CO2/CO/NOx,2024-05-12 06:00:00+02:00,0.8035706874232539
2024,CO2/CO/NOx,2024-05-12 07:00:00+02:00,0.7654454723731938
2024,CO2/CO/NOx,2024-05-12 08:00:00+02:00,0.7134444268382406
2024,CO2/CO/NOx,2024-05-12 09:00:00+02:00,0.6353343556948075
2024,CO2/CO/NOx,2024-05-12 10:00:00+02:00,0.5708899923113142
2024,CO2/CO/NOx,2024-05-12 11:00:00+02:00,0.5305502753248716
2024,CO2/CO/NOx,2024-05-12 12:00:00+02:00,0.5317525116126754
2024,CO2/CO/NOx,2024-05-12 13:00:00+02:00,0.5369816086076441
2024,CO2/CO/NOx,2024-05-12 14:00:00+02:00,0.5518992473036456
2024,CO2/CO/NOx,2024-05-12 15:00:00+02:00,0.5550215060634011
2024,CO2/CO/NOx,2024-05-12 16:00:00+02:00,0.5436309825391543
2024,CO2/CO/NOx,2024-05-12 17:00:00+02:00,0.524259780235893
2024,CO2/CO/NOx,2024-05-12 18:00:00+02:00,0.5061386084368732
2024,CO2/CO/NOx,2024-05-12 19:00:00+02:00,0.48898321817280493
2024,CO2/CO/NOx,2024-05-12 20:00:00+02:00,0.4735201112189022
2024,CO2/CO/NOx,2024-05-12 21:00:00+02:00,0.474993181485243
2024,CO2/CO/NOx,2024-05-12 22:00:00+02:00,0.4863595209778985
2024,CO2/CO/NOx,2024-05-12 23:00:00+02:00,0.5163106159412696
2024,CO2/CO/NOx,2024-05-13 00:00:00+02:00,0.5386595304518705
2024,CO2/CO/NOx,2024-05-13 01:00:00+02:00,0.5703636468682999
2024,CO2/CO/NOx,2024-05-13 02:00:00+02:00,0.6153351228879469
2024,CO2/CO/NOx,2024-05-13 03:00:00+02:00,0.6610546637179145
2024,CO2/CO/NOx,2024-05-13 04:00:00+02:00,0.6942918837296582
2024,CO2/CO/NOx,2024-05-13 05:00:00+02:00,0.7046230846204513
2024,CO2/CO/NOx,2024-05-13 06:00:00+02:00,0.6995624353390545
2024,CO2/CO/NOx,2024-05-13 07:00:00+02:00,0.6736624129514411
2024,CO2/CO/NOx,2024-05-13 08:00:00+02:00,0.6267979095656876
2024,CO2/CO/NOx,2024-05-13 09:00:00+02:00,0.561262148484399
2024,CO2/CO/NOx,2024-05-13 10:00:00+02:00,0.5246324688429835
2024,CO2/CO/NOx,2024-05-13 11:00:00+02:00,0.507876146830837
2024,CO2/CO/NOx,2024-05-13 12:00:00+02:00,0.5022709311981877
2024,CO2/CO/NOx,2024-05-13 13:00:00+02:00,0.5114086735347835
2024,CO2/CO/NOx,2024-05-13 14:00:00+02:00,0.5243551716944949
2024,CO2/CO/NOx,2024-05-13 15:00:00+02:00,0.5307949346440614
2024,CO2/CO/NOx,2024-05-13 16:00:00+02:00,0.5276388248186145
2024,CO2/CO/NOx,2024-05-13 17:00:00+02:00,0.5071694811750435
2024,CO2/CO/NOx,2024-05-13 18:00:00+02:00,0.4880369796929353
2024,CO2/CO/NOx,2024-05-13 19:00:00+02:00,0.4692059691785353
2024,CO2/CO/NOx,2024-05-13 20:00:00+02:00,0.45143991456992494
2024,CO2/CO/NOx,2024-05-13 21:00:00+02:00,0.4507187070321203
2024,CO2/CO/NOx,2024-05-13 22:00:00+02:00,0.46310871025742084
2024,CO2/CO/NOx,2024-05-13 23:00:00+02:00,0.47863355916435274
2024,CO2/CO/NOx,2024-05-14 00:00:00+02:00,0.4862228038098932
2024,CO2/CO/NOx,2024-05-14 01:00:00+02:00,0.5223894743398809
2024,CO2/CO/NOx,2024-05-14 02:00:00+02:00,0.5747111208088332
2024,CO2/CO/NOx,2024-05-14 03:00:00+02:00,0.6217500001133521
2024,CO2/CO/NOx,2024-05-14 04:00:00+02:00,0.6600279418713723
2024,CO2/CO/NOx,2024-05-14 05:00:00+02:00,0.6845698358552786
2024,CO2/CO/NOx,2024-05-14 06:00:00+02:00,0.694556133486155
2024,CO2/CO/NOx,2024-05-14 07:00:00+02:00,0.6705106347270785
2024,CO2/CO/NOx,2024-05-14 08:00:00+02:00,0.621054931520976
2024,CO2/CO/NOx,2024-05-14 09:00:00+02:00,0.5604168563147321
2024,CO2/CO/NOx,2024-05-14 10:00:00+02:00,0.520084221065612
2024,CO2/CO/NOx,2024-05-14 11:00:00+02:00,0.495931271431384
2024,CO2/CO/NOx,2024-05-14 12:00:00+02:00,0.47699954181568677
2024,CO2/CO/NOx,2024-05-14 13:00:00+02:00,0.482124278834223
2024,CO2/CO/NOx,2024-05-14 14:00:00+02:00,0.4995408617503645
2024,CO2/CO/NOx,2024-05-14 15:00:00+02:00,0.5106905456252417
2024,CO2/CO/NOx,2024-05-14 16:00:00+02:00,0.5115645474438544
2024,CO2/CO/NOx,2024-05-14 17:00:00+02:00,0.5042766730236072
2024,CO2/CO/NOx,2024-05-14 18:00:00+02:00,0.49523130109479013
2024,CO2/CO/NOx,2024-05-14 19:00:00+02:00,0.4759584348605302
2024,CO2/CO/NOx,2024-05-14 20:00:00+02:00,0.45577919584019977
2024,CO2/CO/NOx,2024-05-14 21:00:00+02:00,0.4449725795606518
2024,CO2/CO/NOx,2024-05-14 22:00:00+02:00,0.44719544040365283
2024,CO2/CO/NOx,2024-05-14 23:00:00+02:00,0.4610894946174477
2024,CO2/CO/NOx,2024-05-15 00:00:00+02:00,0.47283130050520666
2024,CO2/CO/NOx,2024-05-15 01:00:00+02:00,0.5126252528348221
2024,CO2/CO/NOx,2024-05-15 02:00:00+02:00,0.5672501077725626
2024,CO2/CO/NOx,2024-05-15 03:00:00+02:00,0.6199930145882008
2024,CO2/CO/NOx,2024-05-15 04:00:00+02:00,0.6611828001834061
2024,CO2/CO/NOx,2024-05-15 05:00:00+02:00,0.6850333691640001
2024,CO2/CO/NOx,2024-05-15 06:00:00+02:00,0.6814437258283904
2024,CO2/CO/NOx,2024-05-15 07:00:00+02:00,0.6537417600186948
2024,CO2/CO/NOx,2024-05-15 08:00:00+02:00,0.6063586476082873
2024,CO2/CO/NOx,2024-05-15 09:00:00+02:00,0.5490736638552665
2024,CO2/CO/NOx,2024-05-15 10:00:00+02:00,0.5135250071682548
2024,CO2/CO/NOx,2024-05-15 11:00:00+02:00,0.4894215896139747
2024,CO2/CO/NOx,2024-05-15 12:00:00+02:00,0.48571703979488723
2024,CO2/CO/NOx,2024-05-15 13:00:00+02:00,0.5028741582263135
2024,CO2/CO/NOx,2024-05-15 14:00:00+02:00,0.5321729938234009
2024,CO2/CO/NOx,2024-05-15 15:00:00+02:00,0.5562848108613787
2024,CO2/CO/NOx,2024-05-15 16:00:00+02:00,0.5680576214196483
2024,CO2/CO/NOx,2024-05-15 17:00:00+02:00,0.5585991036223698
2024,CO2/CO/NOx,2024-05-15 18:00:00+02:00,0.5357251632492619
2024,CO2/CO/NOx,2024-05-15 19:00:00+02:00,0.49618555846059553
2024,CO2/CO/NOx,2024-05-15 20:00:00+02:00,0.45329439659178833
2024,CO2/CO/NOx,2024-05-15 21:00:00+02:00,0.42638573763747056
2024,CO2/CO/NOx,2024-05-15 22:00:00+02:00,0.40648233824010205
2024,CO2/CO/NOx,2024-05-15 23:00:00+02:00,0.40369002984752644
2024,CO2/CO/NOx,2024-05-16 00:00:00+02:00,0.412802238144663
2024,CO2/CO/NOx,2024-05-16 01:00:00+02:00,0.444524170454434
2024,CO2/CO/NOx,2024-05-16 02:00:00+02:00,0.48886361825996616
2024,CO2/CO/NOx,2024-05-16 03:00:00+02:00,0.5334467967764791
2024,CO2/CO/NOx,2024-05-16 04:00:00+02:00,0.5704647734099104
2024,CO2/CO/NOx,2024-05-16 05:00:00+02:00,0.5933047119208648
2024,CO2/CO/NOx,2024-05-16 06:00:00+02:00,0.598384404369018
2024,CO2/CO/NOx,2024-05-16 07:00:00+02:00,0.5824675280065221
2024,CO2/CO/NOx,2024-05-16 08:00:00+02:00,0.547027361100163
2024,CO2/CO/NOx,2024-05-16 09:00:00+02:00,0.5037631327785727
2024,CO2/CO/NOx,2024-05-16 10:00:00+02:00,0.47761017256714416
2024,CO2/CO/NOx,2024-05-16 11:00:00+02:00,0.45668152458162775
2024,CO2/CO/NOx,2024-05-16 12:00:00+02:00,0.4387813665579702
2024,CO2/CO/NOx,2024-05-16 13:00:00+02:00,0.43368820955018705
2024,CO2/CO/NOx,2024-05-16 14:00:00+02:00,0.4345466269069492
2024,CO2/CO/NOx,2024-05-16 15:00:00+02:00,0.4388999856106899
2024,CO2/CO/NOx,2024-05-16 16:00:00+02:00,0.44562856093331565
2024,CO2/CO/NOx,2024-05-16 17:00:00+02:00,0.4528355396998784
2024,CO2/CO/NOx,2024-05-16 18:00:00+02:00,0.4619200824119554
2024,CO2/CO/NOx,2024-05-16 19:00:00+02:00,0.4639793369766949
2024,CO2/CO/NOx,2024-05-16 20:00:00+02:00,0.4588808288163101
2024,CO2/CO/NOx,2024-05-16 21:00:00+02:00,0.4525039069379949
2024,CO2/CO/NOx,2024-05-16 22:00:00+02:00,0.44546346219887784
2024,CO2/CO/NOx,2024-05-16 23:00:00+02:00,0.44116379404626654
2024,CO2/CO/NOx,2024-05-17 00:00:00+02:00,0.43862873639761013
2024,CO2/CO/NOx,2024-05-17 01:00:00+02:00,0.46283980606060277
2024,CO2/CO/NOx,2024-05-17 02:00:00+02:00,0.49973012310924303
2024,CO2/CO/NOx,2024-05-17 03:00:00+02:00,0.5511914760317117
2024,CO2/CO/NOx,2024-05-17 04:00:00+02:00,0.6078910340694093
2024,CO2/CO/NOx,2024-05-17 05:00:00+02:00,0.6589969679004061
2024,CO2/CO/NOx,2024-05-17 06:00:00+02:00,0.7054820897275395
2024,CO2/CO/NOx,2024-05-17 07:00:00+02:00,0.7309477929952799
2024,CO2/CO/NOx,2024-05-17 08:00:00+02:00,0.7406506903488209
2024,CO2/CO/NOx,2024-05-17 09:00:00+02:00,0.7350535298641353
2024,CO2/CO/NOx,2024-05-17 10:00:00+02:00,0.7210830461664105
2024,CO2/CO/NOx,2024-05-17 11:00:00+02:00,0.6874908421677882
2024,CO2/CO/NOx,2024-05-17 12:00:00+02:00,0.6607988489975417
2024,CO2/CO/NOx,2024-05-17 13:00:00+02:00,0.6475274405839937
2024,CO2/CO/NOx,2024-05-17 14:00:00+02:00,0.6490589129884228
2024,CO2/CO/NOx,2024-05-17 15:00:00+02:00,0.6654365930106277
2024,CO2/CO/NOx,2024-05-17 16:00:00+02:00,0.6817452402424542
2024,CO2/CO/NOx,2024-05-17 17:00:00+02:00,0.6962300931303648
2024,CO2/CO/NOx,2024-05-17 18:00:00+02:00,0.7072234776114427
2024,CO2/CO/NOx,2024-05-17 19:00:00+02:00,0.6763251966699337
2024,CO2/CO/NOx,2024-05-17 20:00:00+02:00,0.6285664977345699
2024,CO2/CO/NOx,2024-05-17 21:00:00+02:00,0.5839233819367561
2024,CO2/CO/NOx,2024-05-17 22:00:00+02:00,0.5518646357259037
2024,CO2/CO/NOx,2024-05-17 23:00:00+02:00,0.5565900760263152
2024,CO2/CO/NOx,2024-05-18 00:00:00+02:00,0.5828427861220599
2024,CO2/CO/NOx,2024-05-18 01:00:00+02:00,0.6304359168662812
2024,CO2/CO/NOx,2024-05-18 02:00:00+02:00,0.6926353720713778
2024,CO2/CO/NOx,2024-05-18 03:00:00+02:00,0.7565181076502503
2024,CO2/CO/NOx,2024-05-18 04:00:00+02:00,0.7947254077904397
2024,CO2/CO/NOx,2024-05-18 05:00:00+02:00,0.8161880213244925
2024,CO2/CO/NOx,2024-05-18 06:00:00+02:00,0.805769608401211
2024,CO2/CO/NOx,2024-05-18 07:00:00+02:00,0.7681469860806475
2024,CO2/CO/NOx,2024-05-18 08:00:00+02:00,0.7196621350860416
2024,CO2/CO/NOx,2024-05-18 09:00:00+02:00,0.6575174080454352
2024,CO2/CO/NOx,2024-05-18 10:00:00+02:00,0.6044938063056376
2024,CO2/CO/NOx,2024-05-18 11:00:00+02:00,0.5675886075019241
2024,CO2/CO/NOx,2024-05-18 12:00:00+02:00,0.5463259505587771
2024,CO2/CO/NOx,2024-05-18 13:00:00+02:00,0.5445535630918944
2024,CO2/CO/NOx,2024-05-18 14:00:00+02:00,0.5542564396965669
2024,CO2/CO/NOx,2024-05-18 15:00:00+02:00,0.559955166386442
2024,CO2/CO/NOx,2024-05-18 16:00:00+02:00,0.562370903543932
2024,CO2/CO/NOx,2024-05-18 17:00:00+02:00,0.5534877670324043
2024,CO2/CO/NOx,2024-05-18 18:00:00+02:00,0.5401529301543104
2024,CO2/CO/NOx,2024-05-18 19:00:00+02:00,0.5262818484366351
2024,CO2/CO/NOx,2024-05-18 20:00:00+02:00,0.5261416413538632
2024,CO2/CO/NOx,2024-05-18 21:00:00+02:00,0.530363147755964
2024,CO2/CO/NOx,2024-05-18 22:00:00+02:00,0.538888164688316
2024,CO2/CO/NOx,2024-05-18 23:00:00+02:00,0.5601457980489846
2024,CO2/CO/NOx,2024-05-19 00:00:00+02:00,0.5805313669489653
2024,CO2/CO/NOx,2024-05-19 01:00:00+02:00,0.5931460848437617
2024,CO2/CO/NOx,2024-05-19 02:00:00+02:00,0.6109208314110444
2024,CO2/CO/NOx,2024-05-19 03:00:00+02:00,0.6219208201741342
2024,CO2/CO/NOx,2024-05-19 04:00:00+02:00,0.6392450980169915
2024,CO2/CO/NOx,2024-05-19 05:00:00+02:00,0.6588627381145251
2024,CO2/CO/NOx,2024-05-19 06:00:00+02:00,0.657372846705777
2024,CO2/CO/NOx,2024-05-19 07:00:00+02:00,0.6539213699244469
2024,CO2/CO/NOx,2024-05-19 08:00:00+02:00,0.6447025971486193
2024,CO2/CO/NOx,2024-05-19 09:00:00+02:00,0.6245662002229414
2024,CO2/CO/NOx,2024-05-19 10:00:00+02:00,0.5954944336233723
2024,CO2/CO/NOx,2024-05-19 11:00:00+02:00,0.5764101591226671
2024,CO2/CO/NOx,2024-05-19 12:00:00+02:00,0.5548397370278164
2024,CO2/CO/NOx,2024-05-19 13:00:00+02:00,0.5486760793541612
2024,CO2/CO/NOx,2024-05-19 14:00:00+02:00,0.5258770923865742
2024,CO2/CO/NOx,2024-05-19 15:00:00+02:00,0.5024996975790553
2024,CO2/CO/NOx,2024-05-19 16:00:00+02:00,0.48865111612128154
2024,CO2/CO/NOx,2024-05-19 17:00:00+02:00,0.47791436611791566
2024,CO2/CO/NOx,2024-05-19 18:00:00+02:00,0.47171597801996407
2024,CO2/CO/NOx,2024-05-19 19:00:00+02:00,0.4768937669696006
2024,CO2/CO/NOx,2024-05-19 20:00:00+02:00,0.48880530299102765
2024,CO2/CO/NOx,2024-05-19 21:00:00+02:00,0.49896720039751813
2024,CO2/CO/NOx,2024-05-19 22:00:00+02:00,0.5116048794119263
2024,CO2/CO/NOx,2024-05-19 23:00:00+02:00,0.5279398596370309
2024,CO2/CO/NOx,2024-05-20 00:00:00+02:00,0.5439697598139128
2024,CO2/CO/NOx,2024-05-20 01:00:00+02:00,0.5682141147794851
2024,CO2/CO/NOx,2024-05-20 02:00:00+02:00,0.6000741198795648
2024,CO2/CO/NOx,2024-05-20 03:00:00+02:00,0.63503126897737
2024,CO2/CO/NOx,2024-05-20 04:00:00+02:00,0.6760437193387738
2024,CO2/CO/NOx,2024-05-20 05:00:00+02:00,0.7045473786194248
2024,CO2/CO/NOx,2024-05-20 06:00:00+02:00,0.7014649949612202
2024,CO2/CO/NOx,2024-05-20 07:00:00+02:00,0.6777599033918223
2024,CO2/CO/NOx,2024-05-20 08:00:00+02:00,0.6430075414169192
2024,CO2/CO/NOx,2024-05-20 09:00:00+02:00,0.5884004177577469
2024,CO2/CO/NOx,2024-05-20 10:00:00+02:00,0.5432269610682451
2024,CO2/CO/NOx,2024-05-20 11:00:00+02:00,0.5054671006690069
2024,CO2/CO/NOx,2024-05-20 12:00:00+02:00,0.49146599998923984
2024,CO2/CO/NOx,2024-05-20 13:00:00+02:00,0.4927399875071545
2024,CO2/CO/NOx,2024-05-20 14:00:00+02:00,0.5068368176305681
2024,CO2/CO/NOx,2024-05-20 15:00:00+02:00,0.5166176208877963
2024,CO2/CO/NOx,2024-05-20 16:00:00+02:00,0.5160109651686869
2024,CO2/CO/NOx,2024-05-20 17:00:00+02:00,0.5077371246612135
2024,CO2/CO/NOx,2024-05-20 18:00:00+02:00,0.4971348067240808
2024,CO2/CO/NOx,2024-05-20 19:00:00+02:00,0.47727692632868235
2024,CO2/CO/NOx,2024-05-20 20:00:00+02:00,0.4537223979549861
2024,CO2/CO/NOx,2024-05-20 21:00:00+02:00,0.44054862350147556
2024,CO2/CO/NOx,2024-05-20 22:00:00+02:00,0.4239303576382004
2024,CO2/CO/NOx,2024-05-20 23:00:00+02:00,0.42274167485954306
2024,CO2/CO/NOx,2024-05-21 00:00:00+02:00,0.4172899987364313
2024,CO2/CO/NOx,2024-05-21 01:00:00+02:00,0.43175995811011836
2024,CO2/CO/NOx,2024-05-21 02:00:00+02:00,0.46182958664355334
2024,CO2/CO/NOx,2024-05-21 03:00:00+02:00,0.4959948791285158
2024,CO2/CO/NOx,2024-05-21 04:00:00+02:00,0.5239267985725528
2024,CO2/CO/NOx,2024-05-21 05:00:00+02:00,0.5444765962569104
2024,CO2/CO/NOx,2024-05-21 06:00:00+02:00,0.5567522860322812
2024,CO2/CO/NOx,2024-05-21 07:00:00+02:00,0.5516144744532946
2024,CO2/CO/NOx,2024-05-21 08:00:00+02:00,0.5367133458597776
2024,CO2/CO/NOx,2024-05-21 09:00:00+02:00,0.509777861292912
2024,CO2/CO/NOx,2024-05-21 10:00:00+02:00,0.5035543547274123
2024,CO2/CO/NOx,2024-05-21 11:00:00+02:00,0.5037156224851649
2024,CO2/CO/NOx,2024-05-21 12:00:00+02:00,0.5042629446851187
2024,CO2/CO/NOx,2024-05-21 13:00:00+02:00,0.5152826378189996
2024,CO2/CO/NOx,2024-05-21 14:00:00+02:00,0.5245344969499053
2024,CO2/CO/NOx,2024-05-21 15:00:00+02:00,0.5440259501302681
2024,CO2/CO/NOx,2024-05-21 16:00:00+02:00,0.5652231693215846
2024,CO2/CO/NOx,2024-05-21 17:00:00+02:00,0.587346846036524
2024,CO2/CO/NOx,2024-05-21 18:00:00+02:00,0.6193192252232883
2024,CO2/CO/NOx,2024-05-21 19:00:00+02:00,0.6471601409959246
2024,CO2/CO/NOx,2024-05-21 20:00:00+02:00,0.6664162247134156
2024,CO2/CO/NOx,2024-05-21 21:00:00+02:00,0.674444795030803
2024,CO2/CO/NOx,2024-05-21 22:00:00+02:00,0.675932776336063
2024,CO2/CO/NOx,2024-05-21 23:00:00+02:00,0.6698955630692935
2024,CO2/CO/NOx,2024-05-22 00:00:00+02:00,0.653179446219995
2024,CO2/CO/NOx,2024-05-22 01:00:00+02:00,0.6537197874371901
2024,CO2/CO/NOx,2024-05-22 02:00:00+02:00,0.6705210502684987
2024,CO2/CO/NOx,2024-05-22 03:00:00+02:00,0.7055331357219017
2024,CO2/CO/NOx,2024-05-22 04:00:00+02:00,0.7404361127066454
2024,CO2/CO/NOx,2024-05-22 05:00:00+02:00,0.7678270932155585
2024,CO2/CO/NOx,2024-05-22 06:00:00+02:00,0.7866861003953044
2024,CO2/CO/NOx,2024-05-22 07:00:00+02:00,0.7840076909606771
2024,CO2/CO/NOx,2024-05-22 08:00:00+02:00,0.765251635824303
2024,CO2/CO/NOx,2024-05-22 09:00:00+02:00,0.7205166750549654
2024,CO2/CO/NOx,2024-05-22 10:00:00+02:00,0.6798679538649199
2024,CO2/CO/NOx,2024-05-22 11:00:00+02:00,0.6475028069952343
2024,CO2/CO/NOx,2024-05-22 12:00:00+02:00,0.6228375896907858
2024,CO2/CO/NOx,2024-05-22 13:00:00+02:00,0.6125568186475449
2024,CO2/CO/NOx,2024-05-22 14:00:00+02:00,0.6084343619997212
2024,CO2/CO/NOx,2024-05-22 15:00:00+02:00,0.6128177326744076
2024,CO2/CO/NOx,2024-05-22 16:00:00+02:00,0.6089475563200318
2024,CO2/CO/NOx,2024-05-22 17:00:00+02:00,0.6089313561534238
2024,CO2/CO/NOx,2024-05-22 18:00:00+02:00,0.6122700480794673
2024,CO2/CO/NOx,2024-05-22 19:00:00+02:00,0.6006250972100287
2024,CO2/CO/NOx,2024-05-22 20:00:00+02:00,0.590471670708454
2024,CO2/CO/NOx,2024-05-22 21:00:00+02:00,0.5669513620144765
2024,CO2/CO/NOx,2024-05-22 22:00:00+02:00,0.5383720424225379
2024,CO2/CO/NOx,2024-05-22 23:00:00+02:00,0.5193684677491515
2024,CO2/CO/NOx,2024-05-23 00:00:00+02:00,0.5127546503379998
2024,CO2/CO/NOx,2024-05-23 01:00:00+02:00,0.524847136179596
2024,CO2/CO/NOx,2024-05-23 02:00:00+02:00,0.5585721601333056
2024,CO2/CO/NOx,2024-05-23 03:00:00+02:00,0.6148281011870279
2024,CO2/CO/NOx,2024-05-23 04:00:00+02:00,0.6708418451575137
2024,CO2/CO/NOx,2024-05-23 05:00:00+02:00,0.7170628534362994
2024,CO2/CO/NOx,2024-05-23 06:00:00+02:00,0.7334006907072935
2024,CO2/CO/NOx,2024-05-23 07:00:00+02:00,0.7188673901227393
2024,CO2/CO/NOx,2024-05-23 08:00:00+02:00,0.6895827199021708
2024,CO2/CO/NOx,2024-05-23 09:00:00+02:00,0.6412685267833659
2024,CO2/CO/NOx,2024-05-23 10:00:00+02:00,0.5906656615491174
2024,CO2/CO/NOx,2024-05-23 11:00:00+02:00,0.5449069623259345
2024,CO2/CO/NOx,2024-05-23 12:00:00+02:00,0.5151103952610822
2024,CO2/CO/NOx,2024-05-23 13:00:00+02:00,0.49914992588793256
2024,CO2/CO/NOx,2024-05-23 14:00:00+02:00,0.49870585257188543
2024,CO2/CO/NOx,2024-05-23 15:00:00+02:00,0.5245840198257528
2024,CO2/CO/NOx,2024-05-23 16:00:00+02:00,0.5706952245500654
2024,CO2/CO/NOx,2024-05-23 17:00:00+02:00,0.6323104231931335
2024,CO2/CO/NOx,2024-05-23 18:00:00+02:00,0.700152718646886
2024,CO2/CO/NOx,2024-05-23 19:00:00+02:00,0.7537583377538972
2024,CO2/CO/NOx,2024-05-23 20:00:00+02:00,0.783471748589593
2024,CO2/CO/NOx,2024-05-23 21:00:00+02:00,0.7792494333017324
2024,CO2/CO/NOx,2024-05-23 22:00:00+02:00,0.7515285983952457
2024,CO2/CO/NOx,2024-05-23 23:00:00+02:00,0.7214202547707602
2024,CO2/CO/NOx,2024-05-24 00:00:00+02:00,0.6794538461109693
2024,CO2/CO/NOx,2024-05-24 01:00:00+02:00,0.6654064447790046
2024,CO2/CO/NOx,2024-05-24 02:00:00+02:00,0.7046187212046319
2024,CO2/CO/NOx,2024-05-24 03:00:00+02:00,0.7817850345525431
2024,CO2/CO/NOx,2024-05-24 04:00:00+02:00,0.8601409884988147
2024,CO2/CO/NOx,2024-05-24 05:00:00+02:00,0.9247881929111533
2024,CO2/CO/NOx,2024-05-24 06:00:00+02:00,0.9684983000155848
2024,CO2/CO/NOx,2024-05-24 07:00:00+02:00,0.9757097320505624
2024,CO2/CO/NOx,2024-05-24 08:00:00+02:00,0.9472121738525963
2024,CO2/CO/NOx,2024-05-24 09:00:00+02:00,0.8714344754883065
2024,CO2/CO/NOx,2024-05-24 10:00:00+02:00,0.8023665978088501
2024,CO2/CO/NOx,2024-05-24 11:00:00+02:00,0.7495732701056179
2024,CO2/CO/NOx,2024-05-24 12:00:00+02:00,0.6942075084972973
2024,CO2/CO/NOx,2024-05-24 13:00:00+02:00,0.6499864583888767
2024,CO2/CO/NOx,2024-05-24 14:00:00+02:00,0.630922957329745
2024,CO2/CO/NOx,2024-05-24 15:00:00+02:00,0.6353263086700778
2024,CO2/CO/NOx,2024-05-24 16:00:00+02:00,0.6372243438360679
2024,CO2/CO/NOx,2024-05-24 17:00:00+02:00,0.6383687209214992
2024,CO2/CO/NOx,2024-05-24 18:00:00+02:00,0.6416779505387593
2024,CO2/CO/NOx,2024-05-24 19:00:00+02:00,0.6426660630910793
2024,CO2/CO/NOx,2024-05-24 20:00:00+02:00,0.6490125549536088
2024,CO2/CO/NOx,2024-05-24 21:00:00+02:00,0.6622106898595674
2024,CO2/CO/NOx,2024-05-24 22:00:00+02:00,0.6822019223526854
2024,CO2/CO/NOx,2024-05-24 23:00:00+02:00,0.7124734440118261
2024,CO2/CO/NOx,2024-05-25 00:00:00+02:00,0.7316766314772714
2024,CO2/CO/NOx,2024-05-25 01:00:00+02:00,0.7463671596953108
2024,CO2/CO/NOx,2024-05-25 02:00:00+02:00,0.7581367075385953
2024,CO2/CO/NOx,2024-05-25 03:00:00+02:00,0.7601700867617018
2024,CO2/CO/NOx,2024-05-25 04:00:00+02:00,0.7549726093760474
2024,CO2/CO/NOx,2024-05-25 05:00:00+02:00,0.765452938965183
2024,CO2/CO/NOx,2024-05-25 06:00:00+02:00,0.7774262698205162
2024,CO2/CO/NOx,2024-05-25 07:00:00+02:00,0.7929724809652289
2024,CO2/CO/NOx,2024-05-25 08:00:00+02:00,0.8060121537225855
2024,CO2/CO/NOx,2024-05-25 09:00:00+02:00,0.8021232983387065
2024,CO2/CO/NOx,2024-05-25 10:00:00+02:00,0.7933316117361358
2024,CO2/CO/NOx,2024-05-25 11:00:00+02:00,0.7679312813531821
2024,CO2/CO/NOx,2024-05-25 12:00:00+02:00,0.7253065754181002
2024,CO2/CO/NOx,2024-05-25 13:00:00+02:00,0.685776153053639
2024,CO2/CO/NOx,2024-05-25 14:00:00+02:00,0.6525591875402219
2024,CO2/CO/NOx,2024-05-25 15:00:00+02:00,0.6238826095103015
2024,CO2/CO/NOx,2024-05-25 16:00:00+02:00,0.618237135901422
2024,CO2/CO/NOx,2024-05-25 17:00:00+02:00,0.6164576747436946
2024,CO2/CO/NOx,2024-05-25 18:00:00+02:00,0.6150346483032176
2024,CO2/CO/NOx,2024-05-25 19:00:00+02:00,0.6078654877588844
2024,CO2/CO/NOx,2024-05-25 20:00:00+02:00,0.5988652356690102
2024,CO2/CO/NOx,2024-05-25 21:00:00+02:00,0.6017471189875975
2024,CO2/CO/NOx,2024-05-25 22:00:00+02:00,0.6182531919382778
2024,CO2/CO/NOx,2024-05-25 23:00:00+02:00,0.6384655476654865
2024,CO2/CO/NOx,2024-05-26 00:00:00+02:00,0.658698577706018
2024,CO2/CO/NOx,2024-05-26 01:00:00+02:00,0.6864179143795749
2024,CO2/CO/NOx,2024-05-26 02:00:00+02:00,0.7185567737056354
2024,CO2/CO/NOx,2024-05-26 03:00:00+02:00,0.736394287053235
2024,CO2/CO/NOx,2024-05-26 04:00:00+02:00,0.7502706827256607
2024,CO2/CO/NOx,2024-05-26 05:00:00+02:00,0.7603876433461347
2024,CO2/CO/NOx,2024-05-26 06:00:00+02:00,0.753062050888438
2024,CO2/CO/NOx,2024-05-26 07:00:00+02:00,0.7284356243188489
2024,CO2/CO/NOx,2024-05-26 08:00:00+02:00,0.6886613384202758
2024,CO2/CO/NOx,2024-05-26 09:00:00+02:00,0.6389962622075969
2024,CO2/CO/NOx,2024-05-26 10:00:00+02:00,0.5953346219530098
2024,CO2/CO/NOx,2024-05-26 11:00:00+02:00,0.5590601259384356
2024,CO2/CO/NOx,2024-05-26 12:00:00+02:00,0.5287585762354753
2024,CO2/CO/NOx,2024-05-26 13:00:00+02:00,0.5142788355724419
2024,CO2/CO/NOx,2024-05-26 14:00:00+02:00,0.5154154248265962
2024,CO2/CO/NOx,2024-05-26 15:00:00+02:00,0.5094032070921449
2024,CO2/CO/NOx,2024-05-26 16:00:00+02:00,0.503127729670139
2024,CO2/CO/NOx,2024-05-26 17:00:00+02:00,0.4941288913337766
2024,CO2/CO/NOx,2024-05-26 18:00:00+02:00,0.48820799869280246
2024,CO2/CO/NOx,2024-05-26 19:00:00+02:00,0.4795598585853682
2024,CO2/CO/NOx,2024-05-26 20:00:00+02:00,0.46719269437031963
2024,CO2/CO/NOx,2024-05-26 21:00:00+02:00,0.4580972733283033
2024,CO2/CO/NOx,2024-05-26 22:00:00+02:00,0.4464321849333848
2024,CO2/CO/NOx,2024-05-26 23:00:00+02:00,0.44612668956598595
2024,CO2/CO/NOx,2024-05-27 00:00:00+02:00,0.43093673343693184
2024,CO2/CO/NOx,2024-05-27 01:00:00+02:00,0.4410310130805162
2024,CO2/CO/NOx,2024-05-27 02:00:00+02:00,0.46904577084045357
2024,CO2/CO/NOx,2024-05-27 03:00:00+02:00,0.5046040232663863
2024,CO2/CO/NOx,2024-05-27 04:00:00+02:00,0.5410006549582019
2024,CO2/CO/NOx,2024-05-27 05:00:00+02:00,0.5612065758948414
2024,CO2/CO/NOx,2024-05-27 06:00:00+02:00,0.5676807557992065
2024,CO2/CO/NOx,2024-05-27 07:00:00+02:00,0.5532369737321076
2024,CO2/CO/NOx,2024-05-27 08:00:00+02:00,0.5222057814605978
2024,CO2/CO/NOx,2024-05-27 09:00:00+02:00,0.47542237138114274
2024,CO2/CO/NOx,2024-05-27 10:00:00+02:00,0.45222813543080714
2024,CO2/CO/NOx,2024-05-27 11:00:00+02:00,0.4387497596652706
2024,CO2/CO/NOx,2024-05-27 12:00:00+02:00,0.42755872907409087
2024,CO2/CO/NOx,2024-05-27 13:00:00+02:00,0.4282401255720693
2024,CO2/CO/NOx,2024-05-27 14:00:00+02:00,0.43122157669133243
2024,CO2/CO/NOx,2024-05-27 15:00:00+02:00,0.4391196169510437
2024,CO2/CO/NOx,2024-05-27 16:00:00+02:00,0.43985008471798226
2024,CO2/CO/NOx,2024-05-27 17:00:00+02:00,0.438880909457779
2024,CO2/CO/NOx,2024-05-27 18:00:00+02:00,0.4486611530170034
2024,CO2/CO/NOx,2024-05-27 19:00:00+02:00,0.45843007266136154
2024,CO2/CO/NOx,2024-05-27 20:00:00+02:00,0.46445620554512457
2024,CO2/CO/NOx,2024-05-27 21:00:00+02:00,0.4709155858606877
2024,CO2/CO/NOx,2024-05-27 22:00:00+02:00,0.4732890366086117
2024,CO2/CO/NOx,2024-05-27 23:00:00+02:00,0.46963414741599924
2024,CO2/CO/NOx,2024-05-28 00:00:00+02:00,0.4584787873997031
2024,CO2/CO/NOx,2024-05-28 01:00:00+02:00,0.4539699873888165
2024,CO2/CO/NOx,2024-05-28 02:00:00+02:00,0.4582578514692902
2024,CO2/CO/NOx,2024-05-28 03:00:00+02:00,0.4883448941200012
2024,CO2/CO/NOx,2024-05-28 04:00:00+02:00,0.5366502300672088
2024,CO2/CO/NOx,2024-05-28 05:00:00+02:00,0.5996539811688991
2024,CO2/CO/NOx,2024-05-28 06:00:00+02:00,0.6681690111407459
2024,CO2/CO/NOx,2024-05-28 07:00:00+02:00,0.7119659994852671
2024,CO2/CO/NOx,2024-05-28 08:00:00+02:00,0.7243397042934885
2024,CO2/CO/NOx,2024-05-28 09:00:00+02:00,0.7041586390604321
2024,CO2/CO/NOx,2024-05-28 10:00:00+02:00,0.669284600356702
2024,CO2/CO/NOx,2024-05-28 11:00:00+02:00,0.6234789800514221
2024,CO2/CO/NOx,2024-05-28 12:00:00+02:00,0.5876816097650416
2024,CO2/CO/NOx,2024-05-28 13:00:00+02:00,0.5734229968535275
2024,CO2/CO/NOx,2024-05-28 14:00:00+02:00,0.5784710353007073
2024,CO2/CO/NOx,2024-05-28 15:00:00+02:00,0.5893289471879366
2024,CO2/CO/NOx,2024-05-28 16:00:00+02:00,0.5905440618566417
2024,CO2/CO/NOx,2024-05-28 17:00:00+02:00,0.5910302160138773
2024,CO2/CO/NOx,2024-05-28 18:00:00+02:00,0.5886845428473474
2024,CO2/CO/NOx,2024-05-28 19:00:00+02:00,0.5825841054706097
2024,CO2/CO/NOx,2024-05-28 20:00:00+02:00,0.5812472833243635
2024,CO2/CO/NOx,2024-05-28 21:00:00+02:00,0.5928611555784796
2024,CO2/CO/NOx,2024-05-28 22:00:00+02:00,0.6176009397424856
2024,CO2/CO/NOx,2024-05-28 23:00:00+02:00,0.6520714957627346
2024,CO2/CO/NOx,2024-05-29 00:00:00+02:00,0.6768015645007435
2024,CO2/CO/NOx,2024-05-29 01:00:00+02:00,0.7036650644554215
2024,CO2/CO/NOx,2024-05-29 02:00:00+02:00,0.733821398151487
2024,CO2/CO/NOx,2024-05-29 03:00:00+02:00,0.7631366534846362
2024,CO2/CO/NOx,2024-05-29 04:00:00+02:00,0.7935878721536976
2024,CO2/CO/NOx,2024-05-29 05:00:00+02:00,0.8127263038932406
2024,CO2/CO/NOx,2024-05-29 06:00:00+02:00,0.8120511798772861
2024,CO2/CO/NOx,2024-05-29 07:00:00+02:00,0.790258575581436
2024,CO2/CO/NOx,2024-05-29 08:00:00+02:00,0.7454463292713985
2024,CO2/CO/NOx,2024-05-29 09:00:00+02:00,0.6888946231934459
2024,CO2/CO/NOx,2024-05-29 10:00:00+02:00,0.6390188195265044
2024,CO2/CO/NOx,2024-05-29 11:00:00+02:00,0.596761353215562
2024,CO2/CO/NOx,2024-05-29 12:00:00+02:00,0.5799493340796421
2024,CO2/CO/NOx,2024-05-29 13:00:00+02:00,0.5848639305989921
2024,CO2/CO/NOx,2024-05-29 14:00:00+02:00,0.5908829935655641
2024,CO2/CO/NOx,2024-05-29 15:00:00+02:00,0.5930162891087563
2024,CO2/CO/NOx,2024-05-29 16:00:00+02:00,0.5927329412754864
2024,CO2/CO/NOx,2024-05-29 17:00:00+02:00,0.5845045882230646
2024,CO2/CO/NOx,2024-05-29 18:00:00+02:00,0.5830233998579726
2024,CO2/CO/NOx,2024-05-29 19:00:00+02:00,0.5676212208022399
2024,CO2/CO/NOx,2024-05-29 20:00:00+02:00,0.5505000696578152
2024,CO2/CO/NOx,2024-05-29 21:00:00+02:00,0.5363985009531245
2024,CO2/CO/NOx,2024-05-29 22:00:00+02:00,0.5189390449496728
2024,CO2/CO/NOx,2024-05-29 23:00:00+02:00,0.5055730925567256
2024,CO2/CO/NOx,2024-05-30 00:00:00+02:00,0.4905292775046604
2024,CO2/CO/NOx,2024-05-30 01:00:00+02:00,0.49476282566041613
2024,CO2/CO/NOx,2024-05-30 02:00:00+02:00,0.5204159829774464
2024,CO2/CO/NOx,2024-05-30 03:00:00+02:00,0.5699797829670147
2024,CO2/CO/NOx,2024-05-30 04:00:00+02:00,0.6225092750950622
2024,CO2/CO/NOx,2024-05-30 05:00:00+02:00,0.6765350494016374
2024,CO2/CO/NOx,2024-05-30 06:00:00+02:00,0.719395609286517
2024,CO2/CO/NOx,2024-05-30 07:00:00+02:00,0.729138424128042
2024,CO2/CO/NOx,2024-05-30 08:00:00+02:00,0.7052407914142487
2024,CO2/CO/NOx,2024-05-30 09:00:00+02:00,0.6445190894702018
2024,CO2/CO/NOx,2024-05-30 10:00:00+02:00,0.5813920433376464
2024,CO2/CO/NOx,2024-05-30 11:00:00+02:00,0.5299946945728562
2024,CO2/CO/NOx,2024-05-30 12:00:00+02:00,0.49821575138685703
2024,CO2/CO/NOx,2024-05-30 13:00:00+02:00,0.49199797603613576
2024,CO2/CO/NOx,2024-05-30 14:00:00+02:00,0.49923496972956927
2024,CO2/CO/NOx,2024-05-30 15:00:00+02:00,0.5247454141573786
2024,CO2/CO/NOx,2024-05-30 16:00:00+02:00,0.5505866966749257
2024,CO2/CO/NOx,2024-05-30 17:00:00+02:00,0.5756461222874409
2024,CO2/CO/NOx,2024-05-30 18:00:00+02:00,0.5992959654648239
2024,CO2/CO/NOx,2024-05-30 19:00:00+02:00,0.5970941094816676
2024,CO2/CO/NOx,2024-05-30 20:00:00+02:00,0.590301734438206
2024,CO2/CO/NOx,2024-05-30 21:00:00+02:00,0.5768315880759264
2024,CO2/CO/NOx,2024-05-30 22:00:00+02:00,0.5660413315821851
2024,CO2/CO/NOx,2024-05-30 23:00:00+02:00,0.5569318883326361
2024,CO2/CO/NOx,2024-05-31 00:00:00+02:00,0.5545108838672037
2024,CO2/CO/NOx,2024-05-31 01:00:00+02:00,0.5791987979700813
2024,CO2/CO/NOx,2024-05-31 02:00:00+02:00,0.6257780568391235
2024,CO2/CO/NOx,2024-05-31 03:00:00+02:00,0.6842555034958812
2024,CO2/CO/NOx,2024-05-31 04:00:00+02:00,0.7297806752633276
2024,CO2/CO/NOx,2024-05-31 05:00:00+02:00,0.778081279006784
2024,CO2/CO/NOx,2024-05-31 06:00:00+02:00,0.8144207015461157
2024,CO2/CO/NOx,2024-05-31 07:00:00+02:00,0.8333442076621455
2024,CO2/CO/NOx,2024-05-31 08:00:00+02:00,0.8373192496540798
2024,CO2/CO/NOx,2024-05-31 09:00:00+02:00,0.8230208141300464
2024,CO2/CO/NOx,2024-05-31 10:00:00+02:00,0.8159642992077984
2024,CO2/CO/NOx,2024-05-31 11:00:00+02:00,0.8144582282682102
2024,CO2/CO/NOx,2024-05-31 12:00:00+02:00,0.8076972211326613
2024,CO2/CO/NOx,2024-05-31 13:00:00+02:00,0.8231503354893612
2024,CO2/CO/NOx,2024-05-31 14:00:00+02:00,0.8538675515239269
2024,CO2/CO/NOx,2024-05-31 15:00:00+02:00,0.8925609799715538
2024,CO2/CO/NOx,2024-05-31 16:00:00+02:00,0.9270224739274932
2024,CO2/CO/NOx,2024-05-31 17:00:00+02:00,0.9538999167649848
2024,CO2/CO/NOx,2024-05-31 18:00:00+02:00,0.9758767233916025
2024,CO2/CO/NOx,2024-05-31 19:00:00+02:00,0.9841653973599491
2024,CO2/CO/NOx,2024-05-31 20:00:00+02:00,0.9695249655956683
2024,CO2/CO/NOx,2024-05-31 21:00:00+02:00,0.9241197194681434
2024,CO2/CO/NOx,2024-05-31 22:00:00+02:00,0.8816877059953449
2024,CO2/CO/NOx,2024-05-31 23:00:00+02:00,0.8367945319359128
2024,CO2/CO/NOx,2024-06-01 00:00:00+02:00,0.7928060998013934
2024,CO2/CO/NOx,2024-06-01 01:00:00+02:00,0.768003185756673
2024,CO2/CO/NOx,2024-06-01 02:00:00+02:00,0.765507207237477
2024,CO2/CO/NOx,2024-06-01 03:00:00+02:00,0.7855239727709228
2024,CO2/CO/NOx,2024-06-01 04:00:00+02:00,0.8174470513732569
2024,CO2/CO/NOx,2024-06-01 05:00:00+02:00,0.8495689456204322
2024,CO2/CO/NOx,2024-06-01 06:00:00+02:00,0.8855017953167433
2024,CO2/CO/NOx,2024-06-01 07:00:00+02:00,0.9223636565867758
2024,CO2/CO/NOx,2024-06-01 08:00:00+02:00,0.9406264664882776
2024,CO2/CO/NOx,2024-06-01 09:00:00+02:00,0.9494903063907745
2024,CO2/CO/NOx,2024-06-01 10:00:00+02:00,0.9493833726417473
2024,CO2/CO/NOx,2024-06-01 11:00:00+02:00,0.9254051933598252
2024,CO2/CO/NOx,2024-06-01 12:00:00+02:00,0.8848616430212234
2024,CO2/CO/NOx,2024-06-01 13:00:00+02:00,0.8576689658229586
2024,CO2/CO/NOx,2024-06-01 14:00:00+02:00,0.8406957019530933
2024,CO2/CO/NOx,2024-06-01 15:00:00+02:00,0.8381096100031789
2024,CO2/CO/NOx,2024-06-01 16:00:00+02:00,0.851377372039802
2024,CO2/CO/NOx,2024-06-01 17:00:00+02:00,0.8717005028619029
2024,CO2/CO/NOx,2024-06-01 18:00:00+02:00,0.9111825559654334
2024,CO2/CO/NOx,2024-06-01 19:00:00+02:00,0.9230155362239794
2024,CO2/CO/NOx,2024-06-01 20:00:00+02:00,0.9070782414796402
2024,CO2/CO/NOx,2024-06-01 21:00:00+02:00,0.8841045766003763
2024,CO2/CO/NOx,2024-06-01 22:00:00+02:00,0.8583809395496295
2024,CO2/CO/NOx,2024-06-01 23:00:00+02:00,0.8224174629020038
2024,CO2/CO/NOx,2024-06-02 00:00:00+02:00,0.7796259843571144
2024,CO2/CO/NOx,2024-06-02 01:00:00+02:00,0.7528274427570505
2024,CO2/CO/NOx,2024-06-02 02:00:00+02:00,0.7408481291365443
2024,CO2/CO/NOx,2024-06-02 03:00:00+02:00,0.7473697801418591
2024,CO2/CO/NOx,2024-06-02 04:00:00+02:00,0.7592992615446664
2024,CO2/CO/NOx,2024-06-02 05:00:00+02:00,0.7792886448288688
2024,CO2/CO/NOx,2024-06-02 06:00:00+02:00,0.8023749328217339
2024,CO2/CO/NOx,2024-06-02 07:00:00+02:00,0.815906235578991
2024,CO2/CO/NOx,2024-06-02 08:00:00+02:00,0.8238316156623843
2024,CO2/CO/NOx,2024-06-02 09:00:00+02:00,0.8221336891567174
2024,CO2/CO/NOx,2024-06-02 10:00:00+02:00,0.8160267402331383
2024,CO2/CO/NOx,2024-06-02 11:00:00+02:00,0.7842007639633781
2024,CO2/CO/NOx,2024-06-02 12:00:00+02:00,0.7368931918231146
2024,CO2/CO/NOx,2024-06-02 13:00:00+02:00,0.6917291862999133
2024,CO2/CO/NOx,2024-06-02 14:00:00+02:00,0.6499932600923118
2024,CO2/CO/NOx,2024-06-02 15:00:00+02:00,0.6178896780579949
2024,CO2/CO/NOx,2024-06-02 16:00:00+02:00,0.590517165166308
2024,CO2/CO/NOx,2024-06-02 17:00:00+02:00,0.5801745563962142
2024,CO2/CO/NOx,2024-06-02 18:00:00+02:00,0.5849023074338487
2024,CO2/CO/NOx,2024-06-02 19:00:00+02:00,0.5945102756871447
2024,CO2/CO/NOx,2024-06-02 20:00:00+02:00,0.5851388861904896
2024,CO2/CO/NOx,2024-06-02 21:00:00+02:00,0.5762196796215051
2024,CO2/CO/NOx,2024-06-02 22:00:00+02:00,0.554892690209136
2024,CO2/CO/NOx,2024-06-02 23:00:00+02:00,0.5303987830396388
2024,CO2/CO/NOx,2024-06-03 00:00:00+02:00,0.49855020679990286
2024,CO2/CO/NOx,2024-06-03 01:00:00+02:00,0.4691475742481333
2024,CO2/CO/NOx,2024-06-03 02:00:00+02:00,0.45449816097442103
2024,CO2/CO/NOx,2024-06-03 03:00:00+02:00,0.45803107802895016
2024,CO2/CO/NOx,2024-06-03 04:00:00+02:00,0.4803313952088635
2024,CO2/CO/NOx,2024-06-03 05:00:00+02:00,0.5079582013049824
2024,CO2/CO/NOx,2024-06-03 06:00:00+02:00,0.5499998548220298
2024,CO2/CO/NOx,2024-06-03 07:00:00+02:00,0.5713945487979979
2024,CO2/CO/NOx,2024-06-03 08:00:00+02:00,0.5778873588854054
2024,CO2/CO/NOx,2024-06-03 09:00:00+02:00,0.5659093266462879
2024,CO2/CO/NOx,2024-06-03 10:00:00+02:00,0.5519536428015136
2024,CO2/CO/NOx,2024-06-03 11:00:00+02:00,0.5305070820916779
2024,CO2/CO/NOx,2024-06-03 12:00:00+02:00,0.5082161275304575
2024,CO2/CO/NOx,2024-06-03 13:00:00+02:00,0.49233809094388403
2024,CO2/CO/NOx,2024-06-03 14:00:00+02:00,0.47683676381738266
2024,CO2/CO/NOx,2024-06-03 15:00:00+02:00,0.4764082830724655
2024,CO2/CO/NOx,2024-06-03 16:00:00+02:00,0.4769802618015175
2024,CO2/CO/NOx,2024-06-03 17:00:00+02:00,0.4859878642370963
2024,CO2/CO/NOx,2024-06-03 18:00:00+02:00,0.5036702930353687
2024,CO2/CO/NOx,2024-06-03 19:00:00+02:00,0.5081885345251289
2024,CO2/CO/NOx,2024-06-03 20:00:00+02:00,0.5069670490533037
2024,CO2/CO/NOx,2024-06-03 21:00:00+02:00,0.5057826263075189
2024,CO2/CO/NOx,2024-06-03 22:00:00+02:00,0.5086788344106786
2024,CO2/CO/NOx,2024-06-03 23:00:00+02:00,0.5138449466085578
2024,CO2/CO/NOx,2024-06-04 00:00:00+02:00,0.5209708238229485
2024,CO2/CO/NOx,2024-06-04 01:00:00+02:00,0.5403758527514322
2024,CO2/CO/NOx,2024-06-04 02:00:00+02:00,0.5700535484347478
2024,CO2/CO/NOx,2024-06-04 03:00:00+02:00,0.6012203147101074
2024,CO2/CO/NOx,2024-06-04 04:00:00+02:00,0.6240656139401629
2024,CO2/CO/NOx,2024-06-04 05:00:00+02:00,0.6430468331430149
2024,CO2/CO/NOx,2024-06-04 06:00:00+02:00,0.6562691968879274
2024,CO2/CO/NOx,2024-06-04 07:00:00+02:00,0.6519155254189836
2024,CO2/CO/NOx,2024-06-04 08:00:00+02:00,0.6308398561623401
2024,CO2/CO/NOx,2024-06-04 09:00:00+02:00,0.5885036809467757
2024,CO2/CO/NOx,2024-06-04 10:00:00+02:00,0.5509569624327255
2024,CO2/CO/NOx,2024-06-04 11:00:00+02:00,0.5154304742112547
2024,CO2/CO/NOx,2024-06-04 12:00:00+02:00,0.4823509379287094
2024,CO2/CO/NOx,2024-06-04 13:00:00+02:00,0.4651110213695213
2024,CO2/CO/NOx,2024-06-04 14:00:00+02:00,0.4518263838111934
2024,CO2/CO/NOx,2024-06-04 15:00:00+02:00,0.4464604043201499
2024,CO2/CO/NOx,2024-06-04 16:00:00+02:00,0.4389479557686105
2024,CO2/CO/NOx,2024-06-04 17:00:00+02:00,0.43699116923315345
2024,CO2/CO/NOx,2024-06-04 18:00:00+02:00,0.4410171336412686
2024,CO2/CO/NOx,2024-06-04 19:00:00+02:00,0.4402497541703862
2024,CO2/CO/NOx,2024-06-04 20:00:00+02:00,0.43389073809565576
2024,CO2/CO/NOx,2024-06-04 21:00:00+02:00,0.42503583604886014
2024,CO2/CO/NOx,2024-06-04 22:00:00+02:00,0.42300817369777854
2024,CO2/CO/NOx,2024-06-04 23:00:00+02:00,0.4256889758393106
2024,CO2/CO/NOx,2024-06-05 00:00:00+02:00,0.4351436179479955
2024,CO2/CO/NOx,2024-06-05 01:00:00+02:00,0.4444089967420311
2024,CO2/CO/NOx,2024-06-05 02:00:00+02:00,0.4575507275405656
2024,CO2/CO/NOx,2024-06-05 03:00:00+02:00,0.47452344115665396
2024,CO2/CO/NOx,2024-06-05 04:00:00+02:00,0.480477057344996
2024,CO2/CO/NOx,2024-06-05 05:00:00+02:00,0.47472256624401904
2024,CO2/CO/NOx,2024-06-05 06:00:00+02:00,0.47206254865761915
2024,CO2/CO/NOx,2024-06-05 07:00:00+02:00,0.46568740458630214
2024,CO2/CO/NOx,2024-06-05 08:00:00+02:00,0.4550359227908879
2024,CO2/CO/NOx,2024-06-05 09:00:00+02:00,0.44111398421652964
2024,CO2/CO/NOx,2024-06-05 10:00:00+02:00,0.42359818344720795
2024,CO2/CO/NOx,2024-06-05 11:00:00+02:00,0.40683777697785833
2024,CO2/CO/NOx,2024-06-05 12:00:00+02:00,0.3929868605696964
2024,CO2/CO/NOx,2024-06-05 13:00:00+02:00,0.38633647785066644
2024,CO2/CO/NOx,2024-06-05 14:00:00+02:00,0.3803122101803329
2024,CO2/CO/NOx,2024-06-05 15:00:00+02:00,0.38651816127439015
2024,CO2/CO/NOx,2024-06-05 16:00:00+02:00,0.387017972264403
2024,CO2/CO/NOx,2024-06-05 17:00:00+02:00,0.3820158704224765
2024,CO2/CO/NOx,2024-06-05 18:00:00+02:00,0.3844231560691717
2024,CO2/CO/NOx,2024-06-05 19:00:00+02:00,0.38071982396397847
2024,CO2/CO/NOx,2024-06-05 20:00:00+02:00,0.37273719807702327
2024,CO2/CO/NOx,2024-06-05 21:00:00+02:00,0.36143333024510416
2024,CO2/CO/NOx,2024-06-05 22:00:00+02:00,0.3549992348334385
2024,CO2/CO/NOx,2024-06-05 23:00:00+02:00,0.35057662676337786
2024,CO2/CO/NOx,2024-06-06 00:00:00+02:00,0.34668223712577423
2024,CO2/CO/NOx,2024-06-06 01:00:00+02:00,0.3544298616517527
2024,CO2/CO/NOx,2024-06-06 02:00:00+02:00,0.37397194799585165
2024,CO2/CO/NOx,2024-06-06 03:00:00+02:00,0.4080048712083272
2024,CO2/CO/NOx,2024-06-06 04:00:00+02:00,0.43273217334923
2024,CO2/CO/NOx,2024-06-06 05:00:00+02:00,0.4492742254576217
2024,CO2/CO/NOx,2024-06-06 06:00:00+02:00,0.45736246860467966
2024,CO2/CO/NOx,2024-06-06 07:00:00+02:00,0.4509259693665249
2024,CO2/CO/NOx,2024-06-06 08:00:00+02:00,0.42802819132698455
2024,CO2/CO/NOx,2024-06-06 09:00:00+02:00,0.39530078690593345
2024,CO2/CO/NOx,2024-06-06 10:00:00+02:00,0.37813279984880827
2024,CO2/CO/NOx,2024-06-06 11:00:00+02:00,0.3684866762227604
2024,CO2/CO/NOx,2024-06-06 12:00:00+02:00,0.3661545884842305
2024,CO2/CO/NOx,2024-06-06 13:00:00+02:00,0.3680493653780463
2024,CO2/CO/NOx,2024-06-06 14:00:00+02:00,0.37577972719809805
2024,CO2/CO/NOx,2024-06-06 15:00:00+02:00,0.3867775440229479
2024,CO2/CO/NOx,2024-06-06 16:00:00+02:00,0.38859883722469774
2024,CO2/CO/NOx,2024-06-06 17:00:00+02:00,0.38591787288478996
2024,CO2/CO/NOx,2024-06-06 18:00:00+02:00,0.387114665797968
2024,CO2/CO/NOx,2024-06-06 19:00:00+02:00,0.38335126568299743
2024,CO2/CO/NOx,2024-06-06 20:00:00+02:00,0.3723298677667255
2024,CO2/CO/NOx,2024-06-06 21:00:00+02:00,0.3601141253980425
2024,CO2/CO/NOx,2024-06-06 22:00:00+02:00,0.3472506068948138
2024,CO2/CO/NOx,2024-06-06 23:00:00+02:00,0.3378900078650035
2024,CO2/CO/NOx,2024-06-07 00:00:00+02:00,0.3255301677056683
2024,CO2/CO/NOx,2024-06-07 01:00:00+02:00,0.32564360707123274
2024,CO2/CO/NOx,2024-06-07 02:00:00+02:00,0.34032276948696333
2024,CO2/CO/NOx,2024-06-07 03:00:00+02:00,0.36545990433077963
2024,CO2/CO/NOx,2024-06-07 04:00:00+02:00,0.3896495026468924
2024,CO2/CO/NOx,2024-06-07 05:00:00+02:00,0.410212901887214
2024,CO2/CO/NOx,2024-06-07 06:00:00+02:00,0.4273276365534063
2024,CO2/CO/NOx,2024-06-07 07:00:00+02:00,0.43017518650379394
2024,CO2/CO/NOx,2024-06-07 08:00:00+02:00,0.4203118921096026
2024,CO2/CO/NOx,2024-06-07 09:00:00+02:00,0.39806472718582825
2024,CO2/CO/NOx,2024-06-07 10:00:00+02:00,0.3838779041760726
2024,CO2/CO/NOx,2024-06-07 11:00:00+02:00,0.3703111206839168
2024,CO2/CO/NOx,2024-06-07 12:00:00+02:00,0.36107614637750646
2024,CO2/CO/NOx,2024-06-07 13:00:00+02:00,0.36164290363700363
2024,CO2/CO/NOx,2024-06-07 14:00:00+02:00,0.36630357542836306
2024,CO2/CO/NOx,2024-06-07 15:00:00+02:00,0.37593015865808094
2024,CO2/CO/NOx,2024-06-07 16:00:00+02:00,0.37801149296364456
2024,CO2/CO/NOx,2024-06-07 17:00:00+02:00,0.376368589435764
2024,CO2/CO/NOx,2024-06-07 18:00:00+02:00,0.37661713545870723
2024,CO2/CO/NOx,2024-06-07 19:00:00+02:00,0.36794872225031955
2024,CO2/CO/NOx,2024-06-07 20:00:00+02:00,0.35934425576856865
2024,CO2/CO/NOx,2024-06-07 21:00:00+02:00,0.35438223538489405
2024,CO2/CO/NOx,2024-06-07 22:00:00+02:00,0.3516443923434905
2024,CO2/CO/NOx,2024-06-07 23:00:00+02:00,0.35322705492320977
2024,CO2/CO/NOx,2024-06-08 00:00:00+02:00,0.35933554193369016
2024,CO2/CO/NOx,2024-06-08 01:00:00+02:00,0.3702686761694696
2024,CO2/CO/NOx,2024-06-08 02:00:00+02:00,0.38397252221079153
2024,CO2/CO/NOx,2024-06-08 03:00:00+02:00,0.3981608828101968
2024,CO2/CO/NOx,2024-06-08 04:00:00+02:00,0.4026373245234272
2024,CO2/CO/NOx,2024-06-08 05:00:00+02:00,0.40739255210391495
2024,CO2/CO/NOx,2024-06-08 06:00:00+02:00,0.4060832307304428
2024,CO2/CO/NOx,2024-06-08 07:00:00+02:00,0.39558809255053445
2024,CO2/CO/NOx,2024-06-08 08:00:00+02:00,0.382639671514383
2024,CO2/CO/NOx,2024-06-08 09:00:00+02:00,0.37163649045966435
2024,CO2/CO/NOx,2024-06-08 10:00:00+02:00,0.36863065185138333
2024,CO2/CO/NOx,2024-06-08 11:00:00+02:00,0.3661990286531185
2024,CO2/CO/NOx,2024-06-08 12:00:00+02:00,0.36637239377097675
2024,CO2/CO/NOx,2024-06-08 13:00:00+02:00,0.37005059346081276
2024,CO2/CO/NOx,2024-06-08 14:00:00+02:00,0.3785257685306703
2024,CO2/CO/NOx,2024-06-08 15:00:00+02:00,0.39213485366772294
2024,CO2/CO/NOx,2024-06-08 16:00:00+02:00,0.3985978099791953
2024,CO2/CO/NOx,2024-06-08 17:00:00+02:00,0.4000897620452941
2024,CO2/CO/NOx,2024-06-08 18:00:00+02:00,0.3995128838207433
2024,CO2/CO/NOx,2024-06-08 19:00:00+02:00,0.3939336894449593
2024,CO2/CO/NOx,2024-06-08 20:00:00+02:00,0.38202894073209476
2024,CO2/CO/NOx,2024-06-08 21:00:00+02:00,0.3673996704408905
2024,CO2/CO/NOx,2024-06-08 22:00:00+02:00,0.35313156599622336
2024,CO2/CO/NOx,2024-06-08 23:00:00+02:00,0.3459081989022944
2024,CO2/CO/NOx,2024-06-09 00:00:00+02:00,0.348755111425795
2024,CO2/CO/NOx,2024-06-09 01:00:00+02:00,0.3553907074904174
2024,CO2/CO/NOx,2024-06-09 02:00:00+02:00,0.3677937664340127
2024,CO2/CO/NOx,2024-06-09 03:00:00+02:00,0.37740420009667935
2024,CO2/CO/NOx,2024-06-09 04:00:00+02:00,0.3872161966070868
2024,CO2/CO/NOx,2024-06-09 05:00:00+02:00,0.39363604204586305
2024,CO2/CO/NOx,2024-06-09 06:00:00+02:00,0.39594136803015473
2024,CO2/CO/NOx,2024-06-09 07:00:00+02:00,0.3932977219343663
2024,CO2/CO/NOx,2024-06-09 08:00:00+02:00,0.3871181587745461
2024,CO2/CO/NOx,2024-06-09 09:00:00+02:00,0.37709155385960413
2024,CO2/CO/NOx,2024-06-09 10:00:00+02:00,0.37072260720625944
2024,CO2/CO/NOx,2024-06-09 11:00:00+02:00,0.36515878580408345
2024,CO2/CO/NOx,2024-06-09 12:00:00+02:00,0.35900538056030507
2024,CO2/CO/NOx,2024-06-09 13:00:00+02:00,0.36181723407578864
2024,CO2/CO/NOx,2024-06-09 14:00:00+02:00,0.3630320563688928
2024,CO2/CO/NOx,2024-06-09 15:00:00+02:00,0.3732262975566932
2024,CO2/CO/NOx,2024-06-09 16:00:00+02:00,0.3797428917527869
2024,CO2/CO/NOx,2024-06-09 17:00:00+02:00,0.3840779930030483
2024,CO2/CO/NOx,2024-06-09 18:00:00+02:00,0.38569962719169304
2024,CO2/CO/NOx,2024-06-09 19:00:00+02:00,0.3875166558121414
2024,CO2/CO/NOx,2024-06-09 20:00:00+02:00,0.3815152670162099
2024,CO2/CO/NOx,2024-06-09 21:00:00+02:00,0.3734077220892767
2024,CO2/CO/NOx,2024-06-09 22:00:00+02:00,0.36533795640153033
2024,CO2/CO/NOx,2024-06-09 23:00:00+02:00,0.3535748830044825
2024,CO2/CO/NOx,2024-06-10 00:00:00+02:00,0.34192315727699635
2024,CO2/CO/NOx,2024-06-10 01:00:00+02:00,0.3397740531206258
2024,CO2/CO/NOx,2024-06-10 02:00:00+02:00,0.3520092951777879
2024,CO2/CO/NOx,2024-06-10 03:00:00+02:00,0.3745548399411869
2024,CO2/CO/NOx,2024-06-10 04:00:00+02:00,0.40405318572038507
2024,CO2/CO/NOx,2024-06-10 05:00:00+02:00,0.4282635725336049
2024,CO2/CO/NOx,2024-06-10 06:00:00+02:00,0.45682547602069273
2024,CO2/CO/NOx,2024-06-10 07:00:00+02:00,0.47767893084280216
2024,CO2/CO/NOx,2024-06-10 08:00:00+02:00,0.4830617021002719
2024,CO2/CO/NOx,2024-06-10 09:00:00+02:00,0.4735570601896241
2024,CO2/CO/NOx,2024-06-10 10:00:00+02:00,0.4632478837399384
2024,CO2/CO/NOx,2024-06-10 11:00:00+02:00,0.44840930817971175
2024,CO2/CO/NOx,2024-06-10 12:00:00+02:00,0.4292374479818539
2024,CO2/CO/NOx,2024-06-10 13:00:00+02:00,0.41267546353380585
2024,CO2/CO/NOx,2024-06-10 14:00:00+02:00,0.39609608393540235
2024,CO2/CO/NOx,2024-06-10 15:00:00+02:00,0.3903509423904219
2024,CO2/CO/NOx,2024-06-10 16:00:00+02:00,0.38256419525946445
2024,CO2/CO/NOx,2024-06-10 17:00:00+02:00,0.3810861987156692
2024,CO2/CO/NOx,2024-06-10 18:00:00+02:00,0.39172393779856196
2024,CO2/CO/NOx,2024-06-10 19:00:00+02:00,0.39836305263240585
2024,CO2/CO/NOx,2024-06-10 20:00:00+02:00,0.40419203085805455
2024,CO2/CO/NOx,2024-06-10 21:00:00+02:00,0.40262125365544693
2024,CO2/CO/NOx,2024-06-10 22:00:00+02:00,0.39498578667225726
2024,CO2/CO/NOx,2024-06-10 23:00:00+02:00,0.38227307083113266
2024,CO2/CO/NOx,2024-06-11 00:00:00+02:00,0.3668297868208656
2024,CO2/CO/NOx,2024-06-11 01:00:00+02:00,0.36533360664878783
2024,CO2/CO/NOx,2024-06-11 02:00:00+02:00,0.3823921803144122
2024,CO2/CO/NOx,2024-06-11 03:00:00+02:00,0.42614643774099525
2024,CO2/CO/NOx,2024-06-11 04:00:00+02:00,0.48501114416277485
2024,CO2/CO/NOx,2024-06-11 05:00:00+02:00,0.5527582345270049
2024,CO2/CO/NOx,2024-06-11 06:00:00+02:00,0.6161447808376399
2024,CO2/CO/NOx,2024-06-11 07:00:00+02:00,0.6544494397387352
2024,CO2/CO/NOx,2024-06-11 08:00:00+02:00,0.6762073767070004
2024,CO2/CO/NOx,2024-06-11 09:00:00+02:00,0.6838545274330936
2024,CO2/CO/NOx,2024-06-11 10:00:00+02:00,0.6858972611948562
2024,CO2/CO/NOx,2024-06-11 11:00:00+02:00,0.678111868962329
2024,CO2/CO/NOx,2024-06-11 12:00:00+02:00,0.670327717269269
2024,CO2/CO/NOx,2024-06-11 13:00:00+02:00,0.66689994322228
2024,CO2/CO/NOx,2024-06-11 14:00:00+02:00,0.6743610777458762
2024,CO2/CO/NOx,2024-06-11 15:00:00+02:00,0.6930961855099902
2024,CO2/CO/NOx,2024-06-11 16:00:00+02:00,0.7039370739599585
2024,CO2/CO/NOx,2024-06-11 17:00:00+02:00,0.7188482905279152
2024,CO2/CO/NOx,2024-06-11 18:00:00+02:00,0.7432834672966362
2024,CO2/CO/NOx,2024-06-11 19:00:00+02:00,0.7555235569784178
2024,CO2/CO/NOx,2024-06-11 20:00:00+02:00,0.7580075872999652
2024,CO2/CO/NOx,2024-06-11 21:00:00+02:00,0.7477222756260427
2024,CO2/CO/NOx,2024-06-11 22:00:00+02:00,0.7307782962616641
2024,CO2/CO/NOx,2024-06-11 23:00:00+02:00,0.7107851811280631
2024,CO2/CO/NOx,2024-06-12 00:00:00+02:00,0.6796183169439395
2024,CO2/CO/NOx,2024-06-12 01:00:00+02:00,0.662680357247711
2024,CO2/CO/NOx,2024-06-12 02:00:00+02:00,0.6678901114305532
2024,CO2/CO/NOx,2024-06-12 03:00:00+02:00,0.6964448846190318
2024,CO2/CO/NOx,2024-06-12 04:00:00+02:00,0.7341900850074561
2024,CO2/CO/NOx,2024-06-12 05:00:00+02:00,0.7853721627644287
2024,CO2/CO/NOx,2024-06-12 06:00:00+02:00,0.830093007052342
2024,CO2/CO/NOx,2024-06-12 07:00:00+02:00,0.8455528613900836
2024,CO2/CO/NOx,2024-06-12 08:00:00+02:00,0.8234209033483112
2024,CO2/CO/NOx,2024-06-12 09:00:00+02:00,0.7718012558614453
2024,CO2/CO/NOx,2024-06-12 10:00:00+02:00,0.7261603467517946
2024,CO2/CO/NOx,2024-06-12 11:00:00+02:00,0.6840880872262813
2024,CO2/CO/NOx,2024-06-12 12:00:00+02:00,0.6466001710854804
2024,CO2/CO/NOx,2024-06-12 13:00:00+02:00,0.6349399722545699
2024,CO2/CO/NOx,2024-06-12 14:00:00+02:00,0.638048082708575
2024,CO2/CO/NOx,2024-06-12 15:00:00+02:00,0.6525606906503115
2024,CO2/CO/NOx,2024-06-12 16:00:00+02:00,0.6481858563205026
2024,CO2/CO/NOx,2024-06-12 17:00:00+02:00,0.6261445529357519
2024,CO2/CO/NOx,2024-06-12 18:00:00+02:00,0.6056845711562617
2024,CO2/CO/NOx,2024-06-12 19:00:00+02:00,0.5764388354756438
2024,CO2/CO/NOx,2024-06-12 20:00:00+02:00,0.5438440635499978
2024,CO2/CO/NOx,2024-06-12 21:00:00+02:00,0.5050804305492559
2024,CO2/CO/NOx,2024-06-12 22:00:00+02:00,0.4965138276761609
2024,CO2/CO/NOx,2024-06-12 23:00:00+02:00,0.5086557430168274
2024,CO2/CO/NOx,2024-06-13 00:00:00+02:00,0.5372344201194015
2024,CO2/CO/NOx,2024-06-13 01:00:00+02:00,0.5722115594513763
2024,CO2/CO/NOx,2024-06-13 02:00:00+02:00,0.6143038571372239
2024,CO2/CO/NOx,2024-06-13 03:00:00+02:00,0.6689431783067286
2024,CO2/CO/NOx,2024-06-13 04:00:00+02:00,0.7084978879124958
2024,CO2/CO/NOx,2024-06-13 05:00:00+02:00,0.7294394430158022
2024,CO2/CO/NOx,2024-06-13 06:00:00+02:00,0.7334027298734281
2024,CO2/CO/NOx,2024-06-13 07:00:00+02:00,0.7290449831571776
2024,CO2/CO/NOx,2024-06-13 08:00:00+02:00,0.7013880104914273
2024,CO2/CO/NOx,2024-06-13 09:00:00+02:00,0.6528629272960649
2024,CO2/CO/NOx,2024-06-13 10:00:00+02:00,0.6109819543502079
2024,CO2/CO/NOx,2024-06-13 11:00:00+02:00,0.5745596780915644
2024,CO2/CO/NOx,2024-06-13 12:00:00+02:00,0.539558902398583
2024,CO2/CO/NOx,2024-06-13 13:00:00+02:00,0.5247305083607462
2024,CO2/CO/NOx,2024-06-13 14:00:00+02:00,0.5267032707372528
2024,CO2/CO/NOx,2024-06-13 15:00:00+02:00,0.5386135313629237
2024,CO2/CO/NOx,2024-06-13 16:00:00+02:00,0.5416879434797717
2024,CO2/CO/NOx,2024-06-13 17:00:00+02:00,0.530679217592973
2024,CO2/CO/NOx,2024-06-13 18:00:00+02:00,0.523529609609344
2024,CO2/CO/NOx,2024-06-13 19:00:00+02:00,0.5105147580454618
2024,CO2/CO/NOx,2024-06-13 20:00:00+02:00,0.48387800599497316
2024,CO2/CO/NOx,2024-06-13 21:00:00+02:00,0.4636243817767417
2024,CO2/CO/NOx,2024-06-13 22:00:00+02:00,0.4615290619980822
2024,CO2/CO/NOx,2024-06-13 23:00:00+02:00,0.4750044234311661
2024,CO2/CO/NOx,2024-06-14 00:00:00+02:00,0.48952618164585426
2024,CO2/CO/NOx,2024-06-14 01:00:00+02:00,0.5307421886602904
2024,CO2/CO/NOx,2024-06-14 02:00:00+02:00,0.5828184000628004
2024,CO2/CO/NOx,2024-06-14 03:00:00+02:00,0.6443348858132
2024,CO2/CO/NOx,2024-06-14 04:00:00+02:00,0.6791962864409818
2024,CO2/CO/NOx,2024-06-14 05:00:00+02:00,0.6902554744102284
2024,CO2/CO/NOx,2024-06-14 06:00:00+02:00,0.6919132841127403
2024,CO2/CO/NOx,2024-06-14 07:00:00+02:00,0.6642335808922166
2024,CO2/CO/NOx,2024-06-14 08:00:00+02:00,0.6187375757787404
2024,CO2/CO/NOx,2024-06-14 09:00:00+02:00,0.5674367080289276
2024,CO2/CO/NOx,2024-06-14 10:00:00+02:00,0.5435801851768531
2024,CO2/CO/NOx,2024-06-14 11:00:00+02:00,0.5244084959689054
2024,CO2/CO/NOx,2024-06-14 12:00:00+02:00,0.5156298434945986
2024,CO2/CO/NOx,2024-06-14 13:00:00+02:00,0.5115205092139204
2024,CO2/CO/NOx,2024-06-14 14:00:00+02:00,0.5109592024083183
2024,CO2/CO/NOx,2024-06-14 15:00:00+02:00,0.5090291948474642
2024,CO2/CO/NOx,2024-06-14 16:00:00+02:00,0.4919071633174091
2024,CO2/CO/NOx,2024-06-14 17:00:00+02:00,0.46407763114594097
2024,CO2/CO/NOx,2024-06-14 18:00:00+02:00,0.444500305633651
2024,CO2/CO/NOx,2024-06-14 19:00:00+02:00,0.41634321853524536
2024,CO2/CO/NOx,2024-06-14 20:00:00+02:00,0.39120414328268416
2024,CO2/CO/NOx,2024-06-14 21:00:00+02:00,0.38230069491155017
2024,CO2/CO/NOx,2024-06-14 22:00:00+02:00,0.38923785398818694
2024,CO2/CO/NOx,2024-06-14 23:00:00+02:00,0.4049655128564537
2024,CO2/CO/NOx,2024-06-15 00:00:00+02:00,0.4176484261322153
2024,CO2/CO/NOx,2024-06-15 01:00:00+02:00,0.4341727867041464
2024,CO2/CO/NOx,2024-06-15 02:00:00+02:00,0.4621279664451421
2024,CO2/CO/NOx,2024-06-15 03:00:00+02:00,0.4791617033492889
2024,CO2/CO/NOx,2024-06-15 04:00:00+02:00,0.47924567064787466
2024,CO2/CO/NOx,2024-06-15 05:00:00+02:00,0.47853710407925454
2024,CO2/CO/NOx,2024-06-15 06:00:00+02:00,0.46978504493863577
2024,CO2/CO/NOx,2024-06-15 07:00:00+02:00,0.45109868103965156
2024,CO2/CO/NOx,2024-06-15 08:00:00+02:00,0.43576565043467325
2024,CO2/CO/NOx,2024-06-15 09:00:00+02:00,0.42140236173990764
2024,CO2/CO/NOx,2024-06-15 10:00:00+02:00,0.4225527602539137
2024,CO2/CO/NOx,2024-06-15 11:00:00+02:00,0.4319523186391397
2024,CO2/CO/NOx,2024-06-15 12:00:00+02:00,0.43128643284044016
2024,CO2/CO/NOx,2024-06-15 13:00:00+02:00,0.4380400957031591
2024,CO2/CO/NOx,2024-06-15 14:00:00+02:00,0.4418941911354908
2024,CO2/CO/NOx,2024-06-15 15:00:00+02:00,0.43871918159865825
2024,CO2/CO/NOx,2024-06-15 16:00:00+02:00,0.42736038146507005
2024,CO2/CO/NOx,2024-06-15 17:00:00+02:00,0.41903447145032513
2024,CO2/CO/NOx,2024-06-15 18:00:00+02:00,0.41902375482272347
2024,CO2/CO/NOx,2024-06-15 19:00:00+02:00,0.4154717141583682
2024,CO2/CO/NOx,2024-06-15 20:00:00+02:00,0.4144974575851087
2024,CO2/CO/NOx,2024-06-15 21:00:00+02:00,0.4245561267817189
2024,CO2/CO/NOx,2024-06-15 22:00:00+02:00,0.4357505547803089
2024,CO2/CO/NOx,2024-06-15 23:00:00+02:00,0.4445207980390852
2024,CO2/CO/NOx,2024-06-16 00:00:00+02:00,0.44889022148729735
2024,CO2/CO/NOx,2024-06-16 01:00:00+02:00,0.4486668863495284
2024,CO2/CO/NOx,2024-06-16 02:00:00+02:00,0.4466042713773171
2024,CO2/CO/NOx,2024-06-16 03:00:00+02:00,0.4389547209780228
2024,CO2/CO/NOx,2024-06-16 04:00:00+02:00,0.4251622068244582
2024,CO2/CO/NOx,2024-06-16 05:00:00+02:00,0.42737769823674293
2024,CO2/CO/NOx,2024-06-16 06:00:00+02:00,0.44210188136579703
2024,CO2/CO/NOx,2024-06-16 07:00:00+02:00,0.4517992406857251
2024,CO2/CO/NOx,2024-06-16 08:00:00+02:00,0.4560173208907987
2024,CO2/CO/NOx,2024-06-16 09:00:00+02:00,0.4595211997034146
2024,CO2/CO/NOx,2024-06-16 10:00:00+02:00,0.45948906936656236
2024,CO2/CO/NOx,2024-06-16 11:00:00+02:00,0.45028321105247254
2024,CO2/CO/NOx,2024-06-16 12:00:00+02:00,0.4288386374717523
2024,CO2/CO/NOx,2024-06-16 13:00:00+02:00,0.4069640021659026
2024,CO2/CO/NOx,2024-06-16 14:00:00+02:00,0.39518862728978615
2024,CO2/CO/NOx,2024-06-16 15:00:00+02:00,0.3882402139585082
2024,CO2/CO/NOx,2024-06-16 16:00:00+02:00,0.38210368768367003
2024,CO2/CO/NOx,2024-06-16 17:00:00+02:00,0.3774357339182536
2024,CO2/CO/NOx,2024-06-16 18:00:00+02:00,0.38326331647989387
2024,CO2/CO/NOx,2024-06-16 19:00:00+02:00,0.39094610976261357
2024,CO2/CO/NOx,2024-06-16 20:00:00+02:00,0.39147025743716324
2024,CO2/CO/NOx,2024-06-16 21:00:00+02:00,0.38531972163042055
2024,CO2/CO/NOx,2024-06-16 22:00:00+02:00,0.3741445289317576
2024,CO2/CO/NOx,2024-06-16 23:00:00+02:00,0.3643596581352823
2024,CO2/CO/NOx,2024-06-17 00:00:00+02:00,0.3516063723352257
2024,CO2/CO/NOx,2024-06-17 01:00:00+02:00,0.35352227315737833
2024,CO2/CO/NOx,2024-06-17 02:00:00+02:00,0.3685070469828505
2024,CO2/CO/NOx,2024-06-17 03:00:00+02:00,0.39540389776098595
2024,CO2/CO/NOx,2024-06-17 04:00:00+02:00,0.4255177856584806
2024,CO2/CO/NOx,2024-06-17 05:00:00+02:00,0.4485964752563397
2024,CO2/CO/NOx,2024-06-17 06:00:00+02:00,0.461790827285705
2024,CO2/CO/NOx,2024-06-17 07:00:00+02:00,0.45655922095101503
2024,CO2/CO/NOx,2024-06-17 08:00:00+02:00,0.43716343712187566
2024,CO2/CO/NOx,2024-06-17 09:00:00+02:00,0.4058572848800788
2024,CO2/CO/NOx,2024-06-17 10:00:00+02:00,0.3840281673915427
2024,CO2/CO/NOx,2024-06-17 11:00:00+02:00,0.3675009057790124
2024,CO2/CO/NOx,2024-06-17 12:00:00+02:00,0.36019682152146276
2024,CO2/CO/NOx,2024-06-17 13:00:00+02:00,0.3620346714314767
2024,CO2/CO/NOx,2024-06-17 14:00:00+02:00,0.3709605995638363
2024,CO2/CO/NOx,2024-06-17 15:00:00+02:00,0.38321473029887887
2024,CO2/CO/NOx,2024-06-17 16:00:00+02:00,0.38683260607004
2024,CO2/CO/NOx,2024-06-17 17:00:00+02:00,0.3868209712767733
2024,CO2/CO/NOx,2024-06-17 18:00:00+02:00,0.3870685183785241
2024,CO2/CO/NOx,2024-06-17 19:00:00+02:00,0.3795396017250844
2024,CO2/CO/NOx,2024-06-17 20:00:00+02:00,0.36709481252554654
2024,CO2/CO/NOx,2024-06-17 21:00:00+02:00,0.354786132041858
2024,CO2/CO/NOx,2024-06-17 22:00:00+02:00,0.34451619791635857
2024,CO2/CO/NOx,2024-06-17 23:00:00+02:00,0.3367536536583378
2024,CO2/CO/NOx,2024-06-18 00:00:00+02:00,0.33108670237609933
2024,CO2/CO/NOx,2024-06-18 01:00:00+02:00,0.3383017366838136
2024,CO2/CO/NOx,2024-06-18 02:00:00+02:00,0.36130529865667693
2024,CO2/CO/NOx,2024-06-18 03:00:00+02:00,0.39123906850548784
2024,CO2/CO/NOx,2024-06-18 04:00:00+02:00,0.41258232159935504
2024,CO2/CO/NOx,2024-06-18 05:00:00+02:00,0.42646248517191604
2024,CO2/CO/NOx,2024-06-18 06:00:00+02:00,0.4338565507258692
2024,CO2/CO/NOx,2024-06-18 07:00:00+02:00,0.4279543778119226
2024,CO2/CO/NOx,2024-06-18 08:00:00+02:00,0.41049287328146733
2024,CO2/CO/NOx,2024-06-18 09:00:00+02:00,0.389416053107697
2024,CO2/CO/NOx,2024-06-18 10:00:00+02:00,0.37914225295987874
2024,CO2/CO/NOx,2024-06-18 11:00:00+02:00,0.37518906023862275
2024,CO2/CO/NOx,2024-06-18 12:00:00+02:00,0.3734580295211747
2024,CO2/CO/NOx,2024-06-18 13:00:00+02:00,0.37422348903393937
2024,CO2/CO/NOx,2024-06-18 14:00:00+02:00,0.37979727710004746
2024,CO2/CO/NOx,2024-06-18 15:00:00+02:00,0.3878492890914386
2024,CO2/CO/NOx,2024-06-18 16:00:00+02:00,0.38890891213306095
2024,CO2/CO/NOx,2024-06-18 17:00:00+02:00,0.3867885104914425
2024,CO2/CO/NOx,2024-06-18 18:00:00+02:00,0.38717728408049557
2024,CO2/CO/NOx,2024-06-18 19:00:00+02:00,0.37826436555990156
2024,CO2/CO/NOx,2024-06-18 20:00:00+02:00,0.36167384080285797
2024,CO2/CO/NOx,2024-06-18 21:00:00+02:00,0.3443563740352377
2024,CO2/CO/NOx,2024-06-18 22:00:00+02:00,0.32760779302242515
2024,CO2/CO/NOx,2024-06-18 23:00:00+02:00,0.31566176143891067
2024,CO2/CO/NOx,2024-06-19 00:00:00+02:00,0.30152949508951427
2024,CO2/CO/NOx,2024-06-19 01:00:00+02:00,0.30092675166264704
2024,CO2/CO/NOx,2024-06-19 02:00:00+02:00,0.3110098886853403
2024,CO2/CO/NOx,2024-06-19 03:00:00+02:00,0.32874323361071456
2024,CO2/CO/NOx,2024-06-19 04:00:00+02:00,0.3448572005933473
2024,CO2/CO/NOx,2024-06-19 05:00:00+02:00,0.36115191063552426
2024,CO2/CO/NOx,2024-06-19 06:00:00+02:00,0.3794069483127615
2024,CO2/CO/NOx,2024-06-19 07:00:00+02:00,0.3879688875852634
2024,CO2/CO/NOx,2024-06-19 08:00:00+02:00,0.3875580184504743
2024,CO2/CO/NOx,2024-06-19 09:00:00+02:00,0.3769160751195749
2024,CO2/CO/NOx,2024-06-19 10:00:00+02:00,0.3729430557317628
2024,CO2/CO/NOx,2024-06-19 11:00:00+02:00,0.3667490455745246
2024,CO2/CO/NOx,2024-06-19 12:00:00+02:00,0.3592355198375976
2024,CO2/CO/NOx,2024-06-19 13:00:00+02:00,0.3560626664042085
2024,CO2/CO/NOx,2024-06-19 14:00:00+02:00,0.35694836526780716
2024,CO2/CO/NOx,2024-06-19 15:00:00+02:00,0.36268191520690507
2024,CO2/CO/NOx,2024-06-19 16:00:00+02:00,0.36390545517894346
2024,CO2/CO/NOx,2024-06-19 17:00:00+02:00,0.3648337667397594
2024,CO2/CO/NOx,2024-06-19 18:00:00+02:00,0.3687991152804495
2024,CO2/CO/NOx,2024-06-19 19:00:00+02:00,0.3652746645923113
2024,CO2/CO/NOx,2024-06-19 20:00:00+02:00,0.3563155922579191
2024,CO2/CO/NOx,2024-06-19 21:00:00+02:00,0.3459901860779211
2024,CO2/CO/NOx,2024-06-19 22:00:00+02:00,0.3336566795822813
2024,CO2/CO/NOx,2024-06-19 23:00:00+02:00,0.3222888346464769
2024,CO2/CO/NOx,2024-06-20 00:00:00+02:00,0.3080678729557128
2024,CO2/CO/NOx,2024-06-20 01:00:00+02:00,0.30582039799779615
2024,CO2/CO/NOx,2024-06-20 02:00:00+02:00,0.3146536524452245
2024,CO2/CO/NOx,2024-06-20 03:00:00+02:00,0.33310280281064375
2024,CO2/CO/NOx,2024-06-20 04:00:00+02:00,0.35071473410009935
2024,CO2/CO/NOx,2024-06-20 05:00:00+02:00,0.3697388511166036
2024,CO2/CO/NOx,2024-06-20 06:00:00+02:00,0.3907384194869749
2024,CO2/CO/NOx,2024-06-20 07:00:00+02:00,0.40020031025710145
2024,CO2/CO/NOx,2024-06-20 08:00:00+02:00,0.39821498816187173
2024,CO2/CO/NOx,2024-06-20 09:00:00+02:00,0.38502395076013574
2024,CO2/CO/NOx,2024-06-20 10:00:00+02:00,0.3767718077927698
2024,CO2/CO/NOx,2024-06-20 11:00:00+02:00,0.3663933220236379
2024,CO2/CO/NOx,2024-06-20 12:00:00+02:00,0.3601550009893886
2024,CO2/CO/NOx,2024-06-20 13:00:00+02:00,0.3582109140626479
2024,CO2/CO/NOx,2024-06-20 14:00:00+02:00,0.3592270110186293
2024,CO2/CO/NOx,2024-06-20 15:00:00+02:00,0.3648740135156906
2024,CO2/CO/NOx,2024-06-20 16:00:00+02:00,0.3663266938286213
2024,CO2/CO/NOx,2024-06-20 17:00:00+02:00,0.3669423425194652
2024,CO2/CO/NOx,2024-06-20 18:00:00+02:00,0.37077128030196443
2024,CO2/CO/NOx,2024-06-20 19:00:00+02:00,0.3675951446936059
2024,CO2/CO/NOx,2024-06-20 20:00:00+02:00,0.35862661982295757
2024,CO2/CO/NOx,2024-06-20 21:00:00+02:00,0.3481307828778107
2024,CO2/CO/NOx,2024-06-20 22:00:00+02:00,0.33378395774742803
2024,CO2/CO/NOx,2024-06-20 23:00:00+02:00,0.319421069419094
2024,CO2/CO/NOx,2024-06-21 00:00:00+02:00,0.3022460428305001
2024,CO2/CO/NOx,2024-06-21 01:00:00+02:00,0.29693449713495995
2024,CO2/CO/NOx,2024-06-21 02:00:00+02:00,0.3038893129652703
2024,CO2/CO/NOx,2024-06-21 03:00:00+02:00,0.3175485420224191
2024,CO2/CO/NOx,2024-06-21 04:00:00+02:00,0.3328198089486521
2024,CO2/CO/NOx,2024-06-21 05:00:00+02:00,0.3506969469552882
2024,CO2/CO/NOx,2024-06-21 06:00:00+02:00,0.3701512298495049
2024,CO2/CO/NOx,2024-06-21 07:00:00+02:00,0.3814831552323823
2024,CO2/CO/NOx,2024-06-21 08:00:00+02:00,0.38398604132330777
2024,CO2/CO/NOx,2024-06-21 09:00:00+02:00,0.37519273606329484
2024,CO2/CO/NOx,2024-06-21 10:00:00+02:00,0.37102942823403373
2024,CO2/CO/NOx,2024-06-21 11:00:00+02:00,0.3657702996429872
2024,CO2/CO/NOx,2024-06-21 12:00:00+02:00,0.3566906451188882
2024,CO2/CO/NOx,2024-06-21 13:00:00+02:00,0.352876031803068
2024,CO2/CO/NOx,2024-06-21 14:00:00+02:00,0.3528953320669814
2024,CO2/CO/NOx,2024-06-21 15:00:00+02:00,0.35980484826269615
2024,CO2/CO/NOx,2024-06-21 16:00:00+02:00,0.3616488064274456
2024,CO2/CO/NOx,2024-06-21 17:00:00+02:00,0.3628584579391801
2024,CO2/CO/NOx,2024-06-21 18:00:00+02:00,0.36983367980368065
2024,CO2/CO/NOx,2024-06-21 19:00:00+02:00,0.37298423046300355
2024,CO2/CO/NOx,2024-06-21 20:00:00+02:00,0.37839626962009787
2024,CO2/CO/NOx,2024-06-21 21:00:00+02:00,0.38387561463405656
2024,CO2/CO/NOx,2024-06-21 22:00:00+02:00,0.3870114265097192
2024,CO2/CO/NOx,2024-06-21 23:00:00+02:00,0.3940253725645908
2024,CO2/CO/NOx,2024-06-22 00:00:00+02:00,0.4025733754838196
2024,CO2/CO/NOx,2024-06-22 01:00:00+02:00,0.4008205749082333
2024,CO2/CO/NOx,2024-06-22 02:00:00+02:00,0.3989382921299296
2024,CO2/CO/NOx,2024-06-22 03:00:00+02:00,0.39720042759232865
2024,CO2/CO/NOx,2024-06-22 04:00:00+02:00,0.3914314225515719
2024,CO2/CO/NOx,2024-06-22 05:00:00+02:00,0.39571680977340273
2024,CO2/CO/NOx,2024-06-22 06:00:00+02:00,0.4061633836660578
2024,CO2/CO/NOx,2024-06-22 07:00:00+02:00,0.41404167335228903
2024,CO2/CO/NOx,2024-06-22 08:00:00+02:00,0.42413509964982365
2024,CO2/CO/NOx,2024-06-22 09:00:00+02:00,0.4293810763174038
2024,CO2/CO/NOx,2024-06-22 10:00:00+02:00,0.42234079602684643
2024,CO2/CO/NOx,2024-06-22 11:00:00+02:00,0.4121135148745774
2024,CO2/CO/NOx,2024-06-22 12:00:00+02:00,0.3954829661645667
2024,CO2/CO/NOx,2024-06-22 13:00:00+02:00,0.3813904239400441
2024,CO2/CO/NOx,2024-06-22 14:00:00+02:00,0.3717705356893789
2024,CO2/CO/NOx,2024-06-22 15:00:00+02:00,0.37332355597030115
2024,CO2/CO/NOx,2024-06-22 16:00:00+02:00,0.38136653240539675
2024,CO2/CO/NOx,2024-06-22 17:00:00+02:00,0.39168427303451
2024,CO2/CO/NOx,2024-06-22 18:00:00+02:00,0.4057546860413308
2024,CO2/CO/NOx,2024-06-22 19:00:00+02:00,0.42763527741919
2024,CO2/CO/NOx,2024-06-22 20:00:00+02:00,0.44813587589076015
2024,CO2/CO/NOx,2024-06-22 21:00:00+02:00,0.46221947991333623
2024,CO2/CO/NOx,2024-06-22 22:00:00+02:00,0.4741347098942302
2024,CO2/CO/NOx,2024-06-22 23:00:00+02:00,0.48103318624882146
2024,CO2/CO/NOx,2024-06-23 00:00:00+02:00,0.48960850849459875
2024,CO2/CO/NOx,2024-06-23 01:00:00+02:00,0.4950341758369052
2024,CO2/CO/NOx,2024-06-23 02:00:00+02:00,0.4922573277046423
2024,CO2/CO/NOx,2024-06-23 03:00:00+02:00,0.4920462647355537
2024,CO2/CO/NOx,2024-06-23 04:00:00+02:00,0.5114748532253152
2024,CO2/CO/NOx,2024-06-23 05:00:00+02:00,0.5355482436348423
2024,CO2/CO/NOx,2024-06-23 06:00:00+02:00,0.5655054270457266
2024,CO2/CO/NOx,2024-06-23 07:00:00+02:00,0.60234606977189
2024,CO2/CO/NOx,2024-06-23 08:00:00+02:00,0.6240400238789181
2024,CO2/CO/NOx,2024-06-23 09:00:00+02:00,0.6333550926866478
2024,CO2/CO/NOx,2024-06-23 10:00:00+02:00,0.6256411950950153
2024,CO2/CO/NOx,2024-06-23 11:00:00+02:00,0.5987425317159731
2024,CO2/CO/NOx,2024-06-23 12:00:00+02:00,0.5632466797820441
2024,CO2/CO/NOx,2024-06-23 13:00:00+02:00,0.530834914995635
2024,CO2/CO/NOx,2024-06-23 14:00:00+02:00,0.4976660102534238
2024,CO2/CO/NOx,2024-06-23 15:00:00+02:00,0.46975576133866576
2024,CO2/CO/NOx,2024-06-23 16:00:00+02:00,0.4522488670687499
2024,CO2/CO/NOx,2024-06-23 17:00:00+02:00,0.431833332616089
2024,CO2/CO/NOx,2024-06-23 18:00:00+02:00,0.43081163472144957
2024,CO2/CO/NOx,2024-06-23 19:00:00+02:00,0.43048558684204113
2024,CO2/CO/NOx,2024-06-23 20:00:00+02:00,0.43087839031954767
2024,CO2/CO/NOx,2024-06-23 21:00:00+02:00,0.4339374004196773
2024,CO2/CO/NOx,2024-06-23 22:00:00+02:00,0.42889364557975257
2024,CO2/CO/NOx,2024-06-23 23:00:00+02:00,0.41638587772784563
2024,CO2/CO/NOx,2024-06-24 00:00:00+02:00,0.3921778293436074
2024,CO2/CO/NOx,2024-06-24 01:00:00+02:00,0.380368876983306
2024,CO2/CO/NOx,2024-06-24 02:00:00+02:00,0.3767451423030386
2024,CO2/CO/NOx,2024-06-24 03:00:00+02:00,0.3874644972159071
2024,CO2/CO/NOx,2024-06-24 04:00:00+02:00,0.3994330183955347
2024,CO2/CO/NOx,2024-06-24 05:00:00+02:00,0.4165632508251955
2024,CO2/CO/NOx,2024-06-24 06:00:00+02:00,0.4380115810356533
2024,CO2/CO/NOx,2024-06-24 07:00:00+02:00,0.4473636556799435
2024,CO2/CO/NOx,2024-06-24 08:00:00+02:00,0.44593658983553863
2024,CO2/CO/NOx,2024-06-24 09:00:00+02:00,0.4290087252027514
2024,CO2/CO/NOx,2024-06-24 10:00:00+02:00,0.41596807511536527
2024,CO2/CO/NOx,2024-06-24 11:00:00+02:00,0.4003391746874059
2024,CO2/CO/NOx,2024-06-24 12:00:00+02:00,0.3836256075542659
2024,CO2/CO/NOx,2024-06-24 13:00:00+02:00,0.37506017978167233
2024,CO2/CO/NOx,2024-06-24 14:00:00+02:00,0.37243127281341265
2024,CO2/CO/NOx,2024-06-24 15:00:00+02:00,0.3754582322131635
2024,CO2/CO/NOx,2024-06-24 16:00:00+02:00,0.3761425891762976
2024,CO2/CO/NOx,2024-06-24 17:00:00+02:00,0.37637560862525565
2024,CO2/CO/NOx,2024-06-24 18:00:00+02:00,0.3780326675956593
2024,CO2/CO/NOx,2024-06-24 19:00:00+02:00,0.37498580975236684
2024,CO2/CO/NOx,2024-06-24 20:00:00+02:00,0.3639372055158807
2024,CO2/CO/NOx,2024-06-24 21:00:00+02:00,0.34748315863819884
2024,CO2/CO/NOx,2024-06-24 22:00:00+02:00,0.3326547263323859
2024,CO2/CO/NOx,2024-06-24 23:00:00+02:00,0.3202496221686699
2024,CO2/CO/NOx,2024-06-25 00:00:00+02:00,0.30341300829235124
2024,CO2/CO/NOx,2024-06-25 01:00:00+02:00,0.2999706785323067
2024,CO2/CO/NOx,2024-06-25 02:00:00+02:00,0.31084644513591053
2024,CO2/CO/NOx,2024-06-25 03:00:00+02:00,0.33288875087716735
2024,CO2/CO/NOx,2024-06-25 04:00:00+02:00,0.3575306413282658
2024,CO2/CO/NOx,2024-06-25 05:00:00+02:00,0.37854765813290125
2024,CO2/CO/NOx,2024-06-25 06:00:00+02:00,0.3970399869541939
2024,CO2/CO/NOx,2024-06-25 07:00:00+02:00,0.4050691093369918
2024,CO2/CO/NOx,2024-06-25 08:00:00+02:00,0.40219365154504133
2024,CO2/CO/NOx,2024-06-25 09:00:00+02:00,0.386195740799077
2024,CO2/CO/NOx,2024-06-25 10:00:00+02:00,0.3758784547292436
2024,CO2/CO/NOx,2024-06-25 11:00:00+02:00,0.36620868220689856
2024,CO2/CO/NOx,2024-06-25 12:00:00+02:00,0.35803008184959917
2024,CO2/CO/NOx,2024-06-25 13:00:00+02:00,0.35674181497884144
2024,CO2/CO/NOx,2024-06-25 14:00:00+02:00,0.3619987312551055
2024,CO2/CO/NOx,2024-06-25 15:00:00+02:00,0.3689158141875647
2024,CO2/CO/NOx,2024-06-25 16:00:00+02:00,0.37160737471893196
2024,CO2/CO/NOx,2024-06-25 17:00:00+02:00,0.3725733610564496
2024,CO2/CO/NOx,2024-06-25 18:00:00+02:00,0.3757558636603873
2024,CO2/CO/NOx,2024-06-25 19:00:00+02:00,0.37046258777790086
2024,CO2/CO/NOx,2024-06-25 20:00:00+02:00,0.3587405190246479
2024,CO2/CO/NOx,2024-06-25 21:00:00+02:00,0.3475215577884671
2024,CO2/CO/NOx,2024-06-25 22:00:00+02:00,0.3362709717575865
2024,CO2/CO/NOx,2024-06-25 23:00:00+02:00,0.3255571417719115
2024,CO2/CO/NOx,2024-06-26 00:00:00+02:00,0.307206304003759
2024,CO2/CO/NOx,2024-06-26 01:00:00+02:00,0.30178618321242007
2024,CO2/CO/NOx,2024-06-26 02:00:00+02:00,0.30912487075668516
2024,CO2/CO/NOx,2024-06-26 03:00:00+02:00,0.32417399754118514
2024,CO2/CO/NOx,2024-06-26 04:00:00+02:00,0.3389740958691946
2024,CO2/CO/NOx,2024-06-26 05:00:00+02:00,0.3566765171459874
2024,CO2/CO/NOx,2024-06-26 06:00:00+02:00,0.37813874882587256
2024,CO2/CO/NOx,2024-06-26 07:00:00+02:00,0.38951511030924674
2024,CO2/CO/NOx,2024-06-26 08:00:00+02:00,0.3891361524069717
2024,CO2/CO/NOx,2024-06-26 09:00:00+02:00,0.3780259201726767
2024,CO2/CO/NOx,2024-06-26 10:00:00+02:00,0.37252493911889206
2024,CO2/CO/NOx,2024-06-26 11:00:00+02:00,0.36678018274987745
2024,CO2/CO/NOx,2024-06-26 12:00:00+02:00,0.3583561289464976
2024,CO2/CO/NOx,2024-06-26 13:00:00+02:00,0.35402328228170643
2024,CO2/CO/NOx,2024-06-26 14:00:00+02:00,0.35527721307646004
2024,CO2/CO/NOx,2024-06-26 15:00:00+02:00,0.36605914600756184
2024,CO2/CO/NOx,2024-06-26 16:00:00+02:00,0.3727599784920908
2024,CO2/CO/NOx,2024-06-26 17:00:00+02:00,0.37702201037815875
2024,CO2/CO/NOx,2024-06-26 18:00:00+02:00,0.3842933617382661
2024,CO2/CO/NOx,2024-06-26 19:00:00+02:00,0.3823056809011318
2024,CO2/CO/NOx,2024-06-26 20:00:00+02:00,0.37425925501984725
2024,CO2/CO/NOx,2024-06-26 21:00:00+02:00,0.3604408787371157
2024,CO2/CO/NOx,2024-06-26 22:00:00+02:00,0.34581763273858934
2024,CO2/CO/NOx,2024-06-26 23:00:00+02:00,0.3336685917775002
2024,CO2/CO/NOx,2024-06-27 00:00:00+02:00,0.31981798681333723
2024,CO2/CO/NOx,2024-06-27 01:00:00+02:00,0.31539631843693083
2024,CO2/CO/NOx,2024-06-27 02:00:00+02:00,0.32196920243186317
2024,CO2/CO/NOx,2024-06-27 03:00:00+02:00,0.33640306455456925
2024,CO2/CO/NOx,2024-06-27 04:00:00+02:00,0.34979791739014704
2024,CO2/CO/NOx,2024-06-27 05:00:00+02:00,0.36543998531610733
2024,CO2/CO/NOx,2024-06-27 06:00:00+02:00,0.3825076127876472
2024,CO2/CO/NOx,2024-06-27 07:00:00+02:00,0.3926600253516361
2024,CO2/CO/NOx,2024-06-27 08:00:00+02:00,0.39175935838866527
2024,CO2/CO/NOx,2024-06-27 09:00:00+02:00,0.38221096181222725
2024,CO2/CO/NOx,2024-06-27 10:00:00+02:00,0.3766218151738666
2024,CO2/CO/NOx,2024-06-27 11:00:00+02:00,0.37032678147299747
2024,CO2/CO/NOx,2024-06-27 12:00:00+02:00,0.36236942936120886
2024,CO2/CO/NOx,2024-06-27 13:00:00+02:00,0.3586603628506352
2024,CO2/CO/NOx,2024-06-27 14:00:00+02:00,0.358837987959033
2024,CO2/CO/NOx,2024-06-27 15:00:00+02:00,0.36415862236156943
2024,CO2/CO/NOx,2024-06-27 16:00:00+02:00,0.36418451900580273
2024,CO2/CO/NOx,2024-06-27 17:00:00+02:00,0.3632967618818398
2024,CO2/CO/NOx,2024-06-27 18:00:00+02:00,0.3688820508466992
2024,CO2/CO/NOx,2024-06-27 19:00:00+02:00,0.3656702465635013
2024,CO2/CO/NOx,2024-06-27 20:00:00+02:00,0.35707443728978017
2024,CO2/CO/NOx,2024-06-27 21:00:00+02:00,0.34612243552300265
2024,CO2/CO/NOx,2024-06-27 22:00:00+02:00,0.33169325126979077
2024,CO2/CO/NOx,2024-06-27 23:00:00+02:00,0.3179452190263333
2024,CO2/CO/NOx,2024-06-28 00:00:00+02:00,0.3011627740594788
2024,CO2/CO/NOx,2024-06-28 01:00:00+02:00,0.29426465091414117
2024,CO2/CO/NOx,2024-06-28 02:00:00+02:00,0.29913398734720686
2024,CO2/CO/NOx,2024-06-28 03:00:00+02:00,0.3135292266762745
2024,CO2/CO/NOx,2024-06-28 04:00:00+02:00,0.32985998017913704
2024,CO2/CO/NOx,2024-06-28 05:00:00+02:00,0.348847649142575
2024,CO2/CO/NOx,2024-06-28 06:00:00+02:00,0.3709995632044959
2024,CO2/CO/NOx,2024-06-28 07:00:00+02:00,0.382486510186312
2024,CO2/CO/NOx,2024-06-28 08:00:00+02:00,0.3850388026598562
2024,CO2/CO/NOx,2024-06-28 09:00:00+02:00,0.37708122103853825
2024,CO2/CO/NOx,2024-06-28 10:00:00+02:00,0.3725327939815563
2024,CO2/CO/NOx,2024-06-28 11:00:00+02:00,0.3661282770407321
2024,CO2/CO/NOx,2024-06-28 12:00:00+02:00,0.3585320152964068
2024,CO2/CO/NOx,2024-06-28 13:00:00+02:00,0.35532733720119286
2024,CO2/CO/NOx,2024-06-28 14:00:00+02:00,0.35598555009703664
2024,CO2/CO/NOx,2024-06-28 15:00:00+02:00,0.36143279343587775
2024,CO2/CO/NOx,2024-06-28 16:00:00+02:00,0.3626252775908825
2024,CO2/CO/NOx,2024-06-28 17:00:00+02:00,0.3637777841178881
2024,CO2/CO/NOx,2024-06-28 18:00:00+02:00,0.36822257840799105
2024,CO2/CO/NOx,2024-06-28 19:00:00+02:00,0.3627705425669989
2024,CO2/CO/NOx,2024-06-28 20:00:00+02:00,0.3547474088416582
2024,CO2/CO/NOx,2024-06-28 21:00:00+02:00,0.347493250397537
2024,CO2/CO/NOx,2024-06-28 22:00:00+02:00,0.33988659497687707
2024,CO2/CO/NOx,2024-06-28 23:00:00+02:00,0.33449401053735056
2024,CO2/CO/NOx,2024-06-29 00:00:00+02:00,0.3321731596456053
2024,CO2/CO/NOx,2024-06-29 01:00:00+02:00,0.3305138738225407
2024,CO2/CO/NOx,2024-06-29 02:00:00+02:00,0.33087951708932495
2024,CO2/CO/NOx,2024-06-29 03:00:00+02:00,0.33034782852928635
2024,CO2/CO/NOx,2024-06-29 04:00:00+02:00,0.32652553870899775
2024,CO2/CO/NOx,2024-06-29 05:00:00+02:00,0.32874788542290007
2024,CO2/CO/NOx,2024-06-29 06:00:00+02:00,0.33516053853950906
2024,CO2/CO/NOx,2024-06-29 07:00:00+02:00,0.3416713234783403
2024,CO2/CO/NOx,2024-06-29 08:00:00+02:00,0.3488683588930949
2024,CO2/CO/NOx,2024-06-29 09:00:00+02:00,0.35570342866415877
2024,CO2/CO/NOx,2024-06-29 10:00:00+02:00,0.35961790319762
2024,CO2/CO/NOx,2024-06-29 11:00:00+02:00,0.3600544112767872
2024,CO2/CO/NOx,2024-06-29 12:00:00+02:00,0.35553630806662845
2024,CO2/CO/NOx,2024-06-29 13:00:00+02:00,0.3562075953547046
2024,CO2/CO/NOx,2024-06-29 14:00:00+02:00,0.3582241951442159
2024,CO2/CO/NOx,2024-06-29 15:00:00+02:00,0.360952405761804
2024,CO2/CO/NOx,2024-06-29 16:00:00+02:00,0.36264283596016034
2024,CO2/CO/NOx,2024-06-29 17:00:00+02:00,0.36291206081826094
2024,CO2/CO/NOx,2024-06-29 18:00:00+02:00,0.3635256392838349
2024,CO2/CO/NOx,2024-06-29 19:00:00+02:00,0.3611129624526388
2024,CO2/CO/NOx,2024-06-29 20:00:00+02:00,0.35620869293643226
2024,CO2/CO/NOx,2024-06-29 21:00:00+02:00,0.34961671817785334
2024,CO2/CO/NOx,2024-06-29 22:00:00+02:00,0.34398403576054126
2024,CO2/CO/NOx,2024-06-29 23:00:00+02:00,0.3392706125398434
2024,CO2/CO/NOx,2024-06-30 00:00:00+02:00,0.337004506269857
2024,CO2/CO/NOx,2024-06-30 01:00:00+02:00,0.3347151585507509
2024,CO2/CO/NOx,2024-06-30 02:00:00+02:00,0.3332410266032613
2024,CO2/CO/NOx,2024-06-30 03:00:00+02:00,0.3305908871441486
2024,CO2/CO/NOx,2024-06-30 04:00:00+02:00,0.33065745390452894
2024,CO2/CO/NOx,2024-06-30 05:00:00+02:00,0.33355024401355343
2024,CO2/CO/NOx,2024-06-30 06:00:00+02:00,0.3392179949343078
2024,CO2/CO/NOx,2024-06-30 07:00:00+02:00,0.34345293999573345
2024,CO2/CO/NOx,2024-06-30 08:00:00+02:00,0.34946075568208174
2024,CO2/CO/NOx,2024-06-30 09:00:00+02:00,0.3569509455919336
2024,CO2/CO/NOx,2024-06-30 10:00:00+02:00,0.3632959049343091
2024,CO2/CO/NOx,2024-06-30 11:00:00+02:00,0.3672353480811903
2024,CO2/CO/NOx,2024-06-30 12:00:00+02:00,0.36708761520084254
2024,CO2/CO/NOx,2024-06-30 13:00:00+02:00,0.3703957641255561
2024,CO2/CO/NOx,2024-06-30 14:00:00+02:00,0.37492502085909807
2024,CO2/CO/NOx,2024-06-30 15:00:00+02:00,0.3764910696600302
2024,CO2/CO/NOx,2024-06-30 16:00:00+02:00,0.3734436008982427
2024,CO2/CO/NOx,2024-06-30 17:00:00+02:00,0.3698938110943447
2024,CO2/CO/NOx,2024-06-30 18:00:00+02:00,0.36708175383902936
2024,CO2/CO/NOx,2024-06-30 19:00:00+02:00,0.3649974846948326
2024,CO2/CO/NOx,2024-06-30 20:00:00+02:00,0.35908431693362886
2024,CO2/CO/NOx,2024-06-30 21:00:00+02:00,0.3507194821412445
2024,CO2/CO/NOx,2024-06-30 22:00:00+02:00,0.34287684060875795
2024,CO2/CO/NOx,2024-06-30 23:00:00+02:00,0.33873667684838044
2024,CO2/CO/NOx,2024-07-01 00:00:00+02:00,0.32828389984234013
2024,CO2/CO/NOx,2024-07-01 01:00:00+02:00,0.32828511553643525
2024,CO2/CO/NOx,2024-07-01 02:00:00+02:00,0.33631856450173125
2024,CO2/CO/NOx,2024-07-01 03:00:00+02:00,0.3506492986883386
2024,CO2/CO/NOx,2024-07-01 04:00:00+02:00,0.3702289320343593
2024,CO2/CO/NOx,2024-07-01 05:00:00+02:00,0.38628812606561774
2024,CO2/CO/NOx,2024-07-01 06:00:00+02:00,0.4024495429513428
2024,CO2/CO/NOx,2024-07-01 07:00:00+02:00,0.4120202072713182
2024,CO2/CO/NOx,2024-07-01 08:00:00+02:00,0.4137571582065418
2024,CO2/CO/NOx,2024-07-01 09:00:00+02:00,0.40621324799038144
2024,CO2/CO/NOx,2024-07-01 10:00:00+02:00,0.4013086562159584
2024,CO2/CO/NOx,2024-07-01 11:00:00+02:00,0.39368707200547004
2024,CO2/CO/NOx,2024-07-01 12:00:00+02:00,0.38414949711885393
2024,CO2/CO/NOx,2024-07-01 13:00:00+02:00,0.3780666596551328
2024,CO2/CO/NOx,2024-07-01 14:00:00+02:00,0.3713758781499618
2024,CO2/CO/NOx,2024-07-01 15:00:00+02:00,0.37608563041320137
2024,CO2/CO/NOx,2024-07-01 16:00:00+02:00,0.3797307876726989
2024,CO2/CO/NOx,2024-07-01 17:00:00+02:00,0.3845943157693987
2024,CO2/CO/NOx,2024-07-01 18:00:00+02:00,0.3932326169010052
2024,CO2/CO/NOx,2024-07-01 19:00:00+02:00,0.3979582148915008
2024,CO2/CO/NOx,2024-07-01 20:00:00+02:00,0.3976614214191205
2024,CO2/CO/NOx,2024-07-01 21:00:00+02:00,0.39542842170244585
2024,CO2/CO/NOx,2024-07-01 22:00:00+02:00,0.3926177258361305
2024,CO2/CO/NOx,2024-07-01 23:00:00+02:00,0.3867825736915761
2024,CO2/CO/NOx,2024-07-02 00:00:00+02:00,0.3784021665832741
2024,CO2/CO/NOx,2024-07-02 01:00:00+02:00,0.3757394860323554
2024,CO2/CO/NOx,2024-07-02 02:00:00+02:00,0.3806659734208774
2024,CO2/CO/NOx,2024-07-02 03:00:00+02:00,0.39564584749527487
2024,CO2/CO/NOx,2024-07-02 04:00:00+02:00,0.41659831033064265
2024,CO2/CO/NOx,2024-07-02 05:00:00+02:00,0.4419528887598551
2024,CO2/CO/NOx,2024-07-02 06:00:00+02:00,0.46864728327551913
2024,CO2/CO/NOx,2024-07-02 07:00:00+02:00,0.49179463093272585
2024,CO2/CO/NOx,2024-07-02 08:00:00+02:00,0.49812088825313894
2024,CO2/CO/NOx,2024-07-02 09:00:00+02:00,0.4835839201698614
2024,CO2/CO/NOx,2024-07-02 10:00:00+02:00,0.46803276361150303
2024,CO2/CO/NOx,2024-07-02 11:00:00+02:00,0.45067316802041235
2024,CO2/CO/NOx,2024-07-02 12:00:00+02:00,0.43271466674961073
2024,CO2/CO/NOx,2024-07-02 13:00:00+02:00,0.4213147485636054
2024,CO2/CO/NOx,2024-07-02 14:00:00+02:00,0.41513661941743385
2024,CO2/CO/NOx,2024-07-02 15:00:00+02:00,0.4186913746775641
2024,CO2/CO/NOx,2024-07-02 16:00:00+02:00,0.4267220831182516
2024,CO2/CO/NOx,2024-07-02 17:00:00+02:00,0.43359047956573044
2024,CO2/CO/NOx,2024-07-02 18:00:00+02:00,0.44591033243499834
2024,CO2/CO/NOx,2024-07-02 19:00:00+02:00,0.4488435967526289
2024,CO2/CO/NOx,2024-07-02 20:00:00+02:00,0.44501441552396037
2024,CO2/CO/NOx,2024-07-02 21:00:00+02:00,0.4396628767716005
2024,CO2/CO/NOx,2024-07-02 22:00:00+02:00,0.44085057432887254
2024,CO2/CO/NOx,2024-07-02 23:00:00+02:00,0.4478847123530486
2024,CO2/CO/NOx,2024-07-03 00:00:00+02:00,0.45725648559044585
2024,CO2/CO/NOx,2024-07-03 01:00:00+02:00,0.478948761635986
2024,CO2/CO/NOx,2024-07-03 02:00:00+02:00,0.5118483843875233
2024,CO2/CO/NOx,2024-07-03 03:00:00+02:00,0.5501413647055667
2024,CO2/CO/NOx,2024-07-03 04:00:00+02:00,0.5731564630357141
2024,CO2/CO/NOx,2024-07-03 05:00:00+02:00,0.5941887925532986
2024,CO2/CO/NOx,2024-07-03 06:00:00+02:00,0.6179861945036016
2024,CO2/CO/NOx,2024-07-03 07:00:00+02:00,0.6316901503430176
2024,CO2/CO/NOx,2024-07-03 08:00:00+02:00,0.6219618205088195
2024,CO2/CO/NOx,2024-07-03 09:00:00+02:00,0.5924013273088682
2024,CO2/CO/NOx,2024-07-03 10:00:00+02:00,0.5632399557699889
2024,CO2/CO/NOx,2024-07-03 11:00:00+02:00,0.5307145425232508
2024,CO2/CO/NOx,2024-07-03 12:00:00+02:00,0.49455141707889066
2024,CO2/CO/NOx,2024-07-03 13:00:00+02:00,0.470538182805553
2024,CO2/CO/NOx,2024-07-03 14:00:00+02:00,0.46243685496100356
2024,CO2/CO/NOx,2024-07-03 15:00:00+02:00,0.46864331350912247
2024,CO2/CO/NOx,2024-07-03 16:00:00+02:00,0.47274285378229614
2024,CO2/CO/NOx,2024-07-03 17:00:00+02:00,0.47203062453684735
2024,CO2/CO/NOx,2024-07-03 18:00:00+02:00,0.4990528600212408
2024,CO2/CO/NOx,2024-07-03 19:00:00+02:00,0.5340973452833103
2024,CO2/CO/NOx,2024-07-03 20:00:00+02:00,0.5698928367046133
2024,CO2/CO/NOx,2024-07-03 21:00:00+02:00,0.6017483641781577
2024,CO2/CO/NOx,2024-07-03 22:00:00+02:00,0.6191390117077598
2024,CO2/CO/NOx,2024-07-03 23:00:00+02:00,0.6237698394341146
2024,CO2/CO/NOx,2024-07-04 00:00:00+02:00,0.612806637274458
2024,CO2/CO/NOx,2024-07-04 01:00:00+02:00,0.6028661208862539
2024,CO2/CO/NOx,2024-07-04 02:00:00+02:00,0.6024528568243845
2024,CO2/CO/NOx,2024-07-04 03:00:00+02:00,0.6296304621584671
2024,CO2/CO/NOx,2024-07-04 04:00:00+02:00,0.6630987343665187
2024,CO2/CO/NOx,2024-07-04 05:00:00+02:00,0.697981194961501
2024,CO2/CO/NOx,2024-07-04 06:00:00+02:00,0.7250836730219412
2024,CO2/CO/NOx,2024-07-04 07:00:00+02:00,0.7197016760600171
2024,CO2/CO/NOx,2024-07-04 08:00:00+02:00,0.6926822675176251
2024,CO2/CO/NOx,2024-07-04 09:00:00+02:00,0.6426343738169349
2024,CO2/CO/NOx,2024-07-04 10:00:00+02:00,0.5940351008318953
2024,CO2/CO/NOx,2024-07-04 11:00:00+02:00,0.54578470666981
2024,CO2/CO/NOx,2024-07-04 12:00:00+02:00,0.5006604812594598
2024,CO2/CO/NOx,2024-07-04 13:00:00+02:00,0.4692659626856529
2024,CO2/CO/NOx,2024-07-04 14:00:00+02:00,0.45390716766562894
2024,CO2/CO/NOx,2024-07-04 15:00:00+02:00,0.44648764922566725
2024,CO2/CO/NOx,2024-07-04 16:00:00+02:00,0.4400703593535477
2024,CO2/CO/NOx,2024-07-04 17:00:00+02:00,0.43888718729952386
2024,CO2/CO/NOx,2024-07-04 18:00:00+02:00,0.45479019047876024
2024,CO2/CO/NOx,2024-07-04 19:00:00+02:00,0.46462964313694755
2024,CO2/CO/NOx,2024-07-04 20:00:00+02:00,0.4670755531903829
2024,CO2/CO/NOx,2024-07-04 21:00:00+02:00,0.4597604820600589
2024,CO2/CO/NOx,2024-07-04 22:00:00+02:00,0.4498951097237973
2024,CO2/CO/NOx,2024-07-04 23:00:00+02:00,0.4392693485573141
2024,CO2/CO/NOx,2024-07-05 00:00:00+02:00,0.4170087667711442
2024,CO2/CO/NOx,2024-07-05 01:00:00+02:00,0.4118919655125999
2024,CO2/CO/NOx,2024-07-05 02:00:00+02:00,0.41906090607789687
2024,CO2/CO/NOx,2024-07-05 03:00:00+02:00,0.43919933846562276
2024,CO2/CO/NOx,2024-07-05 04:00:00+02:00,0.45278639637701423
2024,CO2/CO/NOx,2024-07-05 05:00:00+02:00,0.46889835805723157
2024,CO2/CO/NOx,2024-07-05 06:00:00+02:00,0.4805302737917732
2024,CO2/CO/NOx,2024-07-05 07:00:00+02:00,0.4782267213433706
2024,CO2/CO/NOx,2024-07-05 08:00:00+02:00,0.4635244621767633
2024,CO2/CO/NOx,2024-07-05 09:00:00+02:00,0.43688906362284136
2024,CO2/CO/NOx,2024-07-05 10:00:00+02:00,0.42020415132342553
2024,CO2/CO/NOx,2024-07-05 11:00:00+02:00,0.39814092300777
2024,CO2/CO/NOx,2024-07-05 12:00:00+02:00,0.37879949080595243
2024,CO2/CO/NOx,2024-07-05 13:00:00+02:00,0.372241492727226
2024,CO2/CO/NOx,2024-07-05 14:00:00+02:00,0.3756924598394137
2024,CO2/CO/NOx,2024-07-05 15:00:00+02:00,0.3816317702815933
2024,CO2/CO/NOx,2024-07-05 16:00:00+02:00,0.38305268296809397
2024,CO2/CO/NOx,2024-07-05 17:00:00+02:00,0.38321932292729993
2024,CO2/CO/NOx,2024-07-05 18:00:00+02:00,0.3875747012037101
2024,CO2/CO/NOx,2024-07-05 19:00:00+02:00,0.3820176226044061
2024,CO2/CO/NOx,2024-07-05 20:00:00+02:00,0.37391941262559936
2024,CO2/CO/NOx,2024-07-05 21:00:00+02:00,0.3675099044272675
2024,CO2/CO/NOx,2024-07-05 22:00:00+02:00,0.362444284141561
2024,CO2/CO/NOx,2024-07-05 23:00:00+02:00,0.3583078575883151
2024,CO2/CO/NOx,2024-07-06 00:00:00+02:00,0.3570776246408666
2024,CO2/CO/NOx,2024-07-06 01:00:00+02:00,0.3594438567429186
2024,CO2/CO/NOx,2024-07-06 02:00:00+02:00,0.3631845869267536
2024,CO2/CO/NOx,2024-07-06 03:00:00+02:00,0.3638421990019323
2024,CO2/CO/NOx,2024-07-06 04:00:00+02:00,0.3603424738901901
2024,CO2/CO/NOx,2024-07-06 05:00:00+02:00,0.35931370852860434
2024,CO2/CO/NOx,2024-07-06 06:00:00+02:00,0.3592981861700668
2024,CO2/CO/NOx,2024-07-06 07:00:00+02:00,0.3576824297097246
2024,CO2/CO/NOx,2024-07-06 08:00:00+02:00,0.35678773460743884
2024,CO2/CO/NOx,2024-07-06 09:00:00+02:00,0.3568883633351728
2024,CO2/CO/NOx,2024-07-06 10:00:00+02:00,0.3602980357706064
2024,CO2/CO/NOx,2024-07-06 11:00:00+02:00,0.36240062489397146
2024,CO2/CO/NOx,2024-07-06 12:00:00+02:00,0.3599694634651838
2024,CO2/CO/NOx,2024-07-06 13:00:00+02:00,0.36403959936182834
2024,CO2/CO/NOx,2024-07-06 14:00:00+02:00,0.36897073125512964
2024,CO2/CO/NOx,2024-07-06 15:00:00+02:00,0.37863579687730947
2024,CO2/CO/NOx,2024-07-06 16:00:00+02:00,0.38361107717058823
2024,CO2/CO/NOx,2024-07-06 17:00:00+02:00,0.38509679340031355
2024,CO2/CO/NOx,2024-07-06 18:00:00+02:00,0.38436617597573025
2024,CO2/CO/NOx,2024-07-06 19:00:00+02:00,0.3798062144131352
2024,CO2/CO/NOx,2024-07-06 20:00:00+02:00,0.3713120432838571
2024,CO2/CO/NOx,2024-07-06 21:00:00+02:00,0.36146726054357226
2024,CO2/CO/NOx,2024-07-06 22:00:00+02:00,0.35175914420316773
2024,CO2/CO/NOx,2024-07-06 23:00:00+02:00,0.3456498632743258
2024,CO2/CO/NOx,2024-07-07 00:00:00+02:00,0.3446210720531395
2024,CO2/CO/NOx,2024-07-07 01:00:00+02:00,0.3472096879274622
2024,CO2/CO/NOx,2024-07-07 02:00:00+02:00,0.35965032432236577
2024,CO2/CO/NOx,2024-07-07 03:00:00+02:00,0.3854021720218554
2024,CO2/CO/NOx,2024-07-07 04:00:00+02:00,0.41633220786502867
2024,CO2/CO/NOx,2024-07-07 05:00:00+02:00,0.4439421090966187
2024,CO2/CO/NOx,2024-07-07 06:00:00+02:00,0.4642275446810164
2024,CO2/CO/NOx,2024-07-07 07:00:00+02:00,0.47332057000259975
2024,CO2/CO/NOx,2024-07-07 08:00:00+02:00,0.4714166926614857
2024,CO2/CO/NOx,2024-07-07 09:00:00+02:00,0.4573495835406209
2024,CO2/CO/NOx,2024-07-07 10:00:00+02:00,0.44637114889046864
2024,CO2/CO/NOx,2024-07-07 11:00:00+02:00,0.4468857516842657
2024,CO2/CO/NOx,2024-07-07 12:00:00+02:00,0.4525313332559466
2024,CO2/CO/NOx,2024-07-07 13:00:00+02:00,0.46364785713245293
2024,CO2/CO/NOx,2024-07-07 14:00:00+02:00,0.4728444900622582
2024,CO2/CO/NOx,2024-07-07 15:00:00+02:00,0.479477151196012
2024,CO2/CO/NOx,2024-07-07 16:00:00+02:00,0.4778486005385283
2024,CO2/CO/NOx,2024-07-07 17:00:00+02:00,0.4696149417643797
2024,CO2/CO/NOx,2024-07-07 18:00:00+02:00,0.45729402464596136
2024,CO2/CO/NOx,2024-07-07 19:00:00+02:00,0.4491396018772372
2024,CO2/CO/NOx,2024-07-07 20:00:00+02:00,0.4412889702886183
2024,CO2/CO/NOx,2024-07-07 21:00:00+02:00,0.42187178421569116
2024,CO2/CO/NOx,2024-07-07 22:00:00+02:00,0.4067970862256556
2024,CO2/CO/NOx,2024-07-07 23:00:00+02:00,0.39437716446098864
2024,CO2/CO/NOx,2024-07-08 00:00:00+02:00,0.3814909417480625
2024,CO2/CO/NOx,2024-07-08 01:00:00+02:00,0.381986123792307
2024,CO2/CO/NOx,2024-07-08 02:00:00+02:00,0.39627019635606003
2024,CO2/CO/NOx,2024-07-08 03:00:00+02:00,0.41833580373264495
2024,CO2/CO/NOx,2024-07-08 04:00:00+02:00,0.446769392095141
2024,CO2/CO/NOx,2024-07-08 05:00:00+02:00,0.4731823836937217
2024,CO2/CO/NOx,2024-07-08 06:00:00+02:00,0.4932931437713487
2024,CO2/CO/NOx,2024-07-08 07:00:00+02:00,0.5023830549560313
2024,CO2/CO/NOx,2024-07-08 08:00:00+02:00,0.49447099913069215
2024,CO2/CO/NOx,2024-07-08 09:00:00+02:00,0.475145246509054
2024,CO2/CO/NOx,2024-07-08 10:00:00+02:00,0.4630094353438461
2024,CO2/CO/NOx,2024-07-08 11:00:00+02:00,0.44911155317446694
2024,CO2/CO/NOx,2024-07-08 12:00:00+02:00,0.4303616822727635
2024,CO2/CO/NOx,2024-07-08 13:00:00+02:00,0.41780648056905073
2024,CO2/CO/NOx,2024-07-08 14:00:00+02:00,0.4109444438496897
2024,CO2/CO/NOx,2024-07-08 15:00:00+02:00,0.4114515786581682
2024,CO2/CO/NOx,2024-07-08 16:00:00+02:00,0.4087080199534682
2024,CO2/CO/NOx,2024-07-08 17:00:00+02:00,0.4039020872714832
2024,CO2/CO/NOx,2024-07-08 18:00:00+02:00,0.4038896603959622
2024,CO2/CO/NOx,2024-07-08 19:00:00+02:00,0.39756843572873624
2024,CO2/CO/NOx,2024-07-08 20:00:00+02:00,0.38587260725585293
2024,CO2/CO/NOx,2024-07-08 21:00:00+02:00,0.37063123064850406
2024,CO2/CO/NOx,2024-07-08 22:00:00+02:00,0.3569623990072972
2024,CO2/CO/NOx,2024-07-08 23:00:00+02:00,0.34533175848534625
2024,CO2/CO/NOx,2024-07-09 00:00:00+02:00,0.3329206070468018
2024,CO2/CO/NOx,2024-07-09 01:00:00+02:00,0.3371461074084789
2024,CO2/CO/NOx,2024-07-09 02:00:00+02:00,0.35624075801665966
2024,CO2/CO/NOx,2024-07-09 03:00:00+02:00,0.3801837383191502
2024,CO2/CO/NOx,2024-07-09 04:00:00+02:00,0.3999160618477719
2024,CO2/CO/NOx,2024-07-09 05:00:00+02:00,0.41536172909584634
2024,CO2/CO/NOx,2024-07-09 06:00:00+02:00,0.42753004094051356
2024,CO2/CO/NOx,2024-07-09 07:00:00+02:00,0.42567314478514334
2024,CO2/CO/NOx,2024-07-09 08:00:00+02:00,0.4114096816804542
2024,CO2/CO/NOx,2024-07-09 09:00:00+02:00,0.38819506930999287
2024,CO2/CO/NOx,2024-07-09 10:00:00+02:00,0.37807391726239586
2024,CO2/CO/NOx,2024-07-09 11:00:00+02:00,0.37325268819548135
2024,CO2/CO/NOx,2024-07-09 12:00:00+02:00,0.36937130320609923
2024,CO2/CO/NOx,2024-07-09 13:00:00+02:00,0.3716441627109673
2024,CO2/CO/NOx,2024-07-09 14:00:00+02:00,0.3790058943211353
2024,CO2/CO/NOx,2024-07-09 15:00:00+02:00,0.3870455109917978
2024,CO2/CO/NOx,2024-07-09 16:00:00+02:00,0.387223091584369
2024,CO2/CO/NOx,2024-07-09 17:00:00+02:00,0.38475665048477126
2024,CO2/CO/NOx,2024-07-09 18:00:00+02:00,0.3840016149393047
2024,CO2/CO/NOx,2024-07-09 19:00:00+02:00,0.37512683345745507
2024,CO2/CO/NOx,2024-07-09 20:00:00+02:00,0.35983860866450323
2024,CO2/CO/NOx,2024-07-09 21:00:00+02:00,0.3420972715411862
2024,CO2/CO/NOx,2024-07-09 22:00:00+02:00,0.3255223134265129
2024,CO2/CO/NOx,2024-07-09 23:00:00+02:00,0.31534653580992505
2024,CO2/CO/NOx,2024-07-10 00:00:00+02:00,0.3002280383854381
2024,CO2/CO/NOx,2024-07-10 01:00:00+02:00,0.29915133288700685
2024,CO2/CO/NOx,2024-07-10 02:00:00+02:00,0.31120312396656924
2024,CO2/CO/NOx,2024-07-10 03:00:00+02:00,0.3293672687701478
2024,CO2/CO/NOx,2024-07-10 04:00:00+02:00,0.34602961334930976
2024,CO2/CO/NOx,2024-07-10 05:00:00+02:00,0.36239807224311155
2024,CO2/CO/NOx,2024-07-10 06:00:00+02:00,0.37835637423770907
2024,CO2/CO/NOx,2024-07-10 07:00:00+02:00,0.3869304763386592
2024,CO2/CO/NOx,2024-07-10 08:00:00+02:00,0.3872461663589044
2024,CO2/CO/NOx,2024-07-10 09:00:00+02:00,0.3769676526275371
2024,CO2/CO/NOx,2024-07-10 10:00:00+02:00,0.3729138054380399
2024,CO2/CO/NOx,2024-07-10 11:00:00+02:00,0.3668018308957476
2024,CO2/CO/NOx,2024-07-10 12:00:00+02:00,0.35857145982872746
2024,CO2/CO/NOx,2024-07-10 13:00:00+02:00,0.3585528049005447
2024,CO2/CO/NOx,2024-07-10 14:00:00+02:00,0.36102594721151005
2024,CO2/CO/NOx,2024-07-10 15:00:00+02:00,0.36743953782979916
2024,CO2/CO/NOx,2024-07-10 16:00:00+02:00,0.369504607311087
2024,CO2/CO/NOx,2024-07-10 17:00:00+02:00,0.3688721866681235
2024,CO2/CO/NOx,2024-07-10 18:00:00+02:00,0.37112666133914884
2024,CO2/CO/NOx,2024-07-10 19:00:00+02:00,0.3648946188190328
2024,CO2/CO/NOx,2024-07-10 20:00:00+02:00,0.3523927619962484
2024,CO2/CO/NOx,2024-07-10 21:00:00+02:00,0.3392052845343332
2024,CO2/CO/NOx,2024-07-10 22:00:00+02:00,0.328029628295504
2024,CO2/CO/NOx,2024-07-10 23:00:00+02:00,0.3164392156952192
2024,CO2/CO/NOx,2024-07-11 00:00:00+02:00,0.3027459339839555
2024,CO2/CO/NOx,2024-07-11 01:00:00+02:00,0.2991364081605238
2024,CO2/CO/NOx,2024-07-11 02:00:00+02:00,0.305882101660304
2024,CO2/CO/NOx,2024-07-11 03:00:00+02:00,0.3209697876165286
2024,CO2/CO/NOx,2024-07-11 04:00:00+02:00,0.3361114035250286
2024,CO2/CO/NOx,2024-07-11 05:00:00+02:00,0.35324854927814164
2024,CO2/CO/NOx,2024-07-11 06:00:00+02:00,0.37254305567772455
2024,CO2/CO/NOx,2024-07-11 07:00:00+02:00,0.3841467615474229
2024,CO2/CO/NOx,2024-07-11 08:00:00+02:00,0.3861775648874711
2024,CO2/CO/NOx,2024-07-11 09:00:00+02:00,0.3783403334290823
2024,CO2/CO/NOx,2024-07-11 10:00:00+02:00,0.3738031495622642
2024,CO2/CO/NOx,2024-07-11 11:00:00+02:00,0.36784242557248537
2024,CO2/CO/NOx,2024-07-11 12:00:00+02:00,0.3599875635441279
2024,CO2/CO/NOx,2024-07-11 13:00:00+02:00,0.35650896022885764
2024,CO2/CO/NOx,2024-07-11 14:00:00+02:00,0.35684953628438537
2024,CO2/CO/NOx,2024-07-11 15:00:00+02:00,0.3624962995675208
2024,CO2/CO/NOx,2024-07-11 16:00:00+02:00,0.36431373839823367
2024,CO2/CO/NOx,2024-07-11 17:00:00+02:00,0.3647892931795862
2024,CO2/CO/NOx,2024-07-11 18:00:00+02:00,0.3689903847773286
2024,CO2/CO/NOx,2024-07-11 19:00:00+02:00,0.36634612809274403
2024,CO2/CO/NOx,2024-07-11 20:00:00+02:00,0.35854799004801485
2024,CO2/CO/NOx,2024-07-11 21:00:00+02:00,0.34711583313202676
2024,CO2/CO/NOx,2024-07-11 22:00:00+02:00,0.3340566300107899
2024,CO2/CO/NOx,2024-07-11 23:00:00+02:00,0.32129607436389174
2024,CO2/CO/NOx,2024-07-12 00:00:00+02:00,0.30490605447594704
2024,CO2/CO/NOx,2024-07-12 01:00:00+02:00,0.29929133919639256
2024,CO2/CO/NOx,2024-07-12 02:00:00+02:00,0.30431339540524294
2024,CO2/CO/NOx,2024-07-12 03:00:00+02:00,0.3181463219674754
2024,CO2/CO/NOx,2024-07-12 04:00:00+02:00,0.33323128741329155
2024,CO2/CO/NOx,2024-07-12 05:00:00+02:00,0.35071584231474845
2024,CO2/CO/NOx,2024-07-12 06:00:00+02:00,0.3704561545153865
2024,CO2/CO/NOx,2024-07-12 07:00:00+02:00,0.38269830812673916
2024,CO2/CO/NOx,2024-07-12 08:00:00+02:00,0.3854088627460318
2024,CO2/CO/NOx,2024-07-12 09:00:00+02:00,0.37746007886448035
2024,CO2/CO/NOx,2024-07-12 10:00:00+02:00,0.3733613013034917
2024,CO2/CO/NOx,2024-07-12 11:00:00+02:00,0.36687952882061275
2024,CO2/CO/NOx,2024-07-12 12:00:00+02:00,0.3583192035693705
2024,CO2/CO/NOx,2024-07-12 13:00:00+02:00,0.3553774827127737
2024,CO2/CO/NOx,2024-07-12 14:00:00+02:00,0.3561287937922768
2024,CO2/CO/NOx,2024-07-12 15:00:00+02:00,0.36149927625981937
2024,CO2/CO/NOx,2024-07-12 16:00:00+02:00,0.3626699119520363
2024,CO2/CO/NOx,2024-07-12 17:00:00+02:00,0.3622243527398442
2024,CO2/CO/NOx,2024-07-12 18:00:00+02:00,0.368809844639882
2024,CO2/CO/NOx,2024-07-12 19:00:00+02:00,0.36796800112295913
2024,CO2/CO/NOx,2024-07-12 20:00:00+02:00,0.36459938635245676
2024,CO2/CO/NOx,2024-07-12 21:00:00+02:00,0.3604827796398947
2024,CO2/CO/NOx,2024-07-12 22:00:00+02:00,0.35787398418045685
2024,CO2/CO/NOx,2024-07-12 23:00:00+02:00,0.35705506380029156
2024,CO2/CO/NOx,2024-07-13 00:00:00+02:00,0.35802752422196876
2024,CO2/CO/NOx,2024-07-13 01:00:00+02:00,0.3577060669945993
2024,CO2/CO/NOx,2024-07-13 02:00:00+02:00,0.35829055040287217
2024,CO2/CO/NOx,2024-07-13 03:00:00+02:00,0.3615792554471919
2024,CO2/CO/NOx,2024-07-13 04:00:00+02:00,0.36091329267352684
2024,CO2/CO/NOx,2024-07-13 05:00:00+02:00,0.3632527696914898
2024,CO2/CO/NOx,2024-07-13 06:00:00+02:00,0.36759249195908156
2024,CO2/CO/NOx,2024-07-13 07:00:00+02:00,0.37096739345441143
2024,CO2/CO/NOx,2024-07-13 08:00:00+02:00,0.37197279483983997
2024,CO2/CO/NOx,2024-07-13 09:00:00+02:00,0.3734233811482699
2024,CO2/CO/NOx,2024-07-13 10:00:00+02:00,0.37320092485911627
2024,CO2/CO/NOx,2024-07-13 11:00:00+02:00,0.3714175387918189
2024,CO2/CO/NOx,2024-07-13 12:00:00+02:00,0.3663093370314551
2024,CO2/CO/NOx,2024-07-13 13:00:00+02:00,0.36843613736608033
2024,CO2/CO/NOx,2024-07-13 14:00:00+02:00,0.37308171097729553
2024,CO2/CO/NOx,2024-07-13 15:00:00+02:00,0.3815869025764967
2024,CO2/CO/NOx,2024-07-13 16:00:00+02:00,0.3839422188278454
2024,CO2/CO/NOx,2024-07-13 17:00:00+02:00,0.38186857758256526
2024,CO2/CO/NOx,2024-07-13 18:00:00+02:00,0.3821515387171359
2024,CO2/CO/NOx,2024-07-13 19:00:00+02:00,0.37748039389957616
2024,CO2/CO/NOx,2024-07-13 20:00:00+02:00,0.371139982284381
2024,CO2/CO/NOx,2024-07-13 21:00:00+02:00,0.3632869850826318
2024,CO2/CO/NOx,2024-07-13 22:00:00+02:00,0.3586251282515937
2024,CO2/CO/NOx,2024-07-13 23:00:00+02:00,0.35738023247595
2024,CO2/CO/NOx,2024-07-14 00:00:00+02:00,0.3608229975999411
2024,CO2/CO/NOx,2024-07-14 01:00:00+02:00,0.36324007303905725
2024,CO2/CO/NOx,2024-07-14 02:00:00+02:00,0.368800281284659
2024,CO2/CO/NOx,2024-07-14 03:00:00+02:00,0.3751810088973024
2024,CO2/CO/NOx,2024-07-14 04:00:00+02:00,0.3798810414308413
2024,CO2/CO/NOx,2024-07-14 05:00:00+02:00,0.3847193495847845
2024,CO2/CO/NOx,2024-07-14 06:00:00+02:00,0.3866691431923093
2024,CO2/CO/NOx,2024-07-14 07:00:00+02:00,0.3845610568654739
2024,CO2/CO/NOx,2024-07-14 08:00:00+02:00,0.3798708418060575
2024,CO2/CO/NOx,2024-07-14 09:00:00+02:00,0.37413458258905
2024,CO2/CO/NOx,2024-07-14 10:00:00+02:00,0.3669288384386147
2024,CO2/CO/NOx,2024-07-14 11:00:00+02:00,0.3603234369852781
2024,CO2/CO/NOx,2024-07-14 12:00:00+02:00,0.35510717744966064
2024,CO2/CO/NOx,2024-07-14 13:00:00+02:00,0.357623408834207
2024,CO2/CO/NOx,2024-07-14 14:00:00+02:00,0.36496560206478224
2024,CO2/CO/NOx,2024-07-14 15:00:00+02:00,0.37401578634683935
2024,CO2/CO/NOx,2024-07-14 16:00:00+02:00,0.37853213819194803
2024,CO2/CO/NOx,2024-07-14 17:00:00+02:00,0.3804718643625643
2024,CO2/CO/NOx,2024-07-14 18:00:00+02:00,0.38090049702842904
2024,CO2/CO/NOx,2024-07-14 19:00:00+02:00,0.3773008467826658
2024,CO2/CO/NOx,2024-07-14 20:00:00+02:00,0.36694296259060954
2024,CO2/CO/NOx,2024-07-14 21:00:00+02:00,0.35240771067315785
2024,CO2/CO/NOx,2024-07-14 22:00:00+02:00,0.33667456128421125
2024,CO2/CO/NOx,2024-07-14 23:00:00+02:00,0.3242448829344547
2024,CO2/CO/NOx,2024-07-15 00:00:00+02:00,0.30670503059481635
2024,CO2/CO/NOx,2024-07-15 01:00:00+02:00,0.3044762786415766
2024,CO2/CO/NOx,2024-07-15 02:00:00+02:00,0.31737429045882576
2024,CO2/CO/NOx,2024-07-15 03:00:00+02:00,0.3364181709173851
2024,CO2/CO/NOx,2024-07-15 04:00:00+02:00,0.36068676899323726
2024,CO2/CO/NOx,2024-07-15 05:00:00+02:00,0.3806782510737494
2024,CO2/CO/NOx,2024-07-15 06:00:00+02:00,0.39753081284898517
2024,CO2/CO/NOx,2024-07-15 07:00:00+02:00,0.4011363312457227
2024,CO2/CO/NOx,2024-07-15 08:00:00+02:00,0.39518002511113315
2024,CO2/CO/NOx,2024-07-15 09:00:00+02:00,0.37837093214829476
2024,CO2/CO/NOx,2024-07-15 10:00:00+02:00,0.3725477345461106
2024,CO2/CO/NOx,2024-07-15 11:00:00+02:00,0.3659391827218451
2024,CO2/CO/NOx,2024-07-15 12:00:00+02:00,0.3580746384400845
2024,CO2/CO/NOx,2024-07-15 13:00:00+02:00,0.3591053147654222
2024,CO2/CO/NOx,2024-07-15 14:00:00+02:00,0.365404639633451
2024,CO2/CO/NOx,2024-07-15 15:00:00+02:00,0.3745587253883966
2024,CO2/CO/NOx,2024-07-15 16:00:00+02:00,0.3774219230230602
2024,CO2/CO/NOx,2024-07-15 17:00:00+02:00,0.3778721333351748
2024,CO2/CO/NOx,2024-07-15 18:00:00+02:00,0.3798824662822077
2024,CO2/CO/NOx,2024-07-15 19:00:00+02:00,0.3727316837399422
2024,CO2/CO/NOx,2024-07-15 20:00:00+02:00,0.357923561703973
2024,CO2/CO/NOx,2024-07-15 21:00:00+02:00,0.3415630338693824
2024,CO2/CO/NOx,2024-07-15 22:00:00+02:00,0.3299661703436036
2024,CO2/CO/NOx,2024-07-15 23:00:00+02:00,0.3209010069576684
2024,CO2/CO/NOx,2024-07-16 00:00:00+02:00,0.3068965486998906
2024,CO2/CO/NOx,2024-07-16 01:00:00+02:00,0.3050062594257147
2024,CO2/CO/NOx,2024-07-16 02:00:00+02:00,0.3136979900362545
2024,CO2/CO/NOx,2024-07-16 03:00:00+02:00,0.33096330473275254
2024,CO2/CO/NOx,2024-07-16 04:00:00+02:00,0.34696092068552925
2024,CO2/CO/NOx,2024-07-16 05:00:00+02:00,0.36322720124384944
2024,CO2/CO/NOx,2024-07-16 06:00:00+02:00,0.38096624086906106
2024,CO2/CO/NOx,2024-07-16 07:00:00+02:00,0.39231367017590696
2024,CO2/CO/NOx,2024-07-16 08:00:00+02:00,0.391056708819712
2024,CO2/CO/NOx,2024-07-16 09:00:00+02:00,0.3800404321675292
2024,CO2/CO/NOx,2024-07-16 10:00:00+02:00,0.37554422536899434
2024,CO2/CO/NOx,2024-07-16 11:00:00+02:00,0.37094981003387384
2024,CO2/CO/NOx,2024-07-16 12:00:00+02:00,0.3668075555175247
2024,CO2/CO/NOx,2024-07-16 13:00:00+02:00,0.3667645486120664
2024,CO2/CO/NOx,2024-07-16 14:00:00+02:00,0.37107687610518586
2024,CO2/CO/NOx,2024-07-16 15:00:00+02:00,0.3774810402477055
2024,CO2/CO/NOx,2024-07-16 16:00:00+02:00,0.37702523559148826
2024,CO2/CO/NOx,2024-07-16 17:00:00+02:00,0.37272804006207905
2024,CO2/CO/NOx,2024-07-16 18:00:00+02:00,0.37413318518562233
2024,CO2/CO/NOx,2024-07-16 19:00:00+02:00,0.36986071554775657
2024,CO2/CO/NOx,2024-07-16 20:00:00+02:00,0.3607625845035076
2024,CO2/CO/NOx,2024-07-16 21:00:00+02:00,0.34887664843497085
2024,CO2/CO/NOx,2024-07-16 22:00:00+02:00,0.3365128267902265
2024,CO2/CO/NOx,2024-07-16 23:00:00+02:00,0.324809421627983
2024,CO2/CO/NOx,2024-07-17 00:00:00+02:00,0.30782163170507293
2024,CO2/CO/NOx,2024-07-17 01:00:00+02:00,0.3017679901123647
2024,CO2/CO/NOx,2024-07-17 02:00:00+02:00,0.3077954323046188
2024,CO2/CO/NOx,2024-07-17 03:00:00+02:00,0.3241889869121311
2024,CO2/CO/NOx,2024-07-17 04:00:00+02:00,0.3412434230535188
2024,CO2/CO/NOx,2024-07-17 05:00:00+02:00,0.35874716144857877
2024,CO2/CO/NOx,2024-07-17 06:00:00+02:00,0.37807763883505063
2024,CO2/CO/NOx,2024-07-17 07:00:00+02:00,0.38941901696570214
2024,CO2/CO/NOx,2024-07-17 08:00:00+02:00,0.39048067234959044
2024,CO2/CO/NOx,2024-07-17 09:00:00+02:00,0.38128576502750045
2024,CO2/CO/NOx,2024-07-17 10:00:00+02:00,0.3764476851427685
2024,CO2/CO/NOx,2024-07-17 11:00:00+02:00,0.3698117314568548
2024,CO2/CO/NOx,2024-07-17 12:00:00+02:00,0.3612267733793498
2024,CO2/CO/NOx,2024-07-17 13:00:00+02:00,0.3564833476453413
2024,CO2/CO/NOx,2024-07-17 14:00:00+02:00,0.35456290442854405
2024,CO2/CO/NOx,2024-07-17 15:00:00+02:00,0.3575199607183328
2024,CO2/CO/NOx,2024-07-17 16:00:00+02:00,0.3574299740126474
2024,CO2/CO/NOx,2024-07-17 17:00:00+02:00,0.35763487985912745
2024,CO2/CO/NOx,2024-07-17 18:00:00+02:00,0.361383789475196
2024,CO2/CO/NOx,2024-07-17 19:00:00+02:00,0.3583571963501075
2024,CO2/CO/NOx,2024-07-17 20:00:00+02:00,0.351059090185055
2024,CO2/CO/NOx,2024-07-17 21:00:00+02:00,0.34230255713677993
2024,CO2/CO/NOx,2024-07-17 22:00:00+02:00,0.33498690385397045
2024,CO2/CO/NOx,2024-07-17 23:00:00+02:00,0.33035347255771325
2024,CO2/CO/NOx,2024-07-18 00:00:00+02:00,0.3206948984130278
2024,CO2/CO/NOx,2024-07-18 01:00:00+02:00,0.32388471407222535
2024,CO2/CO/NOx,2024-07-18 02:00:00+02:00,0.3397410477866911
2024,CO2/CO/NOx,2024-07-18 03:00:00+02:00,0.3627285551292776
2024,CO2/CO/NOx,2024-07-18 04:00:00+02:00,0.3811098397760215
2024,CO2/CO/NOx,2024-07-18 05:00:00+02:00,0.39666329009889206
2024,CO2/CO/NOx,2024-07-18 06:00:00+02:00,0.4104353789906591
2024,CO2/CO/NOx,2024-07-18 07:00:00+02:00,0.4135525909487733
2024,CO2/CO/NOx,2024-07-18 08:00:00+02:00,0.4062744374479238
2024,CO2/CO/NOx,2024-07-18 09:00:00+02:00,0.3870638560438757
2024,CO2/CO/NOx,2024-07-18 10:00:00+02:00,0.3765811325938626
2024,CO2/CO/NOx,2024-07-18 11:00:00+02:00,0.36990962129414556
2024,CO2/CO/NOx,2024-07-18 12:00:00+02:00,0.3666057887984123
2024,CO2/CO/NOx,2024-07-18 13:00:00+02:00,0.36854015178484956
2024,CO2/CO/NOx,2024-07-18 14:00:00+02:00,0.37586816075753937
2024,CO2/CO/NOx,2024-07-18 15:00:00+02:00,0.3842498740959961
2024,CO2/CO/NOx,2024-07-18 16:00:00+02:00,0.3856329374403072
2024,CO2/CO/NOx,2024-07-18 17:00:00+02:00,0.3834994501710267
2024,CO2/CO/NOx,2024-07-18 18:00:00+02:00,0.38241614793686235
2024,CO2/CO/NOx,2024-07-18 19:00:00+02:00,0.37388790628844554
2024,CO2/CO/NOx,2024-07-18 20:00:00+02:00,0.3623089231682698
2024,CO2/CO/NOx,2024-07-18 21:00:00+02:00,0.347692995143316
2024,CO2/CO/NOx,2024-07-18 22:00:00+02:00,0.3322868280694187
2024,CO2/CO/NOx,2024-07-18 23:00:00+02:00,0.32000210753239033
2024,CO2/CO/NOx,2024-07-19 00:00:00+02:00,0.30405261824381075
2024,CO2/CO/NOx,2024-07-19 01:00:00+02:00,0.3049569048775488
2024,CO2/CO/NOx,2024-07-19 02:00:00+02:00,0.31623397400500725
2024,CO2/CO/NOx,2024-07-19 03:00:00+02:00,0.3336869290015834
2024,CO2/CO/NOx,2024-07-19 04:00:00+02:00,0.3517562817332322
2024,CO2/CO/NOx,2024-07-19 05:00:00+02:00,0.37096929015973984
2024,CO2/CO/NOx,2024-07-19 06:00:00+02:00,0.3870385855212836
2024,CO2/CO/NOx,2024-07-19 07:00:00+02:00,0.39232749101626285
2024,CO2/CO/NOx,2024-07-19 08:00:00+02:00,0.3888022217965766
2024,CO2/CO/NOx,2024-07-19 09:00:00+02:00,0.3773023945946987
2024,CO2/CO/NOx,2024-07-19 10:00:00+02:00,0.37445162152896905
2024,CO2/CO/NOx,2024-07-19 11:00:00+02:00,0.36875765014558165
2024,CO2/CO/NOx,2024-07-19 12:00:00+02:00,0.36078345516781846
2024,CO2/CO/NOx,2024-07-19 13:00:00+02:00,0.357787881278138
2024,CO2/CO/NOx,2024-07-19 14:00:00+02:00,0.35814840900792716
2024,CO2/CO/NOx,2024-07-19 15:00:00+02:00,0.36314110034533637
2024,CO2/CO/NOx,2024-07-19 16:00:00+02:00,0.3639952893877842
2024,CO2/CO/NOx,2024-07-19 17:00:00+02:00,0.3647701353800736
2024,CO2/CO/NOx,2024-07-19 18:00:00+02:00,0.3689005642827594
2024,CO2/CO/NOx,2024-07-19 19:00:00+02:00,0.3632801757188063
2024,CO2/CO/NOx,2024-07-19 20:00:00+02:00,0.35590970549053447
2024,CO2/CO/NOx,2024-07-19 21:00:00+02:00,0.3473817840012799
2024,CO2/CO/NOx,2024-07-19 22:00:00+02:00,0.33933527728984003
2024,CO2/CO/NOx,2024-07-19 23:00:00+02:00,0.3336583691407499
2024,CO2/CO/NOx,2024-07-20 00:00:00+02:00,0.3319931727433857
2024,CO2/CO/NOx,2024-07-20 01:00:00+02:00,0.32827078048701513
2024,CO2/CO/NOx,2024-07-20 02:00:00+02:00,0.32695846812324836
2024,CO2/CO/NOx,2024-07-20 03:00:00+02:00,0.32494760151051477
2024,CO2/CO/NOx,2024-07-20 04:00:00+02:00,0.3206686929074298
2024,CO2/CO/NOx,2024-07-20 05:00:00+02:00,0.32329039636709744
2024,CO2/CO/NOx,2024-07-20 06:00:00+02:00,0.3299781318952946
2024,CO2/CO/NOx,2024-07-20 07:00:00+02:00,0.3385041588241787
2024,CO2/CO/NOx,2024-07-20 08:00:00+02:00,0.3479417378208203
2024,CO2/CO/NOx,2024-07-20 09:00:00+02:00,0.3568954126078053
2024,CO2/CO/NOx,2024-07-20 10:00:00+02:00,0.3601084230621008
2024,CO2/CO/NOx,2024-07-20 11:00:00+02:00,0.36023698245383645
2024,CO2/CO/NOx,2024-07-20 12:00:00+02:00,0.3547867823245542
2024,CO2/CO/NOx,2024-07-20 13:00:00+02:00,0.35481985128857596
2024,CO2/CO/NOx,2024-07-20 14:00:00+02:00,0.3559417648615344
2024,CO2/CO/NOx,2024-07-20 15:00:00+02:00,0.35841183472311927
2024,CO2/CO/NOx,2024-07-20 16:00:00+02:00,0.3591934974928006
2024,CO2/CO/NOx,2024-07-20 17:00:00+02:00,0.35924233165768044
2024,CO2/CO/NOx,2024-07-20 18:00:00+02:00,0.3599145262862746
2024,CO2/CO/NOx,2024-07-20 19:00:00+02:00,0.3573664126137858
2024,CO2/CO/NOx,2024-07-20 20:00:00+02:00,0.35254749408017066
2024,CO2/CO/NOx,2024-07-20 21:00:00+02:00,0.34690730020300503
2024,CO2/CO/NOx,2024-07-20 22:00:00+02:00,0.3432492908272328
2024,CO2/CO/NOx,2024-07-20 23:00:00+02:00,0.34017407890934787
2024,CO2/CO/NOx,2024-07-21 00:00:00+02:00,0.34024730697553324
2024,CO2/CO/NOx,2024-07-21 01:00:00+02:00,0.34008162416412535
2024,CO2/CO/NOx,2024-07-21 02:00:00+02:00,0.3426059112866908
2024,CO2/CO/NOx,2024-07-21 03:00:00+02:00,0.3418571488375579
2024,CO2/CO/NOx,2024-07-21 04:00:00+02:00,0.34260475570070575
2024,CO2/CO/NOx,2024-07-21 05:00:00+02:00,0.34488398501517803
2024,CO2/CO/NOx,2024-07-21 06:00:00+02:00,0.34909894005034053
2024,CO2/CO/NOx,2024-07-21 07:00:00+02:00,0.3524476390843926
2024,CO2/CO/NOx,2024-07-21 08:00:00+02:00,0.355218901218949
2024,CO2/CO/NOx,2024-07-21 09:00:00+02:00,0.35902345846338385
2024,CO2/CO/NOx,2024-07-21 10:00:00+02:00,0.36065488253185013
2024,CO2/CO/NOx,2024-07-21 11:00:00+02:00,0.36135976615011783
2024,CO2/CO/NOx,2024-07-21 12:00:00+02:00,0.35700568996471194
2024,CO2/CO/NOx,2024-07-21 13:00:00+02:00,0.3569580982110181
2024,CO2/CO/NOx,2024-07-21 14:00:00+02:00,0.35794645650981416
2024,CO2/CO/NOx,2024-07-21 15:00:00+02:00,0.3603920574939634
2024,CO2/CO/NOx,2024-07-21 16:00:00+02:00,0.36080390903299087
2024,CO2/CO/NOx,2024-07-21 17:00:00+02:00,0.36316145402894806
2024,CO2/CO/NOx,2024-07-21 18:00:00+02:00,0.3668314252510161
2024,CO2/CO/NOx,2024-07-21 19:00:00+02:00,0.3689073353773423
2024,CO2/CO/NOx,2024-07-21 20:00:00+02:00,0.36446215362460577
2024,CO2/CO/NOx,2024-07-21 21:00:00+02:00,0.3553184493986422
2024,CO2/CO/NOx,2024-07-21 22:00:00+02:00,0.34345270071235035
2024,CO2/CO/NOx,2024-07-21 23:00:00+02:00,0.33259491005480063
2024,CO2/CO/NOx,2024-07-22 00:00:00+02:00,0.31552754365290125
2024,CO2/CO/NOx,2024-07-22 01:00:00+02:00,0.308232176903441
2024,CO2/CO/NOx,2024-07-22 02:00:00+02:00,0.3124023331762952
2024,CO2/CO/NOx,2024-07-22 03:00:00+02:00,0.323200582304563
2024,CO2/CO/NOx,2024-07-22 04:00:00+02:00,0.3400597664990896
2024,CO2/CO/NOx,2024-07-22 05:00:00+02:00,0.3566481445007463
2024,CO2/CO/NOx,2024-07-22 06:00:00+02:00,0.3757896635794711
2024,CO2/CO/NOx,2024-07-22 07:00:00+02:00,0.3878677970618064
2024,CO2/CO/NOx,2024-07-22 08:00:00+02:00,0.3912008217203216
2024,CO2/CO/NOx,2024-07-22 09:00:00+02:00,0.38151916515219403
2024,CO2/CO/NOx,2024-07-22 10:00:00+02:00,0.37449871639825055
2024,CO2/CO/NOx,2024-07-22 11:00:00+02:00,0.36897244649914296
2024,CO2/CO/NOx,2024-07-22 12:00:00+02:00,0.3618517169410297
2024,CO2/CO/NOx,2024-07-22 13:00:00+02:00,0.35934492820244224
2024,CO2/CO/NOx,2024-07-22 14:00:00+02:00,0.35912026757862553
2024,CO2/CO/NOx,2024-07-22 15:00:00+02:00,0.36288464112746804
2024,CO2/CO/NOx,2024-07-22 16:00:00+02:00,0.3635977018305638
2024,CO2/CO/NOx,2024-07-22 17:00:00+02:00,0.3624677207805838
2024,CO2/CO/NOx,2024-07-22 18:00:00+02:00,0.3661037204716662
2024,CO2/CO/NOx,2024-07-22 19:00:00+02:00,0.3628771836583566
2024,CO2/CO/NOx,2024-07-22 20:00:00+02:00,0.3570410230726819
2024,CO2/CO/NOx,2024-07-22 21:00:00+02:00,0.345939139140999
2024,CO2/CO/NOx,2024-07-22 22:00:00+02:00,0.33322995120173554
2024,CO2/CO/NOx,2024-07-22 23:00:00+02:00,0.31933043319706994
2024,CO2/CO/NOx,2024-07-23 00:00:00+02:00,0.30377940989397234
2024,CO2/CO/NOx,2024-07-23 01:00:00+02:00,0.300936234543488
2024,CO2/CO/NOx,2024-07-23 02:00:00+02:00,0.3105991565218562
2024,CO2/CO/NOx,2024-07-23 03:00:00+02:00,0.3320260991875479
2024,CO2/CO/NOx,2024-07-23 04:00:00+02:00,0.3523502132858192
2024,CO2/CO/NOx,2024-07-23 05:00:00+02:00,0.3721274934420433
2024,CO2/CO/NOx,2024-07-23 06:00:00+02:00,0.39159025617274157
2024,CO2/CO/NOx,2024-07-23 07:00:00+02:00,0.4010097910632432
2024,CO2/CO/NOx,2024-07-23 08:00:00+02:00,0.3992108242958494
2024,CO2/CO/NOx,2024-07-23 09:00:00+02:00,0.38697920720169215
2024,CO2/CO/NOx,2024-07-23 10:00:00+02:00,0.37808129428175424
2024,CO2/CO/NOx,2024-07-23 11:00:00+02:00,0.3686702669729353
2024,CO2/CO/NOx,2024-07-23 12:00:00+02:00,0.35963731218924955
2024,CO2/CO/NOx,2024-07-23 13:00:00+02:00,0.35329731481162735
2024,CO2/CO/NOx,2024-07-23 14:00:00+02:00,0.35400393951787323
2024,CO2/CO/NOx,2024-07-23 15:00:00+02:00,0.3597563163029094
2024,CO2/CO/NOx,2024-07-23 16:00:00+02:00,0.3614149675741535
2024,CO2/CO/NOx,2024-07-23 17:00:00+02:00,0.36143208043170255
2024,CO2/CO/NOx,2024-07-23 18:00:00+02:00,0.3685299099145457
2024,CO2/CO/NOx,2024-07-23 19:00:00+02:00,0.36985639004537235
2024,CO2/CO/NOx,2024-07-23 20:00:00+02:00,0.3649849629288339
2024,CO2/CO/NOx,2024-07-23 21:00:00+02:00,0.35602563223696737
2024,CO2/CO/NOx,2024-07-23 22:00:00+02:00,0.34325873291142744
2024,CO2/CO/NOx,2024-07-23 23:00:00+02:00,0.3339855077830293
2024,CO2/CO/NOx,2024-07-24 00:00:00+02:00,0.31884281318745
2024,CO2/CO/NOx,2024-07-24 01:00:00+02:00,0.31230430152862554
2024,CO2/CO/NOx,2024-07-24 02:00:00+02:00,0.3167914716968924
2024,CO2/CO/NOx,2024-07-24 03:00:00+02:00,0.33349895096287147
2024,CO2/CO/NOx,2024-07-24 04:00:00+02:00,0.34937282099663086
2024,CO2/CO/NOx,2024-07-24 05:00:00+02:00,0.36656345244101585
2024,CO2/CO/NOx,2024-07-24 06:00:00+02:00,0.38712951424185843
2024,CO2/CO/NOx,2024-07-24 07:00:00+02:00,0.39944415662318217
2024,CO2/CO/NOx,2024-07-24 08:00:00+02:00,0.4023372880573644
2024,CO2/CO/NOx,2024-07-24 09:00:00+02:00,0.3929958120062976
2024,CO2/CO/NOx,2024-07-24 10:00:00+02:00,0.3858807175367524
2024,CO2/CO/NOx,2024-07-24 11:00:00+02:00,0.37678519511923153
2024,CO2/CO/NOx,2024-07-24 12:00:00+02:00,0.3651782237190408
2024,CO2/CO/NOx,2024-07-24 13:00:00+02:00,0.35683928446409713
2024,CO2/CO/NOx,2024-07-24 14:00:00+02:00,0.3536030548350253
2024,CO2/CO/NOx,2024-07-24 15:00:00+02:00,0.35748828075856504
2024,CO2/CO/NOx,2024-07-24 16:00:00+02:00,0.35825854657992445
2024,CO2/CO/NOx,2024-07-24 17:00:00+02:00,0.3577606472889246
2024,CO2/CO/NOx,2024-07-24 18:00:00+02:00,0.36280867393181204
2024,CO2/CO/NOx,2024-07-24 19:00:00+02:00,0.3615769275696851
2024,CO2/CO/NOx,2024-07-24 20:00:00+02:00,0.35676022405400337
2024,CO2/CO/NOx,2024-07-24 21:00:00+02:00,0.3492343273281816
2024,CO2/CO/NOx,2024-07-24 22:00:00+02:00,0.34124684047499565
2024,CO2/CO/NOx,2024-07-24 23:00:00+02:00,0.3345377312046422
2024,CO2/CO/NOx,2024-07-25 00:00:00+02:00,0.32300549147517016
2024,CO2/CO/NOx,2024-07-25 01:00:00+02:00,0.3215548307557558
2024,CO2/CO/NOx,2024-07-25 02:00:00+02:00,0.3346809425085551
2024,CO2/CO/NOx,2024-07-25 03:00:00+02:00,0.3588945581249469
2024,CO2/CO/NOx,2024-07-25 04:00:00+02:00,0.38346714053616815
2024,CO2/CO/NOx,2024-07-25 05:00:00+02:00,0.407200246779956
2024,CO2/CO/NOx,2024-07-25 06:00:00+02:00,0.42666817015891495
2024,CO2/CO/NOx,2024-07-25 07:00:00+02:00,0.4331561773348469
2024,CO2/CO/NOx,2024-07-25 08:00:00+02:00,0.4248792330350997
2024,CO2/CO/NOx,2024-07-25 09:00:00+02:00,0.4024721636246055
2024,CO2/CO/NOx,2024-07-25 10:00:00+02:00,0.3844603737236698
2024,CO2/CO/NOx,2024-07-25 11:00:00+02:00,0.37078448653404833
2024,CO2/CO/NOx,2024-07-25 12:00:00+02:00,0.36030600041451893
2024,CO2/CO/NOx,2024-07-25 13:00:00+02:00,0.3604133420371986
2024,CO2/CO/NOx,2024-07-25 14:00:00+02:00,0.3661503652831869
2024,CO2/CO/NOx,2024-07-25 15:00:00+02:00,0.3777290330896007
2024,CO2/CO/NOx,2024-07-25 16:00:00+02:00,0.3812631845735837
2024,CO2/CO/NOx,2024-07-25 17:00:00+02:00,0.38082710900205086
2024,CO2/CO/NOx,2024-07-25 18:00:00+02:00,0.38589908387169675
2024,CO2/CO/NOx,2024-07-25 19:00:00+02:00,0.38200256714760245
2024,CO2/CO/NOx,2024-07-25 20:00:00+02:00,0.371733511423044
2024,CO2/CO/NOx,2024-07-25 21:00:00+02:00,0.35811460842948417
2024,CO2/CO/NOx,2024-07-25 22:00:00+02:00,0.3468348752485779
2024,CO2/CO/NOx,2024-07-25 23:00:00+02:00,0.3377478961714828
2024,CO2/CO/NOx,2024-07-26 00:00:00+02:00,0.3217688370800653
2024,CO2/CO/NOx,2024-07-26 01:00:00+02:00,0.32039227752091864
2024,CO2/CO/NOx,2024-07-26 02:00:00+02:00,0.34247440529075124
2024,CO2/CO/NOx,2024-07-26 03:00:00+02:00,0.3747571570616396
2024,CO2/CO/NOx,2024-07-26 04:00:00+02:00,0.39929764634627557
2024,CO2/CO/NOx,2024-07-26 05:00:00+02:00,0.41843886031264976
2024,CO2/CO/NOx,2024-07-26 06:00:00+02:00,0.431833047517711
2024,CO2/CO/NOx,2024-07-26 07:00:00+02:00,0.4314281026733187
2024,CO2/CO/NOx,2024-07-26 08:00:00+02:00,0.41575962688534235
2024,CO2/CO/NOx,2024-07-26 09:00:00+02:00,0.38553057816573993
2024,CO2/CO/NOx,2024-07-26 10:00:00+02:00,0.3708218242147758
2024,CO2/CO/NOx,2024-07-26 11:00:00+02:00,0.36695780363517577
2024,CO2/CO/NOx,2024-07-26 12:00:00+02:00,0.36316007866527006
2024,CO2/CO/NOx,2024-07-26 13:00:00+02:00,0.36409179087853916
2024,CO2/CO/NOx,2024-07-26 14:00:00+02:00,0.37268845696874253
2024,CO2/CO/NOx,2024-07-26 15:00:00+02:00,0.3829648850356534
2024,CO2/CO/NOx,2024-07-26 16:00:00+02:00,0.38616182941138544
2024,CO2/CO/NOx,2024-07-26 17:00:00+02:00,0.385216056529841
2024,CO2/CO/NOx,2024-07-26 18:00:00+02:00,0.3850649706312799
2024,CO2/CO/NOx,2024-07-26 19:00:00+02:00,0.3728762010639865
2024,CO2/CO/NOx,2024-07-26 20:00:00+02:00,0.3597580446767584
2024,CO2/CO/NOx,2024-07-26 21:00:00+02:00,0.34577970475547803
2024,CO2/CO/NOx,2024-07-26 22:00:00+02:00,0.3331905947948181
2024,CO2/CO/NOx,2024-07-26 23:00:00+02:00,0.32667287817498813
2024,CO2/CO/NOx,2024-07-27 00:00:00+02:00,0.32311213903295866
2024,CO2/CO/NOx,2024-07-27 01:00:00+02:00,0.327843344968215
2024,CO2/CO/NOx,2024-07-27 02:00:00+02:00,0.3378468715624977
2024,CO2/CO/NOx,2024-07-27 03:00:00+02:00,0.34561213489604403
2024,CO2/CO/NOx,2024-07-27 04:00:00+02:00,0.34713268473966286
2024,CO2/CO/NOx,2024-07-27 05:00:00+02:00,0.351897307858523
2024,CO2/CO/NOx,2024-07-27 06:00:00+02:00,0.35427005424307645
2024,CO2/CO/NOx,2024-07-27 07:00:00+02:00,0.35345083252374837
2024,CO2/CO/NOx,2024-07-27 08:00:00+02:00,0.3522777964902336
2024,CO2/CO/NOx,2024-07-27 09:00:00+02:00,0.35322921737270685
2024,CO2/CO/NOx,2024-07-27 10:00:00+02:00,0.35754770984314566
2024,CO2/CO/NOx,2024-07-27 11:00:00+02:00,0.3596881878161749
2024,CO2/CO/NOx,2024-07-27 12:00:00+02:00,0.35564264670123263
2024,CO2/CO/NOx,2024-07-27 13:00:00+02:00,0.3560224946314
2024,CO2/CO/NOx,2024-07-27 14:00:00+02:00,0.3576752541676516
2024,CO2/CO/NOx,2024-07-27 15:00:00+02:00,0.36097592081657964
2024,CO2/CO/NOx,2024-07-27 16:00:00+02:00,0.362195706113024
2024,CO2/CO/NOx,2024-07-27 17:00:00+02:00,0.3623840919786014
2024,CO2/CO/NOx,2024-07-27 18:00:00+02:00,0.36343791716325524
2024,CO2/CO/NOx,2024-07-27 19:00:00+02:00,0.3608527513427066
2024,CO2/CO/NOx,2024-07-27 20:00:00+02:00,0.3558923837065884
2024,CO2/CO/NOx,2024-07-27 21:00:00+02:00,0.35203850294783157
2024,CO2/CO/NOx,2024-07-27 22:00:00+02:00,0.3470056531377231
2024,CO2/CO/NOx,2024-07-27 23:00:00+02:00,0.34276736303044747
2024,CO2/CO/NOx,2024-07-28 00:00:00+02:00,0.34072893049320363
2024,CO2/CO/NOx,2024-07-28 01:00:00+02:00,0.33733673838823947
2024,CO2/CO/NOx,2024-07-28 02:00:00+02:00,0.33342105389211363
2024,CO2/CO/NOx,2024-07-28 03:00:00+02:00,0.3282149177257977
2024,CO2/CO/NOx,2024-07-28 04:00:00+02:00,0.3264493939270618
2024,CO2/CO/NOx,2024-07-28 05:00:00+02:00,0.33039055362260034
2024,CO2/CO/NOx,2024-07-28 06:00:00+02:00,0.34080616996775365
2024,CO2/CO/NOx,2024-07-28 07:00:00+02:00,0.350292496451941
2024,CO2/CO/NOx,2024-07-28 08:00:00+02:00,0.359481316247811
2024,CO2/CO/NOx,2024-07-28 09:00:00+02:00,0.3690891414448128
2024,CO2/CO/NOx,2024-07-28 10:00:00+02:00,0.3748624870042952
2024,CO2/CO/NOx,2024-07-28 11:00:00+02:00,0.37631361836364946
2024,CO2/CO/NOx,2024-07-28 12:00:00+02:00,0.37256377586298267
2024,CO2/CO/NOx,2024-07-28 13:00:00+02:00,0.3729447254963906
2024,CO2/CO/NOx,2024-07-28 14:00:00+02:00,0.3744636961267559
2024,CO2/CO/NOx,2024-07-28 15:00:00+02:00,0.37750777261704993
2024,CO2/CO/NOx,2024-07-28 16:00:00+02:00,0.3763717069033763
2024,CO2/CO/NOx,2024-07-28 17:00:00+02:00,0.37183419947105495
2024,CO2/CO/NOx,2024-07-28 18:00:00+02:00,0.3701231499271755
2024,CO2/CO/NOx,2024-07-28 19:00:00+02:00,0.36770536569416634
2024,CO2/CO/NOx,2024-07-28 20:00:00+02:00,0.36282608783705
2024,CO2/CO/NOx,2024-07-28 21:00:00+02:00,0.3577871451184117
2024,CO2/CO/NOx,2024-07-28 22:00:00+02:00,0.3555044716133456
2024,CO2/CO/NOx,2024-07-28 23:00:00+02:00,0.35578316142360045
2024,CO2/CO/NOx,2024-07-29 00:00:00+02:00,0.3550025172627586
2024,CO2/CO/NOx,2024-07-29 01:00:00+02:00,0.3647574006761058
2024,CO2/CO/NOx,2024-07-29 02:00:00+02:00,0.3816987668750409
2024,CO2/CO/NOx,2024-07-29 03:00:00+02:00,0.40942112782211315
2024,CO2/CO/NOx,2024-07-29 04:00:00+02:00,0.43637693600720384
2024,CO2/CO/NOx,2024-07-29 05:00:00+02:00,0.4556564778319865
2024,CO2/CO/NOx,2024-07-29 06:00:00+02:00,0.46745739273996256
2024,CO2/CO/NOx,2024-07-29 07:00:00+02:00,0.46081467592049297
2024,CO2/CO/NOx,2024-07-29 08:00:00+02:00,0.44286880580411025
2024,CO2/CO/NOx,2024-07-29 09:00:00+02:00,0.4153031687501581
2024,CO2/CO/NOx,2024-07-29 10:00:00+02:00,0.4001490414948438
2024,CO2/CO/NOx,2024-07-29 11:00:00+02:00,0.39040148030654226
2024,CO2/CO/NOx,2024-07-29 12:00:00+02:00,0.38702731711575405
2024,CO2/CO/NOx,2024-07-29 13:00:00+02:00,0.38887006433820337
2024,CO2/CO/NOx,2024-07-29 14:00:00+02:00,0.3929905209252529
2024,CO2/CO/NOx,2024-07-29 15:00:00+02:00,0.40037264930458066
2024,CO2/CO/NOx,2024-07-29 16:00:00+02:00,0.39672586623475614
2024,CO2/CO/NOx,2024-07-29 17:00:00+02:00,0.39205821115516193
2024,CO2/CO/NOx,2024-07-29 18:00:00+02:00,0.38700824723651
2024,CO2/CO/NOx,2024-07-29 19:00:00+02:00,0.38150828640255535
2024,CO2/CO/NOx,2024-07-29 20:00:00+02:00,0.3716920913919651
2024,CO2/CO/NOx,2024-07-29 21:00:00+02:00,0.35862952475327586
2024,CO2/CO/NOx,2024-07-29 22:00:00+02:00,0.3479894495392016
2024,CO2/CO/NOx,2024-07-29 23:00:00+02:00,0.34346095822846723
2024,CO2/CO/NOx,2024-07-30 00:00:00+02:00,0.33977823431592935
2024,CO2/CO/NOx,2024-07-30 01:00:00+02:00,0.3476803967646092
2024,CO2/CO/NOx,2024-07-30 02:00:00+02:00,0.3711497070600073
2024,CO2/CO/NOx,2024-07-30 03:00:00+02:00,0.40054182934021443
2024,CO2/CO/NOx,2024-07-30 04:00:00+02:00,0.4273671581904931
2024,CO2/CO/NOx,2024-07-30 05:00:00+02:00,0.4445814706810308
2024,CO2/CO/NOx,2024-07-30 06:00:00+02:00,0.45322303915293
2024,CO2/CO/NOx,2024-07-30 07:00:00+02:00,0.4449079895365713
2024,CO2/CO/NOx,2024-07-30 08:00:00+02:00,0.4239759415995169
2024,CO2/CO/NOx,2024-07-30 09:00:00+02:00,0.39442723890485337
2024,CO2/CO/NOx,2024-07-30 10:00:00+02:00,0.37918129571261927
2024,CO2/CO/NOx,2024-07-30 11:00:00+02:00,0.37578798493392057
2024,CO2/CO/NOx,2024-07-30 12:00:00+02:00,0.3734223903451016
2024,CO2/CO/NOx,2024-07-30 13:00:00+02:00,0.37837197305519615
2024,CO2/CO/NOx,2024-07-30 14:00:00+02:00,0.38434040333802943
2024,CO2/CO/NOx,2024-07-30 15:00:00+02:00,0.39410260994075286
2024,CO2/CO/NOx,2024-07-30 16:00:00+02:00,0.39416171634248165
2024,CO2/CO/NOx,2024-07-30 17:00:00+02:00,0.38869839874744944
2024,CO2/CO/NOx,2024-07-30 18:00:00+02:00,0.3869862909085355
2024,CO2/CO/NOx,2024-07-30 19:00:00+02:00,0.3781764243552552
2024,CO2/CO/NOx,2024-07-30 20:00:00+02:00,0.36540262321641864
2024,CO2/CO/NOx,2024-07-30 21:00:00+02:00,0.3451721264959696
2024,CO2/CO/NOx,2024-07-30 22:00:00+02:00,0.32759044913304225
2024,CO2/CO/NOx,2024-07-30 23:00:00+02:00,0.31393766916041843
2024,CO2/CO/NOx,2024-07-31 00:00:00+02:00,0.3007666426999898
2024,CO2/CO/NOx,2024-07-31 01:00:00+02:00,0.3009111540642111
2024,CO2/CO/NOx,2024-07-31 02:00:00+02:00,0.3166553424164629
2024,CO2/CO/NOx,2024-07-31 03:00:00+02:00,0.3387145614410328
2024,CO2/CO/NOx,2024-07-31 04:00:00+02:00,0.3571600234663475
2024,CO2/CO/NOx,2024-07-31 05:00:00+02:00,0.37426240199935895
2024,CO2/CO/NOx,2024-07-31 06:00:00+02:00,0.3880240296460766
2024,CO2/CO/NOx,2024-07-31 07:00:00+02:00,0.3931369753481705
2024,CO2/CO/NOx,2024-07-31 08:00:00+02:00,0.3895357511599865
2024,CO2/CO/NOx,2024-07-31 09:00:00+02:00,0.37629529546110924
2024,CO2/CO/NOx,2024-07-31 10:00:00+02:00,0.3713408141253162
2024,CO2/CO/NOx,2024-07-31 11:00:00+02:00,0.36853538465836794
2024,CO2/CO/NOx,2024-07-31 12:00:00+02:00,0.3611725499720331
2024,CO2/CO/NOx,2024-07-31 13:00:00+02:00,0.35847545124575303
2024,CO2/CO/NOx,2024-07-31 14:00:00+02:00,0.359118037681678
2024,CO2/CO/NOx,2024-07-31 15:00:00+02:00,0.36385734330071584
2024,CO2/CO/NOx,2024-07-31 16:00:00+02:00,0.3650976942890245
2024,CO2/CO/NOx,2024-07-31 17:00:00+02:00,0.36485051698790366
2024,CO2/CO/NOx,2024-07-31 18:00:00+02:00,0.367962661804437
2024,CO2/CO/NOx,2024-07-31 19:00:00+02:00,0.36539156291578295
2024,CO2/CO/NOx,2024-07-31 20:00:00+02:00,0.3596529317979048
2024,CO2/CO/NOx,2024-07-31 21:00:00+02:00,0.3491196260622086
2024,CO2/CO/NOx,2024-07-31 22:00:00+02:00,0.3367210275726987
2024,CO2/CO/NOx,2024-07-31 23:00:00+02:00,0.3248798184086677
2024,CO2/CO/NOx,2024-08-01 00:00:00+02:00,0.30916818806498003
2024,CO2/CO/NOx,2024-08-01 01:00:00+02:00,0.30485009378776223
2024,CO2/CO/NOx,2024-08-01 02:00:00+02:00,0.31133321078268655
2024,CO2/CO/NOx,2024-08-01 03:00:00+02:00,0.327443532818336
2024,CO2/CO/NOx,2024-08-01 04:00:00+02:00,0.34488693273207016
2024,CO2/CO/NOx,2024-08-01 05:00:00+02:00,0.36418795681719185
2024,CO2/CO/NOx,2024-08-01 06:00:00+02:00,0.38114757395681126
2024,CO2/CO/NOx,2024-08-01 07:00:00+02:00,0.39050335679607645
2024,CO2/CO/NOx,2024-08-01 08:00:00+02:00,0.392463058617617
2024,CO2/CO/NOx,2024-08-01 09:00:00+02:00,0.3850568760676094
2024,CO2/CO/NOx,2024-08-01 10:00:00+02:00,0.383225111061912
2024,CO2/CO/NOx,2024-08-01 11:00:00+02:00,0.3811909860464405
2024,CO2/CO/NOx,2024-08-01 12:00:00+02:00,0.3774440406918945
2024,CO2/CO/NOx,2024-08-01 13:00:00+02:00,0.3757851894404362
2024,CO2/CO/NOx,2024-08-01 14:00:00+02:00,0.3755936939160451
2024,CO2/CO/NOx,2024-08-01 15:00:00+02:00,0.37996188763853983
2024,CO2/CO/NOx,2024-08-01 16:00:00+02:00,0.38009820117794696
2024,CO2/CO/NOx,2024-08-01 17:00:00+02:00,0.3783129800628485
2024,CO2/CO/NOx,2024-08-01 18:00:00+02:00,0.3791501438906135
2024,CO2/CO/NOx,2024-08-01 19:00:00+02:00,0.3728412306788
2024,CO2/CO/NOx,2024-08-01 20:00:00+02:00,0.3603806896356952
2024,CO2/CO/NOx,2024-08-01 21:00:00+02:00,0.3458170170659019
2024,CO2/CO/NOx,2024-08-01 22:00:00+02:00,0.33040953429360553
2024,CO2/CO/NOx,2024-08-01 23:00:00+02:00,0.3175653771197815
2024,CO2/CO/NOx,2024-08-02 00:00:00+02:00,0.30402252313323114
2024,CO2/CO/NOx,2024-08-02 01:00:00+02:00,0.2995643051162427
2024,CO2/CO/NOx,2024-08-02 02:00:00+02:00,0.30546305426392717
2024,CO2/CO/NOx,2024-08-02 03:00:00+02:00,0.31978833370725634
2024,CO2/CO/NOx,2024-08-02 04:00:00+02:00,0.3347396893339995
2024,CO2/CO/NOx,2024-08-02 05:00:00+02:00,0.3513419996863136
2024,CO2/CO/NOx,2024-08-02 06:00:00+02:00,0.3715507736356625
2024,CO2/CO/NOx,2024-08-02 07:00:00+02:00,0.38304623606511445
2024,CO2/CO/NOx,2024-08-02 08:00:00+02:00,0.38553243732454023
2024,CO2/CO/NOx,2024-08-02 09:00:00+02:00,0.3773839617616524
2024,CO2/CO/NOx,2024-08-02 10:00:00+02:00,0.3721636087365781
2024,CO2/CO/NOx,2024-08-02 11:00:00+02:00,0.3652161038373625
2024,CO2/CO/NOx,2024-08-02 12:00:00+02:00,0.35727128950591397
2024,CO2/CO/NOx,2024-08-02 13:00:00+02:00,0.3544671591682004
2024,CO2/CO/NOx,2024-08-02 14:00:00+02:00,0.3550726914406848
2024,CO2/CO/NOx,2024-08-02 15:00:00+02:00,0.3602143598385713
2024,CO2/CO/NOx,2024-08-02 16:00:00+02:00,0.3605565360603603
2024,CO2/CO/NOx,2024-08-02 17:00:00+02:00,0.36060583181012484
2024,CO2/CO/NOx,2024-08-02 18:00:00+02:00,0.36449000991853875
2024,CO2/CO/NOx,2024-08-02 19:00:00+02:00,0.35877325539392046
2024,CO2/CO/NOx,2024-08-02 20:00:00+02:00,0.3521221309501176
2024,CO2/CO/NOx,2024-08-02 21:00:00+02:00,0.34524883541365664
2024,CO2/CO/NOx,2024-08-02 22:00:00+02:00,0.33869937147901324
2024,CO2/CO/NOx,2024-08-02 23:00:00+02:00,0.3342721261189239
2024,CO2/CO/NOx,2024-08-03 00:00:00+02:00,0.33363804996207125
2024,CO2/CO/NOx,2024-08-03 01:00:00+02:00,0.33551743074470264
2024,CO2/CO/NOx,2024-08-03 02:00:00+02:00,0.34167626712392496
2024,CO2/CO/NOx,2024-08-03 03:00:00+02:00,0.349343462066578
2024,CO2/CO/NOx,2024-08-03 04:00:00+02:00,0.3520461647316431
2024,CO2/CO/NOx,2024-08-03 05:00:00+02:00,0.35797247363959384
2024,CO2/CO/NOx,2024-08-03 06:00:00+02:00,0.36345610797726174
2024,CO2/CO/NOx,2024-08-03 07:00:00+02:00,0.3660450640761228
2024,CO2/CO/NOx,2024-08-03 08:00:00+02:00,0.3671913243649507
2024,CO2/CO/NOx,2024-08-03 09:00:00+02:00,0.3667576645055523
2024,CO2/CO/NOx,2024-08-03 10:00:00+02:00,0.36432197792269394
2024,CO2/CO/NOx,2024-08-03 11:00:00+02:00,0.359305764265632
2024,CO2/CO/NOx,2024-08-03 12:00:00+02:00,0.3541648757654537
2024,CO2/CO/NOx,2024-08-03 13:00:00+02:00,0.3558304820916662
2024,CO2/CO/NOx,2024-08-03 14:00:00+02:00,0.36292614748918234
2024,CO2/CO/NOx,2024-08-03 15:00:00+02:00,0.36989072482384205
2024,CO2/CO/NOx,2024-08-03 16:00:00+02:00,0.3725056140169982
2024,CO2/CO/NOx,2024-08-03 17:00:00+02:00,0.3733020599433353
2024,CO2/CO/NOx,2024-08-03 18:00:00+02:00,0.37324536667702957
2024,CO2/CO/NOx,2024-08-03 19:00:00+02:00,0.36730646354148355
2024,CO2/CO/NOx,2024-08-03 20:00:00+02:00,0.35801151029053574
2024,CO2/CO/NOx,2024-08-03 21:00:00+02:00,0.3492911293109228
2024,CO2/CO/NOx,2024-08-03 22:00:00+02:00,0.34347278473627846
2024,CO2/CO/NOx,2024-08-03 23:00:00+02:00,0.33787744401013964
2024,CO2/CO/NOx,2024-08-04 00:00:00+02:00,0.3345784705315602
2024,CO2/CO/NOx,2024-08-04 01:00:00+02:00,0.3330363697478635
2024,CO2/CO/NOx,2024-08-04 02:00:00+02:00,0.3370635418313838
2024,CO2/CO/NOx,2024-08-04 03:00:00+02:00,0.3391925178392853
2024,CO2/CO/NOx,2024-08-04 04:00:00+02:00,0.3427926698350455
2024,CO2/CO/NOx,2024-08-04 05:00:00+02:00,0.349094812178586
2024,CO2/CO/NOx,2024-08-04 06:00:00+02:00,0.35567087632017613
2024,CO2/CO/NOx,2024-08-04 07:00:00+02:00,0.36016602321049185
2024,CO2/CO/NOx,2024-08-04 08:00:00+02:00,0.36016383284708303
2024,CO2/CO/NOx,2024-08-04 09:00:00+02:00,0.362161576921907
2024,CO2/CO/NOx,2024-08-04 10:00:00+02:00,0.3622584858152777
2024,CO2/CO/NOx,2024-08-04 11:00:00+02:00,0.36102923898536965
2024,CO2/CO/NOx,2024-08-04 12:00:00+02:00,0.35498051864174635
2024,CO2/CO/NOx,2024-08-04 13:00:00+02:00,0.3542524310910737
2024,CO2/CO/NOx,2024-08-04 14:00:00+02:00,0.3552748960031099
2024,CO2/CO/NOx,2024-08-04 15:00:00+02:00,0.3576986348168648
2024,CO2/CO/NOx,2024-08-04 16:00:00+02:00,0.35866825533065755
2024,CO2/CO/NOx,2024-08-04 17:00:00+02:00,0.35987477726662875
2024,CO2/CO/NOx,2024-08-04 18:00:00+02:00,0.3625704180690887
2024,CO2/CO/NOx,2024-08-04 19:00:00+02:00,0.3637459930519588
2024,CO2/CO/NOx,2024-08-04 20:00:00+02:00,0.3586876883721714
2024,CO2/CO/NOx,2024-08-04 21:00:00+02:00,0.34983887466052366
2024,CO2/CO/NOx,2024-08-04 22:00:00+02:00,0.3388351393319412
2024,CO2/CO/NOx,2024-08-04 23:00:00+02:00,0.3271811962513485
2024,CO2/CO/NOx,2024-08-05 00:00:00+02:00,0.3093652858271132
2024,CO2/CO/NOx,2024-08-05 01:00:00+02:00,0.30189243176730945
2024,CO2/CO/NOx,2024-08-05 02:00:00+02:00,0.30626138655422724
2024,CO2/CO/NOx,2024-08-05 03:00:00+02:00,0.31898099369771077
2024,CO2/CO/NOx,2024-08-05 04:00:00+02:00,0.33853950463510446
2024,CO2/CO/NOx,2024-08-05 05:00:00+02:00,0.35782439351516243
2024,CO2/CO/NOx,2024-08-05 06:00:00+02:00,0.37991912008453166
2024,CO2/CO/NOx,2024-08-05 07:00:00+02:00,0.3931251766316301
2024,CO2/CO/NOx,2024-08-05 08:00:00+02:00,0.3958961049712976
2024,CO2/CO/NOx,2024-08-05 09:00:00+02:00,0.38536231740859267
2024,CO2/CO/NOx,2024-08-05 10:00:00+02:00,0.3784419640193651
2024,CO2/CO/NOx,2024-08-05 11:00:00+02:00,0.36962256259177334
2024,CO2/CO/NOx,2024-08-05 12:00:00+02:00,0.3589244728427265
2024,CO2/CO/NOx,2024-08-05 13:00:00+02:00,0.35378944011835556
2024,CO2/CO/NOx,2024-08-05 14:00:00+02:00,0.3529773295621144
2024,CO2/CO/NOx,2024-08-05 15:00:00+02:00,0.3578777768640618
2024,CO2/CO/NOx,2024-08-05 16:00:00+02:00,0.35876201988858175
2024,CO2/CO/NOx,2024-08-05 17:00:00+02:00,0.35897997041612373
2024,CO2/CO/NOx,2024-08-05 18:00:00+02:00,0.3654683516512335
2024,CO2/CO/NOx,2024-08-05 19:00:00+02:00,0.36601159430590124
2024,CO2/CO/NOx,2024-08-05 20:00:00+02:00,0.3617641482224456
2024,CO2/CO/NOx,2024-08-05 21:00:00+02:00,0.35388007723040676
2024,CO2/CO/NOx,2024-08-05 22:00:00+02:00,0.34634338388980307
2024,CO2/CO/NOx,2024-08-05 23:00:00+02:00,0.3401968691548788
2024,CO2/CO/NOx,2024-08-06 00:00:00+02:00,0.3278994385054272
2024,CO2/CO/NOx,2024-08-06 01:00:00+02:00,0.3267823895393566
2024,CO2/CO/NOx,2024-08-06 02:00:00+02:00,0.3389884561611703
2024,CO2/CO/NOx,2024-08-06 03:00:00+02:00,0.36495553035425926
2024,CO2/CO/NOx,2024-08-06 04:00:00+02:00,0.38600098706988656
2024,CO2/CO/NOx,2024-08-06 05:00:00+02:00,0.40444513697255646
2024,CO2/CO/NOx,2024-08-06 06:00:00+02:00,0.4197206598788984
2024,CO2/CO/NOx,2024-08-06 07:00:00+02:00,0.4242414495856794
2024,CO2/CO/NOx,2024-08-06 08:00:00+02:00,0.4130483338448861
2024,CO2/CO/NOx,2024-08-06 09:00:00+02:00,0.3899845420947486
2024,CO2/CO/NOx,2024-08-06 10:00:00+02:00,0.37491785416680307
2024,CO2/CO/NOx,2024-08-06 11:00:00+02:00,0.3652999327683277
2024,CO2/CO/NOx,2024-08-06 12:00:00+02:00,0.3619501002407988
2024,CO2/CO/NOx,2024-08-06 13:00:00+02:00,0.36308166692227
2024,CO2/CO/NOx,2024-08-06 14:00:00+02:00,0.37160029525871574
2024,CO2/CO/NOx,2024-08-06 15:00:00+02:00,0.38428191078811197
2024,CO2/CO/NOx,2024-08-06 16:00:00+02:00,0.38944105990489186
2024,CO2/CO/NOx,2024-08-06 17:00:00+02:00,0.38712341904031
2024,CO2/CO/NOx,2024-08-06 18:00:00+02:00,0.38797342938907875
2024,CO2/CO/NOx,2024-08-06 19:00:00+02:00,0.3790568525366187
2024,CO2/CO/NOx,2024-08-06 20:00:00+02:00,0.3629290406457754
2024,CO2/CO/NOx,2024-08-06 21:00:00+02:00,0.34476399734771207
2024,CO2/CO/NOx,2024-08-06 22:00:00+02:00,0.32575006635584924
2024,CO2/CO/NOx,2024-08-06 23:00:00+02:00,0.31132088869622143
2024,CO2/CO/NOx,2024-08-07 00:00:00+02:00,0.29448263758168464
2024,CO2/CO/NOx,2024-08-07 01:00:00+02:00,0.29195867764229844
2024,CO2/CO/NOx,2024-08-07 02:00:00+02:00,0.30516300752418246
2024,CO2/CO/NOx,2024-08-07 03:00:00+02:00,0.3265176607687321
2024,CO2/CO/NOx,2024-08-07 04:00:00+02:00,0.3465930396598176
2024,CO2/CO/NOx,2024-08-07 05:00:00+02:00,0.36551915460778645
2024,CO2/CO/NOx,2024-08-07 06:00:00+02:00,0.3845087755057601
2024,CO2/CO/NOx,2024-08-07 07:00:00+02:00,0.39201008165969164
2024,CO2/CO/NOx,2024-08-07 08:00:00+02:00,0.3896945556838924
2024,CO2/CO/NOx,2024-08-07 09:00:00+02:00,0.37632358574625
2024,CO2/CO/NOx,2024-08-07 10:00:00+02:00,0.37085197674156384
2024,CO2/CO/NOx,2024-08-07 11:00:00+02:00,0.36665945625650564
2024,CO2/CO/NOx,2024-08-07 12:00:00+02:00,0.3596586562219735
2024,CO2/CO/NOx,2024-08-07 13:00:00+02:00,0.35638313545136496
2024,CO2/CO/NOx,2024-08-07 14:00:00+02:00,0.3562885055093701
2024,CO2/CO/NOx,2024-08-07 15:00:00+02:00,0.36109253854795836
2024,CO2/CO/NOx,2024-08-07 16:00:00+02:00,0.3617366981509002
2024,CO2/CO/NOx,2024-08-07 17:00:00+02:00,0.3624357658740331
2024,CO2/CO/NOx,2024-08-07 18:00:00+02:00,0.3664574657141608
2024,CO2/CO/NOx,2024-08-07 19:00:00+02:00,0.3642747813276173
2024,CO2/CO/NOx,2024-08-07 20:00:00+02:00,0.35632789303596074
2024,CO2/CO/NOx,2024-08-07 21:00:00+02:00,0.3438969536118114
2024,CO2/CO/NOx,2024-08-07 22:00:00+02:00,0.32928371963056163
2024,CO2/CO/NOx,2024-08-07 23:00:00+02:00,0.31694356924296224
2024,CO2/CO/NOx,2024-08-08 00:00:00+02:00,0.3033746100478342
2024,CO2/CO/NOx,2024-08-08 01:00:00+02:00,0.301283297199763
2024,CO2/CO/NOx,2024-08-08 02:00:00+02:00,0.31014330476608026
2024,CO2/CO/NOx,2024-08-08 03:00:00+02:00,0.32748263088381696
2024,CO2/CO/NOx,2024-08-08 04:00:00+02:00,0.3452865445221311
2024,CO2/CO/NOx,2024-08-08 05:00:00+02:00,0.3629977039220833
2024,CO2/CO/NOx,2024-08-08 06:00:00+02:00,0.38071983805177934
2024,CO2/CO/NOx,2024-08-08 07:00:00+02:00,0.39039504757118176
2024,CO2/CO/NOx,2024-08-08 08:00:00+02:00,0.3912554400727208
2024,CO2/CO/NOx,2024-08-08 09:00:00+02:00,0.38161688157763796
2024,CO2/CO/NOx,2024-08-08 10:00:00+02:00,0.3752355688199051
2024,CO2/CO/NOx,2024-08-08 11:00:00+02:00,0.3666422225221172
2024,CO2/CO/NOx,2024-08-08 12:00:00+02:00,0.3576630072800696
2024,CO2/CO/NOx,2024-08-08 13:00:00+02:00,0.35401888620138455
2024,CO2/CO/NOx,2024-08-08 14:00:00+02:00,0.35413582479842753
2024,CO2/CO/NOx,2024-08-08 15:00:00+02:00,0.35871059264617144
2024,CO2/CO/NOx,2024-08-08 16:00:00+02:00,0.3588519984063458
2024,CO2/CO/NOx,2024-08-08 17:00:00+02:00,0.35792952848472626
2024,CO2/CO/NOx,2024-08-08 18:00:00+02:00,0.3627031623410525
2024,CO2/CO/NOx,2024-08-08 19:00:00+02:00,0.36277916191540516
2024,CO2/CO/NOx,2024-08-08 20:00:00+02:00,0.3590960985922852
2024,CO2/CO/NOx,2024-08-08 21:00:00+02:00,0.35213520852582375
2024,CO2/CO/NOx,2024-08-08 22:00:00+02:00,0.3434093105439522
2024,CO2/CO/NOx,2024-08-08 23:00:00+02:00,0.33595429276534683
2024,CO2/CO/NOx,2024-08-09 00:00:00+02:00,0.321724915574202
2024,CO2/CO/NOx,2024-08-09 01:00:00+02:00,0.3205402028577361
2024,CO2/CO/NOx,2024-08-09 02:00:00+02:00,0.3347370381661597
2024,CO2/CO/NOx,2024-08-09 03:00:00+02:00,0.3623946117442121
2024,CO2/CO/NOx,2024-08-09 04:00:00+02:00,0.38944385613011767
2024,CO2/CO/NOx,2024-08-09 05:00:00+02:00,0.41415969180620565
2024,CO2/CO/NOx,2024-08-09 06:00:00+02:00,0.4326852041634077
2024,CO2/CO/NOx,2024-08-09 07:00:00+02:00,0.435812699555652
2024,CO2/CO/NOx,2024-08-09 08:00:00+02:00,0.42446211914510756
2024,CO2/CO/NOx,2024-08-09 09:00:00+02:00,0.3974608839617839
2024,CO2/CO/NOx,2024-08-09 10:00:00+02:00,0.3793450733187499
2024,CO2/CO/NOx,2024-08-09 11:00:00+02:00,0.36770879928326833
2024,CO2/CO/NOx,2024-08-09 12:00:00+02:00,0.36050764745838715
2024,CO2/CO/NOx,2024-08-09 13:00:00+02:00,0.36154837625306524
2024,CO2/CO/NOx,2024-08-09 14:00:00+02:00,0.3682606801054344
2024,CO2/CO/NOx,2024-08-09 15:00:00+02:00,0.3807384075438292
2024,CO2/CO/NOx,2024-08-09 16:00:00+02:00,0.3861897301182749
2024,CO2/CO/NOx,2024-08-09 17:00:00+02:00,0.3868791949650266
2024,CO2/CO/NOx,2024-08-09 18:00:00+02:00,0.3873424741210436
2024,CO2/CO/NOx,2024-08-09 19:00:00+02:00,0.3771619824850418
2024,CO2/CO/NOx,2024-08-09 20:00:00+02:00,0.36572697102583335
2024,CO2/CO/NOx,2024-08-09 21:00:00+02:00,0.35054029337477266
2024,CO2/CO/NOx,2024-08-09 22:00:00+02:00,0.33735965187519645
2024,CO2/CO/NOx,2024-08-09 23:00:00+02:00,0.32783456036680136
2024,CO2/CO/NOx,2024-08-10 00:00:00+02:00,0.3241831036241157
2024,CO2/CO/NOx,2024-08-10 01:00:00+02:00,0.32377225854003056
2024,CO2/CO/NOx,2024-08-10 02:00:00+02:00,0.33043093423161213
2024,CO2/CO/NOx,2024-08-10 03:00:00+02:00,0.33545760940567193
2024,CO2/CO/NOx,2024-08-10 04:00:00+02:00,0.33665414772774443
2024,CO2/CO/NOx,2024-08-10 05:00:00+02:00,0.3423213173735511
2024,CO2/CO/NOx,2024-08-10 06:00:00+02:00,0.3469156906511545
2024,CO2/CO/NOx,2024-08-10 07:00:00+02:00,0.349856467932197
2024,CO2/CO/NOx,2024-08-10 08:00:00+02:00,0.35216271805652427
2024,CO2/CO/NOx,2024-08-10 09:00:00+02:00,0.3540837247295794
2024,CO2/CO/NOx,2024-08-10 10:00:00+02:00,0.3564679861761044
2024,CO2/CO/NOx,2024-08-10 11:00:00+02:00,0.3588595331689475
2024,CO2/CO/NOx,2024-08-10 12:00:00+02:00,0.35456207761093494
2024,CO2/CO/NOx,2024-08-10 13:00:00+02:00,0.35458540659821175
2024,CO2/CO/NOx,2024-08-10 14:00:00+02:00,0.3562624762724637
2024,CO2/CO/NOx,2024-08-10 15:00:00+02:00,0.35982040097110485
2024,CO2/CO/NOx,2024-08-10 16:00:00+02:00,0.3611940733427663
2024,CO2/CO/NOx,2024-08-10 17:00:00+02:00,0.3623796780206912
2024,CO2/CO/NOx,2024-08-10 18:00:00+02:00,0.36356522616298637
2024,CO2/CO/NOx,2024-08-10 19:00:00+02:00,0.3614527210788409
2024,CO2/CO/NOx,2024-08-10 20:00:00+02:00,0.3583435036887042
2024,CO2/CO/NOx,2024-08-10 21:00:00+02:00,0.3529603984470024
2024,CO2/CO/NOx,2024-08-10 22:00:00+02:00,0.3464154137341186
2024,CO2/CO/NOx,2024-08-10 23:00:00+02:00,0.34082725693361904
2024,CO2/CO/NOx,2024-08-11 00:00:00+02:00,0.3378680491952862
2024,CO2/CO/NOx,2024-08-11 01:00:00+02:00,0.33585775325292244
2024,CO2/CO/NOx,2024-08-11 02:00:00+02:00,0.3367982267739505
2024,CO2/CO/NOx,2024-08-11 03:00:00+02:00,0.33546490691126957
2024,CO2/CO/NOx,2024-08-11 04:00:00+02:00,0.3375691692828326
2024,CO2/CO/NOx,2024-08-11 05:00:00+02:00,0.34284924282376356
2024,CO2/CO/NOx,2024-08-11 06:00:00+02:00,0.3484755180022081
2024,CO2/CO/NOx,2024-08-11 07:00:00+02:00,0.3519099761597111
2024,CO2/CO/NOx,2024-08-11 08:00:00+02:00,0.35493330323011046
2024,CO2/CO/NOx,2024-08-11 09:00:00+02:00,0.35790709428608564
2024,CO2/CO/NOx,2024-08-11 10:00:00+02:00,0.3597372855517794
2024,CO2/CO/NOx,2024-08-11 11:00:00+02:00,0.3599599157196903
2024,CO2/CO/NOx,2024-08-11 12:00:00+02:00,0.35584208228975217
2024,CO2/CO/NOx,2024-08-11 13:00:00+02:00,0.3563669589154269
2024,CO2/CO/NOx,2024-08-11 14:00:00+02:00,0.3579746344057013
2024,CO2/CO/NOx,2024-08-11 15:00:00+02:00,0.36108216190547343
2024,CO2/CO/NOx,2024-08-11 16:00:00+02:00,0.36194626936023844
2024,CO2/CO/NOx,2024-08-11 17:00:00+02:00,0.3624799901940904
2024,CO2/CO/NOx,2024-08-11 18:00:00+02:00,0.363623457801804
2024,CO2/CO/NOx,2024-08-11 19:00:00+02:00,0.36413983005209233
2024,CO2/CO/NOx,2024-08-11 20:00:00+02:00,0.3586849272031414
2024,CO2/CO/NOx,2024-08-11 21:00:00+02:00,0.3486404954374527
2024,CO2/CO/NOx,2024-08-11 22:00:00+02:00,0.336305845640488
2024,CO2/CO/NOx,2024-08-11 23:00:00+02:00,0.32374315446385854
2024,CO2/CO/NOx,2024-08-12 00:00:00+02:00,0.30798364641347453
2024,CO2/CO/NOx,2024-08-12 01:00:00+02:00,0.30198195296085273
2024,CO2/CO/NOx,2024-08-12 02:00:00+02:00,0.3064112550750246
2024,CO2/CO/NOx,2024-08-12 03:00:00+02:00,0.31785407891840944
2024,CO2/CO/NOx,2024-08-12 04:00:00+02:00,0.3362744751382203
2024,CO2/CO/NOx,2024-08-12 05:00:00+02:00,0.35446647798833764
2024,CO2/CO/NOx,2024-08-12 06:00:00+02:00,0.37419651103692675
2024,CO2/CO/NOx,2024-08-12 07:00:00+02:00,0.38519282433899954
2024,CO2/CO/NOx,2024-08-12 08:00:00+02:00,0.38655801365663645
2024,CO2/CO/NOx,2024-08-12 09:00:00+02:00,0.37790557683423487
2024,CO2/CO/NOx,2024-08-12 10:00:00+02:00,0.3710269929912824
2024,CO2/CO/NOx,2024-08-12 11:00:00+02:00,0.36619051351578324
2024,CO2/CO/NOx,2024-08-12 12:00:00+02:00,0.36012185861077706
2024,CO2/CO/NOx,2024-08-12 13:00:00+02:00,0.36049908617880655
2024,CO2/CO/NOx,2024-08-12 14:00:00+02:00,0.3656603560671585
2024,CO2/CO/NOx,2024-08-12 15:00:00+02:00,0.37391831830899513
2024,CO2/CO/NOx,2024-08-12 16:00:00+02:00,0.37618688935367367
2024,CO2/CO/NOx,2024-08-12 17:00:00+02:00,0.37574904221331845
2024,CO2/CO/NOx,2024-08-12 18:00:00+02:00,0.37662959532650003
2024,CO2/CO/NOx,2024-08-12 19:00:00+02:00,0.36826943510128535
2024,CO2/CO/NOx,2024-08-12 20:00:00+02:00,0.35738347917804497
2024,CO2/CO/NOx,2024-08-12 21:00:00+02:00,0.34301863723279963
2024,CO2/CO/NOx,2024-08-12 22:00:00+02:00,0.3295053842246464
2024,CO2/CO/NOx,2024-08-12 23:00:00+02:00,0.3185424739535826
2024,CO2/CO/NOx,2024-08-13 00:00:00+02:00,0.3037753285032646
2024,CO2/CO/NOx,2024-08-13 01:00:00+02:00,0.30088423819633797
2024,CO2/CO/NOx,2024-08-13 02:00:00+02:00,0.3090324105015012
2024,CO2/CO/NOx,2024-08-13 03:00:00+02:00,0.32435399024449035
2024,CO2/CO/NOx,2024-08-13 04:00:00+02:00,0.33965899199877064
2024,CO2/CO/NOx,2024-08-13 05:00:00+02:00,0.3562227383639272
2024,CO2/CO/NOx,2024-08-13 06:00:00+02:00,0.37402421337235825
2024,CO2/CO/NOx,2024-08-13 07:00:00+02:00,0.3843614909265396
2024,CO2/CO/NOx,2024-08-13 08:00:00+02:00,0.38634688617413776
2024,CO2/CO/NOx,2024-08-13 09:00:00+02:00,0.37617193820244077
2024,CO2/CO/NOx,2024-08-13 10:00:00+02:00,0.37310810421352253
2024,CO2/CO/NOx,2024-08-13 11:00:00+02:00,0.3698504141748577
2024,CO2/CO/NOx,2024-08-13 12:00:00+02:00,0.36431373133154377
2024,CO2/CO/NOx,2024-08-13 13:00:00+02:00,0.3646605051350353
2024,CO2/CO/NOx,2024-08-13 14:00:00+02:00,0.36952948047975676
2024,CO2/CO/NOx,2024-08-13 15:00:00+02:00,0.3763254100395186
2024,CO2/CO/NOx,2024-08-13 16:00:00+02:00,0.3778513662117107
2024,CO2/CO/NOx,2024-08-13 17:00:00+02:00,0.3763978603246334
2024,CO2/CO/NOx,2024-08-13 18:00:00+02:00,0.3751616249782943
2024,CO2/CO/NOx,2024-08-13 19:00:00+02:00,0.3678945451041322
2024,CO2/CO/NOx,2024-08-13 20:00:00+02:00,0.35526209924129065
2024,CO2/CO/NOx,2024-08-13 21:00:00+02:00,0.3400721474931913
2024,CO2/CO/NOx,2024-08-13 22:00:00+02:00,0.32598647005076703
2024,CO2/CO/NOx,2024-08-13 23:00:00+02:00,0.3150886947738175
2024,CO2/CO/NOx,2024-08-14 00:00:00+02:00,0.30090018033039784
2024,CO2/CO/NOx,2024-08-14 01:00:00+02:00,0.30006881207306024
2024,CO2/CO/NOx,2024-08-14 02:00:00+02:00,0.31092473751417443
2024,CO2/CO/NOx,2024-08-14 03:00:00+02:00,0.32896901851171406
2024,CO2/CO/NOx,2024-08-14 04:00:00+02:00,0.34587371848747606
2024,CO2/CO/NOx,2024-08-14 05:00:00+02:00,0.3631234719787617
2024,CO2/CO/NOx,2024-08-14 06:00:00+02:00,0.3808877956231085
2024,CO2/CO/NOx,2024-08-14 07:00:00+02:00,0.38862524215230687
2024,CO2/CO/NOx,2024-08-14 08:00:00+02:00,0.38630963707141486
2024,CO2/CO/NOx,2024-08-14 09:00:00+02:00,0.37686087870087603
2024,CO2/CO/NOx,2024-08-14 10:00:00+02:00,0.37455432469590283
2024,CO2/CO/NOx,2024-08-14 11:00:00+02:00,0.37258108576406845
2024,CO2/CO/NOx,2024-08-14 12:00:00+02:00,0.36933432247110604
2024,CO2/CO/NOx,2024-08-14 13:00:00+02:00,0.37082040710325215
2024,CO2/CO/NOx,2024-08-14 14:00:00+02:00,0.37347922176165843
2024,CO2/CO/NOx,2024-08-14 15:00:00+02:00,0.3779868083135649
2024,CO2/CO/NOx,2024-08-14 16:00:00+02:00,0.37544013741944265
2024,CO2/CO/NOx,2024-08-14 17:00:00+02:00,0.37197467623239117
2024,CO2/CO/NOx,2024-08-14 18:00:00+02:00,0.37596943038647945
2024,CO2/CO/NOx,2024-08-14 19:00:00+02:00,0.3720445188443616
2024,CO2/CO/NOx,2024-08-14 20:00:00+02:00,0.36275488679754886
2024,CO2/CO/NOx,2024-08-14 21:00:00+02:00,0.3505620596381132
2024,CO2/CO/NOx,2024-08-14 22:00:00+02:00,0.3379133514076782
2024,CO2/CO/NOx,2024-08-14 23:00:00+02:00,0.32463521585336047
2024,CO2/CO/NOx,2024-08-15 00:00:00+02:00,0.3089888326546817
2024,CO2/CO/NOx,2024-08-15 01:00:00+02:00,0.3054787998593367
2024,CO2/CO/NOx,2024-08-15 02:00:00+02:00,0.31667687013329515
2024,CO2/CO/NOx,2024-08-15 03:00:00+02:00,0.3366841975877197
2024,CO2/CO/NOx,2024-08-15 04:00:00+02:00,0.35350392481432125
2024,CO2/CO/NOx,2024-08-15 05:00:00+02:00,0.3704372744245983
2024,CO2/CO/NOx,2024-08-15 06:00:00+02:00,0.3881819845781072
2024,CO2/CO/NOx,2024-08-15 07:00:00+02:00,0.39631019031333364
2024,CO2/CO/NOx,2024-08-15 08:00:00+02:00,0.39370893620340613
2024,CO2/CO/NOx,2024-08-15 09:00:00+02:00,0.38186472607672783
2024,CO2/CO/NOx,2024-08-15 10:00:00+02:00,0.3738719646179347
2024,CO2/CO/NOx,2024-08-15 11:00:00+02:00,0.36786501295248875
2024,CO2/CO/NOx,2024-08-15 12:00:00+02:00,0.36216173391579876
2024,CO2/CO/NOx,2024-08-15 13:00:00+02:00,0.36265235797658163
2024,CO2/CO/NOx,2024-08-15 14:00:00+02:00,0.3649314212536194
2024,CO2/CO/NOx,2024-08-15 15:00:00+02:00,0.37118216116426556
2024,CO2/CO/NOx,2024-08-15 16:00:00+02:00,0.37271055508156
2024,CO2/CO/NOx,2024-08-15 17:00:00+02:00,0.3716050565253124
2024,CO2/CO/NOx,2024-08-15 18:00:00+02:00,0.373290527021216
2024,CO2/CO/NOx,2024-08-15 19:00:00+02:00,0.3669101513147143
2024,CO2/CO/NOx,2024-08-15 20:00:00+02:00,0.3580098181254281
2024,CO2/CO/NOx,2024-08-15 21:00:00+02:00,0.3463048101962601
2024,CO2/CO/NOx,2024-08-15 22:00:00+02:00,0.33398328245439113
2024,CO2/CO/NOx,2024-08-15 23:00:00+02:00,0.3203771090561994
2024,CO2/CO/NOx,2024-08-16 00:00:00+02:00,0.30393480921778454
2024,CO2/CO/NOx,2024-08-16 01:00:00+02:00,0.2981854212201952
2024,CO2/CO/NOx,2024-08-16 02:00:00+02:00,0.3022358951972395
2024,CO2/CO/NOx,2024-08-16 03:00:00+02:00,0.31529406046556235
2024,CO2/CO/NOx,2024-08-16 04:00:00+02:00,0.3303854060764991
2024,CO2/CO/NOx,2024-08-16 05:00:00+02:00,0.3487780200124345
2024,CO2/CO/NOx,2024-08-16 06:00:00+02:00,0.36842992997603896
2024,CO2/CO/NOx,2024-08-16 07:00:00+02:00,0.38126830290056885
2024,CO2/CO/NOx,2024-08-16 08:00:00+02:00,0.3853052256955684
2024,CO2/CO/NOx,2024-08-16 09:00:00+02:00,0.37829502182381375
2024,CO2/CO/NOx,2024-08-16 10:00:00+02:00,0.3742678124667565
2024,CO2/CO/NOx,2024-08-16 11:00:00+02:00,0.3678311025789959
2024,CO2/CO/NOx,2024-08-16 12:00:00+02:00,0.3595723289804081
2024,CO2/CO/NOx,2024-08-16 13:00:00+02:00,0.3568839746724672
2024,CO2/CO/NOx,2024-08-16 14:00:00+02:00,0.3577661038631834
2024,CO2/CO/NOx,2024-08-16 15:00:00+02:00,0.36332654724049857
2024,CO2/CO/NOx,2024-08-16 16:00:00+02:00,0.3651562370779531
2024,CO2/CO/NOx,2024-08-16 17:00:00+02:00,0.36581483249091906
2024,CO2/CO/NOx,2024-08-16 18:00:00+02:00,0.36940989806986063
2024,CO2/CO/NOx,2024-08-16 19:00:00+02:00,0.36338530657975093
2024,CO2/CO/NOx,2024-08-16 20:00:00+02:00,0.3554241711323012
2024,CO2/CO/NOx,2024-08-16 21:00:00+02:00,0.34632335950821447
2024,CO2/CO/NOx,2024-08-16 22:00:00+02:00,0.3389638766657577
2024,CO2/CO/NOx,2024-08-16 23:00:00+02:00,0.3332086720169873
2024,CO2/CO/NOx,2024-08-17 00:00:00+02:00,0.33151416169092923
2024,CO2/CO/NOx,2024-08-17 01:00:00+02:00,0.3306201577636776
2024,CO2/CO/NOx,2024-08-17 02:00:00+02:00,0.3307622170687308
2024,CO2/CO/NOx,2024-08-17 03:00:00+02:00,0.3295716842417379
2024,CO2/CO/NOx,2024-08-17 04:00:00+02:00,0.32535083185424274
2024,CO2/CO/NOx,2024-08-17 05:00:00+02:00,0.32771287589415476
2024,CO2/CO/NOx,2024-08-17 06:00:00+02:00,0.3340495447067236
2024,CO2/CO/NOx,2024-08-17 07:00:00+02:00,0.3423810487388734
2024,CO2/CO/NOx,2024-08-17 08:00:00+02:00,0.35024953909337314
2024,CO2/CO/NOx,2024-08-17 09:00:00+02:00,0.35765089325266153
2024,CO2/CO/NOx,2024-08-17 10:00:00+02:00,0.36084300077701476
2024,CO2/CO/NOx,2024-08-17 11:00:00+02:00,0.3593527140537749
2024,CO2/CO/NOx,2024-08-17 12:00:00+02:00,0.3529247990936223
2024,CO2/CO/NOx,2024-08-17 13:00:00+02:00,0.3514292027719058
2024,CO2/CO/NOx,2024-08-17 14:00:00+02:00,0.3517239434769171
2024,CO2/CO/NOx,2024-08-17 15:00:00+02:00,0.3545719926152961
2024,CO2/CO/NOx,2024-08-17 16:00:00+02:00,0.35657469130724245
2024,CO2/CO/NOx,2024-08-17 17:00:00+02:00,0.35823907362284585
2024,CO2/CO/NOx,2024-08-17 18:00:00+02:00,0.36119933569678336
2024,CO2/CO/NOx,2024-08-17 19:00:00+02:00,0.3605433032087756
2024,CO2/CO/NOx,2024-08-17 20:00:00+02:00,0.3579744219423718
2024,CO2/CO/NOx,2024-08-17 21:00:00+02:00,0.35306235661542207
2024,CO2/CO/NOx,2024-08-17 22:00:00+02:00,0.3469415984817955
2024,CO2/CO/NOx,2024-08-17 23:00:00+02:00,0.34085393153888416
2024,CO2/CO/NOx,2024-08-18 00:00:00+02:00,0.3364360108676048
2024,CO2/CO/NOx,2024-08-18 01:00:00+02:00,0.33098046210935494
2024,CO2/CO/NOx,2024-08-18 02:00:00+02:00,0.32759387495726444
2024,CO2/CO/NOx,2024-08-18 03:00:00+02:00,0.3234183423267554
2024,CO2/CO/NOx,2024-08-18 04:00:00+02:00,0.32351461270133064
2024,CO2/CO/NOx,2024-08-18 05:00:00+02:00,0.3277478540400569
2024,CO2/CO/NOx,2024-08-18 06:00:00+02:00,0.33541330836954186
2024,CO2/CO/NOx,2024-08-18 07:00:00+02:00,0.34431865671420847
2024,CO2/CO/NOx,2024-08-18 08:00:00+02:00,0.3536042368895686
2024,CO2/CO/NOx,2024-08-18 09:00:00+02:00,0.36182649967757213
2024,CO2/CO/NOx,2024-08-18 10:00:00+02:00,0.36530920523447924
2024,CO2/CO/NOx,2024-08-18 11:00:00+02:00,0.3637124927040553
2024,CO2/CO/NOx,2024-08-18 12:00:00+02:00,0.35550612703075646
2024,CO2/CO/NOx,2024-08-18 13:00:00+02:00,0.35355505764984474
2024,CO2/CO/NOx,2024-08-18 14:00:00+02:00,0.35316721274838786
2024,CO2/CO/NOx,2024-08-18 15:00:00+02:00,0.36035982996777566
2024,CO2/CO/NOx,2024-08-18 16:00:00+02:00,0.3674397597491021
2024,CO2/CO/NOx,2024-08-18 17:00:00+02:00,0.37443677652532253
2024,CO2/CO/NOx,2024-08-18 18:00:00+02:00,0.3818898555011563
2024,CO2/CO/NOx,2024-08-18 19:00:00+02:00,0.3869887833318396
2024,CO2/CO/NOx,2024-08-18 20:00:00+02:00,0.38282276956415534
2024,CO2/CO/NOx,2024-08-18 21:00:00+02:00,0.371152211318484
2024,CO2/CO/NOx,2024-08-18 22:00:00+02:00,0.357099279628411
2024,CO2/CO/NOx,2024-08-18 23:00:00+02:00,0.34407619068098494
2024,CO2/CO/NOx,2024-08-19 00:00:00+02:00,0.33127089266210763
2024,CO2/CO/NOx,2024-08-19 01:00:00+02:00,0.3269260966076247
2024,CO2/CO/NOx,2024-08-19 02:00:00+02:00,0.3344890624284606
2024,CO2/CO/NOx,2024-08-19 03:00:00+02:00,0.35277663782952473
2024,CO2/CO/NOx,2024-08-19 04:00:00+02:00,0.380676061788973
2024,CO2/CO/NOx,2024-08-19 05:00:00+02:00,0.40942039720848866
2024,CO2/CO/NOx,2024-08-19 06:00:00+02:00,0.43984079821401
2024,CO2/CO/NOx,2024-08-19 07:00:00+02:00,0.46051802664787816
2024,CO2/CO/NOx,2024-08-19 08:00:00+02:00,0.46509877880312245
2024,CO2/CO/NOx,2024-08-19 09:00:00+02:00,0.4569294706538927
2024,CO2/CO/NOx,2024-08-19 10:00:00+02:00,0.4488033276613803
2024,CO2/CO/NOx,2024-08-19 11:00:00+02:00,0.43800811912580484
2024,CO2/CO/NOx,2024-08-19 12:00:00+02:00,0.4259056124741326
2024,CO2/CO/NOx,2024-08-19 13:00:00+02:00,0.42301843124184035
2024,CO2/CO/NOx,2024-08-19 14:00:00+02:00,0.42764804575024046
2024,CO2/CO/NOx,2024-08-19 15:00:00+02:00,0.4411420080994427
2024,CO2/CO/NOx,2024-08-19 16:00:00+02:00,0.44878879024161633
2024,CO2/CO/NOx,2024-08-19 17:00:00+02:00,0.4489476659808468
2024,CO2/CO/NOx,2024-08-19 18:00:00+02:00,0.45502729077740445
2024,CO2/CO/NOx,2024-08-19 19:00:00+02:00,0.4518852403750922
2024,CO2/CO/NOx,2024-08-19 20:00:00+02:00,0.4416709478402935
2024,CO2/CO/NOx,2024-08-19 21:00:00+02:00,0.4266972679172885
2024,CO2/CO/NOx,2024-08-19 22:00:00+02:00,0.4131234321586775
2024,CO2/CO/NOx,2024-08-19 23:00:00+02:00,0.4005951268400057
2024,CO2/CO/NOx,2024-08-20 00:00:00+02:00,0.38714993088099325
2024,CO2/CO/NOx,2024-08-20 01:00:00+02:00,0.38434754030978663
2024,CO2/CO/NOx,2024-08-20 02:00:00+02:00,0.39162728530453295
2024,CO2/CO/NOx,2024-08-20 03:00:00+02:00,0.4111390810435032
2024,CO2/CO/NOx,2024-08-20 04:00:00+02:00,0.43410406035650567
2024,CO2/CO/NOx,2024-08-20 05:00:00+02:00,0.4608062737161912
2024,CO2/CO/NOx,2024-08-20 06:00:00+02:00,0.4896768976909972
2024,CO2/CO/NOx,2024-08-20 07:00:00+02:00,0.5054267675897999
2024,CO2/CO/NOx,2024-08-20 08:00:00+02:00,0.5030523541455959
2024,CO2/CO/NOx,2024-08-20 09:00:00+02:00,0.4879506236447391
2024,CO2/CO/NOx,2024-08-20 10:00:00+02:00,0.4726979801735289
2024,CO2/CO/NOx,2024-08-20 11:00:00+02:00,0.4508678160263194
2024,CO2/CO/NOx,2024-08-20 12:00:00+02:00,0.4258528496083227
2024,CO2/CO/NOx,2024-08-20 13:00:00+02:00,0.4107958445081132
2024,CO2/CO/NOx,2024-08-20 14:00:00+02:00,0.4039567158921956
2024,CO2/CO/NOx,2024-08-20 15:00:00+02:00,0.4072720931977897
2024,CO2/CO/NOx,2024-08-20 16:00:00+02:00,0.40705888021605274
2024,CO2/CO/NOx,2024-08-20 17:00:00+02:00,0.41228901272630747
2024,CO2/CO/NOx,2024-08-20 18:00:00+02:00,0.42322788154452606
2024,CO2/CO/NOx,2024-08-20 19:00:00+02:00,0.4231077724014028
2024,CO2/CO/NOx,2024-08-20 20:00:00+02:00,0.41446261198738543
2024,CO2/CO/NOx,2024-08-20 21:00:00+02:00,0.3990826589972466
2024,CO2/CO/NOx,2024-08-20 22:00:00+02:00,0.3831401769081224
2024,CO2/CO/NOx,2024-08-20 23:00:00+02:00,0.36653951224005077
2024,CO2/CO/NOx,2024-08-21 00:00:00+02:00,0.3471348205118276
2024,CO2/CO/NOx,2024-08-21 01:00:00+02:00,0.33857758196065163
2024,CO2/CO/NOx,2024-08-21 02:00:00+02:00,0.345298294020138
2024,CO2/CO/NOx,2024-08-21 03:00:00+02:00,0.35710684172796325
2024,CO2/CO/NOx,2024-08-21 04:00:00+02:00,0.3699347441816072
2024,CO2/CO/NOx,2024-08-21 05:00:00+02:00,0.3851676312542021
2024,CO2/CO/NOx,2024-08-21 06:00:00+02:00,0.403558577246414
2024,CO2/CO/NOx,2024-08-21 07:00:00+02:00,0.41453123183411383
2024,CO2/CO/NOx,2024-08-21 08:00:00+02:00,0.4137735432071027
2024,CO2/CO/NOx,2024-08-21 09:00:00+02:00,0.4061629203247437
2024,CO2/CO/NOx,2024-08-21 10:00:00+02:00,0.4006693507428334
2024,CO2/CO/NOx,2024-08-21 11:00:00+02:00,0.39231092351753327
2024,CO2/CO/NOx,2024-08-21 12:00:00+02:00,0.3813485050396868
2024,CO2/CO/NOx,2024-08-21 13:00:00+02:00,0.37492116179151785
2024,CO2/CO/NOx,2024-08-21 14:00:00+02:00,0.3693275436271054
2024,CO2/CO/NOx,2024-08-21 15:00:00+02:00,0.3698948984564054
2024,CO2/CO/NOx,2024-08-21 16:00:00+02:00,0.36555000944296
2024,CO2/CO/NOx,2024-08-21 17:00:00+02:00,0.36048589720918367
2024,CO2/CO/NOx,2024-08-21 18:00:00+02:00,0.3709649803730105
2024,CO2/CO/NOx,2024-08-21 19:00:00+02:00,0.37750868771414614
2024,CO2/CO/NOx,2024-08-21 20:00:00+02:00,0.37647498084094316
2024,CO2/CO/NOx,2024-08-21 21:00:00+02:00,0.3814327408637123
2024,CO2/CO/NOx,2024-08-21 22:00:00+02:00,0.3941324768944032
2024,CO2/CO/NOx,2024-08-21 23:00:00+02:00,0.41405786882009227
2024,CO2/CO/NOx,2024-08-22 00:00:00+02:00,0.4357000730245802
2024,CO2/CO/NOx,2024-08-22 01:00:00+02:00,0.466032630463126
2024,CO2/CO/NOx,2024-08-22 02:00:00+02:00,0.5010778129272658
2024,CO2/CO/NOx,2024-08-22 03:00:00+02:00,0.5401440263279439
2024,CO2/CO/NOx,2024-08-22 04:00:00+02:00,0.5686236142590984
2024,CO2/CO/NOx,2024-08-22 05:00:00+02:00,0.5848296270518794
2024,CO2/CO/NOx,2024-08-22 06:00:00+02:00,0.5969403553566619
2024,CO2/CO/NOx,2024-08-22 07:00:00+02:00,0.5903412310153494
2024,CO2/CO/NOx,2024-08-22 08:00:00+02:00,0.5674439881827683
2024,CO2/CO/NOx,2024-08-22 09:00:00+02:00,0.5291555023011054
2024,CO2/CO/NOx,2024-08-22 10:00:00+02:00,0.49667896029438263
2024,CO2/CO/NOx,2024-08-22 11:00:00+02:00,0.46585934863504186
2024,CO2/CO/NOx,2024-08-22 12:00:00+02:00,0.4465455270124832
2024,CO2/CO/NOx,2024-08-22 13:00:00+02:00,0.43397007320828473
2024,CO2/CO/NOx,2024-08-22 14:00:00+02:00,0.4356693881698324
2024,CO2/CO/NOx,2024-08-22 15:00:00+02:00,0.4422637996684813
2024,CO2/CO/NOx,2024-08-22 16:00:00+02:00,0.43610838553387044
2024,CO2/CO/NOx,2024-08-22 17:00:00+02:00,0.43011475396079946
2024,CO2/CO/NOx,2024-08-22 18:00:00+02:00,0.42885333104997814
2024,CO2/CO/NOx,2024-08-22 19:00:00+02:00,0.42397332548337835
2024,CO2/CO/NOx,2024-08-22 20:00:00+02:00,0.41498601045884953
2024,CO2/CO/NOx,2024-08-22 21:00:00+02:00,0.4041307156253442
2024,CO2/CO/NOx,2024-08-22 22:00:00+02:00,0.3854768711403695
2024,CO2/CO/NOx,2024-08-22 23:00:00+02:00,0.3740302160313054
2024,CO2/CO/NOx,2024-08-23 00:00:00+02:00,0.35965912791939036
2024,CO2/CO/NOx,2024-08-23 01:00:00+02:00,0.3592321846454912
2024,CO2/CO/NOx,2024-08-23 02:00:00+02:00,0.3855331028742731
2024,CO2/CO/NOx,2024-08-23 03:00:00+02:00,0.4248978097808986
2024,CO2/CO/NOx,2024-08-23 04:00:00+02:00,0.4594134171270529
2024,CO2/CO/NOx,2024-08-23 05:00:00+02:00,0.48340345845671623
2024,CO2/CO/NOx,2024-08-23 06:00:00+02:00,0.4940695555048883
2024,CO2/CO/NOx,2024-08-23 07:00:00+02:00,0.4846623588059824
2024,CO2/CO/NOx,2024-08-23 08:00:00+02:00,0.4570326994422621
2024,CO2/CO/NOx,2024-08-23 09:00:00+02:00,0.4137972979730104
2024,CO2/CO/NOx,2024-08-23 10:00:00+02:00,0.38566561698541885
2024,CO2/CO/NOx,2024-08-23 11:00:00+02:00,0.369933484380854
2024,CO2/CO/NOx,2024-08-23 12:00:00+02:00,0.3603380328243995
2024,CO2/CO/NOx,2024-08-23 13:00:00+02:00,0.3610933088786473
2024,CO2/CO/NOx,2024-08-23 14:00:00+02:00,0.36730923347722944
2024,CO2/CO/NOx,2024-08-23 15:00:00+02:00,0.3809943962984162
2024,CO2/CO/NOx,2024-08-23 16:00:00+02:00,0.3886389380834219
2024,CO2/CO/NOx,2024-08-23 17:00:00+02:00,0.3903344951348371
2024,CO2/CO/NOx,2024-08-23 18:00:00+02:00,0.387983383407605
2024,CO2/CO/NOx,2024-08-23 19:00:00+02:00,0.3782692448061657
2024,CO2/CO/NOx,2024-08-23 20:00:00+02:00,0.36410314021959916
2024,CO2/CO/NOx,2024-08-23 21:00:00+02:00,0.3483410670773118
2024,CO2/CO/NOx,2024-08-23 22:00:00+02:00,0.3361043863026895
2024,CO2/CO/NOx,2024-08-23 23:00:00+02:00,0.3318447502096309
2024,CO2/CO/NOx,2024-08-24 00:00:00+02:00,0.33492481830090026
2024,CO2/CO/NOx,2024-08-24 01:00:00+02:00,0.3417624921025954
2024,CO2/CO/NOx,2024-08-24 02:00:00+02:00,0.3579150916408931
2024,CO2/CO/NOx,2024-08-24 03:00:00+02:00,0.37826910513408296
2024,CO2/CO/NOx,2024-08-24 04:00:00+02:00,0.3889516848319708
2024,CO2/CO/NOx,2024-08-24 05:00:00+02:00,0.39586502072771396
2024,CO2/CO/NOx,2024-08-24 06:00:00+02:00,0.39709450352197234
2024,CO2/CO/NOx,2024-08-24 07:00:00+02:00,0.39144600538547725
2024,CO2/CO/NOx,2024-08-24 08:00:00+02:00,0.38290219655773317
2024,CO2/CO/NOx,2024-08-24 09:00:00+02:00,0.37018086926647614
2024,CO2/CO/NOx,2024-08-24 10:00:00+02:00,0.36052068803471676
2024,CO2/CO/NOx,2024-08-24 11:00:00+02:00,0.3578429103400912
2024,CO2/CO/NOx,2024-08-24 12:00:00+02:00,0.35755696951550947
2024,CO2/CO/NOx,2024-08-24 13:00:00+02:00,0.36083426047823514
2024,CO2/CO/NOx,2024-08-24 14:00:00+02:00,0.3681786463113926
2024,CO2/CO/NOx,2024-08-24 15:00:00+02:00,0.3782793392767
2024,CO2/CO/NOx,2024-08-24 16:00:00+02:00,0.383439370567851
2024,CO2/CO/NOx,2024-08-24 17:00:00+02:00,0.3847823206785872
2024,CO2/CO/NOx,2024-08-24 18:00:00+02:00,0.38305317723887533
2024,CO2/CO/NOx,2024-08-24 19:00:00+02:00,0.3761159333669744
2024,CO2/CO/NOx,2024-08-24 20:00:00+02:00,0.3657972241075739
2024,CO2/CO/NOx,2024-08-24 21:00:00+02:00,0.35355470478921547
2024,CO2/CO/NOx,2024-08-24 22:00:00+02:00,0.3428886170751876
2024,CO2/CO/NOx,2024-08-24 23:00:00+02:00,0.3350528290734311
2024,CO2/CO/NOx,2024-08-25 00:00:00+02:00,0.3319630339300656
2024,CO2/CO/NOx,2024-08-25 01:00:00+02:00,0.3300580940468686
2024,CO2/CO/NOx,2024-08-25 02:00:00+02:00,0.3329652294975266
2024,CO2/CO/NOx,2024-08-25 03:00:00+02:00,0.3333190090774871
2024,CO2/CO/NOx,2024-08-25 04:00:00+02:00,0.3346995800620989
2024,CO2/CO/NOx,2024-08-25 05:00:00+02:00,0.3375985122556569
2024,CO2/CO/NOx,2024-08-25 06:00:00+02:00,0.3436191316451496
2024,CO2/CO/NOx,2024-08-25 07:00:00+02:00,0.35015943572525815
2024,CO2/CO/NOx,2024-08-25 08:00:00+02:00,0.3568201723974098
2024,CO2/CO/NOx,2024-08-25 09:00:00+02:00,0.3666739510515712
2024,CO2/CO/NOx,2024-08-25 10:00:00+02:00,0.38041863013279587
2024,CO2/CO/NOx,2024-08-25 11:00:00+02:00,0.3966597893723828
2024,CO2/CO/NOx,2024-08-25 12:00:00+02:00,0.4073130984197683
2024,CO2/CO/NOx,2024-08-25 13:00:00+02:00,0.4225166971863284
2024,CO2/CO/NOx,2024-08-25 14:00:00+02:00,0.43868438512595825
2024,CO2/CO/NOx,2024-08-25 15:00:00+02:00,0.4495345136182403
2024,CO2/CO/NOx,2024-08-25 16:00:00+02:00,0.4493107873265567
2024,CO2/CO/NOx,2024-08-25 17:00:00+02:00,0.4415215222833143
2024,CO2/CO/NOx,2024-08-25 18:00:00+02:00,0.4452950812743226
2024,CO2/CO/NOx,2024-08-25 19:00:00+02:00,0.4610343543936474
2024,CO2/CO/NOx,2024-08-25 20:00:00+02:00,0.4786347521430192
2024,CO2/CO/NOx,2024-08-25 21:00:00+02:00,0.5015542733472796
2024,CO2/CO/NOx,2024-08-25 22:00:00+02:00,0.5342560992671349
2024,CO2/CO/NOx,2024-08-25 23:00:00+02:00,0.5647071925083555
2024,CO2/CO/NOx,2024-08-26 00:00:00+02:00,0.5655997725910715
2024,CO2/CO/NOx,2024-08-26 01:00:00+02:00,0.5631022916016415
2024,CO2/CO/NOx,2024-08-26 02:00:00+02:00,0.5612064358484494
2024,CO2/CO/NOx,2024-08-26 03:00:00+02:00,0.5702869594868822
2024,CO2/CO/NOx,2024-08-26 04:00:00+02:00,0.5858478769640748
2024,CO2/CO/NOx,2024-08-26 05:00:00+02:00,0.5923251443226462
2024,CO2/CO/NOx,2024-08-26 06:00:00+02:00,0.6032523330575315
2024,CO2/CO/NOx,2024-08-26 07:00:00+02:00,0.6090452319850563
2024,CO2/CO/NOx,2024-08-26 08:00:00+02:00,0.6003909024951777
2024,CO2/CO/NOx,2024-08-26 09:00:00+02:00,0.5791760075846045
2024,CO2/CO/NOx,2024-08-26 10:00:00+02:00,0.5678458004156182
2024,CO2/CO/NOx,2024-08-26 11:00:00+02:00,0.5562403807348418
2024,CO2/CO/NOx,2024-08-26 12:00:00+02:00,0.5433600077776274
2024,CO2/CO/NOx,2024-08-26 13:00:00+02:00,0.5364902067801965
2024,CO2/CO/NOx,2024-08-26 14:00:00+02:00,0.5291445044857066
2024,CO2/CO/NOx,2024-08-26 15:00:00+02:00,0.5289462288596353
2024,CO2/CO/NOx,2024-08-26 16:00:00+02:00,0.5210315221514027
2024,CO2/CO/NOx,2024-08-26 17:00:00+02:00,0.5145000869958002
2024,CO2/CO/NOx,2024-08-26 18:00:00+02:00,0.5168008631125782
2024,CO2/CO/NOx,2024-08-26 19:00:00+02:00,0.5101419108140778
2024,CO2/CO/NOx,2024-08-26 20:00:00+02:00,0.49592489902343934
2024,CO2/CO/NOx,2024-08-26 21:00:00+02:00,0.47780471763199905
2024,CO2/CO/NOx,2024-08-26 22:00:00+02:00,0.4616022698832871
2024,CO2/CO/NOx,2024-08-26 23:00:00+02:00,0.44972874895286413
2024,CO2/CO/NOx,2024-08-27 00:00:00+02:00,0.43330123553784294
2024,CO2/CO/NOx,2024-08-27 01:00:00+02:00,0.43787981827354694
2024,CO2/CO/NOx,2024-08-27 02:00:00+02:00,0.46234249704620856
2024,CO2/CO/NOx,2024-08-27 03:00:00+02:00,0.4946370664527604
2024,CO2/CO/NOx,2024-08-27 04:00:00+02:00,0.5208083789030666
2024,CO2/CO/NOx,2024-08-27 05:00:00+02:00,0.5406015329860395
2024,CO2/CO/NOx,2024-08-27 06:00:00+02:00,0.5553436803714505
2024,CO2/CO/NOx,2024-08-27 07:00:00+02:00,0.5504267399743888
2024,CO2/CO/NOx,2024-08-27 08:00:00+02:00,0.5284369113969692
2024,CO2/CO/NOx,2024-08-27 09:00:00+02:00,0.4935374594313761
2024,CO2/CO/NOx,2024-08-27 10:00:00+02:00,0.47089350542986613
2024,CO2/CO/NOx,2024-08-27 11:00:00+02:00,0.4497798946555171
2024,CO2/CO/NOx,2024-08-27 12:00:00+02:00,0.4261734156201993
2024,CO2/CO/NOx,2024-08-27 13:00:00+02:00,0.41120432563408615
2024,CO2/CO/NOx,2024-08-27 14:00:00+02:00,0.4076424572300488
2024,CO2/CO/NOx,2024-08-27 15:00:00+02:00,0.4134593535278999
2024,CO2/CO/NOx,2024-08-27 16:00:00+02:00,0.415449216375899
2024,CO2/CO/NOx,2024-08-27 17:00:00+02:00,0.4148067854277318
2024,CO2/CO/NOx,2024-08-27 18:00:00+02:00,0.4227321780976739
2024,CO2/CO/NOx,2024-08-27 19:00:00+02:00,0.4159288814767136
2024,CO2/CO/NOx,2024-08-27 20:00:00+02:00,0.40447052473808587
2024,CO2/CO/NOx,2024-08-27 21:00:00+02:00,0.38730363484747066
2024,CO2/CO/NOx,2024-08-27 22:00:00+02:00,0.3734524419782589
2024,CO2/CO/NOx,2024-08-27 23:00:00+02:00,0.36553414316099464
2024,CO2/CO/NOx,2024-08-28 00:00:00+02:00,0.3545583187012549
2024,CO2/CO/NOx,2024-08-28 01:00:00+02:00,0.36025982946676094
2024,CO2/CO/NOx,2024-08-28 02:00:00+02:00,0.3759934312037601
2024,CO2/CO/NOx,2024-08-28 03:00:00+02:00,0.4058960966013593
2024,CO2/CO/NOx,2024-08-28 04:00:00+02:00,0.43100831835868453
2024,CO2/CO/NOx,2024-08-28 05:00:00+02:00,0.4506293698159386
2024,CO2/CO/NOx,2024-08-28 06:00:00+02:00,0.46180477540839354
2024,CO2/CO/NOx,2024-08-28 07:00:00+02:00,0.45730743367365695
2024,CO2/CO/NOx,2024-08-28 08:00:00+02:00,0.439308973482772
2024,CO2/CO/NOx,2024-08-28 09:00:00+02:00,0.4090520921760489
2024,CO2/CO/NOx,2024-08-28 10:00:00+02:00,0.3912993900840087
2024,CO2/CO/NOx,2024-08-28 11:00:00+02:00,0.3776882161706774
2024,CO2/CO/NOx,2024-08-28 12:00:00+02:00,0.36990993749819345
2024,CO2/CO/NOx,2024-08-28 13:00:00+02:00,0.3711049306550001
2024,CO2/CO/NOx,2024-08-28 14:00:00+02:00,0.37432663233574365
2024,CO2/CO/NOx,2024-08-28 15:00:00+02:00,0.3841348286759035
2024,CO2/CO/NOx,2024-08-28 16:00:00+02:00,0.38698707555018147
2024,CO2/CO/NOx,2024-08-28 17:00:00+02:00,0.38519770522515934
2024,CO2/CO/NOx,2024-08-28 18:00:00+02:00,0.38571354178900097
2024,CO2/CO/NOx,2024-08-28 19:00:00+02:00,0.3825724828144449
2024,CO2/CO/NOx,2024-08-28 20:00:00+02:00,0.3700573150377351
2024,CO2/CO/NOx,2024-08-28 21:00:00+02:00,0.35265476079538693
2024,CO2/CO/NOx,2024-08-28 22:00:00+02:00,0.337163409126939
2024,CO2/CO/NOx,2024-08-28 23:00:00+02:00,0.32518838531778954
2024,CO2/CO/NOx,2024-08-29 00:00:00+02:00,0.3112852742293033
2024,CO2/CO/NOx,2024-08-29 01:00:00+02:00,0.3122377433880848
2024,CO2/CO/NOx,2024-08-29 02:00:00+02:00,0.3265478387052505
2024,CO2/CO/NOx,2024-08-29 03:00:00+02:00,0.3537495255149004
2024,CO2/CO/NOx,2024-08-29 04:00:00+02:00,0.3794196040226404
2024,CO2/CO/NOx,2024-08-29 05:00:00+02:00,0.39655611432429455
2024,CO2/CO/NOx,2024-08-29 06:00:00+02:00,0.411107545152025
2024,CO2/CO/NOx,2024-08-29 07:00:00+02:00,0.41392697687121316
2024,CO2/CO/NOx,2024-08-29 08:00:00+02:00,0.4052167050546159
2024,CO2/CO/NOx,2024-08-29 09:00:00+02:00,0.38478369412856267
2024,CO2/CO/NOx,2024-08-29 10:00:00+02:00,0.37571106288645734
2024,CO2/CO/NOx,2024-08-29 11:00:00+02:00,0.36435473563675197
2024,CO2/CO/NOx,2024-08-29 12:00:00+02:00,0.35816810153875683
2024,CO2/CO/NOx,2024-08-29 13:00:00+02:00,0.3566696266008623
2024,CO2/CO/NOx,2024-08-29 14:00:00+02:00,0.36132115140931625
2024,CO2/CO/NOx,2024-08-29 15:00:00+02:00,0.3698576791447664
2024,CO2/CO/NOx,2024-08-29 16:00:00+02:00,0.3733617415199753
2024,CO2/CO/NOx,2024-08-29 17:00:00+02:00,0.3749421920449354
2024,CO2/CO/NOx,2024-08-29 18:00:00+02:00,0.3785036151150202
2024,CO2/CO/NOx,2024-08-29 19:00:00+02:00,0.37606488150884015
2024,CO2/CO/NOx,2024-08-29 20:00:00+02:00,0.36236074525919415
2024,CO2/CO/NOx,2024-08-29 21:00:00+02:00,0.3472243249876618
2024,CO2/CO/NOx,2024-08-29 22:00:00+02:00,0.33371526312756816
2024,CO2/CO/NOx,2024-08-29 23:00:00+02:00,0.3226573364849794
2024,CO2/CO/NOx,2024-08-30 00:00:00+02:00,0.3071984146267632
2024,CO2/CO/NOx,2024-08-30 01:00:00+02:00,0.306304898041285
2024,CO2/CO/NOx,2024-08-30 02:00:00+02:00,0.31929146701231437
2024,CO2/CO/NOx,2024-08-30 03:00:00+02:00,0.3419531637788977
2024,CO2/CO/NOx,2024-08-30 04:00:00+02:00,0.36352843395150963
2024,CO2/CO/NOx,2024-08-30 05:00:00+02:00,0.38207368600077807
2024,CO2/CO/NOx,2024-08-30 06:00:00+02:00,0.3988510578030747
2024,CO2/CO/NOx,2024-08-30 07:00:00+02:00,0.4054443742189215
2024,CO2/CO/NOx,2024-08-30 08:00:00+02:00,0.3992985673980809
2024,CO2/CO/NOx,2024-08-30 09:00:00+02:00,0.38155693920020156
2024,CO2/CO/NOx,2024-08-30 10:00:00+02:00,0.3729279031961342
2024,CO2/CO/NOx,2024-08-30 11:00:00+02:00,0.36794721069134245
2024,CO2/CO/NOx,2024-08-30 12:00:00+02:00,0.364955410904974
2024,CO2/CO/NOx,2024-08-30 13:00:00+02:00,0.3684038453743784
2024,CO2/CO/NOx,2024-08-30 14:00:00+02:00,0.3776672618926677
2024,CO2/CO/NOx,2024-08-30 15:00:00+02:00,0.3902792242068555
2024,CO2/CO/NOx,2024-08-30 16:00:00+02:00,0.394590653800139
2024,CO2/CO/NOx,2024-08-30 17:00:00+02:00,0.3923606827951488
2024,CO2/CO/NOx,2024-08-30 18:00:00+02:00,0.38922441157599974
2024,CO2/CO/NOx,2024-08-30 19:00:00+02:00,0.37787140551321363
2024,CO2/CO/NOx,2024-08-30 20:00:00+02:00,0.3638854538893379
2024,CO2/CO/NOx,2024-08-30 21:00:00+02:00,0.3508144537749322
2024,CO2/CO/NOx,2024-08-30 22:00:00+02:00,0.3423880989183021
2024,CO2/CO/NOx,2024-08-30 23:00:00+02:00,0.33831992048635856
2024,CO2/CO/NOx,2024-08-31 00:00:00+02:00,0.33805464821971154
2024,CO2/CO/NOx,2024-08-31 01:00:00+02:00,0.33834861547687184
2024,CO2/CO/NOx,2024-08-31 02:00:00+02:00,0.34457211288120704
2024,CO2/CO/NOx,2024-08-31 03:00:00+02:00,0.35305523425723695
2024,CO2/CO/NOx,2024-08-31 04:00:00+02:00,0.3564245688618376
2024,CO2/CO/NOx,2024-08-31 05:00:00+02:00,0.36007000164930203
2024,CO2/CO/NOx,2024-08-31 06:00:00+02:00,0.36356842187206745
2024,CO2/CO/NOx,2024-08-31 07:00:00+02:00,0.36472109644556133
2024,CO2/CO/NOx,2024-08-31 08:00:00+02:00,0.3639375810858859
2024,CO2/CO/NOx,2024-08-31 09:00:00+02:00,0.3622396790077874
2024,CO2/CO/NOx,2024-08-31 10:00:00+02:00,0.35844087252272244
2024,CO2/CO/NOx,2024-08-31 11:00:00+02:00,0.35950533466908163
2024,CO2/CO/NOx,2024-08-31 12:00:00+02:00,0.3579533227858864
2024,CO2/CO/NOx,2024-08-31 13:00:00+02:00,0.3593049867717167
2024,CO2/CO/NOx,2024-08-31 14:00:00+02:00,0.3644643938829548
2024,CO2/CO/NOx,2024-08-31 15:00:00+02:00,0.37005989205081863
2024,CO2/CO/NOx,2024-08-31 16:00:00+02:00,0.37264277921008643
2024,CO2/CO/NOx,2024-08-31 17:00:00+02:00,0.3730334458570876
2024,CO2/CO/NOx,2024-08-31 18:00:00+02:00,0.3726780901756815
2024,CO2/CO/NOx,2024-08-31 19:00:00+02:00,0.36583978272765283
2024,CO2/CO/NOx,2024-08-31 20:00:00+02:00,0.35996936051786244
2024,CO2/CO/NOx,2024-08-31 21:00:00+02:00,0.35258247070537224
2024,CO2/CO/NOx,2024-08-31 22:00:00+02:00,0.34846739648998143
2024,CO2/CO/NOx,2024-08-31 23:00:00+02:00,0.34738299881423595
2024,CO2/CO/NOx,2024-09-01 00:00:00+02:00,0.34483209077455684
2024,CO2/CO/NOx,2024-09-01 01:00:00+02:00,0.34339294389024694
2024,CO2/CO/NOx,2024-09-01 02:00:00+02:00,0.3438247816574172
2024,CO2/CO/NOx,2024-09-01 03:00:00+02:00,0.3421894789656087
2024,CO2/CO/NOx,2024-09-01 04:00:00+02:00,0.34338069382133374
2024,CO2/CO/NOx,2024-09-01 05:00:00+02:00,0.3500460784785703
2024,CO2/CO/NOx,2024-09-01 06:00:00+02:00,0.3600876956446377
2024,CO2/CO/NOx,2024-09-01 07:00:00+02:00,0.3703763802466728
2024,CO2/CO/NOx,2024-09-01 08:00:00+02:00,0.3772237951574708
2024,CO2/CO/NOx,2024-09-01 09:00:00+02:00,0.37980903303335084
2024,CO2/CO/NOx,2024-09-01 10:00:00+02:00,0.3809063949112155
2024,CO2/CO/NOx,2024-09-01 11:00:00+02:00,0.3795859859013583
2024,CO2/CO/NOx,2024-09-01 12:00:00+02:00,0.37417306577643816
2024,CO2/CO/NOx,2024-09-01 13:00:00+02:00,0.37485018483724
2024,CO2/CO/NOx,2024-09-01 14:00:00+02:00,0.3762840838518374
2024,CO2/CO/NOx,2024-09-01 15:00:00+02:00,0.3800403645880502
2024,CO2/CO/NOx,2024-09-01 16:00:00+02:00,0.38253826032700344
2024,CO2/CO/NOx,2024-09-01 17:00:00+02:00,0.38363603023348497
2024,CO2/CO/NOx,2024-09-01 18:00:00+02:00,0.3853503191631547
2024,CO2/CO/NOx,2024-09-01 19:00:00+02:00,0.38692482660048444
2024,CO2/CO/NOx,2024-09-01 20:00:00+02:00,0.38132815685177474
2024,CO2/CO/NOx,2024-09-01 21:00:00+02:00,0.37041174278539324
2024,CO2/CO/NOx,2024-09-01 22:00:00+02:00,0.356865664360174
2024,CO2/CO/NOx,2024-09-01 23:00:00+02:00,0.3424028429339831
2024,CO2/CO/NOx,2024-09-02 00:00:00+02:00,0.32412338058141044
2024,CO2/CO/NOx,2024-09-02 01:00:00+02:00,0.3173392629677187
2024,CO2/CO/NOx,2024-09-02 02:00:00+02:00,0.32131765335430823
2024,CO2/CO/NOx,2024-09-02 03:00:00+02:00,0.3338224489796627
2024,CO2/CO/NOx,2024-09-02 04:00:00+02:00,0.35390088063199326
2024,CO2/CO/NOx,2024-09-02 05:00:00+02:00,0.3729922460063733
2024,CO2/CO/NOx,2024-09-02 06:00:00+02:00,0.3945096068035886
2024,CO2/CO/NOx,2024-09-02 07:00:00+02:00,0.40787389098235166
2024,CO2/CO/NOx,2024-09-02 08:00:00+02:00,0.4106169453598285
2024,CO2/CO/NOx,2024-09-02 09:00:00+02:00,0.40155348231199844
2024,CO2/CO/NOx,2024-09-02 10:00:00+02:00,0.39605014678134326
2024,CO2/CO/NOx,2024-09-02 11:00:00+02:00,0.388268154356968
2024,CO2/CO/NOx,2024-09-02 12:00:00+02:00,0.3787636373565918
2024,CO2/CO/NOx,2024-09-02 13:00:00+02:00,0.37490533400289955
2024,CO2/CO/NOx,2024-09-02 14:00:00+02:00,0.37486809963003753
2024,CO2/CO/NOx,2024-09-02 15:00:00+02:00,0.3803417804664868
2024,CO2/CO/NOx,2024-09-02 16:00:00+02:00,0.3816260555487711
2024,CO2/CO/NOx,2024-09-02 17:00:00+02:00,0.38268704731804715
2024,CO2/CO/NOx,2024-09-02 18:00:00+02:00,0.38869910239046446
2024,CO2/CO/NOx,2024-09-02 19:00:00+02:00,0.3868606695537927
2024,CO2/CO/NOx,2024-09-02 20:00:00+02:00,0.37825538795496555
2024,CO2/CO/NOx,2024-09-02 21:00:00+02:00,0.3655860791006185
2024,CO2/CO/NOx,2024-09-02 22:00:00+02:00,0.3514859234339359
2024,CO2/CO/NOx,2024-09-02 23:00:00+02:00,0.3372293839604982
2024,CO2/CO/NOx,2024-09-03 00:00:00+02:00,0.31794714005158303
2024,CO2/CO/NOx,2024-09-03 01:00:00+02:00,0.31328435754105693
2024,CO2/CO/NOx,2024-09-03 02:00:00+02:00,0.322565566009038
2024,CO2/CO/NOx,2024-09-03 03:00:00+02:00,0.3429368642144301
2024,CO2/CO/NOx,2024-09-03 04:00:00+02:00,0.3629604318566344
2024,CO2/CO/NOx,2024-09-03 05:00:00+02:00,0.3835335103216556
2024,CO2/CO/NOx,2024-09-03 06:00:00+02:00,0.4049089692207525
2024,CO2/CO/NOx,2024-09-03 07:00:00+02:00,0.41612015811938324
2024,CO2/CO/NOx,2024-09-03 08:00:00+02:00,0.4148055002054608
2024,CO2/CO/NOx,2024-09-03 09:00:00+02:00,0.4016020962328046
2024,CO2/CO/NOx,2024-09-03 10:00:00+02:00,0.3954088708440568
2024,CO2/CO/NOx,2024-09-03 11:00:00+02:00,0.38800348179826516
2024,CO2/CO/NOx,2024-09-03 12:00:00+02:00,0.38047231897181544
2024,CO2/CO/NOx,2024-09-03 13:00:00+02:00,0.37768408820975014
2024,CO2/CO/NOx,2024-09-03 14:00:00+02:00,0.3779443972686518
2024,CO2/CO/NOx,2024-09-03 15:00:00+02:00,0.3834302643638214
2024,CO2/CO/NOx,2024-09-03 16:00:00+02:00,0.3851729016786556
2024,CO2/CO/NOx,2024-09-03 17:00:00+02:00,0.38531370669482895
2024,CO2/CO/NOx,2024-09-03 18:00:00+02:00,0.39065844404648054
2024,CO2/CO/NOx,2024-09-03 19:00:00+02:00,0.38832540269211163
2024,CO2/CO/NOx,2024-09-03 20:00:00+02:00,0.37927883840572957
2024,CO2/CO/NOx,2024-09-03 21:00:00+02:00,0.3655599666679092
2024,CO2/CO/NOx,2024-09-03 22:00:00+02:00,0.34995370277450516
2024,CO2/CO/NOx,2024-09-03 23:00:00+02:00,0.33405260319477176
2024,CO2/CO/NOx,2024-09-04 00:00:00+02:00,0.3160175021183393
2024,CO2/CO/NOx,2024-09-04 01:00:00+02:00,0.3093064554384754
2024,CO2/CO/NOx,2024-09-04 02:00:00+02:00,0.3150187635493763
2024,CO2/CO/NOx,2024-09-04 03:00:00+02:00,0.3317167835760422
2024,CO2/CO/NOx,2024-09-04 04:00:00+02:00,0.3493068191000585
2024,CO2/CO/NOx,2024-09-04 05:00:00+02:00,0.36908758922995233
2024,CO2/CO/NOx,2024-09-04 06:00:00+02:00,0.3912166662173168
2024,CO2/CO/NOx,2024-09-04 07:00:00+02:00,0.4055086753085744
2024,CO2/CO/NOx,2024-09-04 08:00:00+02:00,0.4090557748133907
2024,CO2/CO/NOx,2024-09-04 09:00:00+02:00,0.4009390337609428
2024,CO2/CO/NOx,2024-09-04 10:00:00+02:00,0.39519830582995225
2024,CO2/CO/NOx,2024-09-04 11:00:00+02:00,0.3879015982150236
2024,CO2/CO/NOx,2024-09-04 12:00:00+02:00,0.379445312874436
2024,CO2/CO/NOx,2024-09-04 13:00:00+02:00,0.3759483088091985
2024,CO2/CO/NOx,2024-09-04 14:00:00+02:00,0.3758544269009301
2024,CO2/CO/NOx,2024-09-04 15:00:00+02:00,0.3808293581628509
2024,CO2/CO/NOx,2024-09-04 16:00:00+02:00,0.38268892259431475
2024,CO2/CO/NOx,2024-09-04 17:00:00+02:00,0.38443453364400837
2024,CO2/CO/NOx,2024-09-04 18:00:00+02:00,0.39396991784218205
2024,CO2/CO/NOx,2024-09-04 19:00:00+02:00,0.3947571741318511
2024,CO2/CO/NOx,2024-09-04 20:00:00+02:00,0.3885197513023772
2024,CO2/CO/NOx,2024-09-04 21:00:00+02:00,0.3774502835202713
2024,CO2/CO/NOx,2024-09-04 22:00:00+02:00,0.36285031357146447
2024,CO2/CO/NOx,2024-09-04 23:00:00+02:00,0.34768341827557203
2024,CO2/CO/NOx,2024-09-05 00:00:00+02:00,0.32914401291975465
2024,CO2/CO/NOx,2024-09-05 01:00:00+02:00,0.3241818348196627
2024,CO2/CO/NOx,2024-09-05 02:00:00+02:00,0.33444725912833695
2024,CO2/CO/NOx,2024-09-05 03:00:00+02:00,0.3578357157982789
2024,CO2/CO/NOx,2024-09-05 04:00:00+02:00,0.37815104874568656
2024,CO2/CO/NOx,2024-09-05 05:00:00+02:00,0.3979268871451956
2024,CO2/CO/NOx,2024-09-05 06:00:00+02:00,0.4171078855297702
2024,CO2/CO/NOx,2024-09-05 07:00:00+02:00,0.4248758491879332
2024,CO2/CO/NOx,2024-09-05 08:00:00+02:00,0.4214243203455022
2024,CO2/CO/NOx,2024-09-05 09:00:00+02:00,0.40692229027505306
2024,CO2/CO/NOx,2024-09-05 10:00:00+02:00,0.3984873028706486
2024,CO2/CO/NOx,2024-09-05 11:00:00+02:00,0.3901829350533365
2024,CO2/CO/NOx,2024-09-05 12:00:00+02:00,0.3818224797568734
2024,CO2/CO/NOx,2024-09-05 13:00:00+02:00,0.3757003590014043
2024,CO2/CO/NOx,2024-09-05 14:00:00+02:00,0.3758075993052768
2024,CO2/CO/NOx,2024-09-05 15:00:00+02:00,0.38143432194705973
2024,CO2/CO/NOx,2024-09-05 16:00:00+02:00,0.38411902473933296
2024,CO2/CO/NOx,2024-09-05 17:00:00+02:00,0.38566218818540093
2024,CO2/CO/NOx,2024-09-05 18:00:00+02:00,0.39160288944539673
2024,CO2/CO/NOx,2024-09-05 19:00:00+02:00,0.3892144273074484
2024,CO2/CO/NOx,2024-09-05 20:00:00+02:00,0.3799187665828235
2024,CO2/CO/NOx,2024-09-05 21:00:00+02:00,0.3673232139991725
2024,CO2/CO/NOx,2024-09-05 22:00:00+02:00,0.3510583026622133
2024,CO2/CO/NOx,2024-09-05 23:00:00+02:00,0.3361760015537117
2024,CO2/CO/NOx,2024-09-06 00:00:00+02:00,0.31685059705664076
2024,CO2/CO/NOx,2024-09-06 01:00:00+02:00,0.3111369313194803
2024,CO2/CO/NOx,2024-09-06 02:00:00+02:00,0.31924067582515997
2024,CO2/CO/NOx,2024-09-06 03:00:00+02:00,0.33663462937707267
2024,CO2/CO/NOx,2024-09-06 04:00:00+02:00,0.35479739880946326
2024,CO2/CO/NOx,2024-09-06 05:00:00+02:00,0.37671315266045874
2024,CO2/CO/NOx,2024-09-06 06:00:00+02:00,0.4025720829412081
2024,CO2/CO/NOx,2024-09-06 07:00:00+02:00,0.4187982683783069
2024,CO2/CO/NOx,2024-09-06 08:00:00+02:00,0.42142410163459854
2024,CO2/CO/NOx,2024-09-06 09:00:00+02:00,0.41137243501962645
2024,CO2/CO/NOx,2024-09-06 10:00:00+02:00,0.4047358323288875
2024,CO2/CO/NOx,2024-09-06 11:00:00+02:00,0.39546205153406655
2024,CO2/CO/NOx,2024-09-06 12:00:00+02:00,0.38547134149534584
2024,CO2/CO/NOx,2024-09-06 13:00:00+02:00,0.3802479273657027
2024,CO2/CO/NOx,2024-09-06 14:00:00+02:00,0.37925122244961434
2024,CO2/CO/NOx,2024-09-06 15:00:00+02:00,0.3833486388548161
2024,CO2/CO/NOx,2024-09-06 16:00:00+02:00,0.3840001240855895
2024,CO2/CO/NOx,2024-09-06 17:00:00+02:00,0.3854963574443133
2024,CO2/CO/NOx,2024-09-06 18:00:00+02:00,0.39090080164461355
2024,CO2/CO/NOx,2024-09-06 19:00:00+02:00,0.386165712343449
2024,CO2/CO/NOx,2024-09-06 20:00:00+02:00,0.3808469747600631
2024,CO2/CO/NOx,2024-09-06 21:00:00+02:00,0.3768089968570586
2024,CO2/CO/NOx,2024-09-06 22:00:00+02:00,0.3722224079396217
2024,CO2/CO/NOx,2024-09-06 23:00:00+02:00,0.3698037334531927
2024,CO2/CO/NOx,2024-09-07 00:00:00+02:00,0.3673340027901879
2024,CO2/CO/NOx,2024-09-07 01:00:00+02:00,0.3685424774090693
2024,CO2/CO/NOx,2024-09-07 02:00:00+02:00,0.376180970037254
2024,CO2/CO/NOx,2024-09-07 03:00:00+02:00,0.3864734136024874
2024,CO2/CO/NOx,2024-09-07 04:00:00+02:00,0.39419669305546196
2024,CO2/CO/NOx,2024-09-07 05:00:00+02:00,0.40487663148126485
2024,CO2/CO/NOx,2024-09-07 06:00:00+02:00,0.4136760738874272
2024,CO2/CO/NOx,2024-09-07 07:00:00+02:00,0.4167142880031109
2024,CO2/CO/NOx,2024-09-07 08:00:00+02:00,0.4133487253036676
2024,CO2/CO/NOx,2024-09-07 09:00:00+02:00,0.404696544471897
2024,CO2/CO/NOx,2024-09-07 10:00:00+02:00,0.3955070361240708
2024,CO2/CO/NOx,2024-09-07 11:00:00+02:00,0.3870097111433693
2024,CO2/CO/NOx,2024-09-07 12:00:00+02:00,0.38051706857482387
2024,CO2/CO/NOx,2024-09-07 13:00:00+02:00,0.38361802514712523
2024,CO2/CO/NOx,2024-09-07 14:00:00+02:00,0.3885013479281724
2024,CO2/CO/NOx,2024-09-07 15:00:00+02:00,0.3994842464093454
2024,CO2/CO/NOx,2024-09-07 16:00:00+02:00,0.4045598212086729
2024,CO2/CO/NOx,2024-09-07 17:00:00+02:00,0.40550027206232886
2024,CO2/CO/NOx,2024-09-07 18:00:00+02:00,0.40608747554593505
2024,CO2/CO/NOx,2024-09-07 19:00:00+02:00,0.4021764547416548
2024,CO2/CO/NOx,2024-09-07 20:00:00+02:00,0.3910816555782881
2024,CO2/CO/NOx,2024-09-07 21:00:00+02:00,0.3774609211594124
2024,CO2/CO/NOx,2024-09-07 22:00:00+02:00,0.3659700958611017
2024,CO2/CO/NOx,2024-09-07 23:00:00+02:00,0.35729253465213706
2024,CO2/CO/NOx,2024-09-08 00:00:00+02:00,0.3542221994865742
2024,CO2/CO/NOx,2024-09-08 01:00:00+02:00,0.3548253715686208
2024,CO2/CO/NOx,2024-09-08 02:00:00+02:00,0.36326361157298076
2024,CO2/CO/NOx,2024-09-08 03:00:00+02:00,0.3738970445186954
2024,CO2/CO/NOx,2024-09-08 04:00:00+02:00,0.38336232309135154
2024,CO2/CO/NOx,2024-09-08 05:00:00+02:00,0.388007685637525
2024,CO2/CO/NOx,2024-09-08 06:00:00+02:00,0.3918411234220969
2024,CO2/CO/NOx,2024-09-08 07:00:00+02:00,0.3919561819738764
2024,CO2/CO/NOx,2024-09-08 08:00:00+02:00,0.38805147898577746
2024,CO2/CO/NOx,2024-09-08 09:00:00+02:00,0.38280762434441507
2024,CO2/CO/NOx,2024-09-08 10:00:00+02:00,0.37953243641892115
2024,CO2/CO/NOx,2024-09-08 11:00:00+02:00,0.37964170965076854
2024,CO2/CO/NOx,2024-09-08 12:00:00+02:00,0.37867218165041233
2024,CO2/CO/NOx,2024-09-08 13:00:00+02:00,0.38120290775552923
2024,CO2/CO/NOx,2024-09-08 14:00:00+02:00,0.3862085181472957
2024,CO2/CO/NOx,2024-09-08 15:00:00+02:00,0.39330018685012
2024,CO2/CO/NOx,2024-09-08 16:00:00+02:00,0.3967844768479499
2024,CO2/CO/NOx,2024-09-08 17:00:00+02:00,0.3966418294989845
2024,CO2/CO/NOx,2024-09-08 18:00:00+02:00,0.39620748426048136
2024,CO2/CO/NOx,2024-09-08 19:00:00+02:00,0.392216282760991
2024,CO2/CO/NOx,2024-09-08 20:00:00+02:00,0.38215216452132655
2024,CO2/CO/NOx,2024-09-08 21:00:00+02:00,0.3700655067374978
2024,CO2/CO/NOx,2024-09-08 22:00:00+02:00,0.36210751612715114
2024,CO2/CO/NOx,2024-09-08 23:00:00+02:00,0.3577114478444563
2024,CO2/CO/NOx,2024-09-09 00:00:00+02:00,0.35133053836125816
2024,CO2/CO/NOx,2024-09-09 01:00:00+02:00,0.3580681370098636
2024,CO2/CO/NOx,2024-09-09 02:00:00+02:00,0.3762216294947983
2024,CO2/CO/NOx,2024-09-09 03:00:00+02:00,0.4003753387293094
2024,CO2/CO/NOx,2024-09-09 04:00:00+02:00,0.42743120813871527
2024,CO2/CO/NOx,2024-09-09 05:00:00+02:00,0.44974782970326876
2024,CO2/CO/NOx,2024-09-09 06:00:00+02:00,0.47281048708584894
2024,CO2/CO/NOx,2024-09-09 07:00:00+02:00,0.48707467024058076
2024,CO2/CO/NOx,2024-09-09 08:00:00+02:00,0.48853935459033865
2024,CO2/CO/NOx,2024-09-09 09:00:00+02:00,0.47884540747534465
2024,CO2/CO/NOx,2024-09-09 10:00:00+02:00,0.47301199947417755
2024,CO2/CO/NOx,2024-09-09 11:00:00+02:00,0.46305071083060545
2024,CO2/CO/NOx,2024-09-09 12:00:00+02:00,0.4485240028063404
2024,CO2/CO/NOx,2024-09-09 13:00:00+02:00,0.44197506485647875
2024,CO2/CO/NOx,2024-09-09 14:00:00+02:00,0.4429131274253927
2024,CO2/CO/NOx,2024-09-09 15:00:00+02:00,0.45297646985545453
2024,CO2/CO/NOx,2024-09-09 16:00:00+02:00,0.45729486629555965
2024,CO2/CO/NOx,2024-09-09 17:00:00+02:00,0.4627791844809044
2024,CO2/CO/NOx,2024-09-09 18:00:00+02:00,0.4728240561355882
2024,CO2/CO/NOx,2024-09-09 19:00:00+02:00,0.4765721961115075
2024,CO2/CO/NOx,2024-09-09 20:00:00+02:00,0.46513307033026613
2024,CO2/CO/NOx,2024-09-09 21:00:00+02:00,0.448217823413251
2024,CO2/CO/NOx,2024-09-09 22:00:00+02:00,0.4334605957383062
2024,CO2/CO/NOx,2024-09-09 23:00:00+02:00,0.4195491764528451
2024,CO2/CO/NOx,2024-09-10 00:00:00+02:00,0.40605986860062604
2024,CO2/CO/NOx,2024-09-10 01:00:00+02:00,0.4120837258247754
2024,CO2/CO/NOx,2024-09-10 02:00:00+02:00,0.4293209710097089
2024,CO2/CO/NOx,2024-09-10 03:00:00+02:00,0.45995863559202405
2024,CO2/CO/NOx,2024-09-10 04:00:00+02:00,0.49154273710447893
2024,CO2/CO/NOx,2024-09-10 05:00:00+02:00,0.5203400986561524
2024,CO2/CO/NOx,2024-09-10 06:00:00+02:00,0.5501259620413529
2024,CO2/CO/NOx,2024-09-10 07:00:00+02:00,0.5639047763324669
2024,CO2/CO/NOx,2024-09-10 08:00:00+02:00,0.5582411315587067
2024,CO2/CO/NOx,2024-09-10 09:00:00+02:00,0.5369134542089855
2024,CO2/CO/NOx,2024-09-10 10:00:00+02:00,0.5201287340483661
2024,CO2/CO/NOx,2024-09-10 11:00:00+02:00,0.4916147557338687
2024,CO2/CO/NOx,2024-09-10 12:00:00+02:00,0.46541230115303994
2024,CO2/CO/NOx,2024-09-10 13:00:00+02:00,0.45293969602099937
2024,CO2/CO/NOx,2024-09-10 14:00:00+02:00,0.4549147202224805
2024,CO2/CO/NOx,2024-09-10 15:00:00+02:00,0.4690512630697329
2024,CO2/CO/NOx,2024-09-10 16:00:00+02:00,0.48053785434564317
2024,CO2/CO/NOx,2024-09-10 17:00:00+02:00,0.48813598502991573
2024,CO2/CO/NOx,2024-09-10 18:00:00+02:00,0.5047867282611403
2024,CO2/CO/NOx,2024-09-10 19:00:00+02:00,0.5032412928119873
2024,CO2/CO/NOx,2024-09-10 20:00:00+02:00,0.48952220106531025
2024,CO2/CO/NOx,2024-09-10 21:00:00+02:00,0.4790104383103168
2024,CO2/CO/NOx,2024-09-10 22:00:00+02:00,0.4728648961658704
2024,CO2/CO/NOx,2024-09-10 23:00:00+02:00,0.47598006738101273
2024,CO2/CO/NOx,2024-09-11 00:00:00+02:00,0.48326418697576135
2024,CO2/CO/NOx,2024-09-11 01:00:00+02:00,0.5063768388459698
2024,CO2/CO/NOx,2024-09-11 02:00:00+02:00,0.541519416430872
2024,CO2/CO/NOx,2024-09-11 03:00:00+02:00,0.5905875088254694
2024,CO2/CO/NOx,2024-09-11 04:00:00+02:00,0.6270179677224753
2024,CO2/CO/NOx,2024-09-11 05:00:00+02:00,0.6537178090132649
2024,CO2/CO/NOx,2024-09-11 06:00:00+02:00,0.6724112232194623
2024,CO2/CO/NOx,2024-09-11 07:00:00+02:00,0.6588117516672521
2024,CO2/CO/NOx,2024-09-11 08:00:00+02:00,0.6289476163684993
2024,CO2/CO/NOx,2024-09-11 09:00:00+02:00,0.5825426193514989
2024,CO2/CO/NOx,2024-09-11 10:00:00+02:00,0.5401726104342671
2024,CO2/CO/NOx,2024-09-11 11:00:00+02:00,0.505920465574554
2024,CO2/CO/NOx,2024-09-11 12:00:00+02:00,0.484208243646145
2024,CO2/CO/NOx,2024-09-11 13:00:00+02:00,0.489804134014285
2024,CO2/CO/NOx,2024-09-11 14:00:00+02:00,0.5041972700593923
2024,CO2/CO/NOx,2024-09-11 15:00:00+02:00,0.5231221104597771
2024,CO2/CO/NOx,2024-09-11 16:00:00+02:00,0.5315228903021273
2024,CO2/CO/NOx,2024-09-11 17:00:00+02:00,0.5636649941281736
2024,CO2/CO/NOx,2024-09-11 18:00:00+02:00,0.59790701219286
2024,CO2/CO/NOx,2024-09-11 19:00:00+02:00,0.6268465400009844
2024,CO2/CO/NOx,2024-09-11 20:00:00+02:00,0.6446382388355669
2024,CO2/CO/NOx,2024-09-11 21:00:00+02:00,0.636758320989067
2024,CO2/CO/NOx,2024-09-11 22:00:00+02:00,0.649177033919561
2024,CO2/CO/NOx,2024-09-11 23:00:00+02:00,0.6654633211073983
2024,CO2/CO/NOx,2024-09-12 00:00:00+02:00,0.6778979962006475
2024,CO2/CO/NOx,2024-09-12 01:00:00+02:00,0.7009437623760413
2024,CO2/CO/NOx,2024-09-12 02:00:00+02:00,0.7740193629379006
2024,CO2/CO/NOx,2024-09-12 03:00:00+02:00,0.8631854588080168
2024,CO2/CO/NOx,2024-09-12 04:00:00+02:00,0.9411119313711521
2024,CO2/CO/NOx,2024-09-12 05:00:00+02:00,1.005502057842489
2024,CO2/CO/NOx,2024-09-12 06:00:00+02:00,1.0439067552406263
2024,CO2/CO/NOx,2024-09-12 07:00:00+02:00,1.0695154212256488
2024,CO2/CO/NOx,2024-09-12 08:00:00+02:00,1.0659286179560934
2024,CO2/CO/NOx,2024-09-12 09:00:00+02:00,1.0244967563408378
2024,CO2/CO/NOx,2024-09-12 10:00:00+02:00,0.9767405877375457
2024,CO2/CO/NOx,2024-09-12 11:00:00+02:00,0.9408493383392994
2024,CO2/CO/NOx,2024-09-12 12:00:00+02:00,0.9079323315015287
2024,CO2/CO/NOx,2024-09-12 13:00:00+02:00,0.8820045985479692
2024,CO2/CO/NOx,2024-09-12 14:00:00+02:00,0.887774680522321
2024,CO2/CO/NOx,2024-09-12 15:00:00+02:00,0.9071323663192654
2024,CO2/CO/NOx,2024-09-12 16:00:00+02:00,0.924335768008387
2024,CO2/CO/NOx,2024-09-12 17:00:00+02:00,0.9509580169243779
2024,CO2/CO/NOx,2024-09-12 18:00:00+02:00,0.9930945125165898
2024,CO2/CO/NOx,2024-09-12 19:00:00+02:00,1.0217626765306134
2024,CO2/CO/NOx,2024-09-12 20:00:00+02:00,1.0207541875370465
2024,CO2/CO/NOx,2024-09-12 21:00:00+02:00,0.994858783777283
2024,CO2/CO/NOx,2024-09-12 22:00:00+02:00,0.9636580753028516
2024,CO2/CO/NOx,2024-09-12 23:00:00+02:00,0.9307497554274711
2024,CO2/CO/NOx,2024-09-13 00:00:00+02:00,0.872980403745466
2024,CO2/CO/NOx,2024-09-13 01:00:00+02:00,0.858323631774906
2024,CO2/CO/NOx,2024-09-13 02:00:00+02:00,0.8919935926441747
2024,CO2/CO/NOx,2024-09-13 03:00:00+02:00,0.961539927087505
2024,CO2/CO/NOx,2024-09-13 04:00:00+02:00,1.0273541681706237
2024,CO2/CO/NOx,2024-09-13 05:00:00+02:00,1.088205008674493
2024,CO2/CO/NOx,2024-09-13 06:00:00+02:00,1.142265595673565
2024,CO2/CO/NOx,2024-09-13 07:00:00+02:00,1.172482156201381
2024,CO2/CO/NOx,2024-09-13 08:00:00+02:00,1.1765738930141654
2024,CO2/CO/NOx,2024-09-13 09:00:00+02:00,1.1497760461313045
2024,CO2/CO/NOx,2024-09-13 10:00:00+02:00,1.1310258750747386
2024,CO2/CO/NOx,2024-09-13 11:00:00+02:00,1.106986428572668
2024,CO2/CO/NOx,2024-09-13 12:00:00+02:00,1.073724840479311
2024,CO2/CO/NOx,2024-09-13 13:00:00+02:00,1.050668826983444
2024,CO2/CO/NOx,2024-09-13 14:00:00+02:00,1.040869350788717
2024,CO2/CO/NOx,2024-09-13 15:00:00+02:00,1.0481785080898818
2024,CO2/CO/NOx,2024-09-13 16:00:00+02:00,1.0664292469048156
2024,CO2/CO/NOx,2024-09-13 17:00:00+02:00,1.10217369639748
2024,CO2/CO/NOx,2024-09-13 18:00:00+02:00,1.160792834259979
2024,CO2/CO/NOx,2024-09-13 19:00:00+02:00,1.1761587923691343
2024,CO2/CO/NOx,2024-09-13 20:00:00+02:00,1.173459174316871
2024,CO2/CO/NOx,2024-09-13 21:00:00+02:00,1.1536156680999996
2024,CO2/CO/NOx,2024-09-13 22:00:00+02:00,1.1242624229509692
2024,CO2/CO/NOx,2024-09-13 23:00:00+02:00,1.0894669285496377
2024,CO2/CO/NOx,2024-09-14 00:00:00+02:00,1.050350721632748
2024,CO2/CO/NOx,2024-09-14 01:00:00+02:00,1.0368575005218637
2024,CO2/CO/NOx,2024-09-14 02:00:00+02:00,1.047466798950738
2024,CO2/CO/NOx,2024-09-14 03:00:00+02:00,1.079682327536759
2024,CO2/CO/NOx,2024-09-14 04:00:00+02:00,1.098796593287819
2024,CO2/CO/NOx,2024-09-14 05:00:00+02:00,1.1356248545450032
2024,CO2/CO/NOx,2024-09-14 06:00:00+02:00,1.178461282997875
2024,CO2/CO/NOx,2024-09-14 07:00:00+02:00,1.2223020770193496
2024,CO2/CO/NOx,2024-09-14 08:00:00+02:00,1.2463457391577641
2024,CO2/CO/NOx,2024-09-14 09:00:00+02:00,1.2466983129987808
2024,CO2/CO/NOx,2024-09-14 10:00:00+02:00,1.2426643934579267
2024,CO2/CO/NOx,2024-09-14 11:00:00+02:00,1.2233375935452775
2024,CO2/CO/NOx,2024-09-14 12:00:00+02:00,1.19019946804355
2024,CO2/CO/NOx,2024-09-14 13:00:00+02:00,1.1634915415734874
2024,CO2/CO/NOx,2024-09-14 14:00:00+02:00,1.1529125278705215
2024,CO2/CO/NOx,2024-09-14 15:00:00+02:00,1.1738399762183296
2024,CO2/CO/NOx,2024-09-14 16:00:00+02:00,1.1949272625663652
2024,CO2/CO/NOx,2024-09-14 17:00:00+02:00,1.2088243665630207
2024,CO2/CO/NOx,2024-09-14 18:00:00+02:00,1.2300244029081282
2024,CO2/CO/NOx,2024-09-14 19:00:00+02:00,1.226429487621547
2024,CO2/CO/NOx,2024-09-14 20:00:00+02:00,1.2001757301374598
2024,CO2/CO/NOx,2024-09-14 21:00:00+02:00,1.1590910146450266
2024,CO2/CO/NOx,2024-09-14 22:00:00+02:00,1.1166054161971959
2024,CO2/CO/NOx,2024-09-14 23:00:00+02:00,1.0758515287239916
2024,CO2/CO/NOx,2024-09-15 00:00:00+02:00,1.0517997202250133
2024,CO2/CO/NOx,2024-09-15 01:00:00+02:00,1.0220597050105455
2024,CO2/CO/NOx,2024-09-15 02:00:00+02:00,1.0229598690408885
2024,CO2/CO/NOx,2024-09-15 03:00:00+02:00,1.0491538353832233
2024,CO2/CO/NOx,2024-09-15 04:00:00+02:00,1.0859273258946358
2024,CO2/CO/NOx,2024-09-15 05:00:00+02:00,1.1179464843827644
2024,CO2/CO/NOx,2024-09-15 06:00:00+02:00,1.1451616990508886
2024,CO2/CO/NOx,2024-09-15 07:00:00+02:00,1.155994994816773
2024,CO2/CO/NOx,2024-09-15 08:00:00+02:00,1.144051888507179
2024,CO2/CO/NOx,2024-09-15 09:00:00+02:00,1.1104397021252377
2024,CO2/CO/NOx,2024-09-15 10:00:00+02:00,1.062696852880674
2024,CO2/CO/NOx,2024-09-15 11:00:00+02:00,1.015991382262014
2024,CO2/CO/NOx,2024-09-15 12:00:00+02:00,0.9699439921598529
2024,CO2/CO/NOx,2024-09-15 13:00:00+02:00,0.9404872236542094
2024,CO2/CO/NOx,2024-09-15 14:00:00+02:00,0.9243962682051854
2024,CO2/CO/NOx,2024-09-15 15:00:00+02:00,0.9375652591044967
2024,CO2/CO/NOx,2024-09-15 16:00:00+02:00,0.9484700498639436
2024,CO2/CO/NOx,2024-09-15 17:00:00+02:00,0.9701757593551793
2024,CO2/CO/NOx,2024-09-15 18:00:00+02:00,1.0087635114620987
2024,CO2/CO/NOx,2024-09-15 19:00:00+02:00,1.029858120994401
2024,CO2/CO/NOx,2024-09-15 20:00:00+02:00,1.0238858118291658
2024,CO2/CO/NOx,2024-09-15 21:00:00+02:00,0.9984213119848429
2024,CO2/CO/NOx,2024-09-15 22:00:00+02:00,0.9511523477388891
2024,CO2/CO/NOx,2024-09-15 23:00:00+02:00,0.905767485385289
2024,CO2/CO/NOx,2024-09-16 00:00:00+02:00,0.8483638637020812
2024,CO2/CO/NOx,2024-09-16 01:00:00+02:00,0.8026927535847738
2024,CO2/CO/NOx,2024-09-16 02:00:00+02:00,0.802494729438347
2024,CO2/CO/NOx,2024-09-16 03:00:00+02:00,0.8398546578747478
2024,CO2/CO/NOx,2024-09-16 04:00:00+02:00,0.8924295802524984
2024,CO2/CO/NOx,2024-09-16 05:00:00+02:00,0.9577018376970524
2024,CO2/CO/NOx,2024-09-16 06:00:00+02:00,1.0319862280187297
2024,CO2/CO/NOx,2024-09-16 07:00:00+02:00,1.0860419346326533
2024,CO2/CO/NOx,2024-09-16 08:00:00+02:00,1.116660958001817
2024,CO2/CO/NOx,2024-09-16 09:00:00+02:00,1.1084398876636106
2024,CO2/CO/NOx,2024-09-16 10:00:00+02:00,1.1067044954420098
2024,CO2/CO/NOx,2024-09-16 11:00:00+02:00,1.0997044091306691
2024,CO2/CO/NOx,2024-09-16 12:00:00+02:00,1.0784883483164298
2024,CO2/CO/NOx,2024-09-16 13:00:00+02:00,1.067402181665647
2024,CO2/CO/NOx,2024-09-16 14:00:00+02:00,1.06114355893516
2024,CO2/CO/NOx,2024-09-16 15:00:00+02:00,1.068585014239837
2024,CO2/CO/NOx,2024-09-16 16:00:00+02:00,1.0775402823824984
2024,CO2/CO/NOx,2024-09-16 17:00:00+02:00,1.0924411635518192
2024,CO2/CO/NOx,2024-09-16 18:00:00+02:00,1.1196402643537877
2024,CO2/CO/NOx,2024-09-16 19:00:00+02:00,1.123903995692976
2024,CO2/CO/NOx,2024-09-16 20:00:00+02:00,1.1050637411641495
2024,CO2/CO/NOx,2024-09-16 21:00:00+02:00,1.0602491919568262
2024,CO2/CO/NOx,2024-09-16 22:00:00+02:00,1.0055650243394498
2024,CO2/CO/NOx,2024-09-16 23:00:00+02:00,0.9468379854332677
2024,CO2/CO/NOx,2024-09-17 00:00:00+02:00,0.8832646711832011
2024,CO2/CO/NOx,2024-09-17 01:00:00+02:00,0.8551763108780789
2024,CO2/CO/NOx,2024-09-17 02:00:00+02:00,0.8668161808477048
2024,CO2/CO/NOx,2024-09-17 03:00:00+02:00,0.9102411252559113
2024,CO2/CO/NOx,2024-09-17 04:00:00+02:00,0.9483197859301976
2024,CO2/CO/NOx,2024-09-17 05:00:00+02:00,0.9989276705690053
2024,CO2/CO/NOx,2024-09-17 06:00:00+02:00,1.0407880785662715
2024,CO2/CO/NOx,2024-09-17 07:00:00+02:00,1.06440562179792
2024,CO2/CO/NOx,2024-09-17 08:00:00+02:00,1.059117711650823
2024,CO2/CO/NOx,2024-09-17 09:00:00+02:00,1.0204167491478193
2024,CO2/CO/NOx,2024-09-17 10:00:00+02:00,0.9805170907471373
2024,CO2/CO/NOx,2024-09-17 11:00:00+02:00,0.9266862719580103
2024,CO2/CO/NOx,2024-09-17 12:00:00+02:00,0.8620728347499024
2024,CO2/CO/NOx,2024-09-17 13:00:00+02:00,0.8086635303091971
2024,CO2/CO/NOx,2024-09-17 14:00:00+02:00,0.7718396718481618
2024,CO2/CO/NOx,2024-09-17 15:00:00+02:00,0.7546958784690164
2024,CO2/CO/NOx,2024-09-17 16:00:00+02:00,0.7446239300940676
2024,CO2/CO/NOx,2024-09-17 17:00:00+02:00,0.748922381533701
2024,CO2/CO/NOx,2024-09-17 18:00:00+02:00,0.7936102864127355
2024,CO2/CO/NOx,2024-09-17 19:00:00+02:00,0.8122482837516536
2024,CO2/CO/NOx,2024-09-17 20:00:00+02:00,0.8114625038882325
2024,CO2/CO/NOx,2024-09-17 21:00:00+02:00,0.7983050078077031
2024,CO2/CO/NOx,2024-09-17 22:00:00+02:00,0.7857945754050205
2024,CO2/CO/NOx,2024-09-17 23:00:00+02:00,0.7612444163765655
2024,CO2/CO/NOx,2024-09-18 00:00:00+02:00,0.7188247886649214
2024,CO2/CO/NOx,2024-09-18 01:00:00+02:00,0.6959454624128103
2024,CO2/CO/NOx,2024-09-18 02:00:00+02:00,0.7173106775920365
2024,CO2/CO/NOx,2024-09-18 03:00:00+02:00,0.7716354167259084
2024,CO2/CO/NOx,2024-09-18 04:00:00+02:00,0.8020669276653936
2024,CO2/CO/NOx,2024-09-18 05:00:00+02:00,0.8523082168593848
2024,CO2/CO/NOx,2024-09-18 06:00:00+02:00,0.9058212488863364
2024,CO2/CO/NOx,2024-09-18 07:00:00+02:00,0.9393601391052993
2024,CO2/CO/NOx,2024-09-18 08:00:00+02:00,0.9250026662439337
2024,CO2/CO/NOx,2024-09-18 09:00:00+02:00,0.8688529963567028
2024,CO2/CO/NOx,2024-09-18 10:00:00+02:00,0.8117883881532229
2024,CO2/CO/NOx,2024-09-18 11:00:00+02:00,0.7512351110069667
2024,CO2/CO/NOx,2024-09-18 12:00:00+02:00,0.6770650785356793
2024,CO2/CO/NOx,2024-09-18 13:00:00+02:00,0.6140628958807887
2024,CO2/CO/NOx,2024-09-18 14:00:00+02:00,0.5954167618864156
2024,CO2/CO/NOx,2024-09-18 15:00:00+02:00,0.5902802513941265
2024,CO2/CO/NOx,2024-09-18 16:00:00+02:00,0.592623142949528
2024,CO2/CO/NOx,2024-09-18 17:00:00+02:00,0.5955036291208583
2024,CO2/CO/NOx,2024-09-18 18:00:00+02:00,0.6047048025796083
2024,CO2/CO/NOx,2024-09-18 19:00:00+02:00,0.5955871096226366
2024,CO2/CO/NOx,2024-09-18 20:00:00+02:00,0.5698996618037152
2024,CO2/CO/NOx,2024-09-18 21:00:00+02:00,0.5301933434958124
2024,CO2/CO/NOx,2024-09-18 22:00:00+02:00,0.4867404434546634
2024,CO2/CO/NOx,2024-09-18 23:00:00+02:00,0.4500658998524049
2024,CO2/CO/NOx,2024-09-19 00:00:00+02:00,0.4127361180637613
2024,CO2/CO/NOx,2024-09-19 01:00:00+02:00,0.41829118274425886
2024,CO2/CO/NOx,2024-09-19 02:00:00+02:00,0.4612435119684837
2024,CO2/CO/NOx,2024-09-19 03:00:00+02:00,0.5299969961455155
2024,CO2/CO/NOx,2024-09-19 04:00:00+02:00,0.6068724405562108
2024,CO2/CO/NOx,2024-09-19 05:00:00+02:00,0.6822032197080831
2024,CO2/CO/NOx,2024-09-19 06:00:00+02:00,0.7360191998667144
2024,CO2/CO/NOx,2024-09-19 07:00:00+02:00,0.7482852643679198
2024,CO2/CO/NOx,2024-09-19 08:00:00+02:00,0.7154236905187916
2024,CO2/CO/NOx,2024-09-19 09:00:00+02:00,0.6497076260971104
2024,CO2/CO/NOx,2024-09-19 10:00:00+02:00,0.5885488941464999
2024,CO2/CO/NOx,2024-09-19 11:00:00+02:00,0.5275045266112063
2024,CO2/CO/NOx,2024-09-19 12:00:00+02:00,0.47936970783996485
2024,CO2/CO/NOx,2024-09-19 13:00:00+02:00,0.4575031778408474
2024,CO2/CO/NOx,2024-09-19 14:00:00+02:00,0.45612804587560896
2024,CO2/CO/NOx,2024-09-19 15:00:00+02:00,0.46748886613038465
2024,CO2/CO/NOx,2024-09-19 16:00:00+02:00,0.48031985145294004
2024,CO2/CO/NOx,2024-09-19 17:00:00+02:00,0.4873641213342643
2024,CO2/CO/NOx,2024-09-19 18:00:00+02:00,0.5057431270290046
2024,CO2/CO/NOx,2024-09-19 19:00:00+02:00,0.5088220313701732
2024,CO2/CO/NOx,2024-09-19 20:00:00+02:00,0.49487305666226267
2024,CO2/CO/NOx,2024-09-19 21:00:00+02:00,0.4797263068083523
2024,CO2/CO/NOx,2024-09-19 22:00:00+02:00,0.4660411807702509
2024,CO2/CO/NOx,2024-09-19 23:00:00+02:00,0.4710447742571275
2024,CO2/CO/NOx,2024-09-20 00:00:00+02:00,0.46983939209449244
2024,CO2/CO/NOx,2024-09-20 01:00:00+02:00,0.4890537177561012
2024,CO2/CO/NOx,2024-09-20 02:00:00+02:00,0.5283830386957679
2024,CO2/CO/NOx,2024-09-20 03:00:00+02:00,0.5883804489278831
2024,CO2/CO/NOx,2024-09-20 04:00:00+02:00,0.6456531140672613
2024,CO2/CO/NOx,2024-09-20 05:00:00+02:00,0.6973979845611656
2024,CO2/CO/NOx,2024-09-20 06:00:00+02:00,0.7414489975742364
2024,CO2/CO/NOx,2024-09-20 07:00:00+02:00,0.7552989536052498
2024,CO2/CO/NOx,2024-09-20 08:00:00+02:00,0.7384049591653926
2024,CO2/CO/NOx,2024-09-20 09:00:00+02:00,0.672803308569419
2024,CO2/CO/NOx,2024-09-20 10:00:00+02:00,0.6045583917841307
2024,CO2/CO/NOx,2024-09-20 11:00:00+02:00,0.544681929716454
2024,CO2/CO/NOx,2024-09-20 12:00:00+02:00,0.49398627755870406
2024,CO2/CO/NOx,2024-09-20 13:00:00+02:00,0.4772904195599827
2024,CO2/CO/NOx,2024-09-20 14:00:00+02:00,0.48024790350051555
2024,CO2/CO/NOx,2024-09-20 15:00:00+02:00,0.49600872570851395
2024,CO2/CO/NOx,2024-09-20 16:00:00+02:00,0.5179003936416019
2024,CO2/CO/NOx,2024-09-20 17:00:00+02:00,0.525780209435304
2024,CO2/CO/NOx,2024-09-20 18:00:00+02:00,0.5366453843636927
2024,CO2/CO/NOx,2024-09-20 19:00:00+02:00,0.5248714088351158
2024,CO2/CO/NOx,2024-09-20 20:00:00+02:00,0.5158725727885538
2024,CO2/CO/NOx,2024-09-20 21:00:00+02:00,0.5133543363078585
2024,CO2/CO/NOx,2024-09-20 22:00:00+02:00,0.5190876427432118
2024,CO2/CO/NOx,2024-09-20 23:00:00+02:00,0.5248618500218899
2024,CO2/CO/NOx,2024-09-21 00:00:00+02:00,0.5169813827198692
2024,CO2/CO/NOx,2024-09-21 01:00:00+02:00,0.5447382177263357
2024,CO2/CO/NOx,2024-09-21 02:00:00+02:00,0.576454598483229
2024,CO2/CO/NOx,2024-09-21 03:00:00+02:00,0.6166949753856772
2024,CO2/CO/NOx,2024-09-21 04:00:00+02:00,0.6527278887243708
2024,CO2/CO/NOx,2024-09-21 05:00:00+02:00,0.6999242345547683
2024,CO2/CO/NOx,2024-09-21 06:00:00+02:00,0.7477806967730428
2024,CO2/CO/NOx,2024-09-21 07:00:00+02:00,0.7674938370588797
2024,CO2/CO/NOx,2024-09-21 08:00:00+02:00,0.7474516607157015
2024,CO2/CO/NOx,2024-09-21 09:00:00+02:00,0.6875576352777246
2024,CO2/CO/NOx,2024-09-21 10:00:00+02:00,0.6372525606398419
2024,CO2/CO/NOx,2024-09-21 11:00:00+02:00,0.576694171759769
2024,CO2/CO/NOx,2024-09-21 12:00:00+02:00,0.5233052873380746
2024,CO2/CO/NOx,2024-09-21 13:00:00+02:00,0.5042314604710189
2024,CO2/CO/NOx,2024-09-21 14:00:00+02:00,0.4989920167858463
2024,CO2/CO/NOx,2024-09-21 15:00:00+02:00,0.5061181692104095
2024,CO2/CO/NOx,2024-09-21 16:00:00+02:00,0.5220675474412145
2024,CO2/CO/NOx,2024-09-21 17:00:00+02:00,0.5264211823464895
2024,CO2/CO/NOx,2024-09-21 18:00:00+02:00,0.5350533577230084
2024,CO2/CO/NOx,2024-09-21 19:00:00+02:00,0.535347450518057
2024,CO2/CO/NOx,2024-09-21 20:00:00+02:00,0.53948627105839
2024,CO2/CO/NOx,2024-09-21 21:00:00+02:00,0.5425403823251445
2024,CO2/CO/NOx,2024-09-21 22:00:00+02:00,0.5486970322981236
2024,CO2/CO/NOx,2024-09-21 23:00:00+02:00,0.5479262313497631
2024,CO2/CO/NOx,2024-09-22 00:00:00+02:00,0.5423628495522705
2024,CO2/CO/NOx,2024-09-22 01:00:00+02:00,0.5523891229187673
2024,CO2/CO/NOx,2024-09-22 02:00:00+02:00,0.552985117239878
2024,CO2/CO/NOx,2024-09-22 03:00:00+02:00,0.5662268583243849
2024,CO2/CO/NOx,2024-09-22 04:00:00+02:00,0.6019474853485327
2024,CO2/CO/NOx,2024-09-22 05:00:00+02:00,0.658003566622677
2024,CO2/CO/NOx,2024-09-22 06:00:00+02:00,0.7023212108671862
2024,CO2/CO/NOx,2024-09-22 07:00:00+02:00,0.7214452208846781
2024,CO2/CO/NOx,2024-09-22 08:00:00+02:00,0.7103372725594151
2024,CO2/CO/NOx,2024-09-22 09:00:00+02:00,0.6630345919989021
2024,CO2/CO/NOx,2024-09-22 10:00:00+02:00,0.606014272477776
2024,CO2/CO/NOx,2024-09-22 11:00:00+02:00,0.5398522651929617
2024,CO2/CO/NOx,2024-09-22 12:00:00+02:00,0.48684837369102363
2024,CO2/CO/NOx,2024-09-22 13:00:00+02:00,0.47912346349799484
2024,CO2/CO/NOx,2024-09-22 14:00:00+02:00,0.48249709156554393
2024,CO2/CO/NOx,2024-09-22 15:00:00+02:00,0.4927077770812016
2024,CO2/CO/NOx,2024-09-22 16:00:00+02:00,0.5096538744936944
2024,CO2/CO/NOx,2024-09-22 17:00:00+02:00,0.5218208674169283
2024,CO2/CO/NOx,2024-09-22 18:00:00+02:00,0.5333390534245055
2024,CO2/CO/NOx,2024-09-22 19:00:00+02:00,0.5398553641278431
2024,CO2/CO/NOx,2024-09-22 20:00:00+02:00,0.5277414177278353
2024,CO2/CO/NOx,2024-09-22 21:00:00+02:00,0.5087709988308367
2024,CO2/CO/NOx,2024-09-22 22:00:00+02:00,0.48978308576592033
2024,CO2/CO/NOx,2024-09-22 23:00:00+02:00,0.4581159336636342
2024,CO2/CO/NOx,2024-09-23 00:00:00+02:00,0.423934093420866
2024,CO2/CO/NOx,2024-09-23 01:00:00+02:00,0.4175915394862923
2024,CO2/CO/NOx,2024-09-23 02:00:00+02:00,0.4417277879912655
2024,CO2/CO/NOx,2024-09-23 03:00:00+02:00,0.49086315673149505
2024,CO2/CO/NOx,2024-09-23 04:00:00+02:00,0.553352115344728
2024,CO2/CO/NOx,2024-09-23 05:00:00+02:00,0.6094075066737745
2024,CO2/CO/NOx,2024-09-23 06:00:00+02:00,0.65717687643194
2024,CO2/CO/NOx,2024-09-23 07:00:00+02:00,0.6705166147366171
2024,CO2/CO/NOx,2024-09-23 08:00:00+02:00,0.6449704859192498
2024,CO2/CO/NOx,2024-09-23 09:00:00+02:00,0.5857620535842748
2024,CO2/CO/NOx,2024-09-23 10:00:00+02:00,0.5293922024295522
2024,CO2/CO/NOx,2024-09-23 11:00:00+02:00,0.4853380354603719
2024,CO2/CO/NOx,2024-09-23 12:00:00+02:00,0.44583719693256496
2024,CO2/CO/NOx,2024-09-23 13:00:00+02:00,0.43081565253702436
2024,CO2/CO/NOx,2024-09-23 14:00:00+02:00,0.42444142358869685
2024,CO2/CO/NOx,2024-09-23 15:00:00+02:00,0.42416086546715465
2024,CO2/CO/NOx,2024-09-23 16:00:00+02:00,0.4208469175681163
2024,CO2/CO/NOx,2024-09-23 17:00:00+02:00,0.42550808893621983
2024,CO2/CO/NOx,2024-09-23 18:00:00+02:00,0.4374801267019455
2024,CO2/CO/NOx,2024-09-23 19:00:00+02:00,0.44533628449369683
2024,CO2/CO/NOx,2024-09-23 20:00:00+02:00,0.44477060447904426
2024,CO2/CO/NOx,2024-09-23 21:00:00+02:00,0.4371715085998187
2024,CO2/CO/NOx,2024-09-23 22:00:00+02:00,0.42887814246736256
2024,CO2/CO/NOx,2024-09-23 23:00:00+02:00,0.4162137364850929
2024,CO2/CO/NOx,2024-09-24 00:00:00+02:00,0.40397734258039497
2024,CO2/CO/NOx,2024-09-24 01:00:00+02:00,0.4089626359552451
2024,CO2/CO/NOx,2024-09-24 02:00:00+02:00,0.44452015247185994
2024,CO2/CO/NOx,2024-09-24 03:00:00+02:00,0.49642292994557946
2024,CO2/CO/NOx,2024-09-24 04:00:00+02:00,0.5541113730854936
2024,CO2/CO/NOx,2024-09-24 05:00:00+02:00,0.601709760473603
2024,CO2/CO/NOx,2024-09-24 06:00:00+02:00,0.6389179940984129
2024,CO2/CO/NOx,2024-09-24 07:00:00+02:00,0.6506891454809631
2024,CO2/CO/NOx,2024-09-24 08:00:00+02:00,0.6361926945063895
2024,CO2/CO/NOx,2024-09-24 09:00:00+02:00,0.5954042313761665
2024,CO2/CO/NOx,2024-09-24 10:00:00+02:00,0.5523996040514118
2024,CO2/CO/NOx,2024-09-24 11:00:00+02:00,0.519306362155053
2024,CO2/CO/NOx,2024-09-24 12:00:00+02:00,0.496363949114282
2024,CO2/CO/NOx,2024-09-24 13:00:00+02:00,0.4930404287537957
2024,CO2/CO/NOx,2024-09-24 14:00:00+02:00,0.4912206360713046
2024,CO2/CO/NOx,2024-09-24 15:00:00+02:00,0.500935408109793
2024,CO2/CO/NOx,2024-09-24 16:00:00+02:00,0.5040051023297415
2024,CO2/CO/NOx,2024-09-24 17:00:00+02:00,0.5028442020448638
2024,CO2/CO/NOx,2024-09-24 18:00:00+02:00,0.5061567087168107
2024,CO2/CO/NOx,2024-09-24 19:00:00+02:00,0.49890797535729847
2024,CO2/CO/NOx,2024-09-24 20:00:00+02:00,0.4908209587933572
2024,CO2/CO/NOx,2024-09-24 21:00:00+02:00,0.4867932540673462
2024,CO2/CO/NOx,2024-09-24 22:00:00+02:00,0.4891889979548123
2024,CO2/CO/NOx,2024-09-24 23:00:00+02:00,0.49565678893497955
2024,CO2/CO/NOx,2024-09-25 00:00:00+02:00,0.5071450611194208
2024,CO2/CO/NOx,2024-09-25 01:00:00+02:00,0.5312616177201354
2024,CO2/CO/NOx,2024-09-25 02:00:00+02:00,0.5588283241182274
2024,CO2/CO/NOx,2024-09-25 03:00:00+02:00,0.5968035111741657
2024,CO2/CO/NOx,2024-09-25 04:00:00+02:00,0.6283735058844451
2024,CO2/CO/NOx,2024-09-25 05:00:00+02:00,0.6576615679451184
2024,CO2/CO/NOx,2024-09-25 06:00:00+02:00,0.6811550504706665
2024,CO2/CO/NOx,2024-09-25 07:00:00+02:00,0.6805545559204529
2024,CO2/CO/NOx,2024-09-25 08:00:00+02:00,0.6550466049205325
2024,CO2/CO/NOx,2024-09-25 09:00:00+02:00,0.6078873545328911
2024,CO2/CO/NOx,2024-09-25 10:00:00+02:00,0.5634952482020825
2024,CO2/CO/NOx,2024-09-25 11:00:00+02:00,0.5122945606709884
2024,CO2/CO/NOx,2024-09-25 12:00:00+02:00,0.47689085765514805
2024,CO2/CO/NOx,2024-09-25 13:00:00+02:00,0.46020701245020723
2024,CO2/CO/NOx,2024-09-25 14:00:00+02:00,0.44675206086230995
2024,CO2/CO/NOx,2024-09-25 15:00:00+02:00,0.4526727015991761
2024,CO2/CO/NOx,2024-09-25 16:00:00+02:00,0.4576182354259802
2024,CO2/CO/NOx,2024-09-25 17:00:00+02:00,0.46452929522539455
2024,CO2/CO/NOx,2024-09-25 18:00:00+02:00,0.4744487799700797
2024,CO2/CO/NOx,2024-09-25 19:00:00+02:00,0.47866696456236607
2024,CO2/CO/NOx,2024-09-25 20:00:00+02:00,0.47538976212560174
2024,CO2/CO/NOx,2024-09-25 21:00:00+02:00,0.47010128925071965
2024,CO2/CO/NOx,2024-09-25 22:00:00+02:00,0.45204440270951135
2024,CO2/CO/NOx,2024-09-25 23:00:00+02:00,0.4260679344542909
2024,CO2/CO/NOx,2024-09-26 00:00:00+02:00,0.4058029131383256
2024,CO2/CO/NOx,2024-09-26 01:00:00+02:00,0.3979629384082946
2024,CO2/CO/NOx,2024-09-26 02:00:00+02:00,0.41051571435847684
2024,CO2/CO/NOx,2024-09-26 03:00:00+02:00,0.43036598507868895
2024,CO2/CO/NOx,2024-09-26 04:00:00+02:00,0.45186613629188344
2024,CO2/CO/NOx,2024-09-26 05:00:00+02:00,0.4814515889886623
2024,CO2/CO/NOx,2024-09-26 06:00:00+02:00,0.5101367780549406
2024,CO2/CO/NOx,2024-09-26 07:00:00+02:00,0.5241850245544271
2024,CO2/CO/NOx,2024-09-26 08:00:00+02:00,0.5218830901974739
2024,CO2/CO/NOx,2024-09-26 09:00:00+02:00,0.4990086010339637
2024,CO2/CO/NOx,2024-09-26 10:00:00+02:00,0.47448266001660777
2024,CO2/CO/NOx,2024-09-26 11:00:00+02:00,0.4504602032001091
2024,CO2/CO/NOx,2024-09-26 12:00:00+02:00,0.4248946195651617
2024,CO2/CO/NOx,2024-09-26 13:00:00+02:00,0.413896171614548
2024,CO2/CO/NOx,2024-09-26 14:00:00+02:00,0.41728738716942493
2024,CO2/CO/NOx,2024-09-26 15:00:00+02:00,0.43400060956580333
2024,CO2/CO/NOx,2024-09-26 16:00:00+02:00,0.45347952683874837
2024,CO2/CO/NOx,2024-09-26 17:00:00+02:00,0.47006558657094577
2024,CO2/CO/NOx,2024-09-26 18:00:00+02:00,0.49430049489041755
2024,CO2/CO/NOx,2024-09-26 19:00:00+02:00,0.502829378225154
2024,CO2/CO/NOx,2024-09-26 20:00:00+02:00,0.4986580111269694
2024,CO2/CO/NOx,2024-09-26 21:00:00+02:00,0.4841159575165887
2024,CO2/CO/NOx,2024-09-26 22:00:00+02:00,0.46748881694842426
2024,CO2/CO/NOx,2024-09-26 23:00:00+02:00,0.4474024282895068
2024,CO2/CO/NOx,2024-09-27 00:00:00+02:00,0.4179195132657843
2024,CO2/CO/NOx,2024-09-27 01:00:00+02:00,0.40374544803498824
2024,CO2/CO/NOx,2024-09-27 02:00:00+02:00,0.4162777108734201
2024,CO2/CO/NOx,2024-09-27 03:00:00+02:00,0.46085838519374356
2024,CO2/CO/NOx,2024-09-27 04:00:00+02:00,0.5148852822191653
2024,CO2/CO/NOx,2024-09-27 05:00:00+02:00,0.5725574194313954
2024,CO2/CO/NOx,2024-09-27 06:00:00+02:00,0.6304356549603948
2024,CO2/CO/NOx,2024-09-27 07:00:00+02:00,0.6595523698370156
2024,CO2/CO/NOx,2024-09-27 08:00:00+02:00,0.6497311586568701
2024,CO2/CO/NOx,2024-09-27 09:00:00+02:00,0.5996991501623842
2024,CO2/CO/NOx,2024-09-27 10:00:00+02:00,0.5424423339512507
2024,CO2/CO/NOx,2024-09-27 11:00:00+02:00,0.4937924508863151
2024,CO2/CO/NOx,2024-09-27 12:00:00+02:00,0.45489283576682205
2024,CO2/CO/NOx,2024-09-27 13:00:00+02:00,0.4405546049468188
2024,CO2/CO/NOx,2024-09-27 14:00:00+02:00,0.45069334980448167
2024,CO2/CO/NOx,2024-09-27 15:00:00+02:00,0.49380668876003314
2024,CO2/CO/NOx,2024-09-27 16:00:00+02:00,0.5401902796004077
2024,CO2/CO/NOx,2024-09-27 17:00:00+02:00,0.595303057922024
2024,CO2/CO/NOx,2024-09-27 18:00:00+02:00,0.6615514467257475
2024,CO2/CO/NOx,2024-09-27 19:00:00+02:00,0.6996994208536356
2024,CO2/CO/NOx,2024-09-27 20:00:00+02:00,0.7191071978557365
2024,CO2/CO/NOx,2024-09-27 21:00:00+02:00,0.7109465466193073
2024,CO2/CO/NOx,2024-09-27 22:00:00+02:00,0.682253683327374
2024,CO2/CO/NOx,2024-09-27 23:00:00+02:00,0.6611151572484222
2024,CO2/CO/NOx,2024-09-28 00:00:00+02:00,0.6475641661004974
2024,CO2/CO/NOx,2024-09-28 01:00:00+02:00,0.6478119147522899
2024,CO2/CO/NOx,2024-09-28 02:00:00+02:00,0.6707523074667554
2024,CO2/CO/NOx,2024-09-28 03:00:00+02:00,0.7046413463951203
2024,CO2/CO/NOx,2024-09-28 04:00:00+02:00,0.7380565208205233
2024,CO2/CO/NOx,2024-09-28 05:00:00+02:00,0.7801934677132665
2024,CO2/CO/NOx,2024-09-28 06:00:00+02:00,0.8249191897793549
2024,CO2/CO/NOx,2024-09-28 07:00:00+02:00,0.8474648482615511
2024,CO2/CO/NOx,2024-09-28 08:00:00+02:00,0.8576258662144756
2024,CO2/CO/NOx,2024-09-28 09:00:00+02:00,0.8544804661551691
2024,CO2/CO/NOx,2024-09-28 10:00:00+02:00,0.84142900498457
2024,CO2/CO/NOx,2024-09-28 11:00:00+02:00,0.828048772453219
2024,CO2/CO/NOx,2024-09-28 12:00:00+02:00,0.809773270136423
2024,CO2/CO/NOx,2024-09-28 13:00:00+02:00,0.8140150963314917
2024,CO2/CO/NOx,2024-09-28 14:00:00+02:00,0.8363630738505181
2024,CO2/CO/NOx,2024-09-28 15:00:00+02:00,0.8751566118820129
2024,CO2/CO/NOx,2024-09-28 16:00:00+02:00,0.8974812123297822
2024,CO2/CO/NOx,2024-09-28 17:00:00+02:00,0.9121469746611346
2024,CO2/CO/NOx,2024-09-28 18:00:00+02:00,0.9282463467410342
2024,CO2/CO/NOx,2024-09-28 19:00:00+02:00,0.91185365003126
2024,CO2/CO/NOx,2024-09-28 20:00:00+02:00,0.8887893214284455
2024,CO2/CO/NOx,2024-09-28 21:00:00+02:00,0.8680274086570497
2024,CO2/CO/NOx,2024-09-28 22:00:00+02:00,0.8598329095662047
2024,CO2/CO/NOx,2024-09-28 23:00:00+02:00,0.8542671417754399
2024,CO2/CO/NOx,2024-09-29 00:00:00+02:00,0.859454204542148
2024,CO2/CO/NOx,2024-09-29 01:00:00+02:00,0.8877554839480318
2024,CO2/CO/NOx,2024-09-29 02:00:00+02:00,0.9363776018987736
2024,CO2/CO/NOx,2024-09-29 03:00:00+02:00,0.995611397635457
2024,CO2/CO/NOx,2024-09-29 04:00:00+02:00,1.0455465194756235
2024,CO2/CO/NOx,2024-09-29 05:00:00+02:00,1.0940515016372236
2024,CO2/CO/NOx,2024-09-29 06:00:00+02:00,1.1266049348415144
2024,CO2/CO/NOx,2024-09-29 07:00:00+02:00,1.1175574630888798
2024,CO2/CO/NOx,2024-09-29 08:00:00+02:00,1.0687520311769783
2024,CO2/CO/NOx,2024-09-29 09:00:00+02:00,1.001566787221113
2024,CO2/CO/NOx,2024-09-29 10:00:00+02:00,0.9382530926890521
2024,CO2/CO/NOx,2024-09-29 11:00:00+02:00,0.8686913262254559
2024,CO2/CO/NOx,2024-09-29 12:00:00+02:00,0.8245541446293796
2024,CO2/CO/NOx,2024-09-29 13:00:00+02:00,0.813359764860756
2024,CO2/CO/NOx,2024-09-29 14:00:00+02:00,0.823120514354648
2024,CO2/CO/NOx,2024-09-29 15:00:00+02:00,0.857730929085415
2024,CO2/CO/NOx,2024-09-29 16:00:00+02:00,0.9021927504840019
2024,CO2/CO/NOx,2024-09-29 17:00:00+02:00,0.9544497258739054
2024,CO2/CO/NOx,2024-09-29 18:00:00+02:00,1.0125151939696302
2024,CO2/CO/NOx,2024-09-29 19:00:00+02:00,1.033939673515498
2024,CO2/CO/NOx,2024-09-29 20:00:00+02:00,1.0006326614721077
2024,CO2/CO/NOx,2024-09-29 21:00:00+02:00,0.9446909958394007
2024,CO2/CO/NOx,2024-09-29 22:00:00+02:00,0.8934962903915856
2024,CO2/CO/NOx,2024-09-29 23:00:00+02:00,0.8536113517837024
2024,CO2/CO/NOx,2024-09-30 00:00:00+02:00,0.8292602229639208
2024,CO2/CO/NOx,2024-09-30 01:00:00+02:00,0.8508938629585937
2024,CO2/CO/NOx,2024-09-30 02:00:00+02:00,0.9081107370024931
2024,CO2/CO/NOx,2024-09-30 03:00:00+02:00,1.0015383955194703
2024,CO2/CO/NOx,2024-09-30 04:00:00+02:00,1.070453241175442
2024,CO2/CO/NOx,2024-09-30 05:00:00+02:00,1.1214486708877154
2024,CO2/CO/NOx,2024-09-30 06:00:00+02:00,1.1625535868052175
2024,CO2/CO/NOx,2024-09-30 07:00:00+02:00,1.1769551287250533
2024,CO2/CO/NOx,2024-09-30 08:00:00+02:00,1.1486892691342367
2024,CO2/CO/NOx,2024-09-30 09:00:00+02:00,1.0756985413874802
2024,CO2/CO/NOx,2024-09-30 10:00:00+02:00,1.0015511626562068
2024,CO2/CO/NOx,2024-09-30 11:00:00+02:00,0.9188563089809509
2024,CO2/CO/NOx,2024-09-30 12:00:00+02:00,0.8329213798610255
2024,CO2/CO/NOx,2024-09-30 13:00:00+02:00,0.7632840294537797
2024,CO2/CO/NOx,2024-09-30 14:00:00+02:00,0.7251286644395629
2024,CO2/CO/NOx,2024-09-30 15:00:00+02:00,0.7138887166029761
2024,CO2/CO/NOx,2024-09-30 16:00:00+02:00,0.7048365678901953
2024,CO2/CO/NOx,2024-09-30 17:00:00+02:00,0.726205318837018
2024,CO2/CO/NOx,2024-09-30 18:00:00+02:00,0.7798242199029725
2024,CO2/CO/NOx,2024-09-30 19:00:00+02:00,0.8013635861435412
2024,CO2/CO/NOx,2024-09-30 20:00:00+02:00,0.8007319563209678
2024,CO2/CO/NOx,2024-09-30 21:00:00+02:00,0.7676231439021457
2024,CO2/CO/NOx,2024-09-30 22:00:00+02:00,0.7290913451589424
2024,CO2/CO/NOx,2024-09-30 23:00:00+02:00,0.6773625045249646
2024,CO2/CO/NOx,2024-10-01 00:00:00+02:00,0.6029433022896162
2024,CO2/CO/NOx,2024-10-01 01:00:00+02:00,0.5572281344180637
2024,CO2/CO/NOx,2024-10-01 02:00:00+02:00,0.5612864299559739
2024,CO2/CO/NOx,2024-10-01 03:00:00+02:00,0.6037029583131335
2024,CO2/CO/NOx,2024-10-01 04:00:00+02:00,0.6381941073739005
2024,CO2/CO/NOx,2024-10-01 05:00:00+02:00,0.68867578712979
2024,CO2/CO/NOx,2024-10-01 06:00:00+02:00,0.7393008849286046
2024,CO2/CO/NOx,2024-10-01 07:00:00+02:00,0.7697429176228556
2024,CO2/CO/NOx,2024-10-01 08:00:00+02:00,0.7659546113242824
2024,CO2/CO/NOx,2024-10-01 09:00:00+02:00,0.72138983893598
2024,CO2/CO/NOx,2024-10-01 10:00:00+02:00,0.6763989136021905
2024,CO2/CO/NOx,2024-10-01 11:00:00+02:00,0.6253191451926751
2024,CO2/CO/NOx,2024-10-01 12:00:00+02:00,0.5740419655793465
2024,CO2/CO/NOx,2024-10-01 13:00:00+02:00,0.5351970854313313
2024,CO2/CO/NOx,2024-10-01 14:00:00+02:00,0.5211414640983826
2024,CO2/CO/NOx,2024-10-01 15:00:00+02:00,0.5340838582826382
2024,CO2/CO/NOx,2024-10-01 16:00:00+02:00,0.5388210525582603
2024,CO2/CO/NOx,2024-10-01 17:00:00+02:00,0.5501810356101244
2024,CO2/CO/NOx,2024-10-01 18:00:00+02:00,0.5745628292626948
2024,CO2/CO/NOx,2024-10-01 19:00:00+02:00,0.58549922727068
2024,CO2/CO/NOx,2024-10-01 20:00:00+02:00,0.5930438680205261
2024,CO2/CO/NOx,2024-10-01 21:00:00+02:00,0.5939586244704264
2024,CO2/CO/NOx,2024-10-01 22:00:00+02:00,0.5944317191278484
2024,CO2/CO/NOx,2024-10-01 23:00:00+02:00,0.6004534215728264
2024,CO2/CO/NOx,2024-10-02 00:00:00+02:00,0.6018951482964746
2024,CO2/CO/NOx,2024-10-02 01:00:00+02:00,0.6074112038512669
2024,CO2/CO/NOx,2024-10-02 02:00:00+02:00,0.6310858630383688
2024,CO2/CO/NOx,2024-10-02 03:00:00+02:00,0.66125190203808
2024,CO2/CO/NOx,2024-10-02 04:00:00+02:00,0.6884683761242041
2024,CO2/CO/NOx,2024-10-02 05:00:00+02:00,0.717247728785341
2024,CO2/CO/NOx,2024-10-02 06:00:00+02:00,0.7443405749224484
2024,CO2/CO/NOx,2024-10-02 07:00:00+02:00,0.7636474702664593
2024,CO2/CO/NOx,2024-10-02 08:00:00+02:00,0.7619732683680098
2024,CO2/CO/NOx,2024-10-02 09:00:00+02:00,0.7374565661078185
2024,CO2/CO/NOx,2024-10-02 10:00:00+02:00,0.7162744615835673
2024,CO2/CO/NOx,2024-10-02 11:00:00+02:00,0.6972181673949484
2024,CO2/CO/NOx,2024-10-02 12:00:00+02:00,0.6807614865662291
2024,CO2/CO/NOx,2024-10-02 13:00:00+02:00,0.68436595150883
2024,CO2/CO/NOx,2024-10-02 14:00:00+02:00,0.6966093284773472
2024,CO2/CO/NOx,2024-10-02 15:00:00+02:00,0.7211717970875741
2024,CO2/CO/NOx,2024-10-02 16:00:00+02:00,0.7525387744225127
2024,CO2/CO/NOx,2024-10-02 17:00:00+02:00,0.7808928575645602
2024,CO2/CO/NOx,2024-10-02 18:00:00+02:00,0.8218260574585156
2024,CO2/CO/NOx,2024-10-02 19:00:00+02:00,0.8369562489412066
2024,CO2/CO/NOx,2024-10-02 20:00:00+02:00,0.856843263098527
2024,CO2/CO/NOx,2024-10-02 21:00:00+02:00,0.8762474541665227
2024,CO2/CO/NOx,2024-10-02 22:00:00+02:00,0.8953162749196676
2024,CO2/CO/NOx,2024-10-02 23:00:00+02:00,0.91126506493027
2024,CO2/CO/NOx,2024-10-03 00:00:00+02:00,0.9240543424671445
2024,CO2/CO/NOx,2024-10-03 01:00:00+02:00,0.9624374550003775
2024,CO2/CO/NOx,2024-10-03 02:00:00+02:00,1.0126750009880443
2024,CO2/CO/NOx,2024-10-03 03:00:00+02:00,1.070276160111658
2024,CO2/CO/NOx,2024-10-03 04:00:00+02:00,1.1115079798639096
2024,CO2/CO/NOx,2024-10-03 05:00:00+02:00,1.148950949587082
2024,CO2/CO/NOx,2024-10-03 06:00:00+02:00,1.1763550797259845
2024,CO2/CO/NOx,2024-10-03 07:00:00+02:00,1.1669656121475411
2024,CO2/CO/NOx,2024-10-03 08:00:00+02:00,1.1376293999506149
2024,CO2/CO/NOx,2024-10-03 09:00:00+02:00,1.092321420657034
2024,CO2/CO/NOx,2024-10-03 10:00:00+02:00,1.0634440720868266
2024,CO2/CO/NOx,2024-10-03 11:00:00+02:00,1.037401605619202
2024,CO2/CO/NOx,2024-10-03 12:00:00+02:00,1.0171984924672917
2024,CO2/CO/NOx,2024-10-03 13:00:00+02:00,1.017923351700835
2024,CO2/CO/NOx,2024-10-03 14:00:00+02:00,1.0163323692338457
2024,CO2/CO/NOx,2024-10-03 15:00:00+02:00,1.033834424899825
2024,CO2/CO/NOx,2024-10-03 16:00:00+02:00,1.0427082243987882
2024,CO2/CO/NOx,2024-10-03 17:00:00+02:00,1.0678911544905165
2024,CO2/CO/NOx,2024-10-03 18:00:00+02:00,1.0974517388490588
2024,CO2/CO/NOx,2024-10-03 19:00:00+02:00,1.1001973224977415
2024,CO2/CO/NOx,2024-10-03 20:00:00+02:00,1.0847513486631173
2024,CO2/CO/NOx,2024-10-03 21:00:00+02:00,1.045375446986308
2024,CO2/CO/NOx,2024-10-03 22:00:00+02:00,0.9946865782799547
2024,CO2/CO/NOx,2024-10-03 23:00:00+02:00,0.9387305266451506
2024,CO2/CO/NOx,2024-10-04 00:00:00+02:00,0.8790702927565858
2024,CO2/CO/NOx,2024-10-04 01:00:00+02:00,0.8634238350219909
2024,CO2/CO/NOx,2024-10-04 02:00:00+02:00,0.8979185805259626
2024,CO2/CO/NOx,2024-10-04 03:00:00+02:00,0.9662973912071181
2024,CO2/CO/NOx,2024-10-04 04:00:00+02:00,1.030439693828447
2024,CO2/CO/NOx,2024-10-04 05:00:00+02:00,1.0948233643519691
2024,CO2/CO/NOx,2024-10-04 06:00:00+02:00,1.1493682543039072
2024,CO2/CO/NOx,2024-10-04 07:00:00+02:00,1.1836404274974137
2024,CO2/CO/NOx,2024-10-04 08:00:00+02:00,1.1843455015897852
2024,CO2/CO/NOx,2024-10-04 09:00:00+02:00,1.154056270404621
2024,CO2/CO/NOx,2024-10-04 10:00:00+02:00,1.1300317817590317
2024,CO2/CO/NOx,2024-10-04 11:00:00+02:00,1.0976438696938338
2024,CO2/CO/NOx,2024-10-04 12:00:00+02:00,1.06028629475591
2024,CO2/CO/NOx,2024-10-04 13:00:00+02:00,1.0264758367452103
2024,CO2/CO/NOx,2024-10-04 14:00:00+02:00,1.0091553146447942
2024,CO2/CO/NOx,2024-10-04 15:00:00+02:00,1.017136018701022
2024,CO2/CO/NOx,2024-10-04 16:00:00+02:00,1.0292209663422234
2024,CO2/CO/NOx,2024-10-04 17:00:00+02:00,1.0452599739740802
2024,CO2/CO/NOx,2024-10-04 18:00:00+02:00,1.0844818055950203
2024,CO2/CO/NOx,2024-10-04 19:00:00+02:00,1.0945159842248937
2024,CO2/CO/NOx,2024-10-04 20:00:00+02:00,1.084111933502287
2024,CO2/CO/NOx,2024-10-04 21:00:00+02:00,1.054499317345923
2024,CO2/CO/NOx,2024-10-04 22:00:00+02:00,1.0192678163553213
2024,CO2/CO/NOx,2024-10-04 23:00:00+02:00,0.9917083795711475
2024,CO2/CO/NOx,2024-10-05 00:00:00+02:00,0.9644711573769684
2024,CO2/CO/NOx,2024-10-05 01:00:00+02:00,0.9545090766482428
2024,CO2/CO/NOx,2024-10-05 02:00:00+02:00,0.9686753665082329
2024,CO2/CO/NOx,2024-10-05 03:00:00+02:00,1.0041348252087376
2024,CO2/CO/NOx,2024-10-05 04:00:00+02:00,1.030350054036532
2024,CO2/CO/NOx,2024-10-05 05:00:00+02:00,1.062370551160608
2024,CO2/CO/NOx,2024-10-05 06:00:00+02:00,1.0938211914776725
2024,CO2/CO/NOx,2024-10-05 07:00:00+02:00,1.1160934739081285
2024,CO2/CO/NOx,2024-10-05 08:00:00+02:00,1.1232319970665794
2024,CO2/CO/NOx,2024-10-05 09:00:00+02:00,1.1117127953559764
2024,CO2/CO/NOx,2024-10-05 10:00:00+02:00,1.110158991803707
2024,CO2/CO/NOx,2024-10-05 11:00:00+02:00,1.0986354537991543
2024,CO2/CO/NOx,2024-10-05 12:00:00+02:00,1.073170282229742
2024,CO2/CO/NOx,2024-10-05 13:00:00+02:00,1.0551696831159598
2024,CO2/CO/NOx,2024-10-05 14:00:00+02:00,1.0385957823650447
2024,CO2/CO/NOx,2024-10-05 15:00:00+02:00,1.038426222737122
2024,CO2/CO/NOx,2024-10-05 16:00:00+02:00,1.0402883035918447
2024,CO2/CO/NOx,2024-10-05 17:00:00+02:00,1.0443311306017216
2024,CO2/CO/NOx,2024-10-05 18:00:00+02:00,1.0693662511840163
2024,CO2/CO/NOx,2024-10-05 19:00:00+02:00,1.0800667491283336
2024,CO2/CO/NOx,2024-10-05 20:00:00+02:00,1.0852544856446937
2024,CO2/CO/NOx,2024-10-05 21:00:00+02:00,1.071714580168543
2024,CO2/CO/NOx,2024-10-05 22:00:00+02:00,1.051238508944651
2024,CO2/CO/NOx,2024-10-05 23:00:00+02:00,1.0226924152514107
2024,CO2/CO/NOx,2024-10-06 00:00:00+02:00,0.9897690685569476
2024,CO2/CO/NOx,2024-10-06 01:00:00+02:00,0.9678369419542139
2024,CO2/CO/NOx,2024-10-06 02:00:00+02:00,0.9678304906115981
2024,CO2/CO/NOx,2024-10-06 03:00:00+02:00,0.9907561423161964
2024,CO2/CO/NOx,2024-10-06 04:00:00+02:00,1.0116872692891408
2024,CO2/CO/NOx,2024-10-06 05:00:00+02:00,1.0512706449871307
2024,CO2/CO/NOx,2024-10-06 06:00:00+02:00,1.0847136744418726
2024,CO2/CO/NOx,2024-10-06 07:00:00+02:00,1.1238754795909518
2024,CO2/CO/NOx,2024-10-06 08:00:00+02:00,1.1365799280148767
2024,CO2/CO/NOx,2024-10-06 09:00:00+02:00,1.1140926220118321
2024,CO2/CO/NOx,2024-10-06 10:00:00+02:00,1.07972204276613
2024,CO2/CO/NOx,2024-10-06 11:00:00+02:00,1.0273966250108786
2024,CO2/CO/NOx,2024-10-06 12:00:00+02:00,0.9575317078777502
2024,CO2/CO/NOx,2024-10-06 13:00:00+02:00,0.89515162748717
2024,CO2/CO/NOx,2024-10-06 14:00:00+02:00,0.8410586704884178
2024,CO2/CO/NOx,2024-10-06 15:00:00+02:00,0.8248929083217643
2024,CO2/CO/NOx,2024-10-06 16:00:00+02:00,0.8480023745713124
2024,CO2/CO/NOx,2024-10-06 17:00:00+02:00,0.8783977852385542
2024,CO2/CO/NOx,2024-10-06 18:00:00+02:00,0.9258770895613837
2024,CO2/CO/NOx,2024-10-06 19:00:00+02:00,0.9641554185487089
2024,CO2/CO/NOx,2024-10-06 20:00:00+02:00,0.9623947887010293
2024,CO2/CO/NOx,2024-10-06 21:00:00+02:00,0.917197524934305
2024,CO2/CO/NOx,2024-10-06 22:00:00+02:00,0.8515843741776548
2024,CO2/CO/NOx,2024-10-06 23:00:00+02:00,0.7730731896070322
2024,CO2/CO/NOx,2024-10-07 00:00:00+02:00,0.6911463485516511
2024,CO2/CO/NOx,2024-10-07 01:00:00+02:00,0.6473667549461353
2024,CO2/CO/NOx,2024-10-07 02:00:00+02:00,0.6564917350888337
2024,CO2/CO/NOx,2024-10-07 03:00:00+02:00,0.7150638879574398
2024,CO2/CO/NOx,2024-10-07 04:00:00+02:00,0.7954548189300468
2024,CO2/CO/NOx,2024-10-07 05:00:00+02:00,0.8665846414643295
2024,CO2/CO/NOx,2024-10-07 06:00:00+02:00,0.9268931813689671
2024,CO2/CO/NOx,2024-10-07 07:00:00+02:00,0.9636756126395469
2024,CO2/CO/NOx,2024-10-07 08:00:00+02:00,0.9475889132009251
2024,CO2/CO/NOx,2024-10-07 09:00:00+02:00,0.8746412012770172
2024,CO2/CO/NOx,2024-10-07 10:00:00+02:00,0.7961076677611352
2024,CO2/CO/NOx,2024-10-07 11:00:00+02:00,0.7152633126503016
2024,CO2/CO/NOx,2024-10-07 12:00:00+02:00,0.641275234381495
2024,CO2/CO/NOx,2024-10-07 13:00:00+02:00,0.5893069746506705
2024,CO2/CO/NOx,2024-10-07 14:00:00+02:00,0.555488338018236
2024,CO2/CO/NOx,2024-10-07 15:00:00+02:00,0.5574837592432279
2024,CO2/CO/NOx,2024-10-07 16:00:00+02:00,0.5773257855924087
2024,CO2/CO/NOx,2024-10-07 17:00:00+02:00,0.5913050289426105
2024,CO2/CO/NOx,2024-10-07 18:00:00+02:00,0.6094638445698506
2024,CO2/CO/NOx,2024-10-07 19:00:00+02:00,0.6019764320929041
2024,CO2/CO/NOx,2024-10-07 20:00:00+02:00,0.5832252641021326
2024,CO2/CO/NOx,2024-10-07 21:00:00+02:00,0.5651351966805949
2024,CO2/CO/NOx,2024-10-07 22:00:00+02:00,0.535908867645372
2024,CO2/CO/NOx,2024-10-07 23:00:00+02:00,0.5082203447687625
2024,CO2/CO/NOx,2024-10-08 00:00:00+02:00,0.48766407357411323
2024,CO2/CO/NOx,2024-10-08 01:00:00+02:00,0.4923402092966917
2024,CO2/CO/NOx,2024-10-08 02:00:00+02:00,0.5104060143255919
2024,CO2/CO/NOx,2024-10-08 03:00:00+02:00,0.553791864150997
2024,CO2/CO/NOx,2024-10-08 04:00:00+02:00,0.5968574881616827
2024,CO2/CO/NOx,2024-10-08 05:00:00+02:00,0.6498198499659515
2024,CO2/CO/NOx,2024-10-08 06:00:00+02:00,0.7056457405936583
2024,CO2/CO/NOx,2024-10-08 07:00:00+02:00,0.7223384065898959
2024,CO2/CO/NOx,2024-10-08 08:00:00+02:00,0.707616392196706
2024,CO2/CO/NOx,2024-10-08 09:00:00+02:00,0.6626387401381164
2024,CO2/CO/NOx,2024-10-08 10:00:00+02:00,0.6102031753606836
2024,CO2/CO/NOx,2024-10-08 11:00:00+02:00,0.5554262317209823
2024,CO2/CO/NOx,2024-10-08 12:00:00+02:00,0.5223535052721151
2024,CO2/CO/NOx,2024-10-08 13:00:00+02:00,0.50258808824302
2024,CO2/CO/NOx,2024-10-08 14:00:00+02:00,0.5027097913810442
2024,CO2/CO/NOx,2024-10-08 15:00:00+02:00,0.5197574040822558
2024,CO2/CO/NOx,2024-10-08 16:00:00+02:00,0.5254402723455435
2024,CO2/CO/NOx,2024-10-08 17:00:00+02:00,0.5345731681685528
2024,CO2/CO/NOx,2024-10-08 18:00:00+02:00,0.5640836992335229
2024,CO2/CO/NOx,2024-10-08 19:00:00+02:00,0.580220424689811
2024,CO2/CO/NOx,2024-10-08 20:00:00+02:00,0.5920253303668609
2024,CO2/CO/NOx,2024-10-08 21:00:00+02:00,0.5926974594131483
2024,CO2/CO/NOx,2024-10-08 22:00:00+02:00,0.5822022386185003
2024,CO2/CO/NOx,2024-10-08 23:00:00+02:00,0.5746589607550586
2024,CO2/CO/NOx,2024-10-09 00:00:00+02:00,0.5598697018540834
2024,CO2/CO/NOx,2024-10-09 01:00:00+02:00,0.5482442331835174
2024,CO2/CO/NOx,2024-10-09 02:00:00+02:00,0.5671502450115354
2024,CO2/CO/NOx,2024-10-09 03:00:00+02:00,0.614299178351685
2024,CO2/CO/NOx,2024-10-09 04:00:00+02:00,0.6661041026594412
2024,CO2/CO/NOx,2024-10-09 05:00:00+02:00,0.7226644837041766
2024,CO2/CO/NOx,2024-10-09 06:00:00+02:00,0.7729003848321851
2024,CO2/CO/NOx,2024-10-09 07:00:00+02:00,0.7990256052141028
2024,CO2/CO/NOx,2024-10-09 08:00:00+02:00,0.7870410842015746
2024,CO2/CO/NOx,2024-10-09 09:00:00+02:00,0.7363379101779074
2024,CO2/CO/NOx,2024-10-09 10:00:00+02:00,0.6670908830367027
2024,CO2/CO/NOx,2024-10-09 11:00:00+02:00,0.597639247190554
2024,CO2/CO/NOx,2024-10-09 12:00:00+02:00,0.5295495220742946
2024,CO2/CO/NOx,2024-10-09 13:00:00+02:00,0.478822652302571
2024,CO2/CO/NOx,2024-10-09 14:00:00+02:00,0.46404616378410296
2024,CO2/CO/NOx,2024-10-09 15:00:00+02:00,0.482320076115323
2024,CO2/CO/NOx,2024-10-09 16:00:00+02:00,0.5150508309543643
2024,CO2/CO/NOx,2024-10-09 17:00:00+02:00,0.5477970432522103
2024,CO2/CO/NOx,2024-10-09 18:00:00+02:00,0.581928133223567
2024,CO2/CO/NOx,2024-10-09 19:00:00+02:00,0.5888077505780466
2024,CO2/CO/NOx,2024-10-09 20:00:00+02:00,0.5682646945027716
2024,CO2/CO/NOx,2024-10-09 21:00:00+02:00,0.5226342377979706
2024,CO2/CO/NOx,2024-10-09 22:00:00+02:00,0.46279008169970204
2024,CO2/CO/NOx,2024-10-09 23:00:00+02:00,0.4151033920115447
2024,CO2/CO/NOx,2024-10-10 00:00:00+02:00,0.3753538287087292
2024,CO2/CO/NOx,2024-10-10 01:00:00+02:00,0.3747942566654928
2024,CO2/CO/NOx,2024-10-10 02:00:00+02:00,0.40043984763345164
2024,CO2/CO/NOx,2024-10-10 03:00:00+02:00,0.4490605332841314
2024,CO2/CO/NOx,2024-10-10 04:00:00+02:00,0.4992831416288464
2024,CO2/CO/NOx,2024-10-10 05:00:00+02:00,0.5392937058679037
2024,CO2/CO/NOx,2024-10-10 06:00:00+02:00,0.5763586794981556
2024,CO2/CO/NOx,2024-10-10 07:00:00+02:00,0.5905541648533871
2024,CO2/CO/NOx,2024-10-10 08:00:00+02:00,0.5812011096163968
2024,CO2/CO/NOx,2024-10-10 09:00:00+02:00,0.5516612143063687
2024,CO2/CO/NOx,2024-10-10 10:00:00+02:00,0.5322999617022476
2024,CO2/CO/NOx,2024-10-10 11:00:00+02:00,0.5111756314612143
2024,CO2/CO/NOx,2024-10-10 12:00:00+02:00,0.4933863409405579
2024,CO2/CO/NOx,2024-10-10 13:00:00+02:00,0.4880624715695514
2024,CO2/CO/NOx,2024-10-10 14:00:00+02:00,0.4968347421099418
2024,CO2/CO/NOx,2024-10-10 15:00:00+02:00,0.528591020169594
2024,CO2/CO/NOx,2024-10-10 16:00:00+02:00,0.5622027972183368
2024,CO2/CO/NOx,2024-10-10 17:00:00+02:00,0.597318065223615
2024,CO2/CO/NOx,2024-10-10 18:00:00+02:00,0.6447852710379628
2024,CO2/CO/NOx,2024-10-10 19:00:00+02:00,0.6789665912448968
2024,CO2/CO/NOx,2024-10-10 20:00:00+02:00,0.6874640035020253
2024,CO2/CO/NOx,2024-10-10 21:00:00+02:00,0.6791399304074457
2024,CO2/CO/NOx,2024-10-10 22:00:00+02:00,0.6686400723767773
2024,CO2/CO/NOx,2024-10-10 23:00:00+02:00,0.6689582140435235
2024,CO2/CO/NOx,2024-10-11 00:00:00+02:00,0.6551078636787114
2024,CO2/CO/NOx,2024-10-11 01:00:00+02:00,0.6654554437404827
2024,CO2/CO/NOx,2024-10-11 02:00:00+02:00,0.6946390587873332
2024,CO2/CO/NOx,2024-10-11 03:00:00+02:00,0.7385358575407586
2024,CO2/CO/NOx,2024-10-11 04:00:00+02:00,0.7719196524152188
2024,CO2/CO/NOx,2024-10-11 05:00:00+02:00,0.7986193135785352
2024,CO2/CO/NOx,2024-10-11 06:00:00+02:00,0.83151393626471
2024,CO2/CO/NOx,2024-10-11 07:00:00+02:00,0.8636397332049579
2024,CO2/CO/NOx,2024-10-11 08:00:00+02:00,0.8903644366749773
2024,CO2/CO/NOx,2024-10-11 09:00:00+02:00,0.8914807422159183
2024,CO2/CO/NOx,2024-10-11 10:00:00+02:00,0.9038069321802811
2024,CO2/CO/NOx,2024-10-11 11:00:00+02:00,0.9073710873997033
2024,CO2/CO/NOx,2024-10-11 12:00:00+02:00,0.8978443744269924
2024,CO2/CO/NOx,2024-10-11 13:00:00+02:00,0.8850102646667559
2024,CO2/CO/NOx,2024-10-11 14:00:00+02:00,0.8760739809036993
2024,CO2/CO/NOx,2024-10-11 15:00:00+02:00,0.885356872822139
2024,CO2/CO/NOx,2024-10-11 16:00:00+02:00,0.8878987739324271
2024,CO2/CO/NOx,2024-10-11 17:00:00+02:00,0.8999289907788347
2024,CO2/CO/NOx,2024-10-11 18:00:00+02:00,0.9190932048430874
2024,CO2/CO/NOx,2024-10-11 19:00:00+02:00,0.9358429381298696
2024,CO2/CO/NOx,2024-10-11 20:00:00+02:00,0.9574538458052432
2024,CO2/CO/NOx,2024-10-11 21:00:00+02:00,0.9756795269913167
2024,CO2/CO/NOx,2024-10-11 22:00:00+02:00,0.9856964981146281
2024,CO2/CO/NOx,2024-10-11 23:00:00+02:00,0.9888459206289708
2024,CO2/CO/NOx,2024-10-12 00:00:00+02:00,0.9822801644266504
2024,CO2/CO/NOx,2024-10-12 01:00:00+02:00,0.9770265764344452
2024,CO2/CO/NOx,2024-10-12 02:00:00+02:00,0.9933906559951776
2024,CO2/CO/NOx,2024-10-12 03:00:00+02:00,1.0166979154670066
2024,CO2/CO/NOx,2024-10-12 04:00:00+02:00,1.0560427154192626
2024,CO2/CO/NOx,2024-10-12 05:00:00+02:00,1.1105988107719693
2024,CO2/CO/NOx,2024-10-12 06:00:00+02:00,1.1630923644327127
2024,CO2/CO/NOx,2024-10-12 07:00:00+02:00,1.2100383375933992
2024,CO2/CO/NOx,2024-10-12 08:00:00+02:00,1.2058237178107365
2024,CO2/CO/NOx,2024-10-12 09:00:00+02:00,1.160754160696632
2024,CO2/CO/NOx,2024-10-12 10:00:00+02:00,1.1058456247874902
2024,CO2/CO/NOx,2024-10-12 11:00:00+02:00,1.0373196293684408
2024,CO2/CO/NOx,2024-10-12 12:00:00+02:00,0.9574842316357979
2024,CO2/CO/NOx,2024-10-12 13:00:00+02:00,0.909983862857074
2024,CO2/CO/NOx,2024-10-12 14:00:00+02:00,0.8795425765551556
2024,CO2/CO/NOx,2024-10-12 15:00:00+02:00,0.881661525671485
2024,CO2/CO/NOx,2024-10-12 16:00:00+02:00,0.912875445203984
2024,CO2/CO/NOx,2024-10-12 17:00:00+02:00,0.9416371984011501
2024,CO2/CO/NOx,2024-10-12 18:00:00+02:00,0.9715709524501203
2024,CO2/CO/NOx,2024-10-12 19:00:00+02:00,0.9779591368737894
2024,CO2/CO/NOx,2024-10-12 20:00:00+02:00,0.9483345399175817
2024,CO2/CO/NOx,2024-10-12 21:00:00+02:00,0.8804296018969554
2024,CO2/CO/NOx,2024-10-12 22:00:00+02:00,0.8071432302140616
2024,CO2/CO/NOx,2024-10-12 23:00:00+02:00,0.7229926430037472
2024,CO2/CO/NOx,2024-10-13 00:00:00+02:00,0.654246103256767
2024,CO2/CO/NOx,2024-10-13 01:00:00+02:00,0.6150878389321822
2024,CO2/CO/NOx,2024-10-13 02:00:00+02:00,0.6100196423512818
2024,CO2/CO/NOx,2024-10-13 03:00:00+02:00,0.6200826840329848
2024,CO2/CO/NOx,2024-10-13 04:00:00+02:00,0.6378965393568468
2024,CO2/CO/NOx,2024-10-13 05:00:00+02:00,0.6534034045091233
2024,CO2/CO/NOx,2024-10-13 06:00:00+02:00,0.6531623332846788
2024,CO2/CO/NOx,2024-10-13 07:00:00+02:00,0.6660358017289526
2024,CO2/CO/NOx,2024-10-13 08:00:00+02:00,0.6746240396282267
2024,CO2/CO/NOx,2024-10-13 09:00:00+02:00,0.6903748707979281
2024,CO2/CO/NOx,2024-10-13 10:00:00+02:00,0.7183909317138432
2024,CO2/CO/NOx,2024-10-13 11:00:00+02:00,0.7373212321267788
2024,CO2/CO/NOx,2024-10-13 12:00:00+02:00,0.7440973880131181
2024,CO2/CO/NOx,2024-10-13 13:00:00+02:00,0.7552955158693613
2024,CO2/CO/NOx,2024-10-13 14:00:00+02:00,0.7613598128462571
2024,CO2/CO/NOx,2024-10-13 15:00:00+02:00,0.754170227566314
2024,CO2/CO/NOx,2024-10-13 16:00:00+02:00,0.7642589262085822
2024,CO2/CO/NOx,2024-10-13 17:00:00+02:00,0.7676005429860007
2024,CO2/CO/NOx,2024-10-13 18:00:00+02:00,0.7890662665983982
2024,CO2/CO/NOx,2024-10-13 19:00:00+02:00,0.8199137822934158
2024,CO2/CO/NOx,2024-10-13 20:00:00+02:00,0.8373780113912878
2024,CO2/CO/NOx,2024-10-13 21:00:00+02:00,0.8453838239558128
2024,CO2/CO/NOx,2024-10-13 22:00:00+02:00,0.8503078582084562
2024,CO2/CO/NOx,2024-10-13 23:00:00+02:00,0.8488753491377724
2024,CO2/CO/NOx,2024-10-14 00:00:00+02:00,0.8274547344813036
2024,CO2/CO/NOx,2024-10-14 01:00:00+02:00,0.8281549255961188
2024,CO2/CO/NOx,2024-10-14 02:00:00+02:00,0.8367855341038208
2024,CO2/CO/NOx,2024-10-14 03:00:00+02:00,0.8707179173559463
2024,CO2/CO/NOx,2024-10-14 04:00:00+02:00,0.9257045584427018
2024,CO2/CO/NOx,2024-10-14 05:00:00+02:00,0.9860583408954965
2024,CO2/CO/NOx,2024-10-14 06:00:00+02:00,1.034773803503333
2024,CO2/CO/NOx,2024-10-14 07:00:00+02:00,1.057591932054729
2024,CO2/CO/NOx,2024-10-14 08:00:00+02:00,1.041475956210376
2024,CO2/CO/NOx,2024-10-14 09:00:00+02:00,0.9814710517081551
2024,CO2/CO/NOx,2024-10-14 10:00:00+02:00,0.9076918043831728
2024,CO2/CO/NOx,2024-10-14 11:00:00+02:00,0.8218704954087723
2024,CO2/CO/NOx,2024-10-14 12:00:00+02:00,0.743128763194987
2024,CO2/CO/NOx,2024-10-14 13:00:00+02:00,0.7002900016354338
2024,CO2/CO/NOx,2024-10-14 14:00:00+02:00,0.67875726473885
2024,CO2/CO/NOx,2024-10-14 15:00:00+02:00,0.7013551346188176
2024,CO2/CO/NOx,2024-10-14 16:00:00+02:00,0.7415325829447741
2024,CO2/CO/NOx,2024-10-14 17:00:00+02:00,0.7933977515706059
2024,CO2/CO/NOx,2024-10-14 18:00:00+02:00,0.8403413166295498
2024,CO2/CO/NOx,2024-10-14 19:00:00+02:00,0.837530136712697
2024,CO2/CO/NOx,2024-10-14 20:00:00+02:00,0.7967787106943132
2024,CO2/CO/NOx,2024-10-14 21:00:00+02:00,0.7303068843495926
2024,CO2/CO/NOx,2024-10-14 22:00:00+02:00,0.6533612475241065
2024,CO2/CO/NOx,2024-10-14 23:00:00+02:00,0.5800017610595607
2024,CO2/CO/NOx,2024-10-15 00:00:00+02:00,0.5349167292747921
2024,CO2/CO/NOx,2024-10-15 01:00:00+02:00,0.5280363265145686
2024,CO2/CO/NOx,2024-10-15 02:00:00+02:00,0.5659256176895354
2024,CO2/CO/NOx,2024-10-15 03:00:00+02:00,0.6173852256394595
2024,CO2/CO/NOx,2024-10-15 04:00:00+02:00,0.6507099776048237
2024,CO2/CO/NOx,2024-10-15 05:00:00+02:00,0.701188760331621
2024,CO2/CO/NOx,2024-10-15 06:00:00+02:00,0.7481621544554256
2024,CO2/CO/NOx,2024-10-15 07:00:00+02:00,0.7760880709174773
2024,CO2/CO/NOx,2024-10-15 08:00:00+02:00,0.7887169782509363
2024,CO2/CO/NOx,2024-10-15 09:00:00+02:00,0.7705169485796959
2024,CO2/CO/NOx,2024-10-15 10:00:00+02:00,0.7433372176185244
2024,CO2/CO/NOx,2024-10-15 11:00:00+02:00,0.6970257719697505
2024,CO2/CO/NOx,2024-10-15 12:00:00+02:00,0.6354287184308612
2024,CO2/CO/NOx,2024-10-15 13:00:00+02:00,0.5841556918388366
2024,CO2/CO/NOx,2024-10-15 14:00:00+02:00,0.5699695616059468
2024,CO2/CO/NOx,2024-10-15 15:00:00+02:00,0.5838455551228674
2024,CO2/CO/NOx,2024-10-15 16:00:00+02:00,0.6160274007327727
2024,CO2/CO/NOx,2024-10-15 17:00:00+02:00,0.6554166993574572
2024,CO2/CO/NOx,2024-10-15 18:00:00+02:00,0.7079627767449966
2024,CO2/CO/NOx,2024-10-15 19:00:00+02:00,0.7259149767513534
2024,CO2/CO/NOx,2024-10-15 20:00:00+02:00,0.7238488582276392
2024,CO2/CO/NOx,2024-10-15 21:00:00+02:00,0.706155815970415
2024,CO2/CO/NOx,2024-10-15 22:00:00+02:00,0.6891981032241469
2024,CO2/CO/NOx,2024-10-15 23:00:00+02:00,0.6735791939060836
2024,CO2/CO/NOx,2024-10-16 00:00:00+02:00,0.6544984684347832
2024,CO2/CO/NOx,2024-10-16 01:00:00+02:00,0.6542129999624746
2024,CO2/CO/NOx,2024-10-16 02:00:00+02:00,0.6723461148051624
2024,CO2/CO/NOx,2024-10-16 03:00:00+02:00,0.7226467147975537
2024,CO2/CO/NOx,2024-10-16 04:00:00+02:00,0.7576257523318354
2024,CO2/CO/NOx,2024-10-16 05:00:00+02:00,0.8038709028545302
2024,CO2/CO/NOx,2024-10-16 06:00:00+02:00,0.8469441587385288
2024,CO2/CO/NOx,2024-10-16 07:00:00+02:00,0.8854085229252924
2024,CO2/CO/NOx,2024-10-16 08:00:00+02:00,0.9038369092343215
2024,CO2/CO/NOx,2024-10-16 09:00:00+02:00,0.8978182155751558
2024,CO2/CO/NOx,2024-10-16 10:00:00+02:00,0.8861299478962391
2024,CO2/CO/NOx,2024-10-16 11:00:00+02:00,0.8549998579726817
2024,CO2/CO/NOx,2024-10-16 12:00:00+02:00,0.8128493187635323
2024,CO2/CO/NOx,2024-10-16 13:00:00+02:00,0.7672253710789602
2024,CO2/CO/NOx,2024-10-16 14:00:00+02:00,0.7309449478562055
2024,CO2/CO/NOx,2024-10-16 15:00:00+02:00,0.7081018920225558
2024,CO2/CO/NOx,2024-10-16 16:00:00+02:00,0.7008548246759913
2024,CO2/CO/NOx,2024-10-16 17:00:00+02:00,0.7031717614717184
2024,CO2/CO/NOx,2024-10-16 18:00:00+02:00,0.7248328535582836
2024,CO2/CO/NOx,2024-10-16 19:00:00+02:00,0.7357048839142687
2024,CO2/CO/NOx,2024-10-16 20:00:00+02:00,0.7281909072915037
2024,CO2/CO/NOx,2024-10-16 21:00:00+02:00,0.7060155175314103
2024,CO2/CO/NOx,2024-10-16 22:00:00+02:00,0.6839167273264283
2024,CO2/CO/NOx,2024-10-16 23:00:00+02:00,0.6642792698802092
2024,CO2/CO/NOx,2024-10-17 00:00:00+02:00,0.6369500132457607
2024,CO2/CO/NOx,2024-10-17 01:00:00+02:00,0.6399137034207775
2024,CO2/CO/NOx,2024-10-17 02:00:00+02:00,0.6793909382091481
2024,CO2/CO/NOx,2024-10-17 03:00:00+02:00,0.7543991751398248
2024,CO2/CO/NOx,2024-10-17 04:00:00+02:00,0.8414575021311745
2024,CO2/CO/NOx,2024-10-17 05:00:00+02:00,0.9196915771705176
2024,CO2/CO/NOx,2024-10-17 06:00:00+02:00,0.9756417487484714
2024,CO2/CO/NOx,2024-10-17 07:00:00+02:00,1.0006706573466875
2024,CO2/CO/NOx,2024-10-17 08:00:00+02:00,0.9677113763331814
2024,CO2/CO/NOx,2024-10-17 09:00:00+02:00,0.8887440544677129
2024,CO2/CO/NOx,2024-10-17 10:00:00+02:00,0.8076042337628292
2024,CO2/CO/NOx,2024-10-17 11:00:00+02:00,0.7294291620039791
2024,CO2/CO/NOx,2024-10-17 12:00:00+02:00,0.65658205354925
2024,CO2/CO/NOx,2024-10-17 13:00:00+02:00,0.60679961611364
2024,CO2/CO/NOx,2024-10-17 14:00:00+02:00,0.5767585478430951
2024,CO2/CO/NOx,2024-10-17 15:00:00+02:00,0.582728580207276
2024,CO2/CO/NOx,2024-10-17 16:00:00+02:00,0.6006968546874549
2024,CO2/CO/NOx,2024-10-17 17:00:00+02:00,0.6196634416924937
2024,CO2/CO/NOx,2024-10-17 18:00:00+02:00,0.6482700961371779
2024,CO2/CO/NOx,2024-10-17 19:00:00+02:00,0.6461738207308989
2024,CO2/CO/NOx,2024-10-17 20:00:00+02:00,0.6309664545769073
2024,CO2/CO/NOx,2024-10-17 21:00:00+02:00,0.5994457590399563
2024,CO2/CO/NOx,2024-10-17 22:00:00+02:00,0.5741206584578301
2024,CO2/CO/NOx,2024-10-17 23:00:00+02:00,0.5495723893066129
2024,CO2/CO/NOx,2024-10-18 00:00:00+02:00,0.5240016282999372
2024,CO2/CO/NOx,2024-10-18 01:00:00+02:00,0.5221418653327824
2024,CO2/CO/NOx,2024-10-18 02:00:00+02:00,0.5467486666673856
2024,CO2/CO/NOx,2024-10-18 03:00:00+02:00,0.6005074019157447
2024,CO2/CO/NOx,2024-10-18 04:00:00+02:00,0.6544162964538852
2024,CO2/CO/NOx,2024-10-18 05:00:00+02:00,0.7251951431871841
2024,CO2/CO/NOx,2024-10-18 06:00:00+02:00,0.7944045457056665
2024,CO2/CO/NOx,2024-10-18 07:00:00+02:00,0.8472629677855554
2024,CO2/CO/NOx,2024-10-18 08:00:00+02:00,0.859793949347464
2024,CO2/CO/NOx,2024-10-18 09:00:00+02:00,0.8226048048876267
2024,CO2/CO/NOx,2024-10-18 10:00:00+02:00,0.7921483126065848
2024,CO2/CO/NOx,2024-10-18 11:00:00+02:00,0.7597743622672007
2024,CO2/CO/NOx,2024-10-18 12:00:00+02:00,0.7355788396345558
2024,CO2/CO/NOx,2024-10-18 13:00:00+02:00,0.7166099476746804
2024,CO2/CO/NOx,2024-10-18 14:00:00+02:00,0.7099337394668865
2024,CO2/CO/NOx,2024-10-18 15:00:00+02:00,0.7076296973715238
2024,CO2/CO/NOx,2024-10-18 16:00:00+02:00,0.6935927599907683
2024,CO2/CO/NOx,2024-10-18 17:00:00+02:00,0.6888054930254275
2024,CO2/CO/NOx,2024-10-18 18:00:00+02:00,0.6947140686417193
2024,CO2/CO/NOx,2024-10-18 19:00:00+02:00,0.7071027081325164
2024,CO2/CO/NOx,2024-10-18 20:00:00+02:00,0.7113173695749148
2024,CO2/CO/NOx,2024-10-18 21:00:00+02:00,0.7069223757080698
2024,CO2/CO/NOx,2024-10-18 22:00:00+02:00,0.6958574542740136
2024,CO2/CO/NOx,2024-10-18 23:00:00+02:00,0.6839329414443607
2024,CO2/CO/NOx,2024-10-19 00:00:00+02:00,0.6664256989083839
2024,CO2/CO/NOx,2024-10-19 01:00:00+02:00,0.6566624089986475
2024,CO2/CO/NOx,2024-10-19 02:00:00+02:00,0.6690925158617193
2024,CO2/CO/NOx,2024-10-19 03:00:00+02:00,0.7038845397426357
2024,CO2/CO/NOx,2024-10-19 04:00:00+02:00,0.7509121268024157
2024,CO2/CO/NOx,2024-10-19 05:00:00+02:00,0.7973155021355314
2024,CO2/CO/NOx,2024-10-19 06:00:00+02:00,0.836143761244017
2024,CO2/CO/NOx,2024-10-19 07:00:00+02:00,0.8615518613008692
2024,CO2/CO/NOx,2024-10-19 08:00:00+02:00,0.8666996619460403
2024,CO2/CO/NOx,2024-10-19 09:00:00+02:00,0.837143850149881
2024,CO2/CO/NOx,2024-10-19 10:00:00+02:00,0.7884572004869677
2024,CO2/CO/NOx,2024-10-19 11:00:00+02:00,0.7266187954347434
2024,CO2/CO/NOx,2024-10-19 12:00:00+02:00,0.6721094523693361
2024,CO2/CO/NOx,2024-10-19 13:00:00+02:00,0.6433838893741335
2024,CO2/CO/NOx,2024-10-19 14:00:00+02:00,0.6364185462563031
2024,CO2/CO/NOx,2024-10-19 15:00:00+02:00,0.6496629678792042
2024,CO2/CO/NOx,2024-10-19 16:00:00+02:00,0.6747937762649905
2024,CO2/CO/NOx,2024-10-19 17:00:00+02:00,0.7055327666544355
2024,CO2/CO/NOx,2024-10-19 18:00:00+02:00,0.7163240466682568
2024,CO2/CO/NOx,2024-10-19 19:00:00+02:00,0.7020971536214811
2024,CO2/CO/NOx,2024-10-19 20:00:00+02:00,0.6622564111622624
2024,CO2/CO/NOx,2024-10-19 21:00:00+02:00,0.5995776849855093
2024,CO2/CO/NOx,2024-10-19 22:00:00+02:00,0.541351685252232
2024,CO2/CO/NOx,2024-10-19 23:00:00+02:00,0.4937065142956712
2024,CO2/CO/NOx,2024-10-20 00:00:00+02:00,0.471061814218792
2024,CO2/CO/NOx,2024-10-20 01:00:00+02:00,0.48954845960361654
2024,CO2/CO/NOx,2024-10-20 02:00:00+02:00,0.5440922372384007
2024,CO2/CO/NOx,2024-10-20 03:00:00+02:00,0.6063786452427382
2024,CO2/CO/NOx,2024-10-20 04:00:00+02:00,0.6748430643544481
2024,CO2/CO/NOx,2024-10-20 05:00:00+02:00,0.7237563567289489
2024,CO2/CO/NOx,2024-10-20 06:00:00+02:00,0.7531334328345057
2024,CO2/CO/NOx,2024-10-20 07:00:00+02:00,0.7595249353968907
2024,CO2/CO/NOx,2024-10-20 08:00:00+02:00,0.7399400459160651
2024,CO2/CO/NOx,2024-10-20 09:00:00+02:00,0.7165413940595184
2024,CO2/CO/NOx,2024-10-20 10:00:00+02:00,0.6966926535839605
2024,CO2/CO/NOx,2024-10-20 11:00:00+02:00,0.6649025142994824
2024,CO2/CO/NOx,2024-10-20 12:00:00+02:00,0.6369385015512284
2024,CO2/CO/NOx,2024-10-20 13:00:00+02:00,0.6326471241716034
2024,CO2/CO/NOx,2024-10-20 14:00:00+02:00,0.6399308596360872
2024,CO2/CO/NOx,2024-10-20 15:00:00+02:00,0.6628436138624273
2024,CO2/CO/NOx,2024-10-20 16:00:00+02:00,0.6704722974797301
2024,CO2/CO/NOx,2024-10-20 17:00:00+02:00,0.6780328905463255
2024,CO2/CO/NOx,2024-10-20 18:00:00+02:00,0.6945607998671293
2024,CO2/CO/NOx,2024-10-20 19:00:00+02:00,0.6896590709158738
2024,CO2/CO/NOx,2024-10-20 20:00:00+02:00,0.6683165068761352
2024,CO2/CO/NOx,2024-10-20 21:00:00+02:00,0.6432327349761261
2024,CO2/CO/NOx,2024-10-20 22:00:00+02:00,0.6263522119413975
2024,CO2/CO/NOx,2024-10-20 23:00:00+02:00,0.6228407450501572
2024,CO2/CO/NOx,2024-10-21 00:00:00+02:00,0.6195909448066302
2024,CO2/CO/NOx,2024-10-21 01:00:00+02:00,0.6244238244945957
2024,CO2/CO/NOx,2024-10-21 02:00:00+02:00,0.649829213381919
2024,CO2/CO/NOx,2024-10-21 03:00:00+02:00,0.6909260666415687
2024,CO2/CO/NOx,2024-10-21 04:00:00+02:00,0.7326341297769612
2024,CO2/CO/NOx,2024-10-21 05:00:00+02:00,0.777581844111916
2024,CO2/CO/NOx,2024-10-21 06:00:00+02:00,0.8096760024739107
2024,CO2/CO/NOx,2024-10-21 07:00:00+02:00,0.8246792791389986
2024,CO2/CO/NOx,2024-10-21 08:00:00+02:00,0.813345853091841
2024,CO2/CO/NOx,2024-10-21 09:00:00+02:00,0.7629161635869229
2024,CO2/CO/NOx,2024-10-21 10:00:00+02:00,0.7154077219768779
2024,CO2/CO/NOx,2024-10-21 11:00:00+02:00,0.6635688430670295
2024,CO2/CO/NOx,2024-10-21 12:00:00+02:00,0.615401695812057
2024,CO2/CO/NOx,2024-10-21 13:00:00+02:00,0.5928629540116966
2024,CO2/CO/NOx,2024-10-21 14:00:00+02:00,0.597817390339463
2024,CO2/CO/NOx,2024-10-21 15:00:00+02:00,0.6203606150645391
2024,CO2/CO/NOx,2024-10-21 16:00:00+02:00,0.6502461579442476
2024,CO2/CO/NOx,2024-10-21 17:00:00+02:00,0.692039505915562
2024,CO2/CO/NOx,2024-10-21 18:00:00+02:00,0.7317849812567783
2024,CO2/CO/NOx,2024-10-21 19:00:00+02:00,0.7627926942813313
2024,CO2/CO/NOx,2024-10-21 20:00:00+02:00,0.7668361055218139
2024,CO2/CO/NOx,2024-10-21 21:00:00+02:00,0.7482882370869187
2024,CO2/CO/NOx,2024-10-21 22:00:00+02:00,0.7186733709333404
2024,CO2/CO/NOx,2024-10-21 23:00:00+02:00,0.6766528055292403
2024,CO2/CO/NOx,2024-10-22 00:00:00+02:00,0.619160933758011
2024,CO2/CO/NOx,2024-10-22 01:00:00+02:00,0.6014294351631697
2024,CO2/CO/NOx,2024-10-22 02:00:00+02:00,0.6340329529381584
2024,CO2/CO/NOx,2024-10-22 03:00:00+02:00,0.6897604192327871
2024,CO2/CO/NOx,2024-10-22 04:00:00+02:00,0.7425277755217918
2024,CO2/CO/NOx,2024-10-22 05:00:00+02:00,0.7885335191215804
2024,CO2/CO/NOx,2024-10-22 06:00:00+02:00,0.8231334196144763
2024,CO2/CO/NOx,2024-10-22 07:00:00+02:00,0.8293825017041537
2024,CO2/CO/NOx,2024-10-22 08:00:00+02:00,0.7886629030541676
2024,CO2/CO/NOx,2024-10-22 09:00:00+02:00,0.7194164094532526
2024,CO2/CO/NOx,2024-10-22 10:00:00+02:00,0.6653199260915192
2024,CO2/CO/NOx,2024-10-22 11:00:00+02:00,0.6184665931456502
2024,CO2/CO/NOx,2024-10-22 12:00:00+02:00,0.5818342438760286
2024,CO2/CO/NOx,2024-10-22 13:00:00+02:00,0.551924844940011
2024,CO2/CO/NOx,2024-10-22 14:00:00+02:00,0.5514538385201087
2024,CO2/CO/NOx,2024-10-22 15:00:00+02:00,0.5629813813053798
2024,CO2/CO/NOx,2024-10-22 16:00:00+02:00,0.5688830617286008
2024,CO2/CO/NOx,2024-10-22 17:00:00+02:00,0.5692326526888817
2024,CO2/CO/NOx,2024-10-22 18:00:00+02:00,0.5803042762144195
2024,CO2/CO/NOx,2024-10-22 19:00:00+02:00,0.5685379390256301
2024,CO2/CO/NOx,2024-10-22 20:00:00+02:00,0.5411443367728201
2024,CO2/CO/NOx,2024-10-22 21:00:00+02:00,0.5123159311559806
2024,CO2/CO/NOx,2024-10-22 22:00:00+02:00,0.4888460843237752
2024,CO2/CO/NOx,2024-10-22 23:00:00+02:00,0.4828121191074469
2024,CO2/CO/NOx,2024-10-23 00:00:00+02:00,0.47048967869104086
2024,CO2/CO/NOx,2024-10-23 01:00:00+02:00,0.4814123161337147
2024,CO2/CO/NOx,2024-10-23 02:00:00+02:00,0.5157197922585706
2024,CO2/CO/NOx,2024-10-23 03:00:00+02:00,0.5713550508875311
2024,CO2/CO/NOx,2024-10-23 04:00:00+02:00,0.6158510686348555
2024,CO2/CO/NOx,2024-10-23 05:00:00+02:00,0.6577625735627335
2024,CO2/CO/NOx,2024-10-23 06:00:00+02:00,0.7061409411323702
2024,CO2/CO/NOx,2024-10-23 07:00:00+02:00,0.7454886559572375
2024,CO2/CO/NOx,2024-10-23 08:00:00+02:00,0.7648283105323453
2024,CO2/CO/NOx,2024-10-23 09:00:00+02:00,0.764335730789362
2024,CO2/CO/NOx,2024-10-23 10:00:00+02:00,0.7684237944224406
2024,CO2/CO/NOx,2024-10-23 11:00:00+02:00,0.7622844065711034
2024,CO2/CO/NOx,2024-10-23 12:00:00+02:00,0.7560498686342971
2024,CO2/CO/NOx,2024-10-23 13:00:00+02:00,0.7557740249777485
2024,CO2/CO/NOx,2024-10-23 14:00:00+02:00,0.7613621972481532
2024,CO2/CO/NOx,2024-10-23 15:00:00+02:00,0.774198952616389
2024,CO2/CO/NOx,2024-10-23 16:00:00+02:00,0.7840671544749038
2024,CO2/CO/NOx,2024-10-23 17:00:00+02:00,0.8004269717297486
2024,CO2/CO/NOx,2024-10-23 18:00:00+02:00,0.8332489131016093
2024,CO2/CO/NOx,2024-10-23 19:00:00+02:00,0.8531955820805651
2024,CO2/CO/NOx,2024-10-23 20:00:00+02:00,0.8623687234182689
2024,CO2/CO/NOx,2024-10-23 21:00:00+02:00,0.8571110783782726
2024,CO2/CO/NOx,2024-10-23 22:00:00+02:00,0.8393106032424767
2024,CO2/CO/NOx,2024-10-23 23:00:00+02:00,0.8154291563744215
2024,CO2/CO/NOx,2024-10-24 00:00:00+02:00,0.7789252068741398
2024,CO2/CO/NOx,2024-10-24 01:00:00+02:00,0.7599389512059342
2024,CO2/CO/NOx,2024-10-24 02:00:00+02:00,0.7695602523996321
2024,CO2/CO/NOx,2024-10-24 03:00:00+02:00,0.8035437905257776
2024,CO2/CO/NOx,2024-10-24 04:00:00+02:00,0.8375606748169777
2024,CO2/CO/NOx,2024-10-24 05:00:00+02:00,0.8797114548832091
2024,CO2/CO/NOx,2024-10-24 06:00:00+02:00,0.918073501966112
2024,CO2/CO/NOx,2024-10-24 07:00:00+02:00,0.9417363561406448
2024,CO2/CO/NOx,2024-10-24 08:00:00+02:00,0.9470117324960255
2024,CO2/CO/NOx,2024-10-24 09:00:00+02:00,0.927682092956781
2024,CO2/CO/NOx,2024-10-24 10:00:00+02:00,0.9129873434342171
2024,CO2/CO/NOx,2024-10-24 11:00:00+02:00,0.892434534535576
2024,CO2/CO/NOx,2024-10-24 12:00:00+02:00,0.8638414087740454
2024,CO2/CO/NOx,2024-10-24 13:00:00+02:00,0.8441795213643695
2024,CO2/CO/NOx,2024-10-24 14:00:00+02:00,0.8371054325729022
2024,CO2/CO/NOx,2024-10-24 15:00:00+02:00,0.8396168615387409
2024,CO2/CO/NOx,2024-10-24 16:00:00+02:00,0.8439007465562676
2024,CO2/CO/NOx,2024-10-24 17:00:00+02:00,0.8509443221209881
2024,CO2/CO/NOx,2024-10-24 18:00:00+02:00,0.8805823187050652
2024,CO2/CO/NOx,2024-10-24 19:00:00+02:00,0.8937214228141707
2024,CO2/CO/NOx,2024-10-24 20:00:00+02:00,0.8812785358825428
2024,CO2/CO/NOx,2024-10-24 21:00:00+02:00,0.8510964013488521
2024,CO2/CO/NOx,2024-10-24 22:00:00+02:00,0.8111517662798897
2024,CO2/CO/NOx,2024-10-24 23:00:00+02:00,0.76752238790397
2024,CO2/CO/NOx,2024-10-25 00:00:00+02:00,0.7099460204135594
2024,CO2/CO/NOx,2024-10-25 01:00:00+02:00,0.6810364037161688
2024,CO2/CO/NOx,2024-10-25 02:00:00+02:00,0.6920756116004314
2024,CO2/CO/NOx,2024-10-25 03:00:00+02:00,0.7375708135575659
2024,CO2/CO/NOx,2024-10-25 04:00:00+02:00,0.7738232660830838
2024,CO2/CO/NOx,2024-10-25 05:00:00+02:00,0.8173605984301576
2024,CO2/CO/NOx,2024-10-25 06:00:00+02:00,0.8667451951006425
2024,CO2/CO/NOx,2024-10-25 07:00:00+02:00,0.9013767236033755
2024,CO2/CO/NOx,2024-10-25 08:00:00+02:00,0.9222285002415744
2024,CO2/CO/NOx,2024-10-25 09:00:00+02:00,0.9144753235135974
2024,CO2/CO/NOx,2024-10-25 10:00:00+02:00,0.9125516783639761
2024,CO2/CO/NOx,2024-10-25 11:00:00+02:00,0.9000488604677229
2024,CO2/CO/NOx,2024-10-25 12:00:00+02:00,0.871325655967502
2024,CO2/CO/NOx,2024-10-25 13:00:00+02:00,0.8470941086295
2024,CO2/CO/NOx,2024-10-25 14:00:00+02:00,0.8380796640770025
2024,CO2/CO/NOx,2024-10-25 15:00:00+02:00,0.8484362061721397
2024,CO2/CO/NOx,2024-10-25 16:00:00+02:00,0.8622023069073654
2024,CO2/CO/NOx,2024-10-25 17:00:00+02:00,0.8816889702275809
2024,CO2/CO/NOx,2024-10-25 18:00:00+02:00,0.9088791182305848
2024,CO2/CO/NOx,2024-10-25 19:00:00+02:00,0.9119668170633966
2024,CO2/CO/NOx,2024-10-25 20:00:00+02:00,0.8989612809821621
2024,CO2/CO/NOx,2024-10-25 21:00:00+02:00,0.870437596631836
2024,CO2/CO/NOx,2024-10-25 22:00:00+02:00,0.8366689204330139
2024,CO2/CO/NOx,2024-10-25 23:00:00+02:00,0.7963061023757252
2024,CO2/CO/NOx,2024-10-26 00:00:00+02:00,0.7542999874812112
2024,CO2/CO/NOx,2024-10-26 01:00:00+02:00,0.7325403782954916
2024,CO2/CO/NOx,2024-10-26 02:00:00+02:00,0.7382003269081169
2024,CO2/CO/NOx,2024-10-26 03:00:00+02:00,0.7725290874781778
2024,CO2/CO/NOx,2024-10-26 04:00:00+02:00,0.8105059844884955
2024,CO2/CO/NOx,2024-10-26 05:00:00+02:00,0.8663489364946051
2024,CO2/CO/NOx,2024-10-26 06:00:00+02:00,0.9138507067925595
2024,CO2/CO/NOx,2024-10-26 07:00:00+02:00,0.948961483528951
2024,CO2/CO/NOx,2024-10-26 08:00:00+02:00,0.9606654047721243
2024,CO2/CO/NOx,2024-10-26 09:00:00+02:00,0.9506963638667524
2024,CO2/CO/NOx,2024-10-26 10:00:00+02:00,0.9415473399350999
2024,CO2/CO/NOx,2024-10-26 11:00:00+02:00,0.9242190277809545
2024,CO2/CO/NOx,2024-10-26 12:00:00+02:00,0.9006098705290413
2024,CO2/CO/NOx,2024-10-26 13:00:00+02:00,0.8834494900251924
2024,CO2/CO/NOx,2024-10-26 14:00:00+02:00,0.8775963798500288
2024,CO2/CO/NOx,2024-10-26 15:00:00+02:00,0.8844365570115217
2024,CO2/CO/NOx,2024-10-26 16:00:00+02:00,0.8968716470427708
2024,CO2/CO/NOx,2024-10-26 17:00:00+02:00,0.9110362347709615
2024,CO2/CO/NOx,2024-10-26 18:00:00+02:00,0.937640554071378
2024,CO2/CO/NOx,2024-10-26 19:00:00+02:00,0.9460332530285261
2024,CO2/CO/NOx,2024-10-26 20:00:00+02:00,0.9357827517021307
2024,CO2/CO/NOx,2024-10-26 21:00:00+02:00,0.9161115972358798
2024,CO2/CO/NOx,2024-10-26 22:00:00+02:00,0.8809880214917583
2024,CO2/CO/NOx,2024-10-26 23:00:00+02:00,0.8388465521165741
2024,CO2/CO/NOx,2024-10-27 00:00:00+02:00,0.8029067376273241
2024,CO2/CO/NOx,2024-10-27 01:00:00+02:00,0.7628449580550178
2024,CO2/CO/NOx,2024-10-27 02:00:00+02:00,0.7553209181654129
2024,CO2/CO/NOx,2024-10-27 02:00:00+01:00,0.7801130457335297
2024,CO2/CO/NOx,2024-10-27 03:00:00+01:00,0.8075207219919079
2024,CO2/CO/NOx,2024-10-27 04:00:00+01:00,0.85471127419098
2024,CO2/CO/NOx,2024-10-27 05:00:00+01:00,0.9116114345716273
2024,CO2/CO/NOx,2024-10-27 06:00:00+01:00,0.9539988601945285
2024,CO2/CO/NOx,2024-10-27 07:00:00+01:00,0.9623949439676777
2024,CO2/CO/NOx,2024-10-27 08:00:00+01:00,0.9484389025470189
2024,CO2/CO/NOx,2024-10-27 09:00:00+01:00,0.9158741154171346
2024,CO2/CO/NOx,2024-10-27 10:00:00+01:00,0.8915927933166881
2024,CO2/CO/NOx,2024-10-27 11:00:00+01:00,0.8661140153215446
2024,CO2/CO/NOx,2024-10-27 12:00:00+01:00,0.8332558047460714
2024,CO2/CO/NOx,2024-10-27 13:00:00+01:00,0.8037501090402277
2024,CO2/CO/NOx,2024-10-27 14:00:00+01:00,0.8035093676105198
2024,CO2/CO/NOx,2024-10-27 15:00:00+01:00,0.8226081413639831
2024,CO2/CO/NOx,2024-10-27 16:00:00+01:00,0.8382465943817544
2024,CO2/CO/NOx,2024-10-27 17:00:00+01:00,0.8677268941648453
2024,CO2/CO/NOx,2024-10-27 18:00:00+01:00,0.8997914971649413
2024,CO2/CO/NOx,2024-10-27 19:00:00+01:00,0.9059944841368464
2024,CO2/CO/NOx,2024-10-27 20:00:00+01:00,0.8830061937023367
2024,CO2/CO/NOx,2024-10-27 21:00:00+01:00,0.8244974922369682
2024,CO2/CO/NOx,2024-10-27 22:00:00+01:00,0.7528788130995151
2024,CO2/CO/NOx,2024-10-27 23:00:00+01:00,0.7134755188018534
2024,CO2/CO/NOx,2024-10-28 00:00:00+01:00,0.6786533731705957
2024,CO2/CO/NOx,2024-10-28 01:00:00+01:00,0.6964059853704512
2024,CO2/CO/NOx,2024-10-28 02:00:00+01:00,0.7652906437460575
2024,CO2/CO/NOx,2024-10-28 03:00:00+01:00,0.8525412072663275
2024,CO2/CO/NOx,2024-10-28 04:00:00+01:00,0.937355047299772
2024,CO2/CO/NOx,2024-10-28 05:00:00+01:00,1.0050201356896435
2024,CO2/CO/NOx,2024-10-28 06:00:00+01:00,1.0479076738925677
2024,CO2/CO/NOx,2024-10-28 07:00:00+01:00,1.0567958021505897
2024,CO2/CO/NOx,2024-10-28 08:00:00+01:00,1.0287694198942823
2024,CO2/CO/NOx,2024-10-28 09:00:00+01:00,0.9629864198265754
2024,CO2/CO/NOx,2024-10-28 10:00:00+01:00,0.9056737905058283
2024,CO2/CO/NOx,2024-10-28 11:00:00+01:00,0.8460554385491098
2024,CO2/CO/NOx,2024-10-28 12:00:00+01:00,0.7939973917247483
2024,CO2/CO/NOx,2024-10-28 13:00:00+01:00,0.764745430232557
2024,CO2/CO/NOx,2024-10-28 14:00:00+01:00,0.7626543270527127
2024,CO2/CO/NOx,2024-10-28 15:00:00+01:00,0.7992750891292806
2024,CO2/CO/NOx,2024-10-28 16:00:00+01:00,0.8450363761549774
2024,CO2/CO/NOx,2024-10-28 17:00:00+01:00,0.8930055390072845
2024,CO2/CO/NOx,2024-10-28 18:00:00+01:00,0.9520659769359643
2024,CO2/CO/NOx,2024-10-28 19:00:00+01:00,0.96513677819909
2024,CO2/CO/NOx,2024-10-28 20:00:00+01:00,0.9336643286113389
2024,CO2/CO/NOx,2024-10-28 21:00:00+01:00,0.8742311368187766
2024,CO2/CO/NOx,2024-10-28 22:00:00+01:00,0.8041887757606164
2024,CO2/CO/NOx,2024-10-28 23:00:00+01:00,0.7454624006375523
2024,CO2/CO/NOx,2024-10-29 00:00:00+01:00,0.6916839202716025
2024,CO2/CO/NOx,2024-10-29 01:00:00+01:00,0.6810596991396298
2024,CO2/CO/NOx,2024-10-29 02:00:00+01:00,0.7327500269651717
2024,CO2/CO/NOx,2024-10-29 03:00:00+01:00,0.8442982394264116
2024,CO2/CO/NOx,2024-10-29 04:00:00+01:00,0.9526614772735997
2024,CO2/CO/NOx,2024-10-29 05:00:00+01:00,1.055668841796567
2024,CO2/CO/NOx,2024-10-29 06:00:00+01:00,1.1279108137019893
2024,CO2/CO/NOx,2024-10-29 07:00:00+01:00,1.1509480937327328
2024,CO2/CO/NOx,2024-10-29 08:00:00+01:00,1.1129697918522494
2024,CO2/CO/NOx,2024-10-29 09:00:00+01:00,1.0109194031057505
2024,CO2/CO/NOx,2024-10-29 10:00:00+01:00,0.9057572708221836
2024,CO2/CO/NOx,2024-10-29 11:00:00+01:00,0.8099290583028166
2024,CO2/CO/NOx,2024-10-29 12:00:00+01:00,0.7315110278010111
2024,CO2/CO/NOx,2024-10-29 13:00:00+01:00,0.6804764367059267
2024,CO2/CO/NOx,2024-10-29 14:00:00+01:00,0.6727296188066737
2024,CO2/CO/NOx,2024-10-29 15:00:00+01:00,0.7032063420475634
2024,CO2/CO/NOx,2024-10-29 16:00:00+01:00,0.7587544932290233
2024,CO2/CO/NOx,2024-10-29 17:00:00+01:00,0.8306066848597901
2024,CO2/CO/NOx,2024-10-29 18:00:00+01:00,0.9143711797414368
2024,CO2/CO/NOx,2024-10-29 19:00:00+01:00,0.9709814438447403
2024,CO2/CO/NOx,2024-10-29 20:00:00+01:00,0.9937878340945381
2024,CO2/CO/NOx,2024-10-29 21:00:00+01:00,0.9813067380538254
2024,CO2/CO/NOx,2024-10-29 22:00:00+01:00,0.9420032994279145
2024,CO2/CO/NOx,2024-10-29 23:00:00+01:00,0.8899366191853205
2024,CO2/CO/NOx,2024-10-30 00:00:00+01:00,0.8287178989456735
2024,CO2/CO/NOx,2024-10-30 01:00:00+01:00,0.8000119234187856
2024,CO2/CO/NOx,2024-10-30 02:00:00+01:00,0.8163145607277558
2024,CO2/CO/NOx,2024-10-30 03:00:00+01:00,0.8675375159003555
2024,CO2/CO/NOx,2024-10-30 04:00:00+01:00,0.9284838922375753
2024,CO2/CO/NOx,2024-10-30 05:00:00+01:00,0.9939533175506291
2024,CO2/CO/NOx,2024-10-30 06:00:00+01:00,1.058314740693147
2024,CO2/CO/NOx,2024-10-30 07:00:00+01:00,1.0912302540540642
2024,CO2/CO/NOx,2024-10-30 08:00:00+01:00,1.080300875777611
2024,CO2/CO/NOx,2024-10-30 09:00:00+01:00,1.022427301686902
2024,CO2/CO/NOx,2024-10-30 10:00:00+01:00,0.9619725904240705
2024,CO2/CO/NOx,2024-10-30 11:00:00+01:00,0.892585042720082
2024,CO2/CO/NOx,2024-10-30 12:00:00+01:00,0.8141328044791178
2024,CO2/CO/NOx,2024-10-30 13:00:00+01:00,0.7634831550935117
2024,CO2/CO/NOx,2024-10-30 14:00:00+01:00,0.7284601015402659
2024,CO2/CO/NOx,2024-10-30 15:00:00+01:00,0.7346886777938361
2024,CO2/CO/NOx,2024-10-30 16:00:00+01:00,0.7705661324123048
2024,CO2/CO/NOx,2024-10-30 17:00:00+01:00,0.8274688086605886
2024,CO2/CO/NOx,2024-10-30 18:00:00+01:00,0.8949027015678074
2024,CO2/CO/NOx,2024-10-30 19:00:00+01:00,0.9366892363577246
2024,CO2/CO/NOx,2024-10-30 20:00:00+01:00,0.9321397073549904
2024,CO2/CO/NOx,2024-10-30 21:00:00+01:00,0.8836880974976471
2024,CO2/CO/NOx,2024-10-30 22:00:00+01:00,0.8226439882854787
2024,CO2/CO/NOx,2024-10-30 23:00:00+01:00,0.7590185178220182
2024,CO2/CO/NOx,2024-10-31 00:00:00+01:00,0.6916224337746086
2024,CO2/CO/NOx,2024-10-31 01:00:00+01:00,0.6678759151376908
2024,CO2/CO/NOx,2024-10-31 02:00:00+01:00,0.6825198480539734
2024,CO2/CO/NOx,2024-10-31 03:00:00+01:00,0.7309937424249969
2024,CO2/CO/NOx,2024-10-31 04:00:00+01:00,0.7887623518073325
2024,CO2/CO/NOx,2024-10-31 05:00:00+01:00,0.8466815112569438
2024,CO2/CO/NOx,2024-10-31 06:00:00+01:00,0.9016199646535025
2024,CO2/CO/NOx,2024-10-31 07:00:00+01:00,0.9485104186500459
2024,CO2/CO/NOx,2024-10-31 08:00:00+01:00,0.9776328154293292
2024,CO2/CO/NOx,2024-10-31 09:00:00+01:00,0.9665542745663516
2024,CO2/CO/NOx,2024-10-31 10:00:00+01:00,0.9616857345782117
2024,CO2/CO/NOx,2024-10-31 11:00:00+01:00,0.9448660482575761
2024,CO2/CO/NOx,2024-10-31 12:00:00+01:00,0.9217583127598623
2024,CO2/CO/NOx,2024-10-31 13:00:00+01:00,0.9079507625602885
2024,CO2/CO/NOx,2024-10-31 14:00:00+01:00,0.9076988826838616
2024,CO2/CO/NOx,2024-10-31 15:00:00+01:00,0.9171177725796738
2024,CO2/CO/NOx,2024-10-31 16:00:00+01:00,0.9197245662570355
2024,CO2/CO/NOx,2024-10-31 17:00:00+01:00,0.9252843246533229
2024,CO2/CO/NOx,2024-10-31 18:00:00+01:00,0.9473571905729897
2024,CO2/CO/NOx,2024-10-31 19:00:00+01:00,0.9490229797135609
2024,CO2/CO/NOx,2024-10-31 20:00:00+01:00,0.9308452779812739
2024,CO2/CO/NOx,2024-10-31 21:00:00+01:00,0.8959272466184937
2024,CO2/CO/NOx,2024-10-31 22:00:00+01:00,0.8570322729424348
2024,CO2/CO/NOx,2024-10-31 23:00:00+01:00,0.8288273535949742
2024,CO2/CO/NOx,2024-11-01 00:00:00+01:00,0.7917487497522594
2024,CO2/CO/NOx,2024-11-01 01:00:00+01:00,0.7851669893444715
2024,CO2/CO/NOx,2024-11-01 02:00:00+01:00,0.8175128703595166
2024,CO2/CO/NOx,2024-11-01 03:00:00+01:00,0.8792958437953725
2024,CO2/CO/NOx,2024-11-01 04:00:00+01:00,0.9355207581493566
2024,CO2/CO/NOx,2024-11-01 05:00:00+01:00,0.9987802402320456
2024,CO2/CO/NOx,2024-11-01 06:00:00+01:00,1.0489761927271317
2024,CO2/CO/NOx,2024-11-01 07:00:00+01:00,1.065750594733171
2024,CO2/CO/NOx,2024-11-01 08:00:00+01:00,1.048979959517823
2024,CO2/CO/NOx,2024-11-01 09:00:00+01:00,0.9855446534407203
2024,CO2/CO/NOx,2024-11-01 10:00:00+01:00,0.9206005926544606
2024,CO2/CO/NOx,2024-11-01 11:00:00+01:00,0.8480041338110906
2024,CO2/CO/NOx,2024-11-01 12:00:00+01:00,0.7731878191634336
2024,CO2/CO/NOx,2024-11-01 13:00:00+01:00,0.7077276188457274
2024,CO2/CO/NOx,2024-11-01 14:00:00+01:00,0.7042497928644822
2024,CO2/CO/NOx,2024-11-01 15:00:00+01:00,0.7479985542870925
2024,CO2/CO/NOx,2024-11-01 16:00:00+01:00,0.8100812991929339
2024,CO2/CO/NOx,2024-11-01 17:00:00+01:00,0.8951569380856796
2024,CO2/CO/NOx,2024-11-01 18:00:00+01:00,0.9852244394011668
2024,CO2/CO/NOx,2024-11-01 19:00:00+01:00,1.0388624198129826
2024,CO2/CO/NOx,2024-11-01 20:00:00+01:00,1.068808707364902
2024,CO2/CO/NOx,2024-11-01 21:00:00+01:00,1.05987867416862
2024,CO2/CO/NOx,2024-11-01 22:00:00+01:00,1.029032650506771
2024,CO2/CO/NOx,2024-11-01 23:00:00+01:00,1.009400966966193
2024,CO2/CO/NOx,2024-11-02 00:00:00+01:00,0.9879431232829675
2024,CO2/CO/NOx,2024-11-02 01:00:00+01:00,0.9758988910994053
2024,CO2/CO/NOx,2024-11-02 02:00:00+01:00,0.9896946197315011
2024,CO2/CO/NOx,2024-11-02 03:00:00+01:00,1.0200793151947585
2024,CO2/CO/NOx,2024-11-02 04:00:00+01:00,1.048259185449276
2024,CO2/CO/NOx,2024-11-02 05:00:00+01:00,1.096650822593856
2024,CO2/CO/NOx,2024-11-02 06:00:00+01:00,1.1421857579471568
2024,CO2/CO/NOx,2024-11-02 07:00:00+01:00,1.1835118673425642
2024,CO2/CO/NOx,2024-11-02 08:00:00+01:00,1.1965871239067334
2024,CO2/CO/NOx,2024-11-02 09:00:00+01:00,1.181736424269978
2024,CO2/CO/NOx,2024-11-02 10:00:00+01:00,1.1569482995717755
2024,CO2/CO/NOx,2024-11-02 11:00:00+01:00,1.1253853909072837
2024,CO2/CO/NOx,2024-11-02 12:00:00+01:00,1.0966305919612267
2024,CO2/CO/NOx,2024-11-02 13:00:00+01:00,1.0753826373173396
2024,CO2/CO/NOx,2024-11-02 14:00:00+01:00,1.071588407551438
2024,CO2/CO/NOx,2024-11-02 15:00:00+01:00,1.0931919423196663
2024,CO2/CO/NOx,2024-11-02 16:00:00+01:00,1.1208830819855338
2024,CO2/CO/NOx,2024-11-02 17:00:00+01:00,1.153765137677489
2024,CO2/CO/NOx,2024-11-02 18:00:00+01:00,1.1836579833023457
2024,CO2/CO/NOx,2024-11-02 19:00:00+01:00,1.1846898391064173
2024,CO2/CO/NOx,2024-11-02 20:00:00+01:00,1.1611457368135782
2024,CO2/CO/NOx,2024-11-02 21:00:00+01:00,1.12006808382212
2024,CO2/CO/NOx,2024-11-02 22:00:00+01:00,1.0640603032880178
2024,CO2/CO/NOx,2024-11-02 23:00:00+01:00,1.0139726192669347
2024,CO2/CO/NOx,2024-11-03 00:00:00+01:00,0.9726708451182038
2024,CO2/CO/NOx,2024-11-03 01:00:00+01:00,0.9543616109187426
2024,CO2/CO/NOx,2024-11-03 02:00:00+01:00,0.9679999280587346
2024,CO2/CO/NOx,2024-11-03 03:00:00+01:00,0.9965444279885721
2024,CO2/CO/NOx,2024-11-03 04:00:00+01:00,1.0229154771991669
2024,CO2/CO/NOx,2024-11-03 05:00:00+01:00,1.0546100400311573
2024,CO2/CO/NOx,2024-11-03 06:00:00+01:00,1.087279496153403
2024,CO2/CO/NOx,2024-11-03 07:00:00+01:00,1.1112200003877808
2024,CO2/CO/NOx,2024-11-03 08:00:00+01:00,1.1238998714728918
2024,CO2/CO/NOx,2024-11-03 09:00:00+01:00,1.1206600939377656
2024,CO2/CO/NOx,2024-11-03 10:00:00+01:00,1.1240168301884201
2024,CO2/CO/NOx,2024-11-03 11:00:00+01:00,1.1235783612302213
2024,CO2/CO/NOx,2024-11-03 12:00:00+01:00,1.1143521729870762
2024,CO2/CO/NOx,2024-11-03 13:00:00+01:00,1.1144174593166607
2024,CO2/CO/NOx,2024-11-03 14:00:00+01:00,1.1191814124286572
2024,CO2/CO/NOx,2024-11-03 15:00:00+01:00,1.1306405833671918
2024,CO2/CO/NOx,2024-11-03 16:00:00+01:00,1.1361487110866935
2024,CO2/CO/NOx,2024-11-03 17:00:00+01:00,1.1383959003230975
2024,CO2/CO/NOx,2024-11-03 18:00:00+01:00,1.1425235859099314
2024,CO2/CO/NOx,2024-11-03 19:00:00+01:00,1.1372799010343897
2024,CO2/CO/NOx,2024-11-03 20:00:00+01:00,1.1214855774264565
2024,CO2/CO/NOx,2024-11-03 21:00:00+01:00,1.0949054943950136
2024,CO2/CO/NOx,2024-11-03 22:00:00+01:00,1.071059691903801
2024,CO2/CO/NOx,2024-11-03 23:00:00+01:00,1.0504153324494754
2024,CO2/CO/NOx,2024-11-04 00:00:00+01:00,1.0231717339335296
2024,CO2/CO/NOx,2024-11-04 01:00:00+01:00,1.0163910548374875
2024,CO2/CO/NOx,2024-11-04 02:00:00+01:00,1.0315254218400982
2024,CO2/CO/NOx,2024-11-04 03:00:00+01:00,1.0640835667959956
2024,CO2/CO/NOx,2024-11-04 04:00:00+01:00,1.1021047164846902
2024,CO2/CO/NOx,2024-11-04 05:00:00+01:00,1.1389008733879014
2024,CO2/CO/NOx,2024-11-04 06:00:00+01:00,1.18117988297801
2024,CO2/CO/NOx,2024-11-04 07:00:00+01:00,1.2071207530967816
2024,CO2/CO/NOx,2024-11-04 08:00:00+01:00,1.2106621795588226
2024,CO2/CO/NOx,2024-11-04 09:00:00+01:00,1.21032021315474
2024,CO2/CO/NOx,2024-11-04 10:00:00+01:00,1.2111901452360745
2024,CO2/CO/NOx,2024-11-04 11:00:00+01:00,1.203523558825767
2024,CO2/CO/NOx,2024-11-04 12:00:00+01:00,1.1817930852347154
2024,CO2/CO/NOx,2024-11-04 13:00:00+01:00,1.1807412217565163
2024,CO2/CO/NOx,2024-11-04 14:00:00+01:00,1.1849733090888066
2024,CO2/CO/NOx,2024-11-04 15:00:00+01:00,1.224748788039818
2024,CO2/CO/NOx,2024-11-04 16:00:00+01:00,1.2581974679906334
2024,CO2/CO/NOx,2024-11-04 17:00:00+01:00,1.2938372955338093
2024,CO2/CO/NOx,2024-11-04 18:00:00+01:00,1.3612348792337154
2024,CO2/CO/NOx,2024-11-04 19:00:00+01:00,1.3914641890326447
2024,CO2/CO/NOx,2024-11-04 20:00:00+01:00,1.3823067714344597
2024,CO2/CO/NOx,2024-11-04 21:00:00+01:00,1.3350714954895428
2024,CO2/CO/NOx,2024-11-04 22:00:00+01:00,1.2867490367544927
2024,CO2/CO/NOx,2024-11-04 23:00:00+01:00,1.2292938352299612
2024,CO2/CO/NOx,2024-11-05 00:00:00+01:00,1.183590811284166
2024,CO2/CO/NOx,2024-11-05 01:00:00+01:00,1.1786692373273233
2024,CO2/CO/NOx,2024-11-05 02:00:00+01:00,1.21924991151071
2024,CO2/CO/NOx,2024-11-05 03:00:00+01:00,1.3058330093509463
2024,CO2/CO/NOx,2024-11-05 04:00:00+01:00,1.392592012377346
2024,CO2/CO/NOx,2024-11-05 05:00:00+01:00,1.4645981197552087
2024,CO2/CO/NOx,2024-11-05 06:00:00+01:00,1.5106082450505312
2024,CO2/CO/NOx,2024-11-05 07:00:00+01:00,1.5426847556922163
2024,CO2/CO/NOx,2024-11-05 08:00:00+01:00,1.52825197098355
2024,CO2/CO/NOx,2024-11-05 09:00:00+01:00,1.4591945251559335
2024,CO2/CO/NOx,2024-11-05 10:00:00+01:00,1.3848642657415402
2024,CO2/CO/NOx,2024-11-05 11:00:00+01:00,1.2926789655528048
2024,CO2/CO/NOx,2024-11-05 12:00:00+01:00,1.2045563761914961
2024,CO2/CO/NOx,2024-11-05 13:00:00+01:00,1.146282307467027
2024,CO2/CO/NOx,2024-11-05 14:00:00+01:00,1.138713377982712
2024,CO2/CO/NOx,2024-11-05 15:00:00+01:00,1.1749973175199733
2024,CO2/CO/NOx,2024-11-05 16:00:00+01:00,1.24165730528022
2024,CO2/CO/NOx,2024-11-05 17:00:00+01:00,1.3190370005210224
2024,CO2/CO/NOx,2024-11-05 18:00:00+01:00,1.4029901257289341
2024,CO2/CO/NOx,2024-11-05 19:00:00+01:00,1.430615280700697
2024,CO2/CO/NOx,2024-11-05 20:00:00+01:00,1.4101142027520355
2024,CO2/CO/NOx,2024-11-05 21:00:00+01:00,1.3495681019816985
2024,CO2/CO/NOx,2024-11-05 22:00:00+01:00,1.2718897420364255
2024,CO2/CO/NOx,2024-11-05 23:00:00+01:00,1.216571147056877
2024,CO2/CO/NOx,2024-11-06 00:00:00+01:00,1.1496403438107463
2024,CO2/CO/NOx,2024-11-06 01:00:00+01:00,1.1305714599446082
2024,CO2/CO/NOx,2024-11-06 02:00:00+01:00,1.1884434691988786
2024,CO2/CO/NOx,2024-11-06 03:00:00+01:00,1.3034801151223163
2024,CO2/CO/NOx,2024-11-06 04:00:00+01:00,1.4082626205682371
2024,CO2/CO/NOx,2024-11-06 05:00:00+01:00,1.5072625583711936
2024,CO2/CO/NOx,2024-11-06 06:00:00+01:00,1.5578754946818416
2024,CO2/CO/NOx,2024-11-06 07:00:00+01:00,1.56112184467286
2024,CO2/CO/NOx,2024-11-06 08:00:00+01:00,1.5355264760367022
2024,CO2/CO/NOx,2024-11-06 09:00:00+01:00,1.446525511351865
2024,CO2/CO/NOx,2024-11-06 10:00:00+01:00,1.3670433031376026
2024,CO2/CO/NOx,2024-11-06 11:00:00+01:00,1.2978509500527131
2024,CO2/CO/NOx,2024-11-06 12:00:00+01:00,1.2460613097295345
2024,CO2/CO/NOx,2024-11-06 13:00:00+01:00,1.2254759350774624
2024,CO2/CO/NOx,2024-11-06 14:00:00+01:00,1.2177731799579956
2024,CO2/CO/NOx,2024-11-06 15:00:00+01:00,1.2313162481900761
2024,CO2/CO/NOx,2024-11-06 16:00:00+01:00,1.2755092238450874
2024,CO2/CO/NOx,2024-11-06 17:00:00+01:00,1.319167782634185
2024,CO2/CO/NOx,2024-11-06 18:00:00+01:00,1.3331657205808283
2024,CO2/CO/NOx,2024-11-06 19:00:00+01:00,1.3083517142052719
2024,CO2/CO/NOx,2024-11-06 20:00:00+01:00,1.2592621707752547
2024,CO2/CO/NOx,2024-11-06 21:00:00+01:00,1.192874116708575
2024,CO2/CO/NOx,2024-11-06 22:00:00+01:00,1.1290420717368905
2024,CO2/CO/NOx,2024-11-06 23:00:00+01:00,1.070310368342395
2024,CO2/CO/NOx,2024-11-07 00:00:00+01:00,1.0282707498490544
2024,CO2/CO/NOx,2024-11-07 01:00:00+01:00,1.0391256242578304
2024,CO2/CO/NOx,2024-11-07 02:00:00+01:00,1.0749306751686267
2024,CO2/CO/NOx,2024-11-07 03:00:00+01:00,1.1292662782097789
2024,CO2/CO/NOx,2024-11-07 04:00:00+01:00,1.185641451967945
2024,CO2/CO/NOx,2024-11-07 05:00:00+01:00,1.2315866482695106
2024,CO2/CO/NOx,2024-11-07 06:00:00+01:00,1.2672165847321457
2024,CO2/CO/NOx,2024-11-07 07:00:00+01:00,1.2771346574612823
2024,CO2/CO/NOx,2024-11-07 08:00:00+01:00,1.2704999397948091
2024,CO2/CO/NOx,2024-11-07 09:00:00+01:00,1.2405026588116632
2024,CO2/CO/NOx,2024-11-07 10:00:00+01:00,1.2309321687593133
2024,CO2/CO/NOx,2024-11-07 11:00:00+01:00,1.2251624735305382
2024,CO2/CO/NOx,2024-11-07 12:00:00+01:00,1.2273652331493883
2024,CO2/CO/NOx,2024-11-07 13:00:00+01:00,1.245339021194171
2024,CO2/CO/NOx,2024-11-07 14:00:00+01:00,1.260440508205381
2024,CO2/CO/NOx,2024-11-07 15:00:00+01:00,1.2832288863720045
2024,CO2/CO/NOx,2024-11-07 16:00:00+01:00,1.290528070578892
2024,CO2/CO/NOx,2024-11-07 17:00:00+01:00,1.2996235819947504
2024,CO2/CO/NOx,2024-11-07 18:00:00+01:00,1.3191275225502164
2024,CO2/CO/NOx,2024-11-07 19:00:00+01:00,1.2993453578736818
2024,CO2/CO/NOx,2024-11-07 20:00:00+01:00,1.2693169578249746
2024,CO2/CO/NOx,2024-11-07 21:00:00+01:00,1.2387581384751567
2024,CO2/CO/NOx,2024-11-07 22:00:00+01:00,1.2159221392773174
2024,CO2/CO/NOx,2024-11-07 23:00:00+01:00,1.1999952555862134
2024,CO2/CO/NOx,2024-11-08 00:00:00+01:00,1.1788845105345556
2024,CO2/CO/NOx,2024-11-08 01:00:00+01:00,1.1843475853013206
2024,CO2/CO/NOx,2024-11-08 02:00:00+01:00,1.221525732845395
2024,CO2/CO/NOx,2024-11-08 03:00:00+01:00,1.284868889512667
2024,CO2/CO/NOx,2024-11-08 04:00:00+01:00,1.3320754593885702
2024,CO2/CO/NOx,2024-11-08 05:00:00+01:00,1.3940546418418378
2024,CO2/CO/NOx,2024-11-08 06:00:00+01:00,1.4559515471290443
2024,CO2/CO/NOx,2024-11-08 07:00:00+01:00,1.4951416756545381
2024,CO2/CO/NOx,2024-11-08 08:00:00+01:00,1.5058918195717803
2024,CO2/CO/NOx,2024-11-08 09:00:00+01:00,1.484229239501366
2024,CO2/CO/NOx,2024-11-08 10:00:00+01:00,1.4718486450849044
2024,CO2/CO/NOx,2024-11-08 11:00:00+01:00,1.4555217157876474
2024,CO2/CO/NOx,2024-11-08 12:00:00+01:00,1.4389002924705194
2024,CO2/CO/NOx,2024-11-08 13:00:00+01:00,1.43696624980404
2024,CO2/CO/NOx,2024-11-08 14:00:00+01:00,1.4462860767579857
2024,CO2/CO/NOx,2024-11-08 15:00:00+01:00,1.475363566117567
2024,CO2/CO/NOx,2024-11-08 16:00:00+01:00,1.5010512634881796
2024,CO2/CO/NOx,2024-11-08 17:00:00+01:00,1.5345275978686324
2024,CO2/CO/NOx,2024-11-08 18:00:00+01:00,1.5699816382223806
2024,CO2/CO/NOx,2024-11-08 19:00:00+01:00,1.5709109428045105
2024,CO2/CO/NOx,2024-11-08 20:00:00+01:00,1.5427193395455785
2024,CO2/CO/NOx,2024-11-08 21:00:00+01:00,1.4971756543661459
2024,CO2/CO/NOx,2024-11-08 22:00:00+01:00,1.4439242567762878
2024,CO2/CO/NOx,2024-11-08 23:00:00+01:00,1.3982072486017671
2024,CO2/CO/NOx,2024-11-09 00:00:00+01:00,1.3519722026029695
2024,CO2/CO/NOx,2024-11-09 01:00:00+01:00,1.3402461473317353
2024,CO2/CO/NOx,2024-11-09 02:00:00+01:00,1.3669755438106923
2024,CO2/CO/NOx,2024-11-09 03:00:00+01:00,1.4126504119515746
2024,CO2/CO/NOx,2024-11-09 04:00:00+01:00,1.4634004249449801
2024,CO2/CO/NOx,2024-11-09 05:00:00+01:00,1.530878266993228
2024,CO2/CO/NOx,2024-11-09 06:00:00+01:00,1.5918025503821123
2024,CO2/CO/NOx,2024-11-09 07:00:00+01:00,1.6357345171750197
2024,CO2/CO/NOx,2024-11-09 08:00:00+01:00,1.6661842725911793
2024,CO2/CO/NOx,2024-11-09 09:00:00+01:00,1.6521262727139903
2024,CO2/CO/NOx,2024-11-09 10:00:00+01:00,1.6216653684628815
2024,CO2/CO/NOx,2024-11-09 11:00:00+01:00,1.5647717282776095
2024,CO2/CO/NOx,2024-11-09 12:00:00+01:00,1.5078210718588219
2024,CO2/CO/NOx,2024-11-09 13:00:00+01:00,1.4842961955208274
2024,CO2/CO/NOx,2024-11-09 14:00:00+01:00,1.4934456188150165
2024,CO2/CO/NOx,2024-11-09 15:00:00+01:00,1.519079400463469
2024,CO2/CO/NOx,2024-11-09 16:00:00+01:00,1.550458999128421
2024,CO2/CO/NOx,2024-11-09 17:00:00+01:00,1.5890860988125517
2024,CO2/CO/NOx,2024-11-09 18:00:00+01:00,1.6281060102002776
2024,CO2/CO/NOx,2024-11-09 19:00:00+01:00,1.6073360544020194
2024,CO2/CO/NOx,2024-11-09 20:00:00+01:00,1.5567143533385308
2024,CO2/CO/NOx,2024-11-09 21:00:00+01:00,1.4912766955687078
2024,CO2/CO/NOx,2024-11-09 22:00:00+01:00,1.4261816226136412
2024,CO2/CO/NOx,2024-11-09 23:00:00+01:00,1.3741879473028267
2024,CO2/CO/NOx,2024-11-10 00:00:00+01:00,1.329373242313311
2024,CO2/CO/NOx,2024-11-10 01:00:00+01:00,1.3203248669695904
2024,CO2/CO/NOx,2024-11-10 02:00:00+01:00,1.3542084087864272
2024,CO2/CO/NOx,2024-11-10 03:00:00+01:00,1.4173710125534649
2024,CO2/CO/NOx,2024-11-10 04:00:00+01:00,1.466755565401663
2024,CO2/CO/NOx,2024-11-10 05:00:00+01:00,1.5214520892212449
2024,CO2/CO/NOx,2024-11-10 06:00:00+01:00,1.5631019028300235
2024,CO2/CO/NOx,2024-11-10 07:00:00+01:00,1.5897474389852264
2024,CO2/CO/NOx,2024-11-10 08:00:00+01:00,1.6005418433704266
2024,CO2/CO/NOx,2024-11-10 09:00:00+01:00,1.5895975564283207
2024,CO2/CO/NOx,2024-11-10 10:00:00+01:00,1.5847487057885556
2024,CO2/CO/NOx,2024-11-10 11:00:00+01:00,1.5706897920547067
2024,CO2/CO/NOx,2024-11-10 12:00:00+01:00,1.5539325954998666
2024,CO2/CO/NOx,2024-11-10 13:00:00+01:00,1.5625136128014017
2024,CO2/CO/NOx,2024-11-10 14:00:00+01:00,1.5791647571651308
2024,CO2/CO/NOx,2024-11-10 15:00:00+01:00,1.606593786972392
2024,CO2/CO/NOx,2024-11-10 16:00:00+01:00,1.6380695854682572
2024,CO2/CO/NOx,2024-11-10 17:00:00+01:00,1.6635560170009112
2024,CO2/CO/NOx,2024-11-10 18:00:00+01:00,1.6962576858283798
2024,CO2/CO/NOx,2024-11-10 19:00:00+01:00,1.6871182220971126
2024,CO2/CO/NOx,2024-11-10 20:00:00+01:00,1.6390445684325952
2024,CO2/CO/NOx,2024-11-10 21:00:00+01:00,1.5795374172642658
2024,CO2/CO/NOx,2024-11-10 22:00:00+01:00,1.5273158247456216
2024,CO2/CO/NOx,2024-11-10 23:00:00+01:00,1.472787641053794
2024,CO2/CO/NOx,2024-11-11 00:00:00+01:00,1.4187806909165714
2024,CO2/CO/NOx,2024-11-11 01:00:00+01:00,1.41430547642595
2024,CO2/CO/NOx,2024-11-11 02:00:00+01:00,1.4627409987532012
2024,CO2/CO/NOx,2024-11-11 03:00:00+01:00,1.5549108502910705
2024,CO2/CO/NOx,2024-11-11 04:00:00+01:00,1.6467966664726459
2024,CO2/CO/NOx,2024-11-11 05:00:00+01:00,1.7322888565563928
2024,CO2/CO/NOx,2024-11-11 06:00:00+01:00,1.8102462849387209
2024,CO2/CO/NOx,2024-11-11 07:00:00+01:00,1.8560732643214723
2024,CO2/CO/NOx,2024-11-11 08:00:00+01:00,1.8580894992316914
2024,CO2/CO/NOx,2024-11-11 09:00:00+01:00,1.8124584913149169
2024,CO2/CO/NOx,2024-11-11 10:00:00+01:00,1.767996069125268
2024,CO2/CO/NOx,2024-11-11 11:00:00+01:00,1.7249955577137164
2024,CO2/CO/NOx,2024-11-11 12:00:00+01:00,1.6797299847367373
2024,CO2/CO/NOx,2024-11-11 13:00:00+01:00,1.6588644568033957
2024,CO2/CO/NOx,2024-11-11 14:00:00+01:00,1.6595245339305886
2024,CO2/CO/NOx,2024-11-11 15:00:00+01:00,1.6749594546934836
2024,CO2/CO/NOx,2024-11-11 16:00:00+01:00,1.698757229194584
2024,CO2/CO/NOx,2024-11-11 17:00:00+01:00,1.7270630623315189
2024,CO2/CO/NOx,2024-11-11 18:00:00+01:00,1.7665570435176534
2024,CO2/CO/NOx,2024-11-11 19:00:00+01:00,1.773727464385128
2024,CO2/CO/NOx,2024-11-11 20:00:00+01:00,1.7447596805326582
2024,CO2/CO/NOx,2024-11-11 21:00:00+01:00,1.6972042048582654
2024,CO2/CO/NOx,2024-11-11 22:00:00+01:00,1.6322756186690912
2024,CO2/CO/NOx,2024-11-11 23:00:00+01:00,1.571452031322212
2024,CO2/CO/NOx,2024-11-12 00:00:00+01:00,1.4873408394450127
2024,CO2/CO/NOx,2024-11-12 01:00:00+01:00,1.4532810084220573
2024,CO2/CO/NOx,2024-11-12 02:00:00+01:00,1.4629653282552917
2024,CO2/CO/NOx,2024-11-12 03:00:00+01:00,1.5247713745452978
2024,CO2/CO/NOx,2024-11-12 04:00:00+01:00,1.59495533802271
2024,CO2/CO/NOx,2024-11-12 05:00:00+01:00,1.6604197172938082
2024,CO2/CO/NOx,2024-11-12 06:00:00+01:00,1.7351253459206775
2024,CO2/CO/NOx,2024-11-12 07:00:00+01:00,1.7830870141382982
2024,CO2/CO/NOx,2024-11-12 08:00:00+01:00,1.8105132883252921
2024,CO2/CO/NOx,2024-11-12 09:00:00+01:00,1.7945182567362985
2024,CO2/CO/NOx,2024-11-12 10:00:00+01:00,1.7858608379727376
2024,CO2/CO/NOx,2024-11-12 11:00:00+01:00,1.762356411565904
2024,CO2/CO/NOx,2024-11-12 12:00:00+01:00,1.733765440537372
2024,CO2/CO/NOx,2024-11-12 13:00:00+01:00,1.7197895720368042
2024,CO2/CO/NOx,2024-11-12 14:00:00+01:00,1.7096597595854388
2024,CO2/CO/NOx,2024-11-12 15:00:00+01:00,1.7193815601632696
2024,CO2/CO/NOx,2024-11-12 16:00:00+01:00,1.7275416298734936
2024,CO2/CO/NOx,2024-11-12 17:00:00+01:00,1.7393186630761546
2024,CO2/CO/NOx,2024-11-12 18:00:00+01:00,1.7624522448537403
2024,CO2/CO/NOx,2024-11-12 19:00:00+01:00,1.7525976992451062
2024,CO2/CO/NOx,2024-11-12 20:00:00+01:00,1.7178262708888967
2024,CO2/CO/NOx,2024-11-12 21:00:00+01:00,1.658488271392717
2024,CO2/CO/NOx,2024-11-12 22:00:00+01:00,1.6021127494913143
2024,CO2/CO/NOx,2024-11-12 23:00:00+01:00,1.5684313607346239
2024,CO2/CO/NOx,2024-11-13 00:00:00+01:00,1.5302464956737234
2024,CO2/CO/NOx,2024-11-13 01:00:00+01:00,1.5434611949103405
2024,CO2/CO/NOx,2024-11-13 02:00:00+01:00,1.6051900095706926
2024,CO2/CO/NOx,2024-11-13 03:00:00+01:00,1.7044579467431686
2024,CO2/CO/NOx,2024-11-13 04:00:00+01:00,1.7917876240528612
2024,CO2/CO/NOx,2024-11-13 05:00:00+01:00,1.8836790473922336
2024,CO2/CO/NOx,2024-11-13 06:00:00+01:00,1.94955469366951
2024,CO2/CO/NOx,2024-11-13 07:00:00+01:00,1.9843034994102355
2024,CO2/CO/NOx,2024-11-13 08:00:00+01:00,1.9804631265076773
2024,CO2/CO/NOx,2024-11-13 09:00:00+01:00,1.924906341546279
2024,CO2/CO/NOx,2024-11-13 10:00:00+01:00,1.9031138226870716
2024,CO2/CO/NOx,2024-11-13 11:00:00+01:00,1.8904953417958323
2024,CO2/CO/NOx,2024-11-13 12:00:00+01:00,1.885342722239238
2024,CO2/CO/NOx,2024-11-13 13:00:00+01:00,1.902051659351545
2024,CO2/CO/NOx,2024-11-13 14:00:00+01:00,1.94278304370585
2024,CO2/CO/NOx,2024-11-13 15:00:00+01:00,1.989933661407848
2024,CO2/CO/NOx,2024-11-13 16:00:00+01:00,2.016265595921355
2024,CO2/CO/NOx,2024-11-13 17:00:00+01:00,2.0146913872889347
2024,CO2/CO/NOx,2024-11-13 18:00:00+01:00,2.017659820470733
2024,CO2/CO/NOx,2024-11-13 19:00:00+01:00,1.9930100613449306
2024,CO2/CO/NOx,2024-11-13 20:00:00+01:00,1.9442708721067143
2024,CO2/CO/NOx,2024-11-13 21:00:00+01:00,1.8826341609871238
2024,CO2/CO/NOx,2024-11-13 22:00:00+01:00,1.8235214304569225
2024,CO2/CO/NOx,2024-11-13 23:00:00+01:00,1.7771433936387144
2024,CO2/CO/NOx,2024-11-14 00:00:00+01:00,1.7277648998341473
2024,CO2/CO/NOx,2024-11-14 01:00:00+01:00,1.7144958381737794
2024,CO2/CO/NOx,2024-11-14 02:00:00+01:00,1.7382195727790144
2024,CO2/CO/NOx,2024-11-14 03:00:00+01:00,1.7911346914953503
2024,CO2/CO/NOx,2024-11-14 04:00:00+01:00,1.8326012173419726
2024,CO2/CO/NOx,2024-11-14 05:00:00+01:00,1.8701481182199293
2024,CO2/CO/NOx,2024-11-14 06:00:00+01:00,1.9069799044281688
2024,CO2/CO/NOx,2024-11-14 07:00:00+01:00,1.9185395251944322
2024,CO2/CO/NOx,2024-11-14 08:00:00+01:00,1.8960619225242021
2024,CO2/CO/NOx,2024-11-14 09:00:00+01:00,1.8428611019421142
2024,CO2/CO/NOx,2024-11-14 10:00:00+01:00,1.7972630881059268
2024,CO2/CO/NOx,2024-11-14 11:00:00+01:00,1.7410872896119753
2024,CO2/CO/NOx,2024-11-14 12:00:00+01:00,1.6882390074554496
2024,CO2/CO/NOx,2024-11-14 13:00:00+01:00,1.6637523400612015
2024,CO2/CO/NOx,2024-11-14 14:00:00+01:00,1.6639635675581113
2024,CO2/CO/NOx,2024-11-14 15:00:00+01:00,1.6974495550733084
2024,CO2/CO/NOx,2024-11-14 16:00:00+01:00,1.7202898515039287
2024,CO2/CO/NOx,2024-11-14 17:00:00+01:00,1.728076800964586
2024,CO2/CO/NOx,2024-11-14 18:00:00+01:00,1.7477902754072867
2024,CO2/CO/NOx,2024-11-14 19:00:00+01:00,1.7109761213821484
2024,CO2/CO/NOx,2024-11-14 20:00:00+01:00,1.644570515782967
2024,CO2/CO/NOx,2024-11-14 21:00:00+01:00,1.56696543433549
2024,CO2/CO/NOx,2024-11-14 22:00:00+01:00,1.4949625504364197
2024,CO2/CO/NOx,2024-11-14 23:00:00+01:00,1.4394565476003416
2024,CO2/CO/NOx,2024-11-15 00:00:00+01:00,1.3859107716169257
2024,CO2/CO/NOx,2024-11-15 01:00:00+01:00,1.3689992905392048
2024,CO2/CO/NOx,2024-11-15 02:00:00+01:00,1.3906356180834998
2024,CO2/CO/NOx,2024-11-15 03:00:00+01:00,1.4509918505200794
2024,CO2/CO/NOx,2024-11-15 04:00:00+01:00,1.4956183452500136
2024,CO2/CO/NOx,2024-11-15 05:00:00+01:00,1.5476388015437252
2024,CO2/CO/NOx,2024-11-15 06:00:00+01:00,1.601489830238568
2024,CO2/CO/NOx,2024-11-15 07:00:00+01:00,1.6365509251284256
2024,CO2/CO/NOx,2024-11-15 08:00:00+01:00,1.6249421398309765
2024,CO2/CO/NOx,2024-11-15 09:00:00+01:00,1.5552549209397795
2024,CO2/CO/NOx,2024-11-15 10:00:00+01:00,1.5044862516333994
2024,CO2/CO/NOx,2024-11-15 11:00:00+01:00,1.4431476303856239
2024,CO2/CO/NOx,2024-11-15 12:00:00+01:00,1.383825217578936
2024,CO2/CO/NOx,2024-11-15 13:00:00+01:00,1.343827368969377
2024,CO2/CO/NOx,2024-11-15 14:00:00+01:00,1.3303409161850162
2024,CO2/CO/NOx,2024-11-15 15:00:00+01:00,1.3614485118381146
2024,CO2/CO/NOx,2024-11-15 16:00:00+01:00,1.4092748107322974
2024,CO2/CO/NOx,2024-11-15 17:00:00+01:00,1.44691617191406
2024,CO2/CO/NOx,2024-11-15 18:00:00+01:00,1.5069395419128027
2024,CO2/CO/NOx,2024-11-15 19:00:00+01:00,1.563779006665555
2024,CO2/CO/NOx,2024-11-15 20:00:00+01:00,1.5868821084146756
2024,CO2/CO/NOx,2024-11-15 21:00:00+01:00,1.5708670716571136
2024,CO2/CO/NOx,2024-11-15 22:00:00+01:00,1.505612140426222
2024,CO2/CO/NOx,2024-11-15 23:00:00+01:00,1.44347764179753
2024,CO2/CO/NOx,2024-11-16 00:00:00+01:00,1.3901768051631367
2024,CO2/CO/NOx,2024-11-16 01:00:00+01:00,1.3823968342199457
2024,CO2/CO/NOx,2024-11-16 02:00:00+01:00,1.4210267683809414
2024,CO2/CO/NOx,2024-11-16 03:00:00+01:00,1.5377933028595203
2024,CO2/CO/NOx,2024-11-16 04:00:00+01:00,1.671183328777419
2024,CO2/CO/NOx,2024-11-16 05:00:00+01:00,1.7937613470251088
2024,CO2/CO/NOx,2024-11-16 06:00:00+01:00,1.854395639788401
2024,CO2/CO/NOx,2024-11-16 07:00:00+01:00,1.851011492815599
2024,CO2/CO/NOx,2024-11-16 08:00:00+01:00,1.817472234633443
2024,CO2/CO/NOx,2024-11-16 09:00:00+01:00,1.6937067965535755
2024,CO2/CO/NOx,2024-11-16 10:00:00+01:00,1.5418013945975504
2024,CO2/CO/NOx,2024-11-16 11:00:00+01:00,1.3787515620508823
2024,CO2/CO/NOx,2024-11-16 12:00:00+01:00,1.231779519695102
2024,CO2/CO/NOx,2024-11-16 13:00:00+01:00,1.1523751214521556
2024,CO2/CO/NOx,2024-11-16 14:00:00+01:00,1.1699067024380851
2024,CO2/CO/NOx,2024-11-16 15:00:00+01:00,1.276744022682493
2024,CO2/CO/NOx,2024-11-16 16:00:00+01:00,1.4288214469070197
2024,CO2/CO/NOx,2024-11-16 17:00:00+01:00,1.6092912380890323
2024,CO2/CO/NOx,2024-11-16 18:00:00+01:00,1.7625659790798376
2024,CO2/CO/NOx,2024-11-16 19:00:00+01:00,1.793261702300664
2024,CO2/CO/NOx,2024-11-16 20:00:00+01:00,1.7505679201071902
2024,CO2/CO/NOx,2024-11-16 21:00:00+01:00,1.626626417460445
2024,CO2/CO/NOx,2024-11-16 22:00:00+01:00,1.4987659747446134
2024,CO2/CO/NOx,2024-11-16 23:00:00+01:00,1.4108086872067502
2024,CO2/CO/NOx,2024-11-17 00:00:00+01:00,1.3258667998408737
2024,CO2/CO/NOx,2024-11-17 01:00:00+01:00,1.308384204617797
2024,CO2/CO/NOx,2024-11-17 02:00:00+01:00,1.403129799682446
2024,CO2/CO/NOx,2024-11-17 03:00:00+01:00,1.5336289826099296
2024,CO2/CO/NOx,2024-11-17 04:00:00+01:00,1.6288399622491405
2024,CO2/CO/NOx,2024-11-17 05:00:00+01:00,1.7515887779559551
2024,CO2/CO/NOx,2024-11-17 06:00:00+01:00,1.8386145560081264
2024,CO2/CO/NOx,2024-11-17 07:00:00+01:00,1.880963656854855
2024,CO2/CO/NOx,2024-11-17 08:00:00+01:00,1.8744054681011362
2024,CO2/CO/NOx,2024-11-17 09:00:00+01:00,1.7897987369082133
2024,CO2/CO/NOx,2024-11-17 10:00:00+01:00,1.6898414651197586
2024,CO2/CO/NOx,2024-11-17 11:00:00+01:00,1.5723713421461145
2024,CO2/CO/NOx,2024-11-17 12:00:00+01:00,1.4226191454550607
2024,CO2/CO/NOx,2024-11-17 13:00:00+01:00,1.3051216505050052
2024,CO2/CO/NOx,2024-11-17 14:00:00+01:00,1.2402530776377478
2024,CO2/CO/NOx,2024-11-17 15:00:00+01:00,1.2096013022923007
2024,CO2/CO/NOx,2024-11-17 16:00:00+01:00,1.2382593762430105
2024,CO2/CO/NOx,2024-11-17 17:00:00+01:00,1.3013978474865715
2024,CO2/CO/NOx,2024-11-17 18:00:00+01:00,1.3882142822241956
2024,CO2/CO/NOx,2024-11-17 19:00:00+01:00,1.4546502245781796
2024,CO2/CO/NOx,2024-11-17 20:00:00+01:00,1.4893488138337214
2024,CO2/CO/NOx,2024-11-17 21:00:00+01:00,1.4768227970745829
2024,CO2/CO/NOx,2024-11-17 22:00:00+01:00,1.4377375934660763
2024,CO2/CO/NOx,2024-11-17 23:00:00+01:00,1.377660352221215
2024,CO2/CO/NOx,2024-11-18 00:00:00+01:00,1.2860092512401793
2024,CO2/CO/NOx,2024-11-18 01:00:00+01:00,1.2465500404717789
2024,CO2/CO/NOx,2024-11-18 02:00:00+01:00,1.2257153616752936
2024,CO2/CO/NOx,2024-11-18 03:00:00+01:00,1.2553829035639072
2024,CO2/CO/NOx,2024-11-18 04:00:00+01:00,1.3312442343109476
2024,CO2/CO/NOx,2024-11-18 05:00:00+01:00,1.4028391163721539
2024,CO2/CO/NOx,2024-11-18 06:00:00+01:00,1.473328198957725
2024,CO2/CO/NOx,2024-11-18 07:00:00+01:00,1.5129794876326186
2024,CO2/CO/NOx,2024-11-18 08:00:00+01:00,1.5007446860499152
2024,CO2/CO/NOx,2024-11-18 09:00:00+01:00,1.4281440757186457
2024,CO2/CO/NOx,2024-11-18 10:00:00+01:00,1.3531674343168876
2024,CO2/CO/NOx,2024-11-18 11:00:00+01:00,1.2673465413078242
2024,CO2/CO/NOx,2024-11-18 12:00:00+01:00,1.1853159290443844
2024,CO2/CO/NOx,2024-11-18 13:00:00+01:00,1.153460998607688
2024,CO2/CO/NOx,2024-11-18 14:00:00+01:00,1.1483167365996036
2024,CO2/CO/NOx,2024-11-18 15:00:00+01:00,1.1833095985274797
2024,CO2/CO/NOx,2024-11-18 16:00:00+01:00,1.2086022239988128
2024,CO2/CO/NOx,2024-11-18 17:00:00+01:00,1.239578374894285
2024,CO2/CO/NOx,2024-11-18 18:00:00+01:00,1.2626741171806743
2024,CO2/CO/NOx,2024-11-18 19:00:00+01:00,1.252990876638358
2024,CO2/CO/NOx,2024-11-18 20:00:00+01:00,1.2269634074943065
2024,CO2/CO/NOx,2024-11-18 21:00:00+01:00,1.1761018401052266
2024,CO2/CO/NOx,2024-11-18 22:00:00+01:00,1.13272746697133
2024,CO2/CO/NOx,2024-11-18 23:00:00+01:00,1.0913826815235228
2024,CO2/CO/NOx,2024-11-19 00:00:00+01:00,1.0413070420607575
2024,CO2/CO/NOx,2024-11-19 01:00:00+01:00,1.0188069516040819
2024,CO2/CO/NOx,2024-11-19 02:00:00+01:00,1.0413230081913682
2024,CO2/CO/NOx,2024-11-19 03:00:00+01:00,1.0780347169529887
2024,CO2/CO/NOx,2024-11-19 04:00:00+01:00,1.0996635969447666
2024,CO2/CO/NOx,2024-11-19 05:00:00+01:00,1.1365069786349569
2024,CO2/CO/NOx,2024-11-19 06:00:00+01:00,1.1712909602763855
2024,CO2/CO/NOx,2024-11-19 07:00:00+01:00,1.1852117306045964
2024,CO2/CO/NOx,2024-11-19 08:00:00+01:00,1.1782784049275936
2024,CO2/CO/NOx,2024-11-19 09:00:00+01:00,1.1383687070363557
2024,CO2/CO/NOx,2024-11-19 10:00:00+01:00,1.1152283647945758
2024,CO2/CO/NOx,2024-11-19 11:00:00+01:00,1.081647598927246
2024,CO2/CO/NOx,2024-11-19 12:00:00+01:00,1.027109785710682
2024,CO2/CO/NOx,2024-11-19 13:00:00+01:00,0.9793243902019013
2024,CO2/CO/NOx,2024-11-19 14:00:00+01:00,0.9653368045861227
2024,CO2/CO/NOx,2024-11-19 15:00:00+01:00,0.9666592556552346
2024,CO2/CO/NOx,2024-11-19 16:00:00+01:00,0.9678024224327676
2024,CO2/CO/NOx,2024-11-19 17:00:00+01:00,0.9642724353759847
2024,CO2/CO/NOx,2024-11-19 18:00:00+01:00,0.9693438767181828
2024,CO2/CO/NOx,2024-11-19 19:00:00+01:00,0.9574376790164216
2024,CO2/CO/NOx,2024-11-19 20:00:00+01:00,0.9184274885364642
2024,CO2/CO/NOx,2024-11-19 21:00:00+01:00,0.8672902633689763
2024,CO2/CO/NOx,2024-11-19 22:00:00+01:00,0.8118744224291474
2024,CO2/CO/NOx,2024-11-19 23:00:00+01:00,0.7843518875262604
2024,CO2/CO/NOx,2024-11-20 00:00:00+01:00,0.7868064754935653
2024,CO2/CO/NOx,2024-11-20 01:00:00+01:00,0.8510446831815413
2024,CO2/CO/NOx,2024-11-20 02:00:00+01:00,0.9529315963614066
2024,CO2/CO/NOx,2024-11-20 03:00:00+01:00,1.0920892268321625
2024,CO2/CO/NOx,2024-11-20 04:00:00+01:00,1.2261197394605052
2024,CO2/CO/NOx,2024-11-20 05:00:00+01:00,1.343170328784196
2024,CO2/CO/NOx,2024-11-20 06:00:00+01:00,1.4418509909854764
2024,CO2/CO/NOx,2024-11-20 07:00:00+01:00,1.4806714295778824
2024,CO2/CO/NOx,2024-11-20 08:00:00+01:00,1.476601836764812
2024,CO2/CO/NOx,2024-11-20 09:00:00+01:00,1.4450182718297984
2024,CO2/CO/NOx,2024-11-20 10:00:00+01:00,1.4242591388719468
2024,CO2/CO/NOx,2024-11-20 11:00:00+01:00,1.402283401379439
2024,CO2/CO/NOx,2024-11-20 12:00:00+01:00,1.3983496641444255
2024,CO2/CO/NOx,2024-11-20 13:00:00+01:00,1.4240642952205758
2024,CO2/CO/NOx,2024-11-20 14:00:00+01:00,1.473919204646891
2024,CO2/CO/NOx,2024-11-20 15:00:00+01:00,1.5489891428347984
2024,CO2/CO/NOx,2024-11-20 16:00:00+01:00,1.6109003760879372
2024,CO2/CO/NOx,2024-11-20 17:00:00+01:00,1.6560730791618772
2024,CO2/CO/NOx,2024-11-20 18:00:00+01:00,1.695401172028387
2024,CO2/CO/NOx,2024-11-20 19:00:00+01:00,1.7062538487979175
2024,CO2/CO/NOx,2024-11-20 20:00:00+01:00,1.6914965141368563
2024,CO2/CO/NOx,2024-11-20 21:00:00+01:00,1.6564114366161544
2024,CO2/CO/NOx,2024-11-20 22:00:00+01:00,1.6163165503074945
2024,CO2/CO/NOx,2024-11-20 23:00:00+01:00,1.5904562924444017
2024,CO2/CO/NOx,2024-11-21 00:00:00+01:00,1.5580303010223973
2024,CO2/CO/NOx,2024-11-21 01:00:00+01:00,1.5678642688599824
2024,CO2/CO/NOx,2024-11-21 02:00:00+01:00,1.6249140863616713
2024,CO2/CO/NOx,2024-11-21 03:00:00+01:00,1.715030390700386
2024,CO2/CO/NOx,2024-11-21 04:00:00+01:00,1.8057733130373024
2024,CO2/CO/NOx,2024-11-21 05:00:00+01:00,1.8885135789836807
2024,CO2/CO/NOx,2024-11-21 06:00:00+01:00,1.946144983063773
2024,CO2/CO/NOx,2024-11-21 07:00:00+01:00,1.9664427210359614
2024,CO2/CO/NOx,2024-11-21 08:00:00+01:00,1.953794592711692
2024,CO2/CO/NOx,2024-11-21 09:00:00+01:00,1.9058895364610218
2024,CO2/CO/NOx,2024-11-21 10:00:00+01:00,1.8681855821009639
2024,CO2/CO/NOx,2024-11-21 11:00:00+01:00,1.8288918432136734
2024,CO2/CO/NOx,2024-11-21 12:00:00+01:00,1.799307122598428
2024,CO2/CO/NOx,2024-11-21 13:00:00+01:00,1.780987824223169
2024,CO2/CO/NOx,2024-11-21 14:00:00+01:00,1.798308228898857
2024,CO2/CO/NOx,2024-11-21 15:00:00+01:00,1.823717854831861
2024,CO2/CO/NOx,2024-11-21 16:00:00+01:00,1.8686697799808478
2024,CO2/CO/NOx,2024-11-21 17:00:00+01:00,1.9268664731481768
2024,CO2/CO/NOx,2024-11-21 18:00:00+01:00,2.0061960538334103
2024,CO2/CO/NOx,2024-11-21 19:00:00+01:00,2.046916514868026
2024,CO2/CO/NOx,2024-11-21 20:00:00+01:00,2.04924498823203
2024,CO2/CO/NOx,2024-11-21 21:00:00+01:00,2.022783623497215
2024,CO2/CO/NOx,2024-11-21 22:00:00+01:00,1.9722945644278802
2024,CO2/CO/NOx,2024-11-21 23:00:00+01:00,1.930241405261736
2024,CO2/CO/NOx,2024-11-22 00:00:00+01:00,1.860546089732164
2024,CO2/CO/NOx,2024-11-22 01:00:00+01:00,1.847155637595476
2024,CO2/CO/NOx,2024-11-22 02:00:00+01:00,1.8726838165438662
2024,CO2/CO/NOx,2024-11-22 03:00:00+01:00,1.9460022728107274
2024,CO2/CO/NOx,2024-11-22 04:00:00+01:00,2.021558232791032
2024,CO2/CO/NOx,2024-11-22 05:00:00+01:00,2.109031906787281
2024,CO2/CO/NOx,2024-11-22 06:00:00+01:00,2.192871345125376
2024,CO2/CO/NOx,2024-11-22 07:00:00+01:00,2.2966738050815283
2024,CO2/CO/NOx,2024-11-22 08:00:00+01:00,2.368281642503744
2024,CO2/CO/NOx,2024-11-22 09:00:00+01:00,2.3581080262757133
2024,CO2/CO/NOx,2024-11-22 10:00:00+01:00,2.300244093603763
2024,CO2/CO/NOx,2024-11-22 11:00:00+01:00,2.248542548128667
2024,CO2/CO/NOx,2024-11-22 12:00:00+01:00,2.1967153918091635
2024,CO2/CO/NOx,2024-11-22 13:00:00+01:00,2.159100522705709
2024,CO2/CO/NOx,2024-11-22 14:00:00+01:00,2.152050324054651
2024,CO2/CO/NOx,2024-11-22 15:00:00+01:00,2.1754087025468523
2024,CO2/CO/NOx,2024-11-22 16:00:00+01:00,2.228561521337376
2024,CO2/CO/NOx,2024-11-22 17:00:00+01:00,2.258333854560107
2024,CO2/CO/NOx,2024-11-22 18:00:00+01:00,2.2568922115080934
2024,CO2/CO/NOx,2024-11-22 19:00:00+01:00,2.1988481203467796
2024,CO2/CO/NOx,2024-11-22 20:00:00+01:00,2.1264495711109404
2024,CO2/CO/NOx,2024-11-22 21:00:00+01:00,2.0182682999971484
2024,CO2/CO/NOx,2024-11-22 22:00:00+01:00,1.907798214732974
2024,CO2/CO/NOx,2024-11-22 23:00:00+01:00,1.815099258106501
2024,CO2/CO/NOx,2024-11-23 00:00:00+01:00,1.7289646529205178
2024,CO2/CO/NOx,2024-11-23 01:00:00+01:00,1.6757542413169888
2024,CO2/CO/NOx,2024-11-23 02:00:00+01:00,1.6781476429595736
2024,CO2/CO/NOx,2024-11-23 03:00:00+01:00,1.7246538613219133
2024,CO2/CO/NOx,2024-11-23 04:00:00+01:00,1.7792911246203789
2024,CO2/CO/NOx,2024-11-23 05:00:00+01:00,1.8232285742423364
2024,CO2/CO/NOx,2024-11-23 06:00:00+01:00,1.861496243089569
2024,CO2/CO/NOx,2024-11-23 07:00:00+01:00,1.8806945173682363
2024,CO2/CO/NOx,2024-11-23 08:00:00+01:00,1.873336818505963
2024,CO2/CO/NOx,2024-11-23 09:00:00+01:00,1.831322864843379
2024,CO2/CO/NOx,2024-11-23 10:00:00+01:00,1.7923193804426414
2024,CO2/CO/NOx,2024-11-23 11:00:00+01:00,1.747828270007919
2024,CO2/CO/NOx,2024-11-23 12:00:00+01:00,1.70944699871081
2024,CO2/CO/NOx,2024-11-23 13:00:00+01:00,1.7023746102655022
2024,CO2/CO/NOx,2024-11-23 14:00:00+01:00,1.717186089612607
2024,CO2/CO/NOx,2024-11-23 15:00:00+01:00,1.7551757833050867
2024,CO2/CO/NOx,2024-11-23 16:00:00+01:00,1.7833489843494947
2024,CO2/CO/NOx,2024-11-23 17:00:00+01:00,1.7978692509784482
2024,CO2/CO/NOx,2024-11-23 18:00:00+01:00,1.808899164452749
2024,CO2/CO/NOx,2024-11-23 19:00:00+01:00,1.7901736058467945
2024,CO2/CO/NOx,2024-11-23 20:00:00+01:00,1.7299806363942092
2024,CO2/CO/NOx,2024-11-23 21:00:00+01:00,1.6569294980271847
2024,CO2/CO/NOx,2024-11-23 22:00:00+01:00,1.5816751163392488
2024,CO2/CO/NOx,2024-11-23 23:00:00+01:00,1.509853142990093
2024,CO2/CO/NOx,2024-11-24 00:00:00+01:00,1.4545080750010027
2024,CO2/CO/NOx,2024-11-24 01:00:00+01:00,1.4174049200343224
2024,CO2/CO/NOx,2024-11-24 02:00:00+01:00,1.4108603111798532
2024,CO2/CO/NOx,2024-11-24 03:00:00+01:00,1.434592202604153
2024,CO2/CO/NOx,2024-11-24 04:00:00+01:00,1.4656746468538862
2024,CO2/CO/NOx,2024-11-24 05:00:00+01:00,1.486726620870749
2024,CO2/CO/NOx,2024-11-24 06:00:00+01:00,1.5237935749917981
2024,CO2/CO/NOx,2024-11-24 07:00:00+01:00,1.5321880367466716
2024,CO2/CO/NOx,2024-11-24 08:00:00+01:00,1.4958356603581056
2024,CO2/CO/NOx,2024-11-24 09:00:00+01:00,1.418764213216112
2024,CO2/CO/NOx,2024-11-24 10:00:00+01:00,1.3207056930951224
2024,CO2/CO/NOx,2024-11-24 11:00:00+01:00,1.2035780898546609
2024,CO2/CO/NOx,2024-11-24 12:00:00+01:00,1.0852919919258062
2024,CO2/CO/NOx,2024-11-24 13:00:00+01:00,1.0146947963848192
2024,CO2/CO/NOx,2024-11-24 14:00:00+01:00,0.9922261532974048
2024,CO2/CO/NOx,2024-11-24 15:00:00+01:00,1.0392149229891057
2024,CO2/CO/NOx,2024-11-24 16:00:00+01:00,1.1030397338853584
2024,CO2/CO/NOx,2024-11-24 17:00:00+01:00,1.1711256620557826
2024,CO2/CO/NOx,2024-11-24 18:00:00+01:00,1.2379082956338483
2024,CO2/CO/NOx,2024-11-24 19:00:00+01:00,1.2672135825550865
2024,CO2/CO/NOx,2024-11-24 20:00:00+01:00,1.2688967810384084
2024,CO2/CO/NOx,2024-11-24 21:00:00+01:00,1.252496200956835
2024,CO2/CO/NOx,2024-11-24 22:00:00+01:00,1.2383105315750849
2024,CO2/CO/NOx,2024-11-24 23:00:00+01:00,1.2216270081450564
2024,CO2/CO/NOx,2024-11-25 00:00:00+01:00,1.1856595044148248
2024,CO2/CO/NOx,2024-11-25 01:00:00+01:00,1.1792687402438304
2024,CO2/CO/NOx,2024-11-25 02:00:00+01:00,1.199713428601249
2024,CO2/CO/NOx,2024-11-25 03:00:00+01:00,1.2254132602030725
2024,CO2/CO/NOx,2024-11-25 04:00:00+01:00,1.2683354561637763
2024,CO2/CO/NOx,2024-11-25 05:00:00+01:00,1.34950995477757
2024,CO2/CO/NOx,2024-11-25 06:00:00+01:00,1.4438218624244998
2024,CO2/CO/NOx,2024-11-25 07:00:00+01:00,1.4826814293408463
2024,CO2/CO/NOx,2024-11-25 08:00:00+01:00,1.4505967582413632
2024,CO2/CO/NOx,2024-11-25 09:00:00+01:00,1.3371489546632753
2024,CO2/CO/NOx,2024-11-25 10:00:00+01:00,1.2131233900894816
2024,CO2/CO/NOx,2024-11-25 11:00:00+01:00,1.069860669653457
2024,CO2/CO/NOx,2024-11-25 12:00:00+01:00,0.9142176123479479
2024,CO2/CO/NOx,2024-11-25 13:00:00+01:00,0.8455837497738845
2024,CO2/CO/NOx,2024-11-25 14:00:00+01:00,0.8621229380853831
2024,CO2/CO/NOx,2024-11-25 15:00:00+01:00,0.9475832424009578
2024,CO2/CO/NOx,2024-11-25 16:00:00+01:00,1.0656492627931071
2024,CO2/CO/NOx,2024-11-25 17:00:00+01:00,1.1904530236791186
2024,CO2/CO/NOx,2024-11-25 18:00:00+01:00,1.2943782408051046
2024,CO2/CO/NOx,2024-11-25 19:00:00+01:00,1.334362792819715
2024,CO2/CO/NOx,2024-11-25 20:00:00+01:00,1.3055835589473708
2024,CO2/CO/NOx,2024-11-25 21:00:00+01:00,1.2266835000396512
2024,CO2/CO/NOx,2024-11-25 22:00:00+01:00,1.163601583757787
2024,CO2/CO/NOx,2024-11-25 23:00:00+01:00,1.0795494049292627
2024,CO2/CO/NOx,2024-11-26 00:00:00+01:00,0.9714203721174051
2024,CO2/CO/NOx,2024-11-26 01:00:00+01:00,0.9376496510291844
2024,CO2/CO/NOx,2024-11-26 02:00:00+01:00,0.9406297780241061
2024,CO2/CO/NOx,2024-11-26 03:00:00+01:00,0.9886003989975605
2024,CO2/CO/NOx,2024-11-26 04:00:00+01:00,1.0546440699503794
2024,CO2/CO/NOx,2024-11-26 05:00:00+01:00,1.1339790390667333
2024,CO2/CO/NOx,2024-11-26 06:00:00+01:00,1.224208809932022
2024,CO2/CO/NOx,2024-11-26 07:00:00+01:00,1.2921648734784272
2024,CO2/CO/NOx,2024-11-26 08:00:00+01:00,1.2786923733956872
2024,CO2/CO/NOx,2024-11-26 09:00:00+01:00,1.2019035224860337
2024,CO2/CO/NOx,2024-11-26 10:00:00+01:00,1.124389439090786
2024,CO2/CO/NOx,2024-11-26 11:00:00+01:00,1.0330797454455094
2024,CO2/CO/NOx,2024-11-26 12:00:00+01:00,0.9591804918979389
2024,CO2/CO/NOx,2024-11-26 13:00:00+01:00,0.9255965033628255
2024,CO2/CO/NOx,2024-11-26 14:00:00+01:00,0.924594062013718
2024,CO2/CO/NOx,2024-11-26 15:00:00+01:00,0.960196196804505
2024,CO2/CO/NOx,2024-11-26 16:00:00+01:00,1.001529327467409
2024,CO2/CO/NOx,2024-11-26 17:00:00+01:00,1.036674902992432
2024,CO2/CO/NOx,2024-11-26 18:00:00+01:00,1.0985878505380366
2024,CO2/CO/NOx,2024-11-26 19:00:00+01:00,1.1258568281142678
2024,CO2/CO/NOx,2024-11-26 20:00:00+01:00,1.1219054771598946
2024,CO2/CO/NOx,2024-11-26 21:00:00+01:00,1.0968692308505454
2024,CO2/CO/NOx,2024-11-26 22:00:00+01:00,1.0818578960362535
2024,CO2/CO/NOx,2024-11-26 23:00:00+01:00,1.0743230786083904
2024,CO2/CO/NOx,2024-11-27 00:00:00+01:00,1.060386623089708
2024,CO2/CO/NOx,2024-11-27 01:00:00+01:00,1.0797720034302596
2024,CO2/CO/NOx,2024-11-27 02:00:00+01:00,1.1263366633553205
2024,CO2/CO/NOx,2024-11-27 03:00:00+01:00,1.2122311932473526
2024,CO2/CO/NOx,2024-11-27 04:00:00+01:00,1.2774828117648405
2024,CO2/CO/NOx,2024-11-27 05:00:00+01:00,1.3305477655156843
2024,CO2/CO/NOx,2024-11-27 06:00:00+01:00,1.3657223249500428
2024,CO2/CO/NOx,2024-11-27 07:00:00+01:00,1.3971403000723666
2024,CO2/CO/NOx,2024-11-27 08:00:00+01:00,1.3780449149922307
2024,CO2/CO/NOx,2024-11-27 09:00:00+01:00,1.3025614069933698
2024,CO2/CO/NOx,2024-11-27 10:00:00+01:00,1.229813365662145
2024,CO2/CO/NOx,2024-11-27 11:00:00+01:00,1.1513352960894594
2024,CO2/CO/NOx,2024-11-27 12:00:00+01:00,1.0782696497340065
2024,CO2/CO/NOx,2024-11-27 13:00:00+01:00,1.033523587746219
2024,CO2/CO/NOx,2024-11-27 14:00:00+01:00,1.025698525357696
2024,CO2/CO/NOx,2024-11-27 15:00:00+01:00,1.0712186421281011
2024,CO2/CO/NOx,2024-11-27 16:00:00+01:00,1.1618597756909375
2024,CO2/CO/NOx,2024-11-27 17:00:00+01:00,1.2466046938939526
2024,CO2/CO/NOx,2024-11-27 18:00:00+01:00,1.3232320598731255
2024,CO2/CO/NOx,2024-11-27 19:00:00+01:00,1.3358589936917122
2024,CO2/CO/NOx,2024-11-27 20:00:00+01:00,1.285950412284625
2024,CO2/CO/NOx,2024-11-27 21:00:00+01:00,1.1848519924651648
2024,CO2/CO/NOx,2024-11-27 22:00:00+01:00,1.0661033176368253
2024,CO2/CO/NOx,2024-11-27 23:00:00+01:00,0.9354741108434989
2024,CO2/CO/NOx,2024-11-28 00:00:00+01:00,0.8359719505655809
2024,CO2/CO/NOx,2024-11-28 01:00:00+01:00,0.8031586404345841
2024,CO2/CO/NOx,2024-11-28 02:00:00+01:00,0.8269745105023024
2024,CO2/CO/NOx,2024-11-28 03:00:00+01:00,0.9038596108833221
2024,CO2/CO/NOx,2024-11-28 04:00:00+01:00,0.9977932404157567
2024,CO2/CO/NOx,2024-11-28 05:00:00+01:00,1.106180997777493
2024,CO2/CO/NOx,2024-11-28 06:00:00+01:00,1.214533331482626
2024,CO2/CO/NOx,2024-11-28 07:00:00+01:00,1.294260971862665
2024,CO2/CO/NOx,2024-11-28 08:00:00+01:00,1.334218744364414
2024,CO2/CO/NOx,2024-11-28 09:00:00+01:00,1.3333842294764389
2024,CO2/CO/NOx,2024-11-28 10:00:00+01:00,1.3185774427089978
2024,CO2/CO/NOx,2024-11-28 11:00:00+01:00,1.280722604016456
2024,CO2/CO/NOx,2024-11-28 12:00:00+01:00,1.2464820752857697
2024,CO2/CO/NOx,2024-11-28 13:00:00+01:00,1.2423692401304534
2024,CO2/CO/NOx,2024-11-28 14:00:00+01:00,1.2614172027804607
2024,CO2/CO/NOx,2024-11-28 15:00:00+01:00,1.2947355492511088
2024,CO2/CO/NOx,2024-11-28 16:00:00+01:00,1.333173672300981
2024,CO2/CO/NOx,2024-11-28 17:00:00+01:00,1.3876574878495576
2024,CO2/CO/NOx,2024-11-28 18:00:00+01:00,1.4516332520613942
2024,CO2/CO/NOx,2024-11-28 19:00:00+01:00,1.4806789743414164
2024,CO2/CO/NOx,2024-11-28 20:00:00+01:00,1.4810268857075097
2024,CO2/CO/NOx,2024-11-28 21:00:00+01:00,1.4624566671141823
2024,CO2/CO/NOx,2024-11-28 22:00:00+01:00,1.4319708775077968
2024,CO2/CO/NOx,2024-11-28 23:00:00+01:00,1.3870570572028373
2024,CO2/CO/NOx,2024-11-29 00:00:00+01:00,1.327300285569258
2024,CO2/CO/NOx,2024-11-29 01:00:00+01:00,1.3062539858391018
2024,CO2/CO/NOx,2024-11-29 02:00:00+01:00,1.331654471176927
2024,CO2/CO/NOx,2024-11-29 03:00:00+01:00,1.4052372716993644
2024,CO2/CO/NOx,2024-11-29 04:00:00+01:00,1.4777321631210525
2024,CO2/CO/NOx,2024-11-29 05:00:00+01:00,1.5539404970454391
2024,CO2/CO/NOx,2024-11-29 06:00:00+01:00,1.6271830510883691
2024,CO2/CO/NOx,2024-11-29 07:00:00+01:00,1.6801461589328397
2024,CO2/CO/NOx,2024-11-29 08:00:00+01:00,1.701356579990802
2024,CO2/CO/NOx,2024-11-29 09:00:00+01:00,1.6889591024724357
2024,CO2/CO/NOx,2024-11-29 10:00:00+01:00,1.67783565343146
2024,CO2/CO/NOx,2024-11-29 11:00:00+01:00,1.6541409849027733
2024,CO2/CO/NOx,2024-11-29 12:00:00+01:00,1.637572006933783
2024,CO2/CO/NOx,2024-11-29 13:00:00+01:00,1.637399202534792
2024,CO2/CO/NOx,2024-11-29 14:00:00+01:00,1.6541384013100773
2024,CO2/CO/NOx,2024-11-29 15:00:00+01:00,1.6774222848637594
2024,CO2/CO/NOx,2024-11-29 16:00:00+01:00,1.714765956095649
2024,CO2/CO/NOx,2024-11-29 17:00:00+01:00,1.7558811979147542
2024,CO2/CO/NOx,2024-11-29 18:00:00+01:00,1.808904773515437
2024,CO2/CO/NOx,2024-11-29 19:00:00+01:00,1.8289547973930365
2024,CO2/CO/NOx,2024-11-29 20:00:00+01:00,1.7995650004656676
2024,CO2/CO/NOx,2024-11-29 21:00:00+01:00,1.7468988167966464
2024,CO2/CO/NOx,2024-11-29 22:00:00+01:00,1.6859225846531414
2024,CO2/CO/NOx,2024-11-29 23:00:00+01:00,1.5962564787898832
2024,CO2/CO/NOx,2024-11-30 00:00:00+01:00,1.4972961641448377
2024,CO2/CO/NOx,2024-11-30 01:00:00+01:00,1.4762946193286208
2024,CO2/CO/NOx,2024-11-30 02:00:00+01:00,1.5225943557983836
2024,CO2/CO/NOx,2024-11-30 03:00:00+01:00,1.6296484052641687
2024,CO2/CO/NOx,2024-11-30 04:00:00+01:00,1.7461693784187278
2024,CO2/CO/NOx,2024-11-30 05:00:00+01:00,1.8660056516564065
2024,CO2/CO/NOx,2024-11-30 06:00:00+01:00,1.9745835916813963
2024,CO2/CO/NOx,2024-11-30 07:00:00+01:00,2.026952301335165
2024,CO2/CO/NOx,2024-11-30 08:00:00+01:00,1.9948893834165964
2024,CO2/CO/NOx,2024-11-30 09:00:00+01:00,1.9080740178213984
2024,CO2/CO/NOx,2024-11-30 10:00:00+01:00,1.825962417502457
2024,CO2/CO/NOx,2024-11-30 11:00:00+01:00,1.7305802862588415
2024,CO2/CO/NOx,2024-11-30 12:00:00+01:00,1.6410721026070831
2024,CO2/CO/NOx,2024-11-30 13:00:00+01:00,1.6119106611905085
2024,CO2/CO/NOx,2024-11-30 14:00:00+01:00,1.6428904728317806
2024,CO2/CO/NOx,2024-11-30 15:00:00+01:00,1.72798661064225
2024,CO2/CO/NOx,2024-11-30 16:00:00+01:00,1.799778823840586
2024,CO2/CO/NOx,2024-11-30 17:00:00+01:00,1.8692541288196374
2024,CO2/CO/NOx,2024-11-30 18:00:00+01:00,1.935172773765582
2024,CO2/CO/NOx,2024-11-30 19:00:00+01:00,1.946324532686009
2024,CO2/CO/NOx,2024-11-30 20:00:00+01:00,1.9273584867406124
2024,CO2/CO/NOx,2024-11-30 21:00:00+01:00,1.8852914342201494
2024,CO2/CO/NOx,2024-11-30 22:00:00+01:00,1.8526566862134028
2024,CO2/CO/NOx,2024-11-30 23:00:00+01:00,1.8198339017095062
2024,CO2/CO/NOx,2024-12-01 00:00:00+01:00,1.794295689421709
2024,CO2/CO/NOx,2024-12-01 01:00:00+01:00,1.8000412570783184
2024,CO2/CO/NOx,2024-12-01 02:00:00+01:00,1.8632324971074152
2024,CO2/CO/NOx,2024-12-01 03:00:00+01:00,1.9643775706985809
2024,CO2/CO/NOx,2024-12-01 04:00:00+01:00,2.0593905573899036
2024,CO2/CO/NOx,2024-12-01 05:00:00+01:00,2.17082580830798
2024,CO2/CO/NOx,2024-12-01 06:00:00+01:00,2.2612779045430274
2024,CO2/CO/NOx,2024-12-01 07:00:00+01:00,2.3239801018876887
2024,CO2/CO/NOx,2024-12-01 08:00:00+01:00,2.33278549873869
2024,CO2/CO/NOx,2024-12-01 09:00:00+01:00,2.2895488053911683
2024,CO2/CO/NOx,2024-12-01 10:00:00+01:00,2.2761864881322733
2024,CO2/CO/NOx,2024-12-01 11:00:00+01:00,2.240730318159926
2024,CO2/CO/NOx,2024-12-01 12:00:00+01:00,2.2186668399929754
2024,CO2/CO/NOx,2024-12-01 13:00:00+01:00,2.209506866777129
2024,CO2/CO/NOx,2024-12-01 14:00:00+01:00,2.205825612761143
2024,CO2/CO/NOx,2024-12-01 15:00:00+01:00,2.22985760765544
2024,CO2/CO/NOx,2024-12-01 16:00:00+01:00,2.2562386384022393
2024,CO2/CO/NOx,2024-12-01 17:00:00+01:00,2.2656714263105493
2024,CO2/CO/NOx,2024-12-01 18:00:00+01:00,2.277511427297408
2024,CO2/CO/NOx,2024-12-01 19:00:00+01:00,2.2682962882118267
2024,CO2/CO/NOx,2024-12-01 20:00:00+01:00,2.2388250171055817
2024,CO2/CO/NOx,2024-12-01 21:00:00+01:00,2.232322261169717
2024,CO2/CO/NOx,2024-12-01 22:00:00+01:00,2.218439063470551
2024,CO2/CO/NOx,2024-12-01 23:00:00+01:00,2.2059064869633955
2024,CO2/CO/NOx,2024-12-02 00:00:00+01:00,2.170947679112336
2024,CO2/CO/NOx,2024-12-02 01:00:00+01:00,2.1613815458635672
2024,CO2/CO/NOx,2024-12-02 02:00:00+01:00,2.1752202731231804
2024,CO2/CO/NOx,2024-12-02 03:00:00+01:00,2.2269171111812436
2024,CO2/CO/NOx,2024-12-02 04:00:00+01:00,2.2795523868037777
2024,CO2/CO/NOx,2024-12-02 05:00:00+01:00,2.345690732319571
2024,CO2/CO/NOx,2024-12-02 06:00:00+01:00,2.4219884615070337
2024,CO2/CO/NOx,2024-12-02 07:00:00+01:00,2.4596785914303614
2024,CO2/CO/NOx,2024-12-02 08:00:00+01:00,2.4488254564642786
2024,CO2/CO/NOx,2024-12-02 09:00:00+01:00,2.371345834634004
2024,CO2/CO/NOx,2024-12-02 10:00:00+01:00,2.310673634872909
2024,CO2/CO/NOx,2024-12-02 11:00:00+01:00,2.228447019364777
2024,CO2/CO/NOx,2024-12-02 12:00:00+01:00,2.1431136094216208
2024,CO2/CO/NOx,2024-12-02 13:00:00+01:00,2.088470941610628
2024,CO2/CO/NOx,2024-12-02 14:00:00+01:00,2.046688011467133
2024,CO2/CO/NOx,2024-12-02 15:00:00+01:00,2.054311875868126
2024,CO2/CO/NOx,2024-12-02 16:00:00+01:00,2.059026386761979
2024,CO2/CO/NOx,2024-12-02 17:00:00+01:00,2.06159213747078
2024,CO2/CO/NOx,2024-12-02 18:00:00+01:00,2.0847591784096804
2024,CO2/CO/NOx,2024-12-02 19:00:00+01:00,2.0414559757946797
2024,CO2/CO/NOx,2024-12-02 20:00:00+01:00,1.9399776557119848
2024,CO2/CO/NOx,2024-12-02 21:00:00+01:00,1.7925102559697528
2024,CO2/CO/NOx,2024-12-02 22:00:00+01:00,1.646808259515278
2024,CO2/CO/NOx,2024-12-02 23:00:00+01:00,1.5118779483385607
2024,CO2/CO/NOx,2024-12-03 00:00:00+01:00,1.3928602831569827
2024,CO2/CO/NOx,2024-12-03 01:00:00+01:00,1.3442627509026137
2024,CO2/CO/NOx,2024-12-03 02:00:00+01:00,1.3681401789358554
2024,CO2/CO/NOx,2024-12-03 03:00:00+01:00,1.4577174867054772
2024,CO2/CO/NOx,2024-12-03 04:00:00+01:00,1.5425787455604485
2024,CO2/CO/NOx,2024-12-03 05:00:00+01:00,1.6460444866625068
2024,CO2/CO/NOx,2024-12-03 06:00:00+01:00,1.7426367786824166
2024,CO2/CO/NOx,2024-12-03 07:00:00+01:00,1.7946394170102302
2024,CO2/CO/NOx,2024-12-03 08:00:00+01:00,1.7916909166645245
2024,CO2/CO/NOx,2024-12-03 09:00:00+01:00,1.7366032565403484
2024,CO2/CO/NOx,2024-12-03 10:00:00+01:00,1.6920130223003296
2024,CO2/CO/NOx,2024-12-03 11:00:00+01:00,1.6232051338965818
2024,CO2/CO/NOx,2024-12-03 12:00:00+01:00,1.5480473540747042
2024,CO2/CO/NOx,2024-12-03 13:00:00+01:00,1.5156032123471315
2024,CO2/CO/NOx,2024-12-03 14:00:00+01:00,1.5248910162845646
2024,CO2/CO/NOx,2024-12-03 15:00:00+01:00,1.5734714564341854
2024,CO2/CO/NOx,2024-12-03 16:00:00+01:00,1.615764693298352
2024,CO2/CO/NOx,2024-12-03 17:00:00+01:00,1.6584015429651755
2024,CO2/CO/NOx,2024-12-03 18:00:00+01:00,1.7172876925176856
2024,CO2/CO/NOx,2024-12-03 19:00:00+01:00,1.7272429407342191
2024,CO2/CO/NOx,2024-12-03 20:00:00+01:00,1.685040760860104
2024,CO2/CO/NOx,2024-12-03 21:00:00+01:00,1.6136444176203018
2024,CO2/CO/NOx,2024-12-03 22:00:00+01:00,1.545692500700691
2024,CO2/CO/NOx,2024-12-03 23:00:00+01:00,1.4851472150150744
2024,CO2/CO/NOx,2024-12-04 00:00:00+01:00,1.4233926556249719
2024,CO2/CO/NOx,2024-12-04 01:00:00+01:00,1.4086361946098167
2024,CO2/CO/NOx,2024-12-04 02:00:00+01:00,1.4388728899015528
2024,CO2/CO/NOx,2024-12-04 03:00:00+01:00,1.5162672986266843
2024,CO2/CO/NOx,2024-12-04 04:00:00+01:00,1.5899755322435174
2024,CO2/CO/NOx,2024-12-04 05:00:00+01:00,1.6657763743234117
2024,CO2/CO/NOx,2024-12-04 06:00:00+01:00,1.7446682691191948
2024,CO2/CO/NOx,2024-12-04 07:00:00+01:00,1.8022552390606053
2024,CO2/CO/NOx,2024-12-04 08:00:00+01:00,1.8303639995661871
2024,CO2/CO/NOx,2024-12-04 09:00:00+01:00,1.820165191267056
2024,CO2/CO/NOx,2024-12-04 10:00:00+01:00,1.8283159929730761
2024,CO2/CO/NOx,2024-12-04 11:00:00+01:00,1.8276448921883146
2024,CO2/CO/NOx,2024-12-04 12:00:00+01:00,1.8203226247626128
2024,CO2/CO/NOx,2024-12-04 13:00:00+01:00,1.819825421529735
2024,CO2/CO/NOx,2024-12-04 14:00:00+01:00,1.8211371726747652
2024,CO2/CO/NOx,2024-12-04 15:00:00+01:00,1.8449318552945155
2024,CO2/CO/NOx,2024-12-04 16:00:00+01:00,1.8549438849999351
2024,CO2/CO/NOx,2024-12-04 17:00:00+01:00,1.8605745853627564
2024,CO2/CO/NOx,2024-12-04 18:00:00+01:00,1.9044201118588355
2024,CO2/CO/NOx,2024-12-04 19:00:00+01:00,1.9199315823377696
2024,CO2/CO/NOx,2024-12-04 20:00:00+01:00,1.9090352899422565
2024,CO2/CO/NOx,2024-12-04 21:00:00+01:00,1.8641676371082503
2024,CO2/CO/NOx,2024-12-04 22:00:00+01:00,1.8130014957397638
2024,CO2/CO/NOx,2024-12-04 23:00:00+01:00,1.7916448714339397
2024,CO2/CO/NOx,2024-12-05 00:00:00+01:00,1.754717820730105
2024,CO2/CO/NOx,2024-12-05 01:00:00+01:00,1.7580897668689424
2024,CO2/CO/NOx,2024-12-05 02:00:00+01:00,1.8048141649300067
2024,CO2/CO/NOx,2024-12-05 03:00:00+01:00,1.9343250829196148
2024,CO2/CO/NOx,2024-12-05 04:00:00+01:00,2.0444339632935926
2024,CO2/CO/NOx,2024-12-05 05:00:00+01:00,2.163270526238661
2024,CO2/CO/NOx,2024-12-05 06:00:00+01:00,2.2274484858248766
2024,CO2/CO/NOx,2024-12-05 07:00:00+01:00,2.243149678700742
2024,CO2/CO/NOx,2024-12-05 08:00:00+01:00,2.225934622182382
2024,CO2/CO/NOx,2024-12-05 09:00:00+01:00,2.1338860826285377
2024,CO2/CO/NOx,2024-12-05 10:00:00+01:00,2.044700866584351
2024,CO2/CO/NOx,2024-12-05 11:00:00+01:00,1.9701516496396427
2024,CO2/CO/NOx,2024-12-05 12:00:00+01:00,1.9374393942005539
2024,CO2/CO/NOx,2024-12-05 13:00:00+01:00,1.9367528351261716
2024,CO2/CO/NOx,2024-12-05 14:00:00+01:00,1.9723367517404446
2024,CO2/CO/NOx,2024-12-05 15:00:00+01:00,2.0241315960576483
2024,CO2/CO/NOx,2024-12-05 16:00:00+01:00,2.062984836863821
2024,CO2/CO/NOx,2024-12-05 17:00:00+01:00,2.087923662375957
2024,CO2/CO/NOx,2024-12-05 18:00:00+01:00,2.1081952010273253
2024,CO2/CO/NOx,2024-12-05 19:00:00+01:00,2.0620363798898538
2024,CO2/CO/NOx,2024-12-05 20:00:00+01:00,1.9973606861554907
2024,CO2/CO/NOx,2024-12-05 21:00:00+01:00,1.898834446214325
2024,CO2/CO/NOx,2024-12-05 22:00:00+01:00,1.7878739657886908
2024,CO2/CO/NOx,2024-12-05 23:00:00+01:00,1.6911842869391847
2024,CO2/CO/NOx,2024-12-06 00:00:00+01:00,1.6080719012074154
2024,CO2/CO/NOx,2024-12-06 01:00:00+01:00,1.583492508630854
2024,CO2/CO/NOx,2024-12-06 02:00:00+01:00,1.6040230159659892
2024,CO2/CO/NOx,2024-12-06 03:00:00+01:00,1.6782955753123567
2024,CO2/CO/NOx,2024-12-06 04:00:00+01:00,1.6976812117547886
2024,CO2/CO/NOx,2024-12-06 05:00:00+01:00,1.7217797759650373
2024,CO2/CO/NOx,2024-12-06 06:00:00+01:00,1.7357941354953663
2024,CO2/CO/NOx,2024-12-06 07:00:00+01:00,1.7408587585358906
2024,CO2/CO/NOx,2024-12-06 08:00:00+01:00,1.72809859025988
2024,CO2/CO/NOx,2024-12-06 09:00:00+01:00,1.6840359470960629
2024,CO2/CO/NOx,2024-12-06 10:00:00+01:00,1.6822582671249577
2024,CO2/CO/NOx,2024-12-06 11:00:00+01:00,1.6772786352989688
2024,CO2/CO/NOx,2024-12-06 12:00:00+01:00,1.6752571992868104
2024,CO2/CO/NOx,2024-12-06 13:00:00+01:00,1.659974308436788
2024,CO2/CO/NOx,2024-12-06 14:00:00+01:00,1.6501128795469524
2024,CO2/CO/NOx,2024-12-06 15:00:00+01:00,1.6447917258588025
2024,CO2/CO/NOx,2024-12-06 16:00:00+01:00,1.6383112770342132
2024,CO2/CO/NOx,2024-12-06 17:00:00+01:00,1.6345477180416035
2024,CO2/CO/NOx,2024-12-06 18:00:00+01:00,1.6603835665322686
2024,CO2/CO/NOx,2024-12-06 19:00:00+01:00,1.6580496539902811
2024,CO2/CO/NOx,2024-12-06 20:00:00+01:00,1.6302045765551292
2024,CO2/CO/NOx,2024-12-06 21:00:00+01:00,1.5814736370949039
2024,CO2/CO/NOx,2024-12-06 22:00:00+01:00,1.5290883951456924
2024,CO2/CO/NOx,2024-12-06 23:00:00+01:00,1.4607924757073745
2024,CO2/CO/NOx,2024-12-07 00:00:00+01:00,1.3913000587914424
2024,CO2/CO/NOx,2024-12-07 01:00:00+01:00,1.368074501646132
2024,CO2/CO/NOx,2024-12-07 02:00:00+01:00,1.4006224668737526
2024,CO2/CO/NOx,2024-12-07 03:00:00+01:00,1.4761548213977038
2024,CO2/CO/NOx,2024-12-07 04:00:00+01:00,1.5415521621467896
2024,CO2/CO/NOx,2024-12-07 05:00:00+01:00,1.6053312106990352
2024,CO2/CO/NOx,2024-12-07 06:00:00+01:00,1.6685825995772854
2024,CO2/CO/NOx,2024-12-07 07:00:00+01:00,1.6993255084473085
2024,CO2/CO/NOx,2024-12-07 08:00:00+01:00,1.7075834542647663
2024,CO2/CO/NOx,2024-12-07 09:00:00+01:00,1.6866282848354348
2024,CO2/CO/NOx,2024-12-07 10:00:00+01:00,1.6717580544438206
2024,CO2/CO/NOx,2024-12-07 11:00:00+01:00,1.6458888066508732
2024,CO2/CO/NOx,2024-12-07 12:00:00+01:00,1.6061425413446662
2024,CO2/CO/NOx,2024-12-07 13:00:00+01:00,1.583638113325415
2024,CO2/CO/NOx,2024-12-07 14:00:00+01:00,1.576735725851939
2024,CO2/CO/NOx,2024-12-07 15:00:00+01:00,1.591811972148905
2024,CO2/CO/NOx,2024-12-07 16:00:00+01:00,1.5945947439652781
2024,CO2/CO/NOx,2024-12-07 17:00:00+01:00,1.6104304477537548
2024,CO2/CO/NOx,2024-12-07 18:00:00+01:00,1.6532210800855525
2024,CO2/CO/NOx,2024-12-07 19:00:00+01:00,1.6591521473229336
2024,CO2/CO/NOx,2024-12-07 20:00:00+01:00,1.6336521413566667
2024,CO2/CO/NOx,2024-12-07 21:00:00+01:00,1.5783953501820338
2024,CO2/CO/NOx,2024-12-07 22:00:00+01:00,1.519060349558605
2024,CO2/CO/NOx,2024-12-07 23:00:00+01:00,1.451402923111099
2024,CO2/CO/NOx,2024-12-08 00:00:00+01:00,1.3785038026223089
2024,CO2/CO/NOx,2024-12-08 01:00:00+01:00,1.3564547464862227
2024,CO2/CO/NOx,2024-12-08 02:00:00+01:00,1.3994032813057826
2024,CO2/CO/NOx,2024-12-08 03:00:00+01:00,1.4909195022082191
2024,CO2/CO/NOx,2024-12-08 04:00:00+01:00,1.5783333089404115
2024,CO2/CO/NOx,2024-12-08 05:00:00+01:00,1.6720421358833533
2024,CO2/CO/NOx,2024-12-08 06:00:00+01:00,1.7467968874701088
2024,CO2/CO/NOx,2024-12-08 07:00:00+01:00,1.786924931611887
2024,CO2/CO/NOx,2024-12-08 08:00:00+01:00,1.7689433462884834
2024,CO2/CO/NOx,2024-12-08 09:00:00+01:00,1.7127389407469071
2024,CO2/CO/NOx,2024-12-08 10:00:00+01:00,1.6779999567746087
2024,CO2/CO/NOx,2024-12-08 11:00:00+01:00,1.6333181252440756
2024,CO2/CO/NOx,2024-12-08 12:00:00+01:00,1.601262799083
2024,CO2/CO/NOx,2024-12-08 13:00:00+01:00,1.6141293760436828
2024,CO2/CO/NOx,2024-12-08 14:00:00+01:00,1.6582869197180377
2024,CO2/CO/NOx,2024-12-08 15:00:00+01:00,1.7156021065266251
2024,CO2/CO/NOx,2024-12-08 16:00:00+01:00,1.7647147428588257
2024,CO2/CO/NOx,2024-12-08 17:00:00+01:00,1.7987829179357915
2024,CO2/CO/NOx,2024-12-08 18:00:00+01:00,1.8323034671634642
2024,CO2/CO/NOx,2024-12-08 19:00:00+01:00,1.8162040813398086
2024,CO2/CO/NOx,2024-12-08 20:00:00+01:00,1.7479758091183297
2024,CO2/CO/NOx,2024-12-08 21:00:00+01:00,1.6690633561312858
2024,CO2/CO/NOx,2024-12-08 22:00:00+01:00,1.5977709455625164
2024,CO2/CO/NOx,2024-12-08 23:00:00+01:00,1.5357533155075456
2024,CO2/CO/NOx,2024-12-09 00:00:00+01:00,1.4742675511610144
2024,CO2/CO/NOx,2024-12-09 01:00:00+01:00,1.4755984351866422
2024,CO2/CO/NOx,2024-12-09 02:00:00+01:00,1.539298861372661
2024,CO2/CO/NOx,2024-12-09 03:00:00+01:00,1.6413482050025738
2024,CO2/CO/NOx,2024-12-09 04:00:00+01:00,1.73716196606912
2024,CO2/CO/NOx,2024-12-09 05:00:00+01:00,1.8304659607495
2024,CO2/CO/NOx,2024-12-09 06:00:00+01:00,1.9146324401045998
2024,CO2/CO/NOx,2024-12-09 07:00:00+01:00,1.9648514864553779
2024,CO2/CO/NOx,2024-12-09 08:00:00+01:00,1.9745855642875403
2024,CO2/CO/NOx,2024-12-09 09:00:00+01:00,1.9383680083656147
2024,CO2/CO/NOx,2024-12-09 10:00:00+01:00,1.916679295737429
2024,CO2/CO/NOx,2024-12-09 11:00:00+01:00,1.8955126803462425
2024,CO2/CO/NOx,2024-12-09 12:00:00+01:00,1.8632460241325683
2024,CO2/CO/NOx,2024-12-09 13:00:00+01:00,1.8724524322918266
2024,CO2/CO/NOx,2024-12-09 14:00:00+01:00,1.9175665406787927
2024,CO2/CO/NOx,2024-12-09 15:00:00+01:00,1.9926021046483942
2024,CO2/CO/NOx,2024-12-09 16:00:00+01:00,2.0633820349904775
2024,CO2/CO/NOx,2024-12-09 17:00:00+01:00,2.1249981699673492
2024,CO2/CO/NOx,2024-12-09 18:00:00+01:00,2.167537592561369
2024,CO2/CO/NOx,2024-12-09 19:00:00+01:00,2.1458686417448107
2024,CO2/CO/NOx,2024-12-09 20:00:00+01:00,2.066241305189151
2024,CO2/CO/NOx,2024-12-09 21:00:00+01:00,1.9528229003706015
2024,CO2/CO/NOx,2024-12-09 22:00:00+01:00,1.858487459868049
2024,CO2/CO/NOx,2024-12-09 23:00:00+01:00,1.771270628907028
2024,CO2/CO/NOx,2024-12-10 00:00:00+01:00,1.6969386930998254
2024,CO2/CO/NOx,2024-12-10 01:00:00+01:00,1.7022610168177692
2024,CO2/CO/NOx,2024-12-10 02:00:00+01:00,1.76635616705044
2024,CO2/CO/NOx,2024-12-10 03:00:00+01:00,1.8729686189398975
2024,CO2/CO/NOx,2024-12-10 04:00:00+01:00,1.9721232671819808
2024,CO2/CO/NOx,2024-12-10 05:00:00+01:00,2.0598635356970747
2024,CO2/CO/NOx,2024-12-10 06:00:00+01:00,2.147904904663702
2024,CO2/CO/NOx,2024-12-10 07:00:00+01:00,2.200684963388518
2024,CO2/CO/NOx,2024-12-10 08:00:00+01:00,2.1999247371157145
2024,CO2/CO/NOx,2024-12-10 09:00:00+01:00,2.15774160252612
2024,CO2/CO/NOx,2024-12-10 10:00:00+01:00,2.1411164153457105
2024,CO2/CO/NOx,2024-12-10 11:00:00+01:00,2.1057156152083674
2024,CO2/CO/NOx,2024-12-10 12:00:00+01:00,2.071090693630756
2024,CO2/CO/NOx,2024-12-10 13:00:00+01:00,2.053359118538046
2024,CO2/CO/NOx,2024-12-10 14:00:00+01:00,2.0489938722289636
2024,CO2/CO/NOx,2024-12-10 15:00:00+01:00,2.068873345295705
2024,CO2/CO/NOx,2024-12-10 16:00:00+01:00,2.0770086887834824
2024,CO2/CO/NOx,2024-12-10 17:00:00+01:00,2.080093746993776
2024,CO2/CO/NOx,2024-12-10 18:00:00+01:00,2.1062567085430244
2024,CO2/CO/NOx,2024-12-10 19:00:00+01:00,2.0900569543194982
2024,CO2/CO/NOx,2024-12-10 20:00:00+01:00,2.037180429584364
2024,CO2/CO/NOx,2024-12-10 21:00:00+01:00,1.9648463639994007
2024,CO2/CO/NOx,2024-12-10 22:00:00+01:00,1.8912630501930516
2024,CO2/CO/NOx,2024-12-10 23:00:00+01:00,1.8266603328136062
2024,CO2/CO/NOx,2024-12-11 00:00:00+01:00,1.7570944698999404
2024,CO2/CO/NOx,2024-12-11 01:00:00+01:00,1.7406944294327773
2024,CO2/CO/NOx,2024-12-11 02:00:00+01:00,1.7881496792010938
2024,CO2/CO/NOx,2024-12-11 03:00:00+01:00,1.8889533506914218
2024,CO2/CO/NOx,2024-12-11 04:00:00+01:00,1.9758120441536176
2024,CO2/CO/NOx,2024-12-11 05:00:00+01:00,2.054266544200996
2024,CO2/CO/NOx,2024-12-11 06:00:00+01:00,2.1142438173449127
2024,CO2/CO/NOx,2024-12-11 07:00:00+01:00,2.1399070166910334
2024,CO2/CO/NOx,2024-12-11 08:00:00+01:00,2.1260710853263314
2024,CO2/CO/NOx,2024-12-11 09:00:00+01:00,2.0699089763184904
2024,CO2/CO/NOx,2024-12-11 10:00:00+01:00,2.0435746583756598
2024,CO2/CO/NOx,2024-12-11 11:00:00+01:00,2.021384706207373
2024,CO2/CO/NOx,2024-12-11 12:00:00+01:00,1.9944554467510733
2024,CO2/CO/NOx,2024-12-11 13:00:00+01:00,1.9903941997248293
2024,CO2/CO/NOx,2024-12-11 14:00:00+01:00,1.9955821203306583
2024,CO2/CO/NOx,2024-12-11 15:00:00+01:00,2.008426034594494
2024,CO2/CO/NOx,2024-12-11 16:00:00+01:00,2.012763915449133
2024,CO2/CO/NOx,2024-12-11 17:00:00+01:00,2.0133079703439276
2024,CO2/CO/NOx,2024-12-11 18:00:00+01:00,2.0389259153454375
2024,CO2/CO/NOx,2024-12-11 19:00:00+01:00,2.022127105547081
2024,CO2/CO/NOx,2024-12-11 20:00:00+01:00,1.971160600496931
2024,CO2/CO/NOx,2024-12-11 21:00:00+01:00,1.8916946585401402
2024,CO2/CO/NOx,2024-12-11 22:00:00+01:00,1.8131433901422094
2024,CO2/CO/NOx,2024-12-11 23:00:00+01:00,1.75268735907553
2024,CO2/CO/NOx,2024-12-12 00:00:00+01:00,1.6863393845733559
2024,CO2/CO/NOx,2024-12-12 01:00:00+01:00,1.6800914778186877
2024,CO2/CO/NOx,2024-12-12 02:00:00+01:00,1.740128767556094
2024,CO2/CO/NOx,2024-12-12 03:00:00+01:00,1.8534437873757732
2024,CO2/CO/NOx,2024-12-12 04:00:00+01:00,1.9471917766675255
2024,CO2/CO/NOx,2024-12-12 05:00:00+01:00,2.034295189512886
2024,CO2/CO/NOx,2024-12-12 06:00:00+01:00,2.1042426273651156
2024,CO2/CO/NOx,2024-12-12 07:00:00+01:00,2.152136359629021
2024,CO2/CO/NOx,2024-12-12 08:00:00+01:00,2.1714795205269395
2024,CO2/CO/NOx,2024-12-12 09:00:00+01:00,2.151118315142651
2024,CO2/CO/NOx,2024-12-12 10:00:00+01:00,2.1463878159239056
2024,CO2/CO/NOx,2024-12-12 11:00:00+01:00,2.1266447585277275
2024,CO2/CO/NOx,2024-12-12 12:00:00+01:00,2.097292468964437
2024,CO2/CO/NOx,2024-12-12 13:00:00+01:00,2.0853684618551815
2024,CO2/CO/NOx,2024-12-12 14:00:00+01:00,2.0870767941535675
2024,CO2/CO/NOx,2024-12-12 15:00:00+01:00,2.1088001071010347
2024,CO2/CO/NOx,2024-12-12 16:00:00+01:00,2.13018021511524
2024,CO2/CO/NOx,2024-12-12 17:00:00+01:00,2.1494267876450297
2024,CO2/CO/NOx,2024-12-12 18:00:00+01:00,2.190835432296727
2024,CO2/CO/NOx,2024-12-12 19:00:00+01:00,2.189453564183279
2024,CO2/CO/NOx,2024-12-12 20:00:00+01:00,2.1290986619139503
2024,CO2/CO/NOx,2024-12-12 21:00:00+01:00,2.040393816026239
2024,CO2/CO/NOx,2024-12-12 22:00:00+01:00,1.935940379267141
2024,CO2/CO/NOx,2024-12-12 23:00:00+01:00,1.8551735259528754
2024,CO2/CO/NOx,2024-12-13 00:00:00+01:00,1.7581367377900994
2024,CO2/CO/NOx,2024-12-13 01:00:00+01:00,1.7236562804267068
2024,CO2/CO/NOx,2024-12-13 02:00:00+01:00,1.7487425612745018
2024,CO2/CO/NOx,2024-12-13 03:00:00+01:00,1.8439761837894986
2024,CO2/CO/NOx,2024-12-13 04:00:00+01:00,1.9540631973429592
2024,CO2/CO/NOx,2024-12-13 05:00:00+01:00,2.0652604171948985
2024,CO2/CO/NOx,2024-12-13 06:00:00+01:00,2.1761205894753353
2024,CO2/CO/NOx,2024-12-13 07:00:00+01:00,2.2436475040666815
2024,CO2/CO/NOx,2024-12-13 08:00:00+01:00,2.2733488000023647
2024,CO2/CO/NOx,2024-12-13 09:00:00+01:00,2.244215511562717
2024,CO2/CO/NOx,2024-12-13 10:00:00+01:00,2.2374643073511087
2024,CO2/CO/NOx,2024-12-13 11:00:00+01:00,2.2192824629533026
2024,CO2/CO/NOx,2024-12-13 12:00:00+01:00,2.2075546492715743
2024,CO2/CO/NOx,2024-12-13 13:00:00+01:00,2.217895033441979
2024,CO2/CO/NOx,2024-12-13 14:00:00+01:00,2.2430396691098586
2024,CO2/CO/NOx,2024-12-13 15:00:00+01:00,2.2860657978068977
2024,CO2/CO/NOx,2024-12-13 16:00:00+01:00,2.2991781898804295
2024,CO2/CO/NOx,2024-12-13 17:00:00+01:00,2.2909772162096154
2024,CO2/CO/NOx,2024-12-13 18:00:00+01:00,2.297878752720136
2024,CO2/CO/NOx,2024-12-13 19:00:00+01:00,2.284327705986741
2024,CO2/CO/NOx,2024-12-13 20:00:00+01:00,2.2383010769706764
2024,CO2/CO/NOx,2024-12-13 21:00:00+01:00,2.167628256277707
2024,CO2/CO/NOx,2024-12-13 22:00:00+01:00,2.091438544097542
2024,CO2/CO/NOx,2024-12-13 23:00:00+01:00,2.0190532214564736
2024,CO2/CO/NOx,2024-12-14 00:00:00+01:00,1.9420610300461052
2024,CO2/CO/NOx,2024-12-14 01:00:00+01:00,1.9031083121512062
2024,CO2/CO/NOx,2024-12-14 02:00:00+01:00,1.9117515070992388
2024,CO2/CO/NOx,2024-12-14 03:00:00+01:00,1.9644631420721186
2024,CO2/CO/NOx,2024-12-14 04:00:00+01:00,2.040760382849841
2024,CO2/CO/NOx,2024-12-14 05:00:00+01:00,2.1010065870415655
2024,CO2/CO/NOx,2024-12-14 06:00:00+01:00,2.1581730976623446
2024,CO2/CO/NOx,2024-12-14 07:00:00+01:00,2.188426576740946
2024,CO2/CO/NOx,2024-12-14 08:00:00+01:00,2.17035294788892
2024,CO2/CO/NOx,2024-12-14 09:00:00+01:00,2.1162822025545784
2024,CO2/CO/NOx,2024-12-14 10:00:00+01:00,2.0767041038499525
2024,CO2/CO/NOx,2024-12-14 11:00:00+01:00,2.0367568321524865
2024,CO2/CO/NOx,2024-12-14 12:00:00+01:00,1.9939866950051932
2024,CO2/CO/NOx,2024-12-14 13:00:00+01:00,1.9844759295512144
2024,CO2/CO/NOx,2024-12-14 14:00:00+01:00,1.9852208812284982
2024,CO2/CO/NOx,2024-12-14 15:00:00+01:00,2.016246539608611
2024,CO2/CO/NOx,2024-12-14 16:00:00+01:00,2.042751394476899
2024,CO2/CO/NOx,2024-12-14 17:00:00+01:00,2.041393910222783
2024,CO2/CO/NOx,2024-12-14 18:00:00+01:00,2.060092679722407
2024,CO2/CO/NOx,2024-12-14 19:00:00+01:00,2.0247668199688635
2024,CO2/CO/NOx,2024-12-14 20:00:00+01:00,1.957165434684283
2024,CO2/CO/NOx,2024-12-14 21:00:00+01:00,1.8645203520335878
2024,CO2/CO/NOx,2024-12-14 22:00:00+01:00,1.7828691102537968
2024,CO2/CO/NOx,2024-12-14 23:00:00+01:00,1.7018291954403155
2024,CO2/CO/NOx,2024-12-15 00:00:00+01:00,1.6278449254752918
2024,CO2/CO/NOx,2024-12-15 01:00:00+01:00,1.6057815117102514
2024,CO2/CO/NOx,2024-12-15 02:00:00+01:00,1.6245265096294734
2024,CO2/CO/NOx,2024-12-15 03:00:00+01:00,1.690386609228449
2024,CO2/CO/NOx,2024-12-15 04:00:00+01:00,1.7441049285849257
2024,CO2/CO/NOx,2024-12-15 05:00:00+01:00,1.8078651992056882
2024,CO2/CO/NOx,2024-12-15 06:00:00+01:00,1.8650129870655465
2024,CO2/CO/NOx,2024-12-15 07:00:00+01:00,1.9110097845683645
2024,CO2/CO/NOx,2024-12-15 08:00:00+01:00,1.92899720613756
2024,CO2/CO/NOx,2024-12-15 09:00:00+01:00,1.9073169030231598
2024,CO2/CO/NOx,2024-12-15 10:00:00+01:00,1.8918970114203963
2024,CO2/CO/NOx,2024-12-15 11:00:00+01:00,1.8663369011627444
2024,CO2/CO/NOx,2024-12-15 12:00:00+01:00,1.8274671334766686
2024,CO2/CO/NOx,2024-12-15 13:00:00+01:00,1.807189424024237
2024,CO2/CO/NOx,2024-12-15 14:00:00+01:00,1.8019026156027174
2024,CO2/CO/NOx,2024-12-15 15:00:00+01:00,1.8069238328755357
2024,CO2/CO/NOx,2024-12-15 16:00:00+01:00,1.8159046395981229
2024,CO2/CO/NOx,2024-12-15 17:00:00+01:00,1.8305355468818378
2024,CO2/CO/NOx,2024-12-15 18:00:00+01:00,1.8497196240236584
2024,CO2/CO/NOx,2024-12-15 19:00:00+01:00,1.8239269202783688
2024,CO2/CO/NOx,2024-12-15 20:00:00+01:00,1.779257628685952
2024,CO2/CO/NOx,2024-12-15 21:00:00+01:00,1.7105015395161474
2024,CO2/CO/NOx,2024-12-15 22:00:00+01:00,1.6391664338460383
2024,CO2/CO/NOx,2024-12-15 23:00:00+01:00,1.5822089297581552
2024,CO2/CO/NOx,2024-12-16 00:00:00+01:00,1.5179149498746134
2024,CO2/CO/NOx,2024-12-16 01:00:00+01:00,1.5095818622013801
2024,CO2/CO/NOx,2024-12-16 02:00:00+01:00,1.5398990897112312
2024,CO2/CO/NOx,2024-12-16 03:00:00+01:00,1.60276154373607
2024,CO2/CO/NOx,2024-12-16 04:00:00+01:00,1.6499718255698694
2024,CO2/CO/NOx,2024-12-16 05:00:00+01:00,1.7044590982222698
2024,CO2/CO/NOx,2024-12-16 06:00:00+01:00,1.7381187640476565
2024,CO2/CO/NOx,2024-12-16 07:00:00+01:00,1.7217445804481175
2024,CO2/CO/NOx,2024-12-16 08:00:00+01:00,1.6716238106712467
2024,CO2/CO/NOx,2024-12-16 09:00:00+01:00,1.5849412614049632
2024,CO2/CO/NOx,2024-12-16 10:00:00+01:00,1.529103913548279
2024,CO2/CO/NOx,2024-12-16 11:00:00+01:00,1.4679212969710627
2024,CO2/CO/NOx,2024-12-16 12:00:00+01:00,1.4155418904964436
2024,CO2/CO/NOx,2024-12-16 13:00:00+01:00,1.395943901485948
2024,CO2/CO/NOx,2024-12-16 14:00:00+01:00,1.4065814497949862
2024,CO2/CO/NOx,2024-12-16 15:00:00+01:00,1.4436989814528864
2024,CO2/CO/NOx,2024-12-16 16:00:00+01:00,1.4568206052940986
2024,CO2/CO/NOx,2024-12-16 17:00:00+01:00,1.4681907785570514
2024,CO2/CO/NOx,2024-12-16 18:00:00+01:00,1.5139165893607922
2024,CO2/CO/NOx,2024-12-16 19:00:00+01:00,1.5260667412242175
2024,CO2/CO/NOx,2024-12-16 20:00:00+01:00,1.5092753006088908
2024,CO2/CO/NOx,2024-12-16 21:00:00+01:00,1.462725768316022
2024,CO2/CO/NOx,2024-12-16 22:00:00+01:00,1.4061867504979686
2024,CO2/CO/NOx,2024-12-16 23:00:00+01:00,1.3575333600680197
2024,CO2/CO/NOx,2024-12-17 00:00:00+01:00,1.2903119517413837
2024,CO2/CO/NOx,2024-12-17 01:00:00+01:00,1.2614049552365476
2024,CO2/CO/NOx,2024-12-17 02:00:00+01:00,1.2970001250418381
2024,CO2/CO/NOx,2024-12-17 03:00:00+01:00,1.388316854572866
2024,CO2/CO/NOx,2024-12-17 04:00:00+01:00,1.471890987840284
2024,CO2/CO/NOx,2024-12-17 05:00:00+01:00,1.5629113527609229
2024,CO2/CO/NOx,2024-12-17 06:00:00+01:00,1.6361310669962426
2024,CO2/CO/NOx,2024-12-17 07:00:00+01:00,1.6688821225652826
2024,CO2/CO/NOx,2024-12-17 08:00:00+01:00,1.659376392838262
2024,CO2/CO/NOx,2024-12-17 09:00:00+01:00,1.602257868101506
2024,CO2/CO/NOx,2024-12-17 10:00:00+01:00,1.5415093748641477
2024,CO2/CO/NOx,2024-12-17 11:00:00+01:00,1.4908441559856342
2024,CO2/CO/NOx,2024-12-17 12:00:00+01:00,1.4472040630952605
2024,CO2/CO/NOx,2024-12-17 13:00:00+01:00,1.4364311374809269
2024,CO2/CO/NOx,2024-12-17 14:00:00+01:00,1.4713076143681738
2024,CO2/CO/NOx,2024-12-17 15:00:00+01:00,1.543571297470698
2024,CO2/CO/NOx,2024-12-17 16:00:00+01:00,1.604246646617933
2024,CO2/CO/NOx,2024-12-17 17:00:00+01:00,1.6622453881404577
2024,CO2/CO/NOx,2024-12-17 18:00:00+01:00,1.7231902739547982
2024,CO2/CO/NOx,2024-12-17 19:00:00+01:00,1.6999908662145875
2024,CO2/CO/NOx,2024-12-17 20:00:00+01:00,1.6409741245875145
2024,CO2/CO/NOx,2024-12-17 21:00:00+01:00,1.5629861612173042
2024,CO2/CO/NOx,2024-12-17 22:00:00+01:00,1.476208610934055
2024,CO2/CO/NOx,2024-12-17 23:00:00+01:00,1.4173197643619802
2024,CO2/CO/NOx,2024-12-18 00:00:00+01:00,1.3734046617318025
2024,CO2/CO/NOx,2024-12-18 01:00:00+01:00,1.3832411815768433
2024,CO2/CO/NOx,2024-12-18 02:00:00+01:00,1.454198962600545
2024,CO2/CO/NOx,2024-12-18 03:00:00+01:00,1.5726000387339534
2024,CO2/CO/NOx,2024-12-18 04:00:00+01:00,1.667320243612526
2024,CO2/CO/NOx,2024-12-18 05:00:00+01:00,1.7461520254883665
2024,CO2/CO/NOx,2024-12-18 06:00:00+01:00,1.8034900485319494
2024,CO2/CO/NOx,2024-12-18 07:00:00+01:00,1.8029553578902784
2024,CO2/CO/NOx,2024-12-18 08:00:00+01:00,1.7357396866267951
2024,CO2/CO/NOx,2024-12-18 09:00:00+01:00,1.6110165491741484
2024,CO2/CO/NOx,2024-12-18 10:00:00+01:00,1.4983724556630516
2024,CO2/CO/NOx,2024-12-18 11:00:00+01:00,1.3834712608012916
2024,CO2/CO/NOx,2024-12-18 12:00:00+01:00,1.2899954089120644
2024,CO2/CO/NOx,2024-12-18 13:00:00+01:00,1.241523236111887
2024,CO2/CO/NOx,2024-12-18 14:00:00+01:00,1.2323991697680408
2024,CO2/CO/NOx,2024-12-18 15:00:00+01:00,1.2560915425084125
2024,CO2/CO/NOx,2024-12-18 16:00:00+01:00,1.3028521623133407
2024,CO2/CO/NOx,2024-12-18 17:00:00+01:00,1.3443434303598627
2024,CO2/CO/NOx,2024-12-18 18:00:00+01:00,1.40156912135478
2024,CO2/CO/NOx,2024-12-18 19:00:00+01:00,1.4214571058048668
2024,CO2/CO/NOx,2024-12-18 20:00:00+01:00,1.3888145172461441
2024,CO2/CO/NOx,2024-12-18 21:00:00+01:00,1.3428633091551005
2024,CO2/CO/NOx,2024-12-18 22:00:00+01:00,1.2873240423894365
2024,CO2/CO/NOx,2024-12-18 23:00:00+01:00,1.2320903360595619
2024,CO2/CO/NOx,2024-12-19 00:00:00+01:00,1.1686063878737816
2024,CO2/CO/NOx,2024-12-19 01:00:00+01:00,1.1876894254607622
2024,CO2/CO/NOx,2024-12-19 02:00:00+01:00,1.2637515628389042
2024,CO2/CO/NOx,2024-12-19 03:00:00+01:00,1.3776397870666997
2024,CO2/CO/NOx,2024-12-19 04:00:00+01:00,1.48193641731009
2024,CO2/CO/NOx,2024-12-19 05:00:00+01:00,1.5387946648771282
2024,CO2/CO/NOx,2024-12-19 06:00:00+01:00,1.5795322780486694
2024,CO2/CO/NOx,2024-12-19 07:00:00+01:00,1.5651539292773715
2024,CO2/CO/NOx,2024-12-19 08:00:00+01:00,1.5015214586011292
2024,CO2/CO/NOx,2024-12-19 09:00:00+01:00,1.3978281496101408
2024,CO2/CO/NOx,2024-12-19 10:00:00+01:00,1.3219032225834806
2024,CO2/CO/NOx,2024-12-19 11:00:00+01:00,1.256353253789738
2024,CO2/CO/NOx,2024-12-19 12:00:00+01:00,1.2055626867957054
2024,CO2/CO/NOx,2024-12-19 13:00:00+01:00,1.1932331852635634
2024,CO2/CO/NOx,2024-12-19 14:00:00+01:00,1.1860988037782054
2024,CO2/CO/NOx,2024-12-19 15:00:00+01:00,1.2183480881326707
2024,CO2/CO/NOx,2024-12-19 16:00:00+01:00,1.2358263723572918
2024,CO2/CO/NOx,2024-12-19 17:00:00+01:00,1.2728729778112122
2024,CO2/CO/NOx,2024-12-19 18:00:00+01:00,1.3690435793285654
2024,CO2/CO/NOx,2024-12-19 19:00:00+01:00,1.4339761482584021
2024,CO2/CO/NOx,2024-12-19 20:00:00+01:00,1.4658899825498117
2024,CO2/CO/NOx,2024-12-19 21:00:00+01:00,1.4699991210137457
2024,CO2/CO/NOx,2024-12-19 22:00:00+01:00,1.4540672722317753
2024,CO2/CO/NOx,2024-12-19 23:00:00+01:00,1.4126357680646917
2024,CO2/CO/NOx,2024-12-20 00:00:00+01:00,1.3360343535871475
2024,CO2/CO/NOx,2024-12-20 01:00:00+01:00,1.286092847938952
2024,CO2/CO/NOx,2024-12-20 02:00:00+01:00,1.3047608460292421
2024,CO2/CO/NOx,2024-12-20 03:00:00+01:00,1.4043761531658778
2024,CO2/CO/NOx,2024-12-20 04:00:00+01:00,1.508951675770794
2024,CO2/CO/NOx,2024-12-20 05:00:00+01:00,1.6143510899708275
2024,CO2/CO/NOx,2024-12-20 06:00:00+01:00,1.7285166981141387
2024,CO2/CO/NOx,2024-12-20 07:00:00+01:00,1.8244548528628173
2024,CO2/CO/NOx,2024-12-20 08:00:00+01:00,1.8693608437401694
2024,CO2/CO/NOx,2024-12-20 09:00:00+01:00,1.845156873262239
2024,CO2/CO/NOx,2024-12-20 10:00:00+01:00,1.8217378794250347
2024,CO2/CO/NOx,2024-12-20 11:00:00+01:00,1.7820177503099806
2024,CO2/CO/NOx,2024-12-20 12:00:00+01:00,1.7389145018560028
2024,CO2/CO/NOx,2024-12-20 13:00:00+01:00,1.725608541342877
2024,CO2/CO/NOx,2024-12-20 14:00:00+01:00,1.7424621813208652
2024,CO2/CO/NOx,2024-12-20 15:00:00+01:00,1.808452772461625
2024,CO2/CO/NOx,2024-12-20 16:00:00+01:00,1.8795450051678175
2024,CO2/CO/NOx,2024-12-20 17:00:00+01:00,1.9488386429198916
2024,CO2/CO/NOx,2024-12-20 18:00:00+01:00,2.0255934252765573
2024,CO2/CO/NOx,2024-12-20 19:00:00+01:00,2.053390309676939
2024,CO2/CO/NOx,2024-12-20 20:00:00+01:00,2.0251505637242406
2024,CO2/CO/NOx,2024-12-20 21:00:00+01:00,1.9610477627270662
2024,CO2/CO/NOx,2024-12-20 22:00:00+01:00,1.8818505997247168
2024,CO2/CO/NOx,2024-12-20 23:00:00+01:00,1.7894787429415089
2024,CO2/CO/NOx,2024-12-21 00:00:00+01:00,1.6892175172281625
2024,CO2/CO/NOx,2024-12-21 01:00:00+01:00,1.6356044422918297
2024,CO2/CO/NOx,2024-12-21 02:00:00+01:00,1.6392656330179713
2024,CO2/CO/NOx,2024-12-21 03:00:00+01:00,1.7057087188699755
2024,CO2/CO/NOx,2024-12-21 04:00:00+01:00,1.7756606565758124
2024,CO2/CO/NOx,2024-12-21 05:00:00+01:00,1.8522946050275342
2024,CO2/CO/NOx,2024-12-21 06:00:00+01:00,1.9318164046940696
2024,CO2/CO/NOx,2024-12-21 07:00:00+01:00,1.9841485915606945
2024,CO2/CO/NOx,2024-12-21 08:00:00+01:00,1.9905240969718196
2024,CO2/CO/NOx,2024-12-21 09:00:00+01:00,1.9600304714603642
2024,CO2/CO/NOx,2024-12-21 10:00:00+01:00,1.929065691911007
2024,CO2/CO/NOx,2024-12-21 11:00:00+01:00,1.8725402869721404
2024,CO2/CO/NOx,2024-12-21 12:00:00+01:00,1.808681765880768
2024,CO2/CO/NOx,2024-12-21 13:00:00+01:00,1.7711710081621737
2024,CO2/CO/NOx,2024-12-21 14:00:00+01:00,1.7569050552509455
2024,CO2/CO/NOx,2024-12-21 15:00:00+01:00,1.7571235110664365
2024,CO2/CO/NOx,2024-12-21 16:00:00+01:00,1.7622742179269217
2024,CO2/CO/NOx,2024-12-21 17:00:00+01:00,1.7565525071056827
2024,CO2/CO/NOx,2024-12-21 18:00:00+01:00,1.7656828115293757
2024,CO2/CO/NOx,2024-12-21 19:00:00+01:00,1.7434617990318741
2024,CO2/CO/NOx,2024-12-21 20:00:00+01:00,1.6979762783967942
2024,CO2/CO/NOx,2024-12-21 21:00:00+01:00,1.6396721795264984
2024,CO2/CO/NOx,2024-12-21 22:00:00+01:00,1.589627581982917
2024,CO2/CO/NOx,2024-12-21 23:00:00+01:00,1.540809705270885
2024,CO2/CO/NOx,2024-12-22 00:00:00+01:00,1.4774407016429822
2024,CO2/CO/NOx,2024-12-22 01:00:00+01:00,1.4529711559693312
2024,CO2/CO/NOx,2024-12-22 02:00:00+01:00,1.4596000653580914
2024,CO2/CO/NOx,2024-12-22 03:00:00+01:00,1.487868939023096
2024,CO2/CO/NOx,2024-12-22 04:00:00+01:00,1.5279744120878311
2024,CO2/CO/NOx,2024-12-22 05:00:00+01:00,1.5670947533710395
2024,CO2/CO/NOx,2024-12-22 06:00:00+01:00,1.6164905648552137
2024,CO2/CO/NOx,2024-12-22 07:00:00+01:00,1.6523557871055046
2024,CO2/CO/NOx,2024-12-22 08:00:00+01:00,1.670330858452286
2024,CO2/CO/NOx,2024-12-22 09:00:00+01:00,1.6595191218342973
2024,CO2/CO/NOx,2024-12-22 10:00:00+01:00,1.6684298297688644
2024,CO2/CO/NOx,2024-12-22 11:00:00+01:00,1.681113042009857
2024,CO2/CO/NOx,2024-12-22 12:00:00+01:00,1.6709299832971427
2024,CO2/CO/NOx,2024-12-22 13:00:00+01:00,1.6952983086267142
2024,CO2/CO/NOx,2024-12-22 14:00:00+01:00,1.7069903969265396
2024,CO2/CO/NOx,2024-12-22 15:00:00+01:00,1.7432523409424316
2024,CO2/CO/NOx,2024-12-22 16:00:00+01:00,1.7719269850610566
2024,CO2/CO/NOx,2024-12-22 17:00:00+01:00,1.7905714406255344
2024,CO2/CO/NOx,2024-12-22 18:00:00+01:00,1.8173785026011249
2024,CO2/CO/NOx,2024-12-22 19:00:00+01:00,1.7880599746985728
2024,CO2/CO/NOx,2024-12-22 20:00:00+01:00,1.7553617411608722
2024,CO2/CO/NOx,2024-12-22 21:00:00+01:00,1.6910652569064906
2024,CO2/CO/NOx,2024-12-22 22:00:00+01:00,1.6555401457543515
2024,CO2/CO/NOx,2024-12-22 23:00:00+01:00,1.6245546834335738
2024,CO2/CO/NOx,2024-12-23 00:00:00+01:00,1.6093279982787083
2024,CO2/CO/NOx,2024-12-23 01:00:00+01:00,1.6337415690789816
2024,CO2/CO/NOx,2024-12-23 02:00:00+01:00,1.7007184305252085
2024,CO2/CO/NOx,2024-12-23 03:00:00+01:00,1.7969610054533736
2024,CO2/CO/NOx,2024-12-23 04:00:00+01:00,1.8581994882760762
2024,CO2/CO/NOx,2024-12-23 05:00:00+01:00,1.9312399342623188
2024,CO2/CO/NOx,2024-12-23 06:00:00+01:00,1.9924235460422495
2024,CO2/CO/NOx,2024-12-23 07:00:00+01:00,2.044915058411914
2024,CO2/CO/NOx,2024-12-23 08:00:00+01:00,2.056329345433395
2024,CO2/CO/NOx,2024-12-23 09:00:00+01:00,2.0238632574517035
2024,CO2/CO/NOx,2024-12-23 10:00:00+01:00,1.9980914344234795
2024,CO2/CO/NOx,2024-12-23 11:00:00+01:00,1.9810390459578153
2024,CO2/CO/NOx,2024-12-23 12:00:00+01:00,1.9633116607586116
2024,CO2/CO/NOx,2024-12-23 13:00:00+01:00,1.9770162056144844
2024,CO2/CO/NOx,2024-12-23 14:00:00+01:00,2.024262660366067
2024,CO2/CO/NOx,2024-12-23 15:00:00+01:00,2.1001519551590273
2024,CO2/CO/NOx,2024-12-23 16:00:00+01:00,2.163348194111349
2024,CO2/CO/NOx,2024-12-23 17:00:00+01:00,2.200398315585918
2024,CO2/CO/NOx,2024-12-23 18:00:00+01:00,2.23700299166958
2024,CO2/CO/NOx,2024-12-23 19:00:00+01:00,2.203813512866587
2024,CO2/CO/NOx,2024-12-23 20:00:00+01:00,2.126721713764692
2024,CO2/CO/NOx,2024-12-23 21:00:00+01:00,2.0261772284072626
2024,CO2/CO/NOx,2024-12-23 22:00:00+01:00,1.9363032626120085
2024,CO2/CO/NOx,2024-12-23 23:00:00+01:00,1.8615625830878049
2024,CO2/CO/NOx,2024-12-24 00:00:00+01:00,1.7812209048272098
2024,CO2/CO/NOx,2024-12-24 01:00:00+01:00,1.7650627089778392
2024,CO2/CO/NOx,2024-12-24 02:00:00+01:00,1.8087891600462105
2024,CO2/CO/NOx,2024-12-24 03:00:00+01:00,1.9107020107451995
2024,CO2/CO/NOx,2024-12-24 04:00:00+01:00,1.9899814518627974
2024,CO2/CO/NOx,2024-12-24 05:00:00+01:00,2.0738509558528206
2024,CO2/CO/NOx,2024-12-24 06:00:00+01:00,2.1504911508254194
2024,CO2/CO/NOx,2024-12-24 07:00:00+01:00,2.19481619762712
2024,CO2/CO/NOx,2024-12-24 08:00:00+01:00,2.198411912807811
2024,CO2/CO/NOx,2024-12-24 09:00:00+01:00,2.144951369500334
2024,CO2/CO/NOx,2024-12-24 10:00:00+01:00,2.111019417801935
2024,CO2/CO/NOx,2024-12-24 11:00:00+01:00,2.0690553049047957
2024,CO2/CO/NOx,2024-12-24 12:00:00+01:00,2.0321045268657323
2024,CO2/CO/NOx,2024-12-24 13:00:00+01:00,2.0141329816975424
2024,CO2/CO/NOx,2024-12-24 14:00:00+01:00,2.017599849707806
2024,CO2/CO/NOx,2024-12-24 15:00:00+01:00,2.038980070024652
2024,CO2/CO/NOx,2024-12-24 16:00:00+01:00,2.0545224611485544
2024,CO2/CO/NOx,2024-12-24 17:00:00+01:00,2.059946894216012
2024,CO2/CO/NOx,2024-12-24 18:00:00+01:00,2.076329128614564
2024,CO2/CO/NOx,2024-12-24 19:00:00+01:00,2.057146867324278
2024,CO2/CO/NOx,2024-12-24 20:00:00+01:00,2.013913203634788
2024,CO2/CO/NOx,2024-12-24 21:00:00+01:00,1.973059437559841
2024,CO2/CO/NOx,2024-12-24 22:00:00+01:00,1.9437044396111438
2024,CO2/CO/NOx,2024-12-24 23:00:00+01:00,1.926387003029044
2024,CO2/CO/NOx,2024-12-25 00:00:00+01:00,1.8963614563954914
2024,CO2/CO/NOx,2024-12-25 01:00:00+01:00,1.9106467643542249
2024,CO2/CO/NOx,2024-12-25 02:00:00+01:00,1.9590337092549552
2024,CO2/CO/NOx,2024-12-25 03:00:00+01:00,2.0547614337519997
2024,CO2/CO/NOx,2024-12-25 04:00:00+01:00,2.1412461824140885
2024,CO2/CO/NOx,2024-12-25 05:00:00+01:00,2.241112825560238
2024,CO2/CO/NOx,2024-12-25 06:00:00+01:00,2.3263562601151175
2024,CO2/CO/NOx,2024-12-25 07:00:00+01:00,2.394587736452407
2024,CO2/CO/NOx,2024-12-25 08:00:00+01:00,2.396618578576311
2024,CO2/CO/NOx,2024-12-25 09:00:00+01:00,2.322926400219121
2024,CO2/CO/NOx,2024-12-25 10:00:00+01:00,2.2767906654810806
2024,CO2/CO/NOx,2024-12-25 11:00:00+01:00,2.223157800628751
2024,CO2/CO/NOx,2024-12-25 12:00:00+01:00,2.167076191276191
2024,CO2/CO/NOx,2024-12-25 13:00:00+01:00,2.144904543339345
2024,CO2/CO/NOx,2024-12-25 14:00:00+01:00,2.163389941220302
2024,CO2/CO/NOx,2024-12-25 15:00:00+01:00,2.2016403797056983
2024,CO2/CO/NOx,2024-12-25 16:00:00+01:00,2.2675098482912555
2024,CO2/CO/NOx,2024-12-25 17:00:00+01:00,2.31400741448267
2024,CO2/CO/NOx,2024-12-25 18:00:00+01:00,2.37171456136379
2024,CO2/CO/NOx,2024-12-25 19:00:00+01:00,2.3945687772459414
2024,CO2/CO/NOx,2024-12-25 20:00:00+01:00,2.3682130500778564
2024,CO2/CO/NOx,2024-12-25 21:00:00+01:00,2.287234419725306
2024,CO2/CO/NOx,2024-12-25 22:00:00+01:00,2.1978592007504054
2024,CO2/CO/NOx,2024-12-25 23:00:00+01:00,2.106050643101183
2024,CO2/CO/NOx,2024-12-26 00:00:00+01:00,1.9969537144554734
2024,CO2/CO/NOx,2024-12-26 01:00:00+01:00,1.9607776928674254
2024,CO2/CO/NOx,2024-12-26 02:00:00+01:00,1.9935850014876983
2024,CO2/CO/NOx,2024-12-26 03:00:00+01:00,2.097970079738815
2024,CO2/CO/NOx,2024-12-26 04:00:00+01:00,2.2197143361627294
2024,CO2/CO/NOx,2024-12-26 05:00:00+01:00,2.359092166121778
2024,CO2/CO/NOx,2024-12-26 06:00:00+01:00,2.4694683915145252
2024,CO2/CO/NOx,2024-12-26 07:00:00+01:00,2.546918830391359
2024,CO2/CO/NOx,2024-12-26 08:00:00+01:00,2.571222423390582
2024,CO2/CO/NOx,2024-12-26 09:00:00+01:00,2.5183209559755575
2024,CO2/CO/NOx,2024-12-26 10:00:00+01:00,2.464226124106871
2024,CO2/CO/NOx,2024-12-26 11:00:00+01:00,2.409163384115248
2024,CO2/CO/NOx,2024-12-26 12:00:00+01:00,2.3677096822981767
2024,CO2/CO/NOx,2024-12-26 13:00:00+01:00,2.3677684280508644
2024,CO2/CO/NOx,2024-12-26 14:00:00+01:00,2.3956182739720875
2024,CO2/CO/NOx,2024-12-26 15:00:00+01:00,2.4629412420386543
2024,CO2/CO/NOx,2024-12-26 16:00:00+01:00,2.5336329346860387
2024,CO2/CO/NOx,2024-12-26 17:00:00+01:00,2.594422852775697
2024,CO2/CO/NOx,2024-12-26 18:00:00+01:00,2.609020078000589
2024,CO2/CO/NOx,2024-12-26 19:00:00+01:00,2.5425173053896466
2024,CO2/CO/NOx,2024-12-26 20:00:00+01:00,2.468140689509915
2024,CO2/CO/NOx,2024-12-26 21:00:00+01:00,2.3572272468433098
2024,CO2/CO/NOx,2024-12-26 22:00:00+01:00,2.2469880455816282
2024,CO2/CO/NOx,2024-12-26 23:00:00+01:00,2.1591188062014135
2024,CO2/CO/NOx,2024-12-27 00:00:00+01:00,2.08840166935387
2024,CO2/CO/NOx,2024-12-27 01:00:00+01:00,2.07181060871061
2024,CO2/CO/NOx,2024-12-27 02:00:00+01:00,2.1171341354328717
2024,CO2/CO/NOx,2024-12-27 03:00:00+01:00,2.180577054422165
2024,CO2/CO/NOx,2024-12-27 04:00:00+01:00,2.260947120160202
2024,CO2/CO/NOx,2024-12-27 05:00:00+01:00,2.381194567383845
2024,CO2/CO/NOx,2024-12-27 06:00:00+01:00,2.4890558377117418
2024,CO2/CO/NOx,2024-12-27 07:00:00+01:00,2.5531003474601666
2024,CO2/CO/NOx,2024-12-27 08:00:00+01:00,2.564196840900202
2024,CO2/CO/NOx,2024-12-27 09:00:00+01:00,2.5244028409008488
2024,CO2/CO/NOx,2024-12-27 10:00:00+01:00,2.505847138365129
2024,CO2/CO/NOx,2024-12-27 11:00:00+01:00,2.484033337145146
2024,CO2/CO/NOx,2024-12-27 12:00:00+01:00,2.4450646387084305
2024,CO2/CO/NOx,2024-12-27 13:00:00+01:00,2.4671973885624037
2024,CO2/CO/NOx,2024-12-27 14:00:00+01:00,2.5003536932369568
2024,CO2/CO/NOx,2024-12-27 15:00:00+01:00,2.544370379838243
2024,CO2/CO/NOx,2024-12-27 16:00:00+01:00,2.5677052204199495
2024,CO2/CO/NOx,2024-12-27 17:00:00+01:00,2.5610109339514184
2024,CO2/CO/NOx,2024-12-27 18:00:00+01:00,2.559135534850342
2024,CO2/CO/NOx,2024-12-27 19:00:00+01:00,2.522474206361358
2024,CO2/CO/NOx,2024-12-27 20:00:00+01:00,2.41736139039958
2024,CO2/CO/NOx,2024-12-27 21:00:00+01:00,2.2743111174178257
2024,CO2/CO/NOx,2024-12-27 22:00:00+01:00,2.1578657115108264
2024,CO2/CO/NOx,2024-12-27 23:00:00+01:00,2.043913158933148
2024,CO2/CO/NOx,2024-12-28 00:00:00+01:00,1.9394426156947806
2024,CO2/CO/NOx,2024-12-28 01:00:00+01:00,1.9070065040197615
2024,CO2/CO/NOx,2024-12-28 02:00:00+01:00,1.9222584336365678
2024,CO2/CO/NOx,2024-12-28 03:00:00+01:00,1.9862214707197186
2024,CO2/CO/NOx,2024-12-28 04:00:00+01:00,2.0690137511659494
2024,CO2/CO/NOx,2024-12-28 05:00:00+01:00,2.1457487087864835
2024,CO2/CO/NOx,2024-12-28 06:00:00+01:00,2.2177178462581093
2024,CO2/CO/NOx,2024-12-28 07:00:00+01:00,2.283691864083922
2024,CO2/CO/NOx,2024-12-28 08:00:00+01:00,2.2998227980920447
2024,CO2/CO/NOx,2024-12-28 09:00:00+01:00,2.2737346660424635
2024,CO2/CO/NOx,2024-12-28 10:00:00+01:00,2.251417412258791
2024,CO2/CO/NOx,2024-12-28 11:00:00+01:00,2.207571368264316
2024,CO2/CO/NOx,2024-12-28 12:00:00+01:00,2.130125055688856
2024,CO2/CO/NOx,2024-12-28 13:00:00+01:00,2.105764618955929
2024,CO2/CO/NOx,2024-12-28 14:00:00+01:00,2.1217108821207797
2024,CO2/CO/NOx,2024-12-28 15:00:00+01:00,2.179698944834919
2024,CO2/CO/NOx,2024-12-28 16:00:00+01:00,2.2439133021321234
2024,CO2/CO/NOx,2024-12-28 17:00:00+01:00,2.274413593237964
2024,CO2/CO/NOx,2024-12-28 18:00:00+01:00,2.3487875830649045
2024,CO2/CO/NOx,2024-12-28 19:00:00+01:00,2.369002367500728
2024,CO2/CO/NOx,2024-12-28 20:00:00+01:00,2.323684425218095
2024,CO2/CO/NOx,2024-12-28 21:00:00+01:00,2.223502950809955
2024,CO2/CO/NOx,2024-12-28 22:00:00+01:00,2.1377434579161765
2024,CO2/CO/NOx,2024-12-28 23:00:00+01:00,2.044574439955782
2024,CO2/CO/NOx,2024-12-29 00:00:00+01:00,1.9382073773488095
2024,CO2/CO/NOx,2024-12-29 01:00:00+01:00,1.8737114329994826
2024,CO2/CO/NOx,2024-12-29 02:00:00+01:00,1.869823784410494
2024,CO2/CO/NOx,2024-12-29 03:00:00+01:00,1.9467570601330815
2024,CO2/CO/NOx,2024-12-29 04:00:00+01:00,2.043537345604483
2024,CO2/CO/NOx,2024-12-29 05:00:00+01:00,2.1430073457201795
2024,CO2/CO/NOx,2024-12-29 06:00:00+01:00,2.2480047398979566
2024,CO2/CO/NOx,2024-12-29 07:00:00+01:00,2.327303721670712
2024,CO2/CO/NOx,2024-12-29 08:00:00+01:00,2.309413671907967
2024,CO2/CO/NOx,2024-12-29 09:00:00+01:00,2.2154414832828424
2024,CO2/CO/NOx,2024-12-29 10:00:00+01:00,2.1188466357319045
2024,CO2/CO/NOx,2024-12-29 11:00:00+01:00,2.007066447385263
2024,CO2/CO/NOx,2024-12-29 12:00:00+01:00,1.895347652247162
2024,CO2/CO/NOx,2024-12-29 13:00:00+01:00,1.868936328731714
2024,CO2/CO/NOx,2024-12-29 14:00:00+01:00,1.8783836172186699
2024,CO2/CO/NOx,2024-12-29 15:00:00+01:00,1.9756798166261087
2024,CO2/CO/NOx,2024-12-29 16:00:00+01:00,2.089760491915053
2024,CO2/CO/NOx,2024-12-29 17:00:00+01:00,2.152738040703524
2024,CO2/CO/NOx,2024-12-29 18:00:00+01:00,2.2604370845079713
2024,CO2/CO/NOx,2024-12-29 19:00:00+01:00,2.2807721019525844
2024,CO2/CO/NOx,2024-12-29 20:00:00+01:00,2.238398060861278
2024,CO2/CO/NOx,2024-12-29 21:00:00+01:00,2.148102510614501
2024,CO2/CO/NOx,2024-12-29 22:00:00+01:00,2.068168378574121
2024,CO2/CO/NOx,2024-12-29 23:00:00+01:00,1.9845022294338097
2024,CO2/CO/NOx,2024-12-30 00:00:00+01:00,1.9216488770423488
2024,CO2/CO/NOx,2024-12-30 01:00:00+01:00,1.920061960953143
2024,CO2/CO/NOx,2024-12-30 02:00:00+01:00,1.9594159463875875
2024,CO2/CO/NOx,2024-12-30 03:00:00+01:00,2.0990126578723887
2024,CO2/CO/NOx,2024-12-30 04:00:00+01:00,2.217019807248552
2024,CO2/CO/NOx,2024-12-30 05:00:00+01:00,2.333822327739495
2024,CO2/CO/NOx,2024-12-30 06:00:00+01:00,2.4530283921566873
2024,CO2/CO/NOx,2024-12-30 07:00:00+01:00,2.5352163141143196
2024,CO2/CO/NOx,2024-12-30 08:00:00+01:00,2.560066407045934
2024,CO2/CO/NOx,2024-12-30 09:00:00+01:00,2.5208710874596236
2024,CO2/CO/NOx,2024-12-30 10:00:00+01:00,2.483745504295692
2024,CO2/CO/NOx,2024-12-30 11:00:00+01:00,2.4196283318025835
2024,CO2/CO/NOx,2024-12-30 12:00:00+01:00,2.3595536563037087
2024,CO2/CO/NOx,2024-12-30 13:00:00+01:00,2.327655235825381
2024,CO2/CO/NOx,2024-12-30 14:00:00+01:00,2.336862089561201
2024,CO2/CO/NOx,2024-12-30 15:00:00+01:00,2.4177481251341653
2024,CO2/CO/NOx,2024-12-30 16:00:00+01:00,2.4824132624958914
2024,CO2/CO/NOx,2024-12-30 17:00:00+01:00,2.5379376659404627
2024,CO2/CO/NOx,2024-12-30 18:00:00+01:00,2.595635880086837
2024,CO2/CO/NOx,2024-12-30 19:00:00+01:00,2.5844104952728824
2024,CO2/CO/NOx,2024-12-30 20:00:00+01:00,2.539991217411343
2024,CO2/CO/NOx,2024-12-30 21:00:00+01:00,2.4481559140857887
2024,CO2/CO/NOx,2024-12-30 22:00:00+01:00,2.336332066424495
2024,CO2/CO/NOx,2024-12-30 23:00:00+01:00,2.2412210247909865
2024,CO2/CO/NOx,2024-12-31 00:00:00+01:00,2.1437684965115706
2024,CO2/CO/NOx,2024-12-31 01:00:00+01:00,2.0970866947380387
2024,CO2/CO/NOx,2024-12-31 02:00:00+01:00,2.1148468272216183
2024,CO2/CO/NOx,2024-12-31 03:00:00+01:00,2.1863016554888905
2024,CO2/CO/NOx,2024-12-31 04:00:00+01:00,2.2669257609887015
2024,CO2/CO/NOx,2024-12-31 05:00:00+01:00,2.3794980087569573
2024,CO2/CO/NOx,2024-12-31 06:00:00+01:00,2.4761415050369515
2024,CO2/CO/NOx,2024-12-31 07:00:00+01:00,2.546191287322973
2024,CO2/CO/NOx,2024-12-31 08:00:00+01:00,2.563145643933405
2024,CO2/CO/NOx,2024-12-31 09:00:00+01:00,2.516477073646884
2024,CO2/CO/NOx,2024-12-31 10:00:00+01:00,2.4698219281905835
2024,CO2/CO/NOx,2024-12-31 11:00:00+01:00,2.384366309285824
2024,CO2/CO/NOx,2024-12-31 12:00:00+01:00,2.291190289837692
2024,CO2/CO/NOx,2024-12-31 13:00:00+01:00,2.2387537342325166
2024,CO2/CO/NOx,2024-12-31 14:00:00+01:00,2.246239505271622
2024,CO2/CO/NOx,2024-12-31 15:00:00+01:00,2.3168510232440904
2024,CO2/CO/NOx,2024-12-31 16:00:00+01:00,2.410371115731048
2024,CO2/CO/NOx,2024-12-31 17:00:00+01:00,2.488532453436204
2024,CO2/CO/NOx,2024-12-31 18:00:00+01:00,2.570923395720352
2024,CO2/CO/NOx,2024-12-31 19:00:00+01:00,2.581702738253017
2024,CO2/CO/NOx,2024-12-31 20:00:00+01:00,2.562924455079799
2024,CO2/CO/NOx,2024-12-31 21:00:00+01:00,2.4810266705183834
2024,CO2/CO/NOx,2024-12-31 22:00:00+01:00,2.3248051320846264
2024,CO2/CO/NOx,2024-12-31 23:00:00+01:00,2.0830555872943846
