year,component,timestamp,scaling_factor
2025,CO2/CO/NOx,2025-01-01 00:00:00+01:00,1.8245958743538846
2025,CO2/CO/NOx,2025-01-01 01:00:00+01:00,1.8386963632899636
2025,CO2/CO/NOx,2025-01-01 02:00:00+01:00,1.9136299630373155
2025,CO2/CO/NOx,2025-01-01 03:00:00+01:00,2.0267245012299093
2025,CO2/CO/NOx,2025-01-01 04:00:00+01:00,2.155307805501713
2025,CO2/CO/NOx,2025-01-01 05:00:00+01:00,2.3138303083446496
2025,CO2/CO/NOx,2025-01-01 06:00:00+01:00,2.360434887528246
2025,CO2/CO/NOx,2025-01-01 07:00:00+01:00,2.3809345444654904
2025,CO2/CO/NOx,2025-01-01 08:00:00+01:00,2.3230844749360684
2025,CO2/CO/NOx,2025-01-01 09:00:00+01:00,2.1440797070218554
2025,CO2/CO/NOx,2025-01-01 10:00:00+01:00,1.9461789995551722
2025,CO2/CO/NOx,2025-01-01 11:00:00+01:00,1.7521370653004031
2025,CO2/CO/NOx,2025-01-01 12:00:00+01:00,1.5658322124036037
2025,CO2/CO/NOx,2025-01-01 13:00:00+01:00,1.4438099736544328
2025,CO2/CO/NOx,2025-01-01 14:00:00+01:00,1.3875023351408697
2025,CO2/CO/NOx,2025-01-01 15:00:00+01:00,1.401108281360906
2025,CO2/CO/NOx,2025-01-01 16:00:00+01:00,1.461334757341887
2025,CO2/CO/NOx,2025-01-01 17:00:00+01:00,1.510340325791738
2025,CO2/CO/NOx,2025-01-01 18:00:00+01:00,1.5454400079424238
2025,CO2/CO/NOx,2025-01-01 19:00:00+01:00,1.5155226014422876
2025,CO2/CO/NOx,2025-01-01 20:00:00+01:00,1.4197422321976152
2025,CO2/CO/NOx,2025-01-01 21:00:00+01:00,1.304291248164859
2025,CO2/CO/NOx,2025-01-01 22:00:00+01:00,1.2141953543777368
2025,CO2/CO/NOx,2025-01-01 23:00:00+01:00,1.1488859793607582
2025,CO2/CO/NOx,2025-01-02 00:00:00+01:00,1.0968704834690608
2025,CO2/CO/NOx,2025-01-02 01:00:00+01:00,1.099347403121119
2025,CO2/CO/NOx,2025-01-02 02:00:00+01:00,1.136437596598993
2025,CO2/CO/NOx,2025-01-02 03:00:00+01:00,1.2060542540370343
2025,CO2/CO/NOx,2025-01-02 04:00:00+01:00,1.2536250752487954
2025,CO2/CO/NOx,2025-01-02 05:00:00+01:00,1.2770250252292141
2025,CO2/CO/NOx,2025-01-02 06:00:00+01:00,1.3182296514883436
2025,CO2/CO/NOx,2025-01-02 07:00:00+01:00,1.3387890965749913
2025,CO2/CO/NOx,2025-01-02 08:00:00+01:00,1.3294264841489642
2025,CO2/CO/NOx,2025-01-02 09:00:00+01:00,1.279489168214661
2025,CO2/CO/NOx,2025-01-02 10:00:00+01:00,1.2510802618539512
2025,CO2/CO/NOx,2025-01-02 11:00:00+01:00,1.217416396692085
2025,CO2/CO/NOx,2025-01-02 12:00:00+01:00,1.1828419031342075
2025,CO2/CO/NOx,2025-01-02 13:00:00+01:00,1.1880248301977139
2025,CO2/CO/NOx,2025-01-02 14:00:00+01:00,1.2210162834571243
2025,CO2/CO/NOx,2025-01-02 15:00:00+01:00,1.3057146103690291
2025,CO2/CO/NOx,2025-01-02 16:00:00+01:00,1.3859748963781982
2025,CO2/CO/NOx,2025-01-02 17:00:00+01:00,1.4625856758479918
2025,CO2/CO/NOx,2025-01-02 18:00:00+01:00,1.5367889528287775
2025,CO2/CO/NOx,2025-01-02 19:00:00+01:00,1.5655688878573344
2025,CO2/CO/NOx,2025-01-02 20:00:00+01:00,1.5541445361741182
2025,CO2/CO/NOx,2025-01-02 21:00:00+01:00,1.5114761161608496
2025,CO2/CO/NOx,2025-01-02 22:00:00+01:00,1.459907492826438
2025,CO2/CO/NOx,2025-01-02 23:00:00+01:00,1.4167056254205703
2025,CO2/CO/NOx,2025-01-03 00:00:00+01:00,1.3770660035258786
2025,CO2/CO/NOx,2025-01-03 01:00:00+01:00,1.3835642298285002
2025,CO2/CO/NOx,2025-01-03 02:00:00+01:00,1.4529961774144646
2025,CO2/CO/NOx,2025-01-03 03:00:00+01:00,1.5667985567768141
2025,CO2/CO/NOx,2025-01-03 04:00:00+01:00,1.6947210952308844
2025,CO2/CO/NOx,2025-01-03 05:00:00+01:00,1.82415716152779
2025,CO2/CO/NOx,2025-01-03 06:00:00+01:00,1.9468171047496452
2025,CO2/CO/NOx,2025-01-03 07:00:00+01:00,2.0355804866017593
2025,CO2/CO/NOx,2025-01-03 08:00:00+01:00,2.0726548019038162
2025,CO2/CO/NOx,2025-01-03 09:00:00+01:00,2.037843488893658
2025,CO2/CO/NOx,2025-01-03 10:00:00+01:00,1.9915544984426805
2025,CO2/CO/NOx,2025-01-03 11:00:00+01:00,1.944890605257491
2025,CO2/CO/NOx,2025-01-03 12:00:00+01:00,1.8902864841469669
2025,CO2/CO/NOx,2025-01-03 13:00:00+01:00,1.8766205063244294
2025,CO2/CO/NOx,2025-01-03 14:00:00+01:00,1.8922200807102123
2025,CO2/CO/NOx,2025-01-03 15:00:00+01:00,1.9754508681418388
2025,CO2/CO/NOx,2025-01-03 16:00:00+01:00,2.0681625497535308
2025,CO2/CO/NOx,2025-01-03 17:00:00+01:00,2.15602040563987
2025,CO2/CO/NOx,2025-01-03 18:00:00+01:00,2.240990406212419
2025,CO2/CO/NOx,2025-01-03 19:00:00+01:00,2.2691021743045443
2025,CO2/CO/NOx,2025-01-03 20:00:00+01:00,2.234737217234596
2025,CO2/CO/NOx,2025-01-03 21:00:00+01:00,2.1371193347521587
2025,CO2/CO/NOx,2025-01-03 22:00:00+01:00,2.022693749187048
2025,CO2/CO/NOx,2025-01-03 23:00:00+01:00,1.9121037409345056
2025,CO2/CO/NOx,2025-01-04 00:00:00+01:00,1.80948701635833
2025,CO2/CO/NOx,2025-01-04 01:00:00+01:00,1.7520134756941501
2025,CO2/CO/NOx,2025-01-04 02:00:00+01:00,1.7675013467803178
2025,CO2/CO/NOx,2025-01-04 03:00:00+01:00,1.8386819264874121
2025,CO2/CO/NOx,2025-01-04 04:00:00+01:00,1.9221053113733066
2025,CO2/CO/NOx,2025-01-04 05:00:00+01:00,1.9905022551289402
2025,CO2/CO/NOx,2025-01-04 06:00:00+01:00,2.0578793775558664
2025,CO2/CO/NOx,2025-01-04 07:00:00+01:00,2.1097195470999632
2025,CO2/CO/NOx,2025-01-04 08:00:00+01:00,2.128465953394903
2025,CO2/CO/NOx,2025-01-04 09:00:00+01:00,2.0932555745174284
2025,CO2/CO/NOx,2025-01-04 10:00:00+01:00,2.0899983855439523
2025,CO2/CO/NOx,2025-01-04 11:00:00+01:00,2.086097439989106
2025,CO2/CO/NOx,2025-01-04 12:00:00+01:00,2.064984801738143
2025,CO2/CO/NOx,2025-01-04 13:00:00+01:00,2.0757856315078143
2025,CO2/CO/NOx,2025-01-04 14:00:00+01:00,2.0953652088477637
2025,CO2/CO/NOx,2025-01-04 15:00:00+01:00,2.1510937046916063
2025,CO2/CO/NOx,2025-01-04 16:00:00+01:00,2.2114617972849913
2025,CO2/CO/NOx,2025-01-04 17:00:00+01:00,2.232547898685358
2025,CO2/CO/NOx,2025-01-04 18:00:00+01:00,2.2389235205356366
2025,CO2/CO/NOx,2025-01-04 19:00:00+01:00,2.201562910391757
2025,CO2/CO/NOx,2025-01-04 20:00:00+01:00,2.1244410641780185
2025,CO2/CO/NOx,2025-01-04 21:00:00+01:00,2.0342663520058446
2025,CO2/CO/NOx,2025-01-04 22:00:00+01:00,1.9520795246390146
2025,CO2/CO/NOx,2025-01-04 23:00:00+01:00,1.8931286715981959
2025,CO2/CO/NOx,2025-01-05 00:00:00+01:00,1.8525835259061805
2025,CO2/CO/NOx,2025-01-05 01:00:00+01:00,1.8700283087886231
2025,CO2/CO/NOx,2025-01-05 02:00:00+01:00,1.9308837802458434
2025,CO2/CO/NOx,2025-01-05 03:00:00+01:00,1.999447450854933
2025,CO2/CO/NOx,2025-01-05 04:00:00+01:00,2.044923440175637
2025,CO2/CO/NOx,2025-01-05 05:00:00+01:00,2.083508422383597
2025,CO2/CO/NOx,2025-01-05 06:00:00+01:00,2.095441128926728
2025,CO2/CO/NOx,2025-01-05 07:00:00+01:00,2.0633295400939065
2025,CO2/CO/NOx,2025-01-05 08:00:00+01:00,1.9941287082063686
2025,CO2/CO/NOx,2025-01-05 09:00:00+01:00,1.9022147553259676
2025,CO2/CO/NOx,2025-01-05 10:00:00+01:00,1.812435152874405
2025,CO2/CO/NOx,2025-01-05 11:00:00+01:00,1.7156643503371243
2025,CO2/CO/NOx,2025-01-05 12:00:00+01:00,1.5848485830121837
2025,CO2/CO/NOx,2025-01-05 13:00:00+01:00,1.4724764637772685
2025,CO2/CO/NOx,2025-01-05 14:00:00+01:00,1.4222593204023732
2025,CO2/CO/NOx,2025-01-05 15:00:00+01:00,1.4196224385878804
2025,CO2/CO/NOx,2025-01-05 16:00:00+01:00,1.444106767476619
2025,CO2/CO/NOx,2025-01-05 17:00:00+01:00,1.4811191206511667
2025,CO2/CO/NOx,2025-01-05 18:00:00+01:00,1.5400740105706157
2025,CO2/CO/NOx,2025-01-05 19:00:00+01:00,1.545328525884555
2025,CO2/CO/NOx,2025-01-05 20:00:00+01:00,1.4962275827366753
2025,CO2/CO/NOx,2025-01-05 21:00:00+01:00,1.4076883500409794
2025,CO2/CO/NOx,2025-01-05 22:00:00+01:00,1.307165589365414
2025,CO2/CO/NOx,2025-01-05 23:00:00+01:00,1.2366465595534375
2025,CO2/CO/NOx,2025-01-06 00:00:00+01:00,1.1803862927794901
2025,CO2/CO/NOx,2025-01-06 01:00:00+01:00,1.169315174797446
2025,CO2/CO/NOx,2025-01-06 02:00:00+01:00,1.2273780865156012
2025,CO2/CO/NOx,2025-01-06 03:00:00+01:00,1.338134499001453
2025,CO2/CO/NOx,2025-01-06 04:00:00+01:00,1.4717808976365307
2025,CO2/CO/NOx,2025-01-06 05:00:00+01:00,1.5906935519527188
2025,CO2/CO/NOx,2025-01-06 06:00:00+01:00,1.7019342838514697
2025,CO2/CO/NOx,2025-01-06 07:00:00+01:00,1.7564881706400006
2025,CO2/CO/NOx,2025-01-06 08:00:00+01:00,1.7196795027605924
2025,CO2/CO/NOx,2025-01-06 09:00:00+01:00,1.609995158873327
2025,CO2/CO/NOx,2025-01-06 10:00:00+01:00,1.481558806837814
2025,CO2/CO/NOx,2025-01-06 11:00:00+01:00,1.3459890537054235
2025,CO2/CO/NOx,2025-01-06 12:00:00+01:00,1.2264648214810483
2025,CO2/CO/NOx,2025-01-06 13:00:00+01:00,1.1547490102583986
2025,CO2/CO/NOx,2025-01-06 14:00:00+01:00,1.147470942875825
2025,CO2/CO/NOx,2025-01-06 15:00:00+01:00,1.2035305862658372
2025,CO2/CO/NOx,2025-01-06 16:00:00+01:00,1.258039198539108
2025,CO2/CO/NOx,2025-01-06 17:00:00+01:00,1.2913705999772687
2025,CO2/CO/NOx,2025-01-06 18:00:00+01:00,1.3388326253755045
2025,CO2/CO/NOx,2025-01-06 19:00:00+01:00,1.3373031991783892
2025,CO2/CO/NOx,2025-01-06 20:00:00+01:00,1.2770013102784195
2025,CO2/CO/NOx,2025-01-06 21:00:00+01:00,1.20118043956672
2025,CO2/CO/NOx,2025-01-06 22:00:00+01:00,1.1284811760020685
2025,CO2/CO/NOx,2025-01-06 23:00:00+01:00,1.077617871881152
2025,CO2/CO/NOx,2025-01-07 00:00:00+01:00,1.019346517459963
2025,CO2/CO/NOx,2025-01-07 01:00:00+01:00,1.0196298023464816
2025,CO2/CO/NOx,2025-01-07 02:00:00+01:00,1.0757299268493608
2025,CO2/CO/NOx,2025-01-07 03:00:00+01:00,1.1886534862023939
2025,CO2/CO/NOx,2025-01-07 04:00:00+01:00,1.288670608704002
2025,CO2/CO/NOx,2025-01-07 05:00:00+01:00,1.3807390994488837
2025,CO2/CO/NOx,2025-01-07 06:00:00+01:00,1.4698906996916143
2025,CO2/CO/NOx,2025-01-07 07:00:00+01:00,1.5206265703619426
2025,CO2/CO/NOx,2025-01-07 08:00:00+01:00,1.517070260717942
2025,CO2/CO/NOx,2025-01-07 09:00:00+01:00,1.4545443823812971
2025,CO2/CO/NOx,2025-01-07 10:00:00+01:00,1.40226873306151
2025,CO2/CO/NOx,2025-01-07 11:00:00+01:00,1.342680912662694
2025,CO2/CO/NOx,2025-01-07 12:00:00+01:00,1.3007041868276275
2025,CO2/CO/NOx,2025-01-07 13:00:00+01:00,1.2911053388697296
2025,CO2/CO/NOx,2025-01-07 14:00:00+01:00,1.3288942667698025
2025,CO2/CO/NOx,2025-01-07 15:00:00+01:00,1.4110639328803685
2025,CO2/CO/NOx,2025-01-07 16:00:00+01:00,1.4972287573024092
2025,CO2/CO/NOx,2025-01-07 17:00:00+01:00,1.5716843874089674
2025,CO2/CO/NOx,2025-01-07 18:00:00+01:00,1.6287552043552171
2025,CO2/CO/NOx,2025-01-07 19:00:00+01:00,1.6318003875445575
2025,CO2/CO/NOx,2025-01-07 20:00:00+01:00,1.6011401406469215
2025,CO2/CO/NOx,2025-01-07 21:00:00+01:00,1.54292660717637
2025,CO2/CO/NOx,2025-01-07 22:00:00+01:00,1.4761176457162068
2025,CO2/CO/NOx,2025-01-07 23:00:00+01:00,1.4237231415944065
2025,CO2/CO/NOx,2025-01-08 00:00:00+01:00,1.3659296534903043
2025,CO2/CO/NOx,2025-01-08 01:00:00+01:00,1.358161634665272
2025,CO2/CO/NOx,2025-01-08 02:00:00+01:00,1.4018857493729737
2025,CO2/CO/NOx,2025-01-08 03:00:00+01:00,1.4781881239125823
2025,CO2/CO/NOx,2025-01-08 04:00:00+01:00,1.5532412216593308
2025,CO2/CO/NOx,2025-01-08 05:00:00+01:00,1.6394393091443726
2025,CO2/CO/NOx,2025-01-08 06:00:00+01:00,1.72592785762046
2025,CO2/CO/NOx,2025-01-08 07:00:00+01:00,1.8003144282753456
2025,CO2/CO/NOx,2025-01-08 08:00:00+01:00,1.8410778361563505
2025,CO2/CO/NOx,2025-01-08 09:00:00+01:00,1.8328242241135178
2025,CO2/CO/NOx,2025-01-08 10:00:00+01:00,1.8398151377803311
2025,CO2/CO/NOx,2025-01-08 11:00:00+01:00,1.847632662294377
2025,CO2/CO/NOx,2025-01-08 12:00:00+01:00,1.8196134523202387
2025,CO2/CO/NOx,2025-01-08 13:00:00+01:00,1.7961805790783258
2025,CO2/CO/NOx,2025-01-08 14:00:00+01:00,1.7811089057178797
2025,CO2/CO/NOx,2025-01-08 15:00:00+01:00,1.7943902167467192
2025,CO2/CO/NOx,2025-01-08 16:00:00+01:00,1.798617329462318
2025,CO2/CO/NOx,2025-01-08 17:00:00+01:00,1.7992292771736194
2025,CO2/CO/NOx,2025-01-08 18:00:00+01:00,1.8187560428850715
2025,CO2/CO/NOx,2025-01-08 19:00:00+01:00,1.7984092696188159
2025,CO2/CO/NOx,2025-01-08 20:00:00+01:00,1.7551626235951676
2025,CO2/CO/NOx,2025-01-08 21:00:00+01:00,1.6830066375922172
2025,CO2/CO/NOx,2025-01-08 22:00:00+01:00,1.621110093785767
2025,CO2/CO/NOx,2025-01-08 23:00:00+01:00,1.52435943680194
2025,CO2/CO/NOx,2025-01-09 00:00:00+01:00,1.4082879139916276
2025,CO2/CO/NOx,2025-01-09 01:00:00+01:00,1.3110651061779306
2025,CO2/CO/NOx,2025-01-09 02:00:00+01:00,1.2577272716555115
2025,CO2/CO/NOx,2025-01-09 03:00:00+01:00,1.243730043757316
2025,CO2/CO/NOx,2025-01-09 04:00:00+01:00,1.245710231705749
2025,CO2/CO/NOx,2025-01-09 05:00:00+01:00,1.3140887083379906
2025,CO2/CO/NOx,2025-01-09 06:00:00+01:00,1.4155623425972643
2025,CO2/CO/NOx,2025-01-09 07:00:00+01:00,1.5027858203649902
2025,CO2/CO/NOx,2025-01-09 08:00:00+01:00,1.5357409671403048
2025,CO2/CO/NOx,2025-01-09 09:00:00+01:00,1.5082130238191356
2025,CO2/CO/NOx,2025-01-09 10:00:00+01:00,1.4521775658695482
2025,CO2/CO/NOx,2025-01-09 11:00:00+01:00,1.358380562961328
2025,CO2/CO/NOx,2025-01-09 12:00:00+01:00,1.2415519761085296
2025,CO2/CO/NOx,2025-01-09 13:00:00+01:00,1.1691651040927529
2025,CO2/CO/NOx,2025-01-09 14:00:00+01:00,1.1367371670873132
2025,CO2/CO/NOx,2025-01-09 15:00:00+01:00,1.138621760738602
2025,CO2/CO/NOx,2025-01-09 16:00:00+01:00,1.1800266166074902
2025,CO2/CO/NOx,2025-01-09 17:00:00+01:00,1.274480783429877
2025,CO2/CO/NOx,2025-01-09 18:00:00+01:00,1.4041657361034132
2025,CO2/CO/NOx,2025-01-09 19:00:00+01:00,1.4973597358421267
2025,CO2/CO/NOx,2025-01-09 20:00:00+01:00,1.5462318193312672
2025,CO2/CO/NOx,2025-01-09 21:00:00+01:00,1.5483835605019451
2025,CO2/CO/NOx,2025-01-09 22:00:00+01:00,1.5203519291631844
2025,CO2/CO/NOx,2025-01-09 23:00:00+01:00,1.4530063869067897
2025,CO2/CO/NOx,2025-01-10 00:00:00+01:00,1.3660110394610285
2025,CO2/CO/NOx,2025-01-10 01:00:00+01:00,1.3257021453848856
2025,CO2/CO/NOx,2025-01-10 02:00:00+01:00,1.3442005788772857
2025,CO2/CO/NOx,2025-01-10 03:00:00+01:00,1.409781970975161
2025,CO2/CO/NOx,2025-01-10 04:00:00+01:00,1.5141345931086077
2025,CO2/CO/NOx,2025-01-10 05:00:00+01:00,1.6379867929545342
2025,CO2/CO/NOx,2025-01-10 06:00:00+01:00,1.7706294975656096
2025,CO2/CO/NOx,2025-01-10 07:00:00+01:00,1.8772796931710423
2025,CO2/CO/NOx,2025-01-10 08:00:00+01:00,1.9319546395537464
2025,CO2/CO/NOx,2025-01-10 09:00:00+01:00,1.9052142650084893
2025,CO2/CO/NOx,2025-01-10 10:00:00+01:00,1.8545398948195901
2025,CO2/CO/NOx,2025-01-10 11:00:00+01:00,1.774708706426946
2025,CO2/CO/NOx,2025-01-10 12:00:00+01:00,1.6840212368348884
2025,CO2/CO/NOx,2025-01-10 13:00:00+01:00,1.6531214866607802
2025,CO2/CO/NOx,2025-01-10 14:00:00+01:00,1.6482913173957614
2025,CO2/CO/NOx,2025-01-10 15:00:00+01:00,1.7042706747076952
2025,CO2/CO/NOx,2025-01-10 16:00:00+01:00,1.7841522074138223
2025,CO2/CO/NOx,2025-01-10 17:00:00+01:00,1.8778471100293384
2025,CO2/CO/NOx,2025-01-10 18:00:00+01:00,1.9818831963386558
2025,CO2/CO/NOx,2025-01-10 19:00:00+01:00,2.0448767392903915
2025,CO2/CO/NOx,2025-01-10 20:00:00+01:00,2.0490540548925296
2025,CO2/CO/NOx,2025-01-10 21:00:00+01:00,2.009803359457473
2025,CO2/CO/NOx,2025-01-10 22:00:00+01:00,1.942755326807943
2025,CO2/CO/NOx,2025-01-10 23:00:00+01:00,1.8741541189427249
2025,CO2/CO/NOx,2025-01-11 00:00:00+01:00,1.8047377030620473
2025,CO2/CO/NOx,2025-01-11 01:00:00+01:00,1.7737505510551195
2025,CO2/CO/NOx,2025-01-11 02:00:00+01:00,1.7841554592740374
2025,CO2/CO/NOx,2025-01-11 03:00:00+01:00,1.844743654618566
2025,CO2/CO/NOx,2025-01-11 04:00:00+01:00,1.9096716011313897
2025,CO2/CO/NOx,2025-01-11 05:00:00+01:00,1.9735617591031336
2025,CO2/CO/NOx,2025-01-11 06:00:00+01:00,2.0351886759845823
2025,CO2/CO/NOx,2025-01-11 07:00:00+01:00,2.0818669544902018
2025,CO2/CO/NOx,2025-01-11 08:00:00+01:00,2.10873985415522
2025,CO2/CO/NOx,2025-01-11 09:00:00+01:00,2.1059895627182565
2025,CO2/CO/NOx,2025-01-11 10:00:00+01:00,2.1118176812211593
2025,CO2/CO/NOx,2025-01-11 11:00:00+01:00,2.105857602244366
2025,CO2/CO/NOx,2025-01-11 12:00:00+01:00,2.09437059014013
2025,CO2/CO/NOx,2025-01-11 13:00:00+01:00,2.09555460446303
2025,CO2/CO/NOx,2025-01-11 14:00:00+01:00,2.102661921845638
2025,CO2/CO/NOx,2025-01-11 15:00:00+01:00,2.143389865159388
2025,CO2/CO/NOx,2025-01-11 16:00:00+01:00,2.159041836991731
2025,CO2/CO/NOx,2025-01-11 17:00:00+01:00,2.1545288272421566
2025,CO2/CO/NOx,2025-01-11 18:00:00+01:00,2.1695706347286263
2025,CO2/CO/NOx,2025-01-11 19:00:00+01:00,2.1641385620480227
2025,CO2/CO/NOx,2025-01-11 20:00:00+01:00,2.1310963226041753
2025,CO2/CO/NOx,2025-01-11 21:00:00+01:00,2.0732499593109
2025,CO2/CO/NOx,2025-01-11 22:00:00+01:00,2.0008854641798277
2025,CO2/CO/NOx,2025-01-11 23:00:00+01:00,1.9827723921350826
2025,CO2/CO/NOx,2025-01-12 00:00:00+01:00,1.9681488912918637
2025,CO2/CO/NOx,2025-01-12 01:00:00+01:00,1.9640094008249103
2025,CO2/CO/NOx,2025-01-12 02:00:00+01:00,1.9925026732601037
2025,CO2/CO/NOx,2025-01-12 03:00:00+01:00,2.0585516231001906
2025,CO2/CO/NOx,2025-01-12 04:00:00+01:00,2.121168034145837
2025,CO2/CO/NOx,2025-01-12 05:00:00+01:00,2.1580860676257183
2025,CO2/CO/NOx,2025-01-12 06:00:00+01:00,2.1821450721485927
2025,CO2/CO/NOx,2025-01-12 07:00:00+01:00,2.1902172656151446
2025,CO2/CO/NOx,2025-01-12 08:00:00+01:00,2.2161684932037335
2025,CO2/CO/NOx,2025-01-12 09:00:00+01:00,2.1954355822592717
2025,CO2/CO/NOx,2025-01-12 10:00:00+01:00,2.1990661914903034
2025,CO2/CO/NOx,2025-01-12 11:00:00+01:00,2.20320704269454
2025,CO2/CO/NOx,2025-01-12 12:00:00+01:00,2.2029710163757015
2025,CO2/CO/NOx,2025-01-12 13:00:00+01:00,2.202127315697967
2025,CO2/CO/NOx,2025-01-12 14:00:00+01:00,2.2117597389584387
2025,CO2/CO/NOx,2025-01-12 15:00:00+01:00,2.2302675875319706
2025,CO2/CO/NOx,2025-01-12 16:00:00+01:00,2.2312735594094275
2025,CO2/CO/NOx,2025-01-12 17:00:00+01:00,2.2232177234187236
2025,CO2/CO/NOx,2025-01-12 18:00:00+01:00,2.2246574341279923
2025,CO2/CO/NOx,2025-01-12 19:00:00+01:00,2.171989245544908
2025,CO2/CO/NOx,2025-01-12 20:00:00+01:00,2.110867577081531
2025,CO2/CO/NOx,2025-01-12 21:00:00+01:00,2.0434288516633834
2025,CO2/CO/NOx,2025-01-12 22:00:00+01:00,1.9820909108597995
2025,CO2/CO/NOx,2025-01-12 23:00:00+01:00,1.94158608303948
2025,CO2/CO/NOx,2025-01-13 00:00:00+01:00,1.8866652278280536
2025,CO2/CO/NOx,2025-01-13 01:00:00+01:00,1.9006830300868482
2025,CO2/CO/NOx,2025-01-13 02:00:00+01:00,1.9734311718630608
2025,CO2/CO/NOx,2025-01-13 03:00:00+01:00,2.0843493652916507
2025,CO2/CO/NOx,2025-01-13 04:00:00+01:00,2.1727683798098014
2025,CO2/CO/NOx,2025-01-13 05:00:00+01:00,2.2801953813094094
2025,CO2/CO/NOx,2025-01-13 06:00:00+01:00,2.371936955968748
2025,CO2/CO/NOx,2025-01-13 07:00:00+01:00,2.4088953032186344
2025,CO2/CO/NOx,2025-01-13 08:00:00+01:00,2.3903172537797603
2025,CO2/CO/NOx,2025-01-13 09:00:00+01:00,2.332283231280089
2025,CO2/CO/NOx,2025-01-13 10:00:00+01:00,2.3195444474523064
2025,CO2/CO/NOx,2025-01-13 11:00:00+01:00,2.3069232646804907
2025,CO2/CO/NOx,2025-01-13 12:00:00+01:00,2.3024448653279563
2025,CO2/CO/NOx,2025-01-13 13:00:00+01:00,2.3211872315914426
2025,CO2/CO/NOx,2025-01-13 14:00:00+01:00,2.363384882658179
2025,CO2/CO/NOx,2025-01-13 15:00:00+01:00,2.429109094350038
2025,CO2/CO/NOx,2025-01-13 16:00:00+01:00,2.4583468745935564
2025,CO2/CO/NOx,2025-01-13 17:00:00+01:00,2.4480962082379856
2025,CO2/CO/NOx,2025-01-13 18:00:00+01:00,2.428862656424272
2025,CO2/CO/NOx,2025-01-13 19:00:00+01:00,2.371571960057014
2025,CO2/CO/NOx,2025-01-13 20:00:00+01:00,2.2959325601984033
2025,CO2/CO/NOx,2025-01-13 21:00:00+01:00,2.1916094588119277
2025,CO2/CO/NOx,2025-01-13 22:00:00+01:00,2.085502510594959
2025,CO2/CO/NOx,2025-01-13 23:00:00+01:00,2.004919115984738
2025,CO2/CO/NOx,2025-01-14 00:00:00+01:00,1.9389682860909099
2025,CO2/CO/NOx,2025-01-14 01:00:00+01:00,1.9356736195599027
2025,CO2/CO/NOx,2025-01-14 02:00:00+01:00,1.9878931246759566
2025,CO2/CO/NOx,2025-01-14 03:00:00+01:00,2.0815483854980386
2025,CO2/CO/NOx,2025-01-14 04:00:00+01:00,2.190050463105504
2025,CO2/CO/NOx,2025-01-14 05:00:00+01:00,2.321375525434472
2025,CO2/CO/NOx,2025-01-14 06:00:00+01:00,2.4265619667780363
2025,CO2/CO/NOx,2025-01-14 07:00:00+01:00,2.4702298963768223
2025,CO2/CO/NOx,2025-01-14 08:00:00+01:00,2.452354054169539
2025,CO2/CO/NOx,2025-01-14 09:00:00+01:00,2.3727303454844133
2025,CO2/CO/NOx,2025-01-14 10:00:00+01:00,2.3416704446066254
2025,CO2/CO/NOx,2025-01-14 11:00:00+01:00,2.3189849237798366
2025,CO2/CO/NOx,2025-01-14 12:00:00+01:00,2.2920754371621115
2025,CO2/CO/NOx,2025-01-14 13:00:00+01:00,2.301977279771219
2025,CO2/CO/NOx,2025-01-14 14:00:00+01:00,2.3428964825149126
2025,CO2/CO/NOx,2025-01-14 15:00:00+01:00,2.406835219376288
2025,CO2/CO/NOx,2025-01-14 16:00:00+01:00,2.4409269297083447
2025,CO2/CO/NOx,2025-01-14 17:00:00+01:00,2.428563139425252
2025,CO2/CO/NOx,2025-01-14 18:00:00+01:00,2.3907560251151723
2025,CO2/CO/NOx,2025-01-14 19:00:00+01:00,2.337641177938471
2025,CO2/CO/NOx,2025-01-14 20:00:00+01:00,2.265898644541929
2025,CO2/CO/NOx,2025-01-14 21:00:00+01:00,2.2020084726333304
2025,CO2/CO/NOx,2025-01-14 22:00:00+01:00,2.132395003581039
2025,CO2/CO/NOx,2025-01-14 23:00:00+01:00,2.0762389966449293
2025,CO2/CO/NOx,2025-01-15 00:00:00+01:00,2.010840899097167
2025,CO2/CO/NOx,2025-01-15 01:00:00+01:00,2.006192380439813
2025,CO2/CO/NOx,2025-01-15 02:00:00+01:00,2.0450166169083825
2025,CO2/CO/NOx,2025-01-15 03:00:00+01:00,2.117307649423197
2025,CO2/CO/NOx,2025-01-15 04:00:00+01:00,2.214550075586029
2025,CO2/CO/NOx,2025-01-15 05:00:00+01:00,2.325568805609773
2025,CO2/CO/NOx,2025-01-15 06:00:00+01:00,2.437731960965795
2025,CO2/CO/NOx,2025-01-15 07:00:00+01:00,2.4978324569182195
2025,CO2/CO/NOx,2025-01-15 08:00:00+01:00,2.523866865521569
2025,CO2/CO/NOx,2025-01-15 09:00:00+01:00,2.4563238621675745
2025,CO2/CO/NOx,2025-01-15 10:00:00+01:00,2.399209439274681
2025,CO2/CO/NOx,2025-01-15 11:00:00+01:00,2.3275042388201492
2025,CO2/CO/NOx,2025-01-15 12:00:00+01:00,2.2483538008569437
2025,CO2/CO/NOx,2025-01-15 13:00:00+01:00,2.203395596890817
2025,CO2/CO/NOx,2025-01-15 14:00:00+01:00,2.1637754320087064
2025,CO2/CO/NOx,2025-01-15 15:00:00+01:00,2.152354114365037
2025,CO2/CO/NOx,2025-01-15 16:00:00+01:00,2.142269475039877
2025,CO2/CO/NOx,2025-01-15 17:00:00+01:00,2.143682675889015
2025,CO2/CO/NOx,2025-01-15 18:00:00+01:00,2.124988619111238
2025,CO2/CO/NOx,2025-01-15 19:00:00+01:00,2.0775966637583605
2025,CO2/CO/NOx,2025-01-15 20:00:00+01:00,2.0100697572847817
2025,CO2/CO/NOx,2025-01-15 21:00:00+01:00,1.9443886948293119
2025,CO2/CO/NOx,2025-01-15 22:00:00+01:00,1.880559735658501
2025,CO2/CO/NOx,2025-01-15 23:00:00+01:00,1.8167701565570056
2025,CO2/CO/NOx,2025-01-16 00:00:00+01:00,1.7506102600280817
2025,CO2/CO/NOx,2025-01-16 01:00:00+01:00,1.732337189892149
2025,CO2/CO/NOx,2025-01-16 02:00:00+01:00,1.7669963655875291
2025,CO2/CO/NOx,2025-01-16 03:00:00+01:00,1.8513430098469257
2025,CO2/CO/NOx,2025-01-16 04:00:00+01:00,1.9489815634185257
2025,CO2/CO/NOx,2025-01-16 05:00:00+01:00,2.0440261063776806
2025,CO2/CO/NOx,2025-01-16 06:00:00+01:00,2.1318647195712415
2025,CO2/CO/NOx,2025-01-16 07:00:00+01:00,2.172572173435664
2025,CO2/CO/NOx,2025-01-16 08:00:00+01:00,2.1697171471181718
2025,CO2/CO/NOx,2025-01-16 09:00:00+01:00,2.1115445707576166
2025,CO2/CO/NOx,2025-01-16 10:00:00+01:00,2.07473633826129
2025,CO2/CO/NOx,2025-01-16 11:00:00+01:00,2.038455464441173
2025,CO2/CO/NOx,2025-01-16 12:00:00+01:00,2.0137127230588683
2025,CO2/CO/NOx,2025-01-16 13:00:00+01:00,2.0100833989290527
2025,CO2/CO/NOx,2025-01-16 14:00:00+01:00,2.01373057955781
2025,CO2/CO/NOx,2025-01-16 15:00:00+01:00,2.041277292827197
2025,CO2/CO/NOx,2025-01-16 16:00:00+01:00,2.0510385266763613
2025,CO2/CO/NOx,2025-01-16 17:00:00+01:00,2.050927524360532
2025,CO2/CO/NOx,2025-01-16 18:00:00+01:00,2.05077796216422
2025,CO2/CO/NOx,2025-01-16 19:00:00+01:00,2.025072453931455
2025,CO2/CO/NOx,2025-01-16 20:00:00+01:00,1.977533591854509
2025,CO2/CO/NOx,2025-01-16 21:00:00+01:00,1.9167272526841341
2025,CO2/CO/NOx,2025-01-16 22:00:00+01:00,1.8634088323010383
2025,CO2/CO/NOx,2025-01-16 23:00:00+01:00,1.8264027855515814
2025,CO2/CO/NOx,2025-01-17 00:00:00+01:00,1.7829456149027592
2025,CO2/CO/NOx,2025-01-17 01:00:00+01:00,1.78860364042347
2025,CO2/CO/NOx,2025-01-17 02:00:00+01:00,1.8368728511559982
2025,CO2/CO/NOx,2025-01-17 03:00:00+01:00,1.9144173433953489
2025,CO2/CO/NOx,2025-01-17 04:00:00+01:00,1.9948042616756703
2025,CO2/CO/NOx,2025-01-17 05:00:00+01:00,2.0745618995222306
2025,CO2/CO/NOx,2025-01-17 06:00:00+01:00,2.152418529279694
2025,CO2/CO/NOx,2025-01-17 07:00:00+01:00,2.2055431465269235
2025,CO2/CO/NOx,2025-01-17 08:00:00+01:00,2.2238944462563546
2025,CO2/CO/NOx,2025-01-17 09:00:00+01:00,2.193483328724695
2025,CO2/CO/NOx,2025-01-17 10:00:00+01:00,2.192719005960619
2025,CO2/CO/NOx,2025-01-17 11:00:00+01:00,2.1810741926461277
2025,CO2/CO/NOx,2025-01-17 12:00:00+01:00,2.166807005781379
2025,CO2/CO/NOx,2025-01-17 13:00:00+01:00,2.1789793939847946
2025,CO2/CO/NOx,2025-01-17 14:00:00+01:00,2.211433173517427
2025,CO2/CO/NOx,2025-01-17 15:00:00+01:00,2.2627531027220646
2025,CO2/CO/NOx,2025-01-17 16:00:00+01:00,2.28024368983107
2025,CO2/CO/NOx,2025-01-17 17:00:00+01:00,2.2723673194903706
2025,CO2/CO/NOx,2025-01-17 18:00:00+01:00,2.2757124968992426
2025,CO2/CO/NOx,2025-01-17 19:00:00+01:00,2.2402992834496596
2025,CO2/CO/NOx,2025-01-17 20:00:00+01:00,2.155546801616526
2025,CO2/CO/NOx,2025-01-17 21:00:00+01:00,2.050879368267667
2025,CO2/CO/NOx,2025-01-17 22:00:00+01:00,1.9511166629181846
2025,CO2/CO/NOx,2025-01-17 23:00:00+01:00,1.8688365937594555
2025,CO2/CO/NOx,2025-01-18 00:00:00+01:00,1.7896253697277555
2025,CO2/CO/NOx,2025-01-18 01:00:00+01:00,1.7384607041218414
2025,CO2/CO/NOx,2025-01-18 02:00:00+01:00,1.7409383833327403
2025,CO2/CO/NOx,2025-01-18 03:00:00+01:00,1.8065335040783126
2025,CO2/CO/NOx,2025-01-18 04:00:00+01:00,1.8712452307054652
2025,CO2/CO/NOx,2025-01-18 05:00:00+01:00,1.9330095711642408
2025,CO2/CO/NOx,2025-01-18 06:00:00+01:00,1.9878173223865558
2025,CO2/CO/NOx,2025-01-18 07:00:00+01:00,2.0264382088196666
2025,CO2/CO/NOx,2025-01-18 08:00:00+01:00,2.0518331440295423
2025,CO2/CO/NOx,2025-01-18 09:00:00+01:00,2.053379494271101
2025,CO2/CO/NOx,2025-01-18 10:00:00+01:00,2.0673406984621776
2025,CO2/CO/NOx,2025-01-18 11:00:00+01:00,2.0821537201348255
2025,CO2/CO/NOx,2025-01-18 12:00:00+01:00,2.0923374508056276
2025,CO2/CO/NOx,2025-01-18 13:00:00+01:00,2.10636586258638
2025,CO2/CO/NOx,2025-01-18 14:00:00+01:00,2.1257102886339765
2025,CO2/CO/NOx,2025-01-18 15:00:00+01:00,2.1552341493097114
2025,CO2/CO/NOx,2025-01-18 16:00:00+01:00,2.1668782709523016
2025,CO2/CO/NOx,2025-01-18 17:00:00+01:00,2.1686596443092707
2025,CO2/CO/NOx,2025-01-18 18:00:00+01:00,2.178315577800899
2025,CO2/CO/NOx,2025-01-18 19:00:00+01:00,2.152061613890516
2025,CO2/CO/NOx,2025-01-18 20:00:00+01:00,2.100877684301559
2025,CO2/CO/NOx,2025-01-18 21:00:00+01:00,2.0275644429714723
2025,CO2/CO/NOx,2025-01-18 22:00:00+01:00,1.964893406345945
2025,CO2/CO/NOx,2025-01-18 23:00:00+01:00,1.906178108690482
2025,CO2/CO/NOx,2025-01-19 00:00:00+01:00,1.8337722140798456
2025,CO2/CO/NOx,2025-01-19 01:00:00+01:00,1.7980593557174482
2025,CO2/CO/NOx,2025-01-19 02:00:00+01:00,1.8193228298213087
2025,CO2/CO/NOx,2025-01-19 03:00:00+01:00,1.8821023603739253
2025,CO2/CO/NOx,2025-01-19 04:00:00+01:00,1.9519778948493813
2025,CO2/CO/NOx,2025-01-19 05:00:00+01:00,2.030887984313541
2025,CO2/CO/NOx,2025-01-19 06:00:00+01:00,2.1066573773816604
2025,CO2/CO/NOx,2025-01-19 07:00:00+01:00,2.1742183949364127
2025,CO2/CO/NOx,2025-01-19 08:00:00+01:00,2.177230314535602
2025,CO2/CO/NOx,2025-01-19 09:00:00+01:00,2.128853912762135
2025,CO2/CO/NOx,2025-01-19 10:00:00+01:00,2.0896206130987327
2025,CO2/CO/NOx,2025-01-19 11:00:00+01:00,2.021775015753596
2025,CO2/CO/NOx,2025-01-19 12:00:00+01:00,1.9283766683317207
2025,CO2/CO/NOx,2025-01-19 13:00:00+01:00,1.8699688326208908
2025,CO2/CO/NOx,2025-01-19 14:00:00+01:00,1.8575904315265883
2025,CO2/CO/NOx,2025-01-19 15:00:00+01:00,1.8925381825096659
2025,CO2/CO/NOx,2025-01-19 16:00:00+01:00,1.9272939864875553
2025,CO2/CO/NOx,2025-01-19 17:00:00+01:00,1.9676083494848295
2025,CO2/CO/NOx,2025-01-19 18:00:00+01:00,2.0426756076357604
2025,CO2/CO/NOx,2025-01-19 19:00:00+01:00,2.058471474905835
2025,CO2/CO/NOx,2025-01-19 20:00:00+01:00,2.019701485516498
2025,CO2/CO/NOx,2025-01-19 21:00:00+01:00,1.964564904082807
2025,CO2/CO/NOx,2025-01-19 22:00:00+01:00,1.913595254773307
2025,CO2/CO/NOx,2025-01-19 23:00:00+01:00,1.8684843136236489
2025,CO2/CO/NOx,2025-01-20 00:00:00+01:00,1.8206965083505522
2025,CO2/CO/NOx,2025-01-20 01:00:00+01:00,1.8069180493081591
2025,CO2/CO/NOx,2025-01-20 02:00:00+01:00,1.8632903388034874
2025,CO2/CO/NOx,2025-01-20 03:00:00+01:00,1.9648357603815065
2025,CO2/CO/NOx,2025-01-20 04:00:00+01:00,2.0503781381552426
2025,CO2/CO/NOx,2025-01-20 05:00:00+01:00,2.154949051964661
2025,CO2/CO/NOx,2025-01-20 06:00:00+01:00,2.275084585759318
2025,CO2/CO/NOx,2025-01-20 07:00:00+01:00,2.3109697257809487
2025,CO2/CO/NOx,2025-01-20 08:00:00+01:00,2.2688777610903044
2025,CO2/CO/NOx,2025-01-20 09:00:00+01:00,2.145198856098793
2025,CO2/CO/NOx,2025-01-20 10:00:00+01:00,2.0171390641333087
2025,CO2/CO/NOx,2025-01-20 11:00:00+01:00,1.875759685473533
2025,CO2/CO/NOx,2025-01-20 12:00:00+01:00,1.7347191624377376
2025,CO2/CO/NOx,2025-01-20 13:00:00+01:00,1.67046969933601
2025,CO2/CO/NOx,2025-01-20 14:00:00+01:00,1.6974237988431413
2025,CO2/CO/NOx,2025-01-20 15:00:00+01:00,1.8184215697063093
2025,CO2/CO/NOx,2025-01-20 16:00:00+01:00,1.9165994395640138
2025,CO2/CO/NOx,2025-01-20 17:00:00+01:00,2.030885624339777
2025,CO2/CO/NOx,2025-01-20 18:00:00+01:00,2.129315365163212
2025,CO2/CO/NOx,2025-01-20 19:00:00+01:00,2.1507963106586225
2025,CO2/CO/NOx,2025-01-20 20:00:00+01:00,2.0881083249286463
2025,CO2/CO/NOx,2025-01-20 21:00:00+01:00,1.973851277735369
2025,CO2/CO/NOx,2025-01-20 22:00:00+01:00,1.8676669734979363
2025,CO2/CO/NOx,2025-01-20 23:00:00+01:00,1.7780880828552066
2025,CO2/CO/NOx,2025-01-21 00:00:00+01:00,1.7117511134217211
2025,CO2/CO/NOx,2025-01-21 01:00:00+01:00,1.6943950759552842
2025,CO2/CO/NOx,2025-01-21 02:00:00+01:00,1.768893635230423
2025,CO2/CO/NOx,2025-01-21 03:00:00+01:00,1.896841576050949
2025,CO2/CO/NOx,2025-01-21 04:00:00+01:00,2.017217363836528
2025,CO2/CO/NOx,2025-01-21 05:00:00+01:00,2.1362701616507875
2025,CO2/CO/NOx,2025-01-21 06:00:00+01:00,2.2713080616210664
2025,CO2/CO/NOx,2025-01-21 07:00:00+01:00,2.3604170867657492
2025,CO2/CO/NOx,2025-01-21 08:00:00+01:00,2.3743338369837104
2025,CO2/CO/NOx,2025-01-21 09:00:00+01:00,2.2974125944834305
2025,CO2/CO/NOx,2025-01-21 10:00:00+01:00,2.1970160388832105
2025,CO2/CO/NOx,2025-01-21 11:00:00+01:00,2.0716371114762824
2025,CO2/CO/NOx,2025-01-21 12:00:00+01:00,1.9411854766031278
2025,CO2/CO/NOx,2025-01-21 13:00:00+01:00,1.8831664136028166
2025,CO2/CO/NOx,2025-01-21 14:00:00+01:00,1.9076096285351565
2025,CO2/CO/NOx,2025-01-21 15:00:00+01:00,2.02386177383327
2025,CO2/CO/NOx,2025-01-21 16:00:00+01:00,2.136159202100727
2025,CO2/CO/NOx,2025-01-21 17:00:00+01:00,2.2392763488803413
2025,CO2/CO/NOx,2025-01-21 18:00:00+01:00,2.314516917545206
2025,CO2/CO/NOx,2025-01-21 19:00:00+01:00,2.3117899734206167
2025,CO2/CO/NOx,2025-01-21 20:00:00+01:00,2.234180929594076
2025,CO2/CO/NOx,2025-01-21 21:00:00+01:00,2.1162555216640087
2025,CO2/CO/NOx,2025-01-21 22:00:00+01:00,2.0177110240763083
2025,CO2/CO/NOx,2025-01-21 23:00:00+01:00,1.9323023917451507
2025,CO2/CO/NOx,2025-01-22 00:00:00+01:00,1.8348186558797688
2025,CO2/CO/NOx,2025-01-22 01:00:00+01:00,1.8147121642422965
2025,CO2/CO/NOx,2025-01-22 02:00:00+01:00,1.8791897141378633
2025,CO2/CO/NOx,2025-01-22 03:00:00+01:00,1.9911648584368111
2025,CO2/CO/NOx,2025-01-22 04:00:00+01:00,2.113109759139438
2025,CO2/CO/NOx,2025-01-22 05:00:00+01:00,2.240378120330105
2025,CO2/CO/NOx,2025-01-22 06:00:00+01:00,2.3581830334177027
2025,CO2/CO/NOx,2025-01-22 07:00:00+01:00,2.4344072828146444
2025,CO2/CO/NOx,2025-01-22 08:00:00+01:00,2.4386091493693858
2025,CO2/CO/NOx,2025-01-22 09:00:00+01:00,2.3758073699312807
2025,CO2/CO/NOx,2025-01-22 10:00:00+01:00,2.3005613982020114
2025,CO2/CO/NOx,2025-01-22 11:00:00+01:00,2.1963508815945834
2025,CO2/CO/NOx,2025-01-22 12:00:00+01:00,2.08905263634037
2025,CO2/CO/NOx,2025-01-22 13:00:00+01:00,2.042526289969134
2025,CO2/CO/NOx,2025-01-22 14:00:00+01:00,2.045792098682052
2025,CO2/CO/NOx,2025-01-22 15:00:00+01:00,2.118179362811402
2025,CO2/CO/NOx,2025-01-22 16:00:00+01:00,2.1720707761929576
2025,CO2/CO/NOx,2025-01-22 17:00:00+01:00,2.207462851340577
2025,CO2/CO/NOx,2025-01-22 18:00:00+01:00,2.2498694761884486
2025,CO2/CO/NOx,2025-01-22 19:00:00+01:00,2.179900555534425
2025,CO2/CO/NOx,2025-01-22 20:00:00+01:00,2.060453723577107
2025,CO2/CO/NOx,2025-01-22 21:00:00+01:00,1.9266448207684028
2025,CO2/CO/NOx,2025-01-22 22:00:00+01:00,1.8310369753532318
2025,CO2/CO/NOx,2025-01-22 23:00:00+01:00,1.776920785401474
2025,CO2/CO/NOx,2025-01-23 00:00:00+01:00,1.7590710154972409
2025,CO2/CO/NOx,2025-01-23 01:00:00+01:00,1.7772498128047625
2025,CO2/CO/NOx,2025-01-23 02:00:00+01:00,1.8661684057387826
2025,CO2/CO/NOx,2025-01-23 03:00:00+01:00,1.9752879155560472
2025,CO2/CO/NOx,2025-01-23 04:00:00+01:00,2.0327699532072687
2025,CO2/CO/NOx,2025-01-23 05:00:00+01:00,2.0651010889390915
2025,CO2/CO/NOx,2025-01-23 06:00:00+01:00,2.0730848769450163
2025,CO2/CO/NOx,2025-01-23 07:00:00+01:00,2.0464566636999364
2025,CO2/CO/NOx,2025-01-23 08:00:00+01:00,1.9673067424787736
2025,CO2/CO/NOx,2025-01-23 09:00:00+01:00,1.8613429997730664
2025,CO2/CO/NOx,2025-01-23 10:00:00+01:00,1.8016043276554388
2025,CO2/CO/NOx,2025-01-23 11:00:00+01:00,1.7580671751965335
2025,CO2/CO/NOx,2025-01-23 12:00:00+01:00,1.7165576254970556
2025,CO2/CO/NOx,2025-01-23 13:00:00+01:00,1.7164001198251861
2025,CO2/CO/NOx,2025-01-23 14:00:00+01:00,1.7446600959946639
2025,CO2/CO/NOx,2025-01-23 15:00:00+01:00,1.7960837651646349
2025,CO2/CO/NOx,2025-01-23 16:00:00+01:00,1.830093027733287
2025,CO2/CO/NOx,2025-01-23 17:00:00+01:00,1.8424716683447155
2025,CO2/CO/NOx,2025-01-23 18:00:00+01:00,1.8636062802352182
2025,CO2/CO/NOx,2025-01-23 19:00:00+01:00,1.8336211777280786
2025,CO2/CO/NOx,2025-01-23 20:00:00+01:00,1.7538208824869532
2025,CO2/CO/NOx,2025-01-23 21:00:00+01:00,1.6759120998585042
2025,CO2/CO/NOx,2025-01-23 22:00:00+01:00,1.598797381509247
2025,CO2/CO/NOx,2025-01-23 23:00:00+01:00,1.5403966317694984
2025,CO2/CO/NOx,2025-01-24 00:00:00+01:00,1.4773120431619968
2025,CO2/CO/NOx,2025-01-24 01:00:00+01:00,1.4705900188044796
2025,CO2/CO/NOx,2025-01-24 02:00:00+01:00,1.5136428916927804
2025,CO2/CO/NOx,2025-01-24 03:00:00+01:00,1.5907754825339364
2025,CO2/CO/NOx,2025-01-24 04:00:00+01:00,1.6668035733449305
2025,CO2/CO/NOx,2025-01-24 05:00:00+01:00,1.7423521363015706
2025,CO2/CO/NOx,2025-01-24 06:00:00+01:00,1.8187390782092299
2025,CO2/CO/NOx,2025-01-24 07:00:00+01:00,1.8338360488912975
2025,CO2/CO/NOx,2025-01-24 08:00:00+01:00,1.8150042121846788
2025,CO2/CO/NOx,2025-01-24 09:00:00+01:00,1.7093978991052896
2025,CO2/CO/NOx,2025-01-24 10:00:00+01:00,1.6074852141923885
2025,CO2/CO/NOx,2025-01-24 11:00:00+01:00,1.4782571786157912
2025,CO2/CO/NOx,2025-01-24 12:00:00+01:00,1.3488423396260865
2025,CO2/CO/NOx,2025-01-24 13:00:00+01:00,1.2747896860483392
2025,CO2/CO/NOx,2025-01-24 14:00:00+01:00,1.2383104662328468
2025,CO2/CO/NOx,2025-01-24 15:00:00+01:00,1.260156249503159
2025,CO2/CO/NOx,2025-01-24 16:00:00+01:00,1.2969533652869307
2025,CO2/CO/NOx,2025-01-24 17:00:00+01:00,1.3481650959899458
2025,CO2/CO/NOx,2025-01-24 18:00:00+01:00,1.3842531515551444
2025,CO2/CO/NOx,2025-01-24 19:00:00+01:00,1.3809014769008858
2025,CO2/CO/NOx,2025-01-24 20:00:00+01:00,1.3362480845976126
2025,CO2/CO/NOx,2025-01-24 21:00:00+01:00,1.261612097872703
2025,CO2/CO/NOx,2025-01-24 22:00:00+01:00,1.1786375766845258
2025,CO2/CO/NOx,2025-01-24 23:00:00+01:00,1.0951491739182173
2025,CO2/CO/NOx,2025-01-25 00:00:00+01:00,1.0214965674618026
2025,CO2/CO/NOx,2025-01-25 01:00:00+01:00,0.9908522836485978
2025,CO2/CO/NOx,2025-01-25 02:00:00+01:00,1.0028573594700072
2025,CO2/CO/NOx,2025-01-25 03:00:00+01:00,1.0537495341967429
2025,CO2/CO/NOx,2025-01-25 04:00:00+01:00,1.1121017847016317
2025,CO2/CO/NOx,2025-01-25 05:00:00+01:00,1.1964265006846513
2025,CO2/CO/NOx,2025-01-25 06:00:00+01:00,1.277804231471318
2025,CO2/CO/NOx,2025-01-25 07:00:00+01:00,1.3216829549733191
2025,CO2/CO/NOx,2025-01-25 08:00:00+01:00,1.3321833064903872
2025,CO2/CO/NOx,2025-01-25 09:00:00+01:00,1.2975534721382116
2025,CO2/CO/NOx,2025-01-25 10:00:00+01:00,1.2444747005552537
2025,CO2/CO/NOx,2025-01-25 11:00:00+01:00,1.1546768536566854
2025,CO2/CO/NOx,2025-01-25 12:00:00+01:00,1.0463944950954436
2025,CO2/CO/NOx,2025-01-25 13:00:00+01:00,0.9909467535162619
2025,CO2/CO/NOx,2025-01-25 14:00:00+01:00,0.997238025807164
2025,CO2/CO/NOx,2025-01-25 15:00:00+01:00,1.0470216908785532
2025,CO2/CO/NOx,2025-01-25 16:00:00+01:00,1.1238954378485702
2025,CO2/CO/NOx,2025-01-25 17:00:00+01:00,1.2351243511099204
2025,CO2/CO/NOx,2025-01-25 18:00:00+01:00,1.3422523972221587
2025,CO2/CO/NOx,2025-01-25 19:00:00+01:00,1.3821282566378306
2025,CO2/CO/NOx,2025-01-25 20:00:00+01:00,1.34577396319608
2025,CO2/CO/NOx,2025-01-25 21:00:00+01:00,1.2553068735076858
2025,CO2/CO/NOx,2025-01-25 22:00:00+01:00,1.2096758091863598
2025,CO2/CO/NOx,2025-01-25 23:00:00+01:00,1.2022392093820469
2025,CO2/CO/NOx,2025-01-26 00:00:00+01:00,1.1771055606150223
2025,CO2/CO/NOx,2025-01-26 01:00:00+01:00,1.1823787718114398
2025,CO2/CO/NOx,2025-01-26 02:00:00+01:00,1.2143533809974154
2025,CO2/CO/NOx,2025-01-26 03:00:00+01:00,1.253141202448752
2025,CO2/CO/NOx,2025-01-26 04:00:00+01:00,1.273481981888378
2025,CO2/CO/NOx,2025-01-26 05:00:00+01:00,1.28153210596851
2025,CO2/CO/NOx,2025-01-26 06:00:00+01:00,1.2982294858664347
2025,CO2/CO/NOx,2025-01-26 07:00:00+01:00,1.3403776675955565
2025,CO2/CO/NOx,2025-01-26 08:00:00+01:00,1.3464240175780096
2025,CO2/CO/NOx,2025-01-26 09:00:00+01:00,1.2981940207271139
2025,CO2/CO/NOx,2025-01-26 10:00:00+01:00,1.255361960871196
2025,CO2/CO/NOx,2025-01-26 11:00:00+01:00,1.2174236372432796
2025,CO2/CO/NOx,2025-01-26 12:00:00+01:00,1.161592997434202
2025,CO2/CO/NOx,2025-01-26 13:00:00+01:00,1.1443955817438214
2025,CO2/CO/NOx,2025-01-26 14:00:00+01:00,1.1705204195953611
2025,CO2/CO/NOx,2025-01-26 15:00:00+01:00,1.246002617815194
2025,CO2/CO/NOx,2025-01-26 16:00:00+01:00,1.3195741942339836
2025,CO2/CO/NOx,2025-01-26 17:00:00+01:00,1.3599424036973151
2025,CO2/CO/NOx,2025-01-26 18:00:00+01:00,1.4036913527282144
2025,CO2/CO/NOx,2025-01-26 19:00:00+01:00,1.41741650971714
2025,CO2/CO/NOx,2025-01-26 20:00:00+01:00,1.4158775568816442
2025,CO2/CO/NOx,2025-01-26 21:00:00+01:00,1.3631628268437601
2025,CO2/CO/NOx,2025-01-26 22:00:00+01:00,1.3256796653537155
2025,CO2/CO/NOx,2025-01-26 23:00:00+01:00,1.3000144471912136
2025,CO2/CO/NOx,2025-01-27 00:00:00+01:00,1.274277899424708
2025,CO2/CO/NOx,2025-01-27 01:00:00+01:00,1.2914030869261723
2025,CO2/CO/NOx,2025-01-27 02:00:00+01:00,1.3288954062558709
2025,CO2/CO/NOx,2025-01-27 03:00:00+01:00,1.3921609003313087
2025,CO2/CO/NOx,2025-01-27 04:00:00+01:00,1.4691716013788125
2025,CO2/CO/NOx,2025-01-27 05:00:00+01:00,1.5603511832022368
2025,CO2/CO/NOx,2025-01-27 06:00:00+01:00,1.6342556422290075
2025,CO2/CO/NOx,2025-01-27 07:00:00+01:00,1.64438929725513
2025,CO2/CO/NOx,2025-01-27 08:00:00+01:00,1.582249124773983
2025,CO2/CO/NOx,2025-01-27 09:00:00+01:00,1.4728836603143627
2025,CO2/CO/NOx,2025-01-27 10:00:00+01:00,1.3721288155488343
2025,CO2/CO/NOx,2025-01-27 11:00:00+01:00,1.2716812871088452
2025,CO2/CO/NOx,2025-01-27 12:00:00+01:00,1.183882771842748
2025,CO2/CO/NOx,2025-01-27 13:00:00+01:00,1.1588566651459473
2025,CO2/CO/NOx,2025-01-27 14:00:00+01:00,1.1820218700900031
2025,CO2/CO/NOx,2025-01-27 15:00:00+01:00,1.2378459735057123
2025,CO2/CO/NOx,2025-01-27 16:00:00+01:00,1.2860383539755824
2025,CO2/CO/NOx,2025-01-27 17:00:00+01:00,1.3363191002031631
2025,CO2/CO/NOx,2025-01-27 18:00:00+01:00,1.409104060532794
2025,CO2/CO/NOx,2025-01-27 19:00:00+01:00,1.4241076918931286
2025,CO2/CO/NOx,2025-01-27 20:00:00+01:00,1.3912801744244734
2025,CO2/CO/NOx,2025-01-27 21:00:00+01:00,1.3243252550082252
2025,CO2/CO/NOx,2025-01-27 22:00:00+01:00,1.2515729952270633
2025,CO2/CO/NOx,2025-01-27 23:00:00+01:00,1.1799939924287648
2025,CO2/CO/NOx,2025-01-28 00:00:00+01:00,1.1050705267808176
2025,CO2/CO/NOx,2025-01-28 01:00:00+01:00,1.0883054401898038
2025,CO2/CO/NOx,2025-01-28 02:00:00+01:00,1.1285146707208833
2025,CO2/CO/NOx,2025-01-28 03:00:00+01:00,1.2192630806582934
2025,CO2/CO/NOx,2025-01-28 04:00:00+01:00,1.3014879250481723
2025,CO2/CO/NOx,2025-01-28 05:00:00+01:00,1.3903306895526515
2025,CO2/CO/NOx,2025-01-28 06:00:00+01:00,1.4928471815228563
2025,CO2/CO/NOx,2025-01-28 07:00:00+01:00,1.5651780952218115
2025,CO2/CO/NOx,2025-01-28 08:00:00+01:00,1.6122030684147317
2025,CO2/CO/NOx,2025-01-28 09:00:00+01:00,1.625013636916338
2025,CO2/CO/NOx,2025-01-28 10:00:00+01:00,1.6359151438886321
2025,CO2/CO/NOx,2025-01-28 11:00:00+01:00,1.6325026283418322
2025,CO2/CO/NOx,2025-01-28 12:00:00+01:00,1.6140947480580032
2025,CO2/CO/NOx,2025-01-28 13:00:00+01:00,1.5937381955655066
2025,CO2/CO/NOx,2025-01-28 14:00:00+01:00,1.5716630044953743
2025,CO2/CO/NOx,2025-01-28 15:00:00+01:00,1.569083754075487
2025,CO2/CO/NOx,2025-01-28 16:00:00+01:00,1.5629527147585478
2025,CO2/CO/NOx,2025-01-28 17:00:00+01:00,1.584084814203583
2025,CO2/CO/NOx,2025-01-28 18:00:00+01:00,1.633405234630843
2025,CO2/CO/NOx,2025-01-28 19:00:00+01:00,1.6679233243795553
2025,CO2/CO/NOx,2025-01-28 20:00:00+01:00,1.6712567270717658
2025,CO2/CO/NOx,2025-01-28 21:00:00+01:00,1.6419307377921726
2025,CO2/CO/NOx,2025-01-28 22:00:00+01:00,1.5810315202299123
2025,CO2/CO/NOx,2025-01-28 23:00:00+01:00,1.5058967855067895
2025,CO2/CO/NOx,2025-01-29 00:00:00+01:00,1.4173175822322566
2025,CO2/CO/NOx,2025-01-29 01:00:00+01:00,1.3735667213510816
2025,CO2/CO/NOx,2025-01-29 02:00:00+01:00,1.386086552117797
2025,CO2/CO/NOx,2025-01-29 03:00:00+01:00,1.4326511190579576
2025,CO2/CO/NOx,2025-01-29 04:00:00+01:00,1.4900322560324617
2025,CO2/CO/NOx,2025-01-29 05:00:00+01:00,1.5366664229093763
2025,CO2/CO/NOx,2025-01-29 06:00:00+01:00,1.5885741307080972
2025,CO2/CO/NOx,2025-01-29 07:00:00+01:00,1.6223629128540573
2025,CO2/CO/NOx,2025-01-29 08:00:00+01:00,1.6206195753327615
2025,CO2/CO/NOx,2025-01-29 09:00:00+01:00,1.5797684889945018
2025,CO2/CO/NOx,2025-01-29 10:00:00+01:00,1.5378803609617155
2025,CO2/CO/NOx,2025-01-29 11:00:00+01:00,1.47967313821758
2025,CO2/CO/NOx,2025-01-29 12:00:00+01:00,1.4043188768498747
2025,CO2/CO/NOx,2025-01-29 13:00:00+01:00,1.346259602721372
2025,CO2/CO/NOx,2025-01-29 14:00:00+01:00,1.3126283544694402
2025,CO2/CO/NOx,2025-01-29 15:00:00+01:00,1.3393042768249794
2025,CO2/CO/NOx,2025-01-29 16:00:00+01:00,1.398236357465522
2025,CO2/CO/NOx,2025-01-29 17:00:00+01:00,1.4630064722610978
2025,CO2/CO/NOx,2025-01-29 18:00:00+01:00,1.5763983998103308
2025,CO2/CO/NOx,2025-01-29 19:00:00+01:00,1.6262385253748914
2025,CO2/CO/NOx,2025-01-29 20:00:00+01:00,1.6261170802223834
2025,CO2/CO/NOx,2025-01-29 21:00:00+01:00,1.578328872195389
2025,CO2/CO/NOx,2025-01-29 22:00:00+01:00,1.4991304780177153
2025,CO2/CO/NOx,2025-01-29 23:00:00+01:00,1.4225152063269493
2025,CO2/CO/NOx,2025-01-30 00:00:00+01:00,1.3398818332397608
2025,CO2/CO/NOx,2025-01-30 01:00:00+01:00,1.332759184198823
2025,CO2/CO/NOx,2025-01-30 02:00:00+01:00,1.4052646546261884
2025,CO2/CO/NOx,2025-01-30 03:00:00+01:00,1.5577725667858329
2025,CO2/CO/NOx,2025-01-30 04:00:00+01:00,1.7104726871265832
2025,CO2/CO/NOx,2025-01-30 05:00:00+01:00,1.858554523755374
2025,CO2/CO/NOx,2025-01-30 06:00:00+01:00,1.9501670452920494
2025,CO2/CO/NOx,2025-01-30 07:00:00+01:00,1.9709934277178316
2025,CO2/CO/NOx,2025-01-30 08:00:00+01:00,1.9226449455350914
2025,CO2/CO/NOx,2025-01-30 09:00:00+01:00,1.8153216209212129
2025,CO2/CO/NOx,2025-01-30 10:00:00+01:00,1.7025339784159295
2025,CO2/CO/NOx,2025-01-30 11:00:00+01:00,1.581076521044649
2025,CO2/CO/NOx,2025-01-30 12:00:00+01:00,1.4494934572710818
2025,CO2/CO/NOx,2025-01-30 13:00:00+01:00,1.3909688993924403
2025,CO2/CO/NOx,2025-01-30 14:00:00+01:00,1.383996585971584
2025,CO2/CO/NOx,2025-01-30 15:00:00+01:00,1.4368075064859005
2025,CO2/CO/NOx,2025-01-30 16:00:00+01:00,1.5318560289960146
2025,CO2/CO/NOx,2025-01-30 17:00:00+01:00,1.6526209552882256
2025,CO2/CO/NOx,2025-01-30 18:00:00+01:00,1.8036946374694434
2025,CO2/CO/NOx,2025-01-30 19:00:00+01:00,1.8585021312581798
2025,CO2/CO/NOx,2025-01-30 20:00:00+01:00,1.8251834281033217
2025,CO2/CO/NOx,2025-01-30 21:00:00+01:00,1.6977744957083125
2025,CO2/CO/NOx,2025-01-30 22:00:00+01:00,1.5468970677269522
2025,CO2/CO/NOx,2025-01-30 23:00:00+01:00,1.3866012580751765
2025,CO2/CO/NOx,2025-01-31 00:00:00+01:00,1.2513192946098108
2025,CO2/CO/NOx,2025-01-31 01:00:00+01:00,1.2024085393541855
2025,CO2/CO/NOx,2025-01-31 02:00:00+01:00,1.2443433232512744
2025,CO2/CO/NOx,2025-01-31 03:00:00+01:00,1.373986793835479
2025,CO2/CO/NOx,2025-01-31 04:00:00+01:00,1.5176139598948812
2025,CO2/CO/NOx,2025-01-31 05:00:00+01:00,1.6712994220143018
2025,CO2/CO/NOx,2025-01-31 06:00:00+01:00,1.8032769145078538
2025,CO2/CO/NOx,2025-01-31 07:00:00+01:00,1.8798355521189118
2025,CO2/CO/NOx,2025-01-31 08:00:00+01:00,1.8836862475408729
2025,CO2/CO/NOx,2025-01-31 09:00:00+01:00,1.827491136615425
2025,CO2/CO/NOx,2025-01-31 10:00:00+01:00,1.7693430195217357
2025,CO2/CO/NOx,2025-01-31 11:00:00+01:00,1.6991148159695288
2025,CO2/CO/NOx,2025-01-31 12:00:00+01:00,1.6296234949513404
2025,CO2/CO/NOx,2025-01-31 13:00:00+01:00,1.5992364955231888
2025,CO2/CO/NOx,2025-01-31 14:00:00+01:00,1.6065838793494644
2025,CO2/CO/NOx,2025-01-31 15:00:00+01:00,1.6510187228376518
2025,CO2/CO/NOx,2025-01-31 16:00:00+01:00,1.7044205276815747
2025,CO2/CO/NOx,2025-01-31 17:00:00+01:00,1.755769245492892
2025,CO2/CO/NOx,2025-01-31 18:00:00+01:00,1.8373519975913641
2025,CO2/CO/NOx,2025-01-31 19:00:00+01:00,1.8630834025177485
2025,CO2/CO/NOx,2025-01-31 20:00:00+01:00,1.8406416631272908
2025,CO2/CO/NOx,2025-01-31 21:00:00+01:00,1.7680290030588508
2025,CO2/CO/NOx,2025-01-31 22:00:00+01:00,1.6799269958040524
2025,CO2/CO/NOx,2025-01-31 23:00:00+01:00,1.6043542275443865
2025,CO2/CO/NOx,2025-02-01 00:00:00+01:00,1.5458177137910927
2025,CO2/CO/NOx,2025-02-01 01:00:00+01:00,1.5257893194799619
2025,CO2/CO/NOx,2025-02-01 02:00:00+01:00,1.5485997898344632
2025,CO2/CO/NOx,2025-02-01 03:00:00+01:00,1.6293738344781612
2025,CO2/CO/NOx,2025-02-01 04:00:00+01:00,1.6918640740520432
2025,CO2/CO/NOx,2025-02-01 05:00:00+01:00,1.7514168930722962
2025,CO2/CO/NOx,2025-02-01 06:00:00+01:00,1.7954278984015752
2025,CO2/CO/NOx,2025-02-01 07:00:00+01:00,1.8287191870567738
2025,CO2/CO/NOx,2025-02-01 08:00:00+01:00,1.8510886288320474
2025,CO2/CO/NOx,2025-02-01 09:00:00+01:00,1.8576515124879407
2025,CO2/CO/NOx,2025-02-01 10:00:00+01:00,1.8584248949546913
2025,CO2/CO/NOx,2025-02-01 11:00:00+01:00,1.8435500500612232
2025,CO2/CO/NOx,2025-02-01 12:00:00+01:00,1.816439618334725
2025,CO2/CO/NOx,2025-02-01 13:00:00+01:00,1.7939073494786133
2025,CO2/CO/NOx,2025-02-01 14:00:00+01:00,1.7820556907146208
2025,CO2/CO/NOx,2025-02-01 15:00:00+01:00,1.7860004089849133
2025,CO2/CO/NOx,2025-02-01 16:00:00+01:00,1.8016879660757357
2025,CO2/CO/NOx,2025-02-01 17:00:00+01:00,1.8308593744642787
2025,CO2/CO/NOx,2025-02-01 18:00:00+01:00,1.8931497826851469
2025,CO2/CO/NOx,2025-02-01 19:00:00+01:00,1.9191686195722901
2025,CO2/CO/NOx,2025-02-01 20:00:00+01:00,1.9093697884505934
2025,CO2/CO/NOx,2025-02-01 21:00:00+01:00,1.8724679336857217
2025,CO2/CO/NOx,2025-02-01 22:00:00+01:00,1.8301156585728064
2025,CO2/CO/NOx,2025-02-01 23:00:00+01:00,1.7895058726262112
2025,CO2/CO/NOx,2025-02-02 00:00:00+01:00,1.7348123676507412
2025,CO2/CO/NOx,2025-02-02 01:00:00+01:00,1.713224348656755
2025,CO2/CO/NOx,2025-02-02 02:00:00+01:00,1.7430304796918012
2025,CO2/CO/NOx,2025-02-02 03:00:00+01:00,1.8085119395813851
2025,CO2/CO/NOx,2025-02-02 04:00:00+01:00,1.855446118093084
2025,CO2/CO/NOx,2025-02-02 05:00:00+01:00,1.9210350063637844
2025,CO2/CO/NOx,2025-02-02 06:00:00+01:00,1.9866911155609432
2025,CO2/CO/NOx,2025-02-02 07:00:00+01:00,2.0337441847249074
2025,CO2/CO/NOx,2025-02-02 08:00:00+01:00,2.053766880597847
2025,CO2/CO/NOx,2025-02-02 09:00:00+01:00,2.03565813830799
2025,CO2/CO/NOx,2025-02-02 10:00:00+01:00,2.0232080940174093
2025,CO2/CO/NOx,2025-02-02 11:00:00+01:00,2.0084456696023176
2025,CO2/CO/NOx,2025-02-02 12:00:00+01:00,1.9740608115917415
2025,CO2/CO/NOx,2025-02-02 13:00:00+01:00,1.9462357166570536
2025,CO2/CO/NOx,2025-02-02 14:00:00+01:00,1.9462294923746217
2025,CO2/CO/NOx,2025-02-02 15:00:00+01:00,1.95548033638054
2025,CO2/CO/NOx,2025-02-02 16:00:00+01:00,1.9518544489177194
2025,CO2/CO/NOx,2025-02-02 17:00:00+01:00,1.9511850487822489
2025,CO2/CO/NOx,2025-02-02 18:00:00+01:00,1.973440500833062
2025,CO2/CO/NOx,2025-02-02 19:00:00+01:00,1.9602829075709924
2025,CO2/CO/NOx,2025-02-02 20:00:00+01:00,1.9422879115801206
2025,CO2/CO/NOx,2025-02-02 21:00:00+01:00,1.912788801551852
2025,CO2/CO/NOx,2025-02-02 22:00:00+01:00,1.8895914850417896
2025,CO2/CO/NOx,2025-02-02 23:00:00+01:00,1.8784743613003332
2025,CO2/CO/NOx,2025-02-03 00:00:00+01:00,1.8516506380610722
2025,CO2/CO/NOx,2025-02-03 01:00:00+01:00,1.8544287325463436
2025,CO2/CO/NOx,2025-02-03 02:00:00+01:00,1.8963045877334594
2025,CO2/CO/NOx,2025-02-03 03:00:00+01:00,1.967844515435797
2025,CO2/CO/NOx,2025-02-03 04:00:00+01:00,2.026917862470008
2025,CO2/CO/NOx,2025-02-03 05:00:00+01:00,2.1005465185881924
2025,CO2/CO/NOx,2025-02-03 06:00:00+01:00,2.170543743333225
2025,CO2/CO/NOx,2025-02-03 07:00:00+01:00,2.2200900855640477
2025,CO2/CO/NOx,2025-02-03 08:00:00+01:00,2.240477817659799
2025,CO2/CO/NOx,2025-02-03 09:00:00+01:00,2.219276827791931
2025,CO2/CO/NOx,2025-02-03 10:00:00+01:00,2.2239951705779166
2025,CO2/CO/NOx,2025-02-03 11:00:00+01:00,2.2265294354351104
2025,CO2/CO/NOx,2025-02-03 12:00:00+01:00,2.2170073081831547
2025,CO2/CO/NOx,2025-02-03 13:00:00+01:00,2.224111390288428
2025,CO2/CO/NOx,2025-02-03 14:00:00+01:00,2.2396152564609344
2025,CO2/CO/NOx,2025-02-03 15:00:00+01:00,2.2746522485676013
2025,CO2/CO/NOx,2025-02-03 16:00:00+01:00,2.2925303201207927
2025,CO2/CO/NOx,2025-02-03 17:00:00+01:00,2.2895954901454436
2025,CO2/CO/NOx,2025-02-03 18:00:00+01:00,2.293093794877016
2025,CO2/CO/NOx,2025-02-03 19:00:00+01:00,2.2623799383261916
2025,CO2/CO/NOx,2025-02-03 20:00:00+01:00,2.204920536235075
2025,CO2/CO/NOx,2025-02-03 21:00:00+01:00,2.1225120668177135
2025,CO2/CO/NOx,2025-02-03 22:00:00+01:00,2.040462221021279
2025,CO2/CO/NOx,2025-02-03 23:00:00+01:00,1.9732301512293189
2025,CO2/CO/NOx,2025-02-04 00:00:00+01:00,1.9067147585643072
2025,CO2/CO/NOx,2025-02-04 01:00:00+01:00,1.8767482039221706
2025,CO2/CO/NOx,2025-02-04 02:00:00+01:00,1.9164975675308407
2025,CO2/CO/NOx,2025-02-04 03:00:00+01:00,2.0048884569352063
2025,CO2/CO/NOx,2025-02-04 04:00:00+01:00,2.0960342904601994
2025,CO2/CO/NOx,2025-02-04 05:00:00+01:00,2.198010780198946
2025,CO2/CO/NOx,2025-02-04 06:00:00+01:00,2.307686223308754
2025,CO2/CO/NOx,2025-02-04 07:00:00+01:00,2.4032712114973926
2025,CO2/CO/NOx,2025-02-04 08:00:00+01:00,2.462224151072512
2025,CO2/CO/NOx,2025-02-04 09:00:00+01:00,2.444106988281136
2025,CO2/CO/NOx,2025-02-04 10:00:00+01:00,2.3939901508787287
2025,CO2/CO/NOx,2025-02-04 11:00:00+01:00,2.3165993650594077
2025,CO2/CO/NOx,2025-02-04 12:00:00+01:00,2.201742617992918
2025,CO2/CO/NOx,2025-02-04 13:00:00+01:00,2.1252877789541
2025,CO2/CO/NOx,2025-02-04 14:00:00+01:00,2.0921285446602513
2025,CO2/CO/NOx,2025-02-04 15:00:00+01:00,2.1307245417028544
2025,CO2/CO/NOx,2025-02-04 16:00:00+01:00,2.1897878759827485
2025,CO2/CO/NOx,2025-02-04 17:00:00+01:00,2.254463166116102
2025,CO2/CO/NOx,2025-02-04 18:00:00+01:00,2.3201942525984887
2025,CO2/CO/NOx,2025-02-04 19:00:00+01:00,2.3054914963390583
2025,CO2/CO/NOx,2025-02-04 20:00:00+01:00,2.2248245358029943
2025,CO2/CO/NOx,2025-02-04 21:00:00+01:00,2.110432517258942
2025,CO2/CO/NOx,2025-02-04 22:00:00+01:00,2.0137510629635194
2025,CO2/CO/NOx,2025-02-04 23:00:00+01:00,1.9369931484634924
2025,CO2/CO/NOx,2025-02-05 00:00:00+01:00,1.8566541584783396
2025,CO2/CO/NOx,2025-02-05 01:00:00+01:00,1.84104979842632
2025,CO2/CO/NOx,2025-02-05 02:00:00+01:00,1.8912526090867778
2025,CO2/CO/NOx,2025-02-05 03:00:00+01:00,2.005338336239041
2025,CO2/CO/NOx,2025-02-05 04:00:00+01:00,2.1109446547811865
2025,CO2/CO/NOx,2025-02-05 05:00:00+01:00,2.2165640320456945
2025,CO2/CO/NOx,2025-02-05 06:00:00+01:00,2.3351883887127194
2025,CO2/CO/NOx,2025-02-05 07:00:00+01:00,2.4144555613253793
2025,CO2/CO/NOx,2025-02-05 08:00:00+01:00,2.4075388475100166
2025,CO2/CO/NOx,2025-02-05 09:00:00+01:00,2.3053065173632237
2025,CO2/CO/NOx,2025-02-05 10:00:00+01:00,2.2107825232350944
2025,CO2/CO/NOx,2025-02-05 11:00:00+01:00,2.089123168056101
2025,CO2/CO/NOx,2025-02-05 12:00:00+01:00,1.9647743600787129
2025,CO2/CO/NOx,2025-02-05 13:00:00+01:00,1.8756889631035534
2025,CO2/CO/NOx,2025-02-05 14:00:00+01:00,1.8602952060284446
2025,CO2/CO/NOx,2025-02-05 15:00:00+01:00,1.9443648202976151
2025,CO2/CO/NOx,2025-02-05 16:00:00+01:00,2.032703975971342
2025,CO2/CO/NOx,2025-02-05 17:00:00+01:00,2.105801970758227
2025,CO2/CO/NOx,2025-02-05 18:00:00+01:00,2.195617325496303
2025,CO2/CO/NOx,2025-02-05 19:00:00+01:00,2.218409234310337
2025,CO2/CO/NOx,2025-02-05 20:00:00+01:00,2.1528927625120073
2025,CO2/CO/NOx,2025-02-05 21:00:00+01:00,2.0293213807802792
2025,CO2/CO/NOx,2025-02-05 22:00:00+01:00,1.8890408522792101
2025,CO2/CO/NOx,2025-02-05 23:00:00+01:00,1.768949688889115
2025,CO2/CO/NOx,2025-02-06 00:00:00+01:00,1.6732008001777228
2025,CO2/CO/NOx,2025-02-06 01:00:00+01:00,1.644028241369682
2025,CO2/CO/NOx,2025-02-06 02:00:00+01:00,1.7072472163952268
2025,CO2/CO/NOx,2025-02-06 03:00:00+01:00,1.8330312884114155
2025,CO2/CO/NOx,2025-02-06 04:00:00+01:00,1.9551783798307931
2025,CO2/CO/NOx,2025-02-06 05:00:00+01:00,2.0727010950285907
2025,CO2/CO/NOx,2025-02-06 06:00:00+01:00,2.2013610363880645
2025,CO2/CO/NOx,2025-02-06 07:00:00+01:00,2.2694387215570315
2025,CO2/CO/NOx,2025-02-06 08:00:00+01:00,2.26026638556793
2025,CO2/CO/NOx,2025-02-06 09:00:00+01:00,2.193226907678335
2025,CO2/CO/NOx,2025-02-06 10:00:00+01:00,2.1331977633411174
2025,CO2/CO/NOx,2025-02-06 11:00:00+01:00,2.0567216700746935
2025,CO2/CO/NOx,2025-02-06 12:00:00+01:00,1.9704891370546203
2025,CO2/CO/NOx,2025-02-06 13:00:00+01:00,1.936107053660883
2025,CO2/CO/NOx,2025-02-06 14:00:00+01:00,1.9498117255718244
2025,CO2/CO/NOx,2025-02-06 15:00:00+01:00,2.0154207783520732
2025,CO2/CO/NOx,2025-02-06 16:00:00+01:00,2.061351608422215
2025,CO2/CO/NOx,2025-02-06 17:00:00+01:00,2.0830422716980697
2025,CO2/CO/NOx,2025-02-06 18:00:00+01:00,2.1060861745854766
2025,CO2/CO/NOx,2025-02-06 19:00:00+01:00,2.079052022102971
2025,CO2/CO/NOx,2025-02-06 20:00:00+01:00,2.0076134319969157
2025,CO2/CO/NOx,2025-02-06 21:00:00+01:00,1.9178065367870027
2025,CO2/CO/NOx,2025-02-06 22:00:00+01:00,1.8317796542932632
2025,CO2/CO/NOx,2025-02-06 23:00:00+01:00,1.7622987875313803
2025,CO2/CO/NOx,2025-02-07 00:00:00+01:00,1.6942977542194997
2025,CO2/CO/NOx,2025-02-07 01:00:00+01:00,1.6852661446941013
2025,CO2/CO/NOx,2025-02-07 02:00:00+01:00,1.7227078268432765
2025,CO2/CO/NOx,2025-02-07 03:00:00+01:00,1.8016874323264103
2025,CO2/CO/NOx,2025-02-07 04:00:00+01:00,1.879963595239876
2025,CO2/CO/NOx,2025-02-07 05:00:00+01:00,1.9628202390623426
2025,CO2/CO/NOx,2025-02-07 06:00:00+01:00,2.0432370858263025
2025,CO2/CO/NOx,2025-02-07 07:00:00+01:00,2.0902871813559014
2025,CO2/CO/NOx,2025-02-07 08:00:00+01:00,2.1069968024216266
2025,CO2/CO/NOx,2025-02-07 09:00:00+01:00,2.0793849430490594
2025,CO2/CO/NOx,2025-02-07 10:00:00+01:00,2.0602265260496555
2025,CO2/CO/NOx,2025-02-07 11:00:00+01:00,2.023480476643978
2025,CO2/CO/NOx,2025-02-07 12:00:00+01:00,1.9596005344400358
2025,CO2/CO/NOx,2025-02-07 13:00:00+01:00,1.915426257124137
2025,CO2/CO/NOx,2025-02-07 14:00:00+01:00,1.8839571390496395
2025,CO2/CO/NOx,2025-02-07 15:00:00+01:00,1.8866612269924274
2025,CO2/CO/NOx,2025-02-07 16:00:00+01:00,1.8925700810932737
2025,CO2/CO/NOx,2025-02-07 17:00:00+01:00,1.9133161005482728
2025,CO2/CO/NOx,2025-02-07 18:00:00+01:00,1.9562771533198073
2025,CO2/CO/NOx,2025-02-07 19:00:00+01:00,1.9687061386472584
2025,CO2/CO/NOx,2025-02-07 20:00:00+01:00,1.952953773383397
2025,CO2/CO/NOx,2025-02-07 21:00:00+01:00,1.8938292002206267
2025,CO2/CO/NOx,2025-02-07 22:00:00+01:00,1.836339234236676
2025,CO2/CO/NOx,2025-02-07 23:00:00+01:00,1.7791968019259417
2025,CO2/CO/NOx,2025-02-08 00:00:00+01:00,1.7217476840856483
2025,CO2/CO/NOx,2025-02-08 01:00:00+01:00,1.7035811013938202
2025,CO2/CO/NOx,2025-02-08 02:00:00+01:00,1.7249339687953738
2025,CO2/CO/NOx,2025-02-08 03:00:00+01:00,1.8149374554393303
2025,CO2/CO/NOx,2025-02-08 04:00:00+01:00,1.8946059158315434
2025,CO2/CO/NOx,2025-02-08 05:00:00+01:00,1.9670319798391938
2025,CO2/CO/NOx,2025-02-08 06:00:00+01:00,2.026880300206312
2025,CO2/CO/NOx,2025-02-08 07:00:00+01:00,2.041101840866833
2025,CO2/CO/NOx,2025-02-08 08:00:00+01:00,2.0017338123826356
2025,CO2/CO/NOx,2025-02-08 09:00:00+01:00,1.905890983096908
2025,CO2/CO/NOx,2025-02-08 10:00:00+01:00,1.8416165265220525
2025,CO2/CO/NOx,2025-02-08 11:00:00+01:00,1.7398631131938047
2025,CO2/CO/NOx,2025-02-08 12:00:00+01:00,1.6214113295455201
2025,CO2/CO/NOx,2025-02-08 13:00:00+01:00,1.517343370924468
2025,CO2/CO/NOx,2025-02-08 14:00:00+01:00,1.465155476983927
2025,CO2/CO/NOx,2025-02-08 15:00:00+01:00,1.4889256276870169
2025,CO2/CO/NOx,2025-02-08 16:00:00+01:00,1.5334663234952772
2025,CO2/CO/NOx,2025-02-08 17:00:00+01:00,1.6197398426121028
2025,CO2/CO/NOx,2025-02-08 18:00:00+01:00,1.7331521951197713
2025,CO2/CO/NOx,2025-02-08 19:00:00+01:00,1.8307294819597881
2025,CO2/CO/NOx,2025-02-08 20:00:00+01:00,1.8449329837233324
2025,CO2/CO/NOx,2025-02-08 21:00:00+01:00,1.7821292646595241
2025,CO2/CO/NOx,2025-02-08 22:00:00+01:00,1.708384584285835
2025,CO2/CO/NOx,2025-02-08 23:00:00+01:00,1.6258548439547535
2025,CO2/CO/NOx,2025-02-09 00:00:00+01:00,1.5470082151557711
2025,CO2/CO/NOx,2025-02-09 01:00:00+01:00,1.524846402905087
2025,CO2/CO/NOx,2025-02-09 02:00:00+01:00,1.5675392795252503
2025,CO2/CO/NOx,2025-02-09 03:00:00+01:00,1.6593817756467888
2025,CO2/CO/NOx,2025-02-09 04:00:00+01:00,1.748764454851168
2025,CO2/CO/NOx,2025-02-09 05:00:00+01:00,1.8599702428767637
2025,CO2/CO/NOx,2025-02-09 06:00:00+01:00,1.9478130329333438
2025,CO2/CO/NOx,2025-02-09 07:00:00+01:00,1.9958357842191747
2025,CO2/CO/NOx,2025-02-09 08:00:00+01:00,1.9905797782097563
2025,CO2/CO/NOx,2025-02-09 09:00:00+01:00,1.9297275699490744
2025,CO2/CO/NOx,2025-02-09 10:00:00+01:00,1.8656945522592845
2025,CO2/CO/NOx,2025-02-09 11:00:00+01:00,1.7792266444717142
2025,CO2/CO/NOx,2025-02-09 12:00:00+01:00,1.6953010757296239
2025,CO2/CO/NOx,2025-02-09 13:00:00+01:00,1.6289719441315875
2025,CO2/CO/NOx,2025-02-09 14:00:00+01:00,1.6033136892747355
2025,CO2/CO/NOx,2025-02-09 15:00:00+01:00,1.6108255179844804
2025,CO2/CO/NOx,2025-02-09 16:00:00+01:00,1.6487358227758806
2025,CO2/CO/NOx,2025-02-09 17:00:00+01:00,1.7023574712417353
2025,CO2/CO/NOx,2025-02-09 18:00:00+01:00,1.7676874016809383
2025,CO2/CO/NOx,2025-02-09 19:00:00+01:00,1.7941421393749477
2025,CO2/CO/NOx,2025-02-09 20:00:00+01:00,1.7871978030209767
2025,CO2/CO/NOx,2025-02-09 21:00:00+01:00,1.7745291230088711
2025,CO2/CO/NOx,2025-02-09 22:00:00+01:00,1.7470095859045232
2025,CO2/CO/NOx,2025-02-09 23:00:00+01:00,1.7190066771646868
2025,CO2/CO/NOx,2025-02-10 00:00:00+01:00,1.6804464555588696
2025,CO2/CO/NOx,2025-02-10 01:00:00+01:00,1.6834860855573823
2025,CO2/CO/NOx,2025-02-10 02:00:00+01:00,1.721113486217281
2025,CO2/CO/NOx,2025-02-10 03:00:00+01:00,1.8073619036161606
2025,CO2/CO/NOx,2025-02-10 04:00:00+01:00,1.886071225781522
2025,CO2/CO/NOx,2025-02-10 05:00:00+01:00,1.9744725636452034
2025,CO2/CO/NOx,2025-02-10 06:00:00+01:00,2.0576024986549526
2025,CO2/CO/NOx,2025-02-10 07:00:00+01:00,2.095421650634406
2025,CO2/CO/NOx,2025-02-10 08:00:00+01:00,2.081117608619604
2025,CO2/CO/NOx,2025-02-10 09:00:00+01:00,2.0033446186170374
2025,CO2/CO/NOx,2025-02-10 10:00:00+01:00,1.9279952576987052
2025,CO2/CO/NOx,2025-02-10 11:00:00+01:00,1.8368891311605362
2025,CO2/CO/NOx,2025-02-10 12:00:00+01:00,1.7503731898660737
2025,CO2/CO/NOx,2025-02-10 13:00:00+01:00,1.68897675504542
2025,CO2/CO/NOx,2025-02-10 14:00:00+01:00,1.6792957818951775
2025,CO2/CO/NOx,2025-02-10 15:00:00+01:00,1.6980253924994482
2025,CO2/CO/NOx,2025-02-10 16:00:00+01:00,1.732515695075751
2025,CO2/CO/NOx,2025-02-10 17:00:00+01:00,1.772883357141287
2025,CO2/CO/NOx,2025-02-10 18:00:00+01:00,1.8440559318938023
2025,CO2/CO/NOx,2025-02-10 19:00:00+01:00,1.872963556725554
2025,CO2/CO/NOx,2025-02-10 20:00:00+01:00,1.857490580099385
2025,CO2/CO/NOx,2025-02-10 21:00:00+01:00,1.8084680547656495
2025,CO2/CO/NOx,2025-02-10 22:00:00+01:00,1.7547197984901688
2025,CO2/CO/NOx,2025-02-10 23:00:00+01:00,1.7021790257037506
2025,CO2/CO/NOx,2025-02-11 00:00:00+01:00,1.6188297549585746
2025,CO2/CO/NOx,2025-02-11 01:00:00+01:00,1.5855453441852219
2025,CO2/CO/NOx,2025-02-11 02:00:00+01:00,1.6105256383293152
2025,CO2/CO/NOx,2025-02-11 03:00:00+01:00,1.685281363686176
2025,CO2/CO/NOx,2025-02-11 04:00:00+01:00,1.7686046792421737
2025,CO2/CO/NOx,2025-02-11 05:00:00+01:00,1.869244076206009
2025,CO2/CO/NOx,2025-02-11 06:00:00+01:00,1.9691373256860059
2025,CO2/CO/NOx,2025-02-11 07:00:00+01:00,2.026555272616216
2025,CO2/CO/NOx,2025-02-11 08:00:00+01:00,2.027574377400383
2025,CO2/CO/NOx,2025-02-11 09:00:00+01:00,1.9620410986610044
2025,CO2/CO/NOx,2025-02-11 10:00:00+01:00,1.906293428114578
2025,CO2/CO/NOx,2025-02-11 11:00:00+01:00,1.840210750978823
2025,CO2/CO/NOx,2025-02-11 12:00:00+01:00,1.7634878758930737
2025,CO2/CO/NOx,2025-02-11 13:00:00+01:00,1.7324018887304347
2025,CO2/CO/NOx,2025-02-11 14:00:00+01:00,1.7272079540805332
2025,CO2/CO/NOx,2025-02-11 15:00:00+01:00,1.762708697448801
2025,CO2/CO/NOx,2025-02-11 16:00:00+01:00,1.7949930146315565
2025,CO2/CO/NOx,2025-02-11 17:00:00+01:00,1.8280846539900577
2025,CO2/CO/NOx,2025-02-11 18:00:00+01:00,1.8658496432674023
2025,CO2/CO/NOx,2025-02-11 19:00:00+01:00,1.8539275879251458
2025,CO2/CO/NOx,2025-02-11 20:00:00+01:00,1.8035782336907764
2025,CO2/CO/NOx,2025-02-11 21:00:00+01:00,1.720725558731401
2025,CO2/CO/NOx,2025-02-11 22:00:00+01:00,1.6441941224509509
2025,CO2/CO/NOx,2025-02-11 23:00:00+01:00,1.5733706453901712
2025,CO2/CO/NOx,2025-02-12 00:00:00+01:00,1.5037621354611306
2025,CO2/CO/NOx,2025-02-12 01:00:00+01:00,1.4878334368164827
2025,CO2/CO/NOx,2025-02-12 02:00:00+01:00,1.5234190865322779
2025,CO2/CO/NOx,2025-02-12 03:00:00+01:00,1.5908795958106114
2025,CO2/CO/NOx,2025-02-12 04:00:00+01:00,1.65151698685232
2025,CO2/CO/NOx,2025-02-12 05:00:00+01:00,1.7186549523386219
2025,CO2/CO/NOx,2025-02-12 06:00:00+01:00,1.776177397595315
2025,CO2/CO/NOx,2025-02-12 07:00:00+01:00,1.814557135445544
2025,CO2/CO/NOx,2025-02-12 08:00:00+01:00,1.783239732371933
2025,CO2/CO/NOx,2025-02-12 09:00:00+01:00,1.679490430484238
2025,CO2/CO/NOx,2025-02-12 10:00:00+01:00,1.5774314168070966
2025,CO2/CO/NOx,2025-02-12 11:00:00+01:00,1.464663578739085
2025,CO2/CO/NOx,2025-02-12 12:00:00+01:00,1.350951501322245
2025,CO2/CO/NOx,2025-02-12 13:00:00+01:00,1.278627747223683
2025,CO2/CO/NOx,2025-02-12 14:00:00+01:00,1.2448900805891538
2025,CO2/CO/NOx,2025-02-12 15:00:00+01:00,1.259299118802507
2025,CO2/CO/NOx,2025-02-12 16:00:00+01:00,1.2930789272888035
2025,CO2/CO/NOx,2025-02-12 17:00:00+01:00,1.3148812737077518
2025,CO2/CO/NOx,2025-02-12 18:00:00+01:00,1.3573029092096505
2025,CO2/CO/NOx,2025-02-12 19:00:00+01:00,1.3546351439340076
2025,CO2/CO/NOx,2025-02-12 20:00:00+01:00,1.330675740577232
2025,CO2/CO/NOx,2025-02-12 21:00:00+01:00,1.281354658337158
2025,CO2/CO/NOx,2025-02-12 22:00:00+01:00,1.2278694378872197
2025,CO2/CO/NOx,2025-02-12 23:00:00+01:00,1.1605742668365124
2025,CO2/CO/NOx,2025-02-13 00:00:00+01:00,1.0747530865890305
2025,CO2/CO/NOx,2025-02-13 01:00:00+01:00,1.0243582909840234
2025,CO2/CO/NOx,2025-02-13 02:00:00+01:00,1.025855239463137
2025,CO2/CO/NOx,2025-02-13 03:00:00+01:00,1.0881111365284288
2025,CO2/CO/NOx,2025-02-13 04:00:00+01:00,1.1537549967127119
2025,CO2/CO/NOx,2025-02-13 05:00:00+01:00,1.2445355845772619
2025,CO2/CO/NOx,2025-02-13 06:00:00+01:00,1.3355157277887015
2025,CO2/CO/NOx,2025-02-13 07:00:00+01:00,1.406309138667485
2025,CO2/CO/NOx,2025-02-13 08:00:00+01:00,1.4351556766666351
2025,CO2/CO/NOx,2025-02-13 09:00:00+01:00,1.4273121760128635
2025,CO2/CO/NOx,2025-02-13 10:00:00+01:00,1.4297044844340239
2025,CO2/CO/NOx,2025-02-13 11:00:00+01:00,1.438129714754551
2025,CO2/CO/NOx,2025-02-13 12:00:00+01:00,1.4540107198090066
2025,CO2/CO/NOx,2025-02-13 13:00:00+01:00,1.4870727440394096
2025,CO2/CO/NOx,2025-02-13 14:00:00+01:00,1.5251723854811943
2025,CO2/CO/NOx,2025-02-13 15:00:00+01:00,1.5926573547494685
2025,CO2/CO/NOx,2025-02-13 16:00:00+01:00,1.6341477765763988
2025,CO2/CO/NOx,2025-02-13 17:00:00+01:00,1.6630619805338172
2025,CO2/CO/NOx,2025-02-13 18:00:00+01:00,1.708651646139416
2025,CO2/CO/NOx,2025-02-13 19:00:00+01:00,1.701881054312662
2025,CO2/CO/NOx,2025-02-13 20:00:00+01:00,1.6799175069145247
2025,CO2/CO/NOx,2025-02-13 21:00:00+01:00,1.6326070291644006
2025,CO2/CO/NOx,2025-02-13 22:00:00+01:00,1.5963379616984288
2025,CO2/CO/NOx,2025-02-13 23:00:00+01:00,1.5722510674834784
2025,CO2/CO/NOx,2025-02-14 00:00:00+01:00,1.559408943590748
2025,CO2/CO/NOx,2025-02-14 01:00:00+01:00,1.5817002987800286
2025,CO2/CO/NOx,2025-02-14 02:00:00+01:00,1.654116040789262
2025,CO2/CO/NOx,2025-02-14 03:00:00+01:00,1.7615846124953483
2025,CO2/CO/NOx,2025-02-14 04:00:00+01:00,1.8468656988786463
2025,CO2/CO/NOx,2025-02-14 05:00:00+01:00,1.9313915295275161
2025,CO2/CO/NOx,2025-02-14 06:00:00+01:00,2.0103540727840774
2025,CO2/CO/NOx,2025-02-14 07:00:00+01:00,2.079568221365784
2025,CO2/CO/NOx,2025-02-14 08:00:00+01:00,2.1143202538357646
2025,CO2/CO/NOx,2025-02-14 09:00:00+01:00,2.1017342648999384
2025,CO2/CO/NOx,2025-02-14 10:00:00+01:00,2.1184287196050646
2025,CO2/CO/NOx,2025-02-14 11:00:00+01:00,2.1322261427435314
2025,CO2/CO/NOx,2025-02-14 12:00:00+01:00,2.132339147314103
2025,CO2/CO/NOx,2025-02-14 13:00:00+01:00,2.1401743665008985
2025,CO2/CO/NOx,2025-02-14 14:00:00+01:00,2.154274393189341
2025,CO2/CO/NOx,2025-02-14 15:00:00+01:00,2.1879195754381886
2025,CO2/CO/NOx,2025-02-14 16:00:00+01:00,2.215118077716059
2025,CO2/CO/NOx,2025-02-14 17:00:00+01:00,2.2326885830975822
2025,CO2/CO/NOx,2025-02-14 18:00:00+01:00,2.2578933948147624
2025,CO2/CO/NOx,2025-02-14 19:00:00+01:00,2.2638201275964396
2025,CO2/CO/NOx,2025-02-14 20:00:00+01:00,2.2224712064634518
2025,CO2/CO/NOx,2025-02-14 21:00:00+01:00,2.1459811486723694
2025,CO2/CO/NOx,2025-02-14 22:00:00+01:00,2.064211632862535
2025,CO2/CO/NOx,2025-02-14 23:00:00+01:00,1.9840436243461217
2025,CO2/CO/NOx,2025-02-15 00:00:00+01:00,1.9007316981539812
2025,CO2/CO/NOx,2025-02-15 01:00:00+01:00,1.8652493025349273
2025,CO2/CO/NOx,2025-02-15 02:00:00+01:00,1.8812164884956308
2025,CO2/CO/NOx,2025-02-15 03:00:00+01:00,1.9521259510225288
2025,CO2/CO/NOx,2025-02-15 04:00:00+01:00,2.028434511048504
2025,CO2/CO/NOx,2025-02-15 05:00:00+01:00,2.0920783841956814
2025,CO2/CO/NOx,2025-02-15 06:00:00+01:00,2.140891047183577
2025,CO2/CO/NOx,2025-02-15 07:00:00+01:00,2.1628689167487676
2025,CO2/CO/NOx,2025-02-15 08:00:00+01:00,2.166450818026669
2025,CO2/CO/NOx,2025-02-15 09:00:00+01:00,2.1346005080411348
2025,CO2/CO/NOx,2025-02-15 10:00:00+01:00,2.120390499392795
2025,CO2/CO/NOx,2025-02-15 11:00:00+01:00,2.0981568976996523
2025,CO2/CO/NOx,2025-02-15 12:00:00+01:00,2.0691841298275966
2025,CO2/CO/NOx,2025-02-15 13:00:00+01:00,2.0649901619097735
2025,CO2/CO/NOx,2025-02-15 14:00:00+01:00,2.0835628670864863
2025,CO2/CO/NOx,2025-02-15 15:00:00+01:00,2.105635013558069
2025,CO2/CO/NOx,2025-02-15 16:00:00+01:00,2.1157958814042734
2025,CO2/CO/NOx,2025-02-15 17:00:00+01:00,2.127577879317948
2025,CO2/CO/NOx,2025-02-15 18:00:00+01:00,2.141911645800687
2025,CO2/CO/NOx,2025-02-15 19:00:00+01:00,2.117838257442281
2025,CO2/CO/NOx,2025-02-15 20:00:00+01:00,2.0569324117585115
2025,CO2/CO/NOx,2025-02-15 21:00:00+01:00,1.9783539636998446
2025,CO2/CO/NOx,2025-02-15 22:00:00+01:00,1.9115596403693353
2025,CO2/CO/NOx,2025-02-15 23:00:00+01:00,1.8636677794826728
2025,CO2/CO/NOx,2025-02-16 00:00:00+01:00,1.8071830031690648
2025,CO2/CO/NOx,2025-02-16 01:00:00+01:00,1.7858927203388975
2025,CO2/CO/NOx,2025-02-16 02:00:00+01:00,1.8178870985605076
2025,CO2/CO/NOx,2025-02-16 03:00:00+01:00,1.8991461381656485
2025,CO2/CO/NOx,2025-02-16 04:00:00+01:00,1.9653688431210963
2025,CO2/CO/NOx,2025-02-16 05:00:00+01:00,2.042259648654543
2025,CO2/CO/NOx,2025-02-16 06:00:00+01:00,2.1143040353650036
2025,CO2/CO/NOx,2025-02-16 07:00:00+01:00,2.158136422365344
2025,CO2/CO/NOx,2025-02-16 08:00:00+01:00,2.170515339022364
2025,CO2/CO/NOx,2025-02-16 09:00:00+01:00,2.1422978150785887
2025,CO2/CO/NOx,2025-02-16 10:00:00+01:00,2.123496742230992
2025,CO2/CO/NOx,2025-02-16 11:00:00+01:00,2.10486696993668
2025,CO2/CO/NOx,2025-02-16 12:00:00+01:00,2.0898984727499395
2025,CO2/CO/NOx,2025-02-16 13:00:00+01:00,2.0819312867941377
2025,CO2/CO/NOx,2025-02-16 14:00:00+01:00,2.1066665193579808
2025,CO2/CO/NOx,2025-02-16 15:00:00+01:00,2.152033557120059
2025,CO2/CO/NOx,2025-02-16 16:00:00+01:00,2.2019462860243126
2025,CO2/CO/NOx,2025-02-16 17:00:00+01:00,2.236186934573521
2025,CO2/CO/NOx,2025-02-16 18:00:00+01:00,2.250608469104097
2025,CO2/CO/NOx,2025-02-16 19:00:00+01:00,2.2312200779013125
2025,CO2/CO/NOx,2025-02-16 20:00:00+01:00,2.1765651145836573
2025,CO2/CO/NOx,2025-02-16 21:00:00+01:00,2.1137346234807617
2025,CO2/CO/NOx,2025-02-16 22:00:00+01:00,2.0508509287232473
2025,CO2/CO/NOx,2025-02-16 23:00:00+01:00,2.00204638862045
2025,CO2/CO/NOx,2025-02-17 00:00:00+01:00,1.9424025291545268
2025,CO2/CO/NOx,2025-02-17 01:00:00+01:00,1.946840217408917
2025,CO2/CO/NOx,2025-02-17 02:00:00+01:00,1.992305286812848
2025,CO2/CO/NOx,2025-02-17 03:00:00+01:00,2.056612382002724
2025,CO2/CO/NOx,2025-02-17 04:00:00+01:00,2.1468287363535326
2025,CO2/CO/NOx,2025-02-17 05:00:00+01:00,2.250456753447796
2025,CO2/CO/NOx,2025-02-17 06:00:00+01:00,2.361016898624186
2025,CO2/CO/NOx,2025-02-17 07:00:00+01:00,2.4300957242022116
2025,CO2/CO/NOx,2025-02-17 08:00:00+01:00,2.425600593725006
2025,CO2/CO/NOx,2025-02-17 09:00:00+01:00,2.3609517391050314
2025,CO2/CO/NOx,2025-02-17 10:00:00+01:00,2.339397401122629
2025,CO2/CO/NOx,2025-02-17 11:00:00+01:00,2.3228875081644897
2025,CO2/CO/NOx,2025-02-17 12:00:00+01:00,2.3021008227367292
2025,CO2/CO/NOx,2025-02-17 13:00:00+01:00,2.3197342406390318
2025,CO2/CO/NOx,2025-02-17 14:00:00+01:00,2.356370168313916
2025,CO2/CO/NOx,2025-02-17 15:00:00+01:00,2.417488853853115
2025,CO2/CO/NOx,2025-02-17 16:00:00+01:00,2.448617418285861
2025,CO2/CO/NOx,2025-02-17 17:00:00+01:00,2.4167820006616543
2025,CO2/CO/NOx,2025-02-17 18:00:00+01:00,2.4003312312751452
2025,CO2/CO/NOx,2025-02-17 19:00:00+01:00,2.3580985749065997
2025,CO2/CO/NOx,2025-02-17 20:00:00+01:00,2.284778706583006
2025,CO2/CO/NOx,2025-02-17 21:00:00+01:00,2.196887973570288
2025,CO2/CO/NOx,2025-02-17 22:00:00+01:00,2.11862610963502
2025,CO2/CO/NOx,2025-02-17 23:00:00+01:00,2.043445109041452
2025,CO2/CO/NOx,2025-02-18 00:00:00+01:00,1.9470966010604205
2025,CO2/CO/NOx,2025-02-18 01:00:00+01:00,1.9062597477611452
2025,CO2/CO/NOx,2025-02-18 02:00:00+01:00,1.9142741437947395
2025,CO2/CO/NOx,2025-02-18 03:00:00+01:00,2.017780687675791
2025,CO2/CO/NOx,2025-02-18 04:00:00+01:00,2.1359064119862112
2025,CO2/CO/NOx,2025-02-18 05:00:00+01:00,2.2534467926286035
2025,CO2/CO/NOx,2025-02-18 06:00:00+01:00,2.3643780646043684
2025,CO2/CO/NOx,2025-02-18 07:00:00+01:00,2.4357303131334036
2025,CO2/CO/NOx,2025-02-18 08:00:00+01:00,2.4460868044203874
2025,CO2/CO/NOx,2025-02-18 09:00:00+01:00,2.390283818011036
2025,CO2/CO/NOx,2025-02-18 10:00:00+01:00,2.3475969993805896
2025,CO2/CO/NOx,2025-02-18 11:00:00+01:00,2.293801491307103
2025,CO2/CO/NOx,2025-02-18 12:00:00+01:00,2.2375068489865284
2025,CO2/CO/NOx,2025-02-18 13:00:00+01:00,2.21065953699175
2025,CO2/CO/NOx,2025-02-18 14:00:00+01:00,2.208863215896011
2025,CO2/CO/NOx,2025-02-18 15:00:00+01:00,2.2640542678900872
2025,CO2/CO/NOx,2025-02-18 16:00:00+01:00,2.299444229181075
2025,CO2/CO/NOx,2025-02-18 17:00:00+01:00,2.321012375282674
2025,CO2/CO/NOx,2025-02-18 18:00:00+01:00,2.371944922820368
2025,CO2/CO/NOx,2025-02-18 19:00:00+01:00,2.364874752571137
2025,CO2/CO/NOx,2025-02-18 20:00:00+01:00,2.2954244897500358
2025,CO2/CO/NOx,2025-02-18 21:00:00+01:00,2.1799203615136227
2025,CO2/CO/NOx,2025-02-18 22:00:00+01:00,2.0750843185609176
2025,CO2/CO/NOx,2025-02-18 23:00:00+01:00,2.002605892235563
2025,CO2/CO/NOx,2025-02-19 00:00:00+01:00,1.926231492594484
2025,CO2/CO/NOx,2025-02-19 01:00:00+01:00,1.8614707129125854
2025,CO2/CO/NOx,2025-02-19 02:00:00+01:00,1.8581755679783372
2025,CO2/CO/NOx,2025-02-19 03:00:00+01:00,1.9428580627030363
2025,CO2/CO/NOx,2025-02-19 04:00:00+01:00,2.0482682198732305
2025,CO2/CO/NOx,2025-02-19 05:00:00+01:00,2.1815585049684647
2025,CO2/CO/NOx,2025-02-19 06:00:00+01:00,2.331269260161716
2025,CO2/CO/NOx,2025-02-19 07:00:00+01:00,2.44259681333919
2025,CO2/CO/NOx,2025-02-19 08:00:00+01:00,2.501270058437746
2025,CO2/CO/NOx,2025-02-19 09:00:00+01:00,2.452511667614264
2025,CO2/CO/NOx,2025-02-19 10:00:00+01:00,2.3726484567454107
2025,CO2/CO/NOx,2025-02-19 11:00:00+01:00,2.264162172464754
2025,CO2/CO/NOx,2025-02-19 12:00:00+01:00,2.1290760384191305
2025,CO2/CO/NOx,2025-02-19 13:00:00+01:00,2.0332416458599325
2025,CO2/CO/NOx,2025-02-19 14:00:00+01:00,2.0177008494391506
2025,CO2/CO/NOx,2025-02-19 15:00:00+01:00,2.0786163091168643
2025,CO2/CO/NOx,2025-02-19 16:00:00+01:00,2.1430438555409075
2025,CO2/CO/NOx,2025-02-19 17:00:00+01:00,2.2129008137884214
2025,CO2/CO/NOx,2025-02-19 18:00:00+01:00,2.2823085027802605
2025,CO2/CO/NOx,2025-02-19 19:00:00+01:00,2.2990353890479738
2025,CO2/CO/NOx,2025-02-19 20:00:00+01:00,2.2552121763426403
2025,CO2/CO/NOx,2025-02-19 21:00:00+01:00,2.1499190816748484
2025,CO2/CO/NOx,2025-02-19 22:00:00+01:00,2.0668053012226015
2025,CO2/CO/NOx,2025-02-19 23:00:00+01:00,2.012622281732507
2025,CO2/CO/NOx,2025-02-20 00:00:00+01:00,1.9794332462677466
2025,CO2/CO/NOx,2025-02-20 01:00:00+01:00,1.9792118722370475
2025,CO2/CO/NOx,2025-02-20 02:00:00+01:00,2.017341463286623
2025,CO2/CO/NOx,2025-02-20 03:00:00+01:00,2.100657501901812
2025,CO2/CO/NOx,2025-02-20 04:00:00+01:00,2.1748977504904934
2025,CO2/CO/NOx,2025-02-20 05:00:00+01:00,2.2700371209237216
2025,CO2/CO/NOx,2025-02-20 06:00:00+01:00,2.325571111895056
2025,CO2/CO/NOx,2025-02-20 07:00:00+01:00,2.3345346357488252
2025,CO2/CO/NOx,2025-02-20 08:00:00+01:00,2.29398070906188
2025,CO2/CO/NOx,2025-02-20 09:00:00+01:00,2.1724130301874514
2025,CO2/CO/NOx,2025-02-20 10:00:00+01:00,2.0063233281763133
2025,CO2/CO/NOx,2025-02-20 11:00:00+01:00,1.8108401423478406
2025,CO2/CO/NOx,2025-02-20 12:00:00+01:00,1.611468960627902
2025,CO2/CO/NOx,2025-02-20 13:00:00+01:00,1.4695090157550086
2025,CO2/CO/NOx,2025-02-20 14:00:00+01:00,1.394650961412554
2025,CO2/CO/NOx,2025-02-20 15:00:00+01:00,1.3978431102535807
2025,CO2/CO/NOx,2025-02-20 16:00:00+01:00,1.4399541893662022
2025,CO2/CO/NOx,2025-02-20 17:00:00+01:00,1.522516842557668
2025,CO2/CO/NOx,2025-02-20 18:00:00+01:00,1.5997849702693254
2025,CO2/CO/NOx,2025-02-20 19:00:00+01:00,1.6202844333336208
2025,CO2/CO/NOx,2025-02-20 20:00:00+01:00,1.5858144086029589
2025,CO2/CO/NOx,2025-02-20 21:00:00+01:00,1.5065125292519268
2025,CO2/CO/NOx,2025-02-20 22:00:00+01:00,1.4309190448775142
2025,CO2/CO/NOx,2025-02-20 23:00:00+01:00,1.3637506577769403
2025,CO2/CO/NOx,2025-02-21 00:00:00+01:00,1.3385534711186184
2025,CO2/CO/NOx,2025-02-21 01:00:00+01:00,1.3400461513036956
2025,CO2/CO/NOx,2025-02-21 02:00:00+01:00,1.4028866686877672
2025,CO2/CO/NOx,2025-02-21 03:00:00+01:00,1.5110641288065407
2025,CO2/CO/NOx,2025-02-21 04:00:00+01:00,1.6052338222045084
2025,CO2/CO/NOx,2025-02-21 05:00:00+01:00,1.6755985312564035
2025,CO2/CO/NOx,2025-02-21 06:00:00+01:00,1.7496034671410763
2025,CO2/CO/NOx,2025-02-21 07:00:00+01:00,1.759745502038828
2025,CO2/CO/NOx,2025-02-21 08:00:00+01:00,1.7006957954242206
2025,CO2/CO/NOx,2025-02-21 09:00:00+01:00,1.5771391947418163
2025,CO2/CO/NOx,2025-02-21 10:00:00+01:00,1.4365323263386036
2025,CO2/CO/NOx,2025-02-21 11:00:00+01:00,1.3008138795896647
2025,CO2/CO/NOx,2025-02-21 12:00:00+01:00,1.1763280861727319
2025,CO2/CO/NOx,2025-02-21 13:00:00+01:00,1.0996395165546298
2025,CO2/CO/NOx,2025-02-21 14:00:00+01:00,1.0826524403517803
2025,CO2/CO/NOx,2025-02-21 15:00:00+01:00,1.1358035491531275
2025,CO2/CO/NOx,2025-02-21 16:00:00+01:00,1.1725170352012702
2025,CO2/CO/NOx,2025-02-21 17:00:00+01:00,1.2372993468345537
2025,CO2/CO/NOx,2025-02-21 18:00:00+01:00,1.3206152529708246
2025,CO2/CO/NOx,2025-02-21 19:00:00+01:00,1.354933468572431
2025,CO2/CO/NOx,2025-02-21 20:00:00+01:00,1.375853028658489
2025,CO2/CO/NOx,2025-02-21 21:00:00+01:00,1.371775464837194
2025,CO2/CO/NOx,2025-02-21 22:00:00+01:00,1.3730029093150546
2025,CO2/CO/NOx,2025-02-21 23:00:00+01:00,1.3914103207132542
2025,CO2/CO/NOx,2025-02-22 00:00:00+01:00,1.387121013083
2025,CO2/CO/NOx,2025-02-22 01:00:00+01:00,1.3944346108114565
2025,CO2/CO/NOx,2025-02-22 02:00:00+01:00,1.4365642238628542
2025,CO2/CO/NOx,2025-02-22 03:00:00+01:00,1.483954591173995
2025,CO2/CO/NOx,2025-02-22 04:00:00+01:00,1.5289584152806266
2025,CO2/CO/NOx,2025-02-22 05:00:00+01:00,1.5874231189248145
2025,CO2/CO/NOx,2025-02-22 06:00:00+01:00,1.6297992606121798
2025,CO2/CO/NOx,2025-02-22 07:00:00+01:00,1.6577627467302907
2025,CO2/CO/NOx,2025-02-22 08:00:00+01:00,1.6650073195120976
2025,CO2/CO/NOx,2025-02-22 09:00:00+01:00,1.5759264698207613
2025,CO2/CO/NOx,2025-02-22 10:00:00+01:00,1.4658254915529945
2025,CO2/CO/NOx,2025-02-22 11:00:00+01:00,1.3328304226269545
2025,CO2/CO/NOx,2025-02-22 12:00:00+01:00,1.2036455763379519
2025,CO2/CO/NOx,2025-02-22 13:00:00+01:00,1.1134268201215862
2025,CO2/CO/NOx,2025-02-22 14:00:00+01:00,1.0709447811481048
2025,CO2/CO/NOx,2025-02-22 15:00:00+01:00,1.0800560070155287
2025,CO2/CO/NOx,2025-02-22 16:00:00+01:00,1.121998462810619
2025,CO2/CO/NOx,2025-02-22 17:00:00+01:00,1.1938339326831757
2025,CO2/CO/NOx,2025-02-22 18:00:00+01:00,1.2723192114153936
2025,CO2/CO/NOx,2025-02-22 19:00:00+01:00,1.3312426364809447
2025,CO2/CO/NOx,2025-02-22 20:00:00+01:00,1.3546395870814156
2025,CO2/CO/NOx,2025-02-22 21:00:00+01:00,1.3498793097030408
2025,CO2/CO/NOx,2025-02-22 22:00:00+01:00,1.3119466001898583
2025,CO2/CO/NOx,2025-02-22 23:00:00+01:00,1.2667223102393637
2025,CO2/CO/NOx,2025-02-23 00:00:00+01:00,1.1961200493955768
2025,CO2/CO/NOx,2025-02-23 01:00:00+01:00,1.1378999630632622
2025,CO2/CO/NOx,2025-02-23 02:00:00+01:00,1.1239637431144056
2025,CO2/CO/NOx,2025-02-23 03:00:00+01:00,1.1515211488879522
2025,CO2/CO/NOx,2025-02-23 04:00:00+01:00,1.1920031407238272
2025,CO2/CO/NOx,2025-02-23 05:00:00+01:00,1.262904321584986
2025,CO2/CO/NOx,2025-02-23 06:00:00+01:00,1.3337900132029372
2025,CO2/CO/NOx,2025-02-23 07:00:00+01:00,1.3793596586127606
2025,CO2/CO/NOx,2025-02-23 08:00:00+01:00,1.3917735149840587
2025,CO2/CO/NOx,2025-02-23 09:00:00+01:00,1.3603208242287272
2025,CO2/CO/NOx,2025-02-23 10:00:00+01:00,1.3115024808106126
2025,CO2/CO/NOx,2025-02-23 11:00:00+01:00,1.2545662466806977
2025,CO2/CO/NOx,2025-02-23 12:00:00+01:00,1.185027503536887
2025,CO2/CO/NOx,2025-02-23 13:00:00+01:00,1.1432650087647394
2025,CO2/CO/NOx,2025-02-23 14:00:00+01:00,1.1361664736551984
2025,CO2/CO/NOx,2025-02-23 15:00:00+01:00,1.1529873598707712
2025,CO2/CO/NOx,2025-02-23 16:00:00+01:00,1.1835241668340335
2025,CO2/CO/NOx,2025-02-23 17:00:00+01:00,1.2160289109987912
2025,CO2/CO/NOx,2025-02-23 18:00:00+01:00,1.2584304400637132
2025,CO2/CO/NOx,2025-02-23 19:00:00+01:00,1.2727532202259808
2025,CO2/CO/NOx,2025-02-23 20:00:00+01:00,1.2626656299875654
2025,CO2/CO/NOx,2025-02-23 21:00:00+01:00,1.2169519670178124
2025,CO2/CO/NOx,2025-02-23 22:00:00+01:00,1.1479180420531268
2025,CO2/CO/NOx,2025-02-23 23:00:00+01:00,1.0843392787152675
2025,CO2/CO/NOx,2025-02-24 00:00:00+01:00,1.018575779726337
2025,CO2/CO/NOx,2025-02-24 01:00:00+01:00,0.9912164095537898
2025,CO2/CO/NOx,2025-02-24 02:00:00+01:00,1.0159768599605037
2025,CO2/CO/NOx,2025-02-24 03:00:00+01:00,1.0826797456504413
2025,CO2/CO/NOx,2025-02-24 04:00:00+01:00,1.1688444117518966
2025,CO2/CO/NOx,2025-02-24 05:00:00+01:00,1.2599628465975161
2025,CO2/CO/NOx,2025-02-24 06:00:00+01:00,1.3360178551331439
2025,CO2/CO/NOx,2025-02-24 07:00:00+01:00,1.369546235080948
2025,CO2/CO/NOx,2025-02-24 08:00:00+01:00,1.364119398798002
2025,CO2/CO/NOx,2025-02-24 09:00:00+01:00,1.3038340702604723
2025,CO2/CO/NOx,2025-02-24 10:00:00+01:00,1.2302774166882373
2025,CO2/CO/NOx,2025-02-24 11:00:00+01:00,1.1654121938404107
2025,CO2/CO/NOx,2025-02-24 12:00:00+01:00,1.0903971342575005
2025,CO2/CO/NOx,2025-02-24 13:00:00+01:00,1.0500109159196738
2025,CO2/CO/NOx,2025-02-24 14:00:00+01:00,1.0422270898481178
2025,CO2/CO/NOx,2025-02-24 15:00:00+01:00,1.0819734495389508
2025,CO2/CO/NOx,2025-02-24 16:00:00+01:00,1.1318993447024903
2025,CO2/CO/NOx,2025-02-24 17:00:00+01:00,1.1892439428140436
2025,CO2/CO/NOx,2025-02-24 18:00:00+01:00,1.2419195008049013
2025,CO2/CO/NOx,2025-02-24 19:00:00+01:00,1.2345005959662165
2025,CO2/CO/NOx,2025-02-24 20:00:00+01:00,1.182408549663909
2025,CO2/CO/NOx,2025-02-24 21:00:00+01:00,1.0820427583420162
2025,CO2/CO/NOx,2025-02-24 22:00:00+01:00,0.9725898568241186
2025,CO2/CO/NOx,2025-02-24 23:00:00+01:00,0.8811964494286191
2025,CO2/CO/NOx,2025-02-25 00:00:00+01:00,0.7977964042585113
2025,CO2/CO/NOx,2025-02-25 01:00:00+01:00,0.7897021837616379
2025,CO2/CO/NOx,2025-02-25 02:00:00+01:00,0.8503852445628071
2025,CO2/CO/NOx,2025-02-25 03:00:00+01:00,0.9586781866148941
2025,CO2/CO/NOx,2025-02-25 04:00:00+01:00,1.068225536470175
2025,CO2/CO/NOx,2025-02-25 05:00:00+01:00,1.1688484182669667
2025,CO2/CO/NOx,2025-02-25 06:00:00+01:00,1.2643748378900934
2025,CO2/CO/NOx,2025-02-25 07:00:00+01:00,1.3202989638556695
2025,CO2/CO/NOx,2025-02-25 08:00:00+01:00,1.3145165628530462
2025,CO2/CO/NOx,2025-02-25 09:00:00+01:00,1.2400855068744037
2025,CO2/CO/NOx,2025-02-25 10:00:00+01:00,1.17468983859425
2025,CO2/CO/NOx,2025-02-25 11:00:00+01:00,1.102010704650558
2025,CO2/CO/NOx,2025-02-25 12:00:00+01:00,1.030271209219341
2025,CO2/CO/NOx,2025-02-25 13:00:00+01:00,0.9915981551059629
2025,CO2/CO/NOx,2025-02-25 14:00:00+01:00,1.0056020834931805
2025,CO2/CO/NOx,2025-02-25 15:00:00+01:00,1.0635488517611844
2025,CO2/CO/NOx,2025-02-25 16:00:00+01:00,1.1305500008446563
2025,CO2/CO/NOx,2025-02-25 17:00:00+01:00,1.1902566159679078
2025,CO2/CO/NOx,2025-02-25 18:00:00+01:00,1.237231190802837
2025,CO2/CO/NOx,2025-02-25 19:00:00+01:00,1.2311741974633135
2025,CO2/CO/NOx,2025-02-25 20:00:00+01:00,1.178658621227347
2025,CO2/CO/NOx,2025-02-25 21:00:00+01:00,1.081868038246115
2025,CO2/CO/NOx,2025-02-25 22:00:00+01:00,1.000535805337107
2025,CO2/CO/NOx,2025-02-25 23:00:00+01:00,0.9529321428762871
2025,CO2/CO/NOx,2025-02-26 00:00:00+01:00,0.9112217595233189
2025,CO2/CO/NOx,2025-02-26 01:00:00+01:00,0.9243371084880126
2025,CO2/CO/NOx,2025-02-26 02:00:00+01:00,0.9864445351088464
2025,CO2/CO/NOx,2025-02-26 03:00:00+01:00,1.0792450787480603
2025,CO2/CO/NOx,2025-02-26 04:00:00+01:00,1.170883548752284
2025,CO2/CO/NOx,2025-02-26 05:00:00+01:00,1.2605861845881432
2025,CO2/CO/NOx,2025-02-26 06:00:00+01:00,1.3273207811254921
2025,CO2/CO/NOx,2025-02-26 07:00:00+01:00,1.3708813110974467
2025,CO2/CO/NOx,2025-02-26 08:00:00+01:00,1.3683009626023896
2025,CO2/CO/NOx,2025-02-26 09:00:00+01:00,1.3161758199229674
2025,CO2/CO/NOx,2025-02-26 10:00:00+01:00,1.2753973470725355
2025,CO2/CO/NOx,2025-02-26 11:00:00+01:00,1.2352943320115877
2025,CO2/CO/NOx,2025-02-26 12:00:00+01:00,1.2102333154925036
2025,CO2/CO/NOx,2025-02-26 13:00:00+01:00,1.2341566433460003
2025,CO2/CO/NOx,2025-02-26 14:00:00+01:00,1.284734848312076
2025,CO2/CO/NOx,2025-02-26 15:00:00+01:00,1.354162790759972
2025,CO2/CO/NOx,2025-02-26 16:00:00+01:00,1.4031146021197543
2025,CO2/CO/NOx,2025-02-26 17:00:00+01:00,1.4331400241194463
2025,CO2/CO/NOx,2025-02-26 18:00:00+01:00,1.4636356452505908
2025,CO2/CO/NOx,2025-02-26 19:00:00+01:00,1.4518629075746956
2025,CO2/CO/NOx,2025-02-26 20:00:00+01:00,1.4046728007311038
2025,CO2/CO/NOx,2025-02-26 21:00:00+01:00,1.3491294860149583
2025,CO2/CO/NOx,2025-02-26 22:00:00+01:00,1.3191943942193505
2025,CO2/CO/NOx,2025-02-26 23:00:00+01:00,1.3020457452882321
2025,CO2/CO/NOx,2025-02-27 00:00:00+01:00,1.2909257933191465
2025,CO2/CO/NOx,2025-02-27 01:00:00+01:00,1.3153239536711454
2025,CO2/CO/NOx,2025-02-27 02:00:00+01:00,1.3858384400739427
2025,CO2/CO/NOx,2025-02-27 03:00:00+01:00,1.495341329951243
2025,CO2/CO/NOx,2025-02-27 04:00:00+01:00,1.5869515749011893
2025,CO2/CO/NOx,2025-02-27 05:00:00+01:00,1.6571737159193767
2025,CO2/CO/NOx,2025-02-27 06:00:00+01:00,1.7169403331450297
2025,CO2/CO/NOx,2025-02-27 07:00:00+01:00,1.7316612408839136
2025,CO2/CO/NOx,2025-02-27 08:00:00+01:00,1.694474587497134
2025,CO2/CO/NOx,2025-02-27 09:00:00+01:00,1.6150889501098697
2025,CO2/CO/NOx,2025-02-27 10:00:00+01:00,1.5671199971545513
2025,CO2/CO/NOx,2025-02-27 11:00:00+01:00,1.5392836127046392
2025,CO2/CO/NOx,2025-02-27 12:00:00+01:00,1.5330382520478898
2025,CO2/CO/NOx,2025-02-27 13:00:00+01:00,1.5692257935118983
2025,CO2/CO/NOx,2025-02-27 14:00:00+01:00,1.6117548637236614
2025,CO2/CO/NOx,2025-02-27 15:00:00+01:00,1.6724482989921297
2025,CO2/CO/NOx,2025-02-27 16:00:00+01:00,1.7074604569172593
2025,CO2/CO/NOx,2025-02-27 17:00:00+01:00,1.7192852987971181
2025,CO2/CO/NOx,2025-02-27 18:00:00+01:00,1.7351986980188046
2025,CO2/CO/NOx,2025-02-27 19:00:00+01:00,1.7117958100455628
2025,CO2/CO/NOx,2025-02-27 20:00:00+01:00,1.6537958625297255
2025,CO2/CO/NOx,2025-02-27 21:00:00+01:00,1.5826592446530432
2025,CO2/CO/NOx,2025-02-27 22:00:00+01:00,1.5162195677426538
2025,CO2/CO/NOx,2025-02-27 23:00:00+01:00,1.4652135848305865
2025,CO2/CO/NOx,2025-02-28 00:00:00+01:00,1.4172165430522108
2025,CO2/CO/NOx,2025-02-28 01:00:00+01:00,1.4236511482806187
2025,CO2/CO/NOx,2025-02-28 02:00:00+01:00,1.4787837256086078
2025,CO2/CO/NOx,2025-02-28 03:00:00+01:00,1.5742663906691938
2025,CO2/CO/NOx,2025-02-28 04:00:00+01:00,1.6589532282235833
2025,CO2/CO/NOx,2025-02-28 05:00:00+01:00,1.741081298830064
2025,CO2/CO/NOx,2025-02-28 06:00:00+01:00,1.8020634988592148
2025,CO2/CO/NOx,2025-02-28 07:00:00+01:00,1.8121233744570424
2025,CO2/CO/NOx,2025-02-28 08:00:00+01:00,1.7937227145588115
2025,CO2/CO/NOx,2025-02-28 09:00:00+01:00,1.7343520881011498
2025,CO2/CO/NOx,2025-02-28 10:00:00+01:00,1.7002542998948431
2025,CO2/CO/NOx,2025-02-28 11:00:00+01:00,1.6715464686302026
2025,CO2/CO/NOx,2025-02-28 12:00:00+01:00,1.6519235949902835
2025,CO2/CO/NOx,2025-02-28 13:00:00+01:00,1.6514971843197517
2025,CO2/CO/NOx,2025-02-28 14:00:00+01:00,1.6737551890980553
2025,CO2/CO/NOx,2025-02-28 15:00:00+01:00,1.6911815602918312
2025,CO2/CO/NOx,2025-02-28 16:00:00+01:00,1.6976691710826177
2025,CO2/CO/NOx,2025-02-28 17:00:00+01:00,1.710465454544876
2025,CO2/CO/NOx,2025-02-28 18:00:00+01:00,1.748098511401602
2025,CO2/CO/NOx,2025-02-28 19:00:00+01:00,1.7510674815365233
2025,CO2/CO/NOx,2025-02-28 20:00:00+01:00,1.72128078137637
2025,CO2/CO/NOx,2025-02-28 21:00:00+01:00,1.67062266555397
2025,CO2/CO/NOx,2025-02-28 22:00:00+01:00,1.606416273613464
2025,CO2/CO/NOx,2025-02-28 23:00:00+01:00,1.5480348959935109
2025,CO2/CO/NOx,2025-03-01 00:00:00+01:00,1.4782314868852808
2025,CO2/CO/NOx,2025-03-01 01:00:00+01:00,1.4579573824755816
2025,CO2/CO/NOx,2025-03-01 02:00:00+01:00,1.5015334913971878
2025,CO2/CO/NOx,2025-03-01 03:00:00+01:00,1.599914768935912
2025,CO2/CO/NOx,2025-03-01 04:00:00+01:00,1.6812763926058103
2025,CO2/CO/NOx,2025-03-01 05:00:00+01:00,1.7590637749189297
2025,CO2/CO/NOx,2025-03-01 06:00:00+01:00,1.8242259383649855
2025,CO2/CO/NOx,2025-03-01 07:00:00+01:00,1.8710268414064137
2025,CO2/CO/NOx,2025-03-01 08:00:00+01:00,1.8839334913499102
2025,CO2/CO/NOx,2025-03-01 09:00:00+01:00,1.8504039153629868
2025,CO2/CO/NOx,2025-03-01 10:00:00+01:00,1.8125685388535933
2025,CO2/CO/NOx,2025-03-01 11:00:00+01:00,1.7729108869375692
2025,CO2/CO/NOx,2025-03-01 12:00:00+01:00,1.7149237849136822
2025,CO2/CO/NOx,2025-03-01 13:00:00+01:00,1.6419452509907404
2025,CO2/CO/NOx,2025-03-01 14:00:00+01:00,1.5957554939230678
2025,CO2/CO/NOx,2025-03-01 15:00:00+01:00,1.5893930694454244
2025,CO2/CO/NOx,2025-03-01 16:00:00+01:00,1.6130351961220208
2025,CO2/CO/NOx,2025-03-01 17:00:00+01:00,1.6533975644616665
2025,CO2/CO/NOx,2025-03-01 18:00:00+01:00,1.721175517900214
2025,CO2/CO/NOx,2025-03-01 19:00:00+01:00,1.7523578606492856
2025,CO2/CO/NOx,2025-03-01 20:00:00+01:00,1.753535308515274
2025,CO2/CO/NOx,2025-03-01 21:00:00+01:00,1.7144757950172202
2025,CO2/CO/NOx,2025-03-01 22:00:00+01:00,1.6562251200987974
2025,CO2/CO/NOx,2025-03-01 23:00:00+01:00,1.620350685499519
2025,CO2/CO/NOx,2025-03-02 00:00:00+01:00,1.58606994867802
2025,CO2/CO/NOx,2025-03-02 01:00:00+01:00,1.5758749404302188
2025,CO2/CO/NOx,2025-03-02 02:00:00+01:00,1.611904172205691
2025,CO2/CO/NOx,2025-03-02 03:00:00+01:00,1.7023040718487747
2025,CO2/CO/NOx,2025-03-02 04:00:00+01:00,1.7808594981187664
2025,CO2/CO/NOx,2025-03-02 05:00:00+01:00,1.8566875456555345
2025,CO2/CO/NOx,2025-03-02 06:00:00+01:00,1.9003407748609213
2025,CO2/CO/NOx,2025-03-02 07:00:00+01:00,1.9080895193573264
2025,CO2/CO/NOx,2025-03-02 08:00:00+01:00,1.874151691812478
2025,CO2/CO/NOx,2025-03-02 09:00:00+01:00,1.789431300265613
2025,CO2/CO/NOx,2025-03-02 10:00:00+01:00,1.7107974975765161
2025,CO2/CO/NOx,2025-03-02 11:00:00+01:00,1.638509866231439
2025,CO2/CO/NOx,2025-03-02 12:00:00+01:00,1.5407891026529592
2025,CO2/CO/NOx,2025-03-02 13:00:00+01:00,1.4698278856183398
2025,CO2/CO/NOx,2025-03-02 14:00:00+01:00,1.4290353584539683
2025,CO2/CO/NOx,2025-03-02 15:00:00+01:00,1.4270694630774876
2025,CO2/CO/NOx,2025-03-02 16:00:00+01:00,1.461164125247173
2025,CO2/CO/NOx,2025-03-02 17:00:00+01:00,1.507816923331491
2025,CO2/CO/NOx,2025-03-02 18:00:00+01:00,1.5849523407440422
2025,CO2/CO/NOx,2025-03-02 19:00:00+01:00,1.6530306696049177
2025,CO2/CO/NOx,2025-03-02 20:00:00+01:00,1.6829350703961856
2025,CO2/CO/NOx,2025-03-02 21:00:00+01:00,1.6502656089742136
2025,CO2/CO/NOx,2025-03-02 22:00:00+01:00,1.6049880252777127
2025,CO2/CO/NOx,2025-03-02 23:00:00+01:00,1.5538639089082769
2025,CO2/CO/NOx,2025-03-03 00:00:00+01:00,1.491370215529144
2025,CO2/CO/NOx,2025-03-03 01:00:00+01:00,1.49313605506248
2025,CO2/CO/NOx,2025-03-03 02:00:00+01:00,1.5484026533520183
2025,CO2/CO/NOx,2025-03-03 03:00:00+01:00,1.6711605133492902
2025,CO2/CO/NOx,2025-03-03 04:00:00+01:00,1.8067142596778356
2025,CO2/CO/NOx,2025-03-03 05:00:00+01:00,1.931096065226056
2025,CO2/CO/NOx,2025-03-03 06:00:00+01:00,2.0150598732584366
2025,CO2/CO/NOx,2025-03-03 07:00:00+01:00,2.022037463099601
2025,CO2/CO/NOx,2025-03-03 08:00:00+01:00,1.968491344671937
2025,CO2/CO/NOx,2025-03-03 09:00:00+01:00,1.808163074859103
2025,CO2/CO/NOx,2025-03-03 10:00:00+01:00,1.6308044297033595
2025,CO2/CO/NOx,2025-03-03 11:00:00+01:00,1.4416491549249957
2025,CO2/CO/NOx,2025-03-03 12:00:00+01:00,1.2732721953195807
2025,CO2/CO/NOx,2025-03-03 13:00:00+01:00,1.1425951167962753
2025,CO2/CO/NOx,2025-03-03 14:00:00+01:00,1.0392472173112037
2025,CO2/CO/NOx,2025-03-03 15:00:00+01:00,1.016454472476799
2025,CO2/CO/NOx,2025-03-03 16:00:00+01:00,1.0809717095664988
2025,CO2/CO/NOx,2025-03-03 17:00:00+01:00,1.2223512866176856
2025,CO2/CO/NOx,2025-03-03 18:00:00+01:00,1.381056980005979
2025,CO2/CO/NOx,2025-03-03 19:00:00+01:00,1.5176448162293126
2025,CO2/CO/NOx,2025-03-03 20:00:00+01:00,1.599365983607122
2025,CO2/CO/NOx,2025-03-03 21:00:00+01:00,1.609827353890879
2025,CO2/CO/NOx,2025-03-03 22:00:00+01:00,1.5749470392818237
2025,CO2/CO/NOx,2025-03-03 23:00:00+01:00,1.503005862254596
2025,CO2/CO/NOx,2025-03-04 00:00:00+01:00,1.4284854678995342
2025,CO2/CO/NOx,2025-03-04 01:00:00+01:00,1.4138189824371512
2025,CO2/CO/NOx,2025-03-04 02:00:00+01:00,1.431795214242314
2025,CO2/CO/NOx,2025-03-04 03:00:00+01:00,1.502317065049472
2025,CO2/CO/NOx,2025-03-04 04:00:00+01:00,1.6370401098869742
2025,CO2/CO/NOx,2025-03-04 05:00:00+01:00,1.7522679778493448
2025,CO2/CO/NOx,2025-03-04 06:00:00+01:00,1.8404768854876217
2025,CO2/CO/NOx,2025-03-04 07:00:00+01:00,1.8899570601146904
2025,CO2/CO/NOx,2025-03-04 08:00:00+01:00,1.8780290658010341
2025,CO2/CO/NOx,2025-03-04 09:00:00+01:00,1.7502556290876767
2025,CO2/CO/NOx,2025-03-04 10:00:00+01:00,1.5848621495496105
2025,CO2/CO/NOx,2025-03-04 11:00:00+01:00,1.3814327549213241
2025,CO2/CO/NOx,2025-03-04 12:00:00+01:00,1.1948021247640095
2025,CO2/CO/NOx,2025-03-04 13:00:00+01:00,1.0882903443069576
2025,CO2/CO/NOx,2025-03-04 14:00:00+01:00,1.0041026105062953
2025,CO2/CO/NOx,2025-03-04 15:00:00+01:00,0.9756419880134888
2025,CO2/CO/NOx,2025-03-04 16:00:00+01:00,1.0087710746281773
2025,CO2/CO/NOx,2025-03-04 17:00:00+01:00,1.1187304146764325
2025,CO2/CO/NOx,2025-03-04 18:00:00+01:00,1.2569639402764587
2025,CO2/CO/NOx,2025-03-04 19:00:00+01:00,1.3674879850596866
2025,CO2/CO/NOx,2025-03-04 20:00:00+01:00,1.447397117333409
2025,CO2/CO/NOx,2025-03-04 21:00:00+01:00,1.4863038473888897
2025,CO2/CO/NOx,2025-03-04 22:00:00+01:00,1.489917915807912
2025,CO2/CO/NOx,2025-03-04 23:00:00+01:00,1.445619578993415
2025,CO2/CO/NOx,2025-03-05 00:00:00+01:00,1.377514968078388
2025,CO2/CO/NOx,2025-03-05 01:00:00+01:00,1.3540960880102917
2025,CO2/CO/NOx,2025-03-05 02:00:00+01:00,1.397107749005441
2025,CO2/CO/NOx,2025-03-05 03:00:00+01:00,1.5220405037926743
2025,CO2/CO/NOx,2025-03-05 04:00:00+01:00,1.6262309950843201
2025,CO2/CO/NOx,2025-03-05 05:00:00+01:00,1.7352333746401363
2025,CO2/CO/NOx,2025-03-05 06:00:00+01:00,1.8252157332940246
2025,CO2/CO/NOx,2025-03-05 07:00:00+01:00,1.8129950389191558
2025,CO2/CO/NOx,2025-03-05 08:00:00+01:00,1.709092159276035
2025,CO2/CO/NOx,2025-03-05 09:00:00+01:00,1.5260723461971566
2025,CO2/CO/NOx,2025-03-05 10:00:00+01:00,1.3261994860658235
2025,CO2/CO/NOx,2025-03-05 11:00:00+01:00,1.1320370005193119
2025,CO2/CO/NOx,2025-03-05 12:00:00+01:00,1.001583857352501
2025,CO2/CO/NOx,2025-03-05 13:00:00+01:00,0.9143664322419122
2025,CO2/CO/NOx,2025-03-05 14:00:00+01:00,0.9034255388426413
2025,CO2/CO/NOx,2025-03-05 15:00:00+01:00,0.9476002856423216
2025,CO2/CO/NOx,2025-03-05 16:00:00+01:00,0.9882100258924393
2025,CO2/CO/NOx,2025-03-05 17:00:00+01:00,1.066085228871214
2025,CO2/CO/NOx,2025-03-05 18:00:00+01:00,1.1591157781609334
2025,CO2/CO/NOx,2025-03-05 19:00:00+01:00,1.2305503447480546
2025,CO2/CO/NOx,2025-03-05 20:00:00+01:00,1.2730418333807758
2025,CO2/CO/NOx,2025-03-05 21:00:00+01:00,1.3163630314206125
2025,CO2/CO/NOx,2025-03-05 22:00:00+01:00,1.3435871579867895
2025,CO2/CO/NOx,2025-03-05 23:00:00+01:00,1.355091572857449
2025,CO2/CO/NOx,2025-03-06 00:00:00+01:00,1.3644011991172829
2025,CO2/CO/NOx,2025-03-06 01:00:00+01:00,1.3877607063271633
2025,CO2/CO/NOx,2025-03-06 02:00:00+01:00,1.4411304870584367
2025,CO2/CO/NOx,2025-03-06 03:00:00+01:00,1.4944151244301116
2025,CO2/CO/NOx,2025-03-06 04:00:00+01:00,1.5565995089651021
2025,CO2/CO/NOx,2025-03-06 05:00:00+01:00,1.6129874462465998
2025,CO2/CO/NOx,2025-03-06 06:00:00+01:00,1.6104952350704538
2025,CO2/CO/NOx,2025-03-06 07:00:00+01:00,1.541142164948374
2025,CO2/CO/NOx,2025-03-06 08:00:00+01:00,1.3973160515033665
2025,CO2/CO/NOx,2025-03-06 09:00:00+01:00,1.234652702271625
2025,CO2/CO/NOx,2025-03-06 10:00:00+01:00,1.084657544935247
2025,CO2/CO/NOx,2025-03-06 11:00:00+01:00,0.9460355468887175
2025,CO2/CO/NOx,2025-03-06 12:00:00+01:00,0.8599457217862488
2025,CO2/CO/NOx,2025-03-06 13:00:00+01:00,0.859408290209363
2025,CO2/CO/NOx,2025-03-06 14:00:00+01:00,0.9075403162602345
2025,CO2/CO/NOx,2025-03-06 15:00:00+01:00,0.9642641230150609
2025,CO2/CO/NOx,2025-03-06 16:00:00+01:00,1.0351255472208634
2025,CO2/CO/NOx,2025-03-06 17:00:00+01:00,1.0818582065102125
2025,CO2/CO/NOx,2025-03-06 18:00:00+01:00,1.1292208776546908
2025,CO2/CO/NOx,2025-03-06 19:00:00+01:00,1.1482160912168748
2025,CO2/CO/NOx,2025-03-06 20:00:00+01:00,1.1414652822545122
2025,CO2/CO/NOx,2025-03-06 21:00:00+01:00,1.1518786939466958
2025,CO2/CO/NOx,2025-03-06 22:00:00+01:00,1.1965968623721241
2025,CO2/CO/NOx,2025-03-06 23:00:00+01:00,1.261202652292134
2025,CO2/CO/NOx,2025-03-07 00:00:00+01:00,1.3477481659226567
2025,CO2/CO/NOx,2025-03-07 01:00:00+01:00,1.4330299142043235
2025,CO2/CO/NOx,2025-03-07 02:00:00+01:00,1.497887096357313
2025,CO2/CO/NOx,2025-03-07 03:00:00+01:00,1.5470859083897173
2025,CO2/CO/NOx,2025-03-07 04:00:00+01:00,1.5713611566743662
2025,CO2/CO/NOx,2025-03-07 05:00:00+01:00,1.564871434748927
2025,CO2/CO/NOx,2025-03-07 06:00:00+01:00,1.5513622499387758
2025,CO2/CO/NOx,2025-03-07 07:00:00+01:00,1.4876963933240392
2025,CO2/CO/NOx,2025-03-07 08:00:00+01:00,1.3515699641662684
2025,CO2/CO/NOx,2025-03-07 09:00:00+01:00,1.2087630641366764
2025,CO2/CO/NOx,2025-03-07 10:00:00+01:00,1.0737925596913487
2025,CO2/CO/NOx,2025-03-07 11:00:00+01:00,0.9603845178445779
2025,CO2/CO/NOx,2025-03-07 12:00:00+01:00,0.898080574766686
2025,CO2/CO/NOx,2025-03-07 13:00:00+01:00,0.8875035216543546
2025,CO2/CO/NOx,2025-03-07 14:00:00+01:00,0.9147464875987558
2025,CO2/CO/NOx,2025-03-07 15:00:00+01:00,0.9859573811547607
2025,CO2/CO/NOx,2025-03-07 16:00:00+01:00,1.0372080519677955
2025,CO2/CO/NOx,2025-03-07 17:00:00+01:00,1.0844686951218578
2025,CO2/CO/NOx,2025-03-07 18:00:00+01:00,1.1530451903271175
2025,CO2/CO/NOx,2025-03-07 19:00:00+01:00,1.1733888050970147
2025,CO2/CO/NOx,2025-03-07 20:00:00+01:00,1.1877280457225206
2025,CO2/CO/NOx,2025-03-07 21:00:00+01:00,1.2028688181474756
2025,CO2/CO/NOx,2025-03-07 22:00:00+01:00,1.2400297759777426
2025,CO2/CO/NOx,2025-03-07 23:00:00+01:00,1.2954346563918973
2025,CO2/CO/NOx,2025-03-08 00:00:00+01:00,1.3729162634900876
2025,CO2/CO/NOx,2025-03-08 01:00:00+01:00,1.4389731744335532
2025,CO2/CO/NOx,2025-03-08 02:00:00+01:00,1.491872343483386
2025,CO2/CO/NOx,2025-03-08 03:00:00+01:00,1.5289610567853054
2025,CO2/CO/NOx,2025-03-08 04:00:00+01:00,1.524347766675656
2025,CO2/CO/NOx,2025-03-08 05:00:00+01:00,1.5098453383538144
2025,CO2/CO/NOx,2025-03-08 06:00:00+01:00,1.4866748276171926
2025,CO2/CO/NOx,2025-03-08 07:00:00+01:00,1.4320362391959576
2025,CO2/CO/NOx,2025-03-08 08:00:00+01:00,1.3288703587191537
2025,CO2/CO/NOx,2025-03-08 09:00:00+01:00,1.2104686012105064
2025,CO2/CO/NOx,2025-03-08 10:00:00+01:00,1.0843023759945787
2025,CO2/CO/NOx,2025-03-08 11:00:00+01:00,0.9743829380612722
2025,CO2/CO/NOx,2025-03-08 12:00:00+01:00,0.900369099364217
2025,CO2/CO/NOx,2025-03-08 13:00:00+01:00,0.8728734717268604
2025,CO2/CO/NOx,2025-03-08 14:00:00+01:00,0.8881842293934855
2025,CO2/CO/NOx,2025-03-08 15:00:00+01:00,0.9582269571453541
2025,CO2/CO/NOx,2025-03-08 16:00:00+01:00,1.0244552348772693
2025,CO2/CO/NOx,2025-03-08 17:00:00+01:00,1.0647276620256392
2025,CO2/CO/NOx,2025-03-08 18:00:00+01:00,1.1080438775933845
2025,CO2/CO/NOx,2025-03-08 19:00:00+01:00,1.131541868728644
2025,CO2/CO/NOx,2025-03-08 20:00:00+01:00,1.156489765205451
2025,CO2/CO/NOx,2025-03-08 21:00:00+01:00,1.1855168221532688
2025,CO2/CO/NOx,2025-03-08 22:00:00+01:00,1.2472282425638548
2025,CO2/CO/NOx,2025-03-08 23:00:00+01:00,1.3200744192767075
2025,CO2/CO/NOx,2025-03-09 00:00:00+01:00,1.4081186410079525
2025,CO2/CO/NOx,2025-03-09 01:00:00+01:00,1.4869209231490668
2025,CO2/CO/NOx,2025-03-09 02:00:00+01:00,1.5238847975257002
2025,CO2/CO/NOx,2025-03-09 03:00:00+01:00,1.546036630537204
2025,CO2/CO/NOx,2025-03-09 04:00:00+01:00,1.5367815192109977
2025,CO2/CO/NOx,2025-03-09 05:00:00+01:00,1.5263417736620528
2025,CO2/CO/NOx,2025-03-09 06:00:00+01:00,1.4614381975314954
2025,CO2/CO/NOx,2025-03-09 07:00:00+01:00,1.373955715245035
2025,CO2/CO/NOx,2025-03-09 08:00:00+01:00,1.2426172047079724
2025,CO2/CO/NOx,2025-03-09 09:00:00+01:00,1.1024715744487132
2025,CO2/CO/NOx,2025-03-09 10:00:00+01:00,0.9770045229259803
2025,CO2/CO/NOx,2025-03-09 11:00:00+01:00,0.8747041101164534
2025,CO2/CO/NOx,2025-03-09 12:00:00+01:00,0.8233137084057286
2025,CO2/CO/NOx,2025-03-09 13:00:00+01:00,0.8200822568195321
2025,CO2/CO/NOx,2025-03-09 14:00:00+01:00,0.8483366923471699
2025,CO2/CO/NOx,2025-03-09 15:00:00+01:00,0.88624790143652
2025,CO2/CO/NOx,2025-03-09 16:00:00+01:00,0.9665275605154179
2025,CO2/CO/NOx,2025-03-09 17:00:00+01:00,1.0388447241780678
2025,CO2/CO/NOx,2025-03-09 18:00:00+01:00,1.0769158976999464
2025,CO2/CO/NOx,2025-03-09 19:00:00+01:00,1.0758792044698107
2025,CO2/CO/NOx,2025-03-09 20:00:00+01:00,1.0372487034620275
2025,CO2/CO/NOx,2025-03-09 21:00:00+01:00,0.9668345842356042
2025,CO2/CO/NOx,2025-03-09 22:00:00+01:00,0.8848182857406949
2025,CO2/CO/NOx,2025-03-09 23:00:00+01:00,0.8041803697581006
2025,CO2/CO/NOx,2025-03-10 00:00:00+01:00,0.7791566066266234
2025,CO2/CO/NOx,2025-03-10 01:00:00+01:00,0.8222338620582716
2025,CO2/CO/NOx,2025-03-10 02:00:00+01:00,0.9044050103955494
2025,CO2/CO/NOx,2025-03-10 03:00:00+01:00,1.0037157435181534
2025,CO2/CO/NOx,2025-03-10 04:00:00+01:00,1.1051184387150985
2025,CO2/CO/NOx,2025-03-10 05:00:00+01:00,1.2019231067166594
2025,CO2/CO/NOx,2025-03-10 06:00:00+01:00,1.249123488085844
2025,CO2/CO/NOx,2025-03-10 07:00:00+01:00,1.223754787483994
2025,CO2/CO/NOx,2025-03-10 08:00:00+01:00,1.1387235930058215
2025,CO2/CO/NOx,2025-03-10 09:00:00+01:00,1.035438887290525
2025,CO2/CO/NOx,2025-03-10 10:00:00+01:00,0.9266342455159748
2025,CO2/CO/NOx,2025-03-10 11:00:00+01:00,0.8450290427893523
2025,CO2/CO/NOx,2025-03-10 12:00:00+01:00,0.7991004190291469
2025,CO2/CO/NOx,2025-03-10 13:00:00+01:00,0.7955697852159658
2025,CO2/CO/NOx,2025-03-10 14:00:00+01:00,0.8354882443554017
2025,CO2/CO/NOx,2025-03-10 15:00:00+01:00,0.8774875033572288
2025,CO2/CO/NOx,2025-03-10 16:00:00+01:00,0.9050488153093902
2025,CO2/CO/NOx,2025-03-10 17:00:00+01:00,0.9504193000440188
2025,CO2/CO/NOx,2025-03-10 18:00:00+01:00,1.028500888615106
2025,CO2/CO/NOx,2025-03-10 19:00:00+01:00,1.0553027687555807
2025,CO2/CO/NOx,2025-03-10 20:00:00+01:00,1.0616259865712454
2025,CO2/CO/NOx,2025-03-10 21:00:00+01:00,1.0512638811609458
2025,CO2/CO/NOx,2025-03-10 22:00:00+01:00,1.0283665215286257
2025,CO2/CO/NOx,2025-03-10 23:00:00+01:00,1.0040493689639889
2025,CO2/CO/NOx,2025-03-11 00:00:00+01:00,0.9668189669416258
2025,CO2/CO/NOx,2025-03-11 01:00:00+01:00,0.968261236216635
2025,CO2/CO/NOx,2025-03-11 02:00:00+01:00,1.0347138986540276
2025,CO2/CO/NOx,2025-03-11 03:00:00+01:00,1.1507663943463315
2025,CO2/CO/NOx,2025-03-11 04:00:00+01:00,1.231467357773256
2025,CO2/CO/NOx,2025-03-11 05:00:00+01:00,1.306582530650941
2025,CO2/CO/NOx,2025-03-11 06:00:00+01:00,1.3359850980300925
2025,CO2/CO/NOx,2025-03-11 07:00:00+01:00,1.3105603034228104
2025,CO2/CO/NOx,2025-03-11 08:00:00+01:00,1.2328105207285145
2025,CO2/CO/NOx,2025-03-11 09:00:00+01:00,1.1153198424393544
2025,CO2/CO/NOx,2025-03-11 10:00:00+01:00,1.0130536663996523
2025,CO2/CO/NOx,2025-03-11 11:00:00+01:00,0.9258164878417712
2025,CO2/CO/NOx,2025-03-11 12:00:00+01:00,0.8600710360138667
2025,CO2/CO/NOx,2025-03-11 13:00:00+01:00,0.8310375205707652
2025,CO2/CO/NOx,2025-03-11 14:00:00+01:00,0.8425519927438662
2025,CO2/CO/NOx,2025-03-11 15:00:00+01:00,0.882065547599361
2025,CO2/CO/NOx,2025-03-11 16:00:00+01:00,0.9352804291046664
2025,CO2/CO/NOx,2025-03-11 17:00:00+01:00,0.984998457749375
2025,CO2/CO/NOx,2025-03-11 18:00:00+01:00,1.0373277930680622
2025,CO2/CO/NOx,2025-03-11 19:00:00+01:00,1.0458187185295384
2025,CO2/CO/NOx,2025-03-11 20:00:00+01:00,1.0241078843164055
2025,CO2/CO/NOx,2025-03-11 21:00:00+01:00,0.9893283584367858
2025,CO2/CO/NOx,2025-03-11 22:00:00+01:00,0.9555455143638564
2025,CO2/CO/NOx,2025-03-11 23:00:00+01:00,0.9410856732190329
2025,CO2/CO/NOx,2025-03-12 00:00:00+01:00,0.9474618803360524
2025,CO2/CO/NOx,2025-03-12 01:00:00+01:00,0.9934317802057747
2025,CO2/CO/NOx,2025-03-12 02:00:00+01:00,1.0685024380933505
2025,CO2/CO/NOx,2025-03-12 03:00:00+01:00,1.1672643953693445
2025,CO2/CO/NOx,2025-03-12 04:00:00+01:00,1.2299607604950116
2025,CO2/CO/NOx,2025-03-12 05:00:00+01:00,1.2843327507049205
2025,CO2/CO/NOx,2025-03-12 06:00:00+01:00,1.3217843499184587
2025,CO2/CO/NOx,2025-03-12 07:00:00+01:00,1.3092661258906158
2025,CO2/CO/NOx,2025-03-12 08:00:00+01:00,1.27996564079828
2025,CO2/CO/NOx,2025-03-12 09:00:00+01:00,1.2228779975677464
2025,CO2/CO/NOx,2025-03-12 10:00:00+01:00,1.1532458350213095
2025,CO2/CO/NOx,2025-03-12 11:00:00+01:00,1.083346308031266
2025,CO2/CO/NOx,2025-03-12 12:00:00+01:00,1.019274190087758
2025,CO2/CO/NOx,2025-03-12 13:00:00+01:00,0.9597369973088947
2025,CO2/CO/NOx,2025-03-12 14:00:00+01:00,0.9271770526749505
2025,CO2/CO/NOx,2025-03-12 15:00:00+01:00,0.9342709397194777
2025,CO2/CO/NOx,2025-03-12 16:00:00+01:00,0.9559672779778514
2025,CO2/CO/NOx,2025-03-12 17:00:00+01:00,1.0174149760220668
2025,CO2/CO/NOx,2025-03-12 18:00:00+01:00,1.1006707296207594
2025,CO2/CO/NOx,2025-03-12 19:00:00+01:00,1.1536202059573197
2025,CO2/CO/NOx,2025-03-12 20:00:00+01:00,1.1865919732202588
2025,CO2/CO/NOx,2025-03-12 21:00:00+01:00,1.191151790028634
2025,CO2/CO/NOx,2025-03-12 22:00:00+01:00,1.173378013840628
2025,CO2/CO/NOx,2025-03-12 23:00:00+01:00,1.1403450241837847
2025,CO2/CO/NOx,2025-03-13 00:00:00+01:00,1.0999351728235427
2025,CO2/CO/NOx,2025-03-13 01:00:00+01:00,1.1019811755390543
2025,CO2/CO/NOx,2025-03-13 02:00:00+01:00,1.1507511856134516
2025,CO2/CO/NOx,2025-03-13 03:00:00+01:00,1.2368342435312687
2025,CO2/CO/NOx,2025-03-13 04:00:00+01:00,1.3135692648101716
2025,CO2/CO/NOx,2025-03-13 05:00:00+01:00,1.3936864367721462
2025,CO2/CO/NOx,2025-03-13 06:00:00+01:00,1.4562964613218554
2025,CO2/CO/NOx,2025-03-13 07:00:00+01:00,1.4913206936801964
2025,CO2/CO/NOx,2025-03-13 08:00:00+01:00,1.4869029798072
2025,CO2/CO/NOx,2025-03-13 09:00:00+01:00,1.4579798463174665
2025,CO2/CO/NOx,2025-03-13 10:00:00+01:00,1.4477355336752529
2025,CO2/CO/NOx,2025-03-13 11:00:00+01:00,1.4396358636302673
2025,CO2/CO/NOx,2025-03-13 12:00:00+01:00,1.434512078174307
2025,CO2/CO/NOx,2025-03-13 13:00:00+01:00,1.4280528479302872
2025,CO2/CO/NOx,2025-03-13 14:00:00+01:00,1.4395289736426022
2025,CO2/CO/NOx,2025-03-13 15:00:00+01:00,1.447829616015963
2025,CO2/CO/NOx,2025-03-13 16:00:00+01:00,1.4483308367285823
2025,CO2/CO/NOx,2025-03-13 17:00:00+01:00,1.4296681252487744
2025,CO2/CO/NOx,2025-03-13 18:00:00+01:00,1.4357356733002158
2025,CO2/CO/NOx,2025-03-13 19:00:00+01:00,1.4126955453774739
2025,CO2/CO/NOx,2025-03-13 20:00:00+01:00,1.379524106299897
2025,CO2/CO/NOx,2025-03-13 21:00:00+01:00,1.3594060526103113
2025,CO2/CO/NOx,2025-03-13 22:00:00+01:00,1.3469349765461525
2025,CO2/CO/NOx,2025-03-13 23:00:00+01:00,1.3520273396296574
2025,CO2/CO/NOx,2025-03-14 00:00:00+01:00,1.340937354095126
2025,CO2/CO/NOx,2025-03-14 01:00:00+01:00,1.3624929887888686
2025,CO2/CO/NOx,2025-03-14 02:00:00+01:00,1.403084673791799
2025,CO2/CO/NOx,2025-03-14 03:00:00+01:00,1.4703070131468863
2025,CO2/CO/NOx,2025-03-14 04:00:00+01:00,1.5100923593909947
2025,CO2/CO/NOx,2025-03-14 05:00:00+01:00,1.541676991146931
2025,CO2/CO/NOx,2025-03-14 06:00:00+01:00,1.578458729152716
2025,CO2/CO/NOx,2025-03-14 07:00:00+01:00,1.5996208615536238
2025,CO2/CO/NOx,2025-03-14 08:00:00+01:00,1.609566025882101
2025,CO2/CO/NOx,2025-03-14 09:00:00+01:00,1.594839137452686
2025,CO2/CO/NOx,2025-03-14 10:00:00+01:00,1.6014278686799703
2025,CO2/CO/NOx,2025-03-14 11:00:00+01:00,1.6052779641713797
2025,CO2/CO/NOx,2025-03-14 12:00:00+01:00,1.5991650595164193
2025,CO2/CO/NOx,2025-03-14 13:00:00+01:00,1.5954300859886894
2025,CO2/CO/NOx,2025-03-14 14:00:00+01:00,1.5924997829936471
2025,CO2/CO/NOx,2025-03-14 15:00:00+01:00,1.5870765799184277
2025,CO2/CO/NOx,2025-03-14 16:00:00+01:00,1.5709799915626
2025,CO2/CO/NOx,2025-03-14 17:00:00+01:00,1.5563850751990078
2025,CO2/CO/NOx,2025-03-14 18:00:00+01:00,1.5495732367270165
2025,CO2/CO/NOx,2025-03-14 19:00:00+01:00,1.5157988273821208
2025,CO2/CO/NOx,2025-03-14 20:00:00+01:00,1.4686076738512448
2025,CO2/CO/NOx,2025-03-14 21:00:00+01:00,1.4237151444799445
2025,CO2/CO/NOx,2025-03-14 22:00:00+01:00,1.389786748798275
2025,CO2/CO/NOx,2025-03-14 23:00:00+01:00,1.37932944286338
2025,CO2/CO/NOx,2025-03-15 00:00:00+01:00,1.3645432632575514
2025,CO2/CO/NOx,2025-03-15 01:00:00+01:00,1.3727206810319297
2025,CO2/CO/NOx,2025-03-15 02:00:00+01:00,1.404963924059519
2025,CO2/CO/NOx,2025-03-15 03:00:00+01:00,1.4591191047457612
2025,CO2/CO/NOx,2025-03-15 04:00:00+01:00,1.4958013548777263
2025,CO2/CO/NOx,2025-03-15 05:00:00+01:00,1.5304882024163262
2025,CO2/CO/NOx,2025-03-15 06:00:00+01:00,1.5640842771073853
2025,CO2/CO/NOx,2025-03-15 07:00:00+01:00,1.585740138469871
2025,CO2/CO/NOx,2025-03-15 08:00:00+01:00,1.5982154883130206
2025,CO2/CO/NOx,2025-03-15 09:00:00+01:00,1.5907628422882543
2025,CO2/CO/NOx,2025-03-15 10:00:00+01:00,1.591772874178828
2025,CO2/CO/NOx,2025-03-15 11:00:00+01:00,1.5917807471000882
2025,CO2/CO/NOx,2025-03-15 12:00:00+01:00,1.5840350986560598
2025,CO2/CO/NOx,2025-03-15 13:00:00+01:00,1.5791360689268974
2025,CO2/CO/NOx,2025-03-15 14:00:00+01:00,1.5804830609802727
2025,CO2/CO/NOx,2025-03-15 15:00:00+01:00,1.5894392690928127
2025,CO2/CO/NOx,2025-03-15 16:00:00+01:00,1.5968483986394724
2025,CO2/CO/NOx,2025-03-15 17:00:00+01:00,1.603618423216495
2025,CO2/CO/NOx,2025-03-15 18:00:00+01:00,1.6240702691284903
2025,CO2/CO/NOx,2025-03-15 19:00:00+01:00,1.6250852442084291
2025,CO2/CO/NOx,2025-03-15 20:00:00+01:00,1.6074426356017022
2025,CO2/CO/NOx,2025-03-15 21:00:00+01:00,1.5727226639366594
2025,CO2/CO/NOx,2025-03-15 22:00:00+01:00,1.5392442154605928
2025,CO2/CO/NOx,2025-03-15 23:00:00+01:00,1.5086154801417138
2025,CO2/CO/NOx,2025-03-16 00:00:00+01:00,1.470674678897999
2025,CO2/CO/NOx,2025-03-16 01:00:00+01:00,1.451826151369144
2025,CO2/CO/NOx,2025-03-16 02:00:00+01:00,1.462081372341057
2025,CO2/CO/NOx,2025-03-16 03:00:00+01:00,1.5016216857059528
2025,CO2/CO/NOx,2025-03-16 04:00:00+01:00,1.5429219328900705
2025,CO2/CO/NOx,2025-03-16 05:00:00+01:00,1.5853113915735453
2025,CO2/CO/NOx,2025-03-16 06:00:00+01:00,1.6257462004081433
2025,CO2/CO/NOx,2025-03-16 07:00:00+01:00,1.6516076882556576
2025,CO2/CO/NOx,2025-03-16 08:00:00+01:00,1.6577055202622093
2025,CO2/CO/NOx,2025-03-16 09:00:00+01:00,1.6417458108160432
2025,CO2/CO/NOx,2025-03-16 10:00:00+01:00,1.6300074081006295
2025,CO2/CO/NOx,2025-03-16 11:00:00+01:00,1.6170796592302898
2025,CO2/CO/NOx,2025-03-16 12:00:00+01:00,1.6029247377750364
2025,CO2/CO/NOx,2025-03-16 13:00:00+01:00,1.595275959997016
2025,CO2/CO/NOx,2025-03-16 14:00:00+01:00,1.590836908017601
2025,CO2/CO/NOx,2025-03-16 15:00:00+01:00,1.594844466960858
2025,CO2/CO/NOx,2025-03-16 16:00:00+01:00,1.5979935643456593
2025,CO2/CO/NOx,2025-03-16 17:00:00+01:00,1.603926098284957
2025,CO2/CO/NOx,2025-03-16 18:00:00+01:00,1.624570920318742
2025,CO2/CO/NOx,2025-03-16 19:00:00+01:00,1.622129858572117
2025,CO2/CO/NOx,2025-03-16 20:00:00+01:00,1.6025550588778854
2025,CO2/CO/NOx,2025-03-16 21:00:00+01:00,1.575172591250691
2025,CO2/CO/NOx,2025-03-16 22:00:00+01:00,1.5418201491818153
2025,CO2/CO/NOx,2025-03-16 23:00:00+01:00,1.514665979776726
2025,CO2/CO/NOx,2025-03-17 00:00:00+01:00,1.4679447250838658
2025,CO2/CO/NOx,2025-03-17 01:00:00+01:00,1.4604741691962477
2025,CO2/CO/NOx,2025-03-17 02:00:00+01:00,1.4948807754776698
2025,CO2/CO/NOx,2025-03-17 03:00:00+01:00,1.586924267250989
2025,CO2/CO/NOx,2025-03-17 04:00:00+01:00,1.6767792121621026
2025,CO2/CO/NOx,2025-03-17 05:00:00+01:00,1.7622304180705874
2025,CO2/CO/NOx,2025-03-17 06:00:00+01:00,1.819495459659555
2025,CO2/CO/NOx,2025-03-17 07:00:00+01:00,1.828888022767963
2025,CO2/CO/NOx,2025-03-17 08:00:00+01:00,1.799029673876913
2025,CO2/CO/NOx,2025-03-17 09:00:00+01:00,1.714085366048879
2025,CO2/CO/NOx,2025-03-17 10:00:00+01:00,1.6527867028889272
2025,CO2/CO/NOx,2025-03-17 11:00:00+01:00,1.6069587135777714
2025,CO2/CO/NOx,2025-03-17 12:00:00+01:00,1.5966395679688563
2025,CO2/CO/NOx,2025-03-17 13:00:00+01:00,1.605723830780989
2025,CO2/CO/NOx,2025-03-17 14:00:00+01:00,1.6341061942487365
2025,CO2/CO/NOx,2025-03-17 15:00:00+01:00,1.6612645443213974
2025,CO2/CO/NOx,2025-03-17 16:00:00+01:00,1.679920216958188
2025,CO2/CO/NOx,2025-03-17 17:00:00+01:00,1.699074759569536
2025,CO2/CO/NOx,2025-03-17 18:00:00+01:00,1.721371179731896
2025,CO2/CO/NOx,2025-03-17 19:00:00+01:00,1.7064058504222026
2025,CO2/CO/NOx,2025-03-17 20:00:00+01:00,1.6783487500445902
2025,CO2/CO/NOx,2025-03-17 21:00:00+01:00,1.6393779970142122
2025,CO2/CO/NOx,2025-03-17 22:00:00+01:00,1.5968760197464495
2025,CO2/CO/NOx,2025-03-17 23:00:00+01:00,1.585542868390724
2025,CO2/CO/NOx,2025-03-18 00:00:00+01:00,1.5589320411918375
2025,CO2/CO/NOx,2025-03-18 01:00:00+01:00,1.5855546406462717
2025,CO2/CO/NOx,2025-03-18 02:00:00+01:00,1.667072123092098
2025,CO2/CO/NOx,2025-03-18 03:00:00+01:00,1.7986221041214792
2025,CO2/CO/NOx,2025-03-18 04:00:00+01:00,1.9123019762598548
2025,CO2/CO/NOx,2025-03-18 05:00:00+01:00,2.0129052530755605
2025,CO2/CO/NOx,2025-03-18 06:00:00+01:00,2.059347095522929
2025,CO2/CO/NOx,2025-03-18 07:00:00+01:00,2.0409040570471575
2025,CO2/CO/NOx,2025-03-18 08:00:00+01:00,1.9880341820925835
2025,CO2/CO/NOx,2025-03-18 09:00:00+01:00,1.8653945771081397
2025,CO2/CO/NOx,2025-03-18 10:00:00+01:00,1.7604599867688913
2025,CO2/CO/NOx,2025-03-18 11:00:00+01:00,1.6631708028282712
2025,CO2/CO/NOx,2025-03-18 12:00:00+01:00,1.5983291995487534
2025,CO2/CO/NOx,2025-03-18 13:00:00+01:00,1.5509274322791426
2025,CO2/CO/NOx,2025-03-18 14:00:00+01:00,1.5287791579032668
2025,CO2/CO/NOx,2025-03-18 15:00:00+01:00,1.5541898986943752
2025,CO2/CO/NOx,2025-03-18 16:00:00+01:00,1.59469442937723
2025,CO2/CO/NOx,2025-03-18 17:00:00+01:00,1.6476653065315305
2025,CO2/CO/NOx,2025-03-18 18:00:00+01:00,1.712038203169736
2025,CO2/CO/NOx,2025-03-18 19:00:00+01:00,1.743776602156431
2025,CO2/CO/NOx,2025-03-18 20:00:00+01:00,1.7387314557405404
2025,CO2/CO/NOx,2025-03-18 21:00:00+01:00,1.7061577001856794
2025,CO2/CO/NOx,2025-03-18 22:00:00+01:00,1.6607586463122597
2025,CO2/CO/NOx,2025-03-18 23:00:00+01:00,1.6070316494392083
2025,CO2/CO/NOx,2025-03-19 00:00:00+01:00,1.5792462049555764
2025,CO2/CO/NOx,2025-03-19 01:00:00+01:00,1.581584646358857
2025,CO2/CO/NOx,2025-03-19 02:00:00+01:00,1.6206226482001578
2025,CO2/CO/NOx,2025-03-19 03:00:00+01:00,1.745504573762652
2025,CO2/CO/NOx,2025-03-19 04:00:00+01:00,1.8669017181958534
2025,CO2/CO/NOx,2025-03-19 05:00:00+01:00,1.9496676237867552
2025,CO2/CO/NOx,2025-03-19 06:00:00+01:00,2.0107163138850845
2025,CO2/CO/NOx,2025-03-19 07:00:00+01:00,2.0238448281304584
2025,CO2/CO/NOx,2025-03-19 08:00:00+01:00,1.913623161264362
2025,CO2/CO/NOx,2025-03-19 09:00:00+01:00,1.734883929377853
2025,CO2/CO/NOx,2025-03-19 10:00:00+01:00,1.5333653452706284
2025,CO2/CO/NOx,2025-03-19 11:00:00+01:00,1.3284655728743118
2025,CO2/CO/NOx,2025-03-19 12:00:00+01:00,1.186645824615953
2025,CO2/CO/NOx,2025-03-19 13:00:00+01:00,1.0848133794190788
2025,CO2/CO/NOx,2025-03-19 14:00:00+01:00,1.0195217826455938
2025,CO2/CO/NOx,2025-03-19 15:00:00+01:00,1.0250997660577554
2025,CO2/CO/NOx,2025-03-19 16:00:00+01:00,1.0669609501726363
2025,CO2/CO/NOx,2025-03-19 17:00:00+01:00,1.125210782978255
2025,CO2/CO/NOx,2025-03-19 18:00:00+01:00,1.2277363707020728
2025,CO2/CO/NOx,2025-03-19 19:00:00+01:00,1.2985045850030077
2025,CO2/CO/NOx,2025-03-19 20:00:00+01:00,1.3393440966878618
2025,CO2/CO/NOx,2025-03-19 21:00:00+01:00,1.3629288844571903
2025,CO2/CO/NOx,2025-03-19 22:00:00+01:00,1.368215465342507
2025,CO2/CO/NOx,2025-03-19 23:00:00+01:00,1.3572364450067465
2025,CO2/CO/NOx,2025-03-20 00:00:00+01:00,1.3257880392898136
2025,CO2/CO/NOx,2025-03-20 01:00:00+01:00,1.3161753719997122
2025,CO2/CO/NOx,2025-03-20 02:00:00+01:00,1.3594100072756674
2025,CO2/CO/NOx,2025-03-20 03:00:00+01:00,1.438427161468715
2025,CO2/CO/NOx,2025-03-20 04:00:00+01:00,1.4955073735897602
2025,CO2/CO/NOx,2025-03-20 05:00:00+01:00,1.5453736239459608
2025,CO2/CO/NOx,2025-03-20 06:00:00+01:00,1.5423617444004891
2025,CO2/CO/NOx,2025-03-20 07:00:00+01:00,1.468964590168422
2025,CO2/CO/NOx,2025-03-20 08:00:00+01:00,1.357449307916279
2025,CO2/CO/NOx,2025-03-20 09:00:00+01:00,1.212387164860698
2025,CO2/CO/NOx,2025-03-20 10:00:00+01:00,1.0732013574975618
2025,CO2/CO/NOx,2025-03-20 11:00:00+01:00,0.96550107740404
2025,CO2/CO/NOx,2025-03-20 12:00:00+01:00,0.8928412433463835
2025,CO2/CO/NOx,2025-03-20 13:00:00+01:00,0.8711246760058179
2025,CO2/CO/NOx,2025-03-20 14:00:00+01:00,0.8975266726782472
2025,CO2/CO/NOx,2025-03-20 15:00:00+01:00,0.9564837224595997
2025,CO2/CO/NOx,2025-03-20 16:00:00+01:00,0.9913010396968129
2025,CO2/CO/NOx,2025-03-20 17:00:00+01:00,1.0213217489869095
2025,CO2/CO/NOx,2025-03-20 18:00:00+01:00,1.0372480586282031
2025,CO2/CO/NOx,2025-03-20 19:00:00+01:00,1.0072006490055816
2025,CO2/CO/NOx,2025-03-20 20:00:00+01:00,0.9634650727367047
2025,CO2/CO/NOx,2025-03-20 21:00:00+01:00,0.9283912808999221
2025,CO2/CO/NOx,2025-03-20 22:00:00+01:00,0.9155095568038478
2025,CO2/CO/NOx,2025-03-20 23:00:00+01:00,0.9551816082448561
2025,CO2/CO/NOx,2025-03-21 00:00:00+01:00,1.0422185166912286
2025,CO2/CO/NOx,2025-03-21 01:00:00+01:00,1.1415737334680314
2025,CO2/CO/NOx,2025-03-21 02:00:00+01:00,1.264246580246323
2025,CO2/CO/NOx,2025-03-21 03:00:00+01:00,1.3859701131478976
2025,CO2/CO/NOx,2025-03-21 04:00:00+01:00,1.4421305806603975
2025,CO2/CO/NOx,2025-03-21 05:00:00+01:00,1.4185304717511693
2025,CO2/CO/NOx,2025-03-21 06:00:00+01:00,1.3366047529992546
2025,CO2/CO/NOx,2025-03-21 07:00:00+01:00,1.2064229888594238
2025,CO2/CO/NOx,2025-03-21 08:00:00+01:00,1.041911690831653
2025,CO2/CO/NOx,2025-03-21 09:00:00+01:00,0.8605294746393827
2025,CO2/CO/NOx,2025-03-21 10:00:00+01:00,0.7320470068139876
2025,CO2/CO/NOx,2025-03-21 11:00:00+01:00,0.6745474160787487
2025,CO2/CO/NOx,2025-03-21 12:00:00+01:00,0.6797853010433714
2025,CO2/CO/NOx,2025-03-21 13:00:00+01:00,0.71588327093095
2025,CO2/CO/NOx,2025-03-21 14:00:00+01:00,0.7813610905873868
2025,CO2/CO/NOx,2025-03-21 15:00:00+01:00,0.8749696713156889
2025,CO2/CO/NOx,2025-03-21 16:00:00+01:00,0.9486266259743236
2025,CO2/CO/NOx,2025-03-21 17:00:00+01:00,0.964006192787198
2025,CO2/CO/NOx,2025-03-21 18:00:00+01:00,0.9432339782577719
2025,CO2/CO/NOx,2025-03-21 19:00:00+01:00,0.9008410288328659
2025,CO2/CO/NOx,2025-03-21 20:00:00+01:00,0.8339277717773882
2025,CO2/CO/NOx,2025-03-21 21:00:00+01:00,0.7512280011496221
2025,CO2/CO/NOx,2025-03-21 22:00:00+01:00,0.6753020244599651
2025,CO2/CO/NOx,2025-03-21 23:00:00+01:00,0.662247281396208
2025,CO2/CO/NOx,2025-03-22 00:00:00+01:00,0.6769611052835048
2025,CO2/CO/NOx,2025-03-22 01:00:00+01:00,0.7067293898760043
2025,CO2/CO/NOx,2025-03-22 02:00:00+01:00,0.7569796836404521
2025,CO2/CO/NOx,2025-03-22 03:00:00+01:00,0.8569465409847384
2025,CO2/CO/NOx,2025-03-22 04:00:00+01:00,0.9617232108011787
2025,CO2/CO/NOx,2025-03-22 05:00:00+01:00,1.01434902917197
2025,CO2/CO/NOx,2025-03-22 06:00:00+01:00,1.019182733657319
2025,CO2/CO/NOx,2025-03-22 07:00:00+01:00,0.9791090366585979
2025,CO2/CO/NOx,2025-03-22 08:00:00+01:00,0.9233765544980682
2025,CO2/CO/NOx,2025-03-22 09:00:00+01:00,0.8326038779649972
2025,CO2/CO/NOx,2025-03-22 10:00:00+01:00,0.7354424901022241
2025,CO2/CO/NOx,2025-03-22 11:00:00+01:00,0.6515342554405273
2025,CO2/CO/NOx,2025-03-22 12:00:00+01:00,0.6048958880288104
2025,CO2/CO/NOx,2025-03-22 13:00:00+01:00,0.5600461848243019
2025,CO2/CO/NOx,2025-03-22 14:00:00+01:00,0.5503045583152927
2025,CO2/CO/NOx,2025-03-22 15:00:00+01:00,0.5658607447156839
2025,CO2/CO/NOx,2025-03-22 16:00:00+01:00,0.6152830812112339
2025,CO2/CO/NOx,2025-03-22 17:00:00+01:00,0.6742002449679939
2025,CO2/CO/NOx,2025-03-22 18:00:00+01:00,0.7267145607705535
2025,CO2/CO/NOx,2025-03-22 19:00:00+01:00,0.7611563182683403
2025,CO2/CO/NOx,2025-03-22 20:00:00+01:00,0.7826540984549801
2025,CO2/CO/NOx,2025-03-22 21:00:00+01:00,0.7696987052004908
2025,CO2/CO/NOx,2025-03-22 22:00:00+01:00,0.7324004177623797
2025,CO2/CO/NOx,2025-03-22 23:00:00+01:00,0.7183239324054127
2025,CO2/CO/NOx,2025-03-23 00:00:00+01:00,0.6783336567550087
2025,CO2/CO/NOx,2025-03-23 01:00:00+01:00,0.676115660205722
2025,CO2/CO/NOx,2025-03-23 02:00:00+01:00,0.6987575917005423
2025,CO2/CO/NOx,2025-03-23 03:00:00+01:00,0.7407473456184122
2025,CO2/CO/NOx,2025-03-23 04:00:00+01:00,0.8098593692342007
2025,CO2/CO/NOx,2025-03-23 05:00:00+01:00,0.8826808025422265
2025,CO2/CO/NOx,2025-03-23 06:00:00+01:00,0.9304645854381738
2025,CO2/CO/NOx,2025-03-23 07:00:00+01:00,0.9580828195712089
2025,CO2/CO/NOx,2025-03-23 08:00:00+01:00,0.9507297408027103
2025,CO2/CO/NOx,2025-03-23 09:00:00+01:00,0.8990431887993393
2025,CO2/CO/NOx,2025-03-23 10:00:00+01:00,0.8440225960484814
2025,CO2/CO/NOx,2025-03-23 11:00:00+01:00,0.7899287478878771
2025,CO2/CO/NOx,2025-03-23 12:00:00+01:00,0.7373988364032715
2025,CO2/CO/NOx,2025-03-23 13:00:00+01:00,0.7150124133761817
2025,CO2/CO/NOx,2025-03-23 14:00:00+01:00,0.7140692386485984
2025,CO2/CO/NOx,2025-03-23 15:00:00+01:00,0.7458853527266863
2025,CO2/CO/NOx,2025-03-23 16:00:00+01:00,0.8014913322724411
2025,CO2/CO/NOx,2025-03-23 17:00:00+01:00,0.8704169202768637
2025,CO2/CO/NOx,2025-03-23 18:00:00+01:00,0.93131278133013
2025,CO2/CO/NOx,2025-03-23 19:00:00+01:00,0.9622880056867821
2025,CO2/CO/NOx,2025-03-23 20:00:00+01:00,0.9634964381590938
2025,CO2/CO/NOx,2025-03-23 21:00:00+01:00,0.9261183271427956
2025,CO2/CO/NOx,2025-03-23 22:00:00+01:00,0.8955054785591261
2025,CO2/CO/NOx,2025-03-23 23:00:00+01:00,0.8800227305511417
2025,CO2/CO/NOx,2025-03-24 00:00:00+01:00,0.8696829132122788
2025,CO2/CO/NOx,2025-03-24 01:00:00+01:00,0.8899707280434234
2025,CO2/CO/NOx,2025-03-24 02:00:00+01:00,0.9446796305596548
2025,CO2/CO/NOx,2025-03-24 03:00:00+01:00,1.0021325257694575
2025,CO2/CO/NOx,2025-03-24 04:00:00+01:00,1.0690514025087885
2025,CO2/CO/NOx,2025-03-24 05:00:00+01:00,1.1123876930365804
2025,CO2/CO/NOx,2025-03-24 06:00:00+01:00,1.1375669616606314
2025,CO2/CO/NOx,2025-03-24 07:00:00+01:00,1.150026043757272
2025,CO2/CO/NOx,2025-03-24 08:00:00+01:00,1.1287732520124705
2025,CO2/CO/NOx,2025-03-24 09:00:00+01:00,1.0760950368104885
2025,CO2/CO/NOx,2025-03-24 10:00:00+01:00,1.012258550251769
2025,CO2/CO/NOx,2025-03-24 11:00:00+01:00,0.9516060096547152
2025,CO2/CO/NOx,2025-03-24 12:00:00+01:00,0.8945219430301253
2025,CO2/CO/NOx,2025-03-24 13:00:00+01:00,0.8755004827165129
2025,CO2/CO/NOx,2025-03-24 14:00:00+01:00,0.8668182789875486
2025,CO2/CO/NOx,2025-03-24 15:00:00+01:00,0.8902879194921671
2025,CO2/CO/NOx,2025-03-24 16:00:00+01:00,0.9188956094998048
2025,CO2/CO/NOx,2025-03-24 17:00:00+01:00,0.9544287615066973
2025,CO2/CO/NOx,2025-03-24 18:00:00+01:00,0.9967403425188562
2025,CO2/CO/NOx,2025-03-24 19:00:00+01:00,1.014995595856125
2025,CO2/CO/NOx,2025-03-24 20:00:00+01:00,1.0131850334633898
2025,CO2/CO/NOx,2025-03-24 21:00:00+01:00,0.9844411980996064
2025,CO2/CO/NOx,2025-03-24 22:00:00+01:00,0.9387126932011944
2025,CO2/CO/NOx,2025-03-24 23:00:00+01:00,0.8873455365526248
2025,CO2/CO/NOx,2025-03-25 00:00:00+01:00,0.8335297368942414
2025,CO2/CO/NOx,2025-03-25 01:00:00+01:00,0.8134992312745847
2025,CO2/CO/NOx,2025-03-25 02:00:00+01:00,0.8271497835724007
2025,CO2/CO/NOx,2025-03-25 03:00:00+01:00,0.8769952089256866
2025,CO2/CO/NOx,2025-03-25 04:00:00+01:00,0.9388870239245225
2025,CO2/CO/NOx,2025-03-25 05:00:00+01:00,0.9984001440926354
2025,CO2/CO/NOx,2025-03-25 06:00:00+01:00,1.0506628992963183
2025,CO2/CO/NOx,2025-03-25 07:00:00+01:00,1.081497101627579
2025,CO2/CO/NOx,2025-03-25 08:00:00+01:00,1.0962417610082507
2025,CO2/CO/NOx,2025-03-25 09:00:00+01:00,1.070956881282893
2025,CO2/CO/NOx,2025-03-25 10:00:00+01:00,1.0348429657684708
2025,CO2/CO/NOx,2025-03-25 11:00:00+01:00,0.9750935654396035
2025,CO2/CO/NOx,2025-03-25 12:00:00+01:00,0.9048508996904633
2025,CO2/CO/NOx,2025-03-25 13:00:00+01:00,0.8544684811178734
2025,CO2/CO/NOx,2025-03-25 14:00:00+01:00,0.8275815340656617
2025,CO2/CO/NOx,2025-03-25 15:00:00+01:00,0.8391539008391102
2025,CO2/CO/NOx,2025-03-25 16:00:00+01:00,0.8763313681659376
2025,CO2/CO/NOx,2025-03-25 17:00:00+01:00,0.9331562488963971
2025,CO2/CO/NOx,2025-03-25 18:00:00+01:00,1.0088603077088247
2025,CO2/CO/NOx,2025-03-25 19:00:00+01:00,1.0524348019758625
2025,CO2/CO/NOx,2025-03-25 20:00:00+01:00,1.0583671737096694
2025,CO2/CO/NOx,2025-03-25 21:00:00+01:00,1.023593253372743
2025,CO2/CO/NOx,2025-03-25 22:00:00+01:00,0.9924740455490616
2025,CO2/CO/NOx,2025-03-25 23:00:00+01:00,0.9567308307771552
2025,CO2/CO/NOx,2025-03-26 00:00:00+01:00,0.9210719571923938
2025,CO2/CO/NOx,2025-03-26 01:00:00+01:00,0.9175298108746448
2025,CO2/CO/NOx,2025-03-26 02:00:00+01:00,0.9423542522304783
2025,CO2/CO/NOx,2025-03-26 03:00:00+01:00,1.0135188321055422
2025,CO2/CO/NOx,2025-03-26 04:00:00+01:00,1.0687885690066077
2025,CO2/CO/NOx,2025-03-26 05:00:00+01:00,1.1100159841153125
2025,CO2/CO/NOx,2025-03-26 06:00:00+01:00,1.134005934450675
2025,CO2/CO/NOx,2025-03-26 07:00:00+01:00,1.1492037091534788
2025,CO2/CO/NOx,2025-03-26 08:00:00+01:00,1.1338420583511315
2025,CO2/CO/NOx,2025-03-26 09:00:00+01:00,1.0778443802126099
2025,CO2/CO/NOx,2025-03-26 10:00:00+01:00,1.0438034885659089
2025,CO2/CO/NOx,2025-03-26 11:00:00+01:00,1.0089975776849405
2025,CO2/CO/NOx,2025-03-26 12:00:00+01:00,0.9822607193732128
2025,CO2/CO/NOx,2025-03-26 13:00:00+01:00,0.973548661652836
2025,CO2/CO/NOx,2025-03-26 14:00:00+01:00,0.9986692369599335
2025,CO2/CO/NOx,2025-03-26 15:00:00+01:00,1.0565713640942784
2025,CO2/CO/NOx,2025-03-26 16:00:00+01:00,1.1192032955892797
2025,CO2/CO/NOx,2025-03-26 17:00:00+01:00,1.1716544211164819
2025,CO2/CO/NOx,2025-03-26 18:00:00+01:00,1.2190222345364639
2025,CO2/CO/NOx,2025-03-26 19:00:00+01:00,1.2457494369252324
2025,CO2/CO/NOx,2025-03-26 20:00:00+01:00,1.2259281595656206
2025,CO2/CO/NOx,2025-03-26 21:00:00+01:00,1.163828134217117
2025,CO2/CO/NOx,2025-03-26 22:00:00+01:00,1.1030206628305428
2025,CO2/CO/NOx,2025-03-26 23:00:00+01:00,1.060588073173048
2025,CO2/CO/NOx,2025-03-27 00:00:00+01:00,1.0241907735197593
2025,CO2/CO/NOx,2025-03-27 01:00:00+01:00,1.0221523902722836
2025,CO2/CO/NOx,2025-03-27 02:00:00+01:00,1.0507444806485247
2025,CO2/CO/NOx,2025-03-27 03:00:00+01:00,1.1214540132713908
2025,CO2/CO/NOx,2025-03-27 04:00:00+01:00,1.1960030915924933
2025,CO2/CO/NOx,2025-03-27 05:00:00+01:00,1.2620876852617864
2025,CO2/CO/NOx,2025-03-27 06:00:00+01:00,1.3104705858920658
2025,CO2/CO/NOx,2025-03-27 07:00:00+01:00,1.3359034131909548
2025,CO2/CO/NOx,2025-03-27 08:00:00+01:00,1.331452878114684
2025,CO2/CO/NOx,2025-03-27 09:00:00+01:00,1.2985931384512572
2025,CO2/CO/NOx,2025-03-27 10:00:00+01:00,1.2732913223462035
2025,CO2/CO/NOx,2025-03-27 11:00:00+01:00,1.2434724302539675
2025,CO2/CO/NOx,2025-03-27 12:00:00+01:00,1.2271883837323119
2025,CO2/CO/NOx,2025-03-27 13:00:00+01:00,1.218566924837919
2025,CO2/CO/NOx,2025-03-27 14:00:00+01:00,1.2111511330410163
2025,CO2/CO/NOx,2025-03-27 15:00:00+01:00,1.2035583048435772
2025,CO2/CO/NOx,2025-03-27 16:00:00+01:00,1.1912453749585645
2025,CO2/CO/NOx,2025-03-27 17:00:00+01:00,1.1908002489339113
2025,CO2/CO/NOx,2025-03-27 18:00:00+01:00,1.2171679659142565
2025,CO2/CO/NOx,2025-03-27 19:00:00+01:00,1.2346488160921392
2025,CO2/CO/NOx,2025-03-27 20:00:00+01:00,1.2609196015372452
2025,CO2/CO/NOx,2025-03-27 21:00:00+01:00,1.2863635989849056
2025,CO2/CO/NOx,2025-03-27 22:00:00+01:00,1.311633834659763
2025,CO2/CO/NOx,2025-03-27 23:00:00+01:00,1.3199455006607106
2025,CO2/CO/NOx,2025-03-28 00:00:00+01:00,1.2960225103725245
2025,CO2/CO/NOx,2025-03-28 01:00:00+01:00,1.2975279481871564
2025,CO2/CO/NOx,2025-03-28 02:00:00+01:00,1.3307515952760691
2025,CO2/CO/NOx,2025-03-28 03:00:00+01:00,1.36897003180845
2025,CO2/CO/NOx,2025-03-28 04:00:00+01:00,1.4146596429589353
2025,CO2/CO/NOx,2025-03-28 05:00:00+01:00,1.4715964686586234
2025,CO2/CO/NOx,2025-03-28 06:00:00+01:00,1.5220843651489238
2025,CO2/CO/NOx,2025-03-28 07:00:00+01:00,1.567602139727981
2025,CO2/CO/NOx,2025-03-28 08:00:00+01:00,1.5316705402071897
2025,CO2/CO/NOx,2025-03-28 09:00:00+01:00,1.4328117045425013
2025,CO2/CO/NOx,2025-03-28 10:00:00+01:00,1.3371696435076672
2025,CO2/CO/NOx,2025-03-28 11:00:00+01:00,1.2271794012780668
2025,CO2/CO/NOx,2025-03-28 12:00:00+01:00,1.1136839538560204
2025,CO2/CO/NOx,2025-03-28 13:00:00+01:00,1.045699878191225
2025,CO2/CO/NOx,2025-03-28 14:00:00+01:00,1.0091476462859044
2025,CO2/CO/NOx,2025-03-28 15:00:00+01:00,1.0183970175329196
2025,CO2/CO/NOx,2025-03-28 16:00:00+01:00,1.0463746887492158
2025,CO2/CO/NOx,2025-03-28 17:00:00+01:00,1.0451265617978185
2025,CO2/CO/NOx,2025-03-28 18:00:00+01:00,1.0745102979036405
2025,CO2/CO/NOx,2025-03-28 19:00:00+01:00,1.096004538529679
2025,CO2/CO/NOx,2025-03-28 20:00:00+01:00,1.0897327354736643
2025,CO2/CO/NOx,2025-03-28 21:00:00+01:00,1.0730051539641021
2025,CO2/CO/NOx,2025-03-28 22:00:00+01:00,1.060613314714652
2025,CO2/CO/NOx,2025-03-28 23:00:00+01:00,1.05207613127597
2025,CO2/CO/NOx,2025-03-29 00:00:00+01:00,1.0404226019809824
2025,CO2/CO/NOx,2025-03-29 01:00:00+01:00,1.0382432715063075
2025,CO2/CO/NOx,2025-03-29 02:00:00+01:00,1.0522547491890928
2025,CO2/CO/NOx,2025-03-29 03:00:00+01:00,1.1012164029754363
2025,CO2/CO/NOx,2025-03-29 04:00:00+01:00,1.137552199475975
2025,CO2/CO/NOx,2025-03-29 05:00:00+01:00,1.1630729448621726
2025,CO2/CO/NOx,2025-03-29 06:00:00+01:00,1.1814086763271603
2025,CO2/CO/NOx,2025-03-29 07:00:00+01:00,1.1991908745659736
2025,CO2/CO/NOx,2025-03-29 08:00:00+01:00,1.2073938003891294
2025,CO2/CO/NOx,2025-03-29 09:00:00+01:00,1.1929027040848976
2025,CO2/CO/NOx,2025-03-29 10:00:00+01:00,1.170202427814189
2025,CO2/CO/NOx,2025-03-29 11:00:00+01:00,1.1382356765966182
2025,CO2/CO/NOx,2025-03-29 12:00:00+01:00,1.1015748167926254
2025,CO2/CO/NOx,2025-03-29 13:00:00+01:00,1.0682270213214038
2025,CO2/CO/NOx,2025-03-29 14:00:00+01:00,1.0465277307382819
2025,CO2/CO/NOx,2025-03-29 15:00:00+01:00,1.0421707838777008
2025,CO2/CO/NOx,2025-03-29 16:00:00+01:00,1.052818277118747
2025,CO2/CO/NOx,2025-03-29 17:00:00+01:00,1.084113471609546
2025,CO2/CO/NOx,2025-03-29 18:00:00+01:00,1.1248088782479269
2025,CO2/CO/NOx,2025-03-29 19:00:00+01:00,1.1384709004496356
2025,CO2/CO/NOx,2025-03-29 20:00:00+01:00,1.1368450082137052
2025,CO2/CO/NOx,2025-03-29 21:00:00+01:00,1.1124735796482386
2025,CO2/CO/NOx,2025-03-29 22:00:00+01:00,1.0848742729512935
2025,CO2/CO/NOx,2025-03-29 23:00:00+01:00,1.0512998286062598
2025,CO2/CO/NOx,2025-03-30 00:00:00+01:00,1.039901720298551
2025,CO2/CO/NOx,2025-03-30 01:00:00+01:00,1.0468122236734207
2025,CO2/CO/NOx,2025-03-30 03:00:00+02:00,1.0754888044477648
2025,CO2/CO/NOx,2025-03-30 04:00:00+02:00,1.1235546810889798
2025,CO2/CO/NOx,2025-03-30 05:00:00+02:00,1.1667601160151906
2025,CO2/CO/NOx,2025-03-30 06:00:00+02:00,1.1902940401188955
2025,CO2/CO/NOx,2025-03-30 07:00:00+02:00,1.181812638875154
2025,CO2/CO/NOx,2025-03-30 08:00:00+02:00,1.155165145295754
2025,CO2/CO/NOx,2025-03-30 09:00:00+02:00,1.0992055246095491
2025,CO2/CO/NOx,2025-03-30 10:00:00+02:00,1.039550517941626
2025,CO2/CO/NOx,2025-03-30 11:00:00+02:00,0.9902489984911496
2025,CO2/CO/NOx,2025-03-30 12:00:00+02:00,0.9478571791077851
2025,CO2/CO/NOx,2025-03-30 13:00:00+02:00,0.928504029872386
2025,CO2/CO/NOx,2025-03-30 14:00:00+02:00,0.9354329774917065
2025,CO2/CO/NOx,2025-03-30 15:00:00+02:00,0.9505929946710899
2025,CO2/CO/NOx,2025-03-30 16:00:00+02:00,0.9767729122270755
2025,CO2/CO/NOx,2025-03-30 17:00:00+02:00,1.007094350457804
2025,CO2/CO/NOx,2025-03-30 18:00:00+02:00,1.0438800193369957
2025,CO2/CO/NOx,2025-03-30 19:00:00+02:00,1.0563722586920885
2025,CO2/CO/NOx,2025-03-30 20:00:00+02:00,1.0511367385917694
2025,CO2/CO/NOx,2025-03-30 21:00:00+02:00,1.0156692312473174
2025,CO2/CO/NOx,2025-03-30 22:00:00+02:00,0.9793837982111773
2025,CO2/CO/NOx,2025-03-30 23:00:00+02:00,0.946550649903422
2025,CO2/CO/NOx,2025-03-31 00:00:00+02:00,0.9134788571740726
2025,CO2/CO/NOx,2025-03-31 01:00:00+02:00,0.9144152675678386
2025,CO2/CO/NOx,2025-03-31 02:00:00+02:00,0.9444627224183688
2025,CO2/CO/NOx,2025-03-31 03:00:00+02:00,0.9995323443804458
2025,CO2/CO/NOx,2025-03-31 04:00:00+02:00,1.0554781536671347
2025,CO2/CO/NOx,2025-03-31 05:00:00+02:00,1.104326780286733
2025,CO2/CO/NOx,2025-03-31 06:00:00+02:00,1.1505980182165436
2025,CO2/CO/NOx,2025-03-31 07:00:00+02:00,1.2032559062239592
2025,CO2/CO/NOx,2025-03-31 08:00:00+02:00,1.2282313045573126
2025,CO2/CO/NOx,2025-03-31 09:00:00+02:00,1.219215620593384
2025,CO2/CO/NOx,2025-03-31 10:00:00+02:00,1.2084281701093327
2025,CO2/CO/NOx,2025-03-31 11:00:00+02:00,1.1803912459524992
2025,CO2/CO/NOx,2025-03-31 12:00:00+02:00,1.1353690498351077
2025,CO2/CO/NOx,2025-03-31 13:00:00+02:00,1.1132675516810162
2025,CO2/CO/NOx,2025-03-31 14:00:00+02:00,1.1063386308754486
2025,CO2/CO/NOx,2025-03-31 15:00:00+02:00,1.130475397747179
2025,CO2/CO/NOx,2025-03-31 16:00:00+02:00,1.175751630050694
2025,CO2/CO/NOx,2025-03-31 17:00:00+02:00,1.2200801455076624
2025,CO2/CO/NOx,2025-03-31 18:00:00+02:00,1.2747786072785545
2025,CO2/CO/NOx,2025-03-31 19:00:00+02:00,1.302627512550409
2025,CO2/CO/NOx,2025-03-31 20:00:00+02:00,1.3048034193503173
2025,CO2/CO/NOx,2025-03-31 21:00:00+02:00,1.2732814627314089
2025,CO2/CO/NOx,2025-03-31 22:00:00+02:00,1.2289769881669237
2025,CO2/CO/NOx,2025-03-31 23:00:00+02:00,1.172919082741512
2025,CO2/CO/NOx,2025-04-01 00:00:00+02:00,1.1259935148642821
2025,CO2/CO/NOx,2025-04-01 01:00:00+02:00,1.1249470063396219
2025,CO2/CO/NOx,2025-04-01 02:00:00+02:00,1.1653010539123883
2025,CO2/CO/NOx,2025-04-01 03:00:00+02:00,1.2468526665593687
2025,CO2/CO/NOx,2025-04-01 04:00:00+02:00,1.3312208037037732
2025,CO2/CO/NOx,2025-04-01 05:00:00+02:00,1.422272421486045
2025,CO2/CO/NOx,2025-04-01 06:00:00+02:00,1.4913233643271502
2025,CO2/CO/NOx,2025-04-01 07:00:00+02:00,1.5252189399965868
2025,CO2/CO/NOx,2025-04-01 08:00:00+02:00,1.525652630397939
2025,CO2/CO/NOx,2025-04-01 09:00:00+02:00,1.5017143217572884
2025,CO2/CO/NOx,2025-04-01 10:00:00+02:00,1.469265479416352
2025,CO2/CO/NOx,2025-04-01 11:00:00+02:00,1.4369566181928555
2025,CO2/CO/NOx,2025-04-01 12:00:00+02:00,1.3712900577011888
2025,CO2/CO/NOx,2025-04-01 13:00:00+02:00,1.299111206642437
2025,CO2/CO/NOx,2025-04-01 14:00:00+02:00,1.2333835350923354
2025,CO2/CO/NOx,2025-04-01 15:00:00+02:00,1.1785380283418012
2025,CO2/CO/NOx,2025-04-01 16:00:00+02:00,1.134331601301551
2025,CO2/CO/NOx,2025-04-01 17:00:00+02:00,1.1233270484430746
2025,CO2/CO/NOx,2025-04-01 18:00:00+02:00,1.1465478991266156
2025,CO2/CO/NOx,2025-04-01 19:00:00+02:00,1.1683054055674555
2025,CO2/CO/NOx,2025-04-01 20:00:00+02:00,1.195745924614792
2025,CO2/CO/NOx,2025-04-01 21:00:00+02:00,1.1873842704420319
2025,CO2/CO/NOx,2025-04-01 22:00:00+02:00,1.182855905312826
2025,CO2/CO/NOx,2025-04-01 23:00:00+02:00,1.1653754013832842
2025,CO2/CO/NOx,2025-04-02 00:00:00+02:00,1.1169946494955585
2025,CO2/CO/NOx,2025-04-02 01:00:00+02:00,1.098830757397013
2025,CO2/CO/NOx,2025-04-02 02:00:00+02:00,1.12120699843284
2025,CO2/CO/NOx,2025-04-02 03:00:00+02:00,1.171895611328077
2025,CO2/CO/NOx,2025-04-02 04:00:00+02:00,1.2201190685278582
2025,CO2/CO/NOx,2025-04-02 05:00:00+02:00,1.2797821531461033
2025,CO2/CO/NOx,2025-04-02 06:00:00+02:00,1.3188921233500979
2025,CO2/CO/NOx,2025-04-02 07:00:00+02:00,1.3244395418271426
2025,CO2/CO/NOx,2025-04-02 08:00:00+02:00,1.2832210053674382
2025,CO2/CO/NOx,2025-04-02 09:00:00+02:00,1.1906127116784786
2025,CO2/CO/NOx,2025-04-02 10:00:00+02:00,1.116036689829669
2025,CO2/CO/NOx,2025-04-02 11:00:00+02:00,1.0400316477476073
2025,CO2/CO/NOx,2025-04-02 12:00:00+02:00,0.9647816600782911
2025,CO2/CO/NOx,2025-04-02 13:00:00+02:00,0.9016452768519967
2025,CO2/CO/NOx,2025-04-02 14:00:00+02:00,0.8881376389190199
2025,CO2/CO/NOx,2025-04-02 15:00:00+02:00,0.900415344789319
2025,CO2/CO/NOx,2025-04-02 16:00:00+02:00,0.9273636533213806
2025,CO2/CO/NOx,2025-04-02 17:00:00+02:00,0.9619380362653492
2025,CO2/CO/NOx,2025-04-02 18:00:00+02:00,1.0102130422959168
2025,CO2/CO/NOx,2025-04-02 19:00:00+02:00,1.0390163248662836
2025,CO2/CO/NOx,2025-04-02 20:00:00+02:00,1.0274648983595562
2025,CO2/CO/NOx,2025-04-02 21:00:00+02:00,0.9783086966876935
2025,CO2/CO/NOx,2025-04-02 22:00:00+02:00,0.9128915626258083
2025,CO2/CO/NOx,2025-04-02 23:00:00+02:00,0.8517340041302358
2025,CO2/CO/NOx,2025-04-03 00:00:00+02:00,0.8101183338557276
2025,CO2/CO/NOx,2025-04-03 01:00:00+02:00,0.8138332322006976
2025,CO2/CO/NOx,2025-04-03 02:00:00+02:00,0.861564886878423
2025,CO2/CO/NOx,2025-04-03 03:00:00+02:00,0.9573453002418525
2025,CO2/CO/NOx,2025-04-03 04:00:00+02:00,1.0419094098020423
2025,CO2/CO/NOx,2025-04-03 05:00:00+02:00,1.1189910581972438
2025,CO2/CO/NOx,2025-04-03 06:00:00+02:00,1.1735419481681584
2025,CO2/CO/NOx,2025-04-03 07:00:00+02:00,1.1808310067655656
2025,CO2/CO/NOx,2025-04-03 08:00:00+02:00,1.1238428397018303
2025,CO2/CO/NOx,2025-04-03 09:00:00+02:00,1.0350541644387754
2025,CO2/CO/NOx,2025-04-03 10:00:00+02:00,0.9476369893335733
2025,CO2/CO/NOx,2025-04-03 11:00:00+02:00,0.8611271445371177
2025,CO2/CO/NOx,2025-04-03 12:00:00+02:00,0.7769554699997298
2025,CO2/CO/NOx,2025-04-03 13:00:00+02:00,0.7199359640777352
2025,CO2/CO/NOx,2025-04-03 14:00:00+02:00,0.71108815725653
2025,CO2/CO/NOx,2025-04-03 15:00:00+02:00,0.7446061679287937
2025,CO2/CO/NOx,2025-04-03 16:00:00+02:00,0.7989612279262002
2025,CO2/CO/NOx,2025-04-03 17:00:00+02:00,0.8546117967252662
2025,CO2/CO/NOx,2025-04-03 18:00:00+02:00,0.9124875301202882
2025,CO2/CO/NOx,2025-04-03 19:00:00+02:00,0.9338442886731866
2025,CO2/CO/NOx,2025-04-03 20:00:00+02:00,0.9140064306523661
2025,CO2/CO/NOx,2025-04-03 21:00:00+02:00,0.8733375484659553
2025,CO2/CO/NOx,2025-04-03 22:00:00+02:00,0.8491384926558087
2025,CO2/CO/NOx,2025-04-03 23:00:00+02:00,0.8452715190326713
2025,CO2/CO/NOx,2025-04-04 00:00:00+02:00,0.8625680844246044
2025,CO2/CO/NOx,2025-04-04 01:00:00+02:00,0.9074710353944191
2025,CO2/CO/NOx,2025-04-04 02:00:00+02:00,0.9872257734338695
2025,CO2/CO/NOx,2025-04-04 03:00:00+02:00,1.0909775939724629
2025,CO2/CO/NOx,2025-04-04 04:00:00+02:00,1.1672280330683042
2025,CO2/CO/NOx,2025-04-04 05:00:00+02:00,1.2177713198066153
2025,CO2/CO/NOx,2025-04-04 06:00:00+02:00,1.2293766954000624
2025,CO2/CO/NOx,2025-04-04 07:00:00+02:00,1.1961622267700813
2025,CO2/CO/NOx,2025-04-04 08:00:00+02:00,1.1143312278632211
2025,CO2/CO/NOx,2025-04-04 09:00:00+02:00,1.005786313418838
2025,CO2/CO/NOx,2025-04-04 10:00:00+02:00,0.885043227850713
2025,CO2/CO/NOx,2025-04-04 11:00:00+02:00,0.7893507680049819
2025,CO2/CO/NOx,2025-04-04 12:00:00+02:00,0.7343609462902072
2025,CO2/CO/NOx,2025-04-04 13:00:00+02:00,0.7151963379429238
2025,CO2/CO/NOx,2025-04-04 14:00:00+02:00,0.7365370599300192
2025,CO2/CO/NOx,2025-04-04 15:00:00+02:00,0.8111434515383359
2025,CO2/CO/NOx,2025-04-04 16:00:00+02:00,0.8638826779184002
2025,CO2/CO/NOx,2025-04-04 17:00:00+02:00,0.8926054709217341
2025,CO2/CO/NOx,2025-04-04 18:00:00+02:00,0.9229672791879737
2025,CO2/CO/NOx,2025-04-04 19:00:00+02:00,0.9073311107913316
2025,CO2/CO/NOx,2025-04-04 20:00:00+02:00,0.8678065099464114
2025,CO2/CO/NOx,2025-04-04 21:00:00+02:00,0.8172165865692699
2025,CO2/CO/NOx,2025-04-04 22:00:00+02:00,0.7837366945704821
2025,CO2/CO/NOx,2025-04-04 23:00:00+02:00,0.7947380368503739
2025,CO2/CO/NOx,2025-04-05 00:00:00+02:00,0.8599651480666867
2025,CO2/CO/NOx,2025-04-05 01:00:00+02:00,0.9114691297226061
2025,CO2/CO/NOx,2025-04-05 02:00:00+02:00,0.9630653885110253
2025,CO2/CO/NOx,2025-04-05 03:00:00+02:00,1.0644669452688433
2025,CO2/CO/NOx,2025-04-05 04:00:00+02:00,1.1486816190244067
2025,CO2/CO/NOx,2025-04-05 05:00:00+02:00,1.182468247030218
2025,CO2/CO/NOx,2025-04-05 06:00:00+02:00,1.1588104361706175
2025,CO2/CO/NOx,2025-04-05 07:00:00+02:00,1.1017938567619423
2025,CO2/CO/NOx,2025-04-05 08:00:00+02:00,1.0093452410326464
2025,CO2/CO/NOx,2025-04-05 09:00:00+02:00,0.8801045136828686
2025,CO2/CO/NOx,2025-04-05 10:00:00+02:00,0.7669276531349787
2025,CO2/CO/NOx,2025-04-05 11:00:00+02:00,0.679932770759583
2025,CO2/CO/NOx,2025-04-05 12:00:00+02:00,0.6574248880503171
2025,CO2/CO/NOx,2025-04-05 13:00:00+02:00,0.6517437072797482
2025,CO2/CO/NOx,2025-04-05 14:00:00+02:00,0.6490774579084233
2025,CO2/CO/NOx,2025-04-05 15:00:00+02:00,0.7152462969582966
2025,CO2/CO/NOx,2025-04-05 16:00:00+02:00,0.7695490462674989
2025,CO2/CO/NOx,2025-04-05 17:00:00+02:00,0.8064755435122472
2025,CO2/CO/NOx,2025-04-05 18:00:00+02:00,0.8231512877122439
2025,CO2/CO/NOx,2025-04-05 19:00:00+02:00,0.8315128087689818
2025,CO2/CO/NOx,2025-04-05 20:00:00+02:00,0.8087408036679045
2025,CO2/CO/NOx,2025-04-05 21:00:00+02:00,0.7871577504103404
2025,CO2/CO/NOx,2025-04-05 22:00:00+02:00,0.763744452941965
2025,CO2/CO/NOx,2025-04-05 23:00:00+02:00,0.7885569898260248
2025,CO2/CO/NOx,2025-04-06 00:00:00+02:00,0.8929312396647376
2025,CO2/CO/NOx,2025-04-06 01:00:00+02:00,0.9941124309446147
2025,CO2/CO/NOx,2025-04-06 02:00:00+02:00,1.1129207860758161
2025,CO2/CO/NOx,2025-04-06 03:00:00+02:00,1.2497810967007599
2025,CO2/CO/NOx,2025-04-06 04:00:00+02:00,1.3512576269477388
2025,CO2/CO/NOx,2025-04-06 05:00:00+02:00,1.4163242682784454
2025,CO2/CO/NOx,2025-04-06 06:00:00+02:00,1.4489614092569978
2025,CO2/CO/NOx,2025-04-06 07:00:00+02:00,1.4361532471617287
2025,CO2/CO/NOx,2025-04-06 08:00:00+02:00,1.3944159705632493
2025,CO2/CO/NOx,2025-04-06 09:00:00+02:00,1.3447804507573689
2025,CO2/CO/NOx,2025-04-06 10:00:00+02:00,1.3031557254141313
2025,CO2/CO/NOx,2025-04-06 11:00:00+02:00,1.2719157410593414
2025,CO2/CO/NOx,2025-04-06 12:00:00+02:00,1.263373218687413
2025,CO2/CO/NOx,2025-04-06 13:00:00+02:00,1.2632357941010268
2025,CO2/CO/NOx,2025-04-06 14:00:00+02:00,1.2773022122245088
2025,CO2/CO/NOx,2025-04-06 15:00:00+02:00,1.2955204649419079
2025,CO2/CO/NOx,2025-04-06 16:00:00+02:00,1.3024804219343322
2025,CO2/CO/NOx,2025-04-06 17:00:00+02:00,1.3105556565934833
2025,CO2/CO/NOx,2025-04-06 18:00:00+02:00,1.3420643878993586
2025,CO2/CO/NOx,2025-04-06 19:00:00+02:00,1.3633047351180496
2025,CO2/CO/NOx,2025-04-06 20:00:00+02:00,1.3747460560705047
2025,CO2/CO/NOx,2025-04-06 21:00:00+02:00,1.3673994971156687
2025,CO2/CO/NOx,2025-04-06 22:00:00+02:00,1.3715253852845068
2025,CO2/CO/NOx,2025-04-06 23:00:00+02:00,1.3764647042368188
2025,CO2/CO/NOx,2025-04-07 00:00:00+02:00,1.3630379381266502
2025,CO2/CO/NOx,2025-04-07 01:00:00+02:00,1.361371013640889
2025,CO2/CO/NOx,2025-04-07 02:00:00+02:00,1.3774325493453305
2025,CO2/CO/NOx,2025-04-07 03:00:00+02:00,1.4485287149569865
2025,CO2/CO/NOx,2025-04-07 04:00:00+02:00,1.5348594112669176
2025,CO2/CO/NOx,2025-04-07 05:00:00+02:00,1.629295042891804
2025,CO2/CO/NOx,2025-04-07 06:00:00+02:00,1.7103640004204308
2025,CO2/CO/NOx,2025-04-07 07:00:00+02:00,1.7715326604754922
2025,CO2/CO/NOx,2025-04-07 08:00:00+02:00,1.7788662937235535
2025,CO2/CO/NOx,2025-04-07 09:00:00+02:00,1.7178378893699109
2025,CO2/CO/NOx,2025-04-07 10:00:00+02:00,1.6604102807642434
2025,CO2/CO/NOx,2025-04-07 11:00:00+02:00,1.5598079995461809
2025,CO2/CO/NOx,2025-04-07 12:00:00+02:00,1.4707877017080582
2025,CO2/CO/NOx,2025-04-07 13:00:00+02:00,1.3799245941952194
2025,CO2/CO/NOx,2025-04-07 14:00:00+02:00,1.2893093078366828
2025,CO2/CO/NOx,2025-04-07 15:00:00+02:00,1.2203968621652677
2025,CO2/CO/NOx,2025-04-07 16:00:00+02:00,1.168715175964397
2025,CO2/CO/NOx,2025-04-07 17:00:00+02:00,1.1578283320208953
2025,CO2/CO/NOx,2025-04-07 18:00:00+02:00,1.1967450950034406
2025,CO2/CO/NOx,2025-04-07 19:00:00+02:00,1.2497451636322927
2025,CO2/CO/NOx,2025-04-07 20:00:00+02:00,1.2670545305205456
2025,CO2/CO/NOx,2025-04-07 21:00:00+02:00,1.2526328652499974
2025,CO2/CO/NOx,2025-04-07 22:00:00+02:00,1.2315308455426968
2025,CO2/CO/NOx,2025-04-07 23:00:00+02:00,1.2015950331290661
2025,CO2/CO/NOx,2025-04-08 00:00:00+02:00,1.1696958151586585
2025,CO2/CO/NOx,2025-04-08 01:00:00+02:00,1.1839669271802702
2025,CO2/CO/NOx,2025-04-08 02:00:00+02:00,1.2571772137964166
2025,CO2/CO/NOx,2025-04-08 03:00:00+02:00,1.3657784158935513
2025,CO2/CO/NOx,2025-04-08 04:00:00+02:00,1.4642004068857077
2025,CO2/CO/NOx,2025-04-08 05:00:00+02:00,1.537329398211401
2025,CO2/CO/NOx,2025-04-08 06:00:00+02:00,1.5729111768768667
2025,CO2/CO/NOx,2025-04-08 07:00:00+02:00,1.551810254879547
2025,CO2/CO/NOx,2025-04-08 08:00:00+02:00,1.4626108936885551
2025,CO2/CO/NOx,2025-04-08 09:00:00+02:00,1.3322857477095802
2025,CO2/CO/NOx,2025-04-08 10:00:00+02:00,1.2195069103711516
2025,CO2/CO/NOx,2025-04-08 11:00:00+02:00,1.1181834013053646
2025,CO2/CO/NOx,2025-04-08 12:00:00+02:00,1.0495751550963912
2025,CO2/CO/NOx,2025-04-08 13:00:00+02:00,1.0168477786325303
2025,CO2/CO/NOx,2025-04-08 14:00:00+02:00,1.0191720604702015
2025,CO2/CO/NOx,2025-04-08 15:00:00+02:00,1.051863142957134
2025,CO2/CO/NOx,2025-04-08 16:00:00+02:00,1.0683400318703304
2025,CO2/CO/NOx,2025-04-08 17:00:00+02:00,1.0723307799832358
2025,CO2/CO/NOx,2025-04-08 18:00:00+02:00,1.0951025772610987
2025,CO2/CO/NOx,2025-04-08 19:00:00+02:00,1.1016141383793858
2025,CO2/CO/NOx,2025-04-08 20:00:00+02:00,1.087653813544105
2025,CO2/CO/NOx,2025-04-08 21:00:00+02:00,1.0568568970828014
2025,CO2/CO/NOx,2025-04-08 22:00:00+02:00,1.0335734514397095
2025,CO2/CO/NOx,2025-04-08 23:00:00+02:00,1.0437903007265719
2025,CO2/CO/NOx,2025-04-09 00:00:00+02:00,1.0616368743177973
2025,CO2/CO/NOx,2025-04-09 01:00:00+02:00,1.1184915220441443
2025,CO2/CO/NOx,2025-04-09 02:00:00+02:00,1.2091598997649085
2025,CO2/CO/NOx,2025-04-09 03:00:00+02:00,1.3311699552261969
2025,CO2/CO/NOx,2025-04-09 04:00:00+02:00,1.4295167821212849
2025,CO2/CO/NOx,2025-04-09 05:00:00+02:00,1.4763298237271676
2025,CO2/CO/NOx,2025-04-09 06:00:00+02:00,1.4831848268082441
2025,CO2/CO/NOx,2025-04-09 07:00:00+02:00,1.4479107572431995
2025,CO2/CO/NOx,2025-04-09 08:00:00+02:00,1.3612851753494937
2025,CO2/CO/NOx,2025-04-09 09:00:00+02:00,1.231755588506847
2025,CO2/CO/NOx,2025-04-09 10:00:00+02:00,1.1273887835284082
2025,CO2/CO/NOx,2025-04-09 11:00:00+02:00,1.0409422453911195
2025,CO2/CO/NOx,2025-04-09 12:00:00+02:00,0.9856016415159251
2025,CO2/CO/NOx,2025-04-09 13:00:00+02:00,0.9574463175794826
2025,CO2/CO/NOx,2025-04-09 14:00:00+02:00,0.9438265465718118
2025,CO2/CO/NOx,2025-04-09 15:00:00+02:00,0.9633717712414889
2025,CO2/CO/NOx,2025-04-09 16:00:00+02:00,0.9771385123753763
2025,CO2/CO/NOx,2025-04-09 17:00:00+02:00,0.9928370270206419
2025,CO2/CO/NOx,2025-04-09 18:00:00+02:00,1.0468152615705135
2025,CO2/CO/NOx,2025-04-09 19:00:00+02:00,1.0844673992868825
2025,CO2/CO/NOx,2025-04-09 20:00:00+02:00,1.0987555475168822
2025,CO2/CO/NOx,2025-04-09 21:00:00+02:00,1.0986423274292685
2025,CO2/CO/NOx,2025-04-09 22:00:00+02:00,1.085914067457496
2025,CO2/CO/NOx,2025-04-09 23:00:00+02:00,1.0566367737220284
2025,CO2/CO/NOx,2025-04-10 00:00:00+02:00,1.0162209852507866
2025,CO2/CO/NOx,2025-04-10 01:00:00+02:00,1.0100561374800765
2025,CO2/CO/NOx,2025-04-10 02:00:00+02:00,1.0454423971946514
2025,CO2/CO/NOx,2025-04-10 03:00:00+02:00,1.13365892306304
2025,CO2/CO/NOx,2025-04-10 04:00:00+02:00,1.2136544703322576
2025,CO2/CO/NOx,2025-04-10 05:00:00+02:00,1.287263665916762
2025,CO2/CO/NOx,2025-04-10 06:00:00+02:00,1.353131948235608
2025,CO2/CO/NOx,2025-04-10 07:00:00+02:00,1.3742991610145867
2025,CO2/CO/NOx,2025-04-10 08:00:00+02:00,1.3277393775529338
2025,CO2/CO/NOx,2025-04-10 09:00:00+02:00,1.2310089381960199
2025,CO2/CO/NOx,2025-04-10 10:00:00+02:00,1.133164653852142
2025,CO2/CO/NOx,2025-04-10 11:00:00+02:00,1.0279185817856877
2025,CO2/CO/NOx,2025-04-10 12:00:00+02:00,0.9329285242210436
2025,CO2/CO/NOx,2025-04-10 13:00:00+02:00,0.8634138064173581
2025,CO2/CO/NOx,2025-04-10 14:00:00+02:00,0.8237451988391679
2025,CO2/CO/NOx,2025-04-10 15:00:00+02:00,0.8491615025161664
2025,CO2/CO/NOx,2025-04-10 16:00:00+02:00,0.8724184435696022
2025,CO2/CO/NOx,2025-04-10 17:00:00+02:00,0.9082604855476648
2025,CO2/CO/NOx,2025-04-10 18:00:00+02:00,0.966437369102379
2025,CO2/CO/NOx,2025-04-10 19:00:00+02:00,1.0021077903882323
2025,CO2/CO/NOx,2025-04-10 20:00:00+02:00,1.0079236626763124
2025,CO2/CO/NOx,2025-04-10 21:00:00+02:00,0.9716550237697945
2025,CO2/CO/NOx,2025-04-10 22:00:00+02:00,0.9226081183297652
2025,CO2/CO/NOx,2025-04-10 23:00:00+02:00,0.8917098900704183
2025,CO2/CO/NOx,2025-04-11 00:00:00+02:00,0.905697129695082
2025,CO2/CO/NOx,2025-04-11 01:00:00+02:00,0.9466935233751743
2025,CO2/CO/NOx,2025-04-11 02:00:00+02:00,1.029517089460478
2025,CO2/CO/NOx,2025-04-11 03:00:00+02:00,1.1440736556210465
2025,CO2/CO/NOx,2025-04-11 04:00:00+02:00,1.242638086759038
2025,CO2/CO/NOx,2025-04-11 05:00:00+02:00,1.292845930453691
2025,CO2/CO/NOx,2025-04-11 06:00:00+02:00,1.2843649606969587
2025,CO2/CO/NOx,2025-04-11 07:00:00+02:00,1.2368550793414232
2025,CO2/CO/NOx,2025-04-11 08:00:00+02:00,1.1586979347735258
2025,CO2/CO/NOx,2025-04-11 09:00:00+02:00,1.0521871752266558
2025,CO2/CO/NOx,2025-04-11 10:00:00+02:00,0.9490542385062445
2025,CO2/CO/NOx,2025-04-11 11:00:00+02:00,0.8367847564139199
2025,CO2/CO/NOx,2025-04-11 12:00:00+02:00,0.7746542175627442
2025,CO2/CO/NOx,2025-04-11 13:00:00+02:00,0.76589648494167
2025,CO2/CO/NOx,2025-04-11 14:00:00+02:00,0.7907686606207964
2025,CO2/CO/NOx,2025-04-11 15:00:00+02:00,0.8490688354538936
2025,CO2/CO/NOx,2025-04-11 16:00:00+02:00,0.8894748235793861
2025,CO2/CO/NOx,2025-04-11 17:00:00+02:00,0.9166637886214963
2025,CO2/CO/NOx,2025-04-11 18:00:00+02:00,0.93362455483749
2025,CO2/CO/NOx,2025-04-11 19:00:00+02:00,0.9089994335878615
2025,CO2/CO/NOx,2025-04-11 20:00:00+02:00,0.8473505122659329
2025,CO2/CO/NOx,2025-04-11 21:00:00+02:00,0.801784096052447
2025,CO2/CO/NOx,2025-04-11 22:00:00+02:00,0.750290491051779
2025,CO2/CO/NOx,2025-04-11 23:00:00+02:00,0.7388069899582721
2025,CO2/CO/NOx,2025-04-12 00:00:00+02:00,0.7772660888111194
2025,CO2/CO/NOx,2025-04-12 01:00:00+02:00,0.8296020806735022
2025,CO2/CO/NOx,2025-04-12 02:00:00+02:00,0.9296702499771758
2025,CO2/CO/NOx,2025-04-12 03:00:00+02:00,1.0503151740541885
2025,CO2/CO/NOx,2025-04-12 04:00:00+02:00,1.1418415259868353
2025,CO2/CO/NOx,2025-04-12 05:00:00+02:00,1.1816482900848693
2025,CO2/CO/NOx,2025-04-12 06:00:00+02:00,1.1585103145618454
2025,CO2/CO/NOx,2025-04-12 07:00:00+02:00,1.0607398753773418
2025,CO2/CO/NOx,2025-04-12 08:00:00+02:00,0.9588312960469287
2025,CO2/CO/NOx,2025-04-12 09:00:00+02:00,0.854604988638838
2025,CO2/CO/NOx,2025-04-12 10:00:00+02:00,0.7366106496712104
2025,CO2/CO/NOx,2025-04-12 11:00:00+02:00,0.6502243378914213
2025,CO2/CO/NOx,2025-04-12 12:00:00+02:00,0.6002673281058534
2025,CO2/CO/NOx,2025-04-12 13:00:00+02:00,0.5885846194816567
2025,CO2/CO/NOx,2025-04-12 14:00:00+02:00,0.6012576524745218
2025,CO2/CO/NOx,2025-04-12 15:00:00+02:00,0.6361081512550018
2025,CO2/CO/NOx,2025-04-12 16:00:00+02:00,0.6756843319236995
2025,CO2/CO/NOx,2025-04-12 17:00:00+02:00,0.7118130242729616
2025,CO2/CO/NOx,2025-04-12 18:00:00+02:00,0.7175559937164327
2025,CO2/CO/NOx,2025-04-12 19:00:00+02:00,0.686332726825143
2025,CO2/CO/NOx,2025-04-12 20:00:00+02:00,0.6506515010474282
2025,CO2/CO/NOx,2025-04-12 21:00:00+02:00,0.623493256655467
2025,CO2/CO/NOx,2025-04-12 22:00:00+02:00,0.6010904567747293
2025,CO2/CO/NOx,2025-04-12 23:00:00+02:00,0.6012029813276621
2025,CO2/CO/NOx,2025-04-13 00:00:00+02:00,0.6089179485036887
2025,CO2/CO/NOx,2025-04-13 01:00:00+02:00,0.6152808125707643
2025,CO2/CO/NOx,2025-04-13 02:00:00+02:00,0.6343111490298168
2025,CO2/CO/NOx,2025-04-13 03:00:00+02:00,0.6456870667679054
2025,CO2/CO/NOx,2025-04-13 04:00:00+02:00,0.657923874077335
2025,CO2/CO/NOx,2025-04-13 05:00:00+02:00,0.6716989494327864
2025,CO2/CO/NOx,2025-04-13 06:00:00+02:00,0.6821359823494471
2025,CO2/CO/NOx,2025-04-13 07:00:00+02:00,0.6738677237496451
2025,CO2/CO/NOx,2025-04-13 08:00:00+02:00,0.6670228238396056
2025,CO2/CO/NOx,2025-04-13 09:00:00+02:00,0.6448189634031434
2025,CO2/CO/NOx,2025-04-13 10:00:00+02:00,0.624283597846956
2025,CO2/CO/NOx,2025-04-13 11:00:00+02:00,0.6163033904634524
2025,CO2/CO/NOx,2025-04-13 12:00:00+02:00,0.5907871760108969
2025,CO2/CO/NOx,2025-04-13 13:00:00+02:00,0.5763362998094589
2025,CO2/CO/NOx,2025-04-13 14:00:00+02:00,0.5558614480451886
2025,CO2/CO/NOx,2025-04-13 15:00:00+02:00,0.5349465842928063
2025,CO2/CO/NOx,2025-04-13 16:00:00+02:00,0.5122861823683956
2025,CO2/CO/NOx,2025-04-13 17:00:00+02:00,0.5005995980680342
2025,CO2/CO/NOx,2025-04-13 18:00:00+02:00,0.49503404407267027
2025,CO2/CO/NOx,2025-04-13 19:00:00+02:00,0.49771490742069596
2025,CO2/CO/NOx,2025-04-13 20:00:00+02:00,0.5243025942343921
2025,CO2/CO/NOx,2025-04-13 21:00:00+02:00,0.5514447440572908
2025,CO2/CO/NOx,2025-04-13 22:00:00+02:00,0.5840734234651982
2025,CO2/CO/NOx,2025-04-13 23:00:00+02:00,0.6060835122224214
2025,CO2/CO/NOx,2025-04-14 00:00:00+02:00,0.620021345031459
2025,CO2/CO/NOx,2025-04-14 01:00:00+02:00,0.6276650632787162
2025,CO2/CO/NOx,2025-04-14 02:00:00+02:00,0.6265257800924423
2025,CO2/CO/NOx,2025-04-14 03:00:00+02:00,0.6279822473849783
2025,CO2/CO/NOx,2025-04-14 04:00:00+02:00,0.6371024540209519
2025,CO2/CO/NOx,2025-04-14 05:00:00+02:00,0.6605922846220567
2025,CO2/CO/NOx,2025-04-14 06:00:00+02:00,0.687642821717597
2025,CO2/CO/NOx,2025-04-14 07:00:00+02:00,0.7113655918779799
2025,CO2/CO/NOx,2025-04-14 08:00:00+02:00,0.7203078140311815
2025,CO2/CO/NOx,2025-04-14 09:00:00+02:00,0.7086563745323708
2025,CO2/CO/NOx,2025-04-14 10:00:00+02:00,0.6812529515823117
2025,CO2/CO/NOx,2025-04-14 11:00:00+02:00,0.6313882207368579
2025,CO2/CO/NOx,2025-04-14 12:00:00+02:00,0.5759554028957404
2025,CO2/CO/NOx,2025-04-14 13:00:00+02:00,0.5255807863108222
2025,CO2/CO/NOx,2025-04-14 14:00:00+02:00,0.4812044015907106
2025,CO2/CO/NOx,2025-04-14 15:00:00+02:00,0.4592549120489944
2025,CO2/CO/NOx,2025-04-14 16:00:00+02:00,0.45388281085907656
2025,CO2/CO/NOx,2025-04-14 17:00:00+02:00,0.46876810975469524
2025,CO2/CO/NOx,2025-04-14 18:00:00+02:00,0.4943962137008926
2025,CO2/CO/NOx,2025-04-14 19:00:00+02:00,0.5137787464055292
2025,CO2/CO/NOx,2025-04-14 20:00:00+02:00,0.5282971267147314
2025,CO2/CO/NOx,2025-04-14 21:00:00+02:00,0.5316647663436275
2025,CO2/CO/NOx,2025-04-14 22:00:00+02:00,0.524759627980215
2025,CO2/CO/NOx,2025-04-14 23:00:00+02:00,0.5130904665925556
2025,CO2/CO/NOx,2025-04-15 00:00:00+02:00,0.49736440959565825
2025,CO2/CO/NOx,2025-04-15 01:00:00+02:00,0.4978184386300465
2025,CO2/CO/NOx,2025-04-15 02:00:00+02:00,0.5182731136389304
2025,CO2/CO/NOx,2025-04-15 03:00:00+02:00,0.5578256524547612
2025,CO2/CO/NOx,2025-04-15 04:00:00+02:00,0.5992375230174333
2025,CO2/CO/NOx,2025-04-15 05:00:00+02:00,0.6342184593572442
2025,CO2/CO/NOx,2025-04-15 06:00:00+02:00,0.6529860185570966
2025,CO2/CO/NOx,2025-04-15 07:00:00+02:00,0.6525888552607761
2025,CO2/CO/NOx,2025-04-15 08:00:00+02:00,0.6303969945040859
2025,CO2/CO/NOx,2025-04-15 09:00:00+02:00,0.5838588577828341
2025,CO2/CO/NOx,2025-04-15 10:00:00+02:00,0.5341493410512447
2025,CO2/CO/NOx,2025-04-15 11:00:00+02:00,0.4832623596677848
2025,CO2/CO/NOx,2025-04-15 12:00:00+02:00,0.447798583877355
2025,CO2/CO/NOx,2025-04-15 13:00:00+02:00,0.4300006684477729
2025,CO2/CO/NOx,2025-04-15 14:00:00+02:00,0.4221215487284995
2025,CO2/CO/NOx,2025-04-15 15:00:00+02:00,0.42613521052924974
2025,CO2/CO/NOx,2025-04-15 16:00:00+02:00,0.43452748341756386
2025,CO2/CO/NOx,2025-04-15 17:00:00+02:00,0.4476567191395891
2025,CO2/CO/NOx,2025-04-15 18:00:00+02:00,0.45945634990863166
2025,CO2/CO/NOx,2025-04-15 19:00:00+02:00,0.46100031630915816
2025,CO2/CO/NOx,2025-04-15 20:00:00+02:00,0.45597587332812695
2025,CO2/CO/NOx,2025-04-15 21:00:00+02:00,0.4502880825847353
2025,CO2/CO/NOx,2025-04-15 22:00:00+02:00,0.4507064968352914
2025,CO2/CO/NOx,2025-04-15 23:00:00+02:00,0.4493861062640409
2025,CO2/CO/NOx,2025-04-16 00:00:00+02:00,0.45221220377028004
2025,CO2/CO/NOx,2025-04-16 01:00:00+02:00,0.47296580330198484
2025,CO2/CO/NOx,2025-04-16 02:00:00+02:00,0.5163192292075318
2025,CO2/CO/NOx,2025-04-16 03:00:00+02:00,0.5797149140309993
2025,CO2/CO/NOx,2025-04-16 04:00:00+02:00,0.636220041481803
2025,CO2/CO/NOx,2025-04-16 05:00:00+02:00,0.6753106112327454
2025,CO2/CO/NOx,2025-04-16 06:00:00+02:00,0.6890055133452544
2025,CO2/CO/NOx,2025-04-16 07:00:00+02:00,0.6756483918865505
2025,CO2/CO/NOx,2025-04-16 08:00:00+02:00,0.6281354315923353
2025,CO2/CO/NOx,2025-04-16 09:00:00+02:00,0.5607312813767845
2025,CO2/CO/NOx,2025-04-16 10:00:00+02:00,0.4957375990072642
2025,CO2/CO/NOx,2025-04-16 11:00:00+02:00,0.4493141774265027
2025,CO2/CO/NOx,2025-04-16 12:00:00+02:00,0.43499563589441137
2025,CO2/CO/NOx,2025-04-16 13:00:00+02:00,0.43633486553413353
2025,CO2/CO/NOx,2025-04-16 14:00:00+02:00,0.4396953839459375
2025,CO2/CO/NOx,2025-04-16 15:00:00+02:00,0.45106978274738746
2025,CO2/CO/NOx,2025-04-16 16:00:00+02:00,0.4577283860873963
2025,CO2/CO/NOx,2025-04-16 17:00:00+02:00,0.4504579999898929
2025,CO2/CO/NOx,2025-04-16 18:00:00+02:00,0.446920882984103
2025,CO2/CO/NOx,2025-04-16 19:00:00+02:00,0.43894416796285823
2025,CO2/CO/NOx,2025-04-16 20:00:00+02:00,0.44801552021729607
2025,CO2/CO/NOx,2025-04-16 21:00:00+02:00,0.4716689445647303
2025,CO2/CO/NOx,2025-04-16 22:00:00+02:00,0.49597609035535145
2025,CO2/CO/NOx,2025-04-16 23:00:00+02:00,0.5255773750179573
2025,CO2/CO/NOx,2025-04-17 00:00:00+02:00,0.5561487629390223
2025,CO2/CO/NOx,2025-04-17 01:00:00+02:00,0.5835109793591013
2025,CO2/CO/NOx,2025-04-17 02:00:00+02:00,0.6097225849334642
2025,CO2/CO/NOx,2025-04-17 03:00:00+02:00,0.639061290673114
2025,CO2/CO/NOx,2025-04-17 04:00:00+02:00,0.6548597131645132
2025,CO2/CO/NOx,2025-04-17 05:00:00+02:00,0.685627732187686
2025,CO2/CO/NOx,2025-04-17 06:00:00+02:00,0.7137227234409013
2025,CO2/CO/NOx,2025-04-17 07:00:00+02:00,0.7311566704589436
2025,CO2/CO/NOx,2025-04-17 08:00:00+02:00,0.752897100067927
2025,CO2/CO/NOx,2025-04-17 09:00:00+02:00,0.7667034022759692
2025,CO2/CO/NOx,2025-04-17 10:00:00+02:00,0.7747567881540621
2025,CO2/CO/NOx,2025-04-17 11:00:00+02:00,0.7700540413936863
2025,CO2/CO/NOx,2025-04-17 12:00:00+02:00,0.7506802454797408
2025,CO2/CO/NOx,2025-04-17 13:00:00+02:00,0.7240657920353576
2025,CO2/CO/NOx,2025-04-17 14:00:00+02:00,0.7100875885405121
2025,CO2/CO/NOx,2025-04-17 15:00:00+02:00,0.697751313256183
2025,CO2/CO/NOx,2025-04-17 16:00:00+02:00,0.7049772094664606
2025,CO2/CO/NOx,2025-04-17 17:00:00+02:00,0.7257242771848289
2025,CO2/CO/NOx,2025-04-17 18:00:00+02:00,0.7671191526477843
2025,CO2/CO/NOx,2025-04-17 19:00:00+02:00,0.7936258466238278
2025,CO2/CO/NOx,2025-04-17 20:00:00+02:00,0.8047572029046118
2025,CO2/CO/NOx,2025-04-17 21:00:00+02:00,0.8002875456619054
2025,CO2/CO/NOx,2025-04-17 22:00:00+02:00,0.7858868302590808
2025,CO2/CO/NOx,2025-04-17 23:00:00+02:00,0.766970426822527
2025,CO2/CO/NOx,2025-04-18 00:00:00+02:00,0.737084166790482
2025,CO2/CO/NOx,2025-04-18 01:00:00+02:00,0.7394252773050989
2025,CO2/CO/NOx,2025-04-18 02:00:00+02:00,0.7724109082974165
2025,CO2/CO/NOx,2025-04-18 03:00:00+02:00,0.8361401857456651
2025,CO2/CO/NOx,2025-04-18 04:00:00+02:00,0.8974608135537092
2025,CO2/CO/NOx,2025-04-18 05:00:00+02:00,0.9615361657065254
2025,CO2/CO/NOx,2025-04-18 06:00:00+02:00,1.0287045922288083
2025,CO2/CO/NOx,2025-04-18 07:00:00+02:00,1.061727244166142
2025,CO2/CO/NOx,2025-04-18 08:00:00+02:00,1.0603581394299881
2025,CO2/CO/NOx,2025-04-18 09:00:00+02:00,1.029925312413066
2025,CO2/CO/NOx,2025-04-18 10:00:00+02:00,0.9952213974578238
2025,CO2/CO/NOx,2025-04-18 11:00:00+02:00,0.9645271094426823
2025,CO2/CO/NOx,2025-04-18 12:00:00+02:00,0.9339646493179343
2025,CO2/CO/NOx,2025-04-18 13:00:00+02:00,0.9177699281274657
2025,CO2/CO/NOx,2025-04-18 14:00:00+02:00,0.919613302203978
2025,CO2/CO/NOx,2025-04-18 15:00:00+02:00,0.9377788176352893
2025,CO2/CO/NOx,2025-04-18 16:00:00+02:00,0.9465175624887437
2025,CO2/CO/NOx,2025-04-18 17:00:00+02:00,0.9652549777767216
2025,CO2/CO/NOx,2025-04-18 18:00:00+02:00,0.9980993498226267
2025,CO2/CO/NOx,2025-04-18 19:00:00+02:00,1.0119424100521572
2025,CO2/CO/NOx,2025-04-18 20:00:00+02:00,1.0207938714597893
2025,CO2/CO/NOx,2025-04-18 21:00:00+02:00,1.0118273416749042
2025,CO2/CO/NOx,2025-04-18 22:00:00+02:00,1.001464682105315
2025,CO2/CO/NOx,2025-04-18 23:00:00+02:00,0.9913928652595231
2025,CO2/CO/NOx,2025-04-19 00:00:00+02:00,0.977451390252506
2025,CO2/CO/NOx,2025-04-19 01:00:00+02:00,0.991656974604876
2025,CO2/CO/NOx,2025-04-19 02:00:00+02:00,1.0366908566775621
2025,CO2/CO/NOx,2025-04-19 03:00:00+02:00,1.1013033755811
2025,CO2/CO/NOx,2025-04-19 04:00:00+02:00,1.1675520564942443
2025,CO2/CO/NOx,2025-04-19 05:00:00+02:00,1.212732599439455
2025,CO2/CO/NOx,2025-04-19 06:00:00+02:00,1.2111929966172468
2025,CO2/CO/NOx,2025-04-19 07:00:00+02:00,1.1758153494010886
2025,CO2/CO/NOx,2025-04-19 08:00:00+02:00,1.1030325105724434
2025,CO2/CO/NOx,2025-04-19 09:00:00+02:00,0.9967404151400525
2025,CO2/CO/NOx,2025-04-19 10:00:00+02:00,0.8938250562519993
2025,CO2/CO/NOx,2025-04-19 11:00:00+02:00,0.8064361356695575
2025,CO2/CO/NOx,2025-04-19 12:00:00+02:00,0.7595841833177176
2025,CO2/CO/NOx,2025-04-19 13:00:00+02:00,0.7633521716903668
2025,CO2/CO/NOx,2025-04-19 14:00:00+02:00,0.7957271048601826
2025,CO2/CO/NOx,2025-04-19 15:00:00+02:00,0.8535525953022501
2025,CO2/CO/NOx,2025-04-19 16:00:00+02:00,0.8992819043599692
2025,CO2/CO/NOx,2025-04-19 17:00:00+02:00,0.9258492542765998
2025,CO2/CO/NOx,2025-04-19 18:00:00+02:00,0.9158132337490745
2025,CO2/CO/NOx,2025-04-19 19:00:00+02:00,0.8659865357767247
2025,CO2/CO/NOx,2025-04-19 20:00:00+02:00,0.7922258632181355
2025,CO2/CO/NOx,2025-04-19 21:00:00+02:00,0.7071808872135439
2025,CO2/CO/NOx,2025-04-19 22:00:00+02:00,0.6328768931519707
2025,CO2/CO/NOx,2025-04-19 23:00:00+02:00,0.5894195961226708
2025,CO2/CO/NOx,2025-04-20 00:00:00+02:00,0.5653433097400721
2025,CO2/CO/NOx,2025-04-20 01:00:00+02:00,0.5789366743023624
2025,CO2/CO/NOx,2025-04-20 02:00:00+02:00,0.6535663571721586
2025,CO2/CO/NOx,2025-04-20 03:00:00+02:00,0.7550549479337922
2025,CO2/CO/NOx,2025-04-20 04:00:00+02:00,0.8236514779631384
2025,CO2/CO/NOx,2025-04-20 05:00:00+02:00,0.868230457306765
2025,CO2/CO/NOx,2025-04-20 06:00:00+02:00,0.8602668773415826
2025,CO2/CO/NOx,2025-04-20 07:00:00+02:00,0.8164241727359851
2025,CO2/CO/NOx,2025-04-20 08:00:00+02:00,0.7286472919637926
2025,CO2/CO/NOx,2025-04-20 09:00:00+02:00,0.6082705995304755
2025,CO2/CO/NOx,2025-04-20 10:00:00+02:00,0.5229809183234566
2025,CO2/CO/NOx,2025-04-20 11:00:00+02:00,0.47929969642355
2025,CO2/CO/NOx,2025-04-20 12:00:00+02:00,0.4613255448207945
2025,CO2/CO/NOx,2025-04-20 13:00:00+02:00,0.43380127776928257
2025,CO2/CO/NOx,2025-04-20 14:00:00+02:00,0.4355767605440923
2025,CO2/CO/NOx,2025-04-20 15:00:00+02:00,0.4626285399977392
2025,CO2/CO/NOx,2025-04-20 16:00:00+02:00,0.5017202817567575
2025,CO2/CO/NOx,2025-04-20 17:00:00+02:00,0.5452003354686789
2025,CO2/CO/NOx,2025-04-20 18:00:00+02:00,0.5945491766957073
2025,CO2/CO/NOx,2025-04-20 19:00:00+02:00,0.6336464972094527
2025,CO2/CO/NOx,2025-04-20 20:00:00+02:00,0.6519871434101623
2025,CO2/CO/NOx,2025-04-20 21:00:00+02:00,0.6518025218600408
2025,CO2/CO/NOx,2025-04-20 22:00:00+02:00,0.6311380489049133
2025,CO2/CO/NOx,2025-04-20 23:00:00+02:00,0.6080714615661825
2025,CO2/CO/NOx,2025-04-21 00:00:00+02:00,0.5887274866792018
2025,CO2/CO/NOx,2025-04-21 01:00:00+02:00,0.5790645380996208
2025,CO2/CO/NOx,2025-04-21 02:00:00+02:00,0.6041238098035502
2025,CO2/CO/NOx,2025-04-21 03:00:00+02:00,0.6629636601329232
2025,CO2/CO/NOx,2025-04-21 04:00:00+02:00,0.7252403736394877
2025,CO2/CO/NOx,2025-04-21 05:00:00+02:00,0.7841783004274602
2025,CO2/CO/NOx,2025-04-21 06:00:00+02:00,0.8385017629989738
2025,CO2/CO/NOx,2025-04-21 07:00:00+02:00,0.8652258980688952
2025,CO2/CO/NOx,2025-04-21 08:00:00+02:00,0.861947546174828
2025,CO2/CO/NOx,2025-04-21 09:00:00+02:00,0.8232842877408468
2025,CO2/CO/NOx,2025-04-21 10:00:00+02:00,0.7774781630968786
2025,CO2/CO/NOx,2025-04-21 11:00:00+02:00,0.7335865764612387
2025,CO2/CO/NOx,2025-04-21 12:00:00+02:00,0.7066085692149909
2025,CO2/CO/NOx,2025-04-21 13:00:00+02:00,0.6766400610241684
2025,CO2/CO/NOx,2025-04-21 14:00:00+02:00,0.6592586149978527
2025,CO2/CO/NOx,2025-04-21 15:00:00+02:00,0.6550587289758282
2025,CO2/CO/NOx,2025-04-21 16:00:00+02:00,0.6612365170387479
2025,CO2/CO/NOx,2025-04-21 17:00:00+02:00,0.6675918687740572
2025,CO2/CO/NOx,2025-04-21 18:00:00+02:00,0.6806958409784467
2025,CO2/CO/NOx,2025-04-21 19:00:00+02:00,0.6797451810944847
2025,CO2/CO/NOx,2025-04-21 20:00:00+02:00,0.6739865504200274
2025,CO2/CO/NOx,2025-04-21 21:00:00+02:00,0.6695147894351201
2025,CO2/CO/NOx,2025-04-21 22:00:00+02:00,0.6504448341755312
2025,CO2/CO/NOx,2025-04-21 23:00:00+02:00,0.6379213525643987
2025,CO2/CO/NOx,2025-04-22 00:00:00+02:00,0.6350459607723221
2025,CO2/CO/NOx,2025-04-22 01:00:00+02:00,0.643142654252201
2025,CO2/CO/NOx,2025-04-22 02:00:00+02:00,0.6541699305866132
2025,CO2/CO/NOx,2025-04-22 03:00:00+02:00,0.6694037238980077
2025,CO2/CO/NOx,2025-04-22 04:00:00+02:00,0.6902750266021686
2025,CO2/CO/NOx,2025-04-22 05:00:00+02:00,0.7199364310572224
2025,CO2/CO/NOx,2025-04-22 06:00:00+02:00,0.7382803604011979
2025,CO2/CO/NOx,2025-04-22 07:00:00+02:00,0.7441028605387672
2025,CO2/CO/NOx,2025-04-22 08:00:00+02:00,0.7389639172542896
2025,CO2/CO/NOx,2025-04-22 09:00:00+02:00,0.7209700944585913
2025,CO2/CO/NOx,2025-04-22 10:00:00+02:00,0.6933118494213847
2025,CO2/CO/NOx,2025-04-22 11:00:00+02:00,0.6650738433872975
2025,CO2/CO/NOx,2025-04-22 12:00:00+02:00,0.6322726539487787
2025,CO2/CO/NOx,2025-04-22 13:00:00+02:00,0.6257163585446325
2025,CO2/CO/NOx,2025-04-22 14:00:00+02:00,0.6260285259296623
2025,CO2/CO/NOx,2025-04-22 15:00:00+02:00,0.6307373923090063
2025,CO2/CO/NOx,2025-04-22 16:00:00+02:00,0.628546399525352
2025,CO2/CO/NOx,2025-04-22 17:00:00+02:00,0.6229532599811194
2025,CO2/CO/NOx,2025-04-22 18:00:00+02:00,0.6170103528163735
2025,CO2/CO/NOx,2025-04-22 19:00:00+02:00,0.6057497637197812
2025,CO2/CO/NOx,2025-04-22 20:00:00+02:00,0.5993906255143996
2025,CO2/CO/NOx,2025-04-22 21:00:00+02:00,0.59580390634456
2025,CO2/CO/NOx,2025-04-22 22:00:00+02:00,0.604938023052269
2025,CO2/CO/NOx,2025-04-22 23:00:00+02:00,0.6216177530309643
2025,CO2/CO/NOx,2025-04-23 00:00:00+02:00,0.6394289037060935
2025,CO2/CO/NOx,2025-04-23 01:00:00+02:00,0.6538811437137279
2025,CO2/CO/NOx,2025-04-23 02:00:00+02:00,0.6870312918552197
2025,CO2/CO/NOx,2025-04-23 03:00:00+02:00,0.7322470607104348
2025,CO2/CO/NOx,2025-04-23 04:00:00+02:00,0.7727125734983559
2025,CO2/CO/NOx,2025-04-23 05:00:00+02:00,0.8040678851705888
2025,CO2/CO/NOx,2025-04-23 06:00:00+02:00,0.8231357837794225
2025,CO2/CO/NOx,2025-04-23 07:00:00+02:00,0.8258672322889253
2025,CO2/CO/NOx,2025-04-23 08:00:00+02:00,0.7950630512486148
2025,CO2/CO/NOx,2025-04-23 09:00:00+02:00,0.7410993581567791
2025,CO2/CO/NOx,2025-04-23 10:00:00+02:00,0.6867272567398945
2025,CO2/CO/NOx,2025-04-23 11:00:00+02:00,0.6456031064060997
2025,CO2/CO/NOx,2025-04-23 12:00:00+02:00,0.6167419998166335
2025,CO2/CO/NOx,2025-04-23 13:00:00+02:00,0.6005528848482503
2025,CO2/CO/NOx,2025-04-23 14:00:00+02:00,0.5862346106359376
2025,CO2/CO/NOx,2025-04-23 15:00:00+02:00,0.6005579245789572
2025,CO2/CO/NOx,2025-04-23 16:00:00+02:00,0.6188799908457328
2025,CO2/CO/NOx,2025-04-23 17:00:00+02:00,0.6202290175516592
2025,CO2/CO/NOx,2025-04-23 18:00:00+02:00,0.6206807117549847
2025,CO2/CO/NOx,2025-04-23 19:00:00+02:00,0.6142068362700215
2025,CO2/CO/NOx,2025-04-23 20:00:00+02:00,0.6013216809515259
2025,CO2/CO/NOx,2025-04-23 21:00:00+02:00,0.5900005344341395
2025,CO2/CO/NOx,2025-04-23 22:00:00+02:00,0.5835084059242356
2025,CO2/CO/NOx,2025-04-23 23:00:00+02:00,0.5865262233226877
2025,CO2/CO/NOx,2025-04-24 00:00:00+02:00,0.5970938147702686
2025,CO2/CO/NOx,2025-04-24 01:00:00+02:00,0.6206442115083775
2025,CO2/CO/NOx,2025-04-24 02:00:00+02:00,0.6411015094586527
2025,CO2/CO/NOx,2025-04-24 03:00:00+02:00,0.6876254925037828
2025,CO2/CO/NOx,2025-04-24 04:00:00+02:00,0.7461246381727135
2025,CO2/CO/NOx,2025-04-24 05:00:00+02:00,0.7845200820522776
2025,CO2/CO/NOx,2025-04-24 06:00:00+02:00,0.8328553539748079
2025,CO2/CO/NOx,2025-04-24 07:00:00+02:00,0.8690641984816135
2025,CO2/CO/NOx,2025-04-24 08:00:00+02:00,0.851399841782083
2025,CO2/CO/NOx,2025-04-24 09:00:00+02:00,0.7915183667264669
2025,CO2/CO/NOx,2025-04-24 10:00:00+02:00,0.7273738576344692
2025,CO2/CO/NOx,2025-04-24 11:00:00+02:00,0.6502276485582102
2025,CO2/CO/NOx,2025-04-24 12:00:00+02:00,0.5881132091861858
2025,CO2/CO/NOx,2025-04-24 13:00:00+02:00,0.5341954960136572
2025,CO2/CO/NOx,2025-04-24 14:00:00+02:00,0.4834514787408606
2025,CO2/CO/NOx,2025-04-24 15:00:00+02:00,0.4723706062738518
2025,CO2/CO/NOx,2025-04-24 16:00:00+02:00,0.48192123952152893
2025,CO2/CO/NOx,2025-04-24 17:00:00+02:00,0.482134229745308
2025,CO2/CO/NOx,2025-04-24 18:00:00+02:00,0.5134795063198142
2025,CO2/CO/NOx,2025-04-24 19:00:00+02:00,0.532773209666832
2025,CO2/CO/NOx,2025-04-24 20:00:00+02:00,0.5342916314348171
2025,CO2/CO/NOx,2025-04-24 21:00:00+02:00,0.524520436455679
2025,CO2/CO/NOx,2025-04-24 22:00:00+02:00,0.507703328440347
2025,CO2/CO/NOx,2025-04-24 23:00:00+02:00,0.4815820043095003
2025,CO2/CO/NOx,2025-04-25 00:00:00+02:00,0.4494270545396971
2025,CO2/CO/NOx,2025-04-25 01:00:00+02:00,0.43611009264415834
2025,CO2/CO/NOx,2025-04-25 02:00:00+02:00,0.43974692788737485
2025,CO2/CO/NOx,2025-04-25 03:00:00+02:00,0.4629388744828594
2025,CO2/CO/NOx,2025-04-25 04:00:00+02:00,0.47043603473045775
2025,CO2/CO/NOx,2025-04-25 05:00:00+02:00,0.46871279304285474
2025,CO2/CO/NOx,2025-04-25 06:00:00+02:00,0.4955364081931711
2025,CO2/CO/NOx,2025-04-25 07:00:00+02:00,0.5374324260293766
2025,CO2/CO/NOx,2025-04-25 08:00:00+02:00,0.5662547786210124
2025,CO2/CO/NOx,2025-04-25 09:00:00+02:00,0.5792710353576814
2025,CO2/CO/NOx,2025-04-25 10:00:00+02:00,0.588369155265812
2025,CO2/CO/NOx,2025-04-25 11:00:00+02:00,0.585825967881568
2025,CO2/CO/NOx,2025-04-25 12:00:00+02:00,0.5718414811020247
2025,CO2/CO/NOx,2025-04-25 13:00:00+02:00,0.5560568651138764
2025,CO2/CO/NOx,2025-04-25 14:00:00+02:00,0.5275573378229286
2025,CO2/CO/NOx,2025-04-25 15:00:00+02:00,0.5312253475212514
2025,CO2/CO/NOx,2025-04-25 16:00:00+02:00,0.5455069879934552
2025,CO2/CO/NOx,2025-04-25 17:00:00+02:00,0.5588127698516995
2025,CO2/CO/NOx,2025-04-25 18:00:00+02:00,0.619438195169383
2025,CO2/CO/NOx,2025-04-25 19:00:00+02:00,0.6840378315505997
2025,CO2/CO/NOx,2025-04-25 20:00:00+02:00,0.7422915585670897
2025,CO2/CO/NOx,2025-04-25 21:00:00+02:00,0.7843789701156427
2025,CO2/CO/NOx,2025-04-25 22:00:00+02:00,0.8125768972056819
2025,CO2/CO/NOx,2025-04-25 23:00:00+02:00,0.8159006385254036
2025,CO2/CO/NOx,2025-04-26 00:00:00+02:00,0.8081131156871817
2025,CO2/CO/NOx,2025-04-26 01:00:00+02:00,0.7985487499197208
2025,CO2/CO/NOx,2025-04-26 02:00:00+02:00,0.7976093345509169
2025,CO2/CO/NOx,2025-04-26 03:00:00+02:00,0.8371066795474974
2025,CO2/CO/NOx,2025-04-26 04:00:00+02:00,0.8698161112539687
2025,CO2/CO/NOx,2025-04-26 05:00:00+02:00,0.9007852149903097
2025,CO2/CO/NOx,2025-04-26 06:00:00+02:00,0.9357302794073172
2025,CO2/CO/NOx,2025-04-26 07:00:00+02:00,0.976453192464215
2025,CO2/CO/NOx,2025-04-26 08:00:00+02:00,1.0005821857483068
2025,CO2/CO/NOx,2025-04-26 09:00:00+02:00,1.005094911624847
2025,CO2/CO/NOx,2025-04-26 10:00:00+02:00,0.9933525287902439
2025,CO2/CO/NOx,2025-04-26 11:00:00+02:00,0.9653296864410519
2025,CO2/CO/NOx,2025-04-26 12:00:00+02:00,0.9237348858456768
2025,CO2/CO/NOx,2025-04-26 13:00:00+02:00,0.8738136835146038
2025,CO2/CO/NOx,2025-04-26 14:00:00+02:00,0.8234845076943786
2025,CO2/CO/NOx,2025-04-26 15:00:00+02:00,0.8012610756873926
2025,CO2/CO/NOx,2025-04-26 16:00:00+02:00,0.7942560086289863
2025,CO2/CO/NOx,2025-04-26 17:00:00+02:00,0.8000895210299747
2025,CO2/CO/NOx,2025-04-26 18:00:00+02:00,0.8417737343731978
2025,CO2/CO/NOx,2025-04-26 19:00:00+02:00,0.8750076596807118
2025,CO2/CO/NOx,2025-04-26 20:00:00+02:00,0.9041198330830356
2025,CO2/CO/NOx,2025-04-26 21:00:00+02:00,0.9156986150733276
2025,CO2/CO/NOx,2025-04-26 22:00:00+02:00,0.9048651803307219
2025,CO2/CO/NOx,2025-04-26 23:00:00+02:00,0.8745129348434316
2025,CO2/CO/NOx,2025-04-27 00:00:00+02:00,0.8359872217427227
2025,CO2/CO/NOx,2025-04-27 01:00:00+02:00,0.7969064368558029
2025,CO2/CO/NOx,2025-04-27 02:00:00+02:00,0.8063280646074257
2025,CO2/CO/NOx,2025-04-27 03:00:00+02:00,0.8705887185725645
2025,CO2/CO/NOx,2025-04-27 04:00:00+02:00,0.9302038870112472
2025,CO2/CO/NOx,2025-04-27 05:00:00+02:00,0.9840720825898487
2025,CO2/CO/NOx,2025-04-27 06:00:00+02:00,1.0202623557706232
2025,CO2/CO/NOx,2025-04-27 07:00:00+02:00,1.0359003456929896
2025,CO2/CO/NOx,2025-04-27 08:00:00+02:00,1.0188149103056745
2025,CO2/CO/NOx,2025-04-27 09:00:00+02:00,0.9664773845715384
2025,CO2/CO/NOx,2025-04-27 10:00:00+02:00,0.9004090995293741
2025,CO2/CO/NOx,2025-04-27 11:00:00+02:00,0.8506013969099744
2025,CO2/CO/NOx,2025-04-27 12:00:00+02:00,0.8027540475883307
2025,CO2/CO/NOx,2025-04-27 13:00:00+02:00,0.7443371490805367
2025,CO2/CO/NOx,2025-04-27 14:00:00+02:00,0.7158143645114481
2025,CO2/CO/NOx,2025-04-27 15:00:00+02:00,0.7067087533926982
2025,CO2/CO/NOx,2025-04-27 16:00:00+02:00,0.7123557984384691
2025,CO2/CO/NOx,2025-04-27 17:00:00+02:00,0.7334466459336676
2025,CO2/CO/NOx,2025-04-27 18:00:00+02:00,0.7649922151293679
2025,CO2/CO/NOx,2025-04-27 19:00:00+02:00,0.8065005072634517
2025,CO2/CO/NOx,2025-04-27 20:00:00+02:00,0.8225511685475978
2025,CO2/CO/NOx,2025-04-27 21:00:00+02:00,0.813678994757378
2025,CO2/CO/NOx,2025-04-27 22:00:00+02:00,0.8029506126149543
2025,CO2/CO/NOx,2025-04-27 23:00:00+02:00,0.8010248500305241
2025,CO2/CO/NOx,2025-04-28 00:00:00+02:00,0.7760883931362593
2025,CO2/CO/NOx,2025-04-28 01:00:00+02:00,0.7488341179698564
2025,CO2/CO/NOx,2025-04-28 02:00:00+02:00,0.7673137584705644
2025,CO2/CO/NOx,2025-04-28 03:00:00+02:00,0.8095571621053411
2025,CO2/CO/NOx,2025-04-28 04:00:00+02:00,0.8449400371222635
2025,CO2/CO/NOx,2025-04-28 05:00:00+02:00,0.8608790006447408
2025,CO2/CO/NOx,2025-04-28 06:00:00+02:00,0.8736011745895259
2025,CO2/CO/NOx,2025-04-28 07:00:00+02:00,0.879244477722436
2025,CO2/CO/NOx,2025-04-28 08:00:00+02:00,0.8435913577654736
2025,CO2/CO/NOx,2025-04-28 09:00:00+02:00,0.7818599181029608
2025,CO2/CO/NOx,2025-04-28 10:00:00+02:00,0.7161312241156184
2025,CO2/CO/NOx,2025-04-28 11:00:00+02:00,0.668631553919334
2025,CO2/CO/NOx,2025-04-28 12:00:00+02:00,0.6126149676733665
2025,CO2/CO/NOx,2025-04-28 13:00:00+02:00,0.5545229708887065
2025,CO2/CO/NOx,2025-04-28 14:00:00+02:00,0.5065496542658273
2025,CO2/CO/NOx,2025-04-28 15:00:00+02:00,0.47792901961341616
2025,CO2/CO/NOx,2025-04-28 16:00:00+02:00,0.46955764161844815
2025,CO2/CO/NOx,2025-04-28 17:00:00+02:00,0.46592077248451136
2025,CO2/CO/NOx,2025-04-28 18:00:00+02:00,0.4887146302729541
2025,CO2/CO/NOx,2025-04-28 19:00:00+02:00,0.5161451565367831
2025,CO2/CO/NOx,2025-04-28 20:00:00+02:00,0.5444712413993598
2025,CO2/CO/NOx,2025-04-28 21:00:00+02:00,0.5731319625054423
2025,CO2/CO/NOx,2025-04-28 22:00:00+02:00,0.6019599931261539
2025,CO2/CO/NOx,2025-04-28 23:00:00+02:00,0.6081434309821859
2025,CO2/CO/NOx,2025-04-29 00:00:00+02:00,0.5980637231383692
2025,CO2/CO/NOx,2025-04-29 01:00:00+02:00,0.6001714097754024
2025,CO2/CO/NOx,2025-04-29 02:00:00+02:00,0.6186583753539941
2025,CO2/CO/NOx,2025-04-29 03:00:00+02:00,0.6680895291746549
2025,CO2/CO/NOx,2025-04-29 04:00:00+02:00,0.7088736055245073
2025,CO2/CO/NOx,2025-04-29 05:00:00+02:00,0.739738167001184
2025,CO2/CO/NOx,2025-04-29 06:00:00+02:00,0.7541171441465933
2025,CO2/CO/NOx,2025-04-29 07:00:00+02:00,0.7386590727083284
2025,CO2/CO/NOx,2025-04-29 08:00:00+02:00,0.683889477087839
2025,CO2/CO/NOx,2025-04-29 09:00:00+02:00,0.6021219637019505
2025,CO2/CO/NOx,2025-04-29 10:00:00+02:00,0.5350952451632859
2025,CO2/CO/NOx,2025-04-29 11:00:00+02:00,0.4871456567263076
2025,CO2/CO/NOx,2025-04-29 12:00:00+02:00,0.46818292390764354
2025,CO2/CO/NOx,2025-04-29 13:00:00+02:00,0.45531944060303076
2025,CO2/CO/NOx,2025-04-29 14:00:00+02:00,0.44901037048780523
2025,CO2/CO/NOx,2025-04-29 15:00:00+02:00,0.4514398421618102
2025,CO2/CO/NOx,2025-04-29 16:00:00+02:00,0.44205463274098145
2025,CO2/CO/NOx,2025-04-29 17:00:00+02:00,0.4362717248961887
2025,CO2/CO/NOx,2025-04-29 18:00:00+02:00,0.4427022411728046
2025,CO2/CO/NOx,2025-04-29 19:00:00+02:00,0.44848021892968626
2025,CO2/CO/NOx,2025-04-29 20:00:00+02:00,0.45682691718107554
2025,CO2/CO/NOx,2025-04-29 21:00:00+02:00,0.4779446506895817
2025,CO2/CO/NOx,2025-04-29 22:00:00+02:00,0.5027943583489095
2025,CO2/CO/NOx,2025-04-29 23:00:00+02:00,0.5328753969255385
2025,CO2/CO/NOx,2025-04-30 00:00:00+02:00,0.5578308608666243
2025,CO2/CO/NOx,2025-04-30 01:00:00+02:00,0.574939441176539
2025,CO2/CO/NOx,2025-04-30 02:00:00+02:00,0.6086443400708951
2025,CO2/CO/NOx,2025-04-30 03:00:00+02:00,0.6465369765379286
2025,CO2/CO/NOx,2025-04-30 04:00:00+02:00,0.6703619834260711
2025,CO2/CO/NOx,2025-04-30 05:00:00+02:00,0.6727455708376554
2025,CO2/CO/NOx,2025-04-30 06:00:00+02:00,0.6652938460241075
2025,CO2/CO/NOx,2025-04-30 07:00:00+02:00,0.6372014825119039
2025,CO2/CO/NOx,2025-04-30 08:00:00+02:00,0.590332909490049
2025,CO2/CO/NOx,2025-04-30 09:00:00+02:00,0.5260336499054331
2025,CO2/CO/NOx,2025-04-30 10:00:00+02:00,0.47510175162352447
2025,CO2/CO/NOx,2025-04-30 11:00:00+02:00,0.44737072023395835
2025,CO2/CO/NOx,2025-04-30 12:00:00+02:00,0.4430520567850105
2025,CO2/CO/NOx,2025-04-30 13:00:00+02:00,0.4453219214062572
2025,CO2/CO/NOx,2025-04-30 14:00:00+02:00,0.45118653759574723
2025,CO2/CO/NOx,2025-04-30 15:00:00+02:00,0.46309479325427894
2025,CO2/CO/NOx,2025-04-30 16:00:00+02:00,0.46260523961204914
2025,CO2/CO/NOx,2025-04-30 17:00:00+02:00,0.4477716417426013
2025,CO2/CO/NOx,2025-04-30 18:00:00+02:00,0.4394322352818238
2025,CO2/CO/NOx,2025-04-30 19:00:00+02:00,0.4366321106921299
2025,CO2/CO/NOx,2025-04-30 20:00:00+02:00,0.4417024124800128
2025,CO2/CO/NOx,2025-04-30 21:00:00+02:00,0.45497505770770785
2025,CO2/CO/NOx,2025-04-30 22:00:00+02:00,0.48187109387338267
2025,CO2/CO/NOx,2025-04-30 23:00:00+02:00,0.5203061398618675
2025,CO2/CO/NOx,2025-05-01 00:00:00+02:00,0.540486562217931
2025,CO2/CO/NOx,2025-05-01 01:00:00+02:00,0.5730741241498876
2025,CO2/CO/NOx,2025-05-01 02:00:00+02:00,0.6124881668845539
2025,CO2/CO/NOx,2025-05-01 03:00:00+02:00,0.6603872717755694
2025,CO2/CO/NOx,2025-05-01 04:00:00+02:00,0.7013784417173878
2025,CO2/CO/NOx,2025-05-01 05:00:00+02:00,0.7152172774682438
2025,CO2/CO/NOx,2025-05-01 06:00:00+02:00,0.7059794745320895
2025,CO2/CO/NOx,2025-05-01 07:00:00+02:00,0.6829630625002538
2025,CO2/CO/NOx,2025-05-01 08:00:00+02:00,0.6244511802145826
2025,CO2/CO/NOx,2025-05-01 09:00:00+02:00,0.5467230336791056
2025,CO2/CO/NOx,2025-05-01 10:00:00+02:00,0.4956769608050197
2025,CO2/CO/NOx,2025-05-01 11:00:00+02:00,0.45883889556091945
2025,CO2/CO/NOx,2025-05-01 12:00:00+02:00,0.4447758846143685
2025,CO2/CO/NOx,2025-05-01 13:00:00+02:00,0.4464410969622183
2025,CO2/CO/NOx,2025-05-01 14:00:00+02:00,0.4458776092277576
2025,CO2/CO/NOx,2025-05-01 15:00:00+02:00,0.45364735936565964
2025,CO2/CO/NOx,2025-05-01 16:00:00+02:00,0.45328831478388615
2025,CO2/CO/NOx,2025-05-01 17:00:00+02:00,0.4394348789380479
2025,CO2/CO/NOx,2025-05-01 18:00:00+02:00,0.4361130300457544
2025,CO2/CO/NOx,2025-05-01 19:00:00+02:00,0.4344560838884501
2025,CO2/CO/NOx,2025-05-01 20:00:00+02:00,0.4302773961795656
2025,CO2/CO/NOx,2025-05-01 21:00:00+02:00,0.442415802596588
2025,CO2/CO/NOx,2025-05-01 22:00:00+02:00,0.4623580702767199
2025,CO2/CO/NOx,2025-05-01 23:00:00+02:00,0.48759964817732154
2025,CO2/CO/NOx,2025-05-02 00:00:00+02:00,0.510661352501256
2025,CO2/CO/NOx,2025-05-02 01:00:00+02:00,0.5388423052908351
2025,CO2/CO/NOx,2025-05-02 02:00:00+02:00,0.5738830635215086
2025,CO2/CO/NOx,2025-05-02 03:00:00+02:00,0.6190251585226445
2025,CO2/CO/NOx,2025-05-02 04:00:00+02:00,0.634721318803185
2025,CO2/CO/NOx,2025-05-02 05:00:00+02:00,0.6262986913427084
2025,CO2/CO/NOx,2025-05-02 06:00:00+02:00,0.6099312464492129
2025,CO2/CO/NOx,2025-05-02 07:00:00+02:00,0.5785875697898343
2025,CO2/CO/NOx,2025-05-02 08:00:00+02:00,0.5325652820422316
2025,CO2/CO/NOx,2025-05-02 09:00:00+02:00,0.47573922097649957
2025,CO2/CO/NOx,2025-05-02 10:00:00+02:00,0.43402567964606864
2025,CO2/CO/NOx,2025-05-02 11:00:00+02:00,0.4237659028433799
2025,CO2/CO/NOx,2025-05-02 12:00:00+02:00,0.4317726382782999
2025,CO2/CO/NOx,2025-05-02 13:00:00+02:00,0.4381076864087239
2025,CO2/CO/NOx,2025-05-02 14:00:00+02:00,0.4434855207362378
2025,CO2/CO/NOx,2025-05-02 15:00:00+02:00,0.44902870874349227
2025,CO2/CO/NOx,2025-05-02 16:00:00+02:00,0.44654741887317867
2025,CO2/CO/NOx,2025-05-02 17:00:00+02:00,0.4355960440605307
2025,CO2/CO/NOx,2025-05-02 18:00:00+02:00,0.4209502504196114
2025,CO2/CO/NOx,2025-05-02 19:00:00+02:00,0.4030295144957757
2025,CO2/CO/NOx,2025-05-02 20:00:00+02:00,0.3961990689164746
2025,CO2/CO/NOx,2025-05-02 21:00:00+02:00,0.3908816862270836
2025,CO2/CO/NOx,2025-05-02 22:00:00+02:00,0.3938867495958011
2025,CO2/CO/NOx,2025-05-02 23:00:00+02:00,0.4016724539509404
2025,CO2/CO/NOx,2025-05-03 00:00:00+02:00,0.4128660640982549
2025,CO2/CO/NOx,2025-05-03 01:00:00+02:00,0.4337450100334482
2025,CO2/CO/NOx,2025-05-03 02:00:00+02:00,0.4517834712843846
2025,CO2/CO/NOx,2025-05-03 03:00:00+02:00,0.4643938925111165
2025,CO2/CO/NOx,2025-05-03 04:00:00+02:00,0.46206201216046
2025,CO2/CO/NOx,2025-05-03 05:00:00+02:00,0.45188435663231463
2025,CO2/CO/NOx,2025-05-03 06:00:00+02:00,0.4337632462874905
2025,CO2/CO/NOx,2025-05-03 07:00:00+02:00,0.41222519631311944
2025,CO2/CO/NOx,2025-05-03 08:00:00+02:00,0.4008114131163414
2025,CO2/CO/NOx,2025-05-03 09:00:00+02:00,0.3945329939807437
2025,CO2/CO/NOx,2025-05-03 10:00:00+02:00,0.40277579858782225
2025,CO2/CO/NOx,2025-05-03 11:00:00+02:00,0.4084249654494779
2025,CO2/CO/NOx,2025-05-03 12:00:00+02:00,0.4094563780529614
2025,CO2/CO/NOx,2025-05-03 13:00:00+02:00,0.4077801753679435
2025,CO2/CO/NOx,2025-05-03 14:00:00+02:00,0.4069691689445942
2025,CO2/CO/NOx,2025-05-03 15:00:00+02:00,0.4014978150924722
2025,CO2/CO/NOx,2025-05-03 16:00:00+02:00,0.39343903135311126
2025,CO2/CO/NOx,2025-05-03 17:00:00+02:00,0.39111715997432117
2025,CO2/CO/NOx,2025-05-03 18:00:00+02:00,0.39027978081032805
2025,CO2/CO/NOx,2025-05-03 19:00:00+02:00,0.386335322760979
2025,CO2/CO/NOx,2025-05-03 20:00:00+02:00,0.3884754217612902
2025,CO2/CO/NOx,2025-05-03 21:00:00+02:00,0.3912692048250802
2025,CO2/CO/NOx,2025-05-03 22:00:00+02:00,0.40134763786839983
2025,CO2/CO/NOx,2025-05-03 23:00:00+02:00,0.4128394974038899
2025,CO2/CO/NOx,2025-05-04 00:00:00+02:00,0.4280333017991325
2025,CO2/CO/NOx,2025-05-04 01:00:00+02:00,0.44112862766060135
2025,CO2/CO/NOx,2025-05-04 02:00:00+02:00,0.45147434750922943
2025,CO2/CO/NOx,2025-05-04 03:00:00+02:00,0.45044488540455646
2025,CO2/CO/NOx,2025-05-04 04:00:00+02:00,0.43633031616002566
2025,CO2/CO/NOx,2025-05-04 05:00:00+02:00,0.4497995435780675
2025,CO2/CO/NOx,2025-05-04 06:00:00+02:00,0.47864131138957894
2025,CO2/CO/NOx,2025-05-04 07:00:00+02:00,0.5171262633631899
2025,CO2/CO/NOx,2025-05-04 08:00:00+02:00,0.5657341914668462
2025,CO2/CO/NOx,2025-05-04 09:00:00+02:00,0.6136763404319626
2025,CO2/CO/NOx,2025-05-04 10:00:00+02:00,0.647340842528233
2025,CO2/CO/NOx,2025-05-04 11:00:00+02:00,0.67015012825649
2025,CO2/CO/NOx,2025-05-04 12:00:00+02:00,0.6614975701415846
2025,CO2/CO/NOx,2025-05-04 13:00:00+02:00,0.6419280776761872
2025,CO2/CO/NOx,2025-05-04 14:00:00+02:00,0.6492795300794735
2025,CO2/CO/NOx,2025-05-04 15:00:00+02:00,0.6665101729078512
2025,CO2/CO/NOx,2025-05-04 16:00:00+02:00,0.687935839912793
2025,CO2/CO/NOx,2025-05-04 17:00:00+02:00,0.731233925688393
2025,CO2/CO/NOx,2025-05-04 18:00:00+02:00,0.7842672472506145
2025,CO2/CO/NOx,2025-05-04 19:00:00+02:00,0.8301538023345587
2025,CO2/CO/NOx,2025-05-04 20:00:00+02:00,0.8643341556541382
2025,CO2/CO/NOx,2025-05-04 21:00:00+02:00,0.8645804292125691
2025,CO2/CO/NOx,2025-05-04 22:00:00+02:00,0.8479928357893126
2025,CO2/CO/NOx,2025-05-04 23:00:00+02:00,0.8251369655852875
2025,CO2/CO/NOx,2025-05-05 00:00:00+02:00,0.7834681764383806
2025,CO2/CO/NOx,2025-05-05 01:00:00+02:00,0.7483759066945226
2025,CO2/CO/NOx,2025-05-05 02:00:00+02:00,0.7507824331536785
2025,CO2/CO/NOx,2025-05-05 03:00:00+02:00,0.781913384389079
2025,CO2/CO/NOx,2025-05-05 04:00:00+02:00,0.8250718661948303
2025,CO2/CO/NOx,2025-05-05 05:00:00+02:00,0.8928811372433723
2025,CO2/CO/NOx,2025-05-05 06:00:00+02:00,0.9736179485547758
2025,CO2/CO/NOx,2025-05-05 07:00:00+02:00,1.0588721536810517
2025,CO2/CO/NOx,2025-05-05 08:00:00+02:00,1.1179261829958802
2025,CO2/CO/NOx,2025-05-05 09:00:00+02:00,1.1351581755343412
2025,CO2/CO/NOx,2025-05-05 10:00:00+02:00,1.1411206119083366
2025,CO2/CO/NOx,2025-05-05 11:00:00+02:00,1.1358755147137718
2025,CO2/CO/NOx,2025-05-05 12:00:00+02:00,1.102355717514439
2025,CO2/CO/NOx,2025-05-05 13:00:00+02:00,1.072309866491376
2025,CO2/CO/NOx,2025-05-05 14:00:00+02:00,1.0717822511517812
2025,CO2/CO/NOx,2025-05-05 15:00:00+02:00,1.0937511929069115
2025,CO2/CO/NOx,2025-05-05 16:00:00+02:00,1.1362167589924457
2025,CO2/CO/NOx,2025-05-05 17:00:00+02:00,1.1669259953820574
2025,CO2/CO/NOx,2025-05-05 18:00:00+02:00,1.201454915760148
2025,CO2/CO/NOx,2025-05-05 19:00:00+02:00,1.219811993283133
2025,CO2/CO/NOx,2025-05-05 20:00:00+02:00,1.211950519475028
2025,CO2/CO/NOx,2025-05-05 21:00:00+02:00,1.1782535408289436
2025,CO2/CO/NOx,2025-05-05 22:00:00+02:00,1.1464752426098148
2025,CO2/CO/NOx,2025-05-05 23:00:00+02:00,1.117772873790945
2025,CO2/CO/NOx,2025-05-06 00:00:00+02:00,1.0748754793809057
2025,CO2/CO/NOx,2025-05-06 01:00:00+02:00,1.0717650073277505
2025,CO2/CO/NOx,2025-05-06 02:00:00+02:00,1.0987251440078047
2025,CO2/CO/NOx,2025-05-06 03:00:00+02:00,1.152077729295518
2025,CO2/CO/NOx,2025-05-06 04:00:00+02:00,1.195359030084912
2025,CO2/CO/NOx,2025-05-06 05:00:00+02:00,1.2367001006189777
2025,CO2/CO/NOx,2025-05-06 06:00:00+02:00,1.2781820051125494
2025,CO2/CO/NOx,2025-05-06 07:00:00+02:00,1.2974316683001188
2025,CO2/CO/NOx,2025-05-06 08:00:00+02:00,1.2810869774064828
2025,CO2/CO/NOx,2025-05-06 09:00:00+02:00,1.2223334801108503
2025,CO2/CO/NOx,2025-05-06 10:00:00+02:00,1.175947906244397
2025,CO2/CO/NOx,2025-05-06 11:00:00+02:00,1.1302468564327677
2025,CO2/CO/NOx,2025-05-06 12:00:00+02:00,1.0831558825971488
2025,CO2/CO/NOx,2025-05-06 13:00:00+02:00,1.0439977891165295
2025,CO2/CO/NOx,2025-05-06 14:00:00+02:00,1.024081309860618
2025,CO2/CO/NOx,2025-05-06 15:00:00+02:00,1.0285824878893735
2025,CO2/CO/NOx,2025-05-06 16:00:00+02:00,1.0294289512832104
2025,CO2/CO/NOx,2025-05-06 17:00:00+02:00,1.0417250730868757
2025,CO2/CO/NOx,2025-05-06 18:00:00+02:00,1.060695299641633
2025,CO2/CO/NOx,2025-05-06 19:00:00+02:00,1.0674571493672678
2025,CO2/CO/NOx,2025-05-06 20:00:00+02:00,1.0588423889681546
2025,CO2/CO/NOx,2025-05-06 21:00:00+02:00,1.0411136311238072
2025,CO2/CO/NOx,2025-05-06 22:00:00+02:00,1.0142006455994543
2025,CO2/CO/NOx,2025-05-06 23:00:00+02:00,0.9823573188747886
2025,CO2/CO/NOx,2025-05-07 00:00:00+02:00,0.9298064355553828
2025,CO2/CO/NOx,2025-05-07 01:00:00+02:00,0.9102594260669788
2025,CO2/CO/NOx,2025-05-07 02:00:00+02:00,0.9373377055201224
2025,CO2/CO/NOx,2025-05-07 03:00:00+02:00,0.9956849391440729
2025,CO2/CO/NOx,2025-05-07 04:00:00+02:00,1.046761006247848
2025,CO2/CO/NOx,2025-05-07 05:00:00+02:00,1.0932529687390447
2025,CO2/CO/NOx,2025-05-07 06:00:00+02:00,1.1272191170474457
2025,CO2/CO/NOx,2025-05-07 07:00:00+02:00,1.1309655239475491
2025,CO2/CO/NOx,2025-05-07 08:00:00+02:00,1.0993234304097106
2025,CO2/CO/NOx,2025-05-07 09:00:00+02:00,1.0303995352535322
2025,CO2/CO/NOx,2025-05-07 10:00:00+02:00,0.9865707604191636
2025,CO2/CO/NOx,2025-05-07 11:00:00+02:00,0.9442605188542068
2025,CO2/CO/NOx,2025-05-07 12:00:00+02:00,0.9008601826501513
2025,CO2/CO/NOx,2025-05-07 13:00:00+02:00,0.865374478870159
2025,CO2/CO/NOx,2025-05-07 14:00:00+02:00,0.84965036405305
2025,CO2/CO/NOx,2025-05-07 15:00:00+02:00,0.8414534418958832
2025,CO2/CO/NOx,2025-05-07 16:00:00+02:00,0.8433547433901933
2025,CO2/CO/NOx,2025-05-07 17:00:00+02:00,0.8590775991088891
2025,CO2/CO/NOx,2025-05-07 18:00:00+02:00,0.886823022624738
2025,CO2/CO/NOx,2025-05-07 19:00:00+02:00,0.9024081075218013
2025,CO2/CO/NOx,2025-05-07 20:00:00+02:00,0.8992896536474217
2025,CO2/CO/NOx,2025-05-07 21:00:00+02:00,0.8735091529881288
2025,CO2/CO/NOx,2025-05-07 22:00:00+02:00,0.8412060037975705
2025,CO2/CO/NOx,2025-05-07 23:00:00+02:00,0.8051464007364374
2025,CO2/CO/NOx,2025-05-08 00:00:00+02:00,0.7512966067477785
2025,CO2/CO/NOx,2025-05-08 01:00:00+02:00,0.732713974958845
2025,CO2/CO/NOx,2025-05-08 02:00:00+02:00,0.7534150367456981
2025,CO2/CO/NOx,2025-05-08 03:00:00+02:00,0.8005376522288646
2025,CO2/CO/NOx,2025-05-08 04:00:00+02:00,0.8522337758025134
2025,CO2/CO/NOx,2025-05-08 05:00:00+02:00,0.9111368292992056
2025,CO2/CO/NOx,2025-05-08 06:00:00+02:00,0.9603819974908476
2025,CO2/CO/NOx,2025-05-08 07:00:00+02:00,0.980577169520607
2025,CO2/CO/NOx,2025-05-08 08:00:00+02:00,0.9804364316171641
2025,CO2/CO/NOx,2025-05-08 09:00:00+02:00,0.95774113007522
2025,CO2/CO/NOx,2025-05-08 10:00:00+02:00,0.9429415254958021
2025,CO2/CO/NOx,2025-05-08 11:00:00+02:00,0.9197271751575116
2025,CO2/CO/NOx,2025-05-08 12:00:00+02:00,0.8964268048181724
2025,CO2/CO/NOx,2025-05-08 13:00:00+02:00,0.8933437163850341
2025,CO2/CO/NOx,2025-05-08 14:00:00+02:00,0.9013081531433343
2025,CO2/CO/NOx,2025-05-08 15:00:00+02:00,0.9192805297389575
2025,CO2/CO/NOx,2025-05-08 16:00:00+02:00,0.9294845418165485
2025,CO2/CO/NOx,2025-05-08 17:00:00+02:00,0.9514407325918023
2025,CO2/CO/NOx,2025-05-08 18:00:00+02:00,0.9845301831832209
2025,CO2/CO/NOx,2025-05-08 19:00:00+02:00,0.9906892572252708
2025,CO2/CO/NOx,2025-05-08 20:00:00+02:00,0.9742826311118501
2025,CO2/CO/NOx,2025-05-08 21:00:00+02:00,0.9469895121898126
2025,CO2/CO/NOx,2025-05-08 22:00:00+02:00,0.9182148233276652
2025,CO2/CO/NOx,2025-05-08 23:00:00+02:00,0.8999088835541554
2025,CO2/CO/NOx,2025-05-09 00:00:00+02:00,0.8803277136152473
2025,CO2/CO/NOx,2025-05-09 01:00:00+02:00,0.8880818116595495
2025,CO2/CO/NOx,2025-05-09 02:00:00+02:00,0.9383503217166574
2025,CO2/CO/NOx,2025-05-09 03:00:00+02:00,1.0082043382033095
2025,CO2/CO/NOx,2025-05-09 04:00:00+02:00,1.0712581884235997
2025,CO2/CO/NOx,2025-05-09 05:00:00+02:00,1.124946254447465
2025,CO2/CO/NOx,2025-05-09 06:00:00+02:00,1.1552099589122435
2025,CO2/CO/NOx,2025-05-09 07:00:00+02:00,1.1480307380442998
2025,CO2/CO/NOx,2025-05-09 08:00:00+02:00,1.1213900175107383
2025,CO2/CO/NOx,2025-05-09 09:00:00+02:00,1.0576597259907
2025,CO2/CO/NOx,2025-05-09 10:00:00+02:00,0.9819548783784124
2025,CO2/CO/NOx,2025-05-09 11:00:00+02:00,0.9232706719264006
2025,CO2/CO/NOx,2025-05-09 12:00:00+02:00,0.8645745668509772
2025,CO2/CO/NOx,2025-05-09 13:00:00+02:00,0.834413674863389
2025,CO2/CO/NOx,2025-05-09 14:00:00+02:00,0.83109695441241
2025,CO2/CO/NOx,2025-05-09 15:00:00+02:00,0.8544242573650083
2025,CO2/CO/NOx,2025-05-09 16:00:00+02:00,0.8878816536351596
2025,CO2/CO/NOx,2025-05-09 17:00:00+02:00,0.9377163820871799
2025,CO2/CO/NOx,2025-05-09 18:00:00+02:00,0.9789108348403366
2025,CO2/CO/NOx,2025-05-09 19:00:00+02:00,0.9674859764867936
2025,CO2/CO/NOx,2025-05-09 20:00:00+02:00,0.9514317625263452
2025,CO2/CO/NOx,2025-05-09 21:00:00+02:00,0.9509144441143123
2025,CO2/CO/NOx,2025-05-09 22:00:00+02:00,0.9583824290860733
2025,CO2/CO/NOx,2025-05-09 23:00:00+02:00,0.9759852580619277
2025,CO2/CO/NOx,2025-05-10 00:00:00+02:00,0.9990418508266445
2025,CO2/CO/NOx,2025-05-10 01:00:00+02:00,1.0583026373709377
2025,CO2/CO/NOx,2025-05-10 02:00:00+02:00,1.150268212522708
2025,CO2/CO/NOx,2025-05-10 03:00:00+02:00,1.2220302834499115
2025,CO2/CO/NOx,2025-05-10 04:00:00+02:00,1.2507711385942737
2025,CO2/CO/NOx,2025-05-10 05:00:00+02:00,1.2502143218932784
2025,CO2/CO/NOx,2025-05-10 06:00:00+02:00,1.2375683528847568
2025,CO2/CO/NOx,2025-05-10 07:00:00+02:00,1.1624303963726779
2025,CO2/CO/NOx,2025-05-10 08:00:00+02:00,1.054726441907271
2025,CO2/CO/NOx,2025-05-10 09:00:00+02:00,0.9323914335037375
2025,CO2/CO/NOx,2025-05-10 10:00:00+02:00,0.8644337287199338
2025,CO2/CO/NOx,2025-05-10 11:00:00+02:00,0.8293471035557672
2025,CO2/CO/NOx,2025-05-10 12:00:00+02:00,0.8163378146961474
2025,CO2/CO/NOx,2025-05-10 13:00:00+02:00,0.8375897444678087
2025,CO2/CO/NOx,2025-05-10 14:00:00+02:00,0.8813774122425188
2025,CO2/CO/NOx,2025-05-10 15:00:00+02:00,0.9413320773443918
2025,CO2/CO/NOx,2025-05-10 16:00:00+02:00,0.958924847965789
2025,CO2/CO/NOx,2025-05-10 17:00:00+02:00,0.9512583958001501
2025,CO2/CO/NOx,2025-05-10 18:00:00+02:00,0.9375716066691656
2025,CO2/CO/NOx,2025-05-10 19:00:00+02:00,0.9125309538048564
2025,CO2/CO/NOx,2025-05-10 20:00:00+02:00,0.8587821625096254
2025,CO2/CO/NOx,2025-05-10 21:00:00+02:00,0.8163352591081424
2025,CO2/CO/NOx,2025-05-10 22:00:00+02:00,0.8218190806363694
2025,CO2/CO/NOx,2025-05-10 23:00:00+02:00,0.8663581207249469
2025,CO2/CO/NOx,2025-05-11 00:00:00+02:00,0.96063532428637
2025,CO2/CO/NOx,2025-05-11 01:00:00+02:00,1.0624730631233312
2025,CO2/CO/NOx,2025-05-11 02:00:00+02:00,1.1881951781841913
2025,CO2/CO/NOx,2025-05-11 03:00:00+02:00,1.293271903003279
2025,CO2/CO/NOx,2025-05-11 04:00:00+02:00,1.335742167696477
2025,CO2/CO/NOx,2025-05-11 05:00:00+02:00,1.2877619038444499
2025,CO2/CO/NOx,2025-05-11 06:00:00+02:00,1.1921738470151901
2025,CO2/CO/NOx,2025-05-11 07:00:00+02:00,1.07659113709065
2025,CO2/CO/NOx,2025-05-11 08:00:00+02:00,0.9243402807681012
2025,CO2/CO/NOx,2025-05-11 09:00:00+02:00,0.7970546428581512
2025,CO2/CO/NOx,2025-05-11 10:00:00+02:00,0.7093437609095182
2025,CO2/CO/NOx,2025-05-11 11:00:00+02:00,0.6675776085944158
2025,CO2/CO/NOx,2025-05-11 12:00:00+02:00,0.6586538910218277
2025,CO2/CO/NOx,2025-05-11 13:00:00+02:00,0.6870212782453974
2025,CO2/CO/NOx,2025-05-11 14:00:00+02:00,0.7514086623239387
2025,CO2/CO/NOx,2025-05-11 15:00:00+02:00,0.791495753374832
2025,CO2/CO/NOx,2025-05-11 16:00:00+02:00,0.8128004403055558
2025,CO2/CO/NOx,2025-05-11 17:00:00+02:00,0.7817520236609179
2025,CO2/CO/NOx,2025-05-11 18:00:00+02:00,0.7441461678915617
2025,CO2/CO/NOx,2025-05-11 19:00:00+02:00,0.6847119328418332
2025,CO2/CO/NOx,2025-05-11 20:00:00+02:00,0.6123438191041417
2025,CO2/CO/NOx,2025-05-11 21:00:00+02:00,0.561375811776296
2025,CO2/CO/NOx,2025-05-11 22:00:00+02:00,0.5357188760358487
2025,CO2/CO/NOx,2025-05-11 23:00:00+02:00,0.5590309423292643
2025,CO2/CO/NOx,2025-05-12 00:00:00+02:00,0.556837696005865
2025,CO2/CO/NOx,2025-05-12 01:00:00+02:00,0.6056901134445388
2025,CO2/CO/NOx,2025-05-12 02:00:00+02:00,0.6916764936782368
2025,CO2/CO/NOx,2025-05-12 03:00:00+02:00,0.7912258115238653
2025,CO2/CO/NOx,2025-05-12 04:00:00+02:00,0.851450994513196
2025,CO2/CO/NOx,2025-05-12 05:00:00+02:00,0.8872445546067382
2025,CO2/CO/NOx,2025-05-12 06:00:00+02:00,0.8882092423707743
2025,CO2/CO/NOx,2025-05-12 07:00:00+02:00,0.8455725003272543
2025,CO2/CO/NOx,2025-05-12 08:00:00+02:00,0.7725800431235315
2025,CO2/CO/NOx,2025-05-12 09:00:00+02:00,0.6814264497091325
2025,CO2/CO/NOx,2025-05-12 10:00:00+02:00,0.6275782735958874
2025,CO2/CO/NOx,2025-05-12 11:00:00+02:00,0.6040382108139896
2025,CO2/CO/NOx,2025-05-12 12:00:00+02:00,0.5681574071116223
2025,CO2/CO/NOx,2025-05-12 13:00:00+02:00,0.5427290287596861
2025,CO2/CO/NOx,2025-05-12 14:00:00+02:00,0.5327597096267845
2025,CO2/CO/NOx,2025-05-12 15:00:00+02:00,0.5329447351632345
2025,CO2/CO/NOx,2025-05-12 16:00:00+02:00,0.5437266875549486
2025,CO2/CO/NOx,2025-05-12 17:00:00+02:00,0.5504106565854237
2025,CO2/CO/NOx,2025-05-12 18:00:00+02:00,0.5617528514338346
2025,CO2/CO/NOx,2025-05-12 19:00:00+02:00,0.5610148542449642
2025,CO2/CO/NOx,2025-05-12 20:00:00+02:00,0.5501220062766745
2025,CO2/CO/NOx,2025-05-12 21:00:00+02:00,0.53919293581039
2025,CO2/CO/NOx,2025-05-12 22:00:00+02:00,0.5410004188205121
2025,CO2/CO/NOx,2025-05-12 23:00:00+02:00,0.54263702038703
2025,CO2/CO/NOx,2025-05-13 00:00:00+02:00,0.5537169552247644
2025,CO2/CO/NOx,2025-05-13 01:00:00+02:00,0.6249861365153124
2025,CO2/CO/NOx,2025-05-13 02:00:00+02:00,0.7179617383800131
2025,CO2/CO/NOx,2025-05-13 03:00:00+02:00,0.8321641703301242
2025,CO2/CO/NOx,2025-05-13 04:00:00+02:00,0.9071803125259786
2025,CO2/CO/NOx,2025-05-13 05:00:00+02:00,0.947041148221644
2025,CO2/CO/NOx,2025-05-13 06:00:00+02:00,0.9462707262443696
2025,CO2/CO/NOx,2025-05-13 07:00:00+02:00,0.9017128433641909
2025,CO2/CO/NOx,2025-05-13 08:00:00+02:00,0.8097374547643006
2025,CO2/CO/NOx,2025-05-13 09:00:00+02:00,0.7061960741771574
2025,CO2/CO/NOx,2025-05-13 10:00:00+02:00,0.6491808535335784
2025,CO2/CO/NOx,2025-05-13 11:00:00+02:00,0.5894444617897231
2025,CO2/CO/NOx,2025-05-13 12:00:00+02:00,0.5712716374510493
2025,CO2/CO/NOx,2025-05-13 13:00:00+02:00,0.5856951656858141
2025,CO2/CO/NOx,2025-05-13 14:00:00+02:00,0.6459695232722881
2025,CO2/CO/NOx,2025-05-13 15:00:00+02:00,0.684563440634693
2025,CO2/CO/NOx,2025-05-13 16:00:00+02:00,0.7103325238150218
2025,CO2/CO/NOx,2025-05-13 17:00:00+02:00,0.7032218610002224
2025,CO2/CO/NOx,2025-05-13 18:00:00+02:00,0.6935130988207578
2025,CO2/CO/NOx,2025-05-13 19:00:00+02:00,0.6661136517818297
2025,CO2/CO/NOx,2025-05-13 20:00:00+02:00,0.6116436362556674
2025,CO2/CO/NOx,2025-05-13 21:00:00+02:00,0.5849442961709699
2025,CO2/CO/NOx,2025-05-13 22:00:00+02:00,0.5984299967270866
2025,CO2/CO/NOx,2025-05-13 23:00:00+02:00,0.6625933393694421
2025,CO2/CO/NOx,2025-05-14 00:00:00+02:00,0.7140068964198009
2025,CO2/CO/NOx,2025-05-14 01:00:00+02:00,0.7915809904020163
2025,CO2/CO/NOx,2025-05-14 02:00:00+02:00,0.8717551958617729
2025,CO2/CO/NOx,2025-05-14 03:00:00+02:00,0.9584425988768542
2025,CO2/CO/NOx,2025-05-14 04:00:00+02:00,1.0021463248223634
2025,CO2/CO/NOx,2025-05-14 05:00:00+02:00,0.9923707568747252
2025,CO2/CO/NOx,2025-05-14 06:00:00+02:00,0.949730355350796
2025,CO2/CO/NOx,2025-05-14 07:00:00+02:00,0.8800100732910704
2025,CO2/CO/NOx,2025-05-14 08:00:00+02:00,0.7987673518393278
2025,CO2/CO/NOx,2025-05-14 09:00:00+02:00,0.7097668337237758
2025,CO2/CO/NOx,2025-05-14 10:00:00+02:00,0.6247872638941754
2025,CO2/CO/NOx,2025-05-14 11:00:00+02:00,0.57959552973264
2025,CO2/CO/NOx,2025-05-14 12:00:00+02:00,0.565445083176912
2025,CO2/CO/NOx,2025-05-14 13:00:00+02:00,0.5655410834388365
2025,CO2/CO/NOx,2025-05-14 14:00:00+02:00,0.600485155724127
2025,CO2/CO/NOx,2025-05-14 15:00:00+02:00,0.6276044777552521
2025,CO2/CO/NOx,2025-05-14 16:00:00+02:00,0.6374221140645042
2025,CO2/CO/NOx,2025-05-14 17:00:00+02:00,0.6278445572613386
2025,CO2/CO/NOx,2025-05-14 18:00:00+02:00,0.6059819912582853
2025,CO2/CO/NOx,2025-05-14 19:00:00+02:00,0.5586140945405644
2025,CO2/CO/NOx,2025-05-14 20:00:00+02:00,0.5276734167181282
2025,CO2/CO/NOx,2025-05-14 21:00:00+02:00,0.503907757335906
2025,CO2/CO/NOx,2025-05-14 22:00:00+02:00,0.5059320482553968
2025,CO2/CO/NOx,2025-05-14 23:00:00+02:00,0.5283651636665384
2025,CO2/CO/NOx,2025-05-15 00:00:00+02:00,0.5215455134460789
2025,CO2/CO/NOx,2025-05-15 01:00:00+02:00,0.5225599094849754
2025,CO2/CO/NOx,2025-05-15 02:00:00+02:00,0.5408991256209406
2025,CO2/CO/NOx,2025-05-15 03:00:00+02:00,0.5778922006356537
2025,CO2/CO/NOx,2025-05-15 04:00:00+02:00,0.6079837690540619
2025,CO2/CO/NOx,2025-05-15 05:00:00+02:00,0.6320608834315457
2025,CO2/CO/NOx,2025-05-15 06:00:00+02:00,0.6513194733885559
2025,CO2/CO/NOx,2025-05-15 07:00:00+02:00,0.6531801158222758
2025,CO2/CO/NOx,2025-05-15 08:00:00+02:00,0.6373428268752358
2025,CO2/CO/NOx,2025-05-15 09:00:00+02:00,0.6085891514117203
2025,CO2/CO/NOx,2025-05-15 10:00:00+02:00,0.5829433921353332
2025,CO2/CO/NOx,2025-05-15 11:00:00+02:00,0.5674721662276183
2025,CO2/CO/NOx,2025-05-15 12:00:00+02:00,0.5615530574881501
2025,CO2/CO/NOx,2025-05-15 13:00:00+02:00,0.5634754631756924
2025,CO2/CO/NOx,2025-05-15 14:00:00+02:00,0.5788007573045335
2025,CO2/CO/NOx,2025-05-15 15:00:00+02:00,0.5913106238724186
2025,CO2/CO/NOx,2025-05-15 16:00:00+02:00,0.5812490448584227
2025,CO2/CO/NOx,2025-05-15 17:00:00+02:00,0.5708641962587251
2025,CO2/CO/NOx,2025-05-15 18:00:00+02:00,0.5761691983500344
2025,CO2/CO/NOx,2025-05-15 19:00:00+02:00,0.5823931902940644
2025,CO2/CO/NOx,2025-05-15 20:00:00+02:00,0.5840623528543831
2025,CO2/CO/NOx,2025-05-15 21:00:00+02:00,0.5867578509420922
2025,CO2/CO/NOx,2025-05-15 22:00:00+02:00,0.6356118481197858
2025,CO2/CO/NOx,2025-05-15 23:00:00+02:00,0.7099286128884357
2025,CO2/CO/NOx,2025-05-16 00:00:00+02:00,0.7988306609461719
2025,CO2/CO/NOx,2025-05-16 01:00:00+02:00,0.8906477816541517
2025,CO2/CO/NOx,2025-05-16 02:00:00+02:00,1.0037562947314829
2025,CO2/CO/NOx,2025-05-16 03:00:00+02:00,1.1130681055709744
2025,CO2/CO/NOx,2025-05-16 04:00:00+02:00,1.1733431850978402
2025,CO2/CO/NOx,2025-05-16 05:00:00+02:00,1.1545878525185265
2025,CO2/CO/NOx,2025-05-16 06:00:00+02:00,1.0912862553375058
2025,CO2/CO/NOx,2025-05-16 07:00:00+02:00,1.0209339538458595
2025,CO2/CO/NOx,2025-05-16 08:00:00+02:00,0.930437334494564
2025,CO2/CO/NOx,2025-05-16 09:00:00+02:00,0.8309190318422724
2025,CO2/CO/NOx,2025-05-16 10:00:00+02:00,0.7615652432476211
2025,CO2/CO/NOx,2025-05-16 11:00:00+02:00,0.732485983002298
2025,CO2/CO/NOx,2025-05-16 12:00:00+02:00,0.7456413213374831
2025,CO2/CO/NOx,2025-05-16 13:00:00+02:00,0.7940764240103697
2025,CO2/CO/NOx,2025-05-16 14:00:00+02:00,0.8431521039521886
2025,CO2/CO/NOx,2025-05-16 15:00:00+02:00,0.9068325260413889
2025,CO2/CO/NOx,2025-05-16 16:00:00+02:00,0.9403891297390689
2025,CO2/CO/NOx,2025-05-16 17:00:00+02:00,0.9434020184268693
2025,CO2/CO/NOx,2025-05-16 18:00:00+02:00,0.9183007443539597
2025,CO2/CO/NOx,2025-05-16 19:00:00+02:00,0.86479845131911
2025,CO2/CO/NOx,2025-05-16 20:00:00+02:00,0.8032889273991933
2025,CO2/CO/NOx,2025-05-16 21:00:00+02:00,0.7632368609653808
2025,CO2/CO/NOx,2025-05-16 22:00:00+02:00,0.7421950794955487
2025,CO2/CO/NOx,2025-05-16 23:00:00+02:00,0.7332293809561902
2025,CO2/CO/NOx,2025-05-17 00:00:00+02:00,0.736393970512894
2025,CO2/CO/NOx,2025-05-17 01:00:00+02:00,0.7439627840360681
2025,CO2/CO/NOx,2025-05-17 02:00:00+02:00,0.7789352561181734
2025,CO2/CO/NOx,2025-05-17 03:00:00+02:00,0.8226484036736537
2025,CO2/CO/NOx,2025-05-17 04:00:00+02:00,0.8485422148248112
2025,CO2/CO/NOx,2025-05-17 05:00:00+02:00,0.8820929125103182
2025,CO2/CO/NOx,2025-05-17 06:00:00+02:00,0.8953640493703486
2025,CO2/CO/NOx,2025-05-17 07:00:00+02:00,0.8868689789825879
2025,CO2/CO/NOx,2025-05-17 08:00:00+02:00,0.8627056791524863
2025,CO2/CO/NOx,2025-05-17 09:00:00+02:00,0.8344257557418979
2025,CO2/CO/NOx,2025-05-17 10:00:00+02:00,0.8082448557912997
2025,CO2/CO/NOx,2025-05-17 11:00:00+02:00,0.776457487287799
2025,CO2/CO/NOx,2025-05-17 12:00:00+02:00,0.7403389104347123
2025,CO2/CO/NOx,2025-05-17 13:00:00+02:00,0.72069400160491
2025,CO2/CO/NOx,2025-05-17 14:00:00+02:00,0.7240764441636379
2025,CO2/CO/NOx,2025-05-17 15:00:00+02:00,0.7300052325695525
2025,CO2/CO/NOx,2025-05-17 16:00:00+02:00,0.7408356272982249
2025,CO2/CO/NOx,2025-05-17 17:00:00+02:00,0.751394645736539
2025,CO2/CO/NOx,2025-05-17 18:00:00+02:00,0.7664414617374087
2025,CO2/CO/NOx,2025-05-17 19:00:00+02:00,0.7656622283252307
2025,CO2/CO/NOx,2025-05-17 20:00:00+02:00,0.7484285508609159
2025,CO2/CO/NOx,2025-05-17 21:00:00+02:00,0.7324821636888227
2025,CO2/CO/NOx,2025-05-17 22:00:00+02:00,0.725601051332595
2025,CO2/CO/NOx,2025-05-17 23:00:00+02:00,0.7273322424160485
2025,CO2/CO/NOx,2025-05-18 00:00:00+02:00,0.7177325819811857
2025,CO2/CO/NOx,2025-05-18 01:00:00+02:00,0.7270957052020757
2025,CO2/CO/NOx,2025-05-18 02:00:00+02:00,0.7600144815768333
2025,CO2/CO/NOx,2025-05-18 03:00:00+02:00,0.8023949094029773
2025,CO2/CO/NOx,2025-05-18 04:00:00+02:00,0.8403174400565584
2025,CO2/CO/NOx,2025-05-18 05:00:00+02:00,0.8748075324581183
2025,CO2/CO/NOx,2025-05-18 06:00:00+02:00,0.9038325629978298
2025,CO2/CO/NOx,2025-05-18 07:00:00+02:00,0.9067121729236216
2025,CO2/CO/NOx,2025-05-18 08:00:00+02:00,0.8763586787024973
2025,CO2/CO/NOx,2025-05-18 09:00:00+02:00,0.8256625024443631
2025,CO2/CO/NOx,2025-05-18 10:00:00+02:00,0.7810615725623445
2025,CO2/CO/NOx,2025-05-18 11:00:00+02:00,0.7363039040507727
2025,CO2/CO/NOx,2025-05-18 12:00:00+02:00,0.6845888162319941
2025,CO2/CO/NOx,2025-05-18 13:00:00+02:00,0.6389047329387832
2025,CO2/CO/NOx,2025-05-18 14:00:00+02:00,0.6213582300266544
2025,CO2/CO/NOx,2025-05-18 15:00:00+02:00,0.6240526095957104
2025,CO2/CO/NOx,2025-05-18 16:00:00+02:00,0.6343728006778713
2025,CO2/CO/NOx,2025-05-18 17:00:00+02:00,0.6430676989804918
2025,CO2/CO/NOx,2025-05-18 18:00:00+02:00,0.6642753680317659
2025,CO2/CO/NOx,2025-05-18 19:00:00+02:00,0.6641426327571777
2025,CO2/CO/NOx,2025-05-18 20:00:00+02:00,0.6489506290180009
2025,CO2/CO/NOx,2025-05-18 21:00:00+02:00,0.64579282204498
2025,CO2/CO/NOx,2025-05-18 22:00:00+02:00,0.631940411146961
2025,CO2/CO/NOx,2025-05-18 23:00:00+02:00,0.6324691100022198
2025,CO2/CO/NOx,2025-05-19 00:00:00+02:00,0.6348487810239029
2025,CO2/CO/NOx,2025-05-19 01:00:00+02:00,0.6613261455427559
2025,CO2/CO/NOx,2025-05-19 02:00:00+02:00,0.7020472390747683
2025,CO2/CO/NOx,2025-05-19 03:00:00+02:00,0.7500354305083953
2025,CO2/CO/NOx,2025-05-19 04:00:00+02:00,0.783105625090435
2025,CO2/CO/NOx,2025-05-19 05:00:00+02:00,0.8092504174191467
2025,CO2/CO/NOx,2025-05-19 06:00:00+02:00,0.8253283177025574
2025,CO2/CO/NOx,2025-05-19 07:00:00+02:00,0.8036417471623097
2025,CO2/CO/NOx,2025-05-19 08:00:00+02:00,0.7518532273519843
2025,CO2/CO/NOx,2025-05-19 09:00:00+02:00,0.6860166999452282
2025,CO2/CO/NOx,2025-05-19 10:00:00+02:00,0.6295849219076624
2025,CO2/CO/NOx,2025-05-19 11:00:00+02:00,0.5797650488538619
2025,CO2/CO/NOx,2025-05-19 12:00:00+02:00,0.5414608439687714
2025,CO2/CO/NOx,2025-05-19 13:00:00+02:00,0.517802682667188
2025,CO2/CO/NOx,2025-05-19 14:00:00+02:00,0.49567805508913576
2025,CO2/CO/NOx,2025-05-19 15:00:00+02:00,0.4831232424027654
2025,CO2/CO/NOx,2025-05-19 16:00:00+02:00,0.47689812590348385
2025,CO2/CO/NOx,2025-05-19 17:00:00+02:00,0.471515994922119
2025,CO2/CO/NOx,2025-05-19 18:00:00+02:00,0.48659264117270534
2025,CO2/CO/NOx,2025-05-19 19:00:00+02:00,0.49007437527070713
2025,CO2/CO/NOx,2025-05-19 20:00:00+02:00,0.49172990852395076
2025,CO2/CO/NOx,2025-05-19 21:00:00+02:00,0.5008670287489018
2025,CO2/CO/NOx,2025-05-19 22:00:00+02:00,0.5260359977305108
2025,CO2/CO/NOx,2025-05-19 23:00:00+02:00,0.5428277842865327
2025,CO2/CO/NOx,2025-05-20 00:00:00+02:00,0.5514158951395031
2025,CO2/CO/NOx,2025-05-20 01:00:00+02:00,0.5724943935652432
2025,CO2/CO/NOx,2025-05-20 02:00:00+02:00,0.6213411138472816
2025,CO2/CO/NOx,2025-05-20 03:00:00+02:00,0.6752359400686424
2025,CO2/CO/NOx,2025-05-20 04:00:00+02:00,0.7093448992932359
2025,CO2/CO/NOx,2025-05-20 05:00:00+02:00,0.7249430640977663
2025,CO2/CO/NOx,2025-05-20 06:00:00+02:00,0.7253081096973858
2025,CO2/CO/NOx,2025-05-20 07:00:00+02:00,0.7167383751673378
2025,CO2/CO/NOx,2025-05-20 08:00:00+02:00,0.6629542541900902
2025,CO2/CO/NOx,2025-05-20 09:00:00+02:00,0.5915087223767593
2025,CO2/CO/NOx,2025-05-20 10:00:00+02:00,0.543304235562986
2025,CO2/CO/NOx,2025-05-20 11:00:00+02:00,0.5105921977384043
2025,CO2/CO/NOx,2025-05-20 12:00:00+02:00,0.48650466008332927
2025,CO2/CO/NOx,2025-05-20 13:00:00+02:00,0.4706760189788086
2025,CO2/CO/NOx,2025-05-20 14:00:00+02:00,0.45661782694034775
2025,CO2/CO/NOx,2025-05-20 15:00:00+02:00,0.45474608492097796
2025,CO2/CO/NOx,2025-05-20 16:00:00+02:00,0.448274334860451
2025,CO2/CO/NOx,2025-05-20 17:00:00+02:00,0.43146786379006424
2025,CO2/CO/NOx,2025-05-20 18:00:00+02:00,0.43190425551472095
2025,CO2/CO/NOx,2025-05-20 19:00:00+02:00,0.4337260649792208
2025,CO2/CO/NOx,2025-05-20 20:00:00+02:00,0.42742482466574494
2025,CO2/CO/NOx,2025-05-20 21:00:00+02:00,0.43349624442694673
2025,CO2/CO/NOx,2025-05-20 22:00:00+02:00,0.43902926387255686
2025,CO2/CO/NOx,2025-05-20 23:00:00+02:00,0.4487495592400854
2025,CO2/CO/NOx,2025-05-21 00:00:00+02:00,0.45850917399482544
2025,CO2/CO/NOx,2025-05-21 01:00:00+02:00,0.4674224178635768
2025,CO2/CO/NOx,2025-05-21 02:00:00+02:00,0.4882415352001724
2025,CO2/CO/NOx,2025-05-21 03:00:00+02:00,0.5206843710627516
2025,CO2/CO/NOx,2025-05-21 04:00:00+02:00,0.5394731636114866
2025,CO2/CO/NOx,2025-05-21 05:00:00+02:00,0.5413750674166101
2025,CO2/CO/NOx,2025-05-21 06:00:00+02:00,0.5377223345388966
2025,CO2/CO/NOx,2025-05-21 07:00:00+02:00,0.5188521003016988
2025,CO2/CO/NOx,2025-05-21 08:00:00+02:00,0.49304559180965585
2025,CO2/CO/NOx,2025-05-21 09:00:00+02:00,0.45774240898141805
2025,CO2/CO/NOx,2025-05-21 10:00:00+02:00,0.4301161179017302
2025,CO2/CO/NOx,2025-05-21 11:00:00+02:00,0.4149230764319492
2025,CO2/CO/NOx,2025-05-21 12:00:00+02:00,0.4102247661421788
2025,CO2/CO/NOx,2025-05-21 13:00:00+02:00,0.40593493414545867
2025,CO2/CO/NOx,2025-05-21 14:00:00+02:00,0.4095363433659667
2025,CO2/CO/NOx,2025-05-21 15:00:00+02:00,0.4208765561089226
2025,CO2/CO/NOx,2025-05-21 16:00:00+02:00,0.4360519008198508
2025,CO2/CO/NOx,2025-05-21 17:00:00+02:00,0.4485175567098256
2025,CO2/CO/NOx,2025-05-21 18:00:00+02:00,0.4615498297580009
2025,CO2/CO/NOx,2025-05-21 19:00:00+02:00,0.46695649839345105
2025,CO2/CO/NOx,2025-05-21 20:00:00+02:00,0.4657551991282988
2025,CO2/CO/NOx,2025-05-21 21:00:00+02:00,0.45147793417744914
2025,CO2/CO/NOx,2025-05-21 22:00:00+02:00,0.43863849379657366
2025,CO2/CO/NOx,2025-05-21 23:00:00+02:00,0.4318744924916051
2025,CO2/CO/NOx,2025-05-22 00:00:00+02:00,0.4341574025760365
2025,CO2/CO/NOx,2025-05-22 01:00:00+02:00,0.4552207571506395
2025,CO2/CO/NOx,2025-05-22 02:00:00+02:00,0.4891491407034493
2025,CO2/CO/NOx,2025-05-22 03:00:00+02:00,0.5440623793480821
2025,CO2/CO/NOx,2025-05-22 04:00:00+02:00,0.6042283240317817
2025,CO2/CO/NOx,2025-05-22 05:00:00+02:00,0.6544293094813066
2025,CO2/CO/NOx,2025-05-22 06:00:00+02:00,0.6849932527220913
2025,CO2/CO/NOx,2025-05-22 07:00:00+02:00,0.6972496983910438
2025,CO2/CO/NOx,2025-05-22 08:00:00+02:00,0.6906244254745376
2025,CO2/CO/NOx,2025-05-22 09:00:00+02:00,0.6635825401975066
2025,CO2/CO/NOx,2025-05-22 10:00:00+02:00,0.6376292956426288
2025,CO2/CO/NOx,2025-05-22 11:00:00+02:00,0.6186690462325778
2025,CO2/CO/NOx,2025-05-22 12:00:00+02:00,0.623085915362368
2025,CO2/CO/NOx,2025-05-22 13:00:00+02:00,0.6509403197906011
2025,CO2/CO/NOx,2025-05-22 14:00:00+02:00,0.6879228390583811
2025,CO2/CO/NOx,2025-05-22 15:00:00+02:00,0.7424283091542586
2025,CO2/CO/NOx,2025-05-22 16:00:00+02:00,0.7882859375593999
2025,CO2/CO/NOx,2025-05-22 17:00:00+02:00,0.8203492372888682
2025,CO2/CO/NOx,2025-05-22 18:00:00+02:00,0.8344262105414585
2025,CO2/CO/NOx,2025-05-22 19:00:00+02:00,0.8202659417715471
2025,CO2/CO/NOx,2025-05-22 20:00:00+02:00,0.7913511157528312
2025,CO2/CO/NOx,2025-05-22 21:00:00+02:00,0.762577741903407
2025,CO2/CO/NOx,2025-05-22 22:00:00+02:00,0.7415483543541944
2025,CO2/CO/NOx,2025-05-22 23:00:00+02:00,0.7280649433947709
2025,CO2/CO/NOx,2025-05-23 00:00:00+02:00,0.7275685563682238
2025,CO2/CO/NOx,2025-05-23 01:00:00+02:00,0.7573991466285024
2025,CO2/CO/NOx,2025-05-23 02:00:00+02:00,0.8172828756833925
2025,CO2/CO/NOx,2025-05-23 03:00:00+02:00,0.8894604616357012
2025,CO2/CO/NOx,2025-05-23 04:00:00+02:00,0.9379204473503621
2025,CO2/CO/NOx,2025-05-23 05:00:00+02:00,0.9622658278536729
2025,CO2/CO/NOx,2025-05-23 06:00:00+02:00,0.96372121447779
2025,CO2/CO/NOx,2025-05-23 07:00:00+02:00,0.9403784550262819
2025,CO2/CO/NOx,2025-05-23 08:00:00+02:00,0.8919755930433961
2025,CO2/CO/NOx,2025-05-23 09:00:00+02:00,0.8476367653991363
2025,CO2/CO/NOx,2025-05-23 10:00:00+02:00,0.8438258343523359
2025,CO2/CO/NOx,2025-05-23 11:00:00+02:00,0.8662699978904698
2025,CO2/CO/NOx,2025-05-23 12:00:00+02:00,0.8909246205320921
2025,CO2/CO/NOx,2025-05-23 13:00:00+02:00,0.9071571521011845
2025,CO2/CO/NOx,2025-05-23 14:00:00+02:00,0.9071041527221235
2025,CO2/CO/NOx,2025-05-23 15:00:00+02:00,0.8959255527905577
2025,CO2/CO/NOx,2025-05-23 16:00:00+02:00,0.8671832017020124
2025,CO2/CO/NOx,2025-05-23 17:00:00+02:00,0.8296836485099732
2025,CO2/CO/NOx,2025-05-23 18:00:00+02:00,0.8102177191026456
2025,CO2/CO/NOx,2025-05-23 19:00:00+02:00,0.7994614001757534
2025,CO2/CO/NOx,2025-05-23 20:00:00+02:00,0.8007976217004145
2025,CO2/CO/NOx,2025-05-23 21:00:00+02:00,0.8019995792662997
2025,CO2/CO/NOx,2025-05-23 22:00:00+02:00,0.817371999244151
2025,CO2/CO/NOx,2025-05-23 23:00:00+02:00,0.8401377962365615
2025,CO2/CO/NOx,2025-05-24 00:00:00+02:00,0.8327226875377854
2025,CO2/CO/NOx,2025-05-24 01:00:00+02:00,0.8527540202120822
2025,CO2/CO/NOx,2025-05-24 02:00:00+02:00,0.9009536334970093
2025,CO2/CO/NOx,2025-05-24 03:00:00+02:00,0.9778523174766058
2025,CO2/CO/NOx,2025-05-24 04:00:00+02:00,1.0307868794256088
2025,CO2/CO/NOx,2025-05-24 05:00:00+02:00,1.0436628333676659
2025,CO2/CO/NOx,2025-05-24 06:00:00+02:00,1.0279239225029264
2025,CO2/CO/NOx,2025-05-24 07:00:00+02:00,0.9882665624081586
2025,CO2/CO/NOx,2025-05-24 08:00:00+02:00,0.9262999866497875
2025,CO2/CO/NOx,2025-05-24 09:00:00+02:00,0.837988924222905
2025,CO2/CO/NOx,2025-05-24 10:00:00+02:00,0.7936045170780779
2025,CO2/CO/NOx,2025-05-24 11:00:00+02:00,0.7768610305539976
2025,CO2/CO/NOx,2025-05-24 12:00:00+02:00,0.7800844598488671
2025,CO2/CO/NOx,2025-05-24 13:00:00+02:00,0.8010341045139677
2025,CO2/CO/NOx,2025-05-24 14:00:00+02:00,0.8438862678712754
2025,CO2/CO/NOx,2025-05-24 15:00:00+02:00,0.8797979197968567
2025,CO2/CO/NOx,2025-05-24 16:00:00+02:00,0.8964497334084612
2025,CO2/CO/NOx,2025-05-24 17:00:00+02:00,0.8765380084027822
2025,CO2/CO/NOx,2025-05-24 18:00:00+02:00,0.8572615453308091
2025,CO2/CO/NOx,2025-05-24 19:00:00+02:00,0.8224356595311421
2025,CO2/CO/NOx,2025-05-24 20:00:00+02:00,0.7775649074939872
2025,CO2/CO/NOx,2025-05-24 21:00:00+02:00,0.7333527927492332
2025,CO2/CO/NOx,2025-05-24 22:00:00+02:00,0.731251410455262
2025,CO2/CO/NOx,2025-05-24 23:00:00+02:00,0.7545523776455547
2025,CO2/CO/NOx,2025-05-25 00:00:00+02:00,0.7551166269828694
2025,CO2/CO/NOx,2025-05-25 01:00:00+02:00,0.7537008253093611
2025,CO2/CO/NOx,2025-05-25 02:00:00+02:00,0.7365779893646078
2025,CO2/CO/NOx,2025-05-25 03:00:00+02:00,0.73891338431216
2025,CO2/CO/NOx,2025-05-25 04:00:00+02:00,0.746157641760765
2025,CO2/CO/NOx,2025-05-25 05:00:00+02:00,0.7638766249702125
2025,CO2/CO/NOx,2025-05-25 06:00:00+02:00,0.7902554907647288
2025,CO2/CO/NOx,2025-05-25 07:00:00+02:00,0.8261730817569004
2025,CO2/CO/NOx,2025-05-25 08:00:00+02:00,0.8519031491425413
2025,CO2/CO/NOx,2025-05-25 09:00:00+02:00,0.8572399083781196
2025,CO2/CO/NOx,2025-05-25 10:00:00+02:00,0.8647011453877432
2025,CO2/CO/NOx,2025-05-25 11:00:00+02:00,0.8656553541237312
2025,CO2/CO/NOx,2025-05-25 12:00:00+02:00,0.8373780531246333
2025,CO2/CO/NOx,2025-05-25 13:00:00+02:00,0.800335773852194
2025,CO2/CO/NOx,2025-05-25 14:00:00+02:00,0.7511923892210831
2025,CO2/CO/NOx,2025-05-25 15:00:00+02:00,0.7142244624964476
2025,CO2/CO/NOx,2025-05-25 16:00:00+02:00,0.6963800132760459
2025,CO2/CO/NOx,2025-05-25 17:00:00+02:00,0.6863595887348376
2025,CO2/CO/NOx,2025-05-25 18:00:00+02:00,0.7020727896309206
2025,CO2/CO/NOx,2025-05-25 19:00:00+02:00,0.7287268872753373
2025,CO2/CO/NOx,2025-05-25 20:00:00+02:00,0.7397263235039765
2025,CO2/CO/NOx,2025-05-25 21:00:00+02:00,0.724993600326974
2025,CO2/CO/NOx,2025-05-25 22:00:00+02:00,0.703667781486429
2025,CO2/CO/NOx,2025-05-25 23:00:00+02:00,0.6647898317940292
2025,CO2/CO/NOx,2025-05-26 00:00:00+02:00,0.621625949154771
2025,CO2/CO/NOx,2025-05-26 01:00:00+02:00,0.5925378592026176
2025,CO2/CO/NOx,2025-05-26 02:00:00+02:00,0.58213141650254
2025,CO2/CO/NOx,2025-05-26 03:00:00+02:00,0.6014383096476135
2025,CO2/CO/NOx,2025-05-26 04:00:00+02:00,0.6254083706201994
2025,CO2/CO/NOx,2025-05-26 05:00:00+02:00,0.6475499705136142
2025,CO2/CO/NOx,2025-05-26 06:00:00+02:00,0.6749688701767493
2025,CO2/CO/NOx,2025-05-26 07:00:00+02:00,0.6988740044839963
2025,CO2/CO/NOx,2025-05-26 08:00:00+02:00,0.6962941666309993
2025,CO2/CO/NOx,2025-05-26 09:00:00+02:00,0.6752910534278819
2025,CO2/CO/NOx,2025-05-26 10:00:00+02:00,0.6421218385171628
2025,CO2/CO/NOx,2025-05-26 11:00:00+02:00,0.6052844869073897
2025,CO2/CO/NOx,2025-05-26 12:00:00+02:00,0.5668146340746336
2025,CO2/CO/NOx,2025-05-26 13:00:00+02:00,0.5461126664762098
2025,CO2/CO/NOx,2025-05-26 14:00:00+02:00,0.5397447470335759
2025,CO2/CO/NOx,2025-05-26 15:00:00+02:00,0.5436800755259125
2025,CO2/CO/NOx,2025-05-26 16:00:00+02:00,0.5518754848394121
2025,CO2/CO/NOx,2025-05-26 17:00:00+02:00,0.5568043633861148
2025,CO2/CO/NOx,2025-05-26 18:00:00+02:00,0.5664920499949864
2025,CO2/CO/NOx,2025-05-26 19:00:00+02:00,0.5681360352085325
2025,CO2/CO/NOx,2025-05-26 20:00:00+02:00,0.568289595721554
2025,CO2/CO/NOx,2025-05-26 21:00:00+02:00,0.5633153109155407
2025,CO2/CO/NOx,2025-05-26 22:00:00+02:00,0.5595902825103151
2025,CO2/CO/NOx,2025-05-26 23:00:00+02:00,0.5632599318266498
2025,CO2/CO/NOx,2025-05-27 00:00:00+02:00,0.566638793388667
2025,CO2/CO/NOx,2025-05-27 01:00:00+02:00,0.5831349369067418
2025,CO2/CO/NOx,2025-05-27 02:00:00+02:00,0.608506354511307
2025,CO2/CO/NOx,2025-05-27 03:00:00+02:00,0.6450964233586864
2025,CO2/CO/NOx,2025-05-27 04:00:00+02:00,0.6824934948853951
2025,CO2/CO/NOx,2025-05-27 05:00:00+02:00,0.7101400124500279
2025,CO2/CO/NOx,2025-05-27 06:00:00+02:00,0.7275125606078965
2025,CO2/CO/NOx,2025-05-27 07:00:00+02:00,0.7298955804643418
2025,CO2/CO/NOx,2025-05-27 08:00:00+02:00,0.7203200091271541
2025,CO2/CO/NOx,2025-05-27 09:00:00+02:00,0.689742642431949
2025,CO2/CO/NOx,2025-05-27 10:00:00+02:00,0.6551251118573925
2025,CO2/CO/NOx,2025-05-27 11:00:00+02:00,0.629809275101167
2025,CO2/CO/NOx,2025-05-27 12:00:00+02:00,0.6083814945772764
2025,CO2/CO/NOx,2025-05-27 13:00:00+02:00,0.5966383094006572
2025,CO2/CO/NOx,2025-05-27 14:00:00+02:00,0.5969397837953472
2025,CO2/CO/NOx,2025-05-27 15:00:00+02:00,0.6047223368012458
2025,CO2/CO/NOx,2025-05-27 16:00:00+02:00,0.6123904472978619
2025,CO2/CO/NOx,2025-05-27 17:00:00+02:00,0.6084037765180302
2025,CO2/CO/NOx,2025-05-27 18:00:00+02:00,0.6014565585313015
2025,CO2/CO/NOx,2025-05-27 19:00:00+02:00,0.5837988634484007
2025,CO2/CO/NOx,2025-05-27 20:00:00+02:00,0.5557899830147222
2025,CO2/CO/NOx,2025-05-27 21:00:00+02:00,0.534476773296084
2025,CO2/CO/NOx,2025-05-27 22:00:00+02:00,0.5315650803285157
2025,CO2/CO/NOx,2025-05-27 23:00:00+02:00,0.542835345194375
2025,CO2/CO/NOx,2025-05-28 00:00:00+02:00,0.5488343057131271
2025,CO2/CO/NOx,2025-05-28 01:00:00+02:00,0.5705118015199884
2025,CO2/CO/NOx,2025-05-28 02:00:00+02:00,0.5995516122752682
2025,CO2/CO/NOx,2025-05-28 03:00:00+02:00,0.6297499137365468
2025,CO2/CO/NOx,2025-05-28 04:00:00+02:00,0.6415707221189093
2025,CO2/CO/NOx,2025-05-28 05:00:00+02:00,0.6367600180219759
2025,CO2/CO/NOx,2025-05-28 06:00:00+02:00,0.6339539393947163
2025,CO2/CO/NOx,2025-05-28 07:00:00+02:00,0.6336889497580916
2025,CO2/CO/NOx,2025-05-28 08:00:00+02:00,0.621299389674627
2025,CO2/CO/NOx,2025-05-28 09:00:00+02:00,0.5978617957062363
2025,CO2/CO/NOx,2025-05-28 10:00:00+02:00,0.5940941449374354
2025,CO2/CO/NOx,2025-05-28 11:00:00+02:00,0.5895259177603507
2025,CO2/CO/NOx,2025-05-28 12:00:00+02:00,0.5753198946200649
2025,CO2/CO/NOx,2025-05-28 13:00:00+02:00,0.5595271757515603
2025,CO2/CO/NOx,2025-05-28 14:00:00+02:00,0.5479764855983088
2025,CO2/CO/NOx,2025-05-28 15:00:00+02:00,0.5440530600115404
2025,CO2/CO/NOx,2025-05-28 16:00:00+02:00,0.5433606969816867
2025,CO2/CO/NOx,2025-05-28 17:00:00+02:00,0.5389099696621055
2025,CO2/CO/NOx,2025-05-28 18:00:00+02:00,0.5378408343059442
2025,CO2/CO/NOx,2025-05-28 19:00:00+02:00,0.5346213472537374
2025,CO2/CO/NOx,2025-05-28 20:00:00+02:00,0.5324546192759307
2025,CO2/CO/NOx,2025-05-28 21:00:00+02:00,0.5387554676321271
2025,CO2/CO/NOx,2025-05-28 22:00:00+02:00,0.5552812777186082
2025,CO2/CO/NOx,2025-05-28 23:00:00+02:00,0.5816468735412941
2025,CO2/CO/NOx,2025-05-29 00:00:00+02:00,0.6104721939396134
2025,CO2/CO/NOx,2025-05-29 01:00:00+02:00,0.6399157596401628
2025,CO2/CO/NOx,2025-05-29 02:00:00+02:00,0.6736016571935135
2025,CO2/CO/NOx,2025-05-29 03:00:00+02:00,0.7011617000361687
2025,CO2/CO/NOx,2025-05-29 04:00:00+02:00,0.7149788873011116
2025,CO2/CO/NOx,2025-05-29 05:00:00+02:00,0.7218497686522414
2025,CO2/CO/NOx,2025-05-29 06:00:00+02:00,0.7294881405739808
2025,CO2/CO/NOx,2025-05-29 07:00:00+02:00,0.7231803720873449
2025,CO2/CO/NOx,2025-05-29 08:00:00+02:00,0.7101985896695017
2025,CO2/CO/NOx,2025-05-29 09:00:00+02:00,0.7020810337638635
2025,CO2/CO/NOx,2025-05-29 10:00:00+02:00,0.7002506456028594
2025,CO2/CO/NOx,2025-05-29 11:00:00+02:00,0.6928860456917054
2025,CO2/CO/NOx,2025-05-29 12:00:00+02:00,0.6838750846056362
2025,CO2/CO/NOx,2025-05-29 13:00:00+02:00,0.682174595924763
2025,CO2/CO/NOx,2025-05-29 14:00:00+02:00,0.6806701384505338
2025,CO2/CO/NOx,2025-05-29 15:00:00+02:00,0.6715667934323051
2025,CO2/CO/NOx,2025-05-29 16:00:00+02:00,0.6496635052731249
2025,CO2/CO/NOx,2025-05-29 17:00:00+02:00,0.6270933598879471
2025,CO2/CO/NOx,2025-05-29 18:00:00+02:00,0.6150925563369086
2025,CO2/CO/NOx,2025-05-29 19:00:00+02:00,0.5879164927308363
2025,CO2/CO/NOx,2025-05-29 20:00:00+02:00,0.5589586558093096
2025,CO2/CO/NOx,2025-05-29 21:00:00+02:00,0.541623882868434
2025,CO2/CO/NOx,2025-05-29 22:00:00+02:00,0.5390402631912702
2025,CO2/CO/NOx,2025-05-29 23:00:00+02:00,0.5400475997623231
2025,CO2/CO/NOx,2025-05-30 00:00:00+02:00,0.5300107001348093
2025,CO2/CO/NOx,2025-05-30 01:00:00+02:00,0.5341932030445233
2025,CO2/CO/NOx,2025-05-30 02:00:00+02:00,0.5498256393224702
2025,CO2/CO/NOx,2025-05-30 03:00:00+02:00,0.5644674308587637
2025,CO2/CO/NOx,2025-05-30 04:00:00+02:00,0.567411685516938
2025,CO2/CO/NOx,2025-05-30 05:00:00+02:00,0.5712206251528233
2025,CO2/CO/NOx,2025-05-30 06:00:00+02:00,0.5688340194450838
2025,CO2/CO/NOx,2025-05-30 07:00:00+02:00,0.5527265737607897
2025,CO2/CO/NOx,2025-05-30 08:00:00+02:00,0.5250969283167027
2025,CO2/CO/NOx,2025-05-30 09:00:00+02:00,0.4887402868130265
2025,CO2/CO/NOx,2025-05-30 10:00:00+02:00,0.4651344163419745
2025,CO2/CO/NOx,2025-05-30 11:00:00+02:00,0.4477541838085344
2025,CO2/CO/NOx,2025-05-30 12:00:00+02:00,0.4327432361302319
2025,CO2/CO/NOx,2025-05-30 13:00:00+02:00,0.4232824144148576
2025,CO2/CO/NOx,2025-05-30 14:00:00+02:00,0.4183254083543081
2025,CO2/CO/NOx,2025-05-30 15:00:00+02:00,0.4166454591985272
2025,CO2/CO/NOx,2025-05-30 16:00:00+02:00,0.41554914780769875
2025,CO2/CO/NOx,2025-05-30 17:00:00+02:00,0.4153482848267965
2025,CO2/CO/NOx,2025-05-30 18:00:00+02:00,0.41843155831619894
2025,CO2/CO/NOx,2025-05-30 19:00:00+02:00,0.41726540631445075
2025,CO2/CO/NOx,2025-05-30 20:00:00+02:00,0.413778197943075
2025,CO2/CO/NOx,2025-05-30 21:00:00+02:00,0.41275316159302705
2025,CO2/CO/NOx,2025-05-30 22:00:00+02:00,0.41138005642080233
2025,CO2/CO/NOx,2025-05-30 23:00:00+02:00,0.4099740335427687
2025,CO2/CO/NOx,2025-05-31 00:00:00+02:00,0.40737285791325534
2025,CO2/CO/NOx,2025-05-31 01:00:00+02:00,0.4046598703724149
2025,CO2/CO/NOx,2025-05-31 02:00:00+02:00,0.40934554327249223
2025,CO2/CO/NOx,2025-05-31 03:00:00+02:00,0.41316586715943
2025,CO2/CO/NOx,2025-05-31 04:00:00+02:00,0.4129365302618065
2025,CO2/CO/NOx,2025-05-31 05:00:00+02:00,0.41491233544495654
2025,CO2/CO/NOx,2025-05-31 06:00:00+02:00,0.4155168148142973
2025,CO2/CO/NOx,2025-05-31 07:00:00+02:00,0.4112429388920898
2025,CO2/CO/NOx,2025-05-31 08:00:00+02:00,0.40276655151576757
2025,CO2/CO/NOx,2025-05-31 09:00:00+02:00,0.3930952176731681
2025,CO2/CO/NOx,2025-05-31 10:00:00+02:00,0.3889390812830356
2025,CO2/CO/NOx,2025-05-31 11:00:00+02:00,0.390105078602127
2025,CO2/CO/NOx,2025-05-31 12:00:00+02:00,0.3878741678783651
2025,CO2/CO/NOx,2025-05-31 13:00:00+02:00,0.39016357719761136
2025,CO2/CO/NOx,2025-05-31 14:00:00+02:00,0.3978873597957619
2025,CO2/CO/NOx,2025-05-31 15:00:00+02:00,0.40229736840074415
2025,CO2/CO/NOx,2025-05-31 16:00:00+02:00,0.402947450393617
2025,CO2/CO/NOx,2025-05-31 17:00:00+02:00,0.39995626256180483
2025,CO2/CO/NOx,2025-05-31 18:00:00+02:00,0.39841258380047195
2025,CO2/CO/NOx,2025-05-31 19:00:00+02:00,0.3974142018422877
2025,CO2/CO/NOx,2025-05-31 20:00:00+02:00,0.38638371311606473
2025,CO2/CO/NOx,2025-05-31 21:00:00+02:00,0.37001109469031934
2025,CO2/CO/NOx,2025-05-31 22:00:00+02:00,0.3515765295990488
2025,CO2/CO/NOx,2025-05-31 23:00:00+02:00,0.33511746565886
2025,CO2/CO/NOx,2025-06-01 00:00:00+02:00,0.3145556533860975
2025,CO2/CO/NOx,2025-06-01 01:00:00+02:00,0.30258108356489316
2025,CO2/CO/NOx,2025-06-01 02:00:00+02:00,0.29914331569834113
2025,CO2/CO/NOx,2025-06-01 03:00:00+02:00,0.2993876323155276
2025,CO2/CO/NOx,2025-06-01 04:00:00+02:00,0.31029208732851327
2025,CO2/CO/NOx,2025-06-01 05:00:00+02:00,0.31816878812490845
2025,CO2/CO/NOx,2025-06-01 06:00:00+02:00,0.326977411017608
2025,CO2/CO/NOx,2025-06-01 07:00:00+02:00,0.3331711818705781
2025,CO2/CO/NOx,2025-06-01 08:00:00+02:00,0.3375207752876771
2025,CO2/CO/NOx,2025-06-01 09:00:00+02:00,0.3370850514519101
2025,CO2/CO/NOx,2025-06-01 10:00:00+02:00,0.3383361352893329
2025,CO2/CO/NOx,2025-06-01 11:00:00+02:00,0.3395695894989491
2025,CO2/CO/NOx,2025-06-01 12:00:00+02:00,0.3372702028656169
2025,CO2/CO/NOx,2025-06-01 13:00:00+02:00,0.34501700257393275
2025,CO2/CO/NOx,2025-06-01 14:00:00+02:00,0.3503897725650634
2025,CO2/CO/NOx,2025-06-01 15:00:00+02:00,0.35391975523686886
2025,CO2/CO/NOx,2025-06-01 16:00:00+02:00,0.35330438520721114
2025,CO2/CO/NOx,2025-06-01 17:00:00+02:00,0.3507548473591323
2025,CO2/CO/NOx,2025-06-01 18:00:00+02:00,0.3479061456032382
2025,CO2/CO/NOx,2025-06-01 19:00:00+02:00,0.34165812993685296
2025,CO2/CO/NOx,2025-06-01 20:00:00+02:00,0.3345508693353195
2025,CO2/CO/NOx,2025-06-01 21:00:00+02:00,0.3271069067105291
2025,CO2/CO/NOx,2025-06-01 22:00:00+02:00,0.3221544548324807
2025,CO2/CO/NOx,2025-06-01 23:00:00+02:00,0.31676563749532927
2025,CO2/CO/NOx,2025-06-02 00:00:00+02:00,0.30581337390140195
2025,CO2/CO/NOx,2025-06-02 01:00:00+02:00,0.30019506606751073
2025,CO2/CO/NOx,2025-06-02 02:00:00+02:00,0.2990233983928409
2025,CO2/CO/NOx,2025-06-02 03:00:00+02:00,0.30639071865409523
2025,CO2/CO/NOx,2025-06-02 04:00:00+02:00,0.3184259663290676
2025,CO2/CO/NOx,2025-06-02 05:00:00+02:00,0.33012930832318044
2025,CO2/CO/NOx,2025-06-02 06:00:00+02:00,0.34248155297219973
2025,CO2/CO/NOx,2025-06-02 07:00:00+02:00,0.3516668408262552
2025,CO2/CO/NOx,2025-06-02 08:00:00+02:00,0.35618433325669985
2025,CO2/CO/NOx,2025-06-02 09:00:00+02:00,0.35120011582358535
2025,CO2/CO/NOx,2025-06-02 10:00:00+02:00,0.3490069000898179
2025,CO2/CO/NOx,2025-06-02 11:00:00+02:00,0.3445303845154046
2025,CO2/CO/NOx,2025-06-02 12:00:00+02:00,0.3422596605028638
2025,CO2/CO/NOx,2025-06-02 13:00:00+02:00,0.3414140205342948
2025,CO2/CO/NOx,2025-06-02 14:00:00+02:00,0.33954601688338404
2025,CO2/CO/NOx,2025-06-02 15:00:00+02:00,0.3419355212904361
2025,CO2/CO/NOx,2025-06-02 16:00:00+02:00,0.3440446326878047
2025,CO2/CO/NOx,2025-06-02 17:00:00+02:00,0.34776146593840007
2025,CO2/CO/NOx,2025-06-02 18:00:00+02:00,0.3561951229284492
2025,CO2/CO/NOx,2025-06-02 19:00:00+02:00,0.36009596926721615
2025,CO2/CO/NOx,2025-06-02 20:00:00+02:00,0.3582946355412037
2025,CO2/CO/NOx,2025-06-02 21:00:00+02:00,0.35355020294408995
2025,CO2/CO/NOx,2025-06-02 22:00:00+02:00,0.3434674553432331
2025,CO2/CO/NOx,2025-06-02 23:00:00+02:00,0.3309330587175424
2025,CO2/CO/NOx,2025-06-03 00:00:00+02:00,0.317927636815787
2025,CO2/CO/NOx,2025-06-03 01:00:00+02:00,0.3148889183683061
2025,CO2/CO/NOx,2025-06-03 02:00:00+02:00,0.3217998895090239
2025,CO2/CO/NOx,2025-06-03 03:00:00+02:00,0.33994505664362423
2025,CO2/CO/NOx,2025-06-03 04:00:00+02:00,0.361811770729195
2025,CO2/CO/NOx,2025-06-03 05:00:00+02:00,0.3858867210388963
2025,CO2/CO/NOx,2025-06-03 06:00:00+02:00,0.4089160157939701
2025,CO2/CO/NOx,2025-06-03 07:00:00+02:00,0.4227661308751505
2025,CO2/CO/NOx,2025-06-03 08:00:00+02:00,0.4228161923433489
2025,CO2/CO/NOx,2025-06-03 09:00:00+02:00,0.4108399292973235
2025,CO2/CO/NOx,2025-06-03 10:00:00+02:00,0.39789699120850003
2025,CO2/CO/NOx,2025-06-03 11:00:00+02:00,0.3809317265081996
2025,CO2/CO/NOx,2025-06-03 12:00:00+02:00,0.3667519970961947
2025,CO2/CO/NOx,2025-06-03 13:00:00+02:00,0.3592413543756154
2025,CO2/CO/NOx,2025-06-03 14:00:00+02:00,0.3547404793308192
2025,CO2/CO/NOx,2025-06-03 15:00:00+02:00,0.356184955541117
2025,CO2/CO/NOx,2025-06-03 16:00:00+02:00,0.35977449277451823
2025,CO2/CO/NOx,2025-06-03 17:00:00+02:00,0.36375340378466886
2025,CO2/CO/NOx,2025-06-03 18:00:00+02:00,0.37096624073219864
2025,CO2/CO/NOx,2025-06-03 19:00:00+02:00,0.37156531297881396
2025,CO2/CO/NOx,2025-06-03 20:00:00+02:00,0.36676050175222097
2025,CO2/CO/NOx,2025-06-03 21:00:00+02:00,0.3558660788198428
2025,CO2/CO/NOx,2025-06-03 22:00:00+02:00,0.3423480881157646
2025,CO2/CO/NOx,2025-06-03 23:00:00+02:00,0.3274850602272598
2025,CO2/CO/NOx,2025-06-04 00:00:00+02:00,0.31272946263828644
2025,CO2/CO/NOx,2025-06-04 01:00:00+02:00,0.3099626157757866
2025,CO2/CO/NOx,2025-06-04 02:00:00+02:00,0.31788300682973986
2025,CO2/CO/NOx,2025-06-04 03:00:00+02:00,0.3345821731412386
2025,CO2/CO/NOx,2025-06-04 04:00:00+02:00,0.34935785433394007
2025,CO2/CO/NOx,2025-06-04 05:00:00+02:00,0.3605544979241937
2025,CO2/CO/NOx,2025-06-04 06:00:00+02:00,0.3674045940144845
2025,CO2/CO/NOx,2025-06-04 07:00:00+02:00,0.3688072167915154
2025,CO2/CO/NOx,2025-06-04 08:00:00+02:00,0.3630912419781643
2025,CO2/CO/NOx,2025-06-04 09:00:00+02:00,0.3508077666780159
2025,CO2/CO/NOx,2025-06-04 10:00:00+02:00,0.344712195075528
2025,CO2/CO/NOx,2025-06-04 11:00:00+02:00,0.3410910328364978
2025,CO2/CO/NOx,2025-06-04 12:00:00+02:00,0.3407458917131721
2025,CO2/CO/NOx,2025-06-04 13:00:00+02:00,0.34094185419572165
2025,CO2/CO/NOx,2025-06-04 14:00:00+02:00,0.34320355315841256
2025,CO2/CO/NOx,2025-06-04 15:00:00+02:00,0.34540973068572384
2025,CO2/CO/NOx,2025-06-04 16:00:00+02:00,0.3447716830833041
2025,CO2/CO/NOx,2025-06-04 17:00:00+02:00,0.3459809685925883
2025,CO2/CO/NOx,2025-06-04 18:00:00+02:00,0.35581026281889305
2025,CO2/CO/NOx,2025-06-04 19:00:00+02:00,0.35790351744980187
2025,CO2/CO/NOx,2025-06-04 20:00:00+02:00,0.35688679210625923
2025,CO2/CO/NOx,2025-06-04 21:00:00+02:00,0.3537736350260246
2025,CO2/CO/NOx,2025-06-04 22:00:00+02:00,0.3442761360521834
2025,CO2/CO/NOx,2025-06-04 23:00:00+02:00,0.3356476251471433
2025,CO2/CO/NOx,2025-06-05 00:00:00+02:00,0.31906415484525996
2025,CO2/CO/NOx,2025-06-05 01:00:00+02:00,0.30962416407499205
2025,CO2/CO/NOx,2025-06-05 02:00:00+02:00,0.31639235245166136
2025,CO2/CO/NOx,2025-06-05 03:00:00+02:00,0.33502135944586625
2025,CO2/CO/NOx,2025-06-05 04:00:00+02:00,0.34790408902282405
2025,CO2/CO/NOx,2025-06-05 05:00:00+02:00,0.36823992380100007
2025,CO2/CO/NOx,2025-06-05 06:00:00+02:00,0.3943486153897555
2025,CO2/CO/NOx,2025-06-05 07:00:00+02:00,0.4104882517521681
2025,CO2/CO/NOx,2025-06-05 08:00:00+02:00,0.41973006383019773
2025,CO2/CO/NOx,2025-06-05 09:00:00+02:00,0.4199167719749888
2025,CO2/CO/NOx,2025-06-05 10:00:00+02:00,0.41936573053192855
2025,CO2/CO/NOx,2025-06-05 11:00:00+02:00,0.41621282558376904
2025,CO2/CO/NOx,2025-06-05 12:00:00+02:00,0.40549526940414854
2025,CO2/CO/NOx,2025-06-05 13:00:00+02:00,0.39400591972728605
2025,CO2/CO/NOx,2025-06-05 14:00:00+02:00,0.3895173947955611
2025,CO2/CO/NOx,2025-06-05 15:00:00+02:00,0.39062222290758175
2025,CO2/CO/NOx,2025-06-05 16:00:00+02:00,0.3865134249295244
2025,CO2/CO/NOx,2025-06-05 17:00:00+02:00,0.38817235577456954
2025,CO2/CO/NOx,2025-06-05 18:00:00+02:00,0.403798355007219
2025,CO2/CO/NOx,2025-06-05 19:00:00+02:00,0.41258120591631514
2025,CO2/CO/NOx,2025-06-05 20:00:00+02:00,0.41464791712865995
2025,CO2/CO/NOx,2025-06-05 21:00:00+02:00,0.4072444216439789
2025,CO2/CO/NOx,2025-06-05 22:00:00+02:00,0.3961107361211046
2025,CO2/CO/NOx,2025-06-05 23:00:00+02:00,0.3807142470898784
2025,CO2/CO/NOx,2025-06-06 00:00:00+02:00,0.3568117376375199
2025,CO2/CO/NOx,2025-06-06 01:00:00+02:00,0.3388207933234762
2025,CO2/CO/NOx,2025-06-06 02:00:00+02:00,0.33894111692860823
2025,CO2/CO/NOx,2025-06-06 03:00:00+02:00,0.3535857297891591
2025,CO2/CO/NOx,2025-06-06 04:00:00+02:00,0.36657959165757137
2025,CO2/CO/NOx,2025-06-06 05:00:00+02:00,0.3813347727906033
2025,CO2/CO/NOx,2025-06-06 06:00:00+02:00,0.39402334317179444
2025,CO2/CO/NOx,2025-06-06 07:00:00+02:00,0.40215777008354353
2025,CO2/CO/NOx,2025-06-06 08:00:00+02:00,0.40191160627560374
2025,CO2/CO/NOx,2025-06-06 09:00:00+02:00,0.3929227173026242
2025,CO2/CO/NOx,2025-06-06 10:00:00+02:00,0.38672098072534217
2025,CO2/CO/NOx,2025-06-06 11:00:00+02:00,0.38168534744426
2025,CO2/CO/NOx,2025-06-06 12:00:00+02:00,0.37447416636787956
2025,CO2/CO/NOx,2025-06-06 13:00:00+02:00,0.36701317722659554
2025,CO2/CO/NOx,2025-06-06 14:00:00+02:00,0.3620890729538675
2025,CO2/CO/NOx,2025-06-06 15:00:00+02:00,0.3587480521294002
2025,CO2/CO/NOx,2025-06-06 16:00:00+02:00,0.35657255247804176
2025,CO2/CO/NOx,2025-06-06 17:00:00+02:00,0.3544925246380427
2025,CO2/CO/NOx,2025-06-06 18:00:00+02:00,0.3564839789829706
2025,CO2/CO/NOx,2025-06-06 19:00:00+02:00,0.34977730752282815
2025,CO2/CO/NOx,2025-06-06 20:00:00+02:00,0.3445130933608645
2025,CO2/CO/NOx,2025-06-06 21:00:00+02:00,0.33742413631557566
2025,CO2/CO/NOx,2025-06-06 22:00:00+02:00,0.32950475417959696
2025,CO2/CO/NOx,2025-06-06 23:00:00+02:00,0.3227520984954585
2025,CO2/CO/NOx,2025-06-07 00:00:00+02:00,0.3129922778593088
2025,CO2/CO/NOx,2025-06-07 01:00:00+02:00,0.3107203809838283
2025,CO2/CO/NOx,2025-06-07 02:00:00+02:00,0.3130411957690282
2025,CO2/CO/NOx,2025-06-07 03:00:00+02:00,0.3181965351822283
2025,CO2/CO/NOx,2025-06-07 04:00:00+02:00,0.32195452414342884
2025,CO2/CO/NOx,2025-06-07 05:00:00+02:00,0.3326665871984958
2025,CO2/CO/NOx,2025-06-07 06:00:00+02:00,0.344209949658857
2025,CO2/CO/NOx,2025-06-07 07:00:00+02:00,0.3559271989834827
2025,CO2/CO/NOx,2025-06-07 08:00:00+02:00,0.3647272362995615
2025,CO2/CO/NOx,2025-06-07 09:00:00+02:00,0.36855021283677414
2025,CO2/CO/NOx,2025-06-07 10:00:00+02:00,0.3712035005219139
2025,CO2/CO/NOx,2025-06-07 11:00:00+02:00,0.3717379111714302
2025,CO2/CO/NOx,2025-06-07 12:00:00+02:00,0.36647755393764886
2025,CO2/CO/NOx,2025-06-07 13:00:00+02:00,0.36571438288119296
2025,CO2/CO/NOx,2025-06-07 14:00:00+02:00,0.3689984901630719
2025,CO2/CO/NOx,2025-06-07 15:00:00+02:00,0.3790182227177315
2025,CO2/CO/NOx,2025-06-07 16:00:00+02:00,0.3881068557966594
2025,CO2/CO/NOx,2025-06-07 17:00:00+02:00,0.401467874896302
2025,CO2/CO/NOx,2025-06-07 18:00:00+02:00,0.419688054510336
2025,CO2/CO/NOx,2025-06-07 19:00:00+02:00,0.4259045196225328
2025,CO2/CO/NOx,2025-06-07 20:00:00+02:00,0.4240284521760429
2025,CO2/CO/NOx,2025-06-07 21:00:00+02:00,0.4142333325002408
2025,CO2/CO/NOx,2025-06-07 22:00:00+02:00,0.4038676412758253
2025,CO2/CO/NOx,2025-06-07 23:00:00+02:00,0.3935272778191096
2025,CO2/CO/NOx,2025-06-08 00:00:00+02:00,0.3793275672289992
2025,CO2/CO/NOx,2025-06-08 01:00:00+02:00,0.37377755778593713
2025,CO2/CO/NOx,2025-06-08 02:00:00+02:00,0.3829485617805715
2025,CO2/CO/NOx,2025-06-08 03:00:00+02:00,0.40053706326747934
2025,CO2/CO/NOx,2025-06-08 04:00:00+02:00,0.4186362880924616
2025,CO2/CO/NOx,2025-06-08 05:00:00+02:00,0.43721960360000256
2025,CO2/CO/NOx,2025-06-08 06:00:00+02:00,0.45168214680055585
2025,CO2/CO/NOx,2025-06-08 07:00:00+02:00,0.46093597213399007
2025,CO2/CO/NOx,2025-06-08 08:00:00+02:00,0.4541687663022702
2025,CO2/CO/NOx,2025-06-08 09:00:00+02:00,0.43530633613920305
2025,CO2/CO/NOx,2025-06-08 10:00:00+02:00,0.4198588234565621
2025,CO2/CO/NOx,2025-06-08 11:00:00+02:00,0.40793889213363965
2025,CO2/CO/NOx,2025-06-08 12:00:00+02:00,0.3956877873490193
2025,CO2/CO/NOx,2025-06-08 13:00:00+02:00,0.39645179125740315
2025,CO2/CO/NOx,2025-06-08 14:00:00+02:00,0.40845499990277767
2025,CO2/CO/NOx,2025-06-08 15:00:00+02:00,0.425922692416424
2025,CO2/CO/NOx,2025-06-08 16:00:00+02:00,0.44656062809815217
2025,CO2/CO/NOx,2025-06-08 17:00:00+02:00,0.4626640565558215
2025,CO2/CO/NOx,2025-06-08 18:00:00+02:00,0.4782541891934866
2025,CO2/CO/NOx,2025-06-08 19:00:00+02:00,0.48499185842498244
2025,CO2/CO/NOx,2025-06-08 20:00:00+02:00,0.4860834404184801
2025,CO2/CO/NOx,2025-06-08 21:00:00+02:00,0.47466155016299555
2025,CO2/CO/NOx,2025-06-08 22:00:00+02:00,0.47118092400334005
2025,CO2/CO/NOx,2025-06-08 23:00:00+02:00,0.4789349907346886
2025,CO2/CO/NOx,2025-06-09 00:00:00+02:00,0.48956755920676637
2025,CO2/CO/NOx,2025-06-09 01:00:00+02:00,0.5142951142180517
2025,CO2/CO/NOx,2025-06-09 02:00:00+02:00,0.5568519346414745
2025,CO2/CO/NOx,2025-06-09 03:00:00+02:00,0.606969414313874
2025,CO2/CO/NOx,2025-06-09 04:00:00+02:00,0.6480202964990228
2025,CO2/CO/NOx,2025-06-09 05:00:00+02:00,0.6792948379309376
2025,CO2/CO/NOx,2025-06-09 06:00:00+02:00,0.6904282863135441
2025,CO2/CO/NOx,2025-06-09 07:00:00+02:00,0.6863907965916876
2025,CO2/CO/NOx,2025-06-09 08:00:00+02:00,0.6580080112887313
2025,CO2/CO/NOx,2025-06-09 09:00:00+02:00,0.6078189725920817
2025,CO2/CO/NOx,2025-06-09 10:00:00+02:00,0.5498135780390396
2025,CO2/CO/NOx,2025-06-09 11:00:00+02:00,0.5082412966927732
2025,CO2/CO/NOx,2025-06-09 12:00:00+02:00,0.48930173148915307
2025,CO2/CO/NOx,2025-06-09 13:00:00+02:00,0.4906275130636535
2025,CO2/CO/NOx,2025-06-09 14:00:00+02:00,0.5080772822940699
2025,CO2/CO/NOx,2025-06-09 15:00:00+02:00,0.518547682008843
2025,CO2/CO/NOx,2025-06-09 16:00:00+02:00,0.5225082003448331
2025,CO2/CO/NOx,2025-06-09 17:00:00+02:00,0.512017121886928
2025,CO2/CO/NOx,2025-06-09 18:00:00+02:00,0.49937900979618516
2025,CO2/CO/NOx,2025-06-09 19:00:00+02:00,0.47155869600137157
2025,CO2/CO/NOx,2025-06-09 20:00:00+02:00,0.4453927582286609
2025,CO2/CO/NOx,2025-06-09 21:00:00+02:00,0.42936077829181574
2025,CO2/CO/NOx,2025-06-09 22:00:00+02:00,0.4256997644301225
2025,CO2/CO/NOx,2025-06-09 23:00:00+02:00,0.42634561526182074
2025,CO2/CO/NOx,2025-06-10 00:00:00+02:00,0.4293986624574615
2025,CO2/CO/NOx,2025-06-10 01:00:00+02:00,0.45685904317193154
2025,CO2/CO/NOx,2025-06-10 02:00:00+02:00,0.5031880679067071
2025,CO2/CO/NOx,2025-06-10 03:00:00+02:00,0.5613372855845893
2025,CO2/CO/NOx,2025-06-10 04:00:00+02:00,0.6001173345575065
2025,CO2/CO/NOx,2025-06-10 05:00:00+02:00,0.614210843482971
2025,CO2/CO/NOx,2025-06-10 06:00:00+02:00,0.6085235331157289
2025,CO2/CO/NOx,2025-06-10 07:00:00+02:00,0.5744053835992178
2025,CO2/CO/NOx,2025-06-10 08:00:00+02:00,0.5213968193089077
2025,CO2/CO/NOx,2025-06-10 09:00:00+02:00,0.4663962588361606
2025,CO2/CO/NOx,2025-06-10 10:00:00+02:00,0.42010088167982074
2025,CO2/CO/NOx,2025-06-10 11:00:00+02:00,0.39838325265500696
2025,CO2/CO/NOx,2025-06-10 12:00:00+02:00,0.39524542160852383
2025,CO2/CO/NOx,2025-06-10 13:00:00+02:00,0.40118073387418807
2025,CO2/CO/NOx,2025-06-10 14:00:00+02:00,0.4140352857414865
2025,CO2/CO/NOx,2025-06-10 15:00:00+02:00,0.4214752529987537
2025,CO2/CO/NOx,2025-06-10 16:00:00+02:00,0.41608233779098236
2025,CO2/CO/NOx,2025-06-10 17:00:00+02:00,0.4047626876108642
2025,CO2/CO/NOx,2025-06-10 18:00:00+02:00,0.39082334469628427
2025,CO2/CO/NOx,2025-06-10 19:00:00+02:00,0.3653790011197915
2025,CO2/CO/NOx,2025-06-10 20:00:00+02:00,0.3521924359121581
2025,CO2/CO/NOx,2025-06-10 21:00:00+02:00,0.34300909390932416
2025,CO2/CO/NOx,2025-06-10 22:00:00+02:00,0.3347465777411112
2025,CO2/CO/NOx,2025-06-10 23:00:00+02:00,0.33305779001888497
2025,CO2/CO/NOx,2025-06-11 00:00:00+02:00,0.32767842037388933
2025,CO2/CO/NOx,2025-06-11 01:00:00+02:00,0.34106179825643673
2025,CO2/CO/NOx,2025-06-11 02:00:00+02:00,0.37309821297348283
2025,CO2/CO/NOx,2025-06-11 03:00:00+02:00,0.40940770225638223
2025,CO2/CO/NOx,2025-06-11 04:00:00+02:00,0.43234141932845577
2025,CO2/CO/NOx,2025-06-11 05:00:00+02:00,0.44407621690237725
2025,CO2/CO/NOx,2025-06-11 06:00:00+02:00,0.4405217812473442
2025,CO2/CO/NOx,2025-06-11 07:00:00+02:00,0.4213329161802475
2025,CO2/CO/NOx,2025-06-11 08:00:00+02:00,0.3943877820502319
2025,CO2/CO/NOx,2025-06-11 09:00:00+02:00,0.3640162288371951
2025,CO2/CO/NOx,2025-06-11 10:00:00+02:00,0.34964688425592705
2025,CO2/CO/NOx,2025-06-11 11:00:00+02:00,0.348609820985989
2025,CO2/CO/NOx,2025-06-11 12:00:00+02:00,0.34920164067419707
2025,CO2/CO/NOx,2025-06-11 13:00:00+02:00,0.3506793558195486
2025,CO2/CO/NOx,2025-06-11 14:00:00+02:00,0.35304003789749494
2025,CO2/CO/NOx,2025-06-11 15:00:00+02:00,0.3570935783162478
2025,CO2/CO/NOx,2025-06-11 16:00:00+02:00,0.35707610801727657
2025,CO2/CO/NOx,2025-06-11 17:00:00+02:00,0.3545185504998527
2025,CO2/CO/NOx,2025-06-11 18:00:00+02:00,0.3553112210257807
2025,CO2/CO/NOx,2025-06-11 19:00:00+02:00,0.3510394386732361
2025,CO2/CO/NOx,2025-06-11 20:00:00+02:00,0.34048132920068575
2025,CO2/CO/NOx,2025-06-11 21:00:00+02:00,0.3316052224820065
2025,CO2/CO/NOx,2025-06-11 22:00:00+02:00,0.3263227175038049
2025,CO2/CO/NOx,2025-06-11 23:00:00+02:00,0.3291403580429518
2025,CO2/CO/NOx,2025-06-12 00:00:00+02:00,0.3322498712118028
2025,CO2/CO/NOx,2025-06-12 01:00:00+02:00,0.35010348999370094
2025,CO2/CO/NOx,2025-06-12 02:00:00+02:00,0.38021881168888344
2025,CO2/CO/NOx,2025-06-12 03:00:00+02:00,0.4228213758443214
2025,CO2/CO/NOx,2025-06-12 04:00:00+02:00,0.4506926892229135
2025,CO2/CO/NOx,2025-06-12 05:00:00+02:00,0.4645320562233347
2025,CO2/CO/NOx,2025-06-12 06:00:00+02:00,0.4691314430578776
2025,CO2/CO/NOx,2025-06-12 07:00:00+02:00,0.45636562645878637
2025,CO2/CO/NOx,2025-06-12 08:00:00+02:00,0.43220829145995804
2025,CO2/CO/NOx,2025-06-12 09:00:00+02:00,0.4030422287913178
2025,CO2/CO/NOx,2025-06-12 10:00:00+02:00,0.38694471691305204
2025,CO2/CO/NOx,2025-06-12 11:00:00+02:00,0.38187094255252735
2025,CO2/CO/NOx,2025-06-12 12:00:00+02:00,0.3833817285794638
2025,CO2/CO/NOx,2025-06-12 13:00:00+02:00,0.38046678601717876
2025,CO2/CO/NOx,2025-06-12 14:00:00+02:00,0.38084042873985
2025,CO2/CO/NOx,2025-06-12 15:00:00+02:00,0.3776079312695359
2025,CO2/CO/NOx,2025-06-12 16:00:00+02:00,0.368141536136318
2025,CO2/CO/NOx,2025-06-12 17:00:00+02:00,0.35871144123528514
2025,CO2/CO/NOx,2025-06-12 18:00:00+02:00,0.35846657561112016
2025,CO2/CO/NOx,2025-06-12 19:00:00+02:00,0.3531413317359635
2025,CO2/CO/NOx,2025-06-12 20:00:00+02:00,0.3462567182478201
2025,CO2/CO/NOx,2025-06-12 21:00:00+02:00,0.33651359972608735
2025,CO2/CO/NOx,2025-06-12 22:00:00+02:00,0.32468445901617227
2025,CO2/CO/NOx,2025-06-12 23:00:00+02:00,0.315312463153109
2025,CO2/CO/NOx,2025-06-13 00:00:00+02:00,0.30397940376469584
2025,CO2/CO/NOx,2025-06-13 01:00:00+02:00,0.31372488358337036
2025,CO2/CO/NOx,2025-06-13 02:00:00+02:00,0.33555947386834906
2025,CO2/CO/NOx,2025-06-13 03:00:00+02:00,0.3668751167810544
2025,CO2/CO/NOx,2025-06-13 04:00:00+02:00,0.39100368653269496
2025,CO2/CO/NOx,2025-06-13 05:00:00+02:00,0.40656996582130767
2025,CO2/CO/NOx,2025-06-13 06:00:00+02:00,0.41289511208178536
2025,CO2/CO/NOx,2025-06-13 07:00:00+02:00,0.4023388087531604
2025,CO2/CO/NOx,2025-06-13 08:00:00+02:00,0.38203929459971364
2025,CO2/CO/NOx,2025-06-13 09:00:00+02:00,0.3555303006058
2025,CO2/CO/NOx,2025-06-13 10:00:00+02:00,0.34514207787323214
2025,CO2/CO/NOx,2025-06-13 11:00:00+02:00,0.3400723150429442
2025,CO2/CO/NOx,2025-06-13 12:00:00+02:00,0.3415159992798823
2025,CO2/CO/NOx,2025-06-13 13:00:00+02:00,0.34597823541864525
2025,CO2/CO/NOx,2025-06-13 14:00:00+02:00,0.35358832495189046
2025,CO2/CO/NOx,2025-06-13 15:00:00+02:00,0.35806243527717424
2025,CO2/CO/NOx,2025-06-13 16:00:00+02:00,0.35770560244743266
2025,CO2/CO/NOx,2025-06-13 17:00:00+02:00,0.3548871959476573
2025,CO2/CO/NOx,2025-06-13 18:00:00+02:00,0.3519485933152026
2025,CO2/CO/NOx,2025-06-13 19:00:00+02:00,0.34572919404036134
2025,CO2/CO/NOx,2025-06-13 20:00:00+02:00,0.33922007326544823
2025,CO2/CO/NOx,2025-06-13 21:00:00+02:00,0.33070787146458275
2025,CO2/CO/NOx,2025-06-13 22:00:00+02:00,0.3210111396671544
2025,CO2/CO/NOx,2025-06-13 23:00:00+02:00,0.31379908867284345
2025,CO2/CO/NOx,2025-06-14 00:00:00+02:00,0.3018975483562411
2025,CO2/CO/NOx,2025-06-14 01:00:00+02:00,0.30053057797362526
2025,CO2/CO/NOx,2025-06-14 02:00:00+02:00,0.30889943474713805
2025,CO2/CO/NOx,2025-06-14 03:00:00+02:00,0.3192613756662456
2025,CO2/CO/NOx,2025-06-14 04:00:00+02:00,0.3305711168345931
2025,CO2/CO/NOx,2025-06-14 05:00:00+02:00,0.34522302571541646
2025,CO2/CO/NOx,2025-06-14 06:00:00+02:00,0.3545477721694328
2025,CO2/CO/NOx,2025-06-14 07:00:00+02:00,0.3573278687918634
2025,CO2/CO/NOx,2025-06-14 08:00:00+02:00,0.3546747325291122
2025,CO2/CO/NOx,2025-06-14 09:00:00+02:00,0.34593053466451124
2025,CO2/CO/NOx,2025-06-14 10:00:00+02:00,0.3427936570697583
2025,CO2/CO/NOx,2025-06-14 11:00:00+02:00,0.33919713084598746
2025,CO2/CO/NOx,2025-06-14 12:00:00+02:00,0.3346579509944537
2025,CO2/CO/NOx,2025-06-14 13:00:00+02:00,0.337161818004588
2025,CO2/CO/NOx,2025-06-14 14:00:00+02:00,0.3448325173124628
2025,CO2/CO/NOx,2025-06-14 15:00:00+02:00,0.349787447138745
2025,CO2/CO/NOx,2025-06-14 16:00:00+02:00,0.35351134962057096
2025,CO2/CO/NOx,2025-06-14 17:00:00+02:00,0.35422940266104636
2025,CO2/CO/NOx,2025-06-14 18:00:00+02:00,0.35413787963193444
2025,CO2/CO/NOx,2025-06-14 19:00:00+02:00,0.34838816020980173
2025,CO2/CO/NOx,2025-06-14 20:00:00+02:00,0.33822996548108575
2025,CO2/CO/NOx,2025-06-14 21:00:00+02:00,0.32893048094738997
2025,CO2/CO/NOx,2025-06-14 22:00:00+02:00,0.3193307221594443
2025,CO2/CO/NOx,2025-06-14 23:00:00+02:00,0.3128918858636575
2025,CO2/CO/NOx,2025-06-15 00:00:00+02:00,0.3044647991449109
2025,CO2/CO/NOx,2025-06-15 01:00:00+02:00,0.3022284771886661
2025,CO2/CO/NOx,2025-06-15 02:00:00+02:00,0.3033821821041217
2025,CO2/CO/NOx,2025-06-15 03:00:00+02:00,0.3046160081437826
2025,CO2/CO/NOx,2025-06-15 04:00:00+02:00,0.30777875165927054
2025,CO2/CO/NOx,2025-06-15 05:00:00+02:00,0.3146593189745517
2025,CO2/CO/NOx,2025-06-15 06:00:00+02:00,0.32286916762665185
2025,CO2/CO/NOx,2025-06-15 07:00:00+02:00,0.3284749210936051
2025,CO2/CO/NOx,2025-06-15 08:00:00+02:00,0.3326838578001297
2025,CO2/CO/NOx,2025-06-15 09:00:00+02:00,0.33277721865403476
2025,CO2/CO/NOx,2025-06-15 10:00:00+02:00,0.33257184655571387
2025,CO2/CO/NOx,2025-06-15 11:00:00+02:00,0.3330357615896806
2025,CO2/CO/NOx,2025-06-15 12:00:00+02:00,0.33188345210131226
2025,CO2/CO/NOx,2025-06-15 13:00:00+02:00,0.3367757008903699
2025,CO2/CO/NOx,2025-06-15 14:00:00+02:00,0.3447228060580757
2025,CO2/CO/NOx,2025-06-15 15:00:00+02:00,0.35001519131446784
2025,CO2/CO/NOx,2025-06-15 16:00:00+02:00,0.35178999219386325
2025,CO2/CO/NOx,2025-06-15 17:00:00+02:00,0.3501548958556618
2025,CO2/CO/NOx,2025-06-15 18:00:00+02:00,0.3482072406573015
2025,CO2/CO/NOx,2025-06-15 19:00:00+02:00,0.341450868108104
2025,CO2/CO/NOx,2025-06-15 20:00:00+02:00,0.3353771756210456
2025,CO2/CO/NOx,2025-06-15 21:00:00+02:00,0.3292965807676217
2025,CO2/CO/NOx,2025-06-15 22:00:00+02:00,0.324075080473467
2025,CO2/CO/NOx,2025-06-15 23:00:00+02:00,0.3189073355354203
2025,CO2/CO/NOx,2025-06-16 00:00:00+02:00,0.3094068116395774
2025,CO2/CO/NOx,2025-06-16 01:00:00+02:00,0.31004672337746214
2025,CO2/CO/NOx,2025-06-16 02:00:00+02:00,0.320305794683772
2025,CO2/CO/NOx,2025-06-16 03:00:00+02:00,0.3412573875978662
2025,CO2/CO/NOx,2025-06-16 04:00:00+02:00,0.3627285798079667
2025,CO2/CO/NOx,2025-06-16 05:00:00+02:00,0.38500761894484037
2025,CO2/CO/NOx,2025-06-16 06:00:00+02:00,0.4033046881689301
2025,CO2/CO/NOx,2025-06-16 07:00:00+02:00,0.4147456546853719
2025,CO2/CO/NOx,2025-06-16 08:00:00+02:00,0.4129215295898938
2025,CO2/CO/NOx,2025-06-16 09:00:00+02:00,0.4015657544997305
2025,CO2/CO/NOx,2025-06-16 10:00:00+02:00,0.38878495290053144
2025,CO2/CO/NOx,2025-06-16 11:00:00+02:00,0.3749986548945689
2025,CO2/CO/NOx,2025-06-16 12:00:00+02:00,0.3649726695820195
2025,CO2/CO/NOx,2025-06-16 13:00:00+02:00,0.3591143854764515
2025,CO2/CO/NOx,2025-06-16 14:00:00+02:00,0.3572543192152979
2025,CO2/CO/NOx,2025-06-16 15:00:00+02:00,0.3573344093055274
2025,CO2/CO/NOx,2025-06-16 16:00:00+02:00,0.3588456505761714
2025,CO2/CO/NOx,2025-06-16 17:00:00+02:00,0.3601056089149638
2025,CO2/CO/NOx,2025-06-16 18:00:00+02:00,0.3658428548463056
2025,CO2/CO/NOx,2025-06-16 19:00:00+02:00,0.36212080384872475
2025,CO2/CO/NOx,2025-06-16 20:00:00+02:00,0.35420490134732907
2025,CO2/CO/NOx,2025-06-16 21:00:00+02:00,0.3443515425965698
2025,CO2/CO/NOx,2025-06-16 22:00:00+02:00,0.3334559842016994
2025,CO2/CO/NOx,2025-06-16 23:00:00+02:00,0.32245622170947064
2025,CO2/CO/NOx,2025-06-17 00:00:00+02:00,0.3086767226414221
2025,CO2/CO/NOx,2025-06-17 01:00:00+02:00,0.30993592552055127
2025,CO2/CO/NOx,2025-06-17 02:00:00+02:00,0.32532872680749547
2025,CO2/CO/NOx,2025-06-17 03:00:00+02:00,0.3471532169417484
2025,CO2/CO/NOx,2025-06-17 04:00:00+02:00,0.36908525461957487
2025,CO2/CO/NOx,2025-06-17 05:00:00+02:00,0.3868560851723051
2025,CO2/CO/NOx,2025-06-17 06:00:00+02:00,0.3978296642274726
2025,CO2/CO/NOx,2025-06-17 07:00:00+02:00,0.39859285677938816
2025,CO2/CO/NOx,2025-06-17 08:00:00+02:00,0.38790954735941197
2025,CO2/CO/NOx,2025-06-17 09:00:00+02:00,0.3693510825315788
2025,CO2/CO/NOx,2025-06-17 10:00:00+02:00,0.3596179663721278
2025,CO2/CO/NOx,2025-06-17 11:00:00+02:00,0.35204888852684
2025,CO2/CO/NOx,2025-06-17 12:00:00+02:00,0.34664337749547053
2025,CO2/CO/NOx,2025-06-17 13:00:00+02:00,0.3485084697518054
2025,CO2/CO/NOx,2025-06-17 14:00:00+02:00,0.35183373709575366
2025,CO2/CO/NOx,2025-06-17 15:00:00+02:00,0.3560737783917953
2025,CO2/CO/NOx,2025-06-17 16:00:00+02:00,0.3564445389605334
2025,CO2/CO/NOx,2025-06-17 17:00:00+02:00,0.35392208892109706
2025,CO2/CO/NOx,2025-06-17 18:00:00+02:00,0.3561958517526213
2025,CO2/CO/NOx,2025-06-17 19:00:00+02:00,0.35152340955213224
2025,CO2/CO/NOx,2025-06-17 20:00:00+02:00,0.34036769823985086
2025,CO2/CO/NOx,2025-06-17 21:00:00+02:00,0.3321151979280484
2025,CO2/CO/NOx,2025-06-17 22:00:00+02:00,0.32762903310957603
2025,CO2/CO/NOx,2025-06-17 23:00:00+02:00,0.331042786350952
2025,CO2/CO/NOx,2025-06-18 00:00:00+02:00,0.3353434902642896
2025,CO2/CO/NOx,2025-06-18 01:00:00+02:00,0.34896349900074664
2025,CO2/CO/NOx,2025-06-18 02:00:00+02:00,0.37664527038598883
2025,CO2/CO/NOx,2025-06-18 03:00:00+02:00,0.40902202896247325
2025,CO2/CO/NOx,2025-06-18 04:00:00+02:00,0.42489428218798525
2025,CO2/CO/NOx,2025-06-18 05:00:00+02:00,0.4323035756034376
2025,CO2/CO/NOx,2025-06-18 06:00:00+02:00,0.42911413061114395
2025,CO2/CO/NOx,2025-06-18 07:00:00+02:00,0.4148450718210244
2025,CO2/CO/NOx,2025-06-18 08:00:00+02:00,0.3973034664455703
2025,CO2/CO/NOx,2025-06-18 09:00:00+02:00,0.3772470292889353
2025,CO2/CO/NOx,2025-06-18 10:00:00+02:00,0.3707742060016345
2025,CO2/CO/NOx,2025-06-18 11:00:00+02:00,0.37449744855590017
2025,CO2/CO/NOx,2025-06-18 12:00:00+02:00,0.3745420304461599
2025,CO2/CO/NOx,2025-06-18 13:00:00+02:00,0.3740554672037801
2025,CO2/CO/NOx,2025-06-18 14:00:00+02:00,0.37324776103831414
2025,CO2/CO/NOx,2025-06-18 15:00:00+02:00,0.36805539798908843
2025,CO2/CO/NOx,2025-06-18 16:00:00+02:00,0.3595916248876664
2025,CO2/CO/NOx,2025-06-18 17:00:00+02:00,0.35127187465032716
2025,CO2/CO/NOx,2025-06-18 18:00:00+02:00,0.349220951709061
2025,CO2/CO/NOx,2025-06-18 19:00:00+02:00,0.3485209714166434
2025,CO2/CO/NOx,2025-06-18 20:00:00+02:00,0.3452509718653156
2025,CO2/CO/NOx,2025-06-18 21:00:00+02:00,0.3347499672587481
2025,CO2/CO/NOx,2025-06-18 22:00:00+02:00,0.32493370940340227
2025,CO2/CO/NOx,2025-06-18 23:00:00+02:00,0.3127595661731179
2025,CO2/CO/NOx,2025-06-19 00:00:00+02:00,0.30249885105171537
2025,CO2/CO/NOx,2025-06-19 01:00:00+02:00,0.30288609153951634
2025,CO2/CO/NOx,2025-06-19 02:00:00+02:00,0.31498348596521697
2025,CO2/CO/NOx,2025-06-19 03:00:00+02:00,0.33280470879013824
2025,CO2/CO/NOx,2025-06-19 04:00:00+02:00,0.35003656718474707
2025,CO2/CO/NOx,2025-06-19 05:00:00+02:00,0.36363867724123045
2025,CO2/CO/NOx,2025-06-19 06:00:00+02:00,0.3700976906917587
2025,CO2/CO/NOx,2025-06-19 07:00:00+02:00,0.36875301800374266
2025,CO2/CO/NOx,2025-06-19 08:00:00+02:00,0.3598777237706706
2025,CO2/CO/NOx,2025-06-19 09:00:00+02:00,0.3459061776968919
2025,CO2/CO/NOx,2025-06-19 10:00:00+02:00,0.339760347645329
2025,CO2/CO/NOx,2025-06-19 11:00:00+02:00,0.3377212208237565
2025,CO2/CO/NOx,2025-06-19 12:00:00+02:00,0.3365255608371821
2025,CO2/CO/NOx,2025-06-19 13:00:00+02:00,0.3407447076365504
2025,CO2/CO/NOx,2025-06-19 14:00:00+02:00,0.34547711562121347
2025,CO2/CO/NOx,2025-06-19 15:00:00+02:00,0.3501282001787174
2025,CO2/CO/NOx,2025-06-19 16:00:00+02:00,0.35167545941237793
2025,CO2/CO/NOx,2025-06-19 17:00:00+02:00,0.3512267071116486
2025,CO2/CO/NOx,2025-06-19 18:00:00+02:00,0.35105343159999547
2025,CO2/CO/NOx,2025-06-19 19:00:00+02:00,0.3444682650596109
2025,CO2/CO/NOx,2025-06-19 20:00:00+02:00,0.334858024666845
2025,CO2/CO/NOx,2025-06-19 21:00:00+02:00,0.3250589860571668
2025,CO2/CO/NOx,2025-06-19 22:00:00+02:00,0.31524367375558515
2025,CO2/CO/NOx,2025-06-19 23:00:00+02:00,0.3044197762453303
2025,CO2/CO/NOx,2025-06-20 00:00:00+02:00,0.2919499100484435
2025,CO2/CO/NOx,2025-06-20 01:00:00+02:00,0.289501327466403
2025,CO2/CO/NOx,2025-06-20 02:00:00+02:00,0.29545228065314155
2025,CO2/CO/NOx,2025-06-20 03:00:00+02:00,0.30876305524021996
2025,CO2/CO/NOx,2025-06-20 04:00:00+02:00,0.3236639314871753
2025,CO2/CO/NOx,2025-06-20 05:00:00+02:00,0.3391103068726973
2025,CO2/CO/NOx,2025-06-20 06:00:00+02:00,0.35299749966087235
2025,CO2/CO/NOx,2025-06-20 07:00:00+02:00,0.3592361083816532
2025,CO2/CO/NOx,2025-06-20 08:00:00+02:00,0.35660869118558736
2025,CO2/CO/NOx,2025-06-20 09:00:00+02:00,0.34764708889358875
2025,CO2/CO/NOx,2025-06-20 10:00:00+02:00,0.3431439260939551
2025,CO2/CO/NOx,2025-06-20 11:00:00+02:00,0.3380174515743779
2025,CO2/CO/NOx,2025-06-20 12:00:00+02:00,0.33431069934767105
2025,CO2/CO/NOx,2025-06-20 13:00:00+02:00,0.3342089556439051
2025,CO2/CO/NOx,2025-06-20 14:00:00+02:00,0.3348613207247968
2025,CO2/CO/NOx,2025-06-20 15:00:00+02:00,0.33756777557930645
2025,CO2/CO/NOx,2025-06-20 16:00:00+02:00,0.33905351407263257
2025,CO2/CO/NOx,2025-06-20 17:00:00+02:00,0.33929049967193514
2025,CO2/CO/NOx,2025-06-20 18:00:00+02:00,0.34238834333171925
2025,CO2/CO/NOx,2025-06-20 19:00:00+02:00,0.34195571493176863
2025,CO2/CO/NOx,2025-06-20 20:00:00+02:00,0.33851957623923745
2025,CO2/CO/NOx,2025-06-20 21:00:00+02:00,0.33319425697736654
2025,CO2/CO/NOx,2025-06-20 22:00:00+02:00,0.32654700374956297
2025,CO2/CO/NOx,2025-06-20 23:00:00+02:00,0.32187399073576417
2025,CO2/CO/NOx,2025-06-21 00:00:00+02:00,0.3150823822975028
2025,CO2/CO/NOx,2025-06-21 01:00:00+02:00,0.3204773721882932
2025,CO2/CO/NOx,2025-06-21 02:00:00+02:00,0.3324431200933574
2025,CO2/CO/NOx,2025-06-21 03:00:00+02:00,0.3483834576990296
2025,CO2/CO/NOx,2025-06-21 04:00:00+02:00,0.3626362546080347
2025,CO2/CO/NOx,2025-06-21 05:00:00+02:00,0.37684925679988895
2025,CO2/CO/NOx,2025-06-21 06:00:00+02:00,0.38352920415380154
2025,CO2/CO/NOx,2025-06-21 07:00:00+02:00,0.3811369289441113
2025,CO2/CO/NOx,2025-06-21 08:00:00+02:00,0.3712669123835931
2025,CO2/CO/NOx,2025-06-21 09:00:00+02:00,0.3557972895090492
2025,CO2/CO/NOx,2025-06-21 10:00:00+02:00,0.3519560956804817
2025,CO2/CO/NOx,2025-06-21 11:00:00+02:00,0.3503690849858319
2025,CO2/CO/NOx,2025-06-21 12:00:00+02:00,0.3490310196799105
2025,CO2/CO/NOx,2025-06-21 13:00:00+02:00,0.3515830774906752
2025,CO2/CO/NOx,2025-06-21 14:00:00+02:00,0.35823533789969064
2025,CO2/CO/NOx,2025-06-21 15:00:00+02:00,0.36084805727931346
2025,CO2/CO/NOx,2025-06-21 16:00:00+02:00,0.3592174520074718
2025,CO2/CO/NOx,2025-06-21 17:00:00+02:00,0.3539751626599774
2025,CO2/CO/NOx,2025-06-21 18:00:00+02:00,0.3518184640124945
2025,CO2/CO/NOx,2025-06-21 19:00:00+02:00,0.34976395140791294
2025,CO2/CO/NOx,2025-06-21 20:00:00+02:00,0.3443893391949858
2025,CO2/CO/NOx,2025-06-21 21:00:00+02:00,0.3348407876822599
2025,CO2/CO/NOx,2025-06-21 22:00:00+02:00,0.32256485405588786
2025,CO2/CO/NOx,2025-06-21 23:00:00+02:00,0.31553898509808637
2025,CO2/CO/NOx,2025-06-22 00:00:00+02:00,0.31935014872609524
2025,CO2/CO/NOx,2025-06-22 01:00:00+02:00,0.33808592694609035
2025,CO2/CO/NOx,2025-06-22 02:00:00+02:00,0.36546114416409503
2025,CO2/CO/NOx,2025-06-22 03:00:00+02:00,0.3872650201183683
2025,CO2/CO/NOx,2025-06-22 04:00:00+02:00,0.4035015728757438
2025,CO2/CO/NOx,2025-06-22 05:00:00+02:00,0.4122698473542575
2025,CO2/CO/NOx,2025-06-22 06:00:00+02:00,0.40619427262013963
2025,CO2/CO/NOx,2025-06-22 07:00:00+02:00,0.3857835086387671
2025,CO2/CO/NOx,2025-06-22 08:00:00+02:00,0.36319298201119776
2025,CO2/CO/NOx,2025-06-22 09:00:00+02:00,0.3495283611010574
2025,CO2/CO/NOx,2025-06-22 10:00:00+02:00,0.3554964176887918
2025,CO2/CO/NOx,2025-06-22 11:00:00+02:00,0.36526477303304133
2025,CO2/CO/NOx,2025-06-22 12:00:00+02:00,0.3660387775891873
2025,CO2/CO/NOx,2025-06-22 13:00:00+02:00,0.3729473050921451
2025,CO2/CO/NOx,2025-06-22 14:00:00+02:00,0.3792354772814868
2025,CO2/CO/NOx,2025-06-22 15:00:00+02:00,0.37722534595452295
2025,CO2/CO/NOx,2025-06-22 16:00:00+02:00,0.3671613835299348
2025,CO2/CO/NOx,2025-06-22 17:00:00+02:00,0.3552595988848157
2025,CO2/CO/NOx,2025-06-22 18:00:00+02:00,0.34624071110407817
2025,CO2/CO/NOx,2025-06-22 19:00:00+02:00,0.34370835965911656
2025,CO2/CO/NOx,2025-06-22 20:00:00+02:00,0.33413665685416644
2025,CO2/CO/NOx,2025-06-22 21:00:00+02:00,0.3231976079208008
2025,CO2/CO/NOx,2025-06-22 22:00:00+02:00,0.31470712671501194
2025,CO2/CO/NOx,2025-06-22 23:00:00+02:00,0.3064845332522991
2025,CO2/CO/NOx,2025-06-23 00:00:00+02:00,0.29688976399142586
2025,CO2/CO/NOx,2025-06-23 01:00:00+02:00,0.2974178786233212
2025,CO2/CO/NOx,2025-06-23 02:00:00+02:00,0.30535746227860483
2025,CO2/CO/NOx,2025-06-23 03:00:00+02:00,0.31460738884932477
2025,CO2/CO/NOx,2025-06-23 04:00:00+02:00,0.3248550827113482
2025,CO2/CO/NOx,2025-06-23 05:00:00+02:00,0.33240955321239285
2025,CO2/CO/NOx,2025-06-23 06:00:00+02:00,0.34180348961228935
2025,CO2/CO/NOx,2025-06-23 07:00:00+02:00,0.3437363290677347
2025,CO2/CO/NOx,2025-06-23 08:00:00+02:00,0.34194477531335016
2025,CO2/CO/NOx,2025-06-23 09:00:00+02:00,0.33892715422501796
2025,CO2/CO/NOx,2025-06-23 10:00:00+02:00,0.3443982154804377
2025,CO2/CO/NOx,2025-06-23 11:00:00+02:00,0.3491007050959511
2025,CO2/CO/NOx,2025-06-23 12:00:00+02:00,0.3505664197173076
2025,CO2/CO/NOx,2025-06-23 13:00:00+02:00,0.3533552245090021
2025,CO2/CO/NOx,2025-06-23 14:00:00+02:00,0.3551333297129701
2025,CO2/CO/NOx,2025-06-23 15:00:00+02:00,0.35670110217051987
2025,CO2/CO/NOx,2025-06-23 16:00:00+02:00,0.3532036846439602
2025,CO2/CO/NOx,2025-06-23 17:00:00+02:00,0.3493511536598358
2025,CO2/CO/NOx,2025-06-23 18:00:00+02:00,0.34865237148132916
2025,CO2/CO/NOx,2025-06-23 19:00:00+02:00,0.3443755196947484
2025,CO2/CO/NOx,2025-06-23 20:00:00+02:00,0.33625224309497936
2025,CO2/CO/NOx,2025-06-23 21:00:00+02:00,0.3275129239414611
2025,CO2/CO/NOx,2025-06-23 22:00:00+02:00,0.3192007863273717
2025,CO2/CO/NOx,2025-06-23 23:00:00+02:00,0.31198937295810064
2025,CO2/CO/NOx,2025-06-24 00:00:00+02:00,0.30378864309344167
2025,CO2/CO/NOx,2025-06-24 01:00:00+02:00,0.30228986027784543
2025,CO2/CO/NOx,2025-06-24 02:00:00+02:00,0.30792240967138584
2025,CO2/CO/NOx,2025-06-24 03:00:00+02:00,0.32108678175237676
2025,CO2/CO/NOx,2025-06-24 04:00:00+02:00,0.33242566487617253
2025,CO2/CO/NOx,2025-06-24 05:00:00+02:00,0.34263864113990616
2025,CO2/CO/NOx,2025-06-24 06:00:00+02:00,0.35140489386149715
2025,CO2/CO/NOx,2025-06-24 07:00:00+02:00,0.3536723423395254
2025,CO2/CO/NOx,2025-06-24 08:00:00+02:00,0.35218632678441275
2025,CO2/CO/NOx,2025-06-24 09:00:00+02:00,0.3464696732238874
2025,CO2/CO/NOx,2025-06-24 10:00:00+02:00,0.34761180763012195
2025,CO2/CO/NOx,2025-06-24 11:00:00+02:00,0.3467690131360576
2025,CO2/CO/NOx,2025-06-24 12:00:00+02:00,0.346061266728145
2025,CO2/CO/NOx,2025-06-24 13:00:00+02:00,0.344896012438531
2025,CO2/CO/NOx,2025-06-24 14:00:00+02:00,0.343624871007336
2025,CO2/CO/NOx,2025-06-24 15:00:00+02:00,0.34182129443920545
2025,CO2/CO/NOx,2025-06-24 16:00:00+02:00,0.3374506383436411
2025,CO2/CO/NOx,2025-06-24 17:00:00+02:00,0.33496831149014245
2025,CO2/CO/NOx,2025-06-24 18:00:00+02:00,0.33821751375369863
2025,CO2/CO/NOx,2025-06-24 19:00:00+02:00,0.3391677608172055
2025,CO2/CO/NOx,2025-06-24 20:00:00+02:00,0.333639229592256
2025,CO2/CO/NOx,2025-06-24 21:00:00+02:00,0.3260759368616107
2025,CO2/CO/NOx,2025-06-24 22:00:00+02:00,0.3166083952028615
2025,CO2/CO/NOx,2025-06-24 23:00:00+02:00,0.30874919148669205
2025,CO2/CO/NOx,2025-06-25 00:00:00+02:00,0.2997574953877718
2025,CO2/CO/NOx,2025-06-25 01:00:00+02:00,0.29833730055912244
2025,CO2/CO/NOx,2025-06-25 02:00:00+02:00,0.3040343985489087
2025,CO2/CO/NOx,2025-06-25 03:00:00+02:00,0.31736347160815337
2025,CO2/CO/NOx,2025-06-25 04:00:00+02:00,0.3291033758686175
2025,CO2/CO/NOx,2025-06-25 05:00:00+02:00,0.34135828831429454
2025,CO2/CO/NOx,2025-06-25 06:00:00+02:00,0.35125266377088393
2025,CO2/CO/NOx,2025-06-25 07:00:00+02:00,0.3549095341640336
2025,CO2/CO/NOx,2025-06-25 08:00:00+02:00,0.35292414279508166
2025,CO2/CO/NOx,2025-06-25 09:00:00+02:00,0.3443675549663904
2025,CO2/CO/NOx,2025-06-25 10:00:00+02:00,0.33858699622505806
2025,CO2/CO/NOx,2025-06-25 11:00:00+02:00,0.3334729974626262
2025,CO2/CO/NOx,2025-06-25 12:00:00+02:00,0.32949286952294227
2025,CO2/CO/NOx,2025-06-25 13:00:00+02:00,0.3293128642708631
2025,CO2/CO/NOx,2025-06-25 14:00:00+02:00,0.3326423328231765
2025,CO2/CO/NOx,2025-06-25 15:00:00+02:00,0.33573307987271717
2025,CO2/CO/NOx,2025-06-25 16:00:00+02:00,0.3376043559210259
2025,CO2/CO/NOx,2025-06-25 17:00:00+02:00,0.3376469577534533
2025,CO2/CO/NOx,2025-06-25 18:00:00+02:00,0.33943526083037273
2025,CO2/CO/NOx,2025-06-25 19:00:00+02:00,0.33605913068600685
2025,CO2/CO/NOx,2025-06-25 20:00:00+02:00,0.3295576987312837
2025,CO2/CO/NOx,2025-06-25 21:00:00+02:00,0.320832413759791
2025,CO2/CO/NOx,2025-06-25 22:00:00+02:00,0.31261654101040526
2025,CO2/CO/NOx,2025-06-25 23:00:00+02:00,0.3054853106441217
2025,CO2/CO/NOx,2025-06-26 00:00:00+02:00,0.2954516115681384
2025,CO2/CO/NOx,2025-06-26 01:00:00+02:00,0.2923148536324952
2025,CO2/CO/NOx,2025-06-26 02:00:00+02:00,0.2963272032901804
2025,CO2/CO/NOx,2025-06-26 03:00:00+02:00,0.30624587061418285
2025,CO2/CO/NOx,2025-06-26 04:00:00+02:00,0.31655206078032294
2025,CO2/CO/NOx,2025-06-26 05:00:00+02:00,0.32896699546069985
2025,CO2/CO/NOx,2025-06-26 06:00:00+02:00,0.34101754859897626
2025,CO2/CO/NOx,2025-06-26 07:00:00+02:00,0.3471674012922441
2025,CO2/CO/NOx,2025-06-26 08:00:00+02:00,0.34960211932956636
2025,CO2/CO/NOx,2025-06-26 09:00:00+02:00,0.34702054314951836
2025,CO2/CO/NOx,2025-06-26 10:00:00+02:00,0.347103985176369
2025,CO2/CO/NOx,2025-06-26 11:00:00+02:00,0.3471648757086219
2025,CO2/CO/NOx,2025-06-26 12:00:00+02:00,0.3465661648081998
2025,CO2/CO/NOx,2025-06-26 13:00:00+02:00,0.34790458100056043
2025,CO2/CO/NOx,2025-06-26 14:00:00+02:00,0.3507737013963972
2025,CO2/CO/NOx,2025-06-26 15:00:00+02:00,0.35311669914463384
2025,CO2/CO/NOx,2025-06-26 16:00:00+02:00,0.3524479919969151
2025,CO2/CO/NOx,2025-06-26 17:00:00+02:00,0.35249971825005444
2025,CO2/CO/NOx,2025-06-26 18:00:00+02:00,0.35548351148154356
2025,CO2/CO/NOx,2025-06-26 19:00:00+02:00,0.35330593938084404
2025,CO2/CO/NOx,2025-06-26 20:00:00+02:00,0.3471833886680622
2025,CO2/CO/NOx,2025-06-26 21:00:00+02:00,0.33904030572334337
2025,CO2/CO/NOx,2025-06-26 22:00:00+02:00,0.33079267095646
2025,CO2/CO/NOx,2025-06-26 23:00:00+02:00,0.32134818933399384
2025,CO2/CO/NOx,2025-06-27 00:00:00+02:00,0.3108745171568051
2025,CO2/CO/NOx,2025-06-27 01:00:00+02:00,0.3073659941080071
2025,CO2/CO/NOx,2025-06-27 02:00:00+02:00,0.31015088717825945
2025,CO2/CO/NOx,2025-06-27 03:00:00+02:00,0.31992104642040353
2025,CO2/CO/NOx,2025-06-27 04:00:00+02:00,0.32986262411515105
2025,CO2/CO/NOx,2025-06-27 05:00:00+02:00,0.34020740704925245
2025,CO2/CO/NOx,2025-06-27 06:00:00+02:00,0.35006658939521906
2025,CO2/CO/NOx,2025-06-27 07:00:00+02:00,0.3543302041503149
2025,CO2/CO/NOx,2025-06-27 08:00:00+02:00,0.35387412253393813
2025,CO2/CO/NOx,2025-06-27 09:00:00+02:00,0.3523428500752781
2025,CO2/CO/NOx,2025-06-27 10:00:00+02:00,0.3517142734340745
2025,CO2/CO/NOx,2025-06-27 11:00:00+02:00,0.3497014257060099
2025,CO2/CO/NOx,2025-06-27 12:00:00+02:00,0.347519938129579
2025,CO2/CO/NOx,2025-06-27 13:00:00+02:00,0.3460728465965708
2025,CO2/CO/NOx,2025-06-27 14:00:00+02:00,0.34404066074258943
2025,CO2/CO/NOx,2025-06-27 15:00:00+02:00,0.34321275771946974
2025,CO2/CO/NOx,2025-06-27 16:00:00+02:00,0.3408788822439194
2025,CO2/CO/NOx,2025-06-27 17:00:00+02:00,0.340837180178037
2025,CO2/CO/NOx,2025-06-27 18:00:00+02:00,0.3459309357976442
2025,CO2/CO/NOx,2025-06-27 19:00:00+02:00,0.3433863308469177
2025,CO2/CO/NOx,2025-06-27 20:00:00+02:00,0.33786383479814613
2025,CO2/CO/NOx,2025-06-27 21:00:00+02:00,0.330931022596863
2025,CO2/CO/NOx,2025-06-27 22:00:00+02:00,0.32353873340060574
2025,CO2/CO/NOx,2025-06-27 23:00:00+02:00,0.31725290631043546
2025,CO2/CO/NOx,2025-06-28 00:00:00+02:00,0.31201187996169827
2025,CO2/CO/NOx,2025-06-28 01:00:00+02:00,0.3098859418240418
2025,CO2/CO/NOx,2025-06-28 02:00:00+02:00,0.3099755829882019
2025,CO2/CO/NOx,2025-06-28 03:00:00+02:00,0.3131213413392047
2025,CO2/CO/NOx,2025-06-28 04:00:00+02:00,0.3149889325207867
2025,CO2/CO/NOx,2025-06-28 05:00:00+02:00,0.31897219507520164
2025,CO2/CO/NOx,2025-06-28 06:00:00+02:00,0.324572552439624
2025,CO2/CO/NOx,2025-06-28 07:00:00+02:00,0.33000459631334006
2025,CO2/CO/NOx,2025-06-28 08:00:00+02:00,0.33497156862133015
2025,CO2/CO/NOx,2025-06-28 09:00:00+02:00,0.3371021265518088
2025,CO2/CO/NOx,2025-06-28 10:00:00+02:00,0.33877218628850486
2025,CO2/CO/NOx,2025-06-28 11:00:00+02:00,0.33843678551740575
2025,CO2/CO/NOx,2025-06-28 12:00:00+02:00,0.3368198557850376
2025,CO2/CO/NOx,2025-06-28 13:00:00+02:00,0.3370938980913455
2025,CO2/CO/NOx,2025-06-28 14:00:00+02:00,0.33718864064001036
2025,CO2/CO/NOx,2025-06-28 15:00:00+02:00,0.33733533489649553
2025,CO2/CO/NOx,2025-06-28 16:00:00+02:00,0.3378208583805728
2025,CO2/CO/NOx,2025-06-28 17:00:00+02:00,0.33810919703875875
2025,CO2/CO/NOx,2025-06-28 18:00:00+02:00,0.339950566856985
2025,CO2/CO/NOx,2025-06-28 19:00:00+02:00,0.33894755941449817
2025,CO2/CO/NOx,2025-06-28 20:00:00+02:00,0.33503197311714356
2025,CO2/CO/NOx,2025-06-28 21:00:00+02:00,0.3289468496644401
2025,CO2/CO/NOx,2025-06-28 22:00:00+02:00,0.32231608908593207
2025,CO2/CO/NOx,2025-06-28 23:00:00+02:00,0.3162879642935575
2025,CO2/CO/NOx,2025-06-29 00:00:00+02:00,0.3095445139473523
2025,CO2/CO/NOx,2025-06-29 01:00:00+02:00,0.307168107327208
2025,CO2/CO/NOx,2025-06-29 02:00:00+02:00,0.3080905404036165
2025,CO2/CO/NOx,2025-06-29 03:00:00+02:00,0.31281193262321244
2025,CO2/CO/NOx,2025-06-29 04:00:00+02:00,0.3182955465911202
2025,CO2/CO/NOx,2025-06-29 05:00:00+02:00,0.3256581786822047
2025,CO2/CO/NOx,2025-06-29 06:00:00+02:00,0.3316817948572808
2025,CO2/CO/NOx,2025-06-29 07:00:00+02:00,0.33600254960937886
2025,CO2/CO/NOx,2025-06-29 08:00:00+02:00,0.3375226672221794
2025,CO2/CO/NOx,2025-06-29 09:00:00+02:00,0.3349622222855092
2025,CO2/CO/NOx,2025-06-29 10:00:00+02:00,0.33333010472963265
2025,CO2/CO/NOx,2025-06-29 11:00:00+02:00,0.3308553848723582
2025,CO2/CO/NOx,2025-06-29 12:00:00+02:00,0.3281082560213253
2025,CO2/CO/NOx,2025-06-29 13:00:00+02:00,0.3294869896173974
2025,CO2/CO/NOx,2025-06-29 14:00:00+02:00,0.3333740141094755
2025,CO2/CO/NOx,2025-06-29 15:00:00+02:00,0.3357153228232471
2025,CO2/CO/NOx,2025-06-29 16:00:00+02:00,0.33728377323547953
2025,CO2/CO/NOx,2025-06-29 17:00:00+02:00,0.3374771878058137
2025,CO2/CO/NOx,2025-06-29 18:00:00+02:00,0.33780399249534837
2025,CO2/CO/NOx,2025-06-29 19:00:00+02:00,0.3357011848867763
2025,CO2/CO/NOx,2025-06-29 20:00:00+02:00,0.32963433668098047
2025,CO2/CO/NOx,2025-06-29 21:00:00+02:00,0.32130293096249046
2025,CO2/CO/NOx,2025-06-29 22:00:00+02:00,0.3140445869253977
2025,CO2/CO/NOx,2025-06-29 23:00:00+02:00,0.3077053717564358
2025,CO2/CO/NOx,2025-06-30 00:00:00+02:00,0.29753081636291107
2025,CO2/CO/NOx,2025-06-30 01:00:00+02:00,0.295448093081473
2025,CO2/CO/NOx,2025-06-30 02:00:00+02:00,0.3012623215191119
2025,CO2/CO/NOx,2025-06-30 03:00:00+02:00,0.31297488876071855
2025,CO2/CO/NOx,2025-06-30 04:00:00+02:00,0.3255205390921963
2025,CO2/CO/NOx,2025-06-30 05:00:00+02:00,0.3379577569066238
2025,CO2/CO/NOx,2025-06-30 06:00:00+02:00,0.3486518512637458
2025,CO2/CO/NOx,2025-06-30 07:00:00+02:00,0.35427869175036414
2025,CO2/CO/NOx,2025-06-30 08:00:00+02:00,0.35147736433073606
2025,CO2/CO/NOx,2025-06-30 09:00:00+02:00,0.34299941190330835
2025,CO2/CO/NOx,2025-06-30 10:00:00+02:00,0.3399512270863982
2025,CO2/CO/NOx,2025-06-30 11:00:00+02:00,0.3394902910970349
2025,CO2/CO/NOx,2025-06-30 12:00:00+02:00,0.3420035320016361
2025,CO2/CO/NOx,2025-06-30 13:00:00+02:00,0.3466920195296155
2025,CO2/CO/NOx,2025-06-30 14:00:00+02:00,0.35324178243728654
2025,CO2/CO/NOx,2025-06-30 15:00:00+02:00,0.3602255578697947
2025,CO2/CO/NOx,2025-06-30 16:00:00+02:00,0.3610571147392447
2025,CO2/CO/NOx,2025-06-30 17:00:00+02:00,0.35616886084466354
2025,CO2/CO/NOx,2025-06-30 18:00:00+02:00,0.3532954795464029
2025,CO2/CO/NOx,2025-06-30 19:00:00+02:00,0.34451581853542046
2025,CO2/CO/NOx,2025-06-30 20:00:00+02:00,0.33319426613909703
2025,CO2/CO/NOx,2025-06-30 21:00:00+02:00,0.3222520977289147
2025,CO2/CO/NOx,2025-06-30 22:00:00+02:00,0.3109869597221688
2025,CO2/CO/NOx,2025-06-30 23:00:00+02:00,0.3028517247445166
2025,CO2/CO/NOx,2025-07-01 00:00:00+02:00,0.2947739215497469
2025,CO2/CO/NOx,2025-07-01 01:00:00+02:00,0.2936130861232964
2025,CO2/CO/NOx,2025-07-01 02:00:00+02:00,0.2997915111047537
2025,CO2/CO/NOx,2025-07-01 03:00:00+02:00,0.31206142576378093
2025,CO2/CO/NOx,2025-07-01 04:00:00+02:00,0.32377727789599353
2025,CO2/CO/NOx,2025-07-01 05:00:00+02:00,0.3353183337566412
2025,CO2/CO/NOx,2025-07-01 06:00:00+02:00,0.3454497174020148
2025,CO2/CO/NOx,2025-07-01 07:00:00+02:00,0.3500346090958819
2025,CO2/CO/NOx,2025-07-01 08:00:00+02:00,0.3472062023348126
2025,CO2/CO/NOx,2025-07-01 09:00:00+02:00,0.340393258329702
2025,CO2/CO/NOx,2025-07-01 10:00:00+02:00,0.3388867966096982
2025,CO2/CO/NOx,2025-07-01 11:00:00+02:00,0.3395182155120219
2025,CO2/CO/NOx,2025-07-01 12:00:00+02:00,0.34239547625325495
2025,CO2/CO/NOx,2025-07-01 13:00:00+02:00,0.3481227634998436
2025,CO2/CO/NOx,2025-07-01 14:00:00+02:00,0.35334709375099216
2025,CO2/CO/NOx,2025-07-01 15:00:00+02:00,0.35943999323614273
2025,CO2/CO/NOx,2025-07-01 16:00:00+02:00,0.3597919502686266
2025,CO2/CO/NOx,2025-07-01 17:00:00+02:00,0.35418722703892946
2025,CO2/CO/NOx,2025-07-01 18:00:00+02:00,0.35152642846315263
2025,CO2/CO/NOx,2025-07-01 19:00:00+02:00,0.34324093360853847
2025,CO2/CO/NOx,2025-07-01 20:00:00+02:00,0.3326268675218835
2025,CO2/CO/NOx,2025-07-01 21:00:00+02:00,0.3215001049171121
2025,CO2/CO/NOx,2025-07-01 22:00:00+02:00,0.3113931151526321
2025,CO2/CO/NOx,2025-07-01 23:00:00+02:00,0.3033140390237339
2025,CO2/CO/NOx,2025-07-02 00:00:00+02:00,0.2952662660484238
2025,CO2/CO/NOx,2025-07-02 01:00:00+02:00,0.2946737424510817
2025,CO2/CO/NOx,2025-07-02 02:00:00+02:00,0.3020413819908287
2025,CO2/CO/NOx,2025-07-02 03:00:00+02:00,0.3165214136839957
2025,CO2/CO/NOx,2025-07-02 04:00:00+02:00,0.3293868143276498
2025,CO2/CO/NOx,2025-07-02 05:00:00+02:00,0.34258108173868757
2025,CO2/CO/NOx,2025-07-02 06:00:00+02:00,0.35171164051145337
2025,CO2/CO/NOx,2025-07-02 07:00:00+02:00,0.3564621184728335
2025,CO2/CO/NOx,2025-07-02 08:00:00+02:00,0.35596560313169756
2025,CO2/CO/NOx,2025-07-02 09:00:00+02:00,0.3504141786534415
2025,CO2/CO/NOx,2025-07-02 10:00:00+02:00,0.34939405372109916
2025,CO2/CO/NOx,2025-07-02 11:00:00+02:00,0.3506049396217721
2025,CO2/CO/NOx,2025-07-02 12:00:00+02:00,0.35271256901555476
2025,CO2/CO/NOx,2025-07-02 13:00:00+02:00,0.3560009839688095
2025,CO2/CO/NOx,2025-07-02 14:00:00+02:00,0.3594670791411368
2025,CO2/CO/NOx,2025-07-02 15:00:00+02:00,0.36114311661997295
2025,CO2/CO/NOx,2025-07-02 16:00:00+02:00,0.3599717054277728
2025,CO2/CO/NOx,2025-07-02 17:00:00+02:00,0.35613583293559614
2025,CO2/CO/NOx,2025-07-02 18:00:00+02:00,0.35404527138738046
2025,CO2/CO/NOx,2025-07-02 19:00:00+02:00,0.34626855702595283
2025,CO2/CO/NOx,2025-07-02 20:00:00+02:00,0.3360253668739117
2025,CO2/CO/NOx,2025-07-02 21:00:00+02:00,0.3242001372924251
2025,CO2/CO/NOx,2025-07-02 22:00:00+02:00,0.313038290356573
2025,CO2/CO/NOx,2025-07-02 23:00:00+02:00,0.30407757675661307
2025,CO2/CO/NOx,2025-07-03 00:00:00+02:00,0.29498955298615603
2025,CO2/CO/NOx,2025-07-03 01:00:00+02:00,0.29238053797438746
2025,CO2/CO/NOx,2025-07-03 02:00:00+02:00,0.2961959387309009
2025,CO2/CO/NOx,2025-07-03 03:00:00+02:00,0.306146806864283
2025,CO2/CO/NOx,2025-07-03 04:00:00+02:00,0.31578323941799263
2025,CO2/CO/NOx,2025-07-03 05:00:00+02:00,0.32648807783256945
2025,CO2/CO/NOx,2025-07-03 06:00:00+02:00,0.3367055801410058
2025,CO2/CO/NOx,2025-07-03 07:00:00+02:00,0.34493400144506203
2025,CO2/CO/NOx,2025-07-03 08:00:00+02:00,0.34988457756821784
2025,CO2/CO/NOx,2025-07-03 09:00:00+02:00,0.3490308043568834
2025,CO2/CO/NOx,2025-07-03 10:00:00+02:00,0.35033019408929766
2025,CO2/CO/NOx,2025-07-03 11:00:00+02:00,0.34998516681091596
2025,CO2/CO/NOx,2025-07-03 12:00:00+02:00,0.34860671986304226
2025,CO2/CO/NOx,2025-07-03 13:00:00+02:00,0.348468430525332
2025,CO2/CO/NOx,2025-07-03 14:00:00+02:00,0.3492325834000702
2025,CO2/CO/NOx,2025-07-03 15:00:00+02:00,0.3488018635367659
2025,CO2/CO/NOx,2025-07-03 16:00:00+02:00,0.3473316879807458
2025,CO2/CO/NOx,2025-07-03 17:00:00+02:00,0.3452709623159117
2025,CO2/CO/NOx,2025-07-03 18:00:00+02:00,0.3450383472405584
2025,CO2/CO/NOx,2025-07-03 19:00:00+02:00,0.3400138244855079
2025,CO2/CO/NOx,2025-07-03 20:00:00+02:00,0.33171386591351293
2025,CO2/CO/NOx,2025-07-03 21:00:00+02:00,0.32274947148481853
2025,CO2/CO/NOx,2025-07-03 22:00:00+02:00,0.3149575568674188
2025,CO2/CO/NOx,2025-07-03 23:00:00+02:00,0.309783672947957
2025,CO2/CO/NOx,2025-07-04 00:00:00+02:00,0.3020590288633203
2025,CO2/CO/NOx,2025-07-04 01:00:00+02:00,0.3031722621194868
2025,CO2/CO/NOx,2025-07-04 02:00:00+02:00,0.3102644863826404
2025,CO2/CO/NOx,2025-07-04 03:00:00+02:00,0.32237911736865565
2025,CO2/CO/NOx,2025-07-04 04:00:00+02:00,0.33213330079024356
2025,CO2/CO/NOx,2025-07-04 05:00:00+02:00,0.34118669970373794
2025,CO2/CO/NOx,2025-07-04 06:00:00+02:00,0.3500019980387227
2025,CO2/CO/NOx,2025-07-04 07:00:00+02:00,0.35475608468221004
2025,CO2/CO/NOx,2025-07-04 08:00:00+02:00,0.3549572837770669
2025,CO2/CO/NOx,2025-07-04 09:00:00+02:00,0.34834252221154133
2025,CO2/CO/NOx,2025-07-04 10:00:00+02:00,0.34596423934386195
2025,CO2/CO/NOx,2025-07-04 11:00:00+02:00,0.34243399271871294
2025,CO2/CO/NOx,2025-07-04 12:00:00+02:00,0.33893668978784736
2025,CO2/CO/NOx,2025-07-04 13:00:00+02:00,0.3367622495165165
2025,CO2/CO/NOx,2025-07-04 14:00:00+02:00,0.3356089499944034
2025,CO2/CO/NOx,2025-07-04 15:00:00+02:00,0.33674692076917084
2025,CO2/CO/NOx,2025-07-04 16:00:00+02:00,0.33665265690038493
2025,CO2/CO/NOx,2025-07-04 17:00:00+02:00,0.33733193657438215
2025,CO2/CO/NOx,2025-07-04 18:00:00+02:00,0.34144868354774804
2025,CO2/CO/NOx,2025-07-04 19:00:00+02:00,0.34072860957076
2025,CO2/CO/NOx,2025-07-04 20:00:00+02:00,0.3381946489267642
2025,CO2/CO/NOx,2025-07-04 21:00:00+02:00,0.33451310161105396
2025,CO2/CO/NOx,2025-07-04 22:00:00+02:00,0.3283814718394037
2025,CO2/CO/NOx,2025-07-04 23:00:00+02:00,0.3215665042443043
2025,CO2/CO/NOx,2025-07-05 00:00:00+02:00,0.313012314152518
2025,CO2/CO/NOx,2025-07-05 01:00:00+02:00,0.3122326227787273
2025,CO2/CO/NOx,2025-07-05 02:00:00+02:00,0.3184094865333855
2025,CO2/CO/NOx,2025-07-05 03:00:00+02:00,0.3270691385811999
2025,CO2/CO/NOx,2025-07-05 04:00:00+02:00,0.33519306045180675
2025,CO2/CO/NOx,2025-07-05 05:00:00+02:00,0.34200504083895344
2025,CO2/CO/NOx,2025-07-05 06:00:00+02:00,0.34646925204428203
2025,CO2/CO/NOx,2025-07-05 07:00:00+02:00,0.3462623541703941
2025,CO2/CO/NOx,2025-07-05 08:00:00+02:00,0.34279162328075674
2025,CO2/CO/NOx,2025-07-05 09:00:00+02:00,0.3356045596005687
2025,CO2/CO/NOx,2025-07-05 10:00:00+02:00,0.33420664162494806
2025,CO2/CO/NOx,2025-07-05 11:00:00+02:00,0.33208243070614235
2025,CO2/CO/NOx,2025-07-05 12:00:00+02:00,0.3309246270875493
2025,CO2/CO/NOx,2025-07-05 13:00:00+02:00,0.33699434706256826
2025,CO2/CO/NOx,2025-07-05 14:00:00+02:00,0.3438390045875027
2025,CO2/CO/NOx,2025-07-05 15:00:00+02:00,0.3503982501129559
2025,CO2/CO/NOx,2025-07-05 16:00:00+02:00,0.35327797475664696
2025,CO2/CO/NOx,2025-07-05 17:00:00+02:00,0.35318299006727233
2025,CO2/CO/NOx,2025-07-05 18:00:00+02:00,0.35193503454937525
2025,CO2/CO/NOx,2025-07-05 19:00:00+02:00,0.3455778837528536
2025,CO2/CO/NOx,2025-07-05 20:00:00+02:00,0.33472209261207364
2025,CO2/CO/NOx,2025-07-05 21:00:00+02:00,0.32558483695750184
2025,CO2/CO/NOx,2025-07-05 22:00:00+02:00,0.3195472318023914
2025,CO2/CO/NOx,2025-07-05 23:00:00+02:00,0.3153760709689912
2025,CO2/CO/NOx,2025-07-06 00:00:00+02:00,0.30877676117171027
2025,CO2/CO/NOx,2025-07-06 01:00:00+02:00,0.305246006304216
2025,CO2/CO/NOx,2025-07-06 02:00:00+02:00,0.3032527959137028
2025,CO2/CO/NOx,2025-07-06 03:00:00+02:00,0.30449255785236173
2025,CO2/CO/NOx,2025-07-06 04:00:00+02:00,0.30820687893481497
2025,CO2/CO/NOx,2025-07-06 05:00:00+02:00,0.31634981492224246
2025,CO2/CO/NOx,2025-07-06 06:00:00+02:00,0.32583935972151123
2025,CO2/CO/NOx,2025-07-06 07:00:00+02:00,0.334479938985467
2025,CO2/CO/NOx,2025-07-06 08:00:00+02:00,0.3384532584207467
2025,CO2/CO/NOx,2025-07-06 09:00:00+02:00,0.3385663735566909
2025,CO2/CO/NOx,2025-07-06 10:00:00+02:00,0.3387112617582973
2025,CO2/CO/NOx,2025-07-06 11:00:00+02:00,0.33549258562811995
2025,CO2/CO/NOx,2025-07-06 12:00:00+02:00,0.332575365758452
2025,CO2/CO/NOx,2025-07-06 13:00:00+02:00,0.3342196127911538
2025,CO2/CO/NOx,2025-07-06 14:00:00+02:00,0.3375181144132021
2025,CO2/CO/NOx,2025-07-06 15:00:00+02:00,0.3406309661764738
2025,CO2/CO/NOx,2025-07-06 16:00:00+02:00,0.3420311114977027
2025,CO2/CO/NOx,2025-07-06 17:00:00+02:00,0.34180466520298064
2025,CO2/CO/NOx,2025-07-06 18:00:00+02:00,0.34349971117671296
2025,CO2/CO/NOx,2025-07-06 19:00:00+02:00,0.34194040103292134
2025,CO2/CO/NOx,2025-07-06 20:00:00+02:00,0.3367186141608284
2025,CO2/CO/NOx,2025-07-06 21:00:00+02:00,0.3315537076910889
2025,CO2/CO/NOx,2025-07-06 22:00:00+02:00,0.3274876506430563
2025,CO2/CO/NOx,2025-07-06 23:00:00+02:00,0.3221121764600252
2025,CO2/CO/NOx,2025-07-07 00:00:00+02:00,0.3177890518764068
2025,CO2/CO/NOx,2025-07-07 01:00:00+02:00,0.32390557185545066
2025,CO2/CO/NOx,2025-07-07 02:00:00+02:00,0.33728701348009726
2025,CO2/CO/NOx,2025-07-07 03:00:00+02:00,0.3568078178104147
2025,CO2/CO/NOx,2025-07-07 04:00:00+02:00,0.37382551089643434
2025,CO2/CO/NOx,2025-07-07 05:00:00+02:00,0.3866123924722694
2025,CO2/CO/NOx,2025-07-07 06:00:00+02:00,0.3945654999036208
2025,CO2/CO/NOx,2025-07-07 07:00:00+02:00,0.3944544323105312
2025,CO2/CO/NOx,2025-07-07 08:00:00+02:00,0.3856709929971438
2025,CO2/CO/NOx,2025-07-07 09:00:00+02:00,0.3726336538186953
2025,CO2/CO/NOx,2025-07-07 10:00:00+02:00,0.36577465385787916
2025,CO2/CO/NOx,2025-07-07 11:00:00+02:00,0.3594704637580482
2025,CO2/CO/NOx,2025-07-07 12:00:00+02:00,0.35714171009612194
2025,CO2/CO/NOx,2025-07-07 13:00:00+02:00,0.3564838648214131
2025,CO2/CO/NOx,2025-07-07 14:00:00+02:00,0.3551701712519502
2025,CO2/CO/NOx,2025-07-07 15:00:00+02:00,0.3564429497060482
2025,CO2/CO/NOx,2025-07-07 16:00:00+02:00,0.3581623232806695
2025,CO2/CO/NOx,2025-07-07 17:00:00+02:00,0.3612667124637182
2025,CO2/CO/NOx,2025-07-07 18:00:00+02:00,0.370440873855409
2025,CO2/CO/NOx,2025-07-07 19:00:00+02:00,0.3751023650201101
2025,CO2/CO/NOx,2025-07-07 20:00:00+02:00,0.37338796926559903
2025,CO2/CO/NOx,2025-07-07 21:00:00+02:00,0.3671554010027116
2025,CO2/CO/NOx,2025-07-07 22:00:00+02:00,0.3643906932038779
2025,CO2/CO/NOx,2025-07-07 23:00:00+02:00,0.36348894073420074
2025,CO2/CO/NOx,2025-07-08 00:00:00+02:00,0.3592620054334549
2025,CO2/CO/NOx,2025-07-08 01:00:00+02:00,0.36557284238296595
2025,CO2/CO/NOx,2025-07-08 02:00:00+02:00,0.37387297011061665
2025,CO2/CO/NOx,2025-07-08 03:00:00+02:00,0.39655028496851175
2025,CO2/CO/NOx,2025-07-08 04:00:00+02:00,0.4310483171326478
2025,CO2/CO/NOx,2025-07-08 05:00:00+02:00,0.4662326356260507
2025,CO2/CO/NOx,2025-07-08 06:00:00+02:00,0.5015310152055161
2025,CO2/CO/NOx,2025-07-08 07:00:00+02:00,0.5377398710926105
2025,CO2/CO/NOx,2025-07-08 08:00:00+02:00,0.5621491592167853
2025,CO2/CO/NOx,2025-07-08 09:00:00+02:00,0.5688301185195905
2025,CO2/CO/NOx,2025-07-08 10:00:00+02:00,0.5736138873614408
2025,CO2/CO/NOx,2025-07-08 11:00:00+02:00,0.5733296382261751
2025,CO2/CO/NOx,2025-07-08 12:00:00+02:00,0.5787446826247149
2025,CO2/CO/NOx,2025-07-08 13:00:00+02:00,0.5909782139052479
2025,CO2/CO/NOx,2025-07-08 14:00:00+02:00,0.5909275590743499
2025,CO2/CO/NOx,2025-07-08 15:00:00+02:00,0.5844790945791305
2025,CO2/CO/NOx,2025-07-08 16:00:00+02:00,0.5667117520509104
2025,CO2/CO/NOx,2025-07-08 17:00:00+02:00,0.556772965495963
2025,CO2/CO/NOx,2025-07-08 18:00:00+02:00,0.5547501345844799
2025,CO2/CO/NOx,2025-07-08 19:00:00+02:00,0.5610435053826348
2025,CO2/CO/NOx,2025-07-08 20:00:00+02:00,0.5817651532579982
2025,CO2/CO/NOx,2025-07-08 21:00:00+02:00,0.5996686766046097
2025,CO2/CO/NOx,2025-07-08 22:00:00+02:00,0.6211889338640574
2025,CO2/CO/NOx,2025-07-08 23:00:00+02:00,0.6258407659108746
2025,CO2/CO/NOx,2025-07-09 00:00:00+02:00,0.6084713033046542
2025,CO2/CO/NOx,2025-07-09 01:00:00+02:00,0.5913281795093731
2025,CO2/CO/NOx,2025-07-09 02:00:00+02:00,0.5936059242677143
2025,CO2/CO/NOx,2025-07-09 03:00:00+02:00,0.6030333884142821
2025,CO2/CO/NOx,2025-07-09 04:00:00+02:00,0.6173216621588976
2025,CO2/CO/NOx,2025-07-09 05:00:00+02:00,0.6314189737375868
2025,CO2/CO/NOx,2025-07-09 06:00:00+02:00,0.6423133839753101
2025,CO2/CO/NOx,2025-07-09 07:00:00+02:00,0.6548450857254402
2025,CO2/CO/NOx,2025-07-09 08:00:00+02:00,0.6494409904020313
2025,CO2/CO/NOx,2025-07-09 09:00:00+02:00,0.626465161719027
2025,CO2/CO/NOx,2025-07-09 10:00:00+02:00,0.6044691818510648
2025,CO2/CO/NOx,2025-07-09 11:00:00+02:00,0.5834167326381771
2025,CO2/CO/NOx,2025-07-09 12:00:00+02:00,0.5607634763063305
2025,CO2/CO/NOx,2025-07-09 13:00:00+02:00,0.5374408830276156
2025,CO2/CO/NOx,2025-07-09 14:00:00+02:00,0.5162339794663179
2025,CO2/CO/NOx,2025-07-09 15:00:00+02:00,0.5016770876926686
2025,CO2/CO/NOx,2025-07-09 16:00:00+02:00,0.4887525234113227
2025,CO2/CO/NOx,2025-07-09 17:00:00+02:00,0.47846815385208136
2025,CO2/CO/NOx,2025-07-09 18:00:00+02:00,0.47754828013113076
2025,CO2/CO/NOx,2025-07-09 19:00:00+02:00,0.4706395915550861
2025,CO2/CO/NOx,2025-07-09 20:00:00+02:00,0.4607232404069403
2025,CO2/CO/NOx,2025-07-09 21:00:00+02:00,0.4515587085480307
2025,CO2/CO/NOx,2025-07-09 22:00:00+02:00,0.4375174524159763
2025,CO2/CO/NOx,2025-07-09 23:00:00+02:00,0.42583353296396187
2025,CO2/CO/NOx,2025-07-10 00:00:00+02:00,0.40642324476269814
2025,CO2/CO/NOx,2025-07-10 01:00:00+02:00,0.39664359563766777
2025,CO2/CO/NOx,2025-07-10 02:00:00+02:00,0.39921329585139664
2025,CO2/CO/NOx,2025-07-10 03:00:00+02:00,0.41583733299749315
2025,CO2/CO/NOx,2025-07-10 04:00:00+02:00,0.4306051517185482
2025,CO2/CO/NOx,2025-07-10 05:00:00+02:00,0.4440201198432405
2025,CO2/CO/NOx,2025-07-10 06:00:00+02:00,0.4640543374899159
2025,CO2/CO/NOx,2025-07-10 07:00:00+02:00,0.4682751525162198
2025,CO2/CO/NOx,2025-07-10 08:00:00+02:00,0.4596609202404604
2025,CO2/CO/NOx,2025-07-10 09:00:00+02:00,0.434238143961712
2025,CO2/CO/NOx,2025-07-10 10:00:00+02:00,0.41476745521276454
2025,CO2/CO/NOx,2025-07-10 11:00:00+02:00,0.39897121390555434
2025,CO2/CO/NOx,2025-07-10 12:00:00+02:00,0.38341054073209146
2025,CO2/CO/NOx,2025-07-10 13:00:00+02:00,0.3706030413347429
2025,CO2/CO/NOx,2025-07-10 14:00:00+02:00,0.3606134235409335
2025,CO2/CO/NOx,2025-07-10 15:00:00+02:00,0.35968763787906033
2025,CO2/CO/NOx,2025-07-10 16:00:00+02:00,0.3582272500549912
2025,CO2/CO/NOx,2025-07-10 17:00:00+02:00,0.35496013998263526
2025,CO2/CO/NOx,2025-07-10 18:00:00+02:00,0.35701302252946326
2025,CO2/CO/NOx,2025-07-10 19:00:00+02:00,0.3582546721584747
2025,CO2/CO/NOx,2025-07-10 20:00:00+02:00,0.35756495625837975
2025,CO2/CO/NOx,2025-07-10 21:00:00+02:00,0.35031472115657414
2025,CO2/CO/NOx,2025-07-10 22:00:00+02:00,0.33999816055322196
2025,CO2/CO/NOx,2025-07-10 23:00:00+02:00,0.3276764000256232
2025,CO2/CO/NOx,2025-07-11 00:00:00+02:00,0.31221291272292145
2025,CO2/CO/NOx,2025-07-11 01:00:00+02:00,0.31032753065830526
2025,CO2/CO/NOx,2025-07-11 02:00:00+02:00,0.3168107266223794
2025,CO2/CO/NOx,2025-07-11 03:00:00+02:00,0.33500976506336966
2025,CO2/CO/NOx,2025-07-11 04:00:00+02:00,0.35397821861703727
2025,CO2/CO/NOx,2025-07-11 05:00:00+02:00,0.3674590824895106
2025,CO2/CO/NOx,2025-07-11 06:00:00+02:00,0.376504182887729
2025,CO2/CO/NOx,2025-07-11 07:00:00+02:00,0.37947856835707394
2025,CO2/CO/NOx,2025-07-11 08:00:00+02:00,0.3745815975076355
2025,CO2/CO/NOx,2025-07-11 09:00:00+02:00,0.36036119621791596
2025,CO2/CO/NOx,2025-07-11 10:00:00+02:00,0.3516549634444849
2025,CO2/CO/NOx,2025-07-11 11:00:00+02:00,0.34553356821642295
2025,CO2/CO/NOx,2025-07-11 12:00:00+02:00,0.3406425754077559
2025,CO2/CO/NOx,2025-07-11 13:00:00+02:00,0.3438605367333397
2025,CO2/CO/NOx,2025-07-11 14:00:00+02:00,0.3468343578121193
2025,CO2/CO/NOx,2025-07-11 15:00:00+02:00,0.3514369199242268
2025,CO2/CO/NOx,2025-07-11 16:00:00+02:00,0.35818271962857784
2025,CO2/CO/NOx,2025-07-11 17:00:00+02:00,0.3622275296362102
2025,CO2/CO/NOx,2025-07-11 18:00:00+02:00,0.36736233828151826
2025,CO2/CO/NOx,2025-07-11 19:00:00+02:00,0.363571754321964
2025,CO2/CO/NOx,2025-07-11 20:00:00+02:00,0.3549918773894772
2025,CO2/CO/NOx,2025-07-11 21:00:00+02:00,0.34269129424259226
2025,CO2/CO/NOx,2025-07-11 22:00:00+02:00,0.33312465856631673
2025,CO2/CO/NOx,2025-07-11 23:00:00+02:00,0.32221997587424844
2025,CO2/CO/NOx,2025-07-12 00:00:00+02:00,0.3145472614629783
2025,CO2/CO/NOx,2025-07-12 01:00:00+02:00,0.31749616519587703
2025,CO2/CO/NOx,2025-07-12 02:00:00+02:00,0.32887074377601033
2025,CO2/CO/NOx,2025-07-12 03:00:00+02:00,0.34749250322962094
2025,CO2/CO/NOx,2025-07-12 04:00:00+02:00,0.362513279844278
2025,CO2/CO/NOx,2025-07-12 05:00:00+02:00,0.3763380649356455
2025,CO2/CO/NOx,2025-07-12 06:00:00+02:00,0.384046191481293
2025,CO2/CO/NOx,2025-07-12 07:00:00+02:00,0.38329549005943325
2025,CO2/CO/NOx,2025-07-12 08:00:00+02:00,0.3751409409782236
2025,CO2/CO/NOx,2025-07-12 09:00:00+02:00,0.36433494173115655
2025,CO2/CO/NOx,2025-07-12 10:00:00+02:00,0.3564300667929472
2025,CO2/CO/NOx,2025-07-12 11:00:00+02:00,0.35226093556876725
2025,CO2/CO/NOx,2025-07-12 12:00:00+02:00,0.35022065534621066
2025,CO2/CO/NOx,2025-07-12 13:00:00+02:00,0.35220022429314896
2025,CO2/CO/NOx,2025-07-12 14:00:00+02:00,0.35640545661063344
2025,CO2/CO/NOx,2025-07-12 15:00:00+02:00,0.36023000042281306
2025,CO2/CO/NOx,2025-07-12 16:00:00+02:00,0.36025641210091236
2025,CO2/CO/NOx,2025-07-12 17:00:00+02:00,0.3598367015734067
2025,CO2/CO/NOx,2025-07-12 18:00:00+02:00,0.36111271009066637
2025,CO2/CO/NOx,2025-07-12 19:00:00+02:00,0.35748196093936413
2025,CO2/CO/NOx,2025-07-12 20:00:00+02:00,0.35033821628680206
2025,CO2/CO/NOx,2025-07-12 21:00:00+02:00,0.34064017372018973
2025,CO2/CO/NOx,2025-07-12 22:00:00+02:00,0.33065490888324356
2025,CO2/CO/NOx,2025-07-12 23:00:00+02:00,0.324497200159354
2025,CO2/CO/NOx,2025-07-13 00:00:00+02:00,0.3164902517984637
2025,CO2/CO/NOx,2025-07-13 01:00:00+02:00,0.31268813648106897
2025,CO2/CO/NOx,2025-07-13 02:00:00+02:00,0.3194087276875469
2025,CO2/CO/NOx,2025-07-13 03:00:00+02:00,0.3289409689144561
2025,CO2/CO/NOx,2025-07-13 04:00:00+02:00,0.33644328394191536
2025,CO2/CO/NOx,2025-07-13 05:00:00+02:00,0.3442176921957714
2025,CO2/CO/NOx,2025-07-13 06:00:00+02:00,0.348905875736352
2025,CO2/CO/NOx,2025-07-13 07:00:00+02:00,0.351089019237049
2025,CO2/CO/NOx,2025-07-13 08:00:00+02:00,0.351847187332299
2025,CO2/CO/NOx,2025-07-13 09:00:00+02:00,0.34601323368419146
2025,CO2/CO/NOx,2025-07-13 10:00:00+02:00,0.34336353303747574
2025,CO2/CO/NOx,2025-07-13 11:00:00+02:00,0.3422076013226592
2025,CO2/CO/NOx,2025-07-13 12:00:00+02:00,0.3381273574700778
2025,CO2/CO/NOx,2025-07-13 13:00:00+02:00,0.3388219204882508
2025,CO2/CO/NOx,2025-07-13 14:00:00+02:00,0.3445833803919154
2025,CO2/CO/NOx,2025-07-13 15:00:00+02:00,0.34853165796728014
2025,CO2/CO/NOx,2025-07-13 16:00:00+02:00,0.3509192749708148
2025,CO2/CO/NOx,2025-07-13 17:00:00+02:00,0.3514903126578687
2025,CO2/CO/NOx,2025-07-13 18:00:00+02:00,0.35139859958446346
2025,CO2/CO/NOx,2025-07-13 19:00:00+02:00,0.3485931778768759
2025,CO2/CO/NOx,2025-07-13 20:00:00+02:00,0.3405168890843302
2025,CO2/CO/NOx,2025-07-13 21:00:00+02:00,0.32969412041884316
2025,CO2/CO/NOx,2025-07-13 22:00:00+02:00,0.31933938264837447
2025,CO2/CO/NOx,2025-07-13 23:00:00+02:00,0.3112000921403863
2025,CO2/CO/NOx,2025-07-14 00:00:00+02:00,0.29738905654220593
2025,CO2/CO/NOx,2025-07-14 01:00:00+02:00,0.2915621480869141
2025,CO2/CO/NOx,2025-07-14 02:00:00+02:00,0.29406706607097655
2025,CO2/CO/NOx,2025-07-14 03:00:00+02:00,0.3007560461699889
2025,CO2/CO/NOx,2025-07-14 04:00:00+02:00,0.3140493234867824
2025,CO2/CO/NOx,2025-07-14 05:00:00+02:00,0.3266912019290575
2025,CO2/CO/NOx,2025-07-14 06:00:00+02:00,0.3383386460470427
2025,CO2/CO/NOx,2025-07-14 07:00:00+02:00,0.3451957694304375
2025,CO2/CO/NOx,2025-07-14 08:00:00+02:00,0.3494976643890193
2025,CO2/CO/NOx,2025-07-14 09:00:00+02:00,0.346833481985289
2025,CO2/CO/NOx,2025-07-14 10:00:00+02:00,0.34837677612167905
2025,CO2/CO/NOx,2025-07-14 11:00:00+02:00,0.3493378490710453
2025,CO2/CO/NOx,2025-07-14 12:00:00+02:00,0.34637294678992236
2025,CO2/CO/NOx,2025-07-14 13:00:00+02:00,0.34607245406309095
2025,CO2/CO/NOx,2025-07-14 14:00:00+02:00,0.34448641034796307
2025,CO2/CO/NOx,2025-07-14 15:00:00+02:00,0.34287782321255256
2025,CO2/CO/NOx,2025-07-14 16:00:00+02:00,0.33981116743622336
2025,CO2/CO/NOx,2025-07-14 17:00:00+02:00,0.339691683022748
2025,CO2/CO/NOx,2025-07-14 18:00:00+02:00,0.3420270266085739
2025,CO2/CO/NOx,2025-07-14 19:00:00+02:00,0.3408780649115401
2025,CO2/CO/NOx,2025-07-14 20:00:00+02:00,0.33685719369063616
2025,CO2/CO/NOx,2025-07-14 21:00:00+02:00,0.3326994100832791
2025,CO2/CO/NOx,2025-07-14 22:00:00+02:00,0.3291818671367776
2025,CO2/CO/NOx,2025-07-14 23:00:00+02:00,0.32410889939686505
2025,CO2/CO/NOx,2025-07-15 00:00:00+02:00,0.3122597035028602
2025,CO2/CO/NOx,2025-07-15 01:00:00+02:00,0.30770737684710503
2025,CO2/CO/NOx,2025-07-15 02:00:00+02:00,0.3107773442174787
2025,CO2/CO/NOx,2025-07-15 03:00:00+02:00,0.3198955079587115
2025,CO2/CO/NOx,2025-07-15 04:00:00+02:00,0.32868842638691037
2025,CO2/CO/NOx,2025-07-15 05:00:00+02:00,0.339009353280876
2025,CO2/CO/NOx,2025-07-15 06:00:00+02:00,0.3514496920623651
2025,CO2/CO/NOx,2025-07-15 07:00:00+02:00,0.3597942802709459
2025,CO2/CO/NOx,2025-07-15 08:00:00+02:00,0.3610711518554053
2025,CO2/CO/NOx,2025-07-15 09:00:00+02:00,0.3533387641057592
2025,CO2/CO/NOx,2025-07-15 10:00:00+02:00,0.35026692933204445
2025,CO2/CO/NOx,2025-07-15 11:00:00+02:00,0.34787619246407164
2025,CO2/CO/NOx,2025-07-15 12:00:00+02:00,0.34663539762019496
2025,CO2/CO/NOx,2025-07-15 13:00:00+02:00,0.34795548662136083
2025,CO2/CO/NOx,2025-07-15 14:00:00+02:00,0.34933352009499696
2025,CO2/CO/NOx,2025-07-15 15:00:00+02:00,0.35126839858534437
2025,CO2/CO/NOx,2025-07-15 16:00:00+02:00,0.35270107371079185
2025,CO2/CO/NOx,2025-07-15 17:00:00+02:00,0.35344360059590174
2025,CO2/CO/NOx,2025-07-15 18:00:00+02:00,0.3547093670290506
2025,CO2/CO/NOx,2025-07-15 19:00:00+02:00,0.34997032518936055
2025,CO2/CO/NOx,2025-07-15 20:00:00+02:00,0.341328938829658
2025,CO2/CO/NOx,2025-07-15 21:00:00+02:00,0.3292845867411112
2025,CO2/CO/NOx,2025-07-15 22:00:00+02:00,0.3176185318111436
2025,CO2/CO/NOx,2025-07-15 23:00:00+02:00,0.30791322093914325
2025,CO2/CO/NOx,2025-07-16 00:00:00+02:00,0.29770404815684065
2025,CO2/CO/NOx,2025-07-16 01:00:00+02:00,0.29924102708893147
2025,CO2/CO/NOx,2025-07-16 02:00:00+02:00,0.3108500077288897
2025,CO2/CO/NOx,2025-07-16 03:00:00+02:00,0.32788767812700104
2025,CO2/CO/NOx,2025-07-16 04:00:00+02:00,0.34176642194272405
2025,CO2/CO/NOx,2025-07-16 05:00:00+02:00,0.35315778229301326
2025,CO2/CO/NOx,2025-07-16 06:00:00+02:00,0.36187154600210386
2025,CO2/CO/NOx,2025-07-16 07:00:00+02:00,0.36632405625673303
2025,CO2/CO/NOx,2025-07-16 08:00:00+02:00,0.3641984650008228
2025,CO2/CO/NOx,2025-07-16 09:00:00+02:00,0.3539081277629612
2025,CO2/CO/NOx,2025-07-16 10:00:00+02:00,0.34883352316791877
2025,CO2/CO/NOx,2025-07-16 11:00:00+02:00,0.34546867540930015
2025,CO2/CO/NOx,2025-07-16 12:00:00+02:00,0.3419836452309911
2025,CO2/CO/NOx,2025-07-16 13:00:00+02:00,0.3422315874087434
2025,CO2/CO/NOx,2025-07-16 14:00:00+02:00,0.3441802671793725
2025,CO2/CO/NOx,2025-07-16 15:00:00+02:00,0.3473667507492514
2025,CO2/CO/NOx,2025-07-16 16:00:00+02:00,0.34972642873882226
2025,CO2/CO/NOx,2025-07-16 17:00:00+02:00,0.3529513274539041
2025,CO2/CO/NOx,2025-07-16 18:00:00+02:00,0.3569178077494353
2025,CO2/CO/NOx,2025-07-16 19:00:00+02:00,0.363640808570604
2025,CO2/CO/NOx,2025-07-16 20:00:00+02:00,0.3678133033649215
2025,CO2/CO/NOx,2025-07-16 21:00:00+02:00,0.3698918555154558
2025,CO2/CO/NOx,2025-07-16 22:00:00+02:00,0.3647847845055033
2025,CO2/CO/NOx,2025-07-16 23:00:00+02:00,0.35892049847974083
2025,CO2/CO/NOx,2025-07-17 00:00:00+02:00,0.345843187513835
2025,CO2/CO/NOx,2025-07-17 01:00:00+02:00,0.34655414263571205
2025,CO2/CO/NOx,2025-07-17 02:00:00+02:00,0.35133799610059424
2025,CO2/CO/NOx,2025-07-17 03:00:00+02:00,0.36407485034298176
2025,CO2/CO/NOx,2025-07-17 04:00:00+02:00,0.38640535668662923
2025,CO2/CO/NOx,2025-07-17 05:00:00+02:00,0.41359715371190664
2025,CO2/CO/NOx,2025-07-17 06:00:00+02:00,0.4402126908300266
2025,CO2/CO/NOx,2025-07-17 07:00:00+02:00,0.45409053999489307
2025,CO2/CO/NOx,2025-07-17 08:00:00+02:00,0.4587379171614238
2025,CO2/CO/NOx,2025-07-17 09:00:00+02:00,0.4500570908104279
2025,CO2/CO/NOx,2025-07-17 10:00:00+02:00,0.44233981281178814
2025,CO2/CO/NOx,2025-07-17 11:00:00+02:00,0.4249680027051695
2025,CO2/CO/NOx,2025-07-17 12:00:00+02:00,0.40657530206247294
2025,CO2/CO/NOx,2025-07-17 13:00:00+02:00,0.3886842151532171
2025,CO2/CO/NOx,2025-07-17 14:00:00+02:00,0.37600688683147543
2025,CO2/CO/NOx,2025-07-17 15:00:00+02:00,0.36455231912283464
2025,CO2/CO/NOx,2025-07-17 16:00:00+02:00,0.353350569157905
2025,CO2/CO/NOx,2025-07-17 17:00:00+02:00,0.35279110898481697
2025,CO2/CO/NOx,2025-07-17 18:00:00+02:00,0.3606548368775251
2025,CO2/CO/NOx,2025-07-17 19:00:00+02:00,0.36432610031799956
2025,CO2/CO/NOx,2025-07-17 20:00:00+02:00,0.36761087146087845
2025,CO2/CO/NOx,2025-07-17 21:00:00+02:00,0.36624944634757606
2025,CO2/CO/NOx,2025-07-17 22:00:00+02:00,0.3595863284544915
2025,CO2/CO/NOx,2025-07-17 23:00:00+02:00,0.34811364413852414
2025,CO2/CO/NOx,2025-07-18 00:00:00+02:00,0.32772748309216676
2025,CO2/CO/NOx,2025-07-18 01:00:00+02:00,0.3170101775174733
2025,CO2/CO/NOx,2025-07-18 02:00:00+02:00,0.32223079724498277
2025,CO2/CO/NOx,2025-07-18 03:00:00+02:00,0.33168995841791793
2025,CO2/CO/NOx,2025-07-18 04:00:00+02:00,0.34093744558730343
2025,CO2/CO/NOx,2025-07-18 05:00:00+02:00,0.3525130462218029
2025,CO2/CO/NOx,2025-07-18 06:00:00+02:00,0.36415903984015435
2025,CO2/CO/NOx,2025-07-18 07:00:00+02:00,0.37077602058988124
2025,CO2/CO/NOx,2025-07-18 08:00:00+02:00,0.3701080850691353
2025,CO2/CO/NOx,2025-07-18 09:00:00+02:00,0.3610211564814843
2025,CO2/CO/NOx,2025-07-18 10:00:00+02:00,0.35524267148701627
2025,CO2/CO/NOx,2025-07-18 11:00:00+02:00,0.34928474667970427
2025,CO2/CO/NOx,2025-07-18 12:00:00+02:00,0.34270666252474924
2025,CO2/CO/NOx,2025-07-18 13:00:00+02:00,0.3404347271831597
2025,CO2/CO/NOx,2025-07-18 14:00:00+02:00,0.33974711141840563
2025,CO2/CO/NOx,2025-07-18 15:00:00+02:00,0.3403741869553045
2025,CO2/CO/NOx,2025-07-18 16:00:00+02:00,0.3405784865610989
2025,CO2/CO/NOx,2025-07-18 17:00:00+02:00,0.34132329755183294
2025,CO2/CO/NOx,2025-07-18 18:00:00+02:00,0.34593598881132614
2025,CO2/CO/NOx,2025-07-18 19:00:00+02:00,0.3448180618430685
2025,CO2/CO/NOx,2025-07-18 20:00:00+02:00,0.3414633635986347
2025,CO2/CO/NOx,2025-07-18 21:00:00+02:00,0.3331448184454128
2025,CO2/CO/NOx,2025-07-18 22:00:00+02:00,0.3246549410775461
2025,CO2/CO/NOx,2025-07-18 23:00:00+02:00,0.31716866982079667
2025,CO2/CO/NOx,2025-07-19 00:00:00+02:00,0.31104763950891656
2025,CO2/CO/NOx,2025-07-19 01:00:00+02:00,0.31629433810429436
2025,CO2/CO/NOx,2025-07-19 02:00:00+02:00,0.3274045323623353
2025,CO2/CO/NOx,2025-07-19 03:00:00+02:00,0.34741353854365675
2025,CO2/CO/NOx,2025-07-19 04:00:00+02:00,0.36323575744520625
2025,CO2/CO/NOx,2025-07-19 05:00:00+02:00,0.3789155592753739
2025,CO2/CO/NOx,2025-07-19 06:00:00+02:00,0.38345977007053683
2025,CO2/CO/NOx,2025-07-19 07:00:00+02:00,0.38148532632726595
2025,CO2/CO/NOx,2025-07-19 08:00:00+02:00,0.3718636981586678
2025,CO2/CO/NOx,2025-07-19 09:00:00+02:00,0.3564264844423602
2025,CO2/CO/NOx,2025-07-19 10:00:00+02:00,0.351453547971211
2025,CO2/CO/NOx,2025-07-19 11:00:00+02:00,0.3479210125394226
2025,CO2/CO/NOx,2025-07-19 12:00:00+02:00,0.35052695241024745
2025,CO2/CO/NOx,2025-07-19 13:00:00+02:00,0.3531621358656386
2025,CO2/CO/NOx,2025-07-19 14:00:00+02:00,0.3603926385822381
2025,CO2/CO/NOx,2025-07-19 15:00:00+02:00,0.3639799446093519
2025,CO2/CO/NOx,2025-07-19 16:00:00+02:00,0.3633321444771219
2025,CO2/CO/NOx,2025-07-19 17:00:00+02:00,0.357740444558916
2025,CO2/CO/NOx,2025-07-19 18:00:00+02:00,0.3520627587668474
2025,CO2/CO/NOx,2025-07-19 19:00:00+02:00,0.3488605465987137
2025,CO2/CO/NOx,2025-07-19 20:00:00+02:00,0.3405585521739054
2025,CO2/CO/NOx,2025-07-19 21:00:00+02:00,0.33001244673289143
2025,CO2/CO/NOx,2025-07-19 22:00:00+02:00,0.31804942592319485
2025,CO2/CO/NOx,2025-07-19 23:00:00+02:00,0.3106805161449191
2025,CO2/CO/NOx,2025-07-20 00:00:00+02:00,0.30256724495470444
2025,CO2/CO/NOx,2025-07-20 01:00:00+02:00,0.30064360545261465
2025,CO2/CO/NOx,2025-07-20 02:00:00+02:00,0.30583377932678235
2025,CO2/CO/NOx,2025-07-20 03:00:00+02:00,0.3109894194904944
2025,CO2/CO/NOx,2025-07-20 04:00:00+02:00,0.3179292181101946
2025,CO2/CO/NOx,2025-07-20 05:00:00+02:00,0.3248245933213099
2025,CO2/CO/NOx,2025-07-20 06:00:00+02:00,0.3295407806511937
2025,CO2/CO/NOx,2025-07-20 07:00:00+02:00,0.333473736407151
2025,CO2/CO/NOx,2025-07-20 08:00:00+02:00,0.3347494497645375
2025,CO2/CO/NOx,2025-07-20 09:00:00+02:00,0.33310044553140467
2025,CO2/CO/NOx,2025-07-20 10:00:00+02:00,0.3356442188410854
2025,CO2/CO/NOx,2025-07-20 11:00:00+02:00,0.33774707478706345
2025,CO2/CO/NOx,2025-07-20 12:00:00+02:00,0.33445863761503697
2025,CO2/CO/NOx,2025-07-20 13:00:00+02:00,0.33504552472131605
2025,CO2/CO/NOx,2025-07-20 14:00:00+02:00,0.33678011502961475
2025,CO2/CO/NOx,2025-07-20 15:00:00+02:00,0.3383982319671446
2025,CO2/CO/NOx,2025-07-20 16:00:00+02:00,0.34048001486051366
2025,CO2/CO/NOx,2025-07-20 17:00:00+02:00,0.341204759517115
2025,CO2/CO/NOx,2025-07-20 18:00:00+02:00,0.34279959469502164
2025,CO2/CO/NOx,2025-07-20 19:00:00+02:00,0.34000442462386576
2025,CO2/CO/NOx,2025-07-20 20:00:00+02:00,0.33360534888921345
2025,CO2/CO/NOx,2025-07-20 21:00:00+02:00,0.32595361560868985
2025,CO2/CO/NOx,2025-07-20 22:00:00+02:00,0.3168360093453633
2025,CO2/CO/NOx,2025-07-20 23:00:00+02:00,0.3105236137379813
2025,CO2/CO/NOx,2025-07-21 00:00:00+02:00,0.3036427629110199
2025,CO2/CO/NOx,2025-07-21 01:00:00+02:00,0.30263145500399835
2025,CO2/CO/NOx,2025-07-21 02:00:00+02:00,0.30525325095962336
2025,CO2/CO/NOx,2025-07-21 03:00:00+02:00,0.3127856322497556
2025,CO2/CO/NOx,2025-07-21 04:00:00+02:00,0.3218228430063751
2025,CO2/CO/NOx,2025-07-21 05:00:00+02:00,0.3326219379975751
2025,CO2/CO/NOx,2025-07-21 06:00:00+02:00,0.3460403072273197
2025,CO2/CO/NOx,2025-07-21 07:00:00+02:00,0.35493208932744374
2025,CO2/CO/NOx,2025-07-21 08:00:00+02:00,0.35784337039668707
2025,CO2/CO/NOx,2025-07-21 09:00:00+02:00,0.356015353919843
2025,CO2/CO/NOx,2025-07-21 10:00:00+02:00,0.3559652988755616
2025,CO2/CO/NOx,2025-07-21 11:00:00+02:00,0.3544669013490731
2025,CO2/CO/NOx,2025-07-21 12:00:00+02:00,0.354297813529939
2025,CO2/CO/NOx,2025-07-21 13:00:00+02:00,0.3553919638646417
2025,CO2/CO/NOx,2025-07-21 14:00:00+02:00,0.35765530834073317
2025,CO2/CO/NOx,2025-07-21 15:00:00+02:00,0.3622365247623091
2025,CO2/CO/NOx,2025-07-21 16:00:00+02:00,0.3604559893009045
2025,CO2/CO/NOx,2025-07-21 17:00:00+02:00,0.3546641842495098
2025,CO2/CO/NOx,2025-07-21 18:00:00+02:00,0.35415583606729
2025,CO2/CO/NOx,2025-07-21 19:00:00+02:00,0.34981326290968195
2025,CO2/CO/NOx,2025-07-21 20:00:00+02:00,0.3433136294271064
2025,CO2/CO/NOx,2025-07-21 21:00:00+02:00,0.33563616113590455
2025,CO2/CO/NOx,2025-07-21 22:00:00+02:00,0.32689073076820074
2025,CO2/CO/NOx,2025-07-21 23:00:00+02:00,0.32042040238096486
2025,CO2/CO/NOx,2025-07-22 00:00:00+02:00,0.3108607136884019
2025,CO2/CO/NOx,2025-07-22 01:00:00+02:00,0.3072906833504563
2025,CO2/CO/NOx,2025-07-22 02:00:00+02:00,0.31217467533386534
2025,CO2/CO/NOx,2025-07-22 03:00:00+02:00,0.32229928020362436
2025,CO2/CO/NOx,2025-07-22 04:00:00+02:00,0.33067775945260036
2025,CO2/CO/NOx,2025-07-22 05:00:00+02:00,0.34071530722021737
2025,CO2/CO/NOx,2025-07-22 06:00:00+02:00,0.35166573039156446
2025,CO2/CO/NOx,2025-07-22 07:00:00+02:00,0.3587691403272695
2025,CO2/CO/NOx,2025-07-22 08:00:00+02:00,0.36246387996653384
2025,CO2/CO/NOx,2025-07-22 09:00:00+02:00,0.35746508374275254
2025,CO2/CO/NOx,2025-07-22 10:00:00+02:00,0.35642137472628377
2025,CO2/CO/NOx,2025-07-22 11:00:00+02:00,0.354248792060617
2025,CO2/CO/NOx,2025-07-22 12:00:00+02:00,0.3488279976623079
2025,CO2/CO/NOx,2025-07-22 13:00:00+02:00,0.3444401745671747
2025,CO2/CO/NOx,2025-07-22 14:00:00+02:00,0.3421573763458058
2025,CO2/CO/NOx,2025-07-22 15:00:00+02:00,0.3411068796268054
2025,CO2/CO/NOx,2025-07-22 16:00:00+02:00,0.3396819946288195
2025,CO2/CO/NOx,2025-07-22 17:00:00+02:00,0.3393027481101424
2025,CO2/CO/NOx,2025-07-22 18:00:00+02:00,0.3435038332698576
2025,CO2/CO/NOx,2025-07-22 19:00:00+02:00,0.34296605804006297
2025,CO2/CO/NOx,2025-07-22 20:00:00+02:00,0.33823945004073613
2025,CO2/CO/NOx,2025-07-22 21:00:00+02:00,0.32929253296050864
2025,CO2/CO/NOx,2025-07-22 22:00:00+02:00,0.3235841135569676
2025,CO2/CO/NOx,2025-07-22 23:00:00+02:00,0.31887561511996654
2025,CO2/CO/NOx,2025-07-23 00:00:00+02:00,0.30942973503441207
2025,CO2/CO/NOx,2025-07-23 01:00:00+02:00,0.3117321172329449
2025,CO2/CO/NOx,2025-07-23 02:00:00+02:00,0.3223771905506219
2025,CO2/CO/NOx,2025-07-23 03:00:00+02:00,0.3420924425854502
2025,CO2/CO/NOx,2025-07-23 04:00:00+02:00,0.35643051461296105
2025,CO2/CO/NOx,2025-07-23 05:00:00+02:00,0.3660772237662554
2025,CO2/CO/NOx,2025-07-23 06:00:00+02:00,0.3715848347838946
2025,CO2/CO/NOx,2025-07-23 07:00:00+02:00,0.37390992925070793
2025,CO2/CO/NOx,2025-07-23 08:00:00+02:00,0.36820320939063145
2025,CO2/CO/NOx,2025-07-23 09:00:00+02:00,0.35544649419873897
2025,CO2/CO/NOx,2025-07-23 10:00:00+02:00,0.35163917783465465
2025,CO2/CO/NOx,2025-07-23 11:00:00+02:00,0.3497218781722897
2025,CO2/CO/NOx,2025-07-23 12:00:00+02:00,0.3505790651460301
2025,CO2/CO/NOx,2025-07-23 13:00:00+02:00,0.35328341805581914
2025,CO2/CO/NOx,2025-07-23 14:00:00+02:00,0.3556949153813935
2025,CO2/CO/NOx,2025-07-23 15:00:00+02:00,0.3569029185735938
2025,CO2/CO/NOx,2025-07-23 16:00:00+02:00,0.35472687587962376
2025,CO2/CO/NOx,2025-07-23 17:00:00+02:00,0.3507970935171813
2025,CO2/CO/NOx,2025-07-23 18:00:00+02:00,0.35084681741854234
2025,CO2/CO/NOx,2025-07-23 19:00:00+02:00,0.34691447553333443
2025,CO2/CO/NOx,2025-07-23 20:00:00+02:00,0.338746363836105
2025,CO2/CO/NOx,2025-07-23 21:00:00+02:00,0.3299288471457564
2025,CO2/CO/NOx,2025-07-23 22:00:00+02:00,0.32287514834539394
2025,CO2/CO/NOx,2025-07-23 23:00:00+02:00,0.31652451942950655
2025,CO2/CO/NOx,2025-07-24 00:00:00+02:00,0.3051912525065995
2025,CO2/CO/NOx,2025-07-24 01:00:00+02:00,0.30505142122853535
2025,CO2/CO/NOx,2025-07-24 02:00:00+02:00,0.31238722809441866
2025,CO2/CO/NOx,2025-07-24 03:00:00+02:00,0.32712596369994135
2025,CO2/CO/NOx,2025-07-24 04:00:00+02:00,0.340102998975121
2025,CO2/CO/NOx,2025-07-24 05:00:00+02:00,0.35343139222386394
2025,CO2/CO/NOx,2025-07-24 06:00:00+02:00,0.3659326318847942
2025,CO2/CO/NOx,2025-07-24 07:00:00+02:00,0.3764528554685021
2025,CO2/CO/NOx,2025-07-24 08:00:00+02:00,0.38393258035672817
2025,CO2/CO/NOx,2025-07-24 09:00:00+02:00,0.38043532306232486
2025,CO2/CO/NOx,2025-07-24 10:00:00+02:00,0.3804169640852536
2025,CO2/CO/NOx,2025-07-24 11:00:00+02:00,0.37715887716065627
2025,CO2/CO/NOx,2025-07-24 12:00:00+02:00,0.36851539015418655
2025,CO2/CO/NOx,2025-07-24 13:00:00+02:00,0.3631779660890555
2025,CO2/CO/NOx,2025-07-24 14:00:00+02:00,0.3615130697846026
2025,CO2/CO/NOx,2025-07-24 15:00:00+02:00,0.36420875896546445
2025,CO2/CO/NOx,2025-07-24 16:00:00+02:00,0.3699642055893568
2025,CO2/CO/NOx,2025-07-24 17:00:00+02:00,0.3783035111395235
2025,CO2/CO/NOx,2025-07-24 18:00:00+02:00,0.38744363556500605
2025,CO2/CO/NOx,2025-07-24 19:00:00+02:00,0.39099414748525674
2025,CO2/CO/NOx,2025-07-24 20:00:00+02:00,0.3867914528957575
2025,CO2/CO/NOx,2025-07-24 21:00:00+02:00,0.37327101508073995
2025,CO2/CO/NOx,2025-07-24 22:00:00+02:00,0.35899084009555143
2025,CO2/CO/NOx,2025-07-24 23:00:00+02:00,0.3450536544239772
2025,CO2/CO/NOx,2025-07-25 00:00:00+02:00,0.32875658148885417
2025,CO2/CO/NOx,2025-07-25 01:00:00+02:00,0.3213800904110574
2025,CO2/CO/NOx,2025-07-25 02:00:00+02:00,0.32379912836263103
2025,CO2/CO/NOx,2025-07-25 03:00:00+02:00,0.33939399503501416
2025,CO2/CO/NOx,2025-07-25 04:00:00+02:00,0.354419136844103
2025,CO2/CO/NOx,2025-07-25 05:00:00+02:00,0.3677574687235455
2025,CO2/CO/NOx,2025-07-25 06:00:00+02:00,0.38038381458868775
2025,CO2/CO/NOx,2025-07-25 07:00:00+02:00,0.3880424964063944
2025,CO2/CO/NOx,2025-07-25 08:00:00+02:00,0.38998227335956454
2025,CO2/CO/NOx,2025-07-25 09:00:00+02:00,0.38352796940767714
2025,CO2/CO/NOx,2025-07-25 10:00:00+02:00,0.38021687246880226
2025,CO2/CO/NOx,2025-07-25 11:00:00+02:00,0.3767305326660549
2025,CO2/CO/NOx,2025-07-25 12:00:00+02:00,0.37357859894740963
2025,CO2/CO/NOx,2025-07-25 13:00:00+02:00,0.3692325761425532
2025,CO2/CO/NOx,2025-07-25 14:00:00+02:00,0.3650704728449435
2025,CO2/CO/NOx,2025-07-25 15:00:00+02:00,0.36402334667183367
2025,CO2/CO/NOx,2025-07-25 16:00:00+02:00,0.3593275418970221
2025,CO2/CO/NOx,2025-07-25 17:00:00+02:00,0.35710056261236484
2025,CO2/CO/NOx,2025-07-25 18:00:00+02:00,0.36208703125481145
2025,CO2/CO/NOx,2025-07-25 19:00:00+02:00,0.36085039234304456
2025,CO2/CO/NOx,2025-07-25 20:00:00+02:00,0.3601143338371397
2025,CO2/CO/NOx,2025-07-25 21:00:00+02:00,0.3546696699008664
2025,CO2/CO/NOx,2025-07-25 22:00:00+02:00,0.3458968921647949
2025,CO2/CO/NOx,2025-07-25 23:00:00+02:00,0.33594735448667445
2025,CO2/CO/NOx,2025-07-26 00:00:00+02:00,0.32702004021215303
2025,CO2/CO/NOx,2025-07-26 01:00:00+02:00,0.32193688209375526
2025,CO2/CO/NOx,2025-07-26 02:00:00+02:00,0.3254761711753647
2025,CO2/CO/NOx,2025-07-26 03:00:00+02:00,0.3346983811453444
2025,CO2/CO/NOx,2025-07-26 04:00:00+02:00,0.3422444453112681
2025,CO2/CO/NOx,2025-07-26 05:00:00+02:00,0.35788873634423096
2025,CO2/CO/NOx,2025-07-26 06:00:00+02:00,0.37291103537733955
2025,CO2/CO/NOx,2025-07-26 07:00:00+02:00,0.38736601773282875
2025,CO2/CO/NOx,2025-07-26 08:00:00+02:00,0.39747853659814597
2025,CO2/CO/NOx,2025-07-26 09:00:00+02:00,0.4044772525449637
2025,CO2/CO/NOx,2025-07-26 10:00:00+02:00,0.41146940380484553
2025,CO2/CO/NOx,2025-07-26 11:00:00+02:00,0.41124350992836084
2025,CO2/CO/NOx,2025-07-26 12:00:00+02:00,0.40306405879723295
2025,CO2/CO/NOx,2025-07-26 13:00:00+02:00,0.39681922950605364
2025,CO2/CO/NOx,2025-07-26 14:00:00+02:00,0.39405942317602793
2025,CO2/CO/NOx,2025-07-26 15:00:00+02:00,0.39435153311195426
2025,CO2/CO/NOx,2025-07-26 16:00:00+02:00,0.3946207879047114
2025,CO2/CO/NOx,2025-07-26 17:00:00+02:00,0.39397274520812336
2025,CO2/CO/NOx,2025-07-26 18:00:00+02:00,0.39907097514083445
2025,CO2/CO/NOx,2025-07-26 19:00:00+02:00,0.40122590237387745
2025,CO2/CO/NOx,2025-07-26 20:00:00+02:00,0.3990323988613291
2025,CO2/CO/NOx,2025-07-26 21:00:00+02:00,0.39187620143757157
2025,CO2/CO/NOx,2025-07-26 22:00:00+02:00,0.38433181034992936
2025,CO2/CO/NOx,2025-07-26 23:00:00+02:00,0.3725269015700112
2025,CO2/CO/NOx,2025-07-27 00:00:00+02:00,0.36153850696081236
2025,CO2/CO/NOx,2025-07-27 01:00:00+02:00,0.35209391873763196
2025,CO2/CO/NOx,2025-07-27 02:00:00+02:00,0.35089245602635155
2025,CO2/CO/NOx,2025-07-27 03:00:00+02:00,0.3580575502575358
2025,CO2/CO/NOx,2025-07-27 04:00:00+02:00,0.36583123875289136
2025,CO2/CO/NOx,2025-07-27 05:00:00+02:00,0.37635380573692045
2025,CO2/CO/NOx,2025-07-27 06:00:00+02:00,0.3878712769254525
2025,CO2/CO/NOx,2025-07-27 07:00:00+02:00,0.39541769333017107
2025,CO2/CO/NOx,2025-07-27 08:00:00+02:00,0.3973941478187206
2025,CO2/CO/NOx,2025-07-27 09:00:00+02:00,0.3997746597979784
2025,CO2/CO/NOx,2025-07-27 10:00:00+02:00,0.40070442560670094
2025,CO2/CO/NOx,2025-07-27 11:00:00+02:00,0.3973544416201733
2025,CO2/CO/NOx,2025-07-27 12:00:00+02:00,0.3905100326857277
2025,CO2/CO/NOx,2025-07-27 13:00:00+02:00,0.3881258195371107
2025,CO2/CO/NOx,2025-07-27 14:00:00+02:00,0.3871349066159272
2025,CO2/CO/NOx,2025-07-27 15:00:00+02:00,0.39136700607097435
2025,CO2/CO/NOx,2025-07-27 16:00:00+02:00,0.3914904361604782
2025,CO2/CO/NOx,2025-07-27 17:00:00+02:00,0.39285592544754455
2025,CO2/CO/NOx,2025-07-27 18:00:00+02:00,0.39814361460026704
2025,CO2/CO/NOx,2025-07-27 19:00:00+02:00,0.39650677900881126
2025,CO2/CO/NOx,2025-07-27 20:00:00+02:00,0.3830321236995437
2025,CO2/CO/NOx,2025-07-27 21:00:00+02:00,0.36763263287639436
2025,CO2/CO/NOx,2025-07-27 22:00:00+02:00,0.3583576067209021
2025,CO2/CO/NOx,2025-07-27 23:00:00+02:00,0.35067158465664444
2025,CO2/CO/NOx,2025-07-28 00:00:00+02:00,0.3412113232188167
2025,CO2/CO/NOx,2025-07-28 01:00:00+02:00,0.3444569429789847
2025,CO2/CO/NOx,2025-07-28 02:00:00+02:00,0.35669266831244606
2025,CO2/CO/NOx,2025-07-28 03:00:00+02:00,0.3763756864634901
2025,CO2/CO/NOx,2025-07-28 04:00:00+02:00,0.392666078905168
2025,CO2/CO/NOx,2025-07-28 05:00:00+02:00,0.4030276534635529
2025,CO2/CO/NOx,2025-07-28 06:00:00+02:00,0.4145777586591386
2025,CO2/CO/NOx,2025-07-28 07:00:00+02:00,0.4233952258481118
2025,CO2/CO/NOx,2025-07-28 08:00:00+02:00,0.4259700038727703
2025,CO2/CO/NOx,2025-07-28 09:00:00+02:00,0.4194244133792716
2025,CO2/CO/NOx,2025-07-28 10:00:00+02:00,0.4194597926248765
2025,CO2/CO/NOx,2025-07-28 11:00:00+02:00,0.4187033643445791
2025,CO2/CO/NOx,2025-07-28 12:00:00+02:00,0.41392723969242456
2025,CO2/CO/NOx,2025-07-28 13:00:00+02:00,0.41273333300764037
2025,CO2/CO/NOx,2025-07-28 14:00:00+02:00,0.41227657274436325
2025,CO2/CO/NOx,2025-07-28 15:00:00+02:00,0.4161722321497019
2025,CO2/CO/NOx,2025-07-28 16:00:00+02:00,0.417050073357148
2025,CO2/CO/NOx,2025-07-28 17:00:00+02:00,0.42051597362005355
2025,CO2/CO/NOx,2025-07-28 18:00:00+02:00,0.42267161178837614
2025,CO2/CO/NOx,2025-07-28 19:00:00+02:00,0.41874879530471015
2025,CO2/CO/NOx,2025-07-28 20:00:00+02:00,0.4181184094326026
2025,CO2/CO/NOx,2025-07-28 21:00:00+02:00,0.4152743599276495
2025,CO2/CO/NOx,2025-07-28 22:00:00+02:00,0.41060672118457475
2025,CO2/CO/NOx,2025-07-28 23:00:00+02:00,0.4078042351889684
2025,CO2/CO/NOx,2025-07-29 00:00:00+02:00,0.3963103513009332
2025,CO2/CO/NOx,2025-07-29 01:00:00+02:00,0.3962979657998043
2025,CO2/CO/NOx,2025-07-29 02:00:00+02:00,0.41389368399886733
2025,CO2/CO/NOx,2025-07-29 03:00:00+02:00,0.44365723013725855
2025,CO2/CO/NOx,2025-07-29 04:00:00+02:00,0.4688874474406688
2025,CO2/CO/NOx,2025-07-29 05:00:00+02:00,0.4993121647614294
2025,CO2/CO/NOx,2025-07-29 06:00:00+02:00,0.5218273897798252
2025,CO2/CO/NOx,2025-07-29 07:00:00+02:00,0.5241806612646823
2025,CO2/CO/NOx,2025-07-29 08:00:00+02:00,0.5160481692007282
2025,CO2/CO/NOx,2025-07-29 09:00:00+02:00,0.4890997716441935
2025,CO2/CO/NOx,2025-07-29 10:00:00+02:00,0.4666540130598962
2025,CO2/CO/NOx,2025-07-29 11:00:00+02:00,0.4492139936302471
2025,CO2/CO/NOx,2025-07-29 12:00:00+02:00,0.44178719334247973
2025,CO2/CO/NOx,2025-07-29 13:00:00+02:00,0.43385297575082915
2025,CO2/CO/NOx,2025-07-29 14:00:00+02:00,0.43943390849636454
2025,CO2/CO/NOx,2025-07-29 15:00:00+02:00,0.44768420277463056
2025,CO2/CO/NOx,2025-07-29 16:00:00+02:00,0.449411761660768
2025,CO2/CO/NOx,2025-07-29 17:00:00+02:00,0.4512787116165571
2025,CO2/CO/NOx,2025-07-29 18:00:00+02:00,0.4588928694205538
2025,CO2/CO/NOx,2025-07-29 19:00:00+02:00,0.4542420558018928
2025,CO2/CO/NOx,2025-07-29 20:00:00+02:00,0.4379578940239572
2025,CO2/CO/NOx,2025-07-29 21:00:00+02:00,0.423815379372825
2025,CO2/CO/NOx,2025-07-29 22:00:00+02:00,0.4113316112474935
2025,CO2/CO/NOx,2025-07-29 23:00:00+02:00,0.40555935579749874
2025,CO2/CO/NOx,2025-07-30 00:00:00+02:00,0.40177792710249327
2025,CO2/CO/NOx,2025-07-30 01:00:00+02:00,0.41358785381950336
2025,CO2/CO/NOx,2025-07-30 02:00:00+02:00,0.44311570234270603
2025,CO2/CO/NOx,2025-07-30 03:00:00+02:00,0.4856274051919941
2025,CO2/CO/NOx,2025-07-30 04:00:00+02:00,0.5137961579821066
2025,CO2/CO/NOx,2025-07-30 05:00:00+02:00,0.5346149344944541
2025,CO2/CO/NOx,2025-07-30 06:00:00+02:00,0.5496055022165213
2025,CO2/CO/NOx,2025-07-30 07:00:00+02:00,0.5488701936694305
2025,CO2/CO/NOx,2025-07-30 08:00:00+02:00,0.5225514999160301
2025,CO2/CO/NOx,2025-07-30 09:00:00+02:00,0.4877396923066041
2025,CO2/CO/NOx,2025-07-30 10:00:00+02:00,0.46391712526783324
2025,CO2/CO/NOx,2025-07-30 11:00:00+02:00,0.44309160889295474
2025,CO2/CO/NOx,2025-07-30 12:00:00+02:00,0.4299581717469912
2025,CO2/CO/NOx,2025-07-30 13:00:00+02:00,0.42309325993107355
2025,CO2/CO/NOx,2025-07-30 14:00:00+02:00,0.42791651278112475
2025,CO2/CO/NOx,2025-07-30 15:00:00+02:00,0.4400921395357526
2025,CO2/CO/NOx,2025-07-30 16:00:00+02:00,0.4455863811785301
2025,CO2/CO/NOx,2025-07-30 17:00:00+02:00,0.4456426174892632
2025,CO2/CO/NOx,2025-07-30 18:00:00+02:00,0.4487357895034301
2025,CO2/CO/NOx,2025-07-30 19:00:00+02:00,0.4429459653768034
2025,CO2/CO/NOx,2025-07-30 20:00:00+02:00,0.4273963904593335
2025,CO2/CO/NOx,2025-07-30 21:00:00+02:00,0.4093850451908453
2025,CO2/CO/NOx,2025-07-30 22:00:00+02:00,0.39208943573568616
2025,CO2/CO/NOx,2025-07-30 23:00:00+02:00,0.3850000030789541
2025,CO2/CO/NOx,2025-07-31 00:00:00+02:00,0.38301300746347
2025,CO2/CO/NOx,2025-07-31 01:00:00+02:00,0.39993072302339955
2025,CO2/CO/NOx,2025-07-31 02:00:00+02:00,0.4353650253644679
2025,CO2/CO/NOx,2025-07-31 03:00:00+02:00,0.4825790059782948
2025,CO2/CO/NOx,2025-07-31 04:00:00+02:00,0.5176331468547221
2025,CO2/CO/NOx,2025-07-31 05:00:00+02:00,0.5416222060786792
2025,CO2/CO/NOx,2025-07-31 06:00:00+02:00,0.5497728035000022
2025,CO2/CO/NOx,2025-07-31 07:00:00+02:00,0.5363187415590595
2025,CO2/CO/NOx,2025-07-31 08:00:00+02:00,0.5067756062636057
2025,CO2/CO/NOx,2025-07-31 09:00:00+02:00,0.46479597533896005
2025,CO2/CO/NOx,2025-07-31 10:00:00+02:00,0.43676202077495024
2025,CO2/CO/NOx,2025-07-31 11:00:00+02:00,0.4106535069012156
2025,CO2/CO/NOx,2025-07-31 12:00:00+02:00,0.4052936881840716
2025,CO2/CO/NOx,2025-07-31 13:00:00+02:00,0.39846240365143826
2025,CO2/CO/NOx,2025-07-31 14:00:00+02:00,0.40465609572934264
2025,CO2/CO/NOx,2025-07-31 15:00:00+02:00,0.4110248691528682
2025,CO2/CO/NOx,2025-07-31 16:00:00+02:00,0.41712474336403854
2025,CO2/CO/NOx,2025-07-31 17:00:00+02:00,0.4157097960009058
2025,CO2/CO/NOx,2025-07-31 18:00:00+02:00,0.42035258301196005
2025,CO2/CO/NOx,2025-07-31 19:00:00+02:00,0.41545682653922816
2025,CO2/CO/NOx,2025-07-31 20:00:00+02:00,0.40034748023708233
2025,CO2/CO/NOx,2025-07-31 21:00:00+02:00,0.38890695131771724
2025,CO2/CO/NOx,2025-07-31 22:00:00+02:00,0.36716478810903436
2025,CO2/CO/NOx,2025-07-31 23:00:00+02:00,0.35385799762669107
2025,CO2/CO/NOx,2025-08-01 00:00:00+02:00,0.3390152417049951
2025,CO2/CO/NOx,2025-08-01 01:00:00+02:00,0.3463420871213712
2025,CO2/CO/NOx,2025-08-01 02:00:00+02:00,0.36260269237061815
2025,CO2/CO/NOx,2025-08-01 03:00:00+02:00,0.38818274951226106
2025,CO2/CO/NOx,2025-08-01 04:00:00+02:00,0.40390247937179824
2025,CO2/CO/NOx,2025-08-01 05:00:00+02:00,0.41150748478173327
2025,CO2/CO/NOx,2025-08-01 06:00:00+02:00,0.41705851470022115
2025,CO2/CO/NOx,2025-08-01 07:00:00+02:00,0.4115847383281234
2025,CO2/CO/NOx,2025-08-01 08:00:00+02:00,0.39974709732707264
2025,CO2/CO/NOx,2025-08-01 09:00:00+02:00,0.38419418776342923
2025,CO2/CO/NOx,2025-08-01 10:00:00+02:00,0.38288919605244437
2025,CO2/CO/NOx,2025-08-01 11:00:00+02:00,0.38868618990602477
2025,CO2/CO/NOx,2025-08-01 12:00:00+02:00,0.3951490025018675
2025,CO2/CO/NOx,2025-08-01 13:00:00+02:00,0.3965995557516987
2025,CO2/CO/NOx,2025-08-01 14:00:00+02:00,0.39317434945332447
2025,CO2/CO/NOx,2025-08-01 15:00:00+02:00,0.38864072526600113
2025,CO2/CO/NOx,2025-08-01 16:00:00+02:00,0.3791630101451946
2025,CO2/CO/NOx,2025-08-01 17:00:00+02:00,0.36874253101077636
2025,CO2/CO/NOx,2025-08-01 18:00:00+02:00,0.3694515140940235
2025,CO2/CO/NOx,2025-08-01 19:00:00+02:00,0.3660484889111721
2025,CO2/CO/NOx,2025-08-01 20:00:00+02:00,0.36619347511593897
2025,CO2/CO/NOx,2025-08-01 21:00:00+02:00,0.3699974446438078
2025,CO2/CO/NOx,2025-08-01 22:00:00+02:00,0.3776222600116611
2025,CO2/CO/NOx,2025-08-01 23:00:00+02:00,0.3864869381616195
2025,CO2/CO/NOx,2025-08-02 00:00:00+02:00,0.3909429517632613
2025,CO2/CO/NOx,2025-08-02 01:00:00+02:00,0.39371181232189734
2025,CO2/CO/NOx,2025-08-02 02:00:00+02:00,0.3949258300314313
2025,CO2/CO/NOx,2025-08-02 03:00:00+02:00,0.3960224087257211
2025,CO2/CO/NOx,2025-08-02 04:00:00+02:00,0.3891269538139137
2025,CO2/CO/NOx,2025-08-02 05:00:00+02:00,0.38873940888692204
2025,CO2/CO/NOx,2025-08-02 06:00:00+02:00,0.39386935510488774
2025,CO2/CO/NOx,2025-08-02 07:00:00+02:00,0.4067190511795275
2025,CO2/CO/NOx,2025-08-02 08:00:00+02:00,0.4180312786107649
2025,CO2/CO/NOx,2025-08-02 09:00:00+02:00,0.42505145636372504
2025,CO2/CO/NOx,2025-08-02 10:00:00+02:00,0.4329962506781687
2025,CO2/CO/NOx,2025-08-02 11:00:00+02:00,0.43387504303383906
2025,CO2/CO/NOx,2025-08-02 12:00:00+02:00,0.427613849962022
2025,CO2/CO/NOx,2025-08-02 13:00:00+02:00,0.4271423453372593
2025,CO2/CO/NOx,2025-08-02 14:00:00+02:00,0.4294541382107
2025,CO2/CO/NOx,2025-08-02 15:00:00+02:00,0.42942375077892886
2025,CO2/CO/NOx,2025-08-02 16:00:00+02:00,0.4337365155547657
2025,CO2/CO/NOx,2025-08-02 17:00:00+02:00,0.4374538767207622
2025,CO2/CO/NOx,2025-08-02 18:00:00+02:00,0.44336848604694673
2025,CO2/CO/NOx,2025-08-02 19:00:00+02:00,0.45500785133801364
2025,CO2/CO/NOx,2025-08-02 20:00:00+02:00,0.46412828012416707
2025,CO2/CO/NOx,2025-08-02 21:00:00+02:00,0.475104131087757
2025,CO2/CO/NOx,2025-08-02 22:00:00+02:00,0.49267374924802837
2025,CO2/CO/NOx,2025-08-02 23:00:00+02:00,0.5013340354825843
2025,CO2/CO/NOx,2025-08-03 00:00:00+02:00,0.5037148467080481
2025,CO2/CO/NOx,2025-08-03 01:00:00+02:00,0.5095486861989025
2025,CO2/CO/NOx,2025-08-03 02:00:00+02:00,0.5152193021444359
2025,CO2/CO/NOx,2025-08-03 03:00:00+02:00,0.5221675669520718
2025,CO2/CO/NOx,2025-08-03 04:00:00+02:00,0.5349322309799519
2025,CO2/CO/NOx,2025-08-03 05:00:00+02:00,0.5457702920329358
2025,CO2/CO/NOx,2025-08-03 06:00:00+02:00,0.5623580657978697
2025,CO2/CO/NOx,2025-08-03 07:00:00+02:00,0.5752445807136459
2025,CO2/CO/NOx,2025-08-03 08:00:00+02:00,0.5712964957744353
2025,CO2/CO/NOx,2025-08-03 09:00:00+02:00,0.5642150366583464
2025,CO2/CO/NOx,2025-08-03 10:00:00+02:00,0.5528125116752338
2025,CO2/CO/NOx,2025-08-03 11:00:00+02:00,0.5452416872047496
2025,CO2/CO/NOx,2025-08-03 12:00:00+02:00,0.5372246697838281
2025,CO2/CO/NOx,2025-08-03 13:00:00+02:00,0.5322255296201739
2025,CO2/CO/NOx,2025-08-03 14:00:00+02:00,0.5260608164597448
2025,CO2/CO/NOx,2025-08-03 15:00:00+02:00,0.5284865998099223
2025,CO2/CO/NOx,2025-08-03 16:00:00+02:00,0.5198578917981548
2025,CO2/CO/NOx,2025-08-03 17:00:00+02:00,0.5042869539723946
2025,CO2/CO/NOx,2025-08-03 18:00:00+02:00,0.49443260960220026
2025,CO2/CO/NOx,2025-08-03 19:00:00+02:00,0.4834447129126954
2025,CO2/CO/NOx,2025-08-03 20:00:00+02:00,0.47136123395851803
2025,CO2/CO/NOx,2025-08-03 21:00:00+02:00,0.45830170070871873
2025,CO2/CO/NOx,2025-08-03 22:00:00+02:00,0.4451071595470365
2025,CO2/CO/NOx,2025-08-03 23:00:00+02:00,0.4348554723243275
2025,CO2/CO/NOx,2025-08-04 00:00:00+02:00,0.42499734855137883
2025,CO2/CO/NOx,2025-08-04 01:00:00+02:00,0.41678075437442735
2025,CO2/CO/NOx,2025-08-04 02:00:00+02:00,0.422580038318263
2025,CO2/CO/NOx,2025-08-04 03:00:00+02:00,0.4460253377902517
2025,CO2/CO/NOx,2025-08-04 04:00:00+02:00,0.4713591703320659
2025,CO2/CO/NOx,2025-08-04 05:00:00+02:00,0.49146576932897523
2025,CO2/CO/NOx,2025-08-04 06:00:00+02:00,0.5116753307612255
2025,CO2/CO/NOx,2025-08-04 07:00:00+02:00,0.5227506814704536
2025,CO2/CO/NOx,2025-08-04 08:00:00+02:00,0.5198578035575724
2025,CO2/CO/NOx,2025-08-04 09:00:00+02:00,0.5015617555473065
2025,CO2/CO/NOx,2025-08-04 10:00:00+02:00,0.48366802866094033
2025,CO2/CO/NOx,2025-08-04 11:00:00+02:00,0.4707329849455236
2025,CO2/CO/NOx,2025-08-04 12:00:00+02:00,0.46157656349197457
2025,CO2/CO/NOx,2025-08-04 13:00:00+02:00,0.44946069487021306
2025,CO2/CO/NOx,2025-08-04 14:00:00+02:00,0.44106926251145107
2025,CO2/CO/NOx,2025-08-04 15:00:00+02:00,0.4333210447441883
2025,CO2/CO/NOx,2025-08-04 16:00:00+02:00,0.4273298390740776
2025,CO2/CO/NOx,2025-08-04 17:00:00+02:00,0.41819144558982296
2025,CO2/CO/NOx,2025-08-04 18:00:00+02:00,0.41846675466459843
2025,CO2/CO/NOx,2025-08-04 19:00:00+02:00,0.41839245105516076
2025,CO2/CO/NOx,2025-08-04 20:00:00+02:00,0.41759523233357515
2025,CO2/CO/NOx,2025-08-04 21:00:00+02:00,0.4143460624638333
2025,CO2/CO/NOx,2025-08-04 22:00:00+02:00,0.4101446464728738
2025,CO2/CO/NOx,2025-08-04 23:00:00+02:00,0.4033242553609446
2025,CO2/CO/NOx,2025-08-05 00:00:00+02:00,0.38466381497577007
2025,CO2/CO/NOx,2025-08-05 01:00:00+02:00,0.37471363555084597
2025,CO2/CO/NOx,2025-08-05 02:00:00+02:00,0.37635784781007614
2025,CO2/CO/NOx,2025-08-05 03:00:00+02:00,0.3904604845058098
2025,CO2/CO/NOx,2025-08-05 04:00:00+02:00,0.40375918548147743
2025,CO2/CO/NOx,2025-08-05 05:00:00+02:00,0.4131565137935852
2025,CO2/CO/NOx,2025-08-05 06:00:00+02:00,0.4189121181080496
2025,CO2/CO/NOx,2025-08-05 07:00:00+02:00,0.42157947397537904
2025,CO2/CO/NOx,2025-08-05 08:00:00+02:00,0.4129106589112405
2025,CO2/CO/NOx,2025-08-05 09:00:00+02:00,0.3947877728150213
2025,CO2/CO/NOx,2025-08-05 10:00:00+02:00,0.3840298504103489
2025,CO2/CO/NOx,2025-08-05 11:00:00+02:00,0.37881691712225823
2025,CO2/CO/NOx,2025-08-05 12:00:00+02:00,0.3757425131657896
2025,CO2/CO/NOx,2025-08-05 13:00:00+02:00,0.37529612384701166
2025,CO2/CO/NOx,2025-08-05 14:00:00+02:00,0.37024298820841245
2025,CO2/CO/NOx,2025-08-05 15:00:00+02:00,0.37083512554961756
2025,CO2/CO/NOx,2025-08-05 16:00:00+02:00,0.3731428978725059
2025,CO2/CO/NOx,2025-08-05 17:00:00+02:00,0.37072662890821745
2025,CO2/CO/NOx,2025-08-05 18:00:00+02:00,0.3713833824053899
2025,CO2/CO/NOx,2025-08-05 19:00:00+02:00,0.364563970329348
2025,CO2/CO/NOx,2025-08-05 20:00:00+02:00,0.35112962529789177
2025,CO2/CO/NOx,2025-08-05 21:00:00+02:00,0.3354035680374009
2025,CO2/CO/NOx,2025-08-05 22:00:00+02:00,0.3207603405528168
2025,CO2/CO/NOx,2025-08-05 23:00:00+02:00,0.30719571935503925
2025,CO2/CO/NOx,2025-08-06 00:00:00+02:00,0.3032778669174866
2025,CO2/CO/NOx,2025-08-06 01:00:00+02:00,0.3168681561980273
2025,CO2/CO/NOx,2025-08-06 02:00:00+02:00,0.33811097804403667
2025,CO2/CO/NOx,2025-08-06 03:00:00+02:00,0.3772141143449561
2025,CO2/CO/NOx,2025-08-06 04:00:00+02:00,0.4149398193630852
2025,CO2/CO/NOx,2025-08-06 05:00:00+02:00,0.44481411546616484
2025,CO2/CO/NOx,2025-08-06 06:00:00+02:00,0.4642015655873015
2025,CO2/CO/NOx,2025-08-06 07:00:00+02:00,0.47052910903171274
2025,CO2/CO/NOx,2025-08-06 08:00:00+02:00,0.4599330644510769
2025,CO2/CO/NOx,2025-08-06 09:00:00+02:00,0.4388230309632964
2025,CO2/CO/NOx,2025-08-06 10:00:00+02:00,0.4218718654788315
2025,CO2/CO/NOx,2025-08-06 11:00:00+02:00,0.4004999183007399
2025,CO2/CO/NOx,2025-08-06 12:00:00+02:00,0.3903855763743161
2025,CO2/CO/NOx,2025-08-06 13:00:00+02:00,0.3817747738215312
2025,CO2/CO/NOx,2025-08-06 14:00:00+02:00,0.37132251672512084
2025,CO2/CO/NOx,2025-08-06 15:00:00+02:00,0.3599491193471832
2025,CO2/CO/NOx,2025-08-06 16:00:00+02:00,0.35262349178082697
2025,CO2/CO/NOx,2025-08-06 17:00:00+02:00,0.3546131137959372
2025,CO2/CO/NOx,2025-08-06 18:00:00+02:00,0.36278695401712985
2025,CO2/CO/NOx,2025-08-06 19:00:00+02:00,0.3674210033910334
2025,CO2/CO/NOx,2025-08-06 20:00:00+02:00,0.36662435349578676
2025,CO2/CO/NOx,2025-08-06 21:00:00+02:00,0.36878374941175107
2025,CO2/CO/NOx,2025-08-06 22:00:00+02:00,0.3671367524170637
2025,CO2/CO/NOx,2025-08-06 23:00:00+02:00,0.3668728208651697
2025,CO2/CO/NOx,2025-08-07 00:00:00+02:00,0.3622614314514373
2025,CO2/CO/NOx,2025-08-07 01:00:00+02:00,0.37709290817174357
2025,CO2/CO/NOx,2025-08-07 02:00:00+02:00,0.4102172825216748
2025,CO2/CO/NOx,2025-08-07 03:00:00+02:00,0.45404559691297464
2025,CO2/CO/NOx,2025-08-07 04:00:00+02:00,0.48971634689946536
2025,CO2/CO/NOx,2025-08-07 05:00:00+02:00,0.5139116959439191
2025,CO2/CO/NOx,2025-08-07 06:00:00+02:00,0.5292577797225027
2025,CO2/CO/NOx,2025-08-07 07:00:00+02:00,0.528152416393023
2025,CO2/CO/NOx,2025-08-07 08:00:00+02:00,0.507585237637562
2025,CO2/CO/NOx,2025-08-07 09:00:00+02:00,0.4674909779112932
2025,CO2/CO/NOx,2025-08-07 10:00:00+02:00,0.43736285066596253
2025,CO2/CO/NOx,2025-08-07 11:00:00+02:00,0.40768354268942475
2025,CO2/CO/NOx,2025-08-07 12:00:00+02:00,0.39909957084628706
2025,CO2/CO/NOx,2025-08-07 13:00:00+02:00,0.3964976627121942
2025,CO2/CO/NOx,2025-08-07 14:00:00+02:00,0.40439709698038373
2025,CO2/CO/NOx,2025-08-07 15:00:00+02:00,0.40786150234839313
2025,CO2/CO/NOx,2025-08-07 16:00:00+02:00,0.4078500161975468
2025,CO2/CO/NOx,2025-08-07 17:00:00+02:00,0.39887854726478406
2025,CO2/CO/NOx,2025-08-07 18:00:00+02:00,0.3919971464237248
2025,CO2/CO/NOx,2025-08-07 19:00:00+02:00,0.3783524075161928
2025,CO2/CO/NOx,2025-08-07 20:00:00+02:00,0.3578890270322483
2025,CO2/CO/NOx,2025-08-07 21:00:00+02:00,0.3472885611363541
2025,CO2/CO/NOx,2025-08-07 22:00:00+02:00,0.33796300322510137
2025,CO2/CO/NOx,2025-08-07 23:00:00+02:00,0.3341243202395073
2025,CO2/CO/NOx,2025-08-08 00:00:00+02:00,0.32160767460010947
2025,CO2/CO/NOx,2025-08-08 01:00:00+02:00,0.324344427676909
2025,CO2/CO/NOx,2025-08-08 02:00:00+02:00,0.34666922732918587
2025,CO2/CO/NOx,2025-08-08 03:00:00+02:00,0.37580171481970953
2025,CO2/CO/NOx,2025-08-08 04:00:00+02:00,0.39142903645038946
2025,CO2/CO/NOx,2025-08-08 05:00:00+02:00,0.402498037284003
2025,CO2/CO/NOx,2025-08-08 06:00:00+02:00,0.40368653451602177
2025,CO2/CO/NOx,2025-08-08 07:00:00+02:00,0.3948120557931668
2025,CO2/CO/NOx,2025-08-08 08:00:00+02:00,0.37845390189502187
2025,CO2/CO/NOx,2025-08-08 09:00:00+02:00,0.3588407142394883
2025,CO2/CO/NOx,2025-08-08 10:00:00+02:00,0.34966754211809953
2025,CO2/CO/NOx,2025-08-08 11:00:00+02:00,0.3504417576707158
2025,CO2/CO/NOx,2025-08-08 12:00:00+02:00,0.3459438365361137
2025,CO2/CO/NOx,2025-08-08 13:00:00+02:00,0.341248294261032
2025,CO2/CO/NOx,2025-08-08 14:00:00+02:00,0.34393024698109426
2025,CO2/CO/NOx,2025-08-08 15:00:00+02:00,0.345535109587134
2025,CO2/CO/NOx,2025-08-08 16:00:00+02:00,0.34586196598164226
2025,CO2/CO/NOx,2025-08-08 17:00:00+02:00,0.34698239249689083
2025,CO2/CO/NOx,2025-08-08 18:00:00+02:00,0.35029002650072405
2025,CO2/CO/NOx,2025-08-08 19:00:00+02:00,0.34586987547459697
2025,CO2/CO/NOx,2025-08-08 20:00:00+02:00,0.3366766239704482
2025,CO2/CO/NOx,2025-08-08 21:00:00+02:00,0.32414785195885
2025,CO2/CO/NOx,2025-08-08 22:00:00+02:00,0.31338421256915755
2025,CO2/CO/NOx,2025-08-08 23:00:00+02:00,0.3063866371998352
2025,CO2/CO/NOx,2025-08-09 00:00:00+02:00,0.29795200838433006
2025,CO2/CO/NOx,2025-08-09 01:00:00+02:00,0.29402597563238014
2025,CO2/CO/NOx,2025-08-09 02:00:00+02:00,0.29940527987550886
2025,CO2/CO/NOx,2025-08-09 03:00:00+02:00,0.3052891916981085
2025,CO2/CO/NOx,2025-08-09 04:00:00+02:00,0.3124312681382158
2025,CO2/CO/NOx,2025-08-09 05:00:00+02:00,0.3209785272727936
2025,CO2/CO/NOx,2025-08-09 06:00:00+02:00,0.32926697463497634
2025,CO2/CO/NOx,2025-08-09 07:00:00+02:00,0.3342644473406468
2025,CO2/CO/NOx,2025-08-09 08:00:00+02:00,0.3361404727851388
2025,CO2/CO/NOx,2025-08-09 09:00:00+02:00,0.3317979461239532
2025,CO2/CO/NOx,2025-08-09 10:00:00+02:00,0.3325639073700292
2025,CO2/CO/NOx,2025-08-09 11:00:00+02:00,0.33756608224981766
2025,CO2/CO/NOx,2025-08-09 12:00:00+02:00,0.33904536297833077
2025,CO2/CO/NOx,2025-08-09 13:00:00+02:00,0.3486740654060317
2025,CO2/CO/NOx,2025-08-09 14:00:00+02:00,0.3584226776727554
2025,CO2/CO/NOx,2025-08-09 15:00:00+02:00,0.3653041987402463
2025,CO2/CO/NOx,2025-08-09 16:00:00+02:00,0.36567343062090385
2025,CO2/CO/NOx,2025-08-09 17:00:00+02:00,0.36134451143553875
2025,CO2/CO/NOx,2025-08-09 18:00:00+02:00,0.35341375432113037
2025,CO2/CO/NOx,2025-08-09 19:00:00+02:00,0.3445531642827387
2025,CO2/CO/NOx,2025-08-09 20:00:00+02:00,0.3340375245691372
2025,CO2/CO/NOx,2025-08-09 21:00:00+02:00,0.32433864210236746
2025,CO2/CO/NOx,2025-08-09 22:00:00+02:00,0.3168366999851599
2025,CO2/CO/NOx,2025-08-09 23:00:00+02:00,0.311778473346457
2025,CO2/CO/NOx,2025-08-10 00:00:00+02:00,0.30630902941203164
2025,CO2/CO/NOx,2025-08-10 01:00:00+02:00,0.3025413988875995
2025,CO2/CO/NOx,2025-08-10 02:00:00+02:00,0.30063108734721905
2025,CO2/CO/NOx,2025-08-10 03:00:00+02:00,0.3020508931151069
2025,CO2/CO/NOx,2025-08-10 04:00:00+02:00,0.30607809704077993
2025,CO2/CO/NOx,2025-08-10 05:00:00+02:00,0.3134011050539287
2025,CO2/CO/NOx,2025-08-10 06:00:00+02:00,0.32234904319613505
2025,CO2/CO/NOx,2025-08-10 07:00:00+02:00,0.32925957124809396
2025,CO2/CO/NOx,2025-08-10 08:00:00+02:00,0.33599076443460535
2025,CO2/CO/NOx,2025-08-10 09:00:00+02:00,0.34047526768758085
2025,CO2/CO/NOx,2025-08-10 10:00:00+02:00,0.3434110178581095
2025,CO2/CO/NOx,2025-08-10 11:00:00+02:00,0.34260424622637764
2025,CO2/CO/NOx,2025-08-10 12:00:00+02:00,0.3424040175351652
2025,CO2/CO/NOx,2025-08-10 13:00:00+02:00,0.3456337171074324
2025,CO2/CO/NOx,2025-08-10 14:00:00+02:00,0.34993421528364943
2025,CO2/CO/NOx,2025-08-10 15:00:00+02:00,0.35426973676148527
2025,CO2/CO/NOx,2025-08-10 16:00:00+02:00,0.35383065026568933
2025,CO2/CO/NOx,2025-08-10 17:00:00+02:00,0.3527306383322268
2025,CO2/CO/NOx,2025-08-10 18:00:00+02:00,0.35152692463042023
2025,CO2/CO/NOx,2025-08-10 19:00:00+02:00,0.3458239892048873
2025,CO2/CO/NOx,2025-08-10 20:00:00+02:00,0.3365215633967377
2025,CO2/CO/NOx,2025-08-10 21:00:00+02:00,0.32724563214464103
2025,CO2/CO/NOx,2025-08-10 22:00:00+02:00,0.31742430310564534
2025,CO2/CO/NOx,2025-08-10 23:00:00+02:00,0.3102901098348554
2025,CO2/CO/NOx,2025-08-11 00:00:00+02:00,0.3013695923364227
2025,CO2/CO/NOx,2025-08-11 01:00:00+02:00,0.30018754448390284
2025,CO2/CO/NOx,2025-08-11 02:00:00+02:00,0.3090402270279787
2025,CO2/CO/NOx,2025-08-11 03:00:00+02:00,0.326367239630663
2025,CO2/CO/NOx,2025-08-11 04:00:00+02:00,0.343596949772816
2025,CO2/CO/NOx,2025-08-11 05:00:00+02:00,0.3579175058956208
2025,CO2/CO/NOx,2025-08-11 06:00:00+02:00,0.36927681221975955
2025,CO2/CO/NOx,2025-08-11 07:00:00+02:00,0.3714265402054353
2025,CO2/CO/NOx,2025-08-11 08:00:00+02:00,0.3653699355960373
2025,CO2/CO/NOx,2025-08-11 09:00:00+02:00,0.35107048681939623
2025,CO2/CO/NOx,2025-08-11 10:00:00+02:00,0.3419292735935532
2025,CO2/CO/NOx,2025-08-11 11:00:00+02:00,0.3355375669191704
2025,CO2/CO/NOx,2025-08-11 12:00:00+02:00,0.33240071635960083
2025,CO2/CO/NOx,2025-08-11 13:00:00+02:00,0.33238606637769796
2025,CO2/CO/NOx,2025-08-11 14:00:00+02:00,0.33496105014439176
2025,CO2/CO/NOx,2025-08-11 15:00:00+02:00,0.3385379704876127
2025,CO2/CO/NOx,2025-08-11 16:00:00+02:00,0.34113659075953295
2025,CO2/CO/NOx,2025-08-11 17:00:00+02:00,0.3425846132356485
2025,CO2/CO/NOx,2025-08-11 18:00:00+02:00,0.34595550648550777
2025,CO2/CO/NOx,2025-08-11 19:00:00+02:00,0.34478386840739617
2025,CO2/CO/NOx,2025-08-11 20:00:00+02:00,0.33880264776145486
2025,CO2/CO/NOx,2025-08-11 21:00:00+02:00,0.3303286029759529
2025,CO2/CO/NOx,2025-08-11 22:00:00+02:00,0.32331832786209397
2025,CO2/CO/NOx,2025-08-11 23:00:00+02:00,0.31785007054926867
2025,CO2/CO/NOx,2025-08-12 00:00:00+02:00,0.30415126140770954
2025,CO2/CO/NOx,2025-08-12 01:00:00+02:00,0.3008498227948119
2025,CO2/CO/NOx,2025-08-12 02:00:00+02:00,0.3081255837299584
2025,CO2/CO/NOx,2025-08-12 03:00:00+02:00,0.32240168355409143
2025,CO2/CO/NOx,2025-08-12 04:00:00+02:00,0.33560527237171073
2025,CO2/CO/NOx,2025-08-12 05:00:00+02:00,0.350762033903548
2025,CO2/CO/NOx,2025-08-12 06:00:00+02:00,0.3624932618983044
2025,CO2/CO/NOx,2025-08-12 07:00:00+02:00,0.36805385000075813
2025,CO2/CO/NOx,2025-08-12 08:00:00+02:00,0.3662039300164854
2025,CO2/CO/NOx,2025-08-12 09:00:00+02:00,0.3526129854278915
2025,CO2/CO/NOx,2025-08-12 10:00:00+02:00,0.34491148638713065
2025,CO2/CO/NOx,2025-08-12 11:00:00+02:00,0.3388397603923832
2025,CO2/CO/NOx,2025-08-12 12:00:00+02:00,0.33460917915499083
2025,CO2/CO/NOx,2025-08-12 13:00:00+02:00,0.3352198093584294
2025,CO2/CO/NOx,2025-08-12 14:00:00+02:00,0.34299164138374544
2025,CO2/CO/NOx,2025-08-12 15:00:00+02:00,0.3477525105418432
2025,CO2/CO/NOx,2025-08-12 16:00:00+02:00,0.3503173750608237
2025,CO2/CO/NOx,2025-08-12 17:00:00+02:00,0.3511953962236901
2025,CO2/CO/NOx,2025-08-12 18:00:00+02:00,0.35296112418581643
2025,CO2/CO/NOx,2025-08-12 19:00:00+02:00,0.34776884055036555
2025,CO2/CO/NOx,2025-08-12 20:00:00+02:00,0.3381917082456562
2025,CO2/CO/NOx,2025-08-12 21:00:00+02:00,0.327242506730853
2025,CO2/CO/NOx,2025-08-12 22:00:00+02:00,0.3173037284328417
2025,CO2/CO/NOx,2025-08-12 23:00:00+02:00,0.3085106025172186
2025,CO2/CO/NOx,2025-08-13 00:00:00+02:00,0.29476006782887
2025,CO2/CO/NOx,2025-08-13 01:00:00+02:00,0.2896411360615725
2025,CO2/CO/NOx,2025-08-13 02:00:00+02:00,0.2933739687078542
2025,CO2/CO/NOx,2025-08-13 03:00:00+02:00,0.30201755853429274
2025,CO2/CO/NOx,2025-08-13 04:00:00+02:00,0.31178923194069413
2025,CO2/CO/NOx,2025-08-13 05:00:00+02:00,0.325648906533665
2025,CO2/CO/NOx,2025-08-13 06:00:00+02:00,0.3384137355033358
2025,CO2/CO/NOx,2025-08-13 07:00:00+02:00,0.3467627399350193
2025,CO2/CO/NOx,2025-08-13 08:00:00+02:00,0.347974937540129
2025,CO2/CO/NOx,2025-08-13 09:00:00+02:00,0.34175209656494476
2025,CO2/CO/NOx,2025-08-13 10:00:00+02:00,0.3380053574388925
2025,CO2/CO/NOx,2025-08-13 11:00:00+02:00,0.33311975695424695
2025,CO2/CO/NOx,2025-08-13 12:00:00+02:00,0.32885370924317486
2025,CO2/CO/NOx,2025-08-13 13:00:00+02:00,0.3322685958009388
2025,CO2/CO/NOx,2025-08-13 14:00:00+02:00,0.3387712474409331
2025,CO2/CO/NOx,2025-08-13 15:00:00+02:00,0.34429394755224474
2025,CO2/CO/NOx,2025-08-13 16:00:00+02:00,0.34618383387873963
2025,CO2/CO/NOx,2025-08-13 17:00:00+02:00,0.3452660591882606
2025,CO2/CO/NOx,2025-08-13 18:00:00+02:00,0.34520616104815305
2025,CO2/CO/NOx,2025-08-13 19:00:00+02:00,0.3377817719141475
2025,CO2/CO/NOx,2025-08-13 20:00:00+02:00,0.32730093714130604
2025,CO2/CO/NOx,2025-08-13 21:00:00+02:00,0.3196684119911312
2025,CO2/CO/NOx,2025-08-13 22:00:00+02:00,0.31305047233793826
2025,CO2/CO/NOx,2025-08-13 23:00:00+02:00,0.3073216846193899
2025,CO2/CO/NOx,2025-08-14 00:00:00+02:00,0.29928643374987945
2025,CO2/CO/NOx,2025-08-14 01:00:00+02:00,0.2991111706872196
2025,CO2/CO/NOx,2025-08-14 02:00:00+02:00,0.30630729575592336
2025,CO2/CO/NOx,2025-08-14 03:00:00+02:00,0.32022246581217667
2025,CO2/CO/NOx,2025-08-14 04:00:00+02:00,0.33236123500691983
2025,CO2/CO/NOx,2025-08-14 05:00:00+02:00,0.34547964602278786
2025,CO2/CO/NOx,2025-08-14 06:00:00+02:00,0.35461008327265003
2025,CO2/CO/NOx,2025-08-14 07:00:00+02:00,0.3584015731948854
2025,CO2/CO/NOx,2025-08-14 08:00:00+02:00,0.35740930871049753
2025,CO2/CO/NOx,2025-08-14 09:00:00+02:00,0.35120141530680177
2025,CO2/CO/NOx,2025-08-14 10:00:00+02:00,0.3506143948482563
2025,CO2/CO/NOx,2025-08-14 11:00:00+02:00,0.35151051150939805
2025,CO2/CO/NOx,2025-08-14 12:00:00+02:00,0.35344160105458866
2025,CO2/CO/NOx,2025-08-14 13:00:00+02:00,0.3563587562705513
2025,CO2/CO/NOx,2025-08-14 14:00:00+02:00,0.35973056549580684
2025,CO2/CO/NOx,2025-08-14 15:00:00+02:00,0.36234936405552204
2025,CO2/CO/NOx,2025-08-14 16:00:00+02:00,0.3614141477098217
2025,CO2/CO/NOx,2025-08-14 17:00:00+02:00,0.35714630278366916
2025,CO2/CO/NOx,2025-08-14 18:00:00+02:00,0.353665200627784
2025,CO2/CO/NOx,2025-08-14 19:00:00+02:00,0.34593131672065136
2025,CO2/CO/NOx,2025-08-14 20:00:00+02:00,0.33544965146312933
2025,CO2/CO/NOx,2025-08-14 21:00:00+02:00,0.3237134767273296
2025,CO2/CO/NOx,2025-08-14 22:00:00+02:00,0.3125501126786749
2025,CO2/CO/NOx,2025-08-14 23:00:00+02:00,0.30363638195929643
2025,CO2/CO/NOx,2025-08-15 00:00:00+02:00,0.2961476637150542
2025,CO2/CO/NOx,2025-08-15 01:00:00+02:00,0.2931120481540144
2025,CO2/CO/NOx,2025-08-15 02:00:00+02:00,0.29779139837571156
2025,CO2/CO/NOx,2025-08-15 03:00:00+02:00,0.31010893288714736
2025,CO2/CO/NOx,2025-08-15 04:00:00+02:00,0.32305355038189376
2025,CO2/CO/NOx,2025-08-15 05:00:00+02:00,0.33604093074766206
2025,CO2/CO/NOx,2025-08-15 06:00:00+02:00,0.34953441829268217
2025,CO2/CO/NOx,2025-08-15 07:00:00+02:00,0.3569893686914459
2025,CO2/CO/NOx,2025-08-15 08:00:00+02:00,0.3546544937793151
2025,CO2/CO/NOx,2025-08-15 09:00:00+02:00,0.347898404470767
2025,CO2/CO/NOx,2025-08-15 10:00:00+02:00,0.3440250707719886
2025,CO2/CO/NOx,2025-08-15 11:00:00+02:00,0.34315267470190347
2025,CO2/CO/NOx,2025-08-15 12:00:00+02:00,0.3448970549157257
2025,CO2/CO/NOx,2025-08-15 13:00:00+02:00,0.3490762582633177
2025,CO2/CO/NOx,2025-08-15 14:00:00+02:00,0.35519180843326403
2025,CO2/CO/NOx,2025-08-15 15:00:00+02:00,0.36123711597069114
2025,CO2/CO/NOx,2025-08-15 16:00:00+02:00,0.3604798054654638
2025,CO2/CO/NOx,2025-08-15 17:00:00+02:00,0.3536780221508762
2025,CO2/CO/NOx,2025-08-15 18:00:00+02:00,0.3501378808292041
2025,CO2/CO/NOx,2025-08-15 19:00:00+02:00,0.34087543168805706
2025,CO2/CO/NOx,2025-08-15 20:00:00+02:00,0.3310831628692018
2025,CO2/CO/NOx,2025-08-15 21:00:00+02:00,0.32141380733449915
2025,CO2/CO/NOx,2025-08-15 22:00:00+02:00,0.31330737064073555
2025,CO2/CO/NOx,2025-08-15 23:00:00+02:00,0.30852017021840555
2025,CO2/CO/NOx,2025-08-16 00:00:00+02:00,0.3036378165142489
2025,CO2/CO/NOx,2025-08-16 01:00:00+02:00,0.30210397922857424
2025,CO2/CO/NOx,2025-08-16 02:00:00+02:00,0.3048724209380433
2025,CO2/CO/NOx,2025-08-16 03:00:00+02:00,0.30941767499252115
2025,CO2/CO/NOx,2025-08-16 04:00:00+02:00,0.31357768248054413
2025,CO2/CO/NOx,2025-08-16 05:00:00+02:00,0.3216661145480216
2025,CO2/CO/NOx,2025-08-16 06:00:00+02:00,0.33124984087488296
2025,CO2/CO/NOx,2025-08-16 07:00:00+02:00,0.339633289269868
2025,CO2/CO/NOx,2025-08-16 08:00:00+02:00,0.34740794122675267
2025,CO2/CO/NOx,2025-08-16 09:00:00+02:00,0.35164981139071455
2025,CO2/CO/NOx,2025-08-16 10:00:00+02:00,0.3546705147683318
2025,CO2/CO/NOx,2025-08-16 11:00:00+02:00,0.35519068572951024
2025,CO2/CO/NOx,2025-08-16 12:00:00+02:00,0.3517356388662664
2025,CO2/CO/NOx,2025-08-16 13:00:00+02:00,0.34949286503337695
2025,CO2/CO/NOx,2025-08-16 14:00:00+02:00,0.34851224378154944
2025,CO2/CO/NOx,2025-08-16 15:00:00+02:00,0.3499011524977589
2025,CO2/CO/NOx,2025-08-16 16:00:00+02:00,0.3491312394239877
2025,CO2/CO/NOx,2025-08-16 17:00:00+02:00,0.34907948769362207
2025,CO2/CO/NOx,2025-08-16 18:00:00+02:00,0.3506173939234499
2025,CO2/CO/NOx,2025-08-16 19:00:00+02:00,0.349656801199978
2025,CO2/CO/NOx,2025-08-16 20:00:00+02:00,0.34610253079522274
2025,CO2/CO/NOx,2025-08-16 21:00:00+02:00,0.34024169883068694
2025,CO2/CO/NOx,2025-08-16 22:00:00+02:00,0.33237795814025345
2025,CO2/CO/NOx,2025-08-16 23:00:00+02:00,0.3264235632953603
2025,CO2/CO/NOx,2025-08-17 00:00:00+02:00,0.32180829372043573
2025,CO2/CO/NOx,2025-08-17 01:00:00+02:00,0.31735387181606756
2025,CO2/CO/NOx,2025-08-17 02:00:00+02:00,0.3164283993028689
2025,CO2/CO/NOx,2025-08-17 03:00:00+02:00,0.31734358706632204
2025,CO2/CO/NOx,2025-08-17 04:00:00+02:00,0.319126343181093
2025,CO2/CO/NOx,2025-08-17 05:00:00+02:00,0.32201348993321327
2025,CO2/CO/NOx,2025-08-17 06:00:00+02:00,0.32729737187613367
2025,CO2/CO/NOx,2025-08-17 07:00:00+02:00,0.3329166193723555
2025,CO2/CO/NOx,2025-08-17 08:00:00+02:00,0.33794116335181107
2025,CO2/CO/NOx,2025-08-17 09:00:00+02:00,0.3410791692902627
2025,CO2/CO/NOx,2025-08-17 10:00:00+02:00,0.34376488305854147
2025,CO2/CO/NOx,2025-08-17 11:00:00+02:00,0.34431636810136507
2025,CO2/CO/NOx,2025-08-17 12:00:00+02:00,0.34164914313362604
2025,CO2/CO/NOx,2025-08-17 13:00:00+02:00,0.3401902420973636
2025,CO2/CO/NOx,2025-08-17 14:00:00+02:00,0.33877698708998344
2025,CO2/CO/NOx,2025-08-17 15:00:00+02:00,0.33888043891207437
2025,CO2/CO/NOx,2025-08-17 16:00:00+02:00,0.3388339999854178
2025,CO2/CO/NOx,2025-08-17 17:00:00+02:00,0.3395327874906654
2025,CO2/CO/NOx,2025-08-17 18:00:00+02:00,0.34419995178310414
2025,CO2/CO/NOx,2025-08-17 19:00:00+02:00,0.3458015756201628
2025,CO2/CO/NOx,2025-08-17 20:00:00+02:00,0.34275678050261055
2025,CO2/CO/NOx,2025-08-17 21:00:00+02:00,0.33711062156568755
2025,CO2/CO/NOx,2025-08-17 22:00:00+02:00,0.3256978379399372
2025,CO2/CO/NOx,2025-08-17 23:00:00+02:00,0.3184973060568408
2025,CO2/CO/NOx,2025-08-18 00:00:00+02:00,0.3081880751125433
2025,CO2/CO/NOx,2025-08-18 01:00:00+02:00,0.30729293259460283
2025,CO2/CO/NOx,2025-08-18 02:00:00+02:00,0.32407494348477756
2025,CO2/CO/NOx,2025-08-18 03:00:00+02:00,0.3541964367377729
2025,CO2/CO/NOx,2025-08-18 04:00:00+02:00,0.3798499767232407
2025,CO2/CO/NOx,2025-08-18 05:00:00+02:00,0.4035423111419309
2025,CO2/CO/NOx,2025-08-18 06:00:00+02:00,0.421991897708142
2025,CO2/CO/NOx,2025-08-18 07:00:00+02:00,0.4228866302186731
2025,CO2/CO/NOx,2025-08-18 08:00:00+02:00,0.41246417836227656
2025,CO2/CO/NOx,2025-08-18 09:00:00+02:00,0.3862843998062637
2025,CO2/CO/NOx,2025-08-18 10:00:00+02:00,0.36592295057387114
2025,CO2/CO/NOx,2025-08-18 11:00:00+02:00,0.3588922212449672
2025,CO2/CO/NOx,2025-08-18 12:00:00+02:00,0.359850123426563
2025,CO2/CO/NOx,2025-08-18 13:00:00+02:00,0.3594533480297902
2025,CO2/CO/NOx,2025-08-18 14:00:00+02:00,0.363327017731959
2025,CO2/CO/NOx,2025-08-18 15:00:00+02:00,0.3662748824309717
2025,CO2/CO/NOx,2025-08-18 16:00:00+02:00,0.3638226512087515
2025,CO2/CO/NOx,2025-08-18 17:00:00+02:00,0.3573662045967845
2025,CO2/CO/NOx,2025-08-18 18:00:00+02:00,0.3536639887294263
2025,CO2/CO/NOx,2025-08-18 19:00:00+02:00,0.34850258186416944
2025,CO2/CO/NOx,2025-08-18 20:00:00+02:00,0.3416559738966383
2025,CO2/CO/NOx,2025-08-18 21:00:00+02:00,0.3366272018062438
2025,CO2/CO/NOx,2025-08-18 22:00:00+02:00,0.33200048069591526
2025,CO2/CO/NOx,2025-08-18 23:00:00+02:00,0.3281404669369948
2025,CO2/CO/NOx,2025-08-19 00:00:00+02:00,0.31691937782217233
2025,CO2/CO/NOx,2025-08-19 01:00:00+02:00,0.3284240013384702
2025,CO2/CO/NOx,2025-08-19 02:00:00+02:00,0.3563269410771198
2025,CO2/CO/NOx,2025-08-19 03:00:00+02:00,0.3926128217065813
2025,CO2/CO/NOx,2025-08-19 04:00:00+02:00,0.4171594848098801
2025,CO2/CO/NOx,2025-08-19 05:00:00+02:00,0.43082748053168735
2025,CO2/CO/NOx,2025-08-19 06:00:00+02:00,0.4406498140506024
2025,CO2/CO/NOx,2025-08-19 07:00:00+02:00,0.4330855137115008
2025,CO2/CO/NOx,2025-08-19 08:00:00+02:00,0.4116049492326485
2025,CO2/CO/NOx,2025-08-19 09:00:00+02:00,0.38063151209007495
2025,CO2/CO/NOx,2025-08-19 10:00:00+02:00,0.37116127689087713
2025,CO2/CO/NOx,2025-08-19 11:00:00+02:00,0.37153918265715147
2025,CO2/CO/NOx,2025-08-19 12:00:00+02:00,0.3713914476750074
2025,CO2/CO/NOx,2025-08-19 13:00:00+02:00,0.3686497229005747
2025,CO2/CO/NOx,2025-08-19 14:00:00+02:00,0.36644755914840293
2025,CO2/CO/NOx,2025-08-19 15:00:00+02:00,0.3659773107441183
2025,CO2/CO/NOx,2025-08-19 16:00:00+02:00,0.3555275344999007
2025,CO2/CO/NOx,2025-08-19 17:00:00+02:00,0.34734613014947685
2025,CO2/CO/NOx,2025-08-19 18:00:00+02:00,0.34703750560464647
2025,CO2/CO/NOx,2025-08-19 19:00:00+02:00,0.34641272199223727
2025,CO2/CO/NOx,2025-08-19 20:00:00+02:00,0.34313634277370025
2025,CO2/CO/NOx,2025-08-19 21:00:00+02:00,0.3374352991627976
2025,CO2/CO/NOx,2025-08-19 22:00:00+02:00,0.32861550440082254
2025,CO2/CO/NOx,2025-08-19 23:00:00+02:00,0.31748926809251926
2025,CO2/CO/NOx,2025-08-20 00:00:00+02:00,0.303647222453928
2025,CO2/CO/NOx,2025-08-20 01:00:00+02:00,0.30081886147982567
2025,CO2/CO/NOx,2025-08-20 02:00:00+02:00,0.31260284764174384
2025,CO2/CO/NOx,2025-08-20 03:00:00+02:00,0.3298088382891841
2025,CO2/CO/NOx,2025-08-20 04:00:00+02:00,0.34194310505766146
2025,CO2/CO/NOx,2025-08-20 05:00:00+02:00,0.352232409624024
2025,CO2/CO/NOx,2025-08-20 06:00:00+02:00,0.36208079576889596
2025,CO2/CO/NOx,2025-08-20 07:00:00+02:00,0.3631882707471752
2025,CO2/CO/NOx,2025-08-20 08:00:00+02:00,0.35689258675230023
2025,CO2/CO/NOx,2025-08-20 09:00:00+02:00,0.34515102766097877
2025,CO2/CO/NOx,2025-08-20 10:00:00+02:00,0.34216173845567327
2025,CO2/CO/NOx,2025-08-20 11:00:00+02:00,0.34272348714630196
2025,CO2/CO/NOx,2025-08-20 12:00:00+02:00,0.3389300409345883
2025,CO2/CO/NOx,2025-08-20 13:00:00+02:00,0.34047164278768116
2025,CO2/CO/NOx,2025-08-20 14:00:00+02:00,0.34576824487789526
2025,CO2/CO/NOx,2025-08-20 15:00:00+02:00,0.35191005764045513
2025,CO2/CO/NOx,2025-08-20 16:00:00+02:00,0.3561278642422539
2025,CO2/CO/NOx,2025-08-20 17:00:00+02:00,0.35788006403987255
2025,CO2/CO/NOx,2025-08-20 18:00:00+02:00,0.36096951228148866
2025,CO2/CO/NOx,2025-08-20 19:00:00+02:00,0.35663415841771756
2025,CO2/CO/NOx,2025-08-20 20:00:00+02:00,0.34493181185569566
2025,CO2/CO/NOx,2025-08-20 21:00:00+02:00,0.329050151423816
2025,CO2/CO/NOx,2025-08-20 22:00:00+02:00,0.3156760041904179
2025,CO2/CO/NOx,2025-08-20 23:00:00+02:00,0.30264757854752783
2025,CO2/CO/NOx,2025-08-21 00:00:00+02:00,0.2867238670975509
2025,CO2/CO/NOx,2025-08-21 01:00:00+02:00,0.28351571345275645
2025,CO2/CO/NOx,2025-08-21 02:00:00+02:00,0.2919290329727567
2025,CO2/CO/NOx,2025-08-21 03:00:00+02:00,0.3092972266192888
2025,CO2/CO/NOx,2025-08-21 04:00:00+02:00,0.32533030192067136
2025,CO2/CO/NOx,2025-08-21 05:00:00+02:00,0.3398924246536869
2025,CO2/CO/NOx,2025-08-21 06:00:00+02:00,0.35401544874418867
2025,CO2/CO/NOx,2025-08-21 07:00:00+02:00,0.3644080809424269
2025,CO2/CO/NOx,2025-08-21 08:00:00+02:00,0.366345691648582
2025,CO2/CO/NOx,2025-08-21 09:00:00+02:00,0.3599928178507593
2025,CO2/CO/NOx,2025-08-21 10:00:00+02:00,0.3590784737106407
2025,CO2/CO/NOx,2025-08-21 11:00:00+02:00,0.35781384592423754
2025,CO2/CO/NOx,2025-08-21 12:00:00+02:00,0.3534627039175385
2025,CO2/CO/NOx,2025-08-21 13:00:00+02:00,0.35039329487197796
2025,CO2/CO/NOx,2025-08-21 14:00:00+02:00,0.34884730780415585
2025,CO2/CO/NOx,2025-08-21 15:00:00+02:00,0.3517503646271222
2025,CO2/CO/NOx,2025-08-21 16:00:00+02:00,0.3536777605843396
2025,CO2/CO/NOx,2025-08-21 17:00:00+02:00,0.35477102787044595
2025,CO2/CO/NOx,2025-08-21 18:00:00+02:00,0.3603020063931456
2025,CO2/CO/NOx,2025-08-21 19:00:00+02:00,0.36131609494196154
2025,CO2/CO/NOx,2025-08-21 20:00:00+02:00,0.3578595851248981
2025,CO2/CO/NOx,2025-08-21 21:00:00+02:00,0.35035463502400105
2025,CO2/CO/NOx,2025-08-21 22:00:00+02:00,0.34226068188318315
2025,CO2/CO/NOx,2025-08-21 23:00:00+02:00,0.33411230403999315
2025,CO2/CO/NOx,2025-08-22 00:00:00+02:00,0.3214571283463423
2025,CO2/CO/NOx,2025-08-22 01:00:00+02:00,0.3160818606223123
2025,CO2/CO/NOx,2025-08-22 02:00:00+02:00,0.32256887595422123
2025,CO2/CO/NOx,2025-08-22 03:00:00+02:00,0.33796937674076116
2025,CO2/CO/NOx,2025-08-22 04:00:00+02:00,0.3533950052478659
2025,CO2/CO/NOx,2025-08-22 05:00:00+02:00,0.37155957488794533
2025,CO2/CO/NOx,2025-08-22 06:00:00+02:00,0.39558461456765387
2025,CO2/CO/NOx,2025-08-22 07:00:00+02:00,0.4172259207212713
2025,CO2/CO/NOx,2025-08-22 08:00:00+02:00,0.4291643228020282
2025,CO2/CO/NOx,2025-08-22 09:00:00+02:00,0.42719094456773427
2025,CO2/CO/NOx,2025-08-22 10:00:00+02:00,0.42086738922026434
2025,CO2/CO/NOx,2025-08-22 11:00:00+02:00,0.4101548508606117
2025,CO2/CO/NOx,2025-08-22 12:00:00+02:00,0.39604690988446445
2025,CO2/CO/NOx,2025-08-22 13:00:00+02:00,0.38127191832068735
2025,CO2/CO/NOx,2025-08-22 14:00:00+02:00,0.3704545549203308
2025,CO2/CO/NOx,2025-08-22 15:00:00+02:00,0.3681434936937732
2025,CO2/CO/NOx,2025-08-22 16:00:00+02:00,0.37103921945398605
2025,CO2/CO/NOx,2025-08-22 17:00:00+02:00,0.3744245355278142
2025,CO2/CO/NOx,2025-08-22 18:00:00+02:00,0.3862170491854677
2025,CO2/CO/NOx,2025-08-22 19:00:00+02:00,0.3901291357346355
2025,CO2/CO/NOx,2025-08-22 20:00:00+02:00,0.3890897671037572
2025,CO2/CO/NOx,2025-08-22 21:00:00+02:00,0.3840720109642989
2025,CO2/CO/NOx,2025-08-22 22:00:00+02:00,0.37468473013934633
2025,CO2/CO/NOx,2025-08-22 23:00:00+02:00,0.360020835376361
2025,CO2/CO/NOx,2025-08-23 00:00:00+02:00,0.3442620672599287
2025,CO2/CO/NOx,2025-08-23 01:00:00+02:00,0.3468877326881318
2025,CO2/CO/NOx,2025-08-23 02:00:00+02:00,0.36457798176004486
2025,CO2/CO/NOx,2025-08-23 03:00:00+02:00,0.3992093553624015
2025,CO2/CO/NOx,2025-08-23 04:00:00+02:00,0.43154234070258124
2025,CO2/CO/NOx,2025-08-23 05:00:00+02:00,0.46914366457447
2025,CO2/CO/NOx,2025-08-23 06:00:00+02:00,0.49241283085639553
2025,CO2/CO/NOx,2025-08-23 07:00:00+02:00,0.5027152458603918
2025,CO2/CO/NOx,2025-08-23 08:00:00+02:00,0.496459620030011
2025,CO2/CO/NOx,2025-08-23 09:00:00+02:00,0.4847196197099166
2025,CO2/CO/NOx,2025-08-23 10:00:00+02:00,0.47488306770822597
2025,CO2/CO/NOx,2025-08-23 11:00:00+02:00,0.4656351231592154
2025,CO2/CO/NOx,2025-08-23 12:00:00+02:00,0.4565061132410643
2025,CO2/CO/NOx,2025-08-23 13:00:00+02:00,0.4518861035504428
2025,CO2/CO/NOx,2025-08-23 14:00:00+02:00,0.4528017880286986
2025,CO2/CO/NOx,2025-08-23 15:00:00+02:00,0.4445058101399643
2025,CO2/CO/NOx,2025-08-23 16:00:00+02:00,0.43889407814635273
2025,CO2/CO/NOx,2025-08-23 17:00:00+02:00,0.4301028739470711
2025,CO2/CO/NOx,2025-08-23 18:00:00+02:00,0.42815385865632105
2025,CO2/CO/NOx,2025-08-23 19:00:00+02:00,0.42056183159593374
2025,CO2/CO/NOx,2025-08-23 20:00:00+02:00,0.41326051266522523
2025,CO2/CO/NOx,2025-08-23 21:00:00+02:00,0.4064931957612931
2025,CO2/CO/NOx,2025-08-23 22:00:00+02:00,0.40193638630820444
2025,CO2/CO/NOx,2025-08-23 23:00:00+02:00,0.3981257229709683
2025,CO2/CO/NOx,2025-08-24 00:00:00+02:00,0.39171311160032296
2025,CO2/CO/NOx,2025-08-24 01:00:00+02:00,0.3922003273476643
2025,CO2/CO/NOx,2025-08-24 02:00:00+02:00,0.40187420543869634
2025,CO2/CO/NOx,2025-08-24 03:00:00+02:00,0.42329849081468457
2025,CO2/CO/NOx,2025-08-24 04:00:00+02:00,0.44972749140635937
2025,CO2/CO/NOx,2025-08-24 05:00:00+02:00,0.47558276236543806
2025,CO2/CO/NOx,2025-08-24 06:00:00+02:00,0.4953211842742467
2025,CO2/CO/NOx,2025-08-24 07:00:00+02:00,0.5042505883074219
2025,CO2/CO/NOx,2025-08-24 08:00:00+02:00,0.49719304597327985
2025,CO2/CO/NOx,2025-08-24 09:00:00+02:00,0.47543510057819666
2025,CO2/CO/NOx,2025-08-24 10:00:00+02:00,0.44873664775655775
2025,CO2/CO/NOx,2025-08-24 11:00:00+02:00,0.43180640487046024
2025,CO2/CO/NOx,2025-08-24 12:00:00+02:00,0.41857952018504613
2025,CO2/CO/NOx,2025-08-24 13:00:00+02:00,0.40990942417890297
2025,CO2/CO/NOx,2025-08-24 14:00:00+02:00,0.40439193739144896
2025,CO2/CO/NOx,2025-08-24 15:00:00+02:00,0.39801496494181104
2025,CO2/CO/NOx,2025-08-24 16:00:00+02:00,0.39378710253430427
2025,CO2/CO/NOx,2025-08-24 17:00:00+02:00,0.39103862454117677
2025,CO2/CO/NOx,2025-08-24 18:00:00+02:00,0.38951426534369715
2025,CO2/CO/NOx,2025-08-24 19:00:00+02:00,0.38829881434381414
2025,CO2/CO/NOx,2025-08-24 20:00:00+02:00,0.3909388750431226
2025,CO2/CO/NOx,2025-08-24 21:00:00+02:00,0.3952841970787621
2025,CO2/CO/NOx,2025-08-24 22:00:00+02:00,0.39993046413803035
2025,CO2/CO/NOx,2025-08-24 23:00:00+02:00,0.40908428419159365
2025,CO2/CO/NOx,2025-08-25 00:00:00+02:00,0.4124787355531808
2025,CO2/CO/NOx,2025-08-25 01:00:00+02:00,0.43417231407784673
2025,CO2/CO/NOx,2025-08-25 02:00:00+02:00,0.47064859683663085
2025,CO2/CO/NOx,2025-08-25 03:00:00+02:00,0.5110261297957464
2025,CO2/CO/NOx,2025-08-25 04:00:00+02:00,0.5506991241318062
2025,CO2/CO/NOx,2025-08-25 05:00:00+02:00,0.5812581779279833
2025,CO2/CO/NOx,2025-08-25 06:00:00+02:00,0.5972320588285566
2025,CO2/CO/NOx,2025-08-25 07:00:00+02:00,0.5929173694008542
2025,CO2/CO/NOx,2025-08-25 08:00:00+02:00,0.5641802463212151
2025,CO2/CO/NOx,2025-08-25 09:00:00+02:00,0.5115130048783681
2025,CO2/CO/NOx,2025-08-25 10:00:00+02:00,0.4650091216914727
2025,CO2/CO/NOx,2025-08-25 11:00:00+02:00,0.4270100206093081
2025,CO2/CO/NOx,2025-08-25 12:00:00+02:00,0.4087309193189647
2025,CO2/CO/NOx,2025-08-25 13:00:00+02:00,0.4060893568793237
2025,CO2/CO/NOx,2025-08-25 14:00:00+02:00,0.4140822881819595
2025,CO2/CO/NOx,2025-08-25 15:00:00+02:00,0.4222303425998034
2025,CO2/CO/NOx,2025-08-25 16:00:00+02:00,0.42439994299668254
2025,CO2/CO/NOx,2025-08-25 17:00:00+02:00,0.42060060031820157
2025,CO2/CO/NOx,2025-08-25 18:00:00+02:00,0.411097564681189
2025,CO2/CO/NOx,2025-08-25 19:00:00+02:00,0.39635808017062485
2025,CO2/CO/NOx,2025-08-25 20:00:00+02:00,0.3877169952754088
2025,CO2/CO/NOx,2025-08-25 21:00:00+02:00,0.3914131940728643
2025,CO2/CO/NOx,2025-08-25 22:00:00+02:00,0.39555724556352706
2025,CO2/CO/NOx,2025-08-25 23:00:00+02:00,0.39989898026270115
2025,CO2/CO/NOx,2025-08-26 00:00:00+02:00,0.4007912053225966
2025,CO2/CO/NOx,2025-08-26 01:00:00+02:00,0.4133842136700563
2025,CO2/CO/NOx,2025-08-26 02:00:00+02:00,0.4435710069062585
2025,CO2/CO/NOx,2025-08-26 03:00:00+02:00,0.47601681324475426
2025,CO2/CO/NOx,2025-08-26 04:00:00+02:00,0.4980619474198678
2025,CO2/CO/NOx,2025-08-26 05:00:00+02:00,0.5152525346544441
2025,CO2/CO/NOx,2025-08-26 06:00:00+02:00,0.5222158173835635
2025,CO2/CO/NOx,2025-08-26 07:00:00+02:00,0.5042049102767365
2025,CO2/CO/NOx,2025-08-26 08:00:00+02:00,0.47201137216637423
2025,CO2/CO/NOx,2025-08-26 09:00:00+02:00,0.43282986342148827
2025,CO2/CO/NOx,2025-08-26 10:00:00+02:00,0.4059020380793232
2025,CO2/CO/NOx,2025-08-26 11:00:00+02:00,0.3990635884173569
2025,CO2/CO/NOx,2025-08-26 12:00:00+02:00,0.3852455473311744
2025,CO2/CO/NOx,2025-08-26 13:00:00+02:00,0.3824882265732838
2025,CO2/CO/NOx,2025-08-26 14:00:00+02:00,0.3835414688312547
2025,CO2/CO/NOx,2025-08-26 15:00:00+02:00,0.3856743502500667
2025,CO2/CO/NOx,2025-08-26 16:00:00+02:00,0.3784902805404378
2025,CO2/CO/NOx,2025-08-26 17:00:00+02:00,0.37158500765808694
2025,CO2/CO/NOx,2025-08-26 18:00:00+02:00,0.369392280419434
2025,CO2/CO/NOx,2025-08-26 19:00:00+02:00,0.3607549005985095
2025,CO2/CO/NOx,2025-08-26 20:00:00+02:00,0.35908963926298554
2025,CO2/CO/NOx,2025-08-26 21:00:00+02:00,0.3440562235474203
2025,CO2/CO/NOx,2025-08-26 22:00:00+02:00,0.33618855095060685
2025,CO2/CO/NOx,2025-08-26 23:00:00+02:00,0.322919062352809
2025,CO2/CO/NOx,2025-08-27 00:00:00+02:00,0.3076681371981515
2025,CO2/CO/NOx,2025-08-27 01:00:00+02:00,0.31052583608374956
2025,CO2/CO/NOx,2025-08-27 02:00:00+02:00,0.320371658685438
2025,CO2/CO/NOx,2025-08-27 03:00:00+02:00,0.33938074318914263
2025,CO2/CO/NOx,2025-08-27 04:00:00+02:00,0.35111498722016954
2025,CO2/CO/NOx,2025-08-27 05:00:00+02:00,0.3647873865597167
2025,CO2/CO/NOx,2025-08-27 06:00:00+02:00,0.3722114953835385
2025,CO2/CO/NOx,2025-08-27 07:00:00+02:00,0.36987185199442113
2025,CO2/CO/NOx,2025-08-27 08:00:00+02:00,0.35996918384997567
2025,CO2/CO/NOx,2025-08-27 09:00:00+02:00,0.3466351644543489
2025,CO2/CO/NOx,2025-08-27 10:00:00+02:00,0.3468372353069057
2025,CO2/CO/NOx,2025-08-27 11:00:00+02:00,0.34190658280318836
2025,CO2/CO/NOx,2025-08-27 12:00:00+02:00,0.3381561165475756
2025,CO2/CO/NOx,2025-08-27 13:00:00+02:00,0.33387704175748517
2025,CO2/CO/NOx,2025-08-27 14:00:00+02:00,0.3331486050111986
2025,CO2/CO/NOx,2025-08-27 15:00:00+02:00,0.33353393413844756
2025,CO2/CO/NOx,2025-08-27 16:00:00+02:00,0.33374186132955436
2025,CO2/CO/NOx,2025-08-27 17:00:00+02:00,0.33554383189050424
2025,CO2/CO/NOx,2025-08-27 18:00:00+02:00,0.34115486507095294
2025,CO2/CO/NOx,2025-08-27 19:00:00+02:00,0.3427264791928796
2025,CO2/CO/NOx,2025-08-27 20:00:00+02:00,0.3384387656890976
2025,CO2/CO/NOx,2025-08-27 21:00:00+02:00,0.3315251319770085
2025,CO2/CO/NOx,2025-08-27 22:00:00+02:00,0.3230608918883205
2025,CO2/CO/NOx,2025-08-27 23:00:00+02:00,0.31348458070800156
2025,CO2/CO/NOx,2025-08-28 00:00:00+02:00,0.3010541501163394
2025,CO2/CO/NOx,2025-08-28 01:00:00+02:00,0.30086148245978067
2025,CO2/CO/NOx,2025-08-28 02:00:00+02:00,0.30748992311006335
2025,CO2/CO/NOx,2025-08-28 03:00:00+02:00,0.3183989277438905
2025,CO2/CO/NOx,2025-08-28 04:00:00+02:00,0.329442277258369
2025,CO2/CO/NOx,2025-08-28 05:00:00+02:00,0.33936380190389387
2025,CO2/CO/NOx,2025-08-28 06:00:00+02:00,0.34911446164553844
2025,CO2/CO/NOx,2025-08-28 07:00:00+02:00,0.35384811114269055
2025,CO2/CO/NOx,2025-08-28 08:00:00+02:00,0.35260291960194395
2025,CO2/CO/NOx,2025-08-28 09:00:00+02:00,0.3455184099725315
2025,CO2/CO/NOx,2025-08-28 10:00:00+02:00,0.344476740732819
2025,CO2/CO/NOx,2025-08-28 11:00:00+02:00,0.3415790593313899
2025,CO2/CO/NOx,2025-08-28 12:00:00+02:00,0.337413919771182
2025,CO2/CO/NOx,2025-08-28 13:00:00+02:00,0.3394417639964286
2025,CO2/CO/NOx,2025-08-28 14:00:00+02:00,0.3439385104069451
2025,CO2/CO/NOx,2025-08-28 15:00:00+02:00,0.34990164019869713
2025,CO2/CO/NOx,2025-08-28 16:00:00+02:00,0.35481113028531586
2025,CO2/CO/NOx,2025-08-28 17:00:00+02:00,0.3575727277705806
2025,CO2/CO/NOx,2025-08-28 18:00:00+02:00,0.3628382624235606
2025,CO2/CO/NOx,2025-08-28 19:00:00+02:00,0.3613046184482756
2025,CO2/CO/NOx,2025-08-28 20:00:00+02:00,0.35527682677026556
2025,CO2/CO/NOx,2025-08-28 21:00:00+02:00,0.3449270633154008
2025,CO2/CO/NOx,2025-08-28 22:00:00+02:00,0.3356026475680923
2025,CO2/CO/NOx,2025-08-28 23:00:00+02:00,0.32784596010066275
2025,CO2/CO/NOx,2025-08-29 00:00:00+02:00,0.3172301465966984
2025,CO2/CO/NOx,2025-08-29 01:00:00+02:00,0.3191822081228091
2025,CO2/CO/NOx,2025-08-29 02:00:00+02:00,0.32884128929049605
2025,CO2/CO/NOx,2025-08-29 03:00:00+02:00,0.3479091509850446
2025,CO2/CO/NOx,2025-08-29 04:00:00+02:00,0.3671245939442995
2025,CO2/CO/NOx,2025-08-29 05:00:00+02:00,0.3873597617510578
2025,CO2/CO/NOx,2025-08-29 06:00:00+02:00,0.40438745747916316
2025,CO2/CO/NOx,2025-08-29 07:00:00+02:00,0.41919626180784164
2025,CO2/CO/NOx,2025-08-29 08:00:00+02:00,0.4250939870123143
2025,CO2/CO/NOx,2025-08-29 09:00:00+02:00,0.41703062172115063
2025,CO2/CO/NOx,2025-08-29 10:00:00+02:00,0.4091714690354285
2025,CO2/CO/NOx,2025-08-29 11:00:00+02:00,0.39603634246972896
2025,CO2/CO/NOx,2025-08-29 12:00:00+02:00,0.3821687315808553
2025,CO2/CO/NOx,2025-08-29 13:00:00+02:00,0.3724825912957133
2025,CO2/CO/NOx,2025-08-29 14:00:00+02:00,0.3634048434128897
2025,CO2/CO/NOx,2025-08-29 15:00:00+02:00,0.36143750311199957
2025,CO2/CO/NOx,2025-08-29 16:00:00+02:00,0.3681641637827844
2025,CO2/CO/NOx,2025-08-29 17:00:00+02:00,0.3791914488697142
2025,CO2/CO/NOx,2025-08-29 18:00:00+02:00,0.3931137090935718
2025,CO2/CO/NOx,2025-08-29 19:00:00+02:00,0.39682814514299886
2025,CO2/CO/NOx,2025-08-29 20:00:00+02:00,0.39385673821489237
2025,CO2/CO/NOx,2025-08-29 21:00:00+02:00,0.3855906106116402
2025,CO2/CO/NOx,2025-08-29 22:00:00+02:00,0.37435456638928927
2025,CO2/CO/NOx,2025-08-29 23:00:00+02:00,0.3576658363888525
2025,CO2/CO/NOx,2025-08-30 00:00:00+02:00,0.3418771656888148
2025,CO2/CO/NOx,2025-08-30 01:00:00+02:00,0.3377889400824849
2025,CO2/CO/NOx,2025-08-30 02:00:00+02:00,0.3450397976781128
2025,CO2/CO/NOx,2025-08-30 03:00:00+02:00,0.3579971051786203
2025,CO2/CO/NOx,2025-08-30 04:00:00+02:00,0.36968634656367666
2025,CO2/CO/NOx,2025-08-30 05:00:00+02:00,0.387073700406641
2025,CO2/CO/NOx,2025-08-30 06:00:00+02:00,0.4058525003176765
2025,CO2/CO/NOx,2025-08-30 07:00:00+02:00,0.42232372338318636
2025,CO2/CO/NOx,2025-08-30 08:00:00+02:00,0.42650403800261455
2025,CO2/CO/NOx,2025-08-30 09:00:00+02:00,0.4229338186054053
2025,CO2/CO/NOx,2025-08-30 10:00:00+02:00,0.41663780585709814
2025,CO2/CO/NOx,2025-08-30 11:00:00+02:00,0.40417065825266785
2025,CO2/CO/NOx,2025-08-30 12:00:00+02:00,0.38547939480503135
2025,CO2/CO/NOx,2025-08-30 13:00:00+02:00,0.37332423034636064
2025,CO2/CO/NOx,2025-08-30 14:00:00+02:00,0.3707616580961742
2025,CO2/CO/NOx,2025-08-30 15:00:00+02:00,0.37453563205626245
2025,CO2/CO/NOx,2025-08-30 16:00:00+02:00,0.3843858680235931
2025,CO2/CO/NOx,2025-08-30 17:00:00+02:00,0.39635242667312104
2025,CO2/CO/NOx,2025-08-30 18:00:00+02:00,0.4155734435164005
2025,CO2/CO/NOx,2025-08-30 19:00:00+02:00,0.42682002782550976
2025,CO2/CO/NOx,2025-08-30 20:00:00+02:00,0.4257564723969504
2025,CO2/CO/NOx,2025-08-30 21:00:00+02:00,0.4165176901538876
2025,CO2/CO/NOx,2025-08-30 22:00:00+02:00,0.4049843374016157
2025,CO2/CO/NOx,2025-08-30 23:00:00+02:00,0.3919772214118141
2025,CO2/CO/NOx,2025-08-31 00:00:00+02:00,0.3766962957130021
2025,CO2/CO/NOx,2025-08-31 01:00:00+02:00,0.3654528863135369
2025,CO2/CO/NOx,2025-08-31 02:00:00+02:00,0.3682575488240341
2025,CO2/CO/NOx,2025-08-31 03:00:00+02:00,0.3862678019754306
2025,CO2/CO/NOx,2025-08-31 04:00:00+02:00,0.41250053188317054
2025,CO2/CO/NOx,2025-08-31 05:00:00+02:00,0.4450679161024933
2025,CO2/CO/NOx,2025-08-31 06:00:00+02:00,0.4730464196153379
2025,CO2/CO/NOx,2025-08-31 07:00:00+02:00,0.4876880441689705
2025,CO2/CO/NOx,2025-08-31 08:00:00+02:00,0.48290759892678287
2025,CO2/CO/NOx,2025-08-31 09:00:00+02:00,0.45942568377590687
2025,CO2/CO/NOx,2025-08-31 10:00:00+02:00,0.42674367142713365
2025,CO2/CO/NOx,2025-08-31 11:00:00+02:00,0.397228871895447
2025,CO2/CO/NOx,2025-08-31 12:00:00+02:00,0.37801520859931115
2025,CO2/CO/NOx,2025-08-31 13:00:00+02:00,0.3680226576458706
2025,CO2/CO/NOx,2025-08-31 14:00:00+02:00,0.37110849549392694
2025,CO2/CO/NOx,2025-08-31 15:00:00+02:00,0.3710151260498554
2025,CO2/CO/NOx,2025-08-31 16:00:00+02:00,0.3750107249040664
2025,CO2/CO/NOx,2025-08-31 17:00:00+02:00,0.37565603835485273
2025,CO2/CO/NOx,2025-08-31 18:00:00+02:00,0.37824832039018963
2025,CO2/CO/NOx,2025-08-31 19:00:00+02:00,0.3744845152308138
2025,CO2/CO/NOx,2025-08-31 20:00:00+02:00,0.3708227209546674
2025,CO2/CO/NOx,2025-08-31 21:00:00+02:00,0.37006166875228047
2025,CO2/CO/NOx,2025-08-31 22:00:00+02:00,0.36523635988682696
2025,CO2/CO/NOx,2025-08-31 23:00:00+02:00,0.3763689213538616
2025,CO2/CO/NOx,2025-09-01 00:00:00+02:00,0.3777213462167746
2025,CO2/CO/NOx,2025-09-01 01:00:00+02:00,0.3970084139665947
2025,CO2/CO/NOx,2025-09-01 02:00:00+02:00,0.4288615743620932
2025,CO2/CO/NOx,2025-09-01 03:00:00+02:00,0.4620815779030747
2025,CO2/CO/NOx,2025-09-01 04:00:00+02:00,0.48718117054216564
2025,CO2/CO/NOx,2025-09-01 05:00:00+02:00,0.5018674731733803
2025,CO2/CO/NOx,2025-09-01 06:00:00+02:00,0.506418830827198
2025,CO2/CO/NOx,2025-09-01 07:00:00+02:00,0.491283274350631
2025,CO2/CO/NOx,2025-09-01 08:00:00+02:00,0.4716125833800683
2025,CO2/CO/NOx,2025-09-01 09:00:00+02:00,0.4378025621674247
2025,CO2/CO/NOx,2025-09-01 10:00:00+02:00,0.41896594780711627
2025,CO2/CO/NOx,2025-09-01 11:00:00+02:00,0.40728709036875194
2025,CO2/CO/NOx,2025-09-01 12:00:00+02:00,0.3997106348487073
2025,CO2/CO/NOx,2025-09-01 13:00:00+02:00,0.40460146702789956
2025,CO2/CO/NOx,2025-09-01 14:00:00+02:00,0.40714105813412865
2025,CO2/CO/NOx,2025-09-01 15:00:00+02:00,0.41281292590873153
2025,CO2/CO/NOx,2025-09-01 16:00:00+02:00,0.4103225701197814
2025,CO2/CO/NOx,2025-09-01 17:00:00+02:00,0.4083299614835457
2025,CO2/CO/NOx,2025-09-01 18:00:00+02:00,0.4094477152760861
2025,CO2/CO/NOx,2025-09-01 19:00:00+02:00,0.4023373790395514
2025,CO2/CO/NOx,2025-09-01 20:00:00+02:00,0.3873429263219286
2025,CO2/CO/NOx,2025-09-01 21:00:00+02:00,0.37397930740862734
2025,CO2/CO/NOx,2025-09-01 22:00:00+02:00,0.36282483774277635
2025,CO2/CO/NOx,2025-09-01 23:00:00+02:00,0.3549601003331053
2025,CO2/CO/NOx,2025-09-02 00:00:00+02:00,0.3510536778263247
2025,CO2/CO/NOx,2025-09-02 01:00:00+02:00,0.3601245404190197
2025,CO2/CO/NOx,2025-09-02 02:00:00+02:00,0.38186487270163133
2025,CO2/CO/NOx,2025-09-02 03:00:00+02:00,0.4108088164076019
2025,CO2/CO/NOx,2025-09-02 04:00:00+02:00,0.4343547199035493
2025,CO2/CO/NOx,2025-09-02 05:00:00+02:00,0.4533063598600437
2025,CO2/CO/NOx,2025-09-02 06:00:00+02:00,0.46872055758220144
2025,CO2/CO/NOx,2025-09-02 07:00:00+02:00,0.4732197161010743
2025,CO2/CO/NOx,2025-09-02 08:00:00+02:00,0.4691824489633836
2025,CO2/CO/NOx,2025-09-02 09:00:00+02:00,0.4576224900197153
2025,CO2/CO/NOx,2025-09-02 10:00:00+02:00,0.4539344406131766
2025,CO2/CO/NOx,2025-09-02 11:00:00+02:00,0.4507549406446542
2025,CO2/CO/NOx,2025-09-02 12:00:00+02:00,0.4445012051279323
2025,CO2/CO/NOx,2025-09-02 13:00:00+02:00,0.43944008662489586
2025,CO2/CO/NOx,2025-09-02 14:00:00+02:00,0.43621670969372867
2025,CO2/CO/NOx,2025-09-02 15:00:00+02:00,0.4353889809106936
2025,CO2/CO/NOx,2025-09-02 16:00:00+02:00,0.4323843115039854
2025,CO2/CO/NOx,2025-09-02 17:00:00+02:00,0.4292721630829571
2025,CO2/CO/NOx,2025-09-02 18:00:00+02:00,0.4356165850219957
2025,CO2/CO/NOx,2025-09-02 19:00:00+02:00,0.44395563370841296
2025,CO2/CO/NOx,2025-09-02 20:00:00+02:00,0.44934491129698517
2025,CO2/CO/NOx,2025-09-02 21:00:00+02:00,0.4539988274332686
2025,CO2/CO/NOx,2025-09-02 22:00:00+02:00,0.45892338658585907
2025,CO2/CO/NOx,2025-09-02 23:00:00+02:00,0.4603318686098646
2025,CO2/CO/NOx,2025-09-03 00:00:00+02:00,0.45740130132547807
2025,CO2/CO/NOx,2025-09-03 01:00:00+02:00,0.46601852724219744
2025,CO2/CO/NOx,2025-09-03 02:00:00+02:00,0.47861283258991677
2025,CO2/CO/NOx,2025-09-03 03:00:00+02:00,0.499990774050243
2025,CO2/CO/NOx,2025-09-03 04:00:00+02:00,0.5221431336440208
2025,CO2/CO/NOx,2025-09-03 05:00:00+02:00,0.5420735474180072
2025,CO2/CO/NOx,2025-09-03 06:00:00+02:00,0.5560593964864797
2025,CO2/CO/NOx,2025-09-03 07:00:00+02:00,0.5510112977017275
2025,CO2/CO/NOx,2025-09-03 08:00:00+02:00,0.529859168643171
2025,CO2/CO/NOx,2025-09-03 09:00:00+02:00,0.4994621041326021
2025,CO2/CO/NOx,2025-09-03 10:00:00+02:00,0.4738147764989854
2025,CO2/CO/NOx,2025-09-03 11:00:00+02:00,0.44729885234131833
2025,CO2/CO/NOx,2025-09-03 12:00:00+02:00,0.42887538578731665
2025,CO2/CO/NOx,2025-09-03 13:00:00+02:00,0.4168860878227669
2025,CO2/CO/NOx,2025-09-03 14:00:00+02:00,0.40942503769084854
2025,CO2/CO/NOx,2025-09-03 15:00:00+02:00,0.4007177122005434
2025,CO2/CO/NOx,2025-09-03 16:00:00+02:00,0.3951279199601925
2025,CO2/CO/NOx,2025-09-03 17:00:00+02:00,0.39307216344022355
2025,CO2/CO/NOx,2025-09-03 18:00:00+02:00,0.40035860614247404
2025,CO2/CO/NOx,2025-09-03 19:00:00+02:00,0.40133094087724236
2025,CO2/CO/NOx,2025-09-03 20:00:00+02:00,0.3991127580862676
2025,CO2/CO/NOx,2025-09-03 21:00:00+02:00,0.39451943141289875
2025,CO2/CO/NOx,2025-09-03 22:00:00+02:00,0.38300247698976475
2025,CO2/CO/NOx,2025-09-03 23:00:00+02:00,0.36946567369287164
2025,CO2/CO/NOx,2025-09-04 00:00:00+02:00,0.34818234965286865
2025,CO2/CO/NOx,2025-09-04 01:00:00+02:00,0.34560473705421685
2025,CO2/CO/NOx,2025-09-04 02:00:00+02:00,0.35533179892972233
2025,CO2/CO/NOx,2025-09-04 03:00:00+02:00,0.3788866548484311
2025,CO2/CO/NOx,2025-09-04 04:00:00+02:00,0.3928809809803308
2025,CO2/CO/NOx,2025-09-04 05:00:00+02:00,0.4085029835764654
2025,CO2/CO/NOx,2025-09-04 06:00:00+02:00,0.41844062588374425
2025,CO2/CO/NOx,2025-09-04 07:00:00+02:00,0.4180476047636881
2025,CO2/CO/NOx,2025-09-04 08:00:00+02:00,0.40844544171522035
2025,CO2/CO/NOx,2025-09-04 09:00:00+02:00,0.3891701121164695
2025,CO2/CO/NOx,2025-09-04 10:00:00+02:00,0.37956915083014536
2025,CO2/CO/NOx,2025-09-04 11:00:00+02:00,0.37256695333420126
2025,CO2/CO/NOx,2025-09-04 12:00:00+02:00,0.3681323813559335
2025,CO2/CO/NOx,2025-09-04 13:00:00+02:00,0.3638699297267959
2025,CO2/CO/NOx,2025-09-04 14:00:00+02:00,0.36852269667164117
2025,CO2/CO/NOx,2025-09-04 15:00:00+02:00,0.3733217320338432
2025,CO2/CO/NOx,2025-09-04 16:00:00+02:00,0.37749829998562173
2025,CO2/CO/NOx,2025-09-04 17:00:00+02:00,0.3778621685499178
2025,CO2/CO/NOx,2025-09-04 18:00:00+02:00,0.38487551853456736
2025,CO2/CO/NOx,2025-09-04 19:00:00+02:00,0.38487901206363645
2025,CO2/CO/NOx,2025-09-04 20:00:00+02:00,0.3792985490172677
2025,CO2/CO/NOx,2025-09-04 21:00:00+02:00,0.37053153689072926
2025,CO2/CO/NOx,2025-09-04 22:00:00+02:00,0.3601612489289056
2025,CO2/CO/NOx,2025-09-04 23:00:00+02:00,0.3516328821340686
2025,CO2/CO/NOx,2025-09-05 00:00:00+02:00,0.34121708782833443
2025,CO2/CO/NOx,2025-09-05 01:00:00+02:00,0.341490184801838
2025,CO2/CO/NOx,2025-09-05 02:00:00+02:00,0.351547710877401
2025,CO2/CO/NOx,2025-09-05 03:00:00+02:00,0.37266627008778064
2025,CO2/CO/NOx,2025-09-05 04:00:00+02:00,0.38999161654756226
2025,CO2/CO/NOx,2025-09-05 05:00:00+02:00,0.4078531211645731
2025,CO2/CO/NOx,2025-09-05 06:00:00+02:00,0.425406828946808
2025,CO2/CO/NOx,2025-09-05 07:00:00+02:00,0.43856208825515647
2025,CO2/CO/NOx,2025-09-05 08:00:00+02:00,0.44938161568548474
2025,CO2/CO/NOx,2025-09-05 09:00:00+02:00,0.4510389993024569
2025,CO2/CO/NOx,2025-09-05 10:00:00+02:00,0.4571238475230633
2025,CO2/CO/NOx,2025-09-05 11:00:00+02:00,0.462325523132921
2025,CO2/CO/NOx,2025-09-05 12:00:00+02:00,0.46003582641972024
2025,CO2/CO/NOx,2025-09-05 13:00:00+02:00,0.4650929863244817
2025,CO2/CO/NOx,2025-09-05 14:00:00+02:00,0.47793635161032283
2025,CO2/CO/NOx,2025-09-05 15:00:00+02:00,0.4945713088342281
2025,CO2/CO/NOx,2025-09-05 16:00:00+02:00,0.510315747784114
2025,CO2/CO/NOx,2025-09-05 17:00:00+02:00,0.5241668303793057
2025,CO2/CO/NOx,2025-09-05 18:00:00+02:00,0.5382400914181207
2025,CO2/CO/NOx,2025-09-05 19:00:00+02:00,0.551268968930089
2025,CO2/CO/NOx,2025-09-05 20:00:00+02:00,0.5547776831441827
2025,CO2/CO/NOx,2025-09-05 21:00:00+02:00,0.5594054392009745
2025,CO2/CO/NOx,2025-09-05 22:00:00+02:00,0.5800061332801106
2025,CO2/CO/NOx,2025-09-05 23:00:00+02:00,0.5967035932797238
2025,CO2/CO/NOx,2025-09-06 00:00:00+02:00,0.6011994749325524
2025,CO2/CO/NOx,2025-09-06 01:00:00+02:00,0.613185073347736
2025,CO2/CO/NOx,2025-09-06 02:00:00+02:00,0.6434326743257839
2025,CO2/CO/NOx,2025-09-06 03:00:00+02:00,0.6869536457426907
2025,CO2/CO/NOx,2025-09-06 04:00:00+02:00,0.7257409106856098
2025,CO2/CO/NOx,2025-09-06 05:00:00+02:00,0.7563317234898683
2025,CO2/CO/NOx,2025-09-06 06:00:00+02:00,0.7796867230865167
2025,CO2/CO/NOx,2025-09-06 07:00:00+02:00,0.7788422656671634
2025,CO2/CO/NOx,2025-09-06 08:00:00+02:00,0.7436342633720326
2025,CO2/CO/NOx,2025-09-06 09:00:00+02:00,0.6845283569991065
2025,CO2/CO/NOx,2025-09-06 10:00:00+02:00,0.632063076046271
2025,CO2/CO/NOx,2025-09-06 11:00:00+02:00,0.5945344059469035
2025,CO2/CO/NOx,2025-09-06 12:00:00+02:00,0.5629582544337046
2025,CO2/CO/NOx,2025-09-06 13:00:00+02:00,0.5464186802237724
2025,CO2/CO/NOx,2025-09-06 14:00:00+02:00,0.542577563923839
2025,CO2/CO/NOx,2025-09-06 15:00:00+02:00,0.5458369116771752
2025,CO2/CO/NOx,2025-09-06 16:00:00+02:00,0.5612547358082819
2025,CO2/CO/NOx,2025-09-06 17:00:00+02:00,0.5697572560397745
2025,CO2/CO/NOx,2025-09-06 18:00:00+02:00,0.5720436310159085
2025,CO2/CO/NOx,2025-09-06 19:00:00+02:00,0.5569743853365553
2025,CO2/CO/NOx,2025-09-06 20:00:00+02:00,0.5281669492173305
2025,CO2/CO/NOx,2025-09-06 21:00:00+02:00,0.5001709972005113
2025,CO2/CO/NOx,2025-09-06 22:00:00+02:00,0.48117605517083056
2025,CO2/CO/NOx,2025-09-06 23:00:00+02:00,0.47172581135433644
2025,CO2/CO/NOx,2025-09-07 00:00:00+02:00,0.47057806938726177
2025,CO2/CO/NOx,2025-09-07 01:00:00+02:00,0.4987170687330844
2025,CO2/CO/NOx,2025-09-07 02:00:00+02:00,0.5353258071648191
2025,CO2/CO/NOx,2025-09-07 03:00:00+02:00,0.5787666895310825
2025,CO2/CO/NOx,2025-09-07 04:00:00+02:00,0.6084133227050373
2025,CO2/CO/NOx,2025-09-07 05:00:00+02:00,0.6335741109849545
2025,CO2/CO/NOx,2025-09-07 06:00:00+02:00,0.6541186157389743
2025,CO2/CO/NOx,2025-09-07 07:00:00+02:00,0.659166251999271
2025,CO2/CO/NOx,2025-09-07 08:00:00+02:00,0.6390479210449226
2025,CO2/CO/NOx,2025-09-07 09:00:00+02:00,0.5909496111339604
2025,CO2/CO/NOx,2025-09-07 10:00:00+02:00,0.5435433627539431
2025,CO2/CO/NOx,2025-09-07 11:00:00+02:00,0.5040021586126606
2025,CO2/CO/NOx,2025-09-07 12:00:00+02:00,0.4697311200066621
2025,CO2/CO/NOx,2025-09-07 13:00:00+02:00,0.4474913050690572
2025,CO2/CO/NOx,2025-09-07 14:00:00+02:00,0.43735310057681914
2025,CO2/CO/NOx,2025-09-07 15:00:00+02:00,0.4388668793863027
2025,CO2/CO/NOx,2025-09-07 16:00:00+02:00,0.4514731074528991
2025,CO2/CO/NOx,2025-09-07 17:00:00+02:00,0.4545145403654931
2025,CO2/CO/NOx,2025-09-07 18:00:00+02:00,0.4645743550139704
2025,CO2/CO/NOx,2025-09-07 19:00:00+02:00,0.4638388499406731
2025,CO2/CO/NOx,2025-09-07 20:00:00+02:00,0.4601815668212149
2025,CO2/CO/NOx,2025-09-07 21:00:00+02:00,0.4594157387842139
2025,CO2/CO/NOx,2025-09-07 22:00:00+02:00,0.4612837196851561
2025,CO2/CO/NOx,2025-09-07 23:00:00+02:00,0.45716584082117745
2025,CO2/CO/NOx,2025-09-08 00:00:00+02:00,0.4534191016555673
2025,CO2/CO/NOx,2025-09-08 01:00:00+02:00,0.46932883256125213
2025,CO2/CO/NOx,2025-09-08 02:00:00+02:00,0.4976752821864632
2025,CO2/CO/NOx,2025-09-08 03:00:00+02:00,0.5452937384713694
2025,CO2/CO/NOx,2025-09-08 04:00:00+02:00,0.5784186195704337
2025,CO2/CO/NOx,2025-09-08 05:00:00+02:00,0.6014179630149762
2025,CO2/CO/NOx,2025-09-08 06:00:00+02:00,0.6158665533467632
2025,CO2/CO/NOx,2025-09-08 07:00:00+02:00,0.6103562289612109
2025,CO2/CO/NOx,2025-09-08 08:00:00+02:00,0.5760558015411051
2025,CO2/CO/NOx,2025-09-08 09:00:00+02:00,0.525481087088193
2025,CO2/CO/NOx,2025-09-08 10:00:00+02:00,0.47973810369053516
2025,CO2/CO/NOx,2025-09-08 11:00:00+02:00,0.44659614269976516
2025,CO2/CO/NOx,2025-09-08 12:00:00+02:00,0.43483135683183183
2025,CO2/CO/NOx,2025-09-08 13:00:00+02:00,0.4271112946148733
2025,CO2/CO/NOx,2025-09-08 14:00:00+02:00,0.4277261521273769
2025,CO2/CO/NOx,2025-09-08 15:00:00+02:00,0.43103700186758476
2025,CO2/CO/NOx,2025-09-08 16:00:00+02:00,0.4352430126205137
2025,CO2/CO/NOx,2025-09-08 17:00:00+02:00,0.4310666576080081
2025,CO2/CO/NOx,2025-09-08 18:00:00+02:00,0.4307310607539471
2025,CO2/CO/NOx,2025-09-08 19:00:00+02:00,0.4207425303155879
2025,CO2/CO/NOx,2025-09-08 20:00:00+02:00,0.40911412704890865
2025,CO2/CO/NOx,2025-09-08 21:00:00+02:00,0.40114958764271214
2025,CO2/CO/NOx,2025-09-08 22:00:00+02:00,0.38798621577898484
2025,CO2/CO/NOx,2025-09-08 23:00:00+02:00,0.3821139106268433
2025,CO2/CO/NOx,2025-09-09 00:00:00+02:00,0.37085536874116126
2025,CO2/CO/NOx,2025-09-09 01:00:00+02:00,0.3755739107770701
2025,CO2/CO/NOx,2025-09-09 02:00:00+02:00,0.39158098693512516
2025,CO2/CO/NOx,2025-09-09 03:00:00+02:00,0.4213952145666546
2025,CO2/CO/NOx,2025-09-09 04:00:00+02:00,0.4444712067850634
2025,CO2/CO/NOx,2025-09-09 05:00:00+02:00,0.4601413317286523
2025,CO2/CO/NOx,2025-09-09 06:00:00+02:00,0.4714144064629913
2025,CO2/CO/NOx,2025-09-09 07:00:00+02:00,0.46957997101806304
2025,CO2/CO/NOx,2025-09-09 08:00:00+02:00,0.45540168197454933
2025,CO2/CO/NOx,2025-09-09 09:00:00+02:00,0.4284346244387051
2025,CO2/CO/NOx,2025-09-09 10:00:00+02:00,0.4138060242687572
2025,CO2/CO/NOx,2025-09-09 11:00:00+02:00,0.4071110867565765
2025,CO2/CO/NOx,2025-09-09 12:00:00+02:00,0.407793625277397
2025,CO2/CO/NOx,2025-09-09 13:00:00+02:00,0.4127162190329812
2025,CO2/CO/NOx,2025-09-09 14:00:00+02:00,0.418867826418158
2025,CO2/CO/NOx,2025-09-09 15:00:00+02:00,0.4309489032878228
2025,CO2/CO/NOx,2025-09-09 16:00:00+02:00,0.43715506419204847
2025,CO2/CO/NOx,2025-09-09 17:00:00+02:00,0.4393330442465486
2025,CO2/CO/NOx,2025-09-09 18:00:00+02:00,0.44132114718138266
2025,CO2/CO/NOx,2025-09-09 19:00:00+02:00,0.4353831531383542
2025,CO2/CO/NOx,2025-09-09 20:00:00+02:00,0.4271200296294052
2025,CO2/CO/NOx,2025-09-09 21:00:00+02:00,0.4218560649512619
2025,CO2/CO/NOx,2025-09-09 22:00:00+02:00,0.4244579359203064
2025,CO2/CO/NOx,2025-09-09 23:00:00+02:00,0.43902295763282356
2025,CO2/CO/NOx,2025-09-10 00:00:00+02:00,0.45986412718072295
2025,CO2/CO/NOx,2025-09-10 01:00:00+02:00,0.4890731091084914
2025,CO2/CO/NOx,2025-09-10 02:00:00+02:00,0.5196920858256159
2025,CO2/CO/NOx,2025-09-10 03:00:00+02:00,0.539543155593189
2025,CO2/CO/NOx,2025-09-10 04:00:00+02:00,0.5552312055080079
2025,CO2/CO/NOx,2025-09-10 05:00:00+02:00,0.570103625345658
2025,CO2/CO/NOx,2025-09-10 06:00:00+02:00,0.5835001851148346
2025,CO2/CO/NOx,2025-09-10 07:00:00+02:00,0.5949113601546059
2025,CO2/CO/NOx,2025-09-10 08:00:00+02:00,0.6028099965374994
2025,CO2/CO/NOx,2025-09-10 09:00:00+02:00,0.6031903046001281
2025,CO2/CO/NOx,2025-09-10 10:00:00+02:00,0.6039506460408138
2025,CO2/CO/NOx,2025-09-10 11:00:00+02:00,0.5988718281979767
2025,CO2/CO/NOx,2025-09-10 12:00:00+02:00,0.5857547697876587
2025,CO2/CO/NOx,2025-09-10 13:00:00+02:00,0.5850583667398129
2025,CO2/CO/NOx,2025-09-10 14:00:00+02:00,0.5800756201704039
2025,CO2/CO/NOx,2025-09-10 15:00:00+02:00,0.5756908942867809
2025,CO2/CO/NOx,2025-09-10 16:00:00+02:00,0.5610262668887065
2025,CO2/CO/NOx,2025-09-10 17:00:00+02:00,0.5481132260526147
2025,CO2/CO/NOx,2025-09-10 18:00:00+02:00,0.5502911780092026
2025,CO2/CO/NOx,2025-09-10 19:00:00+02:00,0.5497792724338
2025,CO2/CO/NOx,2025-09-10 20:00:00+02:00,0.5489386316671482
2025,CO2/CO/NOx,2025-09-10 21:00:00+02:00,0.5488756275142918
2025,CO2/CO/NOx,2025-09-10 22:00:00+02:00,0.5501162177143837
2025,CO2/CO/NOx,2025-09-10 23:00:00+02:00,0.5490002490837259
2025,CO2/CO/NOx,2025-09-11 00:00:00+02:00,0.5418735427367065
2025,CO2/CO/NOx,2025-09-11 01:00:00+02:00,0.5369992312384444
2025,CO2/CO/NOx,2025-09-11 02:00:00+02:00,0.5492711342377176
2025,CO2/CO/NOx,2025-09-11 03:00:00+02:00,0.5772683154062616
2025,CO2/CO/NOx,2025-09-11 04:00:00+02:00,0.6002838853499991
2025,CO2/CO/NOx,2025-09-11 05:00:00+02:00,0.6213380824139473
2025,CO2/CO/NOx,2025-09-11 06:00:00+02:00,0.6430496027643744
2025,CO2/CO/NOx,2025-09-11 07:00:00+02:00,0.6530773453472039
2025,CO2/CO/NOx,2025-09-11 08:00:00+02:00,0.6473448850621815
2025,CO2/CO/NOx,2025-09-11 09:00:00+02:00,0.6202413825712187
2025,CO2/CO/NOx,2025-09-11 10:00:00+02:00,0.5876390957546709
2025,CO2/CO/NOx,2025-09-11 11:00:00+02:00,0.5549526199786663
2025,CO2/CO/NOx,2025-09-11 12:00:00+02:00,0.5251113036152509
2025,CO2/CO/NOx,2025-09-11 13:00:00+02:00,0.5000845318954295
2025,CO2/CO/NOx,2025-09-11 14:00:00+02:00,0.4874684994928147
2025,CO2/CO/NOx,2025-09-11 15:00:00+02:00,0.4902906193738504
2025,CO2/CO/NOx,2025-09-11 16:00:00+02:00,0.49306336925738664
2025,CO2/CO/NOx,2025-09-11 17:00:00+02:00,0.4963751520803023
2025,CO2/CO/NOx,2025-09-11 18:00:00+02:00,0.5047935562045155
2025,CO2/CO/NOx,2025-09-11 19:00:00+02:00,0.5004914237473719
2025,CO2/CO/NOx,2025-09-11 20:00:00+02:00,0.4872408437215982
2025,CO2/CO/NOx,2025-09-11 21:00:00+02:00,0.46435870139625146
2025,CO2/CO/NOx,2025-09-11 22:00:00+02:00,0.43660164204218177
2025,CO2/CO/NOx,2025-09-11 23:00:00+02:00,0.4127914720949092
2025,CO2/CO/NOx,2025-09-12 00:00:00+02:00,0.38843240039019294
2025,CO2/CO/NOx,2025-09-12 01:00:00+02:00,0.37849608500498244
2025,CO2/CO/NOx,2025-09-12 02:00:00+02:00,0.386665517634789
2025,CO2/CO/NOx,2025-09-12 03:00:00+02:00,0.408924900704445
2025,CO2/CO/NOx,2025-09-12 04:00:00+02:00,0.431662817607485
2025,CO2/CO/NOx,2025-09-12 05:00:00+02:00,0.4541436508901905
2025,CO2/CO/NOx,2025-09-12 06:00:00+02:00,0.47231550952018386
2025,CO2/CO/NOx,2025-09-12 07:00:00+02:00,0.48433792756804794
2025,CO2/CO/NOx,2025-09-12 08:00:00+02:00,0.4818862914731186
2025,CO2/CO/NOx,2025-09-12 09:00:00+02:00,0.46660450715998214
2025,CO2/CO/NOx,2025-09-12 10:00:00+02:00,0.46036162188709745
2025,CO2/CO/NOx,2025-09-12 11:00:00+02:00,0.45314061020778357
2025,CO2/CO/NOx,2025-09-12 12:00:00+02:00,0.44398886630466866
2025,CO2/CO/NOx,2025-09-12 13:00:00+02:00,0.44318909056409245
2025,CO2/CO/NOx,2025-09-12 14:00:00+02:00,0.4448348431105339
2025,CO2/CO/NOx,2025-09-12 15:00:00+02:00,0.4487589731251323
2025,CO2/CO/NOx,2025-09-12 16:00:00+02:00,0.45595226175096965
2025,CO2/CO/NOx,2025-09-12 17:00:00+02:00,0.45436147262341176
2025,CO2/CO/NOx,2025-09-12 18:00:00+02:00,0.45055638467822234
2025,CO2/CO/NOx,2025-09-12 19:00:00+02:00,0.44515054500460444
2025,CO2/CO/NOx,2025-09-12 20:00:00+02:00,0.44041616632806374
2025,CO2/CO/NOx,2025-09-12 21:00:00+02:00,0.4352120699198432
2025,CO2/CO/NOx,2025-09-12 22:00:00+02:00,0.43388684766755603
2025,CO2/CO/NOx,2025-09-12 23:00:00+02:00,0.4334486318539063
2025,CO2/CO/NOx,2025-09-13 00:00:00+02:00,0.4334566868048993
2025,CO2/CO/NOx,2025-09-13 01:00:00+02:00,0.43632873262055283
2025,CO2/CO/NOx,2025-09-13 02:00:00+02:00,0.44182035330974884
2025,CO2/CO/NOx,2025-09-13 03:00:00+02:00,0.4588773656617183
2025,CO2/CO/NOx,2025-09-13 04:00:00+02:00,0.4885567902439378
2025,CO2/CO/NOx,2025-09-13 05:00:00+02:00,0.5188976858626616
2025,CO2/CO/NOx,2025-09-13 06:00:00+02:00,0.545169233601823
2025,CO2/CO/NOx,2025-09-13 07:00:00+02:00,0.5587879050938406
2025,CO2/CO/NOx,2025-09-13 08:00:00+02:00,0.5552491448808402
2025,CO2/CO/NOx,2025-09-13 09:00:00+02:00,0.5328115435627381
2025,CO2/CO/NOx,2025-09-13 10:00:00+02:00,0.49725500873832107
2025,CO2/CO/NOx,2025-09-13 11:00:00+02:00,0.4608362437319135
2025,CO2/CO/NOx,2025-09-13 12:00:00+02:00,0.43597217628824125
2025,CO2/CO/NOx,2025-09-13 13:00:00+02:00,0.42816997683518593
2025,CO2/CO/NOx,2025-09-13 14:00:00+02:00,0.4206164646980252
2025,CO2/CO/NOx,2025-09-13 15:00:00+02:00,0.4270082363571502
2025,CO2/CO/NOx,2025-09-13 16:00:00+02:00,0.434018002119013
2025,CO2/CO/NOx,2025-09-13 17:00:00+02:00,0.4466442629464332
2025,CO2/CO/NOx,2025-09-13 18:00:00+02:00,0.45780668780436995
2025,CO2/CO/NOx,2025-09-13 19:00:00+02:00,0.45573737795139874
2025,CO2/CO/NOx,2025-09-13 20:00:00+02:00,0.44629935185476316
2025,CO2/CO/NOx,2025-09-13 21:00:00+02:00,0.4314231387199344
2025,CO2/CO/NOx,2025-09-13 22:00:00+02:00,0.4126858221701277
2025,CO2/CO/NOx,2025-09-13 23:00:00+02:00,0.3901627289284395
2025,CO2/CO/NOx,2025-09-14 00:00:00+02:00,0.3723318245446804
2025,CO2/CO/NOx,2025-09-14 01:00:00+02:00,0.3614044967858387
2025,CO2/CO/NOx,2025-09-14 02:00:00+02:00,0.3682168922298633
2025,CO2/CO/NOx,2025-09-14 03:00:00+02:00,0.38812315431454986
2025,CO2/CO/NOx,2025-09-14 04:00:00+02:00,0.41809327474842584
2025,CO2/CO/NOx,2025-09-14 05:00:00+02:00,0.45056227054624903
2025,CO2/CO/NOx,2025-09-14 06:00:00+02:00,0.47671225278081447
2025,CO2/CO/NOx,2025-09-14 07:00:00+02:00,0.4889489297114612
2025,CO2/CO/NOx,2025-09-14 08:00:00+02:00,0.4929071142419637
2025,CO2/CO/NOx,2025-09-14 09:00:00+02:00,0.4894464848396279
2025,CO2/CO/NOx,2025-09-14 10:00:00+02:00,0.4894087684575541
2025,CO2/CO/NOx,2025-09-14 11:00:00+02:00,0.497524893548277
2025,CO2/CO/NOx,2025-09-14 12:00:00+02:00,0.5091883422281479
2025,CO2/CO/NOx,2025-09-14 13:00:00+02:00,0.5227914202865386
2025,CO2/CO/NOx,2025-09-14 14:00:00+02:00,0.5267281771208789
2025,CO2/CO/NOx,2025-09-14 15:00:00+02:00,0.5243428501113033
2025,CO2/CO/NOx,2025-09-14 16:00:00+02:00,0.5048603340108546
2025,CO2/CO/NOx,2025-09-14 17:00:00+02:00,0.49205764157997256
2025,CO2/CO/NOx,2025-09-14 18:00:00+02:00,0.49101734491995963
2025,CO2/CO/NOx,2025-09-14 19:00:00+02:00,0.4880063680920409
2025,CO2/CO/NOx,2025-09-14 20:00:00+02:00,0.4912985009772505
2025,CO2/CO/NOx,2025-09-14 21:00:00+02:00,0.49034362895569167
2025,CO2/CO/NOx,2025-09-14 22:00:00+02:00,0.48399670938621253
2025,CO2/CO/NOx,2025-09-14 23:00:00+02:00,0.47151994106088496
2025,CO2/CO/NOx,2025-09-15 00:00:00+02:00,0.45136028538497913
2025,CO2/CO/NOx,2025-09-15 01:00:00+02:00,0.4278739955816727
2025,CO2/CO/NOx,2025-09-15 02:00:00+02:00,0.4220181587584393
2025,CO2/CO/NOx,2025-09-15 03:00:00+02:00,0.43045372312561864
2025,CO2/CO/NOx,2025-09-15 04:00:00+02:00,0.43956959342066515
2025,CO2/CO/NOx,2025-09-15 05:00:00+02:00,0.45492921067231407
2025,CO2/CO/NOx,2025-09-15 06:00:00+02:00,0.47150564273756246
2025,CO2/CO/NOx,2025-09-15 07:00:00+02:00,0.4778632231271894
2025,CO2/CO/NOx,2025-09-15 08:00:00+02:00,0.47475217289375254
2025,CO2/CO/NOx,2025-09-15 09:00:00+02:00,0.4625101960426034
2025,CO2/CO/NOx,2025-09-15 10:00:00+02:00,0.45026121026874727
2025,CO2/CO/NOx,2025-09-15 11:00:00+02:00,0.43735741083882934
2025,CO2/CO/NOx,2025-09-15 12:00:00+02:00,0.4272609959198803
2025,CO2/CO/NOx,2025-09-15 13:00:00+02:00,0.41971876707504957
2025,CO2/CO/NOx,2025-09-15 14:00:00+02:00,0.41175073343741747
2025,CO2/CO/NOx,2025-09-15 15:00:00+02:00,0.4090242250962965
2025,CO2/CO/NOx,2025-09-15 16:00:00+02:00,0.40636251776021765
2025,CO2/CO/NOx,2025-09-15 17:00:00+02:00,0.4069495445667577
2025,CO2/CO/NOx,2025-09-15 18:00:00+02:00,0.4149974073457662
2025,CO2/CO/NOx,2025-09-15 19:00:00+02:00,0.4153749338478721
2025,CO2/CO/NOx,2025-09-15 20:00:00+02:00,0.4043456168758029
2025,CO2/CO/NOx,2025-09-15 21:00:00+02:00,0.38602361412772884
2025,CO2/CO/NOx,2025-09-15 22:00:00+02:00,0.3635804348069254
2025,CO2/CO/NOx,2025-09-15 23:00:00+02:00,0.34122236677664275
2025,CO2/CO/NOx,2025-09-16 00:00:00+02:00,0.3222750764929049
2025,CO2/CO/NOx,2025-09-16 01:00:00+02:00,0.32396762973753884
2025,CO2/CO/NOx,2025-09-16 02:00:00+02:00,0.3372381874629957
2025,CO2/CO/NOx,2025-09-16 03:00:00+02:00,0.3664362289522984
2025,CO2/CO/NOx,2025-09-16 04:00:00+02:00,0.394011948883584
2025,CO2/CO/NOx,2025-09-16 05:00:00+02:00,0.4168666403601397
2025,CO2/CO/NOx,2025-09-16 06:00:00+02:00,0.4343875536896046
2025,CO2/CO/NOx,2025-09-16 07:00:00+02:00,0.44265225387326174
2025,CO2/CO/NOx,2025-09-16 08:00:00+02:00,0.43870624198576236
2025,CO2/CO/NOx,2025-09-16 09:00:00+02:00,0.42687695373991164
2025,CO2/CO/NOx,2025-09-16 10:00:00+02:00,0.4220133062466128
2025,CO2/CO/NOx,2025-09-16 11:00:00+02:00,0.4154972013172999
2025,CO2/CO/NOx,2025-09-16 12:00:00+02:00,0.4119643283935023
2025,CO2/CO/NOx,2025-09-16 13:00:00+02:00,0.41144495269703396
2025,CO2/CO/NOx,2025-09-16 14:00:00+02:00,0.41479655838496554
2025,CO2/CO/NOx,2025-09-16 15:00:00+02:00,0.42128132656658684
2025,CO2/CO/NOx,2025-09-16 16:00:00+02:00,0.42667282892566366
2025,CO2/CO/NOx,2025-09-16 17:00:00+02:00,0.4335140195011261
2025,CO2/CO/NOx,2025-09-16 18:00:00+02:00,0.4410122613434238
2025,CO2/CO/NOx,2025-09-16 19:00:00+02:00,0.44301730802793443
2025,CO2/CO/NOx,2025-09-16 20:00:00+02:00,0.44447897579297213
2025,CO2/CO/NOx,2025-09-16 21:00:00+02:00,0.4490884867675082
2025,CO2/CO/NOx,2025-09-16 22:00:00+02:00,0.4578815073423055
2025,CO2/CO/NOx,2025-09-16 23:00:00+02:00,0.4668470089425257
2025,CO2/CO/NOx,2025-09-17 00:00:00+02:00,0.4716168255863763
2025,CO2/CO/NOx,2025-09-17 01:00:00+02:00,0.48875507591206047
2025,CO2/CO/NOx,2025-09-17 02:00:00+02:00,0.5090990200284871
2025,CO2/CO/NOx,2025-09-17 03:00:00+02:00,0.5405621364883373
2025,CO2/CO/NOx,2025-09-17 04:00:00+02:00,0.5766595775478368
2025,CO2/CO/NOx,2025-09-17 05:00:00+02:00,0.6154075951514096
2025,CO2/CO/NOx,2025-09-17 06:00:00+02:00,0.6509309908537388
2025,CO2/CO/NOx,2025-09-17 07:00:00+02:00,0.6725402585848627
2025,CO2/CO/NOx,2025-09-17 08:00:00+02:00,0.6688220585261027
2025,CO2/CO/NOx,2025-09-17 09:00:00+02:00,0.6393320814496459
2025,CO2/CO/NOx,2025-09-17 10:00:00+02:00,0.5979819953979731
2025,CO2/CO/NOx,2025-09-17 11:00:00+02:00,0.5517161649000556
2025,CO2/CO/NOx,2025-09-17 12:00:00+02:00,0.5179972382706304
2025,CO2/CO/NOx,2025-09-17 13:00:00+02:00,0.5052224691813679
2025,CO2/CO/NOx,2025-09-17 14:00:00+02:00,0.5028501579124848
2025,CO2/CO/NOx,2025-09-17 15:00:00+02:00,0.5163381551310802
2025,CO2/CO/NOx,2025-09-17 16:00:00+02:00,0.5366712045299878
2025,CO2/CO/NOx,2025-09-17 17:00:00+02:00,0.545675159400404
2025,CO2/CO/NOx,2025-09-17 18:00:00+02:00,0.5492031527559338
2025,CO2/CO/NOx,2025-09-17 19:00:00+02:00,0.5332356429604024
2025,CO2/CO/NOx,2025-09-17 20:00:00+02:00,0.5104298770747677
2025,CO2/CO/NOx,2025-09-17 21:00:00+02:00,0.47853229516558704
2025,CO2/CO/NOx,2025-09-17 22:00:00+02:00,0.45206144517377367
2025,CO2/CO/NOx,2025-09-17 23:00:00+02:00,0.424605876277763
2025,CO2/CO/NOx,2025-09-18 00:00:00+02:00,0.40198443901872927
2025,CO2/CO/NOx,2025-09-18 01:00:00+02:00,0.4004828028232451
2025,CO2/CO/NOx,2025-09-18 02:00:00+02:00,0.4170670133163618
2025,CO2/CO/NOx,2025-09-18 03:00:00+02:00,0.45616708209565676
2025,CO2/CO/NOx,2025-09-18 04:00:00+02:00,0.49138479121542233
2025,CO2/CO/NOx,2025-09-18 05:00:00+02:00,0.5234090159311148
2025,CO2/CO/NOx,2025-09-18 06:00:00+02:00,0.5439107788062902
2025,CO2/CO/NOx,2025-09-18 07:00:00+02:00,0.5458293683221455
2025,CO2/CO/NOx,2025-09-18 08:00:00+02:00,0.5236392262943961
2025,CO2/CO/NOx,2025-09-18 09:00:00+02:00,0.48255312276755824
2025,CO2/CO/NOx,2025-09-18 10:00:00+02:00,0.4498428119454872
2025,CO2/CO/NOx,2025-09-18 11:00:00+02:00,0.42560626856536576
2025,CO2/CO/NOx,2025-09-18 12:00:00+02:00,0.4103959118234363
2025,CO2/CO/NOx,2025-09-18 13:00:00+02:00,0.4003781331918251
2025,CO2/CO/NOx,2025-09-18 14:00:00+02:00,0.39495619879075056
2025,CO2/CO/NOx,2025-09-18 15:00:00+02:00,0.39176408317009564
2025,CO2/CO/NOx,2025-09-18 16:00:00+02:00,0.3968408305446992
2025,CO2/CO/NOx,2025-09-18 17:00:00+02:00,0.39742698833770174
2025,CO2/CO/NOx,2025-09-18 18:00:00+02:00,0.40843221333633273
2025,CO2/CO/NOx,2025-09-18 19:00:00+02:00,0.41744974659851697
2025,CO2/CO/NOx,2025-09-18 20:00:00+02:00,0.42364482286471183
2025,CO2/CO/NOx,2025-09-18 21:00:00+02:00,0.42807852079263903
2025,CO2/CO/NOx,2025-09-18 22:00:00+02:00,0.42656313333942353
2025,CO2/CO/NOx,2025-09-18 23:00:00+02:00,0.4180510119637595
2025,CO2/CO/NOx,2025-09-19 00:00:00+02:00,0.4068706371488719
2025,CO2/CO/NOx,2025-09-19 01:00:00+02:00,0.4089444215034463
2025,CO2/CO/NOx,2025-09-19 02:00:00+02:00,0.4251732849282856
2025,CO2/CO/NOx,2025-09-19 03:00:00+02:00,0.46236953721221696
2025,CO2/CO/NOx,2025-09-19 04:00:00+02:00,0.5006961339932611
2025,CO2/CO/NOx,2025-09-19 05:00:00+02:00,0.5323776761937539
2025,CO2/CO/NOx,2025-09-19 06:00:00+02:00,0.5551044654689669
2025,CO2/CO/NOx,2025-09-19 07:00:00+02:00,0.5550487638624826
2025,CO2/CO/NOx,2025-09-19 08:00:00+02:00,0.5324822198654943
2025,CO2/CO/NOx,2025-09-19 09:00:00+02:00,0.49271737436547675
2025,CO2/CO/NOx,2025-09-19 10:00:00+02:00,0.45200650818040117
2025,CO2/CO/NOx,2025-09-19 11:00:00+02:00,0.42236356286178584
2025,CO2/CO/NOx,2025-09-19 12:00:00+02:00,0.40896787328703865
2025,CO2/CO/NOx,2025-09-19 13:00:00+02:00,0.4080636571149544
2025,CO2/CO/NOx,2025-09-19 14:00:00+02:00,0.4171950233468466
2025,CO2/CO/NOx,2025-09-19 15:00:00+02:00,0.4223173033160562
2025,CO2/CO/NOx,2025-09-19 16:00:00+02:00,0.4229083854209126
2025,CO2/CO/NOx,2025-09-19 17:00:00+02:00,0.42058277654577114
2025,CO2/CO/NOx,2025-09-19 18:00:00+02:00,0.41825104131856866
2025,CO2/CO/NOx,2025-09-19 19:00:00+02:00,0.4070989843319373
2025,CO2/CO/NOx,2025-09-19 20:00:00+02:00,0.3913096993758639
2025,CO2/CO/NOx,2025-09-19 21:00:00+02:00,0.37867321355884953
2025,CO2/CO/NOx,2025-09-19 22:00:00+02:00,0.36876613723692947
2025,CO2/CO/NOx,2025-09-19 23:00:00+02:00,0.36717660921962475
2025,CO2/CO/NOx,2025-09-20 00:00:00+02:00,0.360756832578764
2025,CO2/CO/NOx,2025-09-20 01:00:00+02:00,0.36989998962741555
2025,CO2/CO/NOx,2025-09-20 02:00:00+02:00,0.3869523551662823
2025,CO2/CO/NOx,2025-09-20 03:00:00+02:00,0.41124054222214523
2025,CO2/CO/NOx,2025-09-20 04:00:00+02:00,0.43109912020831137
2025,CO2/CO/NOx,2025-09-20 05:00:00+02:00,0.44312119692948015
2025,CO2/CO/NOx,2025-09-20 06:00:00+02:00,0.44984157584350337
2025,CO2/CO/NOx,2025-09-20 07:00:00+02:00,0.4453902862022937
2025,CO2/CO/NOx,2025-09-20 08:00:00+02:00,0.434085451957578
2025,CO2/CO/NOx,2025-09-20 09:00:00+02:00,0.41722894770284247
2025,CO2/CO/NOx,2025-09-20 10:00:00+02:00,0.40350640835753127
2025,CO2/CO/NOx,2025-09-20 11:00:00+02:00,0.3921199519266474
2025,CO2/CO/NOx,2025-09-20 12:00:00+02:00,0.3876869361248977
2025,CO2/CO/NOx,2025-09-20 13:00:00+02:00,0.3878307590154792
2025,CO2/CO/NOx,2025-09-20 14:00:00+02:00,0.38827386682143067
2025,CO2/CO/NOx,2025-09-20 15:00:00+02:00,0.39223129986239424
2025,CO2/CO/NOx,2025-09-20 16:00:00+02:00,0.39198865111000203
2025,CO2/CO/NOx,2025-09-20 17:00:00+02:00,0.3914882033730884
2025,CO2/CO/NOx,2025-09-20 18:00:00+02:00,0.3928290986961938
2025,CO2/CO/NOx,2025-09-20 19:00:00+02:00,0.38522337229490045
2025,CO2/CO/NOx,2025-09-20 20:00:00+02:00,0.3751502046865346
2025,CO2/CO/NOx,2025-09-20 21:00:00+02:00,0.3635942782627418
2025,CO2/CO/NOx,2025-09-20 22:00:00+02:00,0.349982343360887
2025,CO2/CO/NOx,2025-09-20 23:00:00+02:00,0.3365848640775242
2025,CO2/CO/NOx,2025-09-21 00:00:00+02:00,0.32346450925468756
2025,CO2/CO/NOx,2025-09-21 01:00:00+02:00,0.31912029904740413
2025,CO2/CO/NOx,2025-09-21 02:00:00+02:00,0.32150223388734855
2025,CO2/CO/NOx,2025-09-21 03:00:00+02:00,0.3336203449736144
2025,CO2/CO/NOx,2025-09-21 04:00:00+02:00,0.344236379490703
2025,CO2/CO/NOx,2025-09-21 05:00:00+02:00,0.35829521640714984
2025,CO2/CO/NOx,2025-09-21 06:00:00+02:00,0.3702877624662606
2025,CO2/CO/NOx,2025-09-21 07:00:00+02:00,0.3784587625722693
2025,CO2/CO/NOx,2025-09-21 08:00:00+02:00,0.38125539708702766
2025,CO2/CO/NOx,2025-09-21 09:00:00+02:00,0.3756028575760956
2025,CO2/CO/NOx,2025-09-21 10:00:00+02:00,0.3724535828134465
2025,CO2/CO/NOx,2025-09-21 11:00:00+02:00,0.37016006507675553
2025,CO2/CO/NOx,2025-09-21 12:00:00+02:00,0.37255248518015394
2025,CO2/CO/NOx,2025-09-21 13:00:00+02:00,0.37521263930105814
2025,CO2/CO/NOx,2025-09-21 14:00:00+02:00,0.3795628170054853
2025,CO2/CO/NOx,2025-09-21 15:00:00+02:00,0.3838022382676294
2025,CO2/CO/NOx,2025-09-21 16:00:00+02:00,0.385396633200775
2025,CO2/CO/NOx,2025-09-21 17:00:00+02:00,0.3843494789134941
2025,CO2/CO/NOx,2025-09-21 18:00:00+02:00,0.38240678694467706
2025,CO2/CO/NOx,2025-09-21 19:00:00+02:00,0.3772020727008586
2025,CO2/CO/NOx,2025-09-21 20:00:00+02:00,0.3688721951851824
2025,CO2/CO/NOx,2025-09-21 21:00:00+02:00,0.3589842956843496
2025,CO2/CO/NOx,2025-09-21 22:00:00+02:00,0.34769673926955513
2025,CO2/CO/NOx,2025-09-21 23:00:00+02:00,0.33737076815873346
2025,CO2/CO/NOx,2025-09-22 00:00:00+02:00,0.3243437230342904
2025,CO2/CO/NOx,2025-09-22 01:00:00+02:00,0.3238320679807575
2025,CO2/CO/NOx,2025-09-22 02:00:00+02:00,0.3347726724458204
2025,CO2/CO/NOx,2025-09-22 03:00:00+02:00,0.3564755986361003
2025,CO2/CO/NOx,2025-09-22 04:00:00+02:00,0.37980499644668997
2025,CO2/CO/NOx,2025-09-22 05:00:00+02:00,0.4032527400283416
2025,CO2/CO/NOx,2025-09-22 06:00:00+02:00,0.42517698576423274
2025,CO2/CO/NOx,2025-09-22 07:00:00+02:00,0.4396659671047668
2025,CO2/CO/NOx,2025-09-22 08:00:00+02:00,0.4426370771971917
2025,CO2/CO/NOx,2025-09-22 09:00:00+02:00,0.4360640523402972
2025,CO2/CO/NOx,2025-09-22 10:00:00+02:00,0.43787970962308637
2025,CO2/CO/NOx,2025-09-22 11:00:00+02:00,0.4365077497485418
2025,CO2/CO/NOx,2025-09-22 12:00:00+02:00,0.44659316744681754
2025,CO2/CO/NOx,2025-09-22 13:00:00+02:00,0.46718667663572927
2025,CO2/CO/NOx,2025-09-22 14:00:00+02:00,0.493845373493536
2025,CO2/CO/NOx,2025-09-22 15:00:00+02:00,0.523337006266338
2025,CO2/CO/NOx,2025-09-22 16:00:00+02:00,0.5489778648860759
2025,CO2/CO/NOx,2025-09-22 17:00:00+02:00,0.5658172424694127
2025,CO2/CO/NOx,2025-09-22 18:00:00+02:00,0.5901459888454386
2025,CO2/CO/NOx,2025-09-22 19:00:00+02:00,0.6045567472814286
2025,CO2/CO/NOx,2025-09-22 20:00:00+02:00,0.6118516079839609
2025,CO2/CO/NOx,2025-09-22 21:00:00+02:00,0.628077740806099
2025,CO2/CO/NOx,2025-09-22 22:00:00+02:00,0.6421030044205817
2025,CO2/CO/NOx,2025-09-22 23:00:00+02:00,0.6468270159736806
2025,CO2/CO/NOx,2025-09-23 00:00:00+02:00,0.6429297541220576
2025,CO2/CO/NOx,2025-09-23 01:00:00+02:00,0.6516214372636737
2025,CO2/CO/NOx,2025-09-23 02:00:00+02:00,0.6699728835316613
2025,CO2/CO/NOx,2025-09-23 03:00:00+02:00,0.7030550869859649
2025,CO2/CO/NOx,2025-09-23 04:00:00+02:00,0.7361758075477848
2025,CO2/CO/NOx,2025-09-23 05:00:00+02:00,0.776109256918467
2025,CO2/CO/NOx,2025-09-23 06:00:00+02:00,0.8164153885422287
2025,CO2/CO/NOx,2025-09-23 07:00:00+02:00,0.8409330999559703
2025,CO2/CO/NOx,2025-09-23 08:00:00+02:00,0.8414439245623578
2025,CO2/CO/NOx,2025-09-23 09:00:00+02:00,0.8300779396275128
2025,CO2/CO/NOx,2025-09-23 10:00:00+02:00,0.8300558206625998
2025,CO2/CO/NOx,2025-09-23 11:00:00+02:00,0.8242026386330281
2025,CO2/CO/NOx,2025-09-23 12:00:00+02:00,0.8071009331546419
2025,CO2/CO/NOx,2025-09-23 13:00:00+02:00,0.793003438851162
2025,CO2/CO/NOx,2025-09-23 14:00:00+02:00,0.7827079985563161
2025,CO2/CO/NOx,2025-09-23 15:00:00+02:00,0.776977587658589
2025,CO2/CO/NOx,2025-09-23 16:00:00+02:00,0.7698653859663284
2025,CO2/CO/NOx,2025-09-23 17:00:00+02:00,0.7604867861110957
2025,CO2/CO/NOx,2025-09-23 18:00:00+02:00,0.7701998470614749
2025,CO2/CO/NOx,2025-09-23 19:00:00+02:00,0.7754691020615094
2025,CO2/CO/NOx,2025-09-23 20:00:00+02:00,0.770860621278493
2025,CO2/CO/NOx,2025-09-23 21:00:00+02:00,0.7588204481404865
2025,CO2/CO/NOx,2025-09-23 22:00:00+02:00,0.744191567854611
2025,CO2/CO/NOx,2025-09-23 23:00:00+02:00,0.7302866283326721
2025,CO2/CO/NOx,2025-09-24 00:00:00+02:00,0.7039366353278477
2025,CO2/CO/NOx,2025-09-24 01:00:00+02:00,0.6890535799381641
2025,CO2/CO/NOx,2025-09-24 02:00:00+02:00,0.6895970953967123
2025,CO2/CO/NOx,2025-09-24 03:00:00+02:00,0.7137631444797836
2025,CO2/CO/NOx,2025-09-24 04:00:00+02:00,0.7372361496712388
2025,CO2/CO/NOx,2025-09-24 05:00:00+02:00,0.7681120316906775
2025,CO2/CO/NOx,2025-09-24 06:00:00+02:00,0.8034820180107644
2025,CO2/CO/NOx,2025-09-24 07:00:00+02:00,0.829135089267092
2025,CO2/CO/NOx,2025-09-24 08:00:00+02:00,0.8421006080112007
2025,CO2/CO/NOx,2025-09-24 09:00:00+02:00,0.8344378737274663
2025,CO2/CO/NOx,2025-09-24 10:00:00+02:00,0.8295637444778249
2025,CO2/CO/NOx,2025-09-24 11:00:00+02:00,0.8226522741297589
2025,CO2/CO/NOx,2025-09-24 12:00:00+02:00,0.8155394616291503
2025,CO2/CO/NOx,2025-09-24 13:00:00+02:00,0.811258063534443
2025,CO2/CO/NOx,2025-09-24 14:00:00+02:00,0.8133291183700424
2025,CO2/CO/NOx,2025-09-24 15:00:00+02:00,0.82356790217884
2025,CO2/CO/NOx,2025-09-24 16:00:00+02:00,0.8288565458638438
2025,CO2/CO/NOx,2025-09-24 17:00:00+02:00,0.8323108071746941
2025,CO2/CO/NOx,2025-09-24 18:00:00+02:00,0.8414348026757358
2025,CO2/CO/NOx,2025-09-24 19:00:00+02:00,0.8344170766825563
2025,CO2/CO/NOx,2025-09-24 20:00:00+02:00,0.8209054141908896
2025,CO2/CO/NOx,2025-09-24 21:00:00+02:00,0.8036968324295688
2025,CO2/CO/NOx,2025-09-24 22:00:00+02:00,0.7810718796106408
2025,CO2/CO/NOx,2025-09-24 23:00:00+02:00,0.7636610277984206
2025,CO2/CO/NOx,2025-09-25 00:00:00+02:00,0.7407138099495287
2025,CO2/CO/NOx,2025-09-25 01:00:00+02:00,0.7332482367763691
2025,CO2/CO/NOx,2025-09-25 02:00:00+02:00,0.7466122882034678
2025,CO2/CO/NOx,2025-09-25 03:00:00+02:00,0.7781191770423317
2025,CO2/CO/NOx,2025-09-25 04:00:00+02:00,0.8077611478172455
2025,CO2/CO/NOx,2025-09-25 05:00:00+02:00,0.8412519815179961
2025,CO2/CO/NOx,2025-09-25 06:00:00+02:00,0.8725751935529199
2025,CO2/CO/NOx,2025-09-25 07:00:00+02:00,0.8881531431924085
2025,CO2/CO/NOx,2025-09-25 08:00:00+02:00,0.8881354424172395
2025,CO2/CO/NOx,2025-09-25 09:00:00+02:00,0.867397664729811
2025,CO2/CO/NOx,2025-09-25 10:00:00+02:00,0.8481757519897688
2025,CO2/CO/NOx,2025-09-25 11:00:00+02:00,0.8296524429863242
2025,CO2/CO/NOx,2025-09-25 12:00:00+02:00,0.8007559798829361
2025,CO2/CO/NOx,2025-09-25 13:00:00+02:00,0.7720663704574265
2025,CO2/CO/NOx,2025-09-25 14:00:00+02:00,0.7478983952828997
2025,CO2/CO/NOx,2025-09-25 15:00:00+02:00,0.7382214861658783
2025,CO2/CO/NOx,2025-09-25 16:00:00+02:00,0.7400963986952144
2025,CO2/CO/NOx,2025-09-25 17:00:00+02:00,0.7506671746769824
2025,CO2/CO/NOx,2025-09-25 18:00:00+02:00,0.7781321577978513
2025,CO2/CO/NOx,2025-09-25 19:00:00+02:00,0.7958940579942685
2025,CO2/CO/NOx,2025-09-25 20:00:00+02:00,0.7965398033091268
2025,CO2/CO/NOx,2025-09-25 21:00:00+02:00,0.7785515732787258
2025,CO2/CO/NOx,2025-09-25 22:00:00+02:00,0.7448272529096621
2025,CO2/CO/NOx,2025-09-25 23:00:00+02:00,0.7017419657690258
2025,CO2/CO/NOx,2025-09-26 00:00:00+02:00,0.6548827348420972
2025,CO2/CO/NOx,2025-09-26 01:00:00+02:00,0.6273140320416297
2025,CO2/CO/NOx,2025-09-26 02:00:00+02:00,0.6264830734936726
2025,CO2/CO/NOx,2025-09-26 03:00:00+02:00,0.6572295849050787
2025,CO2/CO/NOx,2025-09-26 04:00:00+02:00,0.6994921341331596
2025,CO2/CO/NOx,2025-09-26 05:00:00+02:00,0.742292320687495
2025,CO2/CO/NOx,2025-09-26 06:00:00+02:00,0.7860329197930911
2025,CO2/CO/NOx,2025-09-26 07:00:00+02:00,0.8107050144374001
2025,CO2/CO/NOx,2025-09-26 08:00:00+02:00,0.8157962728469415
2025,CO2/CO/NOx,2025-09-26 09:00:00+02:00,0.8010292121906181
2025,CO2/CO/NOx,2025-09-26 10:00:00+02:00,0.782506788073396
2025,CO2/CO/NOx,2025-09-26 11:00:00+02:00,0.7583240795203537
2025,CO2/CO/NOx,2025-09-26 12:00:00+02:00,0.7321971249453048
2025,CO2/CO/NOx,2025-09-26 13:00:00+02:00,0.7161918181936034
2025,CO2/CO/NOx,2025-09-26 14:00:00+02:00,0.7015175602349208
2025,CO2/CO/NOx,2025-09-26 15:00:00+02:00,0.6912054840675645
2025,CO2/CO/NOx,2025-09-26 16:00:00+02:00,0.692374214221569
2025,CO2/CO/NOx,2025-09-26 17:00:00+02:00,0.6912886617158921
2025,CO2/CO/NOx,2025-09-26 18:00:00+02:00,0.6972233956827993
2025,CO2/CO/NOx,2025-09-26 19:00:00+02:00,0.6888980678843473
2025,CO2/CO/NOx,2025-09-26 20:00:00+02:00,0.6747229996850839
2025,CO2/CO/NOx,2025-09-26 21:00:00+02:00,0.6472614708444993
2025,CO2/CO/NOx,2025-09-26 22:00:00+02:00,0.6199862145964434
2025,CO2/CO/NOx,2025-09-26 23:00:00+02:00,0.591799364708157
2025,CO2/CO/NOx,2025-09-27 00:00:00+02:00,0.5666136787001549
2025,CO2/CO/NOx,2025-09-27 01:00:00+02:00,0.5577140322321862
2025,CO2/CO/NOx,2025-09-27 02:00:00+02:00,0.5558298493065239
2025,CO2/CO/NOx,2025-09-27 03:00:00+02:00,0.5704247159795908
2025,CO2/CO/NOx,2025-09-27 04:00:00+02:00,0.5903713063119681
2025,CO2/CO/NOx,2025-09-27 05:00:00+02:00,0.6221507361087734
2025,CO2/CO/NOx,2025-09-27 06:00:00+02:00,0.6443371044943997
2025,CO2/CO/NOx,2025-09-27 07:00:00+02:00,0.6701971493461278
2025,CO2/CO/NOx,2025-09-27 08:00:00+02:00,0.6895167871847719
2025,CO2/CO/NOx,2025-09-27 09:00:00+02:00,0.6935499124856486
2025,CO2/CO/NOx,2025-09-27 10:00:00+02:00,0.6881887634926246
2025,CO2/CO/NOx,2025-09-27 11:00:00+02:00,0.6698422354527565
2025,CO2/CO/NOx,2025-09-27 12:00:00+02:00,0.6445016093016804
2025,CO2/CO/NOx,2025-09-27 13:00:00+02:00,0.6231616128535734
2025,CO2/CO/NOx,2025-09-27 14:00:00+02:00,0.6057480572359374
2025,CO2/CO/NOx,2025-09-27 15:00:00+02:00,0.5983776545126265
2025,CO2/CO/NOx,2025-09-27 16:00:00+02:00,0.6030518122743704
2025,CO2/CO/NOx,2025-09-27 17:00:00+02:00,0.6022584404738168
2025,CO2/CO/NOx,2025-09-27 18:00:00+02:00,0.6116363349841352
2025,CO2/CO/NOx,2025-09-27 19:00:00+02:00,0.6207936815454793
2025,CO2/CO/NOx,2025-09-27 20:00:00+02:00,0.6162526714744673
2025,CO2/CO/NOx,2025-09-27 21:00:00+02:00,0.6135683965257793
2025,CO2/CO/NOx,2025-09-27 22:00:00+02:00,0.614467635871943
2025,CO2/CO/NOx,2025-09-27 23:00:00+02:00,0.6162187234726593
2025,CO2/CO/NOx,2025-09-28 00:00:00+02:00,0.6188923470476915
2025,CO2/CO/NOx,2025-09-28 01:00:00+02:00,0.616950557291094
2025,CO2/CO/NOx,2025-09-28 02:00:00+02:00,0.6156163477455856
2025,CO2/CO/NOx,2025-09-28 03:00:00+02:00,0.6355949954059161
2025,CO2/CO/NOx,2025-09-28 04:00:00+02:00,0.654165991214846
2025,CO2/CO/NOx,2025-09-28 05:00:00+02:00,0.6710114101968297
2025,CO2/CO/NOx,2025-09-28 06:00:00+02:00,0.6988993924192931
2025,CO2/CO/NOx,2025-09-28 07:00:00+02:00,0.7267152813280928
2025,CO2/CO/NOx,2025-09-28 08:00:00+02:00,0.7487249564075537
2025,CO2/CO/NOx,2025-09-28 09:00:00+02:00,0.7597930962502265
2025,CO2/CO/NOx,2025-09-28 10:00:00+02:00,0.7712980726772315
2025,CO2/CO/NOx,2025-09-28 11:00:00+02:00,0.7732341124005729
2025,CO2/CO/NOx,2025-09-28 12:00:00+02:00,0.7635276855462276
2025,CO2/CO/NOx,2025-09-28 13:00:00+02:00,0.7431343142821536
2025,CO2/CO/NOx,2025-09-28 14:00:00+02:00,0.7202625374535148
2025,CO2/CO/NOx,2025-09-28 15:00:00+02:00,0.7095229152198258
2025,CO2/CO/NOx,2025-09-28 16:00:00+02:00,0.6951394067721252
2025,CO2/CO/NOx,2025-09-28 17:00:00+02:00,0.6896288910580559
2025,CO2/CO/NOx,2025-09-28 18:00:00+02:00,0.6949228253449301
2025,CO2/CO/NOx,2025-09-28 19:00:00+02:00,0.7064479720550702
2025,CO2/CO/NOx,2025-09-28 20:00:00+02:00,0.7049108877527721
2025,CO2/CO/NOx,2025-09-28 21:00:00+02:00,0.701046328939597
2025,CO2/CO/NOx,2025-09-28 22:00:00+02:00,0.6854501194388293
2025,CO2/CO/NOx,2025-09-28 23:00:00+02:00,0.6715176642084796
2025,CO2/CO/NOx,2025-09-29 00:00:00+02:00,0.6534619413662648
2025,CO2/CO/NOx,2025-09-29 01:00:00+02:00,0.6464900581378435
2025,CO2/CO/NOx,2025-09-29 02:00:00+02:00,0.6641815360746224
2025,CO2/CO/NOx,2025-09-29 03:00:00+02:00,0.6913187372824947
2025,CO2/CO/NOx,2025-09-29 04:00:00+02:00,0.713237808279462
2025,CO2/CO/NOx,2025-09-29 05:00:00+02:00,0.7387362041500176
2025,CO2/CO/NOx,2025-09-29 06:00:00+02:00,0.7647488766107208
2025,CO2/CO/NOx,2025-09-29 07:00:00+02:00,0.7777703265738172
2025,CO2/CO/NOx,2025-09-29 08:00:00+02:00,0.7899693951423978
2025,CO2/CO/NOx,2025-09-29 09:00:00+02:00,0.7874965699511997
2025,CO2/CO/NOx,2025-09-29 10:00:00+02:00,0.7926370801693069
2025,CO2/CO/NOx,2025-09-29 11:00:00+02:00,0.7979346977522408
2025,CO2/CO/NOx,2025-09-29 12:00:00+02:00,0.7828508464962132
2025,CO2/CO/NOx,2025-09-29 13:00:00+02:00,0.7571369102942971
2025,CO2/CO/NOx,2025-09-29 14:00:00+02:00,0.7378736981302735
2025,CO2/CO/NOx,2025-09-29 15:00:00+02:00,0.719622997396383
2025,CO2/CO/NOx,2025-09-29 16:00:00+02:00,0.7045945850649556
2025,CO2/CO/NOx,2025-09-29 17:00:00+02:00,0.6998825502152101
2025,CO2/CO/NOx,2025-09-29 18:00:00+02:00,0.7146712810855353
2025,CO2/CO/NOx,2025-09-29 19:00:00+02:00,0.7250612600721067
2025,CO2/CO/NOx,2025-09-29 20:00:00+02:00,0.7249025411617467
2025,CO2/CO/NOx,2025-09-29 21:00:00+02:00,0.7118140773504853
2025,CO2/CO/NOx,2025-09-29 22:00:00+02:00,0.6942006045235153
2025,CO2/CO/NOx,2025-09-29 23:00:00+02:00,0.6679107626875318
2025,CO2/CO/NOx,2025-09-30 00:00:00+02:00,0.6266652285819408
2025,CO2/CO/NOx,2025-09-30 01:00:00+02:00,0.5984275041625599
2025,CO2/CO/NOx,2025-09-30 02:00:00+02:00,0.5972619973446887
2025,CO2/CO/NOx,2025-09-30 03:00:00+02:00,0.6221197739706358
2025,CO2/CO/NOx,2025-09-30 04:00:00+02:00,0.6508290537194811
2025,CO2/CO/NOx,2025-09-30 05:00:00+02:00,0.6900775372332207
2025,CO2/CO/NOx,2025-09-30 06:00:00+02:00,0.7373707549914308
2025,CO2/CO/NOx,2025-09-30 07:00:00+02:00,0.7778148154174627
2025,CO2/CO/NOx,2025-09-30 08:00:00+02:00,0.7956856763156703
2025,CO2/CO/NOx,2025-09-30 09:00:00+02:00,0.7860582352001303
2025,CO2/CO/NOx,2025-09-30 10:00:00+02:00,0.7822686506071113
2025,CO2/CO/NOx,2025-09-30 11:00:00+02:00,0.7813000470524611
2025,CO2/CO/NOx,2025-09-30 12:00:00+02:00,0.7731107983381608
2025,CO2/CO/NOx,2025-09-30 13:00:00+02:00,0.7662440576698465
2025,CO2/CO/NOx,2025-09-30 14:00:00+02:00,0.7661086267095515
2025,CO2/CO/NOx,2025-09-30 15:00:00+02:00,0.7835347093336889
2025,CO2/CO/NOx,2025-09-30 16:00:00+02:00,0.8026454250331566
2025,CO2/CO/NOx,2025-09-30 17:00:00+02:00,0.8140497729160557
2025,CO2/CO/NOx,2025-09-30 18:00:00+02:00,0.827682295387653
2025,CO2/CO/NOx,2025-09-30 19:00:00+02:00,0.8304682097647245
2025,CO2/CO/NOx,2025-09-30 20:00:00+02:00,0.8239722923390043
2025,CO2/CO/NOx,2025-09-30 21:00:00+02:00,0.8035517239372542
2025,CO2/CO/NOx,2025-09-30 22:00:00+02:00,0.7815029242093056
2025,CO2/CO/NOx,2025-09-30 23:00:00+02:00,0.7622861500606263
2025,CO2/CO/NOx,2025-10-01 00:00:00+02:00,0.7459201552542156
2025,CO2/CO/NOx,2025-10-01 01:00:00+02:00,0.745968395226954
2025,CO2/CO/NOx,2025-10-01 02:00:00+02:00,0.7592960465113667
2025,CO2/CO/NOx,2025-10-01 03:00:00+02:00,0.807613344125335
2025,CO2/CO/NOx,2025-10-01 04:00:00+02:00,0.8651473312254356
2025,CO2/CO/NOx,2025-10-01 05:00:00+02:00,0.9326333441534396
2025,CO2/CO/NOx,2025-10-01 06:00:00+02:00,0.9928032489222202
2025,CO2/CO/NOx,2025-10-01 07:00:00+02:00,1.0231228627395117
2025,CO2/CO/NOx,2025-10-01 08:00:00+02:00,1.0175381679957056
2025,CO2/CO/NOx,2025-10-01 09:00:00+02:00,0.9666144664172607
2025,CO2/CO/NOx,2025-10-01 10:00:00+02:00,0.9087124851732469
2025,CO2/CO/NOx,2025-10-01 11:00:00+02:00,0.844241598356975
2025,CO2/CO/NOx,2025-10-01 12:00:00+02:00,0.798997162130493
2025,CO2/CO/NOx,2025-10-01 13:00:00+02:00,0.7756737922281972
2025,CO2/CO/NOx,2025-10-01 14:00:00+02:00,0.7665977014417433
2025,CO2/CO/NOx,2025-10-01 15:00:00+02:00,0.7895431374728129
2025,CO2/CO/NOx,2025-10-01 16:00:00+02:00,0.8367243129955265
2025,CO2/CO/NOx,2025-10-01 17:00:00+02:00,0.8991354841610638
2025,CO2/CO/NOx,2025-10-01 18:00:00+02:00,0.9842150403477342
2025,CO2/CO/NOx,2025-10-01 19:00:00+02:00,1.040577419881581
2025,CO2/CO/NOx,2025-10-01 20:00:00+02:00,1.0705440175208714
2025,CO2/CO/NOx,2025-10-01 21:00:00+02:00,1.0684358862826435
2025,CO2/CO/NOx,2025-10-01 22:00:00+02:00,1.035687971566412
2025,CO2/CO/NOx,2025-10-01 23:00:00+02:00,0.9790628743089399
2025,CO2/CO/NOx,2025-10-02 00:00:00+02:00,0.9367851422235954
2025,CO2/CO/NOx,2025-10-02 01:00:00+02:00,0.949757546606122
2025,CO2/CO/NOx,2025-10-02 02:00:00+02:00,0.9984285416847173
2025,CO2/CO/NOx,2025-10-02 03:00:00+02:00,1.0838207689008956
2025,CO2/CO/NOx,2025-10-02 04:00:00+02:00,1.178488197172795
2025,CO2/CO/NOx,2025-10-02 05:00:00+02:00,1.2733621102166717
2025,CO2/CO/NOx,2025-10-02 06:00:00+02:00,1.3604662356064041
2025,CO2/CO/NOx,2025-10-02 07:00:00+02:00,1.3730137401360076
2025,CO2/CO/NOx,2025-10-02 08:00:00+02:00,1.314243986520183
2025,CO2/CO/NOx,2025-10-02 09:00:00+02:00,1.2179799494309425
2025,CO2/CO/NOx,2025-10-02 10:00:00+02:00,1.1214464679400613
2025,CO2/CO/NOx,2025-10-02 11:00:00+02:00,1.0197355433511381
2025,CO2/CO/NOx,2025-10-02 12:00:00+02:00,0.9319744144235642
2025,CO2/CO/NOx,2025-10-02 13:00:00+02:00,0.8929393648562209
2025,CO2/CO/NOx,2025-10-02 14:00:00+02:00,0.8909784345548585
2025,CO2/CO/NOx,2025-10-02 15:00:00+02:00,0.9236742216082373
2025,CO2/CO/NOx,2025-10-02 16:00:00+02:00,0.9442954929135751
2025,CO2/CO/NOx,2025-10-02 17:00:00+02:00,0.9768724308617786
2025,CO2/CO/NOx,2025-10-02 18:00:00+02:00,1.042518413937219
2025,CO2/CO/NOx,2025-10-02 19:00:00+02:00,1.0731316041730075
2025,CO2/CO/NOx,2025-10-02 20:00:00+02:00,1.0726578361215295
2025,CO2/CO/NOx,2025-10-02 21:00:00+02:00,1.0464280711830574
2025,CO2/CO/NOx,2025-10-02 22:00:00+02:00,1.009319243463846
2025,CO2/CO/NOx,2025-10-02 23:00:00+02:00,0.9765189448094819
2025,CO2/CO/NOx,2025-10-03 00:00:00+02:00,0.9233071689220174
2025,CO2/CO/NOx,2025-10-03 01:00:00+02:00,0.9223522767698431
2025,CO2/CO/NOx,2025-10-03 02:00:00+02:00,0.9814154724902194
2025,CO2/CO/NOx,2025-10-03 03:00:00+02:00,1.0898967124663579
2025,CO2/CO/NOx,2025-10-03 04:00:00+02:00,1.194803676133659
2025,CO2/CO/NOx,2025-10-03 05:00:00+02:00,1.2887022707003803
2025,CO2/CO/NOx,2025-10-03 06:00:00+02:00,1.3862719984722243
2025,CO2/CO/NOx,2025-10-03 07:00:00+02:00,1.4290853786269986
2025,CO2/CO/NOx,2025-10-03 08:00:00+02:00,1.3865307315321287
2025,CO2/CO/NOx,2025-10-03 09:00:00+02:00,1.272751331387559
2025,CO2/CO/NOx,2025-10-03 10:00:00+02:00,1.1462236023334091
2025,CO2/CO/NOx,2025-10-03 11:00:00+02:00,1.028012773978658
2025,CO2/CO/NOx,2025-10-03 12:00:00+02:00,0.9299152169698304
2025,CO2/CO/NOx,2025-10-03 13:00:00+02:00,0.8727709886315941
2025,CO2/CO/NOx,2025-10-03 14:00:00+02:00,0.850947868207927
2025,CO2/CO/NOx,2025-10-03 15:00:00+02:00,0.8945501620535856
2025,CO2/CO/NOx,2025-10-03 16:00:00+02:00,0.9344590584622899
2025,CO2/CO/NOx,2025-10-03 17:00:00+02:00,0.9896612558968352
2025,CO2/CO/NOx,2025-10-03 18:00:00+02:00,1.0660830098374487
2025,CO2/CO/NOx,2025-10-03 19:00:00+02:00,1.0950656850807183
2025,CO2/CO/NOx,2025-10-03 20:00:00+02:00,1.102160518111224
2025,CO2/CO/NOx,2025-10-03 21:00:00+02:00,1.080617640572302
2025,CO2/CO/NOx,2025-10-03 22:00:00+02:00,1.0375558992146774
2025,CO2/CO/NOx,2025-10-03 23:00:00+02:00,0.9840342067598903
2025,CO2/CO/NOx,2025-10-04 00:00:00+02:00,0.9289178411568751
2025,CO2/CO/NOx,2025-10-04 01:00:00+02:00,0.9094343814636763
2025,CO2/CO/NOx,2025-10-04 02:00:00+02:00,0.9337163097111016
2025,CO2/CO/NOx,2025-10-04 03:00:00+02:00,0.9668823272013143
2025,CO2/CO/NOx,2025-10-04 04:00:00+02:00,0.9842907076266539
2025,CO2/CO/NOx,2025-10-04 05:00:00+02:00,1.0091082400965032
2025,CO2/CO/NOx,2025-10-04 06:00:00+02:00,1.0108453086459148
2025,CO2/CO/NOx,2025-10-04 07:00:00+02:00,1.000539178689803
2025,CO2/CO/NOx,2025-10-04 08:00:00+02:00,0.9675828035828689
2025,CO2/CO/NOx,2025-10-04 09:00:00+02:00,0.897028172003759
2025,CO2/CO/NOx,2025-10-04 10:00:00+02:00,0.8340511245792493
2025,CO2/CO/NOx,2025-10-04 11:00:00+02:00,0.7760448955496451
2025,CO2/CO/NOx,2025-10-04 12:00:00+02:00,0.6970522980931613
2025,CO2/CO/NOx,2025-10-04 13:00:00+02:00,0.6328703124155458
2025,CO2/CO/NOx,2025-10-04 14:00:00+02:00,0.6042962334203629
2025,CO2/CO/NOx,2025-10-04 15:00:00+02:00,0.6249181190992514
2025,CO2/CO/NOx,2025-10-04 16:00:00+02:00,0.673805416894867
2025,CO2/CO/NOx,2025-10-04 17:00:00+02:00,0.7298929812943803
2025,CO2/CO/NOx,2025-10-04 18:00:00+02:00,0.7808393283246535
2025,CO2/CO/NOx,2025-10-04 19:00:00+02:00,0.8178523051334462
2025,CO2/CO/NOx,2025-10-04 20:00:00+02:00,0.830132962453745
2025,CO2/CO/NOx,2025-10-04 21:00:00+02:00,0.7976913236451463
2025,CO2/CO/NOx,2025-10-04 22:00:00+02:00,0.7413139068960108
2025,CO2/CO/NOx,2025-10-04 23:00:00+02:00,0.6871599265611295
2025,CO2/CO/NOx,2025-10-05 00:00:00+02:00,0.638132016907945
2025,CO2/CO/NOx,2025-10-05 01:00:00+02:00,0.6011785211322275
2025,CO2/CO/NOx,2025-10-05 02:00:00+02:00,0.6119778668719326
2025,CO2/CO/NOx,2025-10-05 03:00:00+02:00,0.6655023372763086
2025,CO2/CO/NOx,2025-10-05 04:00:00+02:00,0.7388526316077403
2025,CO2/CO/NOx,2025-10-05 05:00:00+02:00,0.8063967351842984
2025,CO2/CO/NOx,2025-10-05 06:00:00+02:00,0.8810412185016556
2025,CO2/CO/NOx,2025-10-05 07:00:00+02:00,0.9292426444324149
2025,CO2/CO/NOx,2025-10-05 08:00:00+02:00,0.9393807375392893
2025,CO2/CO/NOx,2025-10-05 09:00:00+02:00,0.9059046369425163
2025,CO2/CO/NOx,2025-10-05 10:00:00+02:00,0.8799728834025389
2025,CO2/CO/NOx,2025-10-05 11:00:00+02:00,0.8631090256507087
2025,CO2/CO/NOx,2025-10-05 12:00:00+02:00,0.83959795064269
2025,CO2/CO/NOx,2025-10-05 13:00:00+02:00,0.8286650389893244
2025,CO2/CO/NOx,2025-10-05 14:00:00+02:00,0.829282678516186
2025,CO2/CO/NOx,2025-10-05 15:00:00+02:00,0.8627746747228114
2025,CO2/CO/NOx,2025-10-05 16:00:00+02:00,0.9039680442877296
2025,CO2/CO/NOx,2025-10-05 17:00:00+02:00,0.9455567165814104
2025,CO2/CO/NOx,2025-10-05 18:00:00+02:00,0.998808659628872
2025,CO2/CO/NOx,2025-10-05 19:00:00+02:00,1.0270727642400224
2025,CO2/CO/NOx,2025-10-05 20:00:00+02:00,1.0097792446734923
2025,CO2/CO/NOx,2025-10-05 21:00:00+02:00,0.9655855736585888
2025,CO2/CO/NOx,2025-10-05 22:00:00+02:00,0.9267086718824785
2025,CO2/CO/NOx,2025-10-05 23:00:00+02:00,0.8931039275223528
2025,CO2/CO/NOx,2025-10-06 00:00:00+02:00,0.8591620852292365
2025,CO2/CO/NOx,2025-10-06 01:00:00+02:00,0.8574282083654197
2025,CO2/CO/NOx,2025-10-06 02:00:00+02:00,0.8894218829741325
2025,CO2/CO/NOx,2025-10-06 03:00:00+02:00,0.9479624413603017
2025,CO2/CO/NOx,2025-10-06 04:00:00+02:00,1.0011630056824508
2025,CO2/CO/NOx,2025-10-06 05:00:00+02:00,1.0382277001177374
2025,CO2/CO/NOx,2025-10-06 06:00:00+02:00,1.0782396850537719
2025,CO2/CO/NOx,2025-10-06 07:00:00+02:00,1.0938401053598954
2025,CO2/CO/NOx,2025-10-06 08:00:00+02:00,1.0710557032752859
2025,CO2/CO/NOx,2025-10-06 09:00:00+02:00,1.0290538354681964
2025,CO2/CO/NOx,2025-10-06 10:00:00+02:00,1.016165889612175
2025,CO2/CO/NOx,2025-10-06 11:00:00+02:00,1.0040544029036214
2025,CO2/CO/NOx,2025-10-06 12:00:00+02:00,0.9870572039659402
2025,CO2/CO/NOx,2025-10-06 13:00:00+02:00,0.9870978023828856
2025,CO2/CO/NOx,2025-10-06 14:00:00+02:00,0.9894065067851792
2025,CO2/CO/NOx,2025-10-06 15:00:00+02:00,1.0012697783343247
2025,CO2/CO/NOx,2025-10-06 16:00:00+02:00,0.9941180970837936
2025,CO2/CO/NOx,2025-10-06 17:00:00+02:00,0.9810929434202211
2025,CO2/CO/NOx,2025-10-06 18:00:00+02:00,0.9950851901730295
2025,CO2/CO/NOx,2025-10-06 19:00:00+02:00,1.0002769325407987
2025,CO2/CO/NOx,2025-10-06 20:00:00+02:00,0.9844629216143896
2025,CO2/CO/NOx,2025-10-06 21:00:00+02:00,0.9538239528011246
2025,CO2/CO/NOx,2025-10-06 22:00:00+02:00,0.9249051248787925
2025,CO2/CO/NOx,2025-10-06 23:00:00+02:00,0.8972434358395177
2025,CO2/CO/NOx,2025-10-07 00:00:00+02:00,0.8620843854895011
2025,CO2/CO/NOx,2025-10-07 01:00:00+02:00,0.8499783435565607
2025,CO2/CO/NOx,2025-10-07 02:00:00+02:00,0.8686634714703482
2025,CO2/CO/NOx,2025-10-07 03:00:00+02:00,0.9091837644183568
2025,CO2/CO/NOx,2025-10-07 04:00:00+02:00,0.9407965509948782
2025,CO2/CO/NOx,2025-10-07 05:00:00+02:00,0.9714578115567933
2025,CO2/CO/NOx,2025-10-07 06:00:00+02:00,0.9953135153258087
2025,CO2/CO/NOx,2025-10-07 07:00:00+02:00,0.9979735166707562
2025,CO2/CO/NOx,2025-10-07 08:00:00+02:00,0.979598778767171
2025,CO2/CO/NOx,2025-10-07 09:00:00+02:00,0.9297492591327315
2025,CO2/CO/NOx,2025-10-07 10:00:00+02:00,0.8881937607080285
2025,CO2/CO/NOx,2025-10-07 11:00:00+02:00,0.8447711922616106
2025,CO2/CO/NOx,2025-10-07 12:00:00+02:00,0.7935710075360078
2025,CO2/CO/NOx,2025-10-07 13:00:00+02:00,0.7600798329142227
2025,CO2/CO/NOx,2025-10-07 14:00:00+02:00,0.7463163848921516
2025,CO2/CO/NOx,2025-10-07 15:00:00+02:00,0.7473606464915878
2025,CO2/CO/NOx,2025-10-07 16:00:00+02:00,0.757375758719775
2025,CO2/CO/NOx,2025-10-07 17:00:00+02:00,0.7900403017827485
2025,CO2/CO/NOx,2025-10-07 18:00:00+02:00,0.826998325310986
2025,CO2/CO/NOx,2025-10-07 19:00:00+02:00,0.8416021703528499
2025,CO2/CO/NOx,2025-10-07 20:00:00+02:00,0.8469257396290498
2025,CO2/CO/NOx,2025-10-07 21:00:00+02:00,0.8193593224898414
2025,CO2/CO/NOx,2025-10-07 22:00:00+02:00,0.8030416572965053
2025,CO2/CO/NOx,2025-10-07 23:00:00+02:00,0.7924722650201229
2025,CO2/CO/NOx,2025-10-08 00:00:00+02:00,0.7734957426096792
2025,CO2/CO/NOx,2025-10-08 01:00:00+02:00,0.7895945307391883
2025,CO2/CO/NOx,2025-10-08 02:00:00+02:00,0.8426515672414268
2025,CO2/CO/NOx,2025-10-08 03:00:00+02:00,0.9120086980491348
2025,CO2/CO/NOx,2025-10-08 04:00:00+02:00,0.9766308176376935
2025,CO2/CO/NOx,2025-10-08 05:00:00+02:00,1.0213123554518708
2025,CO2/CO/NOx,2025-10-08 06:00:00+02:00,1.033198476466921
2025,CO2/CO/NOx,2025-10-08 07:00:00+02:00,1.0190656165895637
2025,CO2/CO/NOx,2025-10-08 08:00:00+02:00,0.961593826628847
2025,CO2/CO/NOx,2025-10-08 09:00:00+02:00,0.8678910816955202
2025,CO2/CO/NOx,2025-10-08 10:00:00+02:00,0.7981294721016938
2025,CO2/CO/NOx,2025-10-08 11:00:00+02:00,0.725707675071082
2025,CO2/CO/NOx,2025-10-08 12:00:00+02:00,0.6777003856119336
2025,CO2/CO/NOx,2025-10-08 13:00:00+02:00,0.6660133671754815
2025,CO2/CO/NOx,2025-10-08 14:00:00+02:00,0.6773442104872157
2025,CO2/CO/NOx,2025-10-08 15:00:00+02:00,0.735488129731733
2025,CO2/CO/NOx,2025-10-08 16:00:00+02:00,0.7750542209014163
2025,CO2/CO/NOx,2025-10-08 17:00:00+02:00,0.8017438904560239
2025,CO2/CO/NOx,2025-10-08 18:00:00+02:00,0.8271654868410161
2025,CO2/CO/NOx,2025-10-08 19:00:00+02:00,0.8226102889627944
2025,CO2/CO/NOx,2025-10-08 20:00:00+02:00,0.7802861482272656
2025,CO2/CO/NOx,2025-10-08 21:00:00+02:00,0.730987216044788
2025,CO2/CO/NOx,2025-10-08 22:00:00+02:00,0.6794787581993976
2025,CO2/CO/NOx,2025-10-08 23:00:00+02:00,0.6404292064491581
2025,CO2/CO/NOx,2025-10-09 00:00:00+02:00,0.6089678893937552
2025,CO2/CO/NOx,2025-10-09 01:00:00+02:00,0.5812411773826581
2025,CO2/CO/NOx,2025-10-09 02:00:00+02:00,0.5805133932700117
2025,CO2/CO/NOx,2025-10-09 03:00:00+02:00,0.6024600700372451
2025,CO2/CO/NOx,2025-10-09 04:00:00+02:00,0.6275816984976998
2025,CO2/CO/NOx,2025-10-09 05:00:00+02:00,0.6666995898035522
2025,CO2/CO/NOx,2025-10-09 06:00:00+02:00,0.7097504762086632
2025,CO2/CO/NOx,2025-10-09 07:00:00+02:00,0.7453318632412714
2025,CO2/CO/NOx,2025-10-09 08:00:00+02:00,0.7748977654081862
2025,CO2/CO/NOx,2025-10-09 09:00:00+02:00,0.7798646219658792
2025,CO2/CO/NOx,2025-10-09 10:00:00+02:00,0.7852606980484141
2025,CO2/CO/NOx,2025-10-09 11:00:00+02:00,0.7790593236338202
2025,CO2/CO/NOx,2025-10-09 12:00:00+02:00,0.7595344118524777
2025,CO2/CO/NOx,2025-10-09 13:00:00+02:00,0.7411692606921502
2025,CO2/CO/NOx,2025-10-09 14:00:00+02:00,0.7142824715454005
2025,CO2/CO/NOx,2025-10-09 15:00:00+02:00,0.6941861612030873
2025,CO2/CO/NOx,2025-10-09 16:00:00+02:00,0.6828074862836101
2025,CO2/CO/NOx,2025-10-09 17:00:00+02:00,0.6819636530187314
2025,CO2/CO/NOx,2025-10-09 18:00:00+02:00,0.6998929545905136
2025,CO2/CO/NOx,2025-10-09 19:00:00+02:00,0.7145777341057217
2025,CO2/CO/NOx,2025-10-09 20:00:00+02:00,0.7242683505778059
2025,CO2/CO/NOx,2025-10-09 21:00:00+02:00,0.7227944802812786
2025,CO2/CO/NOx,2025-10-09 22:00:00+02:00,0.7141307632946364
2025,CO2/CO/NOx,2025-10-09 23:00:00+02:00,0.6957724711443862
2025,CO2/CO/NOx,2025-10-10 00:00:00+02:00,0.6672052643288685
2025,CO2/CO/NOx,2025-10-10 01:00:00+02:00,0.647965425451314
2025,CO2/CO/NOx,2025-10-10 02:00:00+02:00,0.6535123596945185
2025,CO2/CO/NOx,2025-10-10 03:00:00+02:00,0.6922684730717779
2025,CO2/CO/NOx,2025-10-10 04:00:00+02:00,0.7374808806068955
2025,CO2/CO/NOx,2025-10-10 05:00:00+02:00,0.7895502977332486
2025,CO2/CO/NOx,2025-10-10 06:00:00+02:00,0.8366729860554335
2025,CO2/CO/NOx,2025-10-10 07:00:00+02:00,0.8713996153178319
2025,CO2/CO/NOx,2025-10-10 08:00:00+02:00,0.8797929427181977
2025,CO2/CO/NOx,2025-10-10 09:00:00+02:00,0.8599994900503817
2025,CO2/CO/NOx,2025-10-10 10:00:00+02:00,0.8339686032225331
2025,CO2/CO/NOx,2025-10-10 11:00:00+02:00,0.8133128373097931
2025,CO2/CO/NOx,2025-10-10 12:00:00+02:00,0.7929059673068614
2025,CO2/CO/NOx,2025-10-10 13:00:00+02:00,0.7857926907113898
2025,CO2/CO/NOx,2025-10-10 14:00:00+02:00,0.7890071192494248
2025,CO2/CO/NOx,2025-10-10 15:00:00+02:00,0.8052190562501629
2025,CO2/CO/NOx,2025-10-10 16:00:00+02:00,0.8229132873270609
2025,CO2/CO/NOx,2025-10-10 17:00:00+02:00,0.8424968212536852
2025,CO2/CO/NOx,2025-10-10 18:00:00+02:00,0.8669423202066167
2025,CO2/CO/NOx,2025-10-10 19:00:00+02:00,0.8661205486165656
2025,CO2/CO/NOx,2025-10-10 20:00:00+02:00,0.8518462700432917
2025,CO2/CO/NOx,2025-10-10 21:00:00+02:00,0.8226055260632605
2025,CO2/CO/NOx,2025-10-10 22:00:00+02:00,0.7919366046503777
2025,CO2/CO/NOx,2025-10-10 23:00:00+02:00,0.760161810397035
2025,CO2/CO/NOx,2025-10-11 00:00:00+02:00,0.7308350413449924
2025,CO2/CO/NOx,2025-10-11 01:00:00+02:00,0.7186074019272565
2025,CO2/CO/NOx,2025-10-11 02:00:00+02:00,0.728469642449572
2025,CO2/CO/NOx,2025-10-11 03:00:00+02:00,0.7586531244989445
2025,CO2/CO/NOx,2025-10-11 04:00:00+02:00,0.7842287684404372
2025,CO2/CO/NOx,2025-10-11 05:00:00+02:00,0.8169712645822758
2025,CO2/CO/NOx,2025-10-11 06:00:00+02:00,0.8464682715895023
2025,CO2/CO/NOx,2025-10-11 07:00:00+02:00,0.8596673343262211
2025,CO2/CO/NOx,2025-10-11 08:00:00+02:00,0.8556956886955612
2025,CO2/CO/NOx,2025-10-11 09:00:00+02:00,0.8306397002703066
2025,CO2/CO/NOx,2025-10-11 10:00:00+02:00,0.7992739934747152
2025,CO2/CO/NOx,2025-10-11 11:00:00+02:00,0.7641733899748079
2025,CO2/CO/NOx,2025-10-11 12:00:00+02:00,0.7306111338839838
2025,CO2/CO/NOx,2025-10-11 13:00:00+02:00,0.7026416035839146
2025,CO2/CO/NOx,2025-10-11 14:00:00+02:00,0.6944301756612111
2025,CO2/CO/NOx,2025-10-11 15:00:00+02:00,0.7102156656490425
2025,CO2/CO/NOx,2025-10-11 16:00:00+02:00,0.7339443282938067
2025,CO2/CO/NOx,2025-10-11 17:00:00+02:00,0.7592275393618282
2025,CO2/CO/NOx,2025-10-11 18:00:00+02:00,0.7847329453530534
2025,CO2/CO/NOx,2025-10-11 19:00:00+02:00,0.783960595536462
2025,CO2/CO/NOx,2025-10-11 20:00:00+02:00,0.7605841395332114
2025,CO2/CO/NOx,2025-10-11 21:00:00+02:00,0.7187696048903913
2025,CO2/CO/NOx,2025-10-11 22:00:00+02:00,0.6707709316607766
2025,CO2/CO/NOx,2025-10-11 23:00:00+02:00,0.6300692322609396
2025,CO2/CO/NOx,2025-10-12 00:00:00+02:00,0.6066403943039331
2025,CO2/CO/NOx,2025-10-12 01:00:00+02:00,0.5988343109863641
2025,CO2/CO/NOx,2025-10-12 02:00:00+02:00,0.6211757951012099
2025,CO2/CO/NOx,2025-10-12 03:00:00+02:00,0.6668508362416193
2025,CO2/CO/NOx,2025-10-12 04:00:00+02:00,0.7100376072703625
2025,CO2/CO/NOx,2025-10-12 05:00:00+02:00,0.7505062809082297
2025,CO2/CO/NOx,2025-10-12 06:00:00+02:00,0.7825204441068926
2025,CO2/CO/NOx,2025-10-12 07:00:00+02:00,0.7944955055163467
2025,CO2/CO/NOx,2025-10-12 08:00:00+02:00,0.7919966513937319
2025,CO2/CO/NOx,2025-10-12 09:00:00+02:00,0.7781654335091888
2025,CO2/CO/NOx,2025-10-12 10:00:00+02:00,0.7457533433047229
2025,CO2/CO/NOx,2025-10-12 11:00:00+02:00,0.7188740770633354
2025,CO2/CO/NOx,2025-10-12 12:00:00+02:00,0.6937333288630647
2025,CO2/CO/NOx,2025-10-12 13:00:00+02:00,0.674455829663382
2025,CO2/CO/NOx,2025-10-12 14:00:00+02:00,0.6696782123475729
2025,CO2/CO/NOx,2025-10-12 15:00:00+02:00,0.6803041372843234
2025,CO2/CO/NOx,2025-10-12 16:00:00+02:00,0.6958559893691219
2025,CO2/CO/NOx,2025-10-12 17:00:00+02:00,0.7213182060088105
2025,CO2/CO/NOx,2025-10-12 18:00:00+02:00,0.7485188975608423
2025,CO2/CO/NOx,2025-10-12 19:00:00+02:00,0.7567730015261054
2025,CO2/CO/NOx,2025-10-12 20:00:00+02:00,0.7526448967856834
2025,CO2/CO/NOx,2025-10-12 21:00:00+02:00,0.7291838139510979
2025,CO2/CO/NOx,2025-10-12 22:00:00+02:00,0.6925532732323871
2025,CO2/CO/NOx,2025-10-12 23:00:00+02:00,0.6598603801152517
2025,CO2/CO/NOx,2025-10-13 00:00:00+02:00,0.6312549648506798
2025,CO2/CO/NOx,2025-10-13 01:00:00+02:00,0.6210534561500777
2025,CO2/CO/NOx,2025-10-13 02:00:00+02:00,0.6387961055124302
2025,CO2/CO/NOx,2025-10-13 03:00:00+02:00,0.6789048046770965
2025,CO2/CO/NOx,2025-10-13 04:00:00+02:00,0.7274377532749818
2025,CO2/CO/NOx,2025-10-13 05:00:00+02:00,0.7731547638665132
2025,CO2/CO/NOx,2025-10-13 06:00:00+02:00,0.8067020172283463
2025,CO2/CO/NOx,2025-10-13 07:00:00+02:00,0.8264049837681204
2025,CO2/CO/NOx,2025-10-13 08:00:00+02:00,0.8287707405098266
2025,CO2/CO/NOx,2025-10-13 09:00:00+02:00,0.8152509146048369
2025,CO2/CO/NOx,2025-10-13 10:00:00+02:00,0.8047688293685691
2025,CO2/CO/NOx,2025-10-13 11:00:00+02:00,0.7954994886258421
2025,CO2/CO/NOx,2025-10-13 12:00:00+02:00,0.784262314989021
2025,CO2/CO/NOx,2025-10-13 13:00:00+02:00,0.7753915451793846
2025,CO2/CO/NOx,2025-10-13 14:00:00+02:00,0.7711729026554456
2025,CO2/CO/NOx,2025-10-13 15:00:00+02:00,0.773442025104747
2025,CO2/CO/NOx,2025-10-13 16:00:00+02:00,0.7758788017536259
2025,CO2/CO/NOx,2025-10-13 17:00:00+02:00,0.7795654995476907
2025,CO2/CO/NOx,2025-10-13 18:00:00+02:00,0.8095376919089641
2025,CO2/CO/NOx,2025-10-13 19:00:00+02:00,0.8246654176226504
2025,CO2/CO/NOx,2025-10-13 20:00:00+02:00,0.8374510496902301
2025,CO2/CO/NOx,2025-10-13 21:00:00+02:00,0.8482463608400823
2025,CO2/CO/NOx,2025-10-13 22:00:00+02:00,0.8599501926003732
2025,CO2/CO/NOx,2025-10-13 23:00:00+02:00,0.8684965217755555
2025,CO2/CO/NOx,2025-10-14 00:00:00+02:00,0.8587700996464599
2025,CO2/CO/NOx,2025-10-14 01:00:00+02:00,0.8613979303893877
2025,CO2/CO/NOx,2025-10-14 02:00:00+02:00,0.8869307282032841
2025,CO2/CO/NOx,2025-10-14 03:00:00+02:00,0.9346447585117409
2025,CO2/CO/NOx,2025-10-14 04:00:00+02:00,0.9597013091523164
2025,CO2/CO/NOx,2025-10-14 05:00:00+02:00,1.0038886639102689
2025,CO2/CO/NOx,2025-10-14 06:00:00+02:00,1.044660225855338
2025,CO2/CO/NOx,2025-10-14 07:00:00+02:00,1.075734860774608
2025,CO2/CO/NOx,2025-10-14 08:00:00+02:00,1.0655376274007486
2025,CO2/CO/NOx,2025-10-14 09:00:00+02:00,1.0251000942867614
2025,CO2/CO/NOx,2025-10-14 10:00:00+02:00,0.9886526280322288
2025,CO2/CO/NOx,2025-10-14 11:00:00+02:00,0.9381698518486193
2025,CO2/CO/NOx,2025-10-14 12:00:00+02:00,0.8697845209437699
2025,CO2/CO/NOx,2025-10-14 13:00:00+02:00,0.8050522188557653
2025,CO2/CO/NOx,2025-10-14 14:00:00+02:00,0.7725876760807463
2025,CO2/CO/NOx,2025-10-14 15:00:00+02:00,0.7594542690936609
2025,CO2/CO/NOx,2025-10-14 16:00:00+02:00,0.7640438163138037
2025,CO2/CO/NOx,2025-10-14 17:00:00+02:00,0.7866370696719145
2025,CO2/CO/NOx,2025-10-14 18:00:00+02:00,0.8521926596400424
2025,CO2/CO/NOx,2025-10-14 19:00:00+02:00,0.9144719735998745
2025,CO2/CO/NOx,2025-10-14 20:00:00+02:00,0.9485123211294529
2025,CO2/CO/NOx,2025-10-14 21:00:00+02:00,0.9581382038093761
2025,CO2/CO/NOx,2025-10-14 22:00:00+02:00,0.9582844380648632
2025,CO2/CO/NOx,2025-10-14 23:00:00+02:00,0.9526245554785686
2025,CO2/CO/NOx,2025-10-15 00:00:00+02:00,0.9197091352320866
2025,CO2/CO/NOx,2025-10-15 01:00:00+02:00,0.9053234156269884
2025,CO2/CO/NOx,2025-10-15 02:00:00+02:00,0.9472398355536957
2025,CO2/CO/NOx,2025-10-15 03:00:00+02:00,1.0255565275452523
2025,CO2/CO/NOx,2025-10-15 04:00:00+02:00,1.1013960127495153
2025,CO2/CO/NOx,2025-10-15 05:00:00+02:00,1.158073724236878
2025,CO2/CO/NOx,2025-10-15 06:00:00+02:00,1.2189934442952675
2025,CO2/CO/NOx,2025-10-15 07:00:00+02:00,1.2412336742148022
2025,CO2/CO/NOx,2025-10-15 08:00:00+02:00,1.2139869784220503
2025,CO2/CO/NOx,2025-10-15 09:00:00+02:00,1.1222042670284123
2025,CO2/CO/NOx,2025-10-15 10:00:00+02:00,1.0359132923979963
2025,CO2/CO/NOx,2025-10-15 11:00:00+02:00,0.9639072690782075
2025,CO2/CO/NOx,2025-10-15 12:00:00+02:00,0.8914033439217867
2025,CO2/CO/NOx,2025-10-15 13:00:00+02:00,0.8424641109390676
2025,CO2/CO/NOx,2025-10-15 14:00:00+02:00,0.8222482078453734
2025,CO2/CO/NOx,2025-10-15 15:00:00+02:00,0.8582864542352556
2025,CO2/CO/NOx,2025-10-15 16:00:00+02:00,0.8858356770929572
2025,CO2/CO/NOx,2025-10-15 17:00:00+02:00,0.9217948523957283
2025,CO2/CO/NOx,2025-10-15 18:00:00+02:00,0.9641015383929001
2025,CO2/CO/NOx,2025-10-15 19:00:00+02:00,0.9846889563958409
2025,CO2/CO/NOx,2025-10-15 20:00:00+02:00,0.9653877271282507
2025,CO2/CO/NOx,2025-10-15 21:00:00+02:00,0.9278246278353395
2025,CO2/CO/NOx,2025-10-15 22:00:00+02:00,0.8929483845997662
2025,CO2/CO/NOx,2025-10-15 23:00:00+02:00,0.8690594470965818
2025,CO2/CO/NOx,2025-10-16 00:00:00+02:00,0.8451296004270866
2025,CO2/CO/NOx,2025-10-16 01:00:00+02:00,0.8551986046643963
2025,CO2/CO/NOx,2025-10-16 02:00:00+02:00,0.9075710542174248
2025,CO2/CO/NOx,2025-10-16 03:00:00+02:00,0.9888644506950411
2025,CO2/CO/NOx,2025-10-16 04:00:00+02:00,1.0481766768806813
2025,CO2/CO/NOx,2025-10-16 05:00:00+02:00,1.0829864229185564
2025,CO2/CO/NOx,2025-10-16 06:00:00+02:00,1.123124119427869
2025,CO2/CO/NOx,2025-10-16 07:00:00+02:00,1.1346339691346936
2025,CO2/CO/NOx,2025-10-16 08:00:00+02:00,1.1175082769759117
2025,CO2/CO/NOx,2025-10-16 09:00:00+02:00,1.0674897777574395
2025,CO2/CO/NOx,2025-10-16 10:00:00+02:00,1.0220900434185054
2025,CO2/CO/NOx,2025-10-16 11:00:00+02:00,0.9795786530590762
2025,CO2/CO/NOx,2025-10-16 12:00:00+02:00,0.9538315890917074
2025,CO2/CO/NOx,2025-10-16 13:00:00+02:00,0.938288229489093
2025,CO2/CO/NOx,2025-10-16 14:00:00+02:00,0.9398531566692623
2025,CO2/CO/NOx,2025-10-16 15:00:00+02:00,0.9644939604442545
2025,CO2/CO/NOx,2025-10-16 16:00:00+02:00,1.0060406495306775
2025,CO2/CO/NOx,2025-10-16 17:00:00+02:00,1.0494369038757743
2025,CO2/CO/NOx,2025-10-16 18:00:00+02:00,1.0977857273030316
2025,CO2/CO/NOx,2025-10-16 19:00:00+02:00,1.106704381105607
2025,CO2/CO/NOx,2025-10-16 20:00:00+02:00,1.093450878468066
2025,CO2/CO/NOx,2025-10-16 21:00:00+02:00,1.0651412467328487
2025,CO2/CO/NOx,2025-10-16 22:00:00+02:00,1.019419599680293
2025,CO2/CO/NOx,2025-10-16 23:00:00+02:00,0.9680135634951463
2025,CO2/CO/NOx,2025-10-17 00:00:00+02:00,0.9100219267430234
2025,CO2/CO/NOx,2025-10-17 01:00:00+02:00,0.9023653149329819
2025,CO2/CO/NOx,2025-10-17 02:00:00+02:00,0.9161330174487504
2025,CO2/CO/NOx,2025-10-17 03:00:00+02:00,0.9681513304009218
2025,CO2/CO/NOx,2025-10-17 04:00:00+02:00,1.025691292316834
2025,CO2/CO/NOx,2025-10-17 05:00:00+02:00,1.0830737586573336
2025,CO2/CO/NOx,2025-10-17 06:00:00+02:00,1.137222269910991
2025,CO2/CO/NOx,2025-10-17 07:00:00+02:00,1.1615703560862911
2025,CO2/CO/NOx,2025-10-17 08:00:00+02:00,1.1458702813749528
2025,CO2/CO/NOx,2025-10-17 09:00:00+02:00,1.0961264595234077
2025,CO2/CO/NOx,2025-10-17 10:00:00+02:00,1.0516861958172095
2025,CO2/CO/NOx,2025-10-17 11:00:00+02:00,1.001404182354505
2025,CO2/CO/NOx,2025-10-17 12:00:00+02:00,0.9470784244176074
2025,CO2/CO/NOx,2025-10-17 13:00:00+02:00,0.9083757203116066
2025,CO2/CO/NOx,2025-10-17 14:00:00+02:00,0.8811531470781816
2025,CO2/CO/NOx,2025-10-17 15:00:00+02:00,0.881578194552726
2025,CO2/CO/NOx,2025-10-17 16:00:00+02:00,0.8963512551937023
2025,CO2/CO/NOx,2025-10-17 17:00:00+02:00,0.9232739064509754
2025,CO2/CO/NOx,2025-10-17 18:00:00+02:00,0.9657792899405905
2025,CO2/CO/NOx,2025-10-17 19:00:00+02:00,0.9931834561917914
2025,CO2/CO/NOx,2025-10-17 20:00:00+02:00,0.9907966947970519
2025,CO2/CO/NOx,2025-10-17 21:00:00+02:00,0.953077879892706
2025,CO2/CO/NOx,2025-10-17 22:00:00+02:00,0.9019342373175652
2025,CO2/CO/NOx,2025-10-17 23:00:00+02:00,0.843671438273145
2025,CO2/CO/NOx,2025-10-18 00:00:00+02:00,0.78835443101559
2025,CO2/CO/NOx,2025-10-18 01:00:00+02:00,0.7655438582567566
2025,CO2/CO/NOx,2025-10-18 02:00:00+02:00,0.7837466884406172
2025,CO2/CO/NOx,2025-10-18 03:00:00+02:00,0.8310162148693725
2025,CO2/CO/NOx,2025-10-18 04:00:00+02:00,0.885155214396565
2025,CO2/CO/NOx,2025-10-18 05:00:00+02:00,0.938323985393912
2025,CO2/CO/NOx,2025-10-18 06:00:00+02:00,0.9840227281683794
2025,CO2/CO/NOx,2025-10-18 07:00:00+02:00,1.0077935554837114
2025,CO2/CO/NOx,2025-10-18 08:00:00+02:00,0.9992189275160523
2025,CO2/CO/NOx,2025-10-18 09:00:00+02:00,0.9571756983048395
2025,CO2/CO/NOx,2025-10-18 10:00:00+02:00,0.9184380966363259
2025,CO2/CO/NOx,2025-10-18 11:00:00+02:00,0.8800176965921661
2025,CO2/CO/NOx,2025-10-18 12:00:00+02:00,0.837571426812591
2025,CO2/CO/NOx,2025-10-18 13:00:00+02:00,0.8092216649729899
2025,CO2/CO/NOx,2025-10-18 14:00:00+02:00,0.7943913159250636
2025,CO2/CO/NOx,2025-10-18 15:00:00+02:00,0.8065022358419537
2025,CO2/CO/NOx,2025-10-18 16:00:00+02:00,0.8352223509254636
2025,CO2/CO/NOx,2025-10-18 17:00:00+02:00,0.8842758556488158
2025,CO2/CO/NOx,2025-10-18 18:00:00+02:00,0.9538516745998236
2025,CO2/CO/NOx,2025-10-18 19:00:00+02:00,1.0033459983932564
2025,CO2/CO/NOx,2025-10-18 20:00:00+02:00,1.033699275821337
2025,CO2/CO/NOx,2025-10-18 21:00:00+02:00,1.0352987020477034
2025,CO2/CO/NOx,2025-10-18 22:00:00+02:00,1.0184222127706761
2025,CO2/CO/NOx,2025-10-18 23:00:00+02:00,1.0047225223610157
2025,CO2/CO/NOx,2025-10-19 00:00:00+02:00,0.9984943498377495
2025,CO2/CO/NOx,2025-10-19 01:00:00+02:00,1.0198783993565879
2025,CO2/CO/NOx,2025-10-19 02:00:00+02:00,1.07245273780634
2025,CO2/CO/NOx,2025-10-19 03:00:00+02:00,1.1306736933120372
2025,CO2/CO/NOx,2025-10-19 04:00:00+02:00,1.1915164586409472
2025,CO2/CO/NOx,2025-10-19 05:00:00+02:00,1.2552906627128042
2025,CO2/CO/NOx,2025-10-19 06:00:00+02:00,1.3107433404804727
2025,CO2/CO/NOx,2025-10-19 07:00:00+02:00,1.3426926685820346
2025,CO2/CO/NOx,2025-10-19 08:00:00+02:00,1.3635388076364117
2025,CO2/CO/NOx,2025-10-19 09:00:00+02:00,1.3265294034089998
2025,CO2/CO/NOx,2025-10-19 10:00:00+02:00,1.2738336498928766
2025,CO2/CO/NOx,2025-10-19 11:00:00+02:00,1.1805881006458778
2025,CO2/CO/NOx,2025-10-19 12:00:00+02:00,1.0664948408611044
2025,CO2/CO/NOx,2025-10-19 13:00:00+02:00,0.9819027652992716
2025,CO2/CO/NOx,2025-10-19 14:00:00+02:00,0.9232884717641981
2025,CO2/CO/NOx,2025-10-19 15:00:00+02:00,0.915242132507412
2025,CO2/CO/NOx,2025-10-19 16:00:00+02:00,0.9246363044487659
2025,CO2/CO/NOx,2025-10-19 17:00:00+02:00,0.9601962048577816
2025,CO2/CO/NOx,2025-10-19 18:00:00+02:00,0.9986914939156121
2025,CO2/CO/NOx,2025-10-19 19:00:00+02:00,1.0260782138887357
2025,CO2/CO/NOx,2025-10-19 20:00:00+02:00,1.0192297348769257
2025,CO2/CO/NOx,2025-10-19 21:00:00+02:00,0.9929102844714447
2025,CO2/CO/NOx,2025-10-19 22:00:00+02:00,0.9579503341583672
2025,CO2/CO/NOx,2025-10-19 23:00:00+02:00,0.905879792526793
2025,CO2/CO/NOx,2025-10-20 00:00:00+02:00,0.8541238511324053
2025,CO2/CO/NOx,2025-10-20 01:00:00+02:00,0.8361627138479066
2025,CO2/CO/NOx,2025-10-20 02:00:00+02:00,0.8671767966007371
2025,CO2/CO/NOx,2025-10-20 03:00:00+02:00,0.9307573156375901
2025,CO2/CO/NOx,2025-10-20 04:00:00+02:00,1.0088316416099594
2025,CO2/CO/NOx,2025-10-20 05:00:00+02:00,1.0856606534017617
2025,CO2/CO/NOx,2025-10-20 06:00:00+02:00,1.135224367204979
2025,CO2/CO/NOx,2025-10-20 07:00:00+02:00,1.1379573870899427
2025,CO2/CO/NOx,2025-10-20 08:00:00+02:00,1.0753760708131976
2025,CO2/CO/NOx,2025-10-20 09:00:00+02:00,0.9757021443816011
2025,CO2/CO/NOx,2025-10-20 10:00:00+02:00,0.8881533936751316
2025,CO2/CO/NOx,2025-10-20 11:00:00+02:00,0.798153075561908
2025,CO2/CO/NOx,2025-10-20 12:00:00+02:00,0.7227388092052109
2025,CO2/CO/NOx,2025-10-20 13:00:00+02:00,0.699539557792612
2025,CO2/CO/NOx,2025-10-20 14:00:00+02:00,0.7097348475173065
2025,CO2/CO/NOx,2025-10-20 15:00:00+02:00,0.7350996071811905
2025,CO2/CO/NOx,2025-10-20 16:00:00+02:00,0.7680205843158898
2025,CO2/CO/NOx,2025-10-20 17:00:00+02:00,0.7989499349914808
2025,CO2/CO/NOx,2025-10-20 18:00:00+02:00,0.8242158829751923
2025,CO2/CO/NOx,2025-10-20 19:00:00+02:00,0.8264063755791681
2025,CO2/CO/NOx,2025-10-20 20:00:00+02:00,0.7952500644409909
2025,CO2/CO/NOx,2025-10-20 21:00:00+02:00,0.7448332606342976
2025,CO2/CO/NOx,2025-10-20 22:00:00+02:00,0.6930734823888546
2025,CO2/CO/NOx,2025-10-20 23:00:00+02:00,0.6494662466435959
2025,CO2/CO/NOx,2025-10-21 00:00:00+02:00,0.604906002098802
2025,CO2/CO/NOx,2025-10-21 01:00:00+02:00,0.5884315327152407
2025,CO2/CO/NOx,2025-10-21 02:00:00+02:00,0.6128984989323798
2025,CO2/CO/NOx,2025-10-21 03:00:00+02:00,0.6694004618950187
2025,CO2/CO/NOx,2025-10-21 04:00:00+02:00,0.7295088870029307
2025,CO2/CO/NOx,2025-10-21 05:00:00+02:00,0.7875283578195248
2025,CO2/CO/NOx,2025-10-21 06:00:00+02:00,0.8243797767331463
2025,CO2/CO/NOx,2025-10-21 07:00:00+02:00,0.8320624400433103
2025,CO2/CO/NOx,2025-10-21 08:00:00+02:00,0.8060972932178329
2025,CO2/CO/NOx,2025-10-21 09:00:00+02:00,0.7516185157600632
2025,CO2/CO/NOx,2025-10-21 10:00:00+02:00,0.6947900908960951
2025,CO2/CO/NOx,2025-10-21 11:00:00+02:00,0.6452804316747037
2025,CO2/CO/NOx,2025-10-21 12:00:00+02:00,0.600996878808132
2025,CO2/CO/NOx,2025-10-21 13:00:00+02:00,0.5784041148097038
2025,CO2/CO/NOx,2025-10-21 14:00:00+02:00,0.5846264042262029
2025,CO2/CO/NOx,2025-10-21 15:00:00+02:00,0.6058794603026203
2025,CO2/CO/NOx,2025-10-21 16:00:00+02:00,0.6351713339246203
2025,CO2/CO/NOx,2025-10-21 17:00:00+02:00,0.6738849745501452
2025,CO2/CO/NOx,2025-10-21 18:00:00+02:00,0.7142848194009562
2025,CO2/CO/NOx,2025-10-21 19:00:00+02:00,0.7302468430672708
2025,CO2/CO/NOx,2025-10-21 20:00:00+02:00,0.7247289692898361
2025,CO2/CO/NOx,2025-10-21 21:00:00+02:00,0.6915466542300382
2025,CO2/CO/NOx,2025-10-21 22:00:00+02:00,0.645355190294612
2025,CO2/CO/NOx,2025-10-21 23:00:00+02:00,0.5964333452638252
2025,CO2/CO/NOx,2025-10-22 00:00:00+02:00,0.5432287621882794
2025,CO2/CO/NOx,2025-10-22 01:00:00+02:00,0.5283591883110722
2025,CO2/CO/NOx,2025-10-22 02:00:00+02:00,0.5468080816567438
2025,CO2/CO/NOx,2025-10-22 03:00:00+02:00,0.5945365760910623
2025,CO2/CO/NOx,2025-10-22 04:00:00+02:00,0.6540449303109398
2025,CO2/CO/NOx,2025-10-22 05:00:00+02:00,0.7230386546627497
2025,CO2/CO/NOx,2025-10-22 06:00:00+02:00,0.7820199807127023
2025,CO2/CO/NOx,2025-10-22 07:00:00+02:00,0.8185771939583365
2025,CO2/CO/NOx,2025-10-22 08:00:00+02:00,0.824575662325791
2025,CO2/CO/NOx,2025-10-22 09:00:00+02:00,0.7993491107785418
2025,CO2/CO/NOx,2025-10-22 10:00:00+02:00,0.7834251299426838
2025,CO2/CO/NOx,2025-10-22 11:00:00+02:00,0.7425933251929694
2025,CO2/CO/NOx,2025-10-22 12:00:00+02:00,0.7079664764929824
2025,CO2/CO/NOx,2025-10-22 13:00:00+02:00,0.6805418061797088
2025,CO2/CO/NOx,2025-10-22 14:00:00+02:00,0.6704157149138676
2025,CO2/CO/NOx,2025-10-22 15:00:00+02:00,0.6741570625708171
2025,CO2/CO/NOx,2025-10-22 16:00:00+02:00,0.6882032377584777
2025,CO2/CO/NOx,2025-10-22 17:00:00+02:00,0.6936435862996748
2025,CO2/CO/NOx,2025-10-22 18:00:00+02:00,0.7036826126491598
2025,CO2/CO/NOx,2025-10-22 19:00:00+02:00,0.6956564760346837
2025,CO2/CO/NOx,2025-10-22 20:00:00+02:00,0.6516851999367872
2025,CO2/CO/NOx,2025-10-22 21:00:00+02:00,0.6016237403344872
2025,CO2/CO/NOx,2025-10-22 22:00:00+02:00,0.5564772565166358
2025,CO2/CO/NOx,2025-10-22 23:00:00+02:00,0.5229702890851172
2025,CO2/CO/NOx,2025-10-23 00:00:00+02:00,0.5018292012889068
2025,CO2/CO/NOx,2025-10-23 01:00:00+02:00,0.5094390797334533
2025,CO2/CO/NOx,2025-10-23 02:00:00+02:00,0.5294021558787453
2025,CO2/CO/NOx,2025-10-23 03:00:00+02:00,0.5733989217207365
2025,CO2/CO/NOx,2025-10-23 04:00:00+02:00,0.606839158747762
2025,CO2/CO/NOx,2025-10-23 05:00:00+02:00,0.6309763955782811
2025,CO2/CO/NOx,2025-10-23 06:00:00+02:00,0.6493165918327638
2025,CO2/CO/NOx,2025-10-23 07:00:00+02:00,0.6569962876150242
2025,CO2/CO/NOx,2025-10-23 08:00:00+02:00,0.6478358950859944
2025,CO2/CO/NOx,2025-10-23 09:00:00+02:00,0.6210412835833974
2025,CO2/CO/NOx,2025-10-23 10:00:00+02:00,0.6127647618241004
2025,CO2/CO/NOx,2025-10-23 11:00:00+02:00,0.6220112385584521
2025,CO2/CO/NOx,2025-10-23 12:00:00+02:00,0.6482817462741353
2025,CO2/CO/NOx,2025-10-23 13:00:00+02:00,0.6889394094823538
2025,CO2/CO/NOx,2025-10-23 14:00:00+02:00,0.7383950087251482
2025,CO2/CO/NOx,2025-10-23 15:00:00+02:00,0.7847692651499435
2025,CO2/CO/NOx,2025-10-23 16:00:00+02:00,0.8123562035178589
2025,CO2/CO/NOx,2025-10-23 17:00:00+02:00,0.8109529632435758
2025,CO2/CO/NOx,2025-10-23 18:00:00+02:00,0.7874575550219174
2025,CO2/CO/NOx,2025-10-23 19:00:00+02:00,0.7567224409832671
2025,CO2/CO/NOx,2025-10-23 20:00:00+02:00,0.723189547610245
2025,CO2/CO/NOx,2025-10-23 21:00:00+02:00,0.681834042905416
2025,CO2/CO/NOx,2025-10-23 22:00:00+02:00,0.6599238242933013
2025,CO2/CO/NOx,2025-10-23 23:00:00+02:00,0.6619881415534717
2025,CO2/CO/NOx,2025-10-24 00:00:00+02:00,0.6724749898973706
2025,CO2/CO/NOx,2025-10-24 01:00:00+02:00,0.715947627782979
2025,CO2/CO/NOx,2025-10-24 02:00:00+02:00,0.7761931724252974
2025,CO2/CO/NOx,2025-10-24 03:00:00+02:00,0.8486797403342493
2025,CO2/CO/NOx,2025-10-24 04:00:00+02:00,0.9139824097431476
2025,CO2/CO/NOx,2025-10-24 05:00:00+02:00,0.9668281091027235
2025,CO2/CO/NOx,2025-10-24 06:00:00+02:00,0.9981427276525575
2025,CO2/CO/NOx,2025-10-24 07:00:00+02:00,1.0217157372475845
2025,CO2/CO/NOx,2025-10-24 08:00:00+02:00,1.0092629034737484
2025,CO2/CO/NOx,2025-10-24 09:00:00+02:00,0.9767628823530472
2025,CO2/CO/NOx,2025-10-24 10:00:00+02:00,0.9620544514948907
2025,CO2/CO/NOx,2025-10-24 11:00:00+02:00,0.9577295795767935
2025,CO2/CO/NOx,2025-10-24 12:00:00+02:00,0.9622143851896543
2025,CO2/CO/NOx,2025-10-24 13:00:00+02:00,0.9648067699402985
2025,CO2/CO/NOx,2025-10-24 14:00:00+02:00,0.9830137486208791
2025,CO2/CO/NOx,2025-10-24 15:00:00+02:00,1.0254981950867639
2025,CO2/CO/NOx,2025-10-24 16:00:00+02:00,1.0581916430858327
2025,CO2/CO/NOx,2025-10-24 17:00:00+02:00,1.067923589176764
2025,CO2/CO/NOx,2025-10-24 18:00:00+02:00,1.105000285469699
2025,CO2/CO/NOx,2025-10-24 19:00:00+02:00,1.1190410958061432
2025,CO2/CO/NOx,2025-10-24 20:00:00+02:00,1.1021802152030695
2025,CO2/CO/NOx,2025-10-24 21:00:00+02:00,1.0666538510849286
2025,CO2/CO/NOx,2025-10-24 22:00:00+02:00,1.015842160896729
2025,CO2/CO/NOx,2025-10-24 23:00:00+02:00,0.9788507202294303
2025,CO2/CO/NOx,2025-10-25 00:00:00+02:00,0.9430386414546535
2025,CO2/CO/NOx,2025-10-25 01:00:00+02:00,0.9173638413548706
2025,CO2/CO/NOx,2025-10-25 02:00:00+02:00,0.9278187345353529
2025,CO2/CO/NOx,2025-10-25 03:00:00+02:00,0.9715567930378227
2025,CO2/CO/NOx,2025-10-25 04:00:00+02:00,1.0150974130396089
2025,CO2/CO/NOx,2025-10-25 05:00:00+02:00,1.0525042975762648
2025,CO2/CO/NOx,2025-10-25 06:00:00+02:00,1.0813299843516426
2025,CO2/CO/NOx,2025-10-25 07:00:00+02:00,1.0837543194683699
2025,CO2/CO/NOx,2025-10-25 08:00:00+02:00,1.047286033583098
2025,CO2/CO/NOx,2025-10-25 09:00:00+02:00,0.9877766435711703
2025,CO2/CO/NOx,2025-10-25 10:00:00+02:00,0.9443849528459771
2025,CO2/CO/NOx,2025-10-25 11:00:00+02:00,0.9137260887754941
2025,CO2/CO/NOx,2025-10-25 12:00:00+02:00,0.890875174580157
2025,CO2/CO/NOx,2025-10-25 13:00:00+02:00,0.914063035987259
2025,CO2/CO/NOx,2025-10-25 14:00:00+02:00,0.9637953590346527
2025,CO2/CO/NOx,2025-10-25 15:00:00+02:00,1.017710181911779
2025,CO2/CO/NOx,2025-10-25 16:00:00+02:00,1.0480131510237045
2025,CO2/CO/NOx,2025-10-25 17:00:00+02:00,1.0594221109394983
2025,CO2/CO/NOx,2025-10-25 18:00:00+02:00,1.0802549586908972
2025,CO2/CO/NOx,2025-10-25 19:00:00+02:00,1.0763638777960038
2025,CO2/CO/NOx,2025-10-25 20:00:00+02:00,1.0497856818453302
2025,CO2/CO/NOx,2025-10-25 21:00:00+02:00,1.0017548492848956
2025,CO2/CO/NOx,2025-10-25 22:00:00+02:00,0.964691844585989
2025,CO2/CO/NOx,2025-10-25 23:00:00+02:00,0.9421482654910129
2025,CO2/CO/NOx,2025-10-26 00:00:00+02:00,0.9255299619196028
2025,CO2/CO/NOx,2025-10-26 01:00:00+02:00,0.9013988178379082
2025,CO2/CO/NOx,2025-10-26 02:00:00+02:00,0.9162890983987921
2025,CO2/CO/NOx,2025-10-26 02:00:00+01:00,0.9461421374501006
2025,CO2/CO/NOx,2025-10-26 03:00:00+01:00,0.9664980649717416
2025,CO2/CO/NOx,2025-10-26 04:00:00+01:00,0.9932237916395034
2025,CO2/CO/NOx,2025-10-26 05:00:00+01:00,1.023740318760251
2025,CO2/CO/NOx,2025-10-26 06:00:00+01:00,1.0552975749642464
2025,CO2/CO/NOx,2025-10-26 07:00:00+01:00,1.0744944460983739
2025,CO2/CO/NOx,2025-10-26 08:00:00+01:00,1.0752960542879093
2025,CO2/CO/NOx,2025-10-26 09:00:00+01:00,1.0484254157015023
2025,CO2/CO/NOx,2025-10-26 10:00:00+01:00,1.0223306407955834
2025,CO2/CO/NOx,2025-10-26 11:00:00+01:00,0.986744302639025
2025,CO2/CO/NOx,2025-10-26 12:00:00+01:00,0.9505472263703364
2025,CO2/CO/NOx,2025-10-26 13:00:00+01:00,0.9458047226672527
2025,CO2/CO/NOx,2025-10-26 14:00:00+01:00,0.9538022259616509
2025,CO2/CO/NOx,2025-10-26 15:00:00+01:00,0.9884836113892259
2025,CO2/CO/NOx,2025-10-26 16:00:00+01:00,1.0379850383830909
2025,CO2/CO/NOx,2025-10-26 17:00:00+01:00,1.0853218699100509
2025,CO2/CO/NOx,2025-10-26 18:00:00+01:00,1.144212230000371
2025,CO2/CO/NOx,2025-10-26 19:00:00+01:00,1.1707462365625803
2025,CO2/CO/NOx,2025-10-26 20:00:00+01:00,1.1683657621452401
2025,CO2/CO/NOx,2025-10-26 21:00:00+01:00,1.1286445774930318
2025,CO2/CO/NOx,2025-10-26 22:00:00+01:00,1.0822320531770615
2025,CO2/CO/NOx,2025-10-26 23:00:00+01:00,1.0197198248102568
2025,CO2/CO/NOx,2025-10-27 00:00:00+01:00,0.9578158035684776
2025,CO2/CO/NOx,2025-10-27 01:00:00+01:00,0.9221503551479374
2025,CO2/CO/NOx,2025-10-27 02:00:00+01:00,0.9132395355715841
2025,CO2/CO/NOx,2025-10-27 03:00:00+01:00,0.9685874073757845
2025,CO2/CO/NOx,2025-10-27 04:00:00+01:00,1.036097772583838
2025,CO2/CO/NOx,2025-10-27 05:00:00+01:00,1.1172962612130823
2025,CO2/CO/NOx,2025-10-27 06:00:00+01:00,1.202969298051192
2025,CO2/CO/NOx,2025-10-27 07:00:00+01:00,1.2731561787138188
2025,CO2/CO/NOx,2025-10-27 08:00:00+01:00,1.3097312779555215
2025,CO2/CO/NOx,2025-10-27 09:00:00+01:00,1.2973926410714514
2025,CO2/CO/NOx,2025-10-27 10:00:00+01:00,1.2669247508428023
2025,CO2/CO/NOx,2025-10-27 11:00:00+01:00,1.2222373801001511
2025,CO2/CO/NOx,2025-10-27 12:00:00+01:00,1.1968496765889653
2025,CO2/CO/NOx,2025-10-27 13:00:00+01:00,1.1813334280505685
2025,CO2/CO/NOx,2025-10-27 14:00:00+01:00,1.1798101720886087
2025,CO2/CO/NOx,2025-10-27 15:00:00+01:00,1.1994232104426898
2025,CO2/CO/NOx,2025-10-27 16:00:00+01:00,1.216707351312899
2025,CO2/CO/NOx,2025-10-27 17:00:00+01:00,1.223136146338351
2025,CO2/CO/NOx,2025-10-27 18:00:00+01:00,1.238647429651075
2025,CO2/CO/NOx,2025-10-27 19:00:00+01:00,1.228416333744205
2025,CO2/CO/NOx,2025-10-27 20:00:00+01:00,1.2066108256893642
2025,CO2/CO/NOx,2025-10-27 21:00:00+01:00,1.171274689687288
2025,CO2/CO/NOx,2025-10-27 22:00:00+01:00,1.120408173095039
2025,CO2/CO/NOx,2025-10-27 23:00:00+01:00,1.0796041428676122
2025,CO2/CO/NOx,2025-10-28 00:00:00+01:00,1.0204558154608858
2025,CO2/CO/NOx,2025-10-28 01:00:00+01:00,0.9942991377674639
2025,CO2/CO/NOx,2025-10-28 02:00:00+01:00,1.0047679396179798
2025,CO2/CO/NOx,2025-10-28 03:00:00+01:00,1.0506951349351015
2025,CO2/CO/NOx,2025-10-28 04:00:00+01:00,1.0976969285709304
2025,CO2/CO/NOx,2025-10-28 05:00:00+01:00,1.1292646530046717
2025,CO2/CO/NOx,2025-10-28 06:00:00+01:00,1.1351323571864929
2025,CO2/CO/NOx,2025-10-28 07:00:00+01:00,1.1088572541281028
2025,CO2/CO/NOx,2025-10-28 08:00:00+01:00,1.0528669346927688
2025,CO2/CO/NOx,2025-10-28 09:00:00+01:00,0.9505223356826134
2025,CO2/CO/NOx,2025-10-28 10:00:00+01:00,0.871723014738121
2025,CO2/CO/NOx,2025-10-28 11:00:00+01:00,0.8133304069730185
2025,CO2/CO/NOx,2025-10-28 12:00:00+01:00,0.7829809129086154
2025,CO2/CO/NOx,2025-10-28 13:00:00+01:00,0.7792017436398633
2025,CO2/CO/NOx,2025-10-28 14:00:00+01:00,0.7811741057529277
2025,CO2/CO/NOx,2025-10-28 15:00:00+01:00,0.8020358543440297
2025,CO2/CO/NOx,2025-10-28 16:00:00+01:00,0.8235437728556978
2025,CO2/CO/NOx,2025-10-28 17:00:00+01:00,0.8373970177720924
2025,CO2/CO/NOx,2025-10-28 18:00:00+01:00,0.8468589248959395
2025,CO2/CO/NOx,2025-10-28 19:00:00+01:00,0.8321240022840737
2025,CO2/CO/NOx,2025-10-28 20:00:00+01:00,0.803336680082526
2025,CO2/CO/NOx,2025-10-28 21:00:00+01:00,0.7667398859279975
2025,CO2/CO/NOx,2025-10-28 22:00:00+01:00,0.719239315316821
2025,CO2/CO/NOx,2025-10-28 23:00:00+01:00,0.6763953003160597
2025,CO2/CO/NOx,2025-10-29 00:00:00+01:00,0.6367343790620278
2025,CO2/CO/NOx,2025-10-29 01:00:00+01:00,0.6493738496557723
2025,CO2/CO/NOx,2025-10-29 02:00:00+01:00,0.7085487444075839
2025,CO2/CO/NOx,2025-10-29 03:00:00+01:00,0.8006758179883531
2025,CO2/CO/NOx,2025-10-29 04:00:00+01:00,0.9053829051642898
2025,CO2/CO/NOx,2025-10-29 05:00:00+01:00,0.9891849735694158
2025,CO2/CO/NOx,2025-10-29 06:00:00+01:00,1.0336461153750758
2025,CO2/CO/NOx,2025-10-29 07:00:00+01:00,1.0274167793856623
2025,CO2/CO/NOx,2025-10-29 08:00:00+01:00,0.9721623593329164
2025,CO2/CO/NOx,2025-10-29 09:00:00+01:00,0.8701501641150556
2025,CO2/CO/NOx,2025-10-29 10:00:00+01:00,0.7914421666848988
2025,CO2/CO/NOx,2025-10-29 11:00:00+01:00,0.7267704618546328
2025,CO2/CO/NOx,2025-10-29 12:00:00+01:00,0.6689640069217563
2025,CO2/CO/NOx,2025-10-29 13:00:00+01:00,0.6682496923242338
2025,CO2/CO/NOx,2025-10-29 14:00:00+01:00,0.6930296858070033
2025,CO2/CO/NOx,2025-10-29 15:00:00+01:00,0.7334891989481306
2025,CO2/CO/NOx,2025-10-29 16:00:00+01:00,0.775464218830889
2025,CO2/CO/NOx,2025-10-29 17:00:00+01:00,0.8174991620688646
2025,CO2/CO/NOx,2025-10-29 18:00:00+01:00,0.8492232131857701
2025,CO2/CO/NOx,2025-10-29 19:00:00+01:00,0.8438840823488937
2025,CO2/CO/NOx,2025-10-29 20:00:00+01:00,0.8170301997623262
2025,CO2/CO/NOx,2025-10-29 21:00:00+01:00,0.7636928017441555
2025,CO2/CO/NOx,2025-10-29 22:00:00+01:00,0.7240726657414943
2025,CO2/CO/NOx,2025-10-29 23:00:00+01:00,0.6936209148527154
2025,CO2/CO/NOx,2025-10-30 00:00:00+01:00,0.653259504753571
2025,CO2/CO/NOx,2025-10-30 01:00:00+01:00,0.640358706253855
2025,CO2/CO/NOx,2025-10-30 02:00:00+01:00,0.6577837690904991
2025,CO2/CO/NOx,2025-10-30 03:00:00+01:00,0.6918414321127725
2025,CO2/CO/NOx,2025-10-30 04:00:00+01:00,0.7112545842797112
2025,CO2/CO/NOx,2025-10-30 05:00:00+01:00,0.7495043406683238
2025,CO2/CO/NOx,2025-10-30 06:00:00+01:00,0.7862798133437906
2025,CO2/CO/NOx,2025-10-30 07:00:00+01:00,0.8151761237240114
2025,CO2/CO/NOx,2025-10-30 08:00:00+01:00,0.8244329740544808
2025,CO2/CO/NOx,2025-10-30 09:00:00+01:00,0.7972546780299096
2025,CO2/CO/NOx,2025-10-30 10:00:00+01:00,0.7779398537074297
2025,CO2/CO/NOx,2025-10-30 11:00:00+01:00,0.7569549128760658
2025,CO2/CO/NOx,2025-10-30 12:00:00+01:00,0.7261177362859432
2025,CO2/CO/NOx,2025-10-30 13:00:00+01:00,0.6963288511524884
2025,CO2/CO/NOx,2025-10-30 14:00:00+01:00,0.6858991663960582
2025,CO2/CO/NOx,2025-10-30 15:00:00+01:00,0.7045777654023997
2025,CO2/CO/NOx,2025-10-30 16:00:00+01:00,0.7287684834170363
2025,CO2/CO/NOx,2025-10-30 17:00:00+01:00,0.7736888711923864
2025,CO2/CO/NOx,2025-10-30 18:00:00+01:00,0.8478734062792805
2025,CO2/CO/NOx,2025-10-30 19:00:00+01:00,0.9130327516438933
2025,CO2/CO/NOx,2025-10-30 20:00:00+01:00,0.9451725979582438
2025,CO2/CO/NOx,2025-10-30 21:00:00+01:00,0.966351327795629
2025,CO2/CO/NOx,2025-10-30 22:00:00+01:00,0.9793109289215189
2025,CO2/CO/NOx,2025-10-30 23:00:00+01:00,1.006247738057004
2025,CO2/CO/NOx,2025-10-31 00:00:00+01:00,1.008537120034731
2025,CO2/CO/NOx,2025-10-31 01:00:00+01:00,1.013154129260424
2025,CO2/CO/NOx,2025-10-31 02:00:00+01:00,1.0477274066244582
2025,CO2/CO/NOx,2025-10-31 03:00:00+01:00,1.0955788788003165
2025,CO2/CO/NOx,2025-10-31 04:00:00+01:00,1.1075203274676562
2025,CO2/CO/NOx,2025-10-31 05:00:00+01:00,1.1130614923129998
2025,CO2/CO/NOx,2025-10-31 06:00:00+01:00,1.1559760429417867
2025,CO2/CO/NOx,2025-10-31 07:00:00+01:00,1.201324855698573
2025,CO2/CO/NOx,2025-10-31 08:00:00+01:00,1.2230490681865516
2025,CO2/CO/NOx,2025-10-31 09:00:00+01:00,1.1838208303264877
2025,CO2/CO/NOx,2025-10-31 10:00:00+01:00,1.1427807659380749
2025,CO2/CO/NOx,2025-10-31 11:00:00+01:00,1.0776325342053445
2025,CO2/CO/NOx,2025-10-31 12:00:00+01:00,0.9970675850953631
2025,CO2/CO/NOx,2025-10-31 13:00:00+01:00,0.9261387883587079
2025,CO2/CO/NOx,2025-10-31 14:00:00+01:00,0.901622475159535
2025,CO2/CO/NOx,2025-10-31 15:00:00+01:00,0.9424188505309984
2025,CO2/CO/NOx,2025-10-31 16:00:00+01:00,1.0024177321826337
2025,CO2/CO/NOx,2025-10-31 17:00:00+01:00,1.053806223181647
2025,CO2/CO/NOx,2025-10-31 18:00:00+01:00,1.119291303503466
2025,CO2/CO/NOx,2025-10-31 19:00:00+01:00,1.142448485628158
2025,CO2/CO/NOx,2025-10-31 20:00:00+01:00,1.1081859832146228
2025,CO2/CO/NOx,2025-10-31 21:00:00+01:00,1.0410906181360826
2025,CO2/CO/NOx,2025-10-31 22:00:00+01:00,0.9655017167962229
2025,CO2/CO/NOx,2025-10-31 23:00:00+01:00,0.8879829814021473
2025,CO2/CO/NOx,2025-11-01 00:00:00+01:00,0.8324723623249818
2025,CO2/CO/NOx,2025-11-01 01:00:00+01:00,0.8191422238017235
2025,CO2/CO/NOx,2025-11-01 02:00:00+01:00,0.858836000765592
2025,CO2/CO/NOx,2025-11-01 03:00:00+01:00,0.947035369856648
2025,CO2/CO/NOx,2025-11-01 04:00:00+01:00,1.0260059748134138
2025,CO2/CO/NOx,2025-11-01 05:00:00+01:00,1.0832471376719515
2025,CO2/CO/NOx,2025-11-01 06:00:00+01:00,1.111399978948256
2025,CO2/CO/NOx,2025-11-01 07:00:00+01:00,1.0934825158756187
2025,CO2/CO/NOx,2025-11-01 08:00:00+01:00,1.019549257912944
2025,CO2/CO/NOx,2025-11-01 09:00:00+01:00,0.9099476457659659
2025,CO2/CO/NOx,2025-11-01 10:00:00+01:00,0.8035905962768937
2025,CO2/CO/NOx,2025-11-01 11:00:00+01:00,0.7026663327726663
2025,CO2/CO/NOx,2025-11-01 12:00:00+01:00,0.6259212861919439
2025,CO2/CO/NOx,2025-11-01 13:00:00+01:00,0.5969929216539833
2025,CO2/CO/NOx,2025-11-01 14:00:00+01:00,0.6160186082730621
2025,CO2/CO/NOx,2025-11-01 15:00:00+01:00,0.6747150267900069
2025,CO2/CO/NOx,2025-11-01 16:00:00+01:00,0.7277193458613573
2025,CO2/CO/NOx,2025-11-01 17:00:00+01:00,0.7738989041538883
2025,CO2/CO/NOx,2025-11-01 18:00:00+01:00,0.7939614967678845
2025,CO2/CO/NOx,2025-11-01 19:00:00+01:00,0.7747995693665617
2025,CO2/CO/NOx,2025-11-01 20:00:00+01:00,0.7160353702966228
2025,CO2/CO/NOx,2025-11-01 21:00:00+01:00,0.6316238521916846
2025,CO2/CO/NOx,2025-11-01 22:00:00+01:00,0.5458337169321879
2025,CO2/CO/NOx,2025-11-01 23:00:00+01:00,0.4856517088893936
2025,CO2/CO/NOx,2025-11-02 00:00:00+01:00,0.4591928980812465
2025,CO2/CO/NOx,2025-11-02 01:00:00+01:00,0.4512840928622515
2025,CO2/CO/NOx,2025-11-02 02:00:00+01:00,0.4770743293903057
2025,CO2/CO/NOx,2025-11-02 03:00:00+01:00,0.5134566017715706
2025,CO2/CO/NOx,2025-11-02 04:00:00+01:00,0.5670892366779727
2025,CO2/CO/NOx,2025-11-02 05:00:00+01:00,0.6204204426159661
2025,CO2/CO/NOx,2025-11-02 06:00:00+01:00,0.6558054629219024
2025,CO2/CO/NOx,2025-11-02 07:00:00+01:00,0.6806864631099762
2025,CO2/CO/NOx,2025-11-02 08:00:00+01:00,0.6989716467892139
2025,CO2/CO/NOx,2025-11-02 09:00:00+01:00,0.7145128521612787
2025,CO2/CO/NOx,2025-11-02 10:00:00+01:00,0.7242095915881956
2025,CO2/CO/NOx,2025-11-02 11:00:00+01:00,0.7359151569886315
2025,CO2/CO/NOx,2025-11-02 12:00:00+01:00,0.744659728867451
2025,CO2/CO/NOx,2025-11-02 13:00:00+01:00,0.7711323378114279
2025,CO2/CO/NOx,2025-11-02 14:00:00+01:00,0.7923375256374164
2025,CO2/CO/NOx,2025-11-02 15:00:00+01:00,0.8102015558155692
2025,CO2/CO/NOx,2025-11-02 16:00:00+01:00,0.8291947604248388
2025,CO2/CO/NOx,2025-11-02 17:00:00+01:00,0.8460542755772258
2025,CO2/CO/NOx,2025-11-02 18:00:00+01:00,0.8786186307508118
2025,CO2/CO/NOx,2025-11-02 19:00:00+01:00,0.8960029715250932
2025,CO2/CO/NOx,2025-11-02 20:00:00+01:00,0.900386359922322
2025,CO2/CO/NOx,2025-11-02 21:00:00+01:00,0.893030971562002
2025,CO2/CO/NOx,2025-11-02 22:00:00+01:00,0.8781695125456063
2025,CO2/CO/NOx,2025-11-02 23:00:00+01:00,0.8628749341990644
2025,CO2/CO/NOx,2025-11-03 00:00:00+01:00,0.8337859022752822
2025,CO2/CO/NOx,2025-11-03 01:00:00+01:00,0.819640202130946
2025,CO2/CO/NOx,2025-11-03 02:00:00+01:00,0.8329278825044378
2025,CO2/CO/NOx,2025-11-03 03:00:00+01:00,0.8855596982001255
2025,CO2/CO/NOx,2025-11-03 04:00:00+01:00,0.9363846229522378
2025,CO2/CO/NOx,2025-11-03 05:00:00+01:00,0.9954755170434241
2025,CO2/CO/NOx,2025-11-03 06:00:00+01:00,1.0480166570563343
2025,CO2/CO/NOx,2025-11-03 07:00:00+01:00,1.0676211903934265
2025,CO2/CO/NOx,2025-11-03 08:00:00+01:00,1.0608453487587228
2025,CO2/CO/NOx,2025-11-03 09:00:00+01:00,1.0102148922609324
2025,CO2/CO/NOx,2025-11-03 10:00:00+01:00,0.9613621700795723
2025,CO2/CO/NOx,2025-11-03 11:00:00+01:00,0.8995521744809681
2025,CO2/CO/NOx,2025-11-03 12:00:00+01:00,0.8510379685623188
2025,CO2/CO/NOx,2025-11-03 13:00:00+01:00,0.834118984423646
2025,CO2/CO/NOx,2025-11-03 14:00:00+01:00,0.8483211823488335
2025,CO2/CO/NOx,2025-11-03 15:00:00+01:00,0.8868357445208745
2025,CO2/CO/NOx,2025-11-03 16:00:00+01:00,0.9376998637254527
2025,CO2/CO/NOx,2025-11-03 17:00:00+01:00,0.9922259173107324
2025,CO2/CO/NOx,2025-11-03 18:00:00+01:00,1.059712479676741
2025,CO2/CO/NOx,2025-11-03 19:00:00+01:00,1.0857063150283264
2025,CO2/CO/NOx,2025-11-03 20:00:00+01:00,1.0704399880580489
2025,CO2/CO/NOx,2025-11-03 21:00:00+01:00,1.0342123176462101
2025,CO2/CO/NOx,2025-11-03 22:00:00+01:00,0.9958490630968958
2025,CO2/CO/NOx,2025-11-03 23:00:00+01:00,0.9511670806374752
2025,CO2/CO/NOx,2025-11-04 00:00:00+01:00,0.8982503904681706
2025,CO2/CO/NOx,2025-11-04 01:00:00+01:00,0.8933962862668358
2025,CO2/CO/NOx,2025-11-04 02:00:00+01:00,0.9346995077822059
2025,CO2/CO/NOx,2025-11-04 03:00:00+01:00,1.0330357387082787
2025,CO2/CO/NOx,2025-11-04 04:00:00+01:00,1.1158341102650173
2025,CO2/CO/NOx,2025-11-04 05:00:00+01:00,1.2102452595553579
2025,CO2/CO/NOx,2025-11-04 06:00:00+01:00,1.2924451866963194
2025,CO2/CO/NOx,2025-11-04 07:00:00+01:00,1.3061537782063364
2025,CO2/CO/NOx,2025-11-04 08:00:00+01:00,1.26302807234348
2025,CO2/CO/NOx,2025-11-04 09:00:00+01:00,1.1556819561033769
2025,CO2/CO/NOx,2025-11-04 10:00:00+01:00,1.0461662390110176
2025,CO2/CO/NOx,2025-11-04 11:00:00+01:00,0.923762539061127
2025,CO2/CO/NOx,2025-11-04 12:00:00+01:00,0.8327820358779754
2025,CO2/CO/NOx,2025-11-04 13:00:00+01:00,0.7828216091599319
2025,CO2/CO/NOx,2025-11-04 14:00:00+01:00,0.7969747941601011
2025,CO2/CO/NOx,2025-11-04 15:00:00+01:00,0.8661879655714615
2025,CO2/CO/NOx,2025-11-04 16:00:00+01:00,0.9262580212778359
2025,CO2/CO/NOx,2025-11-04 17:00:00+01:00,1.0258620541972798
2025,CO2/CO/NOx,2025-11-04 18:00:00+01:00,1.1214475712295668
2025,CO2/CO/NOx,2025-11-04 19:00:00+01:00,1.1633004333506696
2025,CO2/CO/NOx,2025-11-04 20:00:00+01:00,1.1600293736678355
2025,CO2/CO/NOx,2025-11-04 21:00:00+01:00,1.138994830869817
2025,CO2/CO/NOx,2025-11-04 22:00:00+01:00,1.1239984266895704
2025,CO2/CO/NOx,2025-11-04 23:00:00+01:00,1.1273917022660116
2025,CO2/CO/NOx,2025-11-05 00:00:00+01:00,1.117244624825295
2025,CO2/CO/NOx,2025-11-05 01:00:00+01:00,1.13827374995714
2025,CO2/CO/NOx,2025-11-05 02:00:00+01:00,1.2114878963378028
2025,CO2/CO/NOx,2025-11-05 03:00:00+01:00,1.2840665574803032
2025,CO2/CO/NOx,2025-11-05 04:00:00+01:00,1.3563906574116027
2025,CO2/CO/NOx,2025-11-05 05:00:00+01:00,1.428649026604319
2025,CO2/CO/NOx,2025-11-05 06:00:00+01:00,1.483372202949872
2025,CO2/CO/NOx,2025-11-05 07:00:00+01:00,1.4761659259957614
2025,CO2/CO/NOx,2025-11-05 08:00:00+01:00,1.4045460416825528
2025,CO2/CO/NOx,2025-11-05 09:00:00+01:00,1.2572618856254814
2025,CO2/CO/NOx,2025-11-05 10:00:00+01:00,1.1170546616082488
2025,CO2/CO/NOx,2025-11-05 11:00:00+01:00,0.9781838902182366
2025,CO2/CO/NOx,2025-11-05 12:00:00+01:00,0.8625596363211866
2025,CO2/CO/NOx,2025-11-05 13:00:00+01:00,0.8159239284259328
2025,CO2/CO/NOx,2025-11-05 14:00:00+01:00,0.8277515771288396
2025,CO2/CO/NOx,2025-11-05 15:00:00+01:00,0.8959824372824687
2025,CO2/CO/NOx,2025-11-05 16:00:00+01:00,0.9659561512853293
2025,CO2/CO/NOx,2025-11-05 17:00:00+01:00,1.060738977791371
2025,CO2/CO/NOx,2025-11-05 18:00:00+01:00,1.1529666696156438
2025,CO2/CO/NOx,2025-11-05 19:00:00+01:00,1.2189888244917697
2025,CO2/CO/NOx,2025-11-05 20:00:00+01:00,1.2525826638576338
2025,CO2/CO/NOx,2025-11-05 21:00:00+01:00,1.247312867276781
2025,CO2/CO/NOx,2025-11-05 22:00:00+01:00,1.2356491541460055
2025,CO2/CO/NOx,2025-11-05 23:00:00+01:00,1.2229851885931928
2025,CO2/CO/NOx,2025-11-06 00:00:00+01:00,1.2018274785948844
2025,CO2/CO/NOx,2025-11-06 01:00:00+01:00,1.211089493976278
2025,CO2/CO/NOx,2025-11-06 02:00:00+01:00,1.2430346073066298
2025,CO2/CO/NOx,2025-11-06 03:00:00+01:00,1.3220421241338294
2025,CO2/CO/NOx,2025-11-06 04:00:00+01:00,1.4497661312467511
2025,CO2/CO/NOx,2025-11-06 05:00:00+01:00,1.57995144483924
2025,CO2/CO/NOx,2025-11-06 06:00:00+01:00,1.686414756826487
2025,CO2/CO/NOx,2025-11-06 07:00:00+01:00,1.7603676714564518
2025,CO2/CO/NOx,2025-11-06 08:00:00+01:00,1.7653193999767853
2025,CO2/CO/NOx,2025-11-06 09:00:00+01:00,1.7081422191910818
2025,CO2/CO/NOx,2025-11-06 10:00:00+01:00,1.6336924504513664
2025,CO2/CO/NOx,2025-11-06 11:00:00+01:00,1.5398775622007954
2025,CO2/CO/NOx,2025-11-06 12:00:00+01:00,1.485607093822705
2025,CO2/CO/NOx,2025-11-06 13:00:00+01:00,1.4820730158176083
2025,CO2/CO/NOx,2025-11-06 14:00:00+01:00,1.4969780747680703
2025,CO2/CO/NOx,2025-11-06 15:00:00+01:00,1.5379915032976332
2025,CO2/CO/NOx,2025-11-06 16:00:00+01:00,1.5643109051623043
2025,CO2/CO/NOx,2025-11-06 17:00:00+01:00,1.5820102636412532
2025,CO2/CO/NOx,2025-11-06 18:00:00+01:00,1.6280415036026985
2025,CO2/CO/NOx,2025-11-06 19:00:00+01:00,1.6339815452617406
2025,CO2/CO/NOx,2025-11-06 20:00:00+01:00,1.6138038645335246
2025,CO2/CO/NOx,2025-11-06 21:00:00+01:00,1.5770332277743917
2025,CO2/CO/NOx,2025-11-06 22:00:00+01:00,1.5468194394317254
2025,CO2/CO/NOx,2025-11-06 23:00:00+01:00,1.5264423713950803
2025,CO2/CO/NOx,2025-11-07 00:00:00+01:00,1.4935592560304722
2025,CO2/CO/NOx,2025-11-07 01:00:00+01:00,1.494610786187487
2025,CO2/CO/NOx,2025-11-07 02:00:00+01:00,1.5424240417524517
2025,CO2/CO/NOx,2025-11-07 03:00:00+01:00,1.6352317771625662
2025,CO2/CO/NOx,2025-11-07 04:00:00+01:00,1.7029829408828725
2025,CO2/CO/NOx,2025-11-07 05:00:00+01:00,1.7695713820369496
2025,CO2/CO/NOx,2025-11-07 06:00:00+01:00,1.8280914593711577
2025,CO2/CO/NOx,2025-11-07 07:00:00+01:00,1.865652994820214
2025,CO2/CO/NOx,2025-11-07 08:00:00+01:00,1.861767981626222
2025,CO2/CO/NOx,2025-11-07 09:00:00+01:00,1.8118132826054354
2025,CO2/CO/NOx,2025-11-07 10:00:00+01:00,1.7797645754316003
2025,CO2/CO/NOx,2025-11-07 11:00:00+01:00,1.7494805866885739
2025,CO2/CO/NOx,2025-11-07 12:00:00+01:00,1.71963856757402
2025,CO2/CO/NOx,2025-11-07 13:00:00+01:00,1.701756055413231
2025,CO2/CO/NOx,2025-11-07 14:00:00+01:00,1.700670210167966
2025,CO2/CO/NOx,2025-11-07 15:00:00+01:00,1.712541695005925
2025,CO2/CO/NOx,2025-11-07 16:00:00+01:00,1.7178066391138387
2025,CO2/CO/NOx,2025-11-07 17:00:00+01:00,1.71319676918853
2025,CO2/CO/NOx,2025-11-07 18:00:00+01:00,1.7175047079374515
2025,CO2/CO/NOx,2025-11-07 19:00:00+01:00,1.7004464072517962
2025,CO2/CO/NOx,2025-11-07 20:00:00+01:00,1.6647006116984122
2025,CO2/CO/NOx,2025-11-07 21:00:00+01:00,1.6186006859280262
2025,CO2/CO/NOx,2025-11-07 22:00:00+01:00,1.5809990537099226
2025,CO2/CO/NOx,2025-11-07 23:00:00+01:00,1.5467309732403494
2025,CO2/CO/NOx,2025-11-08 00:00:00+01:00,1.5018742765373194
2025,CO2/CO/NOx,2025-11-08 01:00:00+01:00,1.4878858879564372
2025,CO2/CO/NOx,2025-11-08 02:00:00+01:00,1.5085226378458427
2025,CO2/CO/NOx,2025-11-08 03:00:00+01:00,1.556431300249828
2025,CO2/CO/NOx,2025-11-08 04:00:00+01:00,1.6053255198551757
2025,CO2/CO/NOx,2025-11-08 05:00:00+01:00,1.6583802960531522
2025,CO2/CO/NOx,2025-11-08 06:00:00+01:00,1.709206758096011
2025,CO2/CO/NOx,2025-11-08 07:00:00+01:00,1.7435293517344417
2025,CO2/CO/NOx,2025-11-08 08:00:00+01:00,1.7479928555797979
2025,CO2/CO/NOx,2025-11-08 09:00:00+01:00,1.7249316726285384
2025,CO2/CO/NOx,2025-11-08 10:00:00+01:00,1.7052241317130141
2025,CO2/CO/NOx,2025-11-08 11:00:00+01:00,1.673015186136342
2025,CO2/CO/NOx,2025-11-08 12:00:00+01:00,1.630118632520197
2025,CO2/CO/NOx,2025-11-08 13:00:00+01:00,1.6010682282669741
2025,CO2/CO/NOx,2025-11-08 14:00:00+01:00,1.5818640256916061
2025,CO2/CO/NOx,2025-11-08 15:00:00+01:00,1.5771161902751316
2025,CO2/CO/NOx,2025-11-08 16:00:00+01:00,1.5741853954980762
2025,CO2/CO/NOx,2025-11-08 17:00:00+01:00,1.5771526576033623
2025,CO2/CO/NOx,2025-11-08 18:00:00+01:00,1.5982350113385164
2025,CO2/CO/NOx,2025-11-08 19:00:00+01:00,1.577598348316724
2025,CO2/CO/NOx,2025-11-08 20:00:00+01:00,1.533051456528326
2025,CO2/CO/NOx,2025-11-08 21:00:00+01:00,1.4681807384538175
2025,CO2/CO/NOx,2025-11-08 22:00:00+01:00,1.3940157650390714
2025,CO2/CO/NOx,2025-11-08 23:00:00+01:00,1.3156951368942185
2025,CO2/CO/NOx,2025-11-09 00:00:00+01:00,1.2427272473080808
2025,CO2/CO/NOx,2025-11-09 01:00:00+01:00,1.2054512873786654
2025,CO2/CO/NOx,2025-11-09 02:00:00+01:00,1.203214868661756
2025,CO2/CO/NOx,2025-11-09 03:00:00+01:00,1.2347236415936422
2025,CO2/CO/NOx,2025-11-09 04:00:00+01:00,1.2581600523279706
2025,CO2/CO/NOx,2025-11-09 05:00:00+01:00,1.3004323141704726
2025,CO2/CO/NOx,2025-11-09 06:00:00+01:00,1.3283328279120112
2025,CO2/CO/NOx,2025-11-09 07:00:00+01:00,1.326796973955162
2025,CO2/CO/NOx,2025-11-09 08:00:00+01:00,1.2910616993428896
2025,CO2/CO/NOx,2025-11-09 09:00:00+01:00,1.2289333530110513
2025,CO2/CO/NOx,2025-11-09 10:00:00+01:00,1.1708819100622823
2025,CO2/CO/NOx,2025-11-09 11:00:00+01:00,1.0984159493054264
2025,CO2/CO/NOx,2025-11-09 12:00:00+01:00,1.025004987654084
2025,CO2/CO/NOx,2025-11-09 13:00:00+01:00,0.9748223771503092
2025,CO2/CO/NOx,2025-11-09 14:00:00+01:00,0.9527727120865461
2025,CO2/CO/NOx,2025-11-09 15:00:00+01:00,0.9647397285430706
2025,CO2/CO/NOx,2025-11-09 16:00:00+01:00,0.9854226163262327
2025,CO2/CO/NOx,2025-11-09 17:00:00+01:00,1.009771482051286
2025,CO2/CO/NOx,2025-11-09 18:00:00+01:00,1.0457293972739987
2025,CO2/CO/NOx,2025-11-09 19:00:00+01:00,1.0609098552541125
2025,CO2/CO/NOx,2025-11-09 20:00:00+01:00,1.0487388344403064
2025,CO2/CO/NOx,2025-11-09 21:00:00+01:00,1.0078342020382731
2025,CO2/CO/NOx,2025-11-09 22:00:00+01:00,0.9530218972494399
2025,CO2/CO/NOx,2025-11-09 23:00:00+01:00,0.8899464937201511
2025,CO2/CO/NOx,2025-11-10 00:00:00+01:00,0.839955515217495
2025,CO2/CO/NOx,2025-11-10 01:00:00+01:00,0.8170891055280652
2025,CO2/CO/NOx,2025-11-10 02:00:00+01:00,0.8308234683869066
2025,CO2/CO/NOx,2025-11-10 03:00:00+01:00,0.8781195975700927
2025,CO2/CO/NOx,2025-11-10 04:00:00+01:00,0.929172712431612
2025,CO2/CO/NOx,2025-11-10 05:00:00+01:00,0.9871366010876098
2025,CO2/CO/NOx,2025-11-10 06:00:00+01:00,1.0330758108714408
2025,CO2/CO/NOx,2025-11-10 07:00:00+01:00,1.0553185496103665
2025,CO2/CO/NOx,2025-11-10 08:00:00+01:00,1.0498347047700098
2025,CO2/CO/NOx,2025-11-10 09:00:00+01:00,1.0170578545113997
2025,CO2/CO/NOx,2025-11-10 10:00:00+01:00,0.9887740501985981
2025,CO2/CO/NOx,2025-11-10 11:00:00+01:00,0.9530349745905857
2025,CO2/CO/NOx,2025-11-10 12:00:00+01:00,0.911411926990244
2025,CO2/CO/NOx,2025-11-10 13:00:00+01:00,0.8882848539426133
2025,CO2/CO/NOx,2025-11-10 14:00:00+01:00,0.8879812699889087
2025,CO2/CO/NOx,2025-11-10 15:00:00+01:00,0.9172502236176499
2025,CO2/CO/NOx,2025-11-10 16:00:00+01:00,0.9663524798264265
2025,CO2/CO/NOx,2025-11-10 17:00:00+01:00,1.0221481372331214
2025,CO2/CO/NOx,2025-11-10 18:00:00+01:00,1.0840726458678527
2025,CO2/CO/NOx,2025-11-10 19:00:00+01:00,1.1224555959527336
2025,CO2/CO/NOx,2025-11-10 20:00:00+01:00,1.1279590710032361
2025,CO2/CO/NOx,2025-11-10 21:00:00+01:00,1.102564018030027
2025,CO2/CO/NOx,2025-11-10 22:00:00+01:00,1.06783567281868
2025,CO2/CO/NOx,2025-11-10 23:00:00+01:00,1.0225791577263033
2025,CO2/CO/NOx,2025-11-11 00:00:00+01:00,0.9684134093589979
2025,CO2/CO/NOx,2025-11-11 01:00:00+01:00,0.9577764778313888
2025,CO2/CO/NOx,2025-11-11 02:00:00+01:00,0.966507411359419
2025,CO2/CO/NOx,2025-11-11 03:00:00+01:00,1.0238170333788121
2025,CO2/CO/NOx,2025-11-11 04:00:00+01:00,1.080567629212353
2025,CO2/CO/NOx,2025-11-11 05:00:00+01:00,1.1231154288795429
2025,CO2/CO/NOx,2025-11-11 06:00:00+01:00,1.1516800160676761
2025,CO2/CO/NOx,2025-11-11 07:00:00+01:00,1.1598357481552948
2025,CO2/CO/NOx,2025-11-11 08:00:00+01:00,1.1225539502886954
2025,CO2/CO/NOx,2025-11-11 09:00:00+01:00,1.0554832186107412
2025,CO2/CO/NOx,2025-11-11 10:00:00+01:00,1.009076026624849
2025,CO2/CO/NOx,2025-11-11 11:00:00+01:00,0.9702457820659978
2025,CO2/CO/NOx,2025-11-11 12:00:00+01:00,0.9393871942959336
2025,CO2/CO/NOx,2025-11-11 13:00:00+01:00,0.9204945420209548
2025,CO2/CO/NOx,2025-11-11 14:00:00+01:00,0.9061434882194344
2025,CO2/CO/NOx,2025-11-11 15:00:00+01:00,0.918353774765223
2025,CO2/CO/NOx,2025-11-11 16:00:00+01:00,0.9403866072460527
2025,CO2/CO/NOx,2025-11-11 17:00:00+01:00,0.9667101916373806
2025,CO2/CO/NOx,2025-11-11 18:00:00+01:00,1.021223146503927
2025,CO2/CO/NOx,2025-11-11 19:00:00+01:00,1.0546601746391555
2025,CO2/CO/NOx,2025-11-11 20:00:00+01:00,1.0668827435403354
2025,CO2/CO/NOx,2025-11-11 21:00:00+01:00,1.0499382065093792
2025,CO2/CO/NOx,2025-11-11 22:00:00+01:00,1.037957839903884
2025,CO2/CO/NOx,2025-11-11 23:00:00+01:00,1.0346016795770006
2025,CO2/CO/NOx,2025-11-12 00:00:00+01:00,1.0313991047164348
2025,CO2/CO/NOx,2025-11-12 01:00:00+01:00,1.0534248065884908
2025,CO2/CO/NOx,2025-11-12 02:00:00+01:00,1.111003127711453
2025,CO2/CO/NOx,2025-11-12 03:00:00+01:00,1.183410868409939
2025,CO2/CO/NOx,2025-11-12 04:00:00+01:00,1.2552735916131763
2025,CO2/CO/NOx,2025-11-12 05:00:00+01:00,1.3105245012476467
2025,CO2/CO/NOx,2025-11-12 06:00:00+01:00,1.3670598570246093
2025,CO2/CO/NOx,2025-11-12 07:00:00+01:00,1.3725469658206195
2025,CO2/CO/NOx,2025-11-12 08:00:00+01:00,1.317540187337976
2025,CO2/CO/NOx,2025-11-12 09:00:00+01:00,1.2047712917117155
2025,CO2/CO/NOx,2025-11-12 10:00:00+01:00,1.0953304384565166
2025,CO2/CO/NOx,2025-11-12 11:00:00+01:00,0.9836833587168456
2025,CO2/CO/NOx,2025-11-12 12:00:00+01:00,0.8804945966524006
2025,CO2/CO/NOx,2025-11-12 13:00:00+01:00,0.8309042534441178
2025,CO2/CO/NOx,2025-11-12 14:00:00+01:00,0.8453674683519226
2025,CO2/CO/NOx,2025-11-12 15:00:00+01:00,0.9294663014697975
2025,CO2/CO/NOx,2025-11-12 16:00:00+01:00,0.9993770043311776
2025,CO2/CO/NOx,2025-11-12 17:00:00+01:00,1.0777436432180014
2025,CO2/CO/NOx,2025-11-12 18:00:00+01:00,1.1553474574488687
2025,CO2/CO/NOx,2025-11-12 19:00:00+01:00,1.188170669656416
2025,CO2/CO/NOx,2025-11-12 20:00:00+01:00,1.1670653028148592
2025,CO2/CO/NOx,2025-11-12 21:00:00+01:00,1.1074491458521007
2025,CO2/CO/NOx,2025-11-12 22:00:00+01:00,1.0262377652463992
2025,CO2/CO/NOx,2025-11-12 23:00:00+01:00,0.9638544478134062
2025,CO2/CO/NOx,2025-11-13 00:00:00+01:00,0.9120165111792851
2025,CO2/CO/NOx,2025-11-13 01:00:00+01:00,0.9003765204585904
2025,CO2/CO/NOx,2025-11-13 02:00:00+01:00,0.9524279718066798
2025,CO2/CO/NOx,2025-11-13 03:00:00+01:00,1.0493113524772881
2025,CO2/CO/NOx,2025-11-13 04:00:00+01:00,1.150452011668318
2025,CO2/CO/NOx,2025-11-13 05:00:00+01:00,1.2634790622562433
2025,CO2/CO/NOx,2025-11-13 06:00:00+01:00,1.3359608378114922
2025,CO2/CO/NOx,2025-11-13 07:00:00+01:00,1.3279203814384974
2025,CO2/CO/NOx,2025-11-13 08:00:00+01:00,1.255985341829224
2025,CO2/CO/NOx,2025-11-13 09:00:00+01:00,1.1437009092661665
2025,CO2/CO/NOx,2025-11-13 10:00:00+01:00,1.0169530277278043
2025,CO2/CO/NOx,2025-11-13 11:00:00+01:00,0.8675224461939696
2025,CO2/CO/NOx,2025-11-13 12:00:00+01:00,0.771602903061963
2025,CO2/CO/NOx,2025-11-13 13:00:00+01:00,0.750804361531151
2025,CO2/CO/NOx,2025-11-13 14:00:00+01:00,0.7916798937608351
2025,CO2/CO/NOx,2025-11-13 15:00:00+01:00,0.8595247062183603
2025,CO2/CO/NOx,2025-11-13 16:00:00+01:00,0.9224521704393635
2025,CO2/CO/NOx,2025-11-13 17:00:00+01:00,0.981434887222761
2025,CO2/CO/NOx,2025-11-13 18:00:00+01:00,1.0336967729379878
2025,CO2/CO/NOx,2025-11-13 19:00:00+01:00,1.0228127048086328
2025,CO2/CO/NOx,2025-11-13 20:00:00+01:00,0.9616458190490318
2025,CO2/CO/NOx,2025-11-13 21:00:00+01:00,0.9306082521879872
2025,CO2/CO/NOx,2025-11-13 22:00:00+01:00,0.902437814662906
2025,CO2/CO/NOx,2025-11-13 23:00:00+01:00,0.8700115510099067
2025,CO2/CO/NOx,2025-11-14 00:00:00+01:00,0.8929986011757528
2025,CO2/CO/NOx,2025-11-14 01:00:00+01:00,0.9469717799858894
2025,CO2/CO/NOx,2025-11-14 02:00:00+01:00,1.0204979836126242
2025,CO2/CO/NOx,2025-11-14 03:00:00+01:00,1.1066325133387147
2025,CO2/CO/NOx,2025-11-14 04:00:00+01:00,1.1893037353818905
2025,CO2/CO/NOx,2025-11-14 05:00:00+01:00,1.2493166786547232
2025,CO2/CO/NOx,2025-11-14 06:00:00+01:00,1.2641754836127461
2025,CO2/CO/NOx,2025-11-14 07:00:00+01:00,1.1932975623962512
2025,CO2/CO/NOx,2025-11-14 08:00:00+01:00,1.068058847475154
2025,CO2/CO/NOx,2025-11-14 09:00:00+01:00,0.9361670009056834
2025,CO2/CO/NOx,2025-11-14 10:00:00+01:00,0.8073007136160575
2025,CO2/CO/NOx,2025-11-14 11:00:00+01:00,0.6957023943899328
2025,CO2/CO/NOx,2025-11-14 12:00:00+01:00,0.652732159239631
2025,CO2/CO/NOx,2025-11-14 13:00:00+01:00,0.689622599855845
2025,CO2/CO/NOx,2025-11-14 14:00:00+01:00,0.7770474012362701
2025,CO2/CO/NOx,2025-11-14 15:00:00+01:00,0.8578033506319116
2025,CO2/CO/NOx,2025-11-14 16:00:00+01:00,0.945620645015596
2025,CO2/CO/NOx,2025-11-14 17:00:00+01:00,1.0070841048984633
2025,CO2/CO/NOx,2025-11-14 18:00:00+01:00,1.0576139375937597
2025,CO2/CO/NOx,2025-11-14 19:00:00+01:00,1.0604102418422692
2025,CO2/CO/NOx,2025-11-14 20:00:00+01:00,1.024072316159485
2025,CO2/CO/NOx,2025-11-14 21:00:00+01:00,0.9898354304209628
2025,CO2/CO/NOx,2025-11-14 22:00:00+01:00,0.9497299403773576
2025,CO2/CO/NOx,2025-11-14 23:00:00+01:00,0.9222760915017172
2025,CO2/CO/NOx,2025-11-15 00:00:00+01:00,0.9047311801426757
2025,CO2/CO/NOx,2025-11-15 01:00:00+01:00,0.9232424718066545
2025,CO2/CO/NOx,2025-11-15 02:00:00+01:00,0.9489139616769606
2025,CO2/CO/NOx,2025-11-15 03:00:00+01:00,1.0094295810846194
2025,CO2/CO/NOx,2025-11-15 04:00:00+01:00,1.0477638728079666
2025,CO2/CO/NOx,2025-11-15 05:00:00+01:00,1.0904319266117057
2025,CO2/CO/NOx,2025-11-15 06:00:00+01:00,1.1075235604031346
2025,CO2/CO/NOx,2025-11-15 07:00:00+01:00,1.0863599466164904
2025,CO2/CO/NOx,2025-11-15 08:00:00+01:00,1.0342663942483383
2025,CO2/CO/NOx,2025-11-15 09:00:00+01:00,0.9682754475700706
2025,CO2/CO/NOx,2025-11-15 10:00:00+01:00,0.8931433212046294
2025,CO2/CO/NOx,2025-11-15 11:00:00+01:00,0.8208510459046706
2025,CO2/CO/NOx,2025-11-15 12:00:00+01:00,0.7706163365690578
2025,CO2/CO/NOx,2025-11-15 13:00:00+01:00,0.7518121318158897
2025,CO2/CO/NOx,2025-11-15 14:00:00+01:00,0.7805063295522746
2025,CO2/CO/NOx,2025-11-15 15:00:00+01:00,0.8508446238517717
2025,CO2/CO/NOx,2025-11-15 16:00:00+01:00,0.9216210294363223
2025,CO2/CO/NOx,2025-11-15 17:00:00+01:00,0.9829972963686698
2025,CO2/CO/NOx,2025-11-15 18:00:00+01:00,1.027622436370091
2025,CO2/CO/NOx,2025-11-15 19:00:00+01:00,1.0172198582047793
2025,CO2/CO/NOx,2025-11-15 20:00:00+01:00,0.9637140949646487
2025,CO2/CO/NOx,2025-11-15 21:00:00+01:00,0.878669629002473
2025,CO2/CO/NOx,2025-11-15 22:00:00+01:00,0.7856758791702778
2025,CO2/CO/NOx,2025-11-15 23:00:00+01:00,0.7105188194467208
2025,CO2/CO/NOx,2025-11-16 00:00:00+01:00,0.6713925965504447
2025,CO2/CO/NOx,2025-11-16 01:00:00+01:00,0.6547982299514538
2025,CO2/CO/NOx,2025-11-16 02:00:00+01:00,0.6869688670447249
2025,CO2/CO/NOx,2025-11-16 03:00:00+01:00,0.7540918589986708
2025,CO2/CO/NOx,2025-11-16 04:00:00+01:00,0.8364688870603195
2025,CO2/CO/NOx,2025-11-16 05:00:00+01:00,0.9252684260747577
2025,CO2/CO/NOx,2025-11-16 06:00:00+01:00,0.9894069487539885
2025,CO2/CO/NOx,2025-11-16 07:00:00+01:00,1.0133436251587609
2025,CO2/CO/NOx,2025-11-16 08:00:00+01:00,0.9921858207604511
2025,CO2/CO/NOx,2025-11-16 09:00:00+01:00,0.9303785230908949
2025,CO2/CO/NOx,2025-11-16 10:00:00+01:00,0.8546391105978206
2025,CO2/CO/NOx,2025-11-16 11:00:00+01:00,0.78467515029807
2025,CO2/CO/NOx,2025-11-16 12:00:00+01:00,0.7267621030655866
2025,CO2/CO/NOx,2025-11-16 13:00:00+01:00,0.7245857031533036
2025,CO2/CO/NOx,2025-11-16 14:00:00+01:00,0.7470503510161979
2025,CO2/CO/NOx,2025-11-16 15:00:00+01:00,0.7909093323635009
2025,CO2/CO/NOx,2025-11-16 16:00:00+01:00,0.8521932422027407
2025,CO2/CO/NOx,2025-11-16 17:00:00+01:00,0.9088312204242712
2025,CO2/CO/NOx,2025-11-16 18:00:00+01:00,0.9545440711260109
2025,CO2/CO/NOx,2025-11-16 19:00:00+01:00,0.959953594496706
2025,CO2/CO/NOx,2025-11-16 20:00:00+01:00,0.9306789752513128
2025,CO2/CO/NOx,2025-11-16 21:00:00+01:00,0.8659592842151638
2025,CO2/CO/NOx,2025-11-16 22:00:00+01:00,0.8011472077070569
2025,CO2/CO/NOx,2025-11-16 23:00:00+01:00,0.7338155016830727
2025,CO2/CO/NOx,2025-11-17 00:00:00+01:00,0.6836616181929336
2025,CO2/CO/NOx,2025-11-17 01:00:00+01:00,0.6797852673463758
2025,CO2/CO/NOx,2025-11-17 02:00:00+01:00,0.7126665024278946
2025,CO2/CO/NOx,2025-11-17 03:00:00+01:00,0.7648921842993183
2025,CO2/CO/NOx,2025-11-17 04:00:00+01:00,0.8172566764300796
2025,CO2/CO/NOx,2025-11-17 05:00:00+01:00,0.8675234196551619
2025,CO2/CO/NOx,2025-11-17 06:00:00+01:00,0.9086581237669787
2025,CO2/CO/NOx,2025-11-17 07:00:00+01:00,0.953974068381318
2025,CO2/CO/NOx,2025-11-17 08:00:00+01:00,0.9876183427233011
2025,CO2/CO/NOx,2025-11-17 09:00:00+01:00,0.9990745636182856
2025,CO2/CO/NOx,2025-11-17 10:00:00+01:00,1.0305996323135642
2025,CO2/CO/NOx,2025-11-17 11:00:00+01:00,1.0736657746095828
2025,CO2/CO/NOx,2025-11-17 12:00:00+01:00,1.1093588136057027
2025,CO2/CO/NOx,2025-11-17 13:00:00+01:00,1.1553712836692174
2025,CO2/CO/NOx,2025-11-17 14:00:00+01:00,1.2009807809020892
2025,CO2/CO/NOx,2025-11-17 15:00:00+01:00,1.2461155748899124
2025,CO2/CO/NOx,2025-11-17 16:00:00+01:00,1.288971691580238
2025,CO2/CO/NOx,2025-11-17 17:00:00+01:00,1.3142257785321108
2025,CO2/CO/NOx,2025-11-17 18:00:00+01:00,1.328869858930282
2025,CO2/CO/NOx,2025-11-17 19:00:00+01:00,1.3361639885264252
2025,CO2/CO/NOx,2025-11-17 20:00:00+01:00,1.3373674299804306
2025,CO2/CO/NOx,2025-11-17 21:00:00+01:00,1.322549191098468
2025,CO2/CO/NOx,2025-11-17 22:00:00+01:00,1.3223022214127607
2025,CO2/CO/NOx,2025-11-17 23:00:00+01:00,1.3288131188398082
2025,CO2/CO/NOx,2025-11-18 00:00:00+01:00,1.3212954867587632
2025,CO2/CO/NOx,2025-11-18 01:00:00+01:00,1.3450596864870483
2025,CO2/CO/NOx,2025-11-18 02:00:00+01:00,1.3905310826679171
2025,CO2/CO/NOx,2025-11-18 03:00:00+01:00,1.4558115745554863
2025,CO2/CO/NOx,2025-11-18 04:00:00+01:00,1.5218727118513806
2025,CO2/CO/NOx,2025-11-18 05:00:00+01:00,1.5780951118360906
2025,CO2/CO/NOx,2025-11-18 06:00:00+01:00,1.6363871858932808
2025,CO2/CO/NOx,2025-11-18 07:00:00+01:00,1.6756362594125673
2025,CO2/CO/NOx,2025-11-18 08:00:00+01:00,1.6937429510559114
2025,CO2/CO/NOx,2025-11-18 09:00:00+01:00,1.6829748409971645
2025,CO2/CO/NOx,2025-11-18 10:00:00+01:00,1.6910630014524333
2025,CO2/CO/NOx,2025-11-18 11:00:00+01:00,1.6951839267586764
2025,CO2/CO/NOx,2025-11-18 12:00:00+01:00,1.6877555530532249
2025,CO2/CO/NOx,2025-11-18 13:00:00+01:00,1.6902337272552508
2025,CO2/CO/NOx,2025-11-18 14:00:00+01:00,1.6921827546146224
2025,CO2/CO/NOx,2025-11-18 15:00:00+01:00,1.7290745822765443
2025,CO2/CO/NOx,2025-11-18 16:00:00+01:00,1.766042815600839
2025,CO2/CO/NOx,2025-11-18 17:00:00+01:00,1.818332048022325
2025,CO2/CO/NOx,2025-11-18 18:00:00+01:00,1.8931918692083947
2025,CO2/CO/NOx,2025-11-18 19:00:00+01:00,1.9324936909334285
2025,CO2/CO/NOx,2025-11-18 20:00:00+01:00,1.9314626463441884
2025,CO2/CO/NOx,2025-11-18 21:00:00+01:00,1.8893559536849942
2025,CO2/CO/NOx,2025-11-18 22:00:00+01:00,1.8331084315765718
2025,CO2/CO/NOx,2025-11-18 23:00:00+01:00,1.7689636892152472
2025,CO2/CO/NOx,2025-11-19 00:00:00+01:00,1.6923995011913653
2025,CO2/CO/NOx,2025-11-19 01:00:00+01:00,1.6726103983615837
2025,CO2/CO/NOx,2025-11-19 02:00:00+01:00,1.7132617602511706
2025,CO2/CO/NOx,2025-11-19 03:00:00+01:00,1.8007920560473218
2025,CO2/CO/NOx,2025-11-19 04:00:00+01:00,1.8854764390917045
2025,CO2/CO/NOx,2025-11-19 05:00:00+01:00,1.9805994902087967
2025,CO2/CO/NOx,2025-11-19 06:00:00+01:00,2.0730469983413684
2025,CO2/CO/NOx,2025-11-19 07:00:00+01:00,2.1292925823091506
2025,CO2/CO/NOx,2025-11-19 08:00:00+01:00,2.1164759793197976
2025,CO2/CO/NOx,2025-11-19 09:00:00+01:00,2.0250199015027395
2025,CO2/CO/NOx,2025-11-19 10:00:00+01:00,1.9409987780981397
2025,CO2/CO/NOx,2025-11-19 11:00:00+01:00,1.8328005077304121
2025,CO2/CO/NOx,2025-11-19 12:00:00+01:00,1.7385159200630689
2025,CO2/CO/NOx,2025-11-19 13:00:00+01:00,1.6942631766824554
2025,CO2/CO/NOx,2025-11-19 14:00:00+01:00,1.7118114347921014
2025,CO2/CO/NOx,2025-11-19 15:00:00+01:00,1.7746777431888654
2025,CO2/CO/NOx,2025-11-19 16:00:00+01:00,1.841942762616971
2025,CO2/CO/NOx,2025-11-19 17:00:00+01:00,1.8949209814635102
2025,CO2/CO/NOx,2025-11-19 18:00:00+01:00,1.943294064036789
2025,CO2/CO/NOx,2025-11-19 19:00:00+01:00,1.9388169192475366
2025,CO2/CO/NOx,2025-11-19 20:00:00+01:00,1.8745703342722522
2025,CO2/CO/NOx,2025-11-19 21:00:00+01:00,1.791642270597991
2025,CO2/CO/NOx,2025-11-19 22:00:00+01:00,1.699085872763
2025,CO2/CO/NOx,2025-11-19 23:00:00+01:00,1.6056262249530278
2025,CO2/CO/NOx,2025-11-20 00:00:00+01:00,1.5181443760695645
2025,CO2/CO/NOx,2025-11-20 01:00:00+01:00,1.4858964867527267
2025,CO2/CO/NOx,2025-11-20 02:00:00+01:00,1.5149695784952746
2025,CO2/CO/NOx,2025-11-20 03:00:00+01:00,1.5903353623778693
2025,CO2/CO/NOx,2025-11-20 04:00:00+01:00,1.668192405464315
2025,CO2/CO/NOx,2025-11-20 05:00:00+01:00,1.7434239974685397
2025,CO2/CO/NOx,2025-11-20 06:00:00+01:00,1.8012894675884226
2025,CO2/CO/NOx,2025-11-20 07:00:00+01:00,1.8265954244395624
2025,CO2/CO/NOx,2025-11-20 08:00:00+01:00,1.821852492440898
2025,CO2/CO/NOx,2025-11-20 09:00:00+01:00,1.7838841291334528
2025,CO2/CO/NOx,2025-11-20 10:00:00+01:00,1.7547254841828734
2025,CO2/CO/NOx,2025-11-20 11:00:00+01:00,1.7160578783691922
2025,CO2/CO/NOx,2025-11-20 12:00:00+01:00,1.680976256885158
2025,CO2/CO/NOx,2025-11-20 13:00:00+01:00,1.6673653462349767
2025,CO2/CO/NOx,2025-11-20 14:00:00+01:00,1.6645687770285982
2025,CO2/CO/NOx,2025-11-20 15:00:00+01:00,1.6881940660070458
2025,CO2/CO/NOx,2025-11-20 16:00:00+01:00,1.7111993529663518
2025,CO2/CO/NOx,2025-11-20 17:00:00+01:00,1.7505543892057298
2025,CO2/CO/NOx,2025-11-20 18:00:00+01:00,1.8033511948297047
2025,CO2/CO/NOx,2025-11-20 19:00:00+01:00,1.8242299248646971
2025,CO2/CO/NOx,2025-11-20 20:00:00+01:00,1.8127455327868955
2025,CO2/CO/NOx,2025-11-20 21:00:00+01:00,1.7923195635058788
2025,CO2/CO/NOx,2025-11-20 22:00:00+01:00,1.7502773297017604
2025,CO2/CO/NOx,2025-11-20 23:00:00+01:00,1.681159826787207
2025,CO2/CO/NOx,2025-11-21 00:00:00+01:00,1.5983954572576093
2025,CO2/CO/NOx,2025-11-21 01:00:00+01:00,1.5553108280946304
2025,CO2/CO/NOx,2025-11-21 02:00:00+01:00,1.5860757286966416
2025,CO2/CO/NOx,2025-11-21 03:00:00+01:00,1.680733503691385
2025,CO2/CO/NOx,2025-11-21 04:00:00+01:00,1.777604009582943
2025,CO2/CO/NOx,2025-11-21 05:00:00+01:00,1.8804451706530785
2025,CO2/CO/NOx,2025-11-21 06:00:00+01:00,1.9822083940101847
2025,CO2/CO/NOx,2025-11-21 07:00:00+01:00,2.041542113486008
2025,CO2/CO/NOx,2025-11-21 08:00:00+01:00,2.0399209594242453
2025,CO2/CO/NOx,2025-11-21 09:00:00+01:00,1.9993567764168
2025,CO2/CO/NOx,2025-11-21 10:00:00+01:00,1.9708293066675762
2025,CO2/CO/NOx,2025-11-21 11:00:00+01:00,1.9440586598917737
2025,CO2/CO/NOx,2025-11-21 12:00:00+01:00,1.9333090997853795
2025,CO2/CO/NOx,2025-11-21 13:00:00+01:00,1.938771992826161
2025,CO2/CO/NOx,2025-11-21 14:00:00+01:00,1.9514622218501847
2025,CO2/CO/NOx,2025-11-21 15:00:00+01:00,1.9913267156963155
2025,CO2/CO/NOx,2025-11-21 16:00:00+01:00,2.0343116284640472
2025,CO2/CO/NOx,2025-11-21 17:00:00+01:00,2.0567069961600337
2025,CO2/CO/NOx,2025-11-21 18:00:00+01:00,2.080151079023331
2025,CO2/CO/NOx,2025-11-21 19:00:00+01:00,2.066160852820505
2025,CO2/CO/NOx,2025-11-21 20:00:00+01:00,2.0093491095160028
2025,CO2/CO/NOx,2025-11-21 21:00:00+01:00,1.9369608877265285
2025,CO2/CO/NOx,2025-11-21 22:00:00+01:00,1.8595009572001833
2025,CO2/CO/NOx,2025-11-21 23:00:00+01:00,1.7901693670602186
2025,CO2/CO/NOx,2025-11-22 00:00:00+01:00,1.726719798101638
2025,CO2/CO/NOx,2025-11-22 01:00:00+01:00,1.695724708362062
2025,CO2/CO/NOx,2025-11-22 02:00:00+01:00,1.7011523916644051
2025,CO2/CO/NOx,2025-11-22 03:00:00+01:00,1.7542553546835526
2025,CO2/CO/NOx,2025-11-22 04:00:00+01:00,1.8251855230833096
2025,CO2/CO/NOx,2025-11-22 05:00:00+01:00,1.9016554869971827
2025,CO2/CO/NOx,2025-11-22 06:00:00+01:00,1.9685857235632083
2025,CO2/CO/NOx,2025-11-22 07:00:00+01:00,2.0155251823133593
2025,CO2/CO/NOx,2025-11-22 08:00:00+01:00,2.027849606552111
2025,CO2/CO/NOx,2025-11-22 09:00:00+01:00,2.010150311677729
2025,CO2/CO/NOx,2025-11-22 10:00:00+01:00,2.000760380892413
2025,CO2/CO/NOx,2025-11-22 11:00:00+01:00,1.9896616507535072
2025,CO2/CO/NOx,2025-11-22 12:00:00+01:00,1.9699777016927411
2025,CO2/CO/NOx,2025-11-22 13:00:00+01:00,1.9529490620230254
2025,CO2/CO/NOx,2025-11-22 14:00:00+01:00,1.9985855852940195
2025,CO2/CO/NOx,2025-11-22 15:00:00+01:00,2.0455074451741866
2025,CO2/CO/NOx,2025-11-22 16:00:00+01:00,2.0759501520685317
2025,CO2/CO/NOx,2025-11-22 17:00:00+01:00,2.0886292556370964
2025,CO2/CO/NOx,2025-11-22 18:00:00+01:00,2.122640747431233
2025,CO2/CO/NOx,2025-11-22 19:00:00+01:00,2.115239192715684
2025,CO2/CO/NOx,2025-11-22 20:00:00+01:00,2.063067056684977
2025,CO2/CO/NOx,2025-11-22 21:00:00+01:00,1.9715808062240878
2025,CO2/CO/NOx,2025-11-22 22:00:00+01:00,1.881903737626925
2025,CO2/CO/NOx,2025-11-22 23:00:00+01:00,1.8535284783451464
2025,CO2/CO/NOx,2025-11-23 00:00:00+01:00,1.8138060706574157
2025,CO2/CO/NOx,2025-11-23 01:00:00+01:00,1.811222493904464
2025,CO2/CO/NOx,2025-11-23 02:00:00+01:00,1.8480767806933542
2025,CO2/CO/NOx,2025-11-23 03:00:00+01:00,1.922269627128791
2025,CO2/CO/NOx,2025-11-23 04:00:00+01:00,1.9844160821609411
2025,CO2/CO/NOx,2025-11-23 05:00:00+01:00,2.041084723268894
2025,CO2/CO/NOx,2025-11-23 06:00:00+01:00,2.0924479965983993
2025,CO2/CO/NOx,2025-11-23 07:00:00+01:00,2.1240750196466163
2025,CO2/CO/NOx,2025-11-23 08:00:00+01:00,2.1257709802154525
2025,CO2/CO/NOx,2025-11-23 09:00:00+01:00,2.077939216351024
2025,CO2/CO/NOx,2025-11-23 10:00:00+01:00,2.0424590459274476
2025,CO2/CO/NOx,2025-11-23 11:00:00+01:00,1.9927314054354002
2025,CO2/CO/NOx,2025-11-23 12:00:00+01:00,1.9511709736254232
2025,CO2/CO/NOx,2025-11-23 13:00:00+01:00,1.9397177271437342
2025,CO2/CO/NOx,2025-11-23 14:00:00+01:00,1.9590903871720617
2025,CO2/CO/NOx,2025-11-23 15:00:00+01:00,2.0152512042402275
2025,CO2/CO/NOx,2025-11-23 16:00:00+01:00,2.076558730563282
2025,CO2/CO/NOx,2025-11-23 17:00:00+01:00,2.1178571667064223
2025,CO2/CO/NOx,2025-11-23 18:00:00+01:00,2.1256712440949017
2025,CO2/CO/NOx,2025-11-23 19:00:00+01:00,2.091528199922588
2025,CO2/CO/NOx,2025-11-23 20:00:00+01:00,2.014660290184007
2025,CO2/CO/NOx,2025-11-23 21:00:00+01:00,1.9197911088929434
2025,CO2/CO/NOx,2025-11-23 22:00:00+01:00,1.860951463356418
2025,CO2/CO/NOx,2025-11-23 23:00:00+01:00,1.8210064346713106
2025,CO2/CO/NOx,2025-11-24 00:00:00+01:00,1.7901997056575274
2025,CO2/CO/NOx,2025-11-24 01:00:00+01:00,1.813101786857327
2025,CO2/CO/NOx,2025-11-24 02:00:00+01:00,1.8582325693058075
2025,CO2/CO/NOx,2025-11-24 03:00:00+01:00,1.9085914529742427
2025,CO2/CO/NOx,2025-11-24 04:00:00+01:00,1.9344861727636915
2025,CO2/CO/NOx,2025-11-24 05:00:00+01:00,1.954259411461837
2025,CO2/CO/NOx,2025-11-24 06:00:00+01:00,1.95275050761793
2025,CO2/CO/NOx,2025-11-24 07:00:00+01:00,1.9490542810295133
2025,CO2/CO/NOx,2025-11-24 08:00:00+01:00,1.907994915230751
2025,CO2/CO/NOx,2025-11-24 09:00:00+01:00,1.830442183552313
2025,CO2/CO/NOx,2025-11-24 10:00:00+01:00,1.7875793549846117
2025,CO2/CO/NOx,2025-11-24 11:00:00+01:00,1.7444089610494624
2025,CO2/CO/NOx,2025-11-24 12:00:00+01:00,1.7050263653850666
2025,CO2/CO/NOx,2025-11-24 13:00:00+01:00,1.684177495775246
2025,CO2/CO/NOx,2025-11-24 14:00:00+01:00,1.692306767912137
2025,CO2/CO/NOx,2025-11-24 15:00:00+01:00,1.7082402190854529
2025,CO2/CO/NOx,2025-11-24 16:00:00+01:00,1.7157210299633368
2025,CO2/CO/NOx,2025-11-24 17:00:00+01:00,1.712947162591936
2025,CO2/CO/NOx,2025-11-24 18:00:00+01:00,1.7156459784900155
2025,CO2/CO/NOx,2025-11-24 19:00:00+01:00,1.6916325900407898
2025,CO2/CO/NOx,2025-11-24 20:00:00+01:00,1.639663706316924
2025,CO2/CO/NOx,2025-11-24 21:00:00+01:00,1.575771102592962
2025,CO2/CO/NOx,2025-11-24 22:00:00+01:00,1.51786608244332
2025,CO2/CO/NOx,2025-11-24 23:00:00+01:00,1.4724934402620677
2025,CO2/CO/NOx,2025-11-25 00:00:00+01:00,1.4210511240253485
2025,CO2/CO/NOx,2025-11-25 01:00:00+01:00,1.4066921498334772
2025,CO2/CO/NOx,2025-11-25 02:00:00+01:00,1.426753410100378
2025,CO2/CO/NOx,2025-11-25 03:00:00+01:00,1.4859079824180357
2025,CO2/CO/NOx,2025-11-25 04:00:00+01:00,1.5425660973112052
2025,CO2/CO/NOx,2025-11-25 05:00:00+01:00,1.603459355946484
2025,CO2/CO/NOx,2025-11-25 06:00:00+01:00,1.6598086391896967
2025,CO2/CO/NOx,2025-11-25 07:00:00+01:00,1.6926656069467567
2025,CO2/CO/NOx,2025-11-25 08:00:00+01:00,1.6864385761785239
2025,CO2/CO/NOx,2025-11-25 09:00:00+01:00,1.6432706727142563
2025,CO2/CO/NOx,2025-11-25 10:00:00+01:00,1.614658820721368
2025,CO2/CO/NOx,2025-11-25 11:00:00+01:00,1.58859786251906
2025,CO2/CO/NOx,2025-11-25 12:00:00+01:00,1.563812577852082
2025,CO2/CO/NOx,2025-11-25 13:00:00+01:00,1.5679061954908637
2025,CO2/CO/NOx,2025-11-25 14:00:00+01:00,1.5898661462429746
2025,CO2/CO/NOx,2025-11-25 15:00:00+01:00,1.626542918688554
2025,CO2/CO/NOx,2025-11-25 16:00:00+01:00,1.6482703633164868
2025,CO2/CO/NOx,2025-11-25 17:00:00+01:00,1.6507411674171393
2025,CO2/CO/NOx,2025-11-25 18:00:00+01:00,1.666338352971368
2025,CO2/CO/NOx,2025-11-25 19:00:00+01:00,1.6386099474629314
2025,CO2/CO/NOx,2025-11-25 20:00:00+01:00,1.594715390595503
2025,CO2/CO/NOx,2025-11-25 21:00:00+01:00,1.5404955667748663
2025,CO2/CO/NOx,2025-11-25 22:00:00+01:00,1.4937324234639935
2025,CO2/CO/NOx,2025-11-25 23:00:00+01:00,1.4655318334591283
2025,CO2/CO/NOx,2025-11-26 00:00:00+01:00,1.4421224923916927
2025,CO2/CO/NOx,2025-11-26 01:00:00+01:00,1.4538019192146303
2025,CO2/CO/NOx,2025-11-26 02:00:00+01:00,1.5000097040198948
2025,CO2/CO/NOx,2025-11-26 03:00:00+01:00,1.5820747168903135
2025,CO2/CO/NOx,2025-11-26 04:00:00+01:00,1.6446743709500886
2025,CO2/CO/NOx,2025-11-26 05:00:00+01:00,1.7067237067779961
2025,CO2/CO/NOx,2025-11-26 06:00:00+01:00,1.7618011888952951
2025,CO2/CO/NOx,2025-11-26 07:00:00+01:00,1.7942056196171128
2025,CO2/CO/NOx,2025-11-26 08:00:00+01:00,1.8080345316606565
2025,CO2/CO/NOx,2025-11-26 09:00:00+01:00,1.788156645673232
2025,CO2/CO/NOx,2025-11-26 10:00:00+01:00,1.7768511544792382
2025,CO2/CO/NOx,2025-11-26 11:00:00+01:00,1.761220553278005
2025,CO2/CO/NOx,2025-11-26 12:00:00+01:00,1.7430115226824723
2025,CO2/CO/NOx,2025-11-26 13:00:00+01:00,1.7356809754229676
2025,CO2/CO/NOx,2025-11-26 14:00:00+01:00,1.7397992598636043
2025,CO2/CO/NOx,2025-11-26 15:00:00+01:00,1.7690760188078145
2025,CO2/CO/NOx,2025-11-26 16:00:00+01:00,1.7947764716459533
2025,CO2/CO/NOx,2025-11-26 17:00:00+01:00,1.8074628228843679
2025,CO2/CO/NOx,2025-11-26 18:00:00+01:00,1.83257957788344
2025,CO2/CO/NOx,2025-11-26 19:00:00+01:00,1.8243556724509835
2025,CO2/CO/NOx,2025-11-26 20:00:00+01:00,1.7806925824630813
2025,CO2/CO/NOx,2025-11-26 21:00:00+01:00,1.729894095878125
2025,CO2/CO/NOx,2025-11-26 22:00:00+01:00,1.6937890909001905
2025,CO2/CO/NOx,2025-11-26 23:00:00+01:00,1.667499346466817
2025,CO2/CO/NOx,2025-11-27 00:00:00+01:00,1.6323177889511535
2025,CO2/CO/NOx,2025-11-27 01:00:00+01:00,1.6261947447969685
2025,CO2/CO/NOx,2025-11-27 02:00:00+01:00,1.6536924746215138
2025,CO2/CO/NOx,2025-11-27 03:00:00+01:00,1.717512602996472
2025,CO2/CO/NOx,2025-11-27 04:00:00+01:00,1.765580614847145
2025,CO2/CO/NOx,2025-11-27 05:00:00+01:00,1.8132879429276976
2025,CO2/CO/NOx,2025-11-27 06:00:00+01:00,1.8662767005482657
2025,CO2/CO/NOx,2025-11-27 07:00:00+01:00,1.9034466201108586
2025,CO2/CO/NOx,2025-11-27 08:00:00+01:00,1.9013979676304913
2025,CO2/CO/NOx,2025-11-27 09:00:00+01:00,1.8574489703326114
2025,CO2/CO/NOx,2025-11-27 10:00:00+01:00,1.830142987184417
2025,CO2/CO/NOx,2025-11-27 11:00:00+01:00,1.7923502092597179
2025,CO2/CO/NOx,2025-11-27 12:00:00+01:00,1.759091390549838
2025,CO2/CO/NOx,2025-11-27 13:00:00+01:00,1.7650360897330164
2025,CO2/CO/NOx,2025-11-27 14:00:00+01:00,1.795543976069729
2025,CO2/CO/NOx,2025-11-27 15:00:00+01:00,1.8575228021526475
2025,CO2/CO/NOx,2025-11-27 16:00:00+01:00,1.9176073470371306
2025,CO2/CO/NOx,2025-11-27 17:00:00+01:00,1.9656197171182994
2025,CO2/CO/NOx,2025-11-27 18:00:00+01:00,2.012249973793283
2025,CO2/CO/NOx,2025-11-27 19:00:00+01:00,2.011044682499881
2025,CO2/CO/NOx,2025-11-27 20:00:00+01:00,1.9648506880530336
2025,CO2/CO/NOx,2025-11-27 21:00:00+01:00,1.9033021087271402
2025,CO2/CO/NOx,2025-11-27 22:00:00+01:00,1.846024488738658
2025,CO2/CO/NOx,2025-11-27 23:00:00+01:00,1.791540626420688
2025,CO2/CO/NOx,2025-11-28 00:00:00+01:00,1.7472195582252155
2025,CO2/CO/NOx,2025-11-28 01:00:00+01:00,1.745504360005607
2025,CO2/CO/NOx,2025-11-28 02:00:00+01:00,1.798466341289671
2025,CO2/CO/NOx,2025-11-28 03:00:00+01:00,1.9048022468609414
2025,CO2/CO/NOx,2025-11-28 04:00:00+01:00,2.0036344843715237
2025,CO2/CO/NOx,2025-11-28 05:00:00+01:00,2.0966681691937072
2025,CO2/CO/NOx,2025-11-28 06:00:00+01:00,2.182883775391799
2025,CO2/CO/NOx,2025-11-28 07:00:00+01:00,2.2283254147195604
2025,CO2/CO/NOx,2025-11-28 08:00:00+01:00,2.217919081300452
2025,CO2/CO/NOx,2025-11-28 09:00:00+01:00,2.132690792891958
2025,CO2/CO/NOx,2025-11-28 10:00:00+01:00,2.03908649211817
2025,CO2/CO/NOx,2025-11-28 11:00:00+01:00,1.9367965290662654
2025,CO2/CO/NOx,2025-11-28 12:00:00+01:00,1.8545260615399048
2025,CO2/CO/NOx,2025-11-28 13:00:00+01:00,1.7969771361646754
2025,CO2/CO/NOx,2025-11-28 14:00:00+01:00,1.7964032952566302
2025,CO2/CO/NOx,2025-11-28 15:00:00+01:00,1.8478976459154666
2025,CO2/CO/NOx,2025-11-28 16:00:00+01:00,1.9024863658094466
2025,CO2/CO/NOx,2025-11-28 17:00:00+01:00,1.9547825767075664
2025,CO2/CO/NOx,2025-11-28 18:00:00+01:00,1.9791007394922424
2025,CO2/CO/NOx,2025-11-28 19:00:00+01:00,1.9445293217324715
2025,CO2/CO/NOx,2025-11-28 20:00:00+01:00,1.864419481438552
2025,CO2/CO/NOx,2025-11-28 21:00:00+01:00,1.7621176639607221
2025,CO2/CO/NOx,2025-11-28 22:00:00+01:00,1.6529138349706347
2025,CO2/CO/NOx,2025-11-28 23:00:00+01:00,1.580027533820452
2025,CO2/CO/NOx,2025-11-29 00:00:00+01:00,1.5159308941976808
2025,CO2/CO/NOx,2025-11-29 01:00:00+01:00,1.4894239509641267
2025,CO2/CO/NOx,2025-11-29 02:00:00+01:00,1.5134769037504536
2025,CO2/CO/NOx,2025-11-29 03:00:00+01:00,1.5599465160534742
2025,CO2/CO/NOx,2025-11-29 04:00:00+01:00,1.597823185261671
2025,CO2/CO/NOx,2025-11-29 05:00:00+01:00,1.6493216283778307
2025,CO2/CO/NOx,2025-11-29 06:00:00+01:00,1.6851831139606332
2025,CO2/CO/NOx,2025-11-29 07:00:00+01:00,1.7066513132106267
2025,CO2/CO/NOx,2025-11-29 08:00:00+01:00,1.705302444202886
2025,CO2/CO/NOx,2025-11-29 09:00:00+01:00,1.6593210173758743
2025,CO2/CO/NOx,2025-11-29 10:00:00+01:00,1.6081730571062542
2025,CO2/CO/NOx,2025-11-29 11:00:00+01:00,1.548724183592946
2025,CO2/CO/NOx,2025-11-29 12:00:00+01:00,1.479070291679791
2025,CO2/CO/NOx,2025-11-29 13:00:00+01:00,1.4311211282331089
2025,CO2/CO/NOx,2025-11-29 14:00:00+01:00,1.4240980648987487
2025,CO2/CO/NOx,2025-11-29 15:00:00+01:00,1.4457712361751247
2025,CO2/CO/NOx,2025-11-29 16:00:00+01:00,1.484474109254174
2025,CO2/CO/NOx,2025-11-29 17:00:00+01:00,1.5294639730994772
2025,CO2/CO/NOx,2025-11-29 18:00:00+01:00,1.579312684136362
2025,CO2/CO/NOx,2025-11-29 19:00:00+01:00,1.599047540199324
2025,CO2/CO/NOx,2025-11-29 20:00:00+01:00,1.5877529706977571
2025,CO2/CO/NOx,2025-11-29 21:00:00+01:00,1.5566853390496023
2025,CO2/CO/NOx,2025-11-29 22:00:00+01:00,1.5022687918650486
2025,CO2/CO/NOx,2025-11-29 23:00:00+01:00,1.427759188593835
2025,CO2/CO/NOx,2025-11-30 00:00:00+01:00,1.3477201834759966
2025,CO2/CO/NOx,2025-11-30 01:00:00+01:00,1.3191841508417013
2025,CO2/CO/NOx,2025-11-30 02:00:00+01:00,1.3565659786749358
2025,CO2/CO/NOx,2025-11-30 03:00:00+01:00,1.4445248452538435
2025,CO2/CO/NOx,2025-11-30 04:00:00+01:00,1.5612035005830713
2025,CO2/CO/NOx,2025-11-30 05:00:00+01:00,1.6834479419030854
2025,CO2/CO/NOx,2025-11-30 06:00:00+01:00,1.7867126433221954
2025,CO2/CO/NOx,2025-11-30 07:00:00+01:00,1.8236101004886998
2025,CO2/CO/NOx,2025-11-30 08:00:00+01:00,1.7863235565294484
2025,CO2/CO/NOx,2025-11-30 09:00:00+01:00,1.6879740973783646
2025,CO2/CO/NOx,2025-11-30 10:00:00+01:00,1.6089543253818737
2025,CO2/CO/NOx,2025-11-30 11:00:00+01:00,1.5032286822112113
2025,CO2/CO/NOx,2025-11-30 12:00:00+01:00,1.380131583372534
2025,CO2/CO/NOx,2025-11-30 13:00:00+01:00,1.2797795423252392
2025,CO2/CO/NOx,2025-11-30 14:00:00+01:00,1.2239294803092242
2025,CO2/CO/NOx,2025-11-30 15:00:00+01:00,1.2265231696926866
2025,CO2/CO/NOx,2025-11-30 16:00:00+01:00,1.2652977635172733
2025,CO2/CO/NOx,2025-11-30 17:00:00+01:00,1.3058692783568635
2025,CO2/CO/NOx,2025-11-30 18:00:00+01:00,1.3614231668863035
2025,CO2/CO/NOx,2025-11-30 19:00:00+01:00,1.3927311222517107
2025,CO2/CO/NOx,2025-11-30 20:00:00+01:00,1.3865227624308483
2025,CO2/CO/NOx,2025-11-30 21:00:00+01:00,1.3434032488560255
2025,CO2/CO/NOx,2025-11-30 22:00:00+01:00,1.2817200146266656
2025,CO2/CO/NOx,2025-11-30 23:00:00+01:00,1.2474019660542628
2025,CO2/CO/NOx,2025-12-01 00:00:00+01:00,1.2188516158907066
2025,CO2/CO/NOx,2025-12-01 01:00:00+01:00,1.2198975877382103
2025,CO2/CO/NOx,2025-12-01 02:00:00+01:00,1.2696005213500758
2025,CO2/CO/NOx,2025-12-01 03:00:00+01:00,1.3680923907296685
2025,CO2/CO/NOx,2025-12-01 04:00:00+01:00,1.4679294276651647
2025,CO2/CO/NOx,2025-12-01 05:00:00+01:00,1.5885105914219864
2025,CO2/CO/NOx,2025-12-01 06:00:00+01:00,1.7045108127384367
2025,CO2/CO/NOx,2025-12-01 07:00:00+01:00,1.7708289674179118
2025,CO2/CO/NOx,2025-12-01 08:00:00+01:00,1.7779160050357599
2025,CO2/CO/NOx,2025-12-01 09:00:00+01:00,1.7183632323204838
2025,CO2/CO/NOx,2025-12-01 10:00:00+01:00,1.6587264969573265
2025,CO2/CO/NOx,2025-12-01 11:00:00+01:00,1.612382511805213
2025,CO2/CO/NOx,2025-12-01 12:00:00+01:00,1.5750165288725986
2025,CO2/CO/NOx,2025-12-01 13:00:00+01:00,1.5693858822048001
2025,CO2/CO/NOx,2025-12-01 14:00:00+01:00,1.5780500594468212
2025,CO2/CO/NOx,2025-12-01 15:00:00+01:00,1.6162849491950846
2025,CO2/CO/NOx,2025-12-01 16:00:00+01:00,1.6350892145338458
2025,CO2/CO/NOx,2025-12-01 17:00:00+01:00,1.642642014853262
2025,CO2/CO/NOx,2025-12-01 18:00:00+01:00,1.6584331992878418
2025,CO2/CO/NOx,2025-12-01 19:00:00+01:00,1.6446087501596196
2025,CO2/CO/NOx,2025-12-01 20:00:00+01:00,1.60275828356027
2025,CO2/CO/NOx,2025-12-01 21:00:00+01:00,1.5551936566947455
2025,CO2/CO/NOx,2025-12-01 22:00:00+01:00,1.517295809950357
2025,CO2/CO/NOx,2025-12-01 23:00:00+01:00,1.4687719201633243
2025,CO2/CO/NOx,2025-12-02 00:00:00+01:00,1.419422569276432
2025,CO2/CO/NOx,2025-12-02 01:00:00+01:00,1.4122369464266649
2025,CO2/CO/NOx,2025-12-02 02:00:00+01:00,1.4518220701715645
2025,CO2/CO/NOx,2025-12-02 03:00:00+01:00,1.531394642238271
2025,CO2/CO/NOx,2025-12-02 04:00:00+01:00,1.6204056100502648
2025,CO2/CO/NOx,2025-12-02 05:00:00+01:00,1.7232508419834072
2025,CO2/CO/NOx,2025-12-02 06:00:00+01:00,1.8425589235346223
2025,CO2/CO/NOx,2025-12-02 07:00:00+01:00,1.9256715896573986
2025,CO2/CO/NOx,2025-12-02 08:00:00+01:00,1.9374609248594121
2025,CO2/CO/NOx,2025-12-02 09:00:00+01:00,1.8893550690314602
2025,CO2/CO/NOx,2025-12-02 10:00:00+01:00,1.837574761994825
2025,CO2/CO/NOx,2025-12-02 11:00:00+01:00,1.7769107532382207
2025,CO2/CO/NOx,2025-12-02 12:00:00+01:00,1.715724473457734
2025,CO2/CO/NOx,2025-12-02 13:00:00+01:00,1.6949848269848538
2025,CO2/CO/NOx,2025-12-02 14:00:00+01:00,1.7127447957625341
2025,CO2/CO/NOx,2025-12-02 15:00:00+01:00,1.7830933070358128
2025,CO2/CO/NOx,2025-12-02 16:00:00+01:00,1.8458234114310519
2025,CO2/CO/NOx,2025-12-02 17:00:00+01:00,1.8823142054067248
2025,CO2/CO/NOx,2025-12-02 18:00:00+01:00,1.922620983510275
2025,CO2/CO/NOx,2025-12-02 19:00:00+01:00,1.9070950942702278
2025,CO2/CO/NOx,2025-12-02 20:00:00+01:00,1.8508255481233076
2025,CO2/CO/NOx,2025-12-02 21:00:00+01:00,1.7668947094923726
2025,CO2/CO/NOx,2025-12-02 22:00:00+01:00,1.6872140495470278
2025,CO2/CO/NOx,2025-12-02 23:00:00+01:00,1.6254661660665775
2025,CO2/CO/NOx,2025-12-03 00:00:00+01:00,1.5903421095202197
2025,CO2/CO/NOx,2025-12-03 01:00:00+01:00,1.6127943961343265
2025,CO2/CO/NOx,2025-12-03 02:00:00+01:00,1.6818134102892524
2025,CO2/CO/NOx,2025-12-03 03:00:00+01:00,1.7861741080190676
2025,CO2/CO/NOx,2025-12-03 04:00:00+01:00,1.8716663126663697
2025,CO2/CO/NOx,2025-12-03 05:00:00+01:00,1.9505521695131476
2025,CO2/CO/NOx,2025-12-03 06:00:00+01:00,2.0180607548046208
2025,CO2/CO/NOx,2025-12-03 07:00:00+01:00,2.061807879649787
2025,CO2/CO/NOx,2025-12-03 08:00:00+01:00,2.0669021889354284
2025,CO2/CO/NOx,2025-12-03 09:00:00+01:00,2.03786739223265
2025,CO2/CO/NOx,2025-12-03 10:00:00+01:00,2.0223955408974454
2025,CO2/CO/NOx,2025-12-03 11:00:00+01:00,1.9932869768850132
2025,CO2/CO/NOx,2025-12-03 12:00:00+01:00,1.9632495295763472
2025,CO2/CO/NOx,2025-12-03 13:00:00+01:00,1.958131836955859
2025,CO2/CO/NOx,2025-12-03 14:00:00+01:00,1.9683465604029404
2025,CO2/CO/NOx,2025-12-03 15:00:00+01:00,2.0111470222685157
2025,CO2/CO/NOx,2025-12-03 16:00:00+01:00,2.0466399895191385
2025,CO2/CO/NOx,2025-12-03 17:00:00+01:00,2.067760102657184
2025,CO2/CO/NOx,2025-12-03 18:00:00+01:00,2.097509139994001
2025,CO2/CO/NOx,2025-12-03 19:00:00+01:00,2.0852003186952928
2025,CO2/CO/NOx,2025-12-03 20:00:00+01:00,2.036391976601936
2025,CO2/CO/NOx,2025-12-03 21:00:00+01:00,1.9697513167794307
2025,CO2/CO/NOx,2025-12-03 22:00:00+01:00,1.900963020204188
2025,CO2/CO/NOx,2025-12-03 23:00:00+01:00,1.839424214754283
2025,CO2/CO/NOx,2025-12-04 00:00:00+01:00,1.7781896785511146
2025,CO2/CO/NOx,2025-12-04 01:00:00+01:00,1.7650833723096828
2025,CO2/CO/NOx,2025-12-04 02:00:00+01:00,1.8060929082336161
2025,CO2/CO/NOx,2025-12-04 03:00:00+01:00,1.8913139347729289
2025,CO2/CO/NOx,2025-12-04 04:00:00+01:00,1.9784059696610545
2025,CO2/CO/NOx,2025-12-04 05:00:00+01:00,2.0713440725522783
2025,CO2/CO/NOx,2025-12-04 06:00:00+01:00,2.148083047634959
2025,CO2/CO/NOx,2025-12-04 07:00:00+01:00,2.186318070702642
2025,CO2/CO/NOx,2025-12-04 08:00:00+01:00,2.1799798278974962
2025,CO2/CO/NOx,2025-12-04 09:00:00+01:00,2.1228736662359893
2025,CO2/CO/NOx,2025-12-04 10:00:00+01:00,2.088356476653135
2025,CO2/CO/NOx,2025-12-04 11:00:00+01:00,2.0512243594271995
2025,CO2/CO/NOx,2025-12-04 12:00:00+01:00,2.0056165182825745
2025,CO2/CO/NOx,2025-12-04 13:00:00+01:00,1.9994829986389762
2025,CO2/CO/NOx,2025-12-04 14:00:00+01:00,2.0173231987508875
2025,CO2/CO/NOx,2025-12-04 15:00:00+01:00,2.056753518253775
2025,CO2/CO/NOx,2025-12-04 16:00:00+01:00,2.079398345111034
2025,CO2/CO/NOx,2025-12-04 17:00:00+01:00,2.0926857477022476
2025,CO2/CO/NOx,2025-12-04 18:00:00+01:00,2.117283690796989
2025,CO2/CO/NOx,2025-12-04 19:00:00+01:00,2.100428275483309
2025,CO2/CO/NOx,2025-12-04 20:00:00+01:00,2.058275797225393
2025,CO2/CO/NOx,2025-12-04 21:00:00+01:00,1.979538230204391
2025,CO2/CO/NOx,2025-12-04 22:00:00+01:00,1.9022561967321827
2025,CO2/CO/NOx,2025-12-04 23:00:00+01:00,1.8280990665279335
2025,CO2/CO/NOx,2025-12-05 00:00:00+01:00,1.7471057429791264
2025,CO2/CO/NOx,2025-12-05 01:00:00+01:00,1.709483706817093
2025,CO2/CO/NOx,2025-12-05 02:00:00+01:00,1.7246866274951547
2025,CO2/CO/NOx,2025-12-05 03:00:00+01:00,1.7865929392337205
2025,CO2/CO/NOx,2025-12-05 04:00:00+01:00,1.8534852002619067
2025,CO2/CO/NOx,2025-12-05 05:00:00+01:00,1.9397170852194108
2025,CO2/CO/NOx,2025-12-05 06:00:00+01:00,2.0236911166030036
2025,CO2/CO/NOx,2025-12-05 07:00:00+01:00,2.074963953721742
2025,CO2/CO/NOx,2025-12-05 08:00:00+01:00,2.081645135406274
2025,CO2/CO/NOx,2025-12-05 09:00:00+01:00,2.037192230847503
2025,CO2/CO/NOx,2025-12-05 10:00:00+01:00,2.000534569958337
2025,CO2/CO/NOx,2025-12-05 11:00:00+01:00,1.952549233067846
2025,CO2/CO/NOx,2025-12-05 12:00:00+01:00,1.8919366553987078
2025,CO2/CO/NOx,2025-12-05 13:00:00+01:00,1.854806094826985
2025,CO2/CO/NOx,2025-12-05 14:00:00+01:00,1.839325620933758
2025,CO2/CO/NOx,2025-12-05 15:00:00+01:00,1.8578166704867887
2025,CO2/CO/NOx,2025-12-05 16:00:00+01:00,1.8653316489339211
2025,CO2/CO/NOx,2025-12-05 17:00:00+01:00,1.8710556844198654
2025,CO2/CO/NOx,2025-12-05 18:00:00+01:00,1.8889876562331107
2025,CO2/CO/NOx,2025-12-05 19:00:00+01:00,1.8664407090603379
2025,CO2/CO/NOx,2025-12-05 20:00:00+01:00,1.8111517840189415
2025,CO2/CO/NOx,2025-12-05 21:00:00+01:00,1.7332826807695656
2025,CO2/CO/NOx,2025-12-05 22:00:00+01:00,1.6595648322540735
2025,CO2/CO/NOx,2025-12-05 23:00:00+01:00,1.5926579871624107
2025,CO2/CO/NOx,2025-12-06 00:00:00+01:00,1.526061269023733
2025,CO2/CO/NOx,2025-12-06 01:00:00+01:00,1.5003766471649171
2025,CO2/CO/NOx,2025-12-06 02:00:00+01:00,1.5224361309586623
2025,CO2/CO/NOx,2025-12-06 03:00:00+01:00,1.5838696529751115
2025,CO2/CO/NOx,2025-12-06 04:00:00+01:00,1.6426192751515192
2025,CO2/CO/NOx,2025-12-06 05:00:00+01:00,1.707826528631851
2025,CO2/CO/NOx,2025-12-06 06:00:00+01:00,1.7689808823904012
2025,CO2/CO/NOx,2025-12-06 07:00:00+01:00,1.805883836058171
2025,CO2/CO/NOx,2025-12-06 08:00:00+01:00,1.8093087747484478
2025,CO2/CO/NOx,2025-12-06 09:00:00+01:00,1.7692928277392168
2025,CO2/CO/NOx,2025-12-06 10:00:00+01:00,1.7220208207535592
2025,CO2/CO/NOx,2025-12-06 11:00:00+01:00,1.6612588876975771
2025,CO2/CO/NOx,2025-12-06 12:00:00+01:00,1.5932511419387039
2025,CO2/CO/NOx,2025-12-06 13:00:00+01:00,1.551050916373538
2025,CO2/CO/NOx,2025-12-06 14:00:00+01:00,1.5309470971883523
2025,CO2/CO/NOx,2025-12-06 15:00:00+01:00,1.5413178158072487
2025,CO2/CO/NOx,2025-12-06 16:00:00+01:00,1.5450776641009323
2025,CO2/CO/NOx,2025-12-06 17:00:00+01:00,1.5442425980593983
2025,CO2/CO/NOx,2025-12-06 18:00:00+01:00,1.5497451060448422
2025,CO2/CO/NOx,2025-12-06 19:00:00+01:00,1.506248215896822
2025,CO2/CO/NOx,2025-12-06 20:00:00+01:00,1.442903923443207
2025,CO2/CO/NOx,2025-12-06 21:00:00+01:00,1.3651501776396322
2025,CO2/CO/NOx,2025-12-06 22:00:00+01:00,1.2949852106364064
2025,CO2/CO/NOx,2025-12-06 23:00:00+01:00,1.2328450021514885
2025,CO2/CO/NOx,2025-12-07 00:00:00+01:00,1.1908627865623855
2025,CO2/CO/NOx,2025-12-07 01:00:00+01:00,1.1805439105507427
2025,CO2/CO/NOx,2025-12-07 02:00:00+01:00,1.2010526102746997
2025,CO2/CO/NOx,2025-12-07 03:00:00+01:00,1.2470143187214224
2025,CO2/CO/NOx,2025-12-07 04:00:00+01:00,1.2837444632799544
2025,CO2/CO/NOx,2025-12-07 05:00:00+01:00,1.3121851826176831
2025,CO2/CO/NOx,2025-12-07 06:00:00+01:00,1.3462929099968497
2025,CO2/CO/NOx,2025-12-07 07:00:00+01:00,1.3657980486744041
2025,CO2/CO/NOx,2025-12-07 08:00:00+01:00,1.3540151927695276
2025,CO2/CO/NOx,2025-12-07 09:00:00+01:00,1.3220819902950578
2025,CO2/CO/NOx,2025-12-07 10:00:00+01:00,1.302728248594836
2025,CO2/CO/NOx,2025-12-07 11:00:00+01:00,1.2758616406911962
2025,CO2/CO/NOx,2025-12-07 12:00:00+01:00,1.2403381412097614
2025,CO2/CO/NOx,2025-12-07 13:00:00+01:00,1.222706887730432
2025,CO2/CO/NOx,2025-12-07 14:00:00+01:00,1.2126813456435295
2025,CO2/CO/NOx,2025-12-07 15:00:00+01:00,1.240002115880569
2025,CO2/CO/NOx,2025-12-07 16:00:00+01:00,1.257883971297158
2025,CO2/CO/NOx,2025-12-07 17:00:00+01:00,1.2732184673736877
2025,CO2/CO/NOx,2025-12-07 18:00:00+01:00,1.2989251032760896
2025,CO2/CO/NOx,2025-12-07 19:00:00+01:00,1.309150353217991
2025,CO2/CO/NOx,2025-12-07 20:00:00+01:00,1.2927315788677907
2025,CO2/CO/NOx,2025-12-07 21:00:00+01:00,1.2510864854132577
2025,CO2/CO/NOx,2025-12-07 22:00:00+01:00,1.202543236301791
2025,CO2/CO/NOx,2025-12-07 23:00:00+01:00,1.153807243643919
2025,CO2/CO/NOx,2025-12-08 00:00:00+01:00,1.0929106793400574
2025,CO2/CO/NOx,2025-12-08 01:00:00+01:00,1.0526093406243002
2025,CO2/CO/NOx,2025-12-08 02:00:00+01:00,1.053702697988491
2025,CO2/CO/NOx,2025-12-08 03:00:00+01:00,1.0834497753471233
2025,CO2/CO/NOx,2025-12-08 04:00:00+01:00,1.1291526857162169
2025,CO2/CO/NOx,2025-12-08 05:00:00+01:00,1.1848770876740375
2025,CO2/CO/NOx,2025-12-08 06:00:00+01:00,1.254324795724498
2025,CO2/CO/NOx,2025-12-08 07:00:00+01:00,1.2971382570641605
2025,CO2/CO/NOx,2025-12-08 08:00:00+01:00,1.3043501854598392
2025,CO2/CO/NOx,2025-12-08 09:00:00+01:00,1.2709467450414145
2025,CO2/CO/NOx,2025-12-08 10:00:00+01:00,1.2326615579886966
2025,CO2/CO/NOx,2025-12-08 11:00:00+01:00,1.1779148994614863
2025,CO2/CO/NOx,2025-12-08 12:00:00+01:00,1.107736287259024
2025,CO2/CO/NOx,2025-12-08 13:00:00+01:00,1.0678820487519576
2025,CO2/CO/NOx,2025-12-08 14:00:00+01:00,1.0601978038892335
2025,CO2/CO/NOx,2025-12-08 15:00:00+01:00,1.0860579288015215
2025,CO2/CO/NOx,2025-12-08 16:00:00+01:00,1.1074584306186384
2025,CO2/CO/NOx,2025-12-08 17:00:00+01:00,1.127882747734713
2025,CO2/CO/NOx,2025-12-08 18:00:00+01:00,1.1559991838371515
2025,CO2/CO/NOx,2025-12-08 19:00:00+01:00,1.1398486713808695
2025,CO2/CO/NOx,2025-12-08 20:00:00+01:00,1.1013718973662614
2025,CO2/CO/NOx,2025-12-08 21:00:00+01:00,1.0437113413839672
2025,CO2/CO/NOx,2025-12-08 22:00:00+01:00,0.9824580625429281
2025,CO2/CO/NOx,2025-12-08 23:00:00+01:00,0.9400855906499003
2025,CO2/CO/NOx,2025-12-09 00:00:00+01:00,0.9033421348068628
2025,CO2/CO/NOx,2025-12-09 01:00:00+01:00,0.9133833904637224
2025,CO2/CO/NOx,2025-12-09 02:00:00+01:00,0.9609037010205845
2025,CO2/CO/NOx,2025-12-09 03:00:00+01:00,1.0359158070470438
2025,CO2/CO/NOx,2025-12-09 04:00:00+01:00,1.1006443783709845
2025,CO2/CO/NOx,2025-12-09 05:00:00+01:00,1.177171856316444
2025,CO2/CO/NOx,2025-12-09 06:00:00+01:00,1.261976599256095
2025,CO2/CO/NOx,2025-12-09 07:00:00+01:00,1.2992722842080826
2025,CO2/CO/NOx,2025-12-09 08:00:00+01:00,1.3004113615814077
2025,CO2/CO/NOx,2025-12-09 09:00:00+01:00,1.249306899408457
2025,CO2/CO/NOx,2025-12-09 10:00:00+01:00,1.1914812268380222
2025,CO2/CO/NOx,2025-12-09 11:00:00+01:00,1.1040721176381072
2025,CO2/CO/NOx,2025-12-09 12:00:00+01:00,1.0204578738771102
2025,CO2/CO/NOx,2025-12-09 13:00:00+01:00,0.9806361807525689
2025,CO2/CO/NOx,2025-12-09 14:00:00+01:00,0.994041068106268
2025,CO2/CO/NOx,2025-12-09 15:00:00+01:00,1.0663341645454663
2025,CO2/CO/NOx,2025-12-09 16:00:00+01:00,1.1419903606935782
2025,CO2/CO/NOx,2025-12-09 17:00:00+01:00,1.2332615169570134
2025,CO2/CO/NOx,2025-12-09 18:00:00+01:00,1.3348438784868624
2025,CO2/CO/NOx,2025-12-09 19:00:00+01:00,1.3733738448942452
2025,CO2/CO/NOx,2025-12-09 20:00:00+01:00,1.355253520762023
2025,CO2/CO/NOx,2025-12-09 21:00:00+01:00,1.3316958393010423
2025,CO2/CO/NOx,2025-12-09 22:00:00+01:00,1.3155324605124457
2025,CO2/CO/NOx,2025-12-09 23:00:00+01:00,1.2765079630801626
2025,CO2/CO/NOx,2025-12-10 00:00:00+01:00,1.198010236733478
2025,CO2/CO/NOx,2025-12-10 01:00:00+01:00,1.168692802450696
2025,CO2/CO/NOx,2025-12-10 02:00:00+01:00,1.1929479505980793
2025,CO2/CO/NOx,2025-12-10 03:00:00+01:00,1.2675984984303184
2025,CO2/CO/NOx,2025-12-10 04:00:00+01:00,1.3429436152296934
2025,CO2/CO/NOx,2025-12-10 05:00:00+01:00,1.4469482643916347
2025,CO2/CO/NOx,2025-12-10 06:00:00+01:00,1.5761814565235157
2025,CO2/CO/NOx,2025-12-10 07:00:00+01:00,1.6397465466377423
2025,CO2/CO/NOx,2025-12-10 08:00:00+01:00,1.607308234593657
2025,CO2/CO/NOx,2025-12-10 09:00:00+01:00,1.4797172109568175
2025,CO2/CO/NOx,2025-12-10 10:00:00+01:00,1.362827403080653
2025,CO2/CO/NOx,2025-12-10 11:00:00+01:00,1.2258697760233626
2025,CO2/CO/NOx,2025-12-10 12:00:00+01:00,1.1059775058204528
2025,CO2/CO/NOx,2025-12-10 13:00:00+01:00,1.0558842484749627
2025,CO2/CO/NOx,2025-12-10 14:00:00+01:00,1.0701782139755975
2025,CO2/CO/NOx,2025-12-10 15:00:00+01:00,1.138221338718737
2025,CO2/CO/NOx,2025-12-10 16:00:00+01:00,1.2011436601834609
2025,CO2/CO/NOx,2025-12-10 17:00:00+01:00,1.2823432118466778
2025,CO2/CO/NOx,2025-12-10 18:00:00+01:00,1.3722342471604514
2025,CO2/CO/NOx,2025-12-10 19:00:00+01:00,1.410303431229447
2025,CO2/CO/NOx,2025-12-10 20:00:00+01:00,1.3947328170324689
2025,CO2/CO/NOx,2025-12-10 21:00:00+01:00,1.3231482633337766
2025,CO2/CO/NOx,2025-12-10 22:00:00+01:00,1.2316952163329637
2025,CO2/CO/NOx,2025-12-10 23:00:00+01:00,1.1314873489164379
2025,CO2/CO/NOx,2025-12-11 00:00:00+01:00,1.0170975856450284
2025,CO2/CO/NOx,2025-12-11 01:00:00+01:00,0.9767493959224613
2025,CO2/CO/NOx,2025-12-11 02:00:00+01:00,1.0197447821185526
2025,CO2/CO/NOx,2025-12-11 03:00:00+01:00,1.1105589559834936
2025,CO2/CO/NOx,2025-12-11 04:00:00+01:00,1.209167699179947
2025,CO2/CO/NOx,2025-12-11 05:00:00+01:00,1.321984908988536
2025,CO2/CO/NOx,2025-12-11 06:00:00+01:00,1.4247144905330293
2025,CO2/CO/NOx,2025-12-11 07:00:00+01:00,1.4779260198450752
2025,CO2/CO/NOx,2025-12-11 08:00:00+01:00,1.4710372411426627
2025,CO2/CO/NOx,2025-12-11 09:00:00+01:00,1.3932186973787433
2025,CO2/CO/NOx,2025-12-11 10:00:00+01:00,1.3203518840660364
2025,CO2/CO/NOx,2025-12-11 11:00:00+01:00,1.2545702970787584
2025,CO2/CO/NOx,2025-12-11 12:00:00+01:00,1.1844709601816397
2025,CO2/CO/NOx,2025-12-11 13:00:00+01:00,1.1779899461044834
2025,CO2/CO/NOx,2025-12-11 14:00:00+01:00,1.2092253307072098
2025,CO2/CO/NOx,2025-12-11 15:00:00+01:00,1.2861335618945051
2025,CO2/CO/NOx,2025-12-11 16:00:00+01:00,1.3463980309394257
2025,CO2/CO/NOx,2025-12-11 17:00:00+01:00,1.3848241068418086
2025,CO2/CO/NOx,2025-12-11 18:00:00+01:00,1.4153126717432927
2025,CO2/CO/NOx,2025-12-11 19:00:00+01:00,1.3925149894881892
2025,CO2/CO/NOx,2025-12-11 20:00:00+01:00,1.3461049172685118
2025,CO2/CO/NOx,2025-12-11 21:00:00+01:00,1.276520565696716
2025,CO2/CO/NOx,2025-12-11 22:00:00+01:00,1.2237558988075201
2025,CO2/CO/NOx,2025-12-11 23:00:00+01:00,1.1741427310092074
2025,CO2/CO/NOx,2025-12-12 00:00:00+01:00,1.1191532985552548
2025,CO2/CO/NOx,2025-12-12 01:00:00+01:00,1.0998183540603312
2025,CO2/CO/NOx,2025-12-12 02:00:00+01:00,1.1342762009673153
2025,CO2/CO/NOx,2025-12-12 03:00:00+01:00,1.204830502335469
2025,CO2/CO/NOx,2025-12-12 04:00:00+01:00,1.2800587873552427
2025,CO2/CO/NOx,2025-12-12 05:00:00+01:00,1.3641816243802523
2025,CO2/CO/NOx,2025-12-12 06:00:00+01:00,1.4536767943579396
2025,CO2/CO/NOx,2025-12-12 07:00:00+01:00,1.5206145258916712
2025,CO2/CO/NOx,2025-12-12 08:00:00+01:00,1.5521272233909762
2025,CO2/CO/NOx,2025-12-12 09:00:00+01:00,1.529469702228982
2025,CO2/CO/NOx,2025-12-12 10:00:00+01:00,1.5160387725086384
2025,CO2/CO/NOx,2025-12-12 11:00:00+01:00,1.4918463905910397
2025,CO2/CO/NOx,2025-12-12 12:00:00+01:00,1.4479188066452195
2025,CO2/CO/NOx,2025-12-12 13:00:00+01:00,1.4233952518348072
2025,CO2/CO/NOx,2025-12-12 14:00:00+01:00,1.4184787651972952
2025,CO2/CO/NOx,2025-12-12 15:00:00+01:00,1.4563978562674844
2025,CO2/CO/NOx,2025-12-12 16:00:00+01:00,1.5002997092547294
2025,CO2/CO/NOx,2025-12-12 17:00:00+01:00,1.5440548378499495
2025,CO2/CO/NOx,2025-12-12 18:00:00+01:00,1.6004295334050775
2025,CO2/CO/NOx,2025-12-12 19:00:00+01:00,1.628656663381215
2025,CO2/CO/NOx,2025-12-12 20:00:00+01:00,1.6169935056330336
2025,CO2/CO/NOx,2025-12-12 21:00:00+01:00,1.5783944504668623
2025,CO2/CO/NOx,2025-12-12 22:00:00+01:00,1.5281220054218898
2025,CO2/CO/NOx,2025-12-12 23:00:00+01:00,1.47816926522095
2025,CO2/CO/NOx,2025-12-13 00:00:00+01:00,1.4247100053208603
2025,CO2/CO/NOx,2025-12-13 01:00:00+01:00,1.4056873966535801
2025,CO2/CO/NOx,2025-12-13 02:00:00+01:00,1.4273964169642273
2025,CO2/CO/NOx,2025-12-13 03:00:00+01:00,1.49035267387408
2025,CO2/CO/NOx,2025-12-13 04:00:00+01:00,1.5575331798714571
2025,CO2/CO/NOx,2025-12-13 05:00:00+01:00,1.6354898622369323
2025,CO2/CO/NOx,2025-12-13 06:00:00+01:00,1.714440816594626
2025,CO2/CO/NOx,2025-12-13 07:00:00+01:00,1.7761248358345485
2025,CO2/CO/NOx,2025-12-13 08:00:00+01:00,1.8090546817030853
2025,CO2/CO/NOx,2025-12-13 09:00:00+01:00,1.804479391959814
2025,CO2/CO/NOx,2025-12-13 10:00:00+01:00,1.7976934740219521
2025,CO2/CO/NOx,2025-12-13 11:00:00+01:00,1.7744957189280708
2025,CO2/CO/NOx,2025-12-13 12:00:00+01:00,1.7381911959007943
2025,CO2/CO/NOx,2025-12-13 13:00:00+01:00,1.7157179417976933
2025,CO2/CO/NOx,2025-12-13 14:00:00+01:00,1.7035771396858843
2025,CO2/CO/NOx,2025-12-13 15:00:00+01:00,1.7108442553592713
2025,CO2/CO/NOx,2025-12-13 16:00:00+01:00,1.7167195160139184
2025,CO2/CO/NOx,2025-12-13 17:00:00+01:00,1.7250966531059753
2025,CO2/CO/NOx,2025-12-13 18:00:00+01:00,1.7478277008713985
2025,CO2/CO/NOx,2025-12-13 19:00:00+01:00,1.7243148054078314
2025,CO2/CO/NOx,2025-12-13 20:00:00+01:00,1.6820984600313815
2025,CO2/CO/NOx,2025-12-13 21:00:00+01:00,1.6327781780694042
2025,CO2/CO/NOx,2025-12-13 22:00:00+01:00,1.5906246202530205
2025,CO2/CO/NOx,2025-12-13 23:00:00+01:00,1.5582828837601872
2025,CO2/CO/NOx,2025-12-14 00:00:00+01:00,1.5280991472280674
2025,CO2/CO/NOx,2025-12-14 01:00:00+01:00,1.5212225947012095
2025,CO2/CO/NOx,2025-12-14 02:00:00+01:00,1.5458108713716106
2025,CO2/CO/NOx,2025-12-14 03:00:00+01:00,1.5905844648302403
2025,CO2/CO/NOx,2025-12-14 04:00:00+01:00,1.6217142627684344
2025,CO2/CO/NOx,2025-12-14 05:00:00+01:00,1.6622537095990626
2025,CO2/CO/NOx,2025-12-14 06:00:00+01:00,1.7063567535657025
2025,CO2/CO/NOx,2025-12-14 07:00:00+01:00,1.740517034635318
2025,CO2/CO/NOx,2025-12-14 08:00:00+01:00,1.7584336371334421
2025,CO2/CO/NOx,2025-12-14 09:00:00+01:00,1.7506649163319223
2025,CO2/CO/NOx,2025-12-14 10:00:00+01:00,1.7516056748425721
2025,CO2/CO/NOx,2025-12-14 11:00:00+01:00,1.7487137437309326
2025,CO2/CO/NOx,2025-12-14 12:00:00+01:00,1.7298666551945534
2025,CO2/CO/NOx,2025-12-14 13:00:00+01:00,1.726935130840738
2025,CO2/CO/NOx,2025-12-14 14:00:00+01:00,1.729771263489844
2025,CO2/CO/NOx,2025-12-14 15:00:00+01:00,1.7528969565001535
2025,CO2/CO/NOx,2025-12-14 16:00:00+01:00,1.7701274419346575
2025,CO2/CO/NOx,2025-12-14 17:00:00+01:00,1.782795572182863
2025,CO2/CO/NOx,2025-12-14 18:00:00+01:00,1.8050150091116437
2025,CO2/CO/NOx,2025-12-14 19:00:00+01:00,1.794437778048089
2025,CO2/CO/NOx,2025-12-14 20:00:00+01:00,1.7569175335712008
2025,CO2/CO/NOx,2025-12-14 21:00:00+01:00,1.7042908694044583
2025,CO2/CO/NOx,2025-12-14 22:00:00+01:00,1.6622460360968752
2025,CO2/CO/NOx,2025-12-14 23:00:00+01:00,1.6358678009521137
2025,CO2/CO/NOx,2025-12-15 00:00:00+01:00,1.6115670037258032
2025,CO2/CO/NOx,2025-12-15 01:00:00+01:00,1.6423009258783234
2025,CO2/CO/NOx,2025-12-15 02:00:00+01:00,1.7150696595465766
2025,CO2/CO/NOx,2025-12-15 03:00:00+01:00,1.8268708489390675
2025,CO2/CO/NOx,2025-12-15 04:00:00+01:00,1.9326860983821013
2025,CO2/CO/NOx,2025-12-15 05:00:00+01:00,2.0358284931264725
2025,CO2/CO/NOx,2025-12-15 06:00:00+01:00,2.1434619930715333
2025,CO2/CO/NOx,2025-12-15 07:00:00+01:00,2.2186829720906514
2025,CO2/CO/NOx,2025-12-15 08:00:00+01:00,2.243860113592673
2025,CO2/CO/NOx,2025-12-15 09:00:00+01:00,2.185479199343304
2025,CO2/CO/NOx,2025-12-15 10:00:00+01:00,2.104515264945572
2025,CO2/CO/NOx,2025-12-15 11:00:00+01:00,2.0127304247071356
2025,CO2/CO/NOx,2025-12-15 12:00:00+01:00,1.9448734230614644
2025,CO2/CO/NOx,2025-12-15 13:00:00+01:00,1.9184612392120033
2025,CO2/CO/NOx,2025-12-15 14:00:00+01:00,1.9486477765172519
2025,CO2/CO/NOx,2025-12-15 15:00:00+01:00,2.032946801603072
2025,CO2/CO/NOx,2025-12-15 16:00:00+01:00,2.116348095843708
2025,CO2/CO/NOx,2025-12-15 17:00:00+01:00,2.1880695110200716
2025,CO2/CO/NOx,2025-12-15 18:00:00+01:00,2.2454418096190527
2025,CO2/CO/NOx,2025-12-15 19:00:00+01:00,2.2167494265955883
2025,CO2/CO/NOx,2025-12-15 20:00:00+01:00,2.155762729653995
2025,CO2/CO/NOx,2025-12-15 21:00:00+01:00,2.0713925132480027
2025,CO2/CO/NOx,2025-12-15 22:00:00+01:00,1.9801084438950314
2025,CO2/CO/NOx,2025-12-15 23:00:00+01:00,1.9089920766117796
2025,CO2/CO/NOx,2025-12-16 00:00:00+01:00,1.8294425584871827
2025,CO2/CO/NOx,2025-12-16 01:00:00+01:00,1.8019803758764128
2025,CO2/CO/NOx,2025-12-16 02:00:00+01:00,1.846522972507494
2025,CO2/CO/NOx,2025-12-16 03:00:00+01:00,1.94684863056218
2025,CO2/CO/NOx,2025-12-16 04:00:00+01:00,2.030747871841463
2025,CO2/CO/NOx,2025-12-16 05:00:00+01:00,2.1234399006166953
2025,CO2/CO/NOx,2025-12-16 06:00:00+01:00,2.220574209246939
2025,CO2/CO/NOx,2025-12-16 07:00:00+01:00,2.292379554919209
2025,CO2/CO/NOx,2025-12-16 08:00:00+01:00,2.3253739010178043
2025,CO2/CO/NOx,2025-12-16 09:00:00+01:00,2.315714523858615
2025,CO2/CO/NOx,2025-12-16 10:00:00+01:00,2.312941601283943
2025,CO2/CO/NOx,2025-12-16 11:00:00+01:00,2.2962659572691195
2025,CO2/CO/NOx,2025-12-16 12:00:00+01:00,2.255099744498107
2025,CO2/CO/NOx,2025-12-16 13:00:00+01:00,2.227382309345505
2025,CO2/CO/NOx,2025-12-16 14:00:00+01:00,2.223321258891064
2025,CO2/CO/NOx,2025-12-16 15:00:00+01:00,2.2485182764351834
2025,CO2/CO/NOx,2025-12-16 16:00:00+01:00,2.259451321762256
2025,CO2/CO/NOx,2025-12-16 17:00:00+01:00,2.2668398938906105
2025,CO2/CO/NOx,2025-12-16 18:00:00+01:00,2.295384075382951
2025,CO2/CO/NOx,2025-12-16 19:00:00+01:00,2.2703075609022765
2025,CO2/CO/NOx,2025-12-16 20:00:00+01:00,2.206904481589976
2025,CO2/CO/NOx,2025-12-16 21:00:00+01:00,2.1171971694082385
2025,CO2/CO/NOx,2025-12-16 22:00:00+01:00,2.033307013515073
2025,CO2/CO/NOx,2025-12-16 23:00:00+01:00,1.963956198541723
2025,CO2/CO/NOx,2025-12-17 00:00:00+01:00,1.8905546206921837
2025,CO2/CO/NOx,2025-12-17 01:00:00+01:00,1.876975168048563
2025,CO2/CO/NOx,2025-12-17 02:00:00+01:00,1.9014455047211178
2025,CO2/CO/NOx,2025-12-17 03:00:00+01:00,1.9588623285365592
2025,CO2/CO/NOx,2025-12-17 04:00:00+01:00,2.006874424684071
2025,CO2/CO/NOx,2025-12-17 05:00:00+01:00,2.043369449826971
2025,CO2/CO/NOx,2025-12-17 06:00:00+01:00,2.0738207578980554
2025,CO2/CO/NOx,2025-12-17 07:00:00+01:00,2.0689660611020795
2025,CO2/CO/NOx,2025-12-17 08:00:00+01:00,2.0264010234039276
2025,CO2/CO/NOx,2025-12-17 09:00:00+01:00,1.9406366422637313
2025,CO2/CO/NOx,2025-12-17 10:00:00+01:00,1.8941523388101158
2025,CO2/CO/NOx,2025-12-17 11:00:00+01:00,1.7918529226065756
2025,CO2/CO/NOx,2025-12-17 12:00:00+01:00,1.6989453360286055
2025,CO2/CO/NOx,2025-12-17 13:00:00+01:00,1.6630486657271506
2025,CO2/CO/NOx,2025-12-17 14:00:00+01:00,1.6493480781875787
2025,CO2/CO/NOx,2025-12-17 15:00:00+01:00,1.682124596662995
2025,CO2/CO/NOx,2025-12-17 16:00:00+01:00,1.7056736355950783
2025,CO2/CO/NOx,2025-12-17 17:00:00+01:00,1.7326979160227267
2025,CO2/CO/NOx,2025-12-17 18:00:00+01:00,1.7776991116441008
2025,CO2/CO/NOx,2025-12-17 19:00:00+01:00,1.7836178214975655
2025,CO2/CO/NOx,2025-12-17 20:00:00+01:00,1.7337042915416725
2025,CO2/CO/NOx,2025-12-17 21:00:00+01:00,1.6733986185989933
2025,CO2/CO/NOx,2025-12-17 22:00:00+01:00,1.6157048069177098
2025,CO2/CO/NOx,2025-12-17 23:00:00+01:00,1.5418597815827257
2025,CO2/CO/NOx,2025-12-18 00:00:00+01:00,1.4676281742466417
2025,CO2/CO/NOx,2025-12-18 01:00:00+01:00,1.4307886638914762
2025,CO2/CO/NOx,2025-12-18 02:00:00+01:00,1.4492339675233374
2025,CO2/CO/NOx,2025-12-18 03:00:00+01:00,1.5158871706407977
2025,CO2/CO/NOx,2025-12-18 04:00:00+01:00,1.598782328147689
2025,CO2/CO/NOx,2025-12-18 05:00:00+01:00,1.7088924172236655
2025,CO2/CO/NOx,2025-12-18 06:00:00+01:00,1.812388238153483
2025,CO2/CO/NOx,2025-12-18 07:00:00+01:00,1.8776941634096245
2025,CO2/CO/NOx,2025-12-18 08:00:00+01:00,1.8450625601085713
2025,CO2/CO/NOx,2025-12-18 09:00:00+01:00,1.7355405016479133
2025,CO2/CO/NOx,2025-12-18 10:00:00+01:00,1.6046309206479363
2025,CO2/CO/NOx,2025-12-18 11:00:00+01:00,1.4503861182930498
2025,CO2/CO/NOx,2025-12-18 12:00:00+01:00,1.2972508410712
2025,CO2/CO/NOx,2025-12-18 13:00:00+01:00,1.2004434582731893
2025,CO2/CO/NOx,2025-12-18 14:00:00+01:00,1.183485304640915
2025,CO2/CO/NOx,2025-12-18 15:00:00+01:00,1.2400717292474968
2025,CO2/CO/NOx,2025-12-18 16:00:00+01:00,1.329074184317836
2025,CO2/CO/NOx,2025-12-18 17:00:00+01:00,1.4155253134961188
2025,CO2/CO/NOx,2025-12-18 18:00:00+01:00,1.5429805077716956
2025,CO2/CO/NOx,2025-12-18 19:00:00+01:00,1.6091424177400877
2025,CO2/CO/NOx,2025-12-18 20:00:00+01:00,1.6205367725946895
2025,CO2/CO/NOx,2025-12-18 21:00:00+01:00,1.591864176190834
2025,CO2/CO/NOx,2025-12-18 22:00:00+01:00,1.5344609627199308
2025,CO2/CO/NOx,2025-12-18 23:00:00+01:00,1.4901819373889766
2025,CO2/CO/NOx,2025-12-19 00:00:00+01:00,1.4183507877284538
2025,CO2/CO/NOx,2025-12-19 01:00:00+01:00,1.4082455249265469
2025,CO2/CO/NOx,2025-12-19 02:00:00+01:00,1.4802041046984922
2025,CO2/CO/NOx,2025-12-19 03:00:00+01:00,1.6234938967736796
2025,CO2/CO/NOx,2025-12-19 04:00:00+01:00,1.7640673622094583
2025,CO2/CO/NOx,2025-12-19 05:00:00+01:00,1.9142498391668659
2025,CO2/CO/NOx,2025-12-19 06:00:00+01:00,2.0399255677313315
2025,CO2/CO/NOx,2025-12-19 07:00:00+01:00,2.091616629016953
2025,CO2/CO/NOx,2025-12-19 08:00:00+01:00,2.0621640090371685
2025,CO2/CO/NOx,2025-12-19 09:00:00+01:00,1.8947559239185137
2025,CO2/CO/NOx,2025-12-19 10:00:00+01:00,1.6946414608442824
2025,CO2/CO/NOx,2025-12-19 11:00:00+01:00,1.4774436077711885
2025,CO2/CO/NOx,2025-12-19 12:00:00+01:00,1.2896206093736198
2025,CO2/CO/NOx,2025-12-19 13:00:00+01:00,1.1756388395999557
2025,CO2/CO/NOx,2025-12-19 14:00:00+01:00,1.173863110408055
2025,CO2/CO/NOx,2025-12-19 15:00:00+01:00,1.2669476972030689
2025,CO2/CO/NOx,2025-12-19 16:00:00+01:00,1.3852714172448333
2025,CO2/CO/NOx,2025-12-19 17:00:00+01:00,1.4891293971775217
2025,CO2/CO/NOx,2025-12-19 18:00:00+01:00,1.5829936070077055
2025,CO2/CO/NOx,2025-12-19 19:00:00+01:00,1.6153909435580958
2025,CO2/CO/NOx,2025-12-19 20:00:00+01:00,1.5769836851477608
2025,CO2/CO/NOx,2025-12-19 21:00:00+01:00,1.5037205354028218
2025,CO2/CO/NOx,2025-12-19 22:00:00+01:00,1.4169637012759073
2025,CO2/CO/NOx,2025-12-19 23:00:00+01:00,1.36820877600307
2025,CO2/CO/NOx,2025-12-20 00:00:00+01:00,1.321045543510262
2025,CO2/CO/NOx,2025-12-20 01:00:00+01:00,1.3110473561845863
2025,CO2/CO/NOx,2025-12-20 02:00:00+01:00,1.348760819802626
2025,CO2/CO/NOx,2025-12-20 03:00:00+01:00,1.4584740654512034
2025,CO2/CO/NOx,2025-12-20 04:00:00+01:00,1.5657248716322383
2025,CO2/CO/NOx,2025-12-20 05:00:00+01:00,1.6549032293005255
2025,CO2/CO/NOx,2025-12-20 06:00:00+01:00,1.7248980440416823
2025,CO2/CO/NOx,2025-12-20 07:00:00+01:00,1.7629081953215469
2025,CO2/CO/NOx,2025-12-20 08:00:00+01:00,1.74604834617286
2025,CO2/CO/NOx,2025-12-20 09:00:00+01:00,1.6665211066827545
2025,CO2/CO/NOx,2025-12-20 10:00:00+01:00,1.5610370003302294
2025,CO2/CO/NOx,2025-12-20 11:00:00+01:00,1.4200134068234578
2025,CO2/CO/NOx,2025-12-20 12:00:00+01:00,1.3072757350158295
2025,CO2/CO/NOx,2025-12-20 13:00:00+01:00,1.2619885304005776
2025,CO2/CO/NOx,2025-12-20 14:00:00+01:00,1.289373344086011
2025,CO2/CO/NOx,2025-12-20 15:00:00+01:00,1.37073405294767
2025,CO2/CO/NOx,2025-12-20 16:00:00+01:00,1.4811784420767593
2025,CO2/CO/NOx,2025-12-20 17:00:00+01:00,1.5994008728973004
2025,CO2/CO/NOx,2025-12-20 18:00:00+01:00,1.7158568805410621
2025,CO2/CO/NOx,2025-12-20 19:00:00+01:00,1.745585130333445
2025,CO2/CO/NOx,2025-12-20 20:00:00+01:00,1.6990381737804545
2025,CO2/CO/NOx,2025-12-20 21:00:00+01:00,1.63624477754044
2025,CO2/CO/NOx,2025-12-20 22:00:00+01:00,1.5719205152930542
2025,CO2/CO/NOx,2025-12-20 23:00:00+01:00,1.5238878533171465
2025,CO2/CO/NOx,2025-12-21 00:00:00+01:00,1.4783948979130137
2025,CO2/CO/NOx,2025-12-21 01:00:00+01:00,1.4997902731349269
2025,CO2/CO/NOx,2025-12-21 02:00:00+01:00,1.5800739231960848
2025,CO2/CO/NOx,2025-12-21 03:00:00+01:00,1.7074670324658583
2025,CO2/CO/NOx,2025-12-21 04:00:00+01:00,1.8232123337099913
2025,CO2/CO/NOx,2025-12-21 05:00:00+01:00,1.9235340735941109
2025,CO2/CO/NOx,2025-12-21 06:00:00+01:00,1.9966404740458057
2025,CO2/CO/NOx,2025-12-21 07:00:00+01:00,2.0334673794643225
2025,CO2/CO/NOx,2025-12-21 08:00:00+01:00,2.0204678813335217
2025,CO2/CO/NOx,2025-12-21 09:00:00+01:00,1.9815212402602835
2025,CO2/CO/NOx,2025-12-21 10:00:00+01:00,1.9742051219777315
2025,CO2/CO/NOx,2025-12-21 11:00:00+01:00,1.9601886810127587
2025,CO2/CO/NOx,2025-12-21 12:00:00+01:00,1.9506814124653111
2025,CO2/CO/NOx,2025-12-21 13:00:00+01:00,1.9574224273832581
2025,CO2/CO/NOx,2025-12-21 14:00:00+01:00,1.9828319661381095
2025,CO2/CO/NOx,2025-12-21 15:00:00+01:00,2.0332451366285214
2025,CO2/CO/NOx,2025-12-21 16:00:00+01:00,2.077184102534972
2025,CO2/CO/NOx,2025-12-21 17:00:00+01:00,2.0972856848686425
2025,CO2/CO/NOx,2025-12-21 18:00:00+01:00,2.1293632441786317
2025,CO2/CO/NOx,2025-12-21 19:00:00+01:00,2.1111883700917096
2025,CO2/CO/NOx,2025-12-21 20:00:00+01:00,2.067329436804921
2025,CO2/CO/NOx,2025-12-21 21:00:00+01:00,2.0085941717609734
2025,CO2/CO/NOx,2025-12-21 22:00:00+01:00,1.950667424061342
2025,CO2/CO/NOx,2025-12-21 23:00:00+01:00,1.9073893600011607
2025,CO2/CO/NOx,2025-12-22 00:00:00+01:00,1.8665879803012528
2025,CO2/CO/NOx,2025-12-22 01:00:00+01:00,1.865117000445944
2025,CO2/CO/NOx,2025-12-22 02:00:00+01:00,1.90411945794315
2025,CO2/CO/NOx,2025-12-22 03:00:00+01:00,1.9744692831310646
2025,CO2/CO/NOx,2025-12-22 04:00:00+01:00,2.0372656263409454
2025,CO2/CO/NOx,2025-12-22 05:00:00+01:00,2.1153399035471123
2025,CO2/CO/NOx,2025-12-22 06:00:00+01:00,2.2052903364560845
2025,CO2/CO/NOx,2025-12-22 07:00:00+01:00,2.265431405550475
2025,CO2/CO/NOx,2025-12-22 08:00:00+01:00,2.2951409819902038
2025,CO2/CO/NOx,2025-12-22 09:00:00+01:00,2.282695434826181
2025,CO2/CO/NOx,2025-12-22 10:00:00+01:00,2.2930377431709212
2025,CO2/CO/NOx,2025-12-22 11:00:00+01:00,2.292959960228212
2025,CO2/CO/NOx,2025-12-22 12:00:00+01:00,2.276916056654508
2025,CO2/CO/NOx,2025-12-22 13:00:00+01:00,2.2781960758219233
2025,CO2/CO/NOx,2025-12-22 14:00:00+01:00,2.2947081165636822
2025,CO2/CO/NOx,2025-12-22 15:00:00+01:00,2.327728285952159
2025,CO2/CO/NOx,2025-12-22 16:00:00+01:00,2.3134383811122854
2025,CO2/CO/NOx,2025-12-22 17:00:00+01:00,2.2903202974237797
2025,CO2/CO/NOx,2025-12-22 18:00:00+01:00,2.269473727823931
2025,CO2/CO/NOx,2025-12-22 19:00:00+01:00,2.2186668142809394
2025,CO2/CO/NOx,2025-12-22 20:00:00+01:00,2.1492519117717825
2025,CO2/CO/NOx,2025-12-22 21:00:00+01:00,2.086358965181287
2025,CO2/CO/NOx,2025-12-22 22:00:00+01:00,2.0218454324089006
2025,CO2/CO/NOx,2025-12-22 23:00:00+01:00,1.9645002321061236
2025,CO2/CO/NOx,2025-12-23 00:00:00+01:00,1.880520783162755
2025,CO2/CO/NOx,2025-12-23 01:00:00+01:00,1.824336207006269
2025,CO2/CO/NOx,2025-12-23 02:00:00+01:00,1.8183724285676581
2025,CO2/CO/NOx,2025-12-23 03:00:00+01:00,1.8415097881645988
2025,CO2/CO/NOx,2025-12-23 04:00:00+01:00,1.889013015016261
2025,CO2/CO/NOx,2025-12-23 05:00:00+01:00,1.9694827755021271
2025,CO2/CO/NOx,2025-12-23 06:00:00+01:00,2.0823798860566365
2025,CO2/CO/NOx,2025-12-23 07:00:00+01:00,2.1514861627851363
2025,CO2/CO/NOx,2025-12-23 08:00:00+01:00,2.180087597495128
2025,CO2/CO/NOx,2025-12-23 09:00:00+01:00,2.1565014575245294
2025,CO2/CO/NOx,2025-12-23 10:00:00+01:00,2.142534945078874
2025,CO2/CO/NOx,2025-12-23 11:00:00+01:00,2.1095586903216756
2025,CO2/CO/NOx,2025-12-23 12:00:00+01:00,2.057785436407071
2025,CO2/CO/NOx,2025-12-23 13:00:00+01:00,2.0298811039002795
2025,CO2/CO/NOx,2025-12-23 14:00:00+01:00,2.0146109097716804
2025,CO2/CO/NOx,2025-12-23 15:00:00+01:00,2.026905447790323
2025,CO2/CO/NOx,2025-12-23 16:00:00+01:00,2.0194454303637657
2025,CO2/CO/NOx,2025-12-23 17:00:00+01:00,2.0035773087833317
2025,CO2/CO/NOx,2025-12-23 18:00:00+01:00,2.0110544960575023
2025,CO2/CO/NOx,2025-12-23 19:00:00+01:00,1.987335557309985
2025,CO2/CO/NOx,2025-12-23 20:00:00+01:00,1.9374841630354844
2025,CO2/CO/NOx,2025-12-23 21:00:00+01:00,1.872366286848209
2025,CO2/CO/NOx,2025-12-23 22:00:00+01:00,1.806946111214721
2025,CO2/CO/NOx,2025-12-23 23:00:00+01:00,1.7465629751260727
2025,CO2/CO/NOx,2025-12-24 00:00:00+01:00,1.670108734174302
2025,CO2/CO/NOx,2025-12-24 01:00:00+01:00,1.6358200148452084
2025,CO2/CO/NOx,2025-12-24 02:00:00+01:00,1.6654605787324928
2025,CO2/CO/NOx,2025-12-24 03:00:00+01:00,1.7522198347837326
2025,CO2/CO/NOx,2025-12-24 04:00:00+01:00,1.844842831950795
2025,CO2/CO/NOx,2025-12-24 05:00:00+01:00,1.955373565303429
2025,CO2/CO/NOx,2025-12-24 06:00:00+01:00,2.0716937274138254
2025,CO2/CO/NOx,2025-12-24 07:00:00+01:00,2.1628759961276978
2025,CO2/CO/NOx,2025-12-24 08:00:00+01:00,2.2155067509353175
2025,CO2/CO/NOx,2025-12-24 09:00:00+01:00,2.206213207504853
2025,CO2/CO/NOx,2025-12-24 10:00:00+01:00,2.20816200956205
2025,CO2/CO/NOx,2025-12-24 11:00:00+01:00,2.1989526673064845
2025,CO2/CO/NOx,2025-12-24 12:00:00+01:00,2.168785135602656
2025,CO2/CO/NOx,2025-12-24 13:00:00+01:00,2.1521189889621613
2025,CO2/CO/NOx,2025-12-24 14:00:00+01:00,2.1499839052072596
2025,CO2/CO/NOx,2025-12-24 15:00:00+01:00,2.1666846104642468
2025,CO2/CO/NOx,2025-12-24 16:00:00+01:00,2.171855135152484
2025,CO2/CO/NOx,2025-12-24 17:00:00+01:00,2.1692713548344473
2025,CO2/CO/NOx,2025-12-24 18:00:00+01:00,2.1861187633287584
2025,CO2/CO/NOx,2025-12-24 19:00:00+01:00,2.177873601840226
2025,CO2/CO/NOx,2025-12-24 20:00:00+01:00,2.145011369533524
2025,CO2/CO/NOx,2025-12-24 21:00:00+01:00,2.0978960249433825
2025,CO2/CO/NOx,2025-12-24 22:00:00+01:00,2.0514730470420837
2025,CO2/CO/NOx,2025-12-24 23:00:00+01:00,2.0099503900010705
2025,CO2/CO/NOx,2025-12-25 00:00:00+01:00,1.957062506382284
2025,CO2/CO/NOx,2025-12-25 01:00:00+01:00,1.9416203334307507
2025,CO2/CO/NOx,2025-12-25 02:00:00+01:00,1.9744389842799728
2025,CO2/CO/NOx,2025-12-25 03:00:00+01:00,2.062249978448419
2025,CO2/CO/NOx,2025-12-25 04:00:00+01:00,2.1499970579683896
2025,CO2/CO/NOx,2025-12-25 05:00:00+01:00,2.240937272813085
2025,CO2/CO/NOx,2025-12-25 06:00:00+01:00,2.3283888979305005
2025,CO2/CO/NOx,2025-12-25 07:00:00+01:00,2.3861964351697456
2025,CO2/CO/NOx,2025-12-25 08:00:00+01:00,2.4195336090099984
2025,CO2/CO/NOx,2025-12-25 09:00:00+01:00,2.408951349163223
2025,CO2/CO/NOx,2025-12-25 10:00:00+01:00,2.4023017562196345
2025,CO2/CO/NOx,2025-12-25 11:00:00+01:00,2.3758273236583674
2025,CO2/CO/NOx,2025-12-25 12:00:00+01:00,2.3294311915588675
2025,CO2/CO/NOx,2025-12-25 13:00:00+01:00,2.2936512773105995
2025,CO2/CO/NOx,2025-12-25 14:00:00+01:00,2.2803315973316742
2025,CO2/CO/NOx,2025-12-25 15:00:00+01:00,2.309811305623261
2025,CO2/CO/NOx,2025-12-25 16:00:00+01:00,2.3340753071518514
2025,CO2/CO/NOx,2025-12-25 17:00:00+01:00,2.354335021236218
2025,CO2/CO/NOx,2025-12-25 18:00:00+01:00,2.3769134501126223
2025,CO2/CO/NOx,2025-12-25 19:00:00+01:00,2.3585564997889064
2025,CO2/CO/NOx,2025-12-25 20:00:00+01:00,2.2887012995029243
2025,CO2/CO/NOx,2025-12-25 21:00:00+01:00,2.1863104404186187
2025,CO2/CO/NOx,2025-12-25 22:00:00+01:00,2.0841849179034977
2025,CO2/CO/NOx,2025-12-25 23:00:00+01:00,2.0109032050824256
2025,CO2/CO/NOx,2025-12-26 00:00:00+01:00,1.9361943038245328
2025,CO2/CO/NOx,2025-12-26 01:00:00+01:00,1.9218487938812339
2025,CO2/CO/NOx,2025-12-26 02:00:00+01:00,1.966838804089099
2025,CO2/CO/NOx,2025-12-26 03:00:00+01:00,2.0716352837789067
2025,CO2/CO/NOx,2025-12-26 04:00:00+01:00,2.187966481119755
2025,CO2/CO/NOx,2025-12-26 05:00:00+01:00,2.2987791006299236
2025,CO2/CO/NOx,2025-12-26 06:00:00+01:00,2.4006451987097557
2025,CO2/CO/NOx,2025-12-26 07:00:00+01:00,2.4651978036931936
2025,CO2/CO/NOx,2025-12-26 08:00:00+01:00,2.4721170509423476
2025,CO2/CO/NOx,2025-12-26 09:00:00+01:00,2.418309886047958
2025,CO2/CO/NOx,2025-12-26 10:00:00+01:00,2.396654686514294
2025,CO2/CO/NOx,2025-12-26 11:00:00+01:00,2.373109300130118
2025,CO2/CO/NOx,2025-12-26 12:00:00+01:00,2.342324352266773
2025,CO2/CO/NOx,2025-12-26 13:00:00+01:00,2.319578656435245
2025,CO2/CO/NOx,2025-12-26 14:00:00+01:00,2.3200430647648567
2025,CO2/CO/NOx,2025-12-26 15:00:00+01:00,2.3540259650867776
2025,CO2/CO/NOx,2025-12-26 16:00:00+01:00,2.37409796274462
2025,CO2/CO/NOx,2025-12-26 17:00:00+01:00,2.3818478589088152
2025,CO2/CO/NOx,2025-12-26 18:00:00+01:00,2.415141240690805
2025,CO2/CO/NOx,2025-12-26 19:00:00+01:00,2.409428182764666
2025,CO2/CO/NOx,2025-12-26 20:00:00+01:00,2.3511210793759547
2025,CO2/CO/NOx,2025-12-26 21:00:00+01:00,2.2511269079400034
2025,CO2/CO/NOx,2025-12-26 22:00:00+01:00,2.1395747987794933
2025,CO2/CO/NOx,2025-12-26 23:00:00+01:00,2.03461263622673
2025,CO2/CO/NOx,2025-12-27 00:00:00+01:00,1.9325200903445923
2025,CO2/CO/NOx,2025-12-27 01:00:00+01:00,1.868904122695606
2025,CO2/CO/NOx,2025-12-27 02:00:00+01:00,1.886994062606858
2025,CO2/CO/NOx,2025-12-27 03:00:00+01:00,1.9487247582212734
2025,CO2/CO/NOx,2025-12-27 04:00:00+01:00,2.013805135035318
2025,CO2/CO/NOx,2025-12-27 05:00:00+01:00,2.0782934564294355
2025,CO2/CO/NOx,2025-12-27 06:00:00+01:00,2.1402643116077704
2025,CO2/CO/NOx,2025-12-27 07:00:00+01:00,2.1908183367303415
2025,CO2/CO/NOx,2025-12-27 08:00:00+01:00,2.2097235857250235
2025,CO2/CO/NOx,2025-12-27 09:00:00+01:00,2.2008659141953744
2025,CO2/CO/NOx,2025-12-27 10:00:00+01:00,2.206874904488395
2025,CO2/CO/NOx,2025-12-27 11:00:00+01:00,2.220262643841028
2025,CO2/CO/NOx,2025-12-27 12:00:00+01:00,2.202636597292426
2025,CO2/CO/NOx,2025-12-27 13:00:00+01:00,2.2034705415459523
2025,CO2/CO/NOx,2025-12-27 14:00:00+01:00,2.212326099533367
2025,CO2/CO/NOx,2025-12-27 15:00:00+01:00,2.234255631708524
2025,CO2/CO/NOx,2025-12-27 16:00:00+01:00,2.2390011085319093
2025,CO2/CO/NOx,2025-12-27 17:00:00+01:00,2.2226950419894846
2025,CO2/CO/NOx,2025-12-27 18:00:00+01:00,2.212168707579626
2025,CO2/CO/NOx,2025-12-27 19:00:00+01:00,2.1839187529363295
2025,CO2/CO/NOx,2025-12-27 20:00:00+01:00,2.1160359647924083
2025,CO2/CO/NOx,2025-12-27 21:00:00+01:00,2.054010767777443
2025,CO2/CO/NOx,2025-12-27 22:00:00+01:00,2.0022548136909744
2025,CO2/CO/NOx,2025-12-27 23:00:00+01:00,1.9533012237507565
2025,CO2/CO/NOx,2025-12-28 00:00:00+01:00,1.8970955458521077
2025,CO2/CO/NOx,2025-12-28 01:00:00+01:00,1.8682317609372077
2025,CO2/CO/NOx,2025-12-28 02:00:00+01:00,1.8723213974148656
2025,CO2/CO/NOx,2025-12-28 03:00:00+01:00,1.9217309997436987
2025,CO2/CO/NOx,2025-12-28 04:00:00+01:00,1.9821536293301787
2025,CO2/CO/NOx,2025-12-28 05:00:00+01:00,2.0308911932788107
2025,CO2/CO/NOx,2025-12-28 06:00:00+01:00,2.091728339325758
2025,CO2/CO/NOx,2025-12-28 07:00:00+01:00,2.1338924080989035
2025,CO2/CO/NOx,2025-12-28 08:00:00+01:00,2.1505317043337917
2025,CO2/CO/NOx,2025-12-28 09:00:00+01:00,2.1269839211248622
2025,CO2/CO/NOx,2025-12-28 10:00:00+01:00,2.135787949594282
2025,CO2/CO/NOx,2025-12-28 11:00:00+01:00,2.1438751110182266
2025,CO2/CO/NOx,2025-12-28 12:00:00+01:00,2.151320511228151
2025,CO2/CO/NOx,2025-12-28 13:00:00+01:00,2.1760541005053784
2025,CO2/CO/NOx,2025-12-28 14:00:00+01:00,2.2075641059741353
2025,CO2/CO/NOx,2025-12-28 15:00:00+01:00,2.2399927165944002
2025,CO2/CO/NOx,2025-12-28 16:00:00+01:00,2.2523848767755807
2025,CO2/CO/NOx,2025-12-28 17:00:00+01:00,2.251340932548596
2025,CO2/CO/NOx,2025-12-28 18:00:00+01:00,2.2297545587674774
2025,CO2/CO/NOx,2025-12-28 19:00:00+01:00,2.1968303576017254
2025,CO2/CO/NOx,2025-12-28 20:00:00+01:00,2.143910740130573
2025,CO2/CO/NOx,2025-12-28 21:00:00+01:00,2.082346074697533
2025,CO2/CO/NOx,2025-12-28 22:00:00+01:00,2.032256601692331
2025,CO2/CO/NOx,2025-12-28 23:00:00+01:00,1.9971254216455854
2025,CO2/CO/NOx,2025-12-29 00:00:00+01:00,1.9493412851802476
2025,CO2/CO/NOx,2025-12-29 01:00:00+01:00,1.9489782774537265
2025,CO2/CO/NOx,2025-12-29 02:00:00+01:00,1.9967007376619441
2025,CO2/CO/NOx,2025-12-29 03:00:00+01:00,2.0729944032373897
2025,CO2/CO/NOx,2025-12-29 04:00:00+01:00,2.1693554159811184
2025,CO2/CO/NOx,2025-12-29 05:00:00+01:00,2.2807739655876818
2025,CO2/CO/NOx,2025-12-29 06:00:00+01:00,2.401675666215359
2025,CO2/CO/NOx,2025-12-29 07:00:00+01:00,2.4721310522450692
2025,CO2/CO/NOx,2025-12-29 08:00:00+01:00,2.4827650405740482
2025,CO2/CO/NOx,2025-12-29 09:00:00+01:00,2.4185387673393715
2025,CO2/CO/NOx,2025-12-29 10:00:00+01:00,2.3846335176050344
2025,CO2/CO/NOx,2025-12-29 11:00:00+01:00,2.3404631898663784
2025,CO2/CO/NOx,2025-12-29 12:00:00+01:00,2.2968465247879433
2025,CO2/CO/NOx,2025-12-29 13:00:00+01:00,2.2774228409149484
2025,CO2/CO/NOx,2025-12-29 14:00:00+01:00,2.2858720456783903
2025,CO2/CO/NOx,2025-12-29 15:00:00+01:00,2.3330379755595896
2025,CO2/CO/NOx,2025-12-29 16:00:00+01:00,2.3446466401387673
2025,CO2/CO/NOx,2025-12-29 17:00:00+01:00,2.333854861874044
2025,CO2/CO/NOx,2025-12-29 18:00:00+01:00,2.32151231217523
2025,CO2/CO/NOx,2025-12-29 19:00:00+01:00,2.279712482020187
2025,CO2/CO/NOx,2025-12-29 20:00:00+01:00,2.21648526402748
2025,CO2/CO/NOx,2025-12-29 21:00:00+01:00,2.1490749598795165
2025,CO2/CO/NOx,2025-12-29 22:00:00+01:00,2.0823434067013453
2025,CO2/CO/NOx,2025-12-29 23:00:00+01:00,2.0265077379558605
2025,CO2/CO/NOx,2025-12-30 00:00:00+01:00,1.9521903181410314
2025,CO2/CO/NOx,2025-12-30 01:00:00+01:00,1.937859223084858
2025,CO2/CO/NOx,2025-12-30 02:00:00+01:00,1.9867421295799743
2025,CO2/CO/NOx,2025-12-30 03:00:00+01:00,2.088458764486934
2025,CO2/CO/NOx,2025-12-30 04:00:00+01:00,2.184001892464686
2025,CO2/CO/NOx,2025-12-30 05:00:00+01:00,2.2969389421569155
2025,CO2/CO/NOx,2025-12-30 06:00:00+01:00,2.407633395127356
2025,CO2/CO/NOx,2025-12-30 07:00:00+01:00,2.473529109436633
2025,CO2/CO/NOx,2025-12-30 08:00:00+01:00,2.4834919663941335
2025,CO2/CO/NOx,2025-12-30 09:00:00+01:00,2.4276096015570356
2025,CO2/CO/NOx,2025-12-30 10:00:00+01:00,2.408422323551494
2025,CO2/CO/NOx,2025-12-30 11:00:00+01:00,2.3855878782891193
2025,CO2/CO/NOx,2025-12-30 12:00:00+01:00,2.35913108543478
2025,CO2/CO/NOx,2025-12-30 13:00:00+01:00,2.346980555779572
2025,CO2/CO/NOx,2025-12-30 14:00:00+01:00,2.358901304763672
2025,CO2/CO/NOx,2025-12-30 15:00:00+01:00,2.383537197901078
2025,CO2/CO/NOx,2025-12-30 16:00:00+01:00,2.3803155926469057
2025,CO2/CO/NOx,2025-12-30 17:00:00+01:00,2.348435502131545
2025,CO2/CO/NOx,2025-12-30 18:00:00+01:00,2.3509171889108944
2025,CO2/CO/NOx,2025-12-30 19:00:00+01:00,2.3227502874411936
2025,CO2/CO/NOx,2025-12-30 20:00:00+01:00,2.267236463874056
2025,CO2/CO/NOx,2025-12-30 21:00:00+01:00,2.1974393949731157
2025,CO2/CO/NOx,2025-12-30 22:00:00+01:00,2.1150258088518816
2025,CO2/CO/NOx,2025-12-30 23:00:00+01:00,2.0324991711655134
2025,CO2/CO/NOx,2025-12-31 00:00:00+01:00,1.9262590011426575
2025,CO2/CO/NOx,2025-12-31 01:00:00+01:00,1.8729282863240257
2025,CO2/CO/NOx,2025-12-31 02:00:00+01:00,1.8719118916506896
2025,CO2/CO/NOx,2025-12-31 03:00:00+01:00,1.9637681523860917
2025,CO2/CO/NOx,2025-12-31 04:00:00+01:00,2.0926581237004376
2025,CO2/CO/NOx,2025-12-31 05:00:00+01:00,2.230444290253114
2025,CO2/CO/NOx,2025-12-31 06:00:00+01:00,2.3793412407499845
2025,CO2/CO/NOx,2025-12-31 07:00:00+01:00,2.4749624889311552
2025,CO2/CO/NOx,2025-12-31 08:00:00+01:00,2.4983576666068816
2025,CO2/CO/NOx,2025-12-31 09:00:00+01:00,2.4313170596831375
2025,CO2/CO/NOx,2025-12-31 10:00:00+01:00,2.375000442565507
2025,CO2/CO/NOx,2025-12-31 11:00:00+01:00,2.3165883346402762
2025,CO2/CO/NOx,2025-12-31 12:00:00+01:00,2.2650213032542035
2025,CO2/CO/NOx,2025-12-31 13:00:00+01:00,2.276827887200871
2025,CO2/CO/NOx,2025-12-31 14:00:00+01:00,2.3029675539911416
2025,CO2/CO/NOx,2025-12-31 15:00:00+01:00,2.384772481022766
2025,CO2/CO/NOx,2025-12-31 16:00:00+01:00,2.4414581576388423
2025,CO2/CO/NOx,2025-12-31 17:00:00+01:00,2.466997753215956
2025,CO2/CO/NOx,2025-12-31 18:00:00+01:00,2.435109785190429
2025,CO2/CO/NOx,2025-12-31 19:00:00+01:00,2.4095475798662536
2025,CO2/CO/NOx,2025-12-31 20:00:00+01:00,2.3444685038447552
2025,CO2/CO/NOx,2025-12-31 21:00:00+01:00,2.2675732946880025
2025,CO2/CO/NOx,2025-12-31 22:00:00+01:00,2.18701005723074
2025,CO2/CO/NOx,2025-12-31 23:00:00+01:00,2.1109268963077144
