year,component,timestamp,scaling_factor
2021,CO2/CO/NOx,2021-01-01 00:00:00+01:00,1.5615181905584075
2021,CO2/CO/NOx,2021-01-01 01:00:00+01:00,1.5473491713492251
2021,CO2/CO/NOx,2021-01-01 02:00:00+01:00,1.5938493661077104
2021,CO2/CO/NOx,2021-01-01 03:00:00+01:00,1.683592477356816
2021,CO2/CO/NOx,2021-01-01 04:00:00+01:00,1.7991522076194952
2021,CO2/CO/NOx,2021-01-01 05:00:00+01:00,1.976975671512106
2021,CO2/CO/NOx,2021-01-01 06:00:00+01:00,2.0831838530468234
2021,CO2/CO/NOx,2021-01-01 07:00:00+01:00,2.147645039426779
2021,CO2/CO/NOx,2021-01-01 08:00:00+01:00,2.1450911186656834
2021,CO2/CO/NOx,2021-01-01 09:00:00+01:00,2.051606245250297
2021,CO2/CO/NOx,2021-01-01 10:00:00+01:00,1.9610225434174824
2021,CO2/CO/NOx,2021-01-01 11:00:00+01:00,1.869078232128169
2021,CO2/CO/NOx,2021-01-01 12:00:00+01:00,1.7869841771584682
2021,CO2/CO/NOx,2021-01-01 13:00:00+01:00,1.7728863970155704
2021,CO2/CO/NOx,2021-01-01 14:00:00+01:00,1.8168889131003905
2021,CO2/CO/NOx,2021-01-01 15:00:00+01:00,1.9024242085727772
2021,CO2/CO/NOx,2021-01-01 16:00:00+01:00,1.9790483160910224
2021,CO2/CO/NOx,2021-01-01 17:00:00+01:00,2.0217632779825734
2021,CO2/CO/NOx,2021-01-01 18:00:00+01:00,2.0393800790320347
2021,CO2/CO/NOx,2021-01-01 19:00:00+01:00,2.0013515610199692
2021,CO2/CO/NOx,2021-01-01 20:00:00+01:00,1.9139654966487287
2021,CO2/CO/NOx,2021-01-01 21:00:00+01:00,1.795494369492439
2021,CO2/CO/NOx,2021-01-01 22:00:00+01:00,1.6947929073791803
2021,CO2/CO/NOx,2021-01-01 23:00:00+01:00,1.6125992712423591
2021,CO2/CO/NOx,2021-01-02 00:00:00+01:00,1.535550345644554
2021,CO2/CO/NOx,2021-01-02 01:00:00+01:00,1.4982633799894263
2021,CO2/CO/NOx,2021-01-02 02:00:00+01:00,1.5255402431615377
2021,CO2/CO/NOx,2021-01-02 03:00:00+01:00,1.5866315029315963
2021,CO2/CO/NOx,2021-01-02 04:00:00+01:00,1.6462813581589173
2021,CO2/CO/NOx,2021-01-02 05:00:00+01:00,1.7162920743525816
2021,CO2/CO/NOx,2021-01-02 06:00:00+01:00,1.7877012993722348
2021,CO2/CO/NOx,2021-01-02 07:00:00+01:00,1.8481183334385944
2021,CO2/CO/NOx,2021-01-02 08:00:00+01:00,1.8842590868524183
2021,CO2/CO/NOx,2021-01-02 09:00:00+01:00,1.8821008096176546
2021,CO2/CO/NOx,2021-01-02 10:00:00+01:00,1.8889048431777369
2021,CO2/CO/NOx,2021-01-02 11:00:00+01:00,1.8943018389338757
2021,CO2/CO/NOx,2021-01-02 12:00:00+01:00,1.8806083305641004
2021,CO2/CO/NOx,2021-01-02 13:00:00+01:00,1.8871735635508162
2021,CO2/CO/NOx,2021-01-02 14:00:00+01:00,1.8998840245290243
2021,CO2/CO/NOx,2021-01-02 15:00:00+01:00,1.9195444220629974
2021,CO2/CO/NOx,2021-01-02 16:00:00+01:00,1.9197944815712955
2021,CO2/CO/NOx,2021-01-02 17:00:00+01:00,1.915372110118023
2021,CO2/CO/NOx,2021-01-02 18:00:00+01:00,1.91858804455304
2021,CO2/CO/NOx,2021-01-02 19:00:00+01:00,1.8939046032965459
2021,CO2/CO/NOx,2021-01-02 20:00:00+01:00,1.837311813000174
2021,CO2/CO/NOx,2021-01-02 21:00:00+01:00,1.7737331592506298
2021,CO2/CO/NOx,2021-01-02 22:00:00+01:00,1.722749510286627
2021,CO2/CO/NOx,2021-01-02 23:00:00+01:00,1.6796996157233481
2021,CO2/CO/NOx,2021-01-03 00:00:00+01:00,1.6266326114024323
2021,CO2/CO/NOx,2021-01-03 01:00:00+01:00,1.6207078923175784
2021,CO2/CO/NOx,2021-01-03 02:00:00+01:00,1.6758205884371287
2021,CO2/CO/NOx,2021-01-03 03:00:00+01:00,1.7640641189625725
2021,CO2/CO/NOx,2021-01-03 04:00:00+01:00,1.841593545434288
2021,CO2/CO/NOx,2021-01-03 05:00:00+01:00,1.911974571581259
2021,CO2/CO/NOx,2021-01-03 06:00:00+01:00,1.9817847685592085
2021,CO2/CO/NOx,2021-01-03 07:00:00+01:00,2.0251919090171002
2021,CO2/CO/NOx,2021-01-03 08:00:00+01:00,2.0378205300137426
2021,CO2/CO/NOx,2021-01-03 09:00:00+01:00,2.015460093654416
2021,CO2/CO/NOx,2021-01-03 10:00:00+01:00,2.034235981327507
2021,CO2/CO/NOx,2021-01-03 11:00:00+01:00,2.0481263761360524
2021,CO2/CO/NOx,2021-01-03 12:00:00+01:00,2.042491526383603
2021,CO2/CO/NOx,2021-01-03 13:00:00+01:00,2.027268835601736
2021,CO2/CO/NOx,2021-01-03 14:00:00+01:00,2.0018442034765194
2021,CO2/CO/NOx,2021-01-03 15:00:00+01:00,1.9775026833404592
2021,CO2/CO/NOx,2021-01-03 16:00:00+01:00,1.9374845056446497
2021,CO2/CO/NOx,2021-01-03 17:00:00+01:00,1.8999773215009514
2021,CO2/CO/NOx,2021-01-03 18:00:00+01:00,1.8845280147710644
2021,CO2/CO/NOx,2021-01-03 19:00:00+01:00,1.8648577117495424
2021,CO2/CO/NOx,2021-01-03 20:00:00+01:00,1.8368634029722684
2021,CO2/CO/NOx,2021-01-03 21:00:00+01:00,1.805887037101623
2021,CO2/CO/NOx,2021-01-03 22:00:00+01:00,1.7746981616318183
2021,CO2/CO/NOx,2021-01-03 23:00:00+01:00,1.7514379845731294
2021,CO2/CO/NOx,2021-01-04 00:00:00+01:00,1.7167204899629172
2021,CO2/CO/NOx,2021-01-04 01:00:00+01:00,1.7245149336712888
2021,CO2/CO/NOx,2021-01-04 02:00:00+01:00,1.7743591675162351
2021,CO2/CO/NOx,2021-01-04 03:00:00+01:00,1.8469129009536447
2021,CO2/CO/NOx,2021-01-04 04:00:00+01:00,1.921643969192004
2021,CO2/CO/NOx,2021-01-04 05:00:00+01:00,1.9991378777255702
2021,CO2/CO/NOx,2021-01-04 06:00:00+01:00,2.0739273693099496
2021,CO2/CO/NOx,2021-01-04 07:00:00+01:00,2.121622283594907
2021,CO2/CO/NOx,2021-01-04 08:00:00+01:00,2.131999668585691
2021,CO2/CO/NOx,2021-01-04 09:00:00+01:00,2.0952373625068352
2021,CO2/CO/NOx,2021-01-04 10:00:00+01:00,2.0802316769557576
2021,CO2/CO/NOx,2021-01-04 11:00:00+01:00,2.0590603700396324
2021,CO2/CO/NOx,2021-01-04 12:00:00+01:00,2.0350277288055683
2021,CO2/CO/NOx,2021-01-04 13:00:00+01:00,2.0331886461620003
2021,CO2/CO/NOx,2021-01-04 14:00:00+01:00,2.0462746146941835
2021,CO2/CO/NOx,2021-01-04 15:00:00+01:00,2.085805657874492
2021,CO2/CO/NOx,2021-01-04 16:00:00+01:00,2.1100985560531615
2021,CO2/CO/NOx,2021-01-04 17:00:00+01:00,2.1229818872738737
2021,CO2/CO/NOx,2021-01-04 18:00:00+01:00,2.1427213709956705
2021,CO2/CO/NOx,2021-01-04 19:00:00+01:00,2.1244204087774814
2021,CO2/CO/NOx,2021-01-04 20:00:00+01:00,2.078728912668916
2021,CO2/CO/NOx,2021-01-04 21:00:00+01:00,2.016816493705136
2021,CO2/CO/NOx,2021-01-04 22:00:00+01:00,1.9514219058756805
2021,CO2/CO/NOx,2021-01-04 23:00:00+01:00,1.9052255644376714
2021,CO2/CO/NOx,2021-01-05 00:00:00+01:00,1.858405105739451
2021,CO2/CO/NOx,2021-01-05 01:00:00+01:00,1.856824666538841
2021,CO2/CO/NOx,2021-01-05 02:00:00+01:00,1.9088241104298445
2021,CO2/CO/NOx,2021-01-05 03:00:00+01:00,1.9993621778512636
2021,CO2/CO/NOx,2021-01-05 04:00:00+01:00,2.0910942801882464
2021,CO2/CO/NOx,2021-01-05 05:00:00+01:00,2.1903730027502033
2021,CO2/CO/NOx,2021-01-05 06:00:00+01:00,2.276993098113266
2021,CO2/CO/NOx,2021-01-05 07:00:00+01:00,2.3350959745498003
2021,CO2/CO/NOx,2021-01-05 08:00:00+01:00,2.358702198368022
2021,CO2/CO/NOx,2021-01-05 09:00:00+01:00,2.3302997648429655
2021,CO2/CO/NOx,2021-01-05 10:00:00+01:00,2.3207456946336777
2021,CO2/CO/NOx,2021-01-05 11:00:00+01:00,2.3047677325548763
2021,CO2/CO/NOx,2021-01-05 12:00:00+01:00,2.2765372941378925
2021,CO2/CO/NOx,2021-01-05 13:00:00+01:00,2.267360083009471
2021,CO2/CO/NOx,2021-01-05 14:00:00+01:00,2.268232394012631
2021,CO2/CO/NOx,2021-01-05 15:00:00+01:00,2.2856028708212373
2021,CO2/CO/NOx,2021-01-05 16:00:00+01:00,2.2941460097441766
2021,CO2/CO/NOx,2021-01-05 17:00:00+01:00,2.287993703582889
2021,CO2/CO/NOx,2021-01-05 18:00:00+01:00,2.2793343236310935
2021,CO2/CO/NOx,2021-01-05 19:00:00+01:00,2.233720507835404
2021,CO2/CO/NOx,2021-01-05 20:00:00+01:00,2.1657327989317214
2021,CO2/CO/NOx,2021-01-05 21:00:00+01:00,2.084377072825762
2021,CO2/CO/NOx,2021-01-05 22:00:00+01:00,2.0056957152745802
2021,CO2/CO/NOx,2021-01-05 23:00:00+01:00,1.9438083263189003
2021,CO2/CO/NOx,2021-01-06 00:00:00+01:00,1.881635291318951
2021,CO2/CO/NOx,2021-01-06 01:00:00+01:00,1.87299752249659
2021,CO2/CO/NOx,2021-01-06 02:00:00+01:00,1.9171434929132285
2021,CO2/CO/NOx,2021-01-06 03:00:00+01:00,1.9958159316122366
2021,CO2/CO/NOx,2021-01-06 04:00:00+01:00,2.0627309410503023
2021,CO2/CO/NOx,2021-01-06 05:00:00+01:00,2.1533131735121023
2021,CO2/CO/NOx,2021-01-06 06:00:00+01:00,2.2490716580293753
2021,CO2/CO/NOx,2021-01-06 07:00:00+01:00,2.317539633328828
2021,CO2/CO/NOx,2021-01-06 08:00:00+01:00,2.348913291997925
2021,CO2/CO/NOx,2021-01-06 09:00:00+01:00,2.3292844527032686
2021,CO2/CO/NOx,2021-01-06 10:00:00+01:00,2.3262287321976647
2021,CO2/CO/NOx,2021-01-06 11:00:00+01:00,2.3140473976160205
2021,CO2/CO/NOx,2021-01-06 12:00:00+01:00,2.2835956863461186
2021,CO2/CO/NOx,2021-01-06 13:00:00+01:00,2.2553870776082023
2021,CO2/CO/NOx,2021-01-06 14:00:00+01:00,2.2532723048447787
2021,CO2/CO/NOx,2021-01-06 15:00:00+01:00,2.2806756372919024
2021,CO2/CO/NOx,2021-01-06 16:00:00+01:00,2.280836268237229
2021,CO2/CO/NOx,2021-01-06 17:00:00+01:00,2.263174769737384
2021,CO2/CO/NOx,2021-01-06 18:00:00+01:00,2.2521330976538145
2021,CO2/CO/NOx,2021-01-06 19:00:00+01:00,2.2057850209956196
2021,CO2/CO/NOx,2021-01-06 20:00:00+01:00,2.1308339449697753
2021,CO2/CO/NOx,2021-01-06 21:00:00+01:00,2.0461314779917514
2021,CO2/CO/NOx,2021-01-06 22:00:00+01:00,1.9697971965446088
2021,CO2/CO/NOx,2021-01-06 23:00:00+01:00,1.9104805390463833
2021,CO2/CO/NOx,2021-01-07 00:00:00+01:00,1.8544332824976075
2021,CO2/CO/NOx,2021-01-07 01:00:00+01:00,1.8346844587941902
2021,CO2/CO/NOx,2021-01-07 02:00:00+01:00,1.865876709060024
2021,CO2/CO/NOx,2021-01-07 03:00:00+01:00,1.9364060873080091
2021,CO2/CO/NOx,2021-01-07 04:00:00+01:00,2.0059365296104996
2021,CO2/CO/NOx,2021-01-07 05:00:00+01:00,2.0845392244263103
2021,CO2/CO/NOx,2021-01-07 06:00:00+01:00,2.1698937676822907
2021,CO2/CO/NOx,2021-01-07 07:00:00+01:00,2.2122724285798174
2021,CO2/CO/NOx,2021-01-07 08:00:00+01:00,2.2076974017583866
2021,CO2/CO/NOx,2021-01-07 09:00:00+01:00,2.148191788404597
2021,CO2/CO/NOx,2021-01-07 10:00:00+01:00,2.1059150590168954
2021,CO2/CO/NOx,2021-01-07 11:00:00+01:00,2.052707391820351
2021,CO2/CO/NOx,2021-01-07 12:00:00+01:00,1.9968545137585803
2021,CO2/CO/NOx,2021-01-07 13:00:00+01:00,1.975502260432762
2021,CO2/CO/NOx,2021-01-07 14:00:00+01:00,1.9731984878233868
2021,CO2/CO/NOx,2021-01-07 15:00:00+01:00,2.0038664947407336
2021,CO2/CO/NOx,2021-01-07 16:00:00+01:00,2.0213762503241908
2021,CO2/CO/NOx,2021-01-07 17:00:00+01:00,2.027351816059952
2021,CO2/CO/NOx,2021-01-07 18:00:00+01:00,2.0381363262866534
2021,CO2/CO/NOx,2021-01-07 19:00:00+01:00,2.014499312831129
2021,CO2/CO/NOx,2021-01-07 20:00:00+01:00,1.9619600075163115
2021,CO2/CO/NOx,2021-01-07 21:00:00+01:00,1.9008037703603684
2021,CO2/CO/NOx,2021-01-07 22:00:00+01:00,1.8467383999405373
2021,CO2/CO/NOx,2021-01-07 23:00:00+01:00,1.792077789326886
2021,CO2/CO/NOx,2021-01-08 00:00:00+01:00,1.740799173464061
2021,CO2/CO/NOx,2021-01-08 01:00:00+01:00,1.7367493998707408
2021,CO2/CO/NOx,2021-01-08 02:00:00+01:00,1.769317782165091
2021,CO2/CO/NOx,2021-01-08 03:00:00+01:00,1.83477810707686
2021,CO2/CO/NOx,2021-01-08 04:00:00+01:00,1.900717400548201
2021,CO2/CO/NOx,2021-01-08 05:00:00+01:00,1.973563664674001
2021,CO2/CO/NOx,2021-01-08 06:00:00+01:00,2.06039485122643
2021,CO2/CO/NOx,2021-01-08 07:00:00+01:00,2.1043607903210693
2021,CO2/CO/NOx,2021-01-08 08:00:00+01:00,2.0971552229618435
2021,CO2/CO/NOx,2021-01-08 09:00:00+01:00,2.0368099381550664
2021,CO2/CO/NOx,2021-01-08 10:00:00+01:00,1.9966296605668172
2021,CO2/CO/NOx,2021-01-08 11:00:00+01:00,1.9474753017897117
2021,CO2/CO/NOx,2021-01-08 12:00:00+01:00,1.8993321239211012
2021,CO2/CO/NOx,2021-01-08 13:00:00+01:00,1.8953635131730957
2021,CO2/CO/NOx,2021-01-08 14:00:00+01:00,1.917621985321891
2021,CO2/CO/NOx,2021-01-08 15:00:00+01:00,1.9870008445320109
2021,CO2/CO/NOx,2021-01-08 16:00:00+01:00,2.0354783926452056
2021,CO2/CO/NOx,2021-01-08 17:00:00+01:00,2.0656277980342863
2021,CO2/CO/NOx,2021-01-08 18:00:00+01:00,2.094893658710587
2021,CO2/CO/NOx,2021-01-08 19:00:00+01:00,2.0854587476840933
2021,CO2/CO/NOx,2021-01-08 20:00:00+01:00,2.0215889790010064
2021,CO2/CO/NOx,2021-01-08 21:00:00+01:00,1.9276986855009182
2021,CO2/CO/NOx,2021-01-08 22:00:00+01:00,1.8310734618873983
2021,CO2/CO/NOx,2021-01-08 23:00:00+01:00,1.7383532663976453
2021,CO2/CO/NOx,2021-01-09 00:00:00+01:00,1.6627062507231154
2021,CO2/CO/NOx,2021-01-09 01:00:00+01:00,1.6268158938358017
2021,CO2/CO/NOx,2021-01-09 02:00:00+01:00,1.6446617417926563
2021,CO2/CO/NOx,2021-01-09 03:00:00+01:00,1.7139369480848472
2021,CO2/CO/NOx,2021-01-09 04:00:00+01:00,1.7917780854589356
2021,CO2/CO/NOx,2021-01-09 05:00:00+01:00,1.8632404460628107
2021,CO2/CO/NOx,2021-01-09 06:00:00+01:00,1.9263502981941198
2021,CO2/CO/NOx,2021-01-09 07:00:00+01:00,1.9783858249329838
2021,CO2/CO/NOx,2021-01-09 08:00:00+01:00,2.0065552590389
2021,CO2/CO/NOx,2021-01-09 09:00:00+01:00,1.9825877306072486
2021,CO2/CO/NOx,2021-01-09 10:00:00+01:00,1.9646517879159673
2021,CO2/CO/NOx,2021-01-09 11:00:00+01:00,1.9470631853532678
2021,CO2/CO/NOx,2021-01-09 12:00:00+01:00,1.9262353273348074
2021,CO2/CO/NOx,2021-01-09 13:00:00+01:00,1.9346295261326905
2021,CO2/CO/NOx,2021-01-09 14:00:00+01:00,1.9516164454607123
2021,CO2/CO/NOx,2021-01-09 15:00:00+01:00,1.9868462268418947
2021,CO2/CO/NOx,2021-01-09 16:00:00+01:00,2.018146968628882
2021,CO2/CO/NOx,2021-01-09 17:00:00+01:00,2.0327276935184644
2021,CO2/CO/NOx,2021-01-09 18:00:00+01:00,2.0435485641666222
2021,CO2/CO/NOx,2021-01-09 19:00:00+01:00,2.019570911196006
2021,CO2/CO/NOx,2021-01-09 20:00:00+01:00,1.9593860741331455
2021,CO2/CO/NOx,2021-01-09 21:00:00+01:00,1.8916307429889152
2021,CO2/CO/NOx,2021-01-09 22:00:00+01:00,1.8371273986170014
2021,CO2/CO/NOx,2021-01-09 23:00:00+01:00,1.7825644197886354
2021,CO2/CO/NOx,2021-01-10 00:00:00+01:00,1.7141966331874878
2021,CO2/CO/NOx,2021-01-10 01:00:00+01:00,1.6764833777432444
2021,CO2/CO/NOx,2021-01-10 02:00:00+01:00,1.6887287691640793
2021,CO2/CO/NOx,2021-01-10 03:00:00+01:00,1.750022662194245
2021,CO2/CO/NOx,2021-01-10 04:00:00+01:00,1.810349596841872
2021,CO2/CO/NOx,2021-01-10 05:00:00+01:00,1.8801202770569172
2021,CO2/CO/NOx,2021-01-10 06:00:00+01:00,1.9737386075261705
2021,CO2/CO/NOx,2021-01-10 07:00:00+01:00,2.051740501420112
2021,CO2/CO/NOx,2021-01-10 08:00:00+01:00,2.089622444291723
2021,CO2/CO/NOx,2021-01-10 09:00:00+01:00,2.058367770159325
2021,CO2/CO/NOx,2021-01-10 10:00:00+01:00,2.0314895054405837
2021,CO2/CO/NOx,2021-01-10 11:00:00+01:00,1.9951669691566039
2021,CO2/CO/NOx,2021-01-10 12:00:00+01:00,1.9567939942108015
2021,CO2/CO/NOx,2021-01-10 13:00:00+01:00,1.9406193875466753
2021,CO2/CO/NOx,2021-01-10 14:00:00+01:00,1.9400230822796038
2021,CO2/CO/NOx,2021-01-10 15:00:00+01:00,1.9859319026880156
2021,CO2/CO/NOx,2021-01-10 16:00:00+01:00,2.0109678563292785
2021,CO2/CO/NOx,2021-01-10 17:00:00+01:00,2.0265447951585673
2021,CO2/CO/NOx,2021-01-10 18:00:00+01:00,2.044080182024831
2021,CO2/CO/NOx,2021-01-10 19:00:00+01:00,2.0082765508442217
2021,CO2/CO/NOx,2021-01-10 20:00:00+01:00,1.953558869231106
2021,CO2/CO/NOx,2021-01-10 21:00:00+01:00,1.9050267643129817
2021,CO2/CO/NOx,2021-01-10 22:00:00+01:00,1.8704001301369526
2021,CO2/CO/NOx,2021-01-10 23:00:00+01:00,1.8560337588625804
2021,CO2/CO/NOx,2021-01-11 00:00:00+01:00,1.8481183639713252
2021,CO2/CO/NOx,2021-01-11 01:00:00+01:00,1.8770399088885994
2021,CO2/CO/NOx,2021-01-11 02:00:00+01:00,1.9522659139781198
2021,CO2/CO/NOx,2021-01-11 03:00:00+01:00,2.046959643537714
2021,CO2/CO/NOx,2021-01-11 04:00:00+01:00,2.115370402281604
2021,CO2/CO/NOx,2021-01-11 05:00:00+01:00,2.1982878670168127
2021,CO2/CO/NOx,2021-01-11 06:00:00+01:00,2.2910298255940473
2021,CO2/CO/NOx,2021-01-11 07:00:00+01:00,2.344286509394738
2021,CO2/CO/NOx,2021-01-11 08:00:00+01:00,2.3590890599156245
2021,CO2/CO/NOx,2021-01-11 09:00:00+01:00,2.328709678300508
2021,CO2/CO/NOx,2021-01-11 10:00:00+01:00,2.311217199517608
2021,CO2/CO/NOx,2021-01-11 11:00:00+01:00,2.2765741330125198
2021,CO2/CO/NOx,2021-01-11 12:00:00+01:00,2.212195521756127
2021,CO2/CO/NOx,2021-01-11 13:00:00+01:00,2.1820922039318287
2021,CO2/CO/NOx,2021-01-11 14:00:00+01:00,2.17753325984817
2021,CO2/CO/NOx,2021-01-11 15:00:00+01:00,2.211065841006134
2021,CO2/CO/NOx,2021-01-11 16:00:00+01:00,2.2204655925222423
2021,CO2/CO/NOx,2021-01-11 17:00:00+01:00,2.220469042421579
2021,CO2/CO/NOx,2021-01-11 18:00:00+01:00,2.2436253390917464
2021,CO2/CO/NOx,2021-01-11 19:00:00+01:00,2.224197386502747
2021,CO2/CO/NOx,2021-01-11 20:00:00+01:00,2.1743731756390514
2021,CO2/CO/NOx,2021-01-11 21:00:00+01:00,2.0981551056206578
2021,CO2/CO/NOx,2021-01-11 22:00:00+01:00,2.0277080504906966
2021,CO2/CO/NOx,2021-01-11 23:00:00+01:00,1.9782843457086008
2021,CO2/CO/NOx,2021-01-12 00:00:00+01:00,1.9281407819929028
2021,CO2/CO/NOx,2021-01-12 01:00:00+01:00,1.898416402297934
2021,CO2/CO/NOx,2021-01-12 02:00:00+01:00,1.920797142529909
2021,CO2/CO/NOx,2021-01-12 03:00:00+01:00,1.9962679674297903
2021,CO2/CO/NOx,2021-01-12 04:00:00+01:00,2.0671598480331137
2021,CO2/CO/NOx,2021-01-12 05:00:00+01:00,2.133963088998848
2021,CO2/CO/NOx,2021-01-12 06:00:00+01:00,2.1963978392192107
2021,CO2/CO/NOx,2021-01-12 07:00:00+01:00,2.2186127265626454
2021,CO2/CO/NOx,2021-01-12 08:00:00+01:00,2.221762501130449
2021,CO2/CO/NOx,2021-01-12 09:00:00+01:00,2.183050595020202
2021,CO2/CO/NOx,2021-01-12 10:00:00+01:00,2.152832589017063
2021,CO2/CO/NOx,2021-01-12 11:00:00+01:00,2.1323518746133088
2021,CO2/CO/NOx,2021-01-12 12:00:00+01:00,2.115216141806791
2021,CO2/CO/NOx,2021-01-12 13:00:00+01:00,2.1120990178996144
2021,CO2/CO/NOx,2021-01-12 14:00:00+01:00,2.0981653828608486
2021,CO2/CO/NOx,2021-01-12 15:00:00+01:00,2.089988487739464
2021,CO2/CO/NOx,2021-01-12 16:00:00+01:00,2.0571427380785146
2021,CO2/CO/NOx,2021-01-12 17:00:00+01:00,2.0201893338835624
2021,CO2/CO/NOx,2021-01-12 18:00:00+01:00,1.9948047323249922
2021,CO2/CO/NOx,2021-01-12 19:00:00+01:00,1.9453755205686045
2021,CO2/CO/NOx,2021-01-12 20:00:00+01:00,1.9004439868875158
2021,CO2/CO/NOx,2021-01-12 21:00:00+01:00,1.851161979851675
2021,CO2/CO/NOx,2021-01-12 22:00:00+01:00,1.8110706771877585
2021,CO2/CO/NOx,2021-01-12 23:00:00+01:00,1.775176479766321
2021,CO2/CO/NOx,2021-01-13 00:00:00+01:00,1.7344192689094469
2021,CO2/CO/NOx,2021-01-13 01:00:00+01:00,1.7325321983175568
2021,CO2/CO/NOx,2021-01-13 02:00:00+01:00,1.7527420186037899
2021,CO2/CO/NOx,2021-01-13 03:00:00+01:00,1.806254236127148
2021,CO2/CO/NOx,2021-01-13 04:00:00+01:00,1.8663196334055236
2021,CO2/CO/NOx,2021-01-13 05:00:00+01:00,1.9416721793250546
2021,CO2/CO/NOx,2021-01-13 06:00:00+01:00,2.018979578790337
2021,CO2/CO/NOx,2021-01-13 07:00:00+01:00,2.067853222377854
2021,CO2/CO/NOx,2021-01-13 08:00:00+01:00,2.0757500198240293
2021,CO2/CO/NOx,2021-01-13 09:00:00+01:00,2.036892523095408
2021,CO2/CO/NOx,2021-01-13 10:00:00+01:00,2.0003498768832433
2021,CO2/CO/NOx,2021-01-13 11:00:00+01:00,1.9547299036105927
2021,CO2/CO/NOx,2021-01-13 12:00:00+01:00,1.9192413015520497
2021,CO2/CO/NOx,2021-01-13 13:00:00+01:00,1.9189510255844062
2021,CO2/CO/NOx,2021-01-13 14:00:00+01:00,1.940436645382724
2021,CO2/CO/NOx,2021-01-13 15:00:00+01:00,1.9903439976405088
2021,CO2/CO/NOx,2021-01-13 16:00:00+01:00,2.0033217789948004
2021,CO2/CO/NOx,2021-01-13 17:00:00+01:00,1.9912479052723648
2021,CO2/CO/NOx,2021-01-13 18:00:00+01:00,1.978690531777652
2021,CO2/CO/NOx,2021-01-13 19:00:00+01:00,1.9125108238334734
2021,CO2/CO/NOx,2021-01-13 20:00:00+01:00,1.8223727224231543
2021,CO2/CO/NOx,2021-01-13 21:00:00+01:00,1.7195203111809574
2021,CO2/CO/NOx,2021-01-13 22:00:00+01:00,1.6312325252445397
2021,CO2/CO/NOx,2021-01-13 23:00:00+01:00,1.5589390807031456
2021,CO2/CO/NOx,2021-01-14 00:00:00+01:00,1.4925087864228366
2021,CO2/CO/NOx,2021-01-14 01:00:00+01:00,1.4810740042002253
2021,CO2/CO/NOx,2021-01-14 02:00:00+01:00,1.5316446176770162
2021,CO2/CO/NOx,2021-01-14 03:00:00+01:00,1.6307192609567231
2021,CO2/CO/NOx,2021-01-14 04:00:00+01:00,1.717791040746538
2021,CO2/CO/NOx,2021-01-14 05:00:00+01:00,1.804523355553344
2021,CO2/CO/NOx,2021-01-14 06:00:00+01:00,1.8845223969546545
2021,CO2/CO/NOx,2021-01-14 07:00:00+01:00,1.921905064239334
2021,CO2/CO/NOx,2021-01-14 08:00:00+01:00,1.9256736607322378
2021,CO2/CO/NOx,2021-01-14 09:00:00+01:00,1.901424928743537
2021,CO2/CO/NOx,2021-01-14 10:00:00+01:00,1.916885356957789
2021,CO2/CO/NOx,2021-01-14 11:00:00+01:00,1.9400349127730792
2021,CO2/CO/NOx,2021-01-14 12:00:00+01:00,1.955597769699231
2021,CO2/CO/NOx,2021-01-14 13:00:00+01:00,1.9807853248826794
2021,CO2/CO/NOx,2021-01-14 14:00:00+01:00,2.011083773447152
2021,CO2/CO/NOx,2021-01-14 15:00:00+01:00,2.0491973704684576
2021,CO2/CO/NOx,2021-01-14 16:00:00+01:00,2.0529827153195517
2021,CO2/CO/NOx,2021-01-14 17:00:00+01:00,2.04570550053753
2021,CO2/CO/NOx,2021-01-14 18:00:00+01:00,2.058364591322005
2021,CO2/CO/NOx,2021-01-14 19:00:00+01:00,2.041849074111821
2021,CO2/CO/NOx,2021-01-14 20:00:00+01:00,1.9910126081838508
2021,CO2/CO/NOx,2021-01-14 21:00:00+01:00,1.92253201108919
2021,CO2/CO/NOx,2021-01-14 22:00:00+01:00,1.8747241863329864
2021,CO2/CO/NOx,2021-01-14 23:00:00+01:00,1.875163365719606
2021,CO2/CO/NOx,2021-01-15 00:00:00+01:00,1.8502473893963838
2021,CO2/CO/NOx,2021-01-15 01:00:00+01:00,1.8627756749874074
2021,CO2/CO/NOx,2021-01-15 02:00:00+01:00,1.9090355647111752
2021,CO2/CO/NOx,2021-01-15 03:00:00+01:00,1.985915476002025
2021,CO2/CO/NOx,2021-01-15 04:00:00+01:00,2.0490472617244087
2021,CO2/CO/NOx,2021-01-15 05:00:00+01:00,2.107685361243096
2021,CO2/CO/NOx,2021-01-15 06:00:00+01:00,2.179252778646856
2021,CO2/CO/NOx,2021-01-15 07:00:00+01:00,2.2383383105499433
2021,CO2/CO/NOx,2021-01-15 08:00:00+01:00,2.2784006127569625
2021,CO2/CO/NOx,2021-01-15 09:00:00+01:00,2.2474997420435616
2021,CO2/CO/NOx,2021-01-15 10:00:00+01:00,2.2355257455781294
2021,CO2/CO/NOx,2021-01-15 11:00:00+01:00,2.1998591365360673
2021,CO2/CO/NOx,2021-01-15 12:00:00+01:00,2.1456980354901587
2021,CO2/CO/NOx,2021-01-15 13:00:00+01:00,2.142822324607806
2021,CO2/CO/NOx,2021-01-15 14:00:00+01:00,2.1613618498034404
2021,CO2/CO/NOx,2021-01-15 15:00:00+01:00,2.2038492769625537
2021,CO2/CO/NOx,2021-01-15 16:00:00+01:00,2.22974882893651
2021,CO2/CO/NOx,2021-01-15 17:00:00+01:00,2.241249025151872
2021,CO2/CO/NOx,2021-01-15 18:00:00+01:00,2.263813847345119
2021,CO2/CO/NOx,2021-01-15 19:00:00+01:00,2.263651557726465
2021,CO2/CO/NOx,2021-01-15 20:00:00+01:00,2.1901289086501996
2021,CO2/CO/NOx,2021-01-15 21:00:00+01:00,2.078175265492868
2021,CO2/CO/NOx,2021-01-15 22:00:00+01:00,1.9843636512995873
2021,CO2/CO/NOx,2021-01-15 23:00:00+01:00,1.8784014617188516
2021,CO2/CO/NOx,2021-01-16 00:00:00+01:00,1.7640500106393517
2021,CO2/CO/NOx,2021-01-16 01:00:00+01:00,1.7082941740364301
2021,CO2/CO/NOx,2021-01-16 02:00:00+01:00,1.7148119787539668
2021,CO2/CO/NOx,2021-01-16 03:00:00+01:00,1.7869865196311867
2021,CO2/CO/NOx,2021-01-16 04:00:00+01:00,1.8859723885750383
2021,CO2/CO/NOx,2021-01-16 05:00:00+01:00,1.949876449804807
2021,CO2/CO/NOx,2021-01-16 06:00:00+01:00,2.001743195234941
2021,CO2/CO/NOx,2021-01-16 07:00:00+01:00,2.033584413521508
2021,CO2/CO/NOx,2021-01-16 08:00:00+01:00,2.0205629784526487
2021,CO2/CO/NOx,2021-01-16 09:00:00+01:00,1.959884481739304
2021,CO2/CO/NOx,2021-01-16 10:00:00+01:00,1.9552431586000687
2021,CO2/CO/NOx,2021-01-16 11:00:00+01:00,1.968148887812234
2021,CO2/CO/NOx,2021-01-16 12:00:00+01:00,1.985578882919649
2021,CO2/CO/NOx,2021-01-16 13:00:00+01:00,2.0194921558739627
2021,CO2/CO/NOx,2021-01-16 14:00:00+01:00,2.054855065584348
2021,CO2/CO/NOx,2021-01-16 15:00:00+01:00,2.1026128257103776
2021,CO2/CO/NOx,2021-01-16 16:00:00+01:00,2.1208909110680514
2021,CO2/CO/NOx,2021-01-16 17:00:00+01:00,2.101097337604038
2021,CO2/CO/NOx,2021-01-16 18:00:00+01:00,2.0848344355886996
2021,CO2/CO/NOx,2021-01-16 19:00:00+01:00,2.055873839337934
2021,CO2/CO/NOx,2021-01-16 20:00:00+01:00,1.9936827075301324
2021,CO2/CO/NOx,2021-01-16 21:00:00+01:00,1.9119739858351852
2021,CO2/CO/NOx,2021-01-16 22:00:00+01:00,1.8355548695776025
2021,CO2/CO/NOx,2021-01-16 23:00:00+01:00,1.7714863636269116
2021,CO2/CO/NOx,2021-01-17 00:00:00+01:00,1.706392380268654
2021,CO2/CO/NOx,2021-01-17 01:00:00+01:00,1.66565500966282
2021,CO2/CO/NOx,2021-01-17 02:00:00+01:00,1.6754345482608752
2021,CO2/CO/NOx,2021-01-17 03:00:00+01:00,1.7322881057313857
2021,CO2/CO/NOx,2021-01-17 04:00:00+01:00,1.790634901130909
2021,CO2/CO/NOx,2021-01-17 05:00:00+01:00,1.8585554806393685
2021,CO2/CO/NOx,2021-01-17 06:00:00+01:00,1.9205998786301504
2021,CO2/CO/NOx,2021-01-17 07:00:00+01:00,1.9569558475433362
2021,CO2/CO/NOx,2021-01-17 08:00:00+01:00,1.9638047482061507
2021,CO2/CO/NOx,2021-01-17 09:00:00+01:00,1.9627345453031557
2021,CO2/CO/NOx,2021-01-17 10:00:00+01:00,1.9734679738103338
2021,CO2/CO/NOx,2021-01-17 11:00:00+01:00,2.0010720677230296
2021,CO2/CO/NOx,2021-01-17 12:00:00+01:00,2.025743679365246
2021,CO2/CO/NOx,2021-01-17 13:00:00+01:00,2.061134013639244
2021,CO2/CO/NOx,2021-01-17 14:00:00+01:00,2.091234888787469
2021,CO2/CO/NOx,2021-01-17 15:00:00+01:00,2.114741973249648
2021,CO2/CO/NOx,2021-01-17 16:00:00+01:00,2.105374236395965
2021,CO2/CO/NOx,2021-01-17 17:00:00+01:00,2.0939899381003886
2021,CO2/CO/NOx,2021-01-17 18:00:00+01:00,2.1164996030319405
2021,CO2/CO/NOx,2021-01-17 19:00:00+01:00,2.079095722105987
2021,CO2/CO/NOx,2021-01-17 20:00:00+01:00,2.046872741963242
2021,CO2/CO/NOx,2021-01-17 21:00:00+01:00,2.0092275803627913
2021,CO2/CO/NOx,2021-01-17 22:00:00+01:00,1.9639652662781528
2021,CO2/CO/NOx,2021-01-17 23:00:00+01:00,1.9165918446211847
2021,CO2/CO/NOx,2021-01-18 00:00:00+01:00,1.8417972429269247
2021,CO2/CO/NOx,2021-01-18 01:00:00+01:00,1.804855292245998
2021,CO2/CO/NOx,2021-01-18 02:00:00+01:00,1.8171002232666562
2021,CO2/CO/NOx,2021-01-18 03:00:00+01:00,1.8625142455095443
2021,CO2/CO/NOx,2021-01-18 04:00:00+01:00,1.9021487893126765
2021,CO2/CO/NOx,2021-01-18 05:00:00+01:00,1.9644437645144
2021,CO2/CO/NOx,2021-01-18 06:00:00+01:00,2.029070699184655
2021,CO2/CO/NOx,2021-01-18 07:00:00+01:00,2.067899090214642
2021,CO2/CO/NOx,2021-01-18 08:00:00+01:00,2.0689796906461533
2021,CO2/CO/NOx,2021-01-18 09:00:00+01:00,2.018008359795772
2021,CO2/CO/NOx,2021-01-18 10:00:00+01:00,1.9884576933755247
2021,CO2/CO/NOx,2021-01-18 11:00:00+01:00,1.9582817304374691
2021,CO2/CO/NOx,2021-01-18 12:00:00+01:00,1.9238734474154255
2021,CO2/CO/NOx,2021-01-18 13:00:00+01:00,1.9132343908525224
2021,CO2/CO/NOx,2021-01-18 14:00:00+01:00,1.9102275152170838
2021,CO2/CO/NOx,2021-01-18 15:00:00+01:00,1.9350307691303592
2021,CO2/CO/NOx,2021-01-18 16:00:00+01:00,1.9459451437996211
2021,CO2/CO/NOx,2021-01-18 17:00:00+01:00,1.9450386920076146
2021,CO2/CO/NOx,2021-01-18 18:00:00+01:00,1.9517086623696471
2021,CO2/CO/NOx,2021-01-18 19:00:00+01:00,1.9143688050197523
2021,CO2/CO/NOx,2021-01-18 20:00:00+01:00,1.8653198651747878
2021,CO2/CO/NOx,2021-01-18 21:00:00+01:00,1.8007502693288613
2021,CO2/CO/NOx,2021-01-18 22:00:00+01:00,1.7451749888039516
2021,CO2/CO/NOx,2021-01-18 23:00:00+01:00,1.7045699002223218
2021,CO2/CO/NOx,2021-01-19 00:00:00+01:00,1.6603633775910145
2021,CO2/CO/NOx,2021-01-19 01:00:00+01:00,1.6617132947021864
2021,CO2/CO/NOx,2021-01-19 02:00:00+01:00,1.7106034380845367
2021,CO2/CO/NOx,2021-01-19 03:00:00+01:00,1.8002254978104746
2021,CO2/CO/NOx,2021-01-19 04:00:00+01:00,1.8876142762168888
2021,CO2/CO/NOx,2021-01-19 05:00:00+01:00,1.9805678701061529
2021,CO2/CO/NOx,2021-01-19 06:00:00+01:00,2.062243680293394
2021,CO2/CO/NOx,2021-01-19 07:00:00+01:00,2.1211415151868134
2021,CO2/CO/NOx,2021-01-19 08:00:00+01:00,2.119777070095059
2021,CO2/CO/NOx,2021-01-19 09:00:00+01:00,2.0477861229184793
2021,CO2/CO/NOx,2021-01-19 10:00:00+01:00,1.9823772600415213
2021,CO2/CO/NOx,2021-01-19 11:00:00+01:00,1.9022306968470195
2021,CO2/CO/NOx,2021-01-19 12:00:00+01:00,1.8113458391104322
2021,CO2/CO/NOx,2021-01-19 13:00:00+01:00,1.7707943169466178
2021,CO2/CO/NOx,2021-01-19 14:00:00+01:00,1.7640352177417211
2021,CO2/CO/NOx,2021-01-19 15:00:00+01:00,1.7901055788127664
2021,CO2/CO/NOx,2021-01-19 16:00:00+01:00,1.813760795163194
2021,CO2/CO/NOx,2021-01-19 17:00:00+01:00,1.8204100480423029
2021,CO2/CO/NOx,2021-01-19 18:00:00+01:00,1.8243982897494189
2021,CO2/CO/NOx,2021-01-19 19:00:00+01:00,1.7755910002032946
2021,CO2/CO/NOx,2021-01-19 20:00:00+01:00,1.681291035094582
2021,CO2/CO/NOx,2021-01-19 21:00:00+01:00,1.5476988045783884
2021,CO2/CO/NOx,2021-01-19 22:00:00+01:00,1.453830112362897
2021,CO2/CO/NOx,2021-01-19 23:00:00+01:00,1.3893034405376363
2021,CO2/CO/NOx,2021-01-20 00:00:00+01:00,1.3345249630314007
2021,CO2/CO/NOx,2021-01-20 01:00:00+01:00,1.3410359297307834
2021,CO2/CO/NOx,2021-01-20 02:00:00+01:00,1.3998240839780023
2021,CO2/CO/NOx,2021-01-20 03:00:00+01:00,1.4875612733330905
2021,CO2/CO/NOx,2021-01-20 04:00:00+01:00,1.5630085417425847
2021,CO2/CO/NOx,2021-01-20 05:00:00+01:00,1.6339161389607861
2021,CO2/CO/NOx,2021-01-20 06:00:00+01:00,1.6831766142376476
2021,CO2/CO/NOx,2021-01-20 07:00:00+01:00,1.7162356426430936
2021,CO2/CO/NOx,2021-01-20 08:00:00+01:00,1.7043877237012097
2021,CO2/CO/NOx,2021-01-20 09:00:00+01:00,1.6578174210485814
2021,CO2/CO/NOx,2021-01-20 10:00:00+01:00,1.5987049578014583
2021,CO2/CO/NOx,2021-01-20 11:00:00+01:00,1.5010354148727956
2021,CO2/CO/NOx,2021-01-20 12:00:00+01:00,1.3725173039155434
2021,CO2/CO/NOx,2021-01-20 13:00:00+01:00,1.3021719459006873
2021,CO2/CO/NOx,2021-01-20 14:00:00+01:00,1.2873330930234945
2021,CO2/CO/NOx,2021-01-20 15:00:00+01:00,1.3117300114477968
2021,CO2/CO/NOx,2021-01-20 16:00:00+01:00,1.3660627591894283
2021,CO2/CO/NOx,2021-01-20 17:00:00+01:00,1.4466660543132512
2021,CO2/CO/NOx,2021-01-20 18:00:00+01:00,1.5625747831678536
2021,CO2/CO/NOx,2021-01-20 19:00:00+01:00,1.6099517088731186
2021,CO2/CO/NOx,2021-01-20 20:00:00+01:00,1.6179194139839577
2021,CO2/CO/NOx,2021-01-20 21:00:00+01:00,1.576537780633426
2021,CO2/CO/NOx,2021-01-20 22:00:00+01:00,1.5395906148449476
2021,CO2/CO/NOx,2021-01-20 23:00:00+01:00,1.5054365834362937
2021,CO2/CO/NOx,2021-01-21 00:00:00+01:00,1.4266147153738276
2021,CO2/CO/NOx,2021-01-21 01:00:00+01:00,1.3936362421925774
2021,CO2/CO/NOx,2021-01-21 02:00:00+01:00,1.4292656587729098
2021,CO2/CO/NOx,2021-01-21 03:00:00+01:00,1.5389327472341887
2021,CO2/CO/NOx,2021-01-21 04:00:00+01:00,1.6472871686928194
2021,CO2/CO/NOx,2021-01-21 05:00:00+01:00,1.7644121965425383
2021,CO2/CO/NOx,2021-01-21 06:00:00+01:00,1.844465469031648
2021,CO2/CO/NOx,2021-01-21 07:00:00+01:00,1.8367464198528114
2021,CO2/CO/NOx,2021-01-21 08:00:00+01:00,1.7495021606571843
2021,CO2/CO/NOx,2021-01-21 09:00:00+01:00,1.557503794829063
2021,CO2/CO/NOx,2021-01-21 10:00:00+01:00,1.371675792717536
2021,CO2/CO/NOx,2021-01-21 11:00:00+01:00,1.217395566215137
2021,CO2/CO/NOx,2021-01-21 12:00:00+01:00,1.1281035062010236
2021,CO2/CO/NOx,2021-01-21 13:00:00+01:00,1.0871759201084716
2021,CO2/CO/NOx,2021-01-21 14:00:00+01:00,1.119036689192876
2021,CO2/CO/NOx,2021-01-21 15:00:00+01:00,1.2126270868799156
2021,CO2/CO/NOx,2021-01-21 16:00:00+01:00,1.3156688258703373
2021,CO2/CO/NOx,2021-01-21 17:00:00+01:00,1.4106081467021605
2021,CO2/CO/NOx,2021-01-21 18:00:00+01:00,1.4892267867298847
2021,CO2/CO/NOx,2021-01-21 19:00:00+01:00,1.5068663879973203
2021,CO2/CO/NOx,2021-01-21 20:00:00+01:00,1.461026773564877
2021,CO2/CO/NOx,2021-01-21 21:00:00+01:00,1.4033596111564222
2021,CO2/CO/NOx,2021-01-21 22:00:00+01:00,1.2989218091383332
2021,CO2/CO/NOx,2021-01-21 23:00:00+01:00,1.200159445272611
2021,CO2/CO/NOx,2021-01-22 00:00:00+01:00,1.1039170832026204
2021,CO2/CO/NOx,2021-01-22 01:00:00+01:00,1.0840876181881558
2021,CO2/CO/NOx,2021-01-22 02:00:00+01:00,1.121820766509613
2021,CO2/CO/NOx,2021-01-22 03:00:00+01:00,1.205307807672651
2021,CO2/CO/NOx,2021-01-22 04:00:00+01:00,1.2817792601832583
2021,CO2/CO/NOx,2021-01-22 05:00:00+01:00,1.3586506940823107
2021,CO2/CO/NOx,2021-01-22 06:00:00+01:00,1.4451339098728082
2021,CO2/CO/NOx,2021-01-22 07:00:00+01:00,1.4487041284430326
2021,CO2/CO/NOx,2021-01-22 08:00:00+01:00,1.3914311390603888
2021,CO2/CO/NOx,2021-01-22 09:00:00+01:00,1.2760492883158951
2021,CO2/CO/NOx,2021-01-22 10:00:00+01:00,1.1860682680754426
2021,CO2/CO/NOx,2021-01-22 11:00:00+01:00,1.1127541703530281
2021,CO2/CO/NOx,2021-01-22 12:00:00+01:00,1.056023516691945
2021,CO2/CO/NOx,2021-01-22 13:00:00+01:00,1.04316181437753
2021,CO2/CO/NOx,2021-01-22 14:00:00+01:00,1.068324885884868
2021,CO2/CO/NOx,2021-01-22 15:00:00+01:00,1.1331856533948148
2021,CO2/CO/NOx,2021-01-22 16:00:00+01:00,1.2042518188298192
2021,CO2/CO/NOx,2021-01-22 17:00:00+01:00,1.2750181494033632
2021,CO2/CO/NOx,2021-01-22 18:00:00+01:00,1.3509808562474157
2021,CO2/CO/NOx,2021-01-22 19:00:00+01:00,1.3723360673905156
2021,CO2/CO/NOx,2021-01-22 20:00:00+01:00,1.362953489021467
2021,CO2/CO/NOx,2021-01-22 21:00:00+01:00,1.3280160939231613
2021,CO2/CO/NOx,2021-01-22 22:00:00+01:00,1.2841520605954462
2021,CO2/CO/NOx,2021-01-22 23:00:00+01:00,1.2311438807637587
2021,CO2/CO/NOx,2021-01-23 00:00:00+01:00,1.188449633612826
2021,CO2/CO/NOx,2021-01-23 01:00:00+01:00,1.1898025839832669
2021,CO2/CO/NOx,2021-01-23 02:00:00+01:00,1.2201394082745243
2021,CO2/CO/NOx,2021-01-23 03:00:00+01:00,1.2910413493770627
2021,CO2/CO/NOx,2021-01-23 04:00:00+01:00,1.3527246563590885
2021,CO2/CO/NOx,2021-01-23 05:00:00+01:00,1.4302387699721735
2021,CO2/CO/NOx,2021-01-23 06:00:00+01:00,1.518868901574979
2021,CO2/CO/NOx,2021-01-23 07:00:00+01:00,1.5775768708172158
2021,CO2/CO/NOx,2021-01-23 08:00:00+01:00,1.5920121864651633
2021,CO2/CO/NOx,2021-01-23 09:00:00+01:00,1.5683225952567945
2021,CO2/CO/NOx,2021-01-23 10:00:00+01:00,1.536522521136255
2021,CO2/CO/NOx,2021-01-23 11:00:00+01:00,1.4899074607176332
2021,CO2/CO/NOx,2021-01-23 12:00:00+01:00,1.4554793352577138
2021,CO2/CO/NOx,2021-01-23 13:00:00+01:00,1.4475728131486192
2021,CO2/CO/NOx,2021-01-23 14:00:00+01:00,1.464602363349321
2021,CO2/CO/NOx,2021-01-23 15:00:00+01:00,1.5166846976701152
2021,CO2/CO/NOx,2021-01-23 16:00:00+01:00,1.5593447245327805
2021,CO2/CO/NOx,2021-01-23 17:00:00+01:00,1.5939692099770115
2021,CO2/CO/NOx,2021-01-23 18:00:00+01:00,1.6430194204630808
2021,CO2/CO/NOx,2021-01-23 19:00:00+01:00,1.6450244618747436
2021,CO2/CO/NOx,2021-01-23 20:00:00+01:00,1.6232757702826022
2021,CO2/CO/NOx,2021-01-23 21:00:00+01:00,1.591404979047889
2021,CO2/CO/NOx,2021-01-23 22:00:00+01:00,1.5465398758702749
2021,CO2/CO/NOx,2021-01-23 23:00:00+01:00,1.4995658809137842
2021,CO2/CO/NOx,2021-01-24 00:00:00+01:00,1.4443940159729243
2021,CO2/CO/NOx,2021-01-24 01:00:00+01:00,1.4183529011531988
2021,CO2/CO/NOx,2021-01-24 02:00:00+01:00,1.437662184981554
2021,CO2/CO/NOx,2021-01-24 03:00:00+01:00,1.4977935419057673
2021,CO2/CO/NOx,2021-01-24 04:00:00+01:00,1.5519405996013957
2021,CO2/CO/NOx,2021-01-24 05:00:00+01:00,1.620076918456911
2021,CO2/CO/NOx,2021-01-24 06:00:00+01:00,1.6860492874229716
2021,CO2/CO/NOx,2021-01-24 07:00:00+01:00,1.7299488049192195
2021,CO2/CO/NOx,2021-01-24 08:00:00+01:00,1.7581489754763933
2021,CO2/CO/NOx,2021-01-24 09:00:00+01:00,1.745628447829595
2021,CO2/CO/NOx,2021-01-24 10:00:00+01:00,1.7434694380246267
2021,CO2/CO/NOx,2021-01-24 11:00:00+01:00,1.7354463065886636
2021,CO2/CO/NOx,2021-01-24 12:00:00+01:00,1.7219244228860642
2021,CO2/CO/NOx,2021-01-24 13:00:00+01:00,1.7219783406025668
2021,CO2/CO/NOx,2021-01-24 14:00:00+01:00,1.7219550305915652
2021,CO2/CO/NOx,2021-01-24 15:00:00+01:00,1.7390006027165117
2021,CO2/CO/NOx,2021-01-24 16:00:00+01:00,1.7636707813021977
2021,CO2/CO/NOx,2021-01-24 17:00:00+01:00,1.7956724115414162
2021,CO2/CO/NOx,2021-01-24 18:00:00+01:00,1.8354294167235323
2021,CO2/CO/NOx,2021-01-24 19:00:00+01:00,1.8406870467789787
2021,CO2/CO/NOx,2021-01-24 20:00:00+01:00,1.8280929905141703
2021,CO2/CO/NOx,2021-01-24 21:00:00+01:00,1.8077550536843066
2021,CO2/CO/NOx,2021-01-24 22:00:00+01:00,1.7838518999186466
2021,CO2/CO/NOx,2021-01-24 23:00:00+01:00,1.7610495521302725
2021,CO2/CO/NOx,2021-01-25 00:00:00+01:00,1.7213862348036364
2021,CO2/CO/NOx,2021-01-25 01:00:00+01:00,1.7326159046073666
2021,CO2/CO/NOx,2021-01-25 02:00:00+01:00,1.7827041126287355
2021,CO2/CO/NOx,2021-01-25 03:00:00+01:00,1.8644654498257596
2021,CO2/CO/NOx,2021-01-25 04:00:00+01:00,1.9365421962883858
2021,CO2/CO/NOx,2021-01-25 05:00:00+01:00,2.027073265060638
2021,CO2/CO/NOx,2021-01-25 06:00:00+01:00,2.1239736321930005
2021,CO2/CO/NOx,2021-01-25 07:00:00+01:00,2.1911742456255685
2021,CO2/CO/NOx,2021-01-25 08:00:00+01:00,2.212834865892666
2021,CO2/CO/NOx,2021-01-25 09:00:00+01:00,2.1921406085614428
2021,CO2/CO/NOx,2021-01-25 10:00:00+01:00,2.2031563363037403
2021,CO2/CO/NOx,2021-01-25 11:00:00+01:00,2.191556910275384
2021,CO2/CO/NOx,2021-01-25 12:00:00+01:00,2.165836836383426
2021,CO2/CO/NOx,2021-01-25 13:00:00+01:00,2.155598443681312
2021,CO2/CO/NOx,2021-01-25 14:00:00+01:00,2.1577333424076155
2021,CO2/CO/NOx,2021-01-25 15:00:00+01:00,2.1815854790319382
2021,CO2/CO/NOx,2021-01-25 16:00:00+01:00,2.1818697291110456
2021,CO2/CO/NOx,2021-01-25 17:00:00+01:00,2.157290969061112
2021,CO2/CO/NOx,2021-01-25 18:00:00+01:00,2.1598267428547646
2021,CO2/CO/NOx,2021-01-25 19:00:00+01:00,2.1337644716819035
2021,CO2/CO/NOx,2021-01-25 20:00:00+01:00,2.0790341263241228
2021,CO2/CO/NOx,2021-01-25 21:00:00+01:00,2.0018723804333476
2021,CO2/CO/NOx,2021-01-25 22:00:00+01:00,1.9249537572729762
2021,CO2/CO/NOx,2021-01-25 23:00:00+01:00,1.8581856197512703
2021,CO2/CO/NOx,2021-01-26 00:00:00+01:00,1.787671078046556
2021,CO2/CO/NOx,2021-01-26 01:00:00+01:00,1.76287310423738
2021,CO2/CO/NOx,2021-01-26 02:00:00+01:00,1.7831316075958161
2021,CO2/CO/NOx,2021-01-26 03:00:00+01:00,1.8489785020162033
2021,CO2/CO/NOx,2021-01-26 04:00:00+01:00,1.928353367956014
2021,CO2/CO/NOx,2021-01-26 05:00:00+01:00,2.0292320364215897
2021,CO2/CO/NOx,2021-01-26 06:00:00+01:00,2.1277088649501206
2021,CO2/CO/NOx,2021-01-26 07:00:00+01:00,2.1974735880285468
2021,CO2/CO/NOx,2021-01-26 08:00:00+01:00,2.2320258159953577
2021,CO2/CO/NOx,2021-01-26 09:00:00+01:00,2.223830134502649
2021,CO2/CO/NOx,2021-01-26 10:00:00+01:00,2.2250452584909017
2021,CO2/CO/NOx,2021-01-26 11:00:00+01:00,2.215550500539442
2021,CO2/CO/NOx,2021-01-26 12:00:00+01:00,2.1874423923866093
2021,CO2/CO/NOx,2021-01-26 13:00:00+01:00,2.182019649350499
2021,CO2/CO/NOx,2021-01-26 14:00:00+01:00,2.1949718763851855
2021,CO2/CO/NOx,2021-01-26 15:00:00+01:00,2.2363030620367343
2021,CO2/CO/NOx,2021-01-26 16:00:00+01:00,2.248544624801414
2021,CO2/CO/NOx,2021-01-26 17:00:00+01:00,2.238093236358286
2021,CO2/CO/NOx,2021-01-26 18:00:00+01:00,2.2319479846740355
2021,CO2/CO/NOx,2021-01-26 19:00:00+01:00,2.181438710765461
2021,CO2/CO/NOx,2021-01-26 20:00:00+01:00,2.1130665661271295
2021,CO2/CO/NOx,2021-01-26 21:00:00+01:00,2.021886333535206
2021,CO2/CO/NOx,2021-01-26 22:00:00+01:00,1.932401888406726
2021,CO2/CO/NOx,2021-01-26 23:00:00+01:00,1.859614469896044
2021,CO2/CO/NOx,2021-01-27 00:00:00+01:00,1.7971189156419773
2021,CO2/CO/NOx,2021-01-27 01:00:00+01:00,1.7764264561039993
2021,CO2/CO/NOx,2021-01-27 02:00:00+01:00,1.805007882145124
2021,CO2/CO/NOx,2021-01-27 03:00:00+01:00,1.8934314272607586
2021,CO2/CO/NOx,2021-01-27 04:00:00+01:00,1.9923527486456156
2021,CO2/CO/NOx,2021-01-27 05:00:00+01:00,2.094676218095831
2021,CO2/CO/NOx,2021-01-27 06:00:00+01:00,2.1804141389350415
2021,CO2/CO/NOx,2021-01-27 07:00:00+01:00,2.1993765570567585
2021,CO2/CO/NOx,2021-01-27 08:00:00+01:00,2.1583856286067746
2021,CO2/CO/NOx,2021-01-27 09:00:00+01:00,2.0633290701928315
2021,CO2/CO/NOx,2021-01-27 10:00:00+01:00,2.002602928165814
2021,CO2/CO/NOx,2021-01-27 11:00:00+01:00,1.9631332068402234
2021,CO2/CO/NOx,2021-01-27 12:00:00+01:00,1.9587303427507188
2021,CO2/CO/NOx,2021-01-27 13:00:00+01:00,2.0130077400242246
2021,CO2/CO/NOx,2021-01-27 14:00:00+01:00,2.082616415498976
2021,CO2/CO/NOx,2021-01-27 15:00:00+01:00,2.1699517134516726
2021,CO2/CO/NOx,2021-01-27 16:00:00+01:00,2.2018837471844637
2021,CO2/CO/NOx,2021-01-27 17:00:00+01:00,2.2112938345961752
2021,CO2/CO/NOx,2021-01-27 18:00:00+01:00,2.191873172988681
2021,CO2/CO/NOx,2021-01-27 19:00:00+01:00,2.1131529094143864
2021,CO2/CO/NOx,2021-01-27 20:00:00+01:00,1.993053216754485
2021,CO2/CO/NOx,2021-01-27 21:00:00+01:00,1.8627618626286786
2021,CO2/CO/NOx,2021-01-27 22:00:00+01:00,1.7486254435461364
2021,CO2/CO/NOx,2021-01-27 23:00:00+01:00,1.6389187919600399
2021,CO2/CO/NOx,2021-01-28 00:00:00+01:00,1.554541001188864
2021,CO2/CO/NOx,2021-01-28 01:00:00+01:00,1.533100866178697
2021,CO2/CO/NOx,2021-01-28 02:00:00+01:00,1.576979692888216
2021,CO2/CO/NOx,2021-01-28 03:00:00+01:00,1.6456972713101514
2021,CO2/CO/NOx,2021-01-28 04:00:00+01:00,1.705970728389315
2021,CO2/CO/NOx,2021-01-28 05:00:00+01:00,1.7702392868169912
2021,CO2/CO/NOx,2021-01-28 06:00:00+01:00,1.8385975610259062
2021,CO2/CO/NOx,2021-01-28 07:00:00+01:00,1.867920438845986
2021,CO2/CO/NOx,2021-01-28 08:00:00+01:00,1.8598055158322715
2021,CO2/CO/NOx,2021-01-28 09:00:00+01:00,1.8221993440291224
2021,CO2/CO/NOx,2021-01-28 10:00:00+01:00,1.7950158385213277
2021,CO2/CO/NOx,2021-01-28 11:00:00+01:00,1.743891813138574
2021,CO2/CO/NOx,2021-01-28 12:00:00+01:00,1.6785766885434734
2021,CO2/CO/NOx,2021-01-28 13:00:00+01:00,1.6317902917256273
2021,CO2/CO/NOx,2021-01-28 14:00:00+01:00,1.616144607179332
2021,CO2/CO/NOx,2021-01-28 15:00:00+01:00,1.6057628417117276
2021,CO2/CO/NOx,2021-01-28 16:00:00+01:00,1.5683276023662704
2021,CO2/CO/NOx,2021-01-28 17:00:00+01:00,1.524234322509547
2021,CO2/CO/NOx,2021-01-28 18:00:00+01:00,1.499467399321977
2021,CO2/CO/NOx,2021-01-28 19:00:00+01:00,1.4414468846654964
2021,CO2/CO/NOx,2021-01-28 20:00:00+01:00,1.3615700127756925
2021,CO2/CO/NOx,2021-01-28 21:00:00+01:00,1.2738402512079081
2021,CO2/CO/NOx,2021-01-28 22:00:00+01:00,1.2054094140288556
2021,CO2/CO/NOx,2021-01-28 23:00:00+01:00,1.1638697070390438
2021,CO2/CO/NOx,2021-01-29 00:00:00+01:00,1.1136266016879075
2021,CO2/CO/NOx,2021-01-29 01:00:00+01:00,1.0894394234603337
2021,CO2/CO/NOx,2021-01-29 02:00:00+01:00,1.0978749943001869
2021,CO2/CO/NOx,2021-01-29 03:00:00+01:00,1.1435288248286748
2021,CO2/CO/NOx,2021-01-29 04:00:00+01:00,1.1941314663076112
2021,CO2/CO/NOx,2021-01-29 05:00:00+01:00,1.2616528244637346
2021,CO2/CO/NOx,2021-01-29 06:00:00+01:00,1.3230023845288053
2021,CO2/CO/NOx,2021-01-29 07:00:00+01:00,1.3573649640249932
2021,CO2/CO/NOx,2021-01-29 08:00:00+01:00,1.3571973573574176
2021,CO2/CO/NOx,2021-01-29 09:00:00+01:00,1.3229594959600663
2021,CO2/CO/NOx,2021-01-29 10:00:00+01:00,1.2812426002150452
2021,CO2/CO/NOx,2021-01-29 11:00:00+01:00,1.2277520675146403
2021,CO2/CO/NOx,2021-01-29 12:00:00+01:00,1.1736649519668143
2021,CO2/CO/NOx,2021-01-29 13:00:00+01:00,1.1614730325086793
2021,CO2/CO/NOx,2021-01-29 14:00:00+01:00,1.1825979960724229
2021,CO2/CO/NOx,2021-01-29 15:00:00+01:00,1.2314916011639605
2021,CO2/CO/NOx,2021-01-29 16:00:00+01:00,1.2694485307470265
2021,CO2/CO/NOx,2021-01-29 17:00:00+01:00,1.2948082240463705
2021,CO2/CO/NOx,2021-01-29 18:00:00+01:00,1.326047651011834
2021,CO2/CO/NOx,2021-01-29 19:00:00+01:00,1.3165393863841104
2021,CO2/CO/NOx,2021-01-29 20:00:00+01:00,1.2771976905511004
2021,CO2/CO/NOx,2021-01-29 21:00:00+01:00,1.213893787289023
2021,CO2/CO/NOx,2021-01-29 22:00:00+01:00,1.1576188090334747
2021,CO2/CO/NOx,2021-01-29 23:00:00+01:00,1.1118856485293795
2021,CO2/CO/NOx,2021-01-30 00:00:00+01:00,1.0720726568907704
2021,CO2/CO/NOx,2021-01-30 01:00:00+01:00,1.053937180179867
2021,CO2/CO/NOx,2021-01-30 02:00:00+01:00,1.0684597761849932
2021,CO2/CO/NOx,2021-01-30 03:00:00+01:00,1.1298443451647342
2021,CO2/CO/NOx,2021-01-30 04:00:00+01:00,1.1866749570944743
2021,CO2/CO/NOx,2021-01-30 05:00:00+01:00,1.2475148887515612
2021,CO2/CO/NOx,2021-01-30 06:00:00+01:00,1.294384969281769
2021,CO2/CO/NOx,2021-01-30 07:00:00+01:00,1.3205041716146562
2021,CO2/CO/NOx,2021-01-30 08:00:00+01:00,1.3226727671339544
2021,CO2/CO/NOx,2021-01-30 09:00:00+01:00,1.2853649715415718
2021,CO2/CO/NOx,2021-01-30 10:00:00+01:00,1.2464392059552578
2021,CO2/CO/NOx,2021-01-30 11:00:00+01:00,1.207621398411586
2021,CO2/CO/NOx,2021-01-30 12:00:00+01:00,1.191455439830111
2021,CO2/CO/NOx,2021-01-30 13:00:00+01:00,1.2098108591432843
2021,CO2/CO/NOx,2021-01-30 14:00:00+01:00,1.2456528365092112
2021,CO2/CO/NOx,2021-01-30 15:00:00+01:00,1.3077495796795797
2021,CO2/CO/NOx,2021-01-30 16:00:00+01:00,1.3736452055776331
2021,CO2/CO/NOx,2021-01-30 17:00:00+01:00,1.4354848880270383
2021,CO2/CO/NOx,2021-01-30 18:00:00+01:00,1.4962497405232773
2021,CO2/CO/NOx,2021-01-30 19:00:00+01:00,1.5048840521570206
2021,CO2/CO/NOx,2021-01-30 20:00:00+01:00,1.4773087766912951
2021,CO2/CO/NOx,2021-01-30 21:00:00+01:00,1.4296551588900668
2021,CO2/CO/NOx,2021-01-30 22:00:00+01:00,1.373407629000216
2021,CO2/CO/NOx,2021-01-30 23:00:00+01:00,1.3202056291841116
2021,CO2/CO/NOx,2021-01-31 00:00:00+01:00,1.2919147655317718
2021,CO2/CO/NOx,2021-01-31 01:00:00+01:00,1.2969165594009233
2021,CO2/CO/NOx,2021-01-31 02:00:00+01:00,1.3596600702467148
2021,CO2/CO/NOx,2021-01-31 03:00:00+01:00,1.4696517254732082
2021,CO2/CO/NOx,2021-01-31 04:00:00+01:00,1.5730789825284657
2021,CO2/CO/NOx,2021-01-31 05:00:00+01:00,1.6680582345964596
2021,CO2/CO/NOx,2021-01-31 06:00:00+01:00,1.7432333361617713
2021,CO2/CO/NOx,2021-01-31 07:00:00+01:00,1.7839085081896688
2021,CO2/CO/NOx,2021-01-31 08:00:00+01:00,1.800468628124144
2021,CO2/CO/NOx,2021-01-31 09:00:00+01:00,1.7971249148339576
2021,CO2/CO/NOx,2021-01-31 10:00:00+01:00,1.7753591625626381
2021,CO2/CO/NOx,2021-01-31 11:00:00+01:00,1.7546279846904171
2021,CO2/CO/NOx,2021-01-31 12:00:00+01:00,1.7256743931266547
2021,CO2/CO/NOx,2021-01-31 13:00:00+01:00,1.7055368583198889
2021,CO2/CO/NOx,2021-01-31 14:00:00+01:00,1.6953520876590338
2021,CO2/CO/NOx,2021-01-31 15:00:00+01:00,1.7100845930180268
2021,CO2/CO/NOx,2021-01-31 16:00:00+01:00,1.7247521636774747
2021,CO2/CO/NOx,2021-01-31 17:00:00+01:00,1.736892466970435
2021,CO2/CO/NOx,2021-01-31 18:00:00+01:00,1.7767435076304692
2021,CO2/CO/NOx,2021-01-31 19:00:00+01:00,1.7618147482502264
2021,CO2/CO/NOx,2021-01-31 20:00:00+01:00,1.727213895348737
2021,CO2/CO/NOx,2021-01-31 21:00:00+01:00,1.6897949615214591
2021,CO2/CO/NOx,2021-01-31 22:00:00+01:00,1.6557410453272838
2021,CO2/CO/NOx,2021-01-31 23:00:00+01:00,1.6396685434058513
2021,CO2/CO/NOx,2021-02-01 00:00:00+01:00,1.6214748137159252
2021,CO2/CO/NOx,2021-02-01 01:00:00+01:00,1.654411373555857
2021,CO2/CO/NOx,2021-02-01 02:00:00+01:00,1.7049197573432326
2021,CO2/CO/NOx,2021-02-01 03:00:00+01:00,1.794098165551434
2021,CO2/CO/NOx,2021-02-01 04:00:00+01:00,1.855411456912486
2021,CO2/CO/NOx,2021-02-01 05:00:00+01:00,1.9194495044034898
2021,CO2/CO/NOx,2021-02-01 06:00:00+01:00,1.9832370825833818
2021,CO2/CO/NOx,2021-02-01 07:00:00+01:00,2.0042860046336886
2021,CO2/CO/NOx,2021-02-01 08:00:00+01:00,1.9812710369203403
2021,CO2/CO/NOx,2021-02-01 09:00:00+01:00,1.907821433290719
2021,CO2/CO/NOx,2021-02-01 10:00:00+01:00,1.849033450391391
2021,CO2/CO/NOx,2021-02-01 11:00:00+01:00,1.77469787855007
2021,CO2/CO/NOx,2021-02-01 12:00:00+01:00,1.6671760541111604
2021,CO2/CO/NOx,2021-02-01 13:00:00+01:00,1.5909046241187097
2021,CO2/CO/NOx,2021-02-01 14:00:00+01:00,1.5612343903370356
2021,CO2/CO/NOx,2021-02-01 15:00:00+01:00,1.5685815643215064
2021,CO2/CO/NOx,2021-02-01 16:00:00+01:00,1.5816258313629232
2021,CO2/CO/NOx,2021-02-01 17:00:00+01:00,1.598541994391698
2021,CO2/CO/NOx,2021-02-01 18:00:00+01:00,1.6215528657562526
2021,CO2/CO/NOx,2021-02-01 19:00:00+01:00,1.6001615892498124
2021,CO2/CO/NOx,2021-02-01 20:00:00+01:00,1.5400359892328512
2021,CO2/CO/NOx,2021-02-01 21:00:00+01:00,1.4233946520758465
2021,CO2/CO/NOx,2021-02-01 22:00:00+01:00,1.316624685055909
2021,CO2/CO/NOx,2021-02-01 23:00:00+01:00,1.2246458681199868
2021,CO2/CO/NOx,2021-02-02 00:00:00+01:00,1.1243990467352563
2021,CO2/CO/NOx,2021-02-02 01:00:00+01:00,1.0877281206647604
2021,CO2/CO/NOx,2021-02-02 02:00:00+01:00,1.1129934014411038
2021,CO2/CO/NOx,2021-02-02 03:00:00+01:00,1.1828076798927165
2021,CO2/CO/NOx,2021-02-02 04:00:00+01:00,1.2573960812601335
2021,CO2/CO/NOx,2021-02-02 05:00:00+01:00,1.342083340143843
2021,CO2/CO/NOx,2021-02-02 06:00:00+01:00,1.439710322219738
2021,CO2/CO/NOx,2021-02-02 07:00:00+01:00,1.4806002208769273
2021,CO2/CO/NOx,2021-02-02 08:00:00+01:00,1.4675154339959962
2021,CO2/CO/NOx,2021-02-02 09:00:00+01:00,1.3906805586718947
2021,CO2/CO/NOx,2021-02-02 10:00:00+01:00,1.3265616193226437
2021,CO2/CO/NOx,2021-02-02 11:00:00+01:00,1.2595455947287677
2021,CO2/CO/NOx,2021-02-02 12:00:00+01:00,1.1910982817632068
2021,CO2/CO/NOx,2021-02-02 13:00:00+01:00,1.15059305907443
2021,CO2/CO/NOx,2021-02-02 14:00:00+01:00,1.1415145695347886
2021,CO2/CO/NOx,2021-02-02 15:00:00+01:00,1.1701772952264002
2021,CO2/CO/NOx,2021-02-02 16:00:00+01:00,1.1807798513323087
2021,CO2/CO/NOx,2021-02-02 17:00:00+01:00,1.1893608260145658
2021,CO2/CO/NOx,2021-02-02 18:00:00+01:00,1.2034212241648188
2021,CO2/CO/NOx,2021-02-02 19:00:00+01:00,1.1949136712798925
2021,CO2/CO/NOx,2021-02-02 20:00:00+01:00,1.1591136379099267
2021,CO2/CO/NOx,2021-02-02 21:00:00+01:00,1.1000698466574597
2021,CO2/CO/NOx,2021-02-02 22:00:00+01:00,1.0393954341740752
2021,CO2/CO/NOx,2021-02-02 23:00:00+01:00,0.9900084958904863
2021,CO2/CO/NOx,2021-02-03 00:00:00+01:00,0.9443693956803905
2021,CO2/CO/NOx,2021-02-03 01:00:00+01:00,0.9368607828642422
2021,CO2/CO/NOx,2021-02-03 02:00:00+01:00,0.9635173251955936
2021,CO2/CO/NOx,2021-02-03 03:00:00+01:00,1.014952624106509
2021,CO2/CO/NOx,2021-02-03 04:00:00+01:00,1.0674949961501803
2021,CO2/CO/NOx,2021-02-03 05:00:00+01:00,1.1125991039113061
2021,CO2/CO/NOx,2021-02-03 06:00:00+01:00,1.149401593589472
2021,CO2/CO/NOx,2021-02-03 07:00:00+01:00,1.168097316951045
2021,CO2/CO/NOx,2021-02-03 08:00:00+01:00,1.167118733396001
2021,CO2/CO/NOx,2021-02-03 09:00:00+01:00,1.1422857909647885
2021,CO2/CO/NOx,2021-02-03 10:00:00+01:00,1.1273680253999745
2021,CO2/CO/NOx,2021-02-03 11:00:00+01:00,1.1130375227986602
2021,CO2/CO/NOx,2021-02-03 12:00:00+01:00,1.0975982228599837
2021,CO2/CO/NOx,2021-02-03 13:00:00+01:00,1.103809889183991
2021,CO2/CO/NOx,2021-02-03 14:00:00+01:00,1.124292110181958
2021,CO2/CO/NOx,2021-02-03 15:00:00+01:00,1.1616093766131341
2021,CO2/CO/NOx,2021-02-03 16:00:00+01:00,1.1926610809540665
2021,CO2/CO/NOx,2021-02-03 17:00:00+01:00,1.2183106178948848
2021,CO2/CO/NOx,2021-02-03 18:00:00+01:00,1.2370268393442387
2021,CO2/CO/NOx,2021-02-03 19:00:00+01:00,1.2212108093932548
2021,CO2/CO/NOx,2021-02-03 20:00:00+01:00,1.1883414617798478
2021,CO2/CO/NOx,2021-02-03 21:00:00+01:00,1.1364233351242727
2021,CO2/CO/NOx,2021-02-03 22:00:00+01:00,1.0853254941825472
2021,CO2/CO/NOx,2021-02-03 23:00:00+01:00,1.038122436654396
2021,CO2/CO/NOx,2021-02-04 00:00:00+01:00,0.9744676180123664
2021,CO2/CO/NOx,2021-02-04 01:00:00+01:00,0.9553877632191335
2021,CO2/CO/NOx,2021-02-04 02:00:00+01:00,0.9801504695851881
2021,CO2/CO/NOx,2021-02-04 03:00:00+01:00,1.039542847539103
2021,CO2/CO/NOx,2021-02-04 04:00:00+01:00,1.1136408564510196
2021,CO2/CO/NOx,2021-02-04 05:00:00+01:00,1.1926981814731676
2021,CO2/CO/NOx,2021-02-04 06:00:00+01:00,1.2770409281966069
2021,CO2/CO/NOx,2021-02-04 07:00:00+01:00,1.328326893566005
2021,CO2/CO/NOx,2021-02-04 08:00:00+01:00,1.3339586759170032
2021,CO2/CO/NOx,2021-02-04 09:00:00+01:00,1.2779341377046267
2021,CO2/CO/NOx,2021-02-04 10:00:00+01:00,1.2386219191574517
2021,CO2/CO/NOx,2021-02-04 11:00:00+01:00,1.1932071704046787
2021,CO2/CO/NOx,2021-02-04 12:00:00+01:00,1.1501615600526538
2021,CO2/CO/NOx,2021-02-04 13:00:00+01:00,1.1341923349262453
2021,CO2/CO/NOx,2021-02-04 14:00:00+01:00,1.1389175556357916
2021,CO2/CO/NOx,2021-02-04 15:00:00+01:00,1.1768131670629887
2021,CO2/CO/NOx,2021-02-04 16:00:00+01:00,1.206727920086205
2021,CO2/CO/NOx,2021-02-04 17:00:00+01:00,1.2282918133852256
2021,CO2/CO/NOx,2021-02-04 18:00:00+01:00,1.2519169939527943
2021,CO2/CO/NOx,2021-02-04 19:00:00+01:00,1.252336998852582
2021,CO2/CO/NOx,2021-02-04 20:00:00+01:00,1.2251651371301882
2021,CO2/CO/NOx,2021-02-04 21:00:00+01:00,1.1793083252487777
2021,CO2/CO/NOx,2021-02-04 22:00:00+01:00,1.1274138048896436
2021,CO2/CO/NOx,2021-02-04 23:00:00+01:00,1.0737236380626196
2021,CO2/CO/NOx,2021-02-05 00:00:00+01:00,1.0175250526098008
2021,CO2/CO/NOx,2021-02-05 01:00:00+01:00,1.0045183505705522
2021,CO2/CO/NOx,2021-02-05 02:00:00+01:00,1.0300545130615804
2021,CO2/CO/NOx,2021-02-05 03:00:00+01:00,1.0928183524414654
2021,CO2/CO/NOx,2021-02-05 04:00:00+01:00,1.1684373018801062
2021,CO2/CO/NOx,2021-02-05 05:00:00+01:00,1.2509701607767707
2021,CO2/CO/NOx,2021-02-05 06:00:00+01:00,1.3330601343203796
2021,CO2/CO/NOx,2021-02-05 07:00:00+01:00,1.3697828233508673
2021,CO2/CO/NOx,2021-02-05 08:00:00+01:00,1.3573321588876837
2021,CO2/CO/NOx,2021-02-05 09:00:00+01:00,1.3047330134985717
2021,CO2/CO/NOx,2021-02-05 10:00:00+01:00,1.2582126769311797
2021,CO2/CO/NOx,2021-02-05 11:00:00+01:00,1.2036240519013957
2021,CO2/CO/NOx,2021-02-05 12:00:00+01:00,1.1485707000903715
2021,CO2/CO/NOx,2021-02-05 13:00:00+01:00,1.1177493056411283
2021,CO2/CO/NOx,2021-02-05 14:00:00+01:00,1.1097823060987102
2021,CO2/CO/NOx,2021-02-05 15:00:00+01:00,1.1328548674116805
2021,CO2/CO/NOx,2021-02-05 16:00:00+01:00,1.1476539421052474
2021,CO2/CO/NOx,2021-02-05 17:00:00+01:00,1.1619306990761884
2021,CO2/CO/NOx,2021-02-05 18:00:00+01:00,1.196781860108556
2021,CO2/CO/NOx,2021-02-05 19:00:00+01:00,1.2044214977250172
2021,CO2/CO/NOx,2021-02-05 20:00:00+01:00,1.1766542791255394
2021,CO2/CO/NOx,2021-02-05 21:00:00+01:00,1.1296058241556042
2021,CO2/CO/NOx,2021-02-05 22:00:00+01:00,1.0766086476324113
2021,CO2/CO/NOx,2021-02-05 23:00:00+01:00,1.030769079664343
2021,CO2/CO/NOx,2021-02-06 00:00:00+01:00,0.9855016342093984
2021,CO2/CO/NOx,2021-02-06 01:00:00+01:00,0.9727883942544934
2021,CO2/CO/NOx,2021-02-06 02:00:00+01:00,1.0019442102228227
2021,CO2/CO/NOx,2021-02-06 03:00:00+01:00,1.0725212628507088
2021,CO2/CO/NOx,2021-02-06 04:00:00+01:00,1.1411440501205996
2021,CO2/CO/NOx,2021-02-06 05:00:00+01:00,1.1994358822065014
2021,CO2/CO/NOx,2021-02-06 06:00:00+01:00,1.2543525932671769
2021,CO2/CO/NOx,2021-02-06 07:00:00+01:00,1.2970238704294643
2021,CO2/CO/NOx,2021-02-06 08:00:00+01:00,1.3072632955883852
2021,CO2/CO/NOx,2021-02-06 09:00:00+01:00,1.2809747405960161
2021,CO2/CO/NOx,2021-02-06 10:00:00+01:00,1.2697771646868563
2021,CO2/CO/NOx,2021-02-06 11:00:00+01:00,1.245450964287071
2021,CO2/CO/NOx,2021-02-06 12:00:00+01:00,1.1956156385841694
2021,CO2/CO/NOx,2021-02-06 13:00:00+01:00,1.1738514581918058
2021,CO2/CO/NOx,2021-02-06 14:00:00+01:00,1.1711972585960368
2021,CO2/CO/NOx,2021-02-06 15:00:00+01:00,1.1935611296078708
2021,CO2/CO/NOx,2021-02-06 16:00:00+01:00,1.223013544350049
2021,CO2/CO/NOx,2021-02-06 17:00:00+01:00,1.250363440415433
2021,CO2/CO/NOx,2021-02-06 18:00:00+01:00,1.2958965408943455
2021,CO2/CO/NOx,2021-02-06 19:00:00+01:00,1.3228141368463
2021,CO2/CO/NOx,2021-02-06 20:00:00+01:00,1.3295925067772318
2021,CO2/CO/NOx,2021-02-06 21:00:00+01:00,1.309183750568419
2021,CO2/CO/NOx,2021-02-06 22:00:00+01:00,1.2993785539284413
2021,CO2/CO/NOx,2021-02-06 23:00:00+01:00,1.2903801731989237
2021,CO2/CO/NOx,2021-02-07 00:00:00+01:00,1.2669338954987757
2021,CO2/CO/NOx,2021-02-07 01:00:00+01:00,1.26064484457732
2021,CO2/CO/NOx,2021-02-07 02:00:00+01:00,1.282258350669888
2021,CO2/CO/NOx,2021-02-07 03:00:00+01:00,1.3281676718397655
2021,CO2/CO/NOx,2021-02-07 04:00:00+01:00,1.3722633954890486
2021,CO2/CO/NOx,2021-02-07 05:00:00+01:00,1.4353831034600406
2021,CO2/CO/NOx,2021-02-07 06:00:00+01:00,1.4968391007140636
2021,CO2/CO/NOx,2021-02-07 07:00:00+01:00,1.545855580741079
2021,CO2/CO/NOx,2021-02-07 08:00:00+01:00,1.57367476731162
2021,CO2/CO/NOx,2021-02-07 09:00:00+01:00,1.5676090714147288
2021,CO2/CO/NOx,2021-02-07 10:00:00+01:00,1.5690186432269764
2021,CO2/CO/NOx,2021-02-07 11:00:00+01:00,1.5608339361102854
2021,CO2/CO/NOx,2021-02-07 12:00:00+01:00,1.5394629361409276
2021,CO2/CO/NOx,2021-02-07 13:00:00+01:00,1.5269408602613619
2021,CO2/CO/NOx,2021-02-07 14:00:00+01:00,1.5200170400892516
2021,CO2/CO/NOx,2021-02-07 15:00:00+01:00,1.5397125089519548
2021,CO2/CO/NOx,2021-02-07 16:00:00+01:00,1.5622308889478675
2021,CO2/CO/NOx,2021-02-07 17:00:00+01:00,1.5864373703781
2021,CO2/CO/NOx,2021-02-07 18:00:00+01:00,1.6310745883907296
2021,CO2/CO/NOx,2021-02-07 19:00:00+01:00,1.6428895085548525
2021,CO2/CO/NOx,2021-02-07 20:00:00+01:00,1.6262641821120398
2021,CO2/CO/NOx,2021-02-07 21:00:00+01:00,1.5843827811202746
2021,CO2/CO/NOx,2021-02-07 22:00:00+01:00,1.5308892039339586
2021,CO2/CO/NOx,2021-02-07 23:00:00+01:00,1.4827299578897162
2021,CO2/CO/NOx,2021-02-08 00:00:00+01:00,1.4246202400550487
2021,CO2/CO/NOx,2021-02-08 01:00:00+01:00,1.422780179242615
2021,CO2/CO/NOx,2021-02-08 02:00:00+01:00,1.476804317684908
2021,CO2/CO/NOx,2021-02-08 03:00:00+01:00,1.5768251289936335
2021,CO2/CO/NOx,2021-02-08 04:00:00+01:00,1.6764513229163687
2021,CO2/CO/NOx,2021-02-08 05:00:00+01:00,1.772265334451066
2021,CO2/CO/NOx,2021-02-08 06:00:00+01:00,1.8562988022593743
2021,CO2/CO/NOx,2021-02-08 07:00:00+01:00,1.897890534653577
2021,CO2/CO/NOx,2021-02-08 08:00:00+01:00,1.8961208621370664
2021,CO2/CO/NOx,2021-02-08 09:00:00+01:00,1.8389051475128613
2021,CO2/CO/NOx,2021-02-08 10:00:00+01:00,1.794727016335624
2021,CO2/CO/NOx,2021-02-08 11:00:00+01:00,1.7392897602228967
2021,CO2/CO/NOx,2021-02-08 12:00:00+01:00,1.6818948801724392
2021,CO2/CO/NOx,2021-02-08 13:00:00+01:00,1.6479186249792939
2021,CO2/CO/NOx,2021-02-08 14:00:00+01:00,1.6283422116834405
2021,CO2/CO/NOx,2021-02-08 15:00:00+01:00,1.6365378303521403
2021,CO2/CO/NOx,2021-02-08 16:00:00+01:00,1.647356767252325
2021,CO2/CO/NOx,2021-02-08 17:00:00+01:00,1.6595366850001119
2021,CO2/CO/NOx,2021-02-08 18:00:00+01:00,1.701327827327065
2021,CO2/CO/NOx,2021-02-08 19:00:00+01:00,1.7024553132628448
2021,CO2/CO/NOx,2021-02-08 20:00:00+01:00,1.683429659338272
2021,CO2/CO/NOx,2021-02-08 21:00:00+01:00,1.639590576236594
2021,CO2/CO/NOx,2021-02-08 22:00:00+01:00,1.5939473382574227
2021,CO2/CO/NOx,2021-02-08 23:00:00+01:00,1.5577534178575025
2021,CO2/CO/NOx,2021-02-09 00:00:00+01:00,1.5032242872398913
2021,CO2/CO/NOx,2021-02-09 01:00:00+01:00,1.4999124987608983
2021,CO2/CO/NOx,2021-02-09 02:00:00+01:00,1.550160595111398
2021,CO2/CO/NOx,2021-02-09 03:00:00+01:00,1.645675355520046
2021,CO2/CO/NOx,2021-02-09 04:00:00+01:00,1.741070619315353
2021,CO2/CO/NOx,2021-02-09 05:00:00+01:00,1.8476028864734257
2021,CO2/CO/NOx,2021-02-09 06:00:00+01:00,1.9511419095476117
2021,CO2/CO/NOx,2021-02-09 07:00:00+01:00,2.0242797144189293
2021,CO2/CO/NOx,2021-02-09 08:00:00+01:00,2.0592414568216926
2021,CO2/CO/NOx,2021-02-09 09:00:00+01:00,2.0385059462618944
2021,CO2/CO/NOx,2021-02-09 10:00:00+01:00,2.0370413852165736
2021,CO2/CO/NOx,2021-02-09 11:00:00+01:00,2.029491374262822
2021,CO2/CO/NOx,2021-02-09 12:00:00+01:00,2.0056423682356272
2021,CO2/CO/NOx,2021-02-09 13:00:00+01:00,1.9982462007881503
2021,CO2/CO/NOx,2021-02-09 14:00:00+01:00,2.0087064285685234
2021,CO2/CO/NOx,2021-02-09 15:00:00+01:00,2.045253843305731
2021,CO2/CO/NOx,2021-02-09 16:00:00+01:00,2.0476001981133436
2021,CO2/CO/NOx,2021-02-09 17:00:00+01:00,2.046562254052248
2021,CO2/CO/NOx,2021-02-09 18:00:00+01:00,2.072088683735912
2021,CO2/CO/NOx,2021-02-09 19:00:00+01:00,2.0531357728677793
2021,CO2/CO/NOx,2021-02-09 20:00:00+01:00,2.005159560067981
2021,CO2/CO/NOx,2021-02-09 21:00:00+01:00,1.9482191485106692
2021,CO2/CO/NOx,2021-02-09 22:00:00+01:00,1.8978122560009079
2021,CO2/CO/NOx,2021-02-09 23:00:00+01:00,1.8563175547732333
2021,CO2/CO/NOx,2021-02-10 00:00:00+01:00,1.8028085174820843
2021,CO2/CO/NOx,2021-02-10 01:00:00+01:00,1.775544408700411
2021,CO2/CO/NOx,2021-02-10 02:00:00+01:00,1.8006615506067702
2021,CO2/CO/NOx,2021-02-10 03:00:00+01:00,1.8694513861692994
2021,CO2/CO/NOx,2021-02-10 04:00:00+01:00,1.9187905767006375
2021,CO2/CO/NOx,2021-02-10 05:00:00+01:00,1.9733802891844154
2021,CO2/CO/NOx,2021-02-10 06:00:00+01:00,2.0466251345522317
2021,CO2/CO/NOx,2021-02-10 07:00:00+01:00,2.1114198401417257
2021,CO2/CO/NOx,2021-02-10 08:00:00+01:00,2.1351611246560878
2021,CO2/CO/NOx,2021-02-10 09:00:00+01:00,2.1130467379212474
2021,CO2/CO/NOx,2021-02-10 10:00:00+01:00,2.1071903442492284
2021,CO2/CO/NOx,2021-02-10 11:00:00+01:00,2.0891370755110694
2021,CO2/CO/NOx,2021-02-10 12:00:00+01:00,2.0725099403397667
2021,CO2/CO/NOx,2021-02-10 13:00:00+01:00,2.0626972787348707
2021,CO2/CO/NOx,2021-02-10 14:00:00+01:00,2.08119514445536
2021,CO2/CO/NOx,2021-02-10 15:00:00+01:00,2.140261575714835
2021,CO2/CO/NOx,2021-02-10 16:00:00+01:00,2.185034181297192
2021,CO2/CO/NOx,2021-02-10 17:00:00+01:00,2.1991244641357044
2021,CO2/CO/NOx,2021-02-10 18:00:00+01:00,2.2052622837120435
2021,CO2/CO/NOx,2021-02-10 19:00:00+01:00,2.175991514479358
2021,CO2/CO/NOx,2021-02-10 20:00:00+01:00,2.1060695477795663
2021,CO2/CO/NOx,2021-02-10 21:00:00+01:00,2.0183460903601893
2021,CO2/CO/NOx,2021-02-10 22:00:00+01:00,1.9277054353307022
2021,CO2/CO/NOx,2021-02-10 23:00:00+01:00,1.8754683724655592
2021,CO2/CO/NOx,2021-02-11 00:00:00+01:00,1.8288126415634063
2021,CO2/CO/NOx,2021-02-11 01:00:00+01:00,1.8281397139888167
2021,CO2/CO/NOx,2021-02-11 02:00:00+01:00,1.8694817233371233
2021,CO2/CO/NOx,2021-02-11 03:00:00+01:00,1.9527684242587229
2021,CO2/CO/NOx,2021-02-11 04:00:00+01:00,2.047907508640288
2021,CO2/CO/NOx,2021-02-11 05:00:00+01:00,2.14184236300095
2021,CO2/CO/NOx,2021-02-11 06:00:00+01:00,2.2384561563864818
2021,CO2/CO/NOx,2021-02-11 07:00:00+01:00,2.2996477998951863
2021,CO2/CO/NOx,2021-02-11 08:00:00+01:00,2.3189375584786025
2021,CO2/CO/NOx,2021-02-11 09:00:00+01:00,2.288544700863873
2021,CO2/CO/NOx,2021-02-11 10:00:00+01:00,2.274520796323482
2021,CO2/CO/NOx,2021-02-11 11:00:00+01:00,2.2535642666319466
2021,CO2/CO/NOx,2021-02-11 12:00:00+01:00,2.2241867031408415
2021,CO2/CO/NOx,2021-02-11 13:00:00+01:00,2.210464925728385
2021,CO2/CO/NOx,2021-02-11 14:00:00+01:00,2.2148287292944984
2021,CO2/CO/NOx,2021-02-11 15:00:00+01:00,2.2533411469445332
2021,CO2/CO/NOx,2021-02-11 16:00:00+01:00,2.2632701012069827
2021,CO2/CO/NOx,2021-02-11 17:00:00+01:00,2.2620439415198867
2021,CO2/CO/NOx,2021-02-11 18:00:00+01:00,2.2727623619083017
2021,CO2/CO/NOx,2021-02-11 19:00:00+01:00,2.246935396357754
2021,CO2/CO/NOx,2021-02-11 20:00:00+01:00,2.198304418639946
2021,CO2/CO/NOx,2021-02-11 21:00:00+01:00,2.1289959324704975
2021,CO2/CO/NOx,2021-02-11 22:00:00+01:00,2.0565870639269987
2021,CO2/CO/NOx,2021-02-11 23:00:00+01:00,2.0028953250212402
2021,CO2/CO/NOx,2021-02-12 00:00:00+01:00,1.9478772264102049
2021,CO2/CO/NOx,2021-02-12 01:00:00+01:00,1.9364719587897141
2021,CO2/CO/NOx,2021-02-12 02:00:00+01:00,1.9788595393964774
2021,CO2/CO/NOx,2021-02-12 03:00:00+01:00,2.062942467942318
2021,CO2/CO/NOx,2021-02-12 04:00:00+01:00,2.145009958631656
2021,CO2/CO/NOx,2021-02-12 05:00:00+01:00,2.2321524936815966
2021,CO2/CO/NOx,2021-02-12 06:00:00+01:00,2.3269578756966247
2021,CO2/CO/NOx,2021-02-12 07:00:00+01:00,2.3840107667779966
2021,CO2/CO/NOx,2021-02-12 08:00:00+01:00,2.4060488971244047
2021,CO2/CO/NOx,2021-02-12 09:00:00+01:00,2.373554178284965
2021,CO2/CO/NOx,2021-02-12 10:00:00+01:00,2.350854403204745
2021,CO2/CO/NOx,2021-02-12 11:00:00+01:00,2.3225084200335036
2021,CO2/CO/NOx,2021-02-12 12:00:00+01:00,2.2843792426833276
2021,CO2/CO/NOx,2021-02-12 13:00:00+01:00,2.2594910987894443
2021,CO2/CO/NOx,2021-02-12 14:00:00+01:00,2.249757022752034
2021,CO2/CO/NOx,2021-02-12 15:00:00+01:00,2.279182732299903
2021,CO2/CO/NOx,2021-02-12 16:00:00+01:00,2.284571933183148
2021,CO2/CO/NOx,2021-02-12 17:00:00+01:00,2.2840353323423472
2021,CO2/CO/NOx,2021-02-12 18:00:00+01:00,2.2912309829320296
2021,CO2/CO/NOx,2021-02-12 19:00:00+01:00,2.2683031027205804
2021,CO2/CO/NOx,2021-02-12 20:00:00+01:00,2.2094253991490445
2021,CO2/CO/NOx,2021-02-12 21:00:00+01:00,2.1223221426062064
2021,CO2/CO/NOx,2021-02-12 22:00:00+01:00,2.022356756917532
2021,CO2/CO/NOx,2021-02-12 23:00:00+01:00,1.9370243099585296
2021,CO2/CO/NOx,2021-02-13 00:00:00+01:00,1.8632839289909375
2021,CO2/CO/NOx,2021-02-13 01:00:00+01:00,1.8227053078248392
2021,CO2/CO/NOx,2021-02-13 02:00:00+01:00,1.8337557375356317
2021,CO2/CO/NOx,2021-02-13 03:00:00+01:00,1.8937320948489682
2021,CO2/CO/NOx,2021-02-13 04:00:00+01:00,1.9619755700995138
2021,CO2/CO/NOx,2021-02-13 05:00:00+01:00,2.025530267216874
2021,CO2/CO/NOx,2021-02-13 06:00:00+01:00,2.0899757519629665
2021,CO2/CO/NOx,2021-02-13 07:00:00+01:00,2.1299698407900807
2021,CO2/CO/NOx,2021-02-13 08:00:00+01:00,2.151776877393723
2021,CO2/CO/NOx,2021-02-13 09:00:00+01:00,2.138049278607734
2021,CO2/CO/NOx,2021-02-13 10:00:00+01:00,2.12487829029847
2021,CO2/CO/NOx,2021-02-13 11:00:00+01:00,2.089680218063122
2021,CO2/CO/NOx,2021-02-13 12:00:00+01:00,2.040764584855556
2021,CO2/CO/NOx,2021-02-13 13:00:00+01:00,2.019750593392241
2021,CO2/CO/NOx,2021-02-13 14:00:00+01:00,2.0197182422855846
2021,CO2/CO/NOx,2021-02-13 15:00:00+01:00,2.0435548500969625
2021,CO2/CO/NOx,2021-02-13 16:00:00+01:00,2.0595424794083694
2021,CO2/CO/NOx,2021-02-13 17:00:00+01:00,2.0782272700072837
2021,CO2/CO/NOx,2021-02-13 18:00:00+01:00,2.1055603555605398
2021,CO2/CO/NOx,2021-02-13 19:00:00+01:00,2.087407818442857
2021,CO2/CO/NOx,2021-02-13 20:00:00+01:00,2.0340243315229785
2021,CO2/CO/NOx,2021-02-13 21:00:00+01:00,1.9679691247951638
2021,CO2/CO/NOx,2021-02-13 22:00:00+01:00,1.9152478036197724
2021,CO2/CO/NOx,2021-02-13 23:00:00+01:00,1.8719610053385576
2021,CO2/CO/NOx,2021-02-14 00:00:00+01:00,1.8203835391943117
2021,CO2/CO/NOx,2021-02-14 01:00:00+01:00,1.8050239269656527
2021,CO2/CO/NOx,2021-02-14 02:00:00+01:00,1.8312563132840256
2021,CO2/CO/NOx,2021-02-14 03:00:00+01:00,1.890381457397243
2021,CO2/CO/NOx,2021-02-14 04:00:00+01:00,1.9465324328219176
2021,CO2/CO/NOx,2021-02-14 05:00:00+01:00,2.014669085371068
2021,CO2/CO/NOx,2021-02-14 06:00:00+01:00,2.0823728116025926
2021,CO2/CO/NOx,2021-02-14 07:00:00+01:00,2.138431460059519
2021,CO2/CO/NOx,2021-02-14 08:00:00+01:00,2.1502406201888586
2021,CO2/CO/NOx,2021-02-14 09:00:00+01:00,2.1067512996938826
2021,CO2/CO/NOx,2021-02-14 10:00:00+01:00,2.0673901969636557
2021,CO2/CO/NOx,2021-02-14 11:00:00+01:00,2.0151792744077834
2021,CO2/CO/NOx,2021-02-14 12:00:00+01:00,1.9549928438650062
2021,CO2/CO/NOx,2021-02-14 13:00:00+01:00,1.9389788521699765
2021,CO2/CO/NOx,2021-02-14 14:00:00+01:00,1.9686613670652982
2021,CO2/CO/NOx,2021-02-14 15:00:00+01:00,2.0276243320434926
2021,CO2/CO/NOx,2021-02-14 16:00:00+01:00,2.0963170955119663
2021,CO2/CO/NOx,2021-02-14 17:00:00+01:00,2.1353200986508747
2021,CO2/CO/NOx,2021-02-14 18:00:00+01:00,2.1468713579693506
2021,CO2/CO/NOx,2021-02-14 19:00:00+01:00,2.1098928548678546
2021,CO2/CO/NOx,2021-02-14 20:00:00+01:00,2.0570469274116245
2021,CO2/CO/NOx,2021-02-14 21:00:00+01:00,1.9832529383100472
2021,CO2/CO/NOx,2021-02-14 22:00:00+01:00,1.9296334211992034
2021,CO2/CO/NOx,2021-02-14 23:00:00+01:00,1.8888692610479565
2021,CO2/CO/NOx,2021-02-15 00:00:00+01:00,1.8196636800659203
2021,CO2/CO/NOx,2021-02-15 01:00:00+01:00,1.8192226273310834
2021,CO2/CO/NOx,2021-02-15 02:00:00+01:00,1.8722369495247955
2021,CO2/CO/NOx,2021-02-15 03:00:00+01:00,1.949602906671863
2021,CO2/CO/NOx,2021-02-15 04:00:00+01:00,2.0471895531718896
2021,CO2/CO/NOx,2021-02-15 05:00:00+01:00,2.1824573706519725
2021,CO2/CO/NOx,2021-02-15 06:00:00+01:00,2.313436469855767
2021,CO2/CO/NOx,2021-02-15 07:00:00+01:00,2.387380168968919
2021,CO2/CO/NOx,2021-02-15 08:00:00+01:00,2.3529502778882434
2021,CO2/CO/NOx,2021-02-15 09:00:00+01:00,2.230541210294194
2021,CO2/CO/NOx,2021-02-15 10:00:00+01:00,2.13135267813823
2021,CO2/CO/NOx,2021-02-15 11:00:00+01:00,2.0248483502476575
2021,CO2/CO/NOx,2021-02-15 12:00:00+01:00,1.9168316264991925
2021,CO2/CO/NOx,2021-02-15 13:00:00+01:00,1.8720390656911117
2021,CO2/CO/NOx,2021-02-15 14:00:00+01:00,1.889266875263955
2021,CO2/CO/NOx,2021-02-15 15:00:00+01:00,1.9607235699898804
2021,CO2/CO/NOx,2021-02-15 16:00:00+01:00,2.0092974077719243
2021,CO2/CO/NOx,2021-02-15 17:00:00+01:00,2.02210036001121
2021,CO2/CO/NOx,2021-02-15 18:00:00+01:00,2.0480501559596784
2021,CO2/CO/NOx,2021-02-15 19:00:00+01:00,2.0148462848336095
2021,CO2/CO/NOx,2021-02-15 20:00:00+01:00,1.9418002284313616
2021,CO2/CO/NOx,2021-02-15 21:00:00+01:00,1.8447706259821521
2021,CO2/CO/NOx,2021-02-15 22:00:00+01:00,1.757887985593491
2021,CO2/CO/NOx,2021-02-15 23:00:00+01:00,1.6811259091193438
2021,CO2/CO/NOx,2021-02-16 00:00:00+01:00,1.6181174529970888
2021,CO2/CO/NOx,2021-02-16 01:00:00+01:00,1.593595109087054
2021,CO2/CO/NOx,2021-02-16 02:00:00+01:00,1.6144882981373145
2021,CO2/CO/NOx,2021-02-16 03:00:00+01:00,1.6749884803714932
2021,CO2/CO/NOx,2021-02-16 04:00:00+01:00,1.711058111793683
2021,CO2/CO/NOx,2021-02-16 05:00:00+01:00,1.7752311524363804
2021,CO2/CO/NOx,2021-02-16 06:00:00+01:00,1.8273571357578127
2021,CO2/CO/NOx,2021-02-16 07:00:00+01:00,1.837905307542386
2021,CO2/CO/NOx,2021-02-16 08:00:00+01:00,1.817480975887108
2021,CO2/CO/NOx,2021-02-16 09:00:00+01:00,1.7446394297407297
2021,CO2/CO/NOx,2021-02-16 10:00:00+01:00,1.64313185451809
2021,CO2/CO/NOx,2021-02-16 11:00:00+01:00,1.5222778580651932
2021,CO2/CO/NOx,2021-02-16 12:00:00+01:00,1.3919164075883168
2021,CO2/CO/NOx,2021-02-16 13:00:00+01:00,1.2916715244539902
2021,CO2/CO/NOx,2021-02-16 14:00:00+01:00,1.244819374379057
2021,CO2/CO/NOx,2021-02-16 15:00:00+01:00,1.2360688929454071
2021,CO2/CO/NOx,2021-02-16 16:00:00+01:00,1.2426967149667354
2021,CO2/CO/NOx,2021-02-16 17:00:00+01:00,1.28548108982148
2021,CO2/CO/NOx,2021-02-16 18:00:00+01:00,1.3522185080440388
2021,CO2/CO/NOx,2021-02-16 19:00:00+01:00,1.3775410114031084
2021,CO2/CO/NOx,2021-02-16 20:00:00+01:00,1.3735744407332673
2021,CO2/CO/NOx,2021-02-16 21:00:00+01:00,1.3314350430236994
2021,CO2/CO/NOx,2021-02-16 22:00:00+01:00,1.258161527207676
2021,CO2/CO/NOx,2021-02-16 23:00:00+01:00,1.1587315170762538
2021,CO2/CO/NOx,2021-02-17 00:00:00+01:00,1.0422081289860696
2021,CO2/CO/NOx,2021-02-17 01:00:00+01:00,0.9765738872169909
2021,CO2/CO/NOx,2021-02-17 02:00:00+01:00,0.9810148274435461
2021,CO2/CO/NOx,2021-02-17 03:00:00+01:00,1.0480182551942359
2021,CO2/CO/NOx,2021-02-17 04:00:00+01:00,1.1338356358870332
2021,CO2/CO/NOx,2021-02-17 05:00:00+01:00,1.234533675445831
2021,CO2/CO/NOx,2021-02-17 06:00:00+01:00,1.3372105618867112
2021,CO2/CO/NOx,2021-02-17 07:00:00+01:00,1.386007836231859
2021,CO2/CO/NOx,2021-02-17 08:00:00+01:00,1.3766449827322667
2021,CO2/CO/NOx,2021-02-17 09:00:00+01:00,1.3222037818233277
2021,CO2/CO/NOx,2021-02-17 10:00:00+01:00,1.28059568105354
2021,CO2/CO/NOx,2021-02-17 11:00:00+01:00,1.2339385093160669
2021,CO2/CO/NOx,2021-02-17 12:00:00+01:00,1.174739068329663
2021,CO2/CO/NOx,2021-02-17 13:00:00+01:00,1.1420269177886797
2021,CO2/CO/NOx,2021-02-17 14:00:00+01:00,1.1316696068590706
2021,CO2/CO/NOx,2021-02-17 15:00:00+01:00,1.1684293213363117
2021,CO2/CO/NOx,2021-02-17 16:00:00+01:00,1.2068425234618163
2021,CO2/CO/NOx,2021-02-17 17:00:00+01:00,1.2574332084685735
2021,CO2/CO/NOx,2021-02-17 18:00:00+01:00,1.3137697929210013
2021,CO2/CO/NOx,2021-02-17 19:00:00+01:00,1.338581942338411
2021,CO2/CO/NOx,2021-02-17 20:00:00+01:00,1.342470852701824
2021,CO2/CO/NOx,2021-02-17 21:00:00+01:00,1.3270064233557284
2021,CO2/CO/NOx,2021-02-17 22:00:00+01:00,1.2964577720491581
2021,CO2/CO/NOx,2021-02-17 23:00:00+01:00,1.2581801776716286
2021,CO2/CO/NOx,2021-02-18 00:00:00+01:00,1.2260645916992092
2021,CO2/CO/NOx,2021-02-18 01:00:00+01:00,1.227497597929558
2021,CO2/CO/NOx,2021-02-18 02:00:00+01:00,1.2758502224787438
2021,CO2/CO/NOx,2021-02-18 03:00:00+01:00,1.3507755857004766
2021,CO2/CO/NOx,2021-02-18 04:00:00+01:00,1.4435902466120663
2021,CO2/CO/NOx,2021-02-18 05:00:00+01:00,1.5402167011278762
2021,CO2/CO/NOx,2021-02-18 06:00:00+01:00,1.6335571826372515
2021,CO2/CO/NOx,2021-02-18 07:00:00+01:00,1.6763271757046063
2021,CO2/CO/NOx,2021-02-18 08:00:00+01:00,1.6461505267211267
2021,CO2/CO/NOx,2021-02-18 09:00:00+01:00,1.5435648992753073
2021,CO2/CO/NOx,2021-02-18 10:00:00+01:00,1.4302027264096255
2021,CO2/CO/NOx,2021-02-18 11:00:00+01:00,1.3089505275393496
2021,CO2/CO/NOx,2021-02-18 12:00:00+01:00,1.1993993277715727
2021,CO2/CO/NOx,2021-02-18 13:00:00+01:00,1.139938460529783
2021,CO2/CO/NOx,2021-02-18 14:00:00+01:00,1.1073316183330648
2021,CO2/CO/NOx,2021-02-18 15:00:00+01:00,1.1297736716741897
2021,CO2/CO/NOx,2021-02-18 16:00:00+01:00,1.1685623220229986
2021,CO2/CO/NOx,2021-02-18 17:00:00+01:00,1.2047832499838709
2021,CO2/CO/NOx,2021-02-18 18:00:00+01:00,1.258052901100629
2021,CO2/CO/NOx,2021-02-18 19:00:00+01:00,1.2742417931782586
2021,CO2/CO/NOx,2021-02-18 20:00:00+01:00,1.2592634718534452
2021,CO2/CO/NOx,2021-02-18 21:00:00+01:00,1.2110456634990303
2021,CO2/CO/NOx,2021-02-18 22:00:00+01:00,1.1379829485388289
2021,CO2/CO/NOx,2021-02-18 23:00:00+01:00,1.046895063283203
2021,CO2/CO/NOx,2021-02-19 00:00:00+01:00,0.9465408772147426
2021,CO2/CO/NOx,2021-02-19 01:00:00+01:00,0.882247542385106
2021,CO2/CO/NOx,2021-02-19 02:00:00+01:00,0.8782769217947062
2021,CO2/CO/NOx,2021-02-19 03:00:00+01:00,0.938606766783358
2021,CO2/CO/NOx,2021-02-19 04:00:00+01:00,1.0105036220721502
2021,CO2/CO/NOx,2021-02-19 05:00:00+01:00,1.1225281951615316
2021,CO2/CO/NOx,2021-02-19 06:00:00+01:00,1.235377708705148
2021,CO2/CO/NOx,2021-02-19 07:00:00+01:00,1.3167393693924254
2021,CO2/CO/NOx,2021-02-19 08:00:00+01:00,1.3607258180244657
2021,CO2/CO/NOx,2021-02-19 09:00:00+01:00,1.3516049839423587
2021,CO2/CO/NOx,2021-02-19 10:00:00+01:00,1.3138456759936166
2021,CO2/CO/NOx,2021-02-19 11:00:00+01:00,1.2500187671022598
2021,CO2/CO/NOx,2021-02-19 12:00:00+01:00,1.1620491436775293
2021,CO2/CO/NOx,2021-02-19 13:00:00+01:00,1.097610995368432
2021,CO2/CO/NOx,2021-02-19 14:00:00+01:00,1.0766240901183606
2021,CO2/CO/NOx,2021-02-19 15:00:00+01:00,1.091596503794994
2021,CO2/CO/NOx,2021-02-19 16:00:00+01:00,1.1192802307940237
2021,CO2/CO/NOx,2021-02-19 17:00:00+01:00,1.1721388029233997
2021,CO2/CO/NOx,2021-02-19 18:00:00+01:00,1.251305639569779
2021,CO2/CO/NOx,2021-02-19 19:00:00+01:00,1.2786928174581462
2021,CO2/CO/NOx,2021-02-19 20:00:00+01:00,1.2690395682537496
2021,CO2/CO/NOx,2021-02-19 21:00:00+01:00,1.2267212983530402
2021,CO2/CO/NOx,2021-02-19 22:00:00+01:00,1.1805252379762525
2021,CO2/CO/NOx,2021-02-19 23:00:00+01:00,1.1320485682459518
2021,CO2/CO/NOx,2021-02-20 00:00:00+01:00,1.0657902236696635
2021,CO2/CO/NOx,2021-02-20 01:00:00+01:00,1.0398536204172868
2021,CO2/CO/NOx,2021-02-20 02:00:00+01:00,1.06230281176743
2021,CO2/CO/NOx,2021-02-20 03:00:00+01:00,1.144725210756663
2021,CO2/CO/NOx,2021-02-20 04:00:00+01:00,1.231817612719015
2021,CO2/CO/NOx,2021-02-20 05:00:00+01:00,1.3258814306489226
2021,CO2/CO/NOx,2021-02-20 06:00:00+01:00,1.4003956692094814
2021,CO2/CO/NOx,2021-02-20 07:00:00+01:00,1.4254091261830018
2021,CO2/CO/NOx,2021-02-20 08:00:00+01:00,1.3923328791194172
2021,CO2/CO/NOx,2021-02-20 09:00:00+01:00,1.2919613436070807
2021,CO2/CO/NOx,2021-02-20 10:00:00+01:00,1.1904295390074462
2021,CO2/CO/NOx,2021-02-20 11:00:00+01:00,1.0798167623487163
2021,CO2/CO/NOx,2021-02-20 12:00:00+01:00,1.0032557770280845
2021,CO2/CO/NOx,2021-02-20 13:00:00+01:00,0.9667611515053017
2021,CO2/CO/NOx,2021-02-20 14:00:00+01:00,0.9727115707983363
2021,CO2/CO/NOx,2021-02-20 15:00:00+01:00,1.0306056884170445
2021,CO2/CO/NOx,2021-02-20 16:00:00+01:00,1.0939933833047655
2021,CO2/CO/NOx,2021-02-20 17:00:00+01:00,1.1519358415977958
2021,CO2/CO/NOx,2021-02-20 18:00:00+01:00,1.2209851982705602
2021,CO2/CO/NOx,2021-02-20 19:00:00+01:00,1.240933909813323
2021,CO2/CO/NOx,2021-02-20 20:00:00+01:00,1.2052033286548123
2021,CO2/CO/NOx,2021-02-20 21:00:00+01:00,1.1779901917645426
2021,CO2/CO/NOx,2021-02-20 22:00:00+01:00,1.1604420022585566
2021,CO2/CO/NOx,2021-02-20 23:00:00+01:00,1.1749755472254675
2021,CO2/CO/NOx,2021-02-21 00:00:00+01:00,1.213160089197824
2021,CO2/CO/NOx,2021-02-21 01:00:00+01:00,1.2616183107637737
2021,CO2/CO/NOx,2021-02-21 02:00:00+01:00,1.3242929208379346
2021,CO2/CO/NOx,2021-02-21 03:00:00+01:00,1.40950404050864
2021,CO2/CO/NOx,2021-02-21 04:00:00+01:00,1.4566935859652035
2021,CO2/CO/NOx,2021-02-21 05:00:00+01:00,1.4701939510846873
2021,CO2/CO/NOx,2021-02-21 06:00:00+01:00,1.4895277640190636
2021,CO2/CO/NOx,2021-02-21 07:00:00+01:00,1.4911038845920783
2021,CO2/CO/NOx,2021-02-21 08:00:00+01:00,1.4347995387200476
2021,CO2/CO/NOx,2021-02-21 09:00:00+01:00,1.3334347723670255
2021,CO2/CO/NOx,2021-02-21 10:00:00+01:00,1.2299077392601272
2021,CO2/CO/NOx,2021-02-21 11:00:00+01:00,1.1380788836801732
2021,CO2/CO/NOx,2021-02-21 12:00:00+01:00,1.0671288908909689
2021,CO2/CO/NOx,2021-02-21 13:00:00+01:00,1.029599435280373
2021,CO2/CO/NOx,2021-02-21 14:00:00+01:00,1.01992151657117
2021,CO2/CO/NOx,2021-02-21 15:00:00+01:00,1.0547751542885249
2021,CO2/CO/NOx,2021-02-21 16:00:00+01:00,1.1175781121234152
2021,CO2/CO/NOx,2021-02-21 17:00:00+01:00,1.1705565019448767
2021,CO2/CO/NOx,2021-02-21 18:00:00+01:00,1.2422218902986886
2021,CO2/CO/NOx,2021-02-21 19:00:00+01:00,1.299843550794219
2021,CO2/CO/NOx,2021-02-21 20:00:00+01:00,1.3390443834977317
2021,CO2/CO/NOx,2021-02-21 21:00:00+01:00,1.3462904577288692
2021,CO2/CO/NOx,2021-02-21 22:00:00+01:00,1.32869578288285
2021,CO2/CO/NOx,2021-02-21 23:00:00+01:00,1.2963806687868784
2021,CO2/CO/NOx,2021-02-22 00:00:00+01:00,1.245551601818136
2021,CO2/CO/NOx,2021-02-22 01:00:00+01:00,1.2410624713572926
2021,CO2/CO/NOx,2021-02-22 02:00:00+01:00,1.2726725166602126
2021,CO2/CO/NOx,2021-02-22 03:00:00+01:00,1.3582396184665853
2021,CO2/CO/NOx,2021-02-22 04:00:00+01:00,1.476843370947206
2021,CO2/CO/NOx,2021-02-22 05:00:00+01:00,1.6151618903451843
2021,CO2/CO/NOx,2021-02-22 06:00:00+01:00,1.7267698635883524
2021,CO2/CO/NOx,2021-02-22 07:00:00+01:00,1.792917688121926
2021,CO2/CO/NOx,2021-02-22 08:00:00+01:00,1.7972119171144973
2021,CO2/CO/NOx,2021-02-22 09:00:00+01:00,1.6872296854339675
2021,CO2/CO/NOx,2021-02-22 10:00:00+01:00,1.5465592351369228
2021,CO2/CO/NOx,2021-02-22 11:00:00+01:00,1.3635811311042692
2021,CO2/CO/NOx,2021-02-22 12:00:00+01:00,1.1981433889067252
2021,CO2/CO/NOx,2021-02-22 13:00:00+01:00,1.0908342684902679
2021,CO2/CO/NOx,2021-02-22 14:00:00+01:00,1.0457733424247297
2021,CO2/CO/NOx,2021-02-22 15:00:00+01:00,1.04854064697671
2021,CO2/CO/NOx,2021-02-22 16:00:00+01:00,1.0898455977865993
2021,CO2/CO/NOx,2021-02-22 17:00:00+01:00,1.1744237881206516
2021,CO2/CO/NOx,2021-02-22 18:00:00+01:00,1.2638310598681493
2021,CO2/CO/NOx,2021-02-22 19:00:00+01:00,1.3489712057815864
2021,CO2/CO/NOx,2021-02-22 20:00:00+01:00,1.3916061232733574
2021,CO2/CO/NOx,2021-02-22 21:00:00+01:00,1.3965758588220323
2021,CO2/CO/NOx,2021-02-22 22:00:00+01:00,1.3794287383097898
2021,CO2/CO/NOx,2021-02-22 23:00:00+01:00,1.3469631279341983
2021,CO2/CO/NOx,2021-02-23 00:00:00+01:00,1.285597691636066
2021,CO2/CO/NOx,2021-02-23 01:00:00+01:00,1.2597956003271955
2021,CO2/CO/NOx,2021-02-23 02:00:00+01:00,1.285644714745058
2021,CO2/CO/NOx,2021-02-23 03:00:00+01:00,1.3444025780984712
2021,CO2/CO/NOx,2021-02-23 04:00:00+01:00,1.4378124497586993
2021,CO2/CO/NOx,2021-02-23 05:00:00+01:00,1.5374267957794838
2021,CO2/CO/NOx,2021-02-23 06:00:00+01:00,1.6365529196257138
2021,CO2/CO/NOx,2021-02-23 07:00:00+01:00,1.65619802004255
2021,CO2/CO/NOx,2021-02-23 08:00:00+01:00,1.5942516364425088
2021,CO2/CO/NOx,2021-02-23 09:00:00+01:00,1.463879669271634
2021,CO2/CO/NOx,2021-02-23 10:00:00+01:00,1.3314314851390234
2021,CO2/CO/NOx,2021-02-23 11:00:00+01:00,1.1860597562824495
2021,CO2/CO/NOx,2021-02-23 12:00:00+01:00,1.0463406310187215
2021,CO2/CO/NOx,2021-02-23 13:00:00+01:00,0.9781262504942325
2021,CO2/CO/NOx,2021-02-23 14:00:00+01:00,0.976530359209114
2021,CO2/CO/NOx,2021-02-23 15:00:00+01:00,1.0483040044756786
2021,CO2/CO/NOx,2021-02-23 16:00:00+01:00,1.0960374030095807
2021,CO2/CO/NOx,2021-02-23 17:00:00+01:00,1.1520195826345925
2021,CO2/CO/NOx,2021-02-23 18:00:00+01:00,1.2369145772599661
2021,CO2/CO/NOx,2021-02-23 19:00:00+01:00,1.2676857287017465
2021,CO2/CO/NOx,2021-02-23 20:00:00+01:00,1.2719623226484789
2021,CO2/CO/NOx,2021-02-23 21:00:00+01:00,1.252752929049962
2021,CO2/CO/NOx,2021-02-23 22:00:00+01:00,1.2449350994291333
2021,CO2/CO/NOx,2021-02-23 23:00:00+01:00,1.2550844334828004
2021,CO2/CO/NOx,2021-02-24 00:00:00+01:00,1.2775863337101125
2021,CO2/CO/NOx,2021-02-24 01:00:00+01:00,1.312000880555756
2021,CO2/CO/NOx,2021-02-24 02:00:00+01:00,1.3624049185174996
2021,CO2/CO/NOx,2021-02-24 03:00:00+01:00,1.413641640403214
2021,CO2/CO/NOx,2021-02-24 04:00:00+01:00,1.4294891312008022
2021,CO2/CO/NOx,2021-02-24 05:00:00+01:00,1.4538379876975471
2021,CO2/CO/NOx,2021-02-24 06:00:00+01:00,1.4505346173314875
2021,CO2/CO/NOx,2021-02-24 07:00:00+01:00,1.4075081498702409
2021,CO2/CO/NOx,2021-02-24 08:00:00+01:00,1.323323609403673
2021,CO2/CO/NOx,2021-02-24 09:00:00+01:00,1.214962401167919
2021,CO2/CO/NOx,2021-02-24 10:00:00+01:00,1.1149703663725574
2021,CO2/CO/NOx,2021-02-24 11:00:00+01:00,1.0142104535769767
2021,CO2/CO/NOx,2021-02-24 12:00:00+01:00,0.9360320050384638
2021,CO2/CO/NOx,2021-02-24 13:00:00+01:00,0.9222265728013069
2021,CO2/CO/NOx,2021-02-24 14:00:00+01:00,0.9602828151076024
2021,CO2/CO/NOx,2021-02-24 15:00:00+01:00,1.0421933293668462
2021,CO2/CO/NOx,2021-02-24 16:00:00+01:00,1.1213357946331064
2021,CO2/CO/NOx,2021-02-24 17:00:00+01:00,1.1832212739579684
2021,CO2/CO/NOx,2021-02-24 18:00:00+01:00,1.2098043168587587
2021,CO2/CO/NOx,2021-02-24 19:00:00+01:00,1.2054146514520743
2021,CO2/CO/NOx,2021-02-24 20:00:00+01:00,1.1778609080273166
2021,CO2/CO/NOx,2021-02-24 21:00:00+01:00,1.1430645212225419
2021,CO2/CO/NOx,2021-02-24 22:00:00+01:00,1.1235745305311426
2021,CO2/CO/NOx,2021-02-24 23:00:00+01:00,1.1298824114311752
2021,CO2/CO/NOx,2021-02-25 00:00:00+01:00,1.1833989493068542
2021,CO2/CO/NOx,2021-02-25 01:00:00+01:00,1.252102429875843
2021,CO2/CO/NOx,2021-02-25 02:00:00+01:00,1.311433898346739
2021,CO2/CO/NOx,2021-02-25 03:00:00+01:00,1.3409357524463472
2021,CO2/CO/NOx,2021-02-25 04:00:00+01:00,1.3666936919159531
2021,CO2/CO/NOx,2021-02-25 05:00:00+01:00,1.3881341909547251
2021,CO2/CO/NOx,2021-02-25 06:00:00+01:00,1.3694933032419503
2021,CO2/CO/NOx,2021-02-25 07:00:00+01:00,1.3185790090403644
2021,CO2/CO/NOx,2021-02-25 08:00:00+01:00,1.2390708662836805
2021,CO2/CO/NOx,2021-02-25 09:00:00+01:00,1.13977076955958
2021,CO2/CO/NOx,2021-02-25 10:00:00+01:00,1.0488264883079585
2021,CO2/CO/NOx,2021-02-25 11:00:00+01:00,0.9696003765120235
2021,CO2/CO/NOx,2021-02-25 12:00:00+01:00,0.902936476839037
2021,CO2/CO/NOx,2021-02-25 13:00:00+01:00,0.8894379440658311
2021,CO2/CO/NOx,2021-02-25 14:00:00+01:00,0.9209400242338635
2021,CO2/CO/NOx,2021-02-25 15:00:00+01:00,0.9762420813195217
2021,CO2/CO/NOx,2021-02-25 16:00:00+01:00,1.049318504477575
2021,CO2/CO/NOx,2021-02-25 17:00:00+01:00,1.1057034654190883
2021,CO2/CO/NOx,2021-02-25 18:00:00+01:00,1.1340753997961448
2021,CO2/CO/NOx,2021-02-25 19:00:00+01:00,1.1544197133930485
2021,CO2/CO/NOx,2021-02-25 20:00:00+01:00,1.142100348828987
2021,CO2/CO/NOx,2021-02-25 21:00:00+01:00,1.11248238353672
2021,CO2/CO/NOx,2021-02-25 22:00:00+01:00,1.085235558007438
2021,CO2/CO/NOx,2021-02-25 23:00:00+01:00,1.0574847575216677
2021,CO2/CO/NOx,2021-02-26 00:00:00+01:00,1.0324319876560326
2021,CO2/CO/NOx,2021-02-26 01:00:00+01:00,1.0315556172192069
2021,CO2/CO/NOx,2021-02-26 02:00:00+01:00,1.0428232916065592
2021,CO2/CO/NOx,2021-02-26 03:00:00+01:00,1.0754752096562006
2021,CO2/CO/NOx,2021-02-26 04:00:00+01:00,1.1102923572465546
2021,CO2/CO/NOx,2021-02-26 05:00:00+01:00,1.1362249125450556
2021,CO2/CO/NOx,2021-02-26 06:00:00+01:00,1.1774546287984489
2021,CO2/CO/NOx,2021-02-26 07:00:00+01:00,1.1934505117200513
2021,CO2/CO/NOx,2021-02-26 08:00:00+01:00,1.1761492161109175
2021,CO2/CO/NOx,2021-02-26 09:00:00+01:00,1.116974195082919
2021,CO2/CO/NOx,2021-02-26 10:00:00+01:00,1.0750746783391958
2021,CO2/CO/NOx,2021-02-26 11:00:00+01:00,1.0211918939483446
2021,CO2/CO/NOx,2021-02-26 12:00:00+01:00,0.9591208540451224
2021,CO2/CO/NOx,2021-02-26 13:00:00+01:00,0.8847080482924956
2021,CO2/CO/NOx,2021-02-26 14:00:00+01:00,0.8482419410291188
2021,CO2/CO/NOx,2021-02-26 15:00:00+01:00,0.8459466416979279
2021,CO2/CO/NOx,2021-02-26 16:00:00+01:00,0.8684410282916715
2021,CO2/CO/NOx,2021-02-26 17:00:00+01:00,0.9152334411647775
2021,CO2/CO/NOx,2021-02-26 18:00:00+01:00,0.962549424260059
2021,CO2/CO/NOx,2021-02-26 19:00:00+01:00,0.9808384675619994
2021,CO2/CO/NOx,2021-02-26 20:00:00+01:00,0.9905424272818341
2021,CO2/CO/NOx,2021-02-26 21:00:00+01:00,0.9996508651425231
2021,CO2/CO/NOx,2021-02-26 22:00:00+01:00,1.0270501918940038
2021,CO2/CO/NOx,2021-02-26 23:00:00+01:00,1.068874083038809
2021,CO2/CO/NOx,2021-02-27 00:00:00+01:00,1.1254298715041258
2021,CO2/CO/NOx,2021-02-27 01:00:00+01:00,1.1989599672942417
2021,CO2/CO/NOx,2021-02-27 02:00:00+01:00,1.2691849436873102
2021,CO2/CO/NOx,2021-02-27 03:00:00+01:00,1.3111119092351218
2021,CO2/CO/NOx,2021-02-27 04:00:00+01:00,1.3231817665290462
2021,CO2/CO/NOx,2021-02-27 05:00:00+01:00,1.3513729873175937
2021,CO2/CO/NOx,2021-02-27 06:00:00+01:00,1.3700318380319125
2021,CO2/CO/NOx,2021-02-27 07:00:00+01:00,1.3744873139543523
2021,CO2/CO/NOx,2021-02-27 08:00:00+01:00,1.3619217108519692
2021,CO2/CO/NOx,2021-02-27 09:00:00+01:00,1.3561488422588253
2021,CO2/CO/NOx,2021-02-27 10:00:00+01:00,1.3421759824306008
2021,CO2/CO/NOx,2021-02-27 11:00:00+01:00,1.3285075658450625
2021,CO2/CO/NOx,2021-02-27 12:00:00+01:00,1.3085100263171905
2021,CO2/CO/NOx,2021-02-27 13:00:00+01:00,1.2971466399960245
2021,CO2/CO/NOx,2021-02-27 14:00:00+01:00,1.2909824377580734
2021,CO2/CO/NOx,2021-02-27 15:00:00+01:00,1.2964675887273798
2021,CO2/CO/NOx,2021-02-27 16:00:00+01:00,1.3054818090972569
2021,CO2/CO/NOx,2021-02-27 17:00:00+01:00,1.3376973608585208
2021,CO2/CO/NOx,2021-02-27 18:00:00+01:00,1.3977734570004
2021,CO2/CO/NOx,2021-02-27 19:00:00+01:00,1.4396765039816377
2021,CO2/CO/NOx,2021-02-27 20:00:00+01:00,1.4638005377724184
2021,CO2/CO/NOx,2021-02-27 21:00:00+01:00,1.4643606862229006
2021,CO2/CO/NOx,2021-02-27 22:00:00+01:00,1.441930715902494
2021,CO2/CO/NOx,2021-02-27 23:00:00+01:00,1.4071909254044728
2021,CO2/CO/NOx,2021-02-28 00:00:00+01:00,1.3664426164684074
2021,CO2/CO/NOx,2021-02-28 01:00:00+01:00,1.3656267639680795
2021,CO2/CO/NOx,2021-02-28 02:00:00+01:00,1.4085654266823582
2021,CO2/CO/NOx,2021-02-28 03:00:00+01:00,1.4946120762690942
2021,CO2/CO/NOx,2021-02-28 04:00:00+01:00,1.5977531831241032
2021,CO2/CO/NOx,2021-02-28 05:00:00+01:00,1.6970142008710554
2021,CO2/CO/NOx,2021-02-28 06:00:00+01:00,1.766266076304037
2021,CO2/CO/NOx,2021-02-28 07:00:00+01:00,1.7863204956287098
2021,CO2/CO/NOx,2021-02-28 08:00:00+01:00,1.7537770378306747
2021,CO2/CO/NOx,2021-02-28 09:00:00+01:00,1.6658873517738317
2021,CO2/CO/NOx,2021-02-28 10:00:00+01:00,1.5955559592130963
2021,CO2/CO/NOx,2021-02-28 11:00:00+01:00,1.497401261861404
2021,CO2/CO/NOx,2021-02-28 12:00:00+01:00,1.4025055412691203
2021,CO2/CO/NOx,2021-02-28 13:00:00+01:00,1.3279804862342084
2021,CO2/CO/NOx,2021-02-28 14:00:00+01:00,1.2910232247048288
2021,CO2/CO/NOx,2021-02-28 15:00:00+01:00,1.2915933844142642
2021,CO2/CO/NOx,2021-02-28 16:00:00+01:00,1.3252239532932861
2021,CO2/CO/NOx,2021-02-28 17:00:00+01:00,1.3823278795369887
2021,CO2/CO/NOx,2021-02-28 18:00:00+01:00,1.4766405173536319
2021,CO2/CO/NOx,2021-02-28 19:00:00+01:00,1.5586392650628722
2021,CO2/CO/NOx,2021-02-28 20:00:00+01:00,1.5881981302312045
2021,CO2/CO/NOx,2021-02-28 21:00:00+01:00,1.5653698584171662
2021,CO2/CO/NOx,2021-02-28 22:00:00+01:00,1.4905864344259403
2021,CO2/CO/NOx,2021-02-28 23:00:00+01:00,1.4280787007620566
2021,CO2/CO/NOx,2021-03-01 00:00:00+01:00,1.3515407873168865
2021,CO2/CO/NOx,2021-03-01 01:00:00+01:00,1.3199749870110173
2021,CO2/CO/NOx,2021-03-01 02:00:00+01:00,1.355291118582259
2021,CO2/CO/NOx,2021-03-01 03:00:00+01:00,1.4630447905245407
2021,CO2/CO/NOx,2021-03-01 04:00:00+01:00,1.5911360948114677
2021,CO2/CO/NOx,2021-03-01 05:00:00+01:00,1.7141019623247766
2021,CO2/CO/NOx,2021-03-01 06:00:00+01:00,1.7965832435470253
2021,CO2/CO/NOx,2021-03-01 07:00:00+01:00,1.8157688759781914
2021,CO2/CO/NOx,2021-03-01 08:00:00+01:00,1.7824147993811061
2021,CO2/CO/NOx,2021-03-01 09:00:00+01:00,1.6370978118486548
2021,CO2/CO/NOx,2021-03-01 10:00:00+01:00,1.4756601773257696
2021,CO2/CO/NOx,2021-03-01 11:00:00+01:00,1.3071219943984738
2021,CO2/CO/NOx,2021-03-01 12:00:00+01:00,1.1478025433963537
2021,CO2/CO/NOx,2021-03-01 13:00:00+01:00,1.039844782332811
2021,CO2/CO/NOx,2021-03-01 14:00:00+01:00,0.9683055495415042
2021,CO2/CO/NOx,2021-03-01 15:00:00+01:00,0.9502905717204525
2021,CO2/CO/NOx,2021-03-01 16:00:00+01:00,0.9786341057107208
2021,CO2/CO/NOx,2021-03-01 17:00:00+01:00,1.0536835848398847
2021,CO2/CO/NOx,2021-03-01 18:00:00+01:00,1.1436847368297858
2021,CO2/CO/NOx,2021-03-01 19:00:00+01:00,1.2110716211733998
2021,CO2/CO/NOx,2021-03-01 20:00:00+01:00,1.247878345303704
2021,CO2/CO/NOx,2021-03-01 21:00:00+01:00,1.257500515824721
2021,CO2/CO/NOx,2021-03-01 22:00:00+01:00,1.2537991194640017
2021,CO2/CO/NOx,2021-03-01 23:00:00+01:00,1.2308396279499194
2021,CO2/CO/NOx,2021-03-02 00:00:00+01:00,1.195384893143544
2021,CO2/CO/NOx,2021-03-02 01:00:00+01:00,1.197666331054312
2021,CO2/CO/NOx,2021-03-02 02:00:00+01:00,1.2362624297107359
2021,CO2/CO/NOx,2021-03-02 03:00:00+01:00,1.3180109397481343
2021,CO2/CO/NOx,2021-03-02 04:00:00+01:00,1.4088659733984044
2021,CO2/CO/NOx,2021-03-02 05:00:00+01:00,1.50137596100423
2021,CO2/CO/NOx,2021-03-02 06:00:00+01:00,1.5731388531377284
2021,CO2/CO/NOx,2021-03-02 07:00:00+01:00,1.6068118747220477
2021,CO2/CO/NOx,2021-03-02 08:00:00+01:00,1.5467055982695224
2021,CO2/CO/NOx,2021-03-02 09:00:00+01:00,1.4305044354667489
2021,CO2/CO/NOx,2021-03-02 10:00:00+01:00,1.2876927840011232
2021,CO2/CO/NOx,2021-03-02 11:00:00+01:00,1.1243506931029545
2021,CO2/CO/NOx,2021-03-02 12:00:00+01:00,0.98005340609483
2021,CO2/CO/NOx,2021-03-02 13:00:00+01:00,0.8971822747698416
2021,CO2/CO/NOx,2021-03-02 14:00:00+01:00,0.8511029326862793
2021,CO2/CO/NOx,2021-03-02 15:00:00+01:00,0.8724207437663478
2021,CO2/CO/NOx,2021-03-02 16:00:00+01:00,0.933299689831097
2021,CO2/CO/NOx,2021-03-02 17:00:00+01:00,0.9831167222233398
2021,CO2/CO/NOx,2021-03-02 18:00:00+01:00,1.0887137090752719
2021,CO2/CO/NOx,2021-03-02 19:00:00+01:00,1.1696259351563592
2021,CO2/CO/NOx,2021-03-02 20:00:00+01:00,1.2254622272080375
2021,CO2/CO/NOx,2021-03-02 21:00:00+01:00,1.2551465700960232
2021,CO2/CO/NOx,2021-03-02 22:00:00+01:00,1.2706503959076505
2021,CO2/CO/NOx,2021-03-02 23:00:00+01:00,1.2664190212058295
2021,CO2/CO/NOx,2021-03-03 00:00:00+01:00,1.2491032782386176
2021,CO2/CO/NOx,2021-03-03 01:00:00+01:00,1.2490646358793345
2021,CO2/CO/NOx,2021-03-03 02:00:00+01:00,1.2872247666553605
2021,CO2/CO/NOx,2021-03-03 03:00:00+01:00,1.363957164203082
2021,CO2/CO/NOx,2021-03-03 04:00:00+01:00,1.426645103027447
2021,CO2/CO/NOx,2021-03-03 05:00:00+01:00,1.4896050637147136
2021,CO2/CO/NOx,2021-03-03 06:00:00+01:00,1.5473102718473617
2021,CO2/CO/NOx,2021-03-03 07:00:00+01:00,1.5382180588697971
2021,CO2/CO/NOx,2021-03-03 08:00:00+01:00,1.4620586074643875
2021,CO2/CO/NOx,2021-03-03 09:00:00+01:00,1.3171998591401233
2021,CO2/CO/NOx,2021-03-03 10:00:00+01:00,1.1787718007449561
2021,CO2/CO/NOx,2021-03-03 11:00:00+01:00,1.0571997978806262
2021,CO2/CO/NOx,2021-03-03 12:00:00+01:00,0.9535291895793687
2021,CO2/CO/NOx,2021-03-03 13:00:00+01:00,0.8915092040161605
2021,CO2/CO/NOx,2021-03-03 14:00:00+01:00,0.8804937414801594
2021,CO2/CO/NOx,2021-03-03 15:00:00+01:00,0.9218364924735148
2021,CO2/CO/NOx,2021-03-03 16:00:00+01:00,0.958620082741656
2021,CO2/CO/NOx,2021-03-03 17:00:00+01:00,1.0258947927201352
2021,CO2/CO/NOx,2021-03-03 18:00:00+01:00,1.1055778269869552
2021,CO2/CO/NOx,2021-03-03 19:00:00+01:00,1.1613579810934294
2021,CO2/CO/NOx,2021-03-03 20:00:00+01:00,1.18593425398074
2021,CO2/CO/NOx,2021-03-03 21:00:00+01:00,1.192818304925393
2021,CO2/CO/NOx,2021-03-03 22:00:00+01:00,1.1670359429389994
2021,CO2/CO/NOx,2021-03-03 23:00:00+01:00,1.1273968762215905
2021,CO2/CO/NOx,2021-03-04 00:00:00+01:00,1.075621567809943
2021,CO2/CO/NOx,2021-03-04 01:00:00+01:00,1.0427493010579079
2021,CO2/CO/NOx,2021-03-04 02:00:00+01:00,1.0557146361597902
2021,CO2/CO/NOx,2021-03-04 03:00:00+01:00,1.093620243987796
2021,CO2/CO/NOx,2021-03-04 04:00:00+01:00,1.138440905297111
2021,CO2/CO/NOx,2021-03-04 05:00:00+01:00,1.198310782294466
2021,CO2/CO/NOx,2021-03-04 06:00:00+01:00,1.2423228344522559
2021,CO2/CO/NOx,2021-03-04 07:00:00+01:00,1.2354552669388517
2021,CO2/CO/NOx,2021-03-04 08:00:00+01:00,1.198211244946101
2021,CO2/CO/NOx,2021-03-04 09:00:00+01:00,1.1130973261513313
2021,CO2/CO/NOx,2021-03-04 10:00:00+01:00,1.0379559766397741
2021,CO2/CO/NOx,2021-03-04 11:00:00+01:00,0.9500175707203431
2021,CO2/CO/NOx,2021-03-04 12:00:00+01:00,0.8715160633737841
2021,CO2/CO/NOx,2021-03-04 13:00:00+01:00,0.8354700172904023
2021,CO2/CO/NOx,2021-03-04 14:00:00+01:00,0.8335652654810163
2021,CO2/CO/NOx,2021-03-04 15:00:00+01:00,0.8418958656110066
2021,CO2/CO/NOx,2021-03-04 16:00:00+01:00,0.8585298569974141
2021,CO2/CO/NOx,2021-03-04 17:00:00+01:00,0.8864585383829011
2021,CO2/CO/NOx,2021-03-04 18:00:00+01:00,0.9353569760506416
2021,CO2/CO/NOx,2021-03-04 19:00:00+01:00,0.9622541482538907
2021,CO2/CO/NOx,2021-03-04 20:00:00+01:00,0.96574278577846
2021,CO2/CO/NOx,2021-03-04 21:00:00+01:00,0.9715933961213552
2021,CO2/CO/NOx,2021-03-04 22:00:00+01:00,0.9794891660505859
2021,CO2/CO/NOx,2021-03-04 23:00:00+01:00,0.9830370017085136
2021,CO2/CO/NOx,2021-03-05 00:00:00+01:00,0.9753496610282194
2021,CO2/CO/NOx,2021-03-05 01:00:00+01:00,0.9865486637193595
2021,CO2/CO/NOx,2021-03-05 02:00:00+01:00,1.0075805254482604
2021,CO2/CO/NOx,2021-03-05 03:00:00+01:00,1.0402348037410452
2021,CO2/CO/NOx,2021-03-05 04:00:00+01:00,1.059454284276186
2021,CO2/CO/NOx,2021-03-05 05:00:00+01:00,1.1014498371078834
2021,CO2/CO/NOx,2021-03-05 06:00:00+01:00,1.1659508810799186
2021,CO2/CO/NOx,2021-03-05 07:00:00+01:00,1.2445823244435867
2021,CO2/CO/NOx,2021-03-05 08:00:00+01:00,1.3110442922204948
2021,CO2/CO/NOx,2021-03-05 09:00:00+01:00,1.3439602303404488
2021,CO2/CO/NOx,2021-03-05 10:00:00+01:00,1.371222527995477
2021,CO2/CO/NOx,2021-03-05 11:00:00+01:00,1.3701750932174792
2021,CO2/CO/NOx,2021-03-05 12:00:00+01:00,1.3320625946880122
2021,CO2/CO/NOx,2021-03-05 13:00:00+01:00,1.300273719405578
2021,CO2/CO/NOx,2021-03-05 14:00:00+01:00,1.2847791220676006
2021,CO2/CO/NOx,2021-03-05 15:00:00+01:00,1.3062837685484372
2021,CO2/CO/NOx,2021-03-05 16:00:00+01:00,1.357446827968853
2021,CO2/CO/NOx,2021-03-05 17:00:00+01:00,1.4096481182309482
2021,CO2/CO/NOx,2021-03-05 18:00:00+01:00,1.4736687149259002
2021,CO2/CO/NOx,2021-03-05 19:00:00+01:00,1.5306913030030311
2021,CO2/CO/NOx,2021-03-05 20:00:00+01:00,1.5602001426337138
2021,CO2/CO/NOx,2021-03-05 21:00:00+01:00,1.5615781713903942
2021,CO2/CO/NOx,2021-03-05 22:00:00+01:00,1.557400578777849
2021,CO2/CO/NOx,2021-03-05 23:00:00+01:00,1.55337402401558
2021,CO2/CO/NOx,2021-03-06 00:00:00+01:00,1.5354106526100024
2021,CO2/CO/NOx,2021-03-06 01:00:00+01:00,1.5369311063877633
2021,CO2/CO/NOx,2021-03-06 02:00:00+01:00,1.5594079400422955
2021,CO2/CO/NOx,2021-03-06 03:00:00+01:00,1.6123188210262025
2021,CO2/CO/NOx,2021-03-06 04:00:00+01:00,1.6590674763013402
2021,CO2/CO/NOx,2021-03-06 05:00:00+01:00,1.7099938954137002
2021,CO2/CO/NOx,2021-03-06 06:00:00+01:00,1.743784041658245
2021,CO2/CO/NOx,2021-03-06 07:00:00+01:00,1.765037231417638
2021,CO2/CO/NOx,2021-03-06 08:00:00+01:00,1.7637764544697556
2021,CO2/CO/NOx,2021-03-06 09:00:00+01:00,1.7342735453763944
2021,CO2/CO/NOx,2021-03-06 10:00:00+01:00,1.7088093765966983
2021,CO2/CO/NOx,2021-03-06 11:00:00+01:00,1.6665390231047321
2021,CO2/CO/NOx,2021-03-06 12:00:00+01:00,1.610246093328494
2021,CO2/CO/NOx,2021-03-06 13:00:00+01:00,1.5604672411170832
2021,CO2/CO/NOx,2021-03-06 14:00:00+01:00,1.5406164734748777
2021,CO2/CO/NOx,2021-03-06 15:00:00+01:00,1.5401586190344876
2021,CO2/CO/NOx,2021-03-06 16:00:00+01:00,1.5716193768295421
2021,CO2/CO/NOx,2021-03-06 17:00:00+01:00,1.6084243259050826
2021,CO2/CO/NOx,2021-03-06 18:00:00+01:00,1.6606998333122047
2021,CO2/CO/NOx,2021-03-06 19:00:00+01:00,1.6824113046588958
2021,CO2/CO/NOx,2021-03-06 20:00:00+01:00,1.6716366683194797
2021,CO2/CO/NOx,2021-03-06 21:00:00+01:00,1.6410672743514014
2021,CO2/CO/NOx,2021-03-06 22:00:00+01:00,1.606340520274733
2021,CO2/CO/NOx,2021-03-06 23:00:00+01:00,1.5875549606623567
2021,CO2/CO/NOx,2021-03-07 00:00:00+01:00,1.552314612151996
2021,CO2/CO/NOx,2021-03-07 01:00:00+01:00,1.5523546696412613
2021,CO2/CO/NOx,2021-03-07 02:00:00+01:00,1.5702675000444963
2021,CO2/CO/NOx,2021-03-07 03:00:00+01:00,1.6136939398863483
2021,CO2/CO/NOx,2021-03-07 04:00:00+01:00,1.6781061211205779
2021,CO2/CO/NOx,2021-03-07 05:00:00+01:00,1.738694092324766
2021,CO2/CO/NOx,2021-03-07 06:00:00+01:00,1.7838308761435422
2021,CO2/CO/NOx,2021-03-07 07:00:00+01:00,1.8007924126330306
2021,CO2/CO/NOx,2021-03-07 08:00:00+01:00,1.7751634334724449
2021,CO2/CO/NOx,2021-03-07 09:00:00+01:00,1.6924811586465618
2021,CO2/CO/NOx,2021-03-07 10:00:00+01:00,1.600072925894183
2021,CO2/CO/NOx,2021-03-07 11:00:00+01:00,1.4738455012785117
2021,CO2/CO/NOx,2021-03-07 12:00:00+01:00,1.335514224674255
2021,CO2/CO/NOx,2021-03-07 13:00:00+01:00,1.2273050933367737
2021,CO2/CO/NOx,2021-03-07 14:00:00+01:00,1.1718013476240519
2021,CO2/CO/NOx,2021-03-07 15:00:00+01:00,1.1791320165511676
2021,CO2/CO/NOx,2021-03-07 16:00:00+01:00,1.2149330133890672
2021,CO2/CO/NOx,2021-03-07 17:00:00+01:00,1.2705532034624731
2021,CO2/CO/NOx,2021-03-07 18:00:00+01:00,1.3653673745513946
2021,CO2/CO/NOx,2021-03-07 19:00:00+01:00,1.4397040781879666
2021,CO2/CO/NOx,2021-03-07 20:00:00+01:00,1.468857156437985
2021,CO2/CO/NOx,2021-03-07 21:00:00+01:00,1.4424578129365566
2021,CO2/CO/NOx,2021-03-07 22:00:00+01:00,1.3902903958536255
2021,CO2/CO/NOx,2021-03-07 23:00:00+01:00,1.360221462046872
2021,CO2/CO/NOx,2021-03-08 00:00:00+01:00,1.3308377753145546
2021,CO2/CO/NOx,2021-03-08 01:00:00+01:00,1.2988848504325174
2021,CO2/CO/NOx,2021-03-08 02:00:00+01:00,1.3110980246491926
2021,CO2/CO/NOx,2021-03-08 03:00:00+01:00,1.3875506948798653
2021,CO2/CO/NOx,2021-03-08 04:00:00+01:00,1.50432912608257
2021,CO2/CO/NOx,2021-03-08 05:00:00+01:00,1.6353076734734835
2021,CO2/CO/NOx,2021-03-08 06:00:00+01:00,1.7289099953333742
2021,CO2/CO/NOx,2021-03-08 07:00:00+01:00,1.7797725193092544
2021,CO2/CO/NOx,2021-03-08 08:00:00+01:00,1.7716192353882336
2021,CO2/CO/NOx,2021-03-08 09:00:00+01:00,1.7050083893442263
2021,CO2/CO/NOx,2021-03-08 10:00:00+01:00,1.6066237138103767
2021,CO2/CO/NOx,2021-03-08 11:00:00+01:00,1.5194115147964469
2021,CO2/CO/NOx,2021-03-08 12:00:00+01:00,1.4363622636888822
2021,CO2/CO/NOx,2021-03-08 13:00:00+01:00,1.3973926129112908
2021,CO2/CO/NOx,2021-03-08 14:00:00+01:00,1.3931833870406893
2021,CO2/CO/NOx,2021-03-08 15:00:00+01:00,1.4151204007422258
2021,CO2/CO/NOx,2021-03-08 16:00:00+01:00,1.448020925931213
2021,CO2/CO/NOx,2021-03-08 17:00:00+01:00,1.4775134015412976
2021,CO2/CO/NOx,2021-03-08 18:00:00+01:00,1.5237037285965007
2021,CO2/CO/NOx,2021-03-08 19:00:00+01:00,1.5631934261562368
2021,CO2/CO/NOx,2021-03-08 20:00:00+01:00,1.5824645879497543
2021,CO2/CO/NOx,2021-03-08 21:00:00+01:00,1.5615659313625645
2021,CO2/CO/NOx,2021-03-08 22:00:00+01:00,1.5374273343927662
2021,CO2/CO/NOx,2021-03-08 23:00:00+01:00,1.5161058164834422
2021,CO2/CO/NOx,2021-03-09 00:00:00+01:00,1.4915968290937194
2021,CO2/CO/NOx,2021-03-09 01:00:00+01:00,1.5045797191854613
2021,CO2/CO/NOx,2021-03-09 02:00:00+01:00,1.5559944896462563
2021,CO2/CO/NOx,2021-03-09 03:00:00+01:00,1.6565848447854319
2021,CO2/CO/NOx,2021-03-09 04:00:00+01:00,1.755201866275782
2021,CO2/CO/NOx,2021-03-09 05:00:00+01:00,1.8445126051569383
2021,CO2/CO/NOx,2021-03-09 06:00:00+01:00,1.9110744997522457
2021,CO2/CO/NOx,2021-03-09 07:00:00+01:00,1.9201595506014257
2021,CO2/CO/NOx,2021-03-09 08:00:00+01:00,1.8718862455713825
2021,CO2/CO/NOx,2021-03-09 09:00:00+01:00,1.7655817576000057
2021,CO2/CO/NOx,2021-03-09 10:00:00+01:00,1.663158031056805
2021,CO2/CO/NOx,2021-03-09 11:00:00+01:00,1.5600968559224277
2021,CO2/CO/NOx,2021-03-09 12:00:00+01:00,1.4758171844296772
2021,CO2/CO/NOx,2021-03-09 13:00:00+01:00,1.420943332174951
2021,CO2/CO/NOx,2021-03-09 14:00:00+01:00,1.4091375785856965
2021,CO2/CO/NOx,2021-03-09 15:00:00+01:00,1.440716358963535
2021,CO2/CO/NOx,2021-03-09 16:00:00+01:00,1.4921959864322716
2021,CO2/CO/NOx,2021-03-09 17:00:00+01:00,1.5506155791732263
2021,CO2/CO/NOx,2021-03-09 18:00:00+01:00,1.615759831550109
2021,CO2/CO/NOx,2021-03-09 19:00:00+01:00,1.6301388163494246
2021,CO2/CO/NOx,2021-03-09 20:00:00+01:00,1.609087414632821
2021,CO2/CO/NOx,2021-03-09 21:00:00+01:00,1.5634962251448719
2021,CO2/CO/NOx,2021-03-09 22:00:00+01:00,1.5117105769758925
2021,CO2/CO/NOx,2021-03-09 23:00:00+01:00,1.4610215366347006
2021,CO2/CO/NOx,2021-03-10 00:00:00+01:00,1.4103610928462507
2021,CO2/CO/NOx,2021-03-10 01:00:00+01:00,1.4092610868061102
2021,CO2/CO/NOx,2021-03-10 02:00:00+01:00,1.4420223479794931
2021,CO2/CO/NOx,2021-03-10 03:00:00+01:00,1.5018761113938721
2021,CO2/CO/NOx,2021-03-10 04:00:00+01:00,1.543111462184207
2021,CO2/CO/NOx,2021-03-10 05:00:00+01:00,1.5927808792752811
2021,CO2/CO/NOx,2021-03-10 06:00:00+01:00,1.6518626099457359
2021,CO2/CO/NOx,2021-03-10 07:00:00+01:00,1.6888568811935762
2021,CO2/CO/NOx,2021-03-10 08:00:00+01:00,1.690822030968329
2021,CO2/CO/NOx,2021-03-10 09:00:00+01:00,1.6507540932631641
2021,CO2/CO/NOx,2021-03-10 10:00:00+01:00,1.6221868962334811
2021,CO2/CO/NOx,2021-03-10 11:00:00+01:00,1.5897520628709243
2021,CO2/CO/NOx,2021-03-10 12:00:00+01:00,1.532970107058172
2021,CO2/CO/NOx,2021-03-10 13:00:00+01:00,1.4705813055432166
2021,CO2/CO/NOx,2021-03-10 14:00:00+01:00,1.424498330415128
2021,CO2/CO/NOx,2021-03-10 15:00:00+01:00,1.4220279547606287
2021,CO2/CO/NOx,2021-03-10 16:00:00+01:00,1.4365041524748599
2021,CO2/CO/NOx,2021-03-10 17:00:00+01:00,1.4656030939325484
2021,CO2/CO/NOx,2021-03-10 18:00:00+01:00,1.5199484405288706
2021,CO2/CO/NOx,2021-03-10 19:00:00+01:00,1.5556665818912356
2021,CO2/CO/NOx,2021-03-10 20:00:00+01:00,1.5712693690376223
2021,CO2/CO/NOx,2021-03-10 21:00:00+01:00,1.546801400598659
2021,CO2/CO/NOx,2021-03-10 22:00:00+01:00,1.4985160584543114
2021,CO2/CO/NOx,2021-03-10 23:00:00+01:00,1.4442160457642703
2021,CO2/CO/NOx,2021-03-11 00:00:00+01:00,1.3831340425280025
2021,CO2/CO/NOx,2021-03-11 01:00:00+01:00,1.3495208875492515
2021,CO2/CO/NOx,2021-03-11 02:00:00+01:00,1.3344955604711837
2021,CO2/CO/NOx,2021-03-11 03:00:00+01:00,1.3486193704643854
2021,CO2/CO/NOx,2021-03-11 04:00:00+01:00,1.3654748384538964
2021,CO2/CO/NOx,2021-03-11 05:00:00+01:00,1.4190471122083452
2021,CO2/CO/NOx,2021-03-11 06:00:00+01:00,1.431511230214761
2021,CO2/CO/NOx,2021-03-11 07:00:00+01:00,1.4102169964660256
2021,CO2/CO/NOx,2021-03-11 08:00:00+01:00,1.3474494172301257
2021,CO2/CO/NOx,2021-03-11 09:00:00+01:00,1.2461009411280117
2021,CO2/CO/NOx,2021-03-11 10:00:00+01:00,1.1503875698029409
2021,CO2/CO/NOx,2021-03-11 11:00:00+01:00,1.0581850571986482
2021,CO2/CO/NOx,2021-03-11 12:00:00+01:00,0.981191663144829
2021,CO2/CO/NOx,2021-03-11 13:00:00+01:00,0.9394996432356073
2021,CO2/CO/NOx,2021-03-11 14:00:00+01:00,0.93591246039104
2021,CO2/CO/NOx,2021-03-11 15:00:00+01:00,0.9174107796209311
2021,CO2/CO/NOx,2021-03-11 16:00:00+01:00,0.9382012890886393
2021,CO2/CO/NOx,2021-03-11 17:00:00+01:00,0.9579610318762686
2021,CO2/CO/NOx,2021-03-11 18:00:00+01:00,0.9984819599646012
2021,CO2/CO/NOx,2021-03-11 19:00:00+01:00,1.0175100014399023
2021,CO2/CO/NOx,2021-03-11 20:00:00+01:00,0.9913031561735698
2021,CO2/CO/NOx,2021-03-11 21:00:00+01:00,0.9767615627726901
2021,CO2/CO/NOx,2021-03-11 22:00:00+01:00,0.9819270845618941
2021,CO2/CO/NOx,2021-03-11 23:00:00+01:00,1.0098425226689438
2021,CO2/CO/NOx,2021-03-12 00:00:00+01:00,1.0489333086736898
2021,CO2/CO/NOx,2021-03-12 01:00:00+01:00,1.1123011125936297
2021,CO2/CO/NOx,2021-03-12 02:00:00+01:00,1.1622876819437125
2021,CO2/CO/NOx,2021-03-12 03:00:00+01:00,1.2074570580861907
2021,CO2/CO/NOx,2021-03-12 04:00:00+01:00,1.2099627044620969
2021,CO2/CO/NOx,2021-03-12 05:00:00+01:00,1.176806973837792
2021,CO2/CO/NOx,2021-03-12 06:00:00+01:00,1.1842464253322422
2021,CO2/CO/NOx,2021-03-12 07:00:00+01:00,1.186738567180415
2021,CO2/CO/NOx,2021-03-12 08:00:00+01:00,1.1753085134110395
2021,CO2/CO/NOx,2021-03-12 09:00:00+01:00,1.1346186706409236
2021,CO2/CO/NOx,2021-03-12 10:00:00+01:00,1.0795523934367426
2021,CO2/CO/NOx,2021-03-12 11:00:00+01:00,1.0148374151047381
2021,CO2/CO/NOx,2021-03-12 12:00:00+01:00,0.945979147498768
2021,CO2/CO/NOx,2021-03-12 13:00:00+01:00,0.8914243143832958
2021,CO2/CO/NOx,2021-03-12 14:00:00+01:00,0.8633995978617246
2021,CO2/CO/NOx,2021-03-12 15:00:00+01:00,0.8817788531757504
2021,CO2/CO/NOx,2021-03-12 16:00:00+01:00,0.9208906699698587
2021,CO2/CO/NOx,2021-03-12 17:00:00+01:00,0.9743633686278631
2021,CO2/CO/NOx,2021-03-12 18:00:00+01:00,1.055586801550558
2021,CO2/CO/NOx,2021-03-12 19:00:00+01:00,1.111949446360932
2021,CO2/CO/NOx,2021-03-12 20:00:00+01:00,1.1374705009740609
2021,CO2/CO/NOx,2021-03-12 21:00:00+01:00,1.1310154098096572
2021,CO2/CO/NOx,2021-03-12 22:00:00+01:00,1.103199602347922
2021,CO2/CO/NOx,2021-03-12 23:00:00+01:00,1.068701931711499
2021,CO2/CO/NOx,2021-03-13 00:00:00+01:00,1.0253726589654368
2021,CO2/CO/NOx,2021-03-13 01:00:00+01:00,1.0114053619578423
2021,CO2/CO/NOx,2021-03-13 02:00:00+01:00,1.0212222295615747
2021,CO2/CO/NOx,2021-03-13 03:00:00+01:00,1.0563052485309488
2021,CO2/CO/NOx,2021-03-13 04:00:00+01:00,1.0856841668185178
2021,CO2/CO/NOx,2021-03-13 05:00:00+01:00,1.1225057493821469
2021,CO2/CO/NOx,2021-03-13 06:00:00+01:00,1.1515815983691344
2021,CO2/CO/NOx,2021-03-13 07:00:00+01:00,1.1619967993360167
2021,CO2/CO/NOx,2021-03-13 08:00:00+01:00,1.147112117186985
2021,CO2/CO/NOx,2021-03-13 09:00:00+01:00,1.1007398280411442
2021,CO2/CO/NOx,2021-03-13 10:00:00+01:00,1.047674729784189
2021,CO2/CO/NOx,2021-03-13 11:00:00+01:00,0.991424508344736
2021,CO2/CO/NOx,2021-03-13 12:00:00+01:00,0.93073984894698
2021,CO2/CO/NOx,2021-03-13 13:00:00+01:00,0.8971613365792369
2021,CO2/CO/NOx,2021-03-13 14:00:00+01:00,0.8945823729586015
2021,CO2/CO/NOx,2021-03-13 15:00:00+01:00,0.9261623671673308
2021,CO2/CO/NOx,2021-03-13 16:00:00+01:00,0.9799186538258768
2021,CO2/CO/NOx,2021-03-13 17:00:00+01:00,1.0447179647838833
2021,CO2/CO/NOx,2021-03-13 18:00:00+01:00,1.123519125183344
2021,CO2/CO/NOx,2021-03-13 19:00:00+01:00,1.1625739029490243
2021,CO2/CO/NOx,2021-03-13 20:00:00+01:00,1.1721091020075265
2021,CO2/CO/NOx,2021-03-13 21:00:00+01:00,1.1343070635784118
2021,CO2/CO/NOx,2021-03-13 22:00:00+01:00,1.0905994502314733
2021,CO2/CO/NOx,2021-03-13 23:00:00+01:00,1.0593679037756807
2021,CO2/CO/NOx,2021-03-14 00:00:00+01:00,1.0448170104838295
2021,CO2/CO/NOx,2021-03-14 01:00:00+01:00,1.0578422200210815
2021,CO2/CO/NOx,2021-03-14 02:00:00+01:00,1.1021253340959496
2021,CO2/CO/NOx,2021-03-14 03:00:00+01:00,1.177464970406311
2021,CO2/CO/NOx,2021-03-14 04:00:00+01:00,1.2463245698742338
2021,CO2/CO/NOx,2021-03-14 05:00:00+01:00,1.3198950497428188
2021,CO2/CO/NOx,2021-03-14 06:00:00+01:00,1.3720931032088621
2021,CO2/CO/NOx,2021-03-14 07:00:00+01:00,1.4251167373497395
2021,CO2/CO/NOx,2021-03-14 08:00:00+01:00,1.4486869788087209
2021,CO2/CO/NOx,2021-03-14 09:00:00+01:00,1.4323724709624317
2021,CO2/CO/NOx,2021-03-14 10:00:00+01:00,1.4023379012646329
2021,CO2/CO/NOx,2021-03-14 11:00:00+01:00,1.3632459072850929
2021,CO2/CO/NOx,2021-03-14 12:00:00+01:00,1.3157292242968208
2021,CO2/CO/NOx,2021-03-14 13:00:00+01:00,1.2842260988217982
2021,CO2/CO/NOx,2021-03-14 14:00:00+01:00,1.286446088384474
2021,CO2/CO/NOx,2021-03-14 15:00:00+01:00,1.3214497626772448
2021,CO2/CO/NOx,2021-03-14 16:00:00+01:00,1.383723260270598
2021,CO2/CO/NOx,2021-03-14 17:00:00+01:00,1.4480243438642648
2021,CO2/CO/NOx,2021-03-14 18:00:00+01:00,1.5195123848294678
2021,CO2/CO/NOx,2021-03-14 19:00:00+01:00,1.5589123307055572
2021,CO2/CO/NOx,2021-03-14 20:00:00+01:00,1.5539240454079057
2021,CO2/CO/NOx,2021-03-14 21:00:00+01:00,1.5089466828091354
2021,CO2/CO/NOx,2021-03-14 22:00:00+01:00,1.451419779040973
2021,CO2/CO/NOx,2021-03-14 23:00:00+01:00,1.3971536683896923
2021,CO2/CO/NOx,2021-03-15 00:00:00+01:00,1.344681994444374
2021,CO2/CO/NOx,2021-03-15 01:00:00+01:00,1.3366435017499805
2021,CO2/CO/NOx,2021-03-15 02:00:00+01:00,1.3817183020181747
2021,CO2/CO/NOx,2021-03-15 03:00:00+01:00,1.460570062231676
2021,CO2/CO/NOx,2021-03-15 04:00:00+01:00,1.5330553053301208
2021,CO2/CO/NOx,2021-03-15 05:00:00+01:00,1.594685475104976
2021,CO2/CO/NOx,2021-03-15 06:00:00+01:00,1.6546118435981456
2021,CO2/CO/NOx,2021-03-15 07:00:00+01:00,1.6799938312207983
2021,CO2/CO/NOx,2021-03-15 08:00:00+01:00,1.6741047879439808
2021,CO2/CO/NOx,2021-03-15 09:00:00+01:00,1.6344665966654897
2021,CO2/CO/NOx,2021-03-15 10:00:00+01:00,1.611454161519036
2021,CO2/CO/NOx,2021-03-15 11:00:00+01:00,1.5875589032575148
2021,CO2/CO/NOx,2021-03-15 12:00:00+01:00,1.5571248666499733
2021,CO2/CO/NOx,2021-03-15 13:00:00+01:00,1.5395980715239936
2021,CO2/CO/NOx,2021-03-15 14:00:00+01:00,1.5354858586961837
2021,CO2/CO/NOx,2021-03-15 15:00:00+01:00,1.5607821766346657
2021,CO2/CO/NOx,2021-03-15 16:00:00+01:00,1.5746350562686702
2021,CO2/CO/NOx,2021-03-15 17:00:00+01:00,1.5922544313902178
2021,CO2/CO/NOx,2021-03-15 18:00:00+01:00,1.6230758735100745
2021,CO2/CO/NOx,2021-03-15 19:00:00+01:00,1.62444852981834
2021,CO2/CO/NOx,2021-03-15 20:00:00+01:00,1.6081450823935362
2021,CO2/CO/NOx,2021-03-15 21:00:00+01:00,1.5771343323264089
2021,CO2/CO/NOx,2021-03-15 22:00:00+01:00,1.536410575025101
2021,CO2/CO/NOx,2021-03-15 23:00:00+01:00,1.493622821182641
2021,CO2/CO/NOx,2021-03-16 00:00:00+01:00,1.444560775518902
2021,CO2/CO/NOx,2021-03-16 01:00:00+01:00,1.4258217102091135
2021,CO2/CO/NOx,2021-03-16 02:00:00+01:00,1.4410712662267646
2021,CO2/CO/NOx,2021-03-16 03:00:00+01:00,1.4807707477415863
2021,CO2/CO/NOx,2021-03-16 04:00:00+01:00,1.5353960929209094
2021,CO2/CO/NOx,2021-03-16 05:00:00+01:00,1.5990917475399071
2021,CO2/CO/NOx,2021-03-16 06:00:00+01:00,1.6542416102696815
2021,CO2/CO/NOx,2021-03-16 07:00:00+01:00,1.6849237617743413
2021,CO2/CO/NOx,2021-03-16 08:00:00+01:00,1.6843065549787208
2021,CO2/CO/NOx,2021-03-16 09:00:00+01:00,1.641226503710019
2021,CO2/CO/NOx,2021-03-16 10:00:00+01:00,1.6082054651639057
2021,CO2/CO/NOx,2021-03-16 11:00:00+01:00,1.5648570577419691
2021,CO2/CO/NOx,2021-03-16 12:00:00+01:00,1.5211823348546143
2021,CO2/CO/NOx,2021-03-16 13:00:00+01:00,1.5209276839925954
2021,CO2/CO/NOx,2021-03-16 14:00:00+01:00,1.5293063684000234
2021,CO2/CO/NOx,2021-03-16 15:00:00+01:00,1.548475050009517
2021,CO2/CO/NOx,2021-03-16 16:00:00+01:00,1.577098207209207
2021,CO2/CO/NOx,2021-03-16 17:00:00+01:00,1.6042437593619665
2021,CO2/CO/NOx,2021-03-16 18:00:00+01:00,1.6392886381660123
2021,CO2/CO/NOx,2021-03-16 19:00:00+01:00,1.6436554574334779
2021,CO2/CO/NOx,2021-03-16 20:00:00+01:00,1.6190373091378332
2021,CO2/CO/NOx,2021-03-16 21:00:00+01:00,1.581847048342074
2021,CO2/CO/NOx,2021-03-16 22:00:00+01:00,1.5479457224030109
2021,CO2/CO/NOx,2021-03-16 23:00:00+01:00,1.5077301521881497
2021,CO2/CO/NOx,2021-03-17 00:00:00+01:00,1.455539144043685
2021,CO2/CO/NOx,2021-03-17 01:00:00+01:00,1.447455628072826
2021,CO2/CO/NOx,2021-03-17 02:00:00+01:00,1.4774891914809978
2021,CO2/CO/NOx,2021-03-17 03:00:00+01:00,1.5467866803270809
2021,CO2/CO/NOx,2021-03-17 04:00:00+01:00,1.6193704456073115
2021,CO2/CO/NOx,2021-03-17 05:00:00+01:00,1.6875856616859342
2021,CO2/CO/NOx,2021-03-17 06:00:00+01:00,1.7540985684468515
2021,CO2/CO/NOx,2021-03-17 07:00:00+01:00,1.786681759319847
2021,CO2/CO/NOx,2021-03-17 08:00:00+01:00,1.774774086191827
2021,CO2/CO/NOx,2021-03-17 09:00:00+01:00,1.728322880313745
2021,CO2/CO/NOx,2021-03-17 10:00:00+01:00,1.6869828246992502
2021,CO2/CO/NOx,2021-03-17 11:00:00+01:00,1.64692947388039
2021,CO2/CO/NOx,2021-03-17 12:00:00+01:00,1.6265503012633977
2021,CO2/CO/NOx,2021-03-17 13:00:00+01:00,1.6241535311833113
2021,CO2/CO/NOx,2021-03-17 14:00:00+01:00,1.6205825794468207
2021,CO2/CO/NOx,2021-03-17 15:00:00+01:00,1.6492894964909315
2021,CO2/CO/NOx,2021-03-17 16:00:00+01:00,1.6604048820280104
2021,CO2/CO/NOx,2021-03-17 17:00:00+01:00,1.6644842716659871
2021,CO2/CO/NOx,2021-03-17 18:00:00+01:00,1.6887559988848069
2021,CO2/CO/NOx,2021-03-17 19:00:00+01:00,1.6838253920535737
2021,CO2/CO/NOx,2021-03-17 20:00:00+01:00,1.653776184499414
2021,CO2/CO/NOx,2021-03-17 21:00:00+01:00,1.6384875111438064
2021,CO2/CO/NOx,2021-03-17 22:00:00+01:00,1.606839900774343
2021,CO2/CO/NOx,2021-03-17 23:00:00+01:00,1.5793261464992883
2021,CO2/CO/NOx,2021-03-18 00:00:00+01:00,1.550698584065187
2021,CO2/CO/NOx,2021-03-18 01:00:00+01:00,1.560536696398917
2021,CO2/CO/NOx,2021-03-18 02:00:00+01:00,1.613181803007788
2021,CO2/CO/NOx,2021-03-18 03:00:00+01:00,1.7010814180543508
2021,CO2/CO/NOx,2021-03-18 04:00:00+01:00,1.7828460157093358
2021,CO2/CO/NOx,2021-03-18 05:00:00+01:00,1.850326181551498
2021,CO2/CO/NOx,2021-03-18 06:00:00+01:00,1.913453621884868
2021,CO2/CO/NOx,2021-03-18 07:00:00+01:00,1.922117381544439
2021,CO2/CO/NOx,2021-03-18 08:00:00+01:00,1.8923447446249235
2021,CO2/CO/NOx,2021-03-18 09:00:00+01:00,1.818549449091242
2021,CO2/CO/NOx,2021-03-18 10:00:00+01:00,1.75895018455987
2021,CO2/CO/NOx,2021-03-18 11:00:00+01:00,1.7143274076776585
2021,CO2/CO/NOx,2021-03-18 12:00:00+01:00,1.6944338254964775
2021,CO2/CO/NOx,2021-03-18 13:00:00+01:00,1.7200369659952919
2021,CO2/CO/NOx,2021-03-18 14:00:00+01:00,1.7635261137161602
2021,CO2/CO/NOx,2021-03-18 15:00:00+01:00,1.8236491539839654
2021,CO2/CO/NOx,2021-03-18 16:00:00+01:00,1.8589237599182036
2021,CO2/CO/NOx,2021-03-18 17:00:00+01:00,1.8747244598611728
2021,CO2/CO/NOx,2021-03-18 18:00:00+01:00,1.8836490881785102
2021,CO2/CO/NOx,2021-03-18 19:00:00+01:00,1.8450235735228935
2021,CO2/CO/NOx,2021-03-18 20:00:00+01:00,1.793591795198443
2021,CO2/CO/NOx,2021-03-18 21:00:00+01:00,1.7382889803243173
2021,CO2/CO/NOx,2021-03-18 22:00:00+01:00,1.6918265280257108
2021,CO2/CO/NOx,2021-03-18 23:00:00+01:00,1.6567798567241578
2021,CO2/CO/NOx,2021-03-19 00:00:00+01:00,1.6283619615601406
2021,CO2/CO/NOx,2021-03-19 01:00:00+01:00,1.6330486824172428
2021,CO2/CO/NOx,2021-03-19 02:00:00+01:00,1.6758427314926898
2021,CO2/CO/NOx,2021-03-19 03:00:00+01:00,1.7500851282490053
2021,CO2/CO/NOx,2021-03-19 04:00:00+01:00,1.8232690811711822
2021,CO2/CO/NOx,2021-03-19 05:00:00+01:00,1.884198060305837
2021,CO2/CO/NOx,2021-03-19 06:00:00+01:00,1.9215792642001
2021,CO2/CO/NOx,2021-03-19 07:00:00+01:00,1.9386161355124465
2021,CO2/CO/NOx,2021-03-19 08:00:00+01:00,1.9106904953397184
2021,CO2/CO/NOx,2021-03-19 09:00:00+01:00,1.8290252509526332
2021,CO2/CO/NOx,2021-03-19 10:00:00+01:00,1.75927034917159
2021,CO2/CO/NOx,2021-03-19 11:00:00+01:00,1.6936400440032258
2021,CO2/CO/NOx,2021-03-19 12:00:00+01:00,1.6482096999293323
2021,CO2/CO/NOx,2021-03-19 13:00:00+01:00,1.6469169238288088
2021,CO2/CO/NOx,2021-03-19 14:00:00+01:00,1.6704108832865698
2021,CO2/CO/NOx,2021-03-19 15:00:00+01:00,1.72223276175702
2021,CO2/CO/NOx,2021-03-19 16:00:00+01:00,1.786847291195274
2021,CO2/CO/NOx,2021-03-19 17:00:00+01:00,1.833268314754181
2021,CO2/CO/NOx,2021-03-19 18:00:00+01:00,1.8773460865002949
2021,CO2/CO/NOx,2021-03-19 19:00:00+01:00,1.8870029367508088
2021,CO2/CO/NOx,2021-03-19 20:00:00+01:00,1.8506654495826984
2021,CO2/CO/NOx,2021-03-19 21:00:00+01:00,1.7885439979114726
2021,CO2/CO/NOx,2021-03-19 22:00:00+01:00,1.7264863294528494
2021,CO2/CO/NOx,2021-03-19 23:00:00+01:00,1.669440603211508
2021,CO2/CO/NOx,2021-03-20 00:00:00+01:00,1.6171860591437268
2021,CO2/CO/NOx,2021-03-20 01:00:00+01:00,1.5936303118817068
2021,CO2/CO/NOx,2021-03-20 02:00:00+01:00,1.6100108157480764
2021,CO2/CO/NOx,2021-03-20 03:00:00+01:00,1.6631028652381301
2021,CO2/CO/NOx,2021-03-20 04:00:00+01:00,1.705001552692235
2021,CO2/CO/NOx,2021-03-20 05:00:00+01:00,1.7415499267030485
2021,CO2/CO/NOx,2021-03-20 06:00:00+01:00,1.7796242514225824
2021,CO2/CO/NOx,2021-03-20 07:00:00+01:00,1.814268252442244
2021,CO2/CO/NOx,2021-03-20 08:00:00+01:00,1.8417779487294892
2021,CO2/CO/NOx,2021-03-20 09:00:00+01:00,1.847964811404325
2021,CO2/CO/NOx,2021-03-20 10:00:00+01:00,1.8598007863148869
2021,CO2/CO/NOx,2021-03-20 11:00:00+01:00,1.8563348802688158
2021,CO2/CO/NOx,2021-03-20 12:00:00+01:00,1.8493577330157616
2021,CO2/CO/NOx,2021-03-20 13:00:00+01:00,1.847756889246408
2021,CO2/CO/NOx,2021-03-20 14:00:00+01:00,1.8552038054573734
2021,CO2/CO/NOx,2021-03-20 15:00:00+01:00,1.8738073066863816
2021,CO2/CO/NOx,2021-03-20 16:00:00+01:00,1.8872522903430475
2021,CO2/CO/NOx,2021-03-20 17:00:00+01:00,1.914724342113082
2021,CO2/CO/NOx,2021-03-20 18:00:00+01:00,1.9390383790382224
2021,CO2/CO/NOx,2021-03-20 19:00:00+01:00,1.932371545723729
2021,CO2/CO/NOx,2021-03-20 20:00:00+01:00,1.904550453798238
2021,CO2/CO/NOx,2021-03-20 21:00:00+01:00,1.8653330410049591
2021,CO2/CO/NOx,2021-03-20 22:00:00+01:00,1.817397692473562
2021,CO2/CO/NOx,2021-03-20 23:00:00+01:00,1.773323027000089
2021,CO2/CO/NOx,2021-03-21 00:00:00+01:00,1.705918134981641
2021,CO2/CO/NOx,2021-03-21 01:00:00+01:00,1.676052163959205
2021,CO2/CO/NOx,2021-03-21 02:00:00+01:00,1.6921992559107977
2021,CO2/CO/NOx,2021-03-21 03:00:00+01:00,1.7390438823315155
2021,CO2/CO/NOx,2021-03-21 04:00:00+01:00,1.7957674463431186
2021,CO2/CO/NOx,2021-03-21 05:00:00+01:00,1.8588213169337504
2021,CO2/CO/NOx,2021-03-21 06:00:00+01:00,1.9014975527919253
2021,CO2/CO/NOx,2021-03-21 07:00:00+01:00,1.9262288331284927
2021,CO2/CO/NOx,2021-03-21 08:00:00+01:00,1.9282729028097263
2021,CO2/CO/NOx,2021-03-21 09:00:00+01:00,1.8873676892991107
2021,CO2/CO/NOx,2021-03-21 10:00:00+01:00,1.8807681203451025
2021,CO2/CO/NOx,2021-03-21 11:00:00+01:00,1.863168493031576
2021,CO2/CO/NOx,2021-03-21 12:00:00+01:00,1.847505470123065
2021,CO2/CO/NOx,2021-03-21 13:00:00+01:00,1.838863441188644
2021,CO2/CO/NOx,2021-03-21 14:00:00+01:00,1.8221570355755101
2021,CO2/CO/NOx,2021-03-21 15:00:00+01:00,1.8112671380636518
2021,CO2/CO/NOx,2021-03-21 16:00:00+01:00,1.7851451470029585
2021,CO2/CO/NOx,2021-03-21 17:00:00+01:00,1.7523998923357524
2021,CO2/CO/NOx,2021-03-21 18:00:00+01:00,1.7372751221104645
2021,CO2/CO/NOx,2021-03-21 19:00:00+01:00,1.7011736845841856
2021,CO2/CO/NOx,2021-03-21 20:00:00+01:00,1.6538711257295649
2021,CO2/CO/NOx,2021-03-21 21:00:00+01:00,1.6114338116611666
2021,CO2/CO/NOx,2021-03-21 22:00:00+01:00,1.580078134356732
2021,CO2/CO/NOx,2021-03-21 23:00:00+01:00,1.5624350606378583
2021,CO2/CO/NOx,2021-03-22 00:00:00+01:00,1.5428536927427954
2021,CO2/CO/NOx,2021-03-22 01:00:00+01:00,1.5469858560527499
2021,CO2/CO/NOx,2021-03-22 02:00:00+01:00,1.5873784812417142
2021,CO2/CO/NOx,2021-03-22 03:00:00+01:00,1.6539286111047484
2021,CO2/CO/NOx,2021-03-22 04:00:00+01:00,1.6988742565704829
2021,CO2/CO/NOx,2021-03-22 05:00:00+01:00,1.7420157144921207
2021,CO2/CO/NOx,2021-03-22 06:00:00+01:00,1.7729766548808217
2021,CO2/CO/NOx,2021-03-22 07:00:00+01:00,1.7802553919503248
2021,CO2/CO/NOx,2021-03-22 08:00:00+01:00,1.760024164521997
2021,CO2/CO/NOx,2021-03-22 09:00:00+01:00,1.7109155950764154
2021,CO2/CO/NOx,2021-03-22 10:00:00+01:00,1.6880237067913992
2021,CO2/CO/NOx,2021-03-22 11:00:00+01:00,1.6688914256194256
2021,CO2/CO/NOx,2021-03-22 12:00:00+01:00,1.655640119360313
2021,CO2/CO/NOx,2021-03-22 13:00:00+01:00,1.6521431341138308
2021,CO2/CO/NOx,2021-03-22 14:00:00+01:00,1.650686234934512
2021,CO2/CO/NOx,2021-03-22 15:00:00+01:00,1.657350207695526
2021,CO2/CO/NOx,2021-03-22 16:00:00+01:00,1.6573566400325073
2021,CO2/CO/NOx,2021-03-22 17:00:00+01:00,1.6565842396432042
2021,CO2/CO/NOx,2021-03-22 18:00:00+01:00,1.6690323766196054
2021,CO2/CO/NOx,2021-03-22 19:00:00+01:00,1.6518558786978679
2021,CO2/CO/NOx,2021-03-22 20:00:00+01:00,1.612465269872754
2021,CO2/CO/NOx,2021-03-22 21:00:00+01:00,1.562843689910569
2021,CO2/CO/NOx,2021-03-22 22:00:00+01:00,1.5081201606192898
2021,CO2/CO/NOx,2021-03-22 23:00:00+01:00,1.4615369649732912
2021,CO2/CO/NOx,2021-03-23 00:00:00+01:00,1.411994800458592
2021,CO2/CO/NOx,2021-03-23 01:00:00+01:00,1.4075970051455917
2021,CO2/CO/NOx,2021-03-23 02:00:00+01:00,1.4538306812103077
2021,CO2/CO/NOx,2021-03-23 03:00:00+01:00,1.5325077651257766
2021,CO2/CO/NOx,2021-03-23 04:00:00+01:00,1.5917291381788448
2021,CO2/CO/NOx,2021-03-23 05:00:00+01:00,1.645170398902225
2021,CO2/CO/NOx,2021-03-23 06:00:00+01:00,1.680238290625852
2021,CO2/CO/NOx,2021-03-23 07:00:00+01:00,1.6876032490885755
2021,CO2/CO/NOx,2021-03-23 08:00:00+01:00,1.66574307312668
2021,CO2/CO/NOx,2021-03-23 09:00:00+01:00,1.6140409276244285
2021,CO2/CO/NOx,2021-03-23 10:00:00+01:00,1.588363260520018
2021,CO2/CO/NOx,2021-03-23 11:00:00+01:00,1.5628623313951786
2021,CO2/CO/NOx,2021-03-23 12:00:00+01:00,1.5315814943397368
2021,CO2/CO/NOx,2021-03-23 13:00:00+01:00,1.489049591931286
2021,CO2/CO/NOx,2021-03-23 14:00:00+01:00,1.471282121235056
2021,CO2/CO/NOx,2021-03-23 15:00:00+01:00,1.4707720534123452
2021,CO2/CO/NOx,2021-03-23 16:00:00+01:00,1.4807364261966598
2021,CO2/CO/NOx,2021-03-23 17:00:00+01:00,1.501574998852288
2021,CO2/CO/NOx,2021-03-23 18:00:00+01:00,1.5463101247307762
2021,CO2/CO/NOx,2021-03-23 19:00:00+01:00,1.5704943879092033
2021,CO2/CO/NOx,2021-03-23 20:00:00+01:00,1.568635829038905
2021,CO2/CO/NOx,2021-03-23 21:00:00+01:00,1.538369712288389
2021,CO2/CO/NOx,2021-03-23 22:00:00+01:00,1.4974896941999651
2021,CO2/CO/NOx,2021-03-23 23:00:00+01:00,1.4690132018902133
2021,CO2/CO/NOx,2021-03-24 00:00:00+01:00,1.4360925067555332
2021,CO2/CO/NOx,2021-03-24 01:00:00+01:00,1.444748176580769
2021,CO2/CO/NOx,2021-03-24 02:00:00+01:00,1.5136737711095358
2021,CO2/CO/NOx,2021-03-24 03:00:00+01:00,1.605634144205341
2021,CO2/CO/NOx,2021-03-24 04:00:00+01:00,1.677719199652932
2021,CO2/CO/NOx,2021-03-24 05:00:00+01:00,1.7283468937689805
2021,CO2/CO/NOx,2021-03-24 06:00:00+01:00,1.7473692353109616
2021,CO2/CO/NOx,2021-03-24 07:00:00+01:00,1.7013469926215599
2021,CO2/CO/NOx,2021-03-24 08:00:00+01:00,1.578991938097839
2021,CO2/CO/NOx,2021-03-24 09:00:00+01:00,1.412309030841201
2021,CO2/CO/NOx,2021-03-24 10:00:00+01:00,1.271386643045189
2021,CO2/CO/NOx,2021-03-24 11:00:00+01:00,1.1539075000919963
2021,CO2/CO/NOx,2021-03-24 12:00:00+01:00,1.0523655770874643
2021,CO2/CO/NOx,2021-03-24 13:00:00+01:00,0.9946489163018304
2021,CO2/CO/NOx,2021-03-24 14:00:00+01:00,0.9718949138574253
2021,CO2/CO/NOx,2021-03-24 15:00:00+01:00,0.99540354298594
2021,CO2/CO/NOx,2021-03-24 16:00:00+01:00,1.01543368533947
2021,CO2/CO/NOx,2021-03-24 17:00:00+01:00,1.0531801933479592
2021,CO2/CO/NOx,2021-03-24 18:00:00+01:00,1.12171303321445
2021,CO2/CO/NOx,2021-03-24 19:00:00+01:00,1.1677321216307919
2021,CO2/CO/NOx,2021-03-24 20:00:00+01:00,1.1786612207554232
2021,CO2/CO/NOx,2021-03-24 21:00:00+01:00,1.169099763317484
2021,CO2/CO/NOx,2021-03-24 22:00:00+01:00,1.1479157739812793
2021,CO2/CO/NOx,2021-03-24 23:00:00+01:00,1.107017563502764
2021,CO2/CO/NOx,2021-03-25 00:00:00+01:00,1.0703021819653649
2021,CO2/CO/NOx,2021-03-25 01:00:00+01:00,1.0665152929914476
2021,CO2/CO/NOx,2021-03-25 02:00:00+01:00,1.1140946335381439
2021,CO2/CO/NOx,2021-03-25 03:00:00+01:00,1.1901130872278414
2021,CO2/CO/NOx,2021-03-25 04:00:00+01:00,1.2528494498709708
2021,CO2/CO/NOx,2021-03-25 05:00:00+01:00,1.279903422872591
2021,CO2/CO/NOx,2021-03-25 06:00:00+01:00,1.2701979538927743
2021,CO2/CO/NOx,2021-03-25 07:00:00+01:00,1.2126669207345953
2021,CO2/CO/NOx,2021-03-25 08:00:00+01:00,1.1052235881470267
2021,CO2/CO/NOx,2021-03-25 09:00:00+01:00,0.9873550038620748
2021,CO2/CO/NOx,2021-03-25 10:00:00+01:00,0.8969065260522653
2021,CO2/CO/NOx,2021-03-25 11:00:00+01:00,0.8385724190926338
2021,CO2/CO/NOx,2021-03-25 12:00:00+01:00,0.8135579347794287
2021,CO2/CO/NOx,2021-03-25 13:00:00+01:00,0.8363082001053114
2021,CO2/CO/NOx,2021-03-25 14:00:00+01:00,0.8763860236431833
2021,CO2/CO/NOx,2021-03-25 15:00:00+01:00,0.9427902793397637
2021,CO2/CO/NOx,2021-03-25 16:00:00+01:00,0.9756216363605117
2021,CO2/CO/NOx,2021-03-25 17:00:00+01:00,0.980710709163639
2021,CO2/CO/NOx,2021-03-25 18:00:00+01:00,0.9817800255074608
2021,CO2/CO/NOx,2021-03-25 19:00:00+01:00,0.935630674332301
2021,CO2/CO/NOx,2021-03-25 20:00:00+01:00,0.8669538506828856
2021,CO2/CO/NOx,2021-03-25 21:00:00+01:00,0.7968525286164827
2021,CO2/CO/NOx,2021-03-25 22:00:00+01:00,0.7827960227689362
2021,CO2/CO/NOx,2021-03-25 23:00:00+01:00,0.8252095062713216
2021,CO2/CO/NOx,2021-03-26 00:00:00+01:00,0.8960426584603568
2021,CO2/CO/NOx,2021-03-26 01:00:00+01:00,0.9632711289744877
2021,CO2/CO/NOx,2021-03-26 02:00:00+01:00,1.0592200267537535
2021,CO2/CO/NOx,2021-03-26 03:00:00+01:00,1.1576470349931234
2021,CO2/CO/NOx,2021-03-26 04:00:00+01:00,1.2085980990522838
2021,CO2/CO/NOx,2021-03-26 05:00:00+01:00,1.1969903000622142
2021,CO2/CO/NOx,2021-03-26 06:00:00+01:00,1.1396360409138466
2021,CO2/CO/NOx,2021-03-26 07:00:00+01:00,1.073427215047497
2021,CO2/CO/NOx,2021-03-26 08:00:00+01:00,0.9863290501075896
2021,CO2/CO/NOx,2021-03-26 09:00:00+01:00,0.8733034476673028
2021,CO2/CO/NOx,2021-03-26 10:00:00+01:00,0.7723247510316976
2021,CO2/CO/NOx,2021-03-26 11:00:00+01:00,0.7090625362961951
2021,CO2/CO/NOx,2021-03-26 12:00:00+01:00,0.6686910941677723
2021,CO2/CO/NOx,2021-03-26 13:00:00+01:00,0.6773972288096212
2021,CO2/CO/NOx,2021-03-26 14:00:00+01:00,0.7092248565758419
2021,CO2/CO/NOx,2021-03-26 15:00:00+01:00,0.7746534094358778
2021,CO2/CO/NOx,2021-03-26 16:00:00+01:00,0.8395864404882001
2021,CO2/CO/NOx,2021-03-26 17:00:00+01:00,0.895391818093402
2021,CO2/CO/NOx,2021-03-26 18:00:00+01:00,0.928325203821157
2021,CO2/CO/NOx,2021-03-26 19:00:00+01:00,0.9176207548919978
2021,CO2/CO/NOx,2021-03-26 20:00:00+01:00,0.8701898404595396
2021,CO2/CO/NOx,2021-03-26 21:00:00+01:00,0.8062789745931931
2021,CO2/CO/NOx,2021-03-26 22:00:00+01:00,0.7451185079850127
2021,CO2/CO/NOx,2021-03-26 23:00:00+01:00,0.7004237233161223
2021,CO2/CO/NOx,2021-03-27 00:00:00+01:00,0.6576945302411369
2021,CO2/CO/NOx,2021-03-27 01:00:00+01:00,0.6478939530604207
2021,CO2/CO/NOx,2021-03-27 02:00:00+01:00,0.678341594483109
2021,CO2/CO/NOx,2021-03-27 03:00:00+01:00,0.7187180609914038
2021,CO2/CO/NOx,2021-03-27 04:00:00+01:00,0.7615319864434057
2021,CO2/CO/NOx,2021-03-27 05:00:00+01:00,0.8326566726974606
2021,CO2/CO/NOx,2021-03-27 06:00:00+01:00,0.9098461213440944
2021,CO2/CO/NOx,2021-03-27 07:00:00+01:00,0.9569852175078357
2021,CO2/CO/NOx,2021-03-27 08:00:00+01:00,0.979743881374297
2021,CO2/CO/NOx,2021-03-27 09:00:00+01:00,0.9759699004668376
2021,CO2/CO/NOx,2021-03-27 10:00:00+01:00,0.9776549554556563
2021,CO2/CO/NOx,2021-03-27 11:00:00+01:00,0.9725807260595712
2021,CO2/CO/NOx,2021-03-27 12:00:00+01:00,0.9349753607859683
2021,CO2/CO/NOx,2021-03-27 13:00:00+01:00,0.9052766531515802
2021,CO2/CO/NOx,2021-03-27 14:00:00+01:00,0.8919273357556418
2021,CO2/CO/NOx,2021-03-27 15:00:00+01:00,0.8910152249474492
2021,CO2/CO/NOx,2021-03-27 16:00:00+01:00,0.9012920742352591
2021,CO2/CO/NOx,2021-03-27 17:00:00+01:00,0.9326496322700295
2021,CO2/CO/NOx,2021-03-27 18:00:00+01:00,0.9860568391882433
2021,CO2/CO/NOx,2021-03-27 19:00:00+01:00,1.023897661290775
2021,CO2/CO/NOx,2021-03-27 20:00:00+01:00,1.0526381008504107
2021,CO2/CO/NOx,2021-03-27 21:00:00+01:00,1.0598407169727566
2021,CO2/CO/NOx,2021-03-27 22:00:00+01:00,1.0592503857116033
2021,CO2/CO/NOx,2021-03-27 23:00:00+01:00,1.0339210725598067
2021,CO2/CO/NOx,2021-03-28 00:00:00+01:00,1.0126331936867368
2021,CO2/CO/NOx,2021-03-28 01:00:00+01:00,1.0095313607445453
2021,CO2/CO/NOx,2021-03-28 03:00:00+02:00,1.028356746630163
2021,CO2/CO/NOx,2021-03-28 04:00:00+02:00,1.0690157893255936
2021,CO2/CO/NOx,2021-03-28 05:00:00+02:00,1.1047542221303701
2021,CO2/CO/NOx,2021-03-28 06:00:00+02:00,1.1409815665887433
2021,CO2/CO/NOx,2021-03-28 07:00:00+02:00,1.1505141121145732
2021,CO2/CO/NOx,2021-03-28 08:00:00+02:00,1.1383196689905297
2021,CO2/CO/NOx,2021-03-28 09:00:00+02:00,1.0977100816871341
2021,CO2/CO/NOx,2021-03-28 10:00:00+02:00,1.0514826711392433
2021,CO2/CO/NOx,2021-03-28 11:00:00+02:00,1.0018374274751363
2021,CO2/CO/NOx,2021-03-28 12:00:00+02:00,0.9490982396713193
2021,CO2/CO/NOx,2021-03-28 13:00:00+02:00,0.8962559610998436
2021,CO2/CO/NOx,2021-03-28 14:00:00+02:00,0.8658787996102637
2021,CO2/CO/NOx,2021-03-28 15:00:00+02:00,0.8646551194817552
2021,CO2/CO/NOx,2021-03-28 16:00:00+02:00,0.8574104393297157
2021,CO2/CO/NOx,2021-03-28 17:00:00+02:00,0.871956297643236
2021,CO2/CO/NOx,2021-03-28 18:00:00+02:00,0.8996222125896107
2021,CO2/CO/NOx,2021-03-28 19:00:00+02:00,0.9322001956250952
2021,CO2/CO/NOx,2021-03-28 20:00:00+02:00,0.9444591936813453
2021,CO2/CO/NOx,2021-03-28 21:00:00+02:00,0.9279934690870562
2021,CO2/CO/NOx,2021-03-28 22:00:00+02:00,0.8820172490685123
2021,CO2/CO/NOx,2021-03-28 23:00:00+02:00,0.8537558865316001
2021,CO2/CO/NOx,2021-03-29 00:00:00+02:00,0.8232437172099624
2021,CO2/CO/NOx,2021-03-29 01:00:00+02:00,0.8248836236516233
2021,CO2/CO/NOx,2021-03-29 02:00:00+02:00,0.8735400668456924
2021,CO2/CO/NOx,2021-03-29 03:00:00+02:00,0.9689858269372442
2021,CO2/CO/NOx,2021-03-29 04:00:00+02:00,1.0688969874912346
2021,CO2/CO/NOx,2021-03-29 05:00:00+02:00,1.1379524351415882
2021,CO2/CO/NOx,2021-03-29 06:00:00+02:00,1.1561370272502838
2021,CO2/CO/NOx,2021-03-29 07:00:00+02:00,1.1208845137085628
2021,CO2/CO/NOx,2021-03-29 08:00:00+02:00,1.053661407683003
2021,CO2/CO/NOx,2021-03-29 09:00:00+02:00,0.9423801681733347
2021,CO2/CO/NOx,2021-03-29 10:00:00+02:00,0.8527066474277594
2021,CO2/CO/NOx,2021-03-29 11:00:00+02:00,0.7767652515687892
2021,CO2/CO/NOx,2021-03-29 12:00:00+02:00,0.7431593993209042
2021,CO2/CO/NOx,2021-03-29 13:00:00+02:00,0.7166328427494068
2021,CO2/CO/NOx,2021-03-29 14:00:00+02:00,0.7231838199325175
2021,CO2/CO/NOx,2021-03-29 15:00:00+02:00,0.7577696267757342
2021,CO2/CO/NOx,2021-03-29 16:00:00+02:00,0.7756897963752748
2021,CO2/CO/NOx,2021-03-29 17:00:00+02:00,0.7962700619247102
2021,CO2/CO/NOx,2021-03-29 18:00:00+02:00,0.8219373619698829
2021,CO2/CO/NOx,2021-03-29 19:00:00+02:00,0.8288028815315567
2021,CO2/CO/NOx,2021-03-29 20:00:00+02:00,0.8179763918844243
2021,CO2/CO/NOx,2021-03-29 21:00:00+02:00,0.7856597245700242
2021,CO2/CO/NOx,2021-03-29 22:00:00+02:00,0.7242811760258856
2021,CO2/CO/NOx,2021-03-29 23:00:00+02:00,0.6815530056942298
2021,CO2/CO/NOx,2021-03-30 00:00:00+02:00,0.6699383536683977
2021,CO2/CO/NOx,2021-03-30 01:00:00+02:00,0.6831972000092709
2021,CO2/CO/NOx,2021-03-30 02:00:00+02:00,0.7629121997620792
2021,CO2/CO/NOx,2021-03-30 03:00:00+02:00,0.8885245341688028
2021,CO2/CO/NOx,2021-03-30 04:00:00+02:00,1.0166273699007187
2021,CO2/CO/NOx,2021-03-30 05:00:00+02:00,1.1333372133630255
2021,CO2/CO/NOx,2021-03-30 06:00:00+02:00,1.1699057468043663
2021,CO2/CO/NOx,2021-03-30 07:00:00+02:00,1.1246245058582676
2021,CO2/CO/NOx,2021-03-30 08:00:00+02:00,1.0264880891371895
2021,CO2/CO/NOx,2021-03-30 09:00:00+02:00,0.89709724773558
2021,CO2/CO/NOx,2021-03-30 10:00:00+02:00,0.7542949620966553
2021,CO2/CO/NOx,2021-03-30 11:00:00+02:00,0.6388612410716477
2021,CO2/CO/NOx,2021-03-30 12:00:00+02:00,0.5484136821189297
2021,CO2/CO/NOx,2021-03-30 13:00:00+02:00,0.5191450498039986
2021,CO2/CO/NOx,2021-03-30 14:00:00+02:00,0.5322544188470222
2021,CO2/CO/NOx,2021-03-30 15:00:00+02:00,0.5943456082442763
2021,CO2/CO/NOx,2021-03-30 16:00:00+02:00,0.6624351435815706
2021,CO2/CO/NOx,2021-03-30 17:00:00+02:00,0.7264702991903375
2021,CO2/CO/NOx,2021-03-30 18:00:00+02:00,0.7545743235167357
2021,CO2/CO/NOx,2021-03-30 19:00:00+02:00,0.7488381933740095
2021,CO2/CO/NOx,2021-03-30 20:00:00+02:00,0.7221268649852947
2021,CO2/CO/NOx,2021-03-30 21:00:00+02:00,0.6686928584402203
2021,CO2/CO/NOx,2021-03-30 22:00:00+02:00,0.6204875323827962
2021,CO2/CO/NOx,2021-03-30 23:00:00+02:00,0.5786737447820938
2021,CO2/CO/NOx,2021-03-31 00:00:00+02:00,0.5954711775969088
2021,CO2/CO/NOx,2021-03-31 01:00:00+02:00,0.6325708267870016
2021,CO2/CO/NOx,2021-03-31 02:00:00+02:00,0.7207206497190939
2021,CO2/CO/NOx,2021-03-31 03:00:00+02:00,0.8414917794315909
2021,CO2/CO/NOx,2021-03-31 04:00:00+02:00,0.974855990393592
2021,CO2/CO/NOx,2021-03-31 05:00:00+02:00,1.0499792795324165
2021,CO2/CO/NOx,2021-03-31 06:00:00+02:00,1.0642632072194036
2021,CO2/CO/NOx,2021-03-31 07:00:00+02:00,1.0168433500431646
2021,CO2/CO/NOx,2021-03-31 08:00:00+02:00,0.9208411079402975
2021,CO2/CO/NOx,2021-03-31 09:00:00+02:00,0.8021837288636122
2021,CO2/CO/NOx,2021-03-31 10:00:00+02:00,0.6775691494197642
2021,CO2/CO/NOx,2021-03-31 11:00:00+02:00,0.5887592315878177
2021,CO2/CO/NOx,2021-03-31 12:00:00+02:00,0.5425579651478234
2021,CO2/CO/NOx,2021-03-31 13:00:00+02:00,0.5344025151196893
2021,CO2/CO/NOx,2021-03-31 14:00:00+02:00,0.5375598943097816
2021,CO2/CO/NOx,2021-03-31 15:00:00+02:00,0.5726251235903934
2021,CO2/CO/NOx,2021-03-31 16:00:00+02:00,0.6041917484709635
2021,CO2/CO/NOx,2021-03-31 17:00:00+02:00,0.6317056389993848
2021,CO2/CO/NOx,2021-03-31 18:00:00+02:00,0.6301088036785464
2021,CO2/CO/NOx,2021-03-31 19:00:00+02:00,0.6158010070506833
2021,CO2/CO/NOx,2021-03-31 20:00:00+02:00,0.5957636253220304
2021,CO2/CO/NOx,2021-03-31 21:00:00+02:00,0.5795674210079826
2021,CO2/CO/NOx,2021-03-31 22:00:00+02:00,0.5666669684571284
2021,CO2/CO/NOx,2021-03-31 23:00:00+02:00,0.5651912484805689
2021,CO2/CO/NOx,2021-04-01 00:00:00+02:00,0.5549918824403718
2021,CO2/CO/NOx,2021-04-01 01:00:00+02:00,0.5413820567392599
2021,CO2/CO/NOx,2021-04-01 02:00:00+02:00,0.5491719470392664
2021,CO2/CO/NOx,2021-04-01 03:00:00+02:00,0.5619796450515611
2021,CO2/CO/NOx,2021-04-01 04:00:00+02:00,0.6054869041783445
2021,CO2/CO/NOx,2021-04-01 05:00:00+02:00,0.6502389734270528
2021,CO2/CO/NOx,2021-04-01 06:00:00+02:00,0.6899043035007248
2021,CO2/CO/NOx,2021-04-01 07:00:00+02:00,0.7003584793835819
2021,CO2/CO/NOx,2021-04-01 08:00:00+02:00,0.6766925727541732
2021,CO2/CO/NOx,2021-04-01 09:00:00+02:00,0.6131019321048609
2021,CO2/CO/NOx,2021-04-01 10:00:00+02:00,0.5493687607227953
2021,CO2/CO/NOx,2021-04-01 11:00:00+02:00,0.48998823970612426
2021,CO2/CO/NOx,2021-04-01 12:00:00+02:00,0.437527869226983
2021,CO2/CO/NOx,2021-04-01 13:00:00+02:00,0.411895075433904
2021,CO2/CO/NOx,2021-04-01 14:00:00+02:00,0.3968204607951696
2021,CO2/CO/NOx,2021-04-01 15:00:00+02:00,0.41320192992861066
2021,CO2/CO/NOx,2021-04-01 16:00:00+02:00,0.4306489814843857
2021,CO2/CO/NOx,2021-04-01 17:00:00+02:00,0.4526092972145017
2021,CO2/CO/NOx,2021-04-01 18:00:00+02:00,0.47325268055805003
2021,CO2/CO/NOx,2021-04-01 19:00:00+02:00,0.4844611129923315
2021,CO2/CO/NOx,2021-04-01 20:00:00+02:00,0.49325540799887146
2021,CO2/CO/NOx,2021-04-01 21:00:00+02:00,0.49627677731553893
2021,CO2/CO/NOx,2021-04-01 22:00:00+02:00,0.4914518268936605
2021,CO2/CO/NOx,2021-04-01 23:00:00+02:00,0.48649981392756664
2021,CO2/CO/NOx,2021-04-02 00:00:00+02:00,0.48661876655243386
2021,CO2/CO/NOx,2021-04-02 01:00:00+02:00,0.493530158270842
2021,CO2/CO/NOx,2021-04-02 02:00:00+02:00,0.5316435243507168
2021,CO2/CO/NOx,2021-04-02 03:00:00+02:00,0.5923660035767802
2021,CO2/CO/NOx,2021-04-02 04:00:00+02:00,0.6703473560410101
2021,CO2/CO/NOx,2021-04-02 05:00:00+02:00,0.7678448343991926
2021,CO2/CO/NOx,2021-04-02 06:00:00+02:00,0.8427111807877223
2021,CO2/CO/NOx,2021-04-02 07:00:00+02:00,0.892831756784096
2021,CO2/CO/NOx,2021-04-02 08:00:00+02:00,0.917856741745573
2021,CO2/CO/NOx,2021-04-02 09:00:00+02:00,0.8914373474086973
2021,CO2/CO/NOx,2021-04-02 10:00:00+02:00,0.8516159118966765
2021,CO2/CO/NOx,2021-04-02 11:00:00+02:00,0.8119036201780028
2021,CO2/CO/NOx,2021-04-02 12:00:00+02:00,0.7782616093696596
2021,CO2/CO/NOx,2021-04-02 13:00:00+02:00,0.7549224005056637
2021,CO2/CO/NOx,2021-04-02 14:00:00+02:00,0.7365873036002684
2021,CO2/CO/NOx,2021-04-02 15:00:00+02:00,0.7094414201261441
2021,CO2/CO/NOx,2021-04-02 16:00:00+02:00,0.7192681761026455
2021,CO2/CO/NOx,2021-04-02 17:00:00+02:00,0.7483149705455294
2021,CO2/CO/NOx,2021-04-02 18:00:00+02:00,0.8083829436329512
2021,CO2/CO/NOx,2021-04-02 19:00:00+02:00,0.8683224408531545
2021,CO2/CO/NOx,2021-04-02 20:00:00+02:00,0.9280708973358006
2021,CO2/CO/NOx,2021-04-02 21:00:00+02:00,0.96447172366757
2021,CO2/CO/NOx,2021-04-02 22:00:00+02:00,0.9789948387266969
2021,CO2/CO/NOx,2021-04-02 23:00:00+02:00,0.975528746147931
2021,CO2/CO/NOx,2021-04-03 00:00:00+02:00,0.9535794471159995
2021,CO2/CO/NOx,2021-04-03 01:00:00+02:00,0.9756956502237358
2021,CO2/CO/NOx,2021-04-03 02:00:00+02:00,1.0180496437266304
2021,CO2/CO/NOx,2021-04-03 03:00:00+02:00,1.0897842419760417
2021,CO2/CO/NOx,2021-04-03 04:00:00+02:00,1.1515433983709278
2021,CO2/CO/NOx,2021-04-03 05:00:00+02:00,1.2208897068294902
2021,CO2/CO/NOx,2021-04-03 06:00:00+02:00,1.2692787823353857
2021,CO2/CO/NOx,2021-04-03 07:00:00+02:00,1.3079964467751786
2021,CO2/CO/NOx,2021-04-03 08:00:00+02:00,1.3201830478816337
2021,CO2/CO/NOx,2021-04-03 09:00:00+02:00,1.291226643395409
2021,CO2/CO/NOx,2021-04-03 10:00:00+02:00,1.2693164697275263
2021,CO2/CO/NOx,2021-04-03 11:00:00+02:00,1.2286738786335096
2021,CO2/CO/NOx,2021-04-03 12:00:00+02:00,1.178826507655365
2021,CO2/CO/NOx,2021-04-03 13:00:00+02:00,1.1461565305491708
2021,CO2/CO/NOx,2021-04-03 14:00:00+02:00,1.1331701178706242
2021,CO2/CO/NOx,2021-04-03 15:00:00+02:00,1.1379514705074485
2021,CO2/CO/NOx,2021-04-03 16:00:00+02:00,1.1576255361248948
2021,CO2/CO/NOx,2021-04-03 17:00:00+02:00,1.18006511983173
2021,CO2/CO/NOx,2021-04-03 18:00:00+02:00,1.200421160236148
2021,CO2/CO/NOx,2021-04-03 19:00:00+02:00,1.2090080378944377
2021,CO2/CO/NOx,2021-04-03 20:00:00+02:00,1.193624753045379
2021,CO2/CO/NOx,2021-04-03 21:00:00+02:00,1.1641976696881426
2021,CO2/CO/NOx,2021-04-03 22:00:00+02:00,1.1518031189536184
2021,CO2/CO/NOx,2021-04-03 23:00:00+02:00,1.1514196394221279
2021,CO2/CO/NOx,2021-04-04 00:00:00+02:00,1.1574999436396727
2021,CO2/CO/NOx,2021-04-04 01:00:00+02:00,1.1987619226222725
2021,CO2/CO/NOx,2021-04-04 02:00:00+02:00,1.26973207646474
2021,CO2/CO/NOx,2021-04-04 03:00:00+02:00,1.354222239705599
2021,CO2/CO/NOx,2021-04-04 04:00:00+02:00,1.4247171509193977
2021,CO2/CO/NOx,2021-04-04 05:00:00+02:00,1.4694156667858336
2021,CO2/CO/NOx,2021-04-04 06:00:00+02:00,1.4808795749746284
2021,CO2/CO/NOx,2021-04-04 07:00:00+02:00,1.4701879174572365
2021,CO2/CO/NOx,2021-04-04 08:00:00+02:00,1.440788703313168
2021,CO2/CO/NOx,2021-04-04 09:00:00+02:00,1.372886165647961
2021,CO2/CO/NOx,2021-04-04 10:00:00+02:00,1.2977358578791984
2021,CO2/CO/NOx,2021-04-04 11:00:00+02:00,1.2118248940993857
2021,CO2/CO/NOx,2021-04-04 12:00:00+02:00,1.1264842985962016
2021,CO2/CO/NOx,2021-04-04 13:00:00+02:00,1.0611239647920685
2021,CO2/CO/NOx,2021-04-04 14:00:00+02:00,1.0036783271317595
2021,CO2/CO/NOx,2021-04-04 15:00:00+02:00,0.965820890382114
2021,CO2/CO/NOx,2021-04-04 16:00:00+02:00,0.9483226198544136
2021,CO2/CO/NOx,2021-04-04 17:00:00+02:00,0.9658173524669162
2021,CO2/CO/NOx,2021-04-04 18:00:00+02:00,1.0049507294657183
2021,CO2/CO/NOx,2021-04-04 19:00:00+02:00,1.0383776754849035
2021,CO2/CO/NOx,2021-04-04 20:00:00+02:00,1.0573797389110988
2021,CO2/CO/NOx,2021-04-04 21:00:00+02:00,1.0667225782447045
2021,CO2/CO/NOx,2021-04-04 22:00:00+02:00,1.0689371929239377
2021,CO2/CO/NOx,2021-04-04 23:00:00+02:00,1.0580352755646492
2021,CO2/CO/NOx,2021-04-05 00:00:00+02:00,1.0400025954194676
2021,CO2/CO/NOx,2021-04-05 01:00:00+02:00,1.0544737716327126
2021,CO2/CO/NOx,2021-04-05 02:00:00+02:00,1.1122974540826094
2021,CO2/CO/NOx,2021-04-05 03:00:00+02:00,1.1932683465871396
2021,CO2/CO/NOx,2021-04-05 04:00:00+02:00,1.2719012525241502
2021,CO2/CO/NOx,2021-04-05 05:00:00+02:00,1.327187191098077
2021,CO2/CO/NOx,2021-04-05 06:00:00+02:00,1.3489364073451726
2021,CO2/CO/NOx,2021-04-05 07:00:00+02:00,1.3049249354563646
2021,CO2/CO/NOx,2021-04-05 08:00:00+02:00,1.2045774345110836
2021,CO2/CO/NOx,2021-04-05 09:00:00+02:00,1.087063307677342
2021,CO2/CO/NOx,2021-04-05 10:00:00+02:00,0.9991705274461274
2021,CO2/CO/NOx,2021-04-05 11:00:00+02:00,0.9296228181960171
2021,CO2/CO/NOx,2021-04-05 12:00:00+02:00,0.8738211881112241
2021,CO2/CO/NOx,2021-04-05 13:00:00+02:00,0.8649023243213925
2021,CO2/CO/NOx,2021-04-05 14:00:00+02:00,0.8713305226478512
2021,CO2/CO/NOx,2021-04-05 15:00:00+02:00,0.8933054211373846
2021,CO2/CO/NOx,2021-04-05 16:00:00+02:00,0.9434276629448092
2021,CO2/CO/NOx,2021-04-05 17:00:00+02:00,1.0176405762411682
2021,CO2/CO/NOx,2021-04-05 18:00:00+02:00,1.1158517270333428
2021,CO2/CO/NOx,2021-04-05 19:00:00+02:00,1.2024121482588683
2021,CO2/CO/NOx,2021-04-05 20:00:00+02:00,1.2654581801337437
2021,CO2/CO/NOx,2021-04-05 21:00:00+02:00,1.3009325888628593
2021,CO2/CO/NOx,2021-04-05 22:00:00+02:00,1.3459405343837778
2021,CO2/CO/NOx,2021-04-05 23:00:00+02:00,1.3559475884748264
2021,CO2/CO/NOx,2021-04-06 00:00:00+02:00,1.3294802712830311
2021,CO2/CO/NOx,2021-04-06 01:00:00+02:00,1.3581604544888821
2021,CO2/CO/NOx,2021-04-06 02:00:00+02:00,1.3985809485761
2021,CO2/CO/NOx,2021-04-06 03:00:00+02:00,1.4983621584833442
2021,CO2/CO/NOx,2021-04-06 04:00:00+02:00,1.5935597078993013
2021,CO2/CO/NOx,2021-04-06 05:00:00+02:00,1.6714551356127971
2021,CO2/CO/NOx,2021-04-06 06:00:00+02:00,1.7368917847254643
2021,CO2/CO/NOx,2021-04-06 07:00:00+02:00,1.8062186221521175
2021,CO2/CO/NOx,2021-04-06 08:00:00+02:00,1.8243591085535322
2021,CO2/CO/NOx,2021-04-06 09:00:00+02:00,1.7705355170117107
2021,CO2/CO/NOx,2021-04-06 10:00:00+02:00,1.7235964273669693
2021,CO2/CO/NOx,2021-04-06 11:00:00+02:00,1.6649544973515236
2021,CO2/CO/NOx,2021-04-06 12:00:00+02:00,1.6404804876105743
2021,CO2/CO/NOx,2021-04-06 13:00:00+02:00,1.6077296245302144
2021,CO2/CO/NOx,2021-04-06 14:00:00+02:00,1.5792864590144102
2021,CO2/CO/NOx,2021-04-06 15:00:00+02:00,1.5708323553111796
2021,CO2/CO/NOx,2021-04-06 16:00:00+02:00,1.6010055137272499
2021,CO2/CO/NOx,2021-04-06 17:00:00+02:00,1.6559434715119032
2021,CO2/CO/NOx,2021-04-06 18:00:00+02:00,1.7498778976830776
2021,CO2/CO/NOx,2021-04-06 19:00:00+02:00,1.8196046189722597
2021,CO2/CO/NOx,2021-04-06 20:00:00+02:00,1.8627850807122368
2021,CO2/CO/NOx,2021-04-06 21:00:00+02:00,1.8646125549430872
2021,CO2/CO/NOx,2021-04-06 22:00:00+02:00,1.8432615066305353
2021,CO2/CO/NOx,2021-04-06 23:00:00+02:00,1.7946353622677087
2021,CO2/CO/NOx,2021-04-07 00:00:00+02:00,1.7102321490956853
2021,CO2/CO/NOx,2021-04-07 01:00:00+02:00,1.6762850984178186
2021,CO2/CO/NOx,2021-04-07 02:00:00+02:00,1.6857867911917537
2021,CO2/CO/NOx,2021-04-07 03:00:00+02:00,1.7562456170543008
2021,CO2/CO/NOx,2021-04-07 04:00:00+02:00,1.8195594443425738
2021,CO2/CO/NOx,2021-04-07 05:00:00+02:00,1.8943671515538243
2021,CO2/CO/NOx,2021-04-07 06:00:00+02:00,1.9775587090714009
2021,CO2/CO/NOx,2021-04-07 07:00:00+02:00,2.029789986870075
2021,CO2/CO/NOx,2021-04-07 08:00:00+02:00,2.0638583642781927
2021,CO2/CO/NOx,2021-04-07 09:00:00+02:00,2.051665611363663
2021,CO2/CO/NOx,2021-04-07 10:00:00+02:00,2.038090760555925
2021,CO2/CO/NOx,2021-04-07 11:00:00+02:00,1.9973448167179597
2021,CO2/CO/NOx,2021-04-07 12:00:00+02:00,1.9405191791067942
2021,CO2/CO/NOx,2021-04-07 13:00:00+02:00,1.8963002064877839
2021,CO2/CO/NOx,2021-04-07 14:00:00+02:00,1.8645888236453187
2021,CO2/CO/NOx,2021-04-07 15:00:00+02:00,1.8589695316974293
2021,CO2/CO/NOx,2021-04-07 16:00:00+02:00,1.8541809796166
2021,CO2/CO/NOx,2021-04-07 17:00:00+02:00,1.8690709882688235
2021,CO2/CO/NOx,2021-04-07 18:00:00+02:00,1.9111697071354032
2021,CO2/CO/NOx,2021-04-07 19:00:00+02:00,1.9152525334745478
2021,CO2/CO/NOx,2021-04-07 20:00:00+02:00,1.8912178803801296
2021,CO2/CO/NOx,2021-04-07 21:00:00+02:00,1.8392688203648107
2021,CO2/CO/NOx,2021-04-07 22:00:00+02:00,1.7897726453266456
2021,CO2/CO/NOx,2021-04-07 23:00:00+02:00,1.7414954647258465
2021,CO2/CO/NOx,2021-04-08 00:00:00+02:00,1.68424242807121
2021,CO2/CO/NOx,2021-04-08 01:00:00+02:00,1.667280841219349
2021,CO2/CO/NOx,2021-04-08 02:00:00+02:00,1.69120498391309
2021,CO2/CO/NOx,2021-04-08 03:00:00+02:00,1.7819265479377813
2021,CO2/CO/NOx,2021-04-08 04:00:00+02:00,1.8354234200580504
2021,CO2/CO/NOx,2021-04-08 05:00:00+02:00,1.8861130884879254
2021,CO2/CO/NOx,2021-04-08 06:00:00+02:00,1.9282737618256358
2021,CO2/CO/NOx,2021-04-08 07:00:00+02:00,1.9476892823491756
2021,CO2/CO/NOx,2021-04-08 08:00:00+02:00,1.9343752744116718
2021,CO2/CO/NOx,2021-04-08 09:00:00+02:00,1.8706349356544887
2021,CO2/CO/NOx,2021-04-08 10:00:00+02:00,1.8177987214145777
2021,CO2/CO/NOx,2021-04-08 11:00:00+02:00,1.763472566006345
2021,CO2/CO/NOx,2021-04-08 12:00:00+02:00,1.7160161910855514
2021,CO2/CO/NOx,2021-04-08 13:00:00+02:00,1.6630246061475626
2021,CO2/CO/NOx,2021-04-08 14:00:00+02:00,1.6178902206783194
2021,CO2/CO/NOx,2021-04-08 15:00:00+02:00,1.5918753735115694
2021,CO2/CO/NOx,2021-04-08 16:00:00+02:00,1.574518275462475
2021,CO2/CO/NOx,2021-04-08 17:00:00+02:00,1.5650020739697958
2021,CO2/CO/NOx,2021-04-08 18:00:00+02:00,1.5785895567836605
2021,CO2/CO/NOx,2021-04-08 19:00:00+02:00,1.585161386761357
2021,CO2/CO/NOx,2021-04-08 20:00:00+02:00,1.575732991289841
2021,CO2/CO/NOx,2021-04-08 21:00:00+02:00,1.559976841448272
2021,CO2/CO/NOx,2021-04-08 22:00:00+02:00,1.5465051187304675
2021,CO2/CO/NOx,2021-04-08 23:00:00+02:00,1.5206493828592589
2021,CO2/CO/NOx,2021-04-09 00:00:00+02:00,1.4731211448514545
2021,CO2/CO/NOx,2021-04-09 01:00:00+02:00,1.4517249988297696
2021,CO2/CO/NOx,2021-04-09 02:00:00+02:00,1.4682668664906064
2021,CO2/CO/NOx,2021-04-09 03:00:00+02:00,1.528953569280221
2021,CO2/CO/NOx,2021-04-09 04:00:00+02:00,1.5809654609023938
2021,CO2/CO/NOx,2021-04-09 05:00:00+02:00,1.6411123159079706
2021,CO2/CO/NOx,2021-04-09 06:00:00+02:00,1.657334852465065
2021,CO2/CO/NOx,2021-04-09 07:00:00+02:00,1.6161274267723522
2021,CO2/CO/NOx,2021-04-09 08:00:00+02:00,1.513354120387731
2021,CO2/CO/NOx,2021-04-09 09:00:00+02:00,1.361364800260801
2021,CO2/CO/NOx,2021-04-09 10:00:00+02:00,1.2265811178465178
2021,CO2/CO/NOx,2021-04-09 11:00:00+02:00,1.1138508796333901
2021,CO2/CO/NOx,2021-04-09 12:00:00+02:00,1.0388743133348404
2021,CO2/CO/NOx,2021-04-09 13:00:00+02:00,1.0073529595837123
2021,CO2/CO/NOx,2021-04-09 14:00:00+02:00,1.0174529384783588
2021,CO2/CO/NOx,2021-04-09 15:00:00+02:00,1.0292762545544165
2021,CO2/CO/NOx,2021-04-09 16:00:00+02:00,1.0606508798853393
2021,CO2/CO/NOx,2021-04-09 17:00:00+02:00,1.0785576038441451
2021,CO2/CO/NOx,2021-04-09 18:00:00+02:00,1.0884523441865734
2021,CO2/CO/NOx,2021-04-09 19:00:00+02:00,1.0575883722766253
2021,CO2/CO/NOx,2021-04-09 20:00:00+02:00,1.002978288742194
2021,CO2/CO/NOx,2021-04-09 21:00:00+02:00,0.9316295129644923
2021,CO2/CO/NOx,2021-04-09 22:00:00+02:00,0.8609123619326056
2021,CO2/CO/NOx,2021-04-09 23:00:00+02:00,0.8242326433742517
2021,CO2/CO/NOx,2021-04-10 00:00:00+02:00,0.8332465429899387
2021,CO2/CO/NOx,2021-04-10 01:00:00+02:00,0.8837989789858228
2021,CO2/CO/NOx,2021-04-10 02:00:00+02:00,0.9407354697903696
2021,CO2/CO/NOx,2021-04-10 03:00:00+02:00,0.9847832528508761
2021,CO2/CO/NOx,2021-04-10 04:00:00+02:00,1.0062103117552923
2021,CO2/CO/NOx,2021-04-10 05:00:00+02:00,1.0006533352654254
2021,CO2/CO/NOx,2021-04-10 06:00:00+02:00,0.9671418838983713
2021,CO2/CO/NOx,2021-04-10 07:00:00+02:00,0.916992054431567
2021,CO2/CO/NOx,2021-04-10 08:00:00+02:00,0.8745294796975547
2021,CO2/CO/NOx,2021-04-10 09:00:00+02:00,0.8254650946192599
2021,CO2/CO/NOx,2021-04-10 10:00:00+02:00,0.7692335854504853
2021,CO2/CO/NOx,2021-04-10 11:00:00+02:00,0.7381235932324375
2021,CO2/CO/NOx,2021-04-10 12:00:00+02:00,0.6933350039407706
2021,CO2/CO/NOx,2021-04-10 13:00:00+02:00,0.6678128021415675
2021,CO2/CO/NOx,2021-04-10 14:00:00+02:00,0.6548622957552597
2021,CO2/CO/NOx,2021-04-10 15:00:00+02:00,0.6553351556425584
2021,CO2/CO/NOx,2021-04-10 16:00:00+02:00,0.6666671595246683
2021,CO2/CO/NOx,2021-04-10 17:00:00+02:00,0.6803584988413018
2021,CO2/CO/NOx,2021-04-10 18:00:00+02:00,0.6926744120594973
2021,CO2/CO/NOx,2021-04-10 19:00:00+02:00,0.6967309405979504
2021,CO2/CO/NOx,2021-04-10 20:00:00+02:00,0.7136970559205135
2021,CO2/CO/NOx,2021-04-10 21:00:00+02:00,0.7072214156355339
2021,CO2/CO/NOx,2021-04-10 22:00:00+02:00,0.7028739928492738
2021,CO2/CO/NOx,2021-04-10 23:00:00+02:00,0.7088158142499271
2021,CO2/CO/NOx,2021-04-11 00:00:00+02:00,0.6976129953844541
2021,CO2/CO/NOx,2021-04-11 01:00:00+02:00,0.6950626353019335
2021,CO2/CO/NOx,2021-04-11 02:00:00+02:00,0.6941070606789412
2021,CO2/CO/NOx,2021-04-11 03:00:00+02:00,0.7063497003666596
2021,CO2/CO/NOx,2021-04-11 04:00:00+02:00,0.7254069047707407
2021,CO2/CO/NOx,2021-04-11 05:00:00+02:00,0.7486544174954067
2021,CO2/CO/NOx,2021-04-11 06:00:00+02:00,0.7726806433836021
2021,CO2/CO/NOx,2021-04-11 07:00:00+02:00,0.7893521846441388
2021,CO2/CO/NOx,2021-04-11 08:00:00+02:00,0.7857853180003896
2021,CO2/CO/NOx,2021-04-11 09:00:00+02:00,0.7485483537571767
2021,CO2/CO/NOx,2021-04-11 10:00:00+02:00,0.7023561621372619
2021,CO2/CO/NOx,2021-04-11 11:00:00+02:00,0.6447512663763276
2021,CO2/CO/NOx,2021-04-11 12:00:00+02:00,0.5854960900861552
2021,CO2/CO/NOx,2021-04-11 13:00:00+02:00,0.542400526654547
2021,CO2/CO/NOx,2021-04-11 14:00:00+02:00,0.5148809696312915
2021,CO2/CO/NOx,2021-04-11 15:00:00+02:00,0.5155953659515194
2021,CO2/CO/NOx,2021-04-11 16:00:00+02:00,0.5435324948546374
2021,CO2/CO/NOx,2021-04-11 17:00:00+02:00,0.5654715121604365
2021,CO2/CO/NOx,2021-04-11 18:00:00+02:00,0.5920404025796256
2021,CO2/CO/NOx,2021-04-11 19:00:00+02:00,0.6103842028771372
2021,CO2/CO/NOx,2021-04-11 20:00:00+02:00,0.6108706029233194
2021,CO2/CO/NOx,2021-04-11 21:00:00+02:00,0.5987596717070821
2021,CO2/CO/NOx,2021-04-11 22:00:00+02:00,0.5898775952570041
2021,CO2/CO/NOx,2021-04-11 23:00:00+02:00,0.5867479955030637
2021,CO2/CO/NOx,2021-04-12 00:00:00+02:00,0.5757988003342014
2021,CO2/CO/NOx,2021-04-12 01:00:00+02:00,0.5904471799798887
2021,CO2/CO/NOx,2021-04-12 02:00:00+02:00,0.5819380065916813
2021,CO2/CO/NOx,2021-04-12 03:00:00+02:00,0.6206808142679249
2021,CO2/CO/NOx,2021-04-12 04:00:00+02:00,0.7196705705718114
2021,CO2/CO/NOx,2021-04-12 05:00:00+02:00,0.8477900079796182
2021,CO2/CO/NOx,2021-04-12 06:00:00+02:00,0.9861585153939288
2021,CO2/CO/NOx,2021-04-12 07:00:00+02:00,1.1173426920561422
2021,CO2/CO/NOx,2021-04-12 08:00:00+02:00,1.2195545197651072
2021,CO2/CO/NOx,2021-04-12 09:00:00+02:00,1.265471885570404
2021,CO2/CO/NOx,2021-04-12 10:00:00+02:00,1.2771900432002532
2021,CO2/CO/NOx,2021-04-12 11:00:00+02:00,1.2374898529095688
2021,CO2/CO/NOx,2021-04-12 12:00:00+02:00,1.2073751311665861
2021,CO2/CO/NOx,2021-04-12 13:00:00+02:00,1.2006559408675213
2021,CO2/CO/NOx,2021-04-12 14:00:00+02:00,1.2070032086968638
2021,CO2/CO/NOx,2021-04-12 15:00:00+02:00,1.2603648036209998
2021,CO2/CO/NOx,2021-04-12 16:00:00+02:00,1.3220913727939647
2021,CO2/CO/NOx,2021-04-12 17:00:00+02:00,1.3829548859471354
2021,CO2/CO/NOx,2021-04-12 18:00:00+02:00,1.4468651747033323
2021,CO2/CO/NOx,2021-04-12 19:00:00+02:00,1.476765478089055
2021,CO2/CO/NOx,2021-04-12 20:00:00+02:00,1.4803117575089857
2021,CO2/CO/NOx,2021-04-12 21:00:00+02:00,1.4554556635728215
2021,CO2/CO/NOx,2021-04-12 22:00:00+02:00,1.4062211786342904
2021,CO2/CO/NOx,2021-04-12 23:00:00+02:00,1.369381686949163
2021,CO2/CO/NOx,2021-04-13 00:00:00+02:00,1.348183601620958
2021,CO2/CO/NOx,2021-04-13 01:00:00+02:00,1.3526775410004686
2021,CO2/CO/NOx,2021-04-13 02:00:00+02:00,1.381803684029564
2021,CO2/CO/NOx,2021-04-13 03:00:00+02:00,1.4442345287635072
2021,CO2/CO/NOx,2021-04-13 04:00:00+02:00,1.5223332932230507
2021,CO2/CO/NOx,2021-04-13 05:00:00+02:00,1.6121598393247716
2021,CO2/CO/NOx,2021-04-13 06:00:00+02:00,1.6921180869736983
2021,CO2/CO/NOx,2021-04-13 07:00:00+02:00,1.7360673648529759
2021,CO2/CO/NOx,2021-04-13 08:00:00+02:00,1.7502057232080468
2021,CO2/CO/NOx,2021-04-13 09:00:00+02:00,1.718236591934687
2021,CO2/CO/NOx,2021-04-13 10:00:00+02:00,1.6899476852804243
2021,CO2/CO/NOx,2021-04-13 11:00:00+02:00,1.650190958610584
2021,CO2/CO/NOx,2021-04-13 12:00:00+02:00,1.6114813963722545
2021,CO2/CO/NOx,2021-04-13 13:00:00+02:00,1.6074240284995205
2021,CO2/CO/NOx,2021-04-13 14:00:00+02:00,1.6162278159766763
2021,CO2/CO/NOx,2021-04-13 15:00:00+02:00,1.6332984940506972
2021,CO2/CO/NOx,2021-04-13 16:00:00+02:00,1.6464838037397245
2021,CO2/CO/NOx,2021-04-13 17:00:00+02:00,1.6574065308656505
2021,CO2/CO/NOx,2021-04-13 18:00:00+02:00,1.6668861761329081
2021,CO2/CO/NOx,2021-04-13 19:00:00+02:00,1.648556742608782
2021,CO2/CO/NOx,2021-04-13 20:00:00+02:00,1.6084079329581293
2021,CO2/CO/NOx,2021-04-13 21:00:00+02:00,1.545416656362778
2021,CO2/CO/NOx,2021-04-13 22:00:00+02:00,1.4970124689090523
2021,CO2/CO/NOx,2021-04-13 23:00:00+02:00,1.4705290006311451
2021,CO2/CO/NOx,2021-04-14 00:00:00+02:00,1.4328271717483045
2021,CO2/CO/NOx,2021-04-14 01:00:00+02:00,1.4529333180722854
2021,CO2/CO/NOx,2021-04-14 02:00:00+02:00,1.5224745293075699
2021,CO2/CO/NOx,2021-04-14 03:00:00+02:00,1.6332491408611247
2021,CO2/CO/NOx,2021-04-14 04:00:00+02:00,1.72874243133313
2021,CO2/CO/NOx,2021-04-14 05:00:00+02:00,1.7882706182710093
2021,CO2/CO/NOx,2021-04-14 06:00:00+02:00,1.8148772910853992
2021,CO2/CO/NOx,2021-04-14 07:00:00+02:00,1.807389904588568
2021,CO2/CO/NOx,2021-04-14 08:00:00+02:00,1.7670402660337245
2021,CO2/CO/NOx,2021-04-14 09:00:00+02:00,1.6803837684212048
2021,CO2/CO/NOx,2021-04-14 10:00:00+02:00,1.6233412429815661
2021,CO2/CO/NOx,2021-04-14 11:00:00+02:00,1.5667460073024146
2021,CO2/CO/NOx,2021-04-14 12:00:00+02:00,1.523971278341644
2021,CO2/CO/NOx,2021-04-14 13:00:00+02:00,1.5047913361150482
2021,CO2/CO/NOx,2021-04-14 14:00:00+02:00,1.4883417873222853
2021,CO2/CO/NOx,2021-04-14 15:00:00+02:00,1.494104710242102
2021,CO2/CO/NOx,2021-04-14 16:00:00+02:00,1.5067215165088255
2021,CO2/CO/NOx,2021-04-14 17:00:00+02:00,1.5172063237884807
2021,CO2/CO/NOx,2021-04-14 18:00:00+02:00,1.5487012883849194
2021,CO2/CO/NOx,2021-04-14 19:00:00+02:00,1.5525030161399724
2021,CO2/CO/NOx,2021-04-14 20:00:00+02:00,1.5281389021766367
2021,CO2/CO/NOx,2021-04-14 21:00:00+02:00,1.493618834454126
2021,CO2/CO/NOx,2021-04-14 22:00:00+02:00,1.463979383338617
2021,CO2/CO/NOx,2021-04-14 23:00:00+02:00,1.4350988926656756
2021,CO2/CO/NOx,2021-04-15 00:00:00+02:00,1.384739008463255
2021,CO2/CO/NOx,2021-04-15 01:00:00+02:00,1.383020977304241
2021,CO2/CO/NOx,2021-04-15 02:00:00+02:00,1.4268025661182535
2021,CO2/CO/NOx,2021-04-15 03:00:00+02:00,1.5222730978223278
2021,CO2/CO/NOx,2021-04-15 04:00:00+02:00,1.618791054555843
2021,CO2/CO/NOx,2021-04-15 05:00:00+02:00,1.7252830735212465
2021,CO2/CO/NOx,2021-04-15 06:00:00+02:00,1.8067560959541635
2021,CO2/CO/NOx,2021-04-15 07:00:00+02:00,1.8229562473739358
2021,CO2/CO/NOx,2021-04-15 08:00:00+02:00,1.7917608950902102
2021,CO2/CO/NOx,2021-04-15 09:00:00+02:00,1.709305507900646
2021,CO2/CO/NOx,2021-04-15 10:00:00+02:00,1.6476266125924262
2021,CO2/CO/NOx,2021-04-15 11:00:00+02:00,1.5841906342497547
2021,CO2/CO/NOx,2021-04-15 12:00:00+02:00,1.520577476001195
2021,CO2/CO/NOx,2021-04-15 13:00:00+02:00,1.4745160174801433
2021,CO2/CO/NOx,2021-04-15 14:00:00+02:00,1.4510004841512996
2021,CO2/CO/NOx,2021-04-15 15:00:00+02:00,1.447595547846784
2021,CO2/CO/NOx,2021-04-15 16:00:00+02:00,1.4279660605107918
2021,CO2/CO/NOx,2021-04-15 17:00:00+02:00,1.433554046261549
2021,CO2/CO/NOx,2021-04-15 18:00:00+02:00,1.47685377408249
2021,CO2/CO/NOx,2021-04-15 19:00:00+02:00,1.499097180950118
2021,CO2/CO/NOx,2021-04-15 20:00:00+02:00,1.4955649717070534
2021,CO2/CO/NOx,2021-04-15 21:00:00+02:00,1.4811944343918486
2021,CO2/CO/NOx,2021-04-15 22:00:00+02:00,1.4607402035364063
2021,CO2/CO/NOx,2021-04-15 23:00:00+02:00,1.43688390222226
2021,CO2/CO/NOx,2021-04-16 00:00:00+02:00,1.4032590694605855
2021,CO2/CO/NOx,2021-04-16 01:00:00+02:00,1.3925793218703904
2021,CO2/CO/NOx,2021-04-16 02:00:00+02:00,1.446291347341663
2021,CO2/CO/NOx,2021-04-16 03:00:00+02:00,1.5462542224574929
2021,CO2/CO/NOx,2021-04-16 04:00:00+02:00,1.6404399218578407
2021,CO2/CO/NOx,2021-04-16 05:00:00+02:00,1.7198042883818978
2021,CO2/CO/NOx,2021-04-16 06:00:00+02:00,1.7878686685060627
2021,CO2/CO/NOx,2021-04-16 07:00:00+02:00,1.806667908418093
2021,CO2/CO/NOx,2021-04-16 08:00:00+02:00,1.7688208823223721
2021,CO2/CO/NOx,2021-04-16 09:00:00+02:00,1.6867463532449767
2021,CO2/CO/NOx,2021-04-16 10:00:00+02:00,1.6216634310038294
2021,CO2/CO/NOx,2021-04-16 11:00:00+02:00,1.5576261027234255
2021,CO2/CO/NOx,2021-04-16 12:00:00+02:00,1.4941197649766358
2021,CO2/CO/NOx,2021-04-16 13:00:00+02:00,1.4473571388421422
2021,CO2/CO/NOx,2021-04-16 14:00:00+02:00,1.411824040788401
2021,CO2/CO/NOx,2021-04-16 15:00:00+02:00,1.3910758968426489
2021,CO2/CO/NOx,2021-04-16 16:00:00+02:00,1.3766423399371512
2021,CO2/CO/NOx,2021-04-16 17:00:00+02:00,1.3829679551198513
2021,CO2/CO/NOx,2021-04-16 18:00:00+02:00,1.42991198704355
2021,CO2/CO/NOx,2021-04-16 19:00:00+02:00,1.457959941096037
2021,CO2/CO/NOx,2021-04-16 20:00:00+02:00,1.4644957404412486
2021,CO2/CO/NOx,2021-04-16 21:00:00+02:00,1.4561222834961165
2021,CO2/CO/NOx,2021-04-16 22:00:00+02:00,1.4388000478540057
2021,CO2/CO/NOx,2021-04-16 23:00:00+02:00,1.4092305808873198
2021,CO2/CO/NOx,2021-04-17 00:00:00+02:00,1.3668919397123758
2021,CO2/CO/NOx,2021-04-17 01:00:00+02:00,1.3519321559978144
2021,CO2/CO/NOx,2021-04-17 02:00:00+02:00,1.3772005388577868
2021,CO2/CO/NOx,2021-04-17 03:00:00+02:00,1.4320543762948346
2021,CO2/CO/NOx,2021-04-17 04:00:00+02:00,1.4699944763083177
2021,CO2/CO/NOx,2021-04-17 05:00:00+02:00,1.5161043735702877
2021,CO2/CO/NOx,2021-04-17 06:00:00+02:00,1.5620904176404637
2021,CO2/CO/NOx,2021-04-17 07:00:00+02:00,1.589669809390174
2021,CO2/CO/NOx,2021-04-17 08:00:00+02:00,1.5893914927904194
2021,CO2/CO/NOx,2021-04-17 09:00:00+02:00,1.5625280635150276
2021,CO2/CO/NOx,2021-04-17 10:00:00+02:00,1.5290662912370978
2021,CO2/CO/NOx,2021-04-17 11:00:00+02:00,1.4887242014814919
2021,CO2/CO/NOx,2021-04-17 12:00:00+02:00,1.440211087836704
2021,CO2/CO/NOx,2021-04-17 13:00:00+02:00,1.3875561408987043
2021,CO2/CO/NOx,2021-04-17 14:00:00+02:00,1.3438061522497262
2021,CO2/CO/NOx,2021-04-17 15:00:00+02:00,1.324025967330939
2021,CO2/CO/NOx,2021-04-17 16:00:00+02:00,1.3191618210196427
2021,CO2/CO/NOx,2021-04-17 17:00:00+02:00,1.317246804457724
2021,CO2/CO/NOx,2021-04-17 18:00:00+02:00,1.3393300272743425
2021,CO2/CO/NOx,2021-04-17 19:00:00+02:00,1.3496369622229119
2021,CO2/CO/NOx,2021-04-17 20:00:00+02:00,1.3404972312700818
2021,CO2/CO/NOx,2021-04-17 21:00:00+02:00,1.3184475644315488
2021,CO2/CO/NOx,2021-04-17 22:00:00+02:00,1.2928621498930815
2021,CO2/CO/NOx,2021-04-17 23:00:00+02:00,1.2758108716115035
2021,CO2/CO/NOx,2021-04-18 00:00:00+02:00,1.262903057784074
2021,CO2/CO/NOx,2021-04-18 01:00:00+02:00,1.2739553276282523
2021,CO2/CO/NOx,2021-04-18 02:00:00+02:00,1.3022610717512992
2021,CO2/CO/NOx,2021-04-18 03:00:00+02:00,1.3598574548711755
2021,CO2/CO/NOx,2021-04-18 04:00:00+02:00,1.41042229008586
2021,CO2/CO/NOx,2021-04-18 05:00:00+02:00,1.4504221479822867
2021,CO2/CO/NOx,2021-04-18 06:00:00+02:00,1.4710214023441988
2021,CO2/CO/NOx,2021-04-18 07:00:00+02:00,1.4864443371573435
2021,CO2/CO/NOx,2021-04-18 08:00:00+02:00,1.4898353360445256
2021,CO2/CO/NOx,2021-04-18 09:00:00+02:00,1.4719695279228162
2021,CO2/CO/NOx,2021-04-18 10:00:00+02:00,1.447288166926956
2021,CO2/CO/NOx,2021-04-18 11:00:00+02:00,1.4127780959656293
2021,CO2/CO/NOx,2021-04-18 12:00:00+02:00,1.3687245729299884
2021,CO2/CO/NOx,2021-04-18 13:00:00+02:00,1.3355992741533553
2021,CO2/CO/NOx,2021-04-18 14:00:00+02:00,1.3143753366317457
2021,CO2/CO/NOx,2021-04-18 15:00:00+02:00,1.3025839458254687
2021,CO2/CO/NOx,2021-04-18 16:00:00+02:00,1.2942919413090688
2021,CO2/CO/NOx,2021-04-18 17:00:00+02:00,1.2919280405764735
2021,CO2/CO/NOx,2021-04-18 18:00:00+02:00,1.3160962217916488
2021,CO2/CO/NOx,2021-04-18 19:00:00+02:00,1.3106290418385165
2021,CO2/CO/NOx,2021-04-18 20:00:00+02:00,1.2914291851652662
2021,CO2/CO/NOx,2021-04-18 21:00:00+02:00,1.267002952384317
2021,CO2/CO/NOx,2021-04-18 22:00:00+02:00,1.2499332020616636
2021,CO2/CO/NOx,2021-04-18 23:00:00+02:00,1.2409262688393912
2021,CO2/CO/NOx,2021-04-19 00:00:00+02:00,1.220875834754563
2021,CO2/CO/NOx,2021-04-19 01:00:00+02:00,1.222613115296149
2021,CO2/CO/NOx,2021-04-19 02:00:00+02:00,1.2661090719985446
2021,CO2/CO/NOx,2021-04-19 03:00:00+02:00,1.345589773997909
2021,CO2/CO/NOx,2021-04-19 04:00:00+02:00,1.3975284295432553
2021,CO2/CO/NOx,2021-04-19 05:00:00+02:00,1.4373750368288132
2021,CO2/CO/NOx,2021-04-19 06:00:00+02:00,1.469595106214135
2021,CO2/CO/NOx,2021-04-19 07:00:00+02:00,1.4841337790903153
2021,CO2/CO/NOx,2021-04-19 08:00:00+02:00,1.4449546762538856
2021,CO2/CO/NOx,2021-04-19 09:00:00+02:00,1.3424096482683492
2021,CO2/CO/NOx,2021-04-19 10:00:00+02:00,1.2419370223716701
2021,CO2/CO/NOx,2021-04-19 11:00:00+02:00,1.1470154739707177
2021,CO2/CO/NOx,2021-04-19 12:00:00+02:00,1.0570679146256245
2021,CO2/CO/NOx,2021-04-19 13:00:00+02:00,0.9870153870865532
2021,CO2/CO/NOx,2021-04-19 14:00:00+02:00,0.9767442762788971
2021,CO2/CO/NOx,2021-04-19 15:00:00+02:00,1.0194283943918023
2021,CO2/CO/NOx,2021-04-19 16:00:00+02:00,1.0819151457792473
2021,CO2/CO/NOx,2021-04-19 17:00:00+02:00,1.137252766139345
2021,CO2/CO/NOx,2021-04-19 18:00:00+02:00,1.1868731263773
2021,CO2/CO/NOx,2021-04-19 19:00:00+02:00,1.2004372690478289
2021,CO2/CO/NOx,2021-04-19 20:00:00+02:00,1.1850230944593718
2021,CO2/CO/NOx,2021-04-19 21:00:00+02:00,1.134914188024636
2021,CO2/CO/NOx,2021-04-19 22:00:00+02:00,1.0769010565125505
2021,CO2/CO/NOx,2021-04-19 23:00:00+02:00,1.0354097816607362
2021,CO2/CO/NOx,2021-04-20 00:00:00+02:00,0.9809717193879154
2021,CO2/CO/NOx,2021-04-20 01:00:00+02:00,0.968416334220447
2021,CO2/CO/NOx,2021-04-20 02:00:00+02:00,1.0085245265818215
2021,CO2/CO/NOx,2021-04-20 03:00:00+02:00,1.0782232428610572
2021,CO2/CO/NOx,2021-04-20 04:00:00+02:00,1.1422621161248148
2021,CO2/CO/NOx,2021-04-20 05:00:00+02:00,1.204052434838538
2021,CO2/CO/NOx,2021-04-20 06:00:00+02:00,1.2514660531249617
2021,CO2/CO/NOx,2021-04-20 07:00:00+02:00,1.2602792087182215
2021,CO2/CO/NOx,2021-04-20 08:00:00+02:00,1.2219050418449493
2021,CO2/CO/NOx,2021-04-20 09:00:00+02:00,1.1429102480165334
2021,CO2/CO/NOx,2021-04-20 10:00:00+02:00,1.0822682376990396
2021,CO2/CO/NOx,2021-04-20 11:00:00+02:00,1.0217681448231994
2021,CO2/CO/NOx,2021-04-20 12:00:00+02:00,0.9559543263141997
2021,CO2/CO/NOx,2021-04-20 13:00:00+02:00,0.9067024738534811
2021,CO2/CO/NOx,2021-04-20 14:00:00+02:00,0.8825589139696379
2021,CO2/CO/NOx,2021-04-20 15:00:00+02:00,0.8820832404809016
2021,CO2/CO/NOx,2021-04-20 16:00:00+02:00,0.8868924302245821
2021,CO2/CO/NOx,2021-04-20 17:00:00+02:00,0.9028748319790311
2021,CO2/CO/NOx,2021-04-20 18:00:00+02:00,0.9424579719063318
2021,CO2/CO/NOx,2021-04-20 19:00:00+02:00,0.9779597870509431
2021,CO2/CO/NOx,2021-04-20 20:00:00+02:00,0.9836742630318343
2021,CO2/CO/NOx,2021-04-20 21:00:00+02:00,0.9745479523911822
2021,CO2/CO/NOx,2021-04-20 22:00:00+02:00,0.9620710609735135
2021,CO2/CO/NOx,2021-04-20 23:00:00+02:00,0.9426959041998147
2021,CO2/CO/NOx,2021-04-21 00:00:00+02:00,0.9174393128388252
2021,CO2/CO/NOx,2021-04-21 01:00:00+02:00,0.9200081513835319
2021,CO2/CO/NOx,2021-04-21 02:00:00+02:00,0.9667788630351652
2021,CO2/CO/NOx,2021-04-21 03:00:00+02:00,1.0514670039153493
2021,CO2/CO/NOx,2021-04-21 04:00:00+02:00,1.1295118727726086
2021,CO2/CO/NOx,2021-04-21 05:00:00+02:00,1.1873689548358932
2021,CO2/CO/NOx,2021-04-21 06:00:00+02:00,1.2093144970872438
2021,CO2/CO/NOx,2021-04-21 07:00:00+02:00,1.1886877285752075
2021,CO2/CO/NOx,2021-04-21 08:00:00+02:00,1.1100596007011967
2021,CO2/CO/NOx,2021-04-21 09:00:00+02:00,1.0104841804437248
2021,CO2/CO/NOx,2021-04-21 10:00:00+02:00,0.9127760901894759
2021,CO2/CO/NOx,2021-04-21 11:00:00+02:00,0.8428751194674132
2021,CO2/CO/NOx,2021-04-21 12:00:00+02:00,0.8049751592647727
2021,CO2/CO/NOx,2021-04-21 13:00:00+02:00,0.7979479566863283
2021,CO2/CO/NOx,2021-04-21 14:00:00+02:00,0.8298179218800726
2021,CO2/CO/NOx,2021-04-21 15:00:00+02:00,0.8762512790826921
2021,CO2/CO/NOx,2021-04-21 16:00:00+02:00,0.9204204581491296
2021,CO2/CO/NOx,2021-04-21 17:00:00+02:00,0.9376898813938332
2021,CO2/CO/NOx,2021-04-21 18:00:00+02:00,0.9490639834139273
2021,CO2/CO/NOx,2021-04-21 19:00:00+02:00,0.9169677113275189
2021,CO2/CO/NOx,2021-04-21 20:00:00+02:00,0.8648929029809493
2021,CO2/CO/NOx,2021-04-21 21:00:00+02:00,0.8161292108087487
2021,CO2/CO/NOx,2021-04-21 22:00:00+02:00,0.7988870326300718
2021,CO2/CO/NOx,2021-04-21 23:00:00+02:00,0.8022830736639326
2021,CO2/CO/NOx,2021-04-22 00:00:00+02:00,0.8079576655675629
2021,CO2/CO/NOx,2021-04-22 01:00:00+02:00,0.8191526437068506
2021,CO2/CO/NOx,2021-04-22 02:00:00+02:00,0.8467013963741513
2021,CO2/CO/NOx,2021-04-22 03:00:00+02:00,0.8964061230848812
2021,CO2/CO/NOx,2021-04-22 04:00:00+02:00,0.9237693772506319
2021,CO2/CO/NOx,2021-04-22 05:00:00+02:00,0.9386463020965743
2021,CO2/CO/NOx,2021-04-22 06:00:00+02:00,0.9547459814955779
2021,CO2/CO/NOx,2021-04-22 07:00:00+02:00,0.9706815515695999
2021,CO2/CO/NOx,2021-04-22 08:00:00+02:00,0.9521685069929182
2021,CO2/CO/NOx,2021-04-22 09:00:00+02:00,0.9062297079718333
2021,CO2/CO/NOx,2021-04-22 10:00:00+02:00,0.8671898659767047
2021,CO2/CO/NOx,2021-04-22 11:00:00+02:00,0.8366670664589179
2021,CO2/CO/NOx,2021-04-22 12:00:00+02:00,0.8115202726353595
2021,CO2/CO/NOx,2021-04-22 13:00:00+02:00,0.7835805138053243
2021,CO2/CO/NOx,2021-04-22 14:00:00+02:00,0.7587632357921369
2021,CO2/CO/NOx,2021-04-22 15:00:00+02:00,0.7417746140371003
2021,CO2/CO/NOx,2021-04-22 16:00:00+02:00,0.7417803917629912
2021,CO2/CO/NOx,2021-04-22 17:00:00+02:00,0.7509152840454855
2021,CO2/CO/NOx,2021-04-22 18:00:00+02:00,0.7929398357732371
2021,CO2/CO/NOx,2021-04-22 19:00:00+02:00,0.8273157337871291
2021,CO2/CO/NOx,2021-04-22 20:00:00+02:00,0.8506915946221076
2021,CO2/CO/NOx,2021-04-22 21:00:00+02:00,0.8745467227346196
2021,CO2/CO/NOx,2021-04-22 22:00:00+02:00,0.9045779880018591
2021,CO2/CO/NOx,2021-04-22 23:00:00+02:00,0.9397786238814743
2021,CO2/CO/NOx,2021-04-23 00:00:00+02:00,0.9689131057844401
2021,CO2/CO/NOx,2021-04-23 01:00:00+02:00,1.0301769314484182
2021,CO2/CO/NOx,2021-04-23 02:00:00+02:00,1.1083338220213577
2021,CO2/CO/NOx,2021-04-23 03:00:00+02:00,1.2012569842097907
2021,CO2/CO/NOx,2021-04-23 04:00:00+02:00,1.2480781916272108
2021,CO2/CO/NOx,2021-04-23 05:00:00+02:00,1.2824363134093295
2021,CO2/CO/NOx,2021-04-23 06:00:00+02:00,1.2857058276678488
2021,CO2/CO/NOx,2021-04-23 07:00:00+02:00,1.237203348127348
2021,CO2/CO/NOx,2021-04-23 08:00:00+02:00,1.1516057201358625
2021,CO2/CO/NOx,2021-04-23 09:00:00+02:00,1.0373055314092678
2021,CO2/CO/NOx,2021-04-23 10:00:00+02:00,0.9560074589405435
2021,CO2/CO/NOx,2021-04-23 11:00:00+02:00,0.8900178340992685
2021,CO2/CO/NOx,2021-04-23 12:00:00+02:00,0.8416170249266496
2021,CO2/CO/NOx,2021-04-23 13:00:00+02:00,0.8167189541417142
2021,CO2/CO/NOx,2021-04-23 14:00:00+02:00,0.8353029045926685
2021,CO2/CO/NOx,2021-04-23 15:00:00+02:00,0.8631022673215246
2021,CO2/CO/NOx,2021-04-23 16:00:00+02:00,0.8768030285697032
2021,CO2/CO/NOx,2021-04-23 17:00:00+02:00,0.8959281034434332
2021,CO2/CO/NOx,2021-04-23 18:00:00+02:00,0.9320409840099944
2021,CO2/CO/NOx,2021-04-23 19:00:00+02:00,0.9403857817367791
2021,CO2/CO/NOx,2021-04-23 20:00:00+02:00,0.9249138806566292
2021,CO2/CO/NOx,2021-04-23 21:00:00+02:00,0.9171864014588608
2021,CO2/CO/NOx,2021-04-23 22:00:00+02:00,0.916162084150516
2021,CO2/CO/NOx,2021-04-23 23:00:00+02:00,0.9663671530455873
2021,CO2/CO/NOx,2021-04-24 00:00:00+02:00,1.0442764172219197
2021,CO2/CO/NOx,2021-04-24 01:00:00+02:00,1.1325878717042626
2021,CO2/CO/NOx,2021-04-24 02:00:00+02:00,1.2376131356455933
2021,CO2/CO/NOx,2021-04-24 03:00:00+02:00,1.3404861264954133
2021,CO2/CO/NOx,2021-04-24 04:00:00+02:00,1.3689516752122004
2021,CO2/CO/NOx,2021-04-24 05:00:00+02:00,1.3525029396557506
2021,CO2/CO/NOx,2021-04-24 06:00:00+02:00,1.2938668465017638
2021,CO2/CO/NOx,2021-04-24 07:00:00+02:00,1.1795247696254205
2021,CO2/CO/NOx,2021-04-24 08:00:00+02:00,1.064309771618007
2021,CO2/CO/NOx,2021-04-24 09:00:00+02:00,0.9379013093524496
2021,CO2/CO/NOx,2021-04-24 10:00:00+02:00,0.8385919186811491
2021,CO2/CO/NOx,2021-04-24 11:00:00+02:00,0.7729637797173837
2021,CO2/CO/NOx,2021-04-24 12:00:00+02:00,0.7483502584123065
2021,CO2/CO/NOx,2021-04-24 13:00:00+02:00,0.7547360695308607
2021,CO2/CO/NOx,2021-04-24 14:00:00+02:00,0.7866061166633281
2021,CO2/CO/NOx,2021-04-24 15:00:00+02:00,0.8547596269297806
2021,CO2/CO/NOx,2021-04-24 16:00:00+02:00,0.8957401490962453
2021,CO2/CO/NOx,2021-04-24 17:00:00+02:00,0.912888892450088
2021,CO2/CO/NOx,2021-04-24 18:00:00+02:00,0.9215782933697209
2021,CO2/CO/NOx,2021-04-24 19:00:00+02:00,0.9046657091621481
2021,CO2/CO/NOx,2021-04-24 20:00:00+02:00,0.8531072014277417
2021,CO2/CO/NOx,2021-04-24 21:00:00+02:00,0.8002194744002165
2021,CO2/CO/NOx,2021-04-24 22:00:00+02:00,0.7885367729799619
2021,CO2/CO/NOx,2021-04-24 23:00:00+02:00,0.8096350724726806
2021,CO2/CO/NOx,2021-04-25 00:00:00+02:00,0.8745113861437087
2021,CO2/CO/NOx,2021-04-25 01:00:00+02:00,0.9403620806285068
2021,CO2/CO/NOx,2021-04-25 02:00:00+02:00,1.011249412624399
2021,CO2/CO/NOx,2021-04-25 03:00:00+02:00,1.100008837451957
2021,CO2/CO/NOx,2021-04-25 04:00:00+02:00,1.148462704228139
2021,CO2/CO/NOx,2021-04-25 05:00:00+02:00,1.170701393762208
2021,CO2/CO/NOx,2021-04-25 06:00:00+02:00,1.1413111300287355
2021,CO2/CO/NOx,2021-04-25 07:00:00+02:00,1.1031434725998976
2021,CO2/CO/NOx,2021-04-25 08:00:00+02:00,1.0405745498167587
2021,CO2/CO/NOx,2021-04-25 09:00:00+02:00,0.9558170881703656
2021,CO2/CO/NOx,2021-04-25 10:00:00+02:00,0.8752219057149719
2021,CO2/CO/NOx,2021-04-25 11:00:00+02:00,0.7945286229827334
2021,CO2/CO/NOx,2021-04-25 12:00:00+02:00,0.7422222197978074
2021,CO2/CO/NOx,2021-04-25 13:00:00+02:00,0.7212510236586709
2021,CO2/CO/NOx,2021-04-25 14:00:00+02:00,0.7277233280136732
2021,CO2/CO/NOx,2021-04-25 15:00:00+02:00,0.734236644837235
2021,CO2/CO/NOx,2021-04-25 16:00:00+02:00,0.767613722929943
2021,CO2/CO/NOx,2021-04-25 17:00:00+02:00,0.8054273535899038
2021,CO2/CO/NOx,2021-04-25 18:00:00+02:00,0.8455651744143942
2021,CO2/CO/NOx,2021-04-25 19:00:00+02:00,0.8673423330690484
2021,CO2/CO/NOx,2021-04-25 20:00:00+02:00,0.8689822879485041
2021,CO2/CO/NOx,2021-04-25 21:00:00+02:00,0.8440988693509447
2021,CO2/CO/NOx,2021-04-25 22:00:00+02:00,0.8243420377769599
2021,CO2/CO/NOx,2021-04-25 23:00:00+02:00,0.8161493394292998
2021,CO2/CO/NOx,2021-04-26 00:00:00+02:00,0.8391298019205361
2021,CO2/CO/NOx,2021-04-26 01:00:00+02:00,0.8967126361881476
2021,CO2/CO/NOx,2021-04-26 02:00:00+02:00,0.9851768511482973
2021,CO2/CO/NOx,2021-04-26 03:00:00+02:00,1.110500566871315
2021,CO2/CO/NOx,2021-04-26 04:00:00+02:00,1.20784496590205
2021,CO2/CO/NOx,2021-04-26 05:00:00+02:00,1.2761211114100388
2021,CO2/CO/NOx,2021-04-26 06:00:00+02:00,1.298893128321393
2021,CO2/CO/NOx,2021-04-26 07:00:00+02:00,1.2573742631371247
2021,CO2/CO/NOx,2021-04-26 08:00:00+02:00,1.1701108744436473
2021,CO2/CO/NOx,2021-04-26 09:00:00+02:00,1.067163779378042
2021,CO2/CO/NOx,2021-04-26 10:00:00+02:00,0.9576215910684381
2021,CO2/CO/NOx,2021-04-26 11:00:00+02:00,0.8806007131835805
2021,CO2/CO/NOx,2021-04-26 12:00:00+02:00,0.8317803918637038
2021,CO2/CO/NOx,2021-04-26 13:00:00+02:00,0.7983051442636534
2021,CO2/CO/NOx,2021-04-26 14:00:00+02:00,0.8003131297557534
2021,CO2/CO/NOx,2021-04-26 15:00:00+02:00,0.8441937709528496
2021,CO2/CO/NOx,2021-04-26 16:00:00+02:00,0.864681725383377
2021,CO2/CO/NOx,2021-04-26 17:00:00+02:00,0.8817526950892786
2021,CO2/CO/NOx,2021-04-26 18:00:00+02:00,0.9247785624494823
2021,CO2/CO/NOx,2021-04-26 19:00:00+02:00,0.9366183764133023
2021,CO2/CO/NOx,2021-04-26 20:00:00+02:00,0.9305071173474476
2021,CO2/CO/NOx,2021-04-26 21:00:00+02:00,0.8929138132142432
2021,CO2/CO/NOx,2021-04-26 22:00:00+02:00,0.8610271542618099
2021,CO2/CO/NOx,2021-04-26 23:00:00+02:00,0.8331915100687665
2021,CO2/CO/NOx,2021-04-27 00:00:00+02:00,0.8438728260292088
2021,CO2/CO/NOx,2021-04-27 01:00:00+02:00,0.8888075205027992
2021,CO2/CO/NOx,2021-04-27 02:00:00+02:00,0.9844379187830637
2021,CO2/CO/NOx,2021-04-27 03:00:00+02:00,1.1307043814365425
2021,CO2/CO/NOx,2021-04-27 04:00:00+02:00,1.2488307554572626
2021,CO2/CO/NOx,2021-04-27 05:00:00+02:00,1.3146235048687396
2021,CO2/CO/NOx,2021-04-27 06:00:00+02:00,1.3285371502233998
2021,CO2/CO/NOx,2021-04-27 07:00:00+02:00,1.2841283960493757
2021,CO2/CO/NOx,2021-04-27 08:00:00+02:00,1.170930022649306
2021,CO2/CO/NOx,2021-04-27 09:00:00+02:00,1.038903600099087
2021,CO2/CO/NOx,2021-04-27 10:00:00+02:00,0.9089540754862028
2021,CO2/CO/NOx,2021-04-27 11:00:00+02:00,0.8175612382220019
2021,CO2/CO/NOx,2021-04-27 12:00:00+02:00,0.7687495609565242
2021,CO2/CO/NOx,2021-04-27 13:00:00+02:00,0.758733377875763
2021,CO2/CO/NOx,2021-04-27 14:00:00+02:00,0.7782271960048293
2021,CO2/CO/NOx,2021-04-27 15:00:00+02:00,0.8359865304326963
2021,CO2/CO/NOx,2021-04-27 16:00:00+02:00,0.8883233513631218
2021,CO2/CO/NOx,2021-04-27 17:00:00+02:00,0.9148857503381725
2021,CO2/CO/NOx,2021-04-27 18:00:00+02:00,0.9265325322726833
2021,CO2/CO/NOx,2021-04-27 19:00:00+02:00,0.9061707363470594
2021,CO2/CO/NOx,2021-04-27 20:00:00+02:00,0.8619764190199809
2021,CO2/CO/NOx,2021-04-27 21:00:00+02:00,0.7947740537362742
2021,CO2/CO/NOx,2021-04-27 22:00:00+02:00,0.7404133800518868
2021,CO2/CO/NOx,2021-04-27 23:00:00+02:00,0.7322024358525281
2021,CO2/CO/NOx,2021-04-28 00:00:00+02:00,0.7756159460275962
2021,CO2/CO/NOx,2021-04-28 01:00:00+02:00,0.8619052623857087
2021,CO2/CO/NOx,2021-04-28 02:00:00+02:00,0.9758188280476653
2021,CO2/CO/NOx,2021-04-28 03:00:00+02:00,1.1135516804799737
2021,CO2/CO/NOx,2021-04-28 04:00:00+02:00,1.2133277011087207
2021,CO2/CO/NOx,2021-04-28 05:00:00+02:00,1.2348854922469412
2021,CO2/CO/NOx,2021-04-28 06:00:00+02:00,1.1905226719003115
2021,CO2/CO/NOx,2021-04-28 07:00:00+02:00,1.101682160872189
2021,CO2/CO/NOx,2021-04-28 08:00:00+02:00,0.9959073473101916
2021,CO2/CO/NOx,2021-04-28 09:00:00+02:00,0.8722706721656702
2021,CO2/CO/NOx,2021-04-28 10:00:00+02:00,0.7717546317171534
2021,CO2/CO/NOx,2021-04-28 11:00:00+02:00,0.7077847626072209
2021,CO2/CO/NOx,2021-04-28 12:00:00+02:00,0.6779771703570383
2021,CO2/CO/NOx,2021-04-28 13:00:00+02:00,0.6794133001711508
2021,CO2/CO/NOx,2021-04-28 14:00:00+02:00,0.7036968998571856
2021,CO2/CO/NOx,2021-04-28 15:00:00+02:00,0.7621218396260648
2021,CO2/CO/NOx,2021-04-28 16:00:00+02:00,0.7954562163769091
2021,CO2/CO/NOx,2021-04-28 17:00:00+02:00,0.8130474052114597
2021,CO2/CO/NOx,2021-04-28 18:00:00+02:00,0.7972840091901879
2021,CO2/CO/NOx,2021-04-28 19:00:00+02:00,0.75369993897442
2021,CO2/CO/NOx,2021-04-28 20:00:00+02:00,0.7016915872940245
2021,CO2/CO/NOx,2021-04-28 21:00:00+02:00,0.6411635573135686
2021,CO2/CO/NOx,2021-04-28 22:00:00+02:00,0.5951906984637748
2021,CO2/CO/NOx,2021-04-28 23:00:00+02:00,0.5661199070895465
2021,CO2/CO/NOx,2021-04-29 00:00:00+02:00,0.5551792943453777
2021,CO2/CO/NOx,2021-04-29 01:00:00+02:00,0.5484295417673857
2021,CO2/CO/NOx,2021-04-29 02:00:00+02:00,0.5769017125260852
2021,CO2/CO/NOx,2021-04-29 03:00:00+02:00,0.6008334478823953
2021,CO2/CO/NOx,2021-04-29 04:00:00+02:00,0.6239905550488212
2021,CO2/CO/NOx,2021-04-29 05:00:00+02:00,0.6631198285918564
2021,CO2/CO/NOx,2021-04-29 06:00:00+02:00,0.6864266492865949
2021,CO2/CO/NOx,2021-04-29 07:00:00+02:00,0.7077495969305464
2021,CO2/CO/NOx,2021-04-29 08:00:00+02:00,0.7165440147441972
2021,CO2/CO/NOx,2021-04-29 09:00:00+02:00,0.7072332611996831
2021,CO2/CO/NOx,2021-04-29 10:00:00+02:00,0.6979307714826872
2021,CO2/CO/NOx,2021-04-29 11:00:00+02:00,0.6845198697969122
2021,CO2/CO/NOx,2021-04-29 12:00:00+02:00,0.646425135174317
2021,CO2/CO/NOx,2021-04-29 13:00:00+02:00,0.6064815446633527
2021,CO2/CO/NOx,2021-04-29 14:00:00+02:00,0.5857489622829467
2021,CO2/CO/NOx,2021-04-29 15:00:00+02:00,0.5736210975723638
2021,CO2/CO/NOx,2021-04-29 16:00:00+02:00,0.5840086709579284
2021,CO2/CO/NOx,2021-04-29 17:00:00+02:00,0.6037722237406514
2021,CO2/CO/NOx,2021-04-29 18:00:00+02:00,0.6371225690984453
2021,CO2/CO/NOx,2021-04-29 19:00:00+02:00,0.6670493818642372
2021,CO2/CO/NOx,2021-04-29 20:00:00+02:00,0.6888908136740405
2021,CO2/CO/NOx,2021-04-29 21:00:00+02:00,0.6947695426016517
2021,CO2/CO/NOx,2021-04-29 22:00:00+02:00,0.6905383345954763
2021,CO2/CO/NOx,2021-04-29 23:00:00+02:00,0.689119700767166
2021,CO2/CO/NOx,2021-04-30 00:00:00+02:00,0.6625184167747956
2021,CO2/CO/NOx,2021-04-30 01:00:00+02:00,0.6520455028547915
2021,CO2/CO/NOx,2021-04-30 02:00:00+02:00,0.656736475741206
2021,CO2/CO/NOx,2021-04-30 03:00:00+02:00,0.6911621679323373
2021,CO2/CO/NOx,2021-04-30 04:00:00+02:00,0.7288216730349538
2021,CO2/CO/NOx,2021-04-30 05:00:00+02:00,0.7617177072004588
2021,CO2/CO/NOx,2021-04-30 06:00:00+02:00,0.8018853092504117
2021,CO2/CO/NOx,2021-04-30 07:00:00+02:00,0.8399986169397091
2021,CO2/CO/NOx,2021-04-30 08:00:00+02:00,0.8544816139768258
2021,CO2/CO/NOx,2021-04-30 09:00:00+02:00,0.8349484478916985
2021,CO2/CO/NOx,2021-04-30 10:00:00+02:00,0.8207690346645105
2021,CO2/CO/NOx,2021-04-30 11:00:00+02:00,0.7871302225908942
2021,CO2/CO/NOx,2021-04-30 12:00:00+02:00,0.7383762100353859
2021,CO2/CO/NOx,2021-04-30 13:00:00+02:00,0.6799998296092852
2021,CO2/CO/NOx,2021-04-30 14:00:00+02:00,0.6216855412047124
2021,CO2/CO/NOx,2021-04-30 15:00:00+02:00,0.6242572686519879
2021,CO2/CO/NOx,2021-04-30 16:00:00+02:00,0.6663591141449187
2021,CO2/CO/NOx,2021-04-30 17:00:00+02:00,0.7270117998696222
2021,CO2/CO/NOx,2021-04-30 18:00:00+02:00,0.8143209489262014
2021,CO2/CO/NOx,2021-04-30 19:00:00+02:00,0.8850789234422715
2021,CO2/CO/NOx,2021-04-30 20:00:00+02:00,0.9509102675502089
2021,CO2/CO/NOx,2021-04-30 21:00:00+02:00,0.9990735210847291
2021,CO2/CO/NOx,2021-04-30 22:00:00+02:00,1.0156498503063627
2021,CO2/CO/NOx,2021-04-30 23:00:00+02:00,1.0063273246343374
2021,CO2/CO/NOx,2021-05-01 00:00:00+02:00,1.0068055300797292
2021,CO2/CO/NOx,2021-05-01 01:00:00+02:00,0.9852474989287247
2021,CO2/CO/NOx,2021-05-01 02:00:00+02:00,0.9628072460383702
2021,CO2/CO/NOx,2021-05-01 03:00:00+02:00,0.9573214428511371
2021,CO2/CO/NOx,2021-05-01 04:00:00+02:00,0.9595015365109761
2021,CO2/CO/NOx,2021-05-01 05:00:00+02:00,0.9877442709550203
2021,CO2/CO/NOx,2021-05-01 06:00:00+02:00,1.0271494225417042
2021,CO2/CO/NOx,2021-05-01 07:00:00+02:00,1.0445896275210984
2021,CO2/CO/NOx,2021-05-01 08:00:00+02:00,1.041317156495526
2021,CO2/CO/NOx,2021-05-01 09:00:00+02:00,1.018679982626822
2021,CO2/CO/NOx,2021-05-01 10:00:00+02:00,0.9649136793298728
2021,CO2/CO/NOx,2021-05-01 11:00:00+02:00,0.9061179360455637
2021,CO2/CO/NOx,2021-05-01 12:00:00+02:00,0.8485965372624085
2021,CO2/CO/NOx,2021-05-01 13:00:00+02:00,0.825964893171358
2021,CO2/CO/NOx,2021-05-01 14:00:00+02:00,0.819445030015376
2021,CO2/CO/NOx,2021-05-01 15:00:00+02:00,0.8375395015304223
2021,CO2/CO/NOx,2021-05-01 16:00:00+02:00,0.8661361868223193
2021,CO2/CO/NOx,2021-05-01 17:00:00+02:00,0.9065521687401877
2021,CO2/CO/NOx,2021-05-01 18:00:00+02:00,0.9658510185176972
2021,CO2/CO/NOx,2021-05-01 19:00:00+02:00,0.9971713759625608
2021,CO2/CO/NOx,2021-05-01 20:00:00+02:00,0.992135658882305
2021,CO2/CO/NOx,2021-05-01 21:00:00+02:00,0.9675846713332142
2021,CO2/CO/NOx,2021-05-01 22:00:00+02:00,0.9486324909796429
2021,CO2/CO/NOx,2021-05-01 23:00:00+02:00,0.9241199350134284
2021,CO2/CO/NOx,2021-05-02 00:00:00+02:00,0.897619631068639
2021,CO2/CO/NOx,2021-05-02 01:00:00+02:00,0.9013352839750871
2021,CO2/CO/NOx,2021-05-02 02:00:00+02:00,0.9318777566560735
2021,CO2/CO/NOx,2021-05-02 03:00:00+02:00,0.9898648614489218
2021,CO2/CO/NOx,2021-05-02 04:00:00+02:00,1.0492799294661026
2021,CO2/CO/NOx,2021-05-02 05:00:00+02:00,1.1020551656248714
2021,CO2/CO/NOx,2021-05-02 06:00:00+02:00,1.1591801775497468
2021,CO2/CO/NOx,2021-05-02 07:00:00+02:00,1.195468972342447
2021,CO2/CO/NOx,2021-05-02 08:00:00+02:00,1.205586632305909
2021,CO2/CO/NOx,2021-05-02 09:00:00+02:00,1.196951967561854
2021,CO2/CO/NOx,2021-05-02 10:00:00+02:00,1.1832844524419726
2021,CO2/CO/NOx,2021-05-02 11:00:00+02:00,1.1652950943565539
2021,CO2/CO/NOx,2021-05-02 12:00:00+02:00,1.1231786691846284
2021,CO2/CO/NOx,2021-05-02 13:00:00+02:00,1.0763886979345243
2021,CO2/CO/NOx,2021-05-02 14:00:00+02:00,1.036675977910898
2021,CO2/CO/NOx,2021-05-02 15:00:00+02:00,1.0122602458393668
2021,CO2/CO/NOx,2021-05-02 16:00:00+02:00,1.0152566622515349
2021,CO2/CO/NOx,2021-05-02 17:00:00+02:00,1.0395783530839127
2021,CO2/CO/NOx,2021-05-02 18:00:00+02:00,1.1040813916696275
2021,CO2/CO/NOx,2021-05-02 19:00:00+02:00,1.1570355872181441
2021,CO2/CO/NOx,2021-05-02 20:00:00+02:00,1.2000878405361235
2021,CO2/CO/NOx,2021-05-02 21:00:00+02:00,1.2050733117843964
2021,CO2/CO/NOx,2021-05-02 22:00:00+02:00,1.178950277908159
2021,CO2/CO/NOx,2021-05-02 23:00:00+02:00,1.135117618335946
2021,CO2/CO/NOx,2021-05-03 00:00:00+02:00,1.0673286123832297
2021,CO2/CO/NOx,2021-05-03 01:00:00+02:00,1.0354645582687605
2021,CO2/CO/NOx,2021-05-03 02:00:00+02:00,1.0353409295602367
2021,CO2/CO/NOx,2021-05-03 03:00:00+02:00,1.0910761320255487
2021,CO2/CO/NOx,2021-05-03 04:00:00+02:00,1.162317906433788
2021,CO2/CO/NOx,2021-05-03 05:00:00+02:00,1.2418323579579813
2021,CO2/CO/NOx,2021-05-03 06:00:00+02:00,1.3059501445852053
2021,CO2/CO/NOx,2021-05-03 07:00:00+02:00,1.3192174987206482
2021,CO2/CO/NOx,2021-05-03 08:00:00+02:00,1.2838238958623633
2021,CO2/CO/NOx,2021-05-03 09:00:00+02:00,1.2062401569777323
2021,CO2/CO/NOx,2021-05-03 10:00:00+02:00,1.121754677907944
2021,CO2/CO/NOx,2021-05-03 11:00:00+02:00,1.0385100111788954
2021,CO2/CO/NOx,2021-05-03 12:00:00+02:00,0.9698470247765445
2021,CO2/CO/NOx,2021-05-03 13:00:00+02:00,0.9332844459851573
2021,CO2/CO/NOx,2021-05-03 14:00:00+02:00,0.9278936402113095
2021,CO2/CO/NOx,2021-05-03 15:00:00+02:00,0.9445993198948823
2021,CO2/CO/NOx,2021-05-03 16:00:00+02:00,0.9528455398574405
2021,CO2/CO/NOx,2021-05-03 17:00:00+02:00,0.974233561734117
2021,CO2/CO/NOx,2021-05-03 18:00:00+02:00,1.0226030892108655
2021,CO2/CO/NOx,2021-05-03 19:00:00+02:00,1.0417826744600989
2021,CO2/CO/NOx,2021-05-03 20:00:00+02:00,1.0359986219489619
2021,CO2/CO/NOx,2021-05-03 21:00:00+02:00,1.0183280997661037
2021,CO2/CO/NOx,2021-05-03 22:00:00+02:00,0.9951196953540118
2021,CO2/CO/NOx,2021-05-03 23:00:00+02:00,0.9743721895780321
2021,CO2/CO/NOx,2021-05-04 00:00:00+02:00,0.9437931732179473
2021,CO2/CO/NOx,2021-05-04 01:00:00+02:00,0.9255156147182724
2021,CO2/CO/NOx,2021-05-04 02:00:00+02:00,0.9460115835129366
2021,CO2/CO/NOx,2021-05-04 03:00:00+02:00,1.011179737089174
2021,CO2/CO/NOx,2021-05-04 04:00:00+02:00,1.0427686527394575
2021,CO2/CO/NOx,2021-05-04 05:00:00+02:00,1.0590074810699333
2021,CO2/CO/NOx,2021-05-04 06:00:00+02:00,1.0608867283754169
2021,CO2/CO/NOx,2021-05-04 07:00:00+02:00,1.025563323757211
2021,CO2/CO/NOx,2021-05-04 08:00:00+02:00,0.9597234911399132
2021,CO2/CO/NOx,2021-05-04 09:00:00+02:00,0.8746952570271116
2021,CO2/CO/NOx,2021-05-04 10:00:00+02:00,0.8230966811992568
2021,CO2/CO/NOx,2021-05-04 11:00:00+02:00,0.8051628345097122
2021,CO2/CO/NOx,2021-05-04 12:00:00+02:00,0.8072404167374501
2021,CO2/CO/NOx,2021-05-04 13:00:00+02:00,0.8048850814232735
2021,CO2/CO/NOx,2021-05-04 14:00:00+02:00,0.8338910766668949
2021,CO2/CO/NOx,2021-05-04 15:00:00+02:00,0.8385477149472604
2021,CO2/CO/NOx,2021-05-04 16:00:00+02:00,0.8324728718492295
2021,CO2/CO/NOx,2021-05-04 17:00:00+02:00,0.8028302602306203
2021,CO2/CO/NOx,2021-05-04 18:00:00+02:00,0.765088322405285
2021,CO2/CO/NOx,2021-05-04 19:00:00+02:00,0.7212744390639492
2021,CO2/CO/NOx,2021-05-04 20:00:00+02:00,0.6765422418687838
2021,CO2/CO/NOx,2021-05-04 21:00:00+02:00,0.6301904405391243
2021,CO2/CO/NOx,2021-05-04 22:00:00+02:00,0.6040258614475691
2021,CO2/CO/NOx,2021-05-04 23:00:00+02:00,0.6028293108177496
2021,CO2/CO/NOx,2021-05-05 00:00:00+02:00,0.5790411458691465
2021,CO2/CO/NOx,2021-05-05 01:00:00+02:00,0.5823635987411874
2021,CO2/CO/NOx,2021-05-05 02:00:00+02:00,0.5952066575643294
2021,CO2/CO/NOx,2021-05-05 03:00:00+02:00,0.6241688132847096
2021,CO2/CO/NOx,2021-05-05 04:00:00+02:00,0.6959148856161067
2021,CO2/CO/NOx,2021-05-05 05:00:00+02:00,0.7933204870226799
2021,CO2/CO/NOx,2021-05-05 06:00:00+02:00,0.8975300620596439
2021,CO2/CO/NOx,2021-05-05 07:00:00+02:00,0.9766961417790682
2021,CO2/CO/NOx,2021-05-05 08:00:00+02:00,1.0235619792329589
2021,CO2/CO/NOx,2021-05-05 09:00:00+02:00,1.0418470728017344
2021,CO2/CO/NOx,2021-05-05 10:00:00+02:00,1.0470904458143495
2021,CO2/CO/NOx,2021-05-05 11:00:00+02:00,1.009616152798037
2021,CO2/CO/NOx,2021-05-05 12:00:00+02:00,0.9448778597977505
2021,CO2/CO/NOx,2021-05-05 13:00:00+02:00,0.9022252254141921
2021,CO2/CO/NOx,2021-05-05 14:00:00+02:00,0.8663896887170177
2021,CO2/CO/NOx,2021-05-05 15:00:00+02:00,0.8454124235591556
2021,CO2/CO/NOx,2021-05-05 16:00:00+02:00,0.8497576374689425
2021,CO2/CO/NOx,2021-05-05 17:00:00+02:00,0.8749253514419444
2021,CO2/CO/NOx,2021-05-05 18:00:00+02:00,0.9489637481271659
2021,CO2/CO/NOx,2021-05-05 19:00:00+02:00,1.014565838371956
2021,CO2/CO/NOx,2021-05-05 20:00:00+02:00,1.043383402266403
2021,CO2/CO/NOx,2021-05-05 21:00:00+02:00,1.048106773402624
2021,CO2/CO/NOx,2021-05-05 22:00:00+02:00,1.0255311041892943
2021,CO2/CO/NOx,2021-05-05 23:00:00+02:00,0.9862394815992349
2021,CO2/CO/NOx,2021-05-06 00:00:00+02:00,0.9395311506179151
2021,CO2/CO/NOx,2021-05-06 01:00:00+02:00,0.9326600282321006
2021,CO2/CO/NOx,2021-05-06 02:00:00+02:00,0.9412669338083398
2021,CO2/CO/NOx,2021-05-06 03:00:00+02:00,0.9910111852102526
2021,CO2/CO/NOx,2021-05-06 04:00:00+02:00,1.0483397862303172
2021,CO2/CO/NOx,2021-05-06 05:00:00+02:00,1.1078654874287814
2021,CO2/CO/NOx,2021-05-06 06:00:00+02:00,1.146811080061502
2021,CO2/CO/NOx,2021-05-06 07:00:00+02:00,1.1409241332960405
2021,CO2/CO/NOx,2021-05-06 08:00:00+02:00,1.1049112746617016
2021,CO2/CO/NOx,2021-05-06 09:00:00+02:00,1.0476997615487433
2021,CO2/CO/NOx,2021-05-06 10:00:00+02:00,1.006322985996896
2021,CO2/CO/NOx,2021-05-06 11:00:00+02:00,0.9712977406959209
2021,CO2/CO/NOx,2021-05-06 12:00:00+02:00,0.9531543434500984
2021,CO2/CO/NOx,2021-05-06 13:00:00+02:00,0.9756427862573877
2021,CO2/CO/NOx,2021-05-06 14:00:00+02:00,1.0122531643689432
2021,CO2/CO/NOx,2021-05-06 15:00:00+02:00,1.0552360411320756
2021,CO2/CO/NOx,2021-05-06 16:00:00+02:00,1.0810221104478714
2021,CO2/CO/NOx,2021-05-06 17:00:00+02:00,1.110926875209974
2021,CO2/CO/NOx,2021-05-06 18:00:00+02:00,1.1344034833565741
2021,CO2/CO/NOx,2021-05-06 19:00:00+02:00,1.1181678538835296
2021,CO2/CO/NOx,2021-05-06 20:00:00+02:00,1.0651371629229098
2021,CO2/CO/NOx,2021-05-06 21:00:00+02:00,0.9991053490111454
2021,CO2/CO/NOx,2021-05-06 22:00:00+02:00,0.9437665994924577
2021,CO2/CO/NOx,2021-05-06 23:00:00+02:00,0.8996750691101653
2021,CO2/CO/NOx,2021-05-07 00:00:00+02:00,0.8649332308582763
2021,CO2/CO/NOx,2021-05-07 01:00:00+02:00,0.8634201567540271
2021,CO2/CO/NOx,2021-05-07 02:00:00+02:00,0.9024829594545771
2021,CO2/CO/NOx,2021-05-07 03:00:00+02:00,0.9629225922066741
2021,CO2/CO/NOx,2021-05-07 04:00:00+02:00,1.0178141590994054
2021,CO2/CO/NOx,2021-05-07 05:00:00+02:00,1.0698423070397822
2021,CO2/CO/NOx,2021-05-07 06:00:00+02:00,1.118690618407977
2021,CO2/CO/NOx,2021-05-07 07:00:00+02:00,1.1507020644659767
2021,CO2/CO/NOx,2021-05-07 08:00:00+02:00,1.155941616530243
2021,CO2/CO/NOx,2021-05-07 09:00:00+02:00,1.137735546213468
2021,CO2/CO/NOx,2021-05-07 10:00:00+02:00,1.1257409709347692
2021,CO2/CO/NOx,2021-05-07 11:00:00+02:00,1.1144557697001092
2021,CO2/CO/NOx,2021-05-07 12:00:00+02:00,1.1003655811991309
2021,CO2/CO/NOx,2021-05-07 13:00:00+02:00,1.0900507033306326
2021,CO2/CO/NOx,2021-05-07 14:00:00+02:00,1.0725248325466106
2021,CO2/CO/NOx,2021-05-07 15:00:00+02:00,1.0537632515383966
2021,CO2/CO/NOx,2021-05-07 16:00:00+02:00,1.040420811530544
2021,CO2/CO/NOx,2021-05-07 17:00:00+02:00,1.0211173036766783
2021,CO2/CO/NOx,2021-05-07 18:00:00+02:00,1.031124437815776
2021,CO2/CO/NOx,2021-05-07 19:00:00+02:00,1.0576958464903583
2021,CO2/CO/NOx,2021-05-07 20:00:00+02:00,1.1031482122329472
2021,CO2/CO/NOx,2021-05-07 21:00:00+02:00,1.1560423197502503
2021,CO2/CO/NOx,2021-05-07 22:00:00+02:00,1.2005818465768339
2021,CO2/CO/NOx,2021-05-07 23:00:00+02:00,1.2242498856874753
2021,CO2/CO/NOx,2021-05-08 00:00:00+02:00,1.2284350191864808
2021,CO2/CO/NOx,2021-05-08 01:00:00+02:00,1.2335357386691201
2021,CO2/CO/NOx,2021-05-08 02:00:00+02:00,1.2287855994101495
2021,CO2/CO/NOx,2021-05-08 03:00:00+02:00,1.2359530790997735
2021,CO2/CO/NOx,2021-05-08 04:00:00+02:00,1.2439328381783743
2021,CO2/CO/NOx,2021-05-08 05:00:00+02:00,1.2545924661997365
2021,CO2/CO/NOx,2021-05-08 06:00:00+02:00,1.2477994032836646
2021,CO2/CO/NOx,2021-05-08 07:00:00+02:00,1.2046742863366544
2021,CO2/CO/NOx,2021-05-08 08:00:00+02:00,1.1454382228828468
2021,CO2/CO/NOx,2021-05-08 09:00:00+02:00,1.0663849374791978
2021,CO2/CO/NOx,2021-05-08 10:00:00+02:00,1.001459788694389
2021,CO2/CO/NOx,2021-05-08 11:00:00+02:00,0.9459922182195414
2021,CO2/CO/NOx,2021-05-08 12:00:00+02:00,0.8966383838294439
2021,CO2/CO/NOx,2021-05-08 13:00:00+02:00,0.8795561956667813
2021,CO2/CO/NOx,2021-05-08 14:00:00+02:00,0.8801829560258906
2021,CO2/CO/NOx,2021-05-08 15:00:00+02:00,0.9172167815181884
2021,CO2/CO/NOx,2021-05-08 16:00:00+02:00,0.9342503684729232
2021,CO2/CO/NOx,2021-05-08 17:00:00+02:00,0.9397847130733382
2021,CO2/CO/NOx,2021-05-08 18:00:00+02:00,0.9236365780821139
2021,CO2/CO/NOx,2021-05-08 19:00:00+02:00,0.8934138614233282
2021,CO2/CO/NOx,2021-05-08 20:00:00+02:00,0.8455804580009125
2021,CO2/CO/NOx,2021-05-08 21:00:00+02:00,0.788836283224884
2021,CO2/CO/NOx,2021-05-08 22:00:00+02:00,0.7552355257655379
2021,CO2/CO/NOx,2021-05-08 23:00:00+02:00,0.7338130937425335
2021,CO2/CO/NOx,2021-05-09 00:00:00+02:00,0.7489152043466967
2021,CO2/CO/NOx,2021-05-09 01:00:00+02:00,0.7498702482004125
2021,CO2/CO/NOx,2021-05-09 02:00:00+02:00,0.7533391643137523
2021,CO2/CO/NOx,2021-05-09 03:00:00+02:00,0.7645769628641752
2021,CO2/CO/NOx,2021-05-09 04:00:00+02:00,0.7776717842006167
2021,CO2/CO/NOx,2021-05-09 05:00:00+02:00,0.7737691749622104
2021,CO2/CO/NOx,2021-05-09 06:00:00+02:00,0.7515726561956886
2021,CO2/CO/NOx,2021-05-09 07:00:00+02:00,0.7121462933946744
2021,CO2/CO/NOx,2021-05-09 08:00:00+02:00,0.6458889505351781
2021,CO2/CO/NOx,2021-05-09 09:00:00+02:00,0.5739062930752012
2021,CO2/CO/NOx,2021-05-09 10:00:00+02:00,0.5197347233315702
2021,CO2/CO/NOx,2021-05-09 11:00:00+02:00,0.4776407728513874
2021,CO2/CO/NOx,2021-05-09 12:00:00+02:00,0.46539830369790164
2021,CO2/CO/NOx,2021-05-09 13:00:00+02:00,0.46828172085744757
2021,CO2/CO/NOx,2021-05-09 14:00:00+02:00,0.46915712624466555
2021,CO2/CO/NOx,2021-05-09 15:00:00+02:00,0.4636499599277935
2021,CO2/CO/NOx,2021-05-09 16:00:00+02:00,0.4567393437660485
2021,CO2/CO/NOx,2021-05-09 17:00:00+02:00,0.4453593234761008
2021,CO2/CO/NOx,2021-05-09 18:00:00+02:00,0.439879726927346
2021,CO2/CO/NOx,2021-05-09 19:00:00+02:00,0.4320116191484605
2021,CO2/CO/NOx,2021-05-09 20:00:00+02:00,0.4151256360586578
2021,CO2/CO/NOx,2021-05-09 21:00:00+02:00,0.40514375117645246
2021,CO2/CO/NOx,2021-05-09 22:00:00+02:00,0.395907089234388
2021,CO2/CO/NOx,2021-05-09 23:00:00+02:00,0.3897304336989575
2021,CO2/CO/NOx,2021-05-10 00:00:00+02:00,0.38386761287903726
2021,CO2/CO/NOx,2021-05-10 01:00:00+02:00,0.3931405949992854
2021,CO2/CO/NOx,2021-05-10 02:00:00+02:00,0.41139282338539074
2021,CO2/CO/NOx,2021-05-10 03:00:00+02:00,0.4375122414133793
2021,CO2/CO/NOx,2021-05-10 04:00:00+02:00,0.4492054467820184
2021,CO2/CO/NOx,2021-05-10 05:00:00+02:00,0.44633228242584955
2021,CO2/CO/NOx,2021-05-10 06:00:00+02:00,0.44047736380461217
2021,CO2/CO/NOx,2021-05-10 07:00:00+02:00,0.42501415751832755
2021,CO2/CO/NOx,2021-05-10 08:00:00+02:00,0.40161522585735193
2021,CO2/CO/NOx,2021-05-10 09:00:00+02:00,0.3743721084004
2021,CO2/CO/NOx,2021-05-10 10:00:00+02:00,0.35805192080040915
2021,CO2/CO/NOx,2021-05-10 11:00:00+02:00,0.3516749591570333
2021,CO2/CO/NOx,2021-05-10 12:00:00+02:00,0.3525463791819884
2021,CO2/CO/NOx,2021-05-10 13:00:00+02:00,0.35148456538565254
2021,CO2/CO/NOx,2021-05-10 14:00:00+02:00,0.35263537359621
2021,CO2/CO/NOx,2021-05-10 15:00:00+02:00,0.35513510916879354
2021,CO2/CO/NOx,2021-05-10 16:00:00+02:00,0.35676351071639145
2021,CO2/CO/NOx,2021-05-10 17:00:00+02:00,0.35881622867848767
2021,CO2/CO/NOx,2021-05-10 18:00:00+02:00,0.36272785058696866
2021,CO2/CO/NOx,2021-05-10 19:00:00+02:00,0.3637588244424714
2021,CO2/CO/NOx,2021-05-10 20:00:00+02:00,0.36347796594395637
2021,CO2/CO/NOx,2021-05-10 21:00:00+02:00,0.3641312307346004
2021,CO2/CO/NOx,2021-05-10 22:00:00+02:00,0.3653102211270069
2021,CO2/CO/NOx,2021-05-10 23:00:00+02:00,0.36637707903320627
2021,CO2/CO/NOx,2021-05-11 00:00:00+02:00,0.37168656323307264
2021,CO2/CO/NOx,2021-05-11 01:00:00+02:00,0.38606262125743673
2021,CO2/CO/NOx,2021-05-11 02:00:00+02:00,0.41156488136140257
2021,CO2/CO/NOx,2021-05-11 03:00:00+02:00,0.44193652455803
2021,CO2/CO/NOx,2021-05-11 04:00:00+02:00,0.4683653658510104
2021,CO2/CO/NOx,2021-05-11 05:00:00+02:00,0.4952877832494954
2021,CO2/CO/NOx,2021-05-11 06:00:00+02:00,0.5167411558466907
2021,CO2/CO/NOx,2021-05-11 07:00:00+02:00,0.5187474985786776
2021,CO2/CO/NOx,2021-05-11 08:00:00+02:00,0.5090747360219391
2021,CO2/CO/NOx,2021-05-11 09:00:00+02:00,0.4996731212018612
2021,CO2/CO/NOx,2021-05-11 10:00:00+02:00,0.4964514755385865
2021,CO2/CO/NOx,2021-05-11 11:00:00+02:00,0.49605241809913964
2021,CO2/CO/NOx,2021-05-11 12:00:00+02:00,0.491489427814769
2021,CO2/CO/NOx,2021-05-11 13:00:00+02:00,0.48898067384968347
2021,CO2/CO/NOx,2021-05-11 14:00:00+02:00,0.4924009745744645
2021,CO2/CO/NOx,2021-05-11 15:00:00+02:00,0.4954542809719895
2021,CO2/CO/NOx,2021-05-11 16:00:00+02:00,0.4894375817579043
2021,CO2/CO/NOx,2021-05-11 17:00:00+02:00,0.47933111150660895
2021,CO2/CO/NOx,2021-05-11 18:00:00+02:00,0.4795552815449296
2021,CO2/CO/NOx,2021-05-11 19:00:00+02:00,0.48968433339269235
2021,CO2/CO/NOx,2021-05-11 20:00:00+02:00,0.5144736071096139
2021,CO2/CO/NOx,2021-05-11 21:00:00+02:00,0.5421767797446342
2021,CO2/CO/NOx,2021-05-11 22:00:00+02:00,0.5698646190370218
2021,CO2/CO/NOx,2021-05-11 23:00:00+02:00,0.5936473038890666
2021,CO2/CO/NOx,2021-05-12 00:00:00+02:00,0.5972770349431823
2021,CO2/CO/NOx,2021-05-12 01:00:00+02:00,0.5890232361066545
2021,CO2/CO/NOx,2021-05-12 02:00:00+02:00,0.5943616337227221
2021,CO2/CO/NOx,2021-05-12 03:00:00+02:00,0.6176215557924054
2021,CO2/CO/NOx,2021-05-12 04:00:00+02:00,0.6493606862473956
2021,CO2/CO/NOx,2021-05-12 05:00:00+02:00,0.6989502595985689
2021,CO2/CO/NOx,2021-05-12 06:00:00+02:00,0.7451570670111703
2021,CO2/CO/NOx,2021-05-12 07:00:00+02:00,0.7831503357173777
2021,CO2/CO/NOx,2021-05-12 08:00:00+02:00,0.802314023478475
2021,CO2/CO/NOx,2021-05-12 09:00:00+02:00,0.8092327183622431
2021,CO2/CO/NOx,2021-05-12 10:00:00+02:00,0.8188999505171018
2021,CO2/CO/NOx,2021-05-12 11:00:00+02:00,0.8470700482772331
2021,CO2/CO/NOx,2021-05-12 12:00:00+02:00,0.8644460822319613
2021,CO2/CO/NOx,2021-05-12 13:00:00+02:00,0.8719429345885111
2021,CO2/CO/NOx,2021-05-12 14:00:00+02:00,0.8814245259569838
2021,CO2/CO/NOx,2021-05-12 15:00:00+02:00,0.8887122317906865
2021,CO2/CO/NOx,2021-05-12 16:00:00+02:00,0.8908868561064756
2021,CO2/CO/NOx,2021-05-12 17:00:00+02:00,0.885492108360039
2021,CO2/CO/NOx,2021-05-12 18:00:00+02:00,0.9004693998239285
2021,CO2/CO/NOx,2021-05-12 19:00:00+02:00,0.9102977391177152
2021,CO2/CO/NOx,2021-05-12 20:00:00+02:00,0.9145772972793578
2021,CO2/CO/NOx,2021-05-12 21:00:00+02:00,0.9065966548296599
2021,CO2/CO/NOx,2021-05-12 22:00:00+02:00,0.8990953579625586
2021,CO2/CO/NOx,2021-05-12 23:00:00+02:00,0.8950097500824586
2021,CO2/CO/NOx,2021-05-13 00:00:00+02:00,0.8768505417896773
2021,CO2/CO/NOx,2021-05-13 01:00:00+02:00,0.8653888136752044
2021,CO2/CO/NOx,2021-05-13 02:00:00+02:00,0.8668053215743092
2021,CO2/CO/NOx,2021-05-13 03:00:00+02:00,0.8837008867684105
2021,CO2/CO/NOx,2021-05-13 04:00:00+02:00,0.91021487022874
2021,CO2/CO/NOx,2021-05-13 05:00:00+02:00,0.9427923918052453
2021,CO2/CO/NOx,2021-05-13 06:00:00+02:00,0.9737143688433287
2021,CO2/CO/NOx,2021-05-13 07:00:00+02:00,0.9947363642504143
2021,CO2/CO/NOx,2021-05-13 08:00:00+02:00,0.9932170835255224
2021,CO2/CO/NOx,2021-05-13 09:00:00+02:00,0.9652117832005301
2021,CO2/CO/NOx,2021-05-13 10:00:00+02:00,0.9365975849082621
2021,CO2/CO/NOx,2021-05-13 11:00:00+02:00,0.9066573718681599
2021,CO2/CO/NOx,2021-05-13 12:00:00+02:00,0.8776572392639178
2021,CO2/CO/NOx,2021-05-13 13:00:00+02:00,0.8612541988010136
2021,CO2/CO/NOx,2021-05-13 14:00:00+02:00,0.8552430602058853
2021,CO2/CO/NOx,2021-05-13 15:00:00+02:00,0.8654944217443158
2021,CO2/CO/NOx,2021-05-13 16:00:00+02:00,0.8860698818508896
2021,CO2/CO/NOx,2021-05-13 17:00:00+02:00,0.9114748710623549
2021,CO2/CO/NOx,2021-05-13 18:00:00+02:00,0.9393532829986442
2021,CO2/CO/NOx,2021-05-13 19:00:00+02:00,0.943272468747978
2021,CO2/CO/NOx,2021-05-13 20:00:00+02:00,0.9279802624329513
2021,CO2/CO/NOx,2021-05-13 21:00:00+02:00,0.8989616261656803
2021,CO2/CO/NOx,2021-05-13 22:00:00+02:00,0.8574519077234947
2021,CO2/CO/NOx,2021-05-13 23:00:00+02:00,0.8205351759408431
2021,CO2/CO/NOx,2021-05-14 00:00:00+02:00,0.7803968604493713
2021,CO2/CO/NOx,2021-05-14 01:00:00+02:00,0.783312800781166
2021,CO2/CO/NOx,2021-05-14 02:00:00+02:00,0.82304602478149
2021,CO2/CO/NOx,2021-05-14 03:00:00+02:00,0.8926791102651379
2021,CO2/CO/NOx,2021-05-14 04:00:00+02:00,0.9586465316674434
2021,CO2/CO/NOx,2021-05-14 05:00:00+02:00,1.0126648237929055
2021,CO2/CO/NOx,2021-05-14 06:00:00+02:00,1.0495731036005376
2021,CO2/CO/NOx,2021-05-14 07:00:00+02:00,1.044914111910626
2021,CO2/CO/NOx,2021-05-14 08:00:00+02:00,0.9963094615158156
2021,CO2/CO/NOx,2021-05-14 09:00:00+02:00,0.9004551131656297
2021,CO2/CO/NOx,2021-05-14 10:00:00+02:00,0.8249864260857456
2021,CO2/CO/NOx,2021-05-14 11:00:00+02:00,0.7693175266410343
2021,CO2/CO/NOx,2021-05-14 12:00:00+02:00,0.7154479133715759
2021,CO2/CO/NOx,2021-05-14 13:00:00+02:00,0.6885879874163653
2021,CO2/CO/NOx,2021-05-14 14:00:00+02:00,0.7099907524327923
2021,CO2/CO/NOx,2021-05-14 15:00:00+02:00,0.7492268950942332
2021,CO2/CO/NOx,2021-05-14 16:00:00+02:00,0.7820013233092387
2021,CO2/CO/NOx,2021-05-14 17:00:00+02:00,0.7948480797792165
2021,CO2/CO/NOx,2021-05-14 18:00:00+02:00,0.805231274394016
2021,CO2/CO/NOx,2021-05-14 19:00:00+02:00,0.7942456265275895
2021,CO2/CO/NOx,2021-05-14 20:00:00+02:00,0.774714226968398
2021,CO2/CO/NOx,2021-05-14 21:00:00+02:00,0.7269203879471241
2021,CO2/CO/NOx,2021-05-14 22:00:00+02:00,0.7003654396055563
2021,CO2/CO/NOx,2021-05-14 23:00:00+02:00,0.7067586728129029
2021,CO2/CO/NOx,2021-05-15 00:00:00+02:00,0.6920412516554567
2021,CO2/CO/NOx,2021-05-15 01:00:00+02:00,0.6796077215667087
2021,CO2/CO/NOx,2021-05-15 02:00:00+02:00,0.6798379868857387
2021,CO2/CO/NOx,2021-05-15 03:00:00+02:00,0.7051637961340576
2021,CO2/CO/NOx,2021-05-15 04:00:00+02:00,0.7224359895631578
2021,CO2/CO/NOx,2021-05-15 05:00:00+02:00,0.7528188381604113
2021,CO2/CO/NOx,2021-05-15 06:00:00+02:00,0.7773763614756268
2021,CO2/CO/NOx,2021-05-15 07:00:00+02:00,0.7931349948913717
2021,CO2/CO/NOx,2021-05-15 08:00:00+02:00,0.7983078817562164
2021,CO2/CO/NOx,2021-05-15 09:00:00+02:00,0.7692892048734971
2021,CO2/CO/NOx,2021-05-15 10:00:00+02:00,0.743809105027608
2021,CO2/CO/NOx,2021-05-15 11:00:00+02:00,0.7248632700597577
2021,CO2/CO/NOx,2021-05-15 12:00:00+02:00,0.7004932349173312
2021,CO2/CO/NOx,2021-05-15 13:00:00+02:00,0.6824799981618236
2021,CO2/CO/NOx,2021-05-15 14:00:00+02:00,0.6699399606855199
2021,CO2/CO/NOx,2021-05-15 15:00:00+02:00,0.663225889846826
2021,CO2/CO/NOx,2021-05-15 16:00:00+02:00,0.6679947607738993
2021,CO2/CO/NOx,2021-05-15 17:00:00+02:00,0.6800539060033153
2021,CO2/CO/NOx,2021-05-15 18:00:00+02:00,0.704556719432996
2021,CO2/CO/NOx,2021-05-15 19:00:00+02:00,0.7281974365514777
2021,CO2/CO/NOx,2021-05-15 20:00:00+02:00,0.7553899033015591
2021,CO2/CO/NOx,2021-05-15 21:00:00+02:00,0.7651653729758527
2021,CO2/CO/NOx,2021-05-15 22:00:00+02:00,0.7738888244848537
2021,CO2/CO/NOx,2021-05-15 23:00:00+02:00,0.7985007097750818
2021,CO2/CO/NOx,2021-05-16 00:00:00+02:00,0.8340745169590418
2021,CO2/CO/NOx,2021-05-16 01:00:00+02:00,0.8842244148057279
2021,CO2/CO/NOx,2021-05-16 02:00:00+02:00,0.9513185414884544
2021,CO2/CO/NOx,2021-05-16 03:00:00+02:00,0.9958959189969829
2021,CO2/CO/NOx,2021-05-16 04:00:00+02:00,1.0031651209680594
2021,CO2/CO/NOx,2021-05-16 05:00:00+02:00,1.0052909759434954
2021,CO2/CO/NOx,2021-05-16 06:00:00+02:00,0.9752853428035525
2021,CO2/CO/NOx,2021-05-16 07:00:00+02:00,0.9243152979589006
2021,CO2/CO/NOx,2021-05-16 08:00:00+02:00,0.871225777776466
2021,CO2/CO/NOx,2021-05-16 09:00:00+02:00,0.8183921737170972
2021,CO2/CO/NOx,2021-05-16 10:00:00+02:00,0.7720382918496027
2021,CO2/CO/NOx,2021-05-16 11:00:00+02:00,0.7419747533878086
2021,CO2/CO/NOx,2021-05-16 12:00:00+02:00,0.6940123461465614
2021,CO2/CO/NOx,2021-05-16 13:00:00+02:00,0.6850433553298813
2021,CO2/CO/NOx,2021-05-16 14:00:00+02:00,0.6995502034075511
2021,CO2/CO/NOx,2021-05-16 15:00:00+02:00,0.7157647235454474
2021,CO2/CO/NOx,2021-05-16 16:00:00+02:00,0.7451288210427257
2021,CO2/CO/NOx,2021-05-16 17:00:00+02:00,0.7815309385769104
2021,CO2/CO/NOx,2021-05-16 18:00:00+02:00,0.8238201146520977
2021,CO2/CO/NOx,2021-05-16 19:00:00+02:00,0.8353595792290119
2021,CO2/CO/NOx,2021-05-16 20:00:00+02:00,0.8262736810845245
2021,CO2/CO/NOx,2021-05-16 21:00:00+02:00,0.8045308110296738
2021,CO2/CO/NOx,2021-05-16 22:00:00+02:00,0.777980246311922
2021,CO2/CO/NOx,2021-05-16 23:00:00+02:00,0.7277281030605284
2021,CO2/CO/NOx,2021-05-17 00:00:00+02:00,0.6699078787933396
2021,CO2/CO/NOx,2021-05-17 01:00:00+02:00,0.6496378945944342
2021,CO2/CO/NOx,2021-05-17 02:00:00+02:00,0.6543194210046331
2021,CO2/CO/NOx,2021-05-17 03:00:00+02:00,0.6862378319185788
2021,CO2/CO/NOx,2021-05-17 04:00:00+02:00,0.7333933579254639
2021,CO2/CO/NOx,2021-05-17 05:00:00+02:00,0.7959689884758527
2021,CO2/CO/NOx,2021-05-17 06:00:00+02:00,0.8561503300539179
2021,CO2/CO/NOx,2021-05-17 07:00:00+02:00,0.8915920730314081
2021,CO2/CO/NOx,2021-05-17 08:00:00+02:00,0.8984976617194572
2021,CO2/CO/NOx,2021-05-17 09:00:00+02:00,0.8859446747768963
2021,CO2/CO/NOx,2021-05-17 10:00:00+02:00,0.857344455364506
2021,CO2/CO/NOx,2021-05-17 11:00:00+02:00,0.8041098321592394
2021,CO2/CO/NOx,2021-05-17 12:00:00+02:00,0.7478605568937646
2021,CO2/CO/NOx,2021-05-17 13:00:00+02:00,0.7166392880299851
2021,CO2/CO/NOx,2021-05-17 14:00:00+02:00,0.7111048831585748
2021,CO2/CO/NOx,2021-05-17 15:00:00+02:00,0.7301191957450344
2021,CO2/CO/NOx,2021-05-17 16:00:00+02:00,0.7772837956638701
2021,CO2/CO/NOx,2021-05-17 17:00:00+02:00,0.8293667181408177
2021,CO2/CO/NOx,2021-05-17 18:00:00+02:00,0.8889236683911587
2021,CO2/CO/NOx,2021-05-17 19:00:00+02:00,0.9134027292089003
2021,CO2/CO/NOx,2021-05-17 20:00:00+02:00,0.8998577877405144
2021,CO2/CO/NOx,2021-05-17 21:00:00+02:00,0.8559256437693464
2021,CO2/CO/NOx,2021-05-17 22:00:00+02:00,0.8076192037540983
2021,CO2/CO/NOx,2021-05-17 23:00:00+02:00,0.7591101943411274
2021,CO2/CO/NOx,2021-05-18 00:00:00+02:00,0.7084489545928819
2021,CO2/CO/NOx,2021-05-18 01:00:00+02:00,0.7033606566474736
2021,CO2/CO/NOx,2021-05-18 02:00:00+02:00,0.7306112943154198
2021,CO2/CO/NOx,2021-05-18 03:00:00+02:00,0.7763731992103512
2021,CO2/CO/NOx,2021-05-18 04:00:00+02:00,0.8337904885479982
2021,CO2/CO/NOx,2021-05-18 05:00:00+02:00,0.8893232600908326
2021,CO2/CO/NOx,2021-05-18 06:00:00+02:00,0.9300619929640481
2021,CO2/CO/NOx,2021-05-18 07:00:00+02:00,0.9509903634257646
2021,CO2/CO/NOx,2021-05-18 08:00:00+02:00,0.9557510250728609
2021,CO2/CO/NOx,2021-05-18 09:00:00+02:00,0.9374760079474421
2021,CO2/CO/NOx,2021-05-18 10:00:00+02:00,0.9323267283443448
2021,CO2/CO/NOx,2021-05-18 11:00:00+02:00,0.9152411005580379
2021,CO2/CO/NOx,2021-05-18 12:00:00+02:00,0.875019302584762
2021,CO2/CO/NOx,2021-05-18 13:00:00+02:00,0.8585436261680721
2021,CO2/CO/NOx,2021-05-18 14:00:00+02:00,0.8499657905411834
2021,CO2/CO/NOx,2021-05-18 15:00:00+02:00,0.8454212003155213
2021,CO2/CO/NOx,2021-05-18 16:00:00+02:00,0.8456342814138588
2021,CO2/CO/NOx,2021-05-18 17:00:00+02:00,0.8644026986733963
2021,CO2/CO/NOx,2021-05-18 18:00:00+02:00,0.8829884614133859
2021,CO2/CO/NOx,2021-05-18 19:00:00+02:00,0.8909320898605742
2021,CO2/CO/NOx,2021-05-18 20:00:00+02:00,0.8892168835311074
2021,CO2/CO/NOx,2021-05-18 21:00:00+02:00,0.8762163600717127
2021,CO2/CO/NOx,2021-05-18 22:00:00+02:00,0.8697770589745796
2021,CO2/CO/NOx,2021-05-18 23:00:00+02:00,0.8542849296412208
2021,CO2/CO/NOx,2021-05-19 00:00:00+02:00,0.8269741543521149
2021,CO2/CO/NOx,2021-05-19 01:00:00+02:00,0.825920354856491
2021,CO2/CO/NOx,2021-05-19 02:00:00+02:00,0.844660949864444
2021,CO2/CO/NOx,2021-05-19 03:00:00+02:00,0.8663658565374388
2021,CO2/CO/NOx,2021-05-19 04:00:00+02:00,0.8967776694441615
2021,CO2/CO/NOx,2021-05-19 05:00:00+02:00,0.9438219576047677
2021,CO2/CO/NOx,2021-05-19 06:00:00+02:00,0.9688011935031167
2021,CO2/CO/NOx,2021-05-19 07:00:00+02:00,0.9769031657716485
2021,CO2/CO/NOx,2021-05-19 08:00:00+02:00,0.9657637135009458
2021,CO2/CO/NOx,2021-05-19 09:00:00+02:00,0.94402958619898
2021,CO2/CO/NOx,2021-05-19 10:00:00+02:00,0.9396636578871918
2021,CO2/CO/NOx,2021-05-19 11:00:00+02:00,0.9326317410106829
2021,CO2/CO/NOx,2021-05-19 12:00:00+02:00,0.918460940623083
2021,CO2/CO/NOx,2021-05-19 13:00:00+02:00,0.9149356034191429
2021,CO2/CO/NOx,2021-05-19 14:00:00+02:00,0.9105176676245057
2021,CO2/CO/NOx,2021-05-19 15:00:00+02:00,0.8934419890665637
2021,CO2/CO/NOx,2021-05-19 16:00:00+02:00,0.8847277944731495
2021,CO2/CO/NOx,2021-05-19 17:00:00+02:00,0.8961055390323238
2021,CO2/CO/NOx,2021-05-19 18:00:00+02:00,0.9340513421014676
2021,CO2/CO/NOx,2021-05-19 19:00:00+02:00,0.9477370591487565
2021,CO2/CO/NOx,2021-05-19 20:00:00+02:00,0.9596412336239035
2021,CO2/CO/NOx,2021-05-19 21:00:00+02:00,0.9650310807069329
2021,CO2/CO/NOx,2021-05-19 22:00:00+02:00,0.9649769334592447
2021,CO2/CO/NOx,2021-05-19 23:00:00+02:00,0.9560067591910838
2021,CO2/CO/NOx,2021-05-20 00:00:00+02:00,0.9303879041004585
2021,CO2/CO/NOx,2021-05-20 01:00:00+02:00,0.919957180830063
2021,CO2/CO/NOx,2021-05-20 02:00:00+02:00,0.9339721862393001
2021,CO2/CO/NOx,2021-05-20 03:00:00+02:00,0.9801463063451207
2021,CO2/CO/NOx,2021-05-20 04:00:00+02:00,1.002985739908709
2021,CO2/CO/NOx,2021-05-20 05:00:00+02:00,1.0346122284338308
2021,CO2/CO/NOx,2021-05-20 06:00:00+02:00,1.0628516867503581
2021,CO2/CO/NOx,2021-05-20 07:00:00+02:00,1.067316181642069
2021,CO2/CO/NOx,2021-05-20 08:00:00+02:00,1.0526877448604137
2021,CO2/CO/NOx,2021-05-20 09:00:00+02:00,1.0009725948576864
2021,CO2/CO/NOx,2021-05-20 10:00:00+02:00,0.9609070190532578
2021,CO2/CO/NOx,2021-05-20 11:00:00+02:00,0.9187044240466314
2021,CO2/CO/NOx,2021-05-20 12:00:00+02:00,0.8802409536032927
2021,CO2/CO/NOx,2021-05-20 13:00:00+02:00,0.8468355122982513
2021,CO2/CO/NOx,2021-05-20 14:00:00+02:00,0.8203059920142887
2021,CO2/CO/NOx,2021-05-20 15:00:00+02:00,0.8048956795553435
2021,CO2/CO/NOx,2021-05-20 16:00:00+02:00,0.792887079190963
2021,CO2/CO/NOx,2021-05-20 17:00:00+02:00,0.8024991758369718
2021,CO2/CO/NOx,2021-05-20 18:00:00+02:00,0.8319592702848512
2021,CO2/CO/NOx,2021-05-20 19:00:00+02:00,0.8613553285381558
2021,CO2/CO/NOx,2021-05-20 20:00:00+02:00,0.8677912520816337
2021,CO2/CO/NOx,2021-05-20 21:00:00+02:00,0.847324860383057
2021,CO2/CO/NOx,2021-05-20 22:00:00+02:00,0.8282495289906903
2021,CO2/CO/NOx,2021-05-20 23:00:00+02:00,0.7885348876206275
2021,CO2/CO/NOx,2021-05-21 00:00:00+02:00,0.7347632634570517
2021,CO2/CO/NOx,2021-05-21 01:00:00+02:00,0.70639763873938
2021,CO2/CO/NOx,2021-05-21 02:00:00+02:00,0.713754579349828
2021,CO2/CO/NOx,2021-05-21 03:00:00+02:00,0.7433728364751475
2021,CO2/CO/NOx,2021-05-21 04:00:00+02:00,0.7691937000860809
2021,CO2/CO/NOx,2021-05-21 05:00:00+02:00,0.7961546085193012
2021,CO2/CO/NOx,2021-05-21 06:00:00+02:00,0.8211315112366603
2021,CO2/CO/NOx,2021-05-21 07:00:00+02:00,0.8410000869949854
2021,CO2/CO/NOx,2021-05-21 08:00:00+02:00,0.825326134019174
2021,CO2/CO/NOx,2021-05-21 09:00:00+02:00,0.789412108901032
2021,CO2/CO/NOx,2021-05-21 10:00:00+02:00,0.7726202610787052
2021,CO2/CO/NOx,2021-05-21 11:00:00+02:00,0.7543193421890786
2021,CO2/CO/NOx,2021-05-21 12:00:00+02:00,0.7364648359150672
2021,CO2/CO/NOx,2021-05-21 13:00:00+02:00,0.7332826514051287
2021,CO2/CO/NOx,2021-05-21 14:00:00+02:00,0.7529486171859489
2021,CO2/CO/NOx,2021-05-21 15:00:00+02:00,0.7783349862650448
2021,CO2/CO/NOx,2021-05-21 16:00:00+02:00,0.7961431976137465
2021,CO2/CO/NOx,2021-05-21 17:00:00+02:00,0.7984806999845505
2021,CO2/CO/NOx,2021-05-21 18:00:00+02:00,0.7995511221022068
2021,CO2/CO/NOx,2021-05-21 19:00:00+02:00,0.7863947170063667
2021,CO2/CO/NOx,2021-05-21 20:00:00+02:00,0.7692314218855134
2021,CO2/CO/NOx,2021-05-21 21:00:00+02:00,0.7547627171116505
2021,CO2/CO/NOx,2021-05-21 22:00:00+02:00,0.747788902528168
2021,CO2/CO/NOx,2021-05-21 23:00:00+02:00,0.7665749078708368
2021,CO2/CO/NOx,2021-05-22 00:00:00+02:00,0.7877825291402007
2021,CO2/CO/NOx,2021-05-22 01:00:00+02:00,0.8258261091643692
2021,CO2/CO/NOx,2021-05-22 02:00:00+02:00,0.8831917709590811
2021,CO2/CO/NOx,2021-05-22 03:00:00+02:00,0.9537124610524904
2021,CO2/CO/NOx,2021-05-22 04:00:00+02:00,0.9908282709537868
2021,CO2/CO/NOx,2021-05-22 05:00:00+02:00,1.004498262520836
2021,CO2/CO/NOx,2021-05-22 06:00:00+02:00,0.9940745888746712
2021,CO2/CO/NOx,2021-05-22 07:00:00+02:00,0.9531563816709117
2021,CO2/CO/NOx,2021-05-22 08:00:00+02:00,0.9004503591956444
2021,CO2/CO/NOx,2021-05-22 09:00:00+02:00,0.8321299899073462
2021,CO2/CO/NOx,2021-05-22 10:00:00+02:00,0.775052390773329
2021,CO2/CO/NOx,2021-05-22 11:00:00+02:00,0.7328704991569875
2021,CO2/CO/NOx,2021-05-22 12:00:00+02:00,0.7185373789750548
2021,CO2/CO/NOx,2021-05-22 13:00:00+02:00,0.6991247582406632
2021,CO2/CO/NOx,2021-05-22 14:00:00+02:00,0.695742928225133
2021,CO2/CO/NOx,2021-05-22 15:00:00+02:00,0.7124200354579475
2021,CO2/CO/NOx,2021-05-22 16:00:00+02:00,0.7369703304464519
2021,CO2/CO/NOx,2021-05-22 17:00:00+02:00,0.7549198665519435
2021,CO2/CO/NOx,2021-05-22 18:00:00+02:00,0.7607253054674584
2021,CO2/CO/NOx,2021-05-22 19:00:00+02:00,0.7477343059690088
2021,CO2/CO/NOx,2021-05-22 20:00:00+02:00,0.7150487915408055
2021,CO2/CO/NOx,2021-05-22 21:00:00+02:00,0.6899098125560416
2021,CO2/CO/NOx,2021-05-22 22:00:00+02:00,0.6581863573452638
2021,CO2/CO/NOx,2021-05-22 23:00:00+02:00,0.637340441265411
2021,CO2/CO/NOx,2021-05-23 00:00:00+02:00,0.6222004905575447
2021,CO2/CO/NOx,2021-05-23 01:00:00+02:00,0.6142378049888937
2021,CO2/CO/NOx,2021-05-23 02:00:00+02:00,0.6148619177320099
2021,CO2/CO/NOx,2021-05-23 03:00:00+02:00,0.6398997308723725
2021,CO2/CO/NOx,2021-05-23 04:00:00+02:00,0.6764781426100295
2021,CO2/CO/NOx,2021-05-23 05:00:00+02:00,0.7506833446085679
2021,CO2/CO/NOx,2021-05-23 06:00:00+02:00,0.8243711364615259
2021,CO2/CO/NOx,2021-05-23 07:00:00+02:00,0.8837840345341492
2021,CO2/CO/NOx,2021-05-23 08:00:00+02:00,0.9217296940439159
2021,CO2/CO/NOx,2021-05-23 09:00:00+02:00,0.9126206803716822
2021,CO2/CO/NOx,2021-05-23 10:00:00+02:00,0.87512317297004
2021,CO2/CO/NOx,2021-05-23 11:00:00+02:00,0.8289013269592238
2021,CO2/CO/NOx,2021-05-23 12:00:00+02:00,0.7788685954075469
2021,CO2/CO/NOx,2021-05-23 13:00:00+02:00,0.7317282206856291
2021,CO2/CO/NOx,2021-05-23 14:00:00+02:00,0.7151328121080144
2021,CO2/CO/NOx,2021-05-23 15:00:00+02:00,0.6797551917051637
2021,CO2/CO/NOx,2021-05-23 16:00:00+02:00,0.6553949777961043
2021,CO2/CO/NOx,2021-05-23 17:00:00+02:00,0.6545662556767817
2021,CO2/CO/NOx,2021-05-23 18:00:00+02:00,0.6853775422702203
2021,CO2/CO/NOx,2021-05-23 19:00:00+02:00,0.7331923071850134
2021,CO2/CO/NOx,2021-05-23 20:00:00+02:00,0.7954552251799105
2021,CO2/CO/NOx,2021-05-23 21:00:00+02:00,0.8360309760823924
2021,CO2/CO/NOx,2021-05-23 22:00:00+02:00,0.8539557181344539
2021,CO2/CO/NOx,2021-05-23 23:00:00+02:00,0.842598175996274
2021,CO2/CO/NOx,2021-05-24 00:00:00+02:00,0.7881744774921353
2021,CO2/CO/NOx,2021-05-24 01:00:00+02:00,0.7423296125079729
2021,CO2/CO/NOx,2021-05-24 02:00:00+02:00,0.7349879998254069
2021,CO2/CO/NOx,2021-05-24 03:00:00+02:00,0.7644180368667486
2021,CO2/CO/NOx,2021-05-24 04:00:00+02:00,0.7919335406328776
2021,CO2/CO/NOx,2021-05-24 05:00:00+02:00,0.8387542299632266
2021,CO2/CO/NOx,2021-05-24 06:00:00+02:00,0.8778876154753402
2021,CO2/CO/NOx,2021-05-24 07:00:00+02:00,0.8938027709165515
2021,CO2/CO/NOx,2021-05-24 08:00:00+02:00,0.8876349902255436
2021,CO2/CO/NOx,2021-05-24 09:00:00+02:00,0.8518687382436065
2021,CO2/CO/NOx,2021-05-24 10:00:00+02:00,0.8121553212236373
2021,CO2/CO/NOx,2021-05-24 11:00:00+02:00,0.7687228993469726
2021,CO2/CO/NOx,2021-05-24 12:00:00+02:00,0.710987886333691
2021,CO2/CO/NOx,2021-05-24 13:00:00+02:00,0.65799779406694
2021,CO2/CO/NOx,2021-05-24 14:00:00+02:00,0.6398031403431055
2021,CO2/CO/NOx,2021-05-24 15:00:00+02:00,0.6458383862440311
2021,CO2/CO/NOx,2021-05-24 16:00:00+02:00,0.6655861081652116
2021,CO2/CO/NOx,2021-05-24 17:00:00+02:00,0.7122730194449608
2021,CO2/CO/NOx,2021-05-24 18:00:00+02:00,0.7622848209884476
2021,CO2/CO/NOx,2021-05-24 19:00:00+02:00,0.7829367774353491
2021,CO2/CO/NOx,2021-05-24 20:00:00+02:00,0.7889811034059092
2021,CO2/CO/NOx,2021-05-24 21:00:00+02:00,0.7668848252847696
2021,CO2/CO/NOx,2021-05-24 22:00:00+02:00,0.7288429795036914
2021,CO2/CO/NOx,2021-05-24 23:00:00+02:00,0.6906758537273385
2021,CO2/CO/NOx,2021-05-25 00:00:00+02:00,0.6404167949859247
2021,CO2/CO/NOx,2021-05-25 01:00:00+02:00,0.6335048140556192
2021,CO2/CO/NOx,2021-05-25 02:00:00+02:00,0.6622898976620685
2021,CO2/CO/NOx,2021-05-25 03:00:00+02:00,0.7248037152485411
2021,CO2/CO/NOx,2021-05-25 04:00:00+02:00,0.7999609712055764
2021,CO2/CO/NOx,2021-05-25 05:00:00+02:00,0.8802244506183761
2021,CO2/CO/NOx,2021-05-25 06:00:00+02:00,0.9348502974923455
2021,CO2/CO/NOx,2021-05-25 07:00:00+02:00,0.9557964588243486
2021,CO2/CO/NOx,2021-05-25 08:00:00+02:00,0.9446252989848091
2021,CO2/CO/NOx,2021-05-25 09:00:00+02:00,0.897169389116371
2021,CO2/CO/NOx,2021-05-25 10:00:00+02:00,0.8521755616705577
2021,CO2/CO/NOx,2021-05-25 11:00:00+02:00,0.7904123722527999
2021,CO2/CO/NOx,2021-05-25 12:00:00+02:00,0.7264903487808488
2021,CO2/CO/NOx,2021-05-25 13:00:00+02:00,0.6857192431420932
2021,CO2/CO/NOx,2021-05-25 14:00:00+02:00,0.6651761084515676
2021,CO2/CO/NOx,2021-05-25 15:00:00+02:00,0.6559515796943943
2021,CO2/CO/NOx,2021-05-25 16:00:00+02:00,0.6688111122977513
2021,CO2/CO/NOx,2021-05-25 17:00:00+02:00,0.7030300178957872
2021,CO2/CO/NOx,2021-05-25 18:00:00+02:00,0.7520458771937238
2021,CO2/CO/NOx,2021-05-25 19:00:00+02:00,0.7821858904074589
2021,CO2/CO/NOx,2021-05-25 20:00:00+02:00,0.7959999328141757
2021,CO2/CO/NOx,2021-05-25 21:00:00+02:00,0.783779927064986
2021,CO2/CO/NOx,2021-05-25 22:00:00+02:00,0.7693144160851733
2021,CO2/CO/NOx,2021-05-25 23:00:00+02:00,0.744386142996274
2021,CO2/CO/NOx,2021-05-26 00:00:00+02:00,0.7005703080501876
2021,CO2/CO/NOx,2021-05-26 01:00:00+02:00,0.6769849527917015
2021,CO2/CO/NOx,2021-05-26 02:00:00+02:00,0.6889952834329425
2021,CO2/CO/NOx,2021-05-26 03:00:00+02:00,0.7205591205752718
2021,CO2/CO/NOx,2021-05-26 04:00:00+02:00,0.7473250687744809
2021,CO2/CO/NOx,2021-05-26 05:00:00+02:00,0.7864101069516315
2021,CO2/CO/NOx,2021-05-26 06:00:00+02:00,0.8051321691729615
2021,CO2/CO/NOx,2021-05-26 07:00:00+02:00,0.8110655798960976
2021,CO2/CO/NOx,2021-05-26 08:00:00+02:00,0.7945942779843822
2021,CO2/CO/NOx,2021-05-26 09:00:00+02:00,0.7614985134671287
2021,CO2/CO/NOx,2021-05-26 10:00:00+02:00,0.7342105245052277
2021,CO2/CO/NOx,2021-05-26 11:00:00+02:00,0.715154698051478
2021,CO2/CO/NOx,2021-05-26 12:00:00+02:00,0.6966461314350347
2021,CO2/CO/NOx,2021-05-26 13:00:00+02:00,0.695685955682576
2021,CO2/CO/NOx,2021-05-26 14:00:00+02:00,0.7024706457391786
2021,CO2/CO/NOx,2021-05-26 15:00:00+02:00,0.7130583524146318
2021,CO2/CO/NOx,2021-05-26 16:00:00+02:00,0.7303073059041316
2021,CO2/CO/NOx,2021-05-26 17:00:00+02:00,0.7301891144127666
2021,CO2/CO/NOx,2021-05-26 18:00:00+02:00,0.7315609403395525
2021,CO2/CO/NOx,2021-05-26 19:00:00+02:00,0.7189305091334669
2021,CO2/CO/NOx,2021-05-26 20:00:00+02:00,0.7059902322608326
2021,CO2/CO/NOx,2021-05-26 21:00:00+02:00,0.7070786887283004
2021,CO2/CO/NOx,2021-05-26 22:00:00+02:00,0.7203131015598867
2021,CO2/CO/NOx,2021-05-26 23:00:00+02:00,0.7356266655577138
2021,CO2/CO/NOx,2021-05-27 00:00:00+02:00,0.748964048990768
2021,CO2/CO/NOx,2021-05-27 01:00:00+02:00,0.7734957944891451
2021,CO2/CO/NOx,2021-05-27 02:00:00+02:00,0.8017003779844617
2021,CO2/CO/NOx,2021-05-27 03:00:00+02:00,0.853192960503101
2021,CO2/CO/NOx,2021-05-27 04:00:00+02:00,0.8826773448457913
2021,CO2/CO/NOx,2021-05-27 05:00:00+02:00,0.9025556362546184
2021,CO2/CO/NOx,2021-05-27 06:00:00+02:00,0.9184339835482267
2021,CO2/CO/NOx,2021-05-27 07:00:00+02:00,0.9206380580624876
2021,CO2/CO/NOx,2021-05-27 08:00:00+02:00,0.9092949124081658
2021,CO2/CO/NOx,2021-05-27 09:00:00+02:00,0.8848405153594608
2021,CO2/CO/NOx,2021-05-27 10:00:00+02:00,0.8676059534965135
2021,CO2/CO/NOx,2021-05-27 11:00:00+02:00,0.8547553383357759
2021,CO2/CO/NOx,2021-05-27 12:00:00+02:00,0.8416209170517229
2021,CO2/CO/NOx,2021-05-27 13:00:00+02:00,0.807519726857361
2021,CO2/CO/NOx,2021-05-27 14:00:00+02:00,0.7754716438465359
2021,CO2/CO/NOx,2021-05-27 15:00:00+02:00,0.7528620227048862
2021,CO2/CO/NOx,2021-05-27 16:00:00+02:00,0.7322797377090706
2021,CO2/CO/NOx,2021-05-27 17:00:00+02:00,0.7441635240412087
2021,CO2/CO/NOx,2021-05-27 18:00:00+02:00,0.7943324054283151
2021,CO2/CO/NOx,2021-05-27 19:00:00+02:00,0.8399554771384201
2021,CO2/CO/NOx,2021-05-27 20:00:00+02:00,0.8685558548355105
2021,CO2/CO/NOx,2021-05-27 21:00:00+02:00,0.8756008902956419
2021,CO2/CO/NOx,2021-05-27 22:00:00+02:00,0.8632794651311515
2021,CO2/CO/NOx,2021-05-27 23:00:00+02:00,0.8331242984490566
2021,CO2/CO/NOx,2021-05-28 00:00:00+02:00,0.7723322691434684
2021,CO2/CO/NOx,2021-05-28 01:00:00+02:00,0.7303780699722965
2021,CO2/CO/NOx,2021-05-28 02:00:00+02:00,0.7339347948563429
2021,CO2/CO/NOx,2021-05-28 03:00:00+02:00,0.7683226592220298
2021,CO2/CO/NOx,2021-05-28 04:00:00+02:00,0.803993803885244
2021,CO2/CO/NOx,2021-05-28 05:00:00+02:00,0.8420684974692235
2021,CO2/CO/NOx,2021-05-28 06:00:00+02:00,0.8760849562754403
2021,CO2/CO/NOx,2021-05-28 07:00:00+02:00,0.8912180576039221
2021,CO2/CO/NOx,2021-05-28 08:00:00+02:00,0.8755489316940176
2021,CO2/CO/NOx,2021-05-28 09:00:00+02:00,0.8372482304805117
2021,CO2/CO/NOx,2021-05-28 10:00:00+02:00,0.8115404100132658
2021,CO2/CO/NOx,2021-05-28 11:00:00+02:00,0.7798590013197801
2021,CO2/CO/NOx,2021-05-28 12:00:00+02:00,0.74634275941063
2021,CO2/CO/NOx,2021-05-28 13:00:00+02:00,0.7244710720217907
2021,CO2/CO/NOx,2021-05-28 14:00:00+02:00,0.7164447161840048
2021,CO2/CO/NOx,2021-05-28 15:00:00+02:00,0.7214094141582904
2021,CO2/CO/NOx,2021-05-28 16:00:00+02:00,0.7140029394229518
2021,CO2/CO/NOx,2021-05-28 17:00:00+02:00,0.6999074072563186
2021,CO2/CO/NOx,2021-05-28 18:00:00+02:00,0.6884396095580164
2021,CO2/CO/NOx,2021-05-28 19:00:00+02:00,0.6613386637450648
2021,CO2/CO/NOx,2021-05-28 20:00:00+02:00,0.6389021709861777
2021,CO2/CO/NOx,2021-05-28 21:00:00+02:00,0.6252654306370217
2021,CO2/CO/NOx,2021-05-28 22:00:00+02:00,0.6343389503347939
2021,CO2/CO/NOx,2021-05-28 23:00:00+02:00,0.6548952333998314
2021,CO2/CO/NOx,2021-05-29 00:00:00+02:00,0.6788282517248411
2021,CO2/CO/NOx,2021-05-29 01:00:00+02:00,0.7030142973088888
2021,CO2/CO/NOx,2021-05-29 02:00:00+02:00,0.7346732718679208
2021,CO2/CO/NOx,2021-05-29 03:00:00+02:00,0.7616923016584345
2021,CO2/CO/NOx,2021-05-29 04:00:00+02:00,0.775244368057843
2021,CO2/CO/NOx,2021-05-29 05:00:00+02:00,0.7819686898039624
2021,CO2/CO/NOx,2021-05-29 06:00:00+02:00,0.776684481314359
2021,CO2/CO/NOx,2021-05-29 07:00:00+02:00,0.7533065852382201
2021,CO2/CO/NOx,2021-05-29 08:00:00+02:00,0.7245126249676044
2021,CO2/CO/NOx,2021-05-29 09:00:00+02:00,0.6921435643639094
2021,CO2/CO/NOx,2021-05-29 10:00:00+02:00,0.6763650730016597
2021,CO2/CO/NOx,2021-05-29 11:00:00+02:00,0.6560625839835231
2021,CO2/CO/NOx,2021-05-29 12:00:00+02:00,0.6244855434181699
2021,CO2/CO/NOx,2021-05-29 13:00:00+02:00,0.6158320268263092
2021,CO2/CO/NOx,2021-05-29 14:00:00+02:00,0.6201473181387896
2021,CO2/CO/NOx,2021-05-29 15:00:00+02:00,0.6389950949306945
2021,CO2/CO/NOx,2021-05-29 16:00:00+02:00,0.6358043012444605
2021,CO2/CO/NOx,2021-05-29 17:00:00+02:00,0.6327906573349527
2021,CO2/CO/NOx,2021-05-29 18:00:00+02:00,0.637695298673132
2021,CO2/CO/NOx,2021-05-29 19:00:00+02:00,0.6427481384119931
2021,CO2/CO/NOx,2021-05-29 20:00:00+02:00,0.643227601026175
2021,CO2/CO/NOx,2021-05-29 21:00:00+02:00,0.6316833628300975
2021,CO2/CO/NOx,2021-05-29 22:00:00+02:00,0.6427444306573569
2021,CO2/CO/NOx,2021-05-29 23:00:00+02:00,0.6809196491771958
2021,CO2/CO/NOx,2021-05-30 00:00:00+02:00,0.7378347811705969
2021,CO2/CO/NOx,2021-05-30 01:00:00+02:00,0.7910624168045536
2021,CO2/CO/NOx,2021-05-30 02:00:00+02:00,0.8564728889975217
2021,CO2/CO/NOx,2021-05-30 03:00:00+02:00,0.9346042105572767
2021,CO2/CO/NOx,2021-05-30 04:00:00+02:00,0.9703388727963682
2021,CO2/CO/NOx,2021-05-30 05:00:00+02:00,0.9701981642143179
2021,CO2/CO/NOx,2021-05-30 06:00:00+02:00,0.9290026340291518
2021,CO2/CO/NOx,2021-05-30 07:00:00+02:00,0.8742122344456353
2021,CO2/CO/NOx,2021-05-30 08:00:00+02:00,0.8147898814553237
2021,CO2/CO/NOx,2021-05-30 09:00:00+02:00,0.7579048998909006
2021,CO2/CO/NOx,2021-05-30 10:00:00+02:00,0.7065115965741254
2021,CO2/CO/NOx,2021-05-30 11:00:00+02:00,0.6802869280921197
2021,CO2/CO/NOx,2021-05-30 12:00:00+02:00,0.6657109916783946
2021,CO2/CO/NOx,2021-05-30 13:00:00+02:00,0.6545860415174793
2021,CO2/CO/NOx,2021-05-30 14:00:00+02:00,0.6692618228772395
2021,CO2/CO/NOx,2021-05-30 15:00:00+02:00,0.7057454781138301
2021,CO2/CO/NOx,2021-05-30 16:00:00+02:00,0.7300746792667392
2021,CO2/CO/NOx,2021-05-30 17:00:00+02:00,0.7194382274306836
2021,CO2/CO/NOx,2021-05-30 18:00:00+02:00,0.7119321495988475
2021,CO2/CO/NOx,2021-05-30 19:00:00+02:00,0.6819159825608351
2021,CO2/CO/NOx,2021-05-30 20:00:00+02:00,0.6512725053556827
2021,CO2/CO/NOx,2021-05-30 21:00:00+02:00,0.6355461695905736
2021,CO2/CO/NOx,2021-05-30 22:00:00+02:00,0.6528643035828398
2021,CO2/CO/NOx,2021-05-30 23:00:00+02:00,0.7104085069720633
2021,CO2/CO/NOx,2021-05-31 00:00:00+02:00,0.7766817713711738
2021,CO2/CO/NOx,2021-05-31 01:00:00+02:00,0.8335349999723767
2021,CO2/CO/NOx,2021-05-31 02:00:00+02:00,0.8833448363968094
2021,CO2/CO/NOx,2021-05-31 03:00:00+02:00,0.9576087393773227
2021,CO2/CO/NOx,2021-05-31 04:00:00+02:00,0.984050323322763
2021,CO2/CO/NOx,2021-05-31 05:00:00+02:00,0.9778037527418864
2021,CO2/CO/NOx,2021-05-31 06:00:00+02:00,0.9420455802916609
2021,CO2/CO/NOx,2021-05-31 07:00:00+02:00,0.8788721498402096
2021,CO2/CO/NOx,2021-05-31 08:00:00+02:00,0.8146829685220995
2021,CO2/CO/NOx,2021-05-31 09:00:00+02:00,0.7647086463506081
2021,CO2/CO/NOx,2021-05-31 10:00:00+02:00,0.7135788777557779
2021,CO2/CO/NOx,2021-05-31 11:00:00+02:00,0.6851101448954016
2021,CO2/CO/NOx,2021-05-31 12:00:00+02:00,0.6733238190191514
2021,CO2/CO/NOx,2021-05-31 13:00:00+02:00,0.6629596187022565
2021,CO2/CO/NOx,2021-05-31 14:00:00+02:00,0.6769860098527968
2021,CO2/CO/NOx,2021-05-31 15:00:00+02:00,0.6731175761079153
2021,CO2/CO/NOx,2021-05-31 16:00:00+02:00,0.6717207453796962
2021,CO2/CO/NOx,2021-05-31 17:00:00+02:00,0.6612135927885963
2021,CO2/CO/NOx,2021-05-31 18:00:00+02:00,0.6519319614279311
2021,CO2/CO/NOx,2021-05-31 19:00:00+02:00,0.6278583146823077
2021,CO2/CO/NOx,2021-05-31 20:00:00+02:00,0.6124813111041236
2021,CO2/CO/NOx,2021-05-31 21:00:00+02:00,0.5972472193978607
2021,CO2/CO/NOx,2021-05-31 22:00:00+02:00,0.5889177317489277
2021,CO2/CO/NOx,2021-05-31 23:00:00+02:00,0.5984129232046034
2021,CO2/CO/NOx,2021-06-01 00:00:00+02:00,0.5835976504939947
2021,CO2/CO/NOx,2021-06-01 01:00:00+02:00,0.6131539313192217
2021,CO2/CO/NOx,2021-06-01 02:00:00+02:00,0.6720300715651673
2021,CO2/CO/NOx,2021-06-01 03:00:00+02:00,0.7331551675260211
2021,CO2/CO/NOx,2021-06-01 04:00:00+02:00,0.7922300276465986
2021,CO2/CO/NOx,2021-06-01 05:00:00+02:00,0.8127863750779843
2021,CO2/CO/NOx,2021-06-01 06:00:00+02:00,0.7969907506932368
2021,CO2/CO/NOx,2021-06-01 07:00:00+02:00,0.7391510587210216
2021,CO2/CO/NOx,2021-06-01 08:00:00+02:00,0.6585966583804667
2021,CO2/CO/NOx,2021-06-01 09:00:00+02:00,0.5626975581607594
2021,CO2/CO/NOx,2021-06-01 10:00:00+02:00,0.5129962765791944
2021,CO2/CO/NOx,2021-06-01 11:00:00+02:00,0.4810121063549663
2021,CO2/CO/NOx,2021-06-01 12:00:00+02:00,0.46016818841901475
2021,CO2/CO/NOx,2021-06-01 13:00:00+02:00,0.4846824933091042
2021,CO2/CO/NOx,2021-06-01 14:00:00+02:00,0.48769162791186643
2021,CO2/CO/NOx,2021-06-01 15:00:00+02:00,0.4925269492779144
2021,CO2/CO/NOx,2021-06-01 16:00:00+02:00,0.4866638537476155
2021,CO2/CO/NOx,2021-06-01 17:00:00+02:00,0.47244422520533536
2021,CO2/CO/NOx,2021-06-01 18:00:00+02:00,0.4514764423990803
2021,CO2/CO/NOx,2021-06-01 19:00:00+02:00,0.42183910748774917
2021,CO2/CO/NOx,2021-06-01 20:00:00+02:00,0.38497647279050423
2021,CO2/CO/NOx,2021-06-01 21:00:00+02:00,0.385309224856379
2021,CO2/CO/NOx,2021-06-01 22:00:00+02:00,0.4196087257528838
2021,CO2/CO/NOx,2021-06-01 23:00:00+02:00,0.4372137243332131
2021,CO2/CO/NOx,2021-06-02 00:00:00+02:00,0.46003710288994293
2021,CO2/CO/NOx,2021-06-02 01:00:00+02:00,0.4964312307903586
2021,CO2/CO/NOx,2021-06-02 02:00:00+02:00,0.5556188355212318
2021,CO2/CO/NOx,2021-06-02 03:00:00+02:00,0.6163367568096751
2021,CO2/CO/NOx,2021-06-02 04:00:00+02:00,0.6573411857987304
2021,CO2/CO/NOx,2021-06-02 05:00:00+02:00,0.6733076744157563
2021,CO2/CO/NOx,2021-06-02 06:00:00+02:00,0.6703400963511553
2021,CO2/CO/NOx,2021-06-02 07:00:00+02:00,0.6289763692901376
2021,CO2/CO/NOx,2021-06-02 08:00:00+02:00,0.5593298550757665
2021,CO2/CO/NOx,2021-06-02 09:00:00+02:00,0.4811858138207937
2021,CO2/CO/NOx,2021-06-02 10:00:00+02:00,0.42559974445988324
2021,CO2/CO/NOx,2021-06-02 11:00:00+02:00,0.39608941204755305
2021,CO2/CO/NOx,2021-06-02 12:00:00+02:00,0.3914762200863351
2021,CO2/CO/NOx,2021-06-02 13:00:00+02:00,0.3904266597953287
2021,CO2/CO/NOx,2021-06-02 14:00:00+02:00,0.3879706859832249
2021,CO2/CO/NOx,2021-06-02 15:00:00+02:00,0.3965106277138465
2021,CO2/CO/NOx,2021-06-02 16:00:00+02:00,0.3948453646764595
2021,CO2/CO/NOx,2021-06-02 17:00:00+02:00,0.3795738657172906
2021,CO2/CO/NOx,2021-06-02 18:00:00+02:00,0.37063507328977036
2021,CO2/CO/NOx,2021-06-02 19:00:00+02:00,0.3585372722085071
2021,CO2/CO/NOx,2021-06-02 20:00:00+02:00,0.3481975432457134
2021,CO2/CO/NOx,2021-06-02 21:00:00+02:00,0.35340008343922014
2021,CO2/CO/NOx,2021-06-02 22:00:00+02:00,0.3677253576188825
2021,CO2/CO/NOx,2021-06-02 23:00:00+02:00,0.38729152510275516
2021,CO2/CO/NOx,2021-06-03 00:00:00+02:00,0.40439576601596855
2021,CO2/CO/NOx,2021-06-03 01:00:00+02:00,0.42319845433828857
2021,CO2/CO/NOx,2021-06-03 02:00:00+02:00,0.445574727981695
2021,CO2/CO/NOx,2021-06-03 03:00:00+02:00,0.4813807039200491
2021,CO2/CO/NOx,2021-06-03 04:00:00+02:00,0.48917718389622566
2021,CO2/CO/NOx,2021-06-03 05:00:00+02:00,0.48339052144924743
2021,CO2/CO/NOx,2021-06-03 06:00:00+02:00,0.4767079600297026
2021,CO2/CO/NOx,2021-06-03 07:00:00+02:00,0.4635383381128627
2021,CO2/CO/NOx,2021-06-03 08:00:00+02:00,0.4335952856472814
2021,CO2/CO/NOx,2021-06-03 09:00:00+02:00,0.3945518720050546
2021,CO2/CO/NOx,2021-06-03 10:00:00+02:00,0.3700568229166941
2021,CO2/CO/NOx,2021-06-03 11:00:00+02:00,0.3623873787249858
2021,CO2/CO/NOx,2021-06-03 12:00:00+02:00,0.3619429861642502
2021,CO2/CO/NOx,2021-06-03 13:00:00+02:00,0.35601389658029553
2021,CO2/CO/NOx,2021-06-03 14:00:00+02:00,0.35598496056052914
2021,CO2/CO/NOx,2021-06-03 15:00:00+02:00,0.35954350773551147
2021,CO2/CO/NOx,2021-06-03 16:00:00+02:00,0.3578785743448615
2021,CO2/CO/NOx,2021-06-03 17:00:00+02:00,0.3495601352290188
2021,CO2/CO/NOx,2021-06-03 18:00:00+02:00,0.3451212068579447
2021,CO2/CO/NOx,2021-06-03 19:00:00+02:00,0.33825361534592935
2021,CO2/CO/NOx,2021-06-03 20:00:00+02:00,0.3277291894279384
2021,CO2/CO/NOx,2021-06-03 21:00:00+02:00,0.30985468716416104
2021,CO2/CO/NOx,2021-06-03 22:00:00+02:00,0.3031153757653359
2021,CO2/CO/NOx,2021-06-03 23:00:00+02:00,0.2980139317435272
2021,CO2/CO/NOx,2021-06-04 00:00:00+02:00,0.289829309072912
2021,CO2/CO/NOx,2021-06-04 01:00:00+02:00,0.30677611696196094
2021,CO2/CO/NOx,2021-06-04 02:00:00+02:00,0.3409668054682274
2021,CO2/CO/NOx,2021-06-04 03:00:00+02:00,0.3776566074402889
2021,CO2/CO/NOx,2021-06-04 04:00:00+02:00,0.40287260549894927
2021,CO2/CO/NOx,2021-06-04 05:00:00+02:00,0.41612456193170044
2021,CO2/CO/NOx,2021-06-04 06:00:00+02:00,0.4142342767150796
2021,CO2/CO/NOx,2021-06-04 07:00:00+02:00,0.39728577107613544
2021,CO2/CO/NOx,2021-06-04 08:00:00+02:00,0.37021211161094025
2021,CO2/CO/NOx,2021-06-04 09:00:00+02:00,0.33798778017437414
2021,CO2/CO/NOx,2021-06-04 10:00:00+02:00,0.3339706329078911
2021,CO2/CO/NOx,2021-06-04 11:00:00+02:00,0.3391481032931603
2021,CO2/CO/NOx,2021-06-04 12:00:00+02:00,0.3407320234166457
2021,CO2/CO/NOx,2021-06-04 13:00:00+02:00,0.3392509110846853
2021,CO2/CO/NOx,2021-06-04 14:00:00+02:00,0.33800712395609794
2021,CO2/CO/NOx,2021-06-04 15:00:00+02:00,0.34112434271179004
2021,CO2/CO/NOx,2021-06-04 16:00:00+02:00,0.33857897032429574
2021,CO2/CO/NOx,2021-06-04 17:00:00+02:00,0.33580218357439645
2021,CO2/CO/NOx,2021-06-04 18:00:00+02:00,0.33842737710253884
2021,CO2/CO/NOx,2021-06-04 19:00:00+02:00,0.3383343936192001
2021,CO2/CO/NOx,2021-06-04 20:00:00+02:00,0.3319593005611875
2021,CO2/CO/NOx,2021-06-04 21:00:00+02:00,0.321752011664027
2021,CO2/CO/NOx,2021-06-04 22:00:00+02:00,0.3076971487614764
2021,CO2/CO/NOx,2021-06-04 23:00:00+02:00,0.29295817357546433
2021,CO2/CO/NOx,2021-06-05 00:00:00+02:00,0.290745461401909
2021,CO2/CO/NOx,2021-06-05 01:00:00+02:00,0.2947074043178218
2021,CO2/CO/NOx,2021-06-05 02:00:00+02:00,0.3072327600254182
2021,CO2/CO/NOx,2021-06-05 03:00:00+02:00,0.32475345811744266
2021,CO2/CO/NOx,2021-06-05 04:00:00+02:00,0.3388006893432077
2021,CO2/CO/NOx,2021-06-05 05:00:00+02:00,0.34811488484376113
2021,CO2/CO/NOx,2021-06-05 06:00:00+02:00,0.35400219821297224
2021,CO2/CO/NOx,2021-06-05 07:00:00+02:00,0.3506177808218486
2021,CO2/CO/NOx,2021-06-05 08:00:00+02:00,0.34110286783378785
2021,CO2/CO/NOx,2021-06-05 09:00:00+02:00,0.3336627128492896
2021,CO2/CO/NOx,2021-06-05 10:00:00+02:00,0.3301716958034838
2021,CO2/CO/NOx,2021-06-05 11:00:00+02:00,0.3286875626140404
2021,CO2/CO/NOx,2021-06-05 12:00:00+02:00,0.32834638015296574
2021,CO2/CO/NOx,2021-06-05 13:00:00+02:00,0.3301248069660657
2021,CO2/CO/NOx,2021-06-05 14:00:00+02:00,0.3329752411394236
2021,CO2/CO/NOx,2021-06-05 15:00:00+02:00,0.3373591709248745
2021,CO2/CO/NOx,2021-06-05 16:00:00+02:00,0.33948760262079486
2021,CO2/CO/NOx,2021-06-05 17:00:00+02:00,0.3393563678870935
2021,CO2/CO/NOx,2021-06-05 18:00:00+02:00,0.3445044498220098
2021,CO2/CO/NOx,2021-06-05 19:00:00+02:00,0.34892066875887323
2021,CO2/CO/NOx,2021-06-05 20:00:00+02:00,0.35351555124557
2021,CO2/CO/NOx,2021-06-05 21:00:00+02:00,0.3605020607772443
2021,CO2/CO/NOx,2021-06-05 22:00:00+02:00,0.3669699947996648
2021,CO2/CO/NOx,2021-06-05 23:00:00+02:00,0.3704617945082343
2021,CO2/CO/NOx,2021-06-06 00:00:00+02:00,0.376332634244956
2021,CO2/CO/NOx,2021-06-06 01:00:00+02:00,0.37534287596043997
2021,CO2/CO/NOx,2021-06-06 02:00:00+02:00,0.38353642416401984
2021,CO2/CO/NOx,2021-06-06 03:00:00+02:00,0.39452326820216055
2021,CO2/CO/NOx,2021-06-06 04:00:00+02:00,0.41193412387074957
2021,CO2/CO/NOx,2021-06-06 05:00:00+02:00,0.4353495157583207
2021,CO2/CO/NOx,2021-06-06 06:00:00+02:00,0.4585156533487259
2021,CO2/CO/NOx,2021-06-06 07:00:00+02:00,0.4768342411009113
2021,CO2/CO/NOx,2021-06-06 08:00:00+02:00,0.4885542607853897
2021,CO2/CO/NOx,2021-06-06 09:00:00+02:00,0.493243362293099
2021,CO2/CO/NOx,2021-06-06 10:00:00+02:00,0.4879832473335813
2021,CO2/CO/NOx,2021-06-06 11:00:00+02:00,0.4841702607241482
2021,CO2/CO/NOx,2021-06-06 12:00:00+02:00,0.46795286241739303
2021,CO2/CO/NOx,2021-06-06 13:00:00+02:00,0.4562801261025318
2021,CO2/CO/NOx,2021-06-06 14:00:00+02:00,0.4416598535117903
2021,CO2/CO/NOx,2021-06-06 15:00:00+02:00,0.4274808070345874
2021,CO2/CO/NOx,2021-06-06 16:00:00+02:00,0.4145713441326401
2021,CO2/CO/NOx,2021-06-06 17:00:00+02:00,0.40533188192069375
2021,CO2/CO/NOx,2021-06-06 18:00:00+02:00,0.40227062876329106
2021,CO2/CO/NOx,2021-06-06 19:00:00+02:00,0.4025432606856906
2021,CO2/CO/NOx,2021-06-06 20:00:00+02:00,0.40172253399040253
2021,CO2/CO/NOx,2021-06-06 21:00:00+02:00,0.4005618106056813
2021,CO2/CO/NOx,2021-06-06 22:00:00+02:00,0.3976965210691829
2021,CO2/CO/NOx,2021-06-06 23:00:00+02:00,0.39360998049154844
2021,CO2/CO/NOx,2021-06-07 00:00:00+02:00,0.3830829417104815
2021,CO2/CO/NOx,2021-06-07 01:00:00+02:00,0.3771553590196315
2021,CO2/CO/NOx,2021-06-07 02:00:00+02:00,0.37799645695119083
2021,CO2/CO/NOx,2021-06-07 03:00:00+02:00,0.38444153216402943
2021,CO2/CO/NOx,2021-06-07 04:00:00+02:00,0.3913171363195696
2021,CO2/CO/NOx,2021-06-07 05:00:00+02:00,0.40066319151005014
2021,CO2/CO/NOx,2021-06-07 06:00:00+02:00,0.4098638259625069
2021,CO2/CO/NOx,2021-06-07 07:00:00+02:00,0.4124196405178527
2021,CO2/CO/NOx,2021-06-07 08:00:00+02:00,0.41035638026320553
2021,CO2/CO/NOx,2021-06-07 09:00:00+02:00,0.3984142092054615
2021,CO2/CO/NOx,2021-06-07 10:00:00+02:00,0.3917398468002055
2021,CO2/CO/NOx,2021-06-07 11:00:00+02:00,0.3837660847107778
2021,CO2/CO/NOx,2021-06-07 12:00:00+02:00,0.37146661444578105
2021,CO2/CO/NOx,2021-06-07 13:00:00+02:00,0.36057966711894357
2021,CO2/CO/NOx,2021-06-07 14:00:00+02:00,0.3520414539380271
2021,CO2/CO/NOx,2021-06-07 15:00:00+02:00,0.3453155946553346
2021,CO2/CO/NOx,2021-06-07 16:00:00+02:00,0.3416679385822713
2021,CO2/CO/NOx,2021-06-07 17:00:00+02:00,0.3391864848117353
2021,CO2/CO/NOx,2021-06-07 18:00:00+02:00,0.34198765272781173
2021,CO2/CO/NOx,2021-06-07 19:00:00+02:00,0.3389241033903536
2021,CO2/CO/NOx,2021-06-07 20:00:00+02:00,0.3337768795540079
2021,CO2/CO/NOx,2021-06-07 21:00:00+02:00,0.3269122740965368
2021,CO2/CO/NOx,2021-06-07 22:00:00+02:00,0.31799456533042764
2021,CO2/CO/NOx,2021-06-07 23:00:00+02:00,0.31391052462449226
2021,CO2/CO/NOx,2021-06-08 00:00:00+02:00,0.3105508982779487
2021,CO2/CO/NOx,2021-06-08 01:00:00+02:00,0.3218354566223178
2021,CO2/CO/NOx,2021-06-08 02:00:00+02:00,0.3364517385177533
2021,CO2/CO/NOx,2021-06-08 03:00:00+02:00,0.3560833260270851
2021,CO2/CO/NOx,2021-06-08 04:00:00+02:00,0.3708795392482253
2021,CO2/CO/NOx,2021-06-08 05:00:00+02:00,0.38384236543451694
2021,CO2/CO/NOx,2021-06-08 06:00:00+02:00,0.39112885499570266
2021,CO2/CO/NOx,2021-06-08 07:00:00+02:00,0.38644972040539244
2021,CO2/CO/NOx,2021-06-08 08:00:00+02:00,0.37610072560874347
2021,CO2/CO/NOx,2021-06-08 09:00:00+02:00,0.35711832735531457
2021,CO2/CO/NOx,2021-06-08 10:00:00+02:00,0.34909999043448864
2021,CO2/CO/NOx,2021-06-08 11:00:00+02:00,0.34125775798642843
2021,CO2/CO/NOx,2021-06-08 12:00:00+02:00,0.3359018664511991
2021,CO2/CO/NOx,2021-06-08 13:00:00+02:00,0.33404397719202744
2021,CO2/CO/NOx,2021-06-08 14:00:00+02:00,0.33278099136729344
2021,CO2/CO/NOx,2021-06-08 15:00:00+02:00,0.33336269574102306
2021,CO2/CO/NOx,2021-06-08 16:00:00+02:00,0.33103700745785747
2021,CO2/CO/NOx,2021-06-08 17:00:00+02:00,0.3292263082772731
2021,CO2/CO/NOx,2021-06-08 18:00:00+02:00,0.3310651093980262
2021,CO2/CO/NOx,2021-06-08 19:00:00+02:00,0.33199038635945693
2021,CO2/CO/NOx,2021-06-08 20:00:00+02:00,0.3287926881030483
2021,CO2/CO/NOx,2021-06-08 21:00:00+02:00,0.3191857702943969
2021,CO2/CO/NOx,2021-06-08 22:00:00+02:00,0.31205222796763155
2021,CO2/CO/NOx,2021-06-08 23:00:00+02:00,0.31001707908012777
2021,CO2/CO/NOx,2021-06-09 00:00:00+02:00,0.3073036758222245
2021,CO2/CO/NOx,2021-06-09 01:00:00+02:00,0.3129220668986706
2021,CO2/CO/NOx,2021-06-09 02:00:00+02:00,0.32970952880722976
2021,CO2/CO/NOx,2021-06-09 03:00:00+02:00,0.3529146143220041
2021,CO2/CO/NOx,2021-06-09 04:00:00+02:00,0.37110453152926676
2021,CO2/CO/NOx,2021-06-09 05:00:00+02:00,0.38323278548470274
2021,CO2/CO/NOx,2021-06-09 06:00:00+02:00,0.38816118418424084
2021,CO2/CO/NOx,2021-06-09 07:00:00+02:00,0.3879735468148307
2021,CO2/CO/NOx,2021-06-09 08:00:00+02:00,0.3801239186599833
2021,CO2/CO/NOx,2021-06-09 09:00:00+02:00,0.3615244048691553
2021,CO2/CO/NOx,2021-06-09 10:00:00+02:00,0.3504206230028279
2021,CO2/CO/NOx,2021-06-09 11:00:00+02:00,0.3431149080201636
2021,CO2/CO/NOx,2021-06-09 12:00:00+02:00,0.336749128500724
2021,CO2/CO/NOx,2021-06-09 13:00:00+02:00,0.33658597403923846
2021,CO2/CO/NOx,2021-06-09 14:00:00+02:00,0.3388091907049047
2021,CO2/CO/NOx,2021-06-09 15:00:00+02:00,0.34203962518189013
2021,CO2/CO/NOx,2021-06-09 16:00:00+02:00,0.3407308473566185
2021,CO2/CO/NOx,2021-06-09 17:00:00+02:00,0.3378184040937237
2021,CO2/CO/NOx,2021-06-09 18:00:00+02:00,0.339540755162907
2021,CO2/CO/NOx,2021-06-09 19:00:00+02:00,0.3380901713896321
2021,CO2/CO/NOx,2021-06-09 20:00:00+02:00,0.3284970203087685
2021,CO2/CO/NOx,2021-06-09 21:00:00+02:00,0.3158527054490195
2021,CO2/CO/NOx,2021-06-09 22:00:00+02:00,0.30603703803446974
2021,CO2/CO/NOx,2021-06-09 23:00:00+02:00,0.2973969776888902
2021,CO2/CO/NOx,2021-06-10 00:00:00+02:00,0.2870718365264934
2021,CO2/CO/NOx,2021-06-10 01:00:00+02:00,0.2882353956363122
2021,CO2/CO/NOx,2021-06-10 02:00:00+02:00,0.3039845458683504
2021,CO2/CO/NOx,2021-06-10 03:00:00+02:00,0.329197374968188
2021,CO2/CO/NOx,2021-06-10 04:00:00+02:00,0.34950293984219116
2021,CO2/CO/NOx,2021-06-10 05:00:00+02:00,0.36502554037809143
2021,CO2/CO/NOx,2021-06-10 06:00:00+02:00,0.3751332399647521
2021,CO2/CO/NOx,2021-06-10 07:00:00+02:00,0.3755558327645255
2021,CO2/CO/NOx,2021-06-10 08:00:00+02:00,0.36484821580769633
2021,CO2/CO/NOx,2021-06-10 09:00:00+02:00,0.3457662535329861
2021,CO2/CO/NOx,2021-06-10 10:00:00+02:00,0.334053795915799
2021,CO2/CO/NOx,2021-06-10 11:00:00+02:00,0.32798886086218376
2021,CO2/CO/NOx,2021-06-10 12:00:00+02:00,0.32564972886040444
2021,CO2/CO/NOx,2021-06-10 13:00:00+02:00,0.3265910768036152
2021,CO2/CO/NOx,2021-06-10 14:00:00+02:00,0.3309530773356666
2021,CO2/CO/NOx,2021-06-10 15:00:00+02:00,0.33439266159634673
2021,CO2/CO/NOx,2021-06-10 16:00:00+02:00,0.3350386626524099
2021,CO2/CO/NOx,2021-06-10 17:00:00+02:00,0.3351169023900749
2021,CO2/CO/NOx,2021-06-10 18:00:00+02:00,0.3385397805291403
2021,CO2/CO/NOx,2021-06-10 19:00:00+02:00,0.33511013018296415
2021,CO2/CO/NOx,2021-06-10 20:00:00+02:00,0.32751288507122955
2021,CO2/CO/NOx,2021-06-10 21:00:00+02:00,0.3169766567522196
2021,CO2/CO/NOx,2021-06-10 22:00:00+02:00,0.3063381068996102
2021,CO2/CO/NOx,2021-06-10 23:00:00+02:00,0.3003018943598089
2021,CO2/CO/NOx,2021-06-11 00:00:00+02:00,0.28801268940634983
2021,CO2/CO/NOx,2021-06-11 01:00:00+02:00,0.28871728799945473
2021,CO2/CO/NOx,2021-06-11 02:00:00+02:00,0.30404038094768765
2021,CO2/CO/NOx,2021-06-11 03:00:00+02:00,0.3231109037261711
2021,CO2/CO/NOx,2021-06-11 04:00:00+02:00,0.33766380970313603
2021,CO2/CO/NOx,2021-06-11 05:00:00+02:00,0.35121312976527586
2021,CO2/CO/NOx,2021-06-11 06:00:00+02:00,0.3595900770270363
2021,CO2/CO/NOx,2021-06-11 07:00:00+02:00,0.3603187844467504
2021,CO2/CO/NOx,2021-06-11 08:00:00+02:00,0.35398633749094727
2021,CO2/CO/NOx,2021-06-11 09:00:00+02:00,0.33727929459830713
2021,CO2/CO/NOx,2021-06-11 10:00:00+02:00,0.33076385064001856
2021,CO2/CO/NOx,2021-06-11 11:00:00+02:00,0.3284693588556946
2021,CO2/CO/NOx,2021-06-11 12:00:00+02:00,0.32519680758613434
2021,CO2/CO/NOx,2021-06-11 13:00:00+02:00,0.3265006373577408
2021,CO2/CO/NOx,2021-06-11 14:00:00+02:00,0.3317944217172179
2021,CO2/CO/NOx,2021-06-11 15:00:00+02:00,0.3361493516143344
2021,CO2/CO/NOx,2021-06-11 16:00:00+02:00,0.3360295534981356
2021,CO2/CO/NOx,2021-06-11 17:00:00+02:00,0.33377800893118015
2021,CO2/CO/NOx,2021-06-11 18:00:00+02:00,0.3341628446622209
2021,CO2/CO/NOx,2021-06-11 19:00:00+02:00,0.3292357138386746
2021,CO2/CO/NOx,2021-06-11 20:00:00+02:00,0.3218008638791721
2021,CO2/CO/NOx,2021-06-11 21:00:00+02:00,0.31437843563614215
2021,CO2/CO/NOx,2021-06-11 22:00:00+02:00,0.3057493395836754
2021,CO2/CO/NOx,2021-06-11 23:00:00+02:00,0.29699358829686984
2021,CO2/CO/NOx,2021-06-12 00:00:00+02:00,0.28966514517614045
2021,CO2/CO/NOx,2021-06-12 01:00:00+02:00,0.28720716752794007
2021,CO2/CO/NOx,2021-06-12 02:00:00+02:00,0.2918612474912956
2021,CO2/CO/NOx,2021-06-12 03:00:00+02:00,0.2989281998521134
2021,CO2/CO/NOx,2021-06-12 04:00:00+02:00,0.30293259691493946
2021,CO2/CO/NOx,2021-06-12 05:00:00+02:00,0.3078646198806606
2021,CO2/CO/NOx,2021-06-12 06:00:00+02:00,0.31360887557073985
2021,CO2/CO/NOx,2021-06-12 07:00:00+02:00,0.3164835252346497
2021,CO2/CO/NOx,2021-06-12 08:00:00+02:00,0.3169522844574033
2021,CO2/CO/NOx,2021-06-12 09:00:00+02:00,0.31734923077815064
2021,CO2/CO/NOx,2021-06-12 10:00:00+02:00,0.31947886955048876
2021,CO2/CO/NOx,2021-06-12 11:00:00+02:00,0.32103068886633757
2021,CO2/CO/NOx,2021-06-12 12:00:00+02:00,0.3199970713760833
2021,CO2/CO/NOx,2021-06-12 13:00:00+02:00,0.3213190573224124
2021,CO2/CO/NOx,2021-06-12 14:00:00+02:00,0.32224821461912506
2021,CO2/CO/NOx,2021-06-12 15:00:00+02:00,0.32416290597275327
2021,CO2/CO/NOx,2021-06-12 16:00:00+02:00,0.32563201878679315
2021,CO2/CO/NOx,2021-06-12 17:00:00+02:00,0.3254548664459339
2021,CO2/CO/NOx,2021-06-12 18:00:00+02:00,0.3266766447243107
2021,CO2/CO/NOx,2021-06-12 19:00:00+02:00,0.32435448070669254
2021,CO2/CO/NOx,2021-06-12 20:00:00+02:00,0.317556198605254
2021,CO2/CO/NOx,2021-06-12 21:00:00+02:00,0.3105724248646658
2021,CO2/CO/NOx,2021-06-12 22:00:00+02:00,0.3025181516733323
2021,CO2/CO/NOx,2021-06-12 23:00:00+02:00,0.2938000998766649
2021,CO2/CO/NOx,2021-06-13 00:00:00+02:00,0.28333542703056824
2021,CO2/CO/NOx,2021-06-13 01:00:00+02:00,0.27873027093710195
2021,CO2/CO/NOx,2021-06-13 02:00:00+02:00,0.28181187860613804
2021,CO2/CO/NOx,2021-06-13 03:00:00+02:00,0.28948446785817494
2021,CO2/CO/NOx,2021-06-13 04:00:00+02:00,0.30045236947837867
2021,CO2/CO/NOx,2021-06-13 05:00:00+02:00,0.3130881361534608
2021,CO2/CO/NOx,2021-06-13 06:00:00+02:00,0.3248268144231684
2021,CO2/CO/NOx,2021-06-13 07:00:00+02:00,0.33195055752527036
2021,CO2/CO/NOx,2021-06-13 08:00:00+02:00,0.3346169971097819
2021,CO2/CO/NOx,2021-06-13 09:00:00+02:00,0.33038159058681815
2021,CO2/CO/NOx,2021-06-13 10:00:00+02:00,0.3275051689650278
2021,CO2/CO/NOx,2021-06-13 11:00:00+02:00,0.3246843444750755
2021,CO2/CO/NOx,2021-06-13 12:00:00+02:00,0.31933605153748645
2021,CO2/CO/NOx,2021-06-13 13:00:00+02:00,0.3183474362660445
2021,CO2/CO/NOx,2021-06-13 14:00:00+02:00,0.32015156060270045
2021,CO2/CO/NOx,2021-06-13 15:00:00+02:00,0.32246649540732647
2021,CO2/CO/NOx,2021-06-13 16:00:00+02:00,0.3256262895596901
2021,CO2/CO/NOx,2021-06-13 17:00:00+02:00,0.32860841021191045
2021,CO2/CO/NOx,2021-06-13 18:00:00+02:00,0.333976009845383
2021,CO2/CO/NOx,2021-06-13 19:00:00+02:00,0.3323512005808158
2021,CO2/CO/NOx,2021-06-13 20:00:00+02:00,0.33057404505418897
2021,CO2/CO/NOx,2021-06-13 21:00:00+02:00,0.3270689472869967
2021,CO2/CO/NOx,2021-06-13 22:00:00+02:00,0.327911005317418
2021,CO2/CO/NOx,2021-06-13 23:00:00+02:00,0.3400540238957003
2021,CO2/CO/NOx,2021-06-14 00:00:00+02:00,0.3503486708839321
2021,CO2/CO/NOx,2021-06-14 01:00:00+02:00,0.3694883733237735
2021,CO2/CO/NOx,2021-06-14 02:00:00+02:00,0.39537157555836533
2021,CO2/CO/NOx,2021-06-14 03:00:00+02:00,0.42710971932598996
2021,CO2/CO/NOx,2021-06-14 04:00:00+02:00,0.4406705221185002
2021,CO2/CO/NOx,2021-06-14 05:00:00+02:00,0.44578135370605876
2021,CO2/CO/NOx,2021-06-14 06:00:00+02:00,0.43981923260762856
2021,CO2/CO/NOx,2021-06-14 07:00:00+02:00,0.4295457517517069
2021,CO2/CO/NOx,2021-06-14 08:00:00+02:00,0.4186590876328315
2021,CO2/CO/NOx,2021-06-14 09:00:00+02:00,0.3959431429261957
2021,CO2/CO/NOx,2021-06-14 10:00:00+02:00,0.3846946226286421
2021,CO2/CO/NOx,2021-06-14 11:00:00+02:00,0.3807671393241158
2021,CO2/CO/NOx,2021-06-14 12:00:00+02:00,0.37712689489523255
2021,CO2/CO/NOx,2021-06-14 13:00:00+02:00,0.3629162334934083
2021,CO2/CO/NOx,2021-06-14 14:00:00+02:00,0.35208081104601663
2021,CO2/CO/NOx,2021-06-14 15:00:00+02:00,0.34128868335722945
2021,CO2/CO/NOx,2021-06-14 16:00:00+02:00,0.3329026638510303
2021,CO2/CO/NOx,2021-06-14 17:00:00+02:00,0.3266944943392989
2021,CO2/CO/NOx,2021-06-14 18:00:00+02:00,0.32528694951214143
2021,CO2/CO/NOx,2021-06-14 19:00:00+02:00,0.32672938944742175
2021,CO2/CO/NOx,2021-06-14 20:00:00+02:00,0.32539418821957466
2021,CO2/CO/NOx,2021-06-14 21:00:00+02:00,0.32286223348793536
2021,CO2/CO/NOx,2021-06-14 22:00:00+02:00,0.32161981628228303
2021,CO2/CO/NOx,2021-06-14 23:00:00+02:00,0.3340381587230337
2021,CO2/CO/NOx,2021-06-15 00:00:00+02:00,0.34713820423557656
2021,CO2/CO/NOx,2021-06-15 01:00:00+02:00,0.3744395208639334
2021,CO2/CO/NOx,2021-06-15 02:00:00+02:00,0.41288471683438066
2021,CO2/CO/NOx,2021-06-15 03:00:00+02:00,0.4468791404665949
2021,CO2/CO/NOx,2021-06-15 04:00:00+02:00,0.4589867449222278
2021,CO2/CO/NOx,2021-06-15 05:00:00+02:00,0.4555781874229677
2021,CO2/CO/NOx,2021-06-15 06:00:00+02:00,0.4377801072578496
2021,CO2/CO/NOx,2021-06-15 07:00:00+02:00,0.4076849513781254
2021,CO2/CO/NOx,2021-06-15 08:00:00+02:00,0.3830734957019483
2021,CO2/CO/NOx,2021-06-15 09:00:00+02:00,0.3599306185807234
2021,CO2/CO/NOx,2021-06-15 10:00:00+02:00,0.35310446652033106
2021,CO2/CO/NOx,2021-06-15 11:00:00+02:00,0.3606625976215118
2021,CO2/CO/NOx,2021-06-15 12:00:00+02:00,0.3651567757967752
2021,CO2/CO/NOx,2021-06-15 13:00:00+02:00,0.36304548519877794
2021,CO2/CO/NOx,2021-06-15 14:00:00+02:00,0.3577460636469619
2021,CO2/CO/NOx,2021-06-15 15:00:00+02:00,0.34985658379335227
2021,CO2/CO/NOx,2021-06-15 16:00:00+02:00,0.33908918507779984
2021,CO2/CO/NOx,2021-06-15 17:00:00+02:00,0.33184345156251827
2021,CO2/CO/NOx,2021-06-15 18:00:00+02:00,0.32814781809901344
2021,CO2/CO/NOx,2021-06-15 19:00:00+02:00,0.32431932860250295
2021,CO2/CO/NOx,2021-06-15 20:00:00+02:00,0.32102871092496055
2021,CO2/CO/NOx,2021-06-15 21:00:00+02:00,0.313227850595717
2021,CO2/CO/NOx,2021-06-15 22:00:00+02:00,0.301217164060125
2021,CO2/CO/NOx,2021-06-15 23:00:00+02:00,0.29030218911617134
2021,CO2/CO/NOx,2021-06-16 00:00:00+02:00,0.28088250360327094
2021,CO2/CO/NOx,2021-06-16 01:00:00+02:00,0.29076719786667543
2021,CO2/CO/NOx,2021-06-16 02:00:00+02:00,0.31133462079593793
2021,CO2/CO/NOx,2021-06-16 03:00:00+02:00,0.3362589355388239
2021,CO2/CO/NOx,2021-06-16 04:00:00+02:00,0.356527251355946
2021,CO2/CO/NOx,2021-06-16 05:00:00+02:00,0.36736582266688367
2021,CO2/CO/NOx,2021-06-16 06:00:00+02:00,0.36862818232453853
2021,CO2/CO/NOx,2021-06-16 07:00:00+02:00,0.3603769605409978
2021,CO2/CO/NOx,2021-06-16 08:00:00+02:00,0.3442182166333819
2021,CO2/CO/NOx,2021-06-16 09:00:00+02:00,0.3229177402067246
2021,CO2/CO/NOx,2021-06-16 10:00:00+02:00,0.3186457673005734
2021,CO2/CO/NOx,2021-06-16 11:00:00+02:00,0.31851976050950914
2021,CO2/CO/NOx,2021-06-16 12:00:00+02:00,0.319627993876193
2021,CO2/CO/NOx,2021-06-16 13:00:00+02:00,0.323583729488912
2021,CO2/CO/NOx,2021-06-16 14:00:00+02:00,0.32959674833702307
2021,CO2/CO/NOx,2021-06-16 15:00:00+02:00,0.3342002900295863
2021,CO2/CO/NOx,2021-06-16 16:00:00+02:00,0.33567640989780695
2021,CO2/CO/NOx,2021-06-16 17:00:00+02:00,0.33354321244490964
2021,CO2/CO/NOx,2021-06-16 18:00:00+02:00,0.33061561945461604
2021,CO2/CO/NOx,2021-06-16 19:00:00+02:00,0.3238945308638838
2021,CO2/CO/NOx,2021-06-16 20:00:00+02:00,0.31637018649666565
2021,CO2/CO/NOx,2021-06-16 21:00:00+02:00,0.3065651541552717
2021,CO2/CO/NOx,2021-06-16 22:00:00+02:00,0.2951157003006604
2021,CO2/CO/NOx,2021-06-16 23:00:00+02:00,0.28700203919233863
2021,CO2/CO/NOx,2021-06-17 00:00:00+02:00,0.27602014938344976
2021,CO2/CO/NOx,2021-06-17 01:00:00+02:00,0.2771895183341016
2021,CO2/CO/NOx,2021-06-17 02:00:00+02:00,0.28617514936676514
2021,CO2/CO/NOx,2021-06-17 03:00:00+02:00,0.301548418549876
2021,CO2/CO/NOx,2021-06-17 04:00:00+02:00,0.320599504539997
2021,CO2/CO/NOx,2021-06-17 05:00:00+02:00,0.3365217983630002
2021,CO2/CO/NOx,2021-06-17 06:00:00+02:00,0.34631201709188464
2021,CO2/CO/NOx,2021-06-17 07:00:00+02:00,0.34640898363441336
2021,CO2/CO/NOx,2021-06-17 08:00:00+02:00,0.3401062835780002
2021,CO2/CO/NOx,2021-06-17 09:00:00+02:00,0.3273684430645586
2021,CO2/CO/NOx,2021-06-17 10:00:00+02:00,0.32101293363531846
2021,CO2/CO/NOx,2021-06-17 11:00:00+02:00,0.31463251423111904
2021,CO2/CO/NOx,2021-06-17 12:00:00+02:00,0.3128255935525626
2021,CO2/CO/NOx,2021-06-17 13:00:00+02:00,0.3186229520021587
2021,CO2/CO/NOx,2021-06-17 14:00:00+02:00,0.32411547827194226
2021,CO2/CO/NOx,2021-06-17 15:00:00+02:00,0.32926971857321835
2021,CO2/CO/NOx,2021-06-17 16:00:00+02:00,0.3306652634505232
2021,CO2/CO/NOx,2021-06-17 17:00:00+02:00,0.3293068660061158
2021,CO2/CO/NOx,2021-06-17 18:00:00+02:00,0.3278447230904816
2021,CO2/CO/NOx,2021-06-17 19:00:00+02:00,0.3206269462955799
2021,CO2/CO/NOx,2021-06-17 20:00:00+02:00,0.3127776734533405
2021,CO2/CO/NOx,2021-06-17 21:00:00+02:00,0.3050939295661957
2021,CO2/CO/NOx,2021-06-17 22:00:00+02:00,0.29729943742873133
2021,CO2/CO/NOx,2021-06-17 23:00:00+02:00,0.2890882413442853
2021,CO2/CO/NOx,2021-06-18 00:00:00+02:00,0.2767004082049378
2021,CO2/CO/NOx,2021-06-18 01:00:00+02:00,0.2751495948966865
2021,CO2/CO/NOx,2021-06-18 02:00:00+02:00,0.2779511040173752
2021,CO2/CO/NOx,2021-06-18 03:00:00+02:00,0.28771484131522557
2021,CO2/CO/NOx,2021-06-18 04:00:00+02:00,0.29946640305646216
2021,CO2/CO/NOx,2021-06-18 05:00:00+02:00,0.3145958192061727
2021,CO2/CO/NOx,2021-06-18 06:00:00+02:00,0.32751447514059023
2021,CO2/CO/NOx,2021-06-18 07:00:00+02:00,0.3333001862372268
2021,CO2/CO/NOx,2021-06-18 08:00:00+02:00,0.3295897526752807
2021,CO2/CO/NOx,2021-06-18 09:00:00+02:00,0.3217039118541364
2021,CO2/CO/NOx,2021-06-18 10:00:00+02:00,0.3225606845903617
2021,CO2/CO/NOx,2021-06-18 11:00:00+02:00,0.3222176717945194
2021,CO2/CO/NOx,2021-06-18 12:00:00+02:00,0.32403243889767824
2021,CO2/CO/NOx,2021-06-18 13:00:00+02:00,0.3304500463290503
2021,CO2/CO/NOx,2021-06-18 14:00:00+02:00,0.3385293637662827
2021,CO2/CO/NOx,2021-06-18 15:00:00+02:00,0.34389875480594695
2021,CO2/CO/NOx,2021-06-18 16:00:00+02:00,0.3421154247969849
2021,CO2/CO/NOx,2021-06-18 17:00:00+02:00,0.33546438864865014
2021,CO2/CO/NOx,2021-06-18 18:00:00+02:00,0.3315099910576045
2021,CO2/CO/NOx,2021-06-18 19:00:00+02:00,0.32280393044381656
2021,CO2/CO/NOx,2021-06-18 20:00:00+02:00,0.3125360150802801
2021,CO2/CO/NOx,2021-06-18 21:00:00+02:00,0.30298138030062716
2021,CO2/CO/NOx,2021-06-18 22:00:00+02:00,0.2965423313865059
2021,CO2/CO/NOx,2021-06-18 23:00:00+02:00,0.2916313571121321
2021,CO2/CO/NOx,2021-06-19 00:00:00+02:00,0.28590753319248435
2021,CO2/CO/NOx,2021-06-19 01:00:00+02:00,0.2820195334243804
2021,CO2/CO/NOx,2021-06-19 02:00:00+02:00,0.2805629165228594
2021,CO2/CO/NOx,2021-06-19 03:00:00+02:00,0.2822910067132146
2021,CO2/CO/NOx,2021-06-19 04:00:00+02:00,0.2838034127420704
2021,CO2/CO/NOx,2021-06-19 05:00:00+02:00,0.2888496320715893
2021,CO2/CO/NOx,2021-06-19 06:00:00+02:00,0.2967307138370338
2021,CO2/CO/NOx,2021-06-19 07:00:00+02:00,0.30399692258644906
2021,CO2/CO/NOx,2021-06-19 08:00:00+02:00,0.3077319615466247
2021,CO2/CO/NOx,2021-06-19 09:00:00+02:00,0.3103476372913815
2021,CO2/CO/NOx,2021-06-19 10:00:00+02:00,0.313848374116609
2021,CO2/CO/NOx,2021-06-19 11:00:00+02:00,0.31582080122086
2021,CO2/CO/NOx,2021-06-19 12:00:00+02:00,0.319208180438749
2021,CO2/CO/NOx,2021-06-19 13:00:00+02:00,0.3242308289922451
2021,CO2/CO/NOx,2021-06-19 14:00:00+02:00,0.3304741802344823
2021,CO2/CO/NOx,2021-06-19 15:00:00+02:00,0.33422848079394457
2021,CO2/CO/NOx,2021-06-19 16:00:00+02:00,0.33372354837380097
2021,CO2/CO/NOx,2021-06-19 17:00:00+02:00,0.32849936117925843
2021,CO2/CO/NOx,2021-06-19 18:00:00+02:00,0.32484738952020653
2021,CO2/CO/NOx,2021-06-19 19:00:00+02:00,0.31863129682096
2021,CO2/CO/NOx,2021-06-19 20:00:00+02:00,0.3106915587965303
2021,CO2/CO/NOx,2021-06-19 21:00:00+02:00,0.3035203386714704
2021,CO2/CO/NOx,2021-06-19 22:00:00+02:00,0.296911338040282
2021,CO2/CO/NOx,2021-06-19 23:00:00+02:00,0.2927731748588004
2021,CO2/CO/NOx,2021-06-20 00:00:00+02:00,0.2878907567389696
2021,CO2/CO/NOx,2021-06-20 01:00:00+02:00,0.28557808417391145
2021,CO2/CO/NOx,2021-06-20 02:00:00+02:00,0.2854191927746616
2021,CO2/CO/NOx,2021-06-20 03:00:00+02:00,0.2873179392109589
2021,CO2/CO/NOx,2021-06-20 04:00:00+02:00,0.29076381852696337
2021,CO2/CO/NOx,2021-06-20 05:00:00+02:00,0.2956672209428118
2021,CO2/CO/NOx,2021-06-20 06:00:00+02:00,0.3011643591419089
2021,CO2/CO/NOx,2021-06-20 07:00:00+02:00,0.3067262605828877
2021,CO2/CO/NOx,2021-06-20 08:00:00+02:00,0.31203722530348793
2021,CO2/CO/NOx,2021-06-20 09:00:00+02:00,0.313285687695252
2021,CO2/CO/NOx,2021-06-20 10:00:00+02:00,0.31526329858333696
2021,CO2/CO/NOx,2021-06-20 11:00:00+02:00,0.31588971171022817
2021,CO2/CO/NOx,2021-06-20 12:00:00+02:00,0.3162796520249302
2021,CO2/CO/NOx,2021-06-20 13:00:00+02:00,0.3192677580557364
2021,CO2/CO/NOx,2021-06-20 14:00:00+02:00,0.3220345775750691
2021,CO2/CO/NOx,2021-06-20 15:00:00+02:00,0.3259590206316692
2021,CO2/CO/NOx,2021-06-20 16:00:00+02:00,0.32778698493753344
2021,CO2/CO/NOx,2021-06-20 17:00:00+02:00,0.32720900353640037
2021,CO2/CO/NOx,2021-06-20 18:00:00+02:00,0.32578767127120356
2021,CO2/CO/NOx,2021-06-20 19:00:00+02:00,0.3226005073556099
2021,CO2/CO/NOx,2021-06-20 20:00:00+02:00,0.31555982203304417
2021,CO2/CO/NOx,2021-06-20 21:00:00+02:00,0.30713871154920563
2021,CO2/CO/NOx,2021-06-20 22:00:00+02:00,0.29812807264963676
2021,CO2/CO/NOx,2021-06-20 23:00:00+02:00,0.28961354767529146
2021,CO2/CO/NOx,2021-06-21 00:00:00+02:00,0.2808951703022185
2021,CO2/CO/NOx,2021-06-21 01:00:00+02:00,0.27899445266336453
2021,CO2/CO/NOx,2021-06-21 02:00:00+02:00,0.28457059894126846
2021,CO2/CO/NOx,2021-06-21 03:00:00+02:00,0.2968095948683974
2021,CO2/CO/NOx,2021-06-21 04:00:00+02:00,0.30994560018358763
2021,CO2/CO/NOx,2021-06-21 05:00:00+02:00,0.3222365922886674
2021,CO2/CO/NOx,2021-06-21 06:00:00+02:00,0.33217605168636405
2021,CO2/CO/NOx,2021-06-21 07:00:00+02:00,0.33622197687340355
2021,CO2/CO/NOx,2021-06-21 08:00:00+02:00,0.33380953663084423
2021,CO2/CO/NOx,2021-06-21 09:00:00+02:00,0.3249400069335712
2021,CO2/CO/NOx,2021-06-21 10:00:00+02:00,0.31970389147724926
2021,CO2/CO/NOx,2021-06-21 11:00:00+02:00,0.31447910662598194
2021,CO2/CO/NOx,2021-06-21 12:00:00+02:00,0.3103488370126413
2021,CO2/CO/NOx,2021-06-21 13:00:00+02:00,0.30915695711232327
2021,CO2/CO/NOx,2021-06-21 14:00:00+02:00,0.3100548836345571
2021,CO2/CO/NOx,2021-06-21 15:00:00+02:00,0.31219081117520786
2021,CO2/CO/NOx,2021-06-21 16:00:00+02:00,0.31339643839086817
2021,CO2/CO/NOx,2021-06-21 17:00:00+02:00,0.314365486121311
2021,CO2/CO/NOx,2021-06-21 18:00:00+02:00,0.317251190915765
2021,CO2/CO/NOx,2021-06-21 19:00:00+02:00,0.3161099781527837
2021,CO2/CO/NOx,2021-06-21 20:00:00+02:00,0.3125871167780764
2021,CO2/CO/NOx,2021-06-21 21:00:00+02:00,0.3070777348040104
2021,CO2/CO/NOx,2021-06-21 22:00:00+02:00,0.3013671632965356
2021,CO2/CO/NOx,2021-06-21 23:00:00+02:00,0.2963008090197786
2021,CO2/CO/NOx,2021-06-22 00:00:00+02:00,0.28827104356455496
2021,CO2/CO/NOx,2021-06-22 01:00:00+02:00,0.2885302775046402
2021,CO2/CO/NOx,2021-06-22 02:00:00+02:00,0.29663419329825447
2021,CO2/CO/NOx,2021-06-22 03:00:00+02:00,0.30964759238849826
2021,CO2/CO/NOx,2021-06-22 04:00:00+02:00,0.32061618808691766
2021,CO2/CO/NOx,2021-06-22 05:00:00+02:00,0.33235083152795153
2021,CO2/CO/NOx,2021-06-22 06:00:00+02:00,0.34084976395650673
2021,CO2/CO/NOx,2021-06-22 07:00:00+02:00,0.34314306953658796
2021,CO2/CO/NOx,2021-06-22 08:00:00+02:00,0.3410294199472995
2021,CO2/CO/NOx,2021-06-22 09:00:00+02:00,0.3321816950282564
2021,CO2/CO/NOx,2021-06-22 10:00:00+02:00,0.3280050668017261
2021,CO2/CO/NOx,2021-06-22 11:00:00+02:00,0.32474139331201957
2021,CO2/CO/NOx,2021-06-22 12:00:00+02:00,0.32098301900691895
2021,CO2/CO/NOx,2021-06-22 13:00:00+02:00,0.3194731652246733
2021,CO2/CO/NOx,2021-06-22 14:00:00+02:00,0.31983547120534556
2021,CO2/CO/NOx,2021-06-22 15:00:00+02:00,0.31912482728748837
2021,CO2/CO/NOx,2021-06-22 16:00:00+02:00,0.31788784469288
2021,CO2/CO/NOx,2021-06-22 17:00:00+02:00,0.319884474691907
2021,CO2/CO/NOx,2021-06-22 18:00:00+02:00,0.3241214272435783
2021,CO2/CO/NOx,2021-06-22 19:00:00+02:00,0.32332416856219487
2021,CO2/CO/NOx,2021-06-22 20:00:00+02:00,0.31919726009848026
2021,CO2/CO/NOx,2021-06-22 21:00:00+02:00,0.3126656427600917
2021,CO2/CO/NOx,2021-06-22 22:00:00+02:00,0.3044828828331292
2021,CO2/CO/NOx,2021-06-22 23:00:00+02:00,0.29609086957305697
2021,CO2/CO/NOx,2021-06-23 00:00:00+02:00,0.2828086349296586
2021,CO2/CO/NOx,2021-06-23 01:00:00+02:00,0.2799312099883063
2021,CO2/CO/NOx,2021-06-23 02:00:00+02:00,0.2866037595960893
2021,CO2/CO/NOx,2021-06-23 03:00:00+02:00,0.2977880465304939
2021,CO2/CO/NOx,2021-06-23 04:00:00+02:00,0.30801230705585286
2021,CO2/CO/NOx,2021-06-23 05:00:00+02:00,0.3183776821317579
2021,CO2/CO/NOx,2021-06-23 06:00:00+02:00,0.3293582214435555
2021,CO2/CO/NOx,2021-06-23 07:00:00+02:00,0.3352441391335904
2021,CO2/CO/NOx,2021-06-23 08:00:00+02:00,0.33545887444640765
2021,CO2/CO/NOx,2021-06-23 09:00:00+02:00,0.32836951059630626
2021,CO2/CO/NOx,2021-06-23 10:00:00+02:00,0.3259340679301317
2021,CO2/CO/NOx,2021-06-23 11:00:00+02:00,0.32370511053576034
2021,CO2/CO/NOx,2021-06-23 12:00:00+02:00,0.31980915519462505
2021,CO2/CO/NOx,2021-06-23 13:00:00+02:00,0.318343435900167
2021,CO2/CO/NOx,2021-06-23 14:00:00+02:00,0.3180733741109853
2021,CO2/CO/NOx,2021-06-23 15:00:00+02:00,0.3189522955781733
2021,CO2/CO/NOx,2021-06-23 16:00:00+02:00,0.3190897970820203
2021,CO2/CO/NOx,2021-06-23 17:00:00+02:00,0.31698775802117085
2021,CO2/CO/NOx,2021-06-23 18:00:00+02:00,0.32423760848633104
2021,CO2/CO/NOx,2021-06-23 19:00:00+02:00,0.32948821408808154
2021,CO2/CO/NOx,2021-06-23 20:00:00+02:00,0.3351744642357559
2021,CO2/CO/NOx,2021-06-23 21:00:00+02:00,0.33936934099663985
2021,CO2/CO/NOx,2021-06-23 22:00:00+02:00,0.33934190791505553
2021,CO2/CO/NOx,2021-06-23 23:00:00+02:00,0.33453868532923015
2021,CO2/CO/NOx,2021-06-24 00:00:00+02:00,0.32335975000166883
2021,CO2/CO/NOx,2021-06-24 01:00:00+02:00,0.32042666079162113
2021,CO2/CO/NOx,2021-06-24 02:00:00+02:00,0.32271529578423763
2021,CO2/CO/NOx,2021-06-24 03:00:00+02:00,0.3359244992428764
2021,CO2/CO/NOx,2021-06-24 04:00:00+02:00,0.34919696820934976
2021,CO2/CO/NOx,2021-06-24 05:00:00+02:00,0.36156128582539593
2021,CO2/CO/NOx,2021-06-24 06:00:00+02:00,0.37568492122504377
2021,CO2/CO/NOx,2021-06-24 07:00:00+02:00,0.38065269401906693
2021,CO2/CO/NOx,2021-06-24 08:00:00+02:00,0.37670476820659154
2021,CO2/CO/NOx,2021-06-24 09:00:00+02:00,0.36511322059200574
2021,CO2/CO/NOx,2021-06-24 10:00:00+02:00,0.35750877283657495
2021,CO2/CO/NOx,2021-06-24 11:00:00+02:00,0.3494057591983149
2021,CO2/CO/NOx,2021-06-24 12:00:00+02:00,0.3412766411998794
2021,CO2/CO/NOx,2021-06-24 13:00:00+02:00,0.3357518073577421
2021,CO2/CO/NOx,2021-06-24 14:00:00+02:00,0.3286949991994947
2021,CO2/CO/NOx,2021-06-24 15:00:00+02:00,0.3355548829320269
2021,CO2/CO/NOx,2021-06-24 16:00:00+02:00,0.33796335898570595
2021,CO2/CO/NOx,2021-06-24 17:00:00+02:00,0.339161261779802
2021,CO2/CO/NOx,2021-06-24 18:00:00+02:00,0.3460333816808572
2021,CO2/CO/NOx,2021-06-24 19:00:00+02:00,0.34648213426687263
2021,CO2/CO/NOx,2021-06-24 20:00:00+02:00,0.34519317730955795
2021,CO2/CO/NOx,2021-06-24 21:00:00+02:00,0.34601932098363614
2021,CO2/CO/NOx,2021-06-24 22:00:00+02:00,0.3413615921704783
2021,CO2/CO/NOx,2021-06-24 23:00:00+02:00,0.3343923900208662
2021,CO2/CO/NOx,2021-06-25 00:00:00+02:00,0.3281809550044824
2021,CO2/CO/NOx,2021-06-25 01:00:00+02:00,0.3260696817298113
2021,CO2/CO/NOx,2021-06-25 02:00:00+02:00,0.3326820642695165
2021,CO2/CO/NOx,2021-06-25 03:00:00+02:00,0.3478482743118804
2021,CO2/CO/NOx,2021-06-25 04:00:00+02:00,0.3612659354722933
2021,CO2/CO/NOx,2021-06-25 05:00:00+02:00,0.37826614560259164
2021,CO2/CO/NOx,2021-06-25 06:00:00+02:00,0.39397640191567174
2021,CO2/CO/NOx,2021-06-25 07:00:00+02:00,0.3957624478780106
2021,CO2/CO/NOx,2021-06-25 08:00:00+02:00,0.3885683113214122
2021,CO2/CO/NOx,2021-06-25 09:00:00+02:00,0.37220483200263693
2021,CO2/CO/NOx,2021-06-25 10:00:00+02:00,0.36004872590892584
2021,CO2/CO/NOx,2021-06-25 11:00:00+02:00,0.34880552860349084
2021,CO2/CO/NOx,2021-06-25 12:00:00+02:00,0.33833218637680046
2021,CO2/CO/NOx,2021-06-25 13:00:00+02:00,0.3349946806271476
2021,CO2/CO/NOx,2021-06-25 14:00:00+02:00,0.33329097044428674
2021,CO2/CO/NOx,2021-06-25 15:00:00+02:00,0.33605241124734725
2021,CO2/CO/NOx,2021-06-25 16:00:00+02:00,0.34041454508130625
2021,CO2/CO/NOx,2021-06-25 17:00:00+02:00,0.3447486977247604
2021,CO2/CO/NOx,2021-06-25 18:00:00+02:00,0.3531273688284716
2021,CO2/CO/NOx,2021-06-25 19:00:00+02:00,0.3535625296652
2021,CO2/CO/NOx,2021-06-25 20:00:00+02:00,0.3499805428134928
2021,CO2/CO/NOx,2021-06-25 21:00:00+02:00,0.34102815035678696
2021,CO2/CO/NOx,2021-06-25 22:00:00+02:00,0.33003506386853715
2021,CO2/CO/NOx,2021-06-25 23:00:00+02:00,0.3198328251834657
2021,CO2/CO/NOx,2021-06-26 00:00:00+02:00,0.31320754312729954
2021,CO2/CO/NOx,2021-06-26 01:00:00+02:00,0.3158116679718111
2021,CO2/CO/NOx,2021-06-26 02:00:00+02:00,0.33043311596281416
2021,CO2/CO/NOx,2021-06-26 03:00:00+02:00,0.353641440186827
2021,CO2/CO/NOx,2021-06-26 04:00:00+02:00,0.37172434172867047
2021,CO2/CO/NOx,2021-06-26 05:00:00+02:00,0.38801181491977565
2021,CO2/CO/NOx,2021-06-26 06:00:00+02:00,0.3922610491426271
2021,CO2/CO/NOx,2021-06-26 07:00:00+02:00,0.3879856351322548
2021,CO2/CO/NOx,2021-06-26 08:00:00+02:00,0.37466356489961444
2021,CO2/CO/NOx,2021-06-26 09:00:00+02:00,0.35487480247456654
2021,CO2/CO/NOx,2021-06-26 10:00:00+02:00,0.34392675629803293
2021,CO2/CO/NOx,2021-06-26 11:00:00+02:00,0.3405481068835507
2021,CO2/CO/NOx,2021-06-26 12:00:00+02:00,0.3383888778362074
2021,CO2/CO/NOx,2021-06-26 13:00:00+02:00,0.3388165515702836
2021,CO2/CO/NOx,2021-06-26 14:00:00+02:00,0.3404505482000258
2021,CO2/CO/NOx,2021-06-26 15:00:00+02:00,0.3396218879784195
2021,CO2/CO/NOx,2021-06-26 16:00:00+02:00,0.3362644514062666
2021,CO2/CO/NOx,2021-06-26 17:00:00+02:00,0.3318307928571617
2021,CO2/CO/NOx,2021-06-26 18:00:00+02:00,0.33461669238889474
2021,CO2/CO/NOx,2021-06-26 19:00:00+02:00,0.33624663045206654
2021,CO2/CO/NOx,2021-06-26 20:00:00+02:00,0.3326942602565203
2021,CO2/CO/NOx,2021-06-26 21:00:00+02:00,0.3239116737161056
2021,CO2/CO/NOx,2021-06-26 22:00:00+02:00,0.3164883136162633
2021,CO2/CO/NOx,2021-06-26 23:00:00+02:00,0.3052056389276849
2021,CO2/CO/NOx,2021-06-27 00:00:00+02:00,0.2983835001992718
2021,CO2/CO/NOx,2021-06-27 01:00:00+02:00,0.30495280090547916
2021,CO2/CO/NOx,2021-06-27 02:00:00+02:00,0.32281062927863874
2021,CO2/CO/NOx,2021-06-27 03:00:00+02:00,0.34017637953181107
2021,CO2/CO/NOx,2021-06-27 04:00:00+02:00,0.3526488218705108
2021,CO2/CO/NOx,2021-06-27 05:00:00+02:00,0.35969642440722044
2021,CO2/CO/NOx,2021-06-27 06:00:00+02:00,0.359311853000732
2021,CO2/CO/NOx,2021-06-27 07:00:00+02:00,0.3533635566456498
2021,CO2/CO/NOx,2021-06-27 08:00:00+02:00,0.3381565615991918
2021,CO2/CO/NOx,2021-06-27 09:00:00+02:00,0.32543508980385505
2021,CO2/CO/NOx,2021-06-27 10:00:00+02:00,0.32401638291738527
2021,CO2/CO/NOx,2021-06-27 11:00:00+02:00,0.3249981691179274
2021,CO2/CO/NOx,2021-06-27 12:00:00+02:00,0.32345303288146965
2021,CO2/CO/NOx,2021-06-27 13:00:00+02:00,0.32762361719696786
2021,CO2/CO/NOx,2021-06-27 14:00:00+02:00,0.3339327824377693
2021,CO2/CO/NOx,2021-06-27 15:00:00+02:00,0.3371986008036572
2021,CO2/CO/NOx,2021-06-27 16:00:00+02:00,0.3368881642276051
2021,CO2/CO/NOx,2021-06-27 17:00:00+02:00,0.3349627623234024
2021,CO2/CO/NOx,2021-06-27 18:00:00+02:00,0.33233123497127703
2021,CO2/CO/NOx,2021-06-27 19:00:00+02:00,0.32809524781772664
2021,CO2/CO/NOx,2021-06-27 20:00:00+02:00,0.3213995455749532
2021,CO2/CO/NOx,2021-06-27 21:00:00+02:00,0.31234511940225046
2021,CO2/CO/NOx,2021-06-27 22:00:00+02:00,0.3017324157654897
2021,CO2/CO/NOx,2021-06-27 23:00:00+02:00,0.2927257266722088
2021,CO2/CO/NOx,2021-06-28 00:00:00+02:00,0.2783521363600559
2021,CO2/CO/NOx,2021-06-28 01:00:00+02:00,0.27312493768365254
2021,CO2/CO/NOx,2021-06-28 02:00:00+02:00,0.27739048172273967
2021,CO2/CO/NOx,2021-06-28 03:00:00+02:00,0.28540244861935343
2021,CO2/CO/NOx,2021-06-28 04:00:00+02:00,0.29748516445300116
2021,CO2/CO/NOx,2021-06-28 05:00:00+02:00,0.30977254639354257
2021,CO2/CO/NOx,2021-06-28 06:00:00+02:00,0.3207690041049693
2021,CO2/CO/NOx,2021-06-28 07:00:00+02:00,0.3265070491146099
2021,CO2/CO/NOx,2021-06-28 08:00:00+02:00,0.3265069252762389
2021,CO2/CO/NOx,2021-06-28 09:00:00+02:00,0.32043865962779633
2021,CO2/CO/NOx,2021-06-28 10:00:00+02:00,0.31902151290424685
2021,CO2/CO/NOx,2021-06-28 11:00:00+02:00,0.31736271877947764
2021,CO2/CO/NOx,2021-06-28 12:00:00+02:00,0.31355247524161967
2021,CO2/CO/NOx,2021-06-28 13:00:00+02:00,0.3130265877251286
2021,CO2/CO/NOx,2021-06-28 14:00:00+02:00,0.3142624869840472
2021,CO2/CO/NOx,2021-06-28 15:00:00+02:00,0.31644621039029847
2021,CO2/CO/NOx,2021-06-28 16:00:00+02:00,0.31694398307868976
2021,CO2/CO/NOx,2021-06-28 17:00:00+02:00,0.3164531990952087
2021,CO2/CO/NOx,2021-06-28 18:00:00+02:00,0.3184712637579559
2021,CO2/CO/NOx,2021-06-28 19:00:00+02:00,0.3165439984990758
2021,CO2/CO/NOx,2021-06-28 20:00:00+02:00,0.312520741578655
2021,CO2/CO/NOx,2021-06-28 21:00:00+02:00,0.3075058661963215
2021,CO2/CO/NOx,2021-06-28 22:00:00+02:00,0.29966358579671815
2021,CO2/CO/NOx,2021-06-28 23:00:00+02:00,0.29323792440776925
2021,CO2/CO/NOx,2021-06-29 00:00:00+02:00,0.28505706246856616
2021,CO2/CO/NOx,2021-06-29 01:00:00+02:00,0.28199947946970494
2021,CO2/CO/NOx,2021-06-29 02:00:00+02:00,0.2855521532849669
2021,CO2/CO/NOx,2021-06-29 03:00:00+02:00,0.29550505072968586
2021,CO2/CO/NOx,2021-06-29 04:00:00+02:00,0.3058883122707337
2021,CO2/CO/NOx,2021-06-29 05:00:00+02:00,0.31914858093419485
2021,CO2/CO/NOx,2021-06-29 06:00:00+02:00,0.33239405848615194
2021,CO2/CO/NOx,2021-06-29 07:00:00+02:00,0.3375250106814467
2021,CO2/CO/NOx,2021-06-29 08:00:00+02:00,0.3378706185151586
2021,CO2/CO/NOx,2021-06-29 09:00:00+02:00,0.3318303902404947
2021,CO2/CO/NOx,2021-06-29 10:00:00+02:00,0.32668645098528004
2021,CO2/CO/NOx,2021-06-29 11:00:00+02:00,0.321958682632534
2021,CO2/CO/NOx,2021-06-29 12:00:00+02:00,0.31721188232569114
2021,CO2/CO/NOx,2021-06-29 13:00:00+02:00,0.3139187915004011
2021,CO2/CO/NOx,2021-06-29 14:00:00+02:00,0.31763853448804785
2021,CO2/CO/NOx,2021-06-29 15:00:00+02:00,0.3251383699145294
2021,CO2/CO/NOx,2021-06-29 16:00:00+02:00,0.33194433397739526
2021,CO2/CO/NOx,2021-06-29 17:00:00+02:00,0.3478151980598156
2021,CO2/CO/NOx,2021-06-29 18:00:00+02:00,0.37127976553532455
2021,CO2/CO/NOx,2021-06-29 19:00:00+02:00,0.3867518391296926
2021,CO2/CO/NOx,2021-06-29 20:00:00+02:00,0.39299110476507354
2021,CO2/CO/NOx,2021-06-29 21:00:00+02:00,0.3875683745981494
2021,CO2/CO/NOx,2021-06-29 22:00:00+02:00,0.3704329184349063
2021,CO2/CO/NOx,2021-06-29 23:00:00+02:00,0.35220021542183155
2021,CO2/CO/NOx,2021-06-30 00:00:00+02:00,0.32744323490134514
2021,CO2/CO/NOx,2021-06-30 01:00:00+02:00,0.3087876737877899
2021,CO2/CO/NOx,2021-06-30 02:00:00+02:00,0.31519138472968633
2021,CO2/CO/NOx,2021-06-30 03:00:00+02:00,0.34120179771370257
2021,CO2/CO/NOx,2021-06-30 04:00:00+02:00,0.37639838420620464
2021,CO2/CO/NOx,2021-06-30 05:00:00+02:00,0.4138989044353072
2021,CO2/CO/NOx,2021-06-30 06:00:00+02:00,0.44438985623504673
2021,CO2/CO/NOx,2021-06-30 07:00:00+02:00,0.46307997615515994
2021,CO2/CO/NOx,2021-06-30 08:00:00+02:00,0.4643490726676104
2021,CO2/CO/NOx,2021-06-30 09:00:00+02:00,0.4424642727409759
2021,CO2/CO/NOx,2021-06-30 10:00:00+02:00,0.4148134226238819
2021,CO2/CO/NOx,2021-06-30 11:00:00+02:00,0.3972613747037258
2021,CO2/CO/NOx,2021-06-30 12:00:00+02:00,0.392758024918053
2021,CO2/CO/NOx,2021-06-30 13:00:00+02:00,0.3918277575664949
2021,CO2/CO/NOx,2021-06-30 14:00:00+02:00,0.40258706525742993
2021,CO2/CO/NOx,2021-06-30 15:00:00+02:00,0.42388241674972127
2021,CO2/CO/NOx,2021-06-30 16:00:00+02:00,0.44322284916736837
2021,CO2/CO/NOx,2021-06-30 17:00:00+02:00,0.45329327735177954
2021,CO2/CO/NOx,2021-06-30 18:00:00+02:00,0.45603584684822407
2021,CO2/CO/NOx,2021-06-30 19:00:00+02:00,0.4475729937138854
2021,CO2/CO/NOx,2021-06-30 20:00:00+02:00,0.43189012764282925
2021,CO2/CO/NOx,2021-06-30 21:00:00+02:00,0.40642464866701805
2021,CO2/CO/NOx,2021-06-30 22:00:00+02:00,0.37721689194918684
2021,CO2/CO/NOx,2021-06-30 23:00:00+02:00,0.37606025119411063
2021,CO2/CO/NOx,2021-07-01 00:00:00+02:00,0.39012956727782855
2021,CO2/CO/NOx,2021-07-01 01:00:00+02:00,0.41414423862404526
2021,CO2/CO/NOx,2021-07-01 02:00:00+02:00,0.45183926317516176
2021,CO2/CO/NOx,2021-07-01 03:00:00+02:00,0.49867335154452536
2021,CO2/CO/NOx,2021-07-01 04:00:00+02:00,0.5382928082532454
2021,CO2/CO/NOx,2021-07-01 05:00:00+02:00,0.5584455325036553
2021,CO2/CO/NOx,2021-07-01 06:00:00+02:00,0.5655454535678661
2021,CO2/CO/NOx,2021-07-01 07:00:00+02:00,0.5649044591258262
2021,CO2/CO/NOx,2021-07-01 08:00:00+02:00,0.5587489287227468
2021,CO2/CO/NOx,2021-07-01 09:00:00+02:00,0.5421073873426664
2021,CO2/CO/NOx,2021-07-01 10:00:00+02:00,0.5301352090914243
2021,CO2/CO/NOx,2021-07-01 11:00:00+02:00,0.5252076045128247
2021,CO2/CO/NOx,2021-07-01 12:00:00+02:00,0.5284374873605018
2021,CO2/CO/NOx,2021-07-01 13:00:00+02:00,0.5346675616713673
2021,CO2/CO/NOx,2021-07-01 14:00:00+02:00,0.5353024473406542
2021,CO2/CO/NOx,2021-07-01 15:00:00+02:00,0.5373892838447584
2021,CO2/CO/NOx,2021-07-01 16:00:00+02:00,0.5308181733236087
2021,CO2/CO/NOx,2021-07-01 17:00:00+02:00,0.5163974084579431
2021,CO2/CO/NOx,2021-07-01 18:00:00+02:00,0.5014618530615405
2021,CO2/CO/NOx,2021-07-01 19:00:00+02:00,0.48120174240517494
2021,CO2/CO/NOx,2021-07-01 20:00:00+02:00,0.4558350117270606
2021,CO2/CO/NOx,2021-07-01 21:00:00+02:00,0.43146641114291906
2021,CO2/CO/NOx,2021-07-01 22:00:00+02:00,0.4119310308608999
2021,CO2/CO/NOx,2021-07-01 23:00:00+02:00,0.39845419288831524
2021,CO2/CO/NOx,2021-07-02 00:00:00+02:00,0.3848497213269702
2021,CO2/CO/NOx,2021-07-02 01:00:00+02:00,0.3938607723961217
2021,CO2/CO/NOx,2021-07-02 02:00:00+02:00,0.4209408977524328
2021,CO2/CO/NOx,2021-07-02 03:00:00+02:00,0.4531758604053582
2021,CO2/CO/NOx,2021-07-02 04:00:00+02:00,0.4758066034643045
2021,CO2/CO/NOx,2021-07-02 05:00:00+02:00,0.4911905167152914
2021,CO2/CO/NOx,2021-07-02 06:00:00+02:00,0.49990209125469837
2021,CO2/CO/NOx,2021-07-02 07:00:00+02:00,0.49829493904216254
2021,CO2/CO/NOx,2021-07-02 08:00:00+02:00,0.48207888932689946
2021,CO2/CO/NOx,2021-07-02 09:00:00+02:00,0.45090444002771
2021,CO2/CO/NOx,2021-07-02 10:00:00+02:00,0.43172951181733266
2021,CO2/CO/NOx,2021-07-02 11:00:00+02:00,0.41387565067002685
2021,CO2/CO/NOx,2021-07-02 12:00:00+02:00,0.3937501506325205
2021,CO2/CO/NOx,2021-07-02 13:00:00+02:00,0.3788756914934803
2021,CO2/CO/NOx,2021-07-02 14:00:00+02:00,0.3684605185149633
2021,CO2/CO/NOx,2021-07-02 15:00:00+02:00,0.3661798706694219
2021,CO2/CO/NOx,2021-07-02 16:00:00+02:00,0.3670225465820678
2021,CO2/CO/NOx,2021-07-02 17:00:00+02:00,0.3715292254645483
2021,CO2/CO/NOx,2021-07-02 18:00:00+02:00,0.38087815056798335
2021,CO2/CO/NOx,2021-07-02 19:00:00+02:00,0.380798986980273
2021,CO2/CO/NOx,2021-07-02 20:00:00+02:00,0.37419617450732917
2021,CO2/CO/NOx,2021-07-02 21:00:00+02:00,0.36258479660341414
2021,CO2/CO/NOx,2021-07-02 22:00:00+02:00,0.3523738613796821
2021,CO2/CO/NOx,2021-07-02 23:00:00+02:00,0.3395482459921719
2021,CO2/CO/NOx,2021-07-03 00:00:00+02:00,0.3327484409468209
2021,CO2/CO/NOx,2021-07-03 01:00:00+02:00,0.33695159680733655
2021,CO2/CO/NOx,2021-07-03 02:00:00+02:00,0.3587213174016264
2021,CO2/CO/NOx,2021-07-03 03:00:00+02:00,0.3833814551068721
2021,CO2/CO/NOx,2021-07-03 04:00:00+02:00,0.3996830784240534
2021,CO2/CO/NOx,2021-07-03 05:00:00+02:00,0.41058123566809046
2021,CO2/CO/NOx,2021-07-03 06:00:00+02:00,0.4115859237016624
2021,CO2/CO/NOx,2021-07-03 07:00:00+02:00,0.4039648954880096
2021,CO2/CO/NOx,2021-07-03 08:00:00+02:00,0.38669328198141556
2021,CO2/CO/NOx,2021-07-03 09:00:00+02:00,0.3678920875184407
2021,CO2/CO/NOx,2021-07-03 10:00:00+02:00,0.3584633561588972
2021,CO2/CO/NOx,2021-07-03 11:00:00+02:00,0.3569191968316783
2021,CO2/CO/NOx,2021-07-03 12:00:00+02:00,0.3511003253736376
2021,CO2/CO/NOx,2021-07-03 13:00:00+02:00,0.3521570573284615
2021,CO2/CO/NOx,2021-07-03 14:00:00+02:00,0.3500955220434314
2021,CO2/CO/NOx,2021-07-03 15:00:00+02:00,0.34737550854438937
2021,CO2/CO/NOx,2021-07-03 16:00:00+02:00,0.34128206745104667
2021,CO2/CO/NOx,2021-07-03 17:00:00+02:00,0.3349383110140884
2021,CO2/CO/NOx,2021-07-03 18:00:00+02:00,0.33331952376021384
2021,CO2/CO/NOx,2021-07-03 19:00:00+02:00,0.33200611962470633
2021,CO2/CO/NOx,2021-07-03 20:00:00+02:00,0.32643612255483
2021,CO2/CO/NOx,2021-07-03 21:00:00+02:00,0.3171747287577411
2021,CO2/CO/NOx,2021-07-03 22:00:00+02:00,0.3110131571397548
2021,CO2/CO/NOx,2021-07-03 23:00:00+02:00,0.3048313368578143
2021,CO2/CO/NOx,2021-07-04 00:00:00+02:00,0.29923323106967764
2021,CO2/CO/NOx,2021-07-04 01:00:00+02:00,0.30165859425092806
2021,CO2/CO/NOx,2021-07-04 02:00:00+02:00,0.31303786459013233
2021,CO2/CO/NOx,2021-07-04 03:00:00+02:00,0.324917662457429
2021,CO2/CO/NOx,2021-07-04 04:00:00+02:00,0.3298595602653781
2021,CO2/CO/NOx,2021-07-04 05:00:00+02:00,0.3312139583575311
2021,CO2/CO/NOx,2021-07-04 06:00:00+02:00,0.3312074777796958
2021,CO2/CO/NOx,2021-07-04 07:00:00+02:00,0.3297812598929121
2021,CO2/CO/NOx,2021-07-04 08:00:00+02:00,0.3259643027369228
2021,CO2/CO/NOx,2021-07-04 09:00:00+02:00,0.31970536157277984
2021,CO2/CO/NOx,2021-07-04 10:00:00+02:00,0.3201541931391371
2021,CO2/CO/NOx,2021-07-04 11:00:00+02:00,0.3236485251036234
2021,CO2/CO/NOx,2021-07-04 12:00:00+02:00,0.32356946818736737
2021,CO2/CO/NOx,2021-07-04 13:00:00+02:00,0.3233776277785258
2021,CO2/CO/NOx,2021-07-04 14:00:00+02:00,0.322916371262763
2021,CO2/CO/NOx,2021-07-04 15:00:00+02:00,0.32738054744615697
2021,CO2/CO/NOx,2021-07-04 16:00:00+02:00,0.3314953259837378
2021,CO2/CO/NOx,2021-07-04 17:00:00+02:00,0.33449525554671167
2021,CO2/CO/NOx,2021-07-04 18:00:00+02:00,0.3456183447795448
2021,CO2/CO/NOx,2021-07-04 19:00:00+02:00,0.35070764988767866
2021,CO2/CO/NOx,2021-07-04 20:00:00+02:00,0.3517728601854008
2021,CO2/CO/NOx,2021-07-04 21:00:00+02:00,0.35255273915049534
2021,CO2/CO/NOx,2021-07-04 22:00:00+02:00,0.34915217206447785
2021,CO2/CO/NOx,2021-07-04 23:00:00+02:00,0.3421594068189465
2021,CO2/CO/NOx,2021-07-05 00:00:00+02:00,0.33191318137373416
2021,CO2/CO/NOx,2021-07-05 01:00:00+02:00,0.325024809800984
2021,CO2/CO/NOx,2021-07-05 02:00:00+02:00,0.329470976434785
2021,CO2/CO/NOx,2021-07-05 03:00:00+02:00,0.344597131342761
2021,CO2/CO/NOx,2021-07-05 04:00:00+02:00,0.3583462449970505
2021,CO2/CO/NOx,2021-07-05 05:00:00+02:00,0.3721408891156919
2021,CO2/CO/NOx,2021-07-05 06:00:00+02:00,0.3849469972974352
2021,CO2/CO/NOx,2021-07-05 07:00:00+02:00,0.38822701133361714
2021,CO2/CO/NOx,2021-07-05 08:00:00+02:00,0.3812727195223536
2021,CO2/CO/NOx,2021-07-05 09:00:00+02:00,0.36461649331572477
2021,CO2/CO/NOx,2021-07-05 10:00:00+02:00,0.3513510331790089
2021,CO2/CO/NOx,2021-07-05 11:00:00+02:00,0.3422420338205275
2021,CO2/CO/NOx,2021-07-05 12:00:00+02:00,0.33432824202808714
2021,CO2/CO/NOx,2021-07-05 13:00:00+02:00,0.33217149874223695
2021,CO2/CO/NOx,2021-07-05 14:00:00+02:00,0.3314694221004616
2021,CO2/CO/NOx,2021-07-05 15:00:00+02:00,0.33472545664633796
2021,CO2/CO/NOx,2021-07-05 16:00:00+02:00,0.3356835141003305
2021,CO2/CO/NOx,2021-07-05 17:00:00+02:00,0.33530991465240656
2021,CO2/CO/NOx,2021-07-05 18:00:00+02:00,0.34053039729685747
2021,CO2/CO/NOx,2021-07-05 19:00:00+02:00,0.3393255937140063
2021,CO2/CO/NOx,2021-07-05 20:00:00+02:00,0.3334371834807614
2021,CO2/CO/NOx,2021-07-05 21:00:00+02:00,0.32419377785488973
2021,CO2/CO/NOx,2021-07-05 22:00:00+02:00,0.31287432596984044
2021,CO2/CO/NOx,2021-07-05 23:00:00+02:00,0.30082876970655476
2021,CO2/CO/NOx,2021-07-06 00:00:00+02:00,0.28811397536428096
2021,CO2/CO/NOx,2021-07-06 01:00:00+02:00,0.2841711466147143
2021,CO2/CO/NOx,2021-07-06 02:00:00+02:00,0.29421067662883826
2021,CO2/CO/NOx,2021-07-06 03:00:00+02:00,0.310951724001711
2021,CO2/CO/NOx,2021-07-06 04:00:00+02:00,0.3220779011140249
2021,CO2/CO/NOx,2021-07-06 05:00:00+02:00,0.33183019069795383
2021,CO2/CO/NOx,2021-07-06 06:00:00+02:00,0.3392359769719457
2021,CO2/CO/NOx,2021-07-06 07:00:00+02:00,0.3411944454093731
2021,CO2/CO/NOx,2021-07-06 08:00:00+02:00,0.33613385518168853
2021,CO2/CO/NOx,2021-07-06 09:00:00+02:00,0.32520198933872635
2021,CO2/CO/NOx,2021-07-06 10:00:00+02:00,0.32175153300800036
2021,CO2/CO/NOx,2021-07-06 11:00:00+02:00,0.32122434006108236
2021,CO2/CO/NOx,2021-07-06 12:00:00+02:00,0.3174995710501681
2021,CO2/CO/NOx,2021-07-06 13:00:00+02:00,0.31723184946881267
2021,CO2/CO/NOx,2021-07-06 14:00:00+02:00,0.31952931203458074
2021,CO2/CO/NOx,2021-07-06 15:00:00+02:00,0.32273488518592036
2021,CO2/CO/NOx,2021-07-06 16:00:00+02:00,0.3249150971806143
2021,CO2/CO/NOx,2021-07-06 17:00:00+02:00,0.3279981639148675
2021,CO2/CO/NOx,2021-07-06 18:00:00+02:00,0.33182289465726394
2021,CO2/CO/NOx,2021-07-06 19:00:00+02:00,0.3280652747170751
2021,CO2/CO/NOx,2021-07-06 20:00:00+02:00,0.31852062578352813
2021,CO2/CO/NOx,2021-07-06 21:00:00+02:00,0.30656280184943163
2021,CO2/CO/NOx,2021-07-06 22:00:00+02:00,0.2950834817033115
2021,CO2/CO/NOx,2021-07-06 23:00:00+02:00,0.28421417966482626
2021,CO2/CO/NOx,2021-07-07 00:00:00+02:00,0.27073565962139556
2021,CO2/CO/NOx,2021-07-07 01:00:00+02:00,0.26605265589108645
2021,CO2/CO/NOx,2021-07-07 02:00:00+02:00,0.2702559255777643
2021,CO2/CO/NOx,2021-07-07 03:00:00+02:00,0.2803572290444235
2021,CO2/CO/NOx,2021-07-07 04:00:00+02:00,0.2914986048657243
2021,CO2/CO/NOx,2021-07-07 05:00:00+02:00,0.304813504402384
2021,CO2/CO/NOx,2021-07-07 06:00:00+02:00,0.3192047392357266
2021,CO2/CO/NOx,2021-07-07 07:00:00+02:00,0.330380515018105
2021,CO2/CO/NOx,2021-07-07 08:00:00+02:00,0.3355415341192593
2021,CO2/CO/NOx,2021-07-07 09:00:00+02:00,0.33519441640049985
2021,CO2/CO/NOx,2021-07-07 10:00:00+02:00,0.33693332964299566
2021,CO2/CO/NOx,2021-07-07 11:00:00+02:00,0.3362203638678792
2021,CO2/CO/NOx,2021-07-07 12:00:00+02:00,0.33630276876332327
2021,CO2/CO/NOx,2021-07-07 13:00:00+02:00,0.3365755732571186
2021,CO2/CO/NOx,2021-07-07 14:00:00+02:00,0.3360371540086909
2021,CO2/CO/NOx,2021-07-07 15:00:00+02:00,0.3348143340595889
2021,CO2/CO/NOx,2021-07-07 16:00:00+02:00,0.3320461997051328
2021,CO2/CO/NOx,2021-07-07 17:00:00+02:00,0.32783770928134087
2021,CO2/CO/NOx,2021-07-07 18:00:00+02:00,0.3291589807962078
2021,CO2/CO/NOx,2021-07-07 19:00:00+02:00,0.3272304778022073
2021,CO2/CO/NOx,2021-07-07 20:00:00+02:00,0.3239351087436461
2021,CO2/CO/NOx,2021-07-07 21:00:00+02:00,0.31929272494425015
2021,CO2/CO/NOx,2021-07-07 22:00:00+02:00,0.311307837037186
2021,CO2/CO/NOx,2021-07-07 23:00:00+02:00,0.3027780064822633
2021,CO2/CO/NOx,2021-07-08 00:00:00+02:00,0.28986955159098693
2021,CO2/CO/NOx,2021-07-08 01:00:00+02:00,0.286445122266039
2021,CO2/CO/NOx,2021-07-08 02:00:00+02:00,0.2912107303553718
2021,CO2/CO/NOx,2021-07-08 03:00:00+02:00,0.3042356722342858
2021,CO2/CO/NOx,2021-07-08 04:00:00+02:00,0.3182992317391145
2021,CO2/CO/NOx,2021-07-08 05:00:00+02:00,0.33230837978523997
2021,CO2/CO/NOx,2021-07-08 06:00:00+02:00,0.34410622695558635
2021,CO2/CO/NOx,2021-07-08 07:00:00+02:00,0.35026909086112495
2021,CO2/CO/NOx,2021-07-08 08:00:00+02:00,0.34973318055242536
2021,CO2/CO/NOx,2021-07-08 09:00:00+02:00,0.3410229618854221
2021,CO2/CO/NOx,2021-07-08 10:00:00+02:00,0.33725681050354506
2021,CO2/CO/NOx,2021-07-08 11:00:00+02:00,0.33397829891271413
2021,CO2/CO/NOx,2021-07-08 12:00:00+02:00,0.3313288953711742
2021,CO2/CO/NOx,2021-07-08 13:00:00+02:00,0.33116622983730226
2021,CO2/CO/NOx,2021-07-08 14:00:00+02:00,0.331191899073978
2021,CO2/CO/NOx,2021-07-08 15:00:00+02:00,0.3353381321540115
2021,CO2/CO/NOx,2021-07-08 16:00:00+02:00,0.3393108398128573
2021,CO2/CO/NOx,2021-07-08 17:00:00+02:00,0.34283963401195094
2021,CO2/CO/NOx,2021-07-08 18:00:00+02:00,0.35023665619765487
2021,CO2/CO/NOx,2021-07-08 19:00:00+02:00,0.3517894964630702
2021,CO2/CO/NOx,2021-07-08 20:00:00+02:00,0.3463644497944291
2021,CO2/CO/NOx,2021-07-08 21:00:00+02:00,0.3377438912472872
2021,CO2/CO/NOx,2021-07-08 22:00:00+02:00,0.3291930073660666
2021,CO2/CO/NOx,2021-07-08 23:00:00+02:00,0.3219012709762699
2021,CO2/CO/NOx,2021-07-09 00:00:00+02:00,0.31422190647220877
2021,CO2/CO/NOx,2021-07-09 01:00:00+02:00,0.3161266420884609
2021,CO2/CO/NOx,2021-07-09 02:00:00+02:00,0.32249113238709826
2021,CO2/CO/NOx,2021-07-09 03:00:00+02:00,0.34180064491795964
2021,CO2/CO/NOx,2021-07-09 04:00:00+02:00,0.36209096015095904
2021,CO2/CO/NOx,2021-07-09 05:00:00+02:00,0.3824157401455142
2021,CO2/CO/NOx,2021-07-09 06:00:00+02:00,0.4032069791484182
2021,CO2/CO/NOx,2021-07-09 07:00:00+02:00,0.4196319985343916
2021,CO2/CO/NOx,2021-07-09 08:00:00+02:00,0.4289566215072243
2021,CO2/CO/NOx,2021-07-09 09:00:00+02:00,0.4265972573883993
2021,CO2/CO/NOx,2021-07-09 10:00:00+02:00,0.4238606876396879
2021,CO2/CO/NOx,2021-07-09 11:00:00+02:00,0.41217427641245136
2021,CO2/CO/NOx,2021-07-09 12:00:00+02:00,0.40297091740464
2021,CO2/CO/NOx,2021-07-09 13:00:00+02:00,0.3951791247816101
2021,CO2/CO/NOx,2021-07-09 14:00:00+02:00,0.38626288429763006
2021,CO2/CO/NOx,2021-07-09 15:00:00+02:00,0.38183124687706543
2021,CO2/CO/NOx,2021-07-09 16:00:00+02:00,0.37707968304158695
2021,CO2/CO/NOx,2021-07-09 17:00:00+02:00,0.3749836514014229
2021,CO2/CO/NOx,2021-07-09 18:00:00+02:00,0.37940741835630065
2021,CO2/CO/NOx,2021-07-09 19:00:00+02:00,0.3801905210806564
2021,CO2/CO/NOx,2021-07-09 20:00:00+02:00,0.38084440301478306
2021,CO2/CO/NOx,2021-07-09 21:00:00+02:00,0.38429259385996634
2021,CO2/CO/NOx,2021-07-09 22:00:00+02:00,0.3881242797095375
2021,CO2/CO/NOx,2021-07-09 23:00:00+02:00,0.38505229916781725
2021,CO2/CO/NOx,2021-07-10 00:00:00+02:00,0.39953933670801106
2021,CO2/CO/NOx,2021-07-10 01:00:00+02:00,0.4173130985763059
2021,CO2/CO/NOx,2021-07-10 02:00:00+02:00,0.442998752636996
2021,CO2/CO/NOx,2021-07-10 03:00:00+02:00,0.4752812403509421
2021,CO2/CO/NOx,2021-07-10 04:00:00+02:00,0.4869726566651814
2021,CO2/CO/NOx,2021-07-10 05:00:00+02:00,0.4920750867296222
2021,CO2/CO/NOx,2021-07-10 06:00:00+02:00,0.48860129533240887
2021,CO2/CO/NOx,2021-07-10 07:00:00+02:00,0.47001721822237014
2021,CO2/CO/NOx,2021-07-10 08:00:00+02:00,0.4402777508718066
2021,CO2/CO/NOx,2021-07-10 09:00:00+02:00,0.4254021572265276
2021,CO2/CO/NOx,2021-07-10 10:00:00+02:00,0.4089594209597401
2021,CO2/CO/NOx,2021-07-10 11:00:00+02:00,0.40247421058153243
2021,CO2/CO/NOx,2021-07-10 12:00:00+02:00,0.39877690534239746
2021,CO2/CO/NOx,2021-07-10 13:00:00+02:00,0.393076875013072
2021,CO2/CO/NOx,2021-07-10 14:00:00+02:00,0.3895336963392203
2021,CO2/CO/NOx,2021-07-10 15:00:00+02:00,0.38238890849449375
2021,CO2/CO/NOx,2021-07-10 16:00:00+02:00,0.3708780965438633
2021,CO2/CO/NOx,2021-07-10 17:00:00+02:00,0.35919687622317165
2021,CO2/CO/NOx,2021-07-10 18:00:00+02:00,0.35121047071598227
2021,CO2/CO/NOx,2021-07-10 19:00:00+02:00,0.3413904959036627
2021,CO2/CO/NOx,2021-07-10 20:00:00+02:00,0.3323926343577751
2021,CO2/CO/NOx,2021-07-10 21:00:00+02:00,0.3226534177047809
2021,CO2/CO/NOx,2021-07-10 22:00:00+02:00,0.3190166317229107
2021,CO2/CO/NOx,2021-07-10 23:00:00+02:00,0.3151076864822066
2021,CO2/CO/NOx,2021-07-11 00:00:00+02:00,0.30945426767138146
2021,CO2/CO/NOx,2021-07-11 01:00:00+02:00,0.3244282396194342
2021,CO2/CO/NOx,2021-07-11 02:00:00+02:00,0.34633621312800655
2021,CO2/CO/NOx,2021-07-11 03:00:00+02:00,0.3678168073368542
2021,CO2/CO/NOx,2021-07-11 04:00:00+02:00,0.3836071945198972
2021,CO2/CO/NOx,2021-07-11 05:00:00+02:00,0.39263117155483956
2021,CO2/CO/NOx,2021-07-11 06:00:00+02:00,0.3982328891073531
2021,CO2/CO/NOx,2021-07-11 07:00:00+02:00,0.39515687336504074
2021,CO2/CO/NOx,2021-07-11 08:00:00+02:00,0.3832146204842564
2021,CO2/CO/NOx,2021-07-11 09:00:00+02:00,0.36796434778635284
2021,CO2/CO/NOx,2021-07-11 10:00:00+02:00,0.364017719389314
2021,CO2/CO/NOx,2021-07-11 11:00:00+02:00,0.35843289634301606
2021,CO2/CO/NOx,2021-07-11 12:00:00+02:00,0.3492713918186715
2021,CO2/CO/NOx,2021-07-11 13:00:00+02:00,0.34194272706183926
2021,CO2/CO/NOx,2021-07-11 14:00:00+02:00,0.33980113795873723
2021,CO2/CO/NOx,2021-07-11 15:00:00+02:00,0.34449060987908775
2021,CO2/CO/NOx,2021-07-11 16:00:00+02:00,0.34552848378312506
2021,CO2/CO/NOx,2021-07-11 17:00:00+02:00,0.3461756539229202
2021,CO2/CO/NOx,2021-07-11 18:00:00+02:00,0.3537810974295639
2021,CO2/CO/NOx,2021-07-11 19:00:00+02:00,0.3558616795111214
2021,CO2/CO/NOx,2021-07-11 20:00:00+02:00,0.353694454909
2021,CO2/CO/NOx,2021-07-11 21:00:00+02:00,0.34469522424849086
2021,CO2/CO/NOx,2021-07-11 22:00:00+02:00,0.3346711575639409
2021,CO2/CO/NOx,2021-07-11 23:00:00+02:00,0.33636096231259544
2021,CO2/CO/NOx,2021-07-12 00:00:00+02:00,0.33955100736603994
2021,CO2/CO/NOx,2021-07-12 01:00:00+02:00,0.3534768250841454
2021,CO2/CO/NOx,2021-07-12 02:00:00+02:00,0.3873250954750754
2021,CO2/CO/NOx,2021-07-12 03:00:00+02:00,0.4282006027951937
2021,CO2/CO/NOx,2021-07-12 04:00:00+02:00,0.46104884734603513
2021,CO2/CO/NOx,2021-07-12 05:00:00+02:00,0.47252777008849695
2021,CO2/CO/NOx,2021-07-12 06:00:00+02:00,0.472577665276184
2021,CO2/CO/NOx,2021-07-12 07:00:00+02:00,0.4581442319051978
2021,CO2/CO/NOx,2021-07-12 08:00:00+02:00,0.4388571880005999
2021,CO2/CO/NOx,2021-07-12 09:00:00+02:00,0.40636154742947156
2021,CO2/CO/NOx,2021-07-12 10:00:00+02:00,0.3852543746598724
2021,CO2/CO/NOx,2021-07-12 11:00:00+02:00,0.37731328217134924
2021,CO2/CO/NOx,2021-07-12 12:00:00+02:00,0.36513090136102877
2021,CO2/CO/NOx,2021-07-12 13:00:00+02:00,0.35863331635679785
2021,CO2/CO/NOx,2021-07-12 14:00:00+02:00,0.34672413138009034
2021,CO2/CO/NOx,2021-07-12 15:00:00+02:00,0.34435660623416225
2021,CO2/CO/NOx,2021-07-12 16:00:00+02:00,0.34065964053640124
2021,CO2/CO/NOx,2021-07-12 17:00:00+02:00,0.3362461959647128
2021,CO2/CO/NOx,2021-07-12 18:00:00+02:00,0.33421872138312225
2021,CO2/CO/NOx,2021-07-12 19:00:00+02:00,0.3328137495206295
2021,CO2/CO/NOx,2021-07-12 20:00:00+02:00,0.33068354084551815
2021,CO2/CO/NOx,2021-07-12 21:00:00+02:00,0.3203888723796871
2021,CO2/CO/NOx,2021-07-12 22:00:00+02:00,0.3110032213355241
2021,CO2/CO/NOx,2021-07-12 23:00:00+02:00,0.2999307444260055
2021,CO2/CO/NOx,2021-07-13 00:00:00+02:00,0.28793770546828523
2021,CO2/CO/NOx,2021-07-13 01:00:00+02:00,0.28599957089706485
2021,CO2/CO/NOx,2021-07-13 02:00:00+02:00,0.29163325542887103
2021,CO2/CO/NOx,2021-07-13 03:00:00+02:00,0.3050407775610379
2021,CO2/CO/NOx,2021-07-13 04:00:00+02:00,0.31672646178422936
2021,CO2/CO/NOx,2021-07-13 05:00:00+02:00,0.3275104686095996
2021,CO2/CO/NOx,2021-07-13 06:00:00+02:00,0.3349689748600122
2021,CO2/CO/NOx,2021-07-13 07:00:00+02:00,0.3375219351887262
2021,CO2/CO/NOx,2021-07-13 08:00:00+02:00,0.3341408818750478
2021,CO2/CO/NOx,2021-07-13 09:00:00+02:00,0.32498312429366427
2021,CO2/CO/NOx,2021-07-13 10:00:00+02:00,0.32211014340066035
2021,CO2/CO/NOx,2021-07-13 11:00:00+02:00,0.32222486699600267
2021,CO2/CO/NOx,2021-07-13 12:00:00+02:00,0.3250554805674199
2021,CO2/CO/NOx,2021-07-13 13:00:00+02:00,0.3311747009299716
2021,CO2/CO/NOx,2021-07-13 14:00:00+02:00,0.34011892850272235
2021,CO2/CO/NOx,2021-07-13 15:00:00+02:00,0.3514566087715167
2021,CO2/CO/NOx,2021-07-13 16:00:00+02:00,0.3636950803670426
2021,CO2/CO/NOx,2021-07-13 17:00:00+02:00,0.37094382231590795
2021,CO2/CO/NOx,2021-07-13 18:00:00+02:00,0.3806840552324868
2021,CO2/CO/NOx,2021-07-13 19:00:00+02:00,0.38277799935560275
2021,CO2/CO/NOx,2021-07-13 20:00:00+02:00,0.3764096503787562
2021,CO2/CO/NOx,2021-07-13 21:00:00+02:00,0.36095239570406773
2021,CO2/CO/NOx,2021-07-13 22:00:00+02:00,0.3484319662451397
2021,CO2/CO/NOx,2021-07-13 23:00:00+02:00,0.3402568010804941
2021,CO2/CO/NOx,2021-07-14 00:00:00+02:00,0.3330341654647202
2021,CO2/CO/NOx,2021-07-14 01:00:00+02:00,0.3406800322418461
2021,CO2/CO/NOx,2021-07-14 02:00:00+02:00,0.3565965172876291
2021,CO2/CO/NOx,2021-07-14 03:00:00+02:00,0.3822236449104742
2021,CO2/CO/NOx,2021-07-14 04:00:00+02:00,0.4040444497100353
2021,CO2/CO/NOx,2021-07-14 05:00:00+02:00,0.4207421334252425
2021,CO2/CO/NOx,2021-07-14 06:00:00+02:00,0.4302089866750601
2021,CO2/CO/NOx,2021-07-14 07:00:00+02:00,0.43857935992467656
2021,CO2/CO/NOx,2021-07-14 08:00:00+02:00,0.44087209397635435
2021,CO2/CO/NOx,2021-07-14 09:00:00+02:00,0.4317084139543282
2021,CO2/CO/NOx,2021-07-14 10:00:00+02:00,0.4240272537974504
2021,CO2/CO/NOx,2021-07-14 11:00:00+02:00,0.4144825385525687
2021,CO2/CO/NOx,2021-07-14 12:00:00+02:00,0.4081560391073561
2021,CO2/CO/NOx,2021-07-14 13:00:00+02:00,0.4019232407143417
2021,CO2/CO/NOx,2021-07-14 14:00:00+02:00,0.39993248589501484
2021,CO2/CO/NOx,2021-07-14 15:00:00+02:00,0.4013547200034633
2021,CO2/CO/NOx,2021-07-14 16:00:00+02:00,0.40430970955930734
2021,CO2/CO/NOx,2021-07-14 17:00:00+02:00,0.4073912626434085
2021,CO2/CO/NOx,2021-07-14 18:00:00+02:00,0.41376166607967124
2021,CO2/CO/NOx,2021-07-14 19:00:00+02:00,0.41364364975295986
2021,CO2/CO/NOx,2021-07-14 20:00:00+02:00,0.40792802972875597
2021,CO2/CO/NOx,2021-07-14 21:00:00+02:00,0.3965215834081263
2021,CO2/CO/NOx,2021-07-14 22:00:00+02:00,0.3761274381276773
2021,CO2/CO/NOx,2021-07-14 23:00:00+02:00,0.35654102114362174
2021,CO2/CO/NOx,2021-07-15 00:00:00+02:00,0.33434066791654826
2021,CO2/CO/NOx,2021-07-15 01:00:00+02:00,0.324845235091183
2021,CO2/CO/NOx,2021-07-15 02:00:00+02:00,0.3297081722551527
2021,CO2/CO/NOx,2021-07-15 03:00:00+02:00,0.3467665039433937
2021,CO2/CO/NOx,2021-07-15 04:00:00+02:00,0.3655664213627837
2021,CO2/CO/NOx,2021-07-15 05:00:00+02:00,0.38296425535463524
2021,CO2/CO/NOx,2021-07-15 06:00:00+02:00,0.39926446556305817
2021,CO2/CO/NOx,2021-07-15 07:00:00+02:00,0.40629132770389564
2021,CO2/CO/NOx,2021-07-15 08:00:00+02:00,0.40676778987126644
2021,CO2/CO/NOx,2021-07-15 09:00:00+02:00,0.39851286170890343
2021,CO2/CO/NOx,2021-07-15 10:00:00+02:00,0.3938785200826656
2021,CO2/CO/NOx,2021-07-15 11:00:00+02:00,0.38675351042510814
2021,CO2/CO/NOx,2021-07-15 12:00:00+02:00,0.3761887242188469
2021,CO2/CO/NOx,2021-07-15 13:00:00+02:00,0.3698631415979858
2021,CO2/CO/NOx,2021-07-15 14:00:00+02:00,0.36494972720907376
2021,CO2/CO/NOx,2021-07-15 15:00:00+02:00,0.36825106496029303
2021,CO2/CO/NOx,2021-07-15 16:00:00+02:00,0.36787981303309986
2021,CO2/CO/NOx,2021-07-15 17:00:00+02:00,0.3655315175168466
2021,CO2/CO/NOx,2021-07-15 18:00:00+02:00,0.36607367775545013
2021,CO2/CO/NOx,2021-07-15 19:00:00+02:00,0.3651243514910374
2021,CO2/CO/NOx,2021-07-15 20:00:00+02:00,0.3638669247273001
2021,CO2/CO/NOx,2021-07-15 21:00:00+02:00,0.3593797517159886
2021,CO2/CO/NOx,2021-07-15 22:00:00+02:00,0.3537316237287318
2021,CO2/CO/NOx,2021-07-15 23:00:00+02:00,0.34798848500811935
2021,CO2/CO/NOx,2021-07-16 00:00:00+02:00,0.33844375827283907
2021,CO2/CO/NOx,2021-07-16 01:00:00+02:00,0.33562573404003754
2021,CO2/CO/NOx,2021-07-16 02:00:00+02:00,0.3373880621708401
2021,CO2/CO/NOx,2021-07-16 03:00:00+02:00,0.35076812030596755
2021,CO2/CO/NOx,2021-07-16 04:00:00+02:00,0.3655391028312662
2021,CO2/CO/NOx,2021-07-16 05:00:00+02:00,0.3805408246696368
2021,CO2/CO/NOx,2021-07-16 06:00:00+02:00,0.3946764280896523
2021,CO2/CO/NOx,2021-07-16 07:00:00+02:00,0.4023414971291791
2021,CO2/CO/NOx,2021-07-16 08:00:00+02:00,0.4015278866224254
2021,CO2/CO/NOx,2021-07-16 09:00:00+02:00,0.3907229558940737
2021,CO2/CO/NOx,2021-07-16 10:00:00+02:00,0.38214984670984176
2021,CO2/CO/NOx,2021-07-16 11:00:00+02:00,0.370327350687561
2021,CO2/CO/NOx,2021-07-16 12:00:00+02:00,0.35926124936309556
2021,CO2/CO/NOx,2021-07-16 13:00:00+02:00,0.3481464219943626
2021,CO2/CO/NOx,2021-07-16 14:00:00+02:00,0.3396387097707693
2021,CO2/CO/NOx,2021-07-16 15:00:00+02:00,0.3373261118608867
2021,CO2/CO/NOx,2021-07-16 16:00:00+02:00,0.33731101248618567
2021,CO2/CO/NOx,2021-07-16 17:00:00+02:00,0.33579005034184706
2021,CO2/CO/NOx,2021-07-16 18:00:00+02:00,0.341296587787749
2021,CO2/CO/NOx,2021-07-16 19:00:00+02:00,0.34117604266264057
2021,CO2/CO/NOx,2021-07-16 20:00:00+02:00,0.3385361366438965
2021,CO2/CO/NOx,2021-07-16 21:00:00+02:00,0.3330969559464505
2021,CO2/CO/NOx,2021-07-16 22:00:00+02:00,0.32622137645421106
2021,CO2/CO/NOx,2021-07-16 23:00:00+02:00,0.3185223581983741
2021,CO2/CO/NOx,2021-07-17 00:00:00+02:00,0.30904229470998346
2021,CO2/CO/NOx,2021-07-17 01:00:00+02:00,0.3051286086136131
2021,CO2/CO/NOx,2021-07-17 02:00:00+02:00,0.3054716072301486
2021,CO2/CO/NOx,2021-07-17 03:00:00+02:00,0.3125357894208372
2021,CO2/CO/NOx,2021-07-17 04:00:00+02:00,0.31581459371237275
2021,CO2/CO/NOx,2021-07-17 05:00:00+02:00,0.3185403325138874
2021,CO2/CO/NOx,2021-07-17 06:00:00+02:00,0.321861962502925
2021,CO2/CO/NOx,2021-07-17 07:00:00+02:00,0.3249760486442013
2021,CO2/CO/NOx,2021-07-17 08:00:00+02:00,0.32606532634707
2021,CO2/CO/NOx,2021-07-17 09:00:00+02:00,0.32439697439463094
2021,CO2/CO/NOx,2021-07-17 10:00:00+02:00,0.3263596305709858
2021,CO2/CO/NOx,2021-07-17 11:00:00+02:00,0.32872151636944513
2021,CO2/CO/NOx,2021-07-17 12:00:00+02:00,0.32825068780100247
2021,CO2/CO/NOx,2021-07-17 13:00:00+02:00,0.32737635815433197
2021,CO2/CO/NOx,2021-07-17 14:00:00+02:00,0.32522197861649865
2021,CO2/CO/NOx,2021-07-17 15:00:00+02:00,0.32636148064205117
2021,CO2/CO/NOx,2021-07-17 16:00:00+02:00,0.3277668352114201
2021,CO2/CO/NOx,2021-07-17 17:00:00+02:00,0.3280895086867161
2021,CO2/CO/NOx,2021-07-17 18:00:00+02:00,0.3301736182768694
2021,CO2/CO/NOx,2021-07-17 19:00:00+02:00,0.32976292122282486
2021,CO2/CO/NOx,2021-07-17 20:00:00+02:00,0.3259869777062295
2021,CO2/CO/NOx,2021-07-17 21:00:00+02:00,0.32078425398894833
2021,CO2/CO/NOx,2021-07-17 22:00:00+02:00,0.315678643373788
2021,CO2/CO/NOx,2021-07-17 23:00:00+02:00,0.30851657943764926
2021,CO2/CO/NOx,2021-07-18 00:00:00+02:00,0.30165013710209493
2021,CO2/CO/NOx,2021-07-18 01:00:00+02:00,0.29817432229721497
2021,CO2/CO/NOx,2021-07-18 02:00:00+02:00,0.29738389015031125
2021,CO2/CO/NOx,2021-07-18 03:00:00+02:00,0.3020701900514946
2021,CO2/CO/NOx,2021-07-18 04:00:00+02:00,0.30712643232133824
2021,CO2/CO/NOx,2021-07-18 05:00:00+02:00,0.3135990501824699
2021,CO2/CO/NOx,2021-07-18 06:00:00+02:00,0.3217965080461708
2021,CO2/CO/NOx,2021-07-18 07:00:00+02:00,0.329001903834425
2021,CO2/CO/NOx,2021-07-18 08:00:00+02:00,0.33200949283339265
2021,CO2/CO/NOx,2021-07-18 09:00:00+02:00,0.3328822570850855
2021,CO2/CO/NOx,2021-07-18 10:00:00+02:00,0.33396175262114897
2021,CO2/CO/NOx,2021-07-18 11:00:00+02:00,0.3317212307288408
2021,CO2/CO/NOx,2021-07-18 12:00:00+02:00,0.32892565915102856
2021,CO2/CO/NOx,2021-07-18 13:00:00+02:00,0.3259864775659917
2021,CO2/CO/NOx,2021-07-18 14:00:00+02:00,0.32385352980808163
2021,CO2/CO/NOx,2021-07-18 15:00:00+02:00,0.32229602651573774
2021,CO2/CO/NOx,2021-07-18 16:00:00+02:00,0.3211098989409639
2021,CO2/CO/NOx,2021-07-18 17:00:00+02:00,0.32053110268714147
2021,CO2/CO/NOx,2021-07-18 18:00:00+02:00,0.32319545913909004
2021,CO2/CO/NOx,2021-07-18 19:00:00+02:00,0.32535237945915757
2021,CO2/CO/NOx,2021-07-18 20:00:00+02:00,0.32378957006443926
2021,CO2/CO/NOx,2021-07-18 21:00:00+02:00,0.31996335422971356
2021,CO2/CO/NOx,2021-07-18 22:00:00+02:00,0.31279690157612944
2021,CO2/CO/NOx,2021-07-18 23:00:00+02:00,0.3047483655910564
2021,CO2/CO/NOx,2021-07-19 00:00:00+02:00,0.2921943477234049
2021,CO2/CO/NOx,2021-07-19 01:00:00+02:00,0.28957942027662414
2021,CO2/CO/NOx,2021-07-19 02:00:00+02:00,0.29430776065475944
2021,CO2/CO/NOx,2021-07-19 03:00:00+02:00,0.3058896022133879
2021,CO2/CO/NOx,2021-07-19 04:00:00+02:00,0.3202940111012383
2021,CO2/CO/NOx,2021-07-19 05:00:00+02:00,0.3328209189357265
2021,CO2/CO/NOx,2021-07-19 06:00:00+02:00,0.3433557708278434
2021,CO2/CO/NOx,2021-07-19 07:00:00+02:00,0.3463285419556327
2021,CO2/CO/NOx,2021-07-19 08:00:00+02:00,0.34276629101753975
2021,CO2/CO/NOx,2021-07-19 09:00:00+02:00,0.3316829417186736
2021,CO2/CO/NOx,2021-07-19 10:00:00+02:00,0.32761148528466527
2021,CO2/CO/NOx,2021-07-19 11:00:00+02:00,0.3242911479587306
2021,CO2/CO/NOx,2021-07-19 12:00:00+02:00,0.32305868042257446
2021,CO2/CO/NOx,2021-07-19 13:00:00+02:00,0.3251667094608035
2021,CO2/CO/NOx,2021-07-19 14:00:00+02:00,0.32847136302818675
2021,CO2/CO/NOx,2021-07-19 15:00:00+02:00,0.33274504549606326
2021,CO2/CO/NOx,2021-07-19 16:00:00+02:00,0.33373367288352346
2021,CO2/CO/NOx,2021-07-19 17:00:00+02:00,0.3332135126567976
2021,CO2/CO/NOx,2021-07-19 18:00:00+02:00,0.334881584424512
2021,CO2/CO/NOx,2021-07-19 19:00:00+02:00,0.33169986083976294
2021,CO2/CO/NOx,2021-07-19 20:00:00+02:00,0.3255246707925766
2021,CO2/CO/NOx,2021-07-19 21:00:00+02:00,0.3154981053002122
2021,CO2/CO/NOx,2021-07-19 22:00:00+02:00,0.30420192989869277
2021,CO2/CO/NOx,2021-07-19 23:00:00+02:00,0.2923772558509523
2021,CO2/CO/NOx,2021-07-20 00:00:00+02:00,0.27717673462408793
2021,CO2/CO/NOx,2021-07-20 01:00:00+02:00,0.2709283045589346
2021,CO2/CO/NOx,2021-07-20 02:00:00+02:00,0.27956510560535275
2021,CO2/CO/NOx,2021-07-20 03:00:00+02:00,0.29695547856712373
2021,CO2/CO/NOx,2021-07-20 04:00:00+02:00,0.3152614798485701
2021,CO2/CO/NOx,2021-07-20 05:00:00+02:00,0.33460914026968025
2021,CO2/CO/NOx,2021-07-20 06:00:00+02:00,0.3494023568828741
2021,CO2/CO/NOx,2021-07-20 07:00:00+02:00,0.35667314365522756
2021,CO2/CO/NOx,2021-07-20 08:00:00+02:00,0.35335641268575346
2021,CO2/CO/NOx,2021-07-20 09:00:00+02:00,0.33956930835571486
2021,CO2/CO/NOx,2021-07-20 10:00:00+02:00,0.33080694444411674
2021,CO2/CO/NOx,2021-07-20 11:00:00+02:00,0.3259230166798561
2021,CO2/CO/NOx,2021-07-20 12:00:00+02:00,0.32157916980637163
2021,CO2/CO/NOx,2021-07-20 13:00:00+02:00,0.3218863450509332
2021,CO2/CO/NOx,2021-07-20 14:00:00+02:00,0.3253437675754977
2021,CO2/CO/NOx,2021-07-20 15:00:00+02:00,0.33086807323948436
2021,CO2/CO/NOx,2021-07-20 16:00:00+02:00,0.33295231032323824
2021,CO2/CO/NOx,2021-07-20 17:00:00+02:00,0.3325431437920165
2021,CO2/CO/NOx,2021-07-20 18:00:00+02:00,0.3340994239026621
2021,CO2/CO/NOx,2021-07-20 19:00:00+02:00,0.3316743866996261
2021,CO2/CO/NOx,2021-07-20 20:00:00+02:00,0.32209788960605445
2021,CO2/CO/NOx,2021-07-20 21:00:00+02:00,0.3120895899524604
2021,CO2/CO/NOx,2021-07-20 22:00:00+02:00,0.3073508599216281
2021,CO2/CO/NOx,2021-07-20 23:00:00+02:00,0.30429064986278503
2021,CO2/CO/NOx,2021-07-21 00:00:00+02:00,0.30465079958586927
2021,CO2/CO/NOx,2021-07-21 01:00:00+02:00,0.32078487297149577
2021,CO2/CO/NOx,2021-07-21 02:00:00+02:00,0.3460846978378077
2021,CO2/CO/NOx,2021-07-21 03:00:00+02:00,0.3742295146037744
2021,CO2/CO/NOx,2021-07-21 04:00:00+02:00,0.3893792088417029
2021,CO2/CO/NOx,2021-07-21 05:00:00+02:00,0.3959749356023748
2021,CO2/CO/NOx,2021-07-21 06:00:00+02:00,0.3968046151037857
2021,CO2/CO/NOx,2021-07-21 07:00:00+02:00,0.38557509148420754
2021,CO2/CO/NOx,2021-07-21 08:00:00+02:00,0.36576757166960705
2021,CO2/CO/NOx,2021-07-21 09:00:00+02:00,0.3484558833918425
2021,CO2/CO/NOx,2021-07-21 10:00:00+02:00,0.3469479625187734
2021,CO2/CO/NOx,2021-07-21 11:00:00+02:00,0.34778041107859725
2021,CO2/CO/NOx,2021-07-21 12:00:00+02:00,0.3463024850996778
2021,CO2/CO/NOx,2021-07-21 13:00:00+02:00,0.34240740041805434
2021,CO2/CO/NOx,2021-07-21 14:00:00+02:00,0.34034442090369277
2021,CO2/CO/NOx,2021-07-21 15:00:00+02:00,0.3392284817714676
2021,CO2/CO/NOx,2021-07-21 16:00:00+02:00,0.33070139724172765
2021,CO2/CO/NOx,2021-07-21 17:00:00+02:00,0.32573267126285244
2021,CO2/CO/NOx,2021-07-21 18:00:00+02:00,0.32818407323759774
2021,CO2/CO/NOx,2021-07-21 19:00:00+02:00,0.32825330264139935
2021,CO2/CO/NOx,2021-07-21 20:00:00+02:00,0.3238273185410336
2021,CO2/CO/NOx,2021-07-21 21:00:00+02:00,0.3163795348198891
2021,CO2/CO/NOx,2021-07-21 22:00:00+02:00,0.30597191457012535
2021,CO2/CO/NOx,2021-07-21 23:00:00+02:00,0.2986641860957109
2021,CO2/CO/NOx,2021-07-22 00:00:00+02:00,0.2931900014138584
2021,CO2/CO/NOx,2021-07-22 01:00:00+02:00,0.2996990817526826
2021,CO2/CO/NOx,2021-07-22 02:00:00+02:00,0.3180360014535319
2021,CO2/CO/NOx,2021-07-22 03:00:00+02:00,0.3419787165325518
2021,CO2/CO/NOx,2021-07-22 04:00:00+02:00,0.35961906430627183
2021,CO2/CO/NOx,2021-07-22 05:00:00+02:00,0.3712039267999779
2021,CO2/CO/NOx,2021-07-22 06:00:00+02:00,0.37494840786780864
2021,CO2/CO/NOx,2021-07-22 07:00:00+02:00,0.36733150193343844
2021,CO2/CO/NOx,2021-07-22 08:00:00+02:00,0.35360608498976664
2021,CO2/CO/NOx,2021-07-22 09:00:00+02:00,0.33392298573957885
2021,CO2/CO/NOx,2021-07-22 10:00:00+02:00,0.3285312749339813
2021,CO2/CO/NOx,2021-07-22 11:00:00+02:00,0.3276422259650392
2021,CO2/CO/NOx,2021-07-22 12:00:00+02:00,0.32983066568149827
2021,CO2/CO/NOx,2021-07-22 13:00:00+02:00,0.3324954260386468
2021,CO2/CO/NOx,2021-07-22 14:00:00+02:00,0.3364991729972927
2021,CO2/CO/NOx,2021-07-22 15:00:00+02:00,0.33904653982997685
2021,CO2/CO/NOx,2021-07-22 16:00:00+02:00,0.33800207272433774
2021,CO2/CO/NOx,2021-07-22 17:00:00+02:00,0.33251349418672294
2021,CO2/CO/NOx,2021-07-22 18:00:00+02:00,0.33026871343578323
2021,CO2/CO/NOx,2021-07-22 19:00:00+02:00,0.3290705920462979
2021,CO2/CO/NOx,2021-07-22 20:00:00+02:00,0.3220594865875855
2021,CO2/CO/NOx,2021-07-22 21:00:00+02:00,0.31190425174235975
2021,CO2/CO/NOx,2021-07-22 22:00:00+02:00,0.29880865560608727
2021,CO2/CO/NOx,2021-07-22 23:00:00+02:00,0.2883242731483373
2021,CO2/CO/NOx,2021-07-23 00:00:00+02:00,0.2745930235565067
2021,CO2/CO/NOx,2021-07-23 01:00:00+02:00,0.2726916359984694
2021,CO2/CO/NOx,2021-07-23 02:00:00+02:00,0.2786954157391319
2021,CO2/CO/NOx,2021-07-23 03:00:00+02:00,0.29034721834962574
2021,CO2/CO/NOx,2021-07-23 04:00:00+02:00,0.30293789039271246
2021,CO2/CO/NOx,2021-07-23 05:00:00+02:00,0.3144487217272575
2021,CO2/CO/NOx,2021-07-23 06:00:00+02:00,0.3249451043373019
2021,CO2/CO/NOx,2021-07-23 07:00:00+02:00,0.33078354516872616
2021,CO2/CO/NOx,2021-07-23 08:00:00+02:00,0.33026526222429003
2021,CO2/CO/NOx,2021-07-23 09:00:00+02:00,0.32248541174669026
2021,CO2/CO/NOx,2021-07-23 10:00:00+02:00,0.32186326193361275
2021,CO2/CO/NOx,2021-07-23 11:00:00+02:00,0.3197226006377032
2021,CO2/CO/NOx,2021-07-23 12:00:00+02:00,0.3148319809667313
2021,CO2/CO/NOx,2021-07-23 13:00:00+02:00,0.3133073004030344
2021,CO2/CO/NOx,2021-07-23 14:00:00+02:00,0.31299285865009785
2021,CO2/CO/NOx,2021-07-23 15:00:00+02:00,0.3150037482913959
2021,CO2/CO/NOx,2021-07-23 16:00:00+02:00,0.3160571746693191
2021,CO2/CO/NOx,2021-07-23 17:00:00+02:00,0.3171341532302969
2021,CO2/CO/NOx,2021-07-23 18:00:00+02:00,0.32062608646784096
2021,CO2/CO/NOx,2021-07-23 19:00:00+02:00,0.3189744762786573
2021,CO2/CO/NOx,2021-07-23 20:00:00+02:00,0.31561039262057083
2021,CO2/CO/NOx,2021-07-23 21:00:00+02:00,0.309870974435449
2021,CO2/CO/NOx,2021-07-23 22:00:00+02:00,0.30458345729304437
2021,CO2/CO/NOx,2021-07-23 23:00:00+02:00,0.29842236374625325
2021,CO2/CO/NOx,2021-07-24 00:00:00+02:00,0.2911126497811795
2021,CO2/CO/NOx,2021-07-24 01:00:00+02:00,0.28894979020714767
2021,CO2/CO/NOx,2021-07-24 02:00:00+02:00,0.2934597967547048
2021,CO2/CO/NOx,2021-07-24 03:00:00+02:00,0.300240386388092
2021,CO2/CO/NOx,2021-07-24 04:00:00+02:00,0.30844411293293406
2021,CO2/CO/NOx,2021-07-24 05:00:00+02:00,0.317276675455517
2021,CO2/CO/NOx,2021-07-24 06:00:00+02:00,0.32341468966919257
2021,CO2/CO/NOx,2021-07-24 07:00:00+02:00,0.32653651862572514
2021,CO2/CO/NOx,2021-07-24 08:00:00+02:00,0.3247675333014253
2021,CO2/CO/NOx,2021-07-24 09:00:00+02:00,0.31936166989003323
2021,CO2/CO/NOx,2021-07-24 10:00:00+02:00,0.3161890735108933
2021,CO2/CO/NOx,2021-07-24 11:00:00+02:00,0.3146127174158213
2021,CO2/CO/NOx,2021-07-24 12:00:00+02:00,0.3137838287406936
2021,CO2/CO/NOx,2021-07-24 13:00:00+02:00,0.32051468306435776
2021,CO2/CO/NOx,2021-07-24 14:00:00+02:00,0.32661436702484503
2021,CO2/CO/NOx,2021-07-24 15:00:00+02:00,0.33077800477989
2021,CO2/CO/NOx,2021-07-24 16:00:00+02:00,0.3323087346429259
2021,CO2/CO/NOx,2021-07-24 17:00:00+02:00,0.3313365068385782
2021,CO2/CO/NOx,2021-07-24 18:00:00+02:00,0.33313823977848883
2021,CO2/CO/NOx,2021-07-24 19:00:00+02:00,0.32980676721695296
2021,CO2/CO/NOx,2021-07-24 20:00:00+02:00,0.32409213971669243
2021,CO2/CO/NOx,2021-07-24 21:00:00+02:00,0.3192446473464159
2021,CO2/CO/NOx,2021-07-24 22:00:00+02:00,0.31259524772234204
2021,CO2/CO/NOx,2021-07-24 23:00:00+02:00,0.3050147078640053
2021,CO2/CO/NOx,2021-07-25 00:00:00+02:00,0.295945710197044
2021,CO2/CO/NOx,2021-07-25 01:00:00+02:00,0.29156044938296094
2021,CO2/CO/NOx,2021-07-25 02:00:00+02:00,0.2902520841511677
2021,CO2/CO/NOx,2021-07-25 03:00:00+02:00,0.2949794391454323
2021,CO2/CO/NOx,2021-07-25 04:00:00+02:00,0.3000293306197144
2021,CO2/CO/NOx,2021-07-25 05:00:00+02:00,0.3082412245181172
2021,CO2/CO/NOx,2021-07-25 06:00:00+02:00,0.3183569122825286
2021,CO2/CO/NOx,2021-07-25 07:00:00+02:00,0.32425905030087904
2021,CO2/CO/NOx,2021-07-25 08:00:00+02:00,0.32706504013707866
2021,CO2/CO/NOx,2021-07-25 09:00:00+02:00,0.32587614391764314
2021,CO2/CO/NOx,2021-07-25 10:00:00+02:00,0.3262653639282947
2021,CO2/CO/NOx,2021-07-25 11:00:00+02:00,0.3249243735357378
2021,CO2/CO/NOx,2021-07-25 12:00:00+02:00,0.3235389855819417
2021,CO2/CO/NOx,2021-07-25 13:00:00+02:00,0.32391971096948163
2021,CO2/CO/NOx,2021-07-25 14:00:00+02:00,0.3259489638164776
2021,CO2/CO/NOx,2021-07-25 15:00:00+02:00,0.32820713970562676
2021,CO2/CO/NOx,2021-07-25 16:00:00+02:00,0.329464972738966
2021,CO2/CO/NOx,2021-07-25 17:00:00+02:00,0.33060433739363004
2021,CO2/CO/NOx,2021-07-25 18:00:00+02:00,0.33177410477948216
2021,CO2/CO/NOx,2021-07-25 19:00:00+02:00,0.33022870072925486
2021,CO2/CO/NOx,2021-07-25 20:00:00+02:00,0.3249091750040092
2021,CO2/CO/NOx,2021-07-25 21:00:00+02:00,0.31638421593592797
2021,CO2/CO/NOx,2021-07-25 22:00:00+02:00,0.30625630320744573
2021,CO2/CO/NOx,2021-07-25 23:00:00+02:00,0.29572107378600593
2021,CO2/CO/NOx,2021-07-26 00:00:00+02:00,0.28177400566800803
2021,CO2/CO/NOx,2021-07-26 01:00:00+02:00,0.2764325917282197
2021,CO2/CO/NOx,2021-07-26 02:00:00+02:00,0.2792003854945438
2021,CO2/CO/NOx,2021-07-26 03:00:00+02:00,0.28951070743881013
2021,CO2/CO/NOx,2021-07-26 04:00:00+02:00,0.30185272134708885
2021,CO2/CO/NOx,2021-07-26 05:00:00+02:00,0.31452755840192936
2021,CO2/CO/NOx,2021-07-26 06:00:00+02:00,0.3272662067571786
2021,CO2/CO/NOx,2021-07-26 07:00:00+02:00,0.33501964682868535
2021,CO2/CO/NOx,2021-07-26 08:00:00+02:00,0.3362153671892369
2021,CO2/CO/NOx,2021-07-26 09:00:00+02:00,0.3300023517010631
2021,CO2/CO/NOx,2021-07-26 10:00:00+02:00,0.3261626289644991
2021,CO2/CO/NOx,2021-07-26 11:00:00+02:00,0.3216548386804849
2021,CO2/CO/NOx,2021-07-26 12:00:00+02:00,0.3188094935137751
2021,CO2/CO/NOx,2021-07-26 13:00:00+02:00,0.3172665094772042
2021,CO2/CO/NOx,2021-07-26 14:00:00+02:00,0.31680546202214765
2021,CO2/CO/NOx,2021-07-26 15:00:00+02:00,0.3178368430645444
2021,CO2/CO/NOx,2021-07-26 16:00:00+02:00,0.31808697467088193
2021,CO2/CO/NOx,2021-07-26 17:00:00+02:00,0.3203738404564583
2021,CO2/CO/NOx,2021-07-26 18:00:00+02:00,0.3263882407464361
2021,CO2/CO/NOx,2021-07-26 19:00:00+02:00,0.32714934019029285
2021,CO2/CO/NOx,2021-07-26 20:00:00+02:00,0.3236462644285125
2021,CO2/CO/NOx,2021-07-26 21:00:00+02:00,0.3171609905438634
2021,CO2/CO/NOx,2021-07-26 22:00:00+02:00,0.30798506114666974
2021,CO2/CO/NOx,2021-07-26 23:00:00+02:00,0.29687737258123525
2021,CO2/CO/NOx,2021-07-27 00:00:00+02:00,0.28225003754923506
2021,CO2/CO/NOx,2021-07-27 01:00:00+02:00,0.2781210246913426
2021,CO2/CO/NOx,2021-07-27 02:00:00+02:00,0.2844951441137834
2021,CO2/CO/NOx,2021-07-27 03:00:00+02:00,0.2987406837695138
2021,CO2/CO/NOx,2021-07-27 04:00:00+02:00,0.312103824399229
2021,CO2/CO/NOx,2021-07-27 05:00:00+02:00,0.32622347454768946
2021,CO2/CO/NOx,2021-07-27 06:00:00+02:00,0.33934953356972103
2021,CO2/CO/NOx,2021-07-27 07:00:00+02:00,0.3453243253581001
2021,CO2/CO/NOx,2021-07-27 08:00:00+02:00,0.34331047807990306
2021,CO2/CO/NOx,2021-07-27 09:00:00+02:00,0.33405844227902237
2021,CO2/CO/NOx,2021-07-27 10:00:00+02:00,0.32803977781728777
2021,CO2/CO/NOx,2021-07-27 11:00:00+02:00,0.3234415073836397
2021,CO2/CO/NOx,2021-07-27 12:00:00+02:00,0.32002587894013895
2021,CO2/CO/NOx,2021-07-27 13:00:00+02:00,0.32008952609154034
2021,CO2/CO/NOx,2021-07-27 14:00:00+02:00,0.32340239985712665
2021,CO2/CO/NOx,2021-07-27 15:00:00+02:00,0.3276334078278756
2021,CO2/CO/NOx,2021-07-27 16:00:00+02:00,0.329955778968081
2021,CO2/CO/NOx,2021-07-27 17:00:00+02:00,0.33152340181665896
2021,CO2/CO/NOx,2021-07-27 18:00:00+02:00,0.3345489087112173
2021,CO2/CO/NOx,2021-07-27 19:00:00+02:00,0.33002291045250387
2021,CO2/CO/NOx,2021-07-27 20:00:00+02:00,0.32247754931250977
2021,CO2/CO/NOx,2021-07-27 21:00:00+02:00,0.31389433409254874
2021,CO2/CO/NOx,2021-07-27 22:00:00+02:00,0.3035103906692517
2021,CO2/CO/NOx,2021-07-27 23:00:00+02:00,0.29287484277236103
2021,CO2/CO/NOx,2021-07-28 00:00:00+02:00,0.2790907517289801
2021,CO2/CO/NOx,2021-07-28 01:00:00+02:00,0.27397942071237125
2021,CO2/CO/NOx,2021-07-28 02:00:00+02:00,0.27484256209085994
2021,CO2/CO/NOx,2021-07-28 03:00:00+02:00,0.2843406454719781
2021,CO2/CO/NOx,2021-07-28 04:00:00+02:00,0.2926825518952539
2021,CO2/CO/NOx,2021-07-28 05:00:00+02:00,0.3044599734202952
2021,CO2/CO/NOx,2021-07-28 06:00:00+02:00,0.31858873536175053
2021,CO2/CO/NOx,2021-07-28 07:00:00+02:00,0.32672566015218263
2021,CO2/CO/NOx,2021-07-28 08:00:00+02:00,0.32985487637070576
2021,CO2/CO/NOx,2021-07-28 09:00:00+02:00,0.32627396325555924
2021,CO2/CO/NOx,2021-07-28 10:00:00+02:00,0.3259358770926165
2021,CO2/CO/NOx,2021-07-28 11:00:00+02:00,0.32333196390349916
2021,CO2/CO/NOx,2021-07-28 12:00:00+02:00,0.3225406557732284
2021,CO2/CO/NOx,2021-07-28 13:00:00+02:00,0.321867161965468
2021,CO2/CO/NOx,2021-07-28 14:00:00+02:00,0.3226208545738315
2021,CO2/CO/NOx,2021-07-28 15:00:00+02:00,0.32411366520153756
2021,CO2/CO/NOx,2021-07-28 16:00:00+02:00,0.3237895121839548
2021,CO2/CO/NOx,2021-07-28 17:00:00+02:00,0.3229100009730497
2021,CO2/CO/NOx,2021-07-28 18:00:00+02:00,0.3245948103272349
2021,CO2/CO/NOx,2021-07-28 19:00:00+02:00,0.3227647825470476
2021,CO2/CO/NOx,2021-07-28 20:00:00+02:00,0.3181021866999849
2021,CO2/CO/NOx,2021-07-28 21:00:00+02:00,0.3120673149501181
2021,CO2/CO/NOx,2021-07-28 22:00:00+02:00,0.3039862423145918
2021,CO2/CO/NOx,2021-07-28 23:00:00+02:00,0.2976437296013536
2021,CO2/CO/NOx,2021-07-29 00:00:00+02:00,0.2881438886441373
2021,CO2/CO/NOx,2021-07-29 01:00:00+02:00,0.28790951848664664
2021,CO2/CO/NOx,2021-07-29 02:00:00+02:00,0.29666990496861123
2021,CO2/CO/NOx,2021-07-29 03:00:00+02:00,0.31027403293199574
2021,CO2/CO/NOx,2021-07-29 04:00:00+02:00,0.3207546379893784
2021,CO2/CO/NOx,2021-07-29 05:00:00+02:00,0.33115962297725876
2021,CO2/CO/NOx,2021-07-29 06:00:00+02:00,0.3401837788784404
2021,CO2/CO/NOx,2021-07-29 07:00:00+02:00,0.3424613499027711
2021,CO2/CO/NOx,2021-07-29 08:00:00+02:00,0.34025566223381687
2021,CO2/CO/NOx,2021-07-29 09:00:00+02:00,0.3304098133712396
2021,CO2/CO/NOx,2021-07-29 10:00:00+02:00,0.32714777667441
2021,CO2/CO/NOx,2021-07-29 11:00:00+02:00,0.3265909511447154
2021,CO2/CO/NOx,2021-07-29 12:00:00+02:00,0.32506420781830964
2021,CO2/CO/NOx,2021-07-29 13:00:00+02:00,0.3257037318518816
2021,CO2/CO/NOx,2021-07-29 14:00:00+02:00,0.3269437402556614
2021,CO2/CO/NOx,2021-07-29 15:00:00+02:00,0.3284118615140938
2021,CO2/CO/NOx,2021-07-29 16:00:00+02:00,0.32806806604188676
2021,CO2/CO/NOx,2021-07-29 17:00:00+02:00,0.3271993722609851
2021,CO2/CO/NOx,2021-07-29 18:00:00+02:00,0.3287075389447667
2021,CO2/CO/NOx,2021-07-29 19:00:00+02:00,0.32668689686861613
2021,CO2/CO/NOx,2021-07-29 20:00:00+02:00,0.321091348817156
2021,CO2/CO/NOx,2021-07-29 21:00:00+02:00,0.3134246084988984
2021,CO2/CO/NOx,2021-07-29 22:00:00+02:00,0.30726753582576444
2021,CO2/CO/NOx,2021-07-29 23:00:00+02:00,0.29874784244103814
2021,CO2/CO/NOx,2021-07-30 00:00:00+02:00,0.2862382993599539
2021,CO2/CO/NOx,2021-07-30 01:00:00+02:00,0.2825133586487231
2021,CO2/CO/NOx,2021-07-30 02:00:00+02:00,0.2860220114947548
2021,CO2/CO/NOx,2021-07-30 03:00:00+02:00,0.2985402005072627
2021,CO2/CO/NOx,2021-07-30 04:00:00+02:00,0.3093280829200374
2021,CO2/CO/NOx,2021-07-30 05:00:00+02:00,0.3192198066965897
2021,CO2/CO/NOx,2021-07-30 06:00:00+02:00,0.32850080599172143
2021,CO2/CO/NOx,2021-07-30 07:00:00+02:00,0.33513307302759265
2021,CO2/CO/NOx,2021-07-30 08:00:00+02:00,0.33474008115399956
2021,CO2/CO/NOx,2021-07-30 09:00:00+02:00,0.326458226596659
2021,CO2/CO/NOx,2021-07-30 10:00:00+02:00,0.3231752758369424
2021,CO2/CO/NOx,2021-07-30 11:00:00+02:00,0.3206836597540946
2021,CO2/CO/NOx,2021-07-30 12:00:00+02:00,0.3198905190062091
2021,CO2/CO/NOx,2021-07-30 13:00:00+02:00,0.3206330498607853
2021,CO2/CO/NOx,2021-07-30 14:00:00+02:00,0.32429513653929026
2021,CO2/CO/NOx,2021-07-30 15:00:00+02:00,0.3276621373881946
2021,CO2/CO/NOx,2021-07-30 16:00:00+02:00,0.328502017967961
2021,CO2/CO/NOx,2021-07-30 17:00:00+02:00,0.32755784236571
2021,CO2/CO/NOx,2021-07-30 18:00:00+02:00,0.33058577033829484
2021,CO2/CO/NOx,2021-07-30 19:00:00+02:00,0.3278764196025335
2021,CO2/CO/NOx,2021-07-30 20:00:00+02:00,0.3207597861196774
2021,CO2/CO/NOx,2021-07-30 21:00:00+02:00,0.31075664407250136
2021,CO2/CO/NOx,2021-07-30 22:00:00+02:00,0.3011506483857357
2021,CO2/CO/NOx,2021-07-30 23:00:00+02:00,0.2931403911569031
2021,CO2/CO/NOx,2021-07-31 00:00:00+02:00,0.28360113313693847
2021,CO2/CO/NOx,2021-07-31 01:00:00+02:00,0.278194621741332
2021,CO2/CO/NOx,2021-07-31 02:00:00+02:00,0.2775153978744119
2021,CO2/CO/NOx,2021-07-31 03:00:00+02:00,0.2813504924614284
2021,CO2/CO/NOx,2021-07-31 04:00:00+02:00,0.2844093865391463
2021,CO2/CO/NOx,2021-07-31 05:00:00+02:00,0.2904775539301903
2021,CO2/CO/NOx,2021-07-31 06:00:00+02:00,0.299130294637214
2021,CO2/CO/NOx,2021-07-31 07:00:00+02:00,0.30849641761856633
2021,CO2/CO/NOx,2021-07-31 08:00:00+02:00,0.3161682291239014
2021,CO2/CO/NOx,2021-07-31 09:00:00+02:00,0.32063272424414013
2021,CO2/CO/NOx,2021-07-31 10:00:00+02:00,0.3241200922255134
2021,CO2/CO/NOx,2021-07-31 11:00:00+02:00,0.324189633821582
2021,CO2/CO/NOx,2021-07-31 12:00:00+02:00,0.32047287717421324
2021,CO2/CO/NOx,2021-07-31 13:00:00+02:00,0.3195072127159647
2021,CO2/CO/NOx,2021-07-31 14:00:00+02:00,0.31913297470025537
2021,CO2/CO/NOx,2021-07-31 15:00:00+02:00,0.3198389739574061
2021,CO2/CO/NOx,2021-07-31 16:00:00+02:00,0.32041141337801754
2021,CO2/CO/NOx,2021-07-31 17:00:00+02:00,0.3204587452559487
2021,CO2/CO/NOx,2021-07-31 18:00:00+02:00,0.3214945499755334
2021,CO2/CO/NOx,2021-07-31 19:00:00+02:00,0.32038248421451987
2021,CO2/CO/NOx,2021-07-31 20:00:00+02:00,0.3175320549973021
2021,CO2/CO/NOx,2021-07-31 21:00:00+02:00,0.3129575856814007
2021,CO2/CO/NOx,2021-07-31 22:00:00+02:00,0.30573789578653954
2021,CO2/CO/NOx,2021-07-31 23:00:00+02:00,0.3007154810483306
2021,CO2/CO/NOx,2021-08-01 00:00:00+02:00,0.2954178748700328
2021,CO2/CO/NOx,2021-08-01 01:00:00+02:00,0.29525110493851425
2021,CO2/CO/NOx,2021-08-01 02:00:00+02:00,0.3014509546585139
2021,CO2/CO/NOx,2021-08-01 03:00:00+02:00,0.3167369222322776
2021,CO2/CO/NOx,2021-08-01 04:00:00+02:00,0.33338737132887175
2021,CO2/CO/NOx,2021-08-01 05:00:00+02:00,0.35162780446150727
2021,CO2/CO/NOx,2021-08-01 06:00:00+02:00,0.36885795157273826
2021,CO2/CO/NOx,2021-08-01 07:00:00+02:00,0.38223958386388524
2021,CO2/CO/NOx,2021-08-01 08:00:00+02:00,0.3910295519573594
2021,CO2/CO/NOx,2021-08-01 09:00:00+02:00,0.3884121451619629
2021,CO2/CO/NOx,2021-08-01 10:00:00+02:00,0.38375267633581356
2021,CO2/CO/NOx,2021-08-01 11:00:00+02:00,0.3811839189236482
2021,CO2/CO/NOx,2021-08-01 12:00:00+02:00,0.38426435899533445
2021,CO2/CO/NOx,2021-08-01 13:00:00+02:00,0.39024040570380036
2021,CO2/CO/NOx,2021-08-01 14:00:00+02:00,0.40010307884517077
2021,CO2/CO/NOx,2021-08-01 15:00:00+02:00,0.4139237857109424
2021,CO2/CO/NOx,2021-08-01 16:00:00+02:00,0.42174277285057615
2021,CO2/CO/NOx,2021-08-01 17:00:00+02:00,0.42080197209737497
2021,CO2/CO/NOx,2021-08-01 18:00:00+02:00,0.41629309141561194
2021,CO2/CO/NOx,2021-08-01 19:00:00+02:00,0.4070066201263437
2021,CO2/CO/NOx,2021-08-01 20:00:00+02:00,0.39432929349085405
2021,CO2/CO/NOx,2021-08-01 21:00:00+02:00,0.3809822376865446
2021,CO2/CO/NOx,2021-08-01 22:00:00+02:00,0.36937416781965904
2021,CO2/CO/NOx,2021-08-01 23:00:00+02:00,0.37077594480454573
2021,CO2/CO/NOx,2021-08-02 00:00:00+02:00,0.38110822552323637
2021,CO2/CO/NOx,2021-08-02 01:00:00+02:00,0.40166643175990985
2021,CO2/CO/NOx,2021-08-02 02:00:00+02:00,0.4297126204775704
2021,CO2/CO/NOx,2021-08-02 03:00:00+02:00,0.459000261330453
2021,CO2/CO/NOx,2021-08-02 04:00:00+02:00,0.4817606520032715
2021,CO2/CO/NOx,2021-08-02 05:00:00+02:00,0.4894173694599834
2021,CO2/CO/NOx,2021-08-02 06:00:00+02:00,0.49035685244581584
2021,CO2/CO/NOx,2021-08-02 07:00:00+02:00,0.4812781939842637
2021,CO2/CO/NOx,2021-08-02 08:00:00+02:00,0.4643407778761025
2021,CO2/CO/NOx,2021-08-02 09:00:00+02:00,0.44227048142485037
2021,CO2/CO/NOx,2021-08-02 10:00:00+02:00,0.4295333499891579
2021,CO2/CO/NOx,2021-08-02 11:00:00+02:00,0.419552812446359
2021,CO2/CO/NOx,2021-08-02 12:00:00+02:00,0.4062575705283928
2021,CO2/CO/NOx,2021-08-02 13:00:00+02:00,0.3949093018683265
2021,CO2/CO/NOx,2021-08-02 14:00:00+02:00,0.38078583483515654
2021,CO2/CO/NOx,2021-08-02 15:00:00+02:00,0.3737623128590549
2021,CO2/CO/NOx,2021-08-02 16:00:00+02:00,0.36535164150366767
2021,CO2/CO/NOx,2021-08-02 17:00:00+02:00,0.3589805955110319
2021,CO2/CO/NOx,2021-08-02 18:00:00+02:00,0.3653346305097928
2021,CO2/CO/NOx,2021-08-02 19:00:00+02:00,0.36886526921802754
2021,CO2/CO/NOx,2021-08-02 20:00:00+02:00,0.3704677561202908
2021,CO2/CO/NOx,2021-08-02 21:00:00+02:00,0.3685559184873009
2021,CO2/CO/NOx,2021-08-02 22:00:00+02:00,0.3592481898049894
2021,CO2/CO/NOx,2021-08-02 23:00:00+02:00,0.3461128915222755
2021,CO2/CO/NOx,2021-08-03 00:00:00+02:00,0.33669969316588466
2021,CO2/CO/NOx,2021-08-03 01:00:00+02:00,0.33571608793314567
2021,CO2/CO/NOx,2021-08-03 02:00:00+02:00,0.35735427960858107
2021,CO2/CO/NOx,2021-08-03 03:00:00+02:00,0.3935810130507692
2021,CO2/CO/NOx,2021-08-03 04:00:00+02:00,0.4201490385544644
2021,CO2/CO/NOx,2021-08-03 05:00:00+02:00,0.43895552768996243
2021,CO2/CO/NOx,2021-08-03 06:00:00+02:00,0.451837849522481
2021,CO2/CO/NOx,2021-08-03 07:00:00+02:00,0.44371546765045694
2021,CO2/CO/NOx,2021-08-03 08:00:00+02:00,0.42416390357680034
2021,CO2/CO/NOx,2021-08-03 09:00:00+02:00,0.4005225633732497
2021,CO2/CO/NOx,2021-08-03 10:00:00+02:00,0.37652506730528207
2021,CO2/CO/NOx,2021-08-03 11:00:00+02:00,0.3638714559839071
2021,CO2/CO/NOx,2021-08-03 12:00:00+02:00,0.35390838125869006
2021,CO2/CO/NOx,2021-08-03 13:00:00+02:00,0.3411566900802887
2021,CO2/CO/NOx,2021-08-03 14:00:00+02:00,0.33653808394559254
2021,CO2/CO/NOx,2021-08-03 15:00:00+02:00,0.3424279023525857
2021,CO2/CO/NOx,2021-08-03 16:00:00+02:00,0.346297447739378
2021,CO2/CO/NOx,2021-08-03 17:00:00+02:00,0.3520150574327466
2021,CO2/CO/NOx,2021-08-03 18:00:00+02:00,0.36238215125998796
2021,CO2/CO/NOx,2021-08-03 19:00:00+02:00,0.36449755195945605
2021,CO2/CO/NOx,2021-08-03 20:00:00+02:00,0.367086402834394
2021,CO2/CO/NOx,2021-08-03 21:00:00+02:00,0.35855182476219266
2021,CO2/CO/NOx,2021-08-03 22:00:00+02:00,0.34682085560837284
2021,CO2/CO/NOx,2021-08-03 23:00:00+02:00,0.34002052869382254
2021,CO2/CO/NOx,2021-08-04 00:00:00+02:00,0.32799639465262176
2021,CO2/CO/NOx,2021-08-04 01:00:00+02:00,0.3271074711592597
2021,CO2/CO/NOx,2021-08-04 02:00:00+02:00,0.3347527114045456
2021,CO2/CO/NOx,2021-08-04 03:00:00+02:00,0.35537904535899184
2021,CO2/CO/NOx,2021-08-04 04:00:00+02:00,0.37687471130341116
2021,CO2/CO/NOx,2021-08-04 05:00:00+02:00,0.40401077578115185
2021,CO2/CO/NOx,2021-08-04 06:00:00+02:00,0.42568892650583356
2021,CO2/CO/NOx,2021-08-04 07:00:00+02:00,0.44035461350036287
2021,CO2/CO/NOx,2021-08-04 08:00:00+02:00,0.4387286054182559
2021,CO2/CO/NOx,2021-08-04 09:00:00+02:00,0.4213609053003808
2021,CO2/CO/NOx,2021-08-04 10:00:00+02:00,0.4077055006890183
2021,CO2/CO/NOx,2021-08-04 11:00:00+02:00,0.3939099517452268
2021,CO2/CO/NOx,2021-08-04 12:00:00+02:00,0.38135065512306476
2021,CO2/CO/NOx,2021-08-04 13:00:00+02:00,0.373215652459896
2021,CO2/CO/NOx,2021-08-04 14:00:00+02:00,0.3712282555238968
2021,CO2/CO/NOx,2021-08-04 15:00:00+02:00,0.3766851791925681
2021,CO2/CO/NOx,2021-08-04 16:00:00+02:00,0.38302777008397865
2021,CO2/CO/NOx,2021-08-04 17:00:00+02:00,0.39324535826236956
2021,CO2/CO/NOx,2021-08-04 18:00:00+02:00,0.4091789372654277
2021,CO2/CO/NOx,2021-08-04 19:00:00+02:00,0.41696090676697556
2021,CO2/CO/NOx,2021-08-04 20:00:00+02:00,0.4173077482583158
2021,CO2/CO/NOx,2021-08-04 21:00:00+02:00,0.4061572629832973
2021,CO2/CO/NOx,2021-08-04 22:00:00+02:00,0.3882263938509474
2021,CO2/CO/NOx,2021-08-04 23:00:00+02:00,0.36733083716139314
2021,CO2/CO/NOx,2021-08-05 00:00:00+02:00,0.3458617086439508
2021,CO2/CO/NOx,2021-08-05 01:00:00+02:00,0.3446268570380373
2021,CO2/CO/NOx,2021-08-05 02:00:00+02:00,0.3682920506463662
2021,CO2/CO/NOx,2021-08-05 03:00:00+02:00,0.40888385679556766
2021,CO2/CO/NOx,2021-08-05 04:00:00+02:00,0.4493887461342761
2021,CO2/CO/NOx,2021-08-05 05:00:00+02:00,0.49014279978407366
2021,CO2/CO/NOx,2021-08-05 06:00:00+02:00,0.5198409325617737
2021,CO2/CO/NOx,2021-08-05 07:00:00+02:00,0.5297146652334217
2021,CO2/CO/NOx,2021-08-05 08:00:00+02:00,0.5203517598225682
2021,CO2/CO/NOx,2021-08-05 09:00:00+02:00,0.4941038481105717
2021,CO2/CO/NOx,2021-08-05 10:00:00+02:00,0.46736011454615184
2021,CO2/CO/NOx,2021-08-05 11:00:00+02:00,0.4387505898907505
2021,CO2/CO/NOx,2021-08-05 12:00:00+02:00,0.41160165092092954
2021,CO2/CO/NOx,2021-08-05 13:00:00+02:00,0.3884847490028235
2021,CO2/CO/NOx,2021-08-05 14:00:00+02:00,0.36897130146987234
2021,CO2/CO/NOx,2021-08-05 15:00:00+02:00,0.36389125261780797
2021,CO2/CO/NOx,2021-08-05 16:00:00+02:00,0.37263537103004546
2021,CO2/CO/NOx,2021-08-05 17:00:00+02:00,0.3884755793159276
2021,CO2/CO/NOx,2021-08-05 18:00:00+02:00,0.41471182617792507
2021,CO2/CO/NOx,2021-08-05 19:00:00+02:00,0.4305777603743614
2021,CO2/CO/NOx,2021-08-05 20:00:00+02:00,0.43286679275261714
2021,CO2/CO/NOx,2021-08-05 21:00:00+02:00,0.421710213536276
2021,CO2/CO/NOx,2021-08-05 22:00:00+02:00,0.39791854357760426
2021,CO2/CO/NOx,2021-08-05 23:00:00+02:00,0.36458589618979464
2021,CO2/CO/NOx,2021-08-06 00:00:00+02:00,0.3355185972057955
2021,CO2/CO/NOx,2021-08-06 01:00:00+02:00,0.32826609717553146
2021,CO2/CO/NOx,2021-08-06 02:00:00+02:00,0.3378663390231501
2021,CO2/CO/NOx,2021-08-06 03:00:00+02:00,0.3699716162902491
2021,CO2/CO/NOx,2021-08-06 04:00:00+02:00,0.4022075834620778
2021,CO2/CO/NOx,2021-08-06 05:00:00+02:00,0.4316846789285416
2021,CO2/CO/NOx,2021-08-06 06:00:00+02:00,0.4568208895339647
2021,CO2/CO/NOx,2021-08-06 07:00:00+02:00,0.46610607558462946
2021,CO2/CO/NOx,2021-08-06 08:00:00+02:00,0.4527256809243095
2021,CO2/CO/NOx,2021-08-06 09:00:00+02:00,0.4256385966906527
2021,CO2/CO/NOx,2021-08-06 10:00:00+02:00,0.4054284382801052
2021,CO2/CO/NOx,2021-08-06 11:00:00+02:00,0.3823941674768513
2021,CO2/CO/NOx,2021-08-06 12:00:00+02:00,0.3617867046080112
2021,CO2/CO/NOx,2021-08-06 13:00:00+02:00,0.3435445438530816
2021,CO2/CO/NOx,2021-08-06 14:00:00+02:00,0.3325886787367988
2021,CO2/CO/NOx,2021-08-06 15:00:00+02:00,0.3313977724856671
2021,CO2/CO/NOx,2021-08-06 16:00:00+02:00,0.3299278789833652
2021,CO2/CO/NOx,2021-08-06 17:00:00+02:00,0.3304058636374831
2021,CO2/CO/NOx,2021-08-06 18:00:00+02:00,0.3449952302422345
2021,CO2/CO/NOx,2021-08-06 19:00:00+02:00,0.3562232858258873
2021,CO2/CO/NOx,2021-08-06 20:00:00+02:00,0.3642735382282356
2021,CO2/CO/NOx,2021-08-06 21:00:00+02:00,0.3676793319782032
2021,CO2/CO/NOx,2021-08-06 22:00:00+02:00,0.36590569314831006
2021,CO2/CO/NOx,2021-08-06 23:00:00+02:00,0.36523025465251
2021,CO2/CO/NOx,2021-08-07 00:00:00+02:00,0.36193454948418563
2021,CO2/CO/NOx,2021-08-07 01:00:00+02:00,0.36150864635448565
2021,CO2/CO/NOx,2021-08-07 02:00:00+02:00,0.36676353418680346
2021,CO2/CO/NOx,2021-08-07 03:00:00+02:00,0.37486407829522994
2021,CO2/CO/NOx,2021-08-07 04:00:00+02:00,0.376302530982271
2021,CO2/CO/NOx,2021-08-07 05:00:00+02:00,0.3779213033369642
2021,CO2/CO/NOx,2021-08-07 06:00:00+02:00,0.37373593500176794
2021,CO2/CO/NOx,2021-08-07 07:00:00+02:00,0.3667933716635651
2021,CO2/CO/NOx,2021-08-07 08:00:00+02:00,0.359551817856201
2021,CO2/CO/NOx,2021-08-07 09:00:00+02:00,0.34779285681598876
2021,CO2/CO/NOx,2021-08-07 10:00:00+02:00,0.34354597658908315
2021,CO2/CO/NOx,2021-08-07 11:00:00+02:00,0.34077176270383847
2021,CO2/CO/NOx,2021-08-07 12:00:00+02:00,0.33779532473849366
2021,CO2/CO/NOx,2021-08-07 13:00:00+02:00,0.33456001383280826
2021,CO2/CO/NOx,2021-08-07 14:00:00+02:00,0.3343790134811658
2021,CO2/CO/NOx,2021-08-07 15:00:00+02:00,0.3466887418978194
2021,CO2/CO/NOx,2021-08-07 16:00:00+02:00,0.3598005644307638
2021,CO2/CO/NOx,2021-08-07 17:00:00+02:00,0.3739817858568585
2021,CO2/CO/NOx,2021-08-07 18:00:00+02:00,0.38918976912590814
2021,CO2/CO/NOx,2021-08-07 19:00:00+02:00,0.4018238665202338
2021,CO2/CO/NOx,2021-08-07 20:00:00+02:00,0.4041567561230685
2021,CO2/CO/NOx,2021-08-07 21:00:00+02:00,0.39578571675681645
2021,CO2/CO/NOx,2021-08-07 22:00:00+02:00,0.37531891382173366
2021,CO2/CO/NOx,2021-08-07 23:00:00+02:00,0.3554983754539621
2021,CO2/CO/NOx,2021-08-08 00:00:00+02:00,0.34162574213328867
2021,CO2/CO/NOx,2021-08-08 01:00:00+02:00,0.3251788344733344
2021,CO2/CO/NOx,2021-08-08 02:00:00+02:00,0.32758565943745355
2021,CO2/CO/NOx,2021-08-08 03:00:00+02:00,0.3426687565781424
2021,CO2/CO/NOx,2021-08-08 04:00:00+02:00,0.36148854702421834
2021,CO2/CO/NOx,2021-08-08 05:00:00+02:00,0.38202237398172295
2021,CO2/CO/NOx,2021-08-08 06:00:00+02:00,0.3994077958630413
2021,CO2/CO/NOx,2021-08-08 07:00:00+02:00,0.40776516884391023
2021,CO2/CO/NOx,2021-08-08 08:00:00+02:00,0.4045490144332833
2021,CO2/CO/NOx,2021-08-08 09:00:00+02:00,0.3895942212231965
2021,CO2/CO/NOx,2021-08-08 10:00:00+02:00,0.3693348878975013
2021,CO2/CO/NOx,2021-08-08 11:00:00+02:00,0.35815206003440453
2021,CO2/CO/NOx,2021-08-08 12:00:00+02:00,0.3486315236309947
2021,CO2/CO/NOx,2021-08-08 13:00:00+02:00,0.3422257891238326
2021,CO2/CO/NOx,2021-08-08 14:00:00+02:00,0.3472486064500941
2021,CO2/CO/NOx,2021-08-08 15:00:00+02:00,0.3611508835985337
2021,CO2/CO/NOx,2021-08-08 16:00:00+02:00,0.3776187293087424
2021,CO2/CO/NOx,2021-08-08 17:00:00+02:00,0.39231135183881016
2021,CO2/CO/NOx,2021-08-08 18:00:00+02:00,0.40375960153040213
2021,CO2/CO/NOx,2021-08-08 19:00:00+02:00,0.4052035047814983
2021,CO2/CO/NOx,2021-08-08 20:00:00+02:00,0.3945539156053559
2021,CO2/CO/NOx,2021-08-08 21:00:00+02:00,0.3741040220066557
2021,CO2/CO/NOx,2021-08-08 22:00:00+02:00,0.3478350699650062
2021,CO2/CO/NOx,2021-08-08 23:00:00+02:00,0.32914241136395256
2021,CO2/CO/NOx,2021-08-09 00:00:00+02:00,0.313736493845478
2021,CO2/CO/NOx,2021-08-09 01:00:00+02:00,0.3119190464415957
2021,CO2/CO/NOx,2021-08-09 02:00:00+02:00,0.3249732325734922
2021,CO2/CO/NOx,2021-08-09 03:00:00+02:00,0.3470803188358617
2021,CO2/CO/NOx,2021-08-09 04:00:00+02:00,0.37053853463996284
2021,CO2/CO/NOx,2021-08-09 05:00:00+02:00,0.3928441255468981
2021,CO2/CO/NOx,2021-08-09 06:00:00+02:00,0.40777989234678974
2021,CO2/CO/NOx,2021-08-09 07:00:00+02:00,0.4070287326911949
2021,CO2/CO/NOx,2021-08-09 08:00:00+02:00,0.39880772401689074
2021,CO2/CO/NOx,2021-08-09 09:00:00+02:00,0.381599401809136
2021,CO2/CO/NOx,2021-08-09 10:00:00+02:00,0.36653848317418486
2021,CO2/CO/NOx,2021-08-09 11:00:00+02:00,0.35551740698794426
2021,CO2/CO/NOx,2021-08-09 12:00:00+02:00,0.344036086398919
2021,CO2/CO/NOx,2021-08-09 13:00:00+02:00,0.33916542387340054
2021,CO2/CO/NOx,2021-08-09 14:00:00+02:00,0.33817301376078457
2021,CO2/CO/NOx,2021-08-09 15:00:00+02:00,0.3378936495551898
2021,CO2/CO/NOx,2021-08-09 16:00:00+02:00,0.33334975405649037
2021,CO2/CO/NOx,2021-08-09 17:00:00+02:00,0.3310657923879031
2021,CO2/CO/NOx,2021-08-09 18:00:00+02:00,0.3347902191489032
2021,CO2/CO/NOx,2021-08-09 19:00:00+02:00,0.3344740879524842
2021,CO2/CO/NOx,2021-08-09 20:00:00+02:00,0.32937886320396426
2021,CO2/CO/NOx,2021-08-09 21:00:00+02:00,0.31654243742795213
2021,CO2/CO/NOx,2021-08-09 22:00:00+02:00,0.3090685495777783
2021,CO2/CO/NOx,2021-08-09 23:00:00+02:00,0.30556566486469344
2021,CO2/CO/NOx,2021-08-10 00:00:00+02:00,0.30540855126636585
2021,CO2/CO/NOx,2021-08-10 01:00:00+02:00,0.31870169082904876
2021,CO2/CO/NOx,2021-08-10 02:00:00+02:00,0.3374489700935277
2021,CO2/CO/NOx,2021-08-10 03:00:00+02:00,0.36386516055768664
2021,CO2/CO/NOx,2021-08-10 04:00:00+02:00,0.3815500428547021
2021,CO2/CO/NOx,2021-08-10 05:00:00+02:00,0.3894953113517678
2021,CO2/CO/NOx,2021-08-10 06:00:00+02:00,0.3893682975781695
2021,CO2/CO/NOx,2021-08-10 07:00:00+02:00,0.3805672023844966
2021,CO2/CO/NOx,2021-08-10 08:00:00+02:00,0.36570702565477353
2021,CO2/CO/NOx,2021-08-10 09:00:00+02:00,0.3491280417921703
2021,CO2/CO/NOx,2021-08-10 10:00:00+02:00,0.34663572488149885
2021,CO2/CO/NOx,2021-08-10 11:00:00+02:00,0.3419345227473228
2021,CO2/CO/NOx,2021-08-10 12:00:00+02:00,0.339689010212173
2021,CO2/CO/NOx,2021-08-10 13:00:00+02:00,0.33643720440019254
2021,CO2/CO/NOx,2021-08-10 14:00:00+02:00,0.33458870720487355
2021,CO2/CO/NOx,2021-08-10 15:00:00+02:00,0.33552240062170086
2021,CO2/CO/NOx,2021-08-10 16:00:00+02:00,0.33084416544967776
2021,CO2/CO/NOx,2021-08-10 17:00:00+02:00,0.326651089757198
2021,CO2/CO/NOx,2021-08-10 18:00:00+02:00,0.3288785320100172
2021,CO2/CO/NOx,2021-08-10 19:00:00+02:00,0.3319572612377681
2021,CO2/CO/NOx,2021-08-10 20:00:00+02:00,0.3255750858468734
2021,CO2/CO/NOx,2021-08-10 21:00:00+02:00,0.3160451393135896
2021,CO2/CO/NOx,2021-08-10 22:00:00+02:00,0.3033081393049569
2021,CO2/CO/NOx,2021-08-10 23:00:00+02:00,0.2902056977448653
2021,CO2/CO/NOx,2021-08-11 00:00:00+02:00,0.2787782425580351
2021,CO2/CO/NOx,2021-08-11 01:00:00+02:00,0.27715079631861284
2021,CO2/CO/NOx,2021-08-11 02:00:00+02:00,0.2857934968259163
2021,CO2/CO/NOx,2021-08-11 03:00:00+02:00,0.30476863082967776
2021,CO2/CO/NOx,2021-08-11 04:00:00+02:00,0.3200371858628099
2021,CO2/CO/NOx,2021-08-11 05:00:00+02:00,0.33349902814592386
2021,CO2/CO/NOx,2021-08-11 06:00:00+02:00,0.3432185432183016
2021,CO2/CO/NOx,2021-08-11 07:00:00+02:00,0.34509819255245666
2021,CO2/CO/NOx,2021-08-11 08:00:00+02:00,0.33972473444100804
2021,CO2/CO/NOx,2021-08-11 09:00:00+02:00,0.32911063117263234
2021,CO2/CO/NOx,2021-08-11 10:00:00+02:00,0.3237831381799668
2021,CO2/CO/NOx,2021-08-11 11:00:00+02:00,0.31995307791334454
2021,CO2/CO/NOx,2021-08-11 12:00:00+02:00,0.31810148588224824
2021,CO2/CO/NOx,2021-08-11 13:00:00+02:00,0.31624022418712333
2021,CO2/CO/NOx,2021-08-11 14:00:00+02:00,0.32185217125683596
2021,CO2/CO/NOx,2021-08-11 15:00:00+02:00,0.3253585540065684
2021,CO2/CO/NOx,2021-08-11 16:00:00+02:00,0.3270889858015355
2021,CO2/CO/NOx,2021-08-11 17:00:00+02:00,0.32687517353536927
2021,CO2/CO/NOx,2021-08-11 18:00:00+02:00,0.32931042152540935
2021,CO2/CO/NOx,2021-08-11 19:00:00+02:00,0.32746622447394347
2021,CO2/CO/NOx,2021-08-11 20:00:00+02:00,0.3197327794843245
2021,CO2/CO/NOx,2021-08-11 21:00:00+02:00,0.3089061190402546
2021,CO2/CO/NOx,2021-08-11 22:00:00+02:00,0.2977361825085342
2021,CO2/CO/NOx,2021-08-11 23:00:00+02:00,0.2884145183795297
2021,CO2/CO/NOx,2021-08-12 00:00:00+02:00,0.27466803429780595
2021,CO2/CO/NOx,2021-08-12 01:00:00+02:00,0.2701423070032404
2021,CO2/CO/NOx,2021-08-12 02:00:00+02:00,0.2763984760541665
2021,CO2/CO/NOx,2021-08-12 03:00:00+02:00,0.2927118531081148
2021,CO2/CO/NOx,2021-08-12 04:00:00+02:00,0.30974406023477513
2021,CO2/CO/NOx,2021-08-12 05:00:00+02:00,0.3248623660844547
2021,CO2/CO/NOx,2021-08-12 06:00:00+02:00,0.3358704069943447
2021,CO2/CO/NOx,2021-08-12 07:00:00+02:00,0.33946394604990654
2021,CO2/CO/NOx,2021-08-12 08:00:00+02:00,0.3364866929695013
2021,CO2/CO/NOx,2021-08-12 09:00:00+02:00,0.32578577250948043
2021,CO2/CO/NOx,2021-08-12 10:00:00+02:00,0.3193869632386316
2021,CO2/CO/NOx,2021-08-12 11:00:00+02:00,0.3161863919752073
2021,CO2/CO/NOx,2021-08-12 12:00:00+02:00,0.3156759763359369
2021,CO2/CO/NOx,2021-08-12 13:00:00+02:00,0.31866606579521484
2021,CO2/CO/NOx,2021-08-12 14:00:00+02:00,0.3246534125977149
2021,CO2/CO/NOx,2021-08-12 15:00:00+02:00,0.3286288146308162
2021,CO2/CO/NOx,2021-08-12 16:00:00+02:00,0.3302080927720642
2021,CO2/CO/NOx,2021-08-12 17:00:00+02:00,0.33026787921233325
2021,CO2/CO/NOx,2021-08-12 18:00:00+02:00,0.33098388549412033
2021,CO2/CO/NOx,2021-08-12 19:00:00+02:00,0.3254691179201011
2021,CO2/CO/NOx,2021-08-12 20:00:00+02:00,0.3168847032792497
2021,CO2/CO/NOx,2021-08-12 21:00:00+02:00,0.30699878489209603
2021,CO2/CO/NOx,2021-08-12 22:00:00+02:00,0.29706006090770587
2021,CO2/CO/NOx,2021-08-12 23:00:00+02:00,0.28810600345362913
2021,CO2/CO/NOx,2021-08-13 00:00:00+02:00,0.27449714366742395
2021,CO2/CO/NOx,2021-08-13 01:00:00+02:00,0.27026917953070956
2021,CO2/CO/NOx,2021-08-13 02:00:00+02:00,0.2735363794192746
2021,CO2/CO/NOx,2021-08-13 03:00:00+02:00,0.2814685394546185
2021,CO2/CO/NOx,2021-08-13 04:00:00+02:00,0.29256343400960155
2021,CO2/CO/NOx,2021-08-13 05:00:00+02:00,0.30494560429407136
2021,CO2/CO/NOx,2021-08-13 06:00:00+02:00,0.31728337148248037
2021,CO2/CO/NOx,2021-08-13 07:00:00+02:00,0.32429265151985875
2021,CO2/CO/NOx,2021-08-13 08:00:00+02:00,0.3255645714737851
2021,CO2/CO/NOx,2021-08-13 09:00:00+02:00,0.3202941299250388
2021,CO2/CO/NOx,2021-08-13 10:00:00+02:00,0.3183662236998041
2021,CO2/CO/NOx,2021-08-13 11:00:00+02:00,0.3141756141180452
2021,CO2/CO/NOx,2021-08-13 12:00:00+02:00,0.3084740547022473
2021,CO2/CO/NOx,2021-08-13 13:00:00+02:00,0.30907574157498047
2021,CO2/CO/NOx,2021-08-13 14:00:00+02:00,0.3107629191521268
2021,CO2/CO/NOx,2021-08-13 15:00:00+02:00,0.314211514356667
2021,CO2/CO/NOx,2021-08-13 16:00:00+02:00,0.3155989711091321
2021,CO2/CO/NOx,2021-08-13 17:00:00+02:00,0.3169218823933266
2021,CO2/CO/NOx,2021-08-13 18:00:00+02:00,0.32029802890488496
2021,CO2/CO/NOx,2021-08-13 19:00:00+02:00,0.317246025066981
2021,CO2/CO/NOx,2021-08-13 20:00:00+02:00,0.31115164047690524
2021,CO2/CO/NOx,2021-08-13 21:00:00+02:00,0.3041794481315355
2021,CO2/CO/NOx,2021-08-13 22:00:00+02:00,0.29761557240292064
2021,CO2/CO/NOx,2021-08-13 23:00:00+02:00,0.29204306661042717
2021,CO2/CO/NOx,2021-08-14 00:00:00+02:00,0.2861121159710356
2021,CO2/CO/NOx,2021-08-14 01:00:00+02:00,0.28473914822325763
2021,CO2/CO/NOx,2021-08-14 02:00:00+02:00,0.28712475254967507
2021,CO2/CO/NOx,2021-08-14 03:00:00+02:00,0.2925342395476369
2021,CO2/CO/NOx,2021-08-14 04:00:00+02:00,0.2963920295284557
2021,CO2/CO/NOx,2021-08-14 05:00:00+02:00,0.30321154246084314
2021,CO2/CO/NOx,2021-08-14 06:00:00+02:00,0.3095558758208752
2021,CO2/CO/NOx,2021-08-14 07:00:00+02:00,0.3143185734134232
2021,CO2/CO/NOx,2021-08-14 08:00:00+02:00,0.3148533937935603
2021,CO2/CO/NOx,2021-08-14 09:00:00+02:00,0.3144176897792335
2021,CO2/CO/NOx,2021-08-14 10:00:00+02:00,0.31557171692636266
2021,CO2/CO/NOx,2021-08-14 11:00:00+02:00,0.3165685061076954
2021,CO2/CO/NOx,2021-08-14 12:00:00+02:00,0.3171138230556335
2021,CO2/CO/NOx,2021-08-14 13:00:00+02:00,0.3222393997471633
2021,CO2/CO/NOx,2021-08-14 14:00:00+02:00,0.32825795761996734
2021,CO2/CO/NOx,2021-08-14 15:00:00+02:00,0.33096272728918413
2021,CO2/CO/NOx,2021-08-14 16:00:00+02:00,0.3302690617093612
2021,CO2/CO/NOx,2021-08-14 17:00:00+02:00,0.3258055465034926
2021,CO2/CO/NOx,2021-08-14 18:00:00+02:00,0.3237443440180843
2021,CO2/CO/NOx,2021-08-14 19:00:00+02:00,0.3181114973030594
2021,CO2/CO/NOx,2021-08-14 20:00:00+02:00,0.3112655383805065
2021,CO2/CO/NOx,2021-08-14 21:00:00+02:00,0.30390941333441746
2021,CO2/CO/NOx,2021-08-14 22:00:00+02:00,0.2987400556596503
2021,CO2/CO/NOx,2021-08-14 23:00:00+02:00,0.29402498196179844
2021,CO2/CO/NOx,2021-08-15 00:00:00+02:00,0.2882144792540372
2021,CO2/CO/NOx,2021-08-15 01:00:00+02:00,0.28621056320816113
2021,CO2/CO/NOx,2021-08-15 02:00:00+02:00,0.28823674744280303
2021,CO2/CO/NOx,2021-08-15 03:00:00+02:00,0.29265164660090703
2021,CO2/CO/NOx,2021-08-15 04:00:00+02:00,0.29832105408117915
2021,CO2/CO/NOx,2021-08-15 05:00:00+02:00,0.3050316182954211
2021,CO2/CO/NOx,2021-08-15 06:00:00+02:00,0.31125926045315244
2021,CO2/CO/NOx,2021-08-15 07:00:00+02:00,0.31508531791201255
2021,CO2/CO/NOx,2021-08-15 08:00:00+02:00,0.31651305674274877
2021,CO2/CO/NOx,2021-08-15 09:00:00+02:00,0.3144352039644049
2021,CO2/CO/NOx,2021-08-15 10:00:00+02:00,0.31166164215233594
2021,CO2/CO/NOx,2021-08-15 11:00:00+02:00,0.30982537861898285
2021,CO2/CO/NOx,2021-08-15 12:00:00+02:00,0.3103564708320162
2021,CO2/CO/NOx,2021-08-15 13:00:00+02:00,0.31608302909310065
2021,CO2/CO/NOx,2021-08-15 14:00:00+02:00,0.3224863074856531
2021,CO2/CO/NOx,2021-08-15 15:00:00+02:00,0.326998331438639
2021,CO2/CO/NOx,2021-08-15 16:00:00+02:00,0.32870980220184975
2021,CO2/CO/NOx,2021-08-15 17:00:00+02:00,0.3280584543904924
2021,CO2/CO/NOx,2021-08-15 18:00:00+02:00,0.32618313212529054
2021,CO2/CO/NOx,2021-08-15 19:00:00+02:00,0.31962608885025684
2021,CO2/CO/NOx,2021-08-15 20:00:00+02:00,0.3117496721516634
2021,CO2/CO/NOx,2021-08-15 21:00:00+02:00,0.30536520282943636
2021,CO2/CO/NOx,2021-08-15 22:00:00+02:00,0.2996060421653248
2021,CO2/CO/NOx,2021-08-15 23:00:00+02:00,0.29433551175635575
2021,CO2/CO/NOx,2021-08-16 00:00:00+02:00,0.2857799055769979
2021,CO2/CO/NOx,2021-08-16 01:00:00+02:00,0.2840091473117443
2021,CO2/CO/NOx,2021-08-16 02:00:00+02:00,0.2886947377254208
2021,CO2/CO/NOx,2021-08-16 03:00:00+02:00,0.2976926289514567
2021,CO2/CO/NOx,2021-08-16 04:00:00+02:00,0.3066040518313989
2021,CO2/CO/NOx,2021-08-16 05:00:00+02:00,0.3152498414038574
2021,CO2/CO/NOx,2021-08-16 06:00:00+02:00,0.32438963321159087
2021,CO2/CO/NOx,2021-08-16 07:00:00+02:00,0.3291266432858974
2021,CO2/CO/NOx,2021-08-16 08:00:00+02:00,0.32894688554960805
2021,CO2/CO/NOx,2021-08-16 09:00:00+02:00,0.32194143704888856
2021,CO2/CO/NOx,2021-08-16 10:00:00+02:00,0.31926971939694304
2021,CO2/CO/NOx,2021-08-16 11:00:00+02:00,0.3189965969566591
2021,CO2/CO/NOx,2021-08-16 12:00:00+02:00,0.31820041015770817
2021,CO2/CO/NOx,2021-08-16 13:00:00+02:00,0.32021154584812767
2021,CO2/CO/NOx,2021-08-16 14:00:00+02:00,0.32407343460015775
2021,CO2/CO/NOx,2021-08-16 15:00:00+02:00,0.3295033525868961
2021,CO2/CO/NOx,2021-08-16 16:00:00+02:00,0.3323603622589033
2021,CO2/CO/NOx,2021-08-16 17:00:00+02:00,0.33313171558450333
2021,CO2/CO/NOx,2021-08-16 18:00:00+02:00,0.3374918003271129
2021,CO2/CO/NOx,2021-08-16 19:00:00+02:00,0.3386389677815562
2021,CO2/CO/NOx,2021-08-16 20:00:00+02:00,0.3342035967819026
2021,CO2/CO/NOx,2021-08-16 21:00:00+02:00,0.325887659276328
2021,CO2/CO/NOx,2021-08-16 22:00:00+02:00,0.3216515211930633
2021,CO2/CO/NOx,2021-08-16 23:00:00+02:00,0.32836124473308287
2021,CO2/CO/NOx,2021-08-17 00:00:00+02:00,0.3354335279757332
2021,CO2/CO/NOx,2021-08-17 01:00:00+02:00,0.3579446781481596
2021,CO2/CO/NOx,2021-08-17 02:00:00+02:00,0.4014640489398319
2021,CO2/CO/NOx,2021-08-17 03:00:00+02:00,0.45696470305793174
2021,CO2/CO/NOx,2021-08-17 04:00:00+02:00,0.5108520928672147
2021,CO2/CO/NOx,2021-08-17 05:00:00+02:00,0.5496814984365664
2021,CO2/CO/NOx,2021-08-17 06:00:00+02:00,0.5716155050830504
2021,CO2/CO/NOx,2021-08-17 07:00:00+02:00,0.5798208567716894
2021,CO2/CO/NOx,2021-08-17 08:00:00+02:00,0.5737371034325587
2021,CO2/CO/NOx,2021-08-17 09:00:00+02:00,0.5482882165088121
2021,CO2/CO/NOx,2021-08-17 10:00:00+02:00,0.5244906415045917
2021,CO2/CO/NOx,2021-08-17 11:00:00+02:00,0.49950604712738994
2021,CO2/CO/NOx,2021-08-17 12:00:00+02:00,0.4739783026230573
2021,CO2/CO/NOx,2021-08-17 13:00:00+02:00,0.4648125822424978
2021,CO2/CO/NOx,2021-08-17 14:00:00+02:00,0.4616410594846336
2021,CO2/CO/NOx,2021-08-17 15:00:00+02:00,0.4702946240474977
2021,CO2/CO/NOx,2021-08-17 16:00:00+02:00,0.47818538848136233
2021,CO2/CO/NOx,2021-08-17 17:00:00+02:00,0.48101266000570014
2021,CO2/CO/NOx,2021-08-17 18:00:00+02:00,0.483801527770438
2021,CO2/CO/NOx,2021-08-17 19:00:00+02:00,0.4716649310456226
2021,CO2/CO/NOx,2021-08-17 20:00:00+02:00,0.44983003812286076
2021,CO2/CO/NOx,2021-08-17 21:00:00+02:00,0.43806287957186224
2021,CO2/CO/NOx,2021-08-17 22:00:00+02:00,0.43651815909286423
2021,CO2/CO/NOx,2021-08-17 23:00:00+02:00,0.44020474643683016
2021,CO2/CO/NOx,2021-08-18 00:00:00+02:00,0.44831034723545043
2021,CO2/CO/NOx,2021-08-18 01:00:00+02:00,0.4634048396312318
2021,CO2/CO/NOx,2021-08-18 02:00:00+02:00,0.48430385307528256
2021,CO2/CO/NOx,2021-08-18 03:00:00+02:00,0.5104782379434095
2021,CO2/CO/NOx,2021-08-18 04:00:00+02:00,0.5343034100474958
2021,CO2/CO/NOx,2021-08-18 05:00:00+02:00,0.5581832259978787
2021,CO2/CO/NOx,2021-08-18 06:00:00+02:00,0.5784628945645782
2021,CO2/CO/NOx,2021-08-18 07:00:00+02:00,0.5843153966208677
2021,CO2/CO/NOx,2021-08-18 08:00:00+02:00,0.579777030893011
2021,CO2/CO/NOx,2021-08-18 09:00:00+02:00,0.5576487624140894
2021,CO2/CO/NOx,2021-08-18 10:00:00+02:00,0.5337980390142643
2021,CO2/CO/NOx,2021-08-18 11:00:00+02:00,0.5095934786772528
2021,CO2/CO/NOx,2021-08-18 12:00:00+02:00,0.48266127320005275
2021,CO2/CO/NOx,2021-08-18 13:00:00+02:00,0.4571087409932844
2021,CO2/CO/NOx,2021-08-18 14:00:00+02:00,0.4274705299699285
2021,CO2/CO/NOx,2021-08-18 15:00:00+02:00,0.4023507803888262
2021,CO2/CO/NOx,2021-08-18 16:00:00+02:00,0.38368826054650657
2021,CO2/CO/NOx,2021-08-18 17:00:00+02:00,0.3787649088865745
2021,CO2/CO/NOx,2021-08-18 18:00:00+02:00,0.3839583421837622
2021,CO2/CO/NOx,2021-08-18 19:00:00+02:00,0.3898389145331528
2021,CO2/CO/NOx,2021-08-18 20:00:00+02:00,0.3999202309546128
2021,CO2/CO/NOx,2021-08-18 21:00:00+02:00,0.4036784928345056
2021,CO2/CO/NOx,2021-08-18 22:00:00+02:00,0.39776601854054044
2021,CO2/CO/NOx,2021-08-18 23:00:00+02:00,0.38390578688252525
2021,CO2/CO/NOx,2021-08-19 00:00:00+02:00,0.3646270507177443
2021,CO2/CO/NOx,2021-08-19 01:00:00+02:00,0.34809275016922114
2021,CO2/CO/NOx,2021-08-19 02:00:00+02:00,0.3446869691354771
2021,CO2/CO/NOx,2021-08-19 03:00:00+02:00,0.3514425740204919
2021,CO2/CO/NOx,2021-08-19 04:00:00+02:00,0.3569964520139971
2021,CO2/CO/NOx,2021-08-19 05:00:00+02:00,0.3762095704649552
2021,CO2/CO/NOx,2021-08-19 06:00:00+02:00,0.3961120050944481
2021,CO2/CO/NOx,2021-08-19 07:00:00+02:00,0.4079174438613142
2021,CO2/CO/NOx,2021-08-19 08:00:00+02:00,0.4080763197867037
2021,CO2/CO/NOx,2021-08-19 09:00:00+02:00,0.39623016054887145
2021,CO2/CO/NOx,2021-08-19 10:00:00+02:00,0.3827771791538591
2021,CO2/CO/NOx,2021-08-19 11:00:00+02:00,0.366017297719401
2021,CO2/CO/NOx,2021-08-19 12:00:00+02:00,0.34706562716997336
2021,CO2/CO/NOx,2021-08-19 13:00:00+02:00,0.33243474039347315
2021,CO2/CO/NOx,2021-08-19 14:00:00+02:00,0.3311264362326571
2021,CO2/CO/NOx,2021-08-19 15:00:00+02:00,0.3307495649664803
2021,CO2/CO/NOx,2021-08-19 16:00:00+02:00,0.3329967590823535
2021,CO2/CO/NOx,2021-08-19 17:00:00+02:00,0.3351960984589336
2021,CO2/CO/NOx,2021-08-19 18:00:00+02:00,0.3421920348719814
2021,CO2/CO/NOx,2021-08-19 19:00:00+02:00,0.34358884457626104
2021,CO2/CO/NOx,2021-08-19 20:00:00+02:00,0.3405577908796145
2021,CO2/CO/NOx,2021-08-19 21:00:00+02:00,0.33313725323428184
2021,CO2/CO/NOx,2021-08-19 22:00:00+02:00,0.3209154563235674
2021,CO2/CO/NOx,2021-08-19 23:00:00+02:00,0.3061477518304627
2021,CO2/CO/NOx,2021-08-20 00:00:00+02:00,0.28522893803637295
2021,CO2/CO/NOx,2021-08-20 01:00:00+02:00,0.27722076941081303
2021,CO2/CO/NOx,2021-08-20 02:00:00+02:00,0.2811805299428378
2021,CO2/CO/NOx,2021-08-20 03:00:00+02:00,0.2990601481748158
2021,CO2/CO/NOx,2021-08-20 04:00:00+02:00,0.31668989881637577
2021,CO2/CO/NOx,2021-08-20 05:00:00+02:00,0.33515298736217103
2021,CO2/CO/NOx,2021-08-20 06:00:00+02:00,0.3506188472567735
2021,CO2/CO/NOx,2021-08-20 07:00:00+02:00,0.3581876572039381
2021,CO2/CO/NOx,2021-08-20 08:00:00+02:00,0.3565351628921224
2021,CO2/CO/NOx,2021-08-20 09:00:00+02:00,0.3433640186114349
2021,CO2/CO/NOx,2021-08-20 10:00:00+02:00,0.3350256141598635
2021,CO2/CO/NOx,2021-08-20 11:00:00+02:00,0.32676082560527103
2021,CO2/CO/NOx,2021-08-20 12:00:00+02:00,0.3219172861890111
2021,CO2/CO/NOx,2021-08-20 13:00:00+02:00,0.3197236957100991
2021,CO2/CO/NOx,2021-08-20 14:00:00+02:00,0.32151821130170816
2021,CO2/CO/NOx,2021-08-20 15:00:00+02:00,0.3250006212891199
2021,CO2/CO/NOx,2021-08-20 16:00:00+02:00,0.32706745454140246
2021,CO2/CO/NOx,2021-08-20 17:00:00+02:00,0.32997640241871956
2021,CO2/CO/NOx,2021-08-20 18:00:00+02:00,0.33562739833813027
2021,CO2/CO/NOx,2021-08-20 19:00:00+02:00,0.33411573702464636
2021,CO2/CO/NOx,2021-08-20 20:00:00+02:00,0.3271411552264482
2021,CO2/CO/NOx,2021-08-20 21:00:00+02:00,0.31957579417144444
2021,CO2/CO/NOx,2021-08-20 22:00:00+02:00,0.3155153978874437
2021,CO2/CO/NOx,2021-08-20 23:00:00+02:00,0.31655724132576485
2021,CO2/CO/NOx,2021-08-21 00:00:00+02:00,0.31573114496445487
2021,CO2/CO/NOx,2021-08-21 01:00:00+02:00,0.31847992530223496
2021,CO2/CO/NOx,2021-08-21 02:00:00+02:00,0.3378959409101318
2021,CO2/CO/NOx,2021-08-21 03:00:00+02:00,0.3626626709377634
2021,CO2/CO/NOx,2021-08-21 04:00:00+02:00,0.37570822710398366
2021,CO2/CO/NOx,2021-08-21 05:00:00+02:00,0.38352643526264685
2021,CO2/CO/NOx,2021-08-21 06:00:00+02:00,0.38852394343246344
2021,CO2/CO/NOx,2021-08-21 07:00:00+02:00,0.3852449654408121
2021,CO2/CO/NOx,2021-08-21 08:00:00+02:00,0.3737371908558298
2021,CO2/CO/NOx,2021-08-21 09:00:00+02:00,0.35661695533597093
2021,CO2/CO/NOx,2021-08-21 10:00:00+02:00,0.3443913449776563
2021,CO2/CO/NOx,2021-08-21 11:00:00+02:00,0.3475629284061942
2021,CO2/CO/NOx,2021-08-21 12:00:00+02:00,0.34790630816297907
2021,CO2/CO/NOx,2021-08-21 13:00:00+02:00,0.3455399589938474
2021,CO2/CO/NOx,2021-08-21 14:00:00+02:00,0.3443490586210184
2021,CO2/CO/NOx,2021-08-21 15:00:00+02:00,0.3455925149687077
2021,CO2/CO/NOx,2021-08-21 16:00:00+02:00,0.3413768715053258
2021,CO2/CO/NOx,2021-08-21 17:00:00+02:00,0.3354127226148575
2021,CO2/CO/NOx,2021-08-21 18:00:00+02:00,0.33270716101819436
2021,CO2/CO/NOx,2021-08-21 19:00:00+02:00,0.3297383012575315
2021,CO2/CO/NOx,2021-08-21 20:00:00+02:00,0.3256191865230269
2021,CO2/CO/NOx,2021-08-21 21:00:00+02:00,0.3166462906647577
2021,CO2/CO/NOx,2021-08-21 22:00:00+02:00,0.3062944190684431
2021,CO2/CO/NOx,2021-08-21 23:00:00+02:00,0.2959989481102344
2021,CO2/CO/NOx,2021-08-22 00:00:00+02:00,0.2888209555233957
2021,CO2/CO/NOx,2021-08-22 01:00:00+02:00,0.2850132647157955
2021,CO2/CO/NOx,2021-08-22 02:00:00+02:00,0.28763361690950145
2021,CO2/CO/NOx,2021-08-22 03:00:00+02:00,0.2927753898544626
2021,CO2/CO/NOx,2021-08-22 04:00:00+02:00,0.2988607691655118
2021,CO2/CO/NOx,2021-08-22 05:00:00+02:00,0.3042846927277238
2021,CO2/CO/NOx,2021-08-22 06:00:00+02:00,0.3112256662506733
2021,CO2/CO/NOx,2021-08-22 07:00:00+02:00,0.3162781460403654
2021,CO2/CO/NOx,2021-08-22 08:00:00+02:00,0.3183583161605432
2021,CO2/CO/NOx,2021-08-22 09:00:00+02:00,0.31843523935357027
2021,CO2/CO/NOx,2021-08-22 10:00:00+02:00,0.31869112250450593
2021,CO2/CO/NOx,2021-08-22 11:00:00+02:00,0.3190952777927177
2021,CO2/CO/NOx,2021-08-22 12:00:00+02:00,0.3164533650506613
2021,CO2/CO/NOx,2021-08-22 13:00:00+02:00,0.31676847585687173
2021,CO2/CO/NOx,2021-08-22 14:00:00+02:00,0.31965228447254007
2021,CO2/CO/NOx,2021-08-22 15:00:00+02:00,0.32516939406643974
2021,CO2/CO/NOx,2021-08-22 16:00:00+02:00,0.3285445951685428
2021,CO2/CO/NOx,2021-08-22 17:00:00+02:00,0.33216502573092344
2021,CO2/CO/NOx,2021-08-22 18:00:00+02:00,0.33920325705159093
2021,CO2/CO/NOx,2021-08-22 19:00:00+02:00,0.34307871789828154
2021,CO2/CO/NOx,2021-08-22 20:00:00+02:00,0.3414607912308934
2021,CO2/CO/NOx,2021-08-22 21:00:00+02:00,0.3315719558373464
2021,CO2/CO/NOx,2021-08-22 22:00:00+02:00,0.32442380215036837
2021,CO2/CO/NOx,2021-08-22 23:00:00+02:00,0.31977441064502027
2021,CO2/CO/NOx,2021-08-23 00:00:00+02:00,0.31165501972984816
2021,CO2/CO/NOx,2021-08-23 01:00:00+02:00,0.3098965380816034
2021,CO2/CO/NOx,2021-08-23 02:00:00+02:00,0.31964834720996826
2021,CO2/CO/NOx,2021-08-23 03:00:00+02:00,0.3379971517915657
2021,CO2/CO/NOx,2021-08-23 04:00:00+02:00,0.3569963929788232
2021,CO2/CO/NOx,2021-08-23 05:00:00+02:00,0.3759851372684285
2021,CO2/CO/NOx,2021-08-23 06:00:00+02:00,0.3893383339625181
2021,CO2/CO/NOx,2021-08-23 07:00:00+02:00,0.4038846811967554
2021,CO2/CO/NOx,2021-08-23 08:00:00+02:00,0.4079475400157905
2021,CO2/CO/NOx,2021-08-23 09:00:00+02:00,0.4000442686730891
2021,CO2/CO/NOx,2021-08-23 10:00:00+02:00,0.3904843152077749
2021,CO2/CO/NOx,2021-08-23 11:00:00+02:00,0.3784634131748035
2021,CO2/CO/NOx,2021-08-23 12:00:00+02:00,0.3638884034346543
2021,CO2/CO/NOx,2021-08-23 13:00:00+02:00,0.3514733612090633
2021,CO2/CO/NOx,2021-08-23 14:00:00+02:00,0.34608006725378665
2021,CO2/CO/NOx,2021-08-23 15:00:00+02:00,0.3459540787126988
2021,CO2/CO/NOx,2021-08-23 16:00:00+02:00,0.3540796689559026
2021,CO2/CO/NOx,2021-08-23 17:00:00+02:00,0.3624137143539505
2021,CO2/CO/NOx,2021-08-23 18:00:00+02:00,0.37887865946438126
2021,CO2/CO/NOx,2021-08-23 19:00:00+02:00,0.38754200580023235
2021,CO2/CO/NOx,2021-08-23 20:00:00+02:00,0.3881619515350261
2021,CO2/CO/NOx,2021-08-23 21:00:00+02:00,0.3786750654569103
2021,CO2/CO/NOx,2021-08-23 22:00:00+02:00,0.36173470380123135
2021,CO2/CO/NOx,2021-08-23 23:00:00+02:00,0.35115884644021267
2021,CO2/CO/NOx,2021-08-24 00:00:00+02:00,0.34245487693802074
2021,CO2/CO/NOx,2021-08-24 01:00:00+02:00,0.3497860442945499
2021,CO2/CO/NOx,2021-08-24 02:00:00+02:00,0.37117281992197126
2021,CO2/CO/NOx,2021-08-24 03:00:00+02:00,0.40702528504475266
2021,CO2/CO/NOx,2021-08-24 04:00:00+02:00,0.4488772271460921
2021,CO2/CO/NOx,2021-08-24 05:00:00+02:00,0.4930384022466943
2021,CO2/CO/NOx,2021-08-24 06:00:00+02:00,0.5274812310577685
2021,CO2/CO/NOx,2021-08-24 07:00:00+02:00,0.5541844963553464
2021,CO2/CO/NOx,2021-08-24 08:00:00+02:00,0.5662756174588872
2021,CO2/CO/NOx,2021-08-24 09:00:00+02:00,0.5583314036000483
2021,CO2/CO/NOx,2021-08-24 10:00:00+02:00,0.5460825384347594
2021,CO2/CO/NOx,2021-08-24 11:00:00+02:00,0.5232064225951584
2021,CO2/CO/NOx,2021-08-24 12:00:00+02:00,0.49144185927755335
2021,CO2/CO/NOx,2021-08-24 13:00:00+02:00,0.46740998185540455
2021,CO2/CO/NOx,2021-08-24 14:00:00+02:00,0.4514882918995458
2021,CO2/CO/NOx,2021-08-24 15:00:00+02:00,0.4456755298744044
2021,CO2/CO/NOx,2021-08-24 16:00:00+02:00,0.4506275783331004
2021,CO2/CO/NOx,2021-08-24 17:00:00+02:00,0.4541771859165739
2021,CO2/CO/NOx,2021-08-24 18:00:00+02:00,0.4679891150428281
2021,CO2/CO/NOx,2021-08-24 19:00:00+02:00,0.4703932767503857
2021,CO2/CO/NOx,2021-08-24 20:00:00+02:00,0.4626945269556583
2021,CO2/CO/NOx,2021-08-24 21:00:00+02:00,0.4470279648323343
2021,CO2/CO/NOx,2021-08-24 22:00:00+02:00,0.4265140138112837
2021,CO2/CO/NOx,2021-08-24 23:00:00+02:00,0.39759216098547084
2021,CO2/CO/NOx,2021-08-25 00:00:00+02:00,0.3677372573645131
2021,CO2/CO/NOx,2021-08-25 01:00:00+02:00,0.3531551774249402
2021,CO2/CO/NOx,2021-08-25 02:00:00+02:00,0.3657129076452165
2021,CO2/CO/NOx,2021-08-25 03:00:00+02:00,0.407756821325224
2021,CO2/CO/NOx,2021-08-25 04:00:00+02:00,0.45223442772633343
2021,CO2/CO/NOx,2021-08-25 05:00:00+02:00,0.5009609683074875
2021,CO2/CO/NOx,2021-08-25 06:00:00+02:00,0.5448542198719992
2021,CO2/CO/NOx,2021-08-25 07:00:00+02:00,0.5629145097336463
2021,CO2/CO/NOx,2021-08-25 08:00:00+02:00,0.5500391647128007
2021,CO2/CO/NOx,2021-08-25 09:00:00+02:00,0.5105262907644113
2021,CO2/CO/NOx,2021-08-25 10:00:00+02:00,0.4721342148223335
2021,CO2/CO/NOx,2021-08-25 11:00:00+02:00,0.43908412434910105
2021,CO2/CO/NOx,2021-08-25 12:00:00+02:00,0.4154608672077401
2021,CO2/CO/NOx,2021-08-25 13:00:00+02:00,0.39926240182499884
2021,CO2/CO/NOx,2021-08-25 14:00:00+02:00,0.39064882237482274
2021,CO2/CO/NOx,2021-08-25 15:00:00+02:00,0.3959129109866296
2021,CO2/CO/NOx,2021-08-25 16:00:00+02:00,0.40027132874150206
2021,CO2/CO/NOx,2021-08-25 17:00:00+02:00,0.4058797047469995
2021,CO2/CO/NOx,2021-08-25 18:00:00+02:00,0.42396759761209596
2021,CO2/CO/NOx,2021-08-25 19:00:00+02:00,0.43963826780929993
2021,CO2/CO/NOx,2021-08-25 20:00:00+02:00,0.4467235208084773
2021,CO2/CO/NOx,2021-08-25 21:00:00+02:00,0.44179711600034377
2021,CO2/CO/NOx,2021-08-25 22:00:00+02:00,0.43280675998963253
2021,CO2/CO/NOx,2021-08-25 23:00:00+02:00,0.4213569021440841
2021,CO2/CO/NOx,2021-08-26 00:00:00+02:00,0.41020354904838047
2021,CO2/CO/NOx,2021-08-26 01:00:00+02:00,0.4001298241435081
2021,CO2/CO/NOx,2021-08-26 02:00:00+02:00,0.4104106505894977
2021,CO2/CO/NOx,2021-08-26 03:00:00+02:00,0.44248785117641626
2021,CO2/CO/NOx,2021-08-26 04:00:00+02:00,0.47701406396510576
2021,CO2/CO/NOx,2021-08-26 05:00:00+02:00,0.5080155146656988
2021,CO2/CO/NOx,2021-08-26 06:00:00+02:00,0.5285859327502118
2021,CO2/CO/NOx,2021-08-26 07:00:00+02:00,0.5415986574014856
2021,CO2/CO/NOx,2021-08-26 08:00:00+02:00,0.5431642524196567
2021,CO2/CO/NOx,2021-08-26 09:00:00+02:00,0.5292061189876176
2021,CO2/CO/NOx,2021-08-26 10:00:00+02:00,0.5083525549713743
2021,CO2/CO/NOx,2021-08-26 11:00:00+02:00,0.4977524935065344
2021,CO2/CO/NOx,2021-08-26 12:00:00+02:00,0.49222215870156427
2021,CO2/CO/NOx,2021-08-26 13:00:00+02:00,0.4914848567458783
2021,CO2/CO/NOx,2021-08-26 14:00:00+02:00,0.4882439483834465
2021,CO2/CO/NOx,2021-08-26 15:00:00+02:00,0.48244642164495005
2021,CO2/CO/NOx,2021-08-26 16:00:00+02:00,0.47179438277202307
2021,CO2/CO/NOx,2021-08-26 17:00:00+02:00,0.4615980910370847
2021,CO2/CO/NOx,2021-08-26 18:00:00+02:00,0.457202820209986
2021,CO2/CO/NOx,2021-08-26 19:00:00+02:00,0.45568159178839446
2021,CO2/CO/NOx,2021-08-26 20:00:00+02:00,0.46312014648024113
2021,CO2/CO/NOx,2021-08-26 21:00:00+02:00,0.47302335033123927
2021,CO2/CO/NOx,2021-08-26 22:00:00+02:00,0.47371334997163705
2021,CO2/CO/NOx,2021-08-26 23:00:00+02:00,0.4824040557945953
2021,CO2/CO/NOx,2021-08-27 00:00:00+02:00,0.48320173925565896
2021,CO2/CO/NOx,2021-08-27 01:00:00+02:00,0.48347108124182986
2021,CO2/CO/NOx,2021-08-27 02:00:00+02:00,0.5006118020912566
2021,CO2/CO/NOx,2021-08-27 03:00:00+02:00,0.5368922535477281
2021,CO2/CO/NOx,2021-08-27 04:00:00+02:00,0.5763207909796015
2021,CO2/CO/NOx,2021-08-27 05:00:00+02:00,0.614899437675684
2021,CO2/CO/NOx,2021-08-27 06:00:00+02:00,0.6438975445174638
2021,CO2/CO/NOx,2021-08-27 07:00:00+02:00,0.6624185608673211
2021,CO2/CO/NOx,2021-08-27 08:00:00+02:00,0.6666832153488461
2021,CO2/CO/NOx,2021-08-27 09:00:00+02:00,0.6455424783149475
2021,CO2/CO/NOx,2021-08-27 10:00:00+02:00,0.6196177134656419
2021,CO2/CO/NOx,2021-08-27 11:00:00+02:00,0.5957632421851919
2021,CO2/CO/NOx,2021-08-27 12:00:00+02:00,0.5684968857359876
2021,CO2/CO/NOx,2021-08-27 13:00:00+02:00,0.5500558474019092
2021,CO2/CO/NOx,2021-08-27 14:00:00+02:00,0.5502808044423955
2021,CO2/CO/NOx,2021-08-27 15:00:00+02:00,0.5720491885950134
2021,CO2/CO/NOx,2021-08-27 16:00:00+02:00,0.5873902162787838
2021,CO2/CO/NOx,2021-08-27 17:00:00+02:00,0.5875447527951467
2021,CO2/CO/NOx,2021-08-27 18:00:00+02:00,0.5822476700077515
2021,CO2/CO/NOx,2021-08-27 19:00:00+02:00,0.5563419795766363
2021,CO2/CO/NOx,2021-08-27 20:00:00+02:00,0.5118808591758028
2021,CO2/CO/NOx,2021-08-27 21:00:00+02:00,0.4714484938132017
2021,CO2/CO/NOx,2021-08-27 22:00:00+02:00,0.4464566145423576
2021,CO2/CO/NOx,2021-08-27 23:00:00+02:00,0.44321955787985445
2021,CO2/CO/NOx,2021-08-28 00:00:00+02:00,0.46132335737843155
2021,CO2/CO/NOx,2021-08-28 01:00:00+02:00,0.48014460540717685
2021,CO2/CO/NOx,2021-08-28 02:00:00+02:00,0.5104039263585195
2021,CO2/CO/NOx,2021-08-28 03:00:00+02:00,0.5485963748055972
2021,CO2/CO/NOx,2021-08-28 04:00:00+02:00,0.5735849884463988
2021,CO2/CO/NOx,2021-08-28 05:00:00+02:00,0.5932656980233577
2021,CO2/CO/NOx,2021-08-28 06:00:00+02:00,0.613692373727259
2021,CO2/CO/NOx,2021-08-28 07:00:00+02:00,0.6213368978101388
2021,CO2/CO/NOx,2021-08-28 08:00:00+02:00,0.6189089858401393
2021,CO2/CO/NOx,2021-08-28 09:00:00+02:00,0.6082699645364589
2021,CO2/CO/NOx,2021-08-28 10:00:00+02:00,0.5956763173526589
2021,CO2/CO/NOx,2021-08-28 11:00:00+02:00,0.5762202084236884
2021,CO2/CO/NOx,2021-08-28 12:00:00+02:00,0.5542664386927387
2021,CO2/CO/NOx,2021-08-28 13:00:00+02:00,0.5401981413374658
2021,CO2/CO/NOx,2021-08-28 14:00:00+02:00,0.5327656811586169
2021,CO2/CO/NOx,2021-08-28 15:00:00+02:00,0.5520161937534241
2021,CO2/CO/NOx,2021-08-28 16:00:00+02:00,0.5809229886423046
2021,CO2/CO/NOx,2021-08-28 17:00:00+02:00,0.6173341773609843
2021,CO2/CO/NOx,2021-08-28 18:00:00+02:00,0.6574525900560774
2021,CO2/CO/NOx,2021-08-28 19:00:00+02:00,0.6798532032875194
2021,CO2/CO/NOx,2021-08-28 20:00:00+02:00,0.678807601215505
2021,CO2/CO/NOx,2021-08-28 21:00:00+02:00,0.6570727772822437
2021,CO2/CO/NOx,2021-08-28 22:00:00+02:00,0.627252082915225
2021,CO2/CO/NOx,2021-08-28 23:00:00+02:00,0.6037328741352121
2021,CO2/CO/NOx,2021-08-29 00:00:00+02:00,0.5928366522313112
2021,CO2/CO/NOx,2021-08-29 01:00:00+02:00,0.5967854226586742
2021,CO2/CO/NOx,2021-08-29 02:00:00+02:00,0.6201746228147949
2021,CO2/CO/NOx,2021-08-29 03:00:00+02:00,0.6576082323947507
2021,CO2/CO/NOx,2021-08-29 04:00:00+02:00,0.6966832939207878
2021,CO2/CO/NOx,2021-08-29 05:00:00+02:00,0.7372923002036982
2021,CO2/CO/NOx,2021-08-29 06:00:00+02:00,0.7693350598331398
2021,CO2/CO/NOx,2021-08-29 07:00:00+02:00,0.7866350544919183
2021,CO2/CO/NOx,2021-08-29 08:00:00+02:00,0.7884872007839087
2021,CO2/CO/NOx,2021-08-29 09:00:00+02:00,0.7662306837894525
2021,CO2/CO/NOx,2021-08-29 10:00:00+02:00,0.740664103844647
2021,CO2/CO/NOx,2021-08-29 11:00:00+02:00,0.7070369228047291
2021,CO2/CO/NOx,2021-08-29 12:00:00+02:00,0.6733047538308907
2021,CO2/CO/NOx,2021-08-29 13:00:00+02:00,0.6591062253774554
2021,CO2/CO/NOx,2021-08-29 14:00:00+02:00,0.650208561621545
2021,CO2/CO/NOx,2021-08-29 15:00:00+02:00,0.658898899288102
2021,CO2/CO/NOx,2021-08-29 16:00:00+02:00,0.6788658176676469
2021,CO2/CO/NOx,2021-08-29 17:00:00+02:00,0.6796981920856838
2021,CO2/CO/NOx,2021-08-29 18:00:00+02:00,0.6760276738298016
2021,CO2/CO/NOx,2021-08-29 19:00:00+02:00,0.6630047018723856
2021,CO2/CO/NOx,2021-08-29 20:00:00+02:00,0.6355574300212411
2021,CO2/CO/NOx,2021-08-29 21:00:00+02:00,0.5986500891654705
2021,CO2/CO/NOx,2021-08-29 22:00:00+02:00,0.5640879317438295
2021,CO2/CO/NOx,2021-08-29 23:00:00+02:00,0.5312382115489622
2021,CO2/CO/NOx,2021-08-30 00:00:00+02:00,0.5111023102068054
2021,CO2/CO/NOx,2021-08-30 01:00:00+02:00,0.5114032478780154
2021,CO2/CO/NOx,2021-08-30 02:00:00+02:00,0.5104749781309318
2021,CO2/CO/NOx,2021-08-30 03:00:00+02:00,0.5277067257280792
2021,CO2/CO/NOx,2021-08-30 04:00:00+02:00,0.5523765983525589
2021,CO2/CO/NOx,2021-08-30 05:00:00+02:00,0.5793322086806159
2021,CO2/CO/NOx,2021-08-30 06:00:00+02:00,0.601046044843971
2021,CO2/CO/NOx,2021-08-30 07:00:00+02:00,0.618704326433327
2021,CO2/CO/NOx,2021-08-30 08:00:00+02:00,0.6239692070969847
2021,CO2/CO/NOx,2021-08-30 09:00:00+02:00,0.608963235733563
2021,CO2/CO/NOx,2021-08-30 10:00:00+02:00,0.597032313011379
2021,CO2/CO/NOx,2021-08-30 11:00:00+02:00,0.5777546331592237
2021,CO2/CO/NOx,2021-08-30 12:00:00+02:00,0.5564634945678151
2021,CO2/CO/NOx,2021-08-30 13:00:00+02:00,0.5417077820881615
2021,CO2/CO/NOx,2021-08-30 14:00:00+02:00,0.5348861154550326
2021,CO2/CO/NOx,2021-08-30 15:00:00+02:00,0.5334778692772976
2021,CO2/CO/NOx,2021-08-30 16:00:00+02:00,0.532850300132297
2021,CO2/CO/NOx,2021-08-30 17:00:00+02:00,0.5216200403470994
2021,CO2/CO/NOx,2021-08-30 18:00:00+02:00,0.5202066254904946
2021,CO2/CO/NOx,2021-08-30 19:00:00+02:00,0.5115085381230585
2021,CO2/CO/NOx,2021-08-30 20:00:00+02:00,0.4966658813903678
2021,CO2/CO/NOx,2021-08-30 21:00:00+02:00,0.47944990164296003
2021,CO2/CO/NOx,2021-08-30 22:00:00+02:00,0.4705088944571634
2021,CO2/CO/NOx,2021-08-30 23:00:00+02:00,0.4659358836726142
2021,CO2/CO/NOx,2021-08-31 00:00:00+02:00,0.4591874845373533
2021,CO2/CO/NOx,2021-08-31 01:00:00+02:00,0.4598773225796192
2021,CO2/CO/NOx,2021-08-31 02:00:00+02:00,0.4689352945882137
2021,CO2/CO/NOx,2021-08-31 03:00:00+02:00,0.49558720980485327
2021,CO2/CO/NOx,2021-08-31 04:00:00+02:00,0.5151393371916133
2021,CO2/CO/NOx,2021-08-31 05:00:00+02:00,0.5343495616538606
2021,CO2/CO/NOx,2021-08-31 06:00:00+02:00,0.5560303388200263
2021,CO2/CO/NOx,2021-08-31 07:00:00+02:00,0.5734835455003392
2021,CO2/CO/NOx,2021-08-31 08:00:00+02:00,0.5779077213296039
2021,CO2/CO/NOx,2021-08-31 09:00:00+02:00,0.569265471825097
2021,CO2/CO/NOx,2021-08-31 10:00:00+02:00,0.5665824004629477
2021,CO2/CO/NOx,2021-08-31 11:00:00+02:00,0.5530152902444709
2021,CO2/CO/NOx,2021-08-31 12:00:00+02:00,0.5278749024623374
2021,CO2/CO/NOx,2021-08-31 13:00:00+02:00,0.5022143002240972
2021,CO2/CO/NOx,2021-08-31 14:00:00+02:00,0.4788931531067709
2021,CO2/CO/NOx,2021-08-31 15:00:00+02:00,0.47128645004407216
2021,CO2/CO/NOx,2021-08-31 16:00:00+02:00,0.4629876213670795
2021,CO2/CO/NOx,2021-08-31 17:00:00+02:00,0.45667949907162864
2021,CO2/CO/NOx,2021-08-31 18:00:00+02:00,0.4635850216851724
2021,CO2/CO/NOx,2021-08-31 19:00:00+02:00,0.46610899460753696
2021,CO2/CO/NOx,2021-08-31 20:00:00+02:00,0.4582495780673957
2021,CO2/CO/NOx,2021-08-31 21:00:00+02:00,0.4433736390668245
2021,CO2/CO/NOx,2021-08-31 22:00:00+02:00,0.43249576705141934
2021,CO2/CO/NOx,2021-08-31 23:00:00+02:00,0.42608509385606924
2021,CO2/CO/NOx,2021-09-01 00:00:00+02:00,0.42301018952323066
2021,CO2/CO/NOx,2021-09-01 01:00:00+02:00,0.43355509777892465
2021,CO2/CO/NOx,2021-09-01 02:00:00+02:00,0.4583100575296432
2021,CO2/CO/NOx,2021-09-01 03:00:00+02:00,0.5014373679280952
2021,CO2/CO/NOx,2021-09-01 04:00:00+02:00,0.5444274361531781
2021,CO2/CO/NOx,2021-09-01 05:00:00+02:00,0.585365498519095
2021,CO2/CO/NOx,2021-09-01 06:00:00+02:00,0.6076901299408035
2021,CO2/CO/NOx,2021-09-01 07:00:00+02:00,0.6160504814900294
2021,CO2/CO/NOx,2021-09-01 08:00:00+02:00,0.6020069821698772
2021,CO2/CO/NOx,2021-09-01 09:00:00+02:00,0.5705748302738036
2021,CO2/CO/NOx,2021-09-01 10:00:00+02:00,0.5352430388100123
2021,CO2/CO/NOx,2021-09-01 11:00:00+02:00,0.4931163949782158
2021,CO2/CO/NOx,2021-09-01 12:00:00+02:00,0.4667804073044948
2021,CO2/CO/NOx,2021-09-01 13:00:00+02:00,0.4540786214768405
2021,CO2/CO/NOx,2021-09-01 14:00:00+02:00,0.445954701330266
2021,CO2/CO/NOx,2021-09-01 15:00:00+02:00,0.44743484904982894
2021,CO2/CO/NOx,2021-09-01 16:00:00+02:00,0.45805681117181307
2021,CO2/CO/NOx,2021-09-01 17:00:00+02:00,0.46400822579659595
2021,CO2/CO/NOx,2021-09-01 18:00:00+02:00,0.48347074009040625
2021,CO2/CO/NOx,2021-09-01 19:00:00+02:00,0.49464432454649526
2021,CO2/CO/NOx,2021-09-01 20:00:00+02:00,0.5010862032348651
2021,CO2/CO/NOx,2021-09-01 21:00:00+02:00,0.50739241365172
2021,CO2/CO/NOx,2021-09-01 22:00:00+02:00,0.5079251984479265
2021,CO2/CO/NOx,2021-09-01 23:00:00+02:00,0.5021194601489835
2021,CO2/CO/NOx,2021-09-02 00:00:00+02:00,0.4917468707561448
2021,CO2/CO/NOx,2021-09-02 01:00:00+02:00,0.5055756382732904
2021,CO2/CO/NOx,2021-09-02 02:00:00+02:00,0.540583433734355
2021,CO2/CO/NOx,2021-09-02 03:00:00+02:00,0.5981203300087382
2021,CO2/CO/NOx,2021-09-02 04:00:00+02:00,0.6462301897764828
2021,CO2/CO/NOx,2021-09-02 05:00:00+02:00,0.6898668167816849
2021,CO2/CO/NOx,2021-09-02 06:00:00+02:00,0.7111818814583248
2021,CO2/CO/NOx,2021-09-02 07:00:00+02:00,0.7103267697283603
2021,CO2/CO/NOx,2021-09-02 08:00:00+02:00,0.6734338426969727
2021,CO2/CO/NOx,2021-09-02 09:00:00+02:00,0.6114148958283696
2021,CO2/CO/NOx,2021-09-02 10:00:00+02:00,0.557028078557741
2021,CO2/CO/NOx,2021-09-02 11:00:00+02:00,0.5045351402009038
2021,CO2/CO/NOx,2021-09-02 12:00:00+02:00,0.4530009336516671
2021,CO2/CO/NOx,2021-09-02 13:00:00+02:00,0.41206563787433725
2021,CO2/CO/NOx,2021-09-02 14:00:00+02:00,0.3865515906309642
2021,CO2/CO/NOx,2021-09-02 15:00:00+02:00,0.36980748791974044
2021,CO2/CO/NOx,2021-09-02 16:00:00+02:00,0.377631992628878
2021,CO2/CO/NOx,2021-09-02 17:00:00+02:00,0.3940632508734276
2021,CO2/CO/NOx,2021-09-02 18:00:00+02:00,0.4228885763542627
2021,CO2/CO/NOx,2021-09-02 19:00:00+02:00,0.4329667229929558
2021,CO2/CO/NOx,2021-09-02 20:00:00+02:00,0.4404778427645739
2021,CO2/CO/NOx,2021-09-02 21:00:00+02:00,0.44191691314362147
2021,CO2/CO/NOx,2021-09-02 22:00:00+02:00,0.44360856529930726
2021,CO2/CO/NOx,2021-09-02 23:00:00+02:00,0.440824995501965
2021,CO2/CO/NOx,2021-09-03 00:00:00+02:00,0.42732010715017543
2021,CO2/CO/NOx,2021-09-03 01:00:00+02:00,0.44109306226666417
2021,CO2/CO/NOx,2021-09-03 02:00:00+02:00,0.473087320626362
2021,CO2/CO/NOx,2021-09-03 03:00:00+02:00,0.5212929788770659
2021,CO2/CO/NOx,2021-09-03 04:00:00+02:00,0.5566703501735852
2021,CO2/CO/NOx,2021-09-03 05:00:00+02:00,0.5896830823530887
2021,CO2/CO/NOx,2021-09-03 06:00:00+02:00,0.6118985526149658
2021,CO2/CO/NOx,2021-09-03 07:00:00+02:00,0.6198251219111172
2021,CO2/CO/NOx,2021-09-03 08:00:00+02:00,0.5996595820048949
2021,CO2/CO/NOx,2021-09-03 09:00:00+02:00,0.5458663228658054
2021,CO2/CO/NOx,2021-09-03 10:00:00+02:00,0.5069363930896394
2021,CO2/CO/NOx,2021-09-03 11:00:00+02:00,0.47265240299512584
2021,CO2/CO/NOx,2021-09-03 12:00:00+02:00,0.4441272548122349
2021,CO2/CO/NOx,2021-09-03 13:00:00+02:00,0.42262162321738145
2021,CO2/CO/NOx,2021-09-03 14:00:00+02:00,0.40824598746290675
2021,CO2/CO/NOx,2021-09-03 15:00:00+02:00,0.4034449916132186
2021,CO2/CO/NOx,2021-09-03 16:00:00+02:00,0.4069985951637244
2021,CO2/CO/NOx,2021-09-03 17:00:00+02:00,0.4036373339100458
2021,CO2/CO/NOx,2021-09-03 18:00:00+02:00,0.40950243573454115
2021,CO2/CO/NOx,2021-09-03 19:00:00+02:00,0.41010906043742523
2021,CO2/CO/NOx,2021-09-03 20:00:00+02:00,0.413810618851587
2021,CO2/CO/NOx,2021-09-03 21:00:00+02:00,0.4271229133634442
2021,CO2/CO/NOx,2021-09-03 22:00:00+02:00,0.4470984433954988
2021,CO2/CO/NOx,2021-09-03 23:00:00+02:00,0.4634973998852797
2021,CO2/CO/NOx,2021-09-04 00:00:00+02:00,0.4715755413284828
2021,CO2/CO/NOx,2021-09-04 01:00:00+02:00,0.48909484314418855
2021,CO2/CO/NOx,2021-09-04 02:00:00+02:00,0.5122845209360816
2021,CO2/CO/NOx,2021-09-04 03:00:00+02:00,0.542362933598595
2021,CO2/CO/NOx,2021-09-04 04:00:00+02:00,0.555821575500458
2021,CO2/CO/NOx,2021-09-04 05:00:00+02:00,0.5832174950940173
2021,CO2/CO/NOx,2021-09-04 06:00:00+02:00,0.6035403138897653
2021,CO2/CO/NOx,2021-09-04 07:00:00+02:00,0.6038227480694355
2021,CO2/CO/NOx,2021-09-04 08:00:00+02:00,0.580160608230173
2021,CO2/CO/NOx,2021-09-04 09:00:00+02:00,0.5304565462336501
2021,CO2/CO/NOx,2021-09-04 10:00:00+02:00,0.4867556991983382
2021,CO2/CO/NOx,2021-09-04 11:00:00+02:00,0.4507305902077235
2021,CO2/CO/NOx,2021-09-04 12:00:00+02:00,0.4252985292144966
2021,CO2/CO/NOx,2021-09-04 13:00:00+02:00,0.4115985423338087
2021,CO2/CO/NOx,2021-09-04 14:00:00+02:00,0.4111082083019615
2021,CO2/CO/NOx,2021-09-04 15:00:00+02:00,0.4100735332698534
2021,CO2/CO/NOx,2021-09-04 16:00:00+02:00,0.4110414080860113
2021,CO2/CO/NOx,2021-09-04 17:00:00+02:00,0.4110632533933362
2021,CO2/CO/NOx,2021-09-04 18:00:00+02:00,0.4120247562905658
2021,CO2/CO/NOx,2021-09-04 19:00:00+02:00,0.41635675156322355
2021,CO2/CO/NOx,2021-09-04 20:00:00+02:00,0.42417828925510503
2021,CO2/CO/NOx,2021-09-04 21:00:00+02:00,0.4340584216442393
2021,CO2/CO/NOx,2021-09-04 22:00:00+02:00,0.4479526975455945
2021,CO2/CO/NOx,2021-09-04 23:00:00+02:00,0.45628274139275116
2021,CO2/CO/NOx,2021-09-05 00:00:00+02:00,0.4606049245968403
2021,CO2/CO/NOx,2021-09-05 01:00:00+02:00,0.4730141867630227
2021,CO2/CO/NOx,2021-09-05 02:00:00+02:00,0.49166770340624105
2021,CO2/CO/NOx,2021-09-05 03:00:00+02:00,0.5177047059202416
2021,CO2/CO/NOx,2021-09-05 04:00:00+02:00,0.5410787573320661
2021,CO2/CO/NOx,2021-09-05 05:00:00+02:00,0.5629599224001226
2021,CO2/CO/NOx,2021-09-05 06:00:00+02:00,0.5777451497247021
2021,CO2/CO/NOx,2021-09-05 07:00:00+02:00,0.5816871956779843
2021,CO2/CO/NOx,2021-09-05 08:00:00+02:00,0.557971719000649
2021,CO2/CO/NOx,2021-09-05 09:00:00+02:00,0.517232903973465
2021,CO2/CO/NOx,2021-09-05 10:00:00+02:00,0.4717133069511413
2021,CO2/CO/NOx,2021-09-05 11:00:00+02:00,0.4357024719635293
2021,CO2/CO/NOx,2021-09-05 12:00:00+02:00,0.41525069325505676
2021,CO2/CO/NOx,2021-09-05 13:00:00+02:00,0.4070445834487424
2021,CO2/CO/NOx,2021-09-05 14:00:00+02:00,0.4029990886647311
2021,CO2/CO/NOx,2021-09-05 15:00:00+02:00,0.4061281554845366
2021,CO2/CO/NOx,2021-09-05 16:00:00+02:00,0.4132306536035663
2021,CO2/CO/NOx,2021-09-05 17:00:00+02:00,0.4114876838661482
2021,CO2/CO/NOx,2021-09-05 18:00:00+02:00,0.41286052190574135
2021,CO2/CO/NOx,2021-09-05 19:00:00+02:00,0.41182799258011527
2021,CO2/CO/NOx,2021-09-05 20:00:00+02:00,0.4141179566356523
2021,CO2/CO/NOx,2021-09-05 21:00:00+02:00,0.42007527688783114
2021,CO2/CO/NOx,2021-09-05 22:00:00+02:00,0.42683070081547614
2021,CO2/CO/NOx,2021-09-05 23:00:00+02:00,0.43542319122052897
2021,CO2/CO/NOx,2021-09-06 00:00:00+02:00,0.4392738292691341
2021,CO2/CO/NOx,2021-09-06 01:00:00+02:00,0.456488777219663
2021,CO2/CO/NOx,2021-09-06 02:00:00+02:00,0.47986561914493664
2021,CO2/CO/NOx,2021-09-06 03:00:00+02:00,0.5192894542844103
2021,CO2/CO/NOx,2021-09-06 04:00:00+02:00,0.5520664543304701
2021,CO2/CO/NOx,2021-09-06 05:00:00+02:00,0.5779039711911541
2021,CO2/CO/NOx,2021-09-06 06:00:00+02:00,0.595582762543503
2021,CO2/CO/NOx,2021-09-06 07:00:00+02:00,0.5966738101579299
2021,CO2/CO/NOx,2021-09-06 08:00:00+02:00,0.5747301945783473
2021,CO2/CO/NOx,2021-09-06 09:00:00+02:00,0.5230196512295722
2021,CO2/CO/NOx,2021-09-06 10:00:00+02:00,0.47868471572282745
2021,CO2/CO/NOx,2021-09-06 11:00:00+02:00,0.4427272666422713
2021,CO2/CO/NOx,2021-09-06 12:00:00+02:00,0.4214434096322555
2021,CO2/CO/NOx,2021-09-06 13:00:00+02:00,0.40740817878426433
2021,CO2/CO/NOx,2021-09-06 14:00:00+02:00,0.4024383482472703
2021,CO2/CO/NOx,2021-09-06 15:00:00+02:00,0.40261905063530556
2021,CO2/CO/NOx,2021-09-06 16:00:00+02:00,0.4060502994021651
2021,CO2/CO/NOx,2021-09-06 17:00:00+02:00,0.40496327218185374
2021,CO2/CO/NOx,2021-09-06 18:00:00+02:00,0.40682585765357626
2021,CO2/CO/NOx,2021-09-06 19:00:00+02:00,0.40815808342406756
2021,CO2/CO/NOx,2021-09-06 20:00:00+02:00,0.4156536072865683
2021,CO2/CO/NOx,2021-09-06 21:00:00+02:00,0.42574455394274063
2021,CO2/CO/NOx,2021-09-06 22:00:00+02:00,0.43731995277747715
2021,CO2/CO/NOx,2021-09-06 23:00:00+02:00,0.4470434629125516
2021,CO2/CO/NOx,2021-09-07 00:00:00+02:00,0.4465510803067846
2021,CO2/CO/NOx,2021-09-07 01:00:00+02:00,0.4591592624446036
2021,CO2/CO/NOx,2021-09-07 02:00:00+02:00,0.48099108300551136
2021,CO2/CO/NOx,2021-09-07 03:00:00+02:00,0.5134759592881613
2021,CO2/CO/NOx,2021-09-07 04:00:00+02:00,0.5373182952091448
2021,CO2/CO/NOx,2021-09-07 05:00:00+02:00,0.5723681862198141
2021,CO2/CO/NOx,2021-09-07 06:00:00+02:00,0.5978568707531069
2021,CO2/CO/NOx,2021-09-07 07:00:00+02:00,0.6053635609318971
2021,CO2/CO/NOx,2021-09-07 08:00:00+02:00,0.5831716133533437
2021,CO2/CO/NOx,2021-09-07 09:00:00+02:00,0.5309692311788706
2021,CO2/CO/NOx,2021-09-07 10:00:00+02:00,0.4819251652263791
2021,CO2/CO/NOx,2021-09-07 11:00:00+02:00,0.4408371896193812
2021,CO2/CO/NOx,2021-09-07 12:00:00+02:00,0.412953675169196
2021,CO2/CO/NOx,2021-09-07 13:00:00+02:00,0.39667481827054174
2021,CO2/CO/NOx,2021-09-07 14:00:00+02:00,0.3962730279470513
2021,CO2/CO/NOx,2021-09-07 15:00:00+02:00,0.40152607496932513
2021,CO2/CO/NOx,2021-09-07 16:00:00+02:00,0.4081412043523387
2021,CO2/CO/NOx,2021-09-07 17:00:00+02:00,0.4091022545947671
2021,CO2/CO/NOx,2021-09-07 18:00:00+02:00,0.4162289255203317
2021,CO2/CO/NOx,2021-09-07 19:00:00+02:00,0.41901182359538136
2021,CO2/CO/NOx,2021-09-07 20:00:00+02:00,0.4181224905286053
2021,CO2/CO/NOx,2021-09-07 21:00:00+02:00,0.4209532952109096
2021,CO2/CO/NOx,2021-09-07 22:00:00+02:00,0.4255089324997456
2021,CO2/CO/NOx,2021-09-07 23:00:00+02:00,0.4260149329774539
2021,CO2/CO/NOx,2021-09-08 00:00:00+02:00,0.4226606875400134
2021,CO2/CO/NOx,2021-09-08 01:00:00+02:00,0.4368704065187299
2021,CO2/CO/NOx,2021-09-08 02:00:00+02:00,0.46807301964530684
2021,CO2/CO/NOx,2021-09-08 03:00:00+02:00,0.514341462637644
2021,CO2/CO/NOx,2021-09-08 04:00:00+02:00,0.5476772082133916
2021,CO2/CO/NOx,2021-09-08 05:00:00+02:00,0.5749652280649872
2021,CO2/CO/NOx,2021-09-08 06:00:00+02:00,0.5976490896090713
2021,CO2/CO/NOx,2021-09-08 07:00:00+02:00,0.6019311721789711
2021,CO2/CO/NOx,2021-09-08 08:00:00+02:00,0.5753452383792438
2021,CO2/CO/NOx,2021-09-08 09:00:00+02:00,0.5262160619337937
2021,CO2/CO/NOx,2021-09-08 10:00:00+02:00,0.47409802651137234
2021,CO2/CO/NOx,2021-09-08 11:00:00+02:00,0.43374744732085135
2021,CO2/CO/NOx,2021-09-08 12:00:00+02:00,0.4083413978460575
2021,CO2/CO/NOx,2021-09-08 13:00:00+02:00,0.391082913382494
2021,CO2/CO/NOx,2021-09-08 14:00:00+02:00,0.38716513648678635
2021,CO2/CO/NOx,2021-09-08 15:00:00+02:00,0.3934677664766401
2021,CO2/CO/NOx,2021-09-08 16:00:00+02:00,0.39345095586734313
2021,CO2/CO/NOx,2021-09-08 17:00:00+02:00,0.3954030510329044
2021,CO2/CO/NOx,2021-09-08 18:00:00+02:00,0.4023121277490909
2021,CO2/CO/NOx,2021-09-08 19:00:00+02:00,0.3938340947787762
2021,CO2/CO/NOx,2021-09-08 20:00:00+02:00,0.3872376830159676
2021,CO2/CO/NOx,2021-09-08 21:00:00+02:00,0.3860740993936839
2021,CO2/CO/NOx,2021-09-08 22:00:00+02:00,0.38496953540315293
2021,CO2/CO/NOx,2021-09-08 23:00:00+02:00,0.3805817912854786
2021,CO2/CO/NOx,2021-09-09 00:00:00+02:00,0.367635710772261
2021,CO2/CO/NOx,2021-09-09 01:00:00+02:00,0.36197181681872176
2021,CO2/CO/NOx,2021-09-09 02:00:00+02:00,0.37781026960921826
2021,CO2/CO/NOx,2021-09-09 03:00:00+02:00,0.40831610140279234
2021,CO2/CO/NOx,2021-09-09 04:00:00+02:00,0.4351649381636796
2021,CO2/CO/NOx,2021-09-09 05:00:00+02:00,0.4543498308347449
2021,CO2/CO/NOx,2021-09-09 06:00:00+02:00,0.4717244536682292
2021,CO2/CO/NOx,2021-09-09 07:00:00+02:00,0.4723293822422265
2021,CO2/CO/NOx,2021-09-09 08:00:00+02:00,0.45394018667505415
2021,CO2/CO/NOx,2021-09-09 09:00:00+02:00,0.41864835248407617
2021,CO2/CO/NOx,2021-09-09 10:00:00+02:00,0.39282902633053146
2021,CO2/CO/NOx,2021-09-09 11:00:00+02:00,0.37347442257841307
2021,CO2/CO/NOx,2021-09-09 12:00:00+02:00,0.36710058949977614
2021,CO2/CO/NOx,2021-09-09 13:00:00+02:00,0.365986667714249
2021,CO2/CO/NOx,2021-09-09 14:00:00+02:00,0.3637211021233334
2021,CO2/CO/NOx,2021-09-09 15:00:00+02:00,0.36446677882977085
2021,CO2/CO/NOx,2021-09-09 16:00:00+02:00,0.3611458519722011
2021,CO2/CO/NOx,2021-09-09 17:00:00+02:00,0.3575568046100741
2021,CO2/CO/NOx,2021-09-09 18:00:00+02:00,0.36021869789450744
2021,CO2/CO/NOx,2021-09-09 19:00:00+02:00,0.35857135117510835
2021,CO2/CO/NOx,2021-09-09 20:00:00+02:00,0.3518180305071935
2021,CO2/CO/NOx,2021-09-09 21:00:00+02:00,0.34179862558222124
2021,CO2/CO/NOx,2021-09-09 22:00:00+02:00,0.32732595271222303
2021,CO2/CO/NOx,2021-09-09 23:00:00+02:00,0.3124584828200516
2021,CO2/CO/NOx,2021-09-10 00:00:00+02:00,0.29442305586767314
2021,CO2/CO/NOx,2021-09-10 01:00:00+02:00,0.28948555521074465
2021,CO2/CO/NOx,2021-09-10 02:00:00+02:00,0.2991660023889024
2021,CO2/CO/NOx,2021-09-10 03:00:00+02:00,0.32941725214350265
2021,CO2/CO/NOx,2021-09-10 04:00:00+02:00,0.3562046206958838
2021,CO2/CO/NOx,2021-09-10 05:00:00+02:00,0.3795496010056067
2021,CO2/CO/NOx,2021-09-10 06:00:00+02:00,0.3995692569328966
2021,CO2/CO/NOx,2021-09-10 07:00:00+02:00,0.40547575854843565
2021,CO2/CO/NOx,2021-09-10 08:00:00+02:00,0.3982070524627112
2021,CO2/CO/NOx,2021-09-10 09:00:00+02:00,0.3779804562381118
2021,CO2/CO/NOx,2021-09-10 10:00:00+02:00,0.3608898441306044
2021,CO2/CO/NOx,2021-09-10 11:00:00+02:00,0.3489322181984851
2021,CO2/CO/NOx,2021-09-10 12:00:00+02:00,0.3470871148485116
2021,CO2/CO/NOx,2021-09-10 13:00:00+02:00,0.34573851223418645
2021,CO2/CO/NOx,2021-09-10 14:00:00+02:00,0.3479277185251411
2021,CO2/CO/NOx,2021-09-10 15:00:00+02:00,0.3545593417441786
2021,CO2/CO/NOx,2021-09-10 16:00:00+02:00,0.35956196738589263
2021,CO2/CO/NOx,2021-09-10 17:00:00+02:00,0.36446903510444323
2021,CO2/CO/NOx,2021-09-10 18:00:00+02:00,0.3709411974744785
2021,CO2/CO/NOx,2021-09-10 19:00:00+02:00,0.3698499994230166
2021,CO2/CO/NOx,2021-09-10 20:00:00+02:00,0.3637083735463308
2021,CO2/CO/NOx,2021-09-10 21:00:00+02:00,0.35485701135587944
2021,CO2/CO/NOx,2021-09-10 22:00:00+02:00,0.3421678049205407
2021,CO2/CO/NOx,2021-09-10 23:00:00+02:00,0.3264497268005549
2021,CO2/CO/NOx,2021-09-11 00:00:00+02:00,0.30895993022478174
2021,CO2/CO/NOx,2021-09-11 01:00:00+02:00,0.29688800797567444
2021,CO2/CO/NOx,2021-09-11 02:00:00+02:00,0.297209809901289
2021,CO2/CO/NOx,2021-09-11 03:00:00+02:00,0.31069460622262973
2021,CO2/CO/NOx,2021-09-11 04:00:00+02:00,0.3285966950317084
2021,CO2/CO/NOx,2021-09-11 05:00:00+02:00,0.34705531295273173
2021,CO2/CO/NOx,2021-09-11 06:00:00+02:00,0.3653274132844502
2021,CO2/CO/NOx,2021-09-11 07:00:00+02:00,0.37685054069727764
2021,CO2/CO/NOx,2021-09-11 08:00:00+02:00,0.37988531064494957
2021,CO2/CO/NOx,2021-09-11 09:00:00+02:00,0.3734107717574735
2021,CO2/CO/NOx,2021-09-11 10:00:00+02:00,0.3638738001738231
2021,CO2/CO/NOx,2021-09-11 11:00:00+02:00,0.35794752687209935
2021,CO2/CO/NOx,2021-09-11 12:00:00+02:00,0.35478019904769253
2021,CO2/CO/NOx,2021-09-11 13:00:00+02:00,0.3546126580815412
2021,CO2/CO/NOx,2021-09-11 14:00:00+02:00,0.3547456552112086
2021,CO2/CO/NOx,2021-09-11 15:00:00+02:00,0.35759747474904663
2021,CO2/CO/NOx,2021-09-11 16:00:00+02:00,0.359715926721298
2021,CO2/CO/NOx,2021-09-11 17:00:00+02:00,0.36269236294651724
2021,CO2/CO/NOx,2021-09-11 18:00:00+02:00,0.36980585360169205
2021,CO2/CO/NOx,2021-09-11 19:00:00+02:00,0.37175928518763196
2021,CO2/CO/NOx,2021-09-11 20:00:00+02:00,0.3703619699321217
2021,CO2/CO/NOx,2021-09-11 21:00:00+02:00,0.3680940057472118
2021,CO2/CO/NOx,2021-09-11 22:00:00+02:00,0.36675913172328256
2021,CO2/CO/NOx,2021-09-11 23:00:00+02:00,0.36295314205927753
2021,CO2/CO/NOx,2021-09-12 00:00:00+02:00,0.35851346749655383
2021,CO2/CO/NOx,2021-09-12 01:00:00+02:00,0.365435430195781
2021,CO2/CO/NOx,2021-09-12 02:00:00+02:00,0.3834632024050959
2021,CO2/CO/NOx,2021-09-12 03:00:00+02:00,0.4055839775984376
2021,CO2/CO/NOx,2021-09-12 04:00:00+02:00,0.4222073215529564
2021,CO2/CO/NOx,2021-09-12 05:00:00+02:00,0.4352496771414934
2021,CO2/CO/NOx,2021-09-12 06:00:00+02:00,0.4479574270526084
2021,CO2/CO/NOx,2021-09-12 07:00:00+02:00,0.44838192801656984
2021,CO2/CO/NOx,2021-09-12 08:00:00+02:00,0.43558880138525935
2021,CO2/CO/NOx,2021-09-12 09:00:00+02:00,0.41841601682479473
2021,CO2/CO/NOx,2021-09-12 10:00:00+02:00,0.4068465610213082
2021,CO2/CO/NOx,2021-09-12 11:00:00+02:00,0.39769044996281483
2021,CO2/CO/NOx,2021-09-12 12:00:00+02:00,0.3866148432142784
2021,CO2/CO/NOx,2021-09-12 13:00:00+02:00,0.37808716554469207
2021,CO2/CO/NOx,2021-09-12 14:00:00+02:00,0.37112514035870736
2021,CO2/CO/NOx,2021-09-12 15:00:00+02:00,0.3695715687613298
2021,CO2/CO/NOx,2021-09-12 16:00:00+02:00,0.3683339769852435
2021,CO2/CO/NOx,2021-09-12 17:00:00+02:00,0.3668005550461615
2021,CO2/CO/NOx,2021-09-12 18:00:00+02:00,0.3735771392929226
2021,CO2/CO/NOx,2021-09-12 19:00:00+02:00,0.3783715626455186
2021,CO2/CO/NOx,2021-09-12 20:00:00+02:00,0.3802206803022757
2021,CO2/CO/NOx,2021-09-12 21:00:00+02:00,0.3756116263521241
2021,CO2/CO/NOx,2021-09-12 22:00:00+02:00,0.36511544764791015
2021,CO2/CO/NOx,2021-09-12 23:00:00+02:00,0.3561154154340711
2021,CO2/CO/NOx,2021-09-13 00:00:00+02:00,0.3431915180781952
2021,CO2/CO/NOx,2021-09-13 01:00:00+02:00,0.3442749508083475
2021,CO2/CO/NOx,2021-09-13 02:00:00+02:00,0.35095846484633547
2021,CO2/CO/NOx,2021-09-13 03:00:00+02:00,0.3712192303013093
2021,CO2/CO/NOx,2021-09-13 04:00:00+02:00,0.3944433663926854
2021,CO2/CO/NOx,2021-09-13 05:00:00+02:00,0.4128989258414664
2021,CO2/CO/NOx,2021-09-13 06:00:00+02:00,0.4270244763266467
2021,CO2/CO/NOx,2021-09-13 07:00:00+02:00,0.4324428792321951
2021,CO2/CO/NOx,2021-09-13 08:00:00+02:00,0.4302429423928963
2021,CO2/CO/NOx,2021-09-13 09:00:00+02:00,0.41243472774102646
2021,CO2/CO/NOx,2021-09-13 10:00:00+02:00,0.39838001123436206
2021,CO2/CO/NOx,2021-09-13 11:00:00+02:00,0.3825564679138875
2021,CO2/CO/NOx,2021-09-13 12:00:00+02:00,0.36965040676448824
2021,CO2/CO/NOx,2021-09-13 13:00:00+02:00,0.36266542414047503
2021,CO2/CO/NOx,2021-09-13 14:00:00+02:00,0.35546110920113844
2021,CO2/CO/NOx,2021-09-13 15:00:00+02:00,0.35332325996352254
2021,CO2/CO/NOx,2021-09-13 16:00:00+02:00,0.36046645875265854
2021,CO2/CO/NOx,2021-09-13 17:00:00+02:00,0.36581265444544353
2021,CO2/CO/NOx,2021-09-13 18:00:00+02:00,0.37612251217517484
2021,CO2/CO/NOx,2021-09-13 19:00:00+02:00,0.37968621631083765
2021,CO2/CO/NOx,2021-09-13 20:00:00+02:00,0.3761053544916119
2021,CO2/CO/NOx,2021-09-13 21:00:00+02:00,0.36563626728383236
2021,CO2/CO/NOx,2021-09-13 22:00:00+02:00,0.35515851685433814
2021,CO2/CO/NOx,2021-09-13 23:00:00+02:00,0.34784027598828976
2021,CO2/CO/NOx,2021-09-14 00:00:00+02:00,0.33774209506085784
2021,CO2/CO/NOx,2021-09-14 01:00:00+02:00,0.3386361769862928
2021,CO2/CO/NOx,2021-09-14 02:00:00+02:00,0.35091253551393914
2021,CO2/CO/NOx,2021-09-14 03:00:00+02:00,0.37768036831359014
2021,CO2/CO/NOx,2021-09-14 04:00:00+02:00,0.40362291208782547
2021,CO2/CO/NOx,2021-09-14 05:00:00+02:00,0.42328887570038415
2021,CO2/CO/NOx,2021-09-14 06:00:00+02:00,0.4376139623715237
2021,CO2/CO/NOx,2021-09-14 07:00:00+02:00,0.44085315184041934
2021,CO2/CO/NOx,2021-09-14 08:00:00+02:00,0.43371484890417805
2021,CO2/CO/NOx,2021-09-14 09:00:00+02:00,0.4113473413213983
2021,CO2/CO/NOx,2021-09-14 10:00:00+02:00,0.38856567218867516
2021,CO2/CO/NOx,2021-09-14 11:00:00+02:00,0.37467927158424374
2021,CO2/CO/NOx,2021-09-14 12:00:00+02:00,0.36693742272306323
2021,CO2/CO/NOx,2021-09-14 13:00:00+02:00,0.3653152439545843
2021,CO2/CO/NOx,2021-09-14 14:00:00+02:00,0.3639819649128155
2021,CO2/CO/NOx,2021-09-14 15:00:00+02:00,0.36611022690887973
2021,CO2/CO/NOx,2021-09-14 16:00:00+02:00,0.3626552580134753
2021,CO2/CO/NOx,2021-09-14 17:00:00+02:00,0.3610305830761455
2021,CO2/CO/NOx,2021-09-14 18:00:00+02:00,0.36403272503424744
2021,CO2/CO/NOx,2021-09-14 19:00:00+02:00,0.36479562168413154
2021,CO2/CO/NOx,2021-09-14 20:00:00+02:00,0.35929204437574647
2021,CO2/CO/NOx,2021-09-14 21:00:00+02:00,0.34898203245436943
2021,CO2/CO/NOx,2021-09-14 22:00:00+02:00,0.33388755685088245
2021,CO2/CO/NOx,2021-09-14 23:00:00+02:00,0.3171917570614956
2021,CO2/CO/NOx,2021-09-15 00:00:00+02:00,0.29665011611421477
2021,CO2/CO/NOx,2021-09-15 01:00:00+02:00,0.2882209365973894
2021,CO2/CO/NOx,2021-09-15 02:00:00+02:00,0.295864128130425
2021,CO2/CO/NOx,2021-09-15 03:00:00+02:00,0.31688148305898756
2021,CO2/CO/NOx,2021-09-15 04:00:00+02:00,0.34004657809714944
2021,CO2/CO/NOx,2021-09-15 05:00:00+02:00,0.36222352422601556
2021,CO2/CO/NOx,2021-09-15 06:00:00+02:00,0.3816898656932497
2021,CO2/CO/NOx,2021-09-15 07:00:00+02:00,0.39277009433705007
2021,CO2/CO/NOx,2021-09-15 08:00:00+02:00,0.39119942932395296
2021,CO2/CO/NOx,2021-09-15 09:00:00+02:00,0.37627416513257655
2021,CO2/CO/NOx,2021-09-15 10:00:00+02:00,0.3637236419520303
2021,CO2/CO/NOx,2021-09-15 11:00:00+02:00,0.35327063237472
2021,CO2/CO/NOx,2021-09-15 12:00:00+02:00,0.3465055551598808
2021,CO2/CO/NOx,2021-09-15 13:00:00+02:00,0.34360560564311576
2021,CO2/CO/NOx,2021-09-15 14:00:00+02:00,0.3460120604421297
2021,CO2/CO/NOx,2021-09-15 15:00:00+02:00,0.351522801705314
2021,CO2/CO/NOx,2021-09-15 16:00:00+02:00,0.35668202434794993
2021,CO2/CO/NOx,2021-09-15 17:00:00+02:00,0.3599655479436094
2021,CO2/CO/NOx,2021-09-15 18:00:00+02:00,0.3657852751905393
2021,CO2/CO/NOx,2021-09-15 19:00:00+02:00,0.3649961028967962
2021,CO2/CO/NOx,2021-09-15 20:00:00+02:00,0.3590014120538609
2021,CO2/CO/NOx,2021-09-15 21:00:00+02:00,0.3492665432291141
2021,CO2/CO/NOx,2021-09-15 22:00:00+02:00,0.337521751948731
2021,CO2/CO/NOx,2021-09-15 23:00:00+02:00,0.3253293424610331
2021,CO2/CO/NOx,2021-09-16 00:00:00+02:00,0.3094611427796596
2021,CO2/CO/NOx,2021-09-16 01:00:00+02:00,0.3044397244448487
2021,CO2/CO/NOx,2021-09-16 02:00:00+02:00,0.3120333334636388
2021,CO2/CO/NOx,2021-09-16 03:00:00+02:00,0.3315007795176997
2021,CO2/CO/NOx,2021-09-16 04:00:00+02:00,0.3492684990068626
2021,CO2/CO/NOx,2021-09-16 05:00:00+02:00,0.36544734279708024
2021,CO2/CO/NOx,2021-09-16 06:00:00+02:00,0.3794667238758933
2021,CO2/CO/NOx,2021-09-16 07:00:00+02:00,0.3865087679225701
2021,CO2/CO/NOx,2021-09-16 08:00:00+02:00,0.3851309143894853
2021,CO2/CO/NOx,2021-09-16 09:00:00+02:00,0.3742263160916605
2021,CO2/CO/NOx,2021-09-16 10:00:00+02:00,0.3684254186329326
2021,CO2/CO/NOx,2021-09-16 11:00:00+02:00,0.3641827467070359
2021,CO2/CO/NOx,2021-09-16 12:00:00+02:00,0.360173468589901
2021,CO2/CO/NOx,2021-09-16 13:00:00+02:00,0.35930322256712455
2021,CO2/CO/NOx,2021-09-16 14:00:00+02:00,0.36257748836354403
2021,CO2/CO/NOx,2021-09-16 15:00:00+02:00,0.3700816462899804
2021,CO2/CO/NOx,2021-09-16 16:00:00+02:00,0.3767197905407027
2021,CO2/CO/NOx,2021-09-16 17:00:00+02:00,0.3826389184623446
2021,CO2/CO/NOx,2021-09-16 18:00:00+02:00,0.3904647025227319
2021,CO2/CO/NOx,2021-09-16 19:00:00+02:00,0.3900475056329841
2021,CO2/CO/NOx,2021-09-16 20:00:00+02:00,0.38519760573236217
2021,CO2/CO/NOx,2021-09-16 21:00:00+02:00,0.3724209204907431
2021,CO2/CO/NOx,2021-09-16 22:00:00+02:00,0.36379468887519484
2021,CO2/CO/NOx,2021-09-16 23:00:00+02:00,0.36305242147873
2021,CO2/CO/NOx,2021-09-17 00:00:00+02:00,0.3690434197693257
2021,CO2/CO/NOx,2021-09-17 01:00:00+02:00,0.38957628512431886
2021,CO2/CO/NOx,2021-09-17 02:00:00+02:00,0.42124120945872934
2021,CO2/CO/NOx,2021-09-17 03:00:00+02:00,0.4647779110892062
2021,CO2/CO/NOx,2021-09-17 04:00:00+02:00,0.5008124037983676
2021,CO2/CO/NOx,2021-09-17 05:00:00+02:00,0.5330102716754812
2021,CO2/CO/NOx,2021-09-17 06:00:00+02:00,0.5494516278574797
2021,CO2/CO/NOx,2021-09-17 07:00:00+02:00,0.5535758725712755
2021,CO2/CO/NOx,2021-09-17 08:00:00+02:00,0.5501212326323114
2021,CO2/CO/NOx,2021-09-17 09:00:00+02:00,0.5382003615775395
2021,CO2/CO/NOx,2021-09-17 10:00:00+02:00,0.52336314130711
2021,CO2/CO/NOx,2021-09-17 11:00:00+02:00,0.5078162473171027
2021,CO2/CO/NOx,2021-09-17 12:00:00+02:00,0.4941210565536517
2021,CO2/CO/NOx,2021-09-17 13:00:00+02:00,0.4790221019728168
2021,CO2/CO/NOx,2021-09-17 14:00:00+02:00,0.46991127522900134
2021,CO2/CO/NOx,2021-09-17 15:00:00+02:00,0.4622893888475978
2021,CO2/CO/NOx,2021-09-17 16:00:00+02:00,0.4595432371896024
2021,CO2/CO/NOx,2021-09-17 17:00:00+02:00,0.4637229882867201
2021,CO2/CO/NOx,2021-09-17 18:00:00+02:00,0.4828390071072056
2021,CO2/CO/NOx,2021-09-17 19:00:00+02:00,0.5016779590036304
2021,CO2/CO/NOx,2021-09-17 20:00:00+02:00,0.5250687983444294
2021,CO2/CO/NOx,2021-09-17 21:00:00+02:00,0.5437881402844518
2021,CO2/CO/NOx,2021-09-17 22:00:00+02:00,0.5592044534866816
2021,CO2/CO/NOx,2021-09-17 23:00:00+02:00,0.5685791536188706
2021,CO2/CO/NOx,2021-09-18 00:00:00+02:00,0.5581116413418007
2021,CO2/CO/NOx,2021-09-18 01:00:00+02:00,0.5559236854422337
2021,CO2/CO/NOx,2021-09-18 02:00:00+02:00,0.5753834744196167
2021,CO2/CO/NOx,2021-09-18 03:00:00+02:00,0.6219347659546008
2021,CO2/CO/NOx,2021-09-18 04:00:00+02:00,0.675806345539554
2021,CO2/CO/NOx,2021-09-18 05:00:00+02:00,0.7201358756277851
2021,CO2/CO/NOx,2021-09-18 06:00:00+02:00,0.7495110712779056
2021,CO2/CO/NOx,2021-09-18 07:00:00+02:00,0.7633932233038218
2021,CO2/CO/NOx,2021-09-18 08:00:00+02:00,0.7409976388625017
2021,CO2/CO/NOx,2021-09-18 09:00:00+02:00,0.6747297263589054
2021,CO2/CO/NOx,2021-09-18 10:00:00+02:00,0.6085737388052131
2021,CO2/CO/NOx,2021-09-18 11:00:00+02:00,0.5476442792679667
2021,CO2/CO/NOx,2021-09-18 12:00:00+02:00,0.49482942577177785
2021,CO2/CO/NOx,2021-09-18 13:00:00+02:00,0.45490434729563467
2021,CO2/CO/NOx,2021-09-18 14:00:00+02:00,0.420033524947164
2021,CO2/CO/NOx,2021-09-18 15:00:00+02:00,0.4196026540984581
2021,CO2/CO/NOx,2021-09-18 16:00:00+02:00,0.45783810990681456
2021,CO2/CO/NOx,2021-09-18 17:00:00+02:00,0.49235612457341393
2021,CO2/CO/NOx,2021-09-18 18:00:00+02:00,0.5179182375580692
2021,CO2/CO/NOx,2021-09-18 19:00:00+02:00,0.5326715521547855
2021,CO2/CO/NOx,2021-09-18 20:00:00+02:00,0.5328771269757474
2021,CO2/CO/NOx,2021-09-18 21:00:00+02:00,0.524718262970888
2021,CO2/CO/NOx,2021-09-18 22:00:00+02:00,0.5109837184042879
2021,CO2/CO/NOx,2021-09-18 23:00:00+02:00,0.4942025719459919
2021,CO2/CO/NOx,2021-09-19 00:00:00+02:00,0.4951586953990123
2021,CO2/CO/NOx,2021-09-19 01:00:00+02:00,0.519716396887378
2021,CO2/CO/NOx,2021-09-19 02:00:00+02:00,0.5338104254898322
2021,CO2/CO/NOx,2021-09-19 03:00:00+02:00,0.5543596681982953
2021,CO2/CO/NOx,2021-09-19 04:00:00+02:00,0.5817322256575806
2021,CO2/CO/NOx,2021-09-19 05:00:00+02:00,0.6109100418586252
2021,CO2/CO/NOx,2021-09-19 06:00:00+02:00,0.6392535229534044
2021,CO2/CO/NOx,2021-09-19 07:00:00+02:00,0.6625155599836093
2021,CO2/CO/NOx,2021-09-19 08:00:00+02:00,0.6764902699113742
2021,CO2/CO/NOx,2021-09-19 09:00:00+02:00,0.6765866863610102
2021,CO2/CO/NOx,2021-09-19 10:00:00+02:00,0.6626374462585144
2021,CO2/CO/NOx,2021-09-19 11:00:00+02:00,0.6262755375794483
2021,CO2/CO/NOx,2021-09-19 12:00:00+02:00,0.5851314466965583
2021,CO2/CO/NOx,2021-09-19 13:00:00+02:00,0.5491473133416824
2021,CO2/CO/NOx,2021-09-19 14:00:00+02:00,0.5104911228514469
2021,CO2/CO/NOx,2021-09-19 15:00:00+02:00,0.48920417070442274
2021,CO2/CO/NOx,2021-09-19 16:00:00+02:00,0.49322386051371964
2021,CO2/CO/NOx,2021-09-19 17:00:00+02:00,0.5171266399192497
2021,CO2/CO/NOx,2021-09-19 18:00:00+02:00,0.551874957498876
2021,CO2/CO/NOx,2021-09-19 19:00:00+02:00,0.5712177745676102
2021,CO2/CO/NOx,2021-09-19 20:00:00+02:00,0.5801424547080883
2021,CO2/CO/NOx,2021-09-19 21:00:00+02:00,0.5674714219799584
2021,CO2/CO/NOx,2021-09-19 22:00:00+02:00,0.5448470376242096
2021,CO2/CO/NOx,2021-09-19 23:00:00+02:00,0.5145546349608834
2021,CO2/CO/NOx,2021-09-20 00:00:00+02:00,0.4828156381187146
2021,CO2/CO/NOx,2021-09-20 01:00:00+02:00,0.4762325197945564
2021,CO2/CO/NOx,2021-09-20 02:00:00+02:00,0.4861078587152126
2021,CO2/CO/NOx,2021-09-20 03:00:00+02:00,0.51796952346361
2021,CO2/CO/NOx,2021-09-20 04:00:00+02:00,0.5575445907753886
2021,CO2/CO/NOx,2021-09-20 05:00:00+02:00,0.5976386643946994
2021,CO2/CO/NOx,2021-09-20 06:00:00+02:00,0.6431424819070433
2021,CO2/CO/NOx,2021-09-20 07:00:00+02:00,0.6838793687568803
2021,CO2/CO/NOx,2021-09-20 08:00:00+02:00,0.7069241565826607
2021,CO2/CO/NOx,2021-09-20 09:00:00+02:00,0.6985964563571865
2021,CO2/CO/NOx,2021-09-20 10:00:00+02:00,0.6827329139051548
2021,CO2/CO/NOx,2021-09-20 11:00:00+02:00,0.6439134392017227
2021,CO2/CO/NOx,2021-09-20 12:00:00+02:00,0.6045721801928442
2021,CO2/CO/NOx,2021-09-20 13:00:00+02:00,0.5790092829455057
2021,CO2/CO/NOx,2021-09-20 14:00:00+02:00,0.5570917143588993
2021,CO2/CO/NOx,2021-09-20 15:00:00+02:00,0.56545762808945
2021,CO2/CO/NOx,2021-09-20 16:00:00+02:00,0.5884928091776165
2021,CO2/CO/NOx,2021-09-20 17:00:00+02:00,0.6203578494770083
2021,CO2/CO/NOx,2021-09-20 18:00:00+02:00,0.6548318868735719
2021,CO2/CO/NOx,2021-09-20 19:00:00+02:00,0.6773406808257753
2021,CO2/CO/NOx,2021-09-20 20:00:00+02:00,0.6736177965642405
2021,CO2/CO/NOx,2021-09-20 21:00:00+02:00,0.6604994419237781
2021,CO2/CO/NOx,2021-09-20 22:00:00+02:00,0.6410668078806194
2021,CO2/CO/NOx,2021-09-20 23:00:00+02:00,0.6142588064273466
2021,CO2/CO/NOx,2021-09-21 00:00:00+02:00,0.5814733341459791
2021,CO2/CO/NOx,2021-09-21 01:00:00+02:00,0.569966791269198
2021,CO2/CO/NOx,2021-09-21 02:00:00+02:00,0.5765098060090597
2021,CO2/CO/NOx,2021-09-21 03:00:00+02:00,0.5980265755144877
2021,CO2/CO/NOx,2021-09-21 04:00:00+02:00,0.628651335537464
2021,CO2/CO/NOx,2021-09-21 05:00:00+02:00,0.6658021412343482
2021,CO2/CO/NOx,2021-09-21 06:00:00+02:00,0.7039837384057664
2021,CO2/CO/NOx,2021-09-21 07:00:00+02:00,0.7294557790140266
2021,CO2/CO/NOx,2021-09-21 08:00:00+02:00,0.7467800511026779
2021,CO2/CO/NOx,2021-09-21 09:00:00+02:00,0.7396351814500509
2021,CO2/CO/NOx,2021-09-21 10:00:00+02:00,0.7286590979063208
2021,CO2/CO/NOx,2021-09-21 11:00:00+02:00,0.7047486950349209
2021,CO2/CO/NOx,2021-09-21 12:00:00+02:00,0.6774179090197133
2021,CO2/CO/NOx,2021-09-21 13:00:00+02:00,0.6605453016007513
2021,CO2/CO/NOx,2021-09-21 14:00:00+02:00,0.6524067847316654
2021,CO2/CO/NOx,2021-09-21 15:00:00+02:00,0.6450610350869249
2021,CO2/CO/NOx,2021-09-21 16:00:00+02:00,0.6523830256036157
2021,CO2/CO/NOx,2021-09-21 17:00:00+02:00,0.6738881861147559
2021,CO2/CO/NOx,2021-09-21 18:00:00+02:00,0.6948938614413082
2021,CO2/CO/NOx,2021-09-21 19:00:00+02:00,0.7050792894861642
2021,CO2/CO/NOx,2021-09-21 20:00:00+02:00,0.693674838751109
2021,CO2/CO/NOx,2021-09-21 21:00:00+02:00,0.6782027090556717
2021,CO2/CO/NOx,2021-09-21 22:00:00+02:00,0.6670456628473536
2021,CO2/CO/NOx,2021-09-21 23:00:00+02:00,0.6497984410370018
2021,CO2/CO/NOx,2021-09-22 00:00:00+02:00,0.6267457096517883
2021,CO2/CO/NOx,2021-09-22 01:00:00+02:00,0.6309187594204978
2021,CO2/CO/NOx,2021-09-22 02:00:00+02:00,0.6700330599990278
2021,CO2/CO/NOx,2021-09-22 03:00:00+02:00,0.7420992321026697
2021,CO2/CO/NOx,2021-09-22 04:00:00+02:00,0.807489618987282
2021,CO2/CO/NOx,2021-09-22 05:00:00+02:00,0.8500325822904503
2021,CO2/CO/NOx,2021-09-22 06:00:00+02:00,0.8796935716597167
2021,CO2/CO/NOx,2021-09-22 07:00:00+02:00,0.8878651341142135
2021,CO2/CO/NOx,2021-09-22 08:00:00+02:00,0.853619124081127
2021,CO2/CO/NOx,2021-09-22 09:00:00+02:00,0.7852780262226031
2021,CO2/CO/NOx,2021-09-22 10:00:00+02:00,0.7188276725281014
2021,CO2/CO/NOx,2021-09-22 11:00:00+02:00,0.6700782166518254
2021,CO2/CO/NOx,2021-09-22 12:00:00+02:00,0.6412685240341098
2021,CO2/CO/NOx,2021-09-22 13:00:00+02:00,0.6199988493024217
2021,CO2/CO/NOx,2021-09-22 14:00:00+02:00,0.6092497591241289
2021,CO2/CO/NOx,2021-09-22 15:00:00+02:00,0.6131592574400362
2021,CO2/CO/NOx,2021-09-22 16:00:00+02:00,0.6396697368679823
2021,CO2/CO/NOx,2021-09-22 17:00:00+02:00,0.6700300455078685
2021,CO2/CO/NOx,2021-09-22 18:00:00+02:00,0.7056485241668465
2021,CO2/CO/NOx,2021-09-22 19:00:00+02:00,0.7188050462493039
2021,CO2/CO/NOx,2021-09-22 20:00:00+02:00,0.7153379022609759
2021,CO2/CO/NOx,2021-09-22 21:00:00+02:00,0.7007325868432439
2021,CO2/CO/NOx,2021-09-22 22:00:00+02:00,0.6797877126609526
2021,CO2/CO/NOx,2021-09-22 23:00:00+02:00,0.6782328683671213
2021,CO2/CO/NOx,2021-09-23 00:00:00+02:00,0.6948564166420207
2021,CO2/CO/NOx,2021-09-23 01:00:00+02:00,0.752845555125795
2021,CO2/CO/NOx,2021-09-23 02:00:00+02:00,0.8276708384731656
2021,CO2/CO/NOx,2021-09-23 03:00:00+02:00,0.908251768556683
2021,CO2/CO/NOx,2021-09-23 04:00:00+02:00,0.9494573640570181
2021,CO2/CO/NOx,2021-09-23 05:00:00+02:00,0.9605222239744657
2021,CO2/CO/NOx,2021-09-23 06:00:00+02:00,0.9390684383701857
2021,CO2/CO/NOx,2021-09-23 07:00:00+02:00,0.8800743347029003
2021,CO2/CO/NOx,2021-09-23 08:00:00+02:00,0.8039057779100599
2021,CO2/CO/NOx,2021-09-23 09:00:00+02:00,0.7151427308183862
2021,CO2/CO/NOx,2021-09-23 10:00:00+02:00,0.6333988612809869
2021,CO2/CO/NOx,2021-09-23 11:00:00+02:00,0.5808113716963049
2021,CO2/CO/NOx,2021-09-23 12:00:00+02:00,0.5495075609766435
2021,CO2/CO/NOx,2021-09-23 13:00:00+02:00,0.5416973157250969
2021,CO2/CO/NOx,2021-09-23 14:00:00+02:00,0.5405940574322126
2021,CO2/CO/NOx,2021-09-23 15:00:00+02:00,0.5490626457661081
2021,CO2/CO/NOx,2021-09-23 16:00:00+02:00,0.5634364925731669
2021,CO2/CO/NOx,2021-09-23 17:00:00+02:00,0.5705209274258954
2021,CO2/CO/NOx,2021-09-23 18:00:00+02:00,0.5803148969060006
2021,CO2/CO/NOx,2021-09-23 19:00:00+02:00,0.5659276858210585
2021,CO2/CO/NOx,2021-09-23 20:00:00+02:00,0.5470032747161384
2021,CO2/CO/NOx,2021-09-23 21:00:00+02:00,0.5085868331843673
2021,CO2/CO/NOx,2021-09-23 22:00:00+02:00,0.4751439606835169
2021,CO2/CO/NOx,2021-09-23 23:00:00+02:00,0.4334720738019653
2021,CO2/CO/NOx,2021-09-24 00:00:00+02:00,0.39454268892481187
2021,CO2/CO/NOx,2021-09-24 01:00:00+02:00,0.38931855887252914
2021,CO2/CO/NOx,2021-09-24 02:00:00+02:00,0.4080399134818384
2021,CO2/CO/NOx,2021-09-24 03:00:00+02:00,0.44720620898782326
2021,CO2/CO/NOx,2021-09-24 04:00:00+02:00,0.49180452185403184
2021,CO2/CO/NOx,2021-09-24 05:00:00+02:00,0.5333214676693233
2021,CO2/CO/NOx,2021-09-24 06:00:00+02:00,0.5630250859977644
2021,CO2/CO/NOx,2021-09-24 07:00:00+02:00,0.5791655660463992
2021,CO2/CO/NOx,2021-09-24 08:00:00+02:00,0.5654117672827257
2021,CO2/CO/NOx,2021-09-24 09:00:00+02:00,0.527505525735252
2021,CO2/CO/NOx,2021-09-24 10:00:00+02:00,0.4904937685415543
2021,CO2/CO/NOx,2021-09-24 11:00:00+02:00,0.4493327475469818
2021,CO2/CO/NOx,2021-09-24 12:00:00+02:00,0.41493524583976404
2021,CO2/CO/NOx,2021-09-24 13:00:00+02:00,0.3983761181413245
2021,CO2/CO/NOx,2021-09-24 14:00:00+02:00,0.38603135475860545
2021,CO2/CO/NOx,2021-09-24 15:00:00+02:00,0.3830801199584067
2021,CO2/CO/NOx,2021-09-24 16:00:00+02:00,0.38688547428217956
2021,CO2/CO/NOx,2021-09-24 17:00:00+02:00,0.39378121146428646
2021,CO2/CO/NOx,2021-09-24 18:00:00+02:00,0.41589889888128423
2021,CO2/CO/NOx,2021-09-24 19:00:00+02:00,0.43314344460695864
2021,CO2/CO/NOx,2021-09-24 20:00:00+02:00,0.4499429113407001
2021,CO2/CO/NOx,2021-09-24 21:00:00+02:00,0.47514599784900824
2021,CO2/CO/NOx,2021-09-24 22:00:00+02:00,0.486139152424442
2021,CO2/CO/NOx,2021-09-24 23:00:00+02:00,0.4835194918491772
2021,CO2/CO/NOx,2021-09-25 00:00:00+02:00,0.4712590007715016
2021,CO2/CO/NOx,2021-09-25 01:00:00+02:00,0.4611611900501405
2021,CO2/CO/NOx,2021-09-25 02:00:00+02:00,0.4647004821175655
2021,CO2/CO/NOx,2021-09-25 03:00:00+02:00,0.47998107972662485
2021,CO2/CO/NOx,2021-09-25 04:00:00+02:00,0.5013692662952268
2021,CO2/CO/NOx,2021-09-25 05:00:00+02:00,0.5413798736805253
2021,CO2/CO/NOx,2021-09-25 06:00:00+02:00,0.576009770471533
2021,CO2/CO/NOx,2021-09-25 07:00:00+02:00,0.5875851792706989
2021,CO2/CO/NOx,2021-09-25 08:00:00+02:00,0.5739170866532158
2021,CO2/CO/NOx,2021-09-25 09:00:00+02:00,0.5338402149191347
2021,CO2/CO/NOx,2021-09-25 10:00:00+02:00,0.48763810702054455
2021,CO2/CO/NOx,2021-09-25 11:00:00+02:00,0.4433635821938071
2021,CO2/CO/NOx,2021-09-25 12:00:00+02:00,0.4134085581744195
2021,CO2/CO/NOx,2021-09-25 13:00:00+02:00,0.39704746951684006
2021,CO2/CO/NOx,2021-09-25 14:00:00+02:00,0.39340527716025203
2021,CO2/CO/NOx,2021-09-25 15:00:00+02:00,0.3844116818933956
2021,CO2/CO/NOx,2021-09-25 16:00:00+02:00,0.3923928351825429
2021,CO2/CO/NOx,2021-09-25 17:00:00+02:00,0.40208179063807065
2021,CO2/CO/NOx,2021-09-25 18:00:00+02:00,0.41177030550327265
2021,CO2/CO/NOx,2021-09-25 19:00:00+02:00,0.4165471597220692
2021,CO2/CO/NOx,2021-09-25 20:00:00+02:00,0.4138185492582608
2021,CO2/CO/NOx,2021-09-25 21:00:00+02:00,0.4136671791969773
2021,CO2/CO/NOx,2021-09-25 22:00:00+02:00,0.39898400141744655
2021,CO2/CO/NOx,2021-09-25 23:00:00+02:00,0.3753928711820107
2021,CO2/CO/NOx,2021-09-26 00:00:00+02:00,0.3469376348923338
2021,CO2/CO/NOx,2021-09-26 01:00:00+02:00,0.3369006140325474
2021,CO2/CO/NOx,2021-09-26 02:00:00+02:00,0.33751499694287795
2021,CO2/CO/NOx,2021-09-26 03:00:00+02:00,0.3491659489699618
2021,CO2/CO/NOx,2021-09-26 04:00:00+02:00,0.3656914821974594
2021,CO2/CO/NOx,2021-09-26 05:00:00+02:00,0.38090592999635536
2021,CO2/CO/NOx,2021-09-26 06:00:00+02:00,0.3961825522483999
2021,CO2/CO/NOx,2021-09-26 07:00:00+02:00,0.40170567675441443
2021,CO2/CO/NOx,2021-09-26 08:00:00+02:00,0.39548027169735817
2021,CO2/CO/NOx,2021-09-26 09:00:00+02:00,0.38048709996907265
2021,CO2/CO/NOx,2021-09-26 10:00:00+02:00,0.3651786494024742
2021,CO2/CO/NOx,2021-09-26 11:00:00+02:00,0.352549520268417
2021,CO2/CO/NOx,2021-09-26 12:00:00+02:00,0.34455910172033455
2021,CO2/CO/NOx,2021-09-26 13:00:00+02:00,0.3434240943013217
2021,CO2/CO/NOx,2021-09-26 14:00:00+02:00,0.3431067288182093
2021,CO2/CO/NOx,2021-09-26 15:00:00+02:00,0.3475852799973645
2021,CO2/CO/NOx,2021-09-26 16:00:00+02:00,0.3530606001315643
2021,CO2/CO/NOx,2021-09-26 17:00:00+02:00,0.36068249233005684
2021,CO2/CO/NOx,2021-09-26 18:00:00+02:00,0.36804220494921086
2021,CO2/CO/NOx,2021-09-26 19:00:00+02:00,0.3676022263886209
2021,CO2/CO/NOx,2021-09-26 20:00:00+02:00,0.36745393641398505
2021,CO2/CO/NOx,2021-09-26 21:00:00+02:00,0.3609702419542348
2021,CO2/CO/NOx,2021-09-26 22:00:00+02:00,0.3512655195884076
2021,CO2/CO/NOx,2021-09-26 23:00:00+02:00,0.3403540521181881
2021,CO2/CO/NOx,2021-09-27 00:00:00+02:00,0.327924072204578
2021,CO2/CO/NOx,2021-09-27 01:00:00+02:00,0.32701115556879035
2021,CO2/CO/NOx,2021-09-27 02:00:00+02:00,0.3394321227272834
2021,CO2/CO/NOx,2021-09-27 03:00:00+02:00,0.3590302424751925
2021,CO2/CO/NOx,2021-09-27 04:00:00+02:00,0.3783124143763072
2021,CO2/CO/NOx,2021-09-27 05:00:00+02:00,0.400259874578081
2021,CO2/CO/NOx,2021-09-27 06:00:00+02:00,0.41472526017851274
2021,CO2/CO/NOx,2021-09-27 07:00:00+02:00,0.4248076204889979
2021,CO2/CO/NOx,2021-09-27 08:00:00+02:00,0.42304183082903574
2021,CO2/CO/NOx,2021-09-27 09:00:00+02:00,0.4108543344097187
2021,CO2/CO/NOx,2021-09-27 10:00:00+02:00,0.39893748901808107
2021,CO2/CO/NOx,2021-09-27 11:00:00+02:00,0.3884581147319408
2021,CO2/CO/NOx,2021-09-27 12:00:00+02:00,0.37835316020957344
2021,CO2/CO/NOx,2021-09-27 13:00:00+02:00,0.3688104502601045
2021,CO2/CO/NOx,2021-09-27 14:00:00+02:00,0.3592767638364428
2021,CO2/CO/NOx,2021-09-27 15:00:00+02:00,0.35813306988406485
2021,CO2/CO/NOx,2021-09-27 16:00:00+02:00,0.3667847177695873
2021,CO2/CO/NOx,2021-09-27 17:00:00+02:00,0.3734737750780578
2021,CO2/CO/NOx,2021-09-27 18:00:00+02:00,0.3819139517894781
2021,CO2/CO/NOx,2021-09-27 19:00:00+02:00,0.3843474863920655
2021,CO2/CO/NOx,2021-09-27 20:00:00+02:00,0.3816726476053654
2021,CO2/CO/NOx,2021-09-27 21:00:00+02:00,0.37254076346293225
2021,CO2/CO/NOx,2021-09-27 22:00:00+02:00,0.3594822448662788
2021,CO2/CO/NOx,2021-09-27 23:00:00+02:00,0.3454119617206284
2021,CO2/CO/NOx,2021-09-28 00:00:00+02:00,0.3306112519728593
2021,CO2/CO/NOx,2021-09-28 01:00:00+02:00,0.32884329552936115
2021,CO2/CO/NOx,2021-09-28 02:00:00+02:00,0.3366604688979737
2021,CO2/CO/NOx,2021-09-28 03:00:00+02:00,0.35394755223027696
2021,CO2/CO/NOx,2021-09-28 04:00:00+02:00,0.37722811814614376
2021,CO2/CO/NOx,2021-09-28 05:00:00+02:00,0.4005975825669589
2021,CO2/CO/NOx,2021-09-28 06:00:00+02:00,0.41850871719388916
2021,CO2/CO/NOx,2021-09-28 07:00:00+02:00,0.4343768334131224
2021,CO2/CO/NOx,2021-09-28 08:00:00+02:00,0.4419408059685179
2021,CO2/CO/NOx,2021-09-28 09:00:00+02:00,0.43970153057280625
2021,CO2/CO/NOx,2021-09-28 10:00:00+02:00,0.4433823556532171
2021,CO2/CO/NOx,2021-09-28 11:00:00+02:00,0.44711220565441795
2021,CO2/CO/NOx,2021-09-28 12:00:00+02:00,0.44669004126772915
2021,CO2/CO/NOx,2021-09-28 13:00:00+02:00,0.4478454421513435
2021,CO2/CO/NOx,2021-09-28 14:00:00+02:00,0.44519015345314633
2021,CO2/CO/NOx,2021-09-28 15:00:00+02:00,0.4437583211754152
2021,CO2/CO/NOx,2021-09-28 16:00:00+02:00,0.44150744360092836
2021,CO2/CO/NOx,2021-09-28 17:00:00+02:00,0.43852476028387877
2021,CO2/CO/NOx,2021-09-28 18:00:00+02:00,0.44862603915191
2021,CO2/CO/NOx,2021-09-28 19:00:00+02:00,0.45057409347319105
2021,CO2/CO/NOx,2021-09-28 20:00:00+02:00,0.4443922543325901
2021,CO2/CO/NOx,2021-09-28 21:00:00+02:00,0.43219349210010083
2021,CO2/CO/NOx,2021-09-28 22:00:00+02:00,0.4220252789536333
2021,CO2/CO/NOx,2021-09-28 23:00:00+02:00,0.40977178995795893
2021,CO2/CO/NOx,2021-09-29 00:00:00+02:00,0.3941954067694785
2021,CO2/CO/NOx,2021-09-29 01:00:00+02:00,0.38803479168643457
2021,CO2/CO/NOx,2021-09-29 02:00:00+02:00,0.39743864709953525
2021,CO2/CO/NOx,2021-09-29 03:00:00+02:00,0.4227917223683967
2021,CO2/CO/NOx,2021-09-29 04:00:00+02:00,0.44118172579558845
2021,CO2/CO/NOx,2021-09-29 05:00:00+02:00,0.4601309628659651
2021,CO2/CO/NOx,2021-09-29 06:00:00+02:00,0.4819811512066765
2021,CO2/CO/NOx,2021-09-29 07:00:00+02:00,0.49822466339655574
2021,CO2/CO/NOx,2021-09-29 08:00:00+02:00,0.5001548739800366
2021,CO2/CO/NOx,2021-09-29 09:00:00+02:00,0.48953495411073555
2021,CO2/CO/NOx,2021-09-29 10:00:00+02:00,0.4817355922983177
2021,CO2/CO/NOx,2021-09-29 11:00:00+02:00,0.4680430718886364
2021,CO2/CO/NOx,2021-09-29 12:00:00+02:00,0.44857809439584057
2021,CO2/CO/NOx,2021-09-29 13:00:00+02:00,0.43171352972482124
2021,CO2/CO/NOx,2021-09-29 14:00:00+02:00,0.42045232428506074
2021,CO2/CO/NOx,2021-09-29 15:00:00+02:00,0.4172674230858368
2021,CO2/CO/NOx,2021-09-29 16:00:00+02:00,0.4125748290231651
2021,CO2/CO/NOx,2021-09-29 17:00:00+02:00,0.43115227527856637
2021,CO2/CO/NOx,2021-09-29 18:00:00+02:00,0.462769986410458
2021,CO2/CO/NOx,2021-09-29 19:00:00+02:00,0.5006530448929057
2021,CO2/CO/NOx,2021-09-29 20:00:00+02:00,0.5332078636755327
2021,CO2/CO/NOx,2021-09-29 21:00:00+02:00,0.5497768023463452
2021,CO2/CO/NOx,2021-09-29 22:00:00+02:00,0.5492798188002491
2021,CO2/CO/NOx,2021-09-29 23:00:00+02:00,0.5366897500719944
2021,CO2/CO/NOx,2021-09-30 00:00:00+02:00,0.5063715455509132
2021,CO2/CO/NOx,2021-09-30 01:00:00+02:00,0.48656085720532016
2021,CO2/CO/NOx,2021-09-30 02:00:00+02:00,0.4920582300531731
2021,CO2/CO/NOx,2021-09-30 03:00:00+02:00,0.513494139201921
2021,CO2/CO/NOx,2021-09-30 04:00:00+02:00,0.5614381519748525
2021,CO2/CO/NOx,2021-09-30 05:00:00+02:00,0.6238869263417908
2021,CO2/CO/NOx,2021-09-30 06:00:00+02:00,0.6826892019820799
2021,CO2/CO/NOx,2021-09-30 07:00:00+02:00,0.7259517063226738
2021,CO2/CO/NOx,2021-09-30 08:00:00+02:00,0.7551380719734779
2021,CO2/CO/NOx,2021-09-30 09:00:00+02:00,0.7489639156378399
2021,CO2/CO/NOx,2021-09-30 10:00:00+02:00,0.7340081251569989
2021,CO2/CO/NOx,2021-09-30 11:00:00+02:00,0.7006228640218076
2021,CO2/CO/NOx,2021-09-30 12:00:00+02:00,0.6614081294025839
2021,CO2/CO/NOx,2021-09-30 13:00:00+02:00,0.6333426178186186
2021,CO2/CO/NOx,2021-09-30 14:00:00+02:00,0.6083942303560546
2021,CO2/CO/NOx,2021-09-30 15:00:00+02:00,0.6014742141900775
2021,CO2/CO/NOx,2021-09-30 16:00:00+02:00,0.621386095889493
2021,CO2/CO/NOx,2021-09-30 17:00:00+02:00,0.6565912099192237
2021,CO2/CO/NOx,2021-09-30 18:00:00+02:00,0.6956366892597977
2021,CO2/CO/NOx,2021-09-30 19:00:00+02:00,0.7267693211919783
2021,CO2/CO/NOx,2021-09-30 20:00:00+02:00,0.7471077336928715
2021,CO2/CO/NOx,2021-09-30 21:00:00+02:00,0.7300685066153723
2021,CO2/CO/NOx,2021-09-30 22:00:00+02:00,0.7194373511482887
2021,CO2/CO/NOx,2021-09-30 23:00:00+02:00,0.7171174746109523
2021,CO2/CO/NOx,2021-10-01 00:00:00+02:00,0.7288633132352779
2021,CO2/CO/NOx,2021-10-01 01:00:00+02:00,0.7720274916440881
2021,CO2/CO/NOx,2021-10-01 02:00:00+02:00,0.8373159432972394
2021,CO2/CO/NOx,2021-10-01 03:00:00+02:00,0.9246909826218632
2021,CO2/CO/NOx,2021-10-01 04:00:00+02:00,0.9984459181579936
2021,CO2/CO/NOx,2021-10-01 05:00:00+02:00,1.0453047255015508
2021,CO2/CO/NOx,2021-10-01 06:00:00+02:00,1.035349080793292
2021,CO2/CO/NOx,2021-10-01 07:00:00+02:00,1.0043798324245332
2021,CO2/CO/NOx,2021-10-01 08:00:00+02:00,0.9432394994600795
2021,CO2/CO/NOx,2021-10-01 09:00:00+02:00,0.8444171222882367
2021,CO2/CO/NOx,2021-10-01 10:00:00+02:00,0.7497829086439146
2021,CO2/CO/NOx,2021-10-01 11:00:00+02:00,0.6816730910408856
2021,CO2/CO/NOx,2021-10-01 12:00:00+02:00,0.6516621681788625
2021,CO2/CO/NOx,2021-10-01 13:00:00+02:00,0.6447974054450815
2021,CO2/CO/NOx,2021-10-01 14:00:00+02:00,0.6521547401781008
2021,CO2/CO/NOx,2021-10-01 15:00:00+02:00,0.685697682805393
2021,CO2/CO/NOx,2021-10-01 16:00:00+02:00,0.7120084877512363
2021,CO2/CO/NOx,2021-10-01 17:00:00+02:00,0.7304706789303925
2021,CO2/CO/NOx,2021-10-01 18:00:00+02:00,0.7306678647158374
2021,CO2/CO/NOx,2021-10-01 19:00:00+02:00,0.6998857815517441
2021,CO2/CO/NOx,2021-10-01 20:00:00+02:00,0.6622913409723633
2021,CO2/CO/NOx,2021-10-01 21:00:00+02:00,0.6146336692368141
2021,CO2/CO/NOx,2021-10-01 22:00:00+02:00,0.5599231612554296
2021,CO2/CO/NOx,2021-10-01 23:00:00+02:00,0.5155408786104541
2021,CO2/CO/NOx,2021-10-02 00:00:00+02:00,0.49200760363985585
2021,CO2/CO/NOx,2021-10-02 01:00:00+02:00,0.4884924007416151
2021,CO2/CO/NOx,2021-10-02 02:00:00+02:00,0.5116478352269175
2021,CO2/CO/NOx,2021-10-02 03:00:00+02:00,0.5464409012365246
2021,CO2/CO/NOx,2021-10-02 04:00:00+02:00,0.5684006549822964
2021,CO2/CO/NOx,2021-10-02 05:00:00+02:00,0.6055149555300944
2021,CO2/CO/NOx,2021-10-02 06:00:00+02:00,0.6270871450087147
2021,CO2/CO/NOx,2021-10-02 07:00:00+02:00,0.624413493973787
2021,CO2/CO/NOx,2021-10-02 08:00:00+02:00,0.6075009660327744
2021,CO2/CO/NOx,2021-10-02 09:00:00+02:00,0.5650456141573326
2021,CO2/CO/NOx,2021-10-02 10:00:00+02:00,0.5261616439933954
2021,CO2/CO/NOx,2021-10-02 11:00:00+02:00,0.49245849457877866
2021,CO2/CO/NOx,2021-10-02 12:00:00+02:00,0.4562854727170887
2021,CO2/CO/NOx,2021-10-02 13:00:00+02:00,0.4303400062587238
2021,CO2/CO/NOx,2021-10-02 14:00:00+02:00,0.42340630192563344
2021,CO2/CO/NOx,2021-10-02 15:00:00+02:00,0.4198746999183653
2021,CO2/CO/NOx,2021-10-02 16:00:00+02:00,0.41704296740333635
2021,CO2/CO/NOx,2021-10-02 17:00:00+02:00,0.4287318216301419
2021,CO2/CO/NOx,2021-10-02 18:00:00+02:00,0.43402971947775104
2021,CO2/CO/NOx,2021-10-02 19:00:00+02:00,0.4359658804575086
2021,CO2/CO/NOx,2021-10-02 20:00:00+02:00,0.4388046531780951
2021,CO2/CO/NOx,2021-10-02 21:00:00+02:00,0.4348557535699417
2021,CO2/CO/NOx,2021-10-02 22:00:00+02:00,0.42565743505453746
2021,CO2/CO/NOx,2021-10-02 23:00:00+02:00,0.41643621432080746
2021,CO2/CO/NOx,2021-10-03 00:00:00+02:00,0.40881517731230366
2021,CO2/CO/NOx,2021-10-03 01:00:00+02:00,0.411350699636099
2021,CO2/CO/NOx,2021-10-03 02:00:00+02:00,0.4371436004350114
2021,CO2/CO/NOx,2021-10-03 03:00:00+02:00,0.46790326712350117
2021,CO2/CO/NOx,2021-10-03 04:00:00+02:00,0.5048533735106994
2021,CO2/CO/NOx,2021-10-03 05:00:00+02:00,0.5456993756336865
2021,CO2/CO/NOx,2021-10-03 06:00:00+02:00,0.5715240718623251
2021,CO2/CO/NOx,2021-10-03 07:00:00+02:00,0.5720971719868703
2021,CO2/CO/NOx,2021-10-03 08:00:00+02:00,0.5484394968838956
2021,CO2/CO/NOx,2021-10-03 09:00:00+02:00,0.5044827452146557
2021,CO2/CO/NOx,2021-10-03 10:00:00+02:00,0.4581464885573907
2021,CO2/CO/NOx,2021-10-03 11:00:00+02:00,0.4210964129365794
2021,CO2/CO/NOx,2021-10-03 12:00:00+02:00,0.38907425907714793
2021,CO2/CO/NOx,2021-10-03 13:00:00+02:00,0.38276562683569454
2021,CO2/CO/NOx,2021-10-03 14:00:00+02:00,0.3903404971161669
2021,CO2/CO/NOx,2021-10-03 15:00:00+02:00,0.3927424329284579
2021,CO2/CO/NOx,2021-10-03 16:00:00+02:00,0.40752262168374526
2021,CO2/CO/NOx,2021-10-03 17:00:00+02:00,0.4151186404785552
2021,CO2/CO/NOx,2021-10-03 18:00:00+02:00,0.4213523441883065
2021,CO2/CO/NOx,2021-10-03 19:00:00+02:00,0.41920711540928585
2021,CO2/CO/NOx,2021-10-03 20:00:00+02:00,0.40073240368850527
2021,CO2/CO/NOx,2021-10-03 21:00:00+02:00,0.3751749361350823
2021,CO2/CO/NOx,2021-10-03 22:00:00+02:00,0.35431619096442785
2021,CO2/CO/NOx,2021-10-03 23:00:00+02:00,0.33271891462178077
2021,CO2/CO/NOx,2021-10-04 00:00:00+02:00,0.311070884639435
2021,CO2/CO/NOx,2021-10-04 01:00:00+02:00,0.31541002097347887
2021,CO2/CO/NOx,2021-10-04 02:00:00+02:00,0.33095231583808854
2021,CO2/CO/NOx,2021-10-04 03:00:00+02:00,0.36356563533311154
2021,CO2/CO/NOx,2021-10-04 04:00:00+02:00,0.4032662520001295
2021,CO2/CO/NOx,2021-10-04 05:00:00+02:00,0.430541375981037
2021,CO2/CO/NOx,2021-10-04 06:00:00+02:00,0.45338707074563706
2021,CO2/CO/NOx,2021-10-04 07:00:00+02:00,0.4608945838041966
2021,CO2/CO/NOx,2021-10-04 08:00:00+02:00,0.4592100907501927
2021,CO2/CO/NOx,2021-10-04 09:00:00+02:00,0.44865677680269
2021,CO2/CO/NOx,2021-10-04 10:00:00+02:00,0.44161279160481137
2021,CO2/CO/NOx,2021-10-04 11:00:00+02:00,0.4358297415599965
2021,CO2/CO/NOx,2021-10-04 12:00:00+02:00,0.44148309796903795
2021,CO2/CO/NOx,2021-10-04 13:00:00+02:00,0.4597344012483352
2021,CO2/CO/NOx,2021-10-04 14:00:00+02:00,0.4769483724754722
2021,CO2/CO/NOx,2021-10-04 15:00:00+02:00,0.5005384723941202
2021,CO2/CO/NOx,2021-10-04 16:00:00+02:00,0.5203811028943032
2021,CO2/CO/NOx,2021-10-04 17:00:00+02:00,0.5384191569555767
2021,CO2/CO/NOx,2021-10-04 18:00:00+02:00,0.5596122215942225
2021,CO2/CO/NOx,2021-10-04 19:00:00+02:00,0.5642502774779963
2021,CO2/CO/NOx,2021-10-04 20:00:00+02:00,0.557921764508101
2021,CO2/CO/NOx,2021-10-04 21:00:00+02:00,0.5517239057413508
2021,CO2/CO/NOx,2021-10-04 22:00:00+02:00,0.5422742887352973
2021,CO2/CO/NOx,2021-10-04 23:00:00+02:00,0.5346948190588131
2021,CO2/CO/NOx,2021-10-05 00:00:00+02:00,0.5321241571068033
2021,CO2/CO/NOx,2021-10-05 01:00:00+02:00,0.5471828771232045
2021,CO2/CO/NOx,2021-10-05 02:00:00+02:00,0.5800560154635989
2021,CO2/CO/NOx,2021-10-05 03:00:00+02:00,0.6255975677406055
2021,CO2/CO/NOx,2021-10-05 04:00:00+02:00,0.6663144281740141
2021,CO2/CO/NOx,2021-10-05 05:00:00+02:00,0.7035647807802345
2021,CO2/CO/NOx,2021-10-05 06:00:00+02:00,0.7354988325823371
2021,CO2/CO/NOx,2021-10-05 07:00:00+02:00,0.748057755391069
2021,CO2/CO/NOx,2021-10-05 08:00:00+02:00,0.745077614506735
2021,CO2/CO/NOx,2021-10-05 09:00:00+02:00,0.7280288135371059
2021,CO2/CO/NOx,2021-10-05 10:00:00+02:00,0.7162781876799318
2021,CO2/CO/NOx,2021-10-05 11:00:00+02:00,0.7034975198781128
2021,CO2/CO/NOx,2021-10-05 12:00:00+02:00,0.6865424608716139
2021,CO2/CO/NOx,2021-10-05 13:00:00+02:00,0.6742236835702673
2021,CO2/CO/NOx,2021-10-05 14:00:00+02:00,0.6673954003714495
2021,CO2/CO/NOx,2021-10-05 15:00:00+02:00,0.6700200122901218
2021,CO2/CO/NOx,2021-10-05 16:00:00+02:00,0.6795600348602895
2021,CO2/CO/NOx,2021-10-05 17:00:00+02:00,0.6903375672050142
2021,CO2/CO/NOx,2021-10-05 18:00:00+02:00,0.7047902848006297
2021,CO2/CO/NOx,2021-10-05 19:00:00+02:00,0.7072280582630078
2021,CO2/CO/NOx,2021-10-05 20:00:00+02:00,0.6958122063628495
2021,CO2/CO/NOx,2021-10-05 21:00:00+02:00,0.669653845079085
2021,CO2/CO/NOx,2021-10-05 22:00:00+02:00,0.6302102015502022
2021,CO2/CO/NOx,2021-10-05 23:00:00+02:00,0.5896911190274581
2021,CO2/CO/NOx,2021-10-06 00:00:00+02:00,0.5520860363053511
2021,CO2/CO/NOx,2021-10-06 01:00:00+02:00,0.5425010589543902
2021,CO2/CO/NOx,2021-10-06 02:00:00+02:00,0.5591565936814199
2021,CO2/CO/NOx,2021-10-06 03:00:00+02:00,0.5990217334575169
2021,CO2/CO/NOx,2021-10-06 04:00:00+02:00,0.6441119880264308
2021,CO2/CO/NOx,2021-10-06 05:00:00+02:00,0.6956719064391812
2021,CO2/CO/NOx,2021-10-06 06:00:00+02:00,0.7404324087639533
2021,CO2/CO/NOx,2021-10-06 07:00:00+02:00,0.7646090004382184
2021,CO2/CO/NOx,2021-10-06 08:00:00+02:00,0.7693336891084067
2021,CO2/CO/NOx,2021-10-06 09:00:00+02:00,0.752178516540202
2021,CO2/CO/NOx,2021-10-06 10:00:00+02:00,0.7332856797888063
2021,CO2/CO/NOx,2021-10-06 11:00:00+02:00,0.7146053050395279
2021,CO2/CO/NOx,2021-10-06 12:00:00+02:00,0.6942890555729905
2021,CO2/CO/NOx,2021-10-06 13:00:00+02:00,0.6765581289085162
2021,CO2/CO/NOx,2021-10-06 14:00:00+02:00,0.6687211905210578
2021,CO2/CO/NOx,2021-10-06 15:00:00+02:00,0.6768094176626388
2021,CO2/CO/NOx,2021-10-06 16:00:00+02:00,0.6930784245301359
2021,CO2/CO/NOx,2021-10-06 17:00:00+02:00,0.7132387578352568
2021,CO2/CO/NOx,2021-10-06 18:00:00+02:00,0.7462643130112632
2021,CO2/CO/NOx,2021-10-06 19:00:00+02:00,0.7618012580602883
2021,CO2/CO/NOx,2021-10-06 20:00:00+02:00,0.7615897457781815
2021,CO2/CO/NOx,2021-10-06 21:00:00+02:00,0.7559436571200087
2021,CO2/CO/NOx,2021-10-06 22:00:00+02:00,0.7350921986404796
2021,CO2/CO/NOx,2021-10-06 23:00:00+02:00,0.7135010508066155
2021,CO2/CO/NOx,2021-10-07 00:00:00+02:00,0.6801876050410586
2021,CO2/CO/NOx,2021-10-07 01:00:00+02:00,0.6702110145606058
2021,CO2/CO/NOx,2021-10-07 02:00:00+02:00,0.6793735901380598
2021,CO2/CO/NOx,2021-10-07 03:00:00+02:00,0.7154755372000652
2021,CO2/CO/NOx,2021-10-07 04:00:00+02:00,0.7458720476921926
2021,CO2/CO/NOx,2021-10-07 05:00:00+02:00,0.7923584068113646
2021,CO2/CO/NOx,2021-10-07 06:00:00+02:00,0.8469702972350068
2021,CO2/CO/NOx,2021-10-07 07:00:00+02:00,0.8775178005330968
2021,CO2/CO/NOx,2021-10-07 08:00:00+02:00,0.8881049443532404
2021,CO2/CO/NOx,2021-10-07 09:00:00+02:00,0.8666780420744334
2021,CO2/CO/NOx,2021-10-07 10:00:00+02:00,0.8525001729150951
2021,CO2/CO/NOx,2021-10-07 11:00:00+02:00,0.8279849405792615
2021,CO2/CO/NOx,2021-10-07 12:00:00+02:00,0.8042989152398025
2021,CO2/CO/NOx,2021-10-07 13:00:00+02:00,0.7794197423073675
2021,CO2/CO/NOx,2021-10-07 14:00:00+02:00,0.7736699088598821
2021,CO2/CO/NOx,2021-10-07 15:00:00+02:00,0.7732536553757499
2021,CO2/CO/NOx,2021-10-07 16:00:00+02:00,0.777478928064215
2021,CO2/CO/NOx,2021-10-07 17:00:00+02:00,0.7870238044197003
2021,CO2/CO/NOx,2021-10-07 18:00:00+02:00,0.8118851665614546
2021,CO2/CO/NOx,2021-10-07 19:00:00+02:00,0.8224199589851857
2021,CO2/CO/NOx,2021-10-07 20:00:00+02:00,0.8164563612137861
2021,CO2/CO/NOx,2021-10-07 21:00:00+02:00,0.7985281708266996
2021,CO2/CO/NOx,2021-10-07 22:00:00+02:00,0.7680889820205196
2021,CO2/CO/NOx,2021-10-07 23:00:00+02:00,0.7385438943031613
2021,CO2/CO/NOx,2021-10-08 00:00:00+02:00,0.6970590416476816
2021,CO2/CO/NOx,2021-10-08 01:00:00+02:00,0.679169709508722
2021,CO2/CO/NOx,2021-10-08 02:00:00+02:00,0.6868465290065149
2021,CO2/CO/NOx,2021-10-08 03:00:00+02:00,0.7197904302210363
2021,CO2/CO/NOx,2021-10-08 04:00:00+02:00,0.7465156312820693
2021,CO2/CO/NOx,2021-10-08 05:00:00+02:00,0.7751495192829668
2021,CO2/CO/NOx,2021-10-08 06:00:00+02:00,0.8063906872531025
2021,CO2/CO/NOx,2021-10-08 07:00:00+02:00,0.8258540033234525
2021,CO2/CO/NOx,2021-10-08 08:00:00+02:00,0.8351091941106527
2021,CO2/CO/NOx,2021-10-08 09:00:00+02:00,0.8190282860548598
2021,CO2/CO/NOx,2021-10-08 10:00:00+02:00,0.8029634989597756
2021,CO2/CO/NOx,2021-10-08 11:00:00+02:00,0.7794156484107245
2021,CO2/CO/NOx,2021-10-08 12:00:00+02:00,0.7420437065600329
2021,CO2/CO/NOx,2021-10-08 13:00:00+02:00,0.7039561231147183
2021,CO2/CO/NOx,2021-10-08 14:00:00+02:00,0.6739258874601795
2021,CO2/CO/NOx,2021-10-08 15:00:00+02:00,0.6677422942296042
2021,CO2/CO/NOx,2021-10-08 16:00:00+02:00,0.675334407265438
2021,CO2/CO/NOx,2021-10-08 17:00:00+02:00,0.7070582628727781
2021,CO2/CO/NOx,2021-10-08 18:00:00+02:00,0.7534219033866248
2021,CO2/CO/NOx,2021-10-08 19:00:00+02:00,0.7802990067319687
2021,CO2/CO/NOx,2021-10-08 20:00:00+02:00,0.7957041019965946
2021,CO2/CO/NOx,2021-10-08 21:00:00+02:00,0.7818149967934583
2021,CO2/CO/NOx,2021-10-08 22:00:00+02:00,0.767821550015679
2021,CO2/CO/NOx,2021-10-08 23:00:00+02:00,0.7596940308433625
2021,CO2/CO/NOx,2021-10-09 00:00:00+02:00,0.754509335710291
2021,CO2/CO/NOx,2021-10-09 01:00:00+02:00,0.7673820950073063
2021,CO2/CO/NOx,2021-10-09 02:00:00+02:00,0.8144012275076891
2021,CO2/CO/NOx,2021-10-09 03:00:00+02:00,0.873750321640074
2021,CO2/CO/NOx,2021-10-09 04:00:00+02:00,0.9114556221239976
2021,CO2/CO/NOx,2021-10-09 05:00:00+02:00,0.9499844438773665
2021,CO2/CO/NOx,2021-10-09 06:00:00+02:00,0.9683793602191135
2021,CO2/CO/NOx,2021-10-09 07:00:00+02:00,0.9936681333267833
2021,CO2/CO/NOx,2021-10-09 08:00:00+02:00,0.9980011391890464
2021,CO2/CO/NOx,2021-10-09 09:00:00+02:00,0.9624969287265871
2021,CO2/CO/NOx,2021-10-09 10:00:00+02:00,0.9137910113284993
2021,CO2/CO/NOx,2021-10-09 11:00:00+02:00,0.8659449884868128
2021,CO2/CO/NOx,2021-10-09 12:00:00+02:00,0.807446662948727
2021,CO2/CO/NOx,2021-10-09 13:00:00+02:00,0.7518595677127692
2021,CO2/CO/NOx,2021-10-09 14:00:00+02:00,0.7161072218626452
2021,CO2/CO/NOx,2021-10-09 15:00:00+02:00,0.7113606395293125
2021,CO2/CO/NOx,2021-10-09 16:00:00+02:00,0.7391131323098197
2021,CO2/CO/NOx,2021-10-09 17:00:00+02:00,0.7861331109946212
2021,CO2/CO/NOx,2021-10-09 18:00:00+02:00,0.8421548182962723
2021,CO2/CO/NOx,2021-10-09 19:00:00+02:00,0.88698434762137
2021,CO2/CO/NOx,2021-10-09 20:00:00+02:00,0.9190144396110119
2021,CO2/CO/NOx,2021-10-09 21:00:00+02:00,0.9281530034158598
2021,CO2/CO/NOx,2021-10-09 22:00:00+02:00,0.9196422823413715
2021,CO2/CO/NOx,2021-10-09 23:00:00+02:00,0.8998345084167073
2021,CO2/CO/NOx,2021-10-10 00:00:00+02:00,0.8853414535286221
2021,CO2/CO/NOx,2021-10-10 01:00:00+02:00,0.8988901523670073
2021,CO2/CO/NOx,2021-10-10 02:00:00+02:00,0.952334653707219
2021,CO2/CO/NOx,2021-10-10 03:00:00+02:00,1.030587353957424
2021,CO2/CO/NOx,2021-10-10 04:00:00+02:00,1.1146068686329256
2021,CO2/CO/NOx,2021-10-10 05:00:00+02:00,1.1794926127798466
2021,CO2/CO/NOx,2021-10-10 06:00:00+02:00,1.2163316584816581
2021,CO2/CO/NOx,2021-10-10 07:00:00+02:00,1.2325708629335006
2021,CO2/CO/NOx,2021-10-10 08:00:00+02:00,1.215006599713951
2021,CO2/CO/NOx,2021-10-10 09:00:00+02:00,1.1480080039799927
2021,CO2/CO/NOx,2021-10-10 10:00:00+02:00,1.0814603371310822
2021,CO2/CO/NOx,2021-10-10 11:00:00+02:00,1.0106206482159759
2021,CO2/CO/NOx,2021-10-10 12:00:00+02:00,0.9402378787007576
2021,CO2/CO/NOx,2021-10-10 13:00:00+02:00,0.8877160465159983
2021,CO2/CO/NOx,2021-10-10 14:00:00+02:00,0.8565586734541756
2021,CO2/CO/NOx,2021-10-10 15:00:00+02:00,0.8494552423338099
2021,CO2/CO/NOx,2021-10-10 16:00:00+02:00,0.8745925116084056
2021,CO2/CO/NOx,2021-10-10 17:00:00+02:00,0.9106350639237754
2021,CO2/CO/NOx,2021-10-10 18:00:00+02:00,0.9640816979296364
2021,CO2/CO/NOx,2021-10-10 19:00:00+02:00,1.0063021181212597
2021,CO2/CO/NOx,2021-10-10 20:00:00+02:00,1.0188734892648765
2021,CO2/CO/NOx,2021-10-10 21:00:00+02:00,1.001880969018932
2021,CO2/CO/NOx,2021-10-10 22:00:00+02:00,0.9853067421409827
2021,CO2/CO/NOx,2021-10-10 23:00:00+02:00,0.9852605899835356
2021,CO2/CO/NOx,2021-10-11 00:00:00+02:00,0.9673573927526905
2021,CO2/CO/NOx,2021-10-11 01:00:00+02:00,0.9930462793985892
2021,CO2/CO/NOx,2021-10-11 02:00:00+02:00,1.0544569508154749
2021,CO2/CO/NOx,2021-10-11 03:00:00+02:00,1.1506630683425436
2021,CO2/CO/NOx,2021-10-11 04:00:00+02:00,1.2315700235035008
2021,CO2/CO/NOx,2021-10-11 05:00:00+02:00,1.299236152257436
2021,CO2/CO/NOx,2021-10-11 06:00:00+02:00,1.345730014406822
2021,CO2/CO/NOx,2021-10-11 07:00:00+02:00,1.3826679267783126
2021,CO2/CO/NOx,2021-10-11 08:00:00+02:00,1.3556319805376302
2021,CO2/CO/NOx,2021-10-11 09:00:00+02:00,1.2690035831594733
2021,CO2/CO/NOx,2021-10-11 10:00:00+02:00,1.175767186363965
2021,CO2/CO/NOx,2021-10-11 11:00:00+02:00,1.0673588252475246
2021,CO2/CO/NOx,2021-10-11 12:00:00+02:00,0.9611785970152777
2021,CO2/CO/NOx,2021-10-11 13:00:00+02:00,0.8795913560016076
2021,CO2/CO/NOx,2021-10-11 14:00:00+02:00,0.8433418425592999
2021,CO2/CO/NOx,2021-10-11 15:00:00+02:00,0.856472393129887
2021,CO2/CO/NOx,2021-10-11 16:00:00+02:00,0.8883177425055702
2021,CO2/CO/NOx,2021-10-11 17:00:00+02:00,0.899689810093293
2021,CO2/CO/NOx,2021-10-11 18:00:00+02:00,0.9461630801101643
2021,CO2/CO/NOx,2021-10-11 19:00:00+02:00,0.9658141472274667
2021,CO2/CO/NOx,2021-10-11 20:00:00+02:00,0.9606382871064338
2021,CO2/CO/NOx,2021-10-11 21:00:00+02:00,0.9334709421158154
2021,CO2/CO/NOx,2021-10-11 22:00:00+02:00,0.8899610923873145
2021,CO2/CO/NOx,2021-10-11 23:00:00+02:00,0.8443526597202341
2021,CO2/CO/NOx,2021-10-12 00:00:00+02:00,0.8007962987699591
2021,CO2/CO/NOx,2021-10-12 01:00:00+02:00,0.7866341862561315
2021,CO2/CO/NOx,2021-10-12 02:00:00+02:00,0.8141241289427339
2021,CO2/CO/NOx,2021-10-12 03:00:00+02:00,0.8890980754414545
2021,CO2/CO/NOx,2021-10-12 04:00:00+02:00,0.9632809845369326
2021,CO2/CO/NOx,2021-10-12 05:00:00+02:00,1.031883042943605
2021,CO2/CO/NOx,2021-10-12 06:00:00+02:00,1.0797031440244422
2021,CO2/CO/NOx,2021-10-12 07:00:00+02:00,1.0958157634358847
2021,CO2/CO/NOx,2021-10-12 08:00:00+02:00,1.0723486196384187
2021,CO2/CO/NOx,2021-10-12 09:00:00+02:00,1.015350618354344
2021,CO2/CO/NOx,2021-10-12 10:00:00+02:00,0.9730863983415698
2021,CO2/CO/NOx,2021-10-12 11:00:00+02:00,0.9327077706836098
2021,CO2/CO/NOx,2021-10-12 12:00:00+02:00,0.8887920541204186
2021,CO2/CO/NOx,2021-10-12 13:00:00+02:00,0.8670708781046252
2021,CO2/CO/NOx,2021-10-12 14:00:00+02:00,0.8544781329090556
2021,CO2/CO/NOx,2021-10-12 15:00:00+02:00,0.8632231618674134
2021,CO2/CO/NOx,2021-10-12 16:00:00+02:00,0.8861319722322809
2021,CO2/CO/NOx,2021-10-12 17:00:00+02:00,0.9125441036433749
2021,CO2/CO/NOx,2021-10-12 18:00:00+02:00,0.9441449654715088
2021,CO2/CO/NOx,2021-10-12 19:00:00+02:00,0.9550670460386758
2021,CO2/CO/NOx,2021-10-12 20:00:00+02:00,0.9518884728193749
2021,CO2/CO/NOx,2021-10-12 21:00:00+02:00,0.9304867125975994
2021,CO2/CO/NOx,2021-10-12 22:00:00+02:00,0.9032978927686682
2021,CO2/CO/NOx,2021-10-12 23:00:00+02:00,0.8751128235810891
2021,CO2/CO/NOx,2021-10-13 00:00:00+02:00,0.844832664763871
2021,CO2/CO/NOx,2021-10-13 01:00:00+02:00,0.8443232881965604
2021,CO2/CO/NOx,2021-10-13 02:00:00+02:00,0.8708425776086451
2021,CO2/CO/NOx,2021-10-13 03:00:00+02:00,0.9224092078001116
2021,CO2/CO/NOx,2021-10-13 04:00:00+02:00,0.9694987043388515
2021,CO2/CO/NOx,2021-10-13 05:00:00+02:00,1.0157715718271976
2021,CO2/CO/NOx,2021-10-13 06:00:00+02:00,1.057327066630696
2021,CO2/CO/NOx,2021-10-13 07:00:00+02:00,1.0749860439362615
2021,CO2/CO/NOx,2021-10-13 08:00:00+02:00,1.0900131168151872
2021,CO2/CO/NOx,2021-10-13 09:00:00+02:00,1.070265185051811
2021,CO2/CO/NOx,2021-10-13 10:00:00+02:00,1.0548109019546845
2021,CO2/CO/NOx,2021-10-13 11:00:00+02:00,1.0231226849056796
2021,CO2/CO/NOx,2021-10-13 12:00:00+02:00,0.9866088449708262
2021,CO2/CO/NOx,2021-10-13 13:00:00+02:00,0.9692048156643334
2021,CO2/CO/NOx,2021-10-13 14:00:00+02:00,0.9607391994150041
2021,CO2/CO/NOx,2021-10-13 15:00:00+02:00,0.9709744445510213
2021,CO2/CO/NOx,2021-10-13 16:00:00+02:00,0.9921074800772102
2021,CO2/CO/NOx,2021-10-13 17:00:00+02:00,1.0430544848358365
2021,CO2/CO/NOx,2021-10-13 18:00:00+02:00,1.094514919631248
2021,CO2/CO/NOx,2021-10-13 19:00:00+02:00,1.119852421896065
2021,CO2/CO/NOx,2021-10-13 20:00:00+02:00,1.1017659005272424
2021,CO2/CO/NOx,2021-10-13 21:00:00+02:00,1.0578769089695268
2021,CO2/CO/NOx,2021-10-13 22:00:00+02:00,1.012431868561524
2021,CO2/CO/NOx,2021-10-13 23:00:00+02:00,0.9695474772349301
2021,CO2/CO/NOx,2021-10-14 00:00:00+02:00,0.9259116773661027
2021,CO2/CO/NOx,2021-10-14 01:00:00+02:00,0.9197215748845783
2021,CO2/CO/NOx,2021-10-14 02:00:00+02:00,0.9396925549824348
2021,CO2/CO/NOx,2021-10-14 03:00:00+02:00,1.0046138107647467
2021,CO2/CO/NOx,2021-10-14 04:00:00+02:00,1.0699511186837578
2021,CO2/CO/NOx,2021-10-14 05:00:00+02:00,1.1294817849076746
2021,CO2/CO/NOx,2021-10-14 06:00:00+02:00,1.179710879304538
2021,CO2/CO/NOx,2021-10-14 07:00:00+02:00,1.2289209914979102
2021,CO2/CO/NOx,2021-10-14 08:00:00+02:00,1.243851888878441
2021,CO2/CO/NOx,2021-10-14 09:00:00+02:00,1.2065427566971243
2021,CO2/CO/NOx,2021-10-14 10:00:00+02:00,1.1564927225924835
2021,CO2/CO/NOx,2021-10-14 11:00:00+02:00,1.08638770845334
2021,CO2/CO/NOx,2021-10-14 12:00:00+02:00,1.0227228797530405
2021,CO2/CO/NOx,2021-10-14 13:00:00+02:00,0.9702177206138429
2021,CO2/CO/NOx,2021-10-14 14:00:00+02:00,0.9367791345143774
2021,CO2/CO/NOx,2021-10-14 15:00:00+02:00,0.9219749934238541
2021,CO2/CO/NOx,2021-10-14 16:00:00+02:00,0.9347641759750127
2021,CO2/CO/NOx,2021-10-14 17:00:00+02:00,0.9416526295896152
2021,CO2/CO/NOx,2021-10-14 18:00:00+02:00,0.960401957604925
2021,CO2/CO/NOx,2021-10-14 19:00:00+02:00,0.9574600518338823
2021,CO2/CO/NOx,2021-10-14 20:00:00+02:00,0.9379704527830216
2021,CO2/CO/NOx,2021-10-14 21:00:00+02:00,0.9075925033742003
2021,CO2/CO/NOx,2021-10-14 22:00:00+02:00,0.8792851549903958
2021,CO2/CO/NOx,2021-10-14 23:00:00+02:00,0.8626732255413644
2021,CO2/CO/NOx,2021-10-15 00:00:00+02:00,0.8468369872475562
2021,CO2/CO/NOx,2021-10-15 01:00:00+02:00,0.8876840816666646
2021,CO2/CO/NOx,2021-10-15 02:00:00+02:00,0.9671749260640852
2021,CO2/CO/NOx,2021-10-15 03:00:00+02:00,1.0809815817657482
2021,CO2/CO/NOx,2021-10-15 04:00:00+02:00,1.1810634995467753
2021,CO2/CO/NOx,2021-10-15 05:00:00+02:00,1.2518879827435965
2021,CO2/CO/NOx,2021-10-15 06:00:00+02:00,1.2857218599520606
2021,CO2/CO/NOx,2021-10-15 07:00:00+02:00,1.2501572471521163
2021,CO2/CO/NOx,2021-10-15 08:00:00+02:00,1.1734063259106133
2021,CO2/CO/NOx,2021-10-15 09:00:00+02:00,1.049481552839826
2021,CO2/CO/NOx,2021-10-15 10:00:00+02:00,0.9536062622929202
2021,CO2/CO/NOx,2021-10-15 11:00:00+02:00,0.8705085045306007
2021,CO2/CO/NOx,2021-10-15 12:00:00+02:00,0.8118243854066356
2021,CO2/CO/NOx,2021-10-15 13:00:00+02:00,0.795663540260471
2021,CO2/CO/NOx,2021-10-15 14:00:00+02:00,0.8008226666676523
2021,CO2/CO/NOx,2021-10-15 15:00:00+02:00,0.8399904030921813
2021,CO2/CO/NOx,2021-10-15 16:00:00+02:00,0.8761785330695031
2021,CO2/CO/NOx,2021-10-15 17:00:00+02:00,0.9134355326150406
2021,CO2/CO/NOx,2021-10-15 18:00:00+02:00,0.9311832920910474
2021,CO2/CO/NOx,2021-10-15 19:00:00+02:00,0.9186678550778504
2021,CO2/CO/NOx,2021-10-15 20:00:00+02:00,0.8805052777125465
2021,CO2/CO/NOx,2021-10-15 21:00:00+02:00,0.813570641470739
2021,CO2/CO/NOx,2021-10-15 22:00:00+02:00,0.7442960692287957
2021,CO2/CO/NOx,2021-10-15 23:00:00+02:00,0.6836873019196726
2021,CO2/CO/NOx,2021-10-16 00:00:00+02:00,0.6472214353374809
2021,CO2/CO/NOx,2021-10-16 01:00:00+02:00,0.6367503061295496
2021,CO2/CO/NOx,2021-10-16 02:00:00+02:00,0.6678517281620855
2021,CO2/CO/NOx,2021-10-16 03:00:00+02:00,0.7276072266829217
2021,CO2/CO/NOx,2021-10-16 04:00:00+02:00,0.7987748719508316
2021,CO2/CO/NOx,2021-10-16 05:00:00+02:00,0.8636489049440992
2021,CO2/CO/NOx,2021-10-16 06:00:00+02:00,0.9088434037584997
2021,CO2/CO/NOx,2021-10-16 07:00:00+02:00,0.924915724393747
2021,CO2/CO/NOx,2021-10-16 08:00:00+02:00,0.9140354122163747
2021,CO2/CO/NOx,2021-10-16 09:00:00+02:00,0.8711848534058871
2021,CO2/CO/NOx,2021-10-16 10:00:00+02:00,0.8223378806435839
2021,CO2/CO/NOx,2021-10-16 11:00:00+02:00,0.777756399364673
2021,CO2/CO/NOx,2021-10-16 12:00:00+02:00,0.7332884517271603
2021,CO2/CO/NOx,2021-10-16 13:00:00+02:00,0.6970338033242471
2021,CO2/CO/NOx,2021-10-16 14:00:00+02:00,0.6683890257369461
2021,CO2/CO/NOx,2021-10-16 15:00:00+02:00,0.6704195192509597
2021,CO2/CO/NOx,2021-10-16 16:00:00+02:00,0.68761284287281
2021,CO2/CO/NOx,2021-10-16 17:00:00+02:00,0.7334697701146167
2021,CO2/CO/NOx,2021-10-16 18:00:00+02:00,0.8078464583758926
2021,CO2/CO/NOx,2021-10-16 19:00:00+02:00,0.8741376967488894
2021,CO2/CO/NOx,2021-10-16 20:00:00+02:00,0.9146149448632018
2021,CO2/CO/NOx,2021-10-16 21:00:00+02:00,0.9296307848677622
2021,CO2/CO/NOx,2021-10-16 22:00:00+02:00,0.9255269499081892
2021,CO2/CO/NOx,2021-10-16 23:00:00+02:00,0.9039485531321968
2021,CO2/CO/NOx,2021-10-17 00:00:00+02:00,0.9146849638846938
2021,CO2/CO/NOx,2021-10-17 01:00:00+02:00,0.9457834647108999
2021,CO2/CO/NOx,2021-10-17 02:00:00+02:00,0.9994804009168734
2021,CO2/CO/NOx,2021-10-17 03:00:00+02:00,1.0728635928491372
2021,CO2/CO/NOx,2021-10-17 04:00:00+02:00,1.1304435913003974
2021,CO2/CO/NOx,2021-10-17 05:00:00+02:00,1.1895495059642125
2021,CO2/CO/NOx,2021-10-17 06:00:00+02:00,1.241933395958202
2021,CO2/CO/NOx,2021-10-17 07:00:00+02:00,1.2430273288511824
2021,CO2/CO/NOx,2021-10-17 08:00:00+02:00,1.1817539410856444
2021,CO2/CO/NOx,2021-10-17 09:00:00+02:00,1.1196748121445992
2021,CO2/CO/NOx,2021-10-17 10:00:00+02:00,1.0433074841305914
2021,CO2/CO/NOx,2021-10-17 11:00:00+02:00,0.9563706807551489
2021,CO2/CO/NOx,2021-10-17 12:00:00+02:00,0.8815784655481326
2021,CO2/CO/NOx,2021-10-17 13:00:00+02:00,0.8313488168920202
2021,CO2/CO/NOx,2021-10-17 14:00:00+02:00,0.8261605090118141
2021,CO2/CO/NOx,2021-10-17 15:00:00+02:00,0.8554845485220651
2021,CO2/CO/NOx,2021-10-17 16:00:00+02:00,0.8839056934909203
2021,CO2/CO/NOx,2021-10-17 17:00:00+02:00,0.9331135969805552
2021,CO2/CO/NOx,2021-10-17 18:00:00+02:00,0.9995446417226591
2021,CO2/CO/NOx,2021-10-17 19:00:00+02:00,1.0362440278973275
2021,CO2/CO/NOx,2021-10-17 20:00:00+02:00,1.0359261232815915
2021,CO2/CO/NOx,2021-10-17 21:00:00+02:00,1.0224252452180282
2021,CO2/CO/NOx,2021-10-17 22:00:00+02:00,0.9921796503504544
2021,CO2/CO/NOx,2021-10-17 23:00:00+02:00,0.9498518231089357
2021,CO2/CO/NOx,2021-10-18 00:00:00+02:00,0.8884250730811822
2021,CO2/CO/NOx,2021-10-18 01:00:00+02:00,0.8788029020593202
2021,CO2/CO/NOx,2021-10-18 02:00:00+02:00,0.9148122378691117
2021,CO2/CO/NOx,2021-10-18 03:00:00+02:00,0.9681477854822015
2021,CO2/CO/NOx,2021-10-18 04:00:00+02:00,1.0163853219301575
2021,CO2/CO/NOx,2021-10-18 05:00:00+02:00,1.0722842257263754
2021,CO2/CO/NOx,2021-10-18 06:00:00+02:00,1.138788341918
2021,CO2/CO/NOx,2021-10-18 07:00:00+02:00,1.192684966273893
2021,CO2/CO/NOx,2021-10-18 08:00:00+02:00,1.1957360097924936
2021,CO2/CO/NOx,2021-10-18 09:00:00+02:00,1.143468871518063
2021,CO2/CO/NOx,2021-10-18 10:00:00+02:00,1.1013586236918167
2021,CO2/CO/NOx,2021-10-18 11:00:00+02:00,1.028882315042153
2021,CO2/CO/NOx,2021-10-18 12:00:00+02:00,0.9422498280164804
2021,CO2/CO/NOx,2021-10-18 13:00:00+02:00,0.8642662985554994
2021,CO2/CO/NOx,2021-10-18 14:00:00+02:00,0.8175872161823309
2021,CO2/CO/NOx,2021-10-18 15:00:00+02:00,0.8093199550842152
2021,CO2/CO/NOx,2021-10-18 16:00:00+02:00,0.8345186275640285
2021,CO2/CO/NOx,2021-10-18 17:00:00+02:00,0.8736132487058395
2021,CO2/CO/NOx,2021-10-18 18:00:00+02:00,0.9457437367020688
2021,CO2/CO/NOx,2021-10-18 19:00:00+02:00,0.9985379702562718
2021,CO2/CO/NOx,2021-10-18 20:00:00+02:00,1.017899230768388
2021,CO2/CO/NOx,2021-10-18 21:00:00+02:00,1.0103725631046612
2021,CO2/CO/NOx,2021-10-18 22:00:00+02:00,0.9784419881814583
2021,CO2/CO/NOx,2021-10-18 23:00:00+02:00,0.9431162419792983
2021,CO2/CO/NOx,2021-10-19 00:00:00+02:00,0.8981500996563598
2021,CO2/CO/NOx,2021-10-19 01:00:00+02:00,0.9004436449463662
2021,CO2/CO/NOx,2021-10-19 02:00:00+02:00,0.9446897717680421
2021,CO2/CO/NOx,2021-10-19 03:00:00+02:00,1.023865307243256
2021,CO2/CO/NOx,2021-10-19 04:00:00+02:00,1.0803933630980265
2021,CO2/CO/NOx,2021-10-19 05:00:00+02:00,1.1369430053725544
2021,CO2/CO/NOx,2021-10-19 06:00:00+02:00,1.1623364972955772
2021,CO2/CO/NOx,2021-10-19 07:00:00+02:00,1.1466992973813432
2021,CO2/CO/NOx,2021-10-19 08:00:00+02:00,1.088747403030106
2021,CO2/CO/NOx,2021-10-19 09:00:00+02:00,0.998399238512404
2021,CO2/CO/NOx,2021-10-19 10:00:00+02:00,0.930991856646209
2021,CO2/CO/NOx,2021-10-19 11:00:00+02:00,0.8715014350077961
2021,CO2/CO/NOx,2021-10-19 12:00:00+02:00,0.8225088503123009
2021,CO2/CO/NOx,2021-10-19 13:00:00+02:00,0.800927462678263
2021,CO2/CO/NOx,2021-10-19 14:00:00+02:00,0.8149272490337615
2021,CO2/CO/NOx,2021-10-19 15:00:00+02:00,0.8452450197896978
2021,CO2/CO/NOx,2021-10-19 16:00:00+02:00,0.882359961745317
2021,CO2/CO/NOx,2021-10-19 17:00:00+02:00,0.8892932345981668
2021,CO2/CO/NOx,2021-10-19 18:00:00+02:00,0.8809432041549824
2021,CO2/CO/NOx,2021-10-19 19:00:00+02:00,0.8315666445818202
2021,CO2/CO/NOx,2021-10-19 20:00:00+02:00,0.7443125258437299
2021,CO2/CO/NOx,2021-10-19 21:00:00+02:00,0.6510612039593274
2021,CO2/CO/NOx,2021-10-19 22:00:00+02:00,0.5797947126202285
2021,CO2/CO/NOx,2021-10-19 23:00:00+02:00,0.5390800470309907
2021,CO2/CO/NOx,2021-10-20 00:00:00+02:00,0.5302798571387495
2021,CO2/CO/NOx,2021-10-20 01:00:00+02:00,0.5722915548703931
2021,CO2/CO/NOx,2021-10-20 02:00:00+02:00,0.6415493960397546
2021,CO2/CO/NOx,2021-10-20 03:00:00+02:00,0.7457463302588154
2021,CO2/CO/NOx,2021-10-20 04:00:00+02:00,0.8194289378112838
2021,CO2/CO/NOx,2021-10-20 05:00:00+02:00,0.8504848921794314
2021,CO2/CO/NOx,2021-10-20 06:00:00+02:00,0.8621230232091875
2021,CO2/CO/NOx,2021-10-20 07:00:00+02:00,0.8320615258205755
2021,CO2/CO/NOx,2021-10-20 08:00:00+02:00,0.7550220193203303
2021,CO2/CO/NOx,2021-10-20 09:00:00+02:00,0.6558479221603192
2021,CO2/CO/NOx,2021-10-20 10:00:00+02:00,0.5729120639238997
2021,CO2/CO/NOx,2021-10-20 11:00:00+02:00,0.5105743832811349
2021,CO2/CO/NOx,2021-10-20 12:00:00+02:00,0.4803220049180305
2021,CO2/CO/NOx,2021-10-20 13:00:00+02:00,0.4682285449514418
2021,CO2/CO/NOx,2021-10-20 14:00:00+02:00,0.47744507808059655
2021,CO2/CO/NOx,2021-10-20 15:00:00+02:00,0.5058421895724585
2021,CO2/CO/NOx,2021-10-20 16:00:00+02:00,0.5340163006829179
2021,CO2/CO/NOx,2021-10-20 17:00:00+02:00,0.5527826175258033
2021,CO2/CO/NOx,2021-10-20 18:00:00+02:00,0.5720222080281806
2021,CO2/CO/NOx,2021-10-20 19:00:00+02:00,0.5575230217860195
2021,CO2/CO/NOx,2021-10-20 20:00:00+02:00,0.5179777175973536
2021,CO2/CO/NOx,2021-10-20 21:00:00+02:00,0.4681476300446549
2021,CO2/CO/NOx,2021-10-20 22:00:00+02:00,0.4238452683006323
2021,CO2/CO/NOx,2021-10-20 23:00:00+02:00,0.3897361020166854
2021,CO2/CO/NOx,2021-10-21 00:00:00+02:00,0.3621614567021144
2021,CO2/CO/NOx,2021-10-21 01:00:00+02:00,0.3654895302470153
2021,CO2/CO/NOx,2021-10-21 02:00:00+02:00,0.38344883302166843
2021,CO2/CO/NOx,2021-10-21 03:00:00+02:00,0.41603404787507614
2021,CO2/CO/NOx,2021-10-21 04:00:00+02:00,0.44362938437905225
2021,CO2/CO/NOx,2021-10-21 05:00:00+02:00,0.4724409275256751
2021,CO2/CO/NOx,2021-10-21 06:00:00+02:00,0.49739359821844303
2021,CO2/CO/NOx,2021-10-21 07:00:00+02:00,0.5076966578786956
2021,CO2/CO/NOx,2021-10-21 08:00:00+02:00,0.505929214833566
2021,CO2/CO/NOx,2021-10-21 09:00:00+02:00,0.49102100083469935
2021,CO2/CO/NOx,2021-10-21 10:00:00+02:00,0.47855262631330836
2021,CO2/CO/NOx,2021-10-21 11:00:00+02:00,0.4642297102429941
2021,CO2/CO/NOx,2021-10-21 12:00:00+02:00,0.45068758014963795
2021,CO2/CO/NOx,2021-10-21 13:00:00+02:00,0.44136756994402115
2021,CO2/CO/NOx,2021-10-21 14:00:00+02:00,0.4400970406114332
2021,CO2/CO/NOx,2021-10-21 15:00:00+02:00,0.44613549547589654
2021,CO2/CO/NOx,2021-10-21 16:00:00+02:00,0.4551477578432694
2021,CO2/CO/NOx,2021-10-21 17:00:00+02:00,0.4755805327480679
2021,CO2/CO/NOx,2021-10-21 18:00:00+02:00,0.5079438759255908
2021,CO2/CO/NOx,2021-10-21 19:00:00+02:00,0.5372190693509951
2021,CO2/CO/NOx,2021-10-21 20:00:00+02:00,0.5590965067955286
2021,CO2/CO/NOx,2021-10-21 21:00:00+02:00,0.5652484501362915
2021,CO2/CO/NOx,2021-10-21 22:00:00+02:00,0.5585655531028159
2021,CO2/CO/NOx,2021-10-21 23:00:00+02:00,0.548778072191242
2021,CO2/CO/NOx,2021-10-22 00:00:00+02:00,0.5292583924069956
2021,CO2/CO/NOx,2021-10-22 01:00:00+02:00,0.5372335386548496
2021,CO2/CO/NOx,2021-10-22 02:00:00+02:00,0.5694208423012433
2021,CO2/CO/NOx,2021-10-22 03:00:00+02:00,0.6369565329739124
2021,CO2/CO/NOx,2021-10-22 04:00:00+02:00,0.7218681177383559
2021,CO2/CO/NOx,2021-10-22 05:00:00+02:00,0.8070196501773617
2021,CO2/CO/NOx,2021-10-22 06:00:00+02:00,0.8826888878094501
2021,CO2/CO/NOx,2021-10-22 07:00:00+02:00,0.930687661634752
2021,CO2/CO/NOx,2021-10-22 08:00:00+02:00,0.9558680613945647
2021,CO2/CO/NOx,2021-10-22 09:00:00+02:00,0.9318142637449989
2021,CO2/CO/NOx,2021-10-22 10:00:00+02:00,0.8993063087650414
2021,CO2/CO/NOx,2021-10-22 11:00:00+02:00,0.867084487683966
2021,CO2/CO/NOx,2021-10-22 12:00:00+02:00,0.8395628802226465
2021,CO2/CO/NOx,2021-10-22 13:00:00+02:00,0.818574177843784
2021,CO2/CO/NOx,2021-10-22 14:00:00+02:00,0.8240849874155719
2021,CO2/CO/NOx,2021-10-22 15:00:00+02:00,0.8545058347382282
2021,CO2/CO/NOx,2021-10-22 16:00:00+02:00,0.8985933572560362
2021,CO2/CO/NOx,2021-10-22 17:00:00+02:00,0.9551845469470531
2021,CO2/CO/NOx,2021-10-22 18:00:00+02:00,1.0152084379125723
2021,CO2/CO/NOx,2021-10-22 19:00:00+02:00,1.0437552311333607
2021,CO2/CO/NOx,2021-10-22 20:00:00+02:00,1.0523652547519984
2021,CO2/CO/NOx,2021-10-22 21:00:00+02:00,1.0227005108926583
2021,CO2/CO/NOx,2021-10-22 22:00:00+02:00,0.9765643482888398
2021,CO2/CO/NOx,2021-10-22 23:00:00+02:00,0.9366419542631651
2021,CO2/CO/NOx,2021-10-23 00:00:00+02:00,0.8971652366763004
2021,CO2/CO/NOx,2021-10-23 01:00:00+02:00,0.8864379195422453
2021,CO2/CO/NOx,2021-10-23 02:00:00+02:00,0.9055436376306338
2021,CO2/CO/NOx,2021-10-23 03:00:00+02:00,0.953659299872027
2021,CO2/CO/NOx,2021-10-23 04:00:00+02:00,1.0068456892901387
2021,CO2/CO/NOx,2021-10-23 05:00:00+02:00,1.0632174776090904
2021,CO2/CO/NOx,2021-10-23 06:00:00+02:00,1.11607162154101
2021,CO2/CO/NOx,2021-10-23 07:00:00+02:00,1.1688855725330292
2021,CO2/CO/NOx,2021-10-23 08:00:00+02:00,1.1866937435760836
2021,CO2/CO/NOx,2021-10-23 09:00:00+02:00,1.1686616923895035
2021,CO2/CO/NOx,2021-10-23 10:00:00+02:00,1.1312947593481963
2021,CO2/CO/NOx,2021-10-23 11:00:00+02:00,1.074735176676083
2021,CO2/CO/NOx,2021-10-23 12:00:00+02:00,1.0121728459031956
2021,CO2/CO/NOx,2021-10-23 13:00:00+02:00,0.9584476189224165
2021,CO2/CO/NOx,2021-10-23 14:00:00+02:00,0.9200233099997819
2021,CO2/CO/NOx,2021-10-23 15:00:00+02:00,0.9128292053897298
2021,CO2/CO/NOx,2021-10-23 16:00:00+02:00,0.9511040587626212
2021,CO2/CO/NOx,2021-10-23 17:00:00+02:00,1.0095779371158362
2021,CO2/CO/NOx,2021-10-23 18:00:00+02:00,1.0777139953548442
2021,CO2/CO/NOx,2021-10-23 19:00:00+02:00,1.1116383401737684
2021,CO2/CO/NOx,2021-10-23 20:00:00+02:00,1.1159786254477981
2021,CO2/CO/NOx,2021-10-23 21:00:00+02:00,1.0856988435774266
2021,CO2/CO/NOx,2021-10-23 22:00:00+02:00,1.0368232239360633
2021,CO2/CO/NOx,2021-10-23 23:00:00+02:00,1.003632980216001
2021,CO2/CO/NOx,2021-10-24 00:00:00+02:00,0.9766782396225903
2021,CO2/CO/NOx,2021-10-24 01:00:00+02:00,0.9979120848573944
2021,CO2/CO/NOx,2021-10-24 02:00:00+02:00,1.0560335041023465
2021,CO2/CO/NOx,2021-10-24 03:00:00+02:00,1.1413996714610029
2021,CO2/CO/NOx,2021-10-24 04:00:00+02:00,1.2309140411868822
2021,CO2/CO/NOx,2021-10-24 05:00:00+02:00,1.313630929207377
2021,CO2/CO/NOx,2021-10-24 06:00:00+02:00,1.3701906857063708
2021,CO2/CO/NOx,2021-10-24 07:00:00+02:00,1.428518721927236
2021,CO2/CO/NOx,2021-10-24 08:00:00+02:00,1.4239756272416708
2021,CO2/CO/NOx,2021-10-24 09:00:00+02:00,1.3444454381455486
2021,CO2/CO/NOx,2021-10-24 10:00:00+02:00,1.2392238689840682
2021,CO2/CO/NOx,2021-10-24 11:00:00+02:00,1.1024489628324619
2021,CO2/CO/NOx,2021-10-24 12:00:00+02:00,0.9806176996458326
2021,CO2/CO/NOx,2021-10-24 13:00:00+02:00,0.8983665709431503
2021,CO2/CO/NOx,2021-10-24 14:00:00+02:00,0.8546048441841172
2021,CO2/CO/NOx,2021-10-24 15:00:00+02:00,0.862132998160358
2021,CO2/CO/NOx,2021-10-24 16:00:00+02:00,0.9133702278162801
2021,CO2/CO/NOx,2021-10-24 17:00:00+02:00,0.9754479644109871
2021,CO2/CO/NOx,2021-10-24 18:00:00+02:00,1.072194713250927
2021,CO2/CO/NOx,2021-10-24 19:00:00+02:00,1.1357688122930072
2021,CO2/CO/NOx,2021-10-24 20:00:00+02:00,1.146838157706537
2021,CO2/CO/NOx,2021-10-24 21:00:00+02:00,1.124299869537322
2021,CO2/CO/NOx,2021-10-24 22:00:00+02:00,1.092823586363739
2021,CO2/CO/NOx,2021-10-24 23:00:00+02:00,1.0566638829969972
2021,CO2/CO/NOx,2021-10-25 00:00:00+02:00,1.0136514866641289
2021,CO2/CO/NOx,2021-10-25 01:00:00+02:00,1.012830969281104
2021,CO2/CO/NOx,2021-10-25 02:00:00+02:00,1.0786236547510406
2021,CO2/CO/NOx,2021-10-25 03:00:00+02:00,1.1781670669253197
2021,CO2/CO/NOx,2021-10-25 04:00:00+02:00,1.2796185237762117
2021,CO2/CO/NOx,2021-10-25 05:00:00+02:00,1.3691907867317272
2021,CO2/CO/NOx,2021-10-25 06:00:00+02:00,1.435313012683359
2021,CO2/CO/NOx,2021-10-25 07:00:00+02:00,1.4807265985893165
2021,CO2/CO/NOx,2021-10-25 08:00:00+02:00,1.4434043755666162
2021,CO2/CO/NOx,2021-10-25 09:00:00+02:00,1.3400385503073218
2021,CO2/CO/NOx,2021-10-25 10:00:00+02:00,1.2217103335806765
2021,CO2/CO/NOx,2021-10-25 11:00:00+02:00,1.0968796726185261
2021,CO2/CO/NOx,2021-10-25 12:00:00+02:00,0.9793827823210952
2021,CO2/CO/NOx,2021-10-25 13:00:00+02:00,0.9117135660113348
2021,CO2/CO/NOx,2021-10-25 14:00:00+02:00,0.877676529740553
2021,CO2/CO/NOx,2021-10-25 15:00:00+02:00,0.8918363734700917
2021,CO2/CO/NOx,2021-10-25 16:00:00+02:00,0.9402225922241783
2021,CO2/CO/NOx,2021-10-25 17:00:00+02:00,0.9876104492168561
2021,CO2/CO/NOx,2021-10-25 18:00:00+02:00,1.055276078138778
2021,CO2/CO/NOx,2021-10-25 19:00:00+02:00,1.0875515383870056
2021,CO2/CO/NOx,2021-10-25 20:00:00+02:00,1.0999862509767337
2021,CO2/CO/NOx,2021-10-25 21:00:00+02:00,1.0866151734691734
2021,CO2/CO/NOx,2021-10-25 22:00:00+02:00,1.0462179604232698
2021,CO2/CO/NOx,2021-10-25 23:00:00+02:00,0.999398078558577
2021,CO2/CO/NOx,2021-10-26 00:00:00+02:00,0.9427555508292749
2021,CO2/CO/NOx,2021-10-26 01:00:00+02:00,0.9216379410689037
2021,CO2/CO/NOx,2021-10-26 02:00:00+02:00,0.9532189606650652
2021,CO2/CO/NOx,2021-10-26 03:00:00+02:00,1.025093838869882
2021,CO2/CO/NOx,2021-10-26 04:00:00+02:00,1.1185025978575833
2021,CO2/CO/NOx,2021-10-26 05:00:00+02:00,1.2311144638371494
2021,CO2/CO/NOx,2021-10-26 06:00:00+02:00,1.324306595144246
2021,CO2/CO/NOx,2021-10-26 07:00:00+02:00,1.3505431124351766
2021,CO2/CO/NOx,2021-10-26 08:00:00+02:00,1.3146685193092595
2021,CO2/CO/NOx,2021-10-26 09:00:00+02:00,1.22415816043264
2021,CO2/CO/NOx,2021-10-26 10:00:00+02:00,1.1130974795824105
2021,CO2/CO/NOx,2021-10-26 11:00:00+02:00,0.9845256297872086
2021,CO2/CO/NOx,2021-10-26 12:00:00+02:00,0.875747572351809
2021,CO2/CO/NOx,2021-10-26 13:00:00+02:00,0.8340235277382261
2021,CO2/CO/NOx,2021-10-26 14:00:00+02:00,0.8344302562249112
2021,CO2/CO/NOx,2021-10-26 15:00:00+02:00,0.8616059954185761
2021,CO2/CO/NOx,2021-10-26 16:00:00+02:00,0.8798525160528714
2021,CO2/CO/NOx,2021-10-26 17:00:00+02:00,0.8981701171049403
2021,CO2/CO/NOx,2021-10-26 18:00:00+02:00,0.9442119278684273
2021,CO2/CO/NOx,2021-10-26 19:00:00+02:00,0.9410879766636523
2021,CO2/CO/NOx,2021-10-26 20:00:00+02:00,0.9158487858607414
2021,CO2/CO/NOx,2021-10-26 21:00:00+02:00,0.8932825142631974
2021,CO2/CO/NOx,2021-10-26 22:00:00+02:00,0.8817400227786688
2021,CO2/CO/NOx,2021-10-26 23:00:00+02:00,0.8695900842535869
2021,CO2/CO/NOx,2021-10-27 00:00:00+02:00,0.8563952921582819
2021,CO2/CO/NOx,2021-10-27 01:00:00+02:00,0.8783332137874362
2021,CO2/CO/NOx,2021-10-27 02:00:00+02:00,0.9375312519888883
2021,CO2/CO/NOx,2021-10-27 03:00:00+02:00,1.0455552510558181
2021,CO2/CO/NOx,2021-10-27 04:00:00+02:00,1.131020340719347
2021,CO2/CO/NOx,2021-10-27 05:00:00+02:00,1.2014555313270336
2021,CO2/CO/NOx,2021-10-27 06:00:00+02:00,1.2571912815591437
2021,CO2/CO/NOx,2021-10-27 07:00:00+02:00,1.2531479321772827
2021,CO2/CO/NOx,2021-10-27 08:00:00+02:00,1.1894832071054509
2021,CO2/CO/NOx,2021-10-27 09:00:00+02:00,1.0778128826097932
2021,CO2/CO/NOx,2021-10-27 10:00:00+02:00,0.9730068883193597
2021,CO2/CO/NOx,2021-10-27 11:00:00+02:00,0.8863023077041804
2021,CO2/CO/NOx,2021-10-27 12:00:00+02:00,0.822696816755899
2021,CO2/CO/NOx,2021-10-27 13:00:00+02:00,0.7843022700930651
2021,CO2/CO/NOx,2021-10-27 14:00:00+02:00,0.7662579553343407
2021,CO2/CO/NOx,2021-10-27 15:00:00+02:00,0.7989106837455391
2021,CO2/CO/NOx,2021-10-27 16:00:00+02:00,0.8293383774883881
2021,CO2/CO/NOx,2021-10-27 17:00:00+02:00,0.8899549448776499
2021,CO2/CO/NOx,2021-10-27 18:00:00+02:00,0.9532224569389574
2021,CO2/CO/NOx,2021-10-27 19:00:00+02:00,0.9808478148654821
2021,CO2/CO/NOx,2021-10-27 20:00:00+02:00,0.9798172087197934
2021,CO2/CO/NOx,2021-10-27 21:00:00+02:00,0.9444237358675202
2021,CO2/CO/NOx,2021-10-27 22:00:00+02:00,0.9137214730272217
2021,CO2/CO/NOx,2021-10-27 23:00:00+02:00,0.9030604949241782
2021,CO2/CO/NOx,2021-10-28 00:00:00+02:00,0.8874473849332113
2021,CO2/CO/NOx,2021-10-28 01:00:00+02:00,0.9014792947516099
2021,CO2/CO/NOx,2021-10-28 02:00:00+02:00,0.9614989171387116
2021,CO2/CO/NOx,2021-10-28 03:00:00+02:00,1.0298961752194733
2021,CO2/CO/NOx,2021-10-28 04:00:00+02:00,1.089459108817073
2021,CO2/CO/NOx,2021-10-28 05:00:00+02:00,1.12168956219789
2021,CO2/CO/NOx,2021-10-28 06:00:00+02:00,1.1511801478832595
2021,CO2/CO/NOx,2021-10-28 07:00:00+02:00,1.1874080137043461
2021,CO2/CO/NOx,2021-10-28 08:00:00+02:00,1.1930834924540707
2021,CO2/CO/NOx,2021-10-28 09:00:00+02:00,1.1330511436638413
2021,CO2/CO/NOx,2021-10-28 10:00:00+02:00,1.0694309514573013
2021,CO2/CO/NOx,2021-10-28 11:00:00+02:00,0.9899660125913685
2021,CO2/CO/NOx,2021-10-28 12:00:00+02:00,0.8987587062293333
2021,CO2/CO/NOx,2021-10-28 13:00:00+02:00,0.8136086210113298
2021,CO2/CO/NOx,2021-10-28 14:00:00+02:00,0.7539575387486156
2021,CO2/CO/NOx,2021-10-28 15:00:00+02:00,0.7585220105660511
2021,CO2/CO/NOx,2021-10-28 16:00:00+02:00,0.7979434969837877
2021,CO2/CO/NOx,2021-10-28 17:00:00+02:00,0.8622760726840907
2021,CO2/CO/NOx,2021-10-28 18:00:00+02:00,0.9708779932542623
2021,CO2/CO/NOx,2021-10-28 19:00:00+02:00,1.051014725922447
2021,CO2/CO/NOx,2021-10-28 20:00:00+02:00,1.0884846975750444
2021,CO2/CO/NOx,2021-10-28 21:00:00+02:00,1.0948517058872298
2021,CO2/CO/NOx,2021-10-28 22:00:00+02:00,1.0657770838557457
2021,CO2/CO/NOx,2021-10-28 23:00:00+02:00,1.05985946122748
2021,CO2/CO/NOx,2021-10-29 00:00:00+02:00,1.0340167130538567
2021,CO2/CO/NOx,2021-10-29 01:00:00+02:00,1.0315621225170737
2021,CO2/CO/NOx,2021-10-29 02:00:00+02:00,1.0780088183266037
2021,CO2/CO/NOx,2021-10-29 03:00:00+02:00,1.1575828383038862
2021,CO2/CO/NOx,2021-10-29 04:00:00+02:00,1.2111059225748644
2021,CO2/CO/NOx,2021-10-29 05:00:00+02:00,1.263626032213836
2021,CO2/CO/NOx,2021-10-29 06:00:00+02:00,1.330577806180558
2021,CO2/CO/NOx,2021-10-29 07:00:00+02:00,1.3856420775772698
2021,CO2/CO/NOx,2021-10-29 08:00:00+02:00,1.4431572875881826
2021,CO2/CO/NOx,2021-10-29 09:00:00+02:00,1.449644321295971
2021,CO2/CO/NOx,2021-10-29 10:00:00+02:00,1.4464412015031283
2021,CO2/CO/NOx,2021-10-29 11:00:00+02:00,1.4260847870109297
2021,CO2/CO/NOx,2021-10-29 12:00:00+02:00,1.3347378483129237
2021,CO2/CO/NOx,2021-10-29 13:00:00+02:00,1.2166753069315264
2021,CO2/CO/NOx,2021-10-29 14:00:00+02:00,1.1409569427612865
2021,CO2/CO/NOx,2021-10-29 15:00:00+02:00,1.1277744384727713
2021,CO2/CO/NOx,2021-10-29 16:00:00+02:00,1.157784772196933
2021,CO2/CO/NOx,2021-10-29 17:00:00+02:00,1.2239505771774712
2021,CO2/CO/NOx,2021-10-29 18:00:00+02:00,1.325587563766819
2021,CO2/CO/NOx,2021-10-29 19:00:00+02:00,1.386490057050571
2021,CO2/CO/NOx,2021-10-29 20:00:00+02:00,1.4190219852509076
2021,CO2/CO/NOx,2021-10-29 21:00:00+02:00,1.3780404566072086
2021,CO2/CO/NOx,2021-10-29 22:00:00+02:00,1.2961010280897491
2021,CO2/CO/NOx,2021-10-29 23:00:00+02:00,1.2282778257207836
2021,CO2/CO/NOx,2021-10-30 00:00:00+02:00,1.1622593689147016
2021,CO2/CO/NOx,2021-10-30 01:00:00+02:00,1.1385570938963965
2021,CO2/CO/NOx,2021-10-30 02:00:00+02:00,1.1605087183622587
2021,CO2/CO/NOx,2021-10-30 03:00:00+02:00,1.2241167933662684
2021,CO2/CO/NOx,2021-10-30 04:00:00+02:00,1.28283474777151
2021,CO2/CO/NOx,2021-10-30 05:00:00+02:00,1.3763147529711013
2021,CO2/CO/NOx,2021-10-30 06:00:00+02:00,1.4756746038167718
2021,CO2/CO/NOx,2021-10-30 07:00:00+02:00,1.5451212294055572
2021,CO2/CO/NOx,2021-10-30 08:00:00+02:00,1.5701179894448356
2021,CO2/CO/NOx,2021-10-30 09:00:00+02:00,1.508772691659252
2021,CO2/CO/NOx,2021-10-30 10:00:00+02:00,1.402453015862
2021,CO2/CO/NOx,2021-10-30 11:00:00+02:00,1.263590677932072
2021,CO2/CO/NOx,2021-10-30 12:00:00+02:00,1.1209621125613556
2021,CO2/CO/NOx,2021-10-30 13:00:00+02:00,1.001341392955905
2021,CO2/CO/NOx,2021-10-30 14:00:00+02:00,0.93202434019806
2021,CO2/CO/NOx,2021-10-30 15:00:00+02:00,0.9188422651396875
2021,CO2/CO/NOx,2021-10-30 16:00:00+02:00,0.9353374353281961
2021,CO2/CO/NOx,2021-10-30 17:00:00+02:00,0.9704222314500687
2021,CO2/CO/NOx,2021-10-30 18:00:00+02:00,0.9995418608630267
2021,CO2/CO/NOx,2021-10-30 19:00:00+02:00,1.0082848981680863
2021,CO2/CO/NOx,2021-10-30 20:00:00+02:00,0.9916897367040525
2021,CO2/CO/NOx,2021-10-30 21:00:00+02:00,0.9569486831572507
2021,CO2/CO/NOx,2021-10-30 22:00:00+02:00,0.9019884917943707
2021,CO2/CO/NOx,2021-10-30 23:00:00+02:00,0.8624308249137163
2021,CO2/CO/NOx,2021-10-31 00:00:00+02:00,0.8293434721134791
2021,CO2/CO/NOx,2021-10-31 01:00:00+02:00,0.798652625139832
2021,CO2/CO/NOx,2021-10-31 02:00:00+02:00,0.8037664660421593
2021,CO2/CO/NOx,2021-10-31 02:00:00+01:00,0.8528669419801437
2021,CO2/CO/NOx,2021-10-31 03:00:00+01:00,0.9182036325584241
2021,CO2/CO/NOx,2021-10-31 04:00:00+01:00,0.9875574534873202
2021,CO2/CO/NOx,2021-10-31 05:00:00+01:00,1.0471709962133968
2021,CO2/CO/NOx,2021-10-31 06:00:00+01:00,1.0590361668350556
2021,CO2/CO/NOx,2021-10-31 07:00:00+01:00,1.027411110745878
2021,CO2/CO/NOx,2021-10-31 08:00:00+01:00,0.9434438120667205
2021,CO2/CO/NOx,2021-10-31 09:00:00+01:00,0.8221375201027116
2021,CO2/CO/NOx,2021-10-31 10:00:00+01:00,0.7031701078043396
2021,CO2/CO/NOx,2021-10-31 11:00:00+01:00,0.6058440118929646
2021,CO2/CO/NOx,2021-10-31 12:00:00+01:00,0.5421949828483386
2021,CO2/CO/NOx,2021-10-31 13:00:00+01:00,0.5495460866669841
2021,CO2/CO/NOx,2021-10-31 14:00:00+01:00,0.6064466044681495
2021,CO2/CO/NOx,2021-10-31 15:00:00+01:00,0.7016712678285092
2021,CO2/CO/NOx,2021-10-31 16:00:00+01:00,0.7742032106250633
2021,CO2/CO/NOx,2021-10-31 17:00:00+01:00,0.8283855046258027
2021,CO2/CO/NOx,2021-10-31 18:00:00+01:00,0.8624000437265579
2021,CO2/CO/NOx,2021-10-31 19:00:00+01:00,0.8531105070833803
2021,CO2/CO/NOx,2021-10-31 20:00:00+01:00,0.8072015562426051
2021,CO2/CO/NOx,2021-10-31 21:00:00+01:00,0.7259746541760204
2021,CO2/CO/NOx,2021-10-31 22:00:00+01:00,0.6460470954723234
2021,CO2/CO/NOx,2021-10-31 23:00:00+01:00,0.5798396309249917
2021,CO2/CO/NOx,2021-11-01 00:00:00+01:00,0.5708253305932777
2021,CO2/CO/NOx,2021-11-01 01:00:00+01:00,0.5892857569412643
2021,CO2/CO/NOx,2021-11-01 02:00:00+01:00,0.6612043426369912
2021,CO2/CO/NOx,2021-11-01 03:00:00+01:00,0.7801030079975783
2021,CO2/CO/NOx,2021-11-01 04:00:00+01:00,0.8773850669135672
2021,CO2/CO/NOx,2021-11-01 05:00:00+01:00,0.9392607234791719
2021,CO2/CO/NOx,2021-11-01 06:00:00+01:00,0.9694140599576654
2021,CO2/CO/NOx,2021-11-01 07:00:00+01:00,0.9427293177703985
2021,CO2/CO/NOx,2021-11-01 08:00:00+01:00,0.8917720278903574
2021,CO2/CO/NOx,2021-11-01 09:00:00+01:00,0.8451025546343756
2021,CO2/CO/NOx,2021-11-01 10:00:00+01:00,0.8146200905172482
2021,CO2/CO/NOx,2021-11-01 11:00:00+01:00,0.809440586239799
2021,CO2/CO/NOx,2021-11-01 12:00:00+01:00,0.842335953368299
2021,CO2/CO/NOx,2021-11-01 13:00:00+01:00,0.8720755872734697
2021,CO2/CO/NOx,2021-11-01 14:00:00+01:00,0.908765906969173
2021,CO2/CO/NOx,2021-11-01 15:00:00+01:00,0.962818084369055
2021,CO2/CO/NOx,2021-11-01 16:00:00+01:00,0.9887313367381139
2021,CO2/CO/NOx,2021-11-01 17:00:00+01:00,1.016321876049404
2021,CO2/CO/NOx,2021-11-01 18:00:00+01:00,1.0350820187689755
2021,CO2/CO/NOx,2021-11-01 19:00:00+01:00,1.0201138783153563
2021,CO2/CO/NOx,2021-11-01 20:00:00+01:00,0.9893196287698302
2021,CO2/CO/NOx,2021-11-01 21:00:00+01:00,0.9573477266375359
2021,CO2/CO/NOx,2021-11-01 22:00:00+01:00,0.9202578524925084
2021,CO2/CO/NOx,2021-11-01 23:00:00+01:00,0.8957099242699271
2021,CO2/CO/NOx,2021-11-02 00:00:00+01:00,0.8646754460514348
2021,CO2/CO/NOx,2021-11-02 01:00:00+01:00,0.8464270959469733
2021,CO2/CO/NOx,2021-11-02 02:00:00+01:00,0.87165202218909
2021,CO2/CO/NOx,2021-11-02 03:00:00+01:00,0.9242518822691287
2021,CO2/CO/NOx,2021-11-02 04:00:00+01:00,0.9759566347575517
2021,CO2/CO/NOx,2021-11-02 05:00:00+01:00,1.0389130562089435
2021,CO2/CO/NOx,2021-11-02 06:00:00+01:00,1.0883917019493514
2021,CO2/CO/NOx,2021-11-02 07:00:00+01:00,1.1025645539014193
2021,CO2/CO/NOx,2021-11-02 08:00:00+01:00,1.0815258155472223
2021,CO2/CO/NOx,2021-11-02 09:00:00+01:00,1.0220208035342981
2021,CO2/CO/NOx,2021-11-02 10:00:00+01:00,0.9636826721256169
2021,CO2/CO/NOx,2021-11-02 11:00:00+01:00,0.9137662844770357
2021,CO2/CO/NOx,2021-11-02 12:00:00+01:00,0.8747846109568558
2021,CO2/CO/NOx,2021-11-02 13:00:00+01:00,0.8588996867500538
2021,CO2/CO/NOx,2021-11-02 14:00:00+01:00,0.8788597169552477
2021,CO2/CO/NOx,2021-11-02 15:00:00+01:00,0.9187871343997986
2021,CO2/CO/NOx,2021-11-02 16:00:00+01:00,0.9605762849589785
2021,CO2/CO/NOx,2021-11-02 17:00:00+01:00,1.0020704814495829
2021,CO2/CO/NOx,2021-11-02 18:00:00+01:00,1.0455461030272715
2021,CO2/CO/NOx,2021-11-02 19:00:00+01:00,1.0520123964485524
2021,CO2/CO/NOx,2021-11-02 20:00:00+01:00,1.0325965502424523
2021,CO2/CO/NOx,2021-11-02 21:00:00+01:00,0.987871028914888
2021,CO2/CO/NOx,2021-11-02 22:00:00+01:00,0.9417583559138649
2021,CO2/CO/NOx,2021-11-02 23:00:00+01:00,0.9191730057377772
2021,CO2/CO/NOx,2021-11-03 00:00:00+01:00,0.9080187634872662
2021,CO2/CO/NOx,2021-11-03 01:00:00+01:00,0.9377933019565239
2021,CO2/CO/NOx,2021-11-03 02:00:00+01:00,0.9997378832902605
2021,CO2/CO/NOx,2021-11-03 03:00:00+01:00,1.072014353616965
2021,CO2/CO/NOx,2021-11-03 04:00:00+01:00,1.1492621601589417
2021,CO2/CO/NOx,2021-11-03 05:00:00+01:00,1.2247602625593121
2021,CO2/CO/NOx,2021-11-03 06:00:00+01:00,1.2754154537089246
2021,CO2/CO/NOx,2021-11-03 07:00:00+01:00,1.2957091097191895
2021,CO2/CO/NOx,2021-11-03 08:00:00+01:00,1.300026541370573
2021,CO2/CO/NOx,2021-11-03 09:00:00+01:00,1.258442518970075
2021,CO2/CO/NOx,2021-11-03 10:00:00+01:00,1.2033359107472115
2021,CO2/CO/NOx,2021-11-03 11:00:00+01:00,1.1332195446646847
2021,CO2/CO/NOx,2021-11-03 12:00:00+01:00,1.0492806612410113
2021,CO2/CO/NOx,2021-11-03 13:00:00+01:00,1.0373272927106707
2021,CO2/CO/NOx,2021-11-03 14:00:00+01:00,1.0618403550520255
2021,CO2/CO/NOx,2021-11-03 15:00:00+01:00,1.1069982791769182
2021,CO2/CO/NOx,2021-11-03 16:00:00+01:00,1.151339360738706
2021,CO2/CO/NOx,2021-11-03 17:00:00+01:00,1.1966126619753168
2021,CO2/CO/NOx,2021-11-03 18:00:00+01:00,1.234189507672046
2021,CO2/CO/NOx,2021-11-03 19:00:00+01:00,1.2102881660014584
2021,CO2/CO/NOx,2021-11-03 20:00:00+01:00,1.1465291753350813
2021,CO2/CO/NOx,2021-11-03 21:00:00+01:00,1.060100964572515
2021,CO2/CO/NOx,2021-11-03 22:00:00+01:00,0.9990339276838338
2021,CO2/CO/NOx,2021-11-03 23:00:00+01:00,0.9414229954299957
2021,CO2/CO/NOx,2021-11-04 00:00:00+01:00,0.8981663695573765
2021,CO2/CO/NOx,2021-11-04 01:00:00+01:00,0.915147392904898
2021,CO2/CO/NOx,2021-11-04 02:00:00+01:00,0.9641306659285949
2021,CO2/CO/NOx,2021-11-04 03:00:00+01:00,1.041620302710246
2021,CO2/CO/NOx,2021-11-04 04:00:00+01:00,1.117502327308275
2021,CO2/CO/NOx,2021-11-04 05:00:00+01:00,1.1982424761590371
2021,CO2/CO/NOx,2021-11-04 06:00:00+01:00,1.2703274541692278
2021,CO2/CO/NOx,2021-11-04 07:00:00+01:00,1.298923154722709
2021,CO2/CO/NOx,2021-11-04 08:00:00+01:00,1.2859747984898633
2021,CO2/CO/NOx,2021-11-04 09:00:00+01:00,1.2571333100096425
2021,CO2/CO/NOx,2021-11-04 10:00:00+01:00,1.2418253339235876
2021,CO2/CO/NOx,2021-11-04 11:00:00+01:00,1.202986880717121
2021,CO2/CO/NOx,2021-11-04 12:00:00+01:00,1.1655226948061224
2021,CO2/CO/NOx,2021-11-04 13:00:00+01:00,1.171164660348237
2021,CO2/CO/NOx,2021-11-04 14:00:00+01:00,1.1993857901805038
2021,CO2/CO/NOx,2021-11-04 15:00:00+01:00,1.247161545153542
2021,CO2/CO/NOx,2021-11-04 16:00:00+01:00,1.2760669742463042
2021,CO2/CO/NOx,2021-11-04 17:00:00+01:00,1.2988970403195914
2021,CO2/CO/NOx,2021-11-04 18:00:00+01:00,1.3280297127996274
2021,CO2/CO/NOx,2021-11-04 19:00:00+01:00,1.3289572023593708
2021,CO2/CO/NOx,2021-11-04 20:00:00+01:00,1.2849651199721832
2021,CO2/CO/NOx,2021-11-04 21:00:00+01:00,1.2270822480051369
2021,CO2/CO/NOx,2021-11-04 22:00:00+01:00,1.1817533858853109
2021,CO2/CO/NOx,2021-11-04 23:00:00+01:00,1.154925667962728
2021,CO2/CO/NOx,2021-11-05 00:00:00+01:00,1.1292064226996863
2021,CO2/CO/NOx,2021-11-05 01:00:00+01:00,1.13969300513862
2021,CO2/CO/NOx,2021-11-05 02:00:00+01:00,1.1961956093810144
2021,CO2/CO/NOx,2021-11-05 03:00:00+01:00,1.2895528828124292
2021,CO2/CO/NOx,2021-11-05 04:00:00+01:00,1.3815043857808829
2021,CO2/CO/NOx,2021-11-05 05:00:00+01:00,1.4490013073747996
2021,CO2/CO/NOx,2021-11-05 06:00:00+01:00,1.4973686191990663
2021,CO2/CO/NOx,2021-11-05 07:00:00+01:00,1.5102612456406996
2021,CO2/CO/NOx,2021-11-05 08:00:00+01:00,1.478734086953767
2021,CO2/CO/NOx,2021-11-05 09:00:00+01:00,1.4169245791134903
2021,CO2/CO/NOx,2021-11-05 10:00:00+01:00,1.349836524894493
2021,CO2/CO/NOx,2021-11-05 11:00:00+01:00,1.2762589297708444
2021,CO2/CO/NOx,2021-11-05 12:00:00+01:00,1.1921465026270315
2021,CO2/CO/NOx,2021-11-05 13:00:00+01:00,1.1594985622626885
2021,CO2/CO/NOx,2021-11-05 14:00:00+01:00,1.1651591502102552
2021,CO2/CO/NOx,2021-11-05 15:00:00+01:00,1.1929694491453815
2021,CO2/CO/NOx,2021-11-05 16:00:00+01:00,1.2206086348867897
2021,CO2/CO/NOx,2021-11-05 17:00:00+01:00,1.2521365109052665
2021,CO2/CO/NOx,2021-11-05 18:00:00+01:00,1.3188562803231492
2021,CO2/CO/NOx,2021-11-05 19:00:00+01:00,1.3149092577350951
2021,CO2/CO/NOx,2021-11-05 20:00:00+01:00,1.2641545176259397
2021,CO2/CO/NOx,2021-11-05 21:00:00+01:00,1.176119695668486
2021,CO2/CO/NOx,2021-11-05 22:00:00+01:00,1.101542927522996
2021,CO2/CO/NOx,2021-11-05 23:00:00+01:00,1.0276350543611887
2021,CO2/CO/NOx,2021-11-06 00:00:00+01:00,0.9598972873697168
2021,CO2/CO/NOx,2021-11-06 01:00:00+01:00,0.9313863930325116
2021,CO2/CO/NOx,2021-11-06 02:00:00+01:00,0.9682977342340957
2021,CO2/CO/NOx,2021-11-06 03:00:00+01:00,1.0754735270410851
2021,CO2/CO/NOx,2021-11-06 04:00:00+01:00,1.1822435423677813
2021,CO2/CO/NOx,2021-11-06 05:00:00+01:00,1.2854262497185256
2021,CO2/CO/NOx,2021-11-06 06:00:00+01:00,1.3688711905481907
2021,CO2/CO/NOx,2021-11-06 07:00:00+01:00,1.398186718938303
2021,CO2/CO/NOx,2021-11-06 08:00:00+01:00,1.3843178073774245
2021,CO2/CO/NOx,2021-11-06 09:00:00+01:00,1.3158835331633714
2021,CO2/CO/NOx,2021-11-06 10:00:00+01:00,1.2276292453275126
2021,CO2/CO/NOx,2021-11-06 11:00:00+01:00,1.137084552335593
2021,CO2/CO/NOx,2021-11-06 12:00:00+01:00,1.0492639029004003
2021,CO2/CO/NOx,2021-11-06 13:00:00+01:00,1.0180276130011452
2021,CO2/CO/NOx,2021-11-06 14:00:00+01:00,1.0303647620919598
2021,CO2/CO/NOx,2021-11-06 15:00:00+01:00,1.0794385793983199
2021,CO2/CO/NOx,2021-11-06 16:00:00+01:00,1.1519299724959107
2021,CO2/CO/NOx,2021-11-06 17:00:00+01:00,1.250200337973484
2021,CO2/CO/NOx,2021-11-06 18:00:00+01:00,1.3521415979763538
2021,CO2/CO/NOx,2021-11-06 19:00:00+01:00,1.3938878917924034
2021,CO2/CO/NOx,2021-11-06 20:00:00+01:00,1.3765558197925962
2021,CO2/CO/NOx,2021-11-06 21:00:00+01:00,1.3114707841779736
2021,CO2/CO/NOx,2021-11-06 22:00:00+01:00,1.2501154258589067
2021,CO2/CO/NOx,2021-11-06 23:00:00+01:00,1.1908069567032626
2021,CO2/CO/NOx,2021-11-07 00:00:00+01:00,1.1109049412535332
2021,CO2/CO/NOx,2021-11-07 01:00:00+01:00,1.1007886824867055
2021,CO2/CO/NOx,2021-11-07 02:00:00+01:00,1.1476797354932184
2021,CO2/CO/NOx,2021-11-07 03:00:00+01:00,1.2577649124511894
2021,CO2/CO/NOx,2021-11-07 04:00:00+01:00,1.3615166685254037
2021,CO2/CO/NOx,2021-11-07 05:00:00+01:00,1.4707083859572354
2021,CO2/CO/NOx,2021-11-07 06:00:00+01:00,1.5501633398438721
2021,CO2/CO/NOx,2021-11-07 07:00:00+01:00,1.5867016052791112
2021,CO2/CO/NOx,2021-11-07 08:00:00+01:00,1.5807319090922618
2021,CO2/CO/NOx,2021-11-07 09:00:00+01:00,1.4825193491978976
2021,CO2/CO/NOx,2021-11-07 10:00:00+01:00,1.3751684904900172
2021,CO2/CO/NOx,2021-11-07 11:00:00+01:00,1.2447495196132692
2021,CO2/CO/NOx,2021-11-07 12:00:00+01:00,1.121525493632331
2021,CO2/CO/NOx,2021-11-07 13:00:00+01:00,1.0214372543950052
2021,CO2/CO/NOx,2021-11-07 14:00:00+01:00,0.9683506608901479
2021,CO2/CO/NOx,2021-11-07 15:00:00+01:00,0.9665440783055247
2021,CO2/CO/NOx,2021-11-07 16:00:00+01:00,0.9988544757190941
2021,CO2/CO/NOx,2021-11-07 17:00:00+01:00,1.065720159986747
2021,CO2/CO/NOx,2021-11-07 18:00:00+01:00,1.1357547998603719
2021,CO2/CO/NOx,2021-11-07 19:00:00+01:00,1.187253374824345
2021,CO2/CO/NOx,2021-11-07 20:00:00+01:00,1.1946100735070495
2021,CO2/CO/NOx,2021-11-07 21:00:00+01:00,1.1521994940199456
2021,CO2/CO/NOx,2021-11-07 22:00:00+01:00,1.0842274846701574
2021,CO2/CO/NOx,2021-11-07 23:00:00+01:00,1.0119515573564069
2021,CO2/CO/NOx,2021-11-08 00:00:00+01:00,0.9366030776691526
2021,CO2/CO/NOx,2021-11-08 01:00:00+01:00,0.8943290473293655
2021,CO2/CO/NOx,2021-11-08 02:00:00+01:00,0.90245561607274
2021,CO2/CO/NOx,2021-11-08 03:00:00+01:00,0.9602122889140932
2021,CO2/CO/NOx,2021-11-08 04:00:00+01:00,1.0369584043676712
2021,CO2/CO/NOx,2021-11-08 05:00:00+01:00,1.1127476756232013
2021,CO2/CO/NOx,2021-11-08 06:00:00+01:00,1.1822758725059308
2021,CO2/CO/NOx,2021-11-08 07:00:00+01:00,1.2235700160411351
2021,CO2/CO/NOx,2021-11-08 08:00:00+01:00,1.2291544084831403
2021,CO2/CO/NOx,2021-11-08 09:00:00+01:00,1.2071784027141739
2021,CO2/CO/NOx,2021-11-08 10:00:00+01:00,1.1830596508744393
2021,CO2/CO/NOx,2021-11-08 11:00:00+01:00,1.13162950424616
2021,CO2/CO/NOx,2021-11-08 12:00:00+01:00,1.0686193456884052
2021,CO2/CO/NOx,2021-11-08 13:00:00+01:00,1.0445683159705572
2021,CO2/CO/NOx,2021-11-08 14:00:00+01:00,1.0431933418353814
2021,CO2/CO/NOx,2021-11-08 15:00:00+01:00,1.0835209003911939
2021,CO2/CO/NOx,2021-11-08 16:00:00+01:00,1.1380739842526322
2021,CO2/CO/NOx,2021-11-08 17:00:00+01:00,1.2089390419451282
2021,CO2/CO/NOx,2021-11-08 18:00:00+01:00,1.3014974814430986
2021,CO2/CO/NOx,2021-11-08 19:00:00+01:00,1.3497081221547331
2021,CO2/CO/NOx,2021-11-08 20:00:00+01:00,1.362407565753234
2021,CO2/CO/NOx,2021-11-08 21:00:00+01:00,1.3397875775470072
2021,CO2/CO/NOx,2021-11-08 22:00:00+01:00,1.3023823405407793
2021,CO2/CO/NOx,2021-11-08 23:00:00+01:00,1.2264028852817603
2021,CO2/CO/NOx,2021-11-09 00:00:00+01:00,1.152996013710192
2021,CO2/CO/NOx,2021-11-09 01:00:00+01:00,1.1330083310711876
2021,CO2/CO/NOx,2021-11-09 02:00:00+01:00,1.1765520348661664
2021,CO2/CO/NOx,2021-11-09 03:00:00+01:00,1.2825035397305662
2021,CO2/CO/NOx,2021-11-09 04:00:00+01:00,1.403936568275523
2021,CO2/CO/NOx,2021-11-09 05:00:00+01:00,1.5350042404619906
2021,CO2/CO/NOx,2021-11-09 06:00:00+01:00,1.641772821639761
2021,CO2/CO/NOx,2021-11-09 07:00:00+01:00,1.6822691950122082
2021,CO2/CO/NOx,2021-11-09 08:00:00+01:00,1.6359411775223103
2021,CO2/CO/NOx,2021-11-09 09:00:00+01:00,1.5504894587858336
2021,CO2/CO/NOx,2021-11-09 10:00:00+01:00,1.4543418218473272
2021,CO2/CO/NOx,2021-11-09 11:00:00+01:00,1.3387812058489321
2021,CO2/CO/NOx,2021-11-09 12:00:00+01:00,1.2519694689522627
2021,CO2/CO/NOx,2021-11-09 13:00:00+01:00,1.2163068402101174
2021,CO2/CO/NOx,2021-11-09 14:00:00+01:00,1.2234516697107802
2021,CO2/CO/NOx,2021-11-09 15:00:00+01:00,1.2839405376226465
2021,CO2/CO/NOx,2021-11-09 16:00:00+01:00,1.352256001928978
2021,CO2/CO/NOx,2021-11-09 17:00:00+01:00,1.426488251343289
2021,CO2/CO/NOx,2021-11-09 18:00:00+01:00,1.5209911101904523
2021,CO2/CO/NOx,2021-11-09 19:00:00+01:00,1.561030813243918
2021,CO2/CO/NOx,2021-11-09 20:00:00+01:00,1.5291698134062792
2021,CO2/CO/NOx,2021-11-09 21:00:00+01:00,1.4713065722236216
2021,CO2/CO/NOx,2021-11-09 22:00:00+01:00,1.3993554801835257
2021,CO2/CO/NOx,2021-11-09 23:00:00+01:00,1.3070679314593185
2021,CO2/CO/NOx,2021-11-10 00:00:00+01:00,1.221262900099592
2021,CO2/CO/NOx,2021-11-10 01:00:00+01:00,1.2223190373163746
2021,CO2/CO/NOx,2021-11-10 02:00:00+01:00,1.289195479538475
2021,CO2/CO/NOx,2021-11-10 03:00:00+01:00,1.4073620956139987
2021,CO2/CO/NOx,2021-11-10 04:00:00+01:00,1.5369499340039174
2021,CO2/CO/NOx,2021-11-10 05:00:00+01:00,1.644471173100991
2021,CO2/CO/NOx,2021-11-10 06:00:00+01:00,1.7183312414041594
2021,CO2/CO/NOx,2021-11-10 07:00:00+01:00,1.7159298965269052
2021,CO2/CO/NOx,2021-11-10 08:00:00+01:00,1.651892162789815
2021,CO2/CO/NOx,2021-11-10 09:00:00+01:00,1.5268774734232533
2021,CO2/CO/NOx,2021-11-10 10:00:00+01:00,1.4286694517962635
2021,CO2/CO/NOx,2021-11-10 11:00:00+01:00,1.3049475548114786
2021,CO2/CO/NOx,2021-11-10 12:00:00+01:00,1.210504937967537
2021,CO2/CO/NOx,2021-11-10 13:00:00+01:00,1.1850210709287496
2021,CO2/CO/NOx,2021-11-10 14:00:00+01:00,1.2090603763638754
2021,CO2/CO/NOx,2021-11-10 15:00:00+01:00,1.2563929539267693
2021,CO2/CO/NOx,2021-11-10 16:00:00+01:00,1.2962732930021639
2021,CO2/CO/NOx,2021-11-10 17:00:00+01:00,1.3548392096314519
2021,CO2/CO/NOx,2021-11-10 18:00:00+01:00,1.4093320168446655
2021,CO2/CO/NOx,2021-11-10 19:00:00+01:00,1.410713365727964
2021,CO2/CO/NOx,2021-11-10 20:00:00+01:00,1.3614747524080033
2021,CO2/CO/NOx,2021-11-10 21:00:00+01:00,1.3098819353616873
2021,CO2/CO/NOx,2021-11-10 22:00:00+01:00,1.264228262371298
2021,CO2/CO/NOx,2021-11-10 23:00:00+01:00,1.2058236659916717
2021,CO2/CO/NOx,2021-11-11 00:00:00+01:00,1.157216795285033
2021,CO2/CO/NOx,2021-11-11 01:00:00+01:00,1.1613773134323324
2021,CO2/CO/NOx,2021-11-11 02:00:00+01:00,1.2315442506531182
2021,CO2/CO/NOx,2021-11-11 03:00:00+01:00,1.3525785467373572
2021,CO2/CO/NOx,2021-11-11 04:00:00+01:00,1.4682581954559295
2021,CO2/CO/NOx,2021-11-11 05:00:00+01:00,1.5738202584827907
2021,CO2/CO/NOx,2021-11-11 06:00:00+01:00,1.6489259281097843
2021,CO2/CO/NOx,2021-11-11 07:00:00+01:00,1.6809593560359783
2021,CO2/CO/NOx,2021-11-11 08:00:00+01:00,1.6167887374990568
2021,CO2/CO/NOx,2021-11-11 09:00:00+01:00,1.4865937051495846
2021,CO2/CO/NOx,2021-11-11 10:00:00+01:00,1.3399514403708876
2021,CO2/CO/NOx,2021-11-11 11:00:00+01:00,1.1920788815389267
2021,CO2/CO/NOx,2021-11-11 12:00:00+01:00,1.0635879256085419
2021,CO2/CO/NOx,2021-11-11 13:00:00+01:00,1.0213362696701875
2021,CO2/CO/NOx,2021-11-11 14:00:00+01:00,1.0626762460626353
2021,CO2/CO/NOx,2021-11-11 15:00:00+01:00,1.1688978551630342
2021,CO2/CO/NOx,2021-11-11 16:00:00+01:00,1.3067035799469826
2021,CO2/CO/NOx,2021-11-11 17:00:00+01:00,1.4168960712939056
2021,CO2/CO/NOx,2021-11-11 18:00:00+01:00,1.5080674934959402
2021,CO2/CO/NOx,2021-11-11 19:00:00+01:00,1.5292797332783297
2021,CO2/CO/NOx,2021-11-11 20:00:00+01:00,1.47757591924929
2021,CO2/CO/NOx,2021-11-11 21:00:00+01:00,1.3792805856302754
2021,CO2/CO/NOx,2021-11-11 22:00:00+01:00,1.291255010055618
2021,CO2/CO/NOx,2021-11-11 23:00:00+01:00,1.209696830154086
2021,CO2/CO/NOx,2021-11-12 00:00:00+01:00,1.1438913370535275
2021,CO2/CO/NOx,2021-11-12 01:00:00+01:00,1.1516046837328133
2021,CO2/CO/NOx,2021-11-12 02:00:00+01:00,1.2341727040454866
2021,CO2/CO/NOx,2021-11-12 03:00:00+01:00,1.3704864393669849
2021,CO2/CO/NOx,2021-11-12 04:00:00+01:00,1.4962740757642443
2021,CO2/CO/NOx,2021-11-12 05:00:00+01:00,1.6167010079647606
2021,CO2/CO/NOx,2021-11-12 06:00:00+01:00,1.7119493572961026
2021,CO2/CO/NOx,2021-11-12 07:00:00+01:00,1.7579569061696956
2021,CO2/CO/NOx,2021-11-12 08:00:00+01:00,1.7322733015910112
2021,CO2/CO/NOx,2021-11-12 09:00:00+01:00,1.6660601381364413
2021,CO2/CO/NOx,2021-11-12 10:00:00+01:00,1.6128815667780088
2021,CO2/CO/NOx,2021-11-12 11:00:00+01:00,1.5620695664960058
2021,CO2/CO/NOx,2021-11-12 12:00:00+01:00,1.5125155784116309
2021,CO2/CO/NOx,2021-11-12 13:00:00+01:00,1.4876816190894024
2021,CO2/CO/NOx,2021-11-12 14:00:00+01:00,1.4948909886846629
2021,CO2/CO/NOx,2021-11-12 15:00:00+01:00,1.529502914596989
2021,CO2/CO/NOx,2021-11-12 16:00:00+01:00,1.5648306550043127
2021,CO2/CO/NOx,2021-11-12 17:00:00+01:00,1.5909739006118178
2021,CO2/CO/NOx,2021-11-12 18:00:00+01:00,1.6273515882677994
2021,CO2/CO/NOx,2021-11-12 19:00:00+01:00,1.6336993124371364
2021,CO2/CO/NOx,2021-11-12 20:00:00+01:00,1.6117951626291678
2021,CO2/CO/NOx,2021-11-12 21:00:00+01:00,1.5637179371425507
2021,CO2/CO/NOx,2021-11-12 22:00:00+01:00,1.509263550541358
2021,CO2/CO/NOx,2021-11-12 23:00:00+01:00,1.4600154031315862
2021,CO2/CO/NOx,2021-11-13 00:00:00+01:00,1.4140921928736663
2021,CO2/CO/NOx,2021-11-13 01:00:00+01:00,1.3890155986920825
2021,CO2/CO/NOx,2021-11-13 02:00:00+01:00,1.3944505917392105
2021,CO2/CO/NOx,2021-11-13 03:00:00+01:00,1.431314559222691
2021,CO2/CO/NOx,2021-11-13 04:00:00+01:00,1.4641020130931715
2021,CO2/CO/NOx,2021-11-13 05:00:00+01:00,1.499978058127171
2021,CO2/CO/NOx,2021-11-13 06:00:00+01:00,1.5334689266668131
2021,CO2/CO/NOx,2021-11-13 07:00:00+01:00,1.5562556623442867
2021,CO2/CO/NOx,2021-11-13 08:00:00+01:00,1.5609043264844125
2021,CO2/CO/NOx,2021-11-13 09:00:00+01:00,1.532980964895198
2021,CO2/CO/NOx,2021-11-13 10:00:00+01:00,1.4980153536247536
2021,CO2/CO/NOx,2021-11-13 11:00:00+01:00,1.453372594050536
2021,CO2/CO/NOx,2021-11-13 12:00:00+01:00,1.4010491162622023
2021,CO2/CO/NOx,2021-11-13 13:00:00+01:00,1.3633991424931364
2021,CO2/CO/NOx,2021-11-13 14:00:00+01:00,1.344561871597314
2021,CO2/CO/NOx,2021-11-13 15:00:00+01:00,1.3451961161973967
2021,CO2/CO/NOx,2021-11-13 16:00:00+01:00,1.3521627016131423
2021,CO2/CO/NOx,2021-11-13 17:00:00+01:00,1.3501698454857616
2021,CO2/CO/NOx,2021-11-13 18:00:00+01:00,1.347599339308795
2021,CO2/CO/NOx,2021-11-13 19:00:00+01:00,1.3106881865288957
2021,CO2/CO/NOx,2021-11-13 20:00:00+01:00,1.2529336276431031
2021,CO2/CO/NOx,2021-11-13 21:00:00+01:00,1.1778754069687098
2021,CO2/CO/NOx,2021-11-13 22:00:00+01:00,1.1070589284825791
2021,CO2/CO/NOx,2021-11-13 23:00:00+01:00,1.042972523707482
2021,CO2/CO/NOx,2021-11-14 00:00:00+01:00,1.00341932353787
2021,CO2/CO/NOx,2021-11-14 01:00:00+01:00,0.9904650565179893
2021,CO2/CO/NOx,2021-11-14 02:00:00+01:00,0.9983690017199655
2021,CO2/CO/NOx,2021-11-14 03:00:00+01:00,1.0269853433407985
2021,CO2/CO/NOx,2021-11-14 04:00:00+01:00,1.0495258768695008
2021,CO2/CO/NOx,2021-11-14 05:00:00+01:00,1.0760256402718837
2021,CO2/CO/NOx,2021-11-14 06:00:00+01:00,1.0958239502668115
2021,CO2/CO/NOx,2021-11-14 07:00:00+01:00,1.1057290864720368
2021,CO2/CO/NOx,2021-11-14 08:00:00+01:00,1.0911971500910793
2021,CO2/CO/NOx,2021-11-14 09:00:00+01:00,1.0712333237329954
2021,CO2/CO/NOx,2021-11-14 10:00:00+01:00,1.0674056255125774
2021,CO2/CO/NOx,2021-11-14 11:00:00+01:00,1.0532041312097773
2021,CO2/CO/NOx,2021-11-14 12:00:00+01:00,1.0360203492472404
2021,CO2/CO/NOx,2021-11-14 13:00:00+01:00,1.0376201066845836
2021,CO2/CO/NOx,2021-11-14 14:00:00+01:00,1.05368303369509
2021,CO2/CO/NOx,2021-11-14 15:00:00+01:00,1.0767315099611676
2021,CO2/CO/NOx,2021-11-14 16:00:00+01:00,1.0963622848523071
2021,CO2/CO/NOx,2021-11-14 17:00:00+01:00,1.1090386835187729
2021,CO2/CO/NOx,2021-11-14 18:00:00+01:00,1.1338929485815235
2021,CO2/CO/NOx,2021-11-14 19:00:00+01:00,1.1463909084214023
2021,CO2/CO/NOx,2021-11-14 20:00:00+01:00,1.1276150122950268
2021,CO2/CO/NOx,2021-11-14 21:00:00+01:00,1.0987529604818909
2021,CO2/CO/NOx,2021-11-14 22:00:00+01:00,1.0785715106584395
2021,CO2/CO/NOx,2021-11-14 23:00:00+01:00,1.0641153537383194
2021,CO2/CO/NOx,2021-11-15 00:00:00+01:00,1.0383193121087262
2021,CO2/CO/NOx,2021-11-15 01:00:00+01:00,1.0440683520850786
2021,CO2/CO/NOx,2021-11-15 02:00:00+01:00,1.0819320302387996
2021,CO2/CO/NOx,2021-11-15 03:00:00+01:00,1.150788934459545
2021,CO2/CO/NOx,2021-11-15 04:00:00+01:00,1.218280632492063
2021,CO2/CO/NOx,2021-11-15 05:00:00+01:00,1.2778614153738372
2021,CO2/CO/NOx,2021-11-15 06:00:00+01:00,1.334880602117871
2021,CO2/CO/NOx,2021-11-15 07:00:00+01:00,1.3820121065647741
2021,CO2/CO/NOx,2021-11-15 08:00:00+01:00,1.4042398563038534
2021,CO2/CO/NOx,2021-11-15 09:00:00+01:00,1.3905950178161133
2021,CO2/CO/NOx,2021-11-15 10:00:00+01:00,1.3932966727141833
2021,CO2/CO/NOx,2021-11-15 11:00:00+01:00,1.3918320448240253
2021,CO2/CO/NOx,2021-11-15 12:00:00+01:00,1.3907318497857493
2021,CO2/CO/NOx,2021-11-15 13:00:00+01:00,1.3965698214962774
2021,CO2/CO/NOx,2021-11-15 14:00:00+01:00,1.4006056353771574
2021,CO2/CO/NOx,2021-11-15 15:00:00+01:00,1.4111394320854544
2021,CO2/CO/NOx,2021-11-15 16:00:00+01:00,1.4127009459007764
2021,CO2/CO/NOx,2021-11-15 17:00:00+01:00,1.4087096795599325
2021,CO2/CO/NOx,2021-11-15 18:00:00+01:00,1.4176464690395267
2021,CO2/CO/NOx,2021-11-15 19:00:00+01:00,1.4134638302547178
2021,CO2/CO/NOx,2021-11-15 20:00:00+01:00,1.3898415895896838
2021,CO2/CO/NOx,2021-11-15 21:00:00+01:00,1.348658727152441
2021,CO2/CO/NOx,2021-11-15 22:00:00+01:00,1.3143921484495444
2021,CO2/CO/NOx,2021-11-15 23:00:00+01:00,1.285712174130802
2021,CO2/CO/NOx,2021-11-16 00:00:00+01:00,1.2429408533397088
2021,CO2/CO/NOx,2021-11-16 01:00:00+01:00,1.2305660956330706
2021,CO2/CO/NOx,2021-11-16 02:00:00+01:00,1.2528927720701717
2021,CO2/CO/NOx,2021-11-16 03:00:00+01:00,1.3078401788451874
2021,CO2/CO/NOx,2021-11-16 04:00:00+01:00,1.35553459964737
2021,CO2/CO/NOx,2021-11-16 05:00:00+01:00,1.4003359363183896
2021,CO2/CO/NOx,2021-11-16 06:00:00+01:00,1.4387448704730659
2021,CO2/CO/NOx,2021-11-16 07:00:00+01:00,1.4727238885311964
2021,CO2/CO/NOx,2021-11-16 08:00:00+01:00,1.4858658740667234
2021,CO2/CO/NOx,2021-11-16 09:00:00+01:00,1.4708080655308164
2021,CO2/CO/NOx,2021-11-16 10:00:00+01:00,1.4685944577031038
2021,CO2/CO/NOx,2021-11-16 11:00:00+01:00,1.4661548359743357
2021,CO2/CO/NOx,2021-11-16 12:00:00+01:00,1.4639291873240219
2021,CO2/CO/NOx,2021-11-16 13:00:00+01:00,1.46748421480814
2021,CO2/CO/NOx,2021-11-16 14:00:00+01:00,1.4748058740079555
2021,CO2/CO/NOx,2021-11-16 15:00:00+01:00,1.4864429289352181
2021,CO2/CO/NOx,2021-11-16 16:00:00+01:00,1.4900143780791084
2021,CO2/CO/NOx,2021-11-16 17:00:00+01:00,1.4881015775030082
2021,CO2/CO/NOx,2021-11-16 18:00:00+01:00,1.4954600850302078
2021,CO2/CO/NOx,2021-11-16 19:00:00+01:00,1.4740049765716774
2021,CO2/CO/NOx,2021-11-16 20:00:00+01:00,1.4397067972520794
2021,CO2/CO/NOx,2021-11-16 21:00:00+01:00,1.407380128631304
2021,CO2/CO/NOx,2021-11-16 22:00:00+01:00,1.3742001672983182
2021,CO2/CO/NOx,2021-11-16 23:00:00+01:00,1.3471280206104153
2021,CO2/CO/NOx,2021-11-17 00:00:00+01:00,1.3112991788676465
2021,CO2/CO/NOx,2021-11-17 01:00:00+01:00,1.3064251490908358
2021,CO2/CO/NOx,2021-11-17 02:00:00+01:00,1.33335474780445
2021,CO2/CO/NOx,2021-11-17 03:00:00+01:00,1.3868009168680246
2021,CO2/CO/NOx,2021-11-17 04:00:00+01:00,1.4304832809913783
2021,CO2/CO/NOx,2021-11-17 05:00:00+01:00,1.476091131468627
2021,CO2/CO/NOx,2021-11-17 06:00:00+01:00,1.5270111240499016
2021,CO2/CO/NOx,2021-11-17 07:00:00+01:00,1.556504452954105
2021,CO2/CO/NOx,2021-11-17 08:00:00+01:00,1.5596320781741992
2021,CO2/CO/NOx,2021-11-17 09:00:00+01:00,1.531366622498802
2021,CO2/CO/NOx,2021-11-17 10:00:00+01:00,1.515397198981106
2021,CO2/CO/NOx,2021-11-17 11:00:00+01:00,1.4985432328052928
2021,CO2/CO/NOx,2021-11-17 12:00:00+01:00,1.479132012738463
2021,CO2/CO/NOx,2021-11-17 13:00:00+01:00,1.4766584304363661
2021,CO2/CO/NOx,2021-11-17 14:00:00+01:00,1.477978667637897
2021,CO2/CO/NOx,2021-11-17 15:00:00+01:00,1.4932732091669114
2021,CO2/CO/NOx,2021-11-17 16:00:00+01:00,1.4954962815327062
2021,CO2/CO/NOx,2021-11-17 17:00:00+01:00,1.4872235762070851
2021,CO2/CO/NOx,2021-11-17 18:00:00+01:00,1.4919581226924932
2021,CO2/CO/NOx,2021-11-17 19:00:00+01:00,1.4655991411722877
2021,CO2/CO/NOx,2021-11-17 20:00:00+01:00,1.4226371001560851
2021,CO2/CO/NOx,2021-11-17 21:00:00+01:00,1.3620520621190777
2021,CO2/CO/NOx,2021-11-17 22:00:00+01:00,1.3027300429938633
2021,CO2/CO/NOx,2021-11-17 23:00:00+01:00,1.2477360637547212
2021,CO2/CO/NOx,2021-11-18 00:00:00+01:00,1.1916150492994828
2021,CO2/CO/NOx,2021-11-18 01:00:00+01:00,1.172451787168474
2021,CO2/CO/NOx,2021-11-18 02:00:00+01:00,1.191956342518887
2021,CO2/CO/NOx,2021-11-18 03:00:00+01:00,1.2498253010885754
2021,CO2/CO/NOx,2021-11-18 04:00:00+01:00,1.2995945863848495
2021,CO2/CO/NOx,2021-11-18 05:00:00+01:00,1.3542277520316217
2021,CO2/CO/NOx,2021-11-18 06:00:00+01:00,1.4081295336583248
2021,CO2/CO/NOx,2021-11-18 07:00:00+01:00,1.4328177808291291
2021,CO2/CO/NOx,2021-11-18 08:00:00+01:00,1.424012995926195
2021,CO2/CO/NOx,2021-11-18 09:00:00+01:00,1.3789786781247557
2021,CO2/CO/NOx,2021-11-18 10:00:00+01:00,1.3296339685012706
2021,CO2/CO/NOx,2021-11-18 11:00:00+01:00,1.2580883519451156
2021,CO2/CO/NOx,2021-11-18 12:00:00+01:00,1.1921999580921252
2021,CO2/CO/NOx,2021-11-18 13:00:00+01:00,1.154607056630951
2021,CO2/CO/NOx,2021-11-18 14:00:00+01:00,1.1599304612841783
2021,CO2/CO/NOx,2021-11-18 15:00:00+01:00,1.212374858927473
2021,CO2/CO/NOx,2021-11-18 16:00:00+01:00,1.2572600438530566
2021,CO2/CO/NOx,2021-11-18 17:00:00+01:00,1.306019897130312
2021,CO2/CO/NOx,2021-11-18 18:00:00+01:00,1.375207230895383
2021,CO2/CO/NOx,2021-11-18 19:00:00+01:00,1.4004200482101314
2021,CO2/CO/NOx,2021-11-18 20:00:00+01:00,1.3731239067525574
2021,CO2/CO/NOx,2021-11-18 21:00:00+01:00,1.3213958424284602
2021,CO2/CO/NOx,2021-11-18 22:00:00+01:00,1.2617837677713704
2021,CO2/CO/NOx,2021-11-18 23:00:00+01:00,1.1993613345292962
2021,CO2/CO/NOx,2021-11-19 00:00:00+01:00,1.1354084403076468
2021,CO2/CO/NOx,2021-11-19 01:00:00+01:00,1.1184075836770766
2021,CO2/CO/NOx,2021-11-19 02:00:00+01:00,1.1614221003877707
2021,CO2/CO/NOx,2021-11-19 03:00:00+01:00,1.2656982524522056
2021,CO2/CO/NOx,2021-11-19 04:00:00+01:00,1.371830037727805
2021,CO2/CO/NOx,2021-11-19 05:00:00+01:00,1.464942008371632
2021,CO2/CO/NOx,2021-11-19 06:00:00+01:00,1.5384568755414887
2021,CO2/CO/NOx,2021-11-19 07:00:00+01:00,1.5687154076599015
2021,CO2/CO/NOx,2021-11-19 08:00:00+01:00,1.5308869891664045
2021,CO2/CO/NOx,2021-11-19 09:00:00+01:00,1.4739865061919
2021,CO2/CO/NOx,2021-11-19 10:00:00+01:00,1.3989515711459628
2021,CO2/CO/NOx,2021-11-19 11:00:00+01:00,1.296953045013838
2021,CO2/CO/NOx,2021-11-19 12:00:00+01:00,1.1941555318903012
2021,CO2/CO/NOx,2021-11-19 13:00:00+01:00,1.1054648809257686
2021,CO2/CO/NOx,2021-11-19 14:00:00+01:00,1.0778537436739448
2021,CO2/CO/NOx,2021-11-19 15:00:00+01:00,1.122712614198433
2021,CO2/CO/NOx,2021-11-19 16:00:00+01:00,1.1892985794399076
2021,CO2/CO/NOx,2021-11-19 17:00:00+01:00,1.26356633499867
2021,CO2/CO/NOx,2021-11-19 18:00:00+01:00,1.3663270341811222
2021,CO2/CO/NOx,2021-11-19 19:00:00+01:00,1.4066129707793975
2021,CO2/CO/NOx,2021-11-19 20:00:00+01:00,1.3884199614506523
2021,CO2/CO/NOx,2021-11-19 21:00:00+01:00,1.3310068770224757
2021,CO2/CO/NOx,2021-11-19 22:00:00+01:00,1.2521658744315718
2021,CO2/CO/NOx,2021-11-19 23:00:00+01:00,1.202755224051064
2021,CO2/CO/NOx,2021-11-20 00:00:00+01:00,1.1593130197512602
2021,CO2/CO/NOx,2021-11-20 01:00:00+01:00,1.1428711039965231
2021,CO2/CO/NOx,2021-11-20 02:00:00+01:00,1.1659544724364563
2021,CO2/CO/NOx,2021-11-20 03:00:00+01:00,1.2336169260455714
2021,CO2/CO/NOx,2021-11-20 04:00:00+01:00,1.304285341161631
2021,CO2/CO/NOx,2021-11-20 05:00:00+01:00,1.3658805813335622
2021,CO2/CO/NOx,2021-11-20 06:00:00+01:00,1.4216112717906262
2021,CO2/CO/NOx,2021-11-20 07:00:00+01:00,1.4551672384748076
2021,CO2/CO/NOx,2021-11-20 08:00:00+01:00,1.4494565197895302
2021,CO2/CO/NOx,2021-11-20 09:00:00+01:00,1.3976771478426808
2021,CO2/CO/NOx,2021-11-20 10:00:00+01:00,1.353839446354082
2021,CO2/CO/NOx,2021-11-20 11:00:00+01:00,1.3081085812905497
2021,CO2/CO/NOx,2021-11-20 12:00:00+01:00,1.274559846057434
2021,CO2/CO/NOx,2021-11-20 13:00:00+01:00,1.249396036159609
2021,CO2/CO/NOx,2021-11-20 14:00:00+01:00,1.2464736411308373
2021,CO2/CO/NOx,2021-11-20 15:00:00+01:00,1.2685750402884268
2021,CO2/CO/NOx,2021-11-20 16:00:00+01:00,1.288419931026488
2021,CO2/CO/NOx,2021-11-20 17:00:00+01:00,1.3122259041630637
2021,CO2/CO/NOx,2021-11-20 18:00:00+01:00,1.3484060637496154
2021,CO2/CO/NOx,2021-11-20 19:00:00+01:00,1.3646552456373695
2021,CO2/CO/NOx,2021-11-20 20:00:00+01:00,1.3620716066684466
2021,CO2/CO/NOx,2021-11-20 21:00:00+01:00,1.3476583223153833
2021,CO2/CO/NOx,2021-11-20 22:00:00+01:00,1.3239137119164108
2021,CO2/CO/NOx,2021-11-20 23:00:00+01:00,1.3112402999494799
2021,CO2/CO/NOx,2021-11-21 00:00:00+01:00,1.28137943515878
2021,CO2/CO/NOx,2021-11-21 01:00:00+01:00,1.2702032111117836
2021,CO2/CO/NOx,2021-11-21 02:00:00+01:00,1.302878986737904
2021,CO2/CO/NOx,2021-11-21 03:00:00+01:00,1.3550634612866403
2021,CO2/CO/NOx,2021-11-21 04:00:00+01:00,1.4360948540178267
2021,CO2/CO/NOx,2021-11-21 05:00:00+01:00,1.5180976973722564
2021,CO2/CO/NOx,2021-11-21 06:00:00+01:00,1.5819755454519653
2021,CO2/CO/NOx,2021-11-21 07:00:00+01:00,1.6142074911812958
2021,CO2/CO/NOx,2021-11-21 08:00:00+01:00,1.5975912724641843
2021,CO2/CO/NOx,2021-11-21 09:00:00+01:00,1.5274676194536556
2021,CO2/CO/NOx,2021-11-21 10:00:00+01:00,1.4757525111692578
2021,CO2/CO/NOx,2021-11-21 11:00:00+01:00,1.4290967105907286
2021,CO2/CO/NOx,2021-11-21 12:00:00+01:00,1.3901230065336487
2021,CO2/CO/NOx,2021-11-21 13:00:00+01:00,1.403837535819209
2021,CO2/CO/NOx,2021-11-21 14:00:00+01:00,1.4301905862291602
2021,CO2/CO/NOx,2021-11-21 15:00:00+01:00,1.4790986345405919
2021,CO2/CO/NOx,2021-11-21 16:00:00+01:00,1.5137693110911905
2021,CO2/CO/NOx,2021-11-21 17:00:00+01:00,1.5234133367896798
2021,CO2/CO/NOx,2021-11-21 18:00:00+01:00,1.5386522974274464
2021,CO2/CO/NOx,2021-11-21 19:00:00+01:00,1.5292693370412547
2021,CO2/CO/NOx,2021-11-21 20:00:00+01:00,1.4955184337154057
2021,CO2/CO/NOx,2021-11-21 21:00:00+01:00,1.4474104747710925
2021,CO2/CO/NOx,2021-11-21 22:00:00+01:00,1.4030462820250735
2021,CO2/CO/NOx,2021-11-21 23:00:00+01:00,1.3698461298971163
2021,CO2/CO/NOx,2021-11-22 00:00:00+01:00,1.3421106372686191
2021,CO2/CO/NOx,2021-11-22 01:00:00+01:00,1.3419135334816439
2021,CO2/CO/NOx,2021-11-22 02:00:00+01:00,1.3761167608954261
2021,CO2/CO/NOx,2021-11-22 03:00:00+01:00,1.441187742992834
2021,CO2/CO/NOx,2021-11-22 04:00:00+01:00,1.4979808318396084
2021,CO2/CO/NOx,2021-11-22 05:00:00+01:00,1.5587351574342652
2021,CO2/CO/NOx,2021-11-22 06:00:00+01:00,1.6222394071497366
2021,CO2/CO/NOx,2021-11-22 07:00:00+01:00,1.6590952691561522
2021,CO2/CO/NOx,2021-11-22 08:00:00+01:00,1.6503197239610612
2021,CO2/CO/NOx,2021-11-22 09:00:00+01:00,1.5988433228081989
2021,CO2/CO/NOx,2021-11-22 10:00:00+01:00,1.559864947848438
2021,CO2/CO/NOx,2021-11-22 11:00:00+01:00,1.522140716447476
2021,CO2/CO/NOx,2021-11-22 12:00:00+01:00,1.4876623732716143
2021,CO2/CO/NOx,2021-11-22 13:00:00+01:00,1.4782278808105678
2021,CO2/CO/NOx,2021-11-22 14:00:00+01:00,1.493772830207355
2021,CO2/CO/NOx,2021-11-22 15:00:00+01:00,1.534154336394092
2021,CO2/CO/NOx,2021-11-22 16:00:00+01:00,1.557443205542287
2021,CO2/CO/NOx,2021-11-22 17:00:00+01:00,1.5697124264871027
2021,CO2/CO/NOx,2021-11-22 18:00:00+01:00,1.5933108507645268
2021,CO2/CO/NOx,2021-11-22 19:00:00+01:00,1.5890215913121937
2021,CO2/CO/NOx,2021-11-22 20:00:00+01:00,1.558458203074236
2021,CO2/CO/NOx,2021-11-22 21:00:00+01:00,1.5146240104091906
2021,CO2/CO/NOx,2021-11-22 22:00:00+01:00,1.4689568612091228
2021,CO2/CO/NOx,2021-11-22 23:00:00+01:00,1.4225892779393658
2021,CO2/CO/NOx,2021-11-23 00:00:00+01:00,1.3634209370189225
2021,CO2/CO/NOx,2021-11-23 01:00:00+01:00,1.352107690482906
2021,CO2/CO/NOx,2021-11-23 02:00:00+01:00,1.3911191227823283
2021,CO2/CO/NOx,2021-11-23 03:00:00+01:00,1.4672335184752823
2021,CO2/CO/NOx,2021-11-23 04:00:00+01:00,1.5453636798924815
2021,CO2/CO/NOx,2021-11-23 05:00:00+01:00,1.6249445982263127
2021,CO2/CO/NOx,2021-11-23 06:00:00+01:00,1.6919799314827557
2021,CO2/CO/NOx,2021-11-23 07:00:00+01:00,1.7159188505644574
2021,CO2/CO/NOx,2021-11-23 08:00:00+01:00,1.6964373559862134
2021,CO2/CO/NOx,2021-11-23 09:00:00+01:00,1.6392571168147332
2021,CO2/CO/NOx,2021-11-23 10:00:00+01:00,1.6079837929967802
2021,CO2/CO/NOx,2021-11-23 11:00:00+01:00,1.5775332714584864
2021,CO2/CO/NOx,2021-11-23 12:00:00+01:00,1.5468280780840782
2021,CO2/CO/NOx,2021-11-23 13:00:00+01:00,1.5457250566337877
2021,CO2/CO/NOx,2021-11-23 14:00:00+01:00,1.56353241690815
2021,CO2/CO/NOx,2021-11-23 15:00:00+01:00,1.5861986077399313
2021,CO2/CO/NOx,2021-11-23 16:00:00+01:00,1.5936768512030033
2021,CO2/CO/NOx,2021-11-23 17:00:00+01:00,1.592892760908972
2021,CO2/CO/NOx,2021-11-23 18:00:00+01:00,1.604913473771725
2021,CO2/CO/NOx,2021-11-23 19:00:00+01:00,1.603586608047701
2021,CO2/CO/NOx,2021-11-23 20:00:00+01:00,1.5870202606845358
2021,CO2/CO/NOx,2021-11-23 21:00:00+01:00,1.5615265724147966
2021,CO2/CO/NOx,2021-11-23 22:00:00+01:00,1.5513763721662968
2021,CO2/CO/NOx,2021-11-23 23:00:00+01:00,1.552155693222969
2021,CO2/CO/NOx,2021-11-24 00:00:00+01:00,1.5338584163626519
2021,CO2/CO/NOx,2021-11-24 01:00:00+01:00,1.5461798546346037
2021,CO2/CO/NOx,2021-11-24 02:00:00+01:00,1.5820113990718636
2021,CO2/CO/NOx,2021-11-24 03:00:00+01:00,1.6532032885859802
2021,CO2/CO/NOx,2021-11-24 04:00:00+01:00,1.7218638906556816
2021,CO2/CO/NOx,2021-11-24 05:00:00+01:00,1.785680261207135
2021,CO2/CO/NOx,2021-11-24 06:00:00+01:00,1.8522313815190814
2021,CO2/CO/NOx,2021-11-24 07:00:00+01:00,1.9096022424156032
2021,CO2/CO/NOx,2021-11-24 08:00:00+01:00,1.9380637169557795
2021,CO2/CO/NOx,2021-11-24 09:00:00+01:00,1.9257007496490886
2021,CO2/CO/NOx,2021-11-24 10:00:00+01:00,1.9303320553993282
2021,CO2/CO/NOx,2021-11-24 11:00:00+01:00,1.9282848608245173
2021,CO2/CO/NOx,2021-11-24 12:00:00+01:00,1.915153885087128
2021,CO2/CO/NOx,2021-11-24 13:00:00+01:00,1.891947366958173
2021,CO2/CO/NOx,2021-11-24 14:00:00+01:00,1.8786972923563399
2021,CO2/CO/NOx,2021-11-24 15:00:00+01:00,1.8872883807199885
2021,CO2/CO/NOx,2021-11-24 16:00:00+01:00,1.8967141176690312
2021,CO2/CO/NOx,2021-11-24 17:00:00+01:00,1.9093341796044982
2021,CO2/CO/NOx,2021-11-24 18:00:00+01:00,1.9266122360704523
2021,CO2/CO/NOx,2021-11-24 19:00:00+01:00,1.9216516997277158
2021,CO2/CO/NOx,2021-11-24 20:00:00+01:00,1.9007325939204507
2021,CO2/CO/NOx,2021-11-24 21:00:00+01:00,1.8494826808276457
2021,CO2/CO/NOx,2021-11-24 22:00:00+01:00,1.7928626686129219
2021,CO2/CO/NOx,2021-11-24 23:00:00+01:00,1.7489442346523065
2021,CO2/CO/NOx,2021-11-25 00:00:00+01:00,1.6930769919412036
2021,CO2/CO/NOx,2021-11-25 01:00:00+01:00,1.672077017796593
2021,CO2/CO/NOx,2021-11-25 02:00:00+01:00,1.6990092252429332
2021,CO2/CO/NOx,2021-11-25 03:00:00+01:00,1.7521685322805252
2021,CO2/CO/NOx,2021-11-25 04:00:00+01:00,1.8034848408086361
2021,CO2/CO/NOx,2021-11-25 05:00:00+01:00,1.86508551040165
2021,CO2/CO/NOx,2021-11-25 06:00:00+01:00,1.918421993792817
2021,CO2/CO/NOx,2021-11-25 07:00:00+01:00,1.967466689228325
2021,CO2/CO/NOx,2021-11-25 08:00:00+01:00,1.9969222494148646
2021,CO2/CO/NOx,2021-11-25 09:00:00+01:00,1.989812931800645
2021,CO2/CO/NOx,2021-11-25 10:00:00+01:00,2.000580889100453
2021,CO2/CO/NOx,2021-11-25 11:00:00+01:00,2.0119521197236487
2021,CO2/CO/NOx,2021-11-25 12:00:00+01:00,2.0155755216001543
2021,CO2/CO/NOx,2021-11-25 13:00:00+01:00,2.0199451113109705
2021,CO2/CO/NOx,2021-11-25 14:00:00+01:00,2.027331554463831
2021,CO2/CO/NOx,2021-11-25 15:00:00+01:00,2.034519642750013
2021,CO2/CO/NOx,2021-11-25 16:00:00+01:00,2.0324889905409864
2021,CO2/CO/NOx,2021-11-25 17:00:00+01:00,2.0220328992642
2021,CO2/CO/NOx,2021-11-25 18:00:00+01:00,2.008638651465196
2021,CO2/CO/NOx,2021-11-25 19:00:00+01:00,1.9706244291569948
2021,CO2/CO/NOx,2021-11-25 20:00:00+01:00,1.91230744468821
2021,CO2/CO/NOx,2021-11-25 21:00:00+01:00,1.8494860745826613
2021,CO2/CO/NOx,2021-11-25 22:00:00+01:00,1.7978023869487028
2021,CO2/CO/NOx,2021-11-25 23:00:00+01:00,1.7716721386024814
2021,CO2/CO/NOx,2021-11-26 00:00:00+01:00,1.7434869253033631
2021,CO2/CO/NOx,2021-11-26 01:00:00+01:00,1.7750302309996366
2021,CO2/CO/NOx,2021-11-26 02:00:00+01:00,1.8575716678744294
2021,CO2/CO/NOx,2021-11-26 03:00:00+01:00,1.9660842067601905
2021,CO2/CO/NOx,2021-11-26 04:00:00+01:00,2.058772196402637
2021,CO2/CO/NOx,2021-11-26 05:00:00+01:00,2.1350878824880843
2021,CO2/CO/NOx,2021-11-26 06:00:00+01:00,2.1958572047908755
2021,CO2/CO/NOx,2021-11-26 07:00:00+01:00,2.221138481373739
2021,CO2/CO/NOx,2021-11-26 08:00:00+01:00,2.2047109852685467
2021,CO2/CO/NOx,2021-11-26 09:00:00+01:00,2.1388321097915974
2021,CO2/CO/NOx,2021-11-26 10:00:00+01:00,2.11743791519569
2021,CO2/CO/NOx,2021-11-26 11:00:00+01:00,2.094527805403355
2021,CO2/CO/NOx,2021-11-26 12:00:00+01:00,2.0768279551452444
2021,CO2/CO/NOx,2021-11-26 13:00:00+01:00,2.0627294402857155
2021,CO2/CO/NOx,2021-11-26 14:00:00+01:00,2.0473326326407735
2021,CO2/CO/NOx,2021-11-26 15:00:00+01:00,2.038138866885482
2021,CO2/CO/NOx,2021-11-26 16:00:00+01:00,2.0171496340520063
2021,CO2/CO/NOx,2021-11-26 17:00:00+01:00,1.9760259022256002
2021,CO2/CO/NOx,2021-11-26 18:00:00+01:00,1.9416104022646576
2021,CO2/CO/NOx,2021-11-26 19:00:00+01:00,1.9146352045810753
2021,CO2/CO/NOx,2021-11-26 20:00:00+01:00,1.850852593696229
2021,CO2/CO/NOx,2021-11-26 21:00:00+01:00,1.7764135993987926
2021,CO2/CO/NOx,2021-11-26 22:00:00+01:00,1.6951855045893753
2021,CO2/CO/NOx,2021-11-26 23:00:00+01:00,1.6119325585191
2021,CO2/CO/NOx,2021-11-27 00:00:00+01:00,1.5274234443357988
2021,CO2/CO/NOx,2021-11-27 01:00:00+01:00,1.4826410813481843
2021,CO2/CO/NOx,2021-11-27 02:00:00+01:00,1.4714406182271726
2021,CO2/CO/NOx,2021-11-27 03:00:00+01:00,1.5014175519456405
2021,CO2/CO/NOx,2021-11-27 04:00:00+01:00,1.550864929237791
2021,CO2/CO/NOx,2021-11-27 05:00:00+01:00,1.5833085811606495
2021,CO2/CO/NOx,2021-11-27 06:00:00+01:00,1.6119460935777838
2021,CO2/CO/NOx,2021-11-27 07:00:00+01:00,1.6335084023733648
2021,CO2/CO/NOx,2021-11-27 08:00:00+01:00,1.6349462403817612
2021,CO2/CO/NOx,2021-11-27 09:00:00+01:00,1.6101437381567092
2021,CO2/CO/NOx,2021-11-27 10:00:00+01:00,1.6005312692568996
2021,CO2/CO/NOx,2021-11-27 11:00:00+01:00,1.5883560049805374
2021,CO2/CO/NOx,2021-11-27 12:00:00+01:00,1.5715474376918712
2021,CO2/CO/NOx,2021-11-27 13:00:00+01:00,1.5677494835453925
2021,CO2/CO/NOx,2021-11-27 14:00:00+01:00,1.5653665363764964
2021,CO2/CO/NOx,2021-11-27 15:00:00+01:00,1.5733734148268983
2021,CO2/CO/NOx,2021-11-27 16:00:00+01:00,1.581217391118821
2021,CO2/CO/NOx,2021-11-27 17:00:00+01:00,1.5823522082146455
2021,CO2/CO/NOx,2021-11-27 18:00:00+01:00,1.5916510544054985
2021,CO2/CO/NOx,2021-11-27 19:00:00+01:00,1.5786945596958701
2021,CO2/CO/NOx,2021-11-27 20:00:00+01:00,1.5488263402222515
2021,CO2/CO/NOx,2021-11-27 21:00:00+01:00,1.505981562853618
2021,CO2/CO/NOx,2021-11-27 22:00:00+01:00,1.4652404662480785
2021,CO2/CO/NOx,2021-11-27 23:00:00+01:00,1.43165767778985
2021,CO2/CO/NOx,2021-11-28 00:00:00+01:00,1.394649850071115
2021,CO2/CO/NOx,2021-11-28 01:00:00+01:00,1.3878171155515422
2021,CO2/CO/NOx,2021-11-28 02:00:00+01:00,1.4121146710739494
2021,CO2/CO/NOx,2021-11-28 03:00:00+01:00,1.4644200070718558
2021,CO2/CO/NOx,2021-11-28 04:00:00+01:00,1.5129205612572776
2021,CO2/CO/NOx,2021-11-28 05:00:00+01:00,1.566584627895484
2021,CO2/CO/NOx,2021-11-28 06:00:00+01:00,1.6089640110403534
2021,CO2/CO/NOx,2021-11-28 07:00:00+01:00,1.6341949864855816
2021,CO2/CO/NOx,2021-11-28 08:00:00+01:00,1.639750084049703
2021,CO2/CO/NOx,2021-11-28 09:00:00+01:00,1.6216062881519313
2021,CO2/CO/NOx,2021-11-28 10:00:00+01:00,1.6181418042022908
2021,CO2/CO/NOx,2021-11-28 11:00:00+01:00,1.6153107911905695
2021,CO2/CO/NOx,2021-11-28 12:00:00+01:00,1.604294483110435
2021,CO2/CO/NOx,2021-11-28 13:00:00+01:00,1.6089082821831702
2021,CO2/CO/NOx,2021-11-28 14:00:00+01:00,1.6250419138623924
2021,CO2/CO/NOx,2021-11-28 15:00:00+01:00,1.64767393436285
2021,CO2/CO/NOx,2021-11-28 16:00:00+01:00,1.657343041578276
2021,CO2/CO/NOx,2021-11-28 17:00:00+01:00,1.6563412774946586
2021,CO2/CO/NOx,2021-11-28 18:00:00+01:00,1.6748329214949882
2021,CO2/CO/NOx,2021-11-28 19:00:00+01:00,1.663961820037631
2021,CO2/CO/NOx,2021-11-28 20:00:00+01:00,1.641535357696457
2021,CO2/CO/NOx,2021-11-28 21:00:00+01:00,1.6152596553362366
2021,CO2/CO/NOx,2021-11-28 22:00:00+01:00,1.6042005207599828
2021,CO2/CO/NOx,2021-11-28 23:00:00+01:00,1.6031065746294972
2021,CO2/CO/NOx,2021-11-29 00:00:00+01:00,1.5891468287958652
2021,CO2/CO/NOx,2021-11-29 01:00:00+01:00,1.606220663640889
2021,CO2/CO/NOx,2021-11-29 02:00:00+01:00,1.6494772199741836
2021,CO2/CO/NOx,2021-11-29 03:00:00+01:00,1.7213838880801111
2021,CO2/CO/NOx,2021-11-29 04:00:00+01:00,1.7732316798568444
2021,CO2/CO/NOx,2021-11-29 05:00:00+01:00,1.8299404595560562
2021,CO2/CO/NOx,2021-11-29 06:00:00+01:00,1.898068301932043
2021,CO2/CO/NOx,2021-11-29 07:00:00+01:00,1.9327508158027777
2021,CO2/CO/NOx,2021-11-29 08:00:00+01:00,1.9288002772047739
2021,CO2/CO/NOx,2021-11-29 09:00:00+01:00,1.8806495965185754
2021,CO2/CO/NOx,2021-11-29 10:00:00+01:00,1.8523238139379978
2021,CO2/CO/NOx,2021-11-29 11:00:00+01:00,1.8104939513299587
2021,CO2/CO/NOx,2021-11-29 12:00:00+01:00,1.770624657570751
2021,CO2/CO/NOx,2021-11-29 13:00:00+01:00,1.7527181422625222
2021,CO2/CO/NOx,2021-11-29 14:00:00+01:00,1.7769025700841645
2021,CO2/CO/NOx,2021-11-29 15:00:00+01:00,1.836574800929839
2021,CO2/CO/NOx,2021-11-29 16:00:00+01:00,1.8754770682932502
2021,CO2/CO/NOx,2021-11-29 17:00:00+01:00,1.9028233287617342
2021,CO2/CO/NOx,2021-11-29 18:00:00+01:00,1.9327408168700448
2021,CO2/CO/NOx,2021-11-29 19:00:00+01:00,1.9217215268127452
2021,CO2/CO/NOx,2021-11-29 20:00:00+01:00,1.8705288921685848
2021,CO2/CO/NOx,2021-11-29 21:00:00+01:00,1.80535179885395
2021,CO2/CO/NOx,2021-11-29 22:00:00+01:00,1.7342053645499456
2021,CO2/CO/NOx,2021-11-29 23:00:00+01:00,1.7004545166345473
2021,CO2/CO/NOx,2021-11-30 00:00:00+01:00,1.645854429719721
2021,CO2/CO/NOx,2021-11-30 01:00:00+01:00,1.6204679653551655
2021,CO2/CO/NOx,2021-11-30 02:00:00+01:00,1.640077102298284
2021,CO2/CO/NOx,2021-11-30 03:00:00+01:00,1.6961495658122732
2021,CO2/CO/NOx,2021-11-30 04:00:00+01:00,1.7432011615487544
2021,CO2/CO/NOx,2021-11-30 05:00:00+01:00,1.7894791204825513
2021,CO2/CO/NOx,2021-11-30 06:00:00+01:00,1.8362608257393065
2021,CO2/CO/NOx,2021-11-30 07:00:00+01:00,1.8694007028295447
2021,CO2/CO/NOx,2021-11-30 08:00:00+01:00,1.8856170054689592
2021,CO2/CO/NOx,2021-11-30 09:00:00+01:00,1.8486498756905971
2021,CO2/CO/NOx,2021-11-30 10:00:00+01:00,1.8344287751243569
2021,CO2/CO/NOx,2021-11-30 11:00:00+01:00,1.818783342912801
2021,CO2/CO/NOx,2021-11-30 12:00:00+01:00,1.7854300107179735
2021,CO2/CO/NOx,2021-11-30 13:00:00+01:00,1.7551182927012434
2021,CO2/CO/NOx,2021-11-30 14:00:00+01:00,1.7296379055904507
2021,CO2/CO/NOx,2021-11-30 15:00:00+01:00,1.7190691736983585
2021,CO2/CO/NOx,2021-11-30 16:00:00+01:00,1.7099440056959399
2021,CO2/CO/NOx,2021-11-30 17:00:00+01:00,1.6925630209414706
2021,CO2/CO/NOx,2021-11-30 18:00:00+01:00,1.689724944737007
2021,CO2/CO/NOx,2021-11-30 19:00:00+01:00,1.665794965661486
2021,CO2/CO/NOx,2021-11-30 20:00:00+01:00,1.6268468308820492
2021,CO2/CO/NOx,2021-11-30 21:00:00+01:00,1.569262110793961
2021,CO2/CO/NOx,2021-11-30 22:00:00+01:00,1.5124601421744461
2021,CO2/CO/NOx,2021-11-30 23:00:00+01:00,1.4579158583755631
2021,CO2/CO/NOx,2021-12-01 00:00:00+01:00,1.3932533943982823
2021,CO2/CO/NOx,2021-12-01 01:00:00+01:00,1.3704026305847863
2021,CO2/CO/NOx,2021-12-01 02:00:00+01:00,1.3858667627022387
2021,CO2/CO/NOx,2021-12-01 03:00:00+01:00,1.4276156381396001
2021,CO2/CO/NOx,2021-12-01 04:00:00+01:00,1.4732117926510966
2021,CO2/CO/NOx,2021-12-01 05:00:00+01:00,1.5369572326850136
2021,CO2/CO/NOx,2021-12-01 06:00:00+01:00,1.588760411610405
2021,CO2/CO/NOx,2021-12-01 07:00:00+01:00,1.616876394074734
2021,CO2/CO/NOx,2021-12-01 08:00:00+01:00,1.5977392339263914
2021,CO2/CO/NOx,2021-12-01 09:00:00+01:00,1.5248228910448403
2021,CO2/CO/NOx,2021-12-01 10:00:00+01:00,1.4618439508819434
2021,CO2/CO/NOx,2021-12-01 11:00:00+01:00,1.3873695575918366
2021,CO2/CO/NOx,2021-12-01 12:00:00+01:00,1.3054555830235122
2021,CO2/CO/NOx,2021-12-01 13:00:00+01:00,1.2621668135364086
2021,CO2/CO/NOx,2021-12-01 14:00:00+01:00,1.2416757948482247
2021,CO2/CO/NOx,2021-12-01 15:00:00+01:00,1.2465197427014625
2021,CO2/CO/NOx,2021-12-01 16:00:00+01:00,1.2597523123581558
2021,CO2/CO/NOx,2021-12-01 17:00:00+01:00,1.2763334125133456
2021,CO2/CO/NOx,2021-12-01 18:00:00+01:00,1.3144572309642715
2021,CO2/CO/NOx,2021-12-01 19:00:00+01:00,1.3198117574258112
2021,CO2/CO/NOx,2021-12-01 20:00:00+01:00,1.2932592736068838
2021,CO2/CO/NOx,2021-12-01 21:00:00+01:00,1.2440544137013534
2021,CO2/CO/NOx,2021-12-01 22:00:00+01:00,1.190257018100243
2021,CO2/CO/NOx,2021-12-01 23:00:00+01:00,1.1221551945143813
2021,CO2/CO/NOx,2021-12-02 00:00:00+01:00,1.040225065126108
2021,CO2/CO/NOx,2021-12-02 01:00:00+01:00,1.0094774925625065
2021,CO2/CO/NOx,2021-12-02 02:00:00+01:00,1.0552128372778629
2021,CO2/CO/NOx,2021-12-02 03:00:00+01:00,1.1542852805989827
2021,CO2/CO/NOx,2021-12-02 04:00:00+01:00,1.2432973694978393
2021,CO2/CO/NOx,2021-12-02 05:00:00+01:00,1.3252854596466344
2021,CO2/CO/NOx,2021-12-02 06:00:00+01:00,1.4105394387010755
2021,CO2/CO/NOx,2021-12-02 07:00:00+01:00,1.4615122787211354
2021,CO2/CO/NOx,2021-12-02 08:00:00+01:00,1.463926447007762
2021,CO2/CO/NOx,2021-12-02 09:00:00+01:00,1.4083114944594193
2021,CO2/CO/NOx,2021-12-02 10:00:00+01:00,1.3797755145244872
2021,CO2/CO/NOx,2021-12-02 11:00:00+01:00,1.357101481542476
2021,CO2/CO/NOx,2021-12-02 12:00:00+01:00,1.3565880845731086
2021,CO2/CO/NOx,2021-12-02 13:00:00+01:00,1.3868046985814237
2021,CO2/CO/NOx,2021-12-02 14:00:00+01:00,1.4385892111070009
2021,CO2/CO/NOx,2021-12-02 15:00:00+01:00,1.5304067446854674
2021,CO2/CO/NOx,2021-12-02 16:00:00+01:00,1.6019110213446495
2021,CO2/CO/NOx,2021-12-02 17:00:00+01:00,1.6538464840921103
2021,CO2/CO/NOx,2021-12-02 18:00:00+01:00,1.685561759305666
2021,CO2/CO/NOx,2021-12-02 19:00:00+01:00,1.663360600019667
2021,CO2/CO/NOx,2021-12-02 20:00:00+01:00,1.6063702380174165
2021,CO2/CO/NOx,2021-12-02 21:00:00+01:00,1.5602562764845211
2021,CO2/CO/NOx,2021-12-02 22:00:00+01:00,1.5182520325152353
2021,CO2/CO/NOx,2021-12-02 23:00:00+01:00,1.497883208420658
2021,CO2/CO/NOx,2021-12-03 00:00:00+01:00,1.4832090307344679
2021,CO2/CO/NOx,2021-12-03 01:00:00+01:00,1.5188136079847927
2021,CO2/CO/NOx,2021-12-03 02:00:00+01:00,1.603957403187909
2021,CO2/CO/NOx,2021-12-03 03:00:00+01:00,1.7128517019164617
2021,CO2/CO/NOx,2021-12-03 04:00:00+01:00,1.8038617846193654
2021,CO2/CO/NOx,2021-12-03 05:00:00+01:00,1.903551926362995
2021,CO2/CO/NOx,2021-12-03 06:00:00+01:00,1.9936096517571336
2021,CO2/CO/NOx,2021-12-03 07:00:00+01:00,2.0200669596773917
2021,CO2/CO/NOx,2021-12-03 08:00:00+01:00,2.0057185662089245
2021,CO2/CO/NOx,2021-12-03 09:00:00+01:00,1.9489852903530334
2021,CO2/CO/NOx,2021-12-03 10:00:00+01:00,1.9194635729962903
2021,CO2/CO/NOx,2021-12-03 11:00:00+01:00,1.8813473961395957
2021,CO2/CO/NOx,2021-12-03 12:00:00+01:00,1.8446043981975286
2021,CO2/CO/NOx,2021-12-03 13:00:00+01:00,1.8324307086623852
2021,CO2/CO/NOx,2021-12-03 14:00:00+01:00,1.851641141976667
2021,CO2/CO/NOx,2021-12-03 15:00:00+01:00,1.8960009146267782
2021,CO2/CO/NOx,2021-12-03 16:00:00+01:00,1.9301659477289714
2021,CO2/CO/NOx,2021-12-03 17:00:00+01:00,1.964382778212364
2021,CO2/CO/NOx,2021-12-03 18:00:00+01:00,2.0173823023160335
2021,CO2/CO/NOx,2021-12-03 19:00:00+01:00,2.038856601092893
2021,CO2/CO/NOx,2021-12-03 20:00:00+01:00,2.0032360712659383
2021,CO2/CO/NOx,2021-12-03 21:00:00+01:00,1.937330242311921
2021,CO2/CO/NOx,2021-12-03 22:00:00+01:00,1.8569526605808575
2021,CO2/CO/NOx,2021-12-03 23:00:00+01:00,1.7709478444362186
2021,CO2/CO/NOx,2021-12-04 00:00:00+01:00,1.6677472857384197
2021,CO2/CO/NOx,2021-12-04 01:00:00+01:00,1.6119258153843985
2021,CO2/CO/NOx,2021-12-04 02:00:00+01:00,1.6047193773781596
2021,CO2/CO/NOx,2021-12-04 03:00:00+01:00,1.6443709305068928
2021,CO2/CO/NOx,2021-12-04 04:00:00+01:00,1.7015542315389307
2021,CO2/CO/NOx,2021-12-04 05:00:00+01:00,1.758873748432599
2021,CO2/CO/NOx,2021-12-04 06:00:00+01:00,1.8261180920435514
2021,CO2/CO/NOx,2021-12-04 07:00:00+01:00,1.8647532685367643
2021,CO2/CO/NOx,2021-12-04 08:00:00+01:00,1.8475708190835751
2021,CO2/CO/NOx,2021-12-04 09:00:00+01:00,1.7754921371258587
2021,CO2/CO/NOx,2021-12-04 10:00:00+01:00,1.7103276588192433
2021,CO2/CO/NOx,2021-12-04 11:00:00+01:00,1.6479684863400417
2021,CO2/CO/NOx,2021-12-04 12:00:00+01:00,1.545315295852531
2021,CO2/CO/NOx,2021-12-04 13:00:00+01:00,1.4866497204762477
2021,CO2/CO/NOx,2021-12-04 14:00:00+01:00,1.4610779118171067
2021,CO2/CO/NOx,2021-12-04 15:00:00+01:00,1.4768296478047418
2021,CO2/CO/NOx,2021-12-04 16:00:00+01:00,1.4868399164600739
2021,CO2/CO/NOx,2021-12-04 17:00:00+01:00,1.4869481959947657
2021,CO2/CO/NOx,2021-12-04 18:00:00+01:00,1.501684097149737
2021,CO2/CO/NOx,2021-12-04 19:00:00+01:00,1.4775236704634815
2021,CO2/CO/NOx,2021-12-04 20:00:00+01:00,1.4287977786050934
2021,CO2/CO/NOx,2021-12-04 21:00:00+01:00,1.356589170614873
2021,CO2/CO/NOx,2021-12-04 22:00:00+01:00,1.3138007030828385
2021,CO2/CO/NOx,2021-12-04 23:00:00+01:00,1.2882161305432724
2021,CO2/CO/NOx,2021-12-05 00:00:00+01:00,1.2606853526482265
2021,CO2/CO/NOx,2021-12-05 01:00:00+01:00,1.272804633420188
2021,CO2/CO/NOx,2021-12-05 02:00:00+01:00,1.3226159467894238
2021,CO2/CO/NOx,2021-12-05 03:00:00+01:00,1.3987931451641051
2021,CO2/CO/NOx,2021-12-05 04:00:00+01:00,1.4419135491966761
2021,CO2/CO/NOx,2021-12-05 05:00:00+01:00,1.4849532407417037
2021,CO2/CO/NOx,2021-12-05 06:00:00+01:00,1.543844002557154
2021,CO2/CO/NOx,2021-12-05 07:00:00+01:00,1.5794016090549152
2021,CO2/CO/NOx,2021-12-05 08:00:00+01:00,1.5839791213566434
2021,CO2/CO/NOx,2021-12-05 09:00:00+01:00,1.5582459992647983
2021,CO2/CO/NOx,2021-12-05 10:00:00+01:00,1.5570255169688885
2021,CO2/CO/NOx,2021-12-05 11:00:00+01:00,1.5569886511091786
2021,CO2/CO/NOx,2021-12-05 12:00:00+01:00,1.5456769819221035
2021,CO2/CO/NOx,2021-12-05 13:00:00+01:00,1.5320918273825934
2021,CO2/CO/NOx,2021-12-05 14:00:00+01:00,1.5397438037546605
2021,CO2/CO/NOx,2021-12-05 15:00:00+01:00,1.5671231128558571
2021,CO2/CO/NOx,2021-12-05 16:00:00+01:00,1.588123824429121
2021,CO2/CO/NOx,2021-12-05 17:00:00+01:00,1.604412209589148
2021,CO2/CO/NOx,2021-12-05 18:00:00+01:00,1.6350517684918289
2021,CO2/CO/NOx,2021-12-05 19:00:00+01:00,1.633442524374557
2021,CO2/CO/NOx,2021-12-05 20:00:00+01:00,1.6107231348182525
2021,CO2/CO/NOx,2021-12-05 21:00:00+01:00,1.5624390124559384
2021,CO2/CO/NOx,2021-12-05 22:00:00+01:00,1.5329738552807233
2021,CO2/CO/NOx,2021-12-05 23:00:00+01:00,1.5215408608747463
2021,CO2/CO/NOx,2021-12-06 00:00:00+01:00,1.4966629516032035
2021,CO2/CO/NOx,2021-12-06 01:00:00+01:00,1.513420643107227
2021,CO2/CO/NOx,2021-12-06 02:00:00+01:00,1.5693006355263828
2021,CO2/CO/NOx,2021-12-06 03:00:00+01:00,1.6509297866767358
2021,CO2/CO/NOx,2021-12-06 04:00:00+01:00,1.7278977153450796
2021,CO2/CO/NOx,2021-12-06 05:00:00+01:00,1.806954780327821
2021,CO2/CO/NOx,2021-12-06 06:00:00+01:00,1.8810573791326552
2021,CO2/CO/NOx,2021-12-06 07:00:00+01:00,1.9379371508602703
2021,CO2/CO/NOx,2021-12-06 08:00:00+01:00,1.9514592084307478
2021,CO2/CO/NOx,2021-12-06 09:00:00+01:00,1.9164654335851354
2021,CO2/CO/NOx,2021-12-06 10:00:00+01:00,1.9011729792947918
2021,CO2/CO/NOx,2021-12-06 11:00:00+01:00,1.8740618753196252
2021,CO2/CO/NOx,2021-12-06 12:00:00+01:00,1.8397534005767258
2021,CO2/CO/NOx,2021-12-06 13:00:00+01:00,1.8299981060144963
2021,CO2/CO/NOx,2021-12-06 14:00:00+01:00,1.837256704451847
2021,CO2/CO/NOx,2021-12-06 15:00:00+01:00,1.8741801987587972
2021,CO2/CO/NOx,2021-12-06 16:00:00+01:00,1.8892565367699052
2021,CO2/CO/NOx,2021-12-06 17:00:00+01:00,1.8954597993094962
2021,CO2/CO/NOx,2021-12-06 18:00:00+01:00,1.9128756624324814
2021,CO2/CO/NOx,2021-12-06 19:00:00+01:00,1.89111390366673
2021,CO2/CO/NOx,2021-12-06 20:00:00+01:00,1.8433651937810231
2021,CO2/CO/NOx,2021-12-06 21:00:00+01:00,1.7861037041938175
2021,CO2/CO/NOx,2021-12-06 22:00:00+01:00,1.738933688657629
2021,CO2/CO/NOx,2021-12-06 23:00:00+01:00,1.703021157807944
2021,CO2/CO/NOx,2021-12-07 00:00:00+01:00,1.6630447883610981
2021,CO2/CO/NOx,2021-12-07 01:00:00+01:00,1.6649041914703366
2021,CO2/CO/NOx,2021-12-07 02:00:00+01:00,1.7263969824760954
2021,CO2/CO/NOx,2021-12-07 03:00:00+01:00,1.805935022747078
2021,CO2/CO/NOx,2021-12-07 04:00:00+01:00,1.8602816267253715
2021,CO2/CO/NOx,2021-12-07 05:00:00+01:00,1.9081671527921
2021,CO2/CO/NOx,2021-12-07 06:00:00+01:00,1.9432893479690916
2021,CO2/CO/NOx,2021-12-07 07:00:00+01:00,1.947772195051337
2021,CO2/CO/NOx,2021-12-07 08:00:00+01:00,1.9141486669755239
2021,CO2/CO/NOx,2021-12-07 09:00:00+01:00,1.844011567954299
2021,CO2/CO/NOx,2021-12-07 10:00:00+01:00,1.8081863399392946
2021,CO2/CO/NOx,2021-12-07 11:00:00+01:00,1.7904992127836692
2021,CO2/CO/NOx,2021-12-07 12:00:00+01:00,1.7528943830493455
2021,CO2/CO/NOx,2021-12-07 13:00:00+01:00,1.7474961101501547
2021,CO2/CO/NOx,2021-12-07 14:00:00+01:00,1.7722508964616623
2021,CO2/CO/NOx,2021-12-07 15:00:00+01:00,1.8202411445864077
2021,CO2/CO/NOx,2021-12-07 16:00:00+01:00,1.847009285387732
2021,CO2/CO/NOx,2021-12-07 17:00:00+01:00,1.8625004257678561
2021,CO2/CO/NOx,2021-12-07 18:00:00+01:00,1.9049824299475147
2021,CO2/CO/NOx,2021-12-07 19:00:00+01:00,1.9062767227291808
2021,CO2/CO/NOx,2021-12-07 20:00:00+01:00,1.8730517245773486
2021,CO2/CO/NOx,2021-12-07 21:00:00+01:00,1.810849325882096
2021,CO2/CO/NOx,2021-12-07 22:00:00+01:00,1.767313370678527
2021,CO2/CO/NOx,2021-12-07 23:00:00+01:00,1.7377669360556356
2021,CO2/CO/NOx,2021-12-08 00:00:00+01:00,1.6910675204325596
2021,CO2/CO/NOx,2021-12-08 01:00:00+01:00,1.6845981829720198
2021,CO2/CO/NOx,2021-12-08 02:00:00+01:00,1.7358100542101151
2021,CO2/CO/NOx,2021-12-08 03:00:00+01:00,1.834792398979754
2021,CO2/CO/NOx,2021-12-08 04:00:00+01:00,1.9244990596731386
2021,CO2/CO/NOx,2021-12-08 05:00:00+01:00,2.0069500939947567
2021,CO2/CO/NOx,2021-12-08 06:00:00+01:00,2.0819015811606527
2021,CO2/CO/NOx,2021-12-08 07:00:00+01:00,2.1201287579497885
2021,CO2/CO/NOx,2021-12-08 08:00:00+01:00,2.109123557260125
2021,CO2/CO/NOx,2021-12-08 09:00:00+01:00,2.0471223623915558
2021,CO2/CO/NOx,2021-12-08 10:00:00+01:00,2.0050767142760693
2021,CO2/CO/NOx,2021-12-08 11:00:00+01:00,1.9772652474881984
2021,CO2/CO/NOx,2021-12-08 12:00:00+01:00,1.9507001067246892
2021,CO2/CO/NOx,2021-12-08 13:00:00+01:00,1.945621533773915
2021,CO2/CO/NOx,2021-12-08 14:00:00+01:00,1.962558883973173
2021,CO2/CO/NOx,2021-12-08 15:00:00+01:00,2.022756501482698
2021,CO2/CO/NOx,2021-12-08 16:00:00+01:00,2.041502978766839
2021,CO2/CO/NOx,2021-12-08 17:00:00+01:00,2.0344085055613967
2021,CO2/CO/NOx,2021-12-08 18:00:00+01:00,2.020460864330512
2021,CO2/CO/NOx,2021-12-08 19:00:00+01:00,1.9626980258489575
2021,CO2/CO/NOx,2021-12-08 20:00:00+01:00,1.8913341343657306
2021,CO2/CO/NOx,2021-12-08 21:00:00+01:00,1.806887278481609
2021,CO2/CO/NOx,2021-12-08 22:00:00+01:00,1.7224363061466703
2021,CO2/CO/NOx,2021-12-08 23:00:00+01:00,1.6679128309231859
2021,CO2/CO/NOx,2021-12-09 00:00:00+01:00,1.6265710271472702
2021,CO2/CO/NOx,2021-12-09 01:00:00+01:00,1.6098821900377478
2021,CO2/CO/NOx,2021-12-09 02:00:00+01:00,1.6476936785333447
2021,CO2/CO/NOx,2021-12-09 03:00:00+01:00,1.721549270317067
2021,CO2/CO/NOx,2021-12-09 04:00:00+01:00,1.7901846096081355
2021,CO2/CO/NOx,2021-12-09 05:00:00+01:00,1.8632697532253828
2021,CO2/CO/NOx,2021-12-09 06:00:00+01:00,1.935835119888096
2021,CO2/CO/NOx,2021-12-09 07:00:00+01:00,1.9796327594931398
2021,CO2/CO/NOx,2021-12-09 08:00:00+01:00,1.9879296062937217
2021,CO2/CO/NOx,2021-12-09 09:00:00+01:00,1.9481664024890737
2021,CO2/CO/NOx,2021-12-09 10:00:00+01:00,1.9289335957761982
2021,CO2/CO/NOx,2021-12-09 11:00:00+01:00,1.91112904164639
2021,CO2/CO/NOx,2021-12-09 12:00:00+01:00,1.8777133950752785
2021,CO2/CO/NOx,2021-12-09 13:00:00+01:00,1.8578305428998914
2021,CO2/CO/NOx,2021-12-09 14:00:00+01:00,1.8535049190868311
2021,CO2/CO/NOx,2021-12-09 15:00:00+01:00,1.8762067691382542
2021,CO2/CO/NOx,2021-12-09 16:00:00+01:00,1.8857053844693803
2021,CO2/CO/NOx,2021-12-09 17:00:00+01:00,1.884995817532531
2021,CO2/CO/NOx,2021-12-09 18:00:00+01:00,1.9009169415792038
2021,CO2/CO/NOx,2021-12-09 19:00:00+01:00,1.8824047522273533
2021,CO2/CO/NOx,2021-12-09 20:00:00+01:00,1.8305996774684958
2021,CO2/CO/NOx,2021-12-09 21:00:00+01:00,1.7547915267312162
2021,CO2/CO/NOx,2021-12-09 22:00:00+01:00,1.6757877631556604
2021,CO2/CO/NOx,2021-12-09 23:00:00+01:00,1.6092294160278942
2021,CO2/CO/NOx,2021-12-10 00:00:00+01:00,1.546569688578824
2021,CO2/CO/NOx,2021-12-10 01:00:00+01:00,1.542730828439145
2021,CO2/CO/NOx,2021-12-10 02:00:00+01:00,1.6012767838797803
2021,CO2/CO/NOx,2021-12-10 03:00:00+01:00,1.7133719462893329
2021,CO2/CO/NOx,2021-12-10 04:00:00+01:00,1.8242321156325607
2021,CO2/CO/NOx,2021-12-10 05:00:00+01:00,1.9333045869847016
2021,CO2/CO/NOx,2021-12-10 06:00:00+01:00,2.0374316678404396
2021,CO2/CO/NOx,2021-12-10 07:00:00+01:00,2.1008713266780665
2021,CO2/CO/NOx,2021-12-10 08:00:00+01:00,2.1063022346151885
2021,CO2/CO/NOx,2021-12-10 09:00:00+01:00,2.048367021138587
2021,CO2/CO/NOx,2021-12-10 10:00:00+01:00,1.9934479948792712
2021,CO2/CO/NOx,2021-12-10 11:00:00+01:00,1.93844074268196
2021,CO2/CO/NOx,2021-12-10 12:00:00+01:00,1.8901458638024327
2021,CO2/CO/NOx,2021-12-10 13:00:00+01:00,1.8842283772224844
2021,CO2/CO/NOx,2021-12-10 14:00:00+01:00,1.9078836870665599
2021,CO2/CO/NOx,2021-12-10 15:00:00+01:00,1.9689301910797425
2021,CO2/CO/NOx,2021-12-10 16:00:00+01:00,2.0130788526449246
2021,CO2/CO/NOx,2021-12-10 17:00:00+01:00,2.038856974268939
2021,CO2/CO/NOx,2021-12-10 18:00:00+01:00,2.0361224305577457
2021,CO2/CO/NOx,2021-12-10 19:00:00+01:00,1.9698328840440649
2021,CO2/CO/NOx,2021-12-10 20:00:00+01:00,1.8661077537115984
2021,CO2/CO/NOx,2021-12-10 21:00:00+01:00,1.7450443795379373
2021,CO2/CO/NOx,2021-12-10 22:00:00+01:00,1.6323068768085798
2021,CO2/CO/NOx,2021-12-10 23:00:00+01:00,1.5347246199030133
2021,CO2/CO/NOx,2021-12-11 00:00:00+01:00,1.4509257927994383
2021,CO2/CO/NOx,2021-12-11 01:00:00+01:00,1.4172966756000804
2021,CO2/CO/NOx,2021-12-11 02:00:00+01:00,1.4469657688859812
2021,CO2/CO/NOx,2021-12-11 03:00:00+01:00,1.5141004737857557
2021,CO2/CO/NOx,2021-12-11 04:00:00+01:00,1.5796736573722072
2021,CO2/CO/NOx,2021-12-11 05:00:00+01:00,1.6440094933445686
2021,CO2/CO/NOx,2021-12-11 06:00:00+01:00,1.7042480391504722
2021,CO2/CO/NOx,2021-12-11 07:00:00+01:00,1.7457852242710379
2021,CO2/CO/NOx,2021-12-11 08:00:00+01:00,1.7600201645870157
2021,CO2/CO/NOx,2021-12-11 09:00:00+01:00,1.7451000722437982
2021,CO2/CO/NOx,2021-12-11 10:00:00+01:00,1.741966877265848
2021,CO2/CO/NOx,2021-12-11 11:00:00+01:00,1.735909588071206
2021,CO2/CO/NOx,2021-12-11 12:00:00+01:00,1.7259937893000445
2021,CO2/CO/NOx,2021-12-11 13:00:00+01:00,1.7246226497478663
2021,CO2/CO/NOx,2021-12-11 14:00:00+01:00,1.7317208540455633
2021,CO2/CO/NOx,2021-12-11 15:00:00+01:00,1.7514262892480013
2021,CO2/CO/NOx,2021-12-11 16:00:00+01:00,1.761449912365473
2021,CO2/CO/NOx,2021-12-11 17:00:00+01:00,1.7620042559225662
2021,CO2/CO/NOx,2021-12-11 18:00:00+01:00,1.7728570353949598
2021,CO2/CO/NOx,2021-12-11 19:00:00+01:00,1.7545225236510125
2021,CO2/CO/NOx,2021-12-11 20:00:00+01:00,1.719092213078076
2021,CO2/CO/NOx,2021-12-11 21:00:00+01:00,1.6615479523885115
2021,CO2/CO/NOx,2021-12-11 22:00:00+01:00,1.6009084255035337
2021,CO2/CO/NOx,2021-12-11 23:00:00+01:00,1.544121666405322
2021,CO2/CO/NOx,2021-12-12 00:00:00+01:00,1.4837286812951764
2021,CO2/CO/NOx,2021-12-12 01:00:00+01:00,1.4562942408289643
2021,CO2/CO/NOx,2021-12-12 02:00:00+01:00,1.4693364604332957
2021,CO2/CO/NOx,2021-12-12 03:00:00+01:00,1.520504847260573
2021,CO2/CO/NOx,2021-12-12 04:00:00+01:00,1.5768815445558555
2021,CO2/CO/NOx,2021-12-12 05:00:00+01:00,1.6485358977948044
2021,CO2/CO/NOx,2021-12-12 06:00:00+01:00,1.703375076691671
2021,CO2/CO/NOx,2021-12-12 07:00:00+01:00,1.7401599530729193
2021,CO2/CO/NOx,2021-12-12 08:00:00+01:00,1.742156456078397
2021,CO2/CO/NOx,2021-12-12 09:00:00+01:00,1.704481175246906
2021,CO2/CO/NOx,2021-12-12 10:00:00+01:00,1.6794536881682314
2021,CO2/CO/NOx,2021-12-12 11:00:00+01:00,1.64685354700365
2021,CO2/CO/NOx,2021-12-12 12:00:00+01:00,1.6091502390196097
2021,CO2/CO/NOx,2021-12-12 13:00:00+01:00,1.593309690140135
2021,CO2/CO/NOx,2021-12-12 14:00:00+01:00,1.5958411408408786
2021,CO2/CO/NOx,2021-12-12 15:00:00+01:00,1.612838872236607
2021,CO2/CO/NOx,2021-12-12 16:00:00+01:00,1.6340197883470409
2021,CO2/CO/NOx,2021-12-12 17:00:00+01:00,1.6439998346950868
2021,CO2/CO/NOx,2021-12-12 18:00:00+01:00,1.6601486414946043
2021,CO2/CO/NOx,2021-12-12 19:00:00+01:00,1.6490192556094894
2021,CO2/CO/NOx,2021-12-12 20:00:00+01:00,1.6068812169145983
2021,CO2/CO/NOx,2021-12-12 21:00:00+01:00,1.5532500493234047
2021,CO2/CO/NOx,2021-12-12 22:00:00+01:00,1.4984216704046391
2021,CO2/CO/NOx,2021-12-12 23:00:00+01:00,1.450532701015196
2021,CO2/CO/NOx,2021-12-13 00:00:00+01:00,1.4026716416179077
2021,CO2/CO/NOx,2021-12-13 01:00:00+01:00,1.3983875651582875
2021,CO2/CO/NOx,2021-12-13 02:00:00+01:00,1.4333792895568205
2021,CO2/CO/NOx,2021-12-13 03:00:00+01:00,1.5020453173156347
2021,CO2/CO/NOx,2021-12-13 04:00:00+01:00,1.567490344038229
2021,CO2/CO/NOx,2021-12-13 05:00:00+01:00,1.6331648843891202
2021,CO2/CO/NOx,2021-12-13 06:00:00+01:00,1.7046309614238175
2021,CO2/CO/NOx,2021-12-13 07:00:00+01:00,1.7355357895271983
2021,CO2/CO/NOx,2021-12-13 08:00:00+01:00,1.728558793301373
2021,CO2/CO/NOx,2021-12-13 09:00:00+01:00,1.6812997867792197
2021,CO2/CO/NOx,2021-12-13 10:00:00+01:00,1.6504234941018525
2021,CO2/CO/NOx,2021-12-13 11:00:00+01:00,1.6155503769313186
2021,CO2/CO/NOx,2021-12-13 12:00:00+01:00,1.5803934788874712
2021,CO2/CO/NOx,2021-12-13 13:00:00+01:00,1.5610537028217566
2021,CO2/CO/NOx,2021-12-13 14:00:00+01:00,1.5631208209219953
2021,CO2/CO/NOx,2021-12-13 15:00:00+01:00,1.5829511032286174
2021,CO2/CO/NOx,2021-12-13 16:00:00+01:00,1.5810217698599025
2021,CO2/CO/NOx,2021-12-13 17:00:00+01:00,1.5715342701520896
2021,CO2/CO/NOx,2021-12-13 18:00:00+01:00,1.5755096783927989
2021,CO2/CO/NOx,2021-12-13 19:00:00+01:00,1.5508262214667987
2021,CO2/CO/NOx,2021-12-13 20:00:00+01:00,1.5022689981384931
2021,CO2/CO/NOx,2021-12-13 21:00:00+01:00,1.4527826164278488
2021,CO2/CO/NOx,2021-12-13 22:00:00+01:00,1.4056243722005481
2021,CO2/CO/NOx,2021-12-13 23:00:00+01:00,1.37336456283716
2021,CO2/CO/NOx,2021-12-14 00:00:00+01:00,1.3386187655961772
2021,CO2/CO/NOx,2021-12-14 01:00:00+01:00,1.3516446371732393
2021,CO2/CO/NOx,2021-12-14 02:00:00+01:00,1.4079260439269654
2021,CO2/CO/NOx,2021-12-14 03:00:00+01:00,1.501683309677914
2021,CO2/CO/NOx,2021-12-14 04:00:00+01:00,1.5866673427271039
2021,CO2/CO/NOx,2021-12-14 05:00:00+01:00,1.677193180010883
2021,CO2/CO/NOx,2021-12-14 06:00:00+01:00,1.7687179053026758
2021,CO2/CO/NOx,2021-12-14 07:00:00+01:00,1.8053563345329207
2021,CO2/CO/NOx,2021-12-14 08:00:00+01:00,1.7945750060766197
2021,CO2/CO/NOx,2021-12-14 09:00:00+01:00,1.7379272602979048
2021,CO2/CO/NOx,2021-12-14 10:00:00+01:00,1.6898620659962862
2021,CO2/CO/NOx,2021-12-14 11:00:00+01:00,1.6360427604967211
2021,CO2/CO/NOx,2021-12-14 12:00:00+01:00,1.5884976344452462
2021,CO2/CO/NOx,2021-12-14 13:00:00+01:00,1.5709534839704955
2021,CO2/CO/NOx,2021-12-14 14:00:00+01:00,1.585899852695733
2021,CO2/CO/NOx,2021-12-14 15:00:00+01:00,1.6210967053295307
2021,CO2/CO/NOx,2021-12-14 16:00:00+01:00,1.636863437761586
2021,CO2/CO/NOx,2021-12-14 17:00:00+01:00,1.651742476123171
2021,CO2/CO/NOx,2021-12-14 18:00:00+01:00,1.6798549846720816
2021,CO2/CO/NOx,2021-12-14 19:00:00+01:00,1.6662039699123963
2021,CO2/CO/NOx,2021-12-14 20:00:00+01:00,1.623740571302795
2021,CO2/CO/NOx,2021-12-14 21:00:00+01:00,1.5538719653881878
2021,CO2/CO/NOx,2021-12-14 22:00:00+01:00,1.4835380149753536
2021,CO2/CO/NOx,2021-12-14 23:00:00+01:00,1.4160141822728973
2021,CO2/CO/NOx,2021-12-15 00:00:00+01:00,1.3457439913210787
2021,CO2/CO/NOx,2021-12-15 01:00:00+01:00,1.329149338601355
2021,CO2/CO/NOx,2021-12-15 02:00:00+01:00,1.3676326004724864
2021,CO2/CO/NOx,2021-12-15 03:00:00+01:00,1.4524958742727514
2021,CO2/CO/NOx,2021-12-15 04:00:00+01:00,1.5350851676084538
2021,CO2/CO/NOx,2021-12-15 05:00:00+01:00,1.6227662195728216
2021,CO2/CO/NOx,2021-12-15 06:00:00+01:00,1.7032011505433573
2021,CO2/CO/NOx,2021-12-15 07:00:00+01:00,1.754329354056623
2021,CO2/CO/NOx,2021-12-15 08:00:00+01:00,1.7557968269751696
2021,CO2/CO/NOx,2021-12-15 09:00:00+01:00,1.7114504267240103
2021,CO2/CO/NOx,2021-12-15 10:00:00+01:00,1.6752984062628773
2021,CO2/CO/NOx,2021-12-15 11:00:00+01:00,1.6277047445235542
2021,CO2/CO/NOx,2021-12-15 12:00:00+01:00,1.5710034575010272
2021,CO2/CO/NOx,2021-12-15 13:00:00+01:00,1.5387141434257168
2021,CO2/CO/NOx,2021-12-15 14:00:00+01:00,1.5356888212664492
2021,CO2/CO/NOx,2021-12-15 15:00:00+01:00,1.5659293699181125
2021,CO2/CO/NOx,2021-12-15 16:00:00+01:00,1.5934731883814066
2021,CO2/CO/NOx,2021-12-15 17:00:00+01:00,1.6142660216042217
2021,CO2/CO/NOx,2021-12-15 18:00:00+01:00,1.651681769120576
2021,CO2/CO/NOx,2021-12-15 19:00:00+01:00,1.6462984540316725
2021,CO2/CO/NOx,2021-12-15 20:00:00+01:00,1.605165721236027
2021,CO2/CO/NOx,2021-12-15 21:00:00+01:00,1.5357183145799513
2021,CO2/CO/NOx,2021-12-15 22:00:00+01:00,1.467182993633075
2021,CO2/CO/NOx,2021-12-15 23:00:00+01:00,1.4107049204193074
2021,CO2/CO/NOx,2021-12-16 00:00:00+01:00,1.3489969110579578
2021,CO2/CO/NOx,2021-12-16 01:00:00+01:00,1.3324602674429438
2021,CO2/CO/NOx,2021-12-16 02:00:00+01:00,1.365545007008746
2021,CO2/CO/NOx,2021-12-16 03:00:00+01:00,1.4429347410931148
2021,CO2/CO/NOx,2021-12-16 04:00:00+01:00,1.512947120136416
2021,CO2/CO/NOx,2021-12-16 05:00:00+01:00,1.5861624597847472
2021,CO2/CO/NOx,2021-12-16 06:00:00+01:00,1.6603050774128674
2021,CO2/CO/NOx,2021-12-16 07:00:00+01:00,1.712574554104545
2021,CO2/CO/NOx,2021-12-16 08:00:00+01:00,1.729215528310546
2021,CO2/CO/NOx,2021-12-16 09:00:00+01:00,1.6995423765314457
2021,CO2/CO/NOx,2021-12-16 10:00:00+01:00,1.676268325166463
2021,CO2/CO/NOx,2021-12-16 11:00:00+01:00,1.6402266431907377
2021,CO2/CO/NOx,2021-12-16 12:00:00+01:00,1.5928413102873147
2021,CO2/CO/NOx,2021-12-16 13:00:00+01:00,1.5721305382788553
2021,CO2/CO/NOx,2021-12-16 14:00:00+01:00,1.576779757082511
2021,CO2/CO/NOx,2021-12-16 15:00:00+01:00,1.6133612395866899
2021,CO2/CO/NOx,2021-12-16 16:00:00+01:00,1.6436031003544498
2021,CO2/CO/NOx,2021-12-16 17:00:00+01:00,1.6672600905375166
2021,CO2/CO/NOx,2021-12-16 18:00:00+01:00,1.7069851259106574
2021,CO2/CO/NOx,2021-12-16 19:00:00+01:00,1.6984883352228313
2021,CO2/CO/NOx,2021-12-16 20:00:00+01:00,1.6432713806385755
2021,CO2/CO/NOx,2021-12-16 21:00:00+01:00,1.5663763233305619
2021,CO2/CO/NOx,2021-12-16 22:00:00+01:00,1.5008064049609107
2021,CO2/CO/NOx,2021-12-16 23:00:00+01:00,1.4468815327024702
2021,CO2/CO/NOx,2021-12-17 00:00:00+01:00,1.3941710749926373
2021,CO2/CO/NOx,2021-12-17 01:00:00+01:00,1.3851624098692819
2021,CO2/CO/NOx,2021-12-17 02:00:00+01:00,1.4257014829585941
2021,CO2/CO/NOx,2021-12-17 03:00:00+01:00,1.5004415386673122
2021,CO2/CO/NOx,2021-12-17 04:00:00+01:00,1.569357612307092
2021,CO2/CO/NOx,2021-12-17 05:00:00+01:00,1.631826120629226
2021,CO2/CO/NOx,2021-12-17 06:00:00+01:00,1.6959938793800797
2021,CO2/CO/NOx,2021-12-17 07:00:00+01:00,1.7316108790352691
2021,CO2/CO/NOx,2021-12-17 08:00:00+01:00,1.7288981840410906
2021,CO2/CO/NOx,2021-12-17 09:00:00+01:00,1.6850481297422373
2021,CO2/CO/NOx,2021-12-17 10:00:00+01:00,1.657453106608694
2021,CO2/CO/NOx,2021-12-17 11:00:00+01:00,1.6257097882352904
2021,CO2/CO/NOx,2021-12-17 12:00:00+01:00,1.5773343197471978
2021,CO2/CO/NOx,2021-12-17 13:00:00+01:00,1.5616702147750647
2021,CO2/CO/NOx,2021-12-17 14:00:00+01:00,1.5710221041039658
2021,CO2/CO/NOx,2021-12-17 15:00:00+01:00,1.6182340835707938
2021,CO2/CO/NOx,2021-12-17 16:00:00+01:00,1.6443604175681983
2021,CO2/CO/NOx,2021-12-17 17:00:00+01:00,1.6636843032786681
2021,CO2/CO/NOx,2021-12-17 18:00:00+01:00,1.703343597269353
2021,CO2/CO/NOx,2021-12-17 19:00:00+01:00,1.7036845366010176
2021,CO2/CO/NOx,2021-12-17 20:00:00+01:00,1.6616037732599394
2021,CO2/CO/NOx,2021-12-17 21:00:00+01:00,1.5942307099099426
2021,CO2/CO/NOx,2021-12-17 22:00:00+01:00,1.5282614199003042
2021,CO2/CO/NOx,2021-12-17 23:00:00+01:00,1.4810897730850243
2021,CO2/CO/NOx,2021-12-18 00:00:00+01:00,1.4363180181564805
2021,CO2/CO/NOx,2021-12-18 01:00:00+01:00,1.416122315318675
2021,CO2/CO/NOx,2021-12-18 02:00:00+01:00,1.4517795311682689
2021,CO2/CO/NOx,2021-12-18 03:00:00+01:00,1.537671688141772
2021,CO2/CO/NOx,2021-12-18 04:00:00+01:00,1.6119445058588076
2021,CO2/CO/NOx,2021-12-18 05:00:00+01:00,1.684715257740724
2021,CO2/CO/NOx,2021-12-18 06:00:00+01:00,1.7644899921596788
2021,CO2/CO/NOx,2021-12-18 07:00:00+01:00,1.8125717872002503
2021,CO2/CO/NOx,2021-12-18 08:00:00+01:00,1.822817818715303
2021,CO2/CO/NOx,2021-12-18 09:00:00+01:00,1.7870152049797203
2021,CO2/CO/NOx,2021-12-18 10:00:00+01:00,1.7594612970587304
2021,CO2/CO/NOx,2021-12-18 11:00:00+01:00,1.7317729843802765
2021,CO2/CO/NOx,2021-12-18 12:00:00+01:00,1.7011478878126314
2021,CO2/CO/NOx,2021-12-18 13:00:00+01:00,1.6822500011683754
2021,CO2/CO/NOx,2021-12-18 14:00:00+01:00,1.6894529083019332
2021,CO2/CO/NOx,2021-12-18 15:00:00+01:00,1.7194016444637266
2021,CO2/CO/NOx,2021-12-18 16:00:00+01:00,1.746442812723517
2021,CO2/CO/NOx,2021-12-18 17:00:00+01:00,1.7704988556568009
2021,CO2/CO/NOx,2021-12-18 18:00:00+01:00,1.8132433351370483
2021,CO2/CO/NOx,2021-12-18 19:00:00+01:00,1.8295739554349661
2021,CO2/CO/NOx,2021-12-18 20:00:00+01:00,1.8192909683149443
2021,CO2/CO/NOx,2021-12-18 21:00:00+01:00,1.7850558847864626
2021,CO2/CO/NOx,2021-12-18 22:00:00+01:00,1.7346147583635947
2021,CO2/CO/NOx,2021-12-18 23:00:00+01:00,1.693028333975852
2021,CO2/CO/NOx,2021-12-19 00:00:00+01:00,1.6386506305141517
2021,CO2/CO/NOx,2021-12-19 01:00:00+01:00,1.6199200236791371
2021,CO2/CO/NOx,2021-12-19 02:00:00+01:00,1.6440871942244022
2021,CO2/CO/NOx,2021-12-19 03:00:00+01:00,1.707227519171603
2021,CO2/CO/NOx,2021-12-19 04:00:00+01:00,1.7671010338129993
2021,CO2/CO/NOx,2021-12-19 05:00:00+01:00,1.8315693538242765
2021,CO2/CO/NOx,2021-12-19 06:00:00+01:00,1.8841787639480418
2021,CO2/CO/NOx,2021-12-19 07:00:00+01:00,1.930133032001305
2021,CO2/CO/NOx,2021-12-19 08:00:00+01:00,1.9646779887041048
2021,CO2/CO/NOx,2021-12-19 09:00:00+01:00,1.9580118575624421
2021,CO2/CO/NOx,2021-12-19 10:00:00+01:00,1.9347503083380537
2021,CO2/CO/NOx,2021-12-19 11:00:00+01:00,1.9035890914674212
2021,CO2/CO/NOx,2021-12-19 12:00:00+01:00,1.8672888850346585
2021,CO2/CO/NOx,2021-12-19 13:00:00+01:00,1.8405497601070244
2021,CO2/CO/NOx,2021-12-19 14:00:00+01:00,1.830362856717764
2021,CO2/CO/NOx,2021-12-19 15:00:00+01:00,1.8584619362061472
2021,CO2/CO/NOx,2021-12-19 16:00:00+01:00,1.8988533286855793
2021,CO2/CO/NOx,2021-12-19 17:00:00+01:00,1.9504264097318251
2021,CO2/CO/NOx,2021-12-19 18:00:00+01:00,1.9927974088667428
2021,CO2/CO/NOx,2021-12-19 19:00:00+01:00,1.963448963120966
2021,CO2/CO/NOx,2021-12-19 20:00:00+01:00,1.9076222436150336
2021,CO2/CO/NOx,2021-12-19 21:00:00+01:00,1.8341275323518242
2021,CO2/CO/NOx,2021-12-19 22:00:00+01:00,1.7465383870355127
2021,CO2/CO/NOx,2021-12-19 23:00:00+01:00,1.6688843742083679
2021,CO2/CO/NOx,2021-12-20 00:00:00+01:00,1.5975254969099375
2021,CO2/CO/NOx,2021-12-20 01:00:00+01:00,1.5715979666731863
2021,CO2/CO/NOx,2021-12-20 02:00:00+01:00,1.609446926566041
2021,CO2/CO/NOx,2021-12-20 03:00:00+01:00,1.682215288614012
2021,CO2/CO/NOx,2021-12-20 04:00:00+01:00,1.7486851240762344
2021,CO2/CO/NOx,2021-12-20 05:00:00+01:00,1.8327762460487345
2021,CO2/CO/NOx,2021-12-20 06:00:00+01:00,1.9298818177644537
2021,CO2/CO/NOx,2021-12-20 07:00:00+01:00,1.98345905621325
2021,CO2/CO/NOx,2021-12-20 08:00:00+01:00,1.9858468585601339
2021,CO2/CO/NOx,2021-12-20 09:00:00+01:00,1.9321154342872808
2021,CO2/CO/NOx,2021-12-20 10:00:00+01:00,1.8922069739272631
2021,CO2/CO/NOx,2021-12-20 11:00:00+01:00,1.8395007975570485
2021,CO2/CO/NOx,2021-12-20 12:00:00+01:00,1.784921093855355
2021,CO2/CO/NOx,2021-12-20 13:00:00+01:00,1.755759883832541
2021,CO2/CO/NOx,2021-12-20 14:00:00+01:00,1.763948411391826
2021,CO2/CO/NOx,2021-12-20 15:00:00+01:00,1.831405948727035
2021,CO2/CO/NOx,2021-12-20 16:00:00+01:00,1.8878774084262395
2021,CO2/CO/NOx,2021-12-20 17:00:00+01:00,1.9400919190827204
2021,CO2/CO/NOx,2021-12-20 18:00:00+01:00,1.9974257704559883
2021,CO2/CO/NOx,2021-12-20 19:00:00+01:00,2.005193244261353
2021,CO2/CO/NOx,2021-12-20 20:00:00+01:00,1.9712192796692976
2021,CO2/CO/NOx,2021-12-20 21:00:00+01:00,1.9022190996384798
2021,CO2/CO/NOx,2021-12-20 22:00:00+01:00,1.8292307923804194
2021,CO2/CO/NOx,2021-12-20 23:00:00+01:00,1.7677988608637185
2021,CO2/CO/NOx,2021-12-21 00:00:00+01:00,1.715199811836145
2021,CO2/CO/NOx,2021-12-21 01:00:00+01:00,1.7090386022865796
2021,CO2/CO/NOx,2021-12-21 02:00:00+01:00,1.7541106732072487
2021,CO2/CO/NOx,2021-12-21 03:00:00+01:00,1.8443786488875231
2021,CO2/CO/NOx,2021-12-21 04:00:00+01:00,1.9512341916734368
2021,CO2/CO/NOx,2021-12-21 05:00:00+01:00,2.0564176235916722
2021,CO2/CO/NOx,2021-12-21 06:00:00+01:00,2.142836115845904
2021,CO2/CO/NOx,2021-12-21 07:00:00+01:00,2.2038201461289457
2021,CO2/CO/NOx,2021-12-21 08:00:00+01:00,2.219374574576397
2021,CO2/CO/NOx,2021-12-21 09:00:00+01:00,2.2050215508173965
2021,CO2/CO/NOx,2021-12-21 10:00:00+01:00,2.190585143740836
2021,CO2/CO/NOx,2021-12-21 11:00:00+01:00,2.156356552726618
2021,CO2/CO/NOx,2021-12-21 12:00:00+01:00,2.1227562632300625
2021,CO2/CO/NOx,2021-12-21 13:00:00+01:00,2.1266091342013045
2021,CO2/CO/NOx,2021-12-21 14:00:00+01:00,2.1252452499594465
2021,CO2/CO/NOx,2021-12-21 15:00:00+01:00,2.1558611007311175
2021,CO2/CO/NOx,2021-12-21 16:00:00+01:00,2.18245221695729
2021,CO2/CO/NOx,2021-12-21 17:00:00+01:00,2.2051045230958817
2021,CO2/CO/NOx,2021-12-21 18:00:00+01:00,2.2731707577487614
2021,CO2/CO/NOx,2021-12-21 19:00:00+01:00,2.272529090398793
2021,CO2/CO/NOx,2021-12-21 20:00:00+01:00,2.23153661326789
2021,CO2/CO/NOx,2021-12-21 21:00:00+01:00,2.1672775130846915
2021,CO2/CO/NOx,2021-12-21 22:00:00+01:00,2.088271302429712
2021,CO2/CO/NOx,2021-12-21 23:00:00+01:00,1.9901606244343895
2021,CO2/CO/NOx,2021-12-22 00:00:00+01:00,1.8836519866512023
2021,CO2/CO/NOx,2021-12-22 01:00:00+01:00,1.819557691216513
2021,CO2/CO/NOx,2021-12-22 02:00:00+01:00,1.8296075019388345
2021,CO2/CO/NOx,2021-12-22 03:00:00+01:00,1.919687548956654
2021,CO2/CO/NOx,2021-12-22 04:00:00+01:00,2.0174267053839494
2021,CO2/CO/NOx,2021-12-22 05:00:00+01:00,2.125525705295519
2021,CO2/CO/NOx,2021-12-22 06:00:00+01:00,2.227410762608482
2021,CO2/CO/NOx,2021-12-22 07:00:00+01:00,2.2789479782153963
2021,CO2/CO/NOx,2021-12-22 08:00:00+01:00,2.282590940503042
2021,CO2/CO/NOx,2021-12-22 09:00:00+01:00,2.229173065355753
2021,CO2/CO/NOx,2021-12-22 10:00:00+01:00,2.1867738502467935
2021,CO2/CO/NOx,2021-12-22 11:00:00+01:00,2.1592830959693954
2021,CO2/CO/NOx,2021-12-22 12:00:00+01:00,2.1279826869730187
2021,CO2/CO/NOx,2021-12-22 13:00:00+01:00,2.14376597003969
2021,CO2/CO/NOx,2021-12-22 14:00:00+01:00,2.176587571546201
2021,CO2/CO/NOx,2021-12-22 15:00:00+01:00,2.2456886626021393
2021,CO2/CO/NOx,2021-12-22 16:00:00+01:00,2.2714249068707733
2021,CO2/CO/NOx,2021-12-22 17:00:00+01:00,2.281226736667926
2021,CO2/CO/NOx,2021-12-22 18:00:00+01:00,2.2939619126460165
2021,CO2/CO/NOx,2021-12-22 19:00:00+01:00,2.2490637175882293
2021,CO2/CO/NOx,2021-12-22 20:00:00+01:00,2.181429084788379
2021,CO2/CO/NOx,2021-12-22 21:00:00+01:00,2.0833807714352974
2021,CO2/CO/NOx,2021-12-22 22:00:00+01:00,2.005187632251361
2021,CO2/CO/NOx,2021-12-22 23:00:00+01:00,1.9535095460891156
2021,CO2/CO/NOx,2021-12-23 00:00:00+01:00,1.9083035173236158
2021,CO2/CO/NOx,2021-12-23 01:00:00+01:00,1.8780992638409197
2021,CO2/CO/NOx,2021-12-23 02:00:00+01:00,1.9189617408516937
2021,CO2/CO/NOx,2021-12-23 03:00:00+01:00,2.006205588498919
2021,CO2/CO/NOx,2021-12-23 04:00:00+01:00,2.100332536179349
2021,CO2/CO/NOx,2021-12-23 05:00:00+01:00,2.208257754709425
2021,CO2/CO/NOx,2021-12-23 06:00:00+01:00,2.3038237950362013
2021,CO2/CO/NOx,2021-12-23 07:00:00+01:00,2.3560486398403415
2021,CO2/CO/NOx,2021-12-23 08:00:00+01:00,2.34534954141366
2021,CO2/CO/NOx,2021-12-23 09:00:00+01:00,2.246672025599546
2021,CO2/CO/NOx,2021-12-23 10:00:00+01:00,2.1455307386336493
2021,CO2/CO/NOx,2021-12-23 11:00:00+01:00,2.0625246927306646
2021,CO2/CO/NOx,2021-12-23 12:00:00+01:00,1.9828371351483414
2021,CO2/CO/NOx,2021-12-23 13:00:00+01:00,1.9550431604148788
2021,CO2/CO/NOx,2021-12-23 14:00:00+01:00,1.9491379897416004
2021,CO2/CO/NOx,2021-12-23 15:00:00+01:00,1.9800138745263753
2021,CO2/CO/NOx,2021-12-23 16:00:00+01:00,1.9890396809279467
2021,CO2/CO/NOx,2021-12-23 17:00:00+01:00,1.9492448390851085
2021,CO2/CO/NOx,2021-12-23 18:00:00+01:00,1.9002860939788457
2021,CO2/CO/NOx,2021-12-23 19:00:00+01:00,1.7987583252359853
2021,CO2/CO/NOx,2021-12-23 20:00:00+01:00,1.6768222582313324
2021,CO2/CO/NOx,2021-12-23 21:00:00+01:00,1.5417362540565092
2021,CO2/CO/NOx,2021-12-23 22:00:00+01:00,1.418389613228871
2021,CO2/CO/NOx,2021-12-23 23:00:00+01:00,1.3129953742768792
2021,CO2/CO/NOx,2021-12-24 00:00:00+01:00,1.2406554561723586
2021,CO2/CO/NOx,2021-12-24 01:00:00+01:00,1.2027200751806921
2021,CO2/CO/NOx,2021-12-24 02:00:00+01:00,1.2044905346261316
2021,CO2/CO/NOx,2021-12-24 03:00:00+01:00,1.2607212605767084
2021,CO2/CO/NOx,2021-12-24 04:00:00+01:00,1.3135908337944442
2021,CO2/CO/NOx,2021-12-24 05:00:00+01:00,1.3631340917945807
2021,CO2/CO/NOx,2021-12-24 06:00:00+01:00,1.405284439058902
2021,CO2/CO/NOx,2021-12-24 07:00:00+01:00,1.4186999458438356
2021,CO2/CO/NOx,2021-12-24 08:00:00+01:00,1.4064690922981458
2021,CO2/CO/NOx,2021-12-24 09:00:00+01:00,1.3758711653025613
2021,CO2/CO/NOx,2021-12-24 10:00:00+01:00,1.3534306058926853
2021,CO2/CO/NOx,2021-12-24 11:00:00+01:00,1.3250210848398127
2021,CO2/CO/NOx,2021-12-24 12:00:00+01:00,1.2863134115489376
2021,CO2/CO/NOx,2021-12-24 13:00:00+01:00,1.2850963460897435
2021,CO2/CO/NOx,2021-12-24 14:00:00+01:00,1.289300854815505
2021,CO2/CO/NOx,2021-12-24 15:00:00+01:00,1.3158640517216396
2021,CO2/CO/NOx,2021-12-24 16:00:00+01:00,1.3239685469699367
2021,CO2/CO/NOx,2021-12-24 17:00:00+01:00,1.3277046352808304
2021,CO2/CO/NOx,2021-12-24 18:00:00+01:00,1.3465623317222573
2021,CO2/CO/NOx,2021-12-24 19:00:00+01:00,1.330425942628106
2021,CO2/CO/NOx,2021-12-24 20:00:00+01:00,1.2816527977530294
2021,CO2/CO/NOx,2021-12-24 21:00:00+01:00,1.2131091394913054
2021,CO2/CO/NOx,2021-12-24 22:00:00+01:00,1.1596702469552786
2021,CO2/CO/NOx,2021-12-24 23:00:00+01:00,1.1145588351673903
2021,CO2/CO/NOx,2021-12-25 00:00:00+01:00,1.0771496441689132
2021,CO2/CO/NOx,2021-12-25 01:00:00+01:00,1.0615524125661393
2021,CO2/CO/NOx,2021-12-25 02:00:00+01:00,1.0737936381617652
2021,CO2/CO/NOx,2021-12-25 03:00:00+01:00,1.117717970024421
2021,CO2/CO/NOx,2021-12-25 04:00:00+01:00,1.1540548221686289
2021,CO2/CO/NOx,2021-12-25 05:00:00+01:00,1.1957851377080777
2021,CO2/CO/NOx,2021-12-25 06:00:00+01:00,1.2273492562500634
2021,CO2/CO/NOx,2021-12-25 07:00:00+01:00,1.2381920394876726
2021,CO2/CO/NOx,2021-12-25 08:00:00+01:00,1.223918055517059
2021,CO2/CO/NOx,2021-12-25 09:00:00+01:00,1.189270230409368
2021,CO2/CO/NOx,2021-12-25 10:00:00+01:00,1.163974843143289
2021,CO2/CO/NOx,2021-12-25 11:00:00+01:00,1.1428305137473036
2021,CO2/CO/NOx,2021-12-25 12:00:00+01:00,1.1285443649951978
2021,CO2/CO/NOx,2021-12-25 13:00:00+01:00,1.1369240323051633
2021,CO2/CO/NOx,2021-12-25 14:00:00+01:00,1.1657896756320705
2021,CO2/CO/NOx,2021-12-25 15:00:00+01:00,1.2033481564270507
2021,CO2/CO/NOx,2021-12-25 16:00:00+01:00,1.2302734164381361
2021,CO2/CO/NOx,2021-12-25 17:00:00+01:00,1.2604212398710317
2021,CO2/CO/NOx,2021-12-25 18:00:00+01:00,1.3006039923706771
2021,CO2/CO/NOx,2021-12-25 19:00:00+01:00,1.3216680981648612
2021,CO2/CO/NOx,2021-12-25 20:00:00+01:00,1.3254243270682813
2021,CO2/CO/NOx,2021-12-25 21:00:00+01:00,1.3140334246610867
2021,CO2/CO/NOx,2021-12-25 22:00:00+01:00,1.3007472933342334
2021,CO2/CO/NOx,2021-12-25 23:00:00+01:00,1.2893533470195158
2021,CO2/CO/NOx,2021-12-26 00:00:00+01:00,1.2629163574595537
2021,CO2/CO/NOx,2021-12-26 01:00:00+01:00,1.246750896614931
2021,CO2/CO/NOx,2021-12-26 02:00:00+01:00,1.2744768438064846
2021,CO2/CO/NOx,2021-12-26 03:00:00+01:00,1.3319380405591312
2021,CO2/CO/NOx,2021-12-26 04:00:00+01:00,1.3858337728280565
2021,CO2/CO/NOx,2021-12-26 05:00:00+01:00,1.4427675019531867
2021,CO2/CO/NOx,2021-12-26 06:00:00+01:00,1.498626808182029
2021,CO2/CO/NOx,2021-12-26 07:00:00+01:00,1.5385183208040294
2021,CO2/CO/NOx,2021-12-26 08:00:00+01:00,1.5561651555290013
2021,CO2/CO/NOx,2021-12-26 09:00:00+01:00,1.537590504301683
2021,CO2/CO/NOx,2021-12-26 10:00:00+01:00,1.5190470395335411
2021,CO2/CO/NOx,2021-12-26 11:00:00+01:00,1.5118197625845118
2021,CO2/CO/NOx,2021-12-26 12:00:00+01:00,1.5059218011343625
2021,CO2/CO/NOx,2021-12-26 13:00:00+01:00,1.5031239479583731
2021,CO2/CO/NOx,2021-12-26 14:00:00+01:00,1.5093314506258704
2021,CO2/CO/NOx,2021-12-26 15:00:00+01:00,1.5272660215431781
2021,CO2/CO/NOx,2021-12-26 16:00:00+01:00,1.5412976671074516
2021,CO2/CO/NOx,2021-12-26 17:00:00+01:00,1.554866800294516
2021,CO2/CO/NOx,2021-12-26 18:00:00+01:00,1.5678951609021408
2021,CO2/CO/NOx,2021-12-26 19:00:00+01:00,1.5587041506440504
2021,CO2/CO/NOx,2021-12-26 20:00:00+01:00,1.5362131823443297
2021,CO2/CO/NOx,2021-12-26 21:00:00+01:00,1.5013287743096195
2021,CO2/CO/NOx,2021-12-26 22:00:00+01:00,1.4560671611351739
2021,CO2/CO/NOx,2021-12-26 23:00:00+01:00,1.4064001508826094
2021,CO2/CO/NOx,2021-12-27 00:00:00+01:00,1.3506418382855012
2021,CO2/CO/NOx,2021-12-27 01:00:00+01:00,1.3313884092421377
2021,CO2/CO/NOx,2021-12-27 02:00:00+01:00,1.353145885192954
2021,CO2/CO/NOx,2021-12-27 03:00:00+01:00,1.4029404110294468
2021,CO2/CO/NOx,2021-12-27 04:00:00+01:00,1.4635800227762594
2021,CO2/CO/NOx,2021-12-27 05:00:00+01:00,1.5415924565190045
2021,CO2/CO/NOx,2021-12-27 06:00:00+01:00,1.62863082639333
2021,CO2/CO/NOx,2021-12-27 07:00:00+01:00,1.6765300181396687
2021,CO2/CO/NOx,2021-12-27 08:00:00+01:00,1.6773022220103457
2021,CO2/CO/NOx,2021-12-27 09:00:00+01:00,1.61042933123493
2021,CO2/CO/NOx,2021-12-27 10:00:00+01:00,1.5280211618696913
2021,CO2/CO/NOx,2021-12-27 11:00:00+01:00,1.4086855817189516
2021,CO2/CO/NOx,2021-12-27 12:00:00+01:00,1.3125297414409824
2021,CO2/CO/NOx,2021-12-27 13:00:00+01:00,1.2846180877261508
2021,CO2/CO/NOx,2021-12-27 14:00:00+01:00,1.325663570874357
2021,CO2/CO/NOx,2021-12-27 15:00:00+01:00,1.4221733018649905
2021,CO2/CO/NOx,2021-12-27 16:00:00+01:00,1.5209602068322567
2021,CO2/CO/NOx,2021-12-27 17:00:00+01:00,1.6118936734129161
2021,CO2/CO/NOx,2021-12-27 18:00:00+01:00,1.6906582684929174
2021,CO2/CO/NOx,2021-12-27 19:00:00+01:00,1.6941402142397846
2021,CO2/CO/NOx,2021-12-27 20:00:00+01:00,1.6010256913882714
2021,CO2/CO/NOx,2021-12-27 21:00:00+01:00,1.495508179291304
2021,CO2/CO/NOx,2021-12-27 22:00:00+01:00,1.3831076330552685
2021,CO2/CO/NOx,2021-12-27 23:00:00+01:00,1.2769067376782457
2021,CO2/CO/NOx,2021-12-28 00:00:00+01:00,1.1761712886552926
2021,CO2/CO/NOx,2021-12-28 01:00:00+01:00,1.145341891958797
2021,CO2/CO/NOx,2021-12-28 02:00:00+01:00,1.1962856120096035
2021,CO2/CO/NOx,2021-12-28 03:00:00+01:00,1.3216427635491101
2021,CO2/CO/NOx,2021-12-28 04:00:00+01:00,1.4446009549640877
2021,CO2/CO/NOx,2021-12-28 05:00:00+01:00,1.54381481191355
2021,CO2/CO/NOx,2021-12-28 06:00:00+01:00,1.6326812441252148
2021,CO2/CO/NOx,2021-12-28 07:00:00+01:00,1.6668694277052072
2021,CO2/CO/NOx,2021-12-28 08:00:00+01:00,1.6440827579643018
2021,CO2/CO/NOx,2021-12-28 09:00:00+01:00,1.5590691682767654
2021,CO2/CO/NOx,2021-12-28 10:00:00+01:00,1.4933809025020284
2021,CO2/CO/NOx,2021-12-28 11:00:00+01:00,1.418024524296639
2021,CO2/CO/NOx,2021-12-28 12:00:00+01:00,1.3337341010189891
2021,CO2/CO/NOx,2021-12-28 13:00:00+01:00,1.2765375645549777
2021,CO2/CO/NOx,2021-12-28 14:00:00+01:00,1.2412304270674648
2021,CO2/CO/NOx,2021-12-28 15:00:00+01:00,1.237002366935384
2021,CO2/CO/NOx,2021-12-28 16:00:00+01:00,1.2537645512654596
2021,CO2/CO/NOx,2021-12-28 17:00:00+01:00,1.3029690324466534
2021,CO2/CO/NOx,2021-12-28 18:00:00+01:00,1.3627630812220286
2021,CO2/CO/NOx,2021-12-28 19:00:00+01:00,1.3932182867299936
2021,CO2/CO/NOx,2021-12-28 20:00:00+01:00,1.377477059879369
2021,CO2/CO/NOx,2021-12-28 21:00:00+01:00,1.3228372821765177
2021,CO2/CO/NOx,2021-12-28 22:00:00+01:00,1.2480304999886453
2021,CO2/CO/NOx,2021-12-28 23:00:00+01:00,1.1581891237201214
2021,CO2/CO/NOx,2021-12-29 00:00:00+01:00,1.045804669709882
2021,CO2/CO/NOx,2021-12-29 01:00:00+01:00,0.9951155578808317
2021,CO2/CO/NOx,2021-12-29 02:00:00+01:00,1.0083616416692605
2021,CO2/CO/NOx,2021-12-29 03:00:00+01:00,1.061997158300084
2021,CO2/CO/NOx,2021-12-29 04:00:00+01:00,1.126358315429374
2021,CO2/CO/NOx,2021-12-29 05:00:00+01:00,1.2137711760078524
2021,CO2/CO/NOx,2021-12-29 06:00:00+01:00,1.30395214511997
2021,CO2/CO/NOx,2021-12-29 07:00:00+01:00,1.3555916687568024
2021,CO2/CO/NOx,2021-12-29 08:00:00+01:00,1.3611170102546235
2021,CO2/CO/NOx,2021-12-29 09:00:00+01:00,1.3113113617032324
2021,CO2/CO/NOx,2021-12-29 10:00:00+01:00,1.269692690143607
2021,CO2/CO/NOx,2021-12-29 11:00:00+01:00,1.2212662389034057
2021,CO2/CO/NOx,2021-12-29 12:00:00+01:00,1.175321529454549
2021,CO2/CO/NOx,2021-12-29 13:00:00+01:00,1.163138628066094
2021,CO2/CO/NOx,2021-12-29 14:00:00+01:00,1.1764352698203102
2021,CO2/CO/NOx,2021-12-29 15:00:00+01:00,1.2184992818534168
2021,CO2/CO/NOx,2021-12-29 16:00:00+01:00,1.2369438993758943
2021,CO2/CO/NOx,2021-12-29 17:00:00+01:00,1.2542711758373224
2021,CO2/CO/NOx,2021-12-29 18:00:00+01:00,1.2842571310483513
2021,CO2/CO/NOx,2021-12-29 19:00:00+01:00,1.2781210181368956
2021,CO2/CO/NOx,2021-12-29 20:00:00+01:00,1.2405733882868433
2021,CO2/CO/NOx,2021-12-29 21:00:00+01:00,1.1795652294196943
2021,CO2/CO/NOx,2021-12-29 22:00:00+01:00,1.1179722175092188
2021,CO2/CO/NOx,2021-12-29 23:00:00+01:00,1.0538933542201538
2021,CO2/CO/NOx,2021-12-30 00:00:00+01:00,0.9892890071341259
2021,CO2/CO/NOx,2021-12-30 01:00:00+01:00,0.9493503132628286
2021,CO2/CO/NOx,2021-12-30 02:00:00+01:00,0.9599281086404434
2021,CO2/CO/NOx,2021-12-30 03:00:00+01:00,1.0065118054692932
2021,CO2/CO/NOx,2021-12-30 04:00:00+01:00,1.0490343570571123
2021,CO2/CO/NOx,2021-12-30 05:00:00+01:00,1.0952981817317122
2021,CO2/CO/NOx,2021-12-30 06:00:00+01:00,1.1501233159469524
2021,CO2/CO/NOx,2021-12-30 07:00:00+01:00,1.1862693610680326
2021,CO2/CO/NOx,2021-12-30 08:00:00+01:00,1.184775447478073
2021,CO2/CO/NOx,2021-12-30 09:00:00+01:00,1.1437198894949223
2021,CO2/CO/NOx,2021-12-30 10:00:00+01:00,1.1091360664218246
2021,CO2/CO/NOx,2021-12-30 11:00:00+01:00,1.0542714374313225
2021,CO2/CO/NOx,2021-12-30 12:00:00+01:00,0.9904732615545229
2021,CO2/CO/NOx,2021-12-30 13:00:00+01:00,0.9547155749256812
2021,CO2/CO/NOx,2021-12-30 14:00:00+01:00,0.9423889897898154
2021,CO2/CO/NOx,2021-12-30 15:00:00+01:00,0.9590009613452523
2021,CO2/CO/NOx,2021-12-30 16:00:00+01:00,0.9815601848063792
2021,CO2/CO/NOx,2021-12-30 17:00:00+01:00,0.9919188020358278
2021,CO2/CO/NOx,2021-12-30 18:00:00+01:00,1.0027301754280726
2021,CO2/CO/NOx,2021-12-30 19:00:00+01:00,0.9873068903974107
2021,CO2/CO/NOx,2021-12-30 20:00:00+01:00,0.9337065197301518
2021,CO2/CO/NOx,2021-12-30 21:00:00+01:00,0.8695733128321902
2021,CO2/CO/NOx,2021-12-30 22:00:00+01:00,0.8107536392398078
2021,CO2/CO/NOx,2021-12-30 23:00:00+01:00,0.7535671326683788
2021,CO2/CO/NOx,2021-12-31 00:00:00+01:00,0.7039436789593319
2021,CO2/CO/NOx,2021-12-31 01:00:00+01:00,0.6960245747457683
2021,CO2/CO/NOx,2021-12-31 02:00:00+01:00,0.7133960775899646
2021,CO2/CO/NOx,2021-12-31 03:00:00+01:00,0.7617329091453175
2021,CO2/CO/NOx,2021-12-31 04:00:00+01:00,0.8124797916347646
2021,CO2/CO/NOx,2021-12-31 05:00:00+01:00,0.8677548270460719
2021,CO2/CO/NOx,2021-12-31 06:00:00+01:00,0.9373060814311107
2021,CO2/CO/NOx,2021-12-31 07:00:00+01:00,0.9810257072354811
2021,CO2/CO/NOx,2021-12-31 08:00:00+01:00,0.9913055700509327
2021,CO2/CO/NOx,2021-12-31 09:00:00+01:00,0.9627023196936259
2021,CO2/CO/NOx,2021-12-31 10:00:00+01:00,0.9304088305270722
2021,CO2/CO/NOx,2021-12-31 11:00:00+01:00,0.8849526797585673
2021,CO2/CO/NOx,2021-12-31 12:00:00+01:00,0.829805594142605
2021,CO2/CO/NOx,2021-12-31 13:00:00+01:00,0.7804059554407579
2021,CO2/CO/NOx,2021-12-31 14:00:00+01:00,0.7602997728812204
2021,CO2/CO/NOx,2021-12-31 15:00:00+01:00,0.791754220779869
2021,CO2/CO/NOx,2021-12-31 16:00:00+01:00,0.8335504613345424
2021,CO2/CO/NOx,2021-12-31 17:00:00+01:00,0.879281863369897
2021,CO2/CO/NOx,2021-12-31 18:00:00+01:00,0.9221631949323061
2021,CO2/CO/NOx,2021-12-31 19:00:00+01:00,0.9413055143744987
2021,CO2/CO/NOx,2021-12-31 20:00:00+01:00,0.9573841227604711
2021,CO2/CO/NOx,2021-12-31 21:00:00+01:00,0.9304711098710582
2021,CO2/CO/NOx,2021-12-31 22:00:00+01:00,0.8445061789732597
2021,CO2/CO/NOx,2021-12-31 23:00:00+01:00,0.6834290333340778
