year,component,timestamp,scaling_factor
2025,CO2/CO/NOx,2025-01-01 00:00:00+01:00,2.9959924
2025,CO2/CO/NOx,2025-01-01 01:00:00+01:00,3.1528509
2025,CO2/CO/NOx,2025-01-01 02:00:00+01:00,3.1685367
2025,CO2/CO/NOx,2025-01-01 03:00:00+01:00,3.1371648
2025,CO2/CO/NOx,2025-01-01 04:00:00+01:00,3.1057932
2025,CO2/CO/NOx,2025-01-01 05:00:00+01:00,2.3999312
2025,CO2/CO/NOx,2025-01-01 06:00:00+01:00,1.1293794
2025,CO2/CO/NOx,2025-01-01 07:00:00+01:00,1.1136936
2025,CO2/CO/NOx,2025-01-01 08:00:00+01:00,1.1293794
2025,CO2/CO/NOx,2025-01-01 09:00:00+01:00,1.1136936
2025,CO2/CO/NOx,2025-01-01 10:00:00+01:00,1.1136936
2025,CO2/CO/NOx,2025-01-01 11:00:00+01:00,1.0352644
2025,CO2/CO/NOx,2025-01-01 12:00:00+01:00,1.0352644
2025,CO2/CO/NOx,2025-01-01 13:00:00+01:00,1.0352644
2025,CO2/CO/NOx,2025-01-01 14:00:00+01:00,1.0195786
2025,CO2/CO/NOx,2025-01-01 15:00:00+01:00,1.0352644
2025,CO2/CO/NOx,2025-01-01 16:00:00+01:00,1.1921227
2025,CO2/CO/NOx,2025-01-01 17:00:00+01:00,1.3332951
2025,CO2/CO/NOx,2025-01-01 18:00:00+01:00,2.6509044
2025,CO2/CO/NOx,2025-01-01 19:00:00+01:00,3.0901074
2025,CO2/CO/NOx,2025-01-01 20:00:00+01:00,2.3371878
2025,CO2/CO/NOx,2025-01-01 21:00:00+01:00,1.3803526
2025,CO2/CO/NOx,2025-01-01 22:00:00+01:00,1.1450652
2025,CO2/CO/NOx,2025-01-01 23:00:00+01:00,1.1136936
2025,CO2/CO/NOx,2025-01-02 00:00:00+01:00,1.1450652
2025,CO2/CO/NOx,2025-01-02 01:00:00+01:00,1.1450652
2025,CO2/CO/NOx,2025-01-02 02:00:00+01:00,1.1450652
2025,CO2/CO/NOx,2025-01-02 03:00:00+01:00,1.1450652
2025,CO2/CO/NOx,2025-01-02 04:00:00+01:00,1.1450652
2025,CO2/CO/NOx,2025-01-02 05:00:00+01:00,1.160751
2025,CO2/CO/NOx,2025-01-02 06:00:00+01:00,1.7724981
2025,CO2/CO/NOx,2025-01-02 07:00:00+01:00,1.788184
2025,CO2/CO/NOx,2025-01-02 08:00:00+01:00,1.788184
2025,CO2/CO/NOx,2025-01-02 09:00:00+01:00,1.8038698
2025,CO2/CO/NOx,2025-01-02 10:00:00+01:00,1.9450423
2025,CO2/CO/NOx,2025-01-02 11:00:00+01:00,2.054843
2025,CO2/CO/NOx,2025-01-02 12:00:00+01:00,1.5685824
2025,CO2/CO/NOx,2025-01-02 13:00:00+01:00,1.521525
2025,CO2/CO/NOx,2025-01-02 14:00:00+01:00,1.4744675
2025,CO2/CO/NOx,2025-01-02 15:00:00+01:00,1.6783832
2025,CO2/CO/NOx,2025-01-02 16:00:00+01:00,2.1175864
2025,CO2/CO/NOx,2025-01-02 17:00:00+01:00,2.3528738
2025,CO2/CO/NOx,2025-01-02 18:00:00+01:00,2.1960154
2025,CO2/CO/NOx,2025-01-02 19:00:00+01:00,2.3528738
2025,CO2/CO/NOx,2025-01-02 20:00:00+01:00,2.509732
2025,CO2/CO/NOx,2025-01-02 21:00:00+01:00,2.148958
2025,CO2/CO/NOx,2025-01-02 22:00:00+01:00,1.9293565
2025,CO2/CO/NOx,2025-01-02 23:00:00+01:00,1.694069
2025,CO2/CO/NOx,2025-01-03 00:00:00+01:00,1.521525
2025,CO2/CO/NOx,2025-01-03 01:00:00+01:00,1.8038698
2025,CO2/CO/NOx,2025-01-03 02:00:00+01:00,1.8038698
2025,CO2/CO/NOx,2025-01-03 03:00:00+01:00,1.8038698
2025,CO2/CO/NOx,2025-01-03 04:00:00+01:00,1.8038698
2025,CO2/CO/NOx,2025-01-03 05:00:00+01:00,2.1960154
2025,CO2/CO/NOx,2025-01-03 06:00:00+01:00,2.4313028
2025,CO2/CO/NOx,2025-01-03 07:00:00+01:00,2.509732
2025,CO2/CO/NOx,2025-01-03 08:00:00+01:00,2.682276
2025,CO2/CO/NOx,2025-01-03 09:00:00+01:00,2.7293334
2025,CO2/CO/NOx,2025-01-03 10:00:00+01:00,2.9803066
2025,CO2/CO/NOx,2025-01-03 11:00:00+01:00,2.9803066
2025,CO2/CO/NOx,2025-01-03 12:00:00+01:00,2.682276
2025,CO2/CO/NOx,2025-01-03 13:00:00+01:00,2.5724752
2025,CO2/CO/NOx,2025-01-03 14:00:00+01:00,2.5567894
2025,CO2/CO/NOx,2025-01-03 15:00:00+01:00,2.8077626
2025,CO2/CO/NOx,2025-01-03 16:00:00+01:00,2.8705058
2025,CO2/CO/NOx,2025-01-03 17:00:00+01:00,2.9959924
2025,CO2/CO/NOx,2025-01-03 18:00:00+01:00,2.9803066
2025,CO2/CO/NOx,2025-01-03 19:00:00+01:00,2.9959924
2025,CO2/CO/NOx,2025-01-03 20:00:00+01:00,2.9959924
2025,CO2/CO/NOx,2025-01-03 21:00:00+01:00,2.8077626
2025,CO2/CO/NOx,2025-01-03 22:00:00+01:00,2.6979618
2025,CO2/CO/NOx,2025-01-03 23:00:00+01:00,2.7293334
2025,CO2/CO/NOx,2025-01-04 00:00:00+01:00,3.3253949
2025,CO2/CO/NOx,2025-01-04 01:00:00+01:00,3.3724523
2025,CO2/CO/NOx,2025-01-04 02:00:00+01:00,2.9959924
2025,CO2/CO/NOx,2025-01-04 03:00:00+01:00,2.588161
2025,CO2/CO/NOx,2025-01-04 04:00:00+01:00,2.415617
2025,CO2/CO/NOx,2025-01-04 05:00:00+01:00,2.4940462
2025,CO2/CO/NOx,2025-01-04 06:00:00+01:00,2.7293334
2025,CO2/CO/NOx,2025-01-04 07:00:00+01:00,2.8391342
2025,CO2/CO/NOx,2025-01-04 08:00:00+01:00,2.85482
2025,CO2/CO/NOx,2025-01-04 09:00:00+01:00,2.85482
2025,CO2/CO/NOx,2025-01-04 10:00:00+01:00,2.8391342
2025,CO2/CO/NOx,2025-01-04 11:00:00+01:00,2.85482
2025,CO2/CO/NOx,2025-01-04 12:00:00+01:00,2.8234484
2025,CO2/CO/NOx,2025-01-04 13:00:00+01:00,2.776391
2025,CO2/CO/NOx,2025-01-04 14:00:00+01:00,2.7293334
2025,CO2/CO/NOx,2025-01-04 15:00:00+01:00,2.9018776
2025,CO2/CO/NOx,2025-01-04 16:00:00+01:00,2.9959924
2025,CO2/CO/NOx,2025-01-04 17:00:00+01:00,2.9803066
2025,CO2/CO/NOx,2025-01-04 18:00:00+01:00,3.0273643
2025,CO2/CO/NOx,2025-01-04 19:00:00+01:00,2.9959924
2025,CO2/CO/NOx,2025-01-04 20:00:00+01:00,2.9959924
2025,CO2/CO/NOx,2025-01-04 21:00:00+01:00,2.3058162
2025,CO2/CO/NOx,2025-01-04 22:00:00+01:00,2.1175864
2025,CO2/CO/NOx,2025-01-04 23:00:00+01:00,2.2273872
2025,CO2/CO/NOx,2025-01-05 00:00:00+01:00,1.9450423
2025,CO2/CO/NOx,2025-01-05 01:00:00+01:00,1.882299
2025,CO2/CO/NOx,2025-01-05 02:00:00+01:00,1.8979847
2025,CO2/CO/NOx,2025-01-05 03:00:00+01:00,1.882299
2025,CO2/CO/NOx,2025-01-05 04:00:00+01:00,1.8038698
2025,CO2/CO/NOx,2025-01-05 05:00:00+01:00,1.694069
2025,CO2/CO/NOx,2025-01-05 06:00:00+01:00,1.5999541
2025,CO2/CO/NOx,2025-01-05 07:00:00+01:00,1.5999541
2025,CO2/CO/NOx,2025-01-05 08:00:00+01:00,1.6313257
2025,CO2/CO/NOx,2025-01-05 09:00:00+01:00,1.7254407
2025,CO2/CO/NOx,2025-01-05 10:00:00+01:00,2.2744446
2025,CO2/CO/NOx,2025-01-05 11:00:00+01:00,1.976414
2025,CO2/CO/NOx,2025-01-05 12:00:00+01:00,1.4117242
2025,CO2/CO/NOx,2025-01-05 13:00:00+01:00,1.3489809
2025,CO2/CO/NOx,2025-01-05 14:00:00+01:00,1.3332951
2025,CO2/CO/NOx,2025-01-05 15:00:00+01:00,1.3489809
2025,CO2/CO/NOx,2025-01-05 16:00:00+01:00,1.3803526
2025,CO2/CO/NOx,2025-01-05 17:00:00+01:00,1.4901533
2025,CO2/CO/NOx,2025-01-05 18:00:00+01:00,1.4901533
2025,CO2/CO/NOx,2025-01-05 19:00:00+01:00,1.4901533
2025,CO2/CO/NOx,2025-01-05 20:00:00+01:00,1.4901533
2025,CO2/CO/NOx,2025-01-05 21:00:00+01:00,1.4901533
2025,CO2/CO/NOx,2025-01-05 22:00:00+01:00,1.42741
2025,CO2/CO/NOx,2025-01-05 23:00:00+01:00,1.3332951
2025,CO2/CO/NOx,2025-01-06 00:00:00+01:00,1.2234943
2025,CO2/CO/NOx,2025-01-06 01:00:00+01:00,1.0352644
2025,CO2/CO/NOx,2025-01-06 02:00:00+01:00,1.160751
2025,CO2/CO/NOx,2025-01-06 03:00:00+01:00,1.0823219
2025,CO2/CO/NOx,2025-01-06 04:00:00+01:00,1.0509503
2025,CO2/CO/NOx,2025-01-06 05:00:00+01:00,1.0509503
2025,CO2/CO/NOx,2025-01-06 06:00:00+01:00,1.0352644
2025,CO2/CO/NOx,2025-01-06 07:00:00+01:00,1.1293794
2025,CO2/CO/NOx,2025-01-06 08:00:00+01:00,1.2078085
2025,CO2/CO/NOx,2025-01-06 09:00:00+01:00,1.2078085
2025,CO2/CO/NOx,2025-01-06 10:00:00+01:00,1.1921227
2025,CO2/CO/NOx,2025-01-06 11:00:00+01:00,1.2078085
2025,CO2/CO/NOx,2025-01-06 12:00:00+01:00,1.1764369
2025,CO2/CO/NOx,2025-01-06 13:00:00+01:00,1.160751
2025,CO2/CO/NOx,2025-01-06 14:00:00+01:00,1.160751
2025,CO2/CO/NOx,2025-01-06 15:00:00+01:00,1.160751
2025,CO2/CO/NOx,2025-01-06 16:00:00+01:00,1.2391802
2025,CO2/CO/NOx,2025-01-06 17:00:00+01:00,1.4117242
2025,CO2/CO/NOx,2025-01-06 18:00:00+01:00,1.6783832
2025,CO2/CO/NOx,2025-01-06 19:00:00+01:00,2.5724752
2025,CO2/CO/NOx,2025-01-06 20:00:00+01:00,3.1057932
2025,CO2/CO/NOx,2025-01-06 21:00:00+01:00,3.1842225
2025,CO2/CO/NOx,2025-01-06 22:00:00+01:00,2.6038468
2025,CO2/CO/NOx,2025-01-06 23:00:00+01:00,1.9136707
2025,CO2/CO/NOx,2025-01-07 00:00:00+01:00,1.4430959
2025,CO2/CO/NOx,2025-01-07 01:00:00+01:00,1.0823219
2025,CO2/CO/NOx,2025-01-07 02:00:00+01:00,1.0823219
2025,CO2/CO/NOx,2025-01-07 03:00:00+01:00,1.0666361
2025,CO2/CO/NOx,2025-01-07 04:00:00+01:00,1.0666361
2025,CO2/CO/NOx,2025-01-07 05:00:00+01:00,1.2705518
2025,CO2/CO/NOx,2025-01-07 06:00:00+01:00,1.5999541
2025,CO2/CO/NOx,2025-01-07 07:00:00+01:00,2.5567894
2025,CO2/CO/NOx,2025-01-07 08:00:00+01:00,3.1528509
2025,CO2/CO/NOx,2025-01-07 09:00:00+01:00,3.4351957
2025,CO2/CO/NOx,2025-01-07 10:00:00+01:00,3.1528509
2025,CO2/CO/NOx,2025-01-07 11:00:00+01:00,2.1175864
2025,CO2/CO/NOx,2025-01-07 12:00:00+01:00,1.42741
2025,CO2/CO/NOx,2025-01-07 13:00:00+01:00,1.42741
2025,CO2/CO/NOx,2025-01-07 14:00:00+01:00,1.42741
2025,CO2/CO/NOx,2025-01-07 15:00:00+01:00,1.8666131
2025,CO2/CO/NOx,2025-01-07 16:00:00+01:00,2.0391572
2025,CO2/CO/NOx,2025-01-07 17:00:00+01:00,2.1175864
2025,CO2/CO/NOx,2025-01-07 18:00:00+01:00,2.5411036
2025,CO2/CO/NOx,2025-01-07 19:00:00+01:00,3.04305
2025,CO2/CO/NOx,2025-01-07 20:00:00+01:00,3.3567665
2025,CO2/CO/NOx,2025-01-07 21:00:00+01:00,3.7018547
2025,CO2/CO/NOx,2025-01-07 22:00:00+01:00,2.8861918
2025,CO2/CO/NOx,2025-01-07 23:00:00+01:00,1.882299
2025,CO2/CO/NOx,2025-01-08 00:00:00+01:00,2.2744446
2025,CO2/CO/NOx,2025-01-08 01:00:00+01:00,2.5254178
2025,CO2/CO/NOx,2025-01-08 02:00:00+01:00,2.2117014
2025,CO2/CO/NOx,2025-01-08 03:00:00+01:00,1.8979847
2025,CO2/CO/NOx,2025-01-08 04:00:00+01:00,1.8038698
2025,CO2/CO/NOx,2025-01-08 05:00:00+01:00,2.0705287
2025,CO2/CO/NOx,2025-01-08 06:00:00+01:00,2.2587588
2025,CO2/CO/NOx,2025-01-08 07:00:00+01:00,2.2901304
2025,CO2/CO/NOx,2025-01-08 08:00:00+01:00,2.509732
2025,CO2/CO/NOx,2025-01-08 09:00:00+01:00,2.7920768
2025,CO2/CO/NOx,2025-01-08 10:00:00+01:00,2.8234484
2025,CO2/CO/NOx,2025-01-08 11:00:00+01:00,2.8391342
2025,CO2/CO/NOx,2025-01-08 12:00:00+01:00,2.8391342
2025,CO2/CO/NOx,2025-01-08 13:00:00+01:00,2.8391342
2025,CO2/CO/NOx,2025-01-08 14:00:00+01:00,2.3058162
2025,CO2/CO/NOx,2025-01-08 15:00:00+01:00,2.7293334
2025,CO2/CO/NOx,2025-01-08 16:00:00+01:00,2.5724752
2025,CO2/CO/NOx,2025-01-08 17:00:00+01:00,2.0862148
2025,CO2/CO/NOx,2025-01-08 18:00:00+01:00,1.9293565
2025,CO2/CO/NOx,2025-01-08 19:00:00+01:00,1.8195556
2025,CO2/CO/NOx,2025-01-08 20:00:00+01:00,1.6626974
2025,CO2/CO/NOx,2025-01-08 21:00:00+01:00,1.4430959
2025,CO2/CO/NOx,2025-01-08 22:00:00+01:00,1.2705518
2025,CO2/CO/NOx,2025-01-08 23:00:00+01:00,1.1764369
2025,CO2/CO/NOx,2025-01-09 00:00:00+01:00,1.0980077
2025,CO2/CO/NOx,2025-01-09 01:00:00+01:00,1.0823219
2025,CO2/CO/NOx,2025-01-09 02:00:00+01:00,1.0666361
2025,CO2/CO/NOx,2025-01-09 03:00:00+01:00,1.0666361
2025,CO2/CO/NOx,2025-01-09 04:00:00+01:00,1.0823219
2025,CO2/CO/NOx,2025-01-09 05:00:00+01:00,1.2862376
2025,CO2/CO/NOx,2025-01-09 06:00:00+01:00,1.5528966
2025,CO2/CO/NOx,2025-01-09 07:00:00+01:00,1.976414
2025,CO2/CO/NOx,2025-01-09 08:00:00+01:00,3.482253
2025,CO2/CO/NOx,2025-01-09 09:00:00+01:00,3.8116553
2025,CO2/CO/NOx,2025-01-09 10:00:00+01:00,2.3685596
2025,CO2/CO/NOx,2025-01-09 11:00:00+01:00,1.5999541
2025,CO2/CO/NOx,2025-01-09 12:00:00+01:00,1.4117242
2025,CO2/CO/NOx,2025-01-09 13:00:00+01:00,1.3646667
2025,CO2/CO/NOx,2025-01-09 14:00:00+01:00,1.3646667
2025,CO2/CO/NOx,2025-01-09 15:00:00+01:00,1.3646667
2025,CO2/CO/NOx,2025-01-09 16:00:00+01:00,1.788184
2025,CO2/CO/NOx,2025-01-09 17:00:00+01:00,2.415617
2025,CO2/CO/NOx,2025-01-09 18:00:00+01:00,2.6665902
2025,CO2/CO/NOx,2025-01-09 19:00:00+01:00,3.3724523
2025,CO2/CO/NOx,2025-01-09 20:00:00+01:00,3.309709
2025,CO2/CO/NOx,2025-01-09 21:00:00+01:00,2.6038468
2025,CO2/CO/NOx,2025-01-09 22:00:00+01:00,2.776391
2025,CO2/CO/NOx,2025-01-09 23:00:00+01:00,2.7450194
2025,CO2/CO/NOx,2025-01-10 00:00:00+01:00,2.1960154
2025,CO2/CO/NOx,2025-01-10 01:00:00+01:00,2.7293334
2025,CO2/CO/NOx,2025-01-10 02:00:00+01:00,3.0116782
2025,CO2/CO/NOx,2025-01-10 03:00:00+01:00,2.7920768
2025,CO2/CO/NOx,2025-01-10 04:00:00+01:00,2.7920768
2025,CO2/CO/NOx,2025-01-10 05:00:00+01:00,2.9646208
2025,CO2/CO/NOx,2025-01-10 06:00:00+01:00,2.8705058
2025,CO2/CO/NOx,2025-01-10 07:00:00+01:00,2.5254178
2025,CO2/CO/NOx,2025-01-10 08:00:00+01:00,2.588161
2025,CO2/CO/NOx,2025-01-10 09:00:00+01:00,2.7450194
2025,CO2/CO/NOx,2025-01-10 10:00:00+01:00,2.85482
2025,CO2/CO/NOx,2025-01-10 11:00:00+01:00,2.8705058
2025,CO2/CO/NOx,2025-01-10 12:00:00+01:00,2.9175634
2025,CO2/CO/NOx,2025-01-10 13:00:00+01:00,2.8077626
2025,CO2/CO/NOx,2025-01-10 14:00:00+01:00,2.7136476
2025,CO2/CO/NOx,2025-01-10 15:00:00+01:00,2.415617
2025,CO2/CO/NOx,2025-01-10 16:00:00+01:00,2.2587588
2025,CO2/CO/NOx,2025-01-10 17:00:00+01:00,2.4313028
2025,CO2/CO/NOx,2025-01-10 18:00:00+01:00,2.509732
2025,CO2/CO/NOx,2025-01-10 19:00:00+01:00,2.7607052
2025,CO2/CO/NOx,2025-01-10 20:00:00+01:00,2.3685596
2025,CO2/CO/NOx,2025-01-10 21:00:00+01:00,2.2587588
2025,CO2/CO/NOx,2025-01-10 22:00:00+01:00,1.960728
2025,CO2/CO/NOx,2025-01-10 23:00:00+01:00,1.5528966
2025,CO2/CO/NOx,2025-01-11 00:00:00+01:00,1.5372108
2025,CO2/CO/NOx,2025-01-11 01:00:00+01:00,1.5528966
2025,CO2/CO/NOx,2025-01-11 02:00:00+01:00,1.5528966
2025,CO2/CO/NOx,2025-01-11 03:00:00+01:00,1.5685824
2025,CO2/CO/NOx,2025-01-11 04:00:00+01:00,1.7568123
2025,CO2/CO/NOx,2025-01-11 05:00:00+01:00,1.960728
2025,CO2/CO/NOx,2025-01-11 06:00:00+01:00,2.2744446
2025,CO2/CO/NOx,2025-01-11 07:00:00+01:00,2.3528738
2025,CO2/CO/NOx,2025-01-11 08:00:00+01:00,2.3528738
2025,CO2/CO/NOx,2025-01-11 09:00:00+01:00,2.3058162
2025,CO2/CO/NOx,2025-01-11 10:00:00+01:00,2.148958
2025,CO2/CO/NOx,2025-01-11 11:00:00+01:00,2.1332722
2025,CO2/CO/NOx,2025-01-11 12:00:00+01:00,2.1332722
2025,CO2/CO/NOx,2025-01-11 13:00:00+01:00,2.1332722
2025,CO2/CO/NOx,2025-01-11 14:00:00+01:00,2.1332722
2025,CO2/CO/NOx,2025-01-11 15:00:00+01:00,2.1960154
2025,CO2/CO/NOx,2025-01-11 16:00:00+01:00,2.1803296
2025,CO2/CO/NOx,2025-01-11 17:00:00+01:00,2.1332722
2025,CO2/CO/NOx,2025-01-11 18:00:00+01:00,2.1332722
2025,CO2/CO/NOx,2025-01-11 19:00:00+01:00,2.0391572
2025,CO2/CO/NOx,2025-01-11 20:00:00+01:00,1.960728
2025,CO2/CO/NOx,2025-01-11 21:00:00+01:00,1.788184
2025,CO2/CO/NOx,2025-01-11 22:00:00+01:00,1.7411265
2025,CO2/CO/NOx,2025-01-11 23:00:00+01:00,1.5372108
2025,CO2/CO/NOx,2025-01-12 00:00:00+01:00,1.9450423
2025,CO2/CO/NOx,2025-01-12 01:00:00+01:00,1.6626974
2025,CO2/CO/NOx,2025-01-12 02:00:00+01:00,1.42741
2025,CO2/CO/NOx,2025-01-12 03:00:00+01:00,2.9332492
2025,CO2/CO/NOx,2025-01-12 04:00:00+01:00,3.2783372
2025,CO2/CO/NOx,2025-01-12 05:00:00+01:00,2.7920768
2025,CO2/CO/NOx,2025-01-12 06:00:00+01:00,2.7136476
2025,CO2/CO/NOx,2025-01-12 07:00:00+01:00,2.776391
2025,CO2/CO/NOx,2025-01-12 08:00:00+01:00,3.0273643
2025,CO2/CO/NOx,2025-01-12 09:00:00+01:00,2.8234484
2025,CO2/CO/NOx,2025-01-12 10:00:00+01:00,2.5411036
2025,CO2/CO/NOx,2025-01-12 11:00:00+01:00,2.5411036
2025,CO2/CO/NOx,2025-01-12 12:00:00+01:00,2.682276
2025,CO2/CO/NOx,2025-01-12 13:00:00+01:00,2.5411036
2025,CO2/CO/NOx,2025-01-12 14:00:00+01:00,2.509732
2025,CO2/CO/NOx,2025-01-12 15:00:00+01:00,2.5254178
2025,CO2/CO/NOx,2025-01-12 16:00:00+01:00,2.588161
2025,CO2/CO/NOx,2025-01-12 17:00:00+01:00,2.8705058
2025,CO2/CO/NOx,2025-01-12 18:00:00+01:00,2.8705058
2025,CO2/CO/NOx,2025-01-12 19:00:00+01:00,2.85482
2025,CO2/CO/NOx,2025-01-12 20:00:00+01:00,2.7450194
2025,CO2/CO/NOx,2025-01-12 21:00:00+01:00,2.509732
2025,CO2/CO/NOx,2025-01-12 22:00:00+01:00,2.4783604
2025,CO2/CO/NOx,2025-01-12 23:00:00+01:00,2.5724752
2025,CO2/CO/NOx,2025-01-13 00:00:00+01:00,2.9803066
2025,CO2/CO/NOx,2025-01-13 01:00:00+01:00,2.3371878
2025,CO2/CO/NOx,2025-01-13 02:00:00+01:00,1.8979847
2025,CO2/CO/NOx,2025-01-13 03:00:00+01:00,1.8979847
2025,CO2/CO/NOx,2025-01-13 04:00:00+01:00,2.0391572
2025,CO2/CO/NOx,2025-01-13 05:00:00+01:00,2.3371878
2025,CO2/CO/NOx,2025-01-13 06:00:00+01:00,2.6195328
2025,CO2/CO/NOx,2025-01-13 07:00:00+01:00,2.8861918
2025,CO2/CO/NOx,2025-01-13 08:00:00+01:00,2.8705058
2025,CO2/CO/NOx,2025-01-13 09:00:00+01:00,2.8861918
2025,CO2/CO/NOx,2025-01-13 10:00:00+01:00,2.8861918
2025,CO2/CO/NOx,2025-01-13 11:00:00+01:00,2.7136476
2025,CO2/CO/NOx,2025-01-13 12:00:00+01:00,2.8391342
2025,CO2/CO/NOx,2025-01-13 13:00:00+01:00,2.682276
2025,CO2/CO/NOx,2025-01-13 14:00:00+01:00,2.6509044
2025,CO2/CO/NOx,2025-01-13 15:00:00+01:00,2.7920768
2025,CO2/CO/NOx,2025-01-13 16:00:00+01:00,2.9646208
2025,CO2/CO/NOx,2025-01-13 17:00:00+01:00,2.9803066
2025,CO2/CO/NOx,2025-01-13 18:00:00+01:00,2.9646208
2025,CO2/CO/NOx,2025-01-13 19:00:00+01:00,2.948935
2025,CO2/CO/NOx,2025-01-13 20:00:00+01:00,2.8077626
2025,CO2/CO/NOx,2025-01-13 21:00:00+01:00,2.7920768
2025,CO2/CO/NOx,2025-01-13 22:00:00+01:00,2.509732
2025,CO2/CO/NOx,2025-01-13 23:00:00+01:00,2.1960154
2025,CO2/CO/NOx,2025-01-14 00:00:00+01:00,2.0705287
2025,CO2/CO/NOx,2025-01-14 01:00:00+01:00,2.0862148
2025,CO2/CO/NOx,2025-01-14 02:00:00+01:00,1.9920998
2025,CO2/CO/NOx,2025-01-14 03:00:00+01:00,2.0862148
2025,CO2/CO/NOx,2025-01-14 04:00:00+01:00,2.2587588
2025,CO2/CO/NOx,2025-01-14 05:00:00+01:00,2.5411036
2025,CO2/CO/NOx,2025-01-14 06:00:00+01:00,2.776391
2025,CO2/CO/NOx,2025-01-14 07:00:00+01:00,2.9018776
2025,CO2/CO/NOx,2025-01-14 08:00:00+01:00,2.8861918
2025,CO2/CO/NOx,2025-01-14 09:00:00+01:00,2.8705058
2025,CO2/CO/NOx,2025-01-14 10:00:00+01:00,2.8705058
2025,CO2/CO/NOx,2025-01-14 11:00:00+01:00,2.8705058
2025,CO2/CO/NOx,2025-01-14 12:00:00+01:00,2.8705058
2025,CO2/CO/NOx,2025-01-14 13:00:00+01:00,2.85482
2025,CO2/CO/NOx,2025-01-14 14:00:00+01:00,2.8077626
2025,CO2/CO/NOx,2025-01-14 15:00:00+01:00,2.8077626
2025,CO2/CO/NOx,2025-01-14 16:00:00+01:00,2.9018776
2025,CO2/CO/NOx,2025-01-14 17:00:00+01:00,2.948935
2025,CO2/CO/NOx,2025-01-14 18:00:00+01:00,2.9646208
2025,CO2/CO/NOx,2025-01-14 19:00:00+01:00,2.948935
2025,CO2/CO/NOx,2025-01-14 20:00:00+01:00,2.9646208
2025,CO2/CO/NOx,2025-01-14 21:00:00+01:00,2.7607052
2025,CO2/CO/NOx,2025-01-14 22:00:00+01:00,2.6979618
2025,CO2/CO/NOx,2025-01-14 23:00:00+01:00,3.576368
2025,CO2/CO/NOx,2025-01-15 00:00:00+01:00,3.7175405
2025,CO2/CO/NOx,2025-01-15 01:00:00+01:00,3.748912
2025,CO2/CO/NOx,2025-01-15 02:00:00+01:00,3.7959695
2025,CO2/CO/NOx,2025-01-15 03:00:00+01:00,3.2469656
2025,CO2/CO/NOx,2025-01-15 04:00:00+01:00,3.0116782
2025,CO2/CO/NOx,2025-01-15 05:00:00+01:00,2.9959924
2025,CO2/CO/NOx,2025-01-15 06:00:00+01:00,2.9959924
2025,CO2/CO/NOx,2025-01-15 07:00:00+01:00,2.9959924
2025,CO2/CO/NOx,2025-01-15 08:00:00+01:00,2.9803066
2025,CO2/CO/NOx,2025-01-15 09:00:00+01:00,2.9803066
2025,CO2/CO/NOx,2025-01-15 10:00:00+01:00,2.9803066
2025,CO2/CO/NOx,2025-01-15 11:00:00+01:00,2.9959924
2025,CO2/CO/NOx,2025-01-15 12:00:00+01:00,2.9803066
2025,CO2/CO/NOx,2025-01-15 13:00:00+01:00,2.9803066
2025,CO2/CO/NOx,2025-01-15 14:00:00+01:00,3.0587358
2025,CO2/CO/NOx,2025-01-15 15:00:00+01:00,3.0273643
2025,CO2/CO/NOx,2025-01-15 16:00:00+01:00,3.0587358
2025,CO2/CO/NOx,2025-01-15 17:00:00+01:00,3.0587358
2025,CO2/CO/NOx,2025-01-15 18:00:00+01:00,3.0587358
2025,CO2/CO/NOx,2025-01-15 19:00:00+01:00,3.0744216
2025,CO2/CO/NOx,2025-01-15 20:00:00+01:00,3.1057932
2025,CO2/CO/NOx,2025-01-15 21:00:00+01:00,2.3528738
2025,CO2/CO/NOx,2025-01-15 22:00:00+01:00,1.9450423
2025,CO2/CO/NOx,2025-01-15 23:00:00+01:00,1.5372108
2025,CO2/CO/NOx,2025-01-16 00:00:00+01:00,1.3489809
2025,CO2/CO/NOx,2025-01-16 01:00:00+01:00,1.3332951
2025,CO2/CO/NOx,2025-01-16 02:00:00+01:00,1.3176093
2025,CO2/CO/NOx,2025-01-16 03:00:00+01:00,1.3960384
2025,CO2/CO/NOx,2025-01-16 04:00:00+01:00,1.6470116
2025,CO2/CO/NOx,2025-01-16 05:00:00+01:00,2.1175864
2025,CO2/CO/NOx,2025-01-16 06:00:00+01:00,2.5724752
2025,CO2/CO/NOx,2025-01-16 07:00:00+01:00,2.8077626
2025,CO2/CO/NOx,2025-01-16 08:00:00+01:00,2.8234484
2025,CO2/CO/NOx,2025-01-16 09:00:00+01:00,2.7920768
2025,CO2/CO/NOx,2025-01-16 10:00:00+01:00,2.6665902
2025,CO2/CO/NOx,2025-01-16 11:00:00+01:00,2.6195328
2025,CO2/CO/NOx,2025-01-16 12:00:00+01:00,2.509732
2025,CO2/CO/NOx,2025-01-16 13:00:00+01:00,2.5411036
2025,CO2/CO/NOx,2025-01-16 14:00:00+01:00,2.5724752
2025,CO2/CO/NOx,2025-01-16 15:00:00+01:00,2.8077626
2025,CO2/CO/NOx,2025-01-16 16:00:00+01:00,2.9018776
2025,CO2/CO/NOx,2025-01-16 17:00:00+01:00,2.9803066
2025,CO2/CO/NOx,2025-01-16 18:00:00+01:00,2.9959924
2025,CO2/CO/NOx,2025-01-16 19:00:00+01:00,3.0901074
2025,CO2/CO/NOx,2025-01-16 20:00:00+01:00,2.5567894
2025,CO2/CO/NOx,2025-01-16 21:00:00+01:00,2.2117014
2025,CO2/CO/NOx,2025-01-16 22:00:00+01:00,1.960728
2025,CO2/CO/NOx,2025-01-16 23:00:00+01:00,1.5685824
2025,CO2/CO/NOx,2025-01-17 00:00:00+01:00,1.3489809
2025,CO2/CO/NOx,2025-01-17 01:00:00+01:00,1.254866
2025,CO2/CO/NOx,2025-01-17 02:00:00+01:00,1.254866
2025,CO2/CO/NOx,2025-01-17 03:00:00+01:00,1.3176093
2025,CO2/CO/NOx,2025-01-17 04:00:00+01:00,1.4901533
2025,CO2/CO/NOx,2025-01-17 05:00:00+01:00,2.0705287
2025,CO2/CO/NOx,2025-01-17 06:00:00+01:00,2.5567894
2025,CO2/CO/NOx,2025-01-17 07:00:00+01:00,2.9018776
2025,CO2/CO/NOx,2025-01-17 08:00:00+01:00,2.9803066
2025,CO2/CO/NOx,2025-01-17 09:00:00+01:00,2.9803066
2025,CO2/CO/NOx,2025-01-17 10:00:00+01:00,2.9803066
2025,CO2/CO/NOx,2025-01-17 11:00:00+01:00,2.9803066
2025,CO2/CO/NOx,2025-01-17 12:00:00+01:00,2.9803066
2025,CO2/CO/NOx,2025-01-17 13:00:00+01:00,2.9803066
2025,CO2/CO/NOx,2025-01-17 14:00:00+01:00,2.9803066
2025,CO2/CO/NOx,2025-01-17 15:00:00+01:00,2.9803066
2025,CO2/CO/NOx,2025-01-17 16:00:00+01:00,2.9803066
2025,CO2/CO/NOx,2025-01-17 17:00:00+01:00,2.85482
2025,CO2/CO/NOx,2025-01-17 18:00:00+01:00,2.8705058
2025,CO2/CO/NOx,2025-01-17 19:00:00+01:00,2.8705058
2025,CO2/CO/NOx,2025-01-17 20:00:00+01:00,2.776391
2025,CO2/CO/NOx,2025-01-17 21:00:00+01:00,2.1803296
2025,CO2/CO/NOx,2025-01-17 22:00:00+01:00,1.7254407
2025,CO2/CO/NOx,2025-01-17 23:00:00+01:00,1.4587817
2025,CO2/CO/NOx,2025-01-18 00:00:00+01:00,1.5058391
2025,CO2/CO/NOx,2025-01-18 01:00:00+01:00,1.5685824
2025,CO2/CO/NOx,2025-01-18 02:00:00+01:00,1.5842683
2025,CO2/CO/NOx,2025-01-18 03:00:00+01:00,1.694069
2025,CO2/CO/NOx,2025-01-18 04:00:00+01:00,1.8666131
2025,CO2/CO/NOx,2025-01-18 05:00:00+01:00,1.9136707
2025,CO2/CO/NOx,2025-01-18 06:00:00+01:00,1.9136707
2025,CO2/CO/NOx,2025-01-18 07:00:00+01:00,1.8979847
2025,CO2/CO/NOx,2025-01-18 08:00:00+01:00,1.8352414
2025,CO2/CO/NOx,2025-01-18 09:00:00+01:00,2.0391572
2025,CO2/CO/NOx,2025-01-18 10:00:00+01:00,2.0391572
2025,CO2/CO/NOx,2025-01-18 11:00:00+01:00,2.0391572
2025,CO2/CO/NOx,2025-01-18 12:00:00+01:00,2.0391572
2025,CO2/CO/NOx,2025-01-18 13:00:00+01:00,2.243073
2025,CO2/CO/NOx,2025-01-18 14:00:00+01:00,2.3842454
2025,CO2/CO/NOx,2025-01-18 15:00:00+01:00,2.3528738
2025,CO2/CO/NOx,2025-01-18 16:00:00+01:00,2.9332492
2025,CO2/CO/NOx,2025-01-18 17:00:00+01:00,3.0587358
2025,CO2/CO/NOx,2025-01-18 18:00:00+01:00,3.0273643
2025,CO2/CO/NOx,2025-01-18 19:00:00+01:00,3.04305
2025,CO2/CO/NOx,2025-01-18 20:00:00+01:00,2.6038468
2025,CO2/CO/NOx,2025-01-18 21:00:00+01:00,2.321502
2025,CO2/CO/NOx,2025-01-18 22:00:00+01:00,2.1332722
2025,CO2/CO/NOx,2025-01-18 23:00:00+01:00,1.788184
2025,CO2/CO/NOx,2025-01-19 00:00:00+01:00,1.7254407
2025,CO2/CO/NOx,2025-01-19 01:00:00+01:00,1.788184
2025,CO2/CO/NOx,2025-01-19 02:00:00+01:00,1.8666131
2025,CO2/CO/NOx,2025-01-19 03:00:00+01:00,1.8666131
2025,CO2/CO/NOx,2025-01-19 04:00:00+01:00,1.960728
2025,CO2/CO/NOx,2025-01-19 05:00:00+01:00,2.0862148
2025,CO2/CO/NOx,2025-01-19 06:00:00+01:00,2.148958
2025,CO2/CO/NOx,2025-01-19 07:00:00+01:00,2.3999312
2025,CO2/CO/NOx,2025-01-19 08:00:00+01:00,2.6038468
2025,CO2/CO/NOx,2025-01-19 09:00:00+01:00,2.6665902
2025,CO2/CO/NOx,2025-01-19 10:00:00+01:00,2.509732
2025,CO2/CO/NOx,2025-01-19 11:00:00+01:00,2.3058162
2025,CO2/CO/NOx,2025-01-19 12:00:00+01:00,2.0705287
2025,CO2/CO/NOx,2025-01-19 13:00:00+01:00,1.694069
2025,CO2/CO/NOx,2025-01-19 14:00:00+01:00,1.5372108
2025,CO2/CO/NOx,2025-01-19 15:00:00+01:00,1.709755
2025,CO2/CO/NOx,2025-01-19 16:00:00+01:00,1.8195556
2025,CO2/CO/NOx,2025-01-19 17:00:00+01:00,2.1646438
2025,CO2/CO/NOx,2025-01-19 18:00:00+01:00,2.509732
2025,CO2/CO/NOx,2025-01-19 19:00:00+01:00,2.5411036
2025,CO2/CO/NOx,2025-01-19 20:00:00+01:00,2.5411036
2025,CO2/CO/NOx,2025-01-19 21:00:00+01:00,2.5254178
2025,CO2/CO/NOx,2025-01-19 22:00:00+01:00,2.1803296
2025,CO2/CO/NOx,2025-01-19 23:00:00+01:00,1.694069
2025,CO2/CO/NOx,2025-01-20 00:00:00+01:00,1.4430959
2025,CO2/CO/NOx,2025-01-20 01:00:00+01:00,1.42741
2025,CO2/CO/NOx,2025-01-20 02:00:00+01:00,1.4430959
2025,CO2/CO/NOx,2025-01-20 03:00:00+01:00,1.4901533
2025,CO2/CO/NOx,2025-01-20 04:00:00+01:00,1.694069
2025,CO2/CO/NOx,2025-01-20 05:00:00+01:00,2.0234714
2025,CO2/CO/NOx,2025-01-20 06:00:00+01:00,2.4469886
2025,CO2/CO/NOx,2025-01-20 07:00:00+01:00,3.1685367
2025,CO2/CO/NOx,2025-01-20 08:00:00+01:00,3.121479
2025,CO2/CO/NOx,2025-01-20 09:00:00+01:00,3.1685367
2025,CO2/CO/NOx,2025-01-20 10:00:00+01:00,3.4508815
2025,CO2/CO/NOx,2025-01-20 11:00:00+01:00,3.7959695
2025,CO2/CO/NOx,2025-01-20 12:00:00+01:00,3.921456
2025,CO2/CO/NOx,2025-01-20 13:00:00+01:00,3.921456
2025,CO2/CO/NOx,2025-01-20 14:00:00+01:00,3.9057703
2025,CO2/CO/NOx,2025-01-20 15:00:00+01:00,3.686169
2025,CO2/CO/NOx,2025-01-20 16:00:00+01:00,3.748912
2025,CO2/CO/NOx,2025-01-20 17:00:00+01:00,3.654797
2025,CO2/CO/NOx,2025-01-20 18:00:00+01:00,3.5136247
2025,CO2/CO/NOx,2025-01-20 19:00:00+01:00,3.4351957
2025,CO2/CO/NOx,2025-01-20 20:00:00+01:00,3.121479
2025,CO2/CO/NOx,2025-01-20 21:00:00+01:00,2.6665902
2025,CO2/CO/NOx,2025-01-20 22:00:00+01:00,2.3685596
2025,CO2/CO/NOx,2025-01-20 23:00:00+01:00,2.321502
2025,CO2/CO/NOx,2025-01-21 00:00:00+01:00,2.6979618
2025,CO2/CO/NOx,2025-01-21 01:00:00+01:00,3.592054
2025,CO2/CO/NOx,2025-01-21 02:00:00+01:00,3.5293105
2025,CO2/CO/NOx,2025-01-21 03:00:00+01:00,3.5293105
2025,CO2/CO/NOx,2025-01-21 04:00:00+01:00,3.4979389
2025,CO2/CO/NOx,2025-01-21 05:00:00+01:00,3.3567665
2025,CO2/CO/NOx,2025-01-21 06:00:00+01:00,3.388138
2025,CO2/CO/NOx,2025-01-21 07:00:00+01:00,3.2940233
2025,CO2/CO/NOx,2025-01-21 08:00:00+01:00,3.1528509
2025,CO2/CO/NOx,2025-01-21 09:00:00+01:00,3.215594
2025,CO2/CO/NOx,2025-01-21 10:00:00+01:00,3.2783372
2025,CO2/CO/NOx,2025-01-21 11:00:00+01:00,3.309709
2025,CO2/CO/NOx,2025-01-21 12:00:00+01:00,3.2783372
2025,CO2/CO/NOx,2025-01-21 13:00:00+01:00,3.388138
2025,CO2/CO/NOx,2025-01-21 14:00:00+01:00,3.3410807
2025,CO2/CO/NOx,2025-01-21 15:00:00+01:00,3.2469656
2025,CO2/CO/NOx,2025-01-21 16:00:00+01:00,3.1685367
2025,CO2/CO/NOx,2025-01-21 17:00:00+01:00,3.121479
2025,CO2/CO/NOx,2025-01-21 18:00:00+01:00,3.04305
2025,CO2/CO/NOx,2025-01-21 19:00:00+01:00,3.121479
2025,CO2/CO/NOx,2025-01-21 20:00:00+01:00,3.5449963
2025,CO2/CO/NOx,2025-01-21 21:00:00+01:00,3.3410807
2025,CO2/CO/NOx,2025-01-21 22:00:00+01:00,2.776391
2025,CO2/CO/NOx,2025-01-21 23:00:00+01:00,2.415617
2025,CO2/CO/NOx,2025-01-22 00:00:00+01:00,2.3528738
2025,CO2/CO/NOx,2025-01-22 01:00:00+01:00,2.3528738
2025,CO2/CO/NOx,2025-01-22 02:00:00+01:00,2.3528738
2025,CO2/CO/NOx,2025-01-22 03:00:00+01:00,2.3528738
2025,CO2/CO/NOx,2025-01-22 04:00:00+01:00,2.3528738
2025,CO2/CO/NOx,2025-01-22 05:00:00+01:00,2.6195328
2025,CO2/CO/NOx,2025-01-22 06:00:00+01:00,2.948935
2025,CO2/CO/NOx,2025-01-22 07:00:00+01:00,2.9646208
2025,CO2/CO/NOx,2025-01-22 08:00:00+01:00,3.2626514
2025,CO2/CO/NOx,2025-01-22 09:00:00+01:00,3.1528509
2025,CO2/CO/NOx,2025-01-22 10:00:00+01:00,3.0116782
2025,CO2/CO/NOx,2025-01-22 11:00:00+01:00,2.9646208
2025,CO2/CO/NOx,2025-01-22 12:00:00+01:00,2.7920768
2025,CO2/CO/NOx,2025-01-22 13:00:00+01:00,2.6665902
2025,CO2/CO/NOx,2025-01-22 14:00:00+01:00,2.6195328
2025,CO2/CO/NOx,2025-01-22 15:00:00+01:00,2.6352186
2025,CO2/CO/NOx,2025-01-22 16:00:00+01:00,2.8705058
2025,CO2/CO/NOx,2025-01-22 17:00:00+01:00,3.0116782
2025,CO2/CO/NOx,2025-01-22 18:00:00+01:00,3.0273643
2025,CO2/CO/NOx,2025-01-22 19:00:00+01:00,3.0901074
2025,CO2/CO/NOx,2025-01-22 20:00:00+01:00,3.1842225
2025,CO2/CO/NOx,2025-01-22 21:00:00+01:00,3.2312799
2025,CO2/CO/NOx,2025-01-22 22:00:00+01:00,3.121479
2025,CO2/CO/NOx,2025-01-22 23:00:00+01:00,2.7293334
2025,CO2/CO/NOx,2025-01-23 00:00:00+01:00,3.1999083
2025,CO2/CO/NOx,2025-01-23 01:00:00+01:00,3.0744216
2025,CO2/CO/NOx,2025-01-23 02:00:00+01:00,2.2901304
2025,CO2/CO/NOx,2025-01-23 03:00:00+01:00,1.976414
2025,CO2/CO/NOx,2025-01-23 04:00:00+01:00,3.0587358
2025,CO2/CO/NOx,2025-01-23 05:00:00+01:00,3.2783372
2025,CO2/CO/NOx,2025-01-23 06:00:00+01:00,2.8861918
2025,CO2/CO/NOx,2025-01-23 07:00:00+01:00,2.8705058
2025,CO2/CO/NOx,2025-01-23 08:00:00+01:00,3.0116782
2025,CO2/CO/NOx,2025-01-23 09:00:00+01:00,3.0273643
2025,CO2/CO/NOx,2025-01-23 10:00:00+01:00,3.309709
2025,CO2/CO/NOx,2025-01-23 11:00:00+01:00,3.4508815
2025,CO2/CO/NOx,2025-01-23 12:00:00+01:00,3.4508815
2025,CO2/CO/NOx,2025-01-23 13:00:00+01:00,3.2469656
2025,CO2/CO/NOx,2025-01-23 14:00:00+01:00,3.121479
2025,CO2/CO/NOx,2025-01-23 15:00:00+01:00,2.2117014
2025,CO2/CO/NOx,2025-01-23 16:00:00+01:00,3.0744216
2025,CO2/CO/NOx,2025-01-23 17:00:00+01:00,2.6038468
2025,CO2/CO/NOx,2025-01-23 18:00:00+01:00,3.0273643
2025,CO2/CO/NOx,2025-01-23 19:00:00+01:00,3.4038239
2025,CO2/CO/NOx,2025-01-23 20:00:00+01:00,2.6195328
2025,CO2/CO/NOx,2025-01-23 21:00:00+01:00,1.976414
2025,CO2/CO/NOx,2025-01-23 22:00:00+01:00,2.4313028
2025,CO2/CO/NOx,2025-01-23 23:00:00+01:00,2.6979618
2025,CO2/CO/NOx,2025-01-24 00:00:00+01:00,2.1332722
2025,CO2/CO/NOx,2025-01-24 01:00:00+01:00,1.1921227
2025,CO2/CO/NOx,2025-01-24 02:00:00+01:00,1.1136936
2025,CO2/CO/NOx,2025-01-24 03:00:00+01:00,1.1136936
2025,CO2/CO/NOx,2025-01-24 04:00:00+01:00,1.1136936
2025,CO2/CO/NOx,2025-01-24 05:00:00+01:00,1.9920998
2025,CO2/CO/NOx,2025-01-24 06:00:00+01:00,3.215594
2025,CO2/CO/NOx,2025-01-24 07:00:00+01:00,2.9175634
2025,CO2/CO/NOx,2025-01-24 08:00:00+01:00,3.215594
2025,CO2/CO/NOx,2025-01-24 09:00:00+01:00,3.2940233
2025,CO2/CO/NOx,2025-01-24 10:00:00+01:00,2.6195328
2025,CO2/CO/NOx,2025-01-24 11:00:00+01:00,1.5372108
2025,CO2/CO/NOx,2025-01-24 12:00:00+01:00,1.42741
2025,CO2/CO/NOx,2025-01-24 13:00:00+01:00,1.42741
2025,CO2/CO/NOx,2025-01-24 14:00:00+01:00,1.42741
2025,CO2/CO/NOx,2025-01-24 15:00:00+01:00,1.9920998
2025,CO2/CO/NOx,2025-01-24 16:00:00+01:00,3.2312799
2025,CO2/CO/NOx,2025-01-24 17:00:00+01:00,3.2312799
2025,CO2/CO/NOx,2025-01-24 18:00:00+01:00,3.1999083
2025,CO2/CO/NOx,2025-01-24 19:00:00+01:00,2.9959924
2025,CO2/CO/NOx,2025-01-24 20:00:00+01:00,1.8195556
2025,CO2/CO/NOx,2025-01-24 21:00:00+01:00,1.5842683
2025,CO2/CO/NOx,2025-01-24 22:00:00+01:00,1.5999541
2025,CO2/CO/NOx,2025-01-24 23:00:00+01:00,2.1175864
2025,CO2/CO/NOx,2025-01-25 00:00:00+01:00,1.882299
2025,CO2/CO/NOx,2025-01-25 01:00:00+01:00,1.254866
2025,CO2/CO/NOx,2025-01-25 02:00:00+01:00,1.1293794
2025,CO2/CO/NOx,2025-01-25 03:00:00+01:00,1.1136936
2025,CO2/CO/NOx,2025-01-25 04:00:00+01:00,1.1293794
2025,CO2/CO/NOx,2025-01-25 05:00:00+01:00,1.1136936
2025,CO2/CO/NOx,2025-01-25 06:00:00+01:00,1.1293794
2025,CO2/CO/NOx,2025-01-25 07:00:00+01:00,1.1764369
2025,CO2/CO/NOx,2025-01-25 08:00:00+01:00,1.1764369
2025,CO2/CO/NOx,2025-01-25 09:00:00+01:00,1.1921227
2025,CO2/CO/NOx,2025-01-25 10:00:00+01:00,1.1921227
2025,CO2/CO/NOx,2025-01-25 11:00:00+01:00,1.1921227
2025,CO2/CO/NOx,2025-01-25 12:00:00+01:00,1.4430959
2025,CO2/CO/NOx,2025-01-25 13:00:00+01:00,2.4783604
2025,CO2/CO/NOx,2025-01-25 14:00:00+01:00,3.592054
2025,CO2/CO/NOx,2025-01-25 15:00:00+01:00,4.015571
2025,CO2/CO/NOx,2025-01-25 16:00:00+01:00,3.388138
2025,CO2/CO/NOx,2025-01-25 17:00:00+01:00,2.7607052
2025,CO2/CO/NOx,2025-01-25 18:00:00+01:00,2.6038468
2025,CO2/CO/NOx,2025-01-25 19:00:00+01:00,2.3528738
2025,CO2/CO/NOx,2025-01-25 20:00:00+01:00,2.9803066
2025,CO2/CO/NOx,2025-01-25 21:00:00+01:00,2.054843
2025,CO2/CO/NOx,2025-01-25 22:00:00+01:00,1.8979847
2025,CO2/CO/NOx,2025-01-25 23:00:00+01:00,1.694069
2025,CO2/CO/NOx,2025-01-26 00:00:00+01:00,2.4940462
2025,CO2/CO/NOx,2025-01-26 01:00:00+01:00,2.1019006
2025,CO2/CO/NOx,2025-01-26 02:00:00+01:00,1.5372108
2025,CO2/CO/NOx,2025-01-26 03:00:00+01:00,1.5528966
2025,CO2/CO/NOx,2025-01-26 04:00:00+01:00,1.4744675
2025,CO2/CO/NOx,2025-01-26 05:00:00+01:00,1.8038698
2025,CO2/CO/NOx,2025-01-26 06:00:00+01:00,1.960728
2025,CO2/CO/NOx,2025-01-26 07:00:00+01:00,1.9293565
2025,CO2/CO/NOx,2025-01-26 08:00:00+01:00,1.9293565
2025,CO2/CO/NOx,2025-01-26 09:00:00+01:00,1.9136707
2025,CO2/CO/NOx,2025-01-26 10:00:00+01:00,1.9293565
2025,CO2/CO/NOx,2025-01-26 11:00:00+01:00,1.8509274
2025,CO2/CO/NOx,2025-01-26 12:00:00+01:00,1.694069
2025,CO2/CO/NOx,2025-01-26 13:00:00+01:00,1.694069
2025,CO2/CO/NOx,2025-01-26 14:00:00+01:00,1.8352414
2025,CO2/CO/NOx,2025-01-26 15:00:00+01:00,1.882299
2025,CO2/CO/NOx,2025-01-26 16:00:00+01:00,1.9920998
2025,CO2/CO/NOx,2025-01-26 17:00:00+01:00,2.1960154
2025,CO2/CO/NOx,2025-01-26 18:00:00+01:00,2.4626744
2025,CO2/CO/NOx,2025-01-26 19:00:00+01:00,2.6509044
2025,CO2/CO/NOx,2025-01-26 20:00:00+01:00,2.588161
2025,CO2/CO/NOx,2025-01-26 21:00:00+01:00,2.4783604
2025,CO2/CO/NOx,2025-01-26 22:00:00+01:00,2.0862148
2025,CO2/CO/NOx,2025-01-26 23:00:00+01:00,1.976414
2025,CO2/CO/NOx,2025-01-27 00:00:00+01:00,1.4430959
2025,CO2/CO/NOx,2025-01-27 01:00:00+01:00,1.1136936
2025,CO2/CO/NOx,2025-01-27 02:00:00+01:00,1.1136936
2025,CO2/CO/NOx,2025-01-27 03:00:00+01:00,1.1136936
2025,CO2/CO/NOx,2025-01-27 04:00:00+01:00,1.1293794
2025,CO2/CO/NOx,2025-01-27 05:00:00+01:00,1.1136936
2025,CO2/CO/NOx,2025-01-27 06:00:00+01:00,1.2391802
2025,CO2/CO/NOx,2025-01-27 07:00:00+01:00,1.9450423
2025,CO2/CO/NOx,2025-01-27 08:00:00+01:00,3.0901074
2025,CO2/CO/NOx,2025-01-27 09:00:00+01:00,2.7136476
2025,CO2/CO/NOx,2025-01-27 10:00:00+01:00,1.788184
2025,CO2/CO/NOx,2025-01-27 11:00:00+01:00,1.3332951
2025,CO2/CO/NOx,2025-01-27 12:00:00+01:00,1.6313257
2025,CO2/CO/NOx,2025-01-27 13:00:00+01:00,2.85482
2025,CO2/CO/NOx,2025-01-27 14:00:00+01:00,2.2587588
2025,CO2/CO/NOx,2025-01-27 15:00:00+01:00,1.42741
2025,CO2/CO/NOx,2025-01-27 16:00:00+01:00,1.4117242
2025,CO2/CO/NOx,2025-01-27 17:00:00+01:00,1.521525
2025,CO2/CO/NOx,2025-01-27 18:00:00+01:00,1.5842683
2025,CO2/CO/NOx,2025-01-27 19:00:00+01:00,1.5842683
2025,CO2/CO/NOx,2025-01-27 20:00:00+01:00,1.5842683
2025,CO2/CO/NOx,2025-01-27 21:00:00+01:00,1.5842683
2025,CO2/CO/NOx,2025-01-27 22:00:00+01:00,1.5372108
2025,CO2/CO/NOx,2025-01-27 23:00:00+01:00,1.5842683
2025,CO2/CO/NOx,2025-01-28 00:00:00+01:00,1.4587817
2025,CO2/CO/NOx,2025-01-28 01:00:00+01:00,1.3489809
2025,CO2/CO/NOx,2025-01-28 02:00:00+01:00,1.3332951
2025,CO2/CO/NOx,2025-01-28 03:00:00+01:00,1.3489809
2025,CO2/CO/NOx,2025-01-28 04:00:00+01:00,1.3960384
2025,CO2/CO/NOx,2025-01-28 05:00:00+01:00,1.4117242
2025,CO2/CO/NOx,2025-01-28 06:00:00+01:00,1.5058391
2025,CO2/CO/NOx,2025-01-28 07:00:00+01:00,1.7254407
2025,CO2/CO/NOx,2025-01-28 08:00:00+01:00,1.8352414
2025,CO2/CO/NOx,2025-01-28 09:00:00+01:00,1.882299
2025,CO2/CO/NOx,2025-01-28 10:00:00+01:00,2.1019006
2025,CO2/CO/NOx,2025-01-28 11:00:00+01:00,2.321502
2025,CO2/CO/NOx,2025-01-28 12:00:00+01:00,2.4940462
2025,CO2/CO/NOx,2025-01-28 13:00:00+01:00,2.8077626
2025,CO2/CO/NOx,2025-01-28 14:00:00+01:00,2.7607052
2025,CO2/CO/NOx,2025-01-28 15:00:00+01:00,2.6038468
2025,CO2/CO/NOx,2025-01-28 16:00:00+01:00,2.3058162
2025,CO2/CO/NOx,2025-01-28 17:00:00+01:00,2.3058162
2025,CO2/CO/NOx,2025-01-28 18:00:00+01:00,2.7293334
2025,CO2/CO/NOx,2025-01-28 19:00:00+01:00,2.5254178
2025,CO2/CO/NOx,2025-01-28 20:00:00+01:00,2.2587588
2025,CO2/CO/NOx,2025-01-28 21:00:00+01:00,2.243073
2025,CO2/CO/NOx,2025-01-28 22:00:00+01:00,2.243073
2025,CO2/CO/NOx,2025-01-28 23:00:00+01:00,2.2744446
2025,CO2/CO/NOx,2025-01-29 00:00:00+01:00,2.1175864
2025,CO2/CO/NOx,2025-01-29 01:00:00+01:00,2.0391572
2025,CO2/CO/NOx,2025-01-29 02:00:00+01:00,2.0391572
2025,CO2/CO/NOx,2025-01-29 03:00:00+01:00,2.0391572
2025,CO2/CO/NOx,2025-01-29 04:00:00+01:00,2.054843
2025,CO2/CO/NOx,2025-01-29 05:00:00+01:00,2.0391572
2025,CO2/CO/NOx,2025-01-29 06:00:00+01:00,2.1175864
2025,CO2/CO/NOx,2025-01-29 07:00:00+01:00,2.3058162
2025,CO2/CO/NOx,2025-01-29 08:00:00+01:00,2.8391342
2025,CO2/CO/NOx,2025-01-29 09:00:00+01:00,2.4469886
2025,CO2/CO/NOx,2025-01-29 10:00:00+01:00,2.054843
2025,CO2/CO/NOx,2025-01-29 11:00:00+01:00,1.788184
2025,CO2/CO/NOx,2025-01-29 12:00:00+01:00,1.3489809
2025,CO2/CO/NOx,2025-01-29 13:00:00+01:00,2.7607052
2025,CO2/CO/NOx,2025-01-29 14:00:00+01:00,2.4783604
2025,CO2/CO/NOx,2025-01-29 15:00:00+01:00,2.8234484
2025,CO2/CO/NOx,2025-01-29 16:00:00+01:00,2.9803066
2025,CO2/CO/NOx,2025-01-29 17:00:00+01:00,2.776391
2025,CO2/CO/NOx,2025-01-29 18:00:00+01:00,2.415617
2025,CO2/CO/NOx,2025-01-29 19:00:00+01:00,2.3528738
2025,CO2/CO/NOx,2025-01-29 20:00:00+01:00,2.3528738
2025,CO2/CO/NOx,2025-01-29 21:00:00+01:00,2.3528738
2025,CO2/CO/NOx,2025-01-29 22:00:00+01:00,2.1019006
2025,CO2/CO/NOx,2025-01-29 23:00:00+01:00,1.709755
2025,CO2/CO/NOx,2025-01-30 00:00:00+01:00,1.788184
2025,CO2/CO/NOx,2025-01-30 01:00:00+01:00,1.6626974
2025,CO2/CO/NOx,2025-01-30 02:00:00+01:00,1.6470116
2025,CO2/CO/NOx,2025-01-30 03:00:00+01:00,1.694069
2025,CO2/CO/NOx,2025-01-30 04:00:00+01:00,1.8666131
2025,CO2/CO/NOx,2025-01-30 05:00:00+01:00,2.0705287
2025,CO2/CO/NOx,2025-01-30 06:00:00+01:00,2.3842454
2025,CO2/CO/NOx,2025-01-30 07:00:00+01:00,2.9332492
2025,CO2/CO/NOx,2025-01-30 08:00:00+01:00,3.04305
2025,CO2/CO/NOx,2025-01-30 09:00:00+01:00,2.9803066
2025,CO2/CO/NOx,2025-01-30 10:00:00+01:00,2.4469886
2025,CO2/CO/NOx,2025-01-30 11:00:00+01:00,2.7920768
2025,CO2/CO/NOx,2025-01-30 12:00:00+01:00,2.415617
2025,CO2/CO/NOx,2025-01-30 13:00:00+01:00,1.6626974
2025,CO2/CO/NOx,2025-01-30 14:00:00+01:00,1.5058391
2025,CO2/CO/NOx,2025-01-30 15:00:00+01:00,1.6470116
2025,CO2/CO/NOx,2025-01-30 16:00:00+01:00,1.8666131
2025,CO2/CO/NOx,2025-01-30 17:00:00+01:00,2.054843
2025,CO2/CO/NOx,2025-01-30 18:00:00+01:00,2.054843
2025,CO2/CO/NOx,2025-01-30 19:00:00+01:00,2.054843
2025,CO2/CO/NOx,2025-01-30 20:00:00+01:00,2.054843
2025,CO2/CO/NOx,2025-01-30 21:00:00+01:00,1.8979847
2025,CO2/CO/NOx,2025-01-30 22:00:00+01:00,1.8352414
2025,CO2/CO/NOx,2025-01-30 23:00:00+01:00,1.5528966
2025,CO2/CO/NOx,2025-01-31 00:00:00+01:00,1.4744675
2025,CO2/CO/NOx,2025-01-31 01:00:00+01:00,1.254866
2025,CO2/CO/NOx,2025-01-31 02:00:00+01:00,1.1921227
2025,CO2/CO/NOx,2025-01-31 03:00:00+01:00,1.1293794
2025,CO2/CO/NOx,2025-01-31 04:00:00+01:00,1.3019234
2025,CO2/CO/NOx,2025-01-31 05:00:00+01:00,1.5372108
2025,CO2/CO/NOx,2025-01-31 06:00:00+01:00,1.7724981
2025,CO2/CO/NOx,2025-01-31 07:00:00+01:00,2.4626744
2025,CO2/CO/NOx,2025-01-31 08:00:00+01:00,2.776391
2025,CO2/CO/NOx,2025-01-31 09:00:00+01:00,2.7293334
2025,CO2/CO/NOx,2025-01-31 10:00:00+01:00,2.0862148
2025,CO2/CO/NOx,2025-01-31 11:00:00+01:00,1.8979847
2025,CO2/CO/NOx,2025-01-31 12:00:00+01:00,1.788184
2025,CO2/CO/NOx,2025-01-31 13:00:00+01:00,1.8195556
2025,CO2/CO/NOx,2025-01-31 14:00:00+01:00,1.9920998
2025,CO2/CO/NOx,2025-01-31 15:00:00+01:00,2.0862148
2025,CO2/CO/NOx,2025-01-31 16:00:00+01:00,2.1960154
2025,CO2/CO/NOx,2025-01-31 17:00:00+01:00,2.2744446
2025,CO2/CO/NOx,2025-01-31 18:00:00+01:00,2.4313028
2025,CO2/CO/NOx,2025-01-31 19:00:00+01:00,2.4469886
2025,CO2/CO/NOx,2025-01-31 20:00:00+01:00,2.1960154
2025,CO2/CO/NOx,2025-01-31 21:00:00+01:00,2.0391572
2025,CO2/CO/NOx,2025-01-31 22:00:00+01:00,1.8038698
2025,CO2/CO/NOx,2025-01-31 23:00:00+01:00,1.4744675
2025,CO2/CO/NOx,2025-02-01 00:00:00+01:00,1.1136936
2025,CO2/CO/NOx,2025-02-01 01:00:00+01:00,1.1136936
2025,CO2/CO/NOx,2025-02-01 02:00:00+01:00,1.1136936
2025,CO2/CO/NOx,2025-02-01 03:00:00+01:00,1.1136936
2025,CO2/CO/NOx,2025-02-01 04:00:00+01:00,1.3960384
2025,CO2/CO/NOx,2025-02-01 05:00:00+01:00,1.4587817
2025,CO2/CO/NOx,2025-02-01 06:00:00+01:00,1.709755
2025,CO2/CO/NOx,2025-02-01 07:00:00+01:00,1.6783832
2025,CO2/CO/NOx,2025-02-01 08:00:00+01:00,1.8666131
2025,CO2/CO/NOx,2025-02-01 09:00:00+01:00,2.1019006
2025,CO2/CO/NOx,2025-02-01 10:00:00+01:00,2.1019006
2025,CO2/CO/NOx,2025-02-01 11:00:00+01:00,2.0234714
2025,CO2/CO/NOx,2025-02-01 12:00:00+01:00,2.2117014
2025,CO2/CO/NOx,2025-02-01 13:00:00+01:00,2.0077856
2025,CO2/CO/NOx,2025-02-01 14:00:00+01:00,1.9920998
2025,CO2/CO/NOx,2025-02-01 15:00:00+01:00,2.0077856
2025,CO2/CO/NOx,2025-02-01 16:00:00+01:00,2.0234714
2025,CO2/CO/NOx,2025-02-01 17:00:00+01:00,2.0234714
2025,CO2/CO/NOx,2025-02-01 18:00:00+01:00,2.054843
2025,CO2/CO/NOx,2025-02-01 19:00:00+01:00,1.9293565
2025,CO2/CO/NOx,2025-02-01 20:00:00+01:00,2.0077856
2025,CO2/CO/NOx,2025-02-01 21:00:00+01:00,1.8352414
2025,CO2/CO/NOx,2025-02-01 22:00:00+01:00,1.6156399
2025,CO2/CO/NOx,2025-02-01 23:00:00+01:00,1.5058391
2025,CO2/CO/NOx,2025-02-02 00:00:00+01:00,1.694069
2025,CO2/CO/NOx,2025-02-02 01:00:00+01:00,1.7568123
2025,CO2/CO/NOx,2025-02-02 02:00:00+01:00,1.8509274
2025,CO2/CO/NOx,2025-02-02 03:00:00+01:00,1.8038698
2025,CO2/CO/NOx,2025-02-02 04:00:00+01:00,1.7568123
2025,CO2/CO/NOx,2025-02-02 05:00:00+01:00,1.7568123
2025,CO2/CO/NOx,2025-02-02 06:00:00+01:00,1.8979847
2025,CO2/CO/NOx,2025-02-02 07:00:00+01:00,1.7724981
2025,CO2/CO/NOx,2025-02-02 08:00:00+01:00,1.8195556
2025,CO2/CO/NOx,2025-02-02 09:00:00+01:00,2.0077856
2025,CO2/CO/NOx,2025-02-02 10:00:00+01:00,2.2117014
2025,CO2/CO/NOx,2025-02-02 11:00:00+01:00,2.3528738
2025,CO2/CO/NOx,2025-02-02 12:00:00+01:00,2.4469886
2025,CO2/CO/NOx,2025-02-02 13:00:00+01:00,2.588161
2025,CO2/CO/NOx,2025-02-02 14:00:00+01:00,2.5411036
2025,CO2/CO/NOx,2025-02-02 15:00:00+01:00,2.4313028
2025,CO2/CO/NOx,2025-02-02 16:00:00+01:00,2.4313028
2025,CO2/CO/NOx,2025-02-02 17:00:00+01:00,2.4940462
2025,CO2/CO/NOx,2025-02-02 18:00:00+01:00,2.2901304
2025,CO2/CO/NOx,2025-02-02 19:00:00+01:00,2.2901304
2025,CO2/CO/NOx,2025-02-02 20:00:00+01:00,2.2587588
2025,CO2/CO/NOx,2025-02-02 21:00:00+01:00,2.0862148
2025,CO2/CO/NOx,2025-02-02 22:00:00+01:00,1.9450423
2025,CO2/CO/NOx,2025-02-02 23:00:00+01:00,1.5528966
2025,CO2/CO/NOx,2025-02-03 00:00:00+01:00,1.1764369
2025,CO2/CO/NOx,2025-02-03 01:00:00+01:00,1.2078085
2025,CO2/CO/NOx,2025-02-03 02:00:00+01:00,1.1136936
2025,CO2/CO/NOx,2025-02-03 03:00:00+01:00,1.1136936
2025,CO2/CO/NOx,2025-02-03 04:00:00+01:00,1.160751
2025,CO2/CO/NOx,2025-02-03 05:00:00+01:00,1.5528966
2025,CO2/CO/NOx,2025-02-03 06:00:00+01:00,1.9920998
2025,CO2/CO/NOx,2025-02-03 07:00:00+01:00,2.9959924
2025,CO2/CO/NOx,2025-02-03 08:00:00+01:00,2.9332492
2025,CO2/CO/NOx,2025-02-03 09:00:00+01:00,2.8705058
2025,CO2/CO/NOx,2025-02-03 10:00:00+01:00,2.8391342
2025,CO2/CO/NOx,2025-02-03 11:00:00+01:00,2.8234484
2025,CO2/CO/NOx,2025-02-03 12:00:00+01:00,2.9018776
2025,CO2/CO/NOx,2025-02-03 13:00:00+01:00,2.8861918
2025,CO2/CO/NOx,2025-02-03 14:00:00+01:00,2.8391342
2025,CO2/CO/NOx,2025-02-03 15:00:00+01:00,2.9646208
2025,CO2/CO/NOx,2025-02-03 16:00:00+01:00,2.9803066
2025,CO2/CO/NOx,2025-02-03 17:00:00+01:00,2.9959924
2025,CO2/CO/NOx,2025-02-03 18:00:00+01:00,3.0901074
2025,CO2/CO/NOx,2025-02-03 19:00:00+01:00,3.215594
2025,CO2/CO/NOx,2025-02-03 20:00:00+01:00,3.1057932
2025,CO2/CO/NOx,2025-02-03 21:00:00+01:00,2.6979618
2025,CO2/CO/NOx,2025-02-03 22:00:00+01:00,2.415617
2025,CO2/CO/NOx,2025-02-03 23:00:00+01:00,2.0234714
2025,CO2/CO/NOx,2025-02-04 00:00:00+01:00,1.694069
2025,CO2/CO/NOx,2025-02-04 01:00:00+01:00,1.5999541
2025,CO2/CO/NOx,2025-02-04 02:00:00+01:00,1.882299
2025,CO2/CO/NOx,2025-02-04 03:00:00+01:00,3.1371648
2025,CO2/CO/NOx,2025-02-04 04:00:00+01:00,3.309709
2025,CO2/CO/NOx,2025-02-04 05:00:00+01:00,2.8234484
2025,CO2/CO/NOx,2025-02-04 06:00:00+01:00,2.588161
2025,CO2/CO/NOx,2025-02-04 07:00:00+01:00,2.8234484
2025,CO2/CO/NOx,2025-02-04 08:00:00+01:00,2.9646208
2025,CO2/CO/NOx,2025-02-04 09:00:00+01:00,2.9959924
2025,CO2/CO/NOx,2025-02-04 10:00:00+01:00,3.0116782
2025,CO2/CO/NOx,2025-02-04 11:00:00+01:00,3.0116782
2025,CO2/CO/NOx,2025-02-04 12:00:00+01:00,3.0587358
2025,CO2/CO/NOx,2025-02-04 13:00:00+01:00,3.04305
2025,CO2/CO/NOx,2025-02-04 14:00:00+01:00,3.0587358
2025,CO2/CO/NOx,2025-02-04 15:00:00+01:00,2.7920768
2025,CO2/CO/NOx,2025-02-04 16:00:00+01:00,2.5254178
2025,CO2/CO/NOx,2025-02-04 17:00:00+01:00,2.776391
2025,CO2/CO/NOx,2025-02-04 18:00:00+01:00,2.948935
2025,CO2/CO/NOx,2025-02-04 19:00:00+01:00,2.9332492
2025,CO2/CO/NOx,2025-02-04 20:00:00+01:00,2.8861918
2025,CO2/CO/NOx,2025-02-04 21:00:00+01:00,2.6665902
2025,CO2/CO/NOx,2025-02-04 22:00:00+01:00,2.588161
2025,CO2/CO/NOx,2025-02-04 23:00:00+01:00,2.0705287
2025,CO2/CO/NOx,2025-02-05 00:00:00+01:00,2.321502
2025,CO2/CO/NOx,2025-02-05 01:00:00+01:00,2.7293334
2025,CO2/CO/NOx,2025-02-05 02:00:00+01:00,2.1175864
2025,CO2/CO/NOx,2025-02-05 03:00:00+01:00,2.1175864
2025,CO2/CO/NOx,2025-02-05 04:00:00+01:00,2.9959924
2025,CO2/CO/NOx,2025-02-05 05:00:00+01:00,2.8705058
2025,CO2/CO/NOx,2025-02-05 06:00:00+01:00,2.9803066
2025,CO2/CO/NOx,2025-02-05 07:00:00+01:00,3.0273643
2025,CO2/CO/NOx,2025-02-05 08:00:00+01:00,2.9959924
2025,CO2/CO/NOx,2025-02-05 09:00:00+01:00,3.0116782
2025,CO2/CO/NOx,2025-02-05 10:00:00+01:00,3.0273643
2025,CO2/CO/NOx,2025-02-05 11:00:00+01:00,3.1371648
2025,CO2/CO/NOx,2025-02-05 12:00:00+01:00,3.1685367
2025,CO2/CO/NOx,2025-02-05 13:00:00+01:00,2.9959924
2025,CO2/CO/NOx,2025-02-05 14:00:00+01:00,2.3999312
2025,CO2/CO/NOx,2025-02-05 15:00:00+01:00,2.2273872
2025,CO2/CO/NOx,2025-02-05 16:00:00+01:00,2.3528738
2025,CO2/CO/NOx,2025-02-05 17:00:00+01:00,2.6665902
2025,CO2/CO/NOx,2025-02-05 18:00:00+01:00,2.8234484
2025,CO2/CO/NOx,2025-02-05 19:00:00+01:00,2.85482
2025,CO2/CO/NOx,2025-02-05 20:00:00+01:00,2.6038468
2025,CO2/CO/NOx,2025-02-05 21:00:00+01:00,2.3685596
2025,CO2/CO/NOx,2025-02-05 22:00:00+01:00,2.3685596
2025,CO2/CO/NOx,2025-02-05 23:00:00+01:00,2.0391572
2025,CO2/CO/NOx,2025-02-06 00:00:00+01:00,1.7724981
2025,CO2/CO/NOx,2025-02-06 01:00:00+01:00,1.5058391
2025,CO2/CO/NOx,2025-02-06 02:00:00+01:00,1.4744675
2025,CO2/CO/NOx,2025-02-06 03:00:00+01:00,1.4901533
2025,CO2/CO/NOx,2025-02-06 04:00:00+01:00,1.8509274
2025,CO2/CO/NOx,2025-02-06 05:00:00+01:00,2.3999312
2025,CO2/CO/NOx,2025-02-06 06:00:00+01:00,2.6195328
2025,CO2/CO/NOx,2025-02-06 07:00:00+01:00,2.9646208
2025,CO2/CO/NOx,2025-02-06 08:00:00+01:00,3.0587358
2025,CO2/CO/NOx,2025-02-06 09:00:00+01:00,3.04305
2025,CO2/CO/NOx,2025-02-06 10:00:00+01:00,2.9018776
2025,CO2/CO/NOx,2025-02-06 11:00:00+01:00,2.7450194
2025,CO2/CO/NOx,2025-02-06 12:00:00+01:00,2.776391
2025,CO2/CO/NOx,2025-02-06 13:00:00+01:00,2.8234484
2025,CO2/CO/NOx,2025-02-06 14:00:00+01:00,2.85482
2025,CO2/CO/NOx,2025-02-06 15:00:00+01:00,2.85482
2025,CO2/CO/NOx,2025-02-06 16:00:00+01:00,2.9175634
2025,CO2/CO/NOx,2025-02-06 17:00:00+01:00,2.9175634
2025,CO2/CO/NOx,2025-02-06 18:00:00+01:00,2.8234484
2025,CO2/CO/NOx,2025-02-06 19:00:00+01:00,2.7607052
2025,CO2/CO/NOx,2025-02-06 20:00:00+01:00,2.7607052
2025,CO2/CO/NOx,2025-02-06 21:00:00+01:00,2.6665902
2025,CO2/CO/NOx,2025-02-06 22:00:00+01:00,2.2744446
2025,CO2/CO/NOx,2025-02-06 23:00:00+01:00,1.7254407
2025,CO2/CO/NOx,2025-02-07 00:00:00+01:00,1.4117242
2025,CO2/CO/NOx,2025-02-07 01:00:00+01:00,1.2234943
2025,CO2/CO/NOx,2025-02-07 02:00:00+01:00,1.1764369
2025,CO2/CO/NOx,2025-02-07 03:00:00+01:00,1.1764369
2025,CO2/CO/NOx,2025-02-07 04:00:00+01:00,1.4587817
2025,CO2/CO/NOx,2025-02-07 05:00:00+01:00,2.0862148
2025,CO2/CO/NOx,2025-02-07 06:00:00+01:00,2.5567894
2025,CO2/CO/NOx,2025-02-07 07:00:00+01:00,2.7920768
2025,CO2/CO/NOx,2025-02-07 08:00:00+01:00,2.9018776
2025,CO2/CO/NOx,2025-02-07 09:00:00+01:00,2.8077626
2025,CO2/CO/NOx,2025-02-07 10:00:00+01:00,2.509732
2025,CO2/CO/NOx,2025-02-07 11:00:00+01:00,2.1646438
2025,CO2/CO/NOx,2025-02-07 12:00:00+01:00,1.8979847
2025,CO2/CO/NOx,2025-02-07 13:00:00+01:00,1.8509274
2025,CO2/CO/NOx,2025-02-07 14:00:00+01:00,1.788184
2025,CO2/CO/NOx,2025-02-07 15:00:00+01:00,1.9293565
2025,CO2/CO/NOx,2025-02-07 16:00:00+01:00,1.9450423
2025,CO2/CO/NOx,2025-02-07 17:00:00+01:00,2.1175864
2025,CO2/CO/NOx,2025-02-07 18:00:00+01:00,2.148958
2025,CO2/CO/NOx,2025-02-07 19:00:00+01:00,2.0862148
2025,CO2/CO/NOx,2025-02-07 20:00:00+01:00,2.0077856
2025,CO2/CO/NOx,2025-02-07 21:00:00+01:00,1.8666131
2025,CO2/CO/NOx,2025-02-07 22:00:00+01:00,1.6470116
2025,CO2/CO/NOx,2025-02-07 23:00:00+01:00,1.4117242
2025,CO2/CO/NOx,2025-02-08 00:00:00+01:00,1.4901533
2025,CO2/CO/NOx,2025-02-08 01:00:00+01:00,2.8705058
2025,CO2/CO/NOx,2025-02-08 02:00:00+01:00,2.9803066
2025,CO2/CO/NOx,2025-02-08 03:00:00+01:00,3.1842225
2025,CO2/CO/NOx,2025-02-08 04:00:00+01:00,3.309709
2025,CO2/CO/NOx,2025-02-08 05:00:00+01:00,3.1685367
2025,CO2/CO/NOx,2025-02-08 06:00:00+01:00,3.0587358
2025,CO2/CO/NOx,2025-02-08 07:00:00+01:00,3.0587358
2025,CO2/CO/NOx,2025-02-08 08:00:00+01:00,3.0116782
2025,CO2/CO/NOx,2025-02-08 09:00:00+01:00,2.9175634
2025,CO2/CO/NOx,2025-02-08 10:00:00+01:00,2.8861918
2025,CO2/CO/NOx,2025-02-08 11:00:00+01:00,2.776391
2025,CO2/CO/NOx,2025-02-08 12:00:00+01:00,2.776391
2025,CO2/CO/NOx,2025-02-08 13:00:00+01:00,2.776391
2025,CO2/CO/NOx,2025-02-08 14:00:00+01:00,2.4940462
2025,CO2/CO/NOx,2025-02-08 15:00:00+01:00,2.4469886
2025,CO2/CO/NOx,2025-02-08 16:00:00+01:00,2.9959924
2025,CO2/CO/NOx,2025-02-08 17:00:00+01:00,3.121479
2025,CO2/CO/NOx,2025-02-08 18:00:00+01:00,3.121479
2025,CO2/CO/NOx,2025-02-08 19:00:00+01:00,3.1371648
2025,CO2/CO/NOx,2025-02-08 20:00:00+01:00,3.1371648
2025,CO2/CO/NOx,2025-02-08 21:00:00+01:00,3.1371648
2025,CO2/CO/NOx,2025-02-08 22:00:00+01:00,3.1685367
2025,CO2/CO/NOx,2025-02-08 23:00:00+01:00,3.1685367
2025,CO2/CO/NOx,2025-02-09 00:00:00+01:00,3.0744216
2025,CO2/CO/NOx,2025-02-09 01:00:00+01:00,3.0273643
2025,CO2/CO/NOx,2025-02-09 02:00:00+01:00,3.0273643
2025,CO2/CO/NOx,2025-02-09 03:00:00+01:00,2.9803066
2025,CO2/CO/NOx,2025-02-09 04:00:00+01:00,2.9959924
2025,CO2/CO/NOx,2025-02-09 05:00:00+01:00,2.3528738
2025,CO2/CO/NOx,2025-02-09 06:00:00+01:00,1.5842683
2025,CO2/CO/NOx,2025-02-09 07:00:00+01:00,1.5842683
2025,CO2/CO/NOx,2025-02-09 08:00:00+01:00,1.6156399
2025,CO2/CO/NOx,2025-02-09 09:00:00+01:00,1.8195556
2025,CO2/CO/NOx,2025-02-09 10:00:00+01:00,3.215594
2025,CO2/CO/NOx,2025-02-09 11:00:00+01:00,2.682276
2025,CO2/CO/NOx,2025-02-09 12:00:00+01:00,2.8234484
2025,CO2/CO/NOx,2025-02-09 13:00:00+01:00,2.9959924
2025,CO2/CO/NOx,2025-02-09 14:00:00+01:00,2.9803066
2025,CO2/CO/NOx,2025-02-09 15:00:00+01:00,3.1057932
2025,CO2/CO/NOx,2025-02-09 16:00:00+01:00,3.121479
2025,CO2/CO/NOx,2025-02-09 17:00:00+01:00,2.415617
2025,CO2/CO/NOx,2025-02-09 18:00:00+01:00,1.254866
2025,CO2/CO/NOx,2025-02-09 19:00:00+01:00,1.254866
2025,CO2/CO/NOx,2025-02-09 20:00:00+01:00,1.254866
2025,CO2/CO/NOx,2025-02-09 21:00:00+01:00,1.2705518
2025,CO2/CO/NOx,2025-02-09 22:00:00+01:00,1.2705518
2025,CO2/CO/NOx,2025-02-09 23:00:00+01:00,1.254866
2025,CO2/CO/NOx,2025-02-10 00:00:00+01:00,1.2391802
2025,CO2/CO/NOx,2025-02-10 01:00:00+01:00,1.254866
2025,CO2/CO/NOx,2025-02-10 02:00:00+01:00,1.9136707
2025,CO2/CO/NOx,2025-02-10 03:00:00+01:00,2.3999312
2025,CO2/CO/NOx,2025-02-10 04:00:00+01:00,1.9450423
2025,CO2/CO/NOx,2025-02-10 05:00:00+01:00,1.8195556
2025,CO2/CO/NOx,2025-02-10 06:00:00+01:00,2.3528738
2025,CO2/CO/NOx,2025-02-10 07:00:00+01:00,2.7136476
2025,CO2/CO/NOx,2025-02-10 08:00:00+01:00,2.9175634
2025,CO2/CO/NOx,2025-02-10 09:00:00+01:00,2.6665902
2025,CO2/CO/NOx,2025-02-10 10:00:00+01:00,2.3842454
2025,CO2/CO/NOx,2025-02-10 11:00:00+01:00,2.2117014
2025,CO2/CO/NOx,2025-02-10 12:00:00+01:00,2.1960154
2025,CO2/CO/NOx,2025-02-10 13:00:00+01:00,2.1175864
2025,CO2/CO/NOx,2025-02-10 14:00:00+01:00,1.882299
2025,CO2/CO/NOx,2025-02-10 15:00:00+01:00,1.4430959
2025,CO2/CO/NOx,2025-02-10 16:00:00+01:00,1.3176093
2025,CO2/CO/NOx,2025-02-10 17:00:00+01:00,1.7568123
2025,CO2/CO/NOx,2025-02-10 18:00:00+01:00,1.9450423
2025,CO2/CO/NOx,2025-02-10 19:00:00+01:00,2.1019006
2025,CO2/CO/NOx,2025-02-10 20:00:00+01:00,1.9450423
2025,CO2/CO/NOx,2025-02-10 21:00:00+01:00,1.8509274
2025,CO2/CO/NOx,2025-02-10 22:00:00+01:00,1.9920998
2025,CO2/CO/NOx,2025-02-10 23:00:00+01:00,1.694069
2025,CO2/CO/NOx,2025-02-11 00:00:00+01:00,1.42741
2025,CO2/CO/NOx,2025-02-11 01:00:00+01:00,1.4117242
2025,CO2/CO/NOx,2025-02-11 02:00:00+01:00,1.5058391
2025,CO2/CO/NOx,2025-02-11 03:00:00+01:00,1.5842683
2025,CO2/CO/NOx,2025-02-11 04:00:00+01:00,1.5685824
2025,CO2/CO/NOx,2025-02-11 05:00:00+01:00,1.788184
2025,CO2/CO/NOx,2025-02-11 06:00:00+01:00,2.2587588
2025,CO2/CO/NOx,2025-02-11 07:00:00+01:00,2.8234484
2025,CO2/CO/NOx,2025-02-11 08:00:00+01:00,2.9803066
2025,CO2/CO/NOx,2025-02-11 09:00:00+01:00,2.9803066
2025,CO2/CO/NOx,2025-02-11 10:00:00+01:00,2.682276
2025,CO2/CO/NOx,2025-02-11 11:00:00+01:00,2.7136476
2025,CO2/CO/NOx,2025-02-11 12:00:00+01:00,2.415617
2025,CO2/CO/NOx,2025-02-11 13:00:00+01:00,1.976414
2025,CO2/CO/NOx,2025-02-11 14:00:00+01:00,2.0234714
2025,CO2/CO/NOx,2025-02-11 15:00:00+01:00,2.1019006
2025,CO2/CO/NOx,2025-02-11 16:00:00+01:00,2.2587588
2025,CO2/CO/NOx,2025-02-11 17:00:00+01:00,2.6352186
2025,CO2/CO/NOx,2025-02-11 18:00:00+01:00,2.9018776
2025,CO2/CO/NOx,2025-02-11 19:00:00+01:00,2.8077626
2025,CO2/CO/NOx,2025-02-11 20:00:00+01:00,2.4783604
2025,CO2/CO/NOx,2025-02-11 21:00:00+01:00,2.3058162
2025,CO2/CO/NOx,2025-02-11 22:00:00+01:00,2.2273872
2025,CO2/CO/NOx,2025-02-11 23:00:00+01:00,1.882299
2025,CO2/CO/NOx,2025-02-12 00:00:00+01:00,1.3332951
2025,CO2/CO/NOx,2025-02-12 01:00:00+01:00,1.4117242
2025,CO2/CO/NOx,2025-02-12 02:00:00+01:00,1.4117242
2025,CO2/CO/NOx,2025-02-12 03:00:00+01:00,1.4117242
2025,CO2/CO/NOx,2025-02-12 04:00:00+01:00,1.709755
2025,CO2/CO/NOx,2025-02-12 05:00:00+01:00,1.9136707
2025,CO2/CO/NOx,2025-02-12 06:00:00+01:00,2.2744446
2025,CO2/CO/NOx,2025-02-12 07:00:00+01:00,2.4313028
2025,CO2/CO/NOx,2025-02-12 08:00:00+01:00,2.3842454
2025,CO2/CO/NOx,2025-02-12 09:00:00+01:00,2.2117014
2025,CO2/CO/NOx,2025-02-12 10:00:00+01:00,2.1646438
2025,CO2/CO/NOx,2025-02-12 11:00:00+01:00,2.1646438
2025,CO2/CO/NOx,2025-02-12 12:00:00+01:00,2.148958
2025,CO2/CO/NOx,2025-02-12 13:00:00+01:00,2.1175864
2025,CO2/CO/NOx,2025-02-12 14:00:00+01:00,1.5842683
2025,CO2/CO/NOx,2025-02-12 15:00:00+01:00,1.4587817
2025,CO2/CO/NOx,2025-02-12 16:00:00+01:00,1.521525
2025,CO2/CO/NOx,2025-02-12 17:00:00+01:00,1.6626974
2025,CO2/CO/NOx,2025-02-12 18:00:00+01:00,1.8666131
2025,CO2/CO/NOx,2025-02-12 19:00:00+01:00,1.8038698
2025,CO2/CO/NOx,2025-02-12 20:00:00+01:00,1.5058391
2025,CO2/CO/NOx,2025-02-12 21:00:00+01:00,1.3332951
2025,CO2/CO/NOx,2025-02-12 22:00:00+01:00,1.1764369
2025,CO2/CO/NOx,2025-02-12 23:00:00+01:00,1.1136936
2025,CO2/CO/NOx,2025-02-13 00:00:00+01:00,1.4587817
2025,CO2/CO/NOx,2025-02-13 01:00:00+01:00,1.254866
2025,CO2/CO/NOx,2025-02-13 02:00:00+01:00,1.1921227
2025,CO2/CO/NOx,2025-02-13 03:00:00+01:00,1.1921227
2025,CO2/CO/NOx,2025-02-13 04:00:00+01:00,1.1921227
2025,CO2/CO/NOx,2025-02-13 05:00:00+01:00,1.3019234
2025,CO2/CO/NOx,2025-02-13 06:00:00+01:00,1.5058391
2025,CO2/CO/NOx,2025-02-13 07:00:00+01:00,2.1332722
2025,CO2/CO/NOx,2025-02-13 08:00:00+01:00,2.9332492
2025,CO2/CO/NOx,2025-02-13 09:00:00+01:00,3.6704829
2025,CO2/CO/NOx,2025-02-13 10:00:00+01:00,3.5606823
2025,CO2/CO/NOx,2025-02-13 11:00:00+01:00,2.6665902
2025,CO2/CO/NOx,2025-02-13 12:00:00+01:00,2.4940462
2025,CO2/CO/NOx,2025-02-13 13:00:00+01:00,3.1999083
2025,CO2/CO/NOx,2025-02-13 14:00:00+01:00,3.2312799
2025,CO2/CO/NOx,2025-02-13 15:00:00+01:00,3.2312799
2025,CO2/CO/NOx,2025-02-13 16:00:00+01:00,3.2312799
2025,CO2/CO/NOx,2025-02-13 17:00:00+01:00,3.3410807
2025,CO2/CO/NOx,2025-02-13 18:00:00+01:00,3.4038239
2025,CO2/CO/NOx,2025-02-13 19:00:00+01:00,2.8077626
2025,CO2/CO/NOx,2025-02-13 20:00:00+01:00,2.054843
2025,CO2/CO/NOx,2025-02-13 21:00:00+01:00,1.709755
2025,CO2/CO/NOx,2025-02-13 22:00:00+01:00,1.3489809
2025,CO2/CO/NOx,2025-02-13 23:00:00+01:00,1.1764369
2025,CO2/CO/NOx,2025-02-14 00:00:00+01:00,1.0980077
2025,CO2/CO/NOx,2025-02-14 01:00:00+01:00,1.1136936
2025,CO2/CO/NOx,2025-02-14 02:00:00+01:00,1.1136936
2025,CO2/CO/NOx,2025-02-14 03:00:00+01:00,1.1136936
2025,CO2/CO/NOx,2025-02-14 04:00:00+01:00,1.3019234
2025,CO2/CO/NOx,2025-02-14 05:00:00+01:00,1.882299
2025,CO2/CO/NOx,2025-02-14 06:00:00+01:00,2.2901304
2025,CO2/CO/NOx,2025-02-14 07:00:00+01:00,3.1057932
2025,CO2/CO/NOx,2025-02-14 08:00:00+01:00,2.7450194
2025,CO2/CO/NOx,2025-02-14 09:00:00+01:00,2.4626744
2025,CO2/CO/NOx,2025-02-14 10:00:00+01:00,2.4313028
2025,CO2/CO/NOx,2025-02-14 11:00:00+01:00,2.2273872
2025,CO2/CO/NOx,2025-02-14 12:00:00+01:00,2.1803296
2025,CO2/CO/NOx,2025-02-14 13:00:00+01:00,2.1803296
2025,CO2/CO/NOx,2025-02-14 14:00:00+01:00,2.1646438
2025,CO2/CO/NOx,2025-02-14 15:00:00+01:00,2.054843
2025,CO2/CO/NOx,2025-02-14 16:00:00+01:00,2.1803296
2025,CO2/CO/NOx,2025-02-14 17:00:00+01:00,2.1646438
2025,CO2/CO/NOx,2025-02-14 18:00:00+01:00,2.1646438
2025,CO2/CO/NOx,2025-02-14 19:00:00+01:00,2.1803296
2025,CO2/CO/NOx,2025-02-14 20:00:00+01:00,1.976414
2025,CO2/CO/NOx,2025-02-14 21:00:00+01:00,1.8509274
2025,CO2/CO/NOx,2025-02-14 22:00:00+01:00,1.694069
2025,CO2/CO/NOx,2025-02-14 23:00:00+01:00,1.3960384
2025,CO2/CO/NOx,2025-02-15 00:00:00+01:00,1.1450652
2025,CO2/CO/NOx,2025-02-15 01:00:00+01:00,1.0352644
2025,CO2/CO/NOx,2025-02-15 02:00:00+01:00,1.0195786
2025,CO2/CO/NOx,2025-02-15 03:00:00+01:00,1.0195786
2025,CO2/CO/NOx,2025-02-15 04:00:00+01:00,1.2705518
2025,CO2/CO/NOx,2025-02-15 05:00:00+01:00,1.6626974
2025,CO2/CO/NOx,2025-02-15 06:00:00+01:00,2.0862148
2025,CO2/CO/NOx,2025-02-15 07:00:00+01:00,2.0862148
2025,CO2/CO/NOx,2025-02-15 08:00:00+01:00,2.1960154
2025,CO2/CO/NOx,2025-02-15 09:00:00+01:00,2.321502
2025,CO2/CO/NOx,2025-02-15 10:00:00+01:00,2.2901304
2025,CO2/CO/NOx,2025-02-15 11:00:00+01:00,2.054843
2025,CO2/CO/NOx,2025-02-15 12:00:00+01:00,1.7724981
2025,CO2/CO/NOx,2025-02-15 13:00:00+01:00,1.694069
2025,CO2/CO/NOx,2025-02-15 14:00:00+01:00,1.6313257
2025,CO2/CO/NOx,2025-02-15 15:00:00+01:00,1.6313257
2025,CO2/CO/NOx,2025-02-15 16:00:00+01:00,1.5528966
2025,CO2/CO/NOx,2025-02-15 17:00:00+01:00,1.6470116
2025,CO2/CO/NOx,2025-02-15 18:00:00+01:00,1.7568123
2025,CO2/CO/NOx,2025-02-15 19:00:00+01:00,1.8038698
2025,CO2/CO/NOx,2025-02-15 20:00:00+01:00,1.709755
2025,CO2/CO/NOx,2025-02-15 21:00:00+01:00,1.6626974
2025,CO2/CO/NOx,2025-02-15 22:00:00+01:00,1.5685824
2025,CO2/CO/NOx,2025-02-15 23:00:00+01:00,1.4117242
2025,CO2/CO/NOx,2025-02-16 00:00:00+01:00,1.254866
2025,CO2/CO/NOx,2025-02-16 01:00:00+01:00,1.0980077
2025,CO2/CO/NOx,2025-02-16 02:00:00+01:00,1.0980077
2025,CO2/CO/NOx,2025-02-16 03:00:00+01:00,1.2078085
2025,CO2/CO/NOx,2025-02-16 04:00:00+01:00,1.4117242
2025,CO2/CO/NOx,2025-02-16 05:00:00+01:00,1.6626974
2025,CO2/CO/NOx,2025-02-16 06:00:00+01:00,1.7724981
2025,CO2/CO/NOx,2025-02-16 07:00:00+01:00,1.8979847
2025,CO2/CO/NOx,2025-02-16 08:00:00+01:00,1.960728
2025,CO2/CO/NOx,2025-02-16 09:00:00+01:00,2.0391572
2025,CO2/CO/NOx,2025-02-16 10:00:00+01:00,2.1960154
2025,CO2/CO/NOx,2025-02-16 11:00:00+01:00,2.1332722
2025,CO2/CO/NOx,2025-02-16 12:00:00+01:00,2.0705287
2025,CO2/CO/NOx,2025-02-16 13:00:00+01:00,1.9293565
2025,CO2/CO/NOx,2025-02-16 14:00:00+01:00,1.9450423
2025,CO2/CO/NOx,2025-02-16 15:00:00+01:00,1.9293565
2025,CO2/CO/NOx,2025-02-16 16:00:00+01:00,2.0391572
2025,CO2/CO/NOx,2025-02-16 17:00:00+01:00,2.2587588
2025,CO2/CO/NOx,2025-02-16 18:00:00+01:00,2.6665902
2025,CO2/CO/NOx,2025-02-16 19:00:00+01:00,2.7920768
2025,CO2/CO/NOx,2025-02-16 20:00:00+01:00,2.7607052
2025,CO2/CO/NOx,2025-02-16 21:00:00+01:00,2.2117014
2025,CO2/CO/NOx,2025-02-16 22:00:00+01:00,1.976414
2025,CO2/CO/NOx,2025-02-16 23:00:00+01:00,1.6470116
2025,CO2/CO/NOx,2025-02-17 00:00:00+01:00,1.42741
2025,CO2/CO/NOx,2025-02-17 01:00:00+01:00,1.42741
2025,CO2/CO/NOx,2025-02-17 02:00:00+01:00,1.4587817
2025,CO2/CO/NOx,2025-02-17 03:00:00+01:00,1.5372108
2025,CO2/CO/NOx,2025-02-17 04:00:00+01:00,1.694069
2025,CO2/CO/NOx,2025-02-17 05:00:00+01:00,2.1332722
2025,CO2/CO/NOx,2025-02-17 06:00:00+01:00,2.588161
2025,CO2/CO/NOx,2025-02-17 07:00:00+01:00,3.04305
2025,CO2/CO/NOx,2025-02-17 08:00:00+01:00,3.0587358
2025,CO2/CO/NOx,2025-02-17 09:00:00+01:00,3.0273643
2025,CO2/CO/NOx,2025-02-17 10:00:00+01:00,2.6979618
2025,CO2/CO/NOx,2025-02-17 11:00:00+01:00,2.4783604
2025,CO2/CO/NOx,2025-02-17 12:00:00+01:00,2.3058162
2025,CO2/CO/NOx,2025-02-17 13:00:00+01:00,2.321502
2025,CO2/CO/NOx,2025-02-17 14:00:00+01:00,2.2587588
2025,CO2/CO/NOx,2025-02-17 15:00:00+01:00,2.1960154
2025,CO2/CO/NOx,2025-02-17 16:00:00+01:00,2.2901304
2025,CO2/CO/NOx,2025-02-17 17:00:00+01:00,3.121479
2025,CO2/CO/NOx,2025-02-17 18:00:00+01:00,3.1685367
2025,CO2/CO/NOx,2025-02-17 19:00:00+01:00,3.1842225
2025,CO2/CO/NOx,2025-02-17 20:00:00+01:00,2.6195328
2025,CO2/CO/NOx,2025-02-17 21:00:00+01:00,2.2117014
2025,CO2/CO/NOx,2025-02-17 22:00:00+01:00,2.1019006
2025,CO2/CO/NOx,2025-02-17 23:00:00+01:00,1.9136707
2025,CO2/CO/NOx,2025-02-18 00:00:00+01:00,1.7568123
2025,CO2/CO/NOx,2025-02-18 01:00:00+01:00,1.7254407
2025,CO2/CO/NOx,2025-02-18 02:00:00+01:00,1.6783832
2025,CO2/CO/NOx,2025-02-18 03:00:00+01:00,1.6470116
2025,CO2/CO/NOx,2025-02-18 04:00:00+01:00,1.788184
2025,CO2/CO/NOx,2025-02-18 05:00:00+01:00,2.243073
2025,CO2/CO/NOx,2025-02-18 06:00:00+01:00,2.6352186
2025,CO2/CO/NOx,2025-02-18 07:00:00+01:00,2.8861918
2025,CO2/CO/NOx,2025-02-18 08:00:00+01:00,2.9959924
2025,CO2/CO/NOx,2025-02-18 09:00:00+01:00,2.9959924
2025,CO2/CO/NOx,2025-02-18 10:00:00+01:00,2.9175634
2025,CO2/CO/NOx,2025-02-18 11:00:00+01:00,2.6195328
2025,CO2/CO/NOx,2025-02-18 12:00:00+01:00,2.0391572
2025,CO2/CO/NOx,2025-02-18 13:00:00+01:00,1.8352414
2025,CO2/CO/NOx,2025-02-18 14:00:00+01:00,1.709755
2025,CO2/CO/NOx,2025-02-18 15:00:00+01:00,2.1175864
2025,CO2/CO/NOx,2025-02-18 16:00:00+01:00,2.4469886
2025,CO2/CO/NOx,2025-02-18 17:00:00+01:00,2.85482
2025,CO2/CO/NOx,2025-02-18 18:00:00+01:00,2.9332492
2025,CO2/CO/NOx,2025-02-18 19:00:00+01:00,2.9959924
2025,CO2/CO/NOx,2025-02-18 20:00:00+01:00,2.948935
2025,CO2/CO/NOx,2025-02-18 21:00:00+01:00,2.8861918
2025,CO2/CO/NOx,2025-02-18 22:00:00+01:00,2.6038468
2025,CO2/CO/NOx,2025-02-18 23:00:00+01:00,2.1960154
2025,CO2/CO/NOx,2025-02-19 00:00:00+01:00,2.054843
2025,CO2/CO/NOx,2025-02-19 01:00:00+01:00,2.1803296
2025,CO2/CO/NOx,2025-02-19 02:00:00+01:00,2.2901304
2025,CO2/CO/NOx,2025-02-19 03:00:00+01:00,2.3685596
2025,CO2/CO/NOx,2025-02-19 04:00:00+01:00,2.3842454
2025,CO2/CO/NOx,2025-02-19 05:00:00+01:00,2.6979618
2025,CO2/CO/NOx,2025-02-19 06:00:00+01:00,2.8861918
2025,CO2/CO/NOx,2025-02-19 07:00:00+01:00,2.9646208
2025,CO2/CO/NOx,2025-02-19 08:00:00+01:00,2.9646208
2025,CO2/CO/NOx,2025-02-19 09:00:00+01:00,2.9803066
2025,CO2/CO/NOx,2025-02-19 10:00:00+01:00,2.6665902
2025,CO2/CO/NOx,2025-02-19 11:00:00+01:00,2.321502
2025,CO2/CO/NOx,2025-02-19 12:00:00+01:00,1.8509274
2025,CO2/CO/NOx,2025-02-19 13:00:00+01:00,1.42741
2025,CO2/CO/NOx,2025-02-19 14:00:00+01:00,1.2078085
2025,CO2/CO/NOx,2025-02-19 15:00:00+01:00,1.9136707
2025,CO2/CO/NOx,2025-02-19 16:00:00+01:00,2.1803296
2025,CO2/CO/NOx,2025-02-19 17:00:00+01:00,2.4783604
2025,CO2/CO/NOx,2025-02-19 18:00:00+01:00,2.6038468
2025,CO2/CO/NOx,2025-02-19 19:00:00+01:00,2.588161
2025,CO2/CO/NOx,2025-02-19 20:00:00+01:00,2.588161
2025,CO2/CO/NOx,2025-02-19 21:00:00+01:00,2.3528738
2025,CO2/CO/NOx,2025-02-19 22:00:00+01:00,2.1175864
2025,CO2/CO/NOx,2025-02-19 23:00:00+01:00,1.8038698
2025,CO2/CO/NOx,2025-02-20 00:00:00+01:00,1.42741
2025,CO2/CO/NOx,2025-02-20 01:00:00+01:00,1.42741
2025,CO2/CO/NOx,2025-02-20 02:00:00+01:00,1.521525
2025,CO2/CO/NOx,2025-02-20 03:00:00+01:00,1.4901533
2025,CO2/CO/NOx,2025-02-20 04:00:00+01:00,1.6470116
2025,CO2/CO/NOx,2025-02-20 05:00:00+01:00,1.9920998
2025,CO2/CO/NOx,2025-02-20 06:00:00+01:00,2.3371878
2025,CO2/CO/NOx,2025-02-20 07:00:00+01:00,2.6195328
2025,CO2/CO/NOx,2025-02-20 08:00:00+01:00,3.2469656
2025,CO2/CO/NOx,2025-02-20 09:00:00+01:00,3.41951
2025,CO2/CO/NOx,2025-02-20 10:00:00+01:00,3.5136247
2025,CO2/CO/NOx,2025-02-20 11:00:00+01:00,3.4665673
2025,CO2/CO/NOx,2025-02-20 12:00:00+01:00,1.9293565
2025,CO2/CO/NOx,2025-02-20 13:00:00+01:00,1.882299
2025,CO2/CO/NOx,2025-02-20 14:00:00+01:00,1.5058391
2025,CO2/CO/NOx,2025-02-20 15:00:00+01:00,1.2391802
2025,CO2/CO/NOx,2025-02-20 16:00:00+01:00,1.2234943
2025,CO2/CO/NOx,2025-02-20 17:00:00+01:00,1.1293794
2025,CO2/CO/NOx,2025-02-20 18:00:00+01:00,1.2705518
2025,CO2/CO/NOx,2025-02-20 19:00:00+01:00,1.3646667
2025,CO2/CO/NOx,2025-02-20 20:00:00+01:00,1.3332951
2025,CO2/CO/NOx,2025-02-20 21:00:00+01:00,1.0666361
2025,CO2/CO/NOx,2025-02-20 22:00:00+01:00,1.0666361
2025,CO2/CO/NOx,2025-02-20 23:00:00+01:00,1.0666361
2025,CO2/CO/NOx,2025-02-21 00:00:00+01:00,1.0666361
2025,CO2/CO/NOx,2025-02-21 01:00:00+01:00,1.1921227
2025,CO2/CO/NOx,2025-02-21 02:00:00+01:00,1.1921227
2025,CO2/CO/NOx,2025-02-21 03:00:00+01:00,1.3176093
2025,CO2/CO/NOx,2025-02-21 04:00:00+01:00,1.5685824
2025,CO2/CO/NOx,2025-02-21 05:00:00+01:00,1.6470116
2025,CO2/CO/NOx,2025-02-21 06:00:00+01:00,1.960728
2025,CO2/CO/NOx,2025-02-21 07:00:00+01:00,2.0705287
2025,CO2/CO/NOx,2025-02-21 08:00:00+01:00,2.0705287
2025,CO2/CO/NOx,2025-02-21 09:00:00+01:00,1.8666131
2025,CO2/CO/NOx,2025-02-21 10:00:00+01:00,1.2234943
2025,CO2/CO/NOx,2025-02-21 11:00:00+01:00,1.0666361
2025,CO2/CO/NOx,2025-02-21 12:00:00+01:00,1.0980077
2025,CO2/CO/NOx,2025-02-21 13:00:00+01:00,1.160751
2025,CO2/CO/NOx,2025-02-21 14:00:00+01:00,1.1921227
2025,CO2/CO/NOx,2025-02-21 15:00:00+01:00,1.2078085
2025,CO2/CO/NOx,2025-02-21 16:00:00+01:00,1.2078085
2025,CO2/CO/NOx,2025-02-21 17:00:00+01:00,1.1450652
2025,CO2/CO/NOx,2025-02-21 18:00:00+01:00,1.2234943
2025,CO2/CO/NOx,2025-02-21 19:00:00+01:00,1.3176093
2025,CO2/CO/NOx,2025-02-21 20:00:00+01:00,1.3332951
2025,CO2/CO/NOx,2025-02-21 21:00:00+01:00,1.3489809
2025,CO2/CO/NOx,2025-02-21 22:00:00+01:00,1.3489809
2025,CO2/CO/NOx,2025-02-21 23:00:00+01:00,1.1136936
2025,CO2/CO/NOx,2025-02-22 00:00:00+01:00,1.0509503
2025,CO2/CO/NOx,2025-02-22 01:00:00+01:00,1.0352644
2025,CO2/CO/NOx,2025-02-22 02:00:00+01:00,1.0352644
2025,CO2/CO/NOx,2025-02-22 03:00:00+01:00,1.0352644
2025,CO2/CO/NOx,2025-02-22 04:00:00+01:00,1.2862376
2025,CO2/CO/NOx,2025-02-22 05:00:00+01:00,1.694069
2025,CO2/CO/NOx,2025-02-22 06:00:00+01:00,1.9136707
2025,CO2/CO/NOx,2025-02-22 07:00:00+01:00,2.0077856
2025,CO2/CO/NOx,2025-02-22 08:00:00+01:00,2.1175864
2025,CO2/CO/NOx,2025-02-22 09:00:00+01:00,2.0234714
2025,CO2/CO/NOx,2025-02-22 10:00:00+01:00,1.8509274
2025,CO2/CO/NOx,2025-02-22 11:00:00+01:00,1.7254407
2025,CO2/CO/NOx,2025-02-22 12:00:00+01:00,1.3960384
2025,CO2/CO/NOx,2025-02-22 13:00:00+01:00,1.3646667
2025,CO2/CO/NOx,2025-02-22 14:00:00+01:00,1.4430959
2025,CO2/CO/NOx,2025-02-22 15:00:00+01:00,1.5528966
2025,CO2/CO/NOx,2025-02-22 16:00:00+01:00,1.5528966
2025,CO2/CO/NOx,2025-02-22 17:00:00+01:00,1.6626974
2025,CO2/CO/NOx,2025-02-22 18:00:00+01:00,1.7568123
2025,CO2/CO/NOx,2025-02-22 19:00:00+01:00,1.7411265
2025,CO2/CO/NOx,2025-02-22 20:00:00+01:00,1.7411265
2025,CO2/CO/NOx,2025-02-22 21:00:00+01:00,1.709755
2025,CO2/CO/NOx,2025-02-22 22:00:00+01:00,1.6783832
2025,CO2/CO/NOx,2025-02-22 23:00:00+01:00,1.4901533
2025,CO2/CO/NOx,2025-02-23 00:00:00+01:00,1.42741
2025,CO2/CO/NOx,2025-02-23 01:00:00+01:00,1.3960384
2025,CO2/CO/NOx,2025-02-23 02:00:00+01:00,1.3960384
2025,CO2/CO/NOx,2025-02-23 03:00:00+01:00,1.4117242
2025,CO2/CO/NOx,2025-02-23 04:00:00+01:00,1.4117242
2025,CO2/CO/NOx,2025-02-23 05:00:00+01:00,1.7568123
2025,CO2/CO/NOx,2025-02-23 06:00:00+01:00,2.0234714
2025,CO2/CO/NOx,2025-02-23 07:00:00+01:00,1.960728
2025,CO2/CO/NOx,2025-02-23 08:00:00+01:00,2.0077856
2025,CO2/CO/NOx,2025-02-23 09:00:00+01:00,2.0391572
2025,CO2/CO/NOx,2025-02-23 10:00:00+01:00,1.9136707
2025,CO2/CO/NOx,2025-02-23 11:00:00+01:00,1.7724981
2025,CO2/CO/NOx,2025-02-23 12:00:00+01:00,1.4117242
2025,CO2/CO/NOx,2025-02-23 13:00:00+01:00,1.254866
2025,CO2/CO/NOx,2025-02-23 14:00:00+01:00,1.1293794
2025,CO2/CO/NOx,2025-02-23 15:00:00+01:00,1.0823219
2025,CO2/CO/NOx,2025-02-23 16:00:00+01:00,1.42741
2025,CO2/CO/NOx,2025-02-23 17:00:00+01:00,2.054843
2025,CO2/CO/NOx,2025-02-23 18:00:00+01:00,1.882299
2025,CO2/CO/NOx,2025-02-23 19:00:00+01:00,2.1332722
2025,CO2/CO/NOx,2025-02-23 20:00:00+01:00,1.976414
2025,CO2/CO/NOx,2025-02-23 21:00:00+01:00,1.882299
2025,CO2/CO/NOx,2025-02-23 22:00:00+01:00,1.882299
2025,CO2/CO/NOx,2025-02-23 23:00:00+01:00,1.6470116
2025,CO2/CO/NOx,2025-02-24 00:00:00+01:00,1.2862376
2025,CO2/CO/NOx,2025-02-24 01:00:00+01:00,1.1764369
2025,CO2/CO/NOx,2025-02-24 02:00:00+01:00,1.1921227
2025,CO2/CO/NOx,2025-02-24 03:00:00+01:00,1.1921227
2025,CO2/CO/NOx,2025-02-24 04:00:00+01:00,1.254866
2025,CO2/CO/NOx,2025-02-24 05:00:00+01:00,1.6470116
2025,CO2/CO/NOx,2025-02-24 06:00:00+01:00,1.882299
2025,CO2/CO/NOx,2025-02-24 07:00:00+01:00,2.243073
2025,CO2/CO/NOx,2025-02-24 08:00:00+01:00,2.321502
2025,CO2/CO/NOx,2025-02-24 09:00:00+01:00,2.948935
2025,CO2/CO/NOx,2025-02-24 10:00:00+01:00,2.9803066
2025,CO2/CO/NOx,2025-02-24 11:00:00+01:00,2.3842454
2025,CO2/CO/NOx,2025-02-24 12:00:00+01:00,1.6470116
2025,CO2/CO/NOx,2025-02-24 13:00:00+01:00,1.3489809
2025,CO2/CO/NOx,2025-02-24 14:00:00+01:00,1.2078085
2025,CO2/CO/NOx,2025-02-24 15:00:00+01:00,1.254866
2025,CO2/CO/NOx,2025-02-24 16:00:00+01:00,1.2391802
2025,CO2/CO/NOx,2025-02-24 17:00:00+01:00,1.3176093
2025,CO2/CO/NOx,2025-02-24 18:00:00+01:00,1.4587817
2025,CO2/CO/NOx,2025-02-24 19:00:00+01:00,1.5999541
2025,CO2/CO/NOx,2025-02-24 20:00:00+01:00,1.5528966
2025,CO2/CO/NOx,2025-02-24 21:00:00+01:00,1.5058391
2025,CO2/CO/NOx,2025-02-24 22:00:00+01:00,1.4744675
2025,CO2/CO/NOx,2025-02-24 23:00:00+01:00,1.4744675
2025,CO2/CO/NOx,2025-02-25 00:00:00+01:00,1.1921227
2025,CO2/CO/NOx,2025-02-25 01:00:00+01:00,1.0980077
2025,CO2/CO/NOx,2025-02-25 02:00:00+01:00,1.1293794
2025,CO2/CO/NOx,2025-02-25 03:00:00+01:00,1.2862376
2025,CO2/CO/NOx,2025-02-25 04:00:00+01:00,1.4901533
2025,CO2/CO/NOx,2025-02-25 05:00:00+01:00,1.5842683
2025,CO2/CO/NOx,2025-02-25 06:00:00+01:00,1.976414
2025,CO2/CO/NOx,2025-02-25 07:00:00+01:00,1.882299
2025,CO2/CO/NOx,2025-02-25 08:00:00+01:00,1.8195556
2025,CO2/CO/NOx,2025-02-25 09:00:00+01:00,1.7254407
2025,CO2/CO/NOx,2025-02-25 10:00:00+01:00,1.5372108
2025,CO2/CO/NOx,2025-02-25 11:00:00+01:00,1.42741
2025,CO2/CO/NOx,2025-02-25 12:00:00+01:00,1.3960384
2025,CO2/CO/NOx,2025-02-25 13:00:00+01:00,1.2705518
2025,CO2/CO/NOx,2025-02-25 14:00:00+01:00,1.2705518
2025,CO2/CO/NOx,2025-02-25 15:00:00+01:00,1.6783832
2025,CO2/CO/NOx,2025-02-25 16:00:00+01:00,2.4783604
2025,CO2/CO/NOx,2025-02-25 17:00:00+01:00,3.592054
2025,CO2/CO/NOx,2025-02-25 18:00:00+01:00,3.764598
2025,CO2/CO/NOx,2025-02-25 19:00:00+01:00,3.3253949
2025,CO2/CO/NOx,2025-02-25 20:00:00+01:00,2.4940462
2025,CO2/CO/NOx,2025-02-25 21:00:00+01:00,1.9293565
2025,CO2/CO/NOx,2025-02-25 22:00:00+01:00,1.6313257
2025,CO2/CO/NOx,2025-02-25 23:00:00+01:00,1.1921227
2025,CO2/CO/NOx,2025-02-26 00:00:00+01:00,1.1293794
2025,CO2/CO/NOx,2025-02-26 01:00:00+01:00,1.0980077
2025,CO2/CO/NOx,2025-02-26 02:00:00+01:00,1.2078085
2025,CO2/CO/NOx,2025-02-26 03:00:00+01:00,1.2078085
2025,CO2/CO/NOx,2025-02-26 04:00:00+01:00,1.1293794
2025,CO2/CO/NOx,2025-02-26 05:00:00+01:00,1.160751
2025,CO2/CO/NOx,2025-02-26 06:00:00+01:00,1.2391802
2025,CO2/CO/NOx,2025-02-26 07:00:00+01:00,1.5685824
2025,CO2/CO/NOx,2025-02-26 08:00:00+01:00,1.6470116
2025,CO2/CO/NOx,2025-02-26 09:00:00+01:00,1.3646667
2025,CO2/CO/NOx,2025-02-26 10:00:00+01:00,1.1293794
2025,CO2/CO/NOx,2025-02-26 11:00:00+01:00,1.1764369
2025,CO2/CO/NOx,2025-02-26 12:00:00+01:00,1.160751
2025,CO2/CO/NOx,2025-02-26 13:00:00+01:00,1.160751
2025,CO2/CO/NOx,2025-02-26 14:00:00+01:00,1.1921227
2025,CO2/CO/NOx,2025-02-26 15:00:00+01:00,2.2273872
2025,CO2/CO/NOx,2025-02-26 16:00:00+01:00,1.976414
2025,CO2/CO/NOx,2025-02-26 17:00:00+01:00,1.2234943
2025,CO2/CO/NOx,2025-02-26 18:00:00+01:00,1.2234943
2025,CO2/CO/NOx,2025-02-26 19:00:00+01:00,1.2078085
2025,CO2/CO/NOx,2025-02-26 20:00:00+01:00,1.1764369
2025,CO2/CO/NOx,2025-02-26 21:00:00+01:00,1.1764369
2025,CO2/CO/NOx,2025-02-26 22:00:00+01:00,1.1450652
2025,CO2/CO/NOx,2025-02-26 23:00:00+01:00,1.1293794
2025,CO2/CO/NOx,2025-02-27 00:00:00+01:00,1.1450652
2025,CO2/CO/NOx,2025-02-27 01:00:00+01:00,1.0980077
2025,CO2/CO/NOx,2025-02-27 02:00:00+01:00,1.0980077
2025,CO2/CO/NOx,2025-02-27 03:00:00+01:00,1.160751
2025,CO2/CO/NOx,2025-02-27 04:00:00+01:00,1.3332951
2025,CO2/CO/NOx,2025-02-27 05:00:00+01:00,1.5528966
2025,CO2/CO/NOx,2025-02-27 06:00:00+01:00,1.788184
2025,CO2/CO/NOx,2025-02-27 07:00:00+01:00,2.0234714
2025,CO2/CO/NOx,2025-02-27 08:00:00+01:00,2.1019006
2025,CO2/CO/NOx,2025-02-27 09:00:00+01:00,1.7254407
2025,CO2/CO/NOx,2025-02-27 10:00:00+01:00,1.2705518
2025,CO2/CO/NOx,2025-02-27 11:00:00+01:00,1.160751
2025,CO2/CO/NOx,2025-02-27 12:00:00+01:00,1.1921227
2025,CO2/CO/NOx,2025-02-27 13:00:00+01:00,1.2705518
2025,CO2/CO/NOx,2025-02-27 14:00:00+01:00,1.3019234
2025,CO2/CO/NOx,2025-02-27 15:00:00+01:00,1.3176093
2025,CO2/CO/NOx,2025-02-27 16:00:00+01:00,1.3803526
2025,CO2/CO/NOx,2025-02-27 17:00:00+01:00,2.2901304
2025,CO2/CO/NOx,2025-02-27 18:00:00+01:00,2.7450194
2025,CO2/CO/NOx,2025-02-27 19:00:00+01:00,2.6038468
2025,CO2/CO/NOx,2025-02-27 20:00:00+01:00,1.9293565
2025,CO2/CO/NOx,2025-02-27 21:00:00+01:00,1.5058391
2025,CO2/CO/NOx,2025-02-27 22:00:00+01:00,1.5528966
2025,CO2/CO/NOx,2025-02-27 23:00:00+01:00,1.5528966
2025,CO2/CO/NOx,2025-02-28 00:00:00+01:00,1.3646667
2025,CO2/CO/NOx,2025-02-28 01:00:00+01:00,1.4117242
2025,CO2/CO/NOx,2025-02-28 02:00:00+01:00,1.42741
2025,CO2/CO/NOx,2025-02-28 03:00:00+01:00,1.4744675
2025,CO2/CO/NOx,2025-02-28 04:00:00+01:00,1.6626974
2025,CO2/CO/NOx,2025-02-28 05:00:00+01:00,1.8509274
2025,CO2/CO/NOx,2025-02-28 06:00:00+01:00,1.9136707
2025,CO2/CO/NOx,2025-02-28 07:00:00+01:00,2.148958
2025,CO2/CO/NOx,2025-02-28 08:00:00+01:00,2.2587588
2025,CO2/CO/NOx,2025-02-28 09:00:00+01:00,2.0391572
2025,CO2/CO/NOx,2025-02-28 10:00:00+01:00,1.7411265
2025,CO2/CO/NOx,2025-02-28 11:00:00+01:00,1.6156399
2025,CO2/CO/NOx,2025-02-28 12:00:00+01:00,1.5842683
2025,CO2/CO/NOx,2025-02-28 13:00:00+01:00,1.3646667
2025,CO2/CO/NOx,2025-02-28 14:00:00+01:00,1.2705518
2025,CO2/CO/NOx,2025-02-28 15:00:00+01:00,1.3803526
2025,CO2/CO/NOx,2025-02-28 16:00:00+01:00,1.4117242
2025,CO2/CO/NOx,2025-02-28 17:00:00+01:00,1.4744675
2025,CO2/CO/NOx,2025-02-28 18:00:00+01:00,1.7254407
2025,CO2/CO/NOx,2025-02-28 19:00:00+01:00,1.7254407
2025,CO2/CO/NOx,2025-02-28 20:00:00+01:00,1.6783832
2025,CO2/CO/NOx,2025-02-28 21:00:00+01:00,1.0666361
2025,CO2/CO/NOx,2025-02-28 22:00:00+01:00,1.1293794
2025,CO2/CO/NOx,2025-02-28 23:00:00+01:00,1.1136936
2025,CO2/CO/NOx,2025-03-01 00:00:00+01:00,1.1136936
2025,CO2/CO/NOx,2025-03-01 01:00:00+01:00,1.1136936
2025,CO2/CO/NOx,2025-03-01 02:00:00+01:00,1.1136936
2025,CO2/CO/NOx,2025-03-01 03:00:00+01:00,1.1136936
2025,CO2/CO/NOx,2025-03-01 04:00:00+01:00,1.1136936
2025,CO2/CO/NOx,2025-03-01 05:00:00+01:00,1.3176093
2025,CO2/CO/NOx,2025-03-01 06:00:00+01:00,1.4587817
2025,CO2/CO/NOx,2025-03-01 07:00:00+01:00,1.5842683
2025,CO2/CO/NOx,2025-03-01 08:00:00+01:00,1.694069
2025,CO2/CO/NOx,2025-03-01 09:00:00+01:00,2.2273872
2025,CO2/CO/NOx,2025-03-01 10:00:00+01:00,2.4626744
2025,CO2/CO/NOx,2025-03-01 11:00:00+01:00,2.4940462
2025,CO2/CO/NOx,2025-03-01 12:00:00+01:00,2.1803296
2025,CO2/CO/NOx,2025-03-01 13:00:00+01:00,1.9136707
2025,CO2/CO/NOx,2025-03-01 14:00:00+01:00,1.8195556
2025,CO2/CO/NOx,2025-03-01 15:00:00+01:00,1.6156399
2025,CO2/CO/NOx,2025-03-01 16:00:00+01:00,1.3960384
2025,CO2/CO/NOx,2025-03-01 17:00:00+01:00,1.160751
2025,CO2/CO/NOx,2025-03-01 18:00:00+01:00,1.6626974
2025,CO2/CO/NOx,2025-03-01 19:00:00+01:00,1.4430959
2025,CO2/CO/NOx,2025-03-01 20:00:00+01:00,1.3803526
2025,CO2/CO/NOx,2025-03-01 21:00:00+01:00,1.1293794
2025,CO2/CO/NOx,2025-03-01 22:00:00+01:00,1.1136936
2025,CO2/CO/NOx,2025-03-01 23:00:00+01:00,1.1136936
2025,CO2/CO/NOx,2025-03-02 00:00:00+01:00,1.1764369
2025,CO2/CO/NOx,2025-03-02 01:00:00+01:00,1.1764369
2025,CO2/CO/NOx,2025-03-02 02:00:00+01:00,1.4744675
2025,CO2/CO/NOx,2025-03-02 03:00:00+01:00,1.8352414
2025,CO2/CO/NOx,2025-03-02 04:00:00+01:00,1.5999541
2025,CO2/CO/NOx,2025-03-02 05:00:00+01:00,1.9450423
2025,CO2/CO/NOx,2025-03-02 06:00:00+01:00,2.054843
2025,CO2/CO/NOx,2025-03-02 07:00:00+01:00,1.8352414
2025,CO2/CO/NOx,2025-03-02 08:00:00+01:00,1.8509274
2025,CO2/CO/NOx,2025-03-02 09:00:00+01:00,1.6156399
2025,CO2/CO/NOx,2025-03-02 10:00:00+01:00,1.2078085
2025,CO2/CO/NOx,2025-03-02 11:00:00+01:00,1.0823219
2025,CO2/CO/NOx,2025-03-02 12:00:00+01:00,1.1136936
2025,CO2/CO/NOx,2025-03-02 13:00:00+01:00,1.0980077
2025,CO2/CO/NOx,2025-03-02 14:00:00+01:00,1.0509503
2025,CO2/CO/NOx,2025-03-02 15:00:00+01:00,1.0666361
2025,CO2/CO/NOx,2025-03-02 16:00:00+01:00,1.1450652
2025,CO2/CO/NOx,2025-03-02 17:00:00+01:00,1.7568123
2025,CO2/CO/NOx,2025-03-02 18:00:00+01:00,2.415617
2025,CO2/CO/NOx,2025-03-02 19:00:00+01:00,1.5372108
2025,CO2/CO/NOx,2025-03-02 20:00:00+01:00,1.2078085
2025,CO2/CO/NOx,2025-03-02 21:00:00+01:00,1.1921227
2025,CO2/CO/NOx,2025-03-02 22:00:00+01:00,1.2078085
2025,CO2/CO/NOx,2025-03-02 23:00:00+01:00,1.2078085
2025,CO2/CO/NOx,2025-03-03 00:00:00+01:00,1.1764369
2025,CO2/CO/NOx,2025-03-03 01:00:00+01:00,1.2078085
2025,CO2/CO/NOx,2025-03-03 02:00:00+01:00,1.2391802
2025,CO2/CO/NOx,2025-03-03 03:00:00+01:00,1.254866
2025,CO2/CO/NOx,2025-03-03 04:00:00+01:00,1.2862376
2025,CO2/CO/NOx,2025-03-03 05:00:00+01:00,1.5999541
2025,CO2/CO/NOx,2025-03-03 06:00:00+01:00,1.9136707
2025,CO2/CO/NOx,2025-03-03 07:00:00+01:00,2.9332492
2025,CO2/CO/NOx,2025-03-03 08:00:00+01:00,3.3253949
2025,CO2/CO/NOx,2025-03-03 09:00:00+01:00,2.5567894
2025,CO2/CO/NOx,2025-03-03 10:00:00+01:00,1.788184
2025,CO2/CO/NOx,2025-03-03 11:00:00+01:00,1.4901533
2025,CO2/CO/NOx,2025-03-03 12:00:00+01:00,1.0980077
2025,CO2/CO/NOx,2025-03-03 13:00:00+01:00,1.0980077
2025,CO2/CO/NOx,2025-03-03 14:00:00+01:00,1.0980077
2025,CO2/CO/NOx,2025-03-03 15:00:00+01:00,1.0823219
2025,CO2/CO/NOx,2025-03-03 16:00:00+01:00,1.160751
2025,CO2/CO/NOx,2025-03-03 17:00:00+01:00,1.1136936
2025,CO2/CO/NOx,2025-03-03 18:00:00+01:00,1.6156399
2025,CO2/CO/NOx,2025-03-03 19:00:00+01:00,2.5411036
2025,CO2/CO/NOx,2025-03-03 20:00:00+01:00,1.8979847
2025,CO2/CO/NOx,2025-03-03 21:00:00+01:00,1.1293794
2025,CO2/CO/NOx,2025-03-03 22:00:00+01:00,1.1450652
2025,CO2/CO/NOx,2025-03-03 23:00:00+01:00,1.1293794
2025,CO2/CO/NOx,2025-03-04 00:00:00+01:00,1.1450652
2025,CO2/CO/NOx,2025-03-04 01:00:00+01:00,1.1293794
2025,CO2/CO/NOx,2025-03-04 02:00:00+01:00,1.1293794
2025,CO2/CO/NOx,2025-03-04 03:00:00+01:00,1.1293794
2025,CO2/CO/NOx,2025-03-04 04:00:00+01:00,1.2705518
2025,CO2/CO/NOx,2025-03-04 05:00:00+01:00,1.6156399
2025,CO2/CO/NOx,2025-03-04 06:00:00+01:00,1.8038698
2025,CO2/CO/NOx,2025-03-04 07:00:00+01:00,2.4313028
2025,CO2/CO/NOx,2025-03-04 08:00:00+01:00,3.2783372
2025,CO2/CO/NOx,2025-03-04 09:00:00+01:00,2.588161
2025,CO2/CO/NOx,2025-03-04 10:00:00+01:00,2.4469886
2025,CO2/CO/NOx,2025-03-04 11:00:00+01:00,1.42741
2025,CO2/CO/NOx,2025-03-04 12:00:00+01:00,1.1450652
2025,CO2/CO/NOx,2025-03-04 13:00:00+01:00,1.1136936
2025,CO2/CO/NOx,2025-03-04 14:00:00+01:00,1.0823219
2025,CO2/CO/NOx,2025-03-04 15:00:00+01:00,1.0823219
2025,CO2/CO/NOx,2025-03-04 16:00:00+01:00,1.2078085
2025,CO2/CO/NOx,2025-03-04 17:00:00+01:00,1.3019234
2025,CO2/CO/NOx,2025-03-04 18:00:00+01:00,1.1764369
2025,CO2/CO/NOx,2025-03-04 19:00:00+01:00,1.160751
2025,CO2/CO/NOx,2025-03-04 20:00:00+01:00,1.2078085
2025,CO2/CO/NOx,2025-03-04 21:00:00+01:00,1.1921227
2025,CO2/CO/NOx,2025-03-04 22:00:00+01:00,1.1764369
2025,CO2/CO/NOx,2025-03-04 23:00:00+01:00,1.5999541
2025,CO2/CO/NOx,2025-03-05 00:00:00+01:00,1.5372108
2025,CO2/CO/NOx,2025-03-05 01:00:00+01:00,1.3803526
2025,CO2/CO/NOx,2025-03-05 02:00:00+01:00,1.3646667
2025,CO2/CO/NOx,2025-03-05 03:00:00+01:00,1.3803526
2025,CO2/CO/NOx,2025-03-05 04:00:00+01:00,1.160751
2025,CO2/CO/NOx,2025-03-05 05:00:00+01:00,1.5528966
2025,CO2/CO/NOx,2025-03-05 06:00:00+01:00,3.0587358
2025,CO2/CO/NOx,2025-03-05 07:00:00+01:00,2.5724752
2025,CO2/CO/NOx,2025-03-05 08:00:00+01:00,2.5411036
2025,CO2/CO/NOx,2025-03-05 09:00:00+01:00,1.9920998
2025,CO2/CO/NOx,2025-03-05 10:00:00+01:00,1.4587817
2025,CO2/CO/NOx,2025-03-05 11:00:00+01:00,1.1450652
2025,CO2/CO/NOx,2025-03-05 12:00:00+01:00,1.0823219
2025,CO2/CO/NOx,2025-03-05 13:00:00+01:00,1.0823219
2025,CO2/CO/NOx,2025-03-05 14:00:00+01:00,1.0823219
2025,CO2/CO/NOx,2025-03-05 15:00:00+01:00,1.5685824
2025,CO2/CO/NOx,2025-03-05 16:00:00+01:00,3.04305
2025,CO2/CO/NOx,2025-03-05 17:00:00+01:00,3.121479
2025,CO2/CO/NOx,2025-03-05 18:00:00+01:00,2.3999312
2025,CO2/CO/NOx,2025-03-05 19:00:00+01:00,2.0077856
2025,CO2/CO/NOx,2025-03-05 20:00:00+01:00,2.1019006
2025,CO2/CO/NOx,2025-03-05 21:00:00+01:00,2.6352186
2025,CO2/CO/NOx,2025-03-05 22:00:00+01:00,2.85482
2025,CO2/CO/NOx,2025-03-05 23:00:00+01:00,2.9175634
2025,CO2/CO/NOx,2025-03-06 00:00:00+01:00,2.415617
2025,CO2/CO/NOx,2025-03-06 01:00:00+01:00,1.7254407
2025,CO2/CO/NOx,2025-03-06 02:00:00+01:00,1.2705518
2025,CO2/CO/NOx,2025-03-06 03:00:00+01:00,1.2705518
2025,CO2/CO/NOx,2025-03-06 04:00:00+01:00,1.2705518
2025,CO2/CO/NOx,2025-03-06 05:00:00+01:00,1.9136707
2025,CO2/CO/NOx,2025-03-06 06:00:00+01:00,1.9450423
2025,CO2/CO/NOx,2025-03-06 07:00:00+01:00,2.6195328
2025,CO2/CO/NOx,2025-03-06 08:00:00+01:00,2.0077856
2025,CO2/CO/NOx,2025-03-06 09:00:00+01:00,1.4901533
2025,CO2/CO/NOx,2025-03-06 10:00:00+01:00,1.5842683
2025,CO2/CO/NOx,2025-03-06 11:00:00+01:00,1.5999541
2025,CO2/CO/NOx,2025-03-06 12:00:00+01:00,1.4901533
2025,CO2/CO/NOx,2025-03-06 13:00:00+01:00,1.2234943
2025,CO2/CO/NOx,2025-03-06 14:00:00+01:00,1.1136936
2025,CO2/CO/NOx,2025-03-06 15:00:00+01:00,1.2078085
2025,CO2/CO/NOx,2025-03-06 16:00:00+01:00,1.1764369
2025,CO2/CO/NOx,2025-03-06 17:00:00+01:00,1.2078085
2025,CO2/CO/NOx,2025-03-06 18:00:00+01:00,1.8666131
2025,CO2/CO/NOx,2025-03-06 19:00:00+01:00,2.2587588
2025,CO2/CO/NOx,2025-03-06 20:00:00+01:00,2.321502
2025,CO2/CO/NOx,2025-03-06 21:00:00+01:00,2.6509044
2025,CO2/CO/NOx,2025-03-06 22:00:00+01:00,2.3999312
2025,CO2/CO/NOx,2025-03-06 23:00:00+01:00,1.694069
2025,CO2/CO/NOx,2025-03-07 00:00:00+01:00,1.42741
2025,CO2/CO/NOx,2025-03-07 01:00:00+01:00,1.3803526
2025,CO2/CO/NOx,2025-03-07 02:00:00+01:00,1.3489809
2025,CO2/CO/NOx,2025-03-07 03:00:00+01:00,1.4117242
2025,CO2/CO/NOx,2025-03-07 04:00:00+01:00,1.4744675
2025,CO2/CO/NOx,2025-03-07 05:00:00+01:00,1.8509274
2025,CO2/CO/NOx,2025-03-07 06:00:00+01:00,1.9920998
2025,CO2/CO/NOx,2025-03-07 07:00:00+01:00,1.9136707
2025,CO2/CO/NOx,2025-03-07 08:00:00+01:00,1.7254407
2025,CO2/CO/NOx,2025-03-07 09:00:00+01:00,1.8979847
2025,CO2/CO/NOx,2025-03-07 10:00:00+01:00,1.5999541
2025,CO2/CO/NOx,2025-03-07 11:00:00+01:00,1.1450652
2025,CO2/CO/NOx,2025-03-07 12:00:00+01:00,1.160751
2025,CO2/CO/NOx,2025-03-07 13:00:00+01:00,1.1921227
2025,CO2/CO/NOx,2025-03-07 14:00:00+01:00,1.2078085
2025,CO2/CO/NOx,2025-03-07 15:00:00+01:00,1.2078085
2025,CO2/CO/NOx,2025-03-07 16:00:00+01:00,1.3646667
2025,CO2/CO/NOx,2025-03-07 17:00:00+01:00,1.976414
2025,CO2/CO/NOx,2025-03-07 18:00:00+01:00,2.054843
2025,CO2/CO/NOx,2025-03-07 19:00:00+01:00,2.054843
2025,CO2/CO/NOx,2025-03-07 20:00:00+01:00,1.9450423
2025,CO2/CO/NOx,2025-03-07 21:00:00+01:00,1.6156399
2025,CO2/CO/NOx,2025-03-07 22:00:00+01:00,1.42741
2025,CO2/CO/NOx,2025-03-07 23:00:00+01:00,1.2705518
2025,CO2/CO/NOx,2025-03-08 00:00:00+01:00,1.3489809
2025,CO2/CO/NOx,2025-03-08 01:00:00+01:00,1.3489809
2025,CO2/CO/NOx,2025-03-08 02:00:00+01:00,1.3489809
2025,CO2/CO/NOx,2025-03-08 03:00:00+01:00,1.3489809
2025,CO2/CO/NOx,2025-03-08 04:00:00+01:00,1.3646667
2025,CO2/CO/NOx,2025-03-08 05:00:00+01:00,1.3646667
2025,CO2/CO/NOx,2025-03-08 06:00:00+01:00,1.3960384
2025,CO2/CO/NOx,2025-03-08 07:00:00+01:00,1.4901533
2025,CO2/CO/NOx,2025-03-08 08:00:00+01:00,1.3489809
2025,CO2/CO/NOx,2025-03-08 09:00:00+01:00,1.3489809
2025,CO2/CO/NOx,2025-03-08 10:00:00+01:00,1.0666361
2025,CO2/CO/NOx,2025-03-08 11:00:00+01:00,1.0352644
2025,CO2/CO/NOx,2025-03-08 12:00:00+01:00,1.0352644
2025,CO2/CO/NOx,2025-03-08 13:00:00+01:00,1.0352644
2025,CO2/CO/NOx,2025-03-08 14:00:00+01:00,1.0823219
2025,CO2/CO/NOx,2025-03-08 15:00:00+01:00,1.0823219
2025,CO2/CO/NOx,2025-03-08 16:00:00+01:00,1.0823219
2025,CO2/CO/NOx,2025-03-08 17:00:00+01:00,1.0980077
2025,CO2/CO/NOx,2025-03-08 18:00:00+01:00,1.1921227
2025,CO2/CO/NOx,2025-03-08 19:00:00+01:00,1.160751
2025,CO2/CO/NOx,2025-03-08 20:00:00+01:00,1.1293794
2025,CO2/CO/NOx,2025-03-08 21:00:00+01:00,1.1293794
2025,CO2/CO/NOx,2025-03-08 22:00:00+01:00,1.1450652
2025,CO2/CO/NOx,2025-03-08 23:00:00+01:00,1.1293794
2025,CO2/CO/NOx,2025-03-09 00:00:00+01:00,1.1136936
2025,CO2/CO/NOx,2025-03-09 01:00:00+01:00,1.1136936
2025,CO2/CO/NOx,2025-03-09 02:00:00+01:00,1.0980077
2025,CO2/CO/NOx,2025-03-09 03:00:00+01:00,1.0980077
2025,CO2/CO/NOx,2025-03-09 04:00:00+01:00,1.1450652
2025,CO2/CO/NOx,2025-03-09 05:00:00+01:00,1.2862376
2025,CO2/CO/NOx,2025-03-09 06:00:00+01:00,1.3332951
2025,CO2/CO/NOx,2025-03-09 07:00:00+01:00,1.3332951
2025,CO2/CO/NOx,2025-03-09 08:00:00+01:00,1.2234943
2025,CO2/CO/NOx,2025-03-09 09:00:00+01:00,1.0509503
2025,CO2/CO/NOx,2025-03-09 10:00:00+01:00,1.0666361
2025,CO2/CO/NOx,2025-03-09 11:00:00+01:00,1.8195556
2025,CO2/CO/NOx,2025-03-09 12:00:00+01:00,1.8979847
2025,CO2/CO/NOx,2025-03-09 13:00:00+01:00,1.5685824
2025,CO2/CO/NOx,2025-03-09 14:00:00+01:00,1.2234943
2025,CO2/CO/NOx,2025-03-09 15:00:00+01:00,1.0980077
2025,CO2/CO/NOx,2025-03-09 16:00:00+01:00,1.1136936
2025,CO2/CO/NOx,2025-03-09 17:00:00+01:00,1.1921227
2025,CO2/CO/NOx,2025-03-09 18:00:00+01:00,1.1136936
2025,CO2/CO/NOx,2025-03-09 19:00:00+01:00,1.1293794
2025,CO2/CO/NOx,2025-03-09 20:00:00+01:00,1.0980077
2025,CO2/CO/NOx,2025-03-09 21:00:00+01:00,1.0980077
2025,CO2/CO/NOx,2025-03-09 22:00:00+01:00,1.1136936
2025,CO2/CO/NOx,2025-03-09 23:00:00+01:00,1.0980077
2025,CO2/CO/NOx,2025-03-10 00:00:00+01:00,1.0823219
2025,CO2/CO/NOx,2025-03-10 01:00:00+01:00,1.0823219
2025,CO2/CO/NOx,2025-03-10 02:00:00+01:00,1.0666361
2025,CO2/CO/NOx,2025-03-10 03:00:00+01:00,1.0666361
2025,CO2/CO/NOx,2025-03-10 04:00:00+01:00,1.0980077
2025,CO2/CO/NOx,2025-03-10 05:00:00+01:00,1.1450652
2025,CO2/CO/NOx,2025-03-10 06:00:00+01:00,1.42741
2025,CO2/CO/NOx,2025-03-10 07:00:00+01:00,1.521525
2025,CO2/CO/NOx,2025-03-10 08:00:00+01:00,1.4117242
2025,CO2/CO/NOx,2025-03-10 09:00:00+01:00,1.9136707
2025,CO2/CO/NOx,2025-03-10 10:00:00+01:00,1.6783832
2025,CO2/CO/NOx,2025-03-10 11:00:00+01:00,1.5528966
2025,CO2/CO/NOx,2025-03-10 12:00:00+01:00,1.5528966
2025,CO2/CO/NOx,2025-03-10 13:00:00+01:00,1.4901533
2025,CO2/CO/NOx,2025-03-10 14:00:00+01:00,1.3176093
2025,CO2/CO/NOx,2025-03-10 15:00:00+01:00,1.1921227
2025,CO2/CO/NOx,2025-03-10 16:00:00+01:00,1.2234943
2025,CO2/CO/NOx,2025-03-10 17:00:00+01:00,1.254866
2025,CO2/CO/NOx,2025-03-10 18:00:00+01:00,1.521525
2025,CO2/CO/NOx,2025-03-10 19:00:00+01:00,1.5842683
2025,CO2/CO/NOx,2025-03-10 20:00:00+01:00,1.3176093
2025,CO2/CO/NOx,2025-03-10 21:00:00+01:00,1.1764369
2025,CO2/CO/NOx,2025-03-10 22:00:00+01:00,1.1293794
2025,CO2/CO/NOx,2025-03-10 23:00:00+01:00,1.1450652
2025,CO2/CO/NOx,2025-03-11 00:00:00+01:00,1.1293794
2025,CO2/CO/NOx,2025-03-11 01:00:00+01:00,1.1293794
2025,CO2/CO/NOx,2025-03-11 02:00:00+01:00,1.1293794
2025,CO2/CO/NOx,2025-03-11 03:00:00+01:00,1.1293794
2025,CO2/CO/NOx,2025-03-11 04:00:00+01:00,1.1450652
2025,CO2/CO/NOx,2025-03-11 05:00:00+01:00,1.4901533
2025,CO2/CO/NOx,2025-03-11 06:00:00+01:00,1.8195556
2025,CO2/CO/NOx,2025-03-11 07:00:00+01:00,2.1646438
2025,CO2/CO/NOx,2025-03-11 08:00:00+01:00,2.0234714
2025,CO2/CO/NOx,2025-03-11 09:00:00+01:00,1.5528966
2025,CO2/CO/NOx,2025-03-11 10:00:00+01:00,1.2078085
2025,CO2/CO/NOx,2025-03-11 11:00:00+01:00,1.2234943
2025,CO2/CO/NOx,2025-03-11 12:00:00+01:00,1.2234943
2025,CO2/CO/NOx,2025-03-11 13:00:00+01:00,1.160751
2025,CO2/CO/NOx,2025-03-11 14:00:00+01:00,1.254866
2025,CO2/CO/NOx,2025-03-11 15:00:00+01:00,1.3803526
2025,CO2/CO/NOx,2025-03-11 16:00:00+01:00,1.709755
2025,CO2/CO/NOx,2025-03-11 17:00:00+01:00,1.9136707
2025,CO2/CO/NOx,2025-03-11 18:00:00+01:00,1.960728
2025,CO2/CO/NOx,2025-03-11 19:00:00+01:00,1.960728
2025,CO2/CO/NOx,2025-03-11 20:00:00+01:00,1.9293565
2025,CO2/CO/NOx,2025-03-11 21:00:00+01:00,1.521525
2025,CO2/CO/NOx,2025-03-11 22:00:00+01:00,1.3960384
2025,CO2/CO/NOx,2025-03-11 23:00:00+01:00,1.2705518
2025,CO2/CO/NOx,2025-03-12 00:00:00+01:00,1.1136936
2025,CO2/CO/NOx,2025-03-12 01:00:00+01:00,1.0980077
2025,CO2/CO/NOx,2025-03-12 02:00:00+01:00,1.0980077
2025,CO2/CO/NOx,2025-03-12 03:00:00+01:00,1.1136936
2025,CO2/CO/NOx,2025-03-12 04:00:00+01:00,1.1136936
2025,CO2/CO/NOx,2025-03-12 05:00:00+01:00,1.2705518
2025,CO2/CO/NOx,2025-03-12 06:00:00+01:00,1.6626974
2025,CO2/CO/NOx,2025-03-12 07:00:00+01:00,1.960728
2025,CO2/CO/NOx,2025-03-12 08:00:00+01:00,1.9450423
2025,CO2/CO/NOx,2025-03-12 09:00:00+01:00,1.709755
2025,CO2/CO/NOx,2025-03-12 10:00:00+01:00,1.694069
2025,CO2/CO/NOx,2025-03-12 11:00:00+01:00,1.7411265
2025,CO2/CO/NOx,2025-03-12 12:00:00+01:00,1.7724981
2025,CO2/CO/NOx,2025-03-12 13:00:00+01:00,1.2705518
2025,CO2/CO/NOx,2025-03-12 14:00:00+01:00,1.0666361
2025,CO2/CO/NOx,2025-03-12 15:00:00+01:00,1.7411265
2025,CO2/CO/NOx,2025-03-12 16:00:00+01:00,2.0705287
2025,CO2/CO/NOx,2025-03-12 17:00:00+01:00,2.5254178
2025,CO2/CO/NOx,2025-03-12 18:00:00+01:00,3.0587358
2025,CO2/CO/NOx,2025-03-12 19:00:00+01:00,3.2312799
2025,CO2/CO/NOx,2025-03-12 20:00:00+01:00,2.1803296
2025,CO2/CO/NOx,2025-03-12 21:00:00+01:00,1.254866
2025,CO2/CO/NOx,2025-03-12 22:00:00+01:00,1.2078085
2025,CO2/CO/NOx,2025-03-12 23:00:00+01:00,1.2078085
2025,CO2/CO/NOx,2025-03-13 00:00:00+01:00,1.1921227
2025,CO2/CO/NOx,2025-03-13 01:00:00+01:00,1.1921227
2025,CO2/CO/NOx,2025-03-13 02:00:00+01:00,1.2078085
2025,CO2/CO/NOx,2025-03-13 03:00:00+01:00,1.1921227
2025,CO2/CO/NOx,2025-03-13 04:00:00+01:00,1.1921227
2025,CO2/CO/NOx,2025-03-13 05:00:00+01:00,1.42741
2025,CO2/CO/NOx,2025-03-13 06:00:00+01:00,1.8195556
2025,CO2/CO/NOx,2025-03-13 07:00:00+01:00,2.1332722
2025,CO2/CO/NOx,2025-03-13 08:00:00+01:00,2.1646438
2025,CO2/CO/NOx,2025-03-13 09:00:00+01:00,2.054843
2025,CO2/CO/NOx,2025-03-13 10:00:00+01:00,1.9293565
2025,CO2/CO/NOx,2025-03-13 11:00:00+01:00,1.8038698
2025,CO2/CO/NOx,2025-03-13 12:00:00+01:00,2.1332722
2025,CO2/CO/NOx,2025-03-13 13:00:00+01:00,2.3842454
2025,CO2/CO/NOx,2025-03-13 14:00:00+01:00,2.6509044
2025,CO2/CO/NOx,2025-03-13 15:00:00+01:00,2.3999312
2025,CO2/CO/NOx,2025-03-13 16:00:00+01:00,2.1803296
2025,CO2/CO/NOx,2025-03-13 17:00:00+01:00,1.9920998
2025,CO2/CO/NOx,2025-03-13 18:00:00+01:00,3.2469656
2025,CO2/CO/NOx,2025-03-13 19:00:00+01:00,3.388138
2025,CO2/CO/NOx,2025-03-13 20:00:00+01:00,3.0116782
2025,CO2/CO/NOx,2025-03-13 21:00:00+01:00,2.1175864
2025,CO2/CO/NOx,2025-03-13 22:00:00+01:00,1.694069
2025,CO2/CO/NOx,2025-03-13 23:00:00+01:00,1.3646667
2025,CO2/CO/NOx,2025-03-14 00:00:00+01:00,1.0195786
2025,CO2/CO/NOx,2025-03-14 01:00:00+01:00,1.3019234
2025,CO2/CO/NOx,2025-03-14 02:00:00+01:00,1.694069
2025,CO2/CO/NOx,2025-03-14 03:00:00+01:00,1.709755
2025,CO2/CO/NOx,2025-03-14 04:00:00+01:00,1.8666131
2025,CO2/CO/NOx,2025-03-14 05:00:00+01:00,2.243073
2025,CO2/CO/NOx,2025-03-14 06:00:00+01:00,2.588161
2025,CO2/CO/NOx,2025-03-14 07:00:00+01:00,2.948935
2025,CO2/CO/NOx,2025-03-14 08:00:00+01:00,3.0273643
2025,CO2/CO/NOx,2025-03-14 09:00:00+01:00,2.9959924
2025,CO2/CO/NOx,2025-03-14 10:00:00+01:00,2.509732
2025,CO2/CO/NOx,2025-03-14 11:00:00+01:00,2.5254178
2025,CO2/CO/NOx,2025-03-14 12:00:00+01:00,2.6979618
2025,CO2/CO/NOx,2025-03-14 13:00:00+01:00,2.682276
2025,CO2/CO/NOx,2025-03-14 14:00:00+01:00,2.5567894
2025,CO2/CO/NOx,2025-03-14 15:00:00+01:00,2.5254178
2025,CO2/CO/NOx,2025-03-14 16:00:00+01:00,2.4783604
2025,CO2/CO/NOx,2025-03-14 17:00:00+01:00,2.4469886
2025,CO2/CO/NOx,2025-03-14 18:00:00+01:00,2.509732
2025,CO2/CO/NOx,2025-03-14 19:00:00+01:00,2.4783604
2025,CO2/CO/NOx,2025-03-14 20:00:00+01:00,2.148958
2025,CO2/CO/NOx,2025-03-14 21:00:00+01:00,1.9136707
2025,CO2/CO/NOx,2025-03-14 22:00:00+01:00,1.788184
2025,CO2/CO/NOx,2025-03-14 23:00:00+01:00,1.42741
2025,CO2/CO/NOx,2025-03-15 00:00:00+01:00,1.3332951
2025,CO2/CO/NOx,2025-03-15 01:00:00+01:00,1.254866
2025,CO2/CO/NOx,2025-03-15 02:00:00+01:00,1.254866
2025,CO2/CO/NOx,2025-03-15 03:00:00+01:00,1.2862376
2025,CO2/CO/NOx,2025-03-15 04:00:00+01:00,1.4117242
2025,CO2/CO/NOx,2025-03-15 05:00:00+01:00,1.8352414
2025,CO2/CO/NOx,2025-03-15 06:00:00+01:00,2.1175864
2025,CO2/CO/NOx,2025-03-15 07:00:00+01:00,2.3999312
2025,CO2/CO/NOx,2025-03-15 08:00:00+01:00,2.6038468
2025,CO2/CO/NOx,2025-03-15 09:00:00+01:00,2.6038468
2025,CO2/CO/NOx,2025-03-15 10:00:00+01:00,2.6979618
2025,CO2/CO/NOx,2025-03-15 11:00:00+01:00,2.7450194
2025,CO2/CO/NOx,2025-03-15 12:00:00+01:00,2.0234714
2025,CO2/CO/NOx,2025-03-15 13:00:00+01:00,1.0509503
2025,CO2/CO/NOx,2025-03-15 14:00:00+01:00,1.0352644
2025,CO2/CO/NOx,2025-03-15 15:00:00+01:00,1.6783832
2025,CO2/CO/NOx,2025-03-15 16:00:00+01:00,2.4469886
2025,CO2/CO/NOx,2025-03-15 17:00:00+01:00,2.9332492
2025,CO2/CO/NOx,2025-03-15 18:00:00+01:00,2.9803066
2025,CO2/CO/NOx,2025-03-15 19:00:00+01:00,2.6979618
2025,CO2/CO/NOx,2025-03-15 20:00:00+01:00,2.5567894
2025,CO2/CO/NOx,2025-03-15 21:00:00+01:00,2.1803296
2025,CO2/CO/NOx,2025-03-15 22:00:00+01:00,2.054843
2025,CO2/CO/NOx,2025-03-15 23:00:00+01:00,1.8979847
2025,CO2/CO/NOx,2025-03-16 00:00:00+01:00,1.7568123
2025,CO2/CO/NOx,2025-03-16 01:00:00+01:00,1.7568123
2025,CO2/CO/NOx,2025-03-16 02:00:00+01:00,1.6783832
2025,CO2/CO/NOx,2025-03-16 03:00:00+01:00,1.6156399
2025,CO2/CO/NOx,2025-03-16 04:00:00+01:00,1.8352414
2025,CO2/CO/NOx,2025-03-16 05:00:00+01:00,2.3371878
2025,CO2/CO/NOx,2025-03-16 06:00:00+01:00,2.4783604
2025,CO2/CO/NOx,2025-03-16 07:00:00+01:00,2.6038468
2025,CO2/CO/NOx,2025-03-16 08:00:00+01:00,2.6195328
2025,CO2/CO/NOx,2025-03-16 09:00:00+01:00,1.6783832
2025,CO2/CO/NOx,2025-03-16 10:00:00+01:00,1.5058391
2025,CO2/CO/NOx,2025-03-16 11:00:00+01:00,2.0234714
2025,CO2/CO/NOx,2025-03-16 12:00:00+01:00,1.8195556
2025,CO2/CO/NOx,2025-03-16 13:00:00+01:00,1.8195556
2025,CO2/CO/NOx,2025-03-16 14:00:00+01:00,1.8352414
2025,CO2/CO/NOx,2025-03-16 15:00:00+01:00,1.4430959
2025,CO2/CO/NOx,2025-03-16 16:00:00+01:00,1.8666131
2025,CO2/CO/NOx,2025-03-16 17:00:00+01:00,1.9450423
2025,CO2/CO/NOx,2025-03-16 18:00:00+01:00,2.1646438
2025,CO2/CO/NOx,2025-03-16 19:00:00+01:00,2.415617
2025,CO2/CO/NOx,2025-03-16 20:00:00+01:00,2.4313028
2025,CO2/CO/NOx,2025-03-16 21:00:00+01:00,2.321502
2025,CO2/CO/NOx,2025-03-16 22:00:00+01:00,2.415617
2025,CO2/CO/NOx,2025-03-16 23:00:00+01:00,2.0705287
2025,CO2/CO/NOx,2025-03-17 00:00:00+01:00,1.8509274
2025,CO2/CO/NOx,2025-03-17 01:00:00+01:00,1.7568123
2025,CO2/CO/NOx,2025-03-17 02:00:00+01:00,1.8509274
2025,CO2/CO/NOx,2025-03-17 03:00:00+01:00,1.8038698
2025,CO2/CO/NOx,2025-03-17 04:00:00+01:00,2.1175864
2025,CO2/CO/NOx,2025-03-17 05:00:00+01:00,2.85482
2025,CO2/CO/NOx,2025-03-17 06:00:00+01:00,3.04305
2025,CO2/CO/NOx,2025-03-17 07:00:00+01:00,3.04305
2025,CO2/CO/NOx,2025-03-17 08:00:00+01:00,3.0901074
2025,CO2/CO/NOx,2025-03-17 09:00:00+01:00,3.0901074
2025,CO2/CO/NOx,2025-03-17 10:00:00+01:00,2.9803066
2025,CO2/CO/NOx,2025-03-17 11:00:00+01:00,2.9646208
2025,CO2/CO/NOx,2025-03-17 12:00:00+01:00,2.9646208
2025,CO2/CO/NOx,2025-03-17 13:00:00+01:00,2.6352186
2025,CO2/CO/NOx,2025-03-17 14:00:00+01:00,2.4313028
2025,CO2/CO/NOx,2025-03-17 15:00:00+01:00,2.2587588
2025,CO2/CO/NOx,2025-03-17 16:00:00+01:00,2.2901304
2025,CO2/CO/NOx,2025-03-17 17:00:00+01:00,2.4626744
2025,CO2/CO/NOx,2025-03-17 18:00:00+01:00,2.776391
2025,CO2/CO/NOx,2025-03-17 19:00:00+01:00,2.948935
2025,CO2/CO/NOx,2025-03-17 20:00:00+01:00,2.8077626
2025,CO2/CO/NOx,2025-03-17 21:00:00+01:00,2.6509044
2025,CO2/CO/NOx,2025-03-17 22:00:00+01:00,2.6352186
2025,CO2/CO/NOx,2025-03-17 23:00:00+01:00,2.3842454
2025,CO2/CO/NOx,2025-03-18 00:00:00+01:00,2.3058162
2025,CO2/CO/NOx,2025-03-18 01:00:00+01:00,2.2901304
2025,CO2/CO/NOx,2025-03-18 02:00:00+01:00,2.2901304
2025,CO2/CO/NOx,2025-03-18 03:00:00+01:00,2.321502
2025,CO2/CO/NOx,2025-03-18 04:00:00+01:00,2.6509044
2025,CO2/CO/NOx,2025-03-18 05:00:00+01:00,2.9175634
2025,CO2/CO/NOx,2025-03-18 06:00:00+01:00,2.9803066
2025,CO2/CO/NOx,2025-03-18 07:00:00+01:00,2.9803066
2025,CO2/CO/NOx,2025-03-18 08:00:00+01:00,2.9959924
2025,CO2/CO/NOx,2025-03-18 09:00:00+01:00,2.7607052
2025,CO2/CO/NOx,2025-03-18 10:00:00+01:00,1.8666131
2025,CO2/CO/NOx,2025-03-18 11:00:00+01:00,2.0077856
2025,CO2/CO/NOx,2025-03-18 12:00:00+01:00,1.4901533
2025,CO2/CO/NOx,2025-03-18 13:00:00+01:00,1.0352644
2025,CO2/CO/NOx,2025-03-18 14:00:00+01:00,1.0509503
2025,CO2/CO/NOx,2025-03-18 15:00:00+01:00,1.0352644
2025,CO2/CO/NOx,2025-03-18 16:00:00+01:00,1.4744675
2025,CO2/CO/NOx,2025-03-18 17:00:00+01:00,2.0705287
2025,CO2/CO/NOx,2025-03-18 18:00:00+01:00,2.4469886
2025,CO2/CO/NOx,2025-03-18 19:00:00+01:00,2.6038468
2025,CO2/CO/NOx,2025-03-18 20:00:00+01:00,2.588161
2025,CO2/CO/NOx,2025-03-18 21:00:00+01:00,2.509732
2025,CO2/CO/NOx,2025-03-18 22:00:00+01:00,2.4940462
2025,CO2/CO/NOx,2025-03-18 23:00:00+01:00,2.2273872
2025,CO2/CO/NOx,2025-03-19 00:00:00+01:00,2.0705287
2025,CO2/CO/NOx,2025-03-19 01:00:00+01:00,2.1019006
2025,CO2/CO/NOx,2025-03-19 02:00:00+01:00,2.1646438
2025,CO2/CO/NOx,2025-03-19 03:00:00+01:00,2.2273872
2025,CO2/CO/NOx,2025-03-19 04:00:00+01:00,2.509732
2025,CO2/CO/NOx,2025-03-19 05:00:00+01:00,2.8705058
2025,CO2/CO/NOx,2025-03-19 06:00:00+01:00,2.9959924
2025,CO2/CO/NOx,2025-03-19 07:00:00+01:00,2.9959924
2025,CO2/CO/NOx,2025-03-19 08:00:00+01:00,2.9803066
2025,CO2/CO/NOx,2025-03-19 09:00:00+01:00,2.5724752
2025,CO2/CO/NOx,2025-03-19 10:00:00+01:00,1.6313257
2025,CO2/CO/NOx,2025-03-19 11:00:00+01:00,1.0195786
2025,CO2/CO/NOx,2025-03-19 12:00:00+01:00,1.0509503
2025,CO2/CO/NOx,2025-03-19 13:00:00+01:00,1.0509503
2025,CO2/CO/NOx,2025-03-19 14:00:00+01:00,1.0509503
2025,CO2/CO/NOx,2025-03-19 15:00:00+01:00,1.1293794
2025,CO2/CO/NOx,2025-03-19 16:00:00+01:00,1.2391802
2025,CO2/CO/NOx,2025-03-19 17:00:00+01:00,1.3960384
2025,CO2/CO/NOx,2025-03-19 18:00:00+01:00,2.148958
2025,CO2/CO/NOx,2025-03-19 19:00:00+01:00,2.7136476
2025,CO2/CO/NOx,2025-03-19 20:00:00+01:00,2.3999312
2025,CO2/CO/NOx,2025-03-19 21:00:00+01:00,1.6626974
2025,CO2/CO/NOx,2025-03-19 22:00:00+01:00,1.3332951
2025,CO2/CO/NOx,2025-03-19 23:00:00+01:00,1.1293794
2025,CO2/CO/NOx,2025-03-20 00:00:00+01:00,1.0666361
2025,CO2/CO/NOx,2025-03-20 01:00:00+01:00,1.2078085
2025,CO2/CO/NOx,2025-03-20 02:00:00+01:00,1.2705518
2025,CO2/CO/NOx,2025-03-20 03:00:00+01:00,1.3019234
2025,CO2/CO/NOx,2025-03-20 04:00:00+01:00,1.4744675
2025,CO2/CO/NOx,2025-03-20 05:00:00+01:00,1.694069
2025,CO2/CO/NOx,2025-03-20 06:00:00+01:00,2.0705287
2025,CO2/CO/NOx,2025-03-20 07:00:00+01:00,2.6038468
2025,CO2/CO/NOx,2025-03-20 08:00:00+01:00,2.6195328
2025,CO2/CO/NOx,2025-03-20 09:00:00+01:00,2.6352186
2025,CO2/CO/NOx,2025-03-20 10:00:00+01:00,1.8666131
2025,CO2/CO/NOx,2025-03-20 11:00:00+01:00,1.0666361
2025,CO2/CO/NOx,2025-03-20 12:00:00+01:00,1.0509503
2025,CO2/CO/NOx,2025-03-20 13:00:00+01:00,1.0509503
2025,CO2/CO/NOx,2025-03-20 14:00:00+01:00,1.0509503
2025,CO2/CO/NOx,2025-03-20 15:00:00+01:00,1.1293794
2025,CO2/CO/NOx,2025-03-20 16:00:00+01:00,1.2078085
2025,CO2/CO/NOx,2025-03-20 17:00:00+01:00,1.6470116
2025,CO2/CO/NOx,2025-03-20 18:00:00+01:00,3.1528509
2025,CO2/CO/NOx,2025-03-20 19:00:00+01:00,3.3253949
2025,CO2/CO/NOx,2025-03-20 20:00:00+01:00,1.8352414
2025,CO2/CO/NOx,2025-03-20 21:00:00+01:00,1.1136936
2025,CO2/CO/NOx,2025-03-20 22:00:00+01:00,1.160751
2025,CO2/CO/NOx,2025-03-20 23:00:00+01:00,1.1764369
2025,CO2/CO/NOx,2025-03-21 00:00:00+01:00,1.2391802
2025,CO2/CO/NOx,2025-03-21 01:00:00+01:00,1.2391802
2025,CO2/CO/NOx,2025-03-21 02:00:00+01:00,1.2391802
2025,CO2/CO/NOx,2025-03-21 03:00:00+01:00,1.2391802
2025,CO2/CO/NOx,2025-03-21 04:00:00+01:00,1.2391802
2025,CO2/CO/NOx,2025-03-21 05:00:00+01:00,1.2862376
2025,CO2/CO/NOx,2025-03-21 06:00:00+01:00,1.5842683
2025,CO2/CO/NOx,2025-03-21 07:00:00+01:00,1.8038698
2025,CO2/CO/NOx,2025-03-21 08:00:00+01:00,1.3960384
2025,CO2/CO/NOx,2025-03-21 09:00:00+01:00,1.0195786
2025,CO2/CO/NOx,2025-03-21 10:00:00+01:00,1.0195786
2025,CO2/CO/NOx,2025-03-21 11:00:00+01:00,1.0195786
2025,CO2/CO/NOx,2025-03-21 12:00:00+01:00,1.0352644
2025,CO2/CO/NOx,2025-03-21 13:00:00+01:00,1.0352644
2025,CO2/CO/NOx,2025-03-21 14:00:00+01:00,1.0509503
2025,CO2/CO/NOx,2025-03-21 15:00:00+01:00,1.0823219
2025,CO2/CO/NOx,2025-03-21 16:00:00+01:00,1.0509503
2025,CO2/CO/NOx,2025-03-21 17:00:00+01:00,1.2234943
2025,CO2/CO/NOx,2025-03-21 18:00:00+01:00,3.2312799
2025,CO2/CO/NOx,2025-03-21 19:00:00+01:00,3.121479
2025,CO2/CO/NOx,2025-03-21 20:00:00+01:00,2.3842454
2025,CO2/CO/NOx,2025-03-21 21:00:00+01:00,2.2744446
2025,CO2/CO/NOx,2025-03-21 22:00:00+01:00,1.5372108
2025,CO2/CO/NOx,2025-03-21 23:00:00+01:00,1.0823219
2025,CO2/CO/NOx,2025-03-22 00:00:00+01:00,1.0980077
2025,CO2/CO/NOx,2025-03-22 01:00:00+01:00,1.0823219
2025,CO2/CO/NOx,2025-03-22 02:00:00+01:00,1.0980077
2025,CO2/CO/NOx,2025-03-22 03:00:00+01:00,1.0980077
2025,CO2/CO/NOx,2025-03-22 04:00:00+01:00,1.0980077
2025,CO2/CO/NOx,2025-03-22 05:00:00+01:00,1.0980077
2025,CO2/CO/NOx,2025-03-22 06:00:00+01:00,1.0666361
2025,CO2/CO/NOx,2025-03-22 07:00:00+01:00,1.0509503
2025,CO2/CO/NOx,2025-03-22 08:00:00+01:00,1.0352644
2025,CO2/CO/NOx,2025-03-22 09:00:00+01:00,1.0352644
2025,CO2/CO/NOx,2025-03-22 10:00:00+01:00,1.0509503
2025,CO2/CO/NOx,2025-03-22 11:00:00+01:00,1.0509503
2025,CO2/CO/NOx,2025-03-22 12:00:00+01:00,1.3019234
2025,CO2/CO/NOx,2025-03-22 13:00:00+01:00,1.2391802
2025,CO2/CO/NOx,2025-03-22 14:00:00+01:00,1.0823219
2025,CO2/CO/NOx,2025-03-22 15:00:00+01:00,1.0352644
2025,CO2/CO/NOx,2025-03-22 16:00:00+01:00,1.0352644
2025,CO2/CO/NOx,2025-03-22 17:00:00+01:00,1.0509503
2025,CO2/CO/NOx,2025-03-22 18:00:00+01:00,1.0352644
2025,CO2/CO/NOx,2025-03-22 19:00:00+01:00,1.0509503
2025,CO2/CO/NOx,2025-03-22 20:00:00+01:00,1.0509503
2025,CO2/CO/NOx,2025-03-22 21:00:00+01:00,1.0666361
2025,CO2/CO/NOx,2025-03-22 22:00:00+01:00,1.0666361
2025,CO2/CO/NOx,2025-03-22 23:00:00+01:00,1.1293794
2025,CO2/CO/NOx,2025-03-23 00:00:00+01:00,1.1136936
2025,CO2/CO/NOx,2025-03-23 01:00:00+01:00,1.0980077
2025,CO2/CO/NOx,2025-03-23 02:00:00+01:00,1.0980077
2025,CO2/CO/NOx,2025-03-23 03:00:00+01:00,1.0980077
2025,CO2/CO/NOx,2025-03-23 04:00:00+01:00,1.0980077
2025,CO2/CO/NOx,2025-03-23 05:00:00+01:00,1.0823219
2025,CO2/CO/NOx,2025-03-23 06:00:00+01:00,1.0823219
2025,CO2/CO/NOx,2025-03-23 07:00:00+01:00,1.0823219
2025,CO2/CO/NOx,2025-03-23 08:00:00+01:00,1.0823219
2025,CO2/CO/NOx,2025-03-23 09:00:00+01:00,1.0666361
2025,CO2/CO/NOx,2025-03-23 10:00:00+01:00,1.0352644
2025,CO2/CO/NOx,2025-03-23 11:00:00+01:00,1.0195786
2025,CO2/CO/NOx,2025-03-23 12:00:00+01:00,1.0352644
2025,CO2/CO/NOx,2025-03-23 13:00:00+01:00,1.0509503
2025,CO2/CO/NOx,2025-03-23 14:00:00+01:00,1.0352644
2025,CO2/CO/NOx,2025-03-23 15:00:00+01:00,1.160751
2025,CO2/CO/NOx,2025-03-23 16:00:00+01:00,1.5999541
2025,CO2/CO/NOx,2025-03-23 17:00:00+01:00,1.694069
2025,CO2/CO/NOx,2025-03-23 18:00:00+01:00,1.788184
2025,CO2/CO/NOx,2025-03-23 19:00:00+01:00,2.3999312
2025,CO2/CO/NOx,2025-03-23 20:00:00+01:00,2.6038468
2025,CO2/CO/NOx,2025-03-23 21:00:00+01:00,2.1960154
2025,CO2/CO/NOx,2025-03-23 22:00:00+01:00,1.788184
2025,CO2/CO/NOx,2025-03-23 23:00:00+01:00,1.6156399
2025,CO2/CO/NOx,2025-03-24 00:00:00+01:00,1.5685824
2025,CO2/CO/NOx,2025-03-24 01:00:00+01:00,1.5528966
2025,CO2/CO/NOx,2025-03-24 02:00:00+01:00,1.5372108
2025,CO2/CO/NOx,2025-03-24 03:00:00+01:00,1.2078085
2025,CO2/CO/NOx,2025-03-24 04:00:00+01:00,1.0823219
2025,CO2/CO/NOx,2025-03-24 05:00:00+01:00,1.2862376
2025,CO2/CO/NOx,2025-03-24 06:00:00+01:00,1.6783832
2025,CO2/CO/NOx,2025-03-24 07:00:00+01:00,1.7254407
2025,CO2/CO/NOx,2025-03-24 08:00:00+01:00,1.5842683
2025,CO2/CO/NOx,2025-03-24 09:00:00+01:00,1.4117242
2025,CO2/CO/NOx,2025-03-24 10:00:00+01:00,1.4117242
2025,CO2/CO/NOx,2025-03-24 11:00:00+01:00,1.4117242
2025,CO2/CO/NOx,2025-03-24 12:00:00+01:00,1.3019234
2025,CO2/CO/NOx,2025-03-24 13:00:00+01:00,1.1921227
2025,CO2/CO/NOx,2025-03-24 14:00:00+01:00,1.1764369
2025,CO2/CO/NOx,2025-03-24 15:00:00+01:00,1.1764369
2025,CO2/CO/NOx,2025-03-24 16:00:00+01:00,1.3176093
2025,CO2/CO/NOx,2025-03-24 17:00:00+01:00,2.6038468
2025,CO2/CO/NOx,2025-03-24 18:00:00+01:00,3.482253
2025,CO2/CO/NOx,2025-03-24 19:00:00+01:00,3.5293105
2025,CO2/CO/NOx,2025-03-24 20:00:00+01:00,2.7607052
2025,CO2/CO/NOx,2025-03-24 21:00:00+01:00,1.6470116
2025,CO2/CO/NOx,2025-03-24 22:00:00+01:00,1.3019234
2025,CO2/CO/NOx,2025-03-24 23:00:00+01:00,1.3803526
2025,CO2/CO/NOx,2025-03-25 00:00:00+01:00,1.5372108
2025,CO2/CO/NOx,2025-03-25 01:00:00+01:00,1.521525
2025,CO2/CO/NOx,2025-03-25 02:00:00+01:00,1.521525
2025,CO2/CO/NOx,2025-03-25 03:00:00+01:00,1.5842683
2025,CO2/CO/NOx,2025-03-25 04:00:00+01:00,2.0234714
2025,CO2/CO/NOx,2025-03-25 05:00:00+01:00,3.4665673
2025,CO2/CO/NOx,2025-03-25 06:00:00+01:00,3.8900845
2025,CO2/CO/NOx,2025-03-25 07:00:00+01:00,3.8273413
2025,CO2/CO/NOx,2025-03-25 08:00:00+01:00,3.6391113
2025,CO2/CO/NOx,2025-03-25 09:00:00+01:00,3.3567665
2025,CO2/CO/NOx,2025-03-25 10:00:00+01:00,2.1019006
2025,CO2/CO/NOx,2025-03-25 11:00:00+01:00,1.3960384
2025,CO2/CO/NOx,2025-03-25 12:00:00+01:00,1.2391802
2025,CO2/CO/NOx,2025-03-25 13:00:00+01:00,1.1764369
2025,CO2/CO/NOx,2025-03-25 14:00:00+01:00,1.1450652
2025,CO2/CO/NOx,2025-03-25 15:00:00+01:00,1.0509503
2025,CO2/CO/NOx,2025-03-25 16:00:00+01:00,1.0666361
2025,CO2/CO/NOx,2025-03-25 17:00:00+01:00,1.254866
2025,CO2/CO/NOx,2025-03-25 18:00:00+01:00,1.3176093
2025,CO2/CO/NOx,2025-03-25 19:00:00+01:00,1.3646667
2025,CO2/CO/NOx,2025-03-25 20:00:00+01:00,2.148958
2025,CO2/CO/NOx,2025-03-25 21:00:00+01:00,2.6195328
2025,CO2/CO/NOx,2025-03-25 22:00:00+01:00,3.0744216
2025,CO2/CO/NOx,2025-03-25 23:00:00+01:00,2.6509044
2025,CO2/CO/NOx,2025-03-26 00:00:00+01:00,1.4430959
2025,CO2/CO/NOx,2025-03-26 01:00:00+01:00,1.2234943
2025,CO2/CO/NOx,2025-03-26 02:00:00+01:00,1.1450652
2025,CO2/CO/NOx,2025-03-26 03:00:00+01:00,1.521525
2025,CO2/CO/NOx,2025-03-26 04:00:00+01:00,1.3489809
2025,CO2/CO/NOx,2025-03-26 05:00:00+01:00,1.521525
2025,CO2/CO/NOx,2025-03-26 06:00:00+01:00,1.6626974
2025,CO2/CO/NOx,2025-03-26 07:00:00+01:00,1.6626974
2025,CO2/CO/NOx,2025-03-26 08:00:00+01:00,1.5372108
2025,CO2/CO/NOx,2025-03-26 09:00:00+01:00,2.243073
2025,CO2/CO/NOx,2025-03-26 10:00:00+01:00,1.8195556
2025,CO2/CO/NOx,2025-03-26 11:00:00+01:00,2.2273872
2025,CO2/CO/NOx,2025-03-26 12:00:00+01:00,1.7411265
2025,CO2/CO/NOx,2025-03-26 13:00:00+01:00,2.2273872
2025,CO2/CO/NOx,2025-03-26 14:00:00+01:00,1.8038698
2025,CO2/CO/NOx,2025-03-26 15:00:00+01:00,1.3176093
2025,CO2/CO/NOx,2025-03-26 16:00:00+01:00,1.3019234
2025,CO2/CO/NOx,2025-03-26 17:00:00+01:00,1.6783832
2025,CO2/CO/NOx,2025-03-26 18:00:00+01:00,2.6038468
2025,CO2/CO/NOx,2025-03-26 19:00:00+01:00,2.6665902
2025,CO2/CO/NOx,2025-03-26 20:00:00+01:00,2.0391572
2025,CO2/CO/NOx,2025-03-26 21:00:00+01:00,2.148958
2025,CO2/CO/NOx,2025-03-26 22:00:00+01:00,1.7568123
2025,CO2/CO/NOx,2025-03-26 23:00:00+01:00,1.2391802
2025,CO2/CO/NOx,2025-03-27 00:00:00+01:00,1.2391802
2025,CO2/CO/NOx,2025-03-27 01:00:00+01:00,1.2391802
2025,CO2/CO/NOx,2025-03-27 02:00:00+01:00,1.2391802
2025,CO2/CO/NOx,2025-03-27 03:00:00+01:00,1.2391802
2025,CO2/CO/NOx,2025-03-27 04:00:00+01:00,1.2391802
2025,CO2/CO/NOx,2025-03-27 05:00:00+01:00,1.254866
2025,CO2/CO/NOx,2025-03-27 06:00:00+01:00,1.521525
2025,CO2/CO/NOx,2025-03-27 07:00:00+01:00,2.4626744
2025,CO2/CO/NOx,2025-03-27 08:00:00+01:00,2.415617
2025,CO2/CO/NOx,2025-03-27 09:00:00+01:00,1.8666131
2025,CO2/CO/NOx,2025-03-27 10:00:00+01:00,1.5528966
2025,CO2/CO/NOx,2025-03-27 11:00:00+01:00,1.9450423
2025,CO2/CO/NOx,2025-03-27 12:00:00+01:00,1.7254407
2025,CO2/CO/NOx,2025-03-27 13:00:00+01:00,1.2705518
2025,CO2/CO/NOx,2025-03-27 14:00:00+01:00,1.2391802
2025,CO2/CO/NOx,2025-03-27 15:00:00+01:00,1.3332951
2025,CO2/CO/NOx,2025-03-27 16:00:00+01:00,1.3489809
2025,CO2/CO/NOx,2025-03-27 17:00:00+01:00,1.3176093
2025,CO2/CO/NOx,2025-03-27 18:00:00+01:00,1.2705518
2025,CO2/CO/NOx,2025-03-27 19:00:00+01:00,1.2705518
2025,CO2/CO/NOx,2025-03-27 20:00:00+01:00,1.1921227
2025,CO2/CO/NOx,2025-03-27 21:00:00+01:00,1.1921227
2025,CO2/CO/NOx,2025-03-27 22:00:00+01:00,1.2862376
2025,CO2/CO/NOx,2025-03-27 23:00:00+01:00,1.1450652
2025,CO2/CO/NOx,2025-03-28 00:00:00+01:00,1.0980077
2025,CO2/CO/NOx,2025-03-28 01:00:00+01:00,1.1136936
2025,CO2/CO/NOx,2025-03-28 02:00:00+01:00,1.2391802
2025,CO2/CO/NOx,2025-03-28 03:00:00+01:00,1.2862376
2025,CO2/CO/NOx,2025-03-28 04:00:00+01:00,1.4430959
2025,CO2/CO/NOx,2025-03-28 05:00:00+01:00,1.5999541
2025,CO2/CO/NOx,2025-03-28 06:00:00+01:00,2.0077856
2025,CO2/CO/NOx,2025-03-28 07:00:00+01:00,2.4469886
2025,CO2/CO/NOx,2025-03-28 08:00:00+01:00,2.509732
2025,CO2/CO/NOx,2025-03-28 09:00:00+01:00,2.0391572
2025,CO2/CO/NOx,2025-03-28 10:00:00+01:00,1.4117242
2025,CO2/CO/NOx,2025-03-28 11:00:00+01:00,1.0509503
2025,CO2/CO/NOx,2025-03-28 12:00:00+01:00,1.0352644
2025,CO2/CO/NOx,2025-03-28 13:00:00+01:00,1.0666361
2025,CO2/CO/NOx,2025-03-28 14:00:00+01:00,1.0509503
2025,CO2/CO/NOx,2025-03-28 15:00:00+01:00,1.0823219
2025,CO2/CO/NOx,2025-03-28 16:00:00+01:00,1.1921227
2025,CO2/CO/NOx,2025-03-28 17:00:00+01:00,1.1764369
2025,CO2/CO/NOx,2025-03-28 18:00:00+01:00,1.1764369
2025,CO2/CO/NOx,2025-03-28 19:00:00+01:00,1.1764369
2025,CO2/CO/NOx,2025-03-28 20:00:00+01:00,1.1764369
2025,CO2/CO/NOx,2025-03-28 21:00:00+01:00,1.1921227
2025,CO2/CO/NOx,2025-03-28 22:00:00+01:00,1.1921227
2025,CO2/CO/NOx,2025-03-28 23:00:00+01:00,1.1921227
2025,CO2/CO/NOx,2025-03-29 00:00:00+01:00,1.1136936
2025,CO2/CO/NOx,2025-03-29 01:00:00+01:00,1.0980077
2025,CO2/CO/NOx,2025-03-29 02:00:00+01:00,1.1136936
2025,CO2/CO/NOx,2025-03-29 03:00:00+01:00,1.1136936
2025,CO2/CO/NOx,2025-03-29 04:00:00+01:00,1.0823219
2025,CO2/CO/NOx,2025-03-29 05:00:00+01:00,1.0823219
2025,CO2/CO/NOx,2025-03-29 06:00:00+01:00,1.0980077
2025,CO2/CO/NOx,2025-03-29 07:00:00+01:00,1.2391802
2025,CO2/CO/NOx,2025-03-29 08:00:00+01:00,1.254866
2025,CO2/CO/NOx,2025-03-29 09:00:00+01:00,1.254866
2025,CO2/CO/NOx,2025-03-29 10:00:00+01:00,1.0823219
2025,CO2/CO/NOx,2025-03-29 11:00:00+01:00,1.0666361
2025,CO2/CO/NOx,2025-03-29 12:00:00+01:00,1.0823219
2025,CO2/CO/NOx,2025-03-29 13:00:00+01:00,1.0666361
2025,CO2/CO/NOx,2025-03-29 14:00:00+01:00,1.0666361
2025,CO2/CO/NOx,2025-03-29 15:00:00+01:00,1.0666361
2025,CO2/CO/NOx,2025-03-29 16:00:00+01:00,1.0666361
2025,CO2/CO/NOx,2025-03-29 17:00:00+01:00,1.1921227
2025,CO2/CO/NOx,2025-03-29 18:00:00+01:00,1.5528966
2025,CO2/CO/NOx,2025-03-29 19:00:00+01:00,2.7136476
2025,CO2/CO/NOx,2025-03-29 20:00:00+01:00,1.6626974
2025,CO2/CO/NOx,2025-03-29 21:00:00+01:00,1.1764369
2025,CO2/CO/NOx,2025-03-29 22:00:00+01:00,1.1293794
2025,CO2/CO/NOx,2025-03-29 23:00:00+01:00,1.0666361
2025,CO2/CO/NOx,2025-03-30 00:00:00+01:00,1.0666361
2025,CO2/CO/NOx,2025-03-30 01:00:00+01:00,1.0352644
2025,CO2/CO/NOx,2025-03-30 03:00:00+02:00,1.0352644
2025,CO2/CO/NOx,2025-03-30 04:00:00+02:00,1.0509503
2025,CO2/CO/NOx,2025-03-30 05:00:00+02:00,1.0509503
2025,CO2/CO/NOx,2025-03-30 06:00:00+02:00,1.1136936
2025,CO2/CO/NOx,2025-03-30 07:00:00+02:00,1.8979847
2025,CO2/CO/NOx,2025-03-30 08:00:00+02:00,1.5842683
2025,CO2/CO/NOx,2025-03-30 09:00:00+02:00,1.0195786
2025,CO2/CO/NOx,2025-03-30 10:00:00+02:00,1.0352644
2025,CO2/CO/NOx,2025-03-30 11:00:00+02:00,1.0352644
2025,CO2/CO/NOx,2025-03-30 12:00:00+02:00,1.0509503
2025,CO2/CO/NOx,2025-03-30 13:00:00+02:00,0.8470345
2025,CO2/CO/NOx,2025-03-30 14:00:00+02:00,0.81566286
2025,CO2/CO/NOx,2025-03-30 15:00:00+02:00,0.79997706
2025,CO2/CO/NOx,2025-03-30 16:00:00+02:00,0.81566286
2025,CO2/CO/NOx,2025-03-30 17:00:00+02:00,0.9568353
2025,CO2/CO/NOx,2025-03-30 18:00:00+02:00,1.160751
2025,CO2/CO/NOx,2025-03-30 19:00:00+02:00,1.2391802
2025,CO2/CO/NOx,2025-03-30 20:00:00+02:00,1.3332951
2025,CO2/CO/NOx,2025-03-30 21:00:00+02:00,1.4117242
2025,CO2/CO/NOx,2025-03-30 22:00:00+02:00,1.4117242
2025,CO2/CO/NOx,2025-03-30 23:00:00+02:00,1.254866
2025,CO2/CO/NOx,2025-03-31 00:00:00+02:00,1.0980077
2025,CO2/CO/NOx,2025-03-31 01:00:00+02:00,1.1136936
2025,CO2/CO/NOx,2025-03-31 02:00:00+02:00,1.1293794
2025,CO2/CO/NOx,2025-03-31 03:00:00+02:00,1.1764369
2025,CO2/CO/NOx,2025-03-31 04:00:00+02:00,1.1921227
2025,CO2/CO/NOx,2025-03-31 05:00:00+02:00,1.2705518
2025,CO2/CO/NOx,2025-03-31 06:00:00+02:00,1.6470116
2025,CO2/CO/NOx,2025-03-31 07:00:00+02:00,2.3842454
2025,CO2/CO/NOx,2025-03-31 08:00:00+02:00,3.2940233
2025,CO2/CO/NOx,2025-03-31 09:00:00+02:00,3.215594
2025,CO2/CO/NOx,2025-03-31 10:00:00+02:00,2.3058162
2025,CO2/CO/NOx,2025-03-31 11:00:00+02:00,2.0391572
2025,CO2/CO/NOx,2025-03-31 12:00:00+02:00,1.9293565
2025,CO2/CO/NOx,2025-03-31 13:00:00+02:00,1.7254407
2025,CO2/CO/NOx,2025-03-31 14:00:00+02:00,1.6313257
2025,CO2/CO/NOx,2025-03-31 15:00:00+02:00,1.709755
2025,CO2/CO/NOx,2025-03-31 16:00:00+02:00,1.709755
2025,CO2/CO/NOx,2025-03-31 17:00:00+02:00,1.5999541
2025,CO2/CO/NOx,2025-03-31 18:00:00+02:00,1.5685824
2025,CO2/CO/NOx,2025-03-31 19:00:00+02:00,1.6156399
2025,CO2/CO/NOx,2025-03-31 20:00:00+02:00,1.709755
2025,CO2/CO/NOx,2025-03-31 21:00:00+02:00,1.7411265
2025,CO2/CO/NOx,2025-03-31 22:00:00+02:00,1.6156399
2025,CO2/CO/NOx,2025-03-31 23:00:00+02:00,1.2862376
2025,CO2/CO/NOx,2025-04-01 00:00:00+02:00,1.0823219
2025,CO2/CO/NOx,2025-04-01 01:00:00+02:00,1.0823219
2025,CO2/CO/NOx,2025-04-01 02:00:00+02:00,1.0980077
2025,CO2/CO/NOx,2025-04-01 03:00:00+02:00,1.0823219
2025,CO2/CO/NOx,2025-04-01 04:00:00+02:00,1.160751
2025,CO2/CO/NOx,2025-04-01 05:00:00+02:00,1.4430959
2025,CO2/CO/NOx,2025-04-01 06:00:00+02:00,1.8038698
2025,CO2/CO/NOx,2025-04-01 07:00:00+02:00,2.0391572
2025,CO2/CO/NOx,2025-04-01 08:00:00+02:00,2.1175864
2025,CO2/CO/NOx,2025-04-01 09:00:00+02:00,2.0077856
2025,CO2/CO/NOx,2025-04-01 10:00:00+02:00,1.882299
2025,CO2/CO/NOx,2025-04-01 11:00:00+02:00,1.521525
2025,CO2/CO/NOx,2025-04-01 12:00:00+02:00,1.2391802
2025,CO2/CO/NOx,2025-04-01 13:00:00+02:00,1.2862376
2025,CO2/CO/NOx,2025-04-01 14:00:00+02:00,1.0352644
2025,CO2/CO/NOx,2025-04-01 15:00:00+02:00,1.0352644
2025,CO2/CO/NOx,2025-04-01 16:00:00+02:00,1.0823219
2025,CO2/CO/NOx,2025-04-01 17:00:00+02:00,1.8195556
2025,CO2/CO/NOx,2025-04-01 18:00:00+02:00,1.4117242
2025,CO2/CO/NOx,2025-04-01 19:00:00+02:00,1.42741
2025,CO2/CO/NOx,2025-04-01 20:00:00+02:00,1.694069
2025,CO2/CO/NOx,2025-04-01 21:00:00+02:00,2.8391342
2025,CO2/CO/NOx,2025-04-01 22:00:00+02:00,2.415617
2025,CO2/CO/NOx,2025-04-01 23:00:00+02:00,1.254866
2025,CO2/CO/NOx,2025-04-02 00:00:00+02:00,1.1921227
2025,CO2/CO/NOx,2025-04-02 01:00:00+02:00,1.1450652
2025,CO2/CO/NOx,2025-04-02 02:00:00+02:00,1.1450652
2025,CO2/CO/NOx,2025-04-02 03:00:00+02:00,1.1450652
2025,CO2/CO/NOx,2025-04-02 04:00:00+02:00,1.5528966
2025,CO2/CO/NOx,2025-04-02 05:00:00+02:00,2.7450194
2025,CO2/CO/NOx,2025-04-02 06:00:00+02:00,3.2940233
2025,CO2/CO/NOx,2025-04-02 07:00:00+02:00,2.682276
2025,CO2/CO/NOx,2025-04-02 08:00:00+02:00,2.5567894
2025,CO2/CO/NOx,2025-04-02 09:00:00+02:00,1.8666131
2025,CO2/CO/NOx,2025-04-02 10:00:00+02:00,1.3176093
2025,CO2/CO/NOx,2025-04-02 11:00:00+02:00,1.0823219
2025,CO2/CO/NOx,2025-04-02 12:00:00+02:00,1.0352644
2025,CO2/CO/NOx,2025-04-02 13:00:00+02:00,1.0509503
2025,CO2/CO/NOx,2025-04-02 14:00:00+02:00,1.0509503
2025,CO2/CO/NOx,2025-04-02 15:00:00+02:00,1.0666361
2025,CO2/CO/NOx,2025-04-02 16:00:00+02:00,1.0666361
2025,CO2/CO/NOx,2025-04-02 17:00:00+02:00,1.1764369
2025,CO2/CO/NOx,2025-04-02 18:00:00+02:00,2.6665902
2025,CO2/CO/NOx,2025-04-02 19:00:00+02:00,2.243073
2025,CO2/CO/NOx,2025-04-02 20:00:00+02:00,1.2862376
2025,CO2/CO/NOx,2025-04-02 21:00:00+02:00,1.0823219
2025,CO2/CO/NOx,2025-04-02 22:00:00+02:00,1.0823219
2025,CO2/CO/NOx,2025-04-02 23:00:00+02:00,1.0666361
2025,CO2/CO/NOx,2025-04-03 00:00:00+02:00,1.0666361
2025,CO2/CO/NOx,2025-04-03 01:00:00+02:00,1.0666361
2025,CO2/CO/NOx,2025-04-03 02:00:00+02:00,1.0666361
2025,CO2/CO/NOx,2025-04-03 03:00:00+02:00,1.0666361
2025,CO2/CO/NOx,2025-04-03 04:00:00+02:00,1.521525
2025,CO2/CO/NOx,2025-04-03 05:00:00+02:00,2.8705058
2025,CO2/CO/NOx,2025-04-03 06:00:00+02:00,3.121479
2025,CO2/CO/NOx,2025-04-03 07:00:00+02:00,3.3567665
2025,CO2/CO/NOx,2025-04-03 08:00:00+02:00,2.7136476
2025,CO2/CO/NOx,2025-04-03 09:00:00+02:00,1.5685824
2025,CO2/CO/NOx,2025-04-03 10:00:00+02:00,1.1450652
2025,CO2/CO/NOx,2025-04-03 11:00:00+02:00,1.0823219
2025,CO2/CO/NOx,2025-04-03 12:00:00+02:00,1.0980077
2025,CO2/CO/NOx,2025-04-03 13:00:00+02:00,1.0823219
2025,CO2/CO/NOx,2025-04-03 14:00:00+02:00,1.0823219
2025,CO2/CO/NOx,2025-04-03 15:00:00+02:00,1.1293794
2025,CO2/CO/NOx,2025-04-03 16:00:00+02:00,1.1764369
2025,CO2/CO/NOx,2025-04-03 17:00:00+02:00,1.2705518
2025,CO2/CO/NOx,2025-04-03 18:00:00+02:00,1.788184
2025,CO2/CO/NOx,2025-04-03 19:00:00+02:00,2.9175634
2025,CO2/CO/NOx,2025-04-03 20:00:00+02:00,3.6704829
2025,CO2/CO/NOx,2025-04-03 21:00:00+02:00,2.054843
2025,CO2/CO/NOx,2025-04-03 22:00:00+02:00,1.5999541
2025,CO2/CO/NOx,2025-04-03 23:00:00+02:00,1.5058391
2025,CO2/CO/NOx,2025-04-04 00:00:00+02:00,1.3176093
2025,CO2/CO/NOx,2025-04-04 01:00:00+02:00,1.3803526
2025,CO2/CO/NOx,2025-04-04 02:00:00+02:00,1.3489809
2025,CO2/CO/NOx,2025-04-04 03:00:00+02:00,1.3489809
2025,CO2/CO/NOx,2025-04-04 04:00:00+02:00,1.3489809
2025,CO2/CO/NOx,2025-04-04 05:00:00+02:00,1.3019234
2025,CO2/CO/NOx,2025-04-04 06:00:00+02:00,2.3685596
2025,CO2/CO/NOx,2025-04-04 07:00:00+02:00,2.9803066
2025,CO2/CO/NOx,2025-04-04 08:00:00+02:00,2.2587588
2025,CO2/CO/NOx,2025-04-04 09:00:00+02:00,1.3019234
2025,CO2/CO/NOx,2025-04-04 10:00:00+02:00,1.0823219
2025,CO2/CO/NOx,2025-04-04 11:00:00+02:00,1.0509503
2025,CO2/CO/NOx,2025-04-04 12:00:00+02:00,1.0509503
2025,CO2/CO/NOx,2025-04-04 13:00:00+02:00,1.0509503
2025,CO2/CO/NOx,2025-04-04 14:00:00+02:00,1.0509503
2025,CO2/CO/NOx,2025-04-04 15:00:00+02:00,1.0509503
2025,CO2/CO/NOx,2025-04-04 16:00:00+02:00,1.0352644
2025,CO2/CO/NOx,2025-04-04 17:00:00+02:00,1.0980077
2025,CO2/CO/NOx,2025-04-04 18:00:00+02:00,1.709755
2025,CO2/CO/NOx,2025-04-04 19:00:00+02:00,1.160751
2025,CO2/CO/NOx,2025-04-04 20:00:00+02:00,0.0
2025,CO2/CO/NOx,2025-04-04 21:00:00+02:00,0.0
2025,CO2/CO/NOx,2025-04-04 22:00:00+02:00,1.1921227
2025,CO2/CO/NOx,2025-04-04 23:00:00+02:00,1.6313257
2025,CO2/CO/NOx,2025-04-05 00:00:00+02:00,1.3332951
2025,CO2/CO/NOx,2025-04-05 01:00:00+02:00,1.0666361
2025,CO2/CO/NOx,2025-04-05 02:00:00+02:00,1.0509503
2025,CO2/CO/NOx,2025-04-05 03:00:00+02:00,1.0823219
2025,CO2/CO/NOx,2025-04-05 04:00:00+02:00,1.3960384
2025,CO2/CO/NOx,2025-04-05 05:00:00+02:00,1.3332951
2025,CO2/CO/NOx,2025-04-05 06:00:00+02:00,1.254866
2025,CO2/CO/NOx,2025-04-05 07:00:00+02:00,1.254866
2025,CO2/CO/NOx,2025-04-05 08:00:00+02:00,1.2234943
2025,CO2/CO/NOx,2025-04-05 09:00:00+02:00,1.1921227
2025,CO2/CO/NOx,2025-04-05 10:00:00+02:00,1.1293794
2025,CO2/CO/NOx,2025-04-05 11:00:00+02:00,1.1136936
2025,CO2/CO/NOx,2025-04-05 12:00:00+02:00,1.0980077
2025,CO2/CO/NOx,2025-04-05 13:00:00+02:00,1.1136936
2025,CO2/CO/NOx,2025-04-05 14:00:00+02:00,1.0980077
2025,CO2/CO/NOx,2025-04-05 15:00:00+02:00,1.0980077
2025,CO2/CO/NOx,2025-04-05 16:00:00+02:00,1.0823219
2025,CO2/CO/NOx,2025-04-05 17:00:00+02:00,1.0980077
2025,CO2/CO/NOx,2025-04-05 18:00:00+02:00,1.5842683
2025,CO2/CO/NOx,2025-04-05 19:00:00+02:00,2.8077626
2025,CO2/CO/NOx,2025-04-05 20:00:00+02:00,2.4469886
2025,CO2/CO/NOx,2025-04-05 21:00:00+02:00,1.5685824
2025,CO2/CO/NOx,2025-04-05 22:00:00+02:00,1.709755
2025,CO2/CO/NOx,2025-04-05 23:00:00+02:00,1.7411265
2025,CO2/CO/NOx,2025-04-06 00:00:00+02:00,1.5842683
2025,CO2/CO/NOx,2025-04-06 01:00:00+02:00,1.254866
2025,CO2/CO/NOx,2025-04-06 02:00:00+02:00,1.1293794
2025,CO2/CO/NOx,2025-04-06 03:00:00+02:00,1.1293794
2025,CO2/CO/NOx,2025-04-06 04:00:00+02:00,1.1450652
2025,CO2/CO/NOx,2025-04-06 05:00:00+02:00,1.1293794
2025,CO2/CO/NOx,2025-04-06 06:00:00+02:00,1.1450652
2025,CO2/CO/NOx,2025-04-06 07:00:00+02:00,1.1450652
2025,CO2/CO/NOx,2025-04-06 08:00:00+02:00,1.0980077
2025,CO2/CO/NOx,2025-04-06 09:00:00+02:00,1.0823219
2025,CO2/CO/NOx,2025-04-06 10:00:00+02:00,1.0666361
2025,CO2/CO/NOx,2025-04-06 11:00:00+02:00,1.0666361
2025,CO2/CO/NOx,2025-04-06 12:00:00+02:00,1.0666361
2025,CO2/CO/NOx,2025-04-06 13:00:00+02:00,1.0666361
2025,CO2/CO/NOx,2025-04-06 14:00:00+02:00,1.0666361
2025,CO2/CO/NOx,2025-04-06 15:00:00+02:00,1.0509503
2025,CO2/CO/NOx,2025-04-06 16:00:00+02:00,1.0666361
2025,CO2/CO/NOx,2025-04-06 17:00:00+02:00,1.0666361
2025,CO2/CO/NOx,2025-04-06 18:00:00+02:00,1.3176093
2025,CO2/CO/NOx,2025-04-06 19:00:00+02:00,1.5685824
2025,CO2/CO/NOx,2025-04-06 20:00:00+02:00,1.7568123
2025,CO2/CO/NOx,2025-04-06 21:00:00+02:00,1.882299
2025,CO2/CO/NOx,2025-04-06 22:00:00+02:00,1.882299
2025,CO2/CO/NOx,2025-04-06 23:00:00+02:00,1.3332951
2025,CO2/CO/NOx,2025-04-07 00:00:00+02:00,1.2391802
2025,CO2/CO/NOx,2025-04-07 01:00:00+02:00,1.2078085
2025,CO2/CO/NOx,2025-04-07 02:00:00+02:00,1.1921227
2025,CO2/CO/NOx,2025-04-07 03:00:00+02:00,1.1921227
2025,CO2/CO/NOx,2025-04-07 04:00:00+02:00,1.3176093
2025,CO2/CO/NOx,2025-04-07 05:00:00+02:00,1.788184
2025,CO2/CO/NOx,2025-04-07 06:00:00+02:00,1.8195556
2025,CO2/CO/NOx,2025-04-07 07:00:00+02:00,1.8195556
2025,CO2/CO/NOx,2025-04-07 08:00:00+02:00,1.8195556
2025,CO2/CO/NOx,2025-04-07 09:00:00+02:00,1.8509274
2025,CO2/CO/NOx,2025-04-07 10:00:00+02:00,1.8038698
2025,CO2/CO/NOx,2025-04-07 11:00:00+02:00,1.2391802
2025,CO2/CO/NOx,2025-04-07 12:00:00+02:00,1.0823219
2025,CO2/CO/NOx,2025-04-07 13:00:00+02:00,1.0823219
2025,CO2/CO/NOx,2025-04-07 14:00:00+02:00,1.1450652
2025,CO2/CO/NOx,2025-04-07 15:00:00+02:00,1.0823219
2025,CO2/CO/NOx,2025-04-07 16:00:00+02:00,1.0823219
2025,CO2/CO/NOx,2025-04-07 17:00:00+02:00,1.1764369
2025,CO2/CO/NOx,2025-04-07 18:00:00+02:00,1.1921227
2025,CO2/CO/NOx,2025-04-07 19:00:00+02:00,1.3489809
2025,CO2/CO/NOx,2025-04-07 20:00:00+02:00,1.9136707
2025,CO2/CO/NOx,2025-04-07 21:00:00+02:00,1.3489809
2025,CO2/CO/NOx,2025-04-07 22:00:00+02:00,1.160751
2025,CO2/CO/NOx,2025-04-07 23:00:00+02:00,1.1450652
2025,CO2/CO/NOx,2025-04-08 00:00:00+02:00,1.1293794
2025,CO2/CO/NOx,2025-04-08 01:00:00+02:00,1.0980077
2025,CO2/CO/NOx,2025-04-08 02:00:00+02:00,1.0980077
2025,CO2/CO/NOx,2025-04-08 03:00:00+02:00,1.0823219
2025,CO2/CO/NOx,2025-04-08 04:00:00+02:00,1.160751
2025,CO2/CO/NOx,2025-04-08 05:00:00+02:00,1.5372108
2025,CO2/CO/NOx,2025-04-08 06:00:00+02:00,1.7568123
2025,CO2/CO/NOx,2025-04-08 07:00:00+02:00,1.882299
2025,CO2/CO/NOx,2025-04-08 08:00:00+02:00,1.9450423
2025,CO2/CO/NOx,2025-04-08 09:00:00+02:00,1.9136707
2025,CO2/CO/NOx,2025-04-08 10:00:00+02:00,1.3019234
2025,CO2/CO/NOx,2025-04-08 11:00:00+02:00,1.0823219
2025,CO2/CO/NOx,2025-04-08 12:00:00+02:00,1.0980077
2025,CO2/CO/NOx,2025-04-08 13:00:00+02:00,1.160751
2025,CO2/CO/NOx,2025-04-08 14:00:00+02:00,1.1450652
2025,CO2/CO/NOx,2025-04-08 15:00:00+02:00,1.1764369
2025,CO2/CO/NOx,2025-04-08 16:00:00+02:00,1.1293794
2025,CO2/CO/NOx,2025-04-08 17:00:00+02:00,1.1136936
2025,CO2/CO/NOx,2025-04-08 18:00:00+02:00,1.2391802
2025,CO2/CO/NOx,2025-04-08 19:00:00+02:00,1.9450423
2025,CO2/CO/NOx,2025-04-08 20:00:00+02:00,2.2273872
2025,CO2/CO/NOx,2025-04-08 21:00:00+02:00,1.7568123
2025,CO2/CO/NOx,2025-04-08 22:00:00+02:00,1.2078085
2025,CO2/CO/NOx,2025-04-08 23:00:00+02:00,1.2705518
2025,CO2/CO/NOx,2025-04-09 00:00:00+02:00,1.1921227
2025,CO2/CO/NOx,2025-04-09 01:00:00+02:00,1.254866
2025,CO2/CO/NOx,2025-04-09 02:00:00+02:00,1.3019234
2025,CO2/CO/NOx,2025-04-09 03:00:00+02:00,1.3176093
2025,CO2/CO/NOx,2025-04-09 04:00:00+02:00,1.42741
2025,CO2/CO/NOx,2025-04-09 05:00:00+02:00,1.8195556
2025,CO2/CO/NOx,2025-04-09 06:00:00+02:00,1.9920998
2025,CO2/CO/NOx,2025-04-09 07:00:00+02:00,2.0391572
2025,CO2/CO/NOx,2025-04-09 08:00:00+02:00,1.8666131
2025,CO2/CO/NOx,2025-04-09 09:00:00+02:00,1.5999541
2025,CO2/CO/NOx,2025-04-09 10:00:00+02:00,1.5685824
2025,CO2/CO/NOx,2025-04-09 11:00:00+02:00,1.254866
2025,CO2/CO/NOx,2025-04-09 12:00:00+02:00,1.0666361
2025,CO2/CO/NOx,2025-04-09 13:00:00+02:00,1.0509503
2025,CO2/CO/NOx,2025-04-09 14:00:00+02:00,1.0352644
2025,CO2/CO/NOx,2025-04-09 15:00:00+02:00,1.0352644
2025,CO2/CO/NOx,2025-04-09 16:00:00+02:00,1.0666361
2025,CO2/CO/NOx,2025-04-09 17:00:00+02:00,1.0509503
2025,CO2/CO/NOx,2025-04-09 18:00:00+02:00,1.0666361
2025,CO2/CO/NOx,2025-04-09 19:00:00+02:00,1.2391802
2025,CO2/CO/NOx,2025-04-09 20:00:00+02:00,2.0705287
2025,CO2/CO/NOx,2025-04-09 21:00:00+02:00,1.4430959
2025,CO2/CO/NOx,2025-04-09 22:00:00+02:00,1.1450652
2025,CO2/CO/NOx,2025-04-09 23:00:00+02:00,1.1450652
2025,CO2/CO/NOx,2025-04-10 00:00:00+02:00,1.0980077
2025,CO2/CO/NOx,2025-04-10 01:00:00+02:00,1.1136936
2025,CO2/CO/NOx,2025-04-10 02:00:00+02:00,1.1136936
2025,CO2/CO/NOx,2025-04-10 03:00:00+02:00,1.1136936
2025,CO2/CO/NOx,2025-04-10 04:00:00+02:00,1.0980077
2025,CO2/CO/NOx,2025-04-10 05:00:00+02:00,1.4587817
2025,CO2/CO/NOx,2025-04-10 06:00:00+02:00,2.682276
2025,CO2/CO/NOx,2025-04-10 07:00:00+02:00,3.1999083
2025,CO2/CO/NOx,2025-04-10 08:00:00+02:00,3.3724523
2025,CO2/CO/NOx,2025-04-10 09:00:00+02:00,2.4940462
2025,CO2/CO/NOx,2025-04-10 10:00:00+02:00,2.8234484
2025,CO2/CO/NOx,2025-04-10 11:00:00+02:00,2.1332722
2025,CO2/CO/NOx,2025-04-10 12:00:00+02:00,1.694069
2025,CO2/CO/NOx,2025-04-10 13:00:00+02:00,1.3176093
2025,CO2/CO/NOx,2025-04-10 14:00:00+02:00,1.1450652
2025,CO2/CO/NOx,2025-04-10 15:00:00+02:00,1.1136936
2025,CO2/CO/NOx,2025-04-10 16:00:00+02:00,1.1293794
2025,CO2/CO/NOx,2025-04-10 17:00:00+02:00,1.3176093
2025,CO2/CO/NOx,2025-04-10 18:00:00+02:00,1.3646667
2025,CO2/CO/NOx,2025-04-10 19:00:00+02:00,1.6783832
2025,CO2/CO/NOx,2025-04-10 20:00:00+02:00,2.6665902
2025,CO2/CO/NOx,2025-04-10 21:00:00+02:00,2.7293334
2025,CO2/CO/NOx,2025-04-10 22:00:00+02:00,2.7293334
2025,CO2/CO/NOx,2025-04-10 23:00:00+02:00,2.5724752
2025,CO2/CO/NOx,2025-04-11 00:00:00+02:00,2.321502
2025,CO2/CO/NOx,2025-04-11 01:00:00+02:00,2.054843
2025,CO2/CO/NOx,2025-04-11 02:00:00+02:00,1.6626974
2025,CO2/CO/NOx,2025-04-11 03:00:00+02:00,1.6156399
2025,CO2/CO/NOx,2025-04-11 04:00:00+02:00,2.4469886
2025,CO2/CO/NOx,2025-04-11 05:00:00+02:00,2.5567894
2025,CO2/CO/NOx,2025-04-11 06:00:00+02:00,3.0744216
2025,CO2/CO/NOx,2025-04-11 07:00:00+02:00,3.388138
2025,CO2/CO/NOx,2025-04-11 08:00:00+02:00,3.686169
2025,CO2/CO/NOx,2025-04-11 09:00:00+02:00,2.2744446
2025,CO2/CO/NOx,2025-04-11 10:00:00+02:00,1.3489809
2025,CO2/CO/NOx,2025-04-11 11:00:00+02:00,1.1921227
2025,CO2/CO/NOx,2025-04-11 12:00:00+02:00,1.0980077
2025,CO2/CO/NOx,2025-04-11 13:00:00+02:00,1.0823219
2025,CO2/CO/NOx,2025-04-11 14:00:00+02:00,1.0666361
2025,CO2/CO/NOx,2025-04-11 15:00:00+02:00,1.1136936
2025,CO2/CO/NOx,2025-04-11 16:00:00+02:00,1.1764369
2025,CO2/CO/NOx,2025-04-11 17:00:00+02:00,2.0077856
2025,CO2/CO/NOx,2025-04-11 18:00:00+02:00,2.6979618
2025,CO2/CO/NOx,2025-04-11 19:00:00+02:00,3.4038239
2025,CO2/CO/NOx,2025-04-11 20:00:00+02:00,3.7332263
2025,CO2/CO/NOx,2025-04-11 21:00:00+02:00,2.9959924
2025,CO2/CO/NOx,2025-04-11 22:00:00+02:00,1.9293565
2025,CO2/CO/NOx,2025-04-11 23:00:00+02:00,1.254866
2025,CO2/CO/NOx,2025-04-12 00:00:00+02:00,1.2391802
2025,CO2/CO/NOx,2025-04-12 01:00:00+02:00,1.254866
2025,CO2/CO/NOx,2025-04-12 02:00:00+02:00,1.2391802
2025,CO2/CO/NOx,2025-04-12 03:00:00+02:00,1.1450652
2025,CO2/CO/NOx,2025-04-12 04:00:00+02:00,1.2234943
2025,CO2/CO/NOx,2025-04-12 05:00:00+02:00,1.3803526
2025,CO2/CO/NOx,2025-04-12 06:00:00+02:00,1.4430959
2025,CO2/CO/NOx,2025-04-12 07:00:00+02:00,1.2234943
2025,CO2/CO/NOx,2025-04-12 08:00:00+02:00,1.1450652
2025,CO2/CO/NOx,2025-04-12 09:00:00+02:00,1.160751
2025,CO2/CO/NOx,2025-04-12 10:00:00+02:00,1.1136936
2025,CO2/CO/NOx,2025-04-12 11:00:00+02:00,1.0509503
2025,CO2/CO/NOx,2025-04-12 12:00:00+02:00,1.0666361
2025,CO2/CO/NOx,2025-04-12 13:00:00+02:00,1.0352644
2025,CO2/CO/NOx,2025-04-12 14:00:00+02:00,1.0038928
2025,CO2/CO/NOx,2025-04-12 15:00:00+02:00,1.0038928
2025,CO2/CO/NOx,2025-04-12 16:00:00+02:00,0.988207
2025,CO2/CO/NOx,2025-04-12 17:00:00+02:00,1.1764369
2025,CO2/CO/NOx,2025-04-12 18:00:00+02:00,1.2391802
2025,CO2/CO/NOx,2025-04-12 19:00:00+02:00,1.788184
2025,CO2/CO/NOx,2025-04-12 20:00:00+02:00,2.9018776
2025,CO2/CO/NOx,2025-04-12 21:00:00+02:00,1.882299
2025,CO2/CO/NOx,2025-04-12 22:00:00+02:00,1.1764369
2025,CO2/CO/NOx,2025-04-12 23:00:00+02:00,1.160751
2025,CO2/CO/NOx,2025-04-13 00:00:00+02:00,1.1293794
2025,CO2/CO/NOx,2025-04-13 01:00:00+02:00,0.87840617
2025,CO2/CO/NOx,2025-04-13 02:00:00+02:00,0.87840617
2025,CO2/CO/NOx,2025-04-13 03:00:00+02:00,0.894092
2025,CO2/CO/NOx,2025-04-13 04:00:00+02:00,0.894092
2025,CO2/CO/NOx,2025-04-13 05:00:00+02:00,0.9097778
2025,CO2/CO/NOx,2025-04-13 06:00:00+02:00,0.87840617
2025,CO2/CO/NOx,2025-04-13 07:00:00+02:00,0.87840617
2025,CO2/CO/NOx,2025-04-13 08:00:00+02:00,0.894092
2025,CO2/CO/NOx,2025-04-13 09:00:00+02:00,0.9097778
2025,CO2/CO/NOx,2025-04-13 10:00:00+02:00,1.0823219
2025,CO2/CO/NOx,2025-04-13 11:00:00+02:00,1.2234943
2025,CO2/CO/NOx,2025-04-13 12:00:00+02:00,1.2078085
2025,CO2/CO/NOx,2025-04-13 13:00:00+02:00,1.2078085
2025,CO2/CO/NOx,2025-04-13 14:00:00+02:00,1.1921227
2025,CO2/CO/NOx,2025-04-13 15:00:00+02:00,1.1921227
2025,CO2/CO/NOx,2025-04-13 16:00:00+02:00,1.2078085
2025,CO2/CO/NOx,2025-04-13 17:00:00+02:00,1.2078085
2025,CO2/CO/NOx,2025-04-13 18:00:00+02:00,1.2078085
2025,CO2/CO/NOx,2025-04-13 19:00:00+02:00,1.3019234
2025,CO2/CO/NOx,2025-04-13 20:00:00+02:00,1.5058391
2025,CO2/CO/NOx,2025-04-13 21:00:00+02:00,1.5058391
2025,CO2/CO/NOx,2025-04-13 22:00:00+02:00,1.3960384
2025,CO2/CO/NOx,2025-04-13 23:00:00+02:00,1.3176093
2025,CO2/CO/NOx,2025-04-14 00:00:00+02:00,1.2862376
2025,CO2/CO/NOx,2025-04-14 01:00:00+02:00,1.2862376
2025,CO2/CO/NOx,2025-04-14 02:00:00+02:00,1.2705518
2025,CO2/CO/NOx,2025-04-14 03:00:00+02:00,1.2078085
2025,CO2/CO/NOx,2025-04-14 04:00:00+02:00,1.1764369
2025,CO2/CO/NOx,2025-04-14 05:00:00+02:00,0.988207
2025,CO2/CO/NOx,2025-04-14 06:00:00+02:00,1.2234943
2025,CO2/CO/NOx,2025-04-14 07:00:00+02:00,1.0666361
2025,CO2/CO/NOx,2025-04-14 08:00:00+02:00,1.0666361
2025,CO2/CO/NOx,2025-04-14 09:00:00+02:00,1.1136936
2025,CO2/CO/NOx,2025-04-14 10:00:00+02:00,0.28234485
2025,CO2/CO/NOx,2025-04-14 11:00:00+02:00,0.0
2025,CO2/CO/NOx,2025-04-14 12:00:00+02:00,0.0
2025,CO2/CO/NOx,2025-04-14 13:00:00+02:00,0.0
2025,CO2/CO/NOx,2025-04-14 14:00:00+02:00,0.0
2025,CO2/CO/NOx,2025-04-14 15:00:00+02:00,0.0
2025,CO2/CO/NOx,2025-04-14 16:00:00+02:00,0.0
2025,CO2/CO/NOx,2025-04-14 17:00:00+02:00,0.0
2025,CO2/CO/NOx,2025-04-14 18:00:00+02:00,0.0
2025,CO2/CO/NOx,2025-04-14 19:00:00+02:00,0.0
2025,CO2/CO/NOx,2025-04-14 20:00:00+02:00,0.0
2025,CO2/CO/NOx,2025-04-14 21:00:00+02:00,0.0
2025,CO2/CO/NOx,2025-04-14 22:00:00+02:00,0.0
2025,CO2/CO/NOx,2025-04-14 23:00:00+02:00,0.0
2025,CO2/CO/NOx,2025-04-15 00:00:00+02:00,0.0
2025,CO2/CO/NOx,2025-04-15 01:00:00+02:00,0.0
2025,CO2/CO/NOx,2025-04-15 02:00:00+02:00,0.0
2025,CO2/CO/NOx,2025-04-15 03:00:00+02:00,0.0
2025,CO2/CO/NOx,2025-04-15 04:00:00+02:00,0.0
2025,CO2/CO/NOx,2025-04-15 05:00:00+02:00,0.0
2025,CO2/CO/NOx,2025-04-15 06:00:00+02:00,0.0
2025,CO2/CO/NOx,2025-04-15 07:00:00+02:00,0.0
2025,CO2/CO/NOx,2025-04-15 08:00:00+02:00,0.0
2025,CO2/CO/NOx,2025-04-15 09:00:00+02:00,0.0
2025,CO2/CO/NOx,2025-04-15 10:00:00+02:00,0.0
2025,CO2/CO/NOx,2025-04-15 11:00:00+02:00,0.0
2025,CO2/CO/NOx,2025-04-15 12:00:00+02:00,0.0
2025,CO2/CO/NOx,2025-04-15 13:00:00+02:00,0.0
2025,CO2/CO/NOx,2025-04-15 14:00:00+02:00,0.0
2025,CO2/CO/NOx,2025-04-15 15:00:00+02:00,0.0
2025,CO2/CO/NOx,2025-04-15 16:00:00+02:00,0.0
2025,CO2/CO/NOx,2025-04-15 17:00:00+02:00,0.0
2025,CO2/CO/NOx,2025-04-15 18:00:00+02:00,0.0
2025,CO2/CO/NOx,2025-04-15 19:00:00+02:00,0.0
2025,CO2/CO/NOx,2025-04-15 20:00:00+02:00,0.0
2025,CO2/CO/NOx,2025-04-15 21:00:00+02:00,0.0
2025,CO2/CO/NOx,2025-04-15 22:00:00+02:00,0.0
2025,CO2/CO/NOx,2025-04-15 23:00:00+02:00,0.0
2025,CO2/CO/NOx,2025-04-16 00:00:00+02:00,0.0
2025,CO2/CO/NOx,2025-04-16 01:00:00+02:00,0.0
2025,CO2/CO/NOx,2025-04-16 02:00:00+02:00,0.0
2025,CO2/CO/NOx,2025-04-16 03:00:00+02:00,0.0
2025,CO2/CO/NOx,2025-04-16 04:00:00+02:00,0.0
2025,CO2/CO/NOx,2025-04-16 05:00:00+02:00,0.0
2025,CO2/CO/NOx,2025-04-16 06:00:00+02:00,0.0
2025,CO2/CO/NOx,2025-04-16 07:00:00+02:00,0.0
2025,CO2/CO/NOx,2025-04-16 08:00:00+02:00,0.0
2025,CO2/CO/NOx,2025-04-16 09:00:00+02:00,0.0
2025,CO2/CO/NOx,2025-04-16 10:00:00+02:00,0.0
2025,CO2/CO/NOx,2025-04-16 11:00:00+02:00,0.0
2025,CO2/CO/NOx,2025-04-16 12:00:00+02:00,0.0
2025,CO2/CO/NOx,2025-04-16 13:00:00+02:00,0.0
2025,CO2/CO/NOx,2025-04-16 14:00:00+02:00,0.0
2025,CO2/CO/NOx,2025-04-16 15:00:00+02:00,0.0
2025,CO2/CO/NOx,2025-04-16 16:00:00+02:00,0.0
2025,CO2/CO/NOx,2025-04-16 17:00:00+02:00,0.0
2025,CO2/CO/NOx,2025-04-16 18:00:00+02:00,0.0
2025,CO2/CO/NOx,2025-04-16 19:00:00+02:00,0.0
2025,CO2/CO/NOx,2025-04-16 20:00:00+02:00,0.0
2025,CO2/CO/NOx,2025-04-16 21:00:00+02:00,0.0
2025,CO2/CO/NOx,2025-04-16 22:00:00+02:00,0.0
2025,CO2/CO/NOx,2025-04-16 23:00:00+02:00,0.0
2025,CO2/CO/NOx,2025-04-17 00:00:00+02:00,0.0
2025,CO2/CO/NOx,2025-04-17 01:00:00+02:00,0.0
2025,CO2/CO/NOx,2025-04-17 02:00:00+02:00,0.0
2025,CO2/CO/NOx,2025-04-17 03:00:00+02:00,0.0
2025,CO2/CO/NOx,2025-04-17 04:00:00+02:00,0.0
2025,CO2/CO/NOx,2025-04-17 05:00:00+02:00,0.0
2025,CO2/CO/NOx,2025-04-17 06:00:00+02:00,0.0
2025,CO2/CO/NOx,2025-04-17 07:00:00+02:00,0.0
2025,CO2/CO/NOx,2025-04-17 08:00:00+02:00,0.0
2025,CO2/CO/NOx,2025-04-17 09:00:00+02:00,0.0
2025,CO2/CO/NOx,2025-04-17 10:00:00+02:00,0.0
2025,CO2/CO/NOx,2025-04-17 11:00:00+02:00,0.0
2025,CO2/CO/NOx,2025-04-17 12:00:00+02:00,0.0
2025,CO2/CO/NOx,2025-04-17 13:00:00+02:00,0.0
2025,CO2/CO/NOx,2025-04-17 14:00:00+02:00,0.0
2025,CO2/CO/NOx,2025-04-17 15:00:00+02:00,0.0
2025,CO2/CO/NOx,2025-04-17 16:00:00+02:00,0.0
2025,CO2/CO/NOx,2025-04-17 17:00:00+02:00,0.0
2025,CO2/CO/NOx,2025-04-17 18:00:00+02:00,0.0
2025,CO2/CO/NOx,2025-04-17 19:00:00+02:00,0.0
2025,CO2/CO/NOx,2025-04-17 20:00:00+02:00,0.0
2025,CO2/CO/NOx,2025-04-17 21:00:00+02:00,0.0
2025,CO2/CO/NOx,2025-04-17 22:00:00+02:00,0.0
2025,CO2/CO/NOx,2025-04-17 23:00:00+02:00,0.0
2025,CO2/CO/NOx,2025-04-18 00:00:00+02:00,0.0
2025,CO2/CO/NOx,2025-04-18 01:00:00+02:00,0.0
2025,CO2/CO/NOx,2025-04-18 02:00:00+02:00,0.0
2025,CO2/CO/NOx,2025-04-18 03:00:00+02:00,0.0
2025,CO2/CO/NOx,2025-04-18 04:00:00+02:00,0.0
2025,CO2/CO/NOx,2025-04-18 05:00:00+02:00,0.0
2025,CO2/CO/NOx,2025-04-18 06:00:00+02:00,0.0
2025,CO2/CO/NOx,2025-04-18 07:00:00+02:00,0.0
2025,CO2/CO/NOx,2025-04-18 08:00:00+02:00,0.0
2025,CO2/CO/NOx,2025-04-18 09:00:00+02:00,0.0
2025,CO2/CO/NOx,2025-04-18 10:00:00+02:00,0.0
2025,CO2/CO/NOx,2025-04-18 11:00:00+02:00,0.0
2025,CO2/CO/NOx,2025-04-18 12:00:00+02:00,0.0
2025,CO2/CO/NOx,2025-04-18 13:00:00+02:00,0.0
2025,CO2/CO/NOx,2025-04-18 14:00:00+02:00,0.0
2025,CO2/CO/NOx,2025-04-18 15:00:00+02:00,0.0
2025,CO2/CO/NOx,2025-04-18 16:00:00+02:00,0.0
2025,CO2/CO/NOx,2025-04-18 17:00:00+02:00,0.0
2025,CO2/CO/NOx,2025-04-18 18:00:00+02:00,0.0
2025,CO2/CO/NOx,2025-04-18 19:00:00+02:00,0.0
2025,CO2/CO/NOx,2025-04-18 20:00:00+02:00,0.0
2025,CO2/CO/NOx,2025-04-18 21:00:00+02:00,0.0
2025,CO2/CO/NOx,2025-04-18 22:00:00+02:00,0.0
2025,CO2/CO/NOx,2025-04-18 23:00:00+02:00,0.0
2025,CO2/CO/NOx,2025-04-19 00:00:00+02:00,0.0
2025,CO2/CO/NOx,2025-04-19 01:00:00+02:00,0.0
2025,CO2/CO/NOx,2025-04-19 02:00:00+02:00,0.0
2025,CO2/CO/NOx,2025-04-19 03:00:00+02:00,0.0
2025,CO2/CO/NOx,2025-04-19 04:00:00+02:00,0.0
2025,CO2/CO/NOx,2025-04-19 05:00:00+02:00,0.0
2025,CO2/CO/NOx,2025-04-19 06:00:00+02:00,0.0
2025,CO2/CO/NOx,2025-04-19 07:00:00+02:00,0.0
2025,CO2/CO/NOx,2025-04-19 08:00:00+02:00,0.0
2025,CO2/CO/NOx,2025-04-19 09:00:00+02:00,0.0
2025,CO2/CO/NOx,2025-04-19 10:00:00+02:00,0.0
2025,CO2/CO/NOx,2025-04-19 11:00:00+02:00,0.0
2025,CO2/CO/NOx,2025-04-19 12:00:00+02:00,0.0
2025,CO2/CO/NOx,2025-04-19 13:00:00+02:00,0.0
2025,CO2/CO/NOx,2025-04-19 14:00:00+02:00,0.0
2025,CO2/CO/NOx,2025-04-19 15:00:00+02:00,0.0
2025,CO2/CO/NOx,2025-04-19 16:00:00+02:00,0.0
2025,CO2/CO/NOx,2025-04-19 17:00:00+02:00,0.0
2025,CO2/CO/NOx,2025-04-19 18:00:00+02:00,0.0
2025,CO2/CO/NOx,2025-04-19 19:00:00+02:00,0.0
2025,CO2/CO/NOx,2025-04-19 20:00:00+02:00,0.0
2025,CO2/CO/NOx,2025-04-19 21:00:00+02:00,0.0
2025,CO2/CO/NOx,2025-04-19 22:00:00+02:00,0.0
2025,CO2/CO/NOx,2025-04-19 23:00:00+02:00,0.0
2025,CO2/CO/NOx,2025-04-20 00:00:00+02:00,0.0
2025,CO2/CO/NOx,2025-04-20 01:00:00+02:00,0.0
2025,CO2/CO/NOx,2025-04-20 02:00:00+02:00,0.0
2025,CO2/CO/NOx,2025-04-20 03:00:00+02:00,0.0
2025,CO2/CO/NOx,2025-04-20 04:00:00+02:00,0.0
2025,CO2/CO/NOx,2025-04-20 05:00:00+02:00,0.0
2025,CO2/CO/NOx,2025-04-20 06:00:00+02:00,0.0
2025,CO2/CO/NOx,2025-04-20 07:00:00+02:00,0.0
2025,CO2/CO/NOx,2025-04-20 08:00:00+02:00,0.0
2025,CO2/CO/NOx,2025-04-20 09:00:00+02:00,0.0
2025,CO2/CO/NOx,2025-04-20 10:00:00+02:00,0.0
2025,CO2/CO/NOx,2025-04-20 11:00:00+02:00,0.0
2025,CO2/CO/NOx,2025-04-20 12:00:00+02:00,0.0
2025,CO2/CO/NOx,2025-04-20 13:00:00+02:00,0.0
2025,CO2/CO/NOx,2025-04-20 14:00:00+02:00,0.0
2025,CO2/CO/NOx,2025-04-20 15:00:00+02:00,0.0
2025,CO2/CO/NOx,2025-04-20 16:00:00+02:00,0.0
2025,CO2/CO/NOx,2025-04-20 17:00:00+02:00,0.0
2025,CO2/CO/NOx,2025-04-20 18:00:00+02:00,0.0
2025,CO2/CO/NOx,2025-04-20 19:00:00+02:00,0.0
2025,CO2/CO/NOx,2025-04-20 20:00:00+02:00,0.0
2025,CO2/CO/NOx,2025-04-20 21:00:00+02:00,0.0
2025,CO2/CO/NOx,2025-04-20 22:00:00+02:00,0.0
2025,CO2/CO/NOx,2025-04-20 23:00:00+02:00,0.0
2025,CO2/CO/NOx,2025-04-21 00:00:00+02:00,0.0
2025,CO2/CO/NOx,2025-04-21 01:00:00+02:00,0.0
2025,CO2/CO/NOx,2025-04-21 02:00:00+02:00,0.0
2025,CO2/CO/NOx,2025-04-21 03:00:00+02:00,0.0
2025,CO2/CO/NOx,2025-04-21 04:00:00+02:00,0.0
2025,CO2/CO/NOx,2025-04-21 05:00:00+02:00,0.0
2025,CO2/CO/NOx,2025-04-21 06:00:00+02:00,0.0
2025,CO2/CO/NOx,2025-04-21 07:00:00+02:00,0.0
2025,CO2/CO/NOx,2025-04-21 08:00:00+02:00,0.0
2025,CO2/CO/NOx,2025-04-21 09:00:00+02:00,0.0
2025,CO2/CO/NOx,2025-04-21 10:00:00+02:00,0.0
2025,CO2/CO/NOx,2025-04-21 11:00:00+02:00,0.0
2025,CO2/CO/NOx,2025-04-21 12:00:00+02:00,0.0
2025,CO2/CO/NOx,2025-04-21 13:00:00+02:00,0.0
2025,CO2/CO/NOx,2025-04-21 14:00:00+02:00,0.0
2025,CO2/CO/NOx,2025-04-21 15:00:00+02:00,0.0
2025,CO2/CO/NOx,2025-04-21 16:00:00+02:00,0.0
2025,CO2/CO/NOx,2025-04-21 17:00:00+02:00,0.0
2025,CO2/CO/NOx,2025-04-21 18:00:00+02:00,0.0
2025,CO2/CO/NOx,2025-04-21 19:00:00+02:00,0.0
2025,CO2/CO/NOx,2025-04-21 20:00:00+02:00,0.0
2025,CO2/CO/NOx,2025-04-21 21:00:00+02:00,0.0
2025,CO2/CO/NOx,2025-04-21 22:00:00+02:00,0.0
2025,CO2/CO/NOx,2025-04-21 23:00:00+02:00,0.0
2025,CO2/CO/NOx,2025-04-22 00:00:00+02:00,0.0
2025,CO2/CO/NOx,2025-04-22 01:00:00+02:00,0.0
2025,CO2/CO/NOx,2025-04-22 02:00:00+02:00,0.0
2025,CO2/CO/NOx,2025-04-22 03:00:00+02:00,0.0
2025,CO2/CO/NOx,2025-04-22 04:00:00+02:00,0.0
2025,CO2/CO/NOx,2025-04-22 05:00:00+02:00,0.0
2025,CO2/CO/NOx,2025-04-22 06:00:00+02:00,0.0
2025,CO2/CO/NOx,2025-04-22 07:00:00+02:00,0.0
2025,CO2/CO/NOx,2025-04-22 08:00:00+02:00,0.0
2025,CO2/CO/NOx,2025-04-22 09:00:00+02:00,0.0
2025,CO2/CO/NOx,2025-04-22 10:00:00+02:00,0.0
2025,CO2/CO/NOx,2025-04-22 11:00:00+02:00,0.0
2025,CO2/CO/NOx,2025-04-22 12:00:00+02:00,0.0
2025,CO2/CO/NOx,2025-04-22 13:00:00+02:00,0.0
2025,CO2/CO/NOx,2025-04-22 14:00:00+02:00,0.0
2025,CO2/CO/NOx,2025-04-22 15:00:00+02:00,0.0
2025,CO2/CO/NOx,2025-04-22 16:00:00+02:00,0.0
2025,CO2/CO/NOx,2025-04-22 17:00:00+02:00,0.0
2025,CO2/CO/NOx,2025-04-22 18:00:00+02:00,0.0
2025,CO2/CO/NOx,2025-04-22 19:00:00+02:00,0.0
2025,CO2/CO/NOx,2025-04-22 20:00:00+02:00,0.0
2025,CO2/CO/NOx,2025-04-22 21:00:00+02:00,0.0
2025,CO2/CO/NOx,2025-04-22 22:00:00+02:00,0.0
2025,CO2/CO/NOx,2025-04-22 23:00:00+02:00,0.0
2025,CO2/CO/NOx,2025-04-23 00:00:00+02:00,0.0
2025,CO2/CO/NOx,2025-04-23 01:00:00+02:00,0.0
2025,CO2/CO/NOx,2025-04-23 02:00:00+02:00,0.0
2025,CO2/CO/NOx,2025-04-23 03:00:00+02:00,0.0
2025,CO2/CO/NOx,2025-04-23 04:00:00+02:00,0.0
2025,CO2/CO/NOx,2025-04-23 05:00:00+02:00,0.0
2025,CO2/CO/NOx,2025-04-23 06:00:00+02:00,0.0
2025,CO2/CO/NOx,2025-04-23 07:00:00+02:00,0.0
2025,CO2/CO/NOx,2025-04-23 08:00:00+02:00,0.0
2025,CO2/CO/NOx,2025-04-23 09:00:00+02:00,0.0
2025,CO2/CO/NOx,2025-04-23 10:00:00+02:00,0.0
2025,CO2/CO/NOx,2025-04-23 11:00:00+02:00,0.0
2025,CO2/CO/NOx,2025-04-23 12:00:00+02:00,0.0
2025,CO2/CO/NOx,2025-04-23 13:00:00+02:00,0.0
2025,CO2/CO/NOx,2025-04-23 14:00:00+02:00,0.0
2025,CO2/CO/NOx,2025-04-23 15:00:00+02:00,0.0
2025,CO2/CO/NOx,2025-04-23 16:00:00+02:00,0.0
2025,CO2/CO/NOx,2025-04-23 17:00:00+02:00,0.0
2025,CO2/CO/NOx,2025-04-23 18:00:00+02:00,0.0
2025,CO2/CO/NOx,2025-04-23 19:00:00+02:00,0.0
2025,CO2/CO/NOx,2025-04-23 20:00:00+02:00,0.0
2025,CO2/CO/NOx,2025-04-23 21:00:00+02:00,0.0
2025,CO2/CO/NOx,2025-04-23 22:00:00+02:00,0.0
2025,CO2/CO/NOx,2025-04-23 23:00:00+02:00,0.0
2025,CO2/CO/NOx,2025-04-24 00:00:00+02:00,0.0
2025,CO2/CO/NOx,2025-04-24 01:00:00+02:00,0.0
2025,CO2/CO/NOx,2025-04-24 02:00:00+02:00,0.0
2025,CO2/CO/NOx,2025-04-24 03:00:00+02:00,0.0
2025,CO2/CO/NOx,2025-04-24 04:00:00+02:00,0.0
2025,CO2/CO/NOx,2025-04-24 05:00:00+02:00,0.0
2025,CO2/CO/NOx,2025-04-24 06:00:00+02:00,0.0
2025,CO2/CO/NOx,2025-04-24 07:00:00+02:00,0.0
2025,CO2/CO/NOx,2025-04-24 08:00:00+02:00,0.0
2025,CO2/CO/NOx,2025-04-24 09:00:00+02:00,0.0
2025,CO2/CO/NOx,2025-04-24 10:00:00+02:00,0.0
2025,CO2/CO/NOx,2025-04-24 11:00:00+02:00,0.0
2025,CO2/CO/NOx,2025-04-24 12:00:00+02:00,0.0
2025,CO2/CO/NOx,2025-04-24 13:00:00+02:00,0.0
2025,CO2/CO/NOx,2025-04-24 14:00:00+02:00,0.0
2025,CO2/CO/NOx,2025-04-24 15:00:00+02:00,0.0
2025,CO2/CO/NOx,2025-04-24 16:00:00+02:00,0.0
2025,CO2/CO/NOx,2025-04-24 17:00:00+02:00,0.0
2025,CO2/CO/NOx,2025-04-24 18:00:00+02:00,0.0
2025,CO2/CO/NOx,2025-04-24 19:00:00+02:00,0.0
2025,CO2/CO/NOx,2025-04-24 20:00:00+02:00,0.0
2025,CO2/CO/NOx,2025-04-24 21:00:00+02:00,0.0
2025,CO2/CO/NOx,2025-04-24 22:00:00+02:00,0.0
2025,CO2/CO/NOx,2025-04-24 23:00:00+02:00,0.0
2025,CO2/CO/NOx,2025-04-25 00:00:00+02:00,0.0
2025,CO2/CO/NOx,2025-04-25 01:00:00+02:00,0.0
2025,CO2/CO/NOx,2025-04-25 02:00:00+02:00,0.0
2025,CO2/CO/NOx,2025-04-25 03:00:00+02:00,0.0
2025,CO2/CO/NOx,2025-04-25 04:00:00+02:00,0.0
2025,CO2/CO/NOx,2025-04-25 05:00:00+02:00,0.0
2025,CO2/CO/NOx,2025-04-25 06:00:00+02:00,0.0
2025,CO2/CO/NOx,2025-04-25 07:00:00+02:00,0.0
2025,CO2/CO/NOx,2025-04-25 08:00:00+02:00,0.0
2025,CO2/CO/NOx,2025-04-25 09:00:00+02:00,0.0
2025,CO2/CO/NOx,2025-04-25 10:00:00+02:00,0.0
2025,CO2/CO/NOx,2025-04-25 11:00:00+02:00,0.0
2025,CO2/CO/NOx,2025-04-25 12:00:00+02:00,0.0
2025,CO2/CO/NOx,2025-04-25 13:00:00+02:00,0.0
2025,CO2/CO/NOx,2025-04-25 14:00:00+02:00,0.0
2025,CO2/CO/NOx,2025-04-25 15:00:00+02:00,0.0
2025,CO2/CO/NOx,2025-04-25 16:00:00+02:00,0.0
2025,CO2/CO/NOx,2025-04-25 17:00:00+02:00,0.0
2025,CO2/CO/NOx,2025-04-25 18:00:00+02:00,0.0
2025,CO2/CO/NOx,2025-04-25 19:00:00+02:00,0.0
2025,CO2/CO/NOx,2025-04-25 20:00:00+02:00,0.0
2025,CO2/CO/NOx,2025-04-25 21:00:00+02:00,0.0
2025,CO2/CO/NOx,2025-04-25 22:00:00+02:00,0.0
2025,CO2/CO/NOx,2025-04-25 23:00:00+02:00,0.0
2025,CO2/CO/NOx,2025-04-26 00:00:00+02:00,0.0
2025,CO2/CO/NOx,2025-04-26 01:00:00+02:00,0.0
2025,CO2/CO/NOx,2025-04-26 02:00:00+02:00,0.0
2025,CO2/CO/NOx,2025-04-26 03:00:00+02:00,0.0
2025,CO2/CO/NOx,2025-04-26 04:00:00+02:00,0.0
2025,CO2/CO/NOx,2025-04-26 05:00:00+02:00,0.0
2025,CO2/CO/NOx,2025-04-26 06:00:00+02:00,0.0
2025,CO2/CO/NOx,2025-04-26 07:00:00+02:00,0.0
2025,CO2/CO/NOx,2025-04-26 08:00:00+02:00,0.0
2025,CO2/CO/NOx,2025-04-26 09:00:00+02:00,0.0
2025,CO2/CO/NOx,2025-04-26 10:00:00+02:00,0.0
2025,CO2/CO/NOx,2025-04-26 11:00:00+02:00,0.0
2025,CO2/CO/NOx,2025-04-26 12:00:00+02:00,0.0
2025,CO2/CO/NOx,2025-04-26 13:00:00+02:00,0.0
2025,CO2/CO/NOx,2025-04-26 14:00:00+02:00,0.0
2025,CO2/CO/NOx,2025-04-26 15:00:00+02:00,0.0
2025,CO2/CO/NOx,2025-04-26 16:00:00+02:00,0.0
2025,CO2/CO/NOx,2025-04-26 17:00:00+02:00,0.0
2025,CO2/CO/NOx,2025-04-26 18:00:00+02:00,0.0
2025,CO2/CO/NOx,2025-04-26 19:00:00+02:00,0.0
2025,CO2/CO/NOx,2025-04-26 20:00:00+02:00,0.0
2025,CO2/CO/NOx,2025-04-26 21:00:00+02:00,0.0
2025,CO2/CO/NOx,2025-04-26 22:00:00+02:00,0.0
2025,CO2/CO/NOx,2025-04-26 23:00:00+02:00,0.0
2025,CO2/CO/NOx,2025-04-27 00:00:00+02:00,0.0
2025,CO2/CO/NOx,2025-04-27 01:00:00+02:00,0.0
2025,CO2/CO/NOx,2025-04-27 02:00:00+02:00,0.0
2025,CO2/CO/NOx,2025-04-27 03:00:00+02:00,0.0
2025,CO2/CO/NOx,2025-04-27 04:00:00+02:00,0.0
2025,CO2/CO/NOx,2025-04-27 05:00:00+02:00,0.0
2025,CO2/CO/NOx,2025-04-27 06:00:00+02:00,0.0
2025,CO2/CO/NOx,2025-04-27 07:00:00+02:00,0.0
2025,CO2/CO/NOx,2025-04-27 08:00:00+02:00,0.0
2025,CO2/CO/NOx,2025-04-27 09:00:00+02:00,0.0
2025,CO2/CO/NOx,2025-04-27 10:00:00+02:00,0.0
2025,CO2/CO/NOx,2025-04-27 11:00:00+02:00,0.0
2025,CO2/CO/NOx,2025-04-27 12:00:00+02:00,0.0
2025,CO2/CO/NOx,2025-04-27 13:00:00+02:00,0.0
2025,CO2/CO/NOx,2025-04-27 14:00:00+02:00,0.0
2025,CO2/CO/NOx,2025-04-27 15:00:00+02:00,0.0
2025,CO2/CO/NOx,2025-04-27 16:00:00+02:00,0.0
2025,CO2/CO/NOx,2025-04-27 17:00:00+02:00,0.0
2025,CO2/CO/NOx,2025-04-27 18:00:00+02:00,0.0
2025,CO2/CO/NOx,2025-04-27 19:00:00+02:00,0.0
2025,CO2/CO/NOx,2025-04-27 20:00:00+02:00,0.0
2025,CO2/CO/NOx,2025-04-27 21:00:00+02:00,0.0
2025,CO2/CO/NOx,2025-04-27 22:00:00+02:00,0.0
2025,CO2/CO/NOx,2025-04-27 23:00:00+02:00,0.0
2025,CO2/CO/NOx,2025-04-28 00:00:00+02:00,0.0
2025,CO2/CO/NOx,2025-04-28 01:00:00+02:00,0.0
2025,CO2/CO/NOx,2025-04-28 02:00:00+02:00,0.0
2025,CO2/CO/NOx,2025-04-28 03:00:00+02:00,0.0
2025,CO2/CO/NOx,2025-04-28 04:00:00+02:00,0.0
2025,CO2/CO/NOx,2025-04-28 05:00:00+02:00,0.0
2025,CO2/CO/NOx,2025-04-28 06:00:00+02:00,0.0
2025,CO2/CO/NOx,2025-04-28 07:00:00+02:00,0.0
2025,CO2/CO/NOx,2025-04-28 08:00:00+02:00,0.0
2025,CO2/CO/NOx,2025-04-28 09:00:00+02:00,0.0
2025,CO2/CO/NOx,2025-04-28 10:00:00+02:00,0.0
2025,CO2/CO/NOx,2025-04-28 11:00:00+02:00,0.0
2025,CO2/CO/NOx,2025-04-28 12:00:00+02:00,0.0
2025,CO2/CO/NOx,2025-04-28 13:00:00+02:00,0.0
2025,CO2/CO/NOx,2025-04-28 14:00:00+02:00,0.0
2025,CO2/CO/NOx,2025-04-28 15:00:00+02:00,0.0
2025,CO2/CO/NOx,2025-04-28 16:00:00+02:00,0.0
2025,CO2/CO/NOx,2025-04-28 17:00:00+02:00,0.0
2025,CO2/CO/NOx,2025-04-28 18:00:00+02:00,0.0
2025,CO2/CO/NOx,2025-04-28 19:00:00+02:00,0.0
2025,CO2/CO/NOx,2025-04-28 20:00:00+02:00,0.0
2025,CO2/CO/NOx,2025-04-28 21:00:00+02:00,0.0
2025,CO2/CO/NOx,2025-04-28 22:00:00+02:00,0.0
2025,CO2/CO/NOx,2025-04-28 23:00:00+02:00,0.0
2025,CO2/CO/NOx,2025-04-29 00:00:00+02:00,0.0
2025,CO2/CO/NOx,2025-04-29 01:00:00+02:00,0.0
2025,CO2/CO/NOx,2025-04-29 02:00:00+02:00,0.0
2025,CO2/CO/NOx,2025-04-29 03:00:00+02:00,0.0
2025,CO2/CO/NOx,2025-04-29 04:00:00+02:00,0.0
2025,CO2/CO/NOx,2025-04-29 05:00:00+02:00,0.0
2025,CO2/CO/NOx,2025-04-29 06:00:00+02:00,0.0
2025,CO2/CO/NOx,2025-04-29 07:00:00+02:00,0.0
2025,CO2/CO/NOx,2025-04-29 08:00:00+02:00,0.0
2025,CO2/CO/NOx,2025-04-29 09:00:00+02:00,0.0
2025,CO2/CO/NOx,2025-04-29 10:00:00+02:00,0.0
2025,CO2/CO/NOx,2025-04-29 11:00:00+02:00,0.0
2025,CO2/CO/NOx,2025-04-29 12:00:00+02:00,0.0
2025,CO2/CO/NOx,2025-04-29 13:00:00+02:00,0.0
2025,CO2/CO/NOx,2025-04-29 14:00:00+02:00,0.0
2025,CO2/CO/NOx,2025-04-29 15:00:00+02:00,0.0
2025,CO2/CO/NOx,2025-04-29 16:00:00+02:00,0.0
2025,CO2/CO/NOx,2025-04-29 17:00:00+02:00,0.0
2025,CO2/CO/NOx,2025-04-29 18:00:00+02:00,0.0
2025,CO2/CO/NOx,2025-04-29 19:00:00+02:00,0.0
2025,CO2/CO/NOx,2025-04-29 20:00:00+02:00,0.0
2025,CO2/CO/NOx,2025-04-29 21:00:00+02:00,0.0
2025,CO2/CO/NOx,2025-04-29 22:00:00+02:00,0.0
2025,CO2/CO/NOx,2025-04-29 23:00:00+02:00,0.0
2025,CO2/CO/NOx,2025-04-30 00:00:00+02:00,0.0
2025,CO2/CO/NOx,2025-04-30 01:00:00+02:00,0.0
2025,CO2/CO/NOx,2025-04-30 02:00:00+02:00,0.0
2025,CO2/CO/NOx,2025-04-30 03:00:00+02:00,0.0
2025,CO2/CO/NOx,2025-04-30 04:00:00+02:00,0.0
2025,CO2/CO/NOx,2025-04-30 05:00:00+02:00,0.0
2025,CO2/CO/NOx,2025-04-30 06:00:00+02:00,0.0
2025,CO2/CO/NOx,2025-04-30 07:00:00+02:00,0.0
2025,CO2/CO/NOx,2025-04-30 08:00:00+02:00,0.0
2025,CO2/CO/NOx,2025-04-30 09:00:00+02:00,0.0
2025,CO2/CO/NOx,2025-04-30 10:00:00+02:00,0.0
2025,CO2/CO/NOx,2025-04-30 11:00:00+02:00,0.0
2025,CO2/CO/NOx,2025-04-30 12:00:00+02:00,0.0
2025,CO2/CO/NOx,2025-04-30 13:00:00+02:00,0.0
2025,CO2/CO/NOx,2025-04-30 14:00:00+02:00,0.0
2025,CO2/CO/NOx,2025-04-30 15:00:00+02:00,0.0
2025,CO2/CO/NOx,2025-04-30 16:00:00+02:00,0.0
2025,CO2/CO/NOx,2025-04-30 17:00:00+02:00,0.0
2025,CO2/CO/NOx,2025-04-30 18:00:00+02:00,0.0
2025,CO2/CO/NOx,2025-04-30 19:00:00+02:00,0.0
2025,CO2/CO/NOx,2025-04-30 20:00:00+02:00,0.0
2025,CO2/CO/NOx,2025-04-30 21:00:00+02:00,0.0
2025,CO2/CO/NOx,2025-04-30 22:00:00+02:00,0.0
2025,CO2/CO/NOx,2025-04-30 23:00:00+02:00,0.0
2025,CO2/CO/NOx,2025-05-01 00:00:00+02:00,0.0
2025,CO2/CO/NOx,2025-05-01 01:00:00+02:00,0.0
2025,CO2/CO/NOx,2025-05-01 02:00:00+02:00,0.0
2025,CO2/CO/NOx,2025-05-01 03:00:00+02:00,0.0
2025,CO2/CO/NOx,2025-05-01 04:00:00+02:00,0.0
2025,CO2/CO/NOx,2025-05-01 05:00:00+02:00,0.0
2025,CO2/CO/NOx,2025-05-01 06:00:00+02:00,0.0
2025,CO2/CO/NOx,2025-05-01 07:00:00+02:00,0.0
2025,CO2/CO/NOx,2025-05-01 08:00:00+02:00,0.0
2025,CO2/CO/NOx,2025-05-01 09:00:00+02:00,0.0
2025,CO2/CO/NOx,2025-05-01 10:00:00+02:00,0.0
2025,CO2/CO/NOx,2025-05-01 11:00:00+02:00,0.0
2025,CO2/CO/NOx,2025-05-01 12:00:00+02:00,0.0
2025,CO2/CO/NOx,2025-05-01 13:00:00+02:00,0.0
2025,CO2/CO/NOx,2025-05-01 14:00:00+02:00,0.0
2025,CO2/CO/NOx,2025-05-01 15:00:00+02:00,0.0
2025,CO2/CO/NOx,2025-05-01 16:00:00+02:00,0.0
2025,CO2/CO/NOx,2025-05-01 17:00:00+02:00,0.0
2025,CO2/CO/NOx,2025-05-01 18:00:00+02:00,0.0
2025,CO2/CO/NOx,2025-05-01 19:00:00+02:00,0.0
2025,CO2/CO/NOx,2025-05-01 20:00:00+02:00,0.0
2025,CO2/CO/NOx,2025-05-01 21:00:00+02:00,0.0
2025,CO2/CO/NOx,2025-05-01 22:00:00+02:00,0.0
2025,CO2/CO/NOx,2025-05-01 23:00:00+02:00,0.0
2025,CO2/CO/NOx,2025-05-02 00:00:00+02:00,0.0
2025,CO2/CO/NOx,2025-05-02 01:00:00+02:00,0.0
2025,CO2/CO/NOx,2025-05-02 02:00:00+02:00,0.0
2025,CO2/CO/NOx,2025-05-02 03:00:00+02:00,0.0
2025,CO2/CO/NOx,2025-05-02 04:00:00+02:00,0.0
2025,CO2/CO/NOx,2025-05-02 05:00:00+02:00,0.0
2025,CO2/CO/NOx,2025-05-02 06:00:00+02:00,0.0
2025,CO2/CO/NOx,2025-05-02 07:00:00+02:00,0.0
2025,CO2/CO/NOx,2025-05-02 08:00:00+02:00,0.0
2025,CO2/CO/NOx,2025-05-02 09:00:00+02:00,0.0
2025,CO2/CO/NOx,2025-05-02 10:00:00+02:00,0.0
2025,CO2/CO/NOx,2025-05-02 11:00:00+02:00,0.0
2025,CO2/CO/NOx,2025-05-02 12:00:00+02:00,0.0
2025,CO2/CO/NOx,2025-05-02 13:00:00+02:00,0.0
2025,CO2/CO/NOx,2025-05-02 14:00:00+02:00,0.0
2025,CO2/CO/NOx,2025-05-02 15:00:00+02:00,0.0
2025,CO2/CO/NOx,2025-05-02 16:00:00+02:00,0.0
2025,CO2/CO/NOx,2025-05-02 17:00:00+02:00,0.0
2025,CO2/CO/NOx,2025-05-02 18:00:00+02:00,0.0
2025,CO2/CO/NOx,2025-05-02 19:00:00+02:00,0.0
2025,CO2/CO/NOx,2025-05-02 20:00:00+02:00,0.0
2025,CO2/CO/NOx,2025-05-02 21:00:00+02:00,0.0
2025,CO2/CO/NOx,2025-05-02 22:00:00+02:00,0.0
2025,CO2/CO/NOx,2025-05-02 23:00:00+02:00,0.0
2025,CO2/CO/NOx,2025-05-03 00:00:00+02:00,0.0
2025,CO2/CO/NOx,2025-05-03 01:00:00+02:00,0.0
2025,CO2/CO/NOx,2025-05-03 02:00:00+02:00,0.0
2025,CO2/CO/NOx,2025-05-03 03:00:00+02:00,0.0
2025,CO2/CO/NOx,2025-05-03 04:00:00+02:00,0.0
2025,CO2/CO/NOx,2025-05-03 05:00:00+02:00,0.0
2025,CO2/CO/NOx,2025-05-03 06:00:00+02:00,0.0
2025,CO2/CO/NOx,2025-05-03 07:00:00+02:00,0.0
2025,CO2/CO/NOx,2025-05-03 08:00:00+02:00,0.0
2025,CO2/CO/NOx,2025-05-03 09:00:00+02:00,0.0
2025,CO2/CO/NOx,2025-05-03 10:00:00+02:00,0.0
2025,CO2/CO/NOx,2025-05-03 11:00:00+02:00,0.0
2025,CO2/CO/NOx,2025-05-03 12:00:00+02:00,0.0
2025,CO2/CO/NOx,2025-05-03 13:00:00+02:00,0.0
2025,CO2/CO/NOx,2025-05-03 14:00:00+02:00,0.0
2025,CO2/CO/NOx,2025-05-03 15:00:00+02:00,0.0
2025,CO2/CO/NOx,2025-05-03 16:00:00+02:00,0.0
2025,CO2/CO/NOx,2025-05-03 17:00:00+02:00,0.0
2025,CO2/CO/NOx,2025-05-03 18:00:00+02:00,0.0
2025,CO2/CO/NOx,2025-05-03 19:00:00+02:00,0.0
2025,CO2/CO/NOx,2025-05-03 20:00:00+02:00,0.0
2025,CO2/CO/NOx,2025-05-03 21:00:00+02:00,0.0
2025,CO2/CO/NOx,2025-05-03 22:00:00+02:00,0.0
2025,CO2/CO/NOx,2025-05-03 23:00:00+02:00,0.0
2025,CO2/CO/NOx,2025-05-04 00:00:00+02:00,0.0
2025,CO2/CO/NOx,2025-05-04 01:00:00+02:00,0.0
2025,CO2/CO/NOx,2025-05-04 02:00:00+02:00,0.0
2025,CO2/CO/NOx,2025-05-04 03:00:00+02:00,0.0
2025,CO2/CO/NOx,2025-05-04 04:00:00+02:00,0.0
2025,CO2/CO/NOx,2025-05-04 05:00:00+02:00,0.0
2025,CO2/CO/NOx,2025-05-04 06:00:00+02:00,0.0
2025,CO2/CO/NOx,2025-05-04 07:00:00+02:00,0.0
2025,CO2/CO/NOx,2025-05-04 08:00:00+02:00,0.0
2025,CO2/CO/NOx,2025-05-04 09:00:00+02:00,0.0
2025,CO2/CO/NOx,2025-05-04 10:00:00+02:00,0.0
2025,CO2/CO/NOx,2025-05-04 11:00:00+02:00,0.0
2025,CO2/CO/NOx,2025-05-04 12:00:00+02:00,0.0
2025,CO2/CO/NOx,2025-05-04 13:00:00+02:00,0.0
2025,CO2/CO/NOx,2025-05-04 14:00:00+02:00,0.0
2025,CO2/CO/NOx,2025-05-04 15:00:00+02:00,0.0
2025,CO2/CO/NOx,2025-05-04 16:00:00+02:00,0.0
2025,CO2/CO/NOx,2025-05-04 17:00:00+02:00,0.0
2025,CO2/CO/NOx,2025-05-04 18:00:00+02:00,0.0
2025,CO2/CO/NOx,2025-05-04 19:00:00+02:00,0.0
2025,CO2/CO/NOx,2025-05-04 20:00:00+02:00,0.0
2025,CO2/CO/NOx,2025-05-04 21:00:00+02:00,0.0
2025,CO2/CO/NOx,2025-05-04 22:00:00+02:00,0.0
2025,CO2/CO/NOx,2025-05-04 23:00:00+02:00,0.0
2025,CO2/CO/NOx,2025-05-05 00:00:00+02:00,0.0
2025,CO2/CO/NOx,2025-05-05 01:00:00+02:00,0.0
2025,CO2/CO/NOx,2025-05-05 02:00:00+02:00,0.0
2025,CO2/CO/NOx,2025-05-05 03:00:00+02:00,0.0
2025,CO2/CO/NOx,2025-05-05 04:00:00+02:00,0.0
2025,CO2/CO/NOx,2025-05-05 05:00:00+02:00,0.0
2025,CO2/CO/NOx,2025-05-05 06:00:00+02:00,0.0
2025,CO2/CO/NOx,2025-05-05 07:00:00+02:00,0.0
2025,CO2/CO/NOx,2025-05-05 08:00:00+02:00,0.0
2025,CO2/CO/NOx,2025-05-05 09:00:00+02:00,0.0
2025,CO2/CO/NOx,2025-05-05 10:00:00+02:00,0.0
2025,CO2/CO/NOx,2025-05-05 11:00:00+02:00,0.0
2025,CO2/CO/NOx,2025-05-05 12:00:00+02:00,0.0
2025,CO2/CO/NOx,2025-05-05 13:00:00+02:00,0.0
2025,CO2/CO/NOx,2025-05-05 14:00:00+02:00,0.0
2025,CO2/CO/NOx,2025-05-05 15:00:00+02:00,0.0
2025,CO2/CO/NOx,2025-05-05 16:00:00+02:00,0.0
2025,CO2/CO/NOx,2025-05-05 17:00:00+02:00,0.0
2025,CO2/CO/NOx,2025-05-05 18:00:00+02:00,0.0
2025,CO2/CO/NOx,2025-05-05 19:00:00+02:00,0.0
2025,CO2/CO/NOx,2025-05-05 20:00:00+02:00,0.0
2025,CO2/CO/NOx,2025-05-05 21:00:00+02:00,0.0
2025,CO2/CO/NOx,2025-05-05 22:00:00+02:00,0.0
2025,CO2/CO/NOx,2025-05-05 23:00:00+02:00,0.0
2025,CO2/CO/NOx,2025-05-06 00:00:00+02:00,0.0
2025,CO2/CO/NOx,2025-05-06 01:00:00+02:00,0.0
2025,CO2/CO/NOx,2025-05-06 02:00:00+02:00,0.0
2025,CO2/CO/NOx,2025-05-06 03:00:00+02:00,0.0
2025,CO2/CO/NOx,2025-05-06 04:00:00+02:00,0.0
2025,CO2/CO/NOx,2025-05-06 05:00:00+02:00,0.0
2025,CO2/CO/NOx,2025-05-06 06:00:00+02:00,0.0
2025,CO2/CO/NOx,2025-05-06 07:00:00+02:00,0.0
2025,CO2/CO/NOx,2025-05-06 08:00:00+02:00,0.0
2025,CO2/CO/NOx,2025-05-06 09:00:00+02:00,0.0
2025,CO2/CO/NOx,2025-05-06 10:00:00+02:00,0.0
2025,CO2/CO/NOx,2025-05-06 11:00:00+02:00,0.0
2025,CO2/CO/NOx,2025-05-06 12:00:00+02:00,0.0
2025,CO2/CO/NOx,2025-05-06 13:00:00+02:00,0.0
2025,CO2/CO/NOx,2025-05-06 14:00:00+02:00,0.0
2025,CO2/CO/NOx,2025-05-06 15:00:00+02:00,0.0
2025,CO2/CO/NOx,2025-05-06 16:00:00+02:00,0.0
2025,CO2/CO/NOx,2025-05-06 17:00:00+02:00,0.0
2025,CO2/CO/NOx,2025-05-06 18:00:00+02:00,0.0
2025,CO2/CO/NOx,2025-05-06 19:00:00+02:00,0.0
2025,CO2/CO/NOx,2025-05-06 20:00:00+02:00,0.0
2025,CO2/CO/NOx,2025-05-06 21:00:00+02:00,0.0
2025,CO2/CO/NOx,2025-05-06 22:00:00+02:00,0.0
2025,CO2/CO/NOx,2025-05-06 23:00:00+02:00,0.0
2025,CO2/CO/NOx,2025-05-07 00:00:00+02:00,0.0
2025,CO2/CO/NOx,2025-05-07 01:00:00+02:00,0.0
2025,CO2/CO/NOx,2025-05-07 02:00:00+02:00,0.0
2025,CO2/CO/NOx,2025-05-07 03:00:00+02:00,0.0
2025,CO2/CO/NOx,2025-05-07 04:00:00+02:00,0.0
2025,CO2/CO/NOx,2025-05-07 05:00:00+02:00,0.0
2025,CO2/CO/NOx,2025-05-07 06:00:00+02:00,0.0
2025,CO2/CO/NOx,2025-05-07 07:00:00+02:00,0.0
2025,CO2/CO/NOx,2025-05-07 08:00:00+02:00,0.0
2025,CO2/CO/NOx,2025-05-07 09:00:00+02:00,0.0
2025,CO2/CO/NOx,2025-05-07 10:00:00+02:00,0.0
2025,CO2/CO/NOx,2025-05-07 11:00:00+02:00,0.0
2025,CO2/CO/NOx,2025-05-07 12:00:00+02:00,0.0
2025,CO2/CO/NOx,2025-05-07 13:00:00+02:00,0.0
2025,CO2/CO/NOx,2025-05-07 14:00:00+02:00,0.0
2025,CO2/CO/NOx,2025-05-07 15:00:00+02:00,0.0
2025,CO2/CO/NOx,2025-05-07 16:00:00+02:00,0.0
2025,CO2/CO/NOx,2025-05-07 17:00:00+02:00,0.0
2025,CO2/CO/NOx,2025-05-07 18:00:00+02:00,0.0
2025,CO2/CO/NOx,2025-05-07 19:00:00+02:00,0.0
2025,CO2/CO/NOx,2025-05-07 20:00:00+02:00,0.0
2025,CO2/CO/NOx,2025-05-07 21:00:00+02:00,0.0
2025,CO2/CO/NOx,2025-05-07 22:00:00+02:00,0.0
2025,CO2/CO/NOx,2025-05-07 23:00:00+02:00,0.0
2025,CO2/CO/NOx,2025-05-08 00:00:00+02:00,0.0
2025,CO2/CO/NOx,2025-05-08 01:00:00+02:00,0.0
2025,CO2/CO/NOx,2025-05-08 02:00:00+02:00,0.0
2025,CO2/CO/NOx,2025-05-08 03:00:00+02:00,0.0
2025,CO2/CO/NOx,2025-05-08 04:00:00+02:00,0.0
2025,CO2/CO/NOx,2025-05-08 05:00:00+02:00,0.0
2025,CO2/CO/NOx,2025-05-08 06:00:00+02:00,0.0
2025,CO2/CO/NOx,2025-05-08 07:00:00+02:00,0.0
2025,CO2/CO/NOx,2025-05-08 08:00:00+02:00,0.0
2025,CO2/CO/NOx,2025-05-08 09:00:00+02:00,0.0
2025,CO2/CO/NOx,2025-05-08 10:00:00+02:00,0.0
2025,CO2/CO/NOx,2025-05-08 11:00:00+02:00,0.0
2025,CO2/CO/NOx,2025-05-08 12:00:00+02:00,0.0
2025,CO2/CO/NOx,2025-05-08 13:00:00+02:00,0.0
2025,CO2/CO/NOx,2025-05-08 14:00:00+02:00,0.0
2025,CO2/CO/NOx,2025-05-08 15:00:00+02:00,0.0
2025,CO2/CO/NOx,2025-05-08 16:00:00+02:00,0.0
2025,CO2/CO/NOx,2025-05-08 17:00:00+02:00,0.0
2025,CO2/CO/NOx,2025-05-08 18:00:00+02:00,0.0
2025,CO2/CO/NOx,2025-05-08 19:00:00+02:00,0.0
2025,CO2/CO/NOx,2025-05-08 20:00:00+02:00,0.0
2025,CO2/CO/NOx,2025-05-08 21:00:00+02:00,0.0
2025,CO2/CO/NOx,2025-05-08 22:00:00+02:00,0.0
2025,CO2/CO/NOx,2025-05-08 23:00:00+02:00,0.0
2025,CO2/CO/NOx,2025-05-09 00:00:00+02:00,0.0
2025,CO2/CO/NOx,2025-05-09 01:00:00+02:00,0.0
2025,CO2/CO/NOx,2025-05-09 02:00:00+02:00,0.0
2025,CO2/CO/NOx,2025-05-09 03:00:00+02:00,0.0
2025,CO2/CO/NOx,2025-05-09 04:00:00+02:00,0.0
2025,CO2/CO/NOx,2025-05-09 05:00:00+02:00,0.0
2025,CO2/CO/NOx,2025-05-09 06:00:00+02:00,0.0
2025,CO2/CO/NOx,2025-05-09 07:00:00+02:00,0.0
2025,CO2/CO/NOx,2025-05-09 08:00:00+02:00,0.0
2025,CO2/CO/NOx,2025-05-09 09:00:00+02:00,0.0
2025,CO2/CO/NOx,2025-05-09 10:00:00+02:00,0.0
2025,CO2/CO/NOx,2025-05-09 11:00:00+02:00,0.0
2025,CO2/CO/NOx,2025-05-09 12:00:00+02:00,0.0
2025,CO2/CO/NOx,2025-05-09 13:00:00+02:00,0.0
2025,CO2/CO/NOx,2025-05-09 14:00:00+02:00,0.0
2025,CO2/CO/NOx,2025-05-09 15:00:00+02:00,0.0
2025,CO2/CO/NOx,2025-05-09 16:00:00+02:00,0.0
2025,CO2/CO/NOx,2025-05-09 17:00:00+02:00,0.0
2025,CO2/CO/NOx,2025-05-09 18:00:00+02:00,0.0
2025,CO2/CO/NOx,2025-05-09 19:00:00+02:00,0.0
2025,CO2/CO/NOx,2025-05-09 20:00:00+02:00,0.0
2025,CO2/CO/NOx,2025-05-09 21:00:00+02:00,0.0
2025,CO2/CO/NOx,2025-05-09 22:00:00+02:00,0.0
2025,CO2/CO/NOx,2025-05-09 23:00:00+02:00,0.0
2025,CO2/CO/NOx,2025-05-10 00:00:00+02:00,0.0
2025,CO2/CO/NOx,2025-05-10 01:00:00+02:00,0.0
2025,CO2/CO/NOx,2025-05-10 02:00:00+02:00,0.0
2025,CO2/CO/NOx,2025-05-10 03:00:00+02:00,0.0
2025,CO2/CO/NOx,2025-05-10 04:00:00+02:00,0.0
2025,CO2/CO/NOx,2025-05-10 05:00:00+02:00,0.0
2025,CO2/CO/NOx,2025-05-10 06:00:00+02:00,0.0
2025,CO2/CO/NOx,2025-05-10 07:00:00+02:00,0.0
2025,CO2/CO/NOx,2025-05-10 08:00:00+02:00,0.0
2025,CO2/CO/NOx,2025-05-10 09:00:00+02:00,0.0
2025,CO2/CO/NOx,2025-05-10 10:00:00+02:00,0.0
2025,CO2/CO/NOx,2025-05-10 11:00:00+02:00,0.0
2025,CO2/CO/NOx,2025-05-10 12:00:00+02:00,0.0
2025,CO2/CO/NOx,2025-05-10 13:00:00+02:00,0.0
2025,CO2/CO/NOx,2025-05-10 14:00:00+02:00,0.0
2025,CO2/CO/NOx,2025-05-10 15:00:00+02:00,0.0
2025,CO2/CO/NOx,2025-05-10 16:00:00+02:00,0.0
2025,CO2/CO/NOx,2025-05-10 17:00:00+02:00,0.0
2025,CO2/CO/NOx,2025-05-10 18:00:00+02:00,0.0
2025,CO2/CO/NOx,2025-05-10 19:00:00+02:00,0.0
2025,CO2/CO/NOx,2025-05-10 20:00:00+02:00,0.0
2025,CO2/CO/NOx,2025-05-10 21:00:00+02:00,0.0
2025,CO2/CO/NOx,2025-05-10 22:00:00+02:00,0.0
2025,CO2/CO/NOx,2025-05-10 23:00:00+02:00,0.0
2025,CO2/CO/NOx,2025-05-11 00:00:00+02:00,0.0
2025,CO2/CO/NOx,2025-05-11 01:00:00+02:00,0.0
2025,CO2/CO/NOx,2025-05-11 02:00:00+02:00,0.0
2025,CO2/CO/NOx,2025-05-11 03:00:00+02:00,0.0
2025,CO2/CO/NOx,2025-05-11 04:00:00+02:00,0.0
2025,CO2/CO/NOx,2025-05-11 05:00:00+02:00,0.0
2025,CO2/CO/NOx,2025-05-11 06:00:00+02:00,0.0
2025,CO2/CO/NOx,2025-05-11 07:00:00+02:00,0.0
2025,CO2/CO/NOx,2025-05-11 08:00:00+02:00,0.0
2025,CO2/CO/NOx,2025-05-11 09:00:00+02:00,0.0
2025,CO2/CO/NOx,2025-05-11 10:00:00+02:00,0.0
2025,CO2/CO/NOx,2025-05-11 11:00:00+02:00,0.0
2025,CO2/CO/NOx,2025-05-11 12:00:00+02:00,0.0
2025,CO2/CO/NOx,2025-05-11 13:00:00+02:00,0.0
2025,CO2/CO/NOx,2025-05-11 14:00:00+02:00,0.0
2025,CO2/CO/NOx,2025-05-11 15:00:00+02:00,0.0
2025,CO2/CO/NOx,2025-05-11 16:00:00+02:00,0.0
2025,CO2/CO/NOx,2025-05-11 17:00:00+02:00,0.0
2025,CO2/CO/NOx,2025-05-11 18:00:00+02:00,0.0
2025,CO2/CO/NOx,2025-05-11 19:00:00+02:00,0.0
2025,CO2/CO/NOx,2025-05-11 20:00:00+02:00,0.0
2025,CO2/CO/NOx,2025-05-11 21:00:00+02:00,0.0
2025,CO2/CO/NOx,2025-05-11 22:00:00+02:00,0.0
2025,CO2/CO/NOx,2025-05-11 23:00:00+02:00,0.0
2025,CO2/CO/NOx,2025-05-12 00:00:00+02:00,0.0
2025,CO2/CO/NOx,2025-05-12 01:00:00+02:00,0.0
2025,CO2/CO/NOx,2025-05-12 02:00:00+02:00,0.0
2025,CO2/CO/NOx,2025-05-12 03:00:00+02:00,0.0
2025,CO2/CO/NOx,2025-05-12 04:00:00+02:00,0.0
2025,CO2/CO/NOx,2025-05-12 05:00:00+02:00,0.0
2025,CO2/CO/NOx,2025-05-12 06:00:00+02:00,0.0
2025,CO2/CO/NOx,2025-05-12 07:00:00+02:00,0.0
2025,CO2/CO/NOx,2025-05-12 08:00:00+02:00,0.0
2025,CO2/CO/NOx,2025-05-12 09:00:00+02:00,0.0
2025,CO2/CO/NOx,2025-05-12 10:00:00+02:00,0.0
2025,CO2/CO/NOx,2025-05-12 11:00:00+02:00,0.0
2025,CO2/CO/NOx,2025-05-12 12:00:00+02:00,0.0
2025,CO2/CO/NOx,2025-05-12 13:00:00+02:00,0.0
2025,CO2/CO/NOx,2025-05-12 14:00:00+02:00,0.0
2025,CO2/CO/NOx,2025-05-12 15:00:00+02:00,0.0
2025,CO2/CO/NOx,2025-05-12 16:00:00+02:00,0.0
2025,CO2/CO/NOx,2025-05-12 17:00:00+02:00,0.0
2025,CO2/CO/NOx,2025-05-12 18:00:00+02:00,0.0
2025,CO2/CO/NOx,2025-05-12 19:00:00+02:00,0.0
2025,CO2/CO/NOx,2025-05-12 20:00:00+02:00,0.0
2025,CO2/CO/NOx,2025-05-12 21:00:00+02:00,0.0
2025,CO2/CO/NOx,2025-05-12 22:00:00+02:00,0.0
2025,CO2/CO/NOx,2025-05-12 23:00:00+02:00,0.0
2025,CO2/CO/NOx,2025-05-13 00:00:00+02:00,0.0
2025,CO2/CO/NOx,2025-05-13 01:00:00+02:00,0.0
2025,CO2/CO/NOx,2025-05-13 02:00:00+02:00,0.0
2025,CO2/CO/NOx,2025-05-13 03:00:00+02:00,0.0
2025,CO2/CO/NOx,2025-05-13 04:00:00+02:00,0.0
2025,CO2/CO/NOx,2025-05-13 05:00:00+02:00,0.0
2025,CO2/CO/NOx,2025-05-13 06:00:00+02:00,0.0
2025,CO2/CO/NOx,2025-05-13 07:00:00+02:00,0.0
2025,CO2/CO/NOx,2025-05-13 08:00:00+02:00,0.0
2025,CO2/CO/NOx,2025-05-13 09:00:00+02:00,0.0
2025,CO2/CO/NOx,2025-05-13 10:00:00+02:00,0.0
2025,CO2/CO/NOx,2025-05-13 11:00:00+02:00,0.0
2025,CO2/CO/NOx,2025-05-13 12:00:00+02:00,0.0
2025,CO2/CO/NOx,2025-05-13 13:00:00+02:00,0.0
2025,CO2/CO/NOx,2025-05-13 14:00:00+02:00,0.0
2025,CO2/CO/NOx,2025-05-13 15:00:00+02:00,0.0
2025,CO2/CO/NOx,2025-05-13 16:00:00+02:00,0.0
2025,CO2/CO/NOx,2025-05-13 17:00:00+02:00,0.0
2025,CO2/CO/NOx,2025-05-13 18:00:00+02:00,0.0
2025,CO2/CO/NOx,2025-05-13 19:00:00+02:00,0.0
2025,CO2/CO/NOx,2025-05-13 20:00:00+02:00,0.0
2025,CO2/CO/NOx,2025-05-13 21:00:00+02:00,0.0
2025,CO2/CO/NOx,2025-05-13 22:00:00+02:00,0.0
2025,CO2/CO/NOx,2025-05-13 23:00:00+02:00,0.0
2025,CO2/CO/NOx,2025-05-14 00:00:00+02:00,0.0
2025,CO2/CO/NOx,2025-05-14 01:00:00+02:00,0.0
2025,CO2/CO/NOx,2025-05-14 02:00:00+02:00,0.0
2025,CO2/CO/NOx,2025-05-14 03:00:00+02:00,0.0
2025,CO2/CO/NOx,2025-05-14 04:00:00+02:00,0.0
2025,CO2/CO/NOx,2025-05-14 05:00:00+02:00,0.0
2025,CO2/CO/NOx,2025-05-14 06:00:00+02:00,0.0
2025,CO2/CO/NOx,2025-05-14 07:00:00+02:00,0.0
2025,CO2/CO/NOx,2025-05-14 08:00:00+02:00,0.0
2025,CO2/CO/NOx,2025-05-14 09:00:00+02:00,0.0
2025,CO2/CO/NOx,2025-05-14 10:00:00+02:00,0.0
2025,CO2/CO/NOx,2025-05-14 11:00:00+02:00,0.0
2025,CO2/CO/NOx,2025-05-14 12:00:00+02:00,0.0
2025,CO2/CO/NOx,2025-05-14 13:00:00+02:00,0.0
2025,CO2/CO/NOx,2025-05-14 14:00:00+02:00,0.0
2025,CO2/CO/NOx,2025-05-14 15:00:00+02:00,0.0
2025,CO2/CO/NOx,2025-05-14 16:00:00+02:00,0.0
2025,CO2/CO/NOx,2025-05-14 17:00:00+02:00,0.0
2025,CO2/CO/NOx,2025-05-14 18:00:00+02:00,0.0
2025,CO2/CO/NOx,2025-05-14 19:00:00+02:00,0.0
2025,CO2/CO/NOx,2025-05-14 20:00:00+02:00,0.0
2025,CO2/CO/NOx,2025-05-14 21:00:00+02:00,0.0
2025,CO2/CO/NOx,2025-05-14 22:00:00+02:00,0.0
2025,CO2/CO/NOx,2025-05-14 23:00:00+02:00,0.0
2025,CO2/CO/NOx,2025-05-15 00:00:00+02:00,0.0
2025,CO2/CO/NOx,2025-05-15 01:00:00+02:00,0.0
2025,CO2/CO/NOx,2025-05-15 02:00:00+02:00,0.0
2025,CO2/CO/NOx,2025-05-15 03:00:00+02:00,0.0
2025,CO2/CO/NOx,2025-05-15 04:00:00+02:00,0.0
2025,CO2/CO/NOx,2025-05-15 05:00:00+02:00,0.0
2025,CO2/CO/NOx,2025-05-15 06:00:00+02:00,0.0
2025,CO2/CO/NOx,2025-05-15 07:00:00+02:00,0.0
2025,CO2/CO/NOx,2025-05-15 08:00:00+02:00,0.0
2025,CO2/CO/NOx,2025-05-15 09:00:00+02:00,0.0
2025,CO2/CO/NOx,2025-05-15 10:00:00+02:00,0.0
2025,CO2/CO/NOx,2025-05-15 11:00:00+02:00,0.0
2025,CO2/CO/NOx,2025-05-15 12:00:00+02:00,0.0
2025,CO2/CO/NOx,2025-05-15 13:00:00+02:00,0.0
2025,CO2/CO/NOx,2025-05-15 14:00:00+02:00,0.0
2025,CO2/CO/NOx,2025-05-15 15:00:00+02:00,0.0
2025,CO2/CO/NOx,2025-05-15 16:00:00+02:00,0.0
2025,CO2/CO/NOx,2025-05-15 17:00:00+02:00,0.0
2025,CO2/CO/NOx,2025-05-15 18:00:00+02:00,0.0
2025,CO2/CO/NOx,2025-05-15 19:00:00+02:00,0.0
2025,CO2/CO/NOx,2025-05-15 20:00:00+02:00,0.0
2025,CO2/CO/NOx,2025-05-15 21:00:00+02:00,0.0
2025,CO2/CO/NOx,2025-05-15 22:00:00+02:00,0.0
2025,CO2/CO/NOx,2025-05-15 23:00:00+02:00,0.0
2025,CO2/CO/NOx,2025-05-16 00:00:00+02:00,0.0
2025,CO2/CO/NOx,2025-05-16 01:00:00+02:00,0.0
2025,CO2/CO/NOx,2025-05-16 02:00:00+02:00,0.0
2025,CO2/CO/NOx,2025-05-16 03:00:00+02:00,0.0
2025,CO2/CO/NOx,2025-05-16 04:00:00+02:00,0.0
2025,CO2/CO/NOx,2025-05-16 05:00:00+02:00,0.0
2025,CO2/CO/NOx,2025-05-16 06:00:00+02:00,0.0
2025,CO2/CO/NOx,2025-05-16 07:00:00+02:00,0.0
2025,CO2/CO/NOx,2025-05-16 08:00:00+02:00,0.0
2025,CO2/CO/NOx,2025-05-16 09:00:00+02:00,0.0
2025,CO2/CO/NOx,2025-05-16 10:00:00+02:00,0.0
2025,CO2/CO/NOx,2025-05-16 11:00:00+02:00,0.0
2025,CO2/CO/NOx,2025-05-16 12:00:00+02:00,0.0
2025,CO2/CO/NOx,2025-05-16 13:00:00+02:00,0.0
2025,CO2/CO/NOx,2025-05-16 14:00:00+02:00,0.0
2025,CO2/CO/NOx,2025-05-16 15:00:00+02:00,0.0
2025,CO2/CO/NOx,2025-05-16 16:00:00+02:00,0.0
2025,CO2/CO/NOx,2025-05-16 17:00:00+02:00,0.0
2025,CO2/CO/NOx,2025-05-16 18:00:00+02:00,0.0
2025,CO2/CO/NOx,2025-05-16 19:00:00+02:00,0.0
2025,CO2/CO/NOx,2025-05-16 20:00:00+02:00,0.0
2025,CO2/CO/NOx,2025-05-16 21:00:00+02:00,0.0
2025,CO2/CO/NOx,2025-05-16 22:00:00+02:00,0.0
2025,CO2/CO/NOx,2025-05-16 23:00:00+02:00,0.0
2025,CO2/CO/NOx,2025-05-17 00:00:00+02:00,0.0
2025,CO2/CO/NOx,2025-05-17 01:00:00+02:00,0.0
2025,CO2/CO/NOx,2025-05-17 02:00:00+02:00,0.0
2025,CO2/CO/NOx,2025-05-17 03:00:00+02:00,0.0
2025,CO2/CO/NOx,2025-05-17 04:00:00+02:00,0.0
2025,CO2/CO/NOx,2025-05-17 05:00:00+02:00,0.0
2025,CO2/CO/NOx,2025-05-17 06:00:00+02:00,0.0
2025,CO2/CO/NOx,2025-05-17 07:00:00+02:00,0.0
2025,CO2/CO/NOx,2025-05-17 08:00:00+02:00,0.0
2025,CO2/CO/NOx,2025-05-17 09:00:00+02:00,0.0
2025,CO2/CO/NOx,2025-05-17 10:00:00+02:00,0.0
2025,CO2/CO/NOx,2025-05-17 11:00:00+02:00,0.0
2025,CO2/CO/NOx,2025-05-17 12:00:00+02:00,0.0
2025,CO2/CO/NOx,2025-05-17 13:00:00+02:00,0.0
2025,CO2/CO/NOx,2025-05-17 14:00:00+02:00,0.0
2025,CO2/CO/NOx,2025-05-17 15:00:00+02:00,0.0
2025,CO2/CO/NOx,2025-05-17 16:00:00+02:00,0.0
2025,CO2/CO/NOx,2025-05-17 17:00:00+02:00,0.0
2025,CO2/CO/NOx,2025-05-17 18:00:00+02:00,0.0
2025,CO2/CO/NOx,2025-05-17 19:00:00+02:00,0.0
2025,CO2/CO/NOx,2025-05-17 20:00:00+02:00,0.0
2025,CO2/CO/NOx,2025-05-17 21:00:00+02:00,0.0
2025,CO2/CO/NOx,2025-05-17 22:00:00+02:00,0.0
2025,CO2/CO/NOx,2025-05-17 23:00:00+02:00,0.0
2025,CO2/CO/NOx,2025-05-18 00:00:00+02:00,0.0
2025,CO2/CO/NOx,2025-05-18 01:00:00+02:00,0.0
2025,CO2/CO/NOx,2025-05-18 02:00:00+02:00,0.0
2025,CO2/CO/NOx,2025-05-18 03:00:00+02:00,0.0
2025,CO2/CO/NOx,2025-05-18 04:00:00+02:00,0.0
2025,CO2/CO/NOx,2025-05-18 05:00:00+02:00,0.0
2025,CO2/CO/NOx,2025-05-18 06:00:00+02:00,0.0
2025,CO2/CO/NOx,2025-05-18 07:00:00+02:00,0.0
2025,CO2/CO/NOx,2025-05-18 08:00:00+02:00,0.0
2025,CO2/CO/NOx,2025-05-18 09:00:00+02:00,0.0
2025,CO2/CO/NOx,2025-05-18 10:00:00+02:00,0.0
2025,CO2/CO/NOx,2025-05-18 11:00:00+02:00,0.0
2025,CO2/CO/NOx,2025-05-18 12:00:00+02:00,0.0
2025,CO2/CO/NOx,2025-05-18 13:00:00+02:00,0.0
2025,CO2/CO/NOx,2025-05-18 14:00:00+02:00,0.0
2025,CO2/CO/NOx,2025-05-18 15:00:00+02:00,0.0
2025,CO2/CO/NOx,2025-05-18 16:00:00+02:00,0.0
2025,CO2/CO/NOx,2025-05-18 17:00:00+02:00,0.0
2025,CO2/CO/NOx,2025-05-18 18:00:00+02:00,0.0
2025,CO2/CO/NOx,2025-05-18 19:00:00+02:00,0.0
2025,CO2/CO/NOx,2025-05-18 20:00:00+02:00,0.0
2025,CO2/CO/NOx,2025-05-18 21:00:00+02:00,0.0
2025,CO2/CO/NOx,2025-05-18 22:00:00+02:00,0.0
2025,CO2/CO/NOx,2025-05-18 23:00:00+02:00,0.0
2025,CO2/CO/NOx,2025-05-19 00:00:00+02:00,0.0
2025,CO2/CO/NOx,2025-05-19 01:00:00+02:00,0.0
2025,CO2/CO/NOx,2025-05-19 02:00:00+02:00,0.0
2025,CO2/CO/NOx,2025-05-19 03:00:00+02:00,0.0
2025,CO2/CO/NOx,2025-05-19 04:00:00+02:00,0.0
2025,CO2/CO/NOx,2025-05-19 05:00:00+02:00,0.0
2025,CO2/CO/NOx,2025-05-19 06:00:00+02:00,0.0
2025,CO2/CO/NOx,2025-05-19 07:00:00+02:00,0.0
2025,CO2/CO/NOx,2025-05-19 08:00:00+02:00,0.0
2025,CO2/CO/NOx,2025-05-19 09:00:00+02:00,0.0
2025,CO2/CO/NOx,2025-05-19 10:00:00+02:00,0.0
2025,CO2/CO/NOx,2025-05-19 11:00:00+02:00,0.0
2025,CO2/CO/NOx,2025-05-19 12:00:00+02:00,0.0
2025,CO2/CO/NOx,2025-05-19 13:00:00+02:00,0.0
2025,CO2/CO/NOx,2025-05-19 14:00:00+02:00,0.0
2025,CO2/CO/NOx,2025-05-19 15:00:00+02:00,0.0
2025,CO2/CO/NOx,2025-05-19 16:00:00+02:00,0.0
2025,CO2/CO/NOx,2025-05-19 17:00:00+02:00,0.0
2025,CO2/CO/NOx,2025-05-19 18:00:00+02:00,0.0
2025,CO2/CO/NOx,2025-05-19 19:00:00+02:00,0.0
2025,CO2/CO/NOx,2025-05-19 20:00:00+02:00,0.0
2025,CO2/CO/NOx,2025-05-19 21:00:00+02:00,0.0
2025,CO2/CO/NOx,2025-05-19 22:00:00+02:00,0.0
2025,CO2/CO/NOx,2025-05-19 23:00:00+02:00,0.0
2025,CO2/CO/NOx,2025-05-20 00:00:00+02:00,0.0
2025,CO2/CO/NOx,2025-05-20 01:00:00+02:00,0.0
2025,CO2/CO/NOx,2025-05-20 02:00:00+02:00,0.0
2025,CO2/CO/NOx,2025-05-20 03:00:00+02:00,0.0
2025,CO2/CO/NOx,2025-05-20 04:00:00+02:00,0.0
2025,CO2/CO/NOx,2025-05-20 05:00:00+02:00,0.0
2025,CO2/CO/NOx,2025-05-20 06:00:00+02:00,0.0
2025,CO2/CO/NOx,2025-05-20 07:00:00+02:00,0.0
2025,CO2/CO/NOx,2025-05-20 08:00:00+02:00,0.0
2025,CO2/CO/NOx,2025-05-20 09:00:00+02:00,0.0
2025,CO2/CO/NOx,2025-05-20 10:00:00+02:00,0.0
2025,CO2/CO/NOx,2025-05-20 11:00:00+02:00,0.0
2025,CO2/CO/NOx,2025-05-20 12:00:00+02:00,0.0
2025,CO2/CO/NOx,2025-05-20 13:00:00+02:00,0.0
2025,CO2/CO/NOx,2025-05-20 14:00:00+02:00,0.0
2025,CO2/CO/NOx,2025-05-20 15:00:00+02:00,0.0
2025,CO2/CO/NOx,2025-05-20 16:00:00+02:00,0.0
2025,CO2/CO/NOx,2025-05-20 17:00:00+02:00,0.0
2025,CO2/CO/NOx,2025-05-20 18:00:00+02:00,0.0
2025,CO2/CO/NOx,2025-05-20 19:00:00+02:00,0.0
2025,CO2/CO/NOx,2025-05-20 20:00:00+02:00,0.0
2025,CO2/CO/NOx,2025-05-20 21:00:00+02:00,0.0
2025,CO2/CO/NOx,2025-05-20 22:00:00+02:00,0.0
2025,CO2/CO/NOx,2025-05-20 23:00:00+02:00,0.0
2025,CO2/CO/NOx,2025-05-21 00:00:00+02:00,0.0
2025,CO2/CO/NOx,2025-05-21 01:00:00+02:00,0.0
2025,CO2/CO/NOx,2025-05-21 02:00:00+02:00,0.0
2025,CO2/CO/NOx,2025-05-21 03:00:00+02:00,0.0
2025,CO2/CO/NOx,2025-05-21 04:00:00+02:00,0.0
2025,CO2/CO/NOx,2025-05-21 05:00:00+02:00,0.0
2025,CO2/CO/NOx,2025-05-21 06:00:00+02:00,0.0
2025,CO2/CO/NOx,2025-05-21 07:00:00+02:00,0.0
2025,CO2/CO/NOx,2025-05-21 08:00:00+02:00,0.0
2025,CO2/CO/NOx,2025-05-21 09:00:00+02:00,0.0
2025,CO2/CO/NOx,2025-05-21 10:00:00+02:00,0.0
2025,CO2/CO/NOx,2025-05-21 11:00:00+02:00,0.0
2025,CO2/CO/NOx,2025-05-21 12:00:00+02:00,0.0
2025,CO2/CO/NOx,2025-05-21 13:00:00+02:00,0.0
2025,CO2/CO/NOx,2025-05-21 14:00:00+02:00,0.0
2025,CO2/CO/NOx,2025-05-21 15:00:00+02:00,0.0
2025,CO2/CO/NOx,2025-05-21 16:00:00+02:00,0.0
2025,CO2/CO/NOx,2025-05-21 17:00:00+02:00,0.0
2025,CO2/CO/NOx,2025-05-21 18:00:00+02:00,0.0
2025,CO2/CO/NOx,2025-05-21 19:00:00+02:00,0.0
2025,CO2/CO/NOx,2025-05-21 20:00:00+02:00,0.0
2025,CO2/CO/NOx,2025-05-21 21:00:00+02:00,0.0
2025,CO2/CO/NOx,2025-05-21 22:00:00+02:00,0.0
2025,CO2/CO/NOx,2025-05-21 23:00:00+02:00,0.0
2025,CO2/CO/NOx,2025-05-22 00:00:00+02:00,0.0
2025,CO2/CO/NOx,2025-05-22 01:00:00+02:00,0.0
2025,CO2/CO/NOx,2025-05-22 02:00:00+02:00,0.0
2025,CO2/CO/NOx,2025-05-22 03:00:00+02:00,0.0
2025,CO2/CO/NOx,2025-05-22 04:00:00+02:00,0.0
2025,CO2/CO/NOx,2025-05-22 05:00:00+02:00,0.0
2025,CO2/CO/NOx,2025-05-22 06:00:00+02:00,0.0
2025,CO2/CO/NOx,2025-05-22 07:00:00+02:00,0.0
2025,CO2/CO/NOx,2025-05-22 08:00:00+02:00,0.0
2025,CO2/CO/NOx,2025-05-22 09:00:00+02:00,0.0
2025,CO2/CO/NOx,2025-05-22 10:00:00+02:00,0.0
2025,CO2/CO/NOx,2025-05-22 11:00:00+02:00,0.0
2025,CO2/CO/NOx,2025-05-22 12:00:00+02:00,0.0
2025,CO2/CO/NOx,2025-05-22 13:00:00+02:00,0.0
2025,CO2/CO/NOx,2025-05-22 14:00:00+02:00,0.0
2025,CO2/CO/NOx,2025-05-22 15:00:00+02:00,0.0
2025,CO2/CO/NOx,2025-05-22 16:00:00+02:00,0.0
2025,CO2/CO/NOx,2025-05-22 17:00:00+02:00,0.0
2025,CO2/CO/NOx,2025-05-22 18:00:00+02:00,0.0
2025,CO2/CO/NOx,2025-05-22 19:00:00+02:00,0.0
2025,CO2/CO/NOx,2025-05-22 20:00:00+02:00,0.0
2025,CO2/CO/NOx,2025-05-22 21:00:00+02:00,0.0
2025,CO2/CO/NOx,2025-05-22 22:00:00+02:00,0.0
2025,CO2/CO/NOx,2025-05-22 23:00:00+02:00,0.0
2025,CO2/CO/NOx,2025-05-23 00:00:00+02:00,0.0
2025,CO2/CO/NOx,2025-05-23 01:00:00+02:00,0.0
2025,CO2/CO/NOx,2025-05-23 02:00:00+02:00,0.0
2025,CO2/CO/NOx,2025-05-23 03:00:00+02:00,0.0
2025,CO2/CO/NOx,2025-05-23 04:00:00+02:00,0.0
2025,CO2/CO/NOx,2025-05-23 05:00:00+02:00,0.0
2025,CO2/CO/NOx,2025-05-23 06:00:00+02:00,0.0
2025,CO2/CO/NOx,2025-05-23 07:00:00+02:00,0.0
2025,CO2/CO/NOx,2025-05-23 08:00:00+02:00,0.0
2025,CO2/CO/NOx,2025-05-23 09:00:00+02:00,0.0
2025,CO2/CO/NOx,2025-05-23 10:00:00+02:00,0.0
2025,CO2/CO/NOx,2025-05-23 11:00:00+02:00,0.0
2025,CO2/CO/NOx,2025-05-23 12:00:00+02:00,0.0
2025,CO2/CO/NOx,2025-05-23 13:00:00+02:00,0.0
2025,CO2/CO/NOx,2025-05-23 14:00:00+02:00,0.0
2025,CO2/CO/NOx,2025-05-23 15:00:00+02:00,0.0
2025,CO2/CO/NOx,2025-05-23 16:00:00+02:00,0.0
2025,CO2/CO/NOx,2025-05-23 17:00:00+02:00,0.0
2025,CO2/CO/NOx,2025-05-23 18:00:00+02:00,0.0
2025,CO2/CO/NOx,2025-05-23 19:00:00+02:00,0.0
2025,CO2/CO/NOx,2025-05-23 20:00:00+02:00,0.0
2025,CO2/CO/NOx,2025-05-23 21:00:00+02:00,0.0
2025,CO2/CO/NOx,2025-05-23 22:00:00+02:00,0.0
2025,CO2/CO/NOx,2025-05-23 23:00:00+02:00,0.0
2025,CO2/CO/NOx,2025-05-24 00:00:00+02:00,0.0
2025,CO2/CO/NOx,2025-05-24 01:00:00+02:00,0.0
2025,CO2/CO/NOx,2025-05-24 02:00:00+02:00,0.0
2025,CO2/CO/NOx,2025-05-24 03:00:00+02:00,0.0
2025,CO2/CO/NOx,2025-05-24 04:00:00+02:00,0.0
2025,CO2/CO/NOx,2025-05-24 05:00:00+02:00,0.0
2025,CO2/CO/NOx,2025-05-24 06:00:00+02:00,0.0
2025,CO2/CO/NOx,2025-05-24 07:00:00+02:00,0.0
2025,CO2/CO/NOx,2025-05-24 08:00:00+02:00,0.0
2025,CO2/CO/NOx,2025-05-24 09:00:00+02:00,0.0
2025,CO2/CO/NOx,2025-05-24 10:00:00+02:00,0.0
2025,CO2/CO/NOx,2025-05-24 11:00:00+02:00,0.0
2025,CO2/CO/NOx,2025-05-24 12:00:00+02:00,0.0
2025,CO2/CO/NOx,2025-05-24 13:00:00+02:00,0.0
2025,CO2/CO/NOx,2025-05-24 14:00:00+02:00,0.0
2025,CO2/CO/NOx,2025-05-24 15:00:00+02:00,0.0
2025,CO2/CO/NOx,2025-05-24 16:00:00+02:00,0.0
2025,CO2/CO/NOx,2025-05-24 17:00:00+02:00,0.0
2025,CO2/CO/NOx,2025-05-24 18:00:00+02:00,0.0
2025,CO2/CO/NOx,2025-05-24 19:00:00+02:00,0.0
2025,CO2/CO/NOx,2025-05-24 20:00:00+02:00,0.0
2025,CO2/CO/NOx,2025-05-24 21:00:00+02:00,0.0
2025,CO2/CO/NOx,2025-05-24 22:00:00+02:00,0.0
2025,CO2/CO/NOx,2025-05-24 23:00:00+02:00,0.0
2025,CO2/CO/NOx,2025-05-25 00:00:00+02:00,0.0
2025,CO2/CO/NOx,2025-05-25 01:00:00+02:00,0.0
2025,CO2/CO/NOx,2025-05-25 02:00:00+02:00,0.0
2025,CO2/CO/NOx,2025-05-25 03:00:00+02:00,0.0
2025,CO2/CO/NOx,2025-05-25 04:00:00+02:00,0.0
2025,CO2/CO/NOx,2025-05-25 05:00:00+02:00,0.0
2025,CO2/CO/NOx,2025-05-25 06:00:00+02:00,0.0
2025,CO2/CO/NOx,2025-05-25 07:00:00+02:00,0.0
2025,CO2/CO/NOx,2025-05-25 08:00:00+02:00,0.0
2025,CO2/CO/NOx,2025-05-25 09:00:00+02:00,0.0
2025,CO2/CO/NOx,2025-05-25 10:00:00+02:00,0.0
2025,CO2/CO/NOx,2025-05-25 11:00:00+02:00,0.0
2025,CO2/CO/NOx,2025-05-25 12:00:00+02:00,0.0
2025,CO2/CO/NOx,2025-05-25 13:00:00+02:00,0.0
2025,CO2/CO/NOx,2025-05-25 14:00:00+02:00,0.0
2025,CO2/CO/NOx,2025-05-25 15:00:00+02:00,0.0
2025,CO2/CO/NOx,2025-05-25 16:00:00+02:00,0.0
2025,CO2/CO/NOx,2025-05-25 17:00:00+02:00,0.0
2025,CO2/CO/NOx,2025-05-25 18:00:00+02:00,0.0
2025,CO2/CO/NOx,2025-05-25 19:00:00+02:00,0.0
2025,CO2/CO/NOx,2025-05-25 20:00:00+02:00,0.0
2025,CO2/CO/NOx,2025-05-25 21:00:00+02:00,0.0
2025,CO2/CO/NOx,2025-05-25 22:00:00+02:00,0.0
2025,CO2/CO/NOx,2025-05-25 23:00:00+02:00,0.0
2025,CO2/CO/NOx,2025-05-26 00:00:00+02:00,0.0
2025,CO2/CO/NOx,2025-05-26 01:00:00+02:00,0.0
2025,CO2/CO/NOx,2025-05-26 02:00:00+02:00,0.0
2025,CO2/CO/NOx,2025-05-26 03:00:00+02:00,0.0
2025,CO2/CO/NOx,2025-05-26 04:00:00+02:00,0.0
2025,CO2/CO/NOx,2025-05-26 05:00:00+02:00,0.0
2025,CO2/CO/NOx,2025-05-26 06:00:00+02:00,0.0
2025,CO2/CO/NOx,2025-05-26 07:00:00+02:00,0.0
2025,CO2/CO/NOx,2025-05-26 08:00:00+02:00,0.0
2025,CO2/CO/NOx,2025-05-26 09:00:00+02:00,0.0
2025,CO2/CO/NOx,2025-05-26 10:00:00+02:00,0.0
2025,CO2/CO/NOx,2025-05-26 11:00:00+02:00,0.0
2025,CO2/CO/NOx,2025-05-26 12:00:00+02:00,0.0
2025,CO2/CO/NOx,2025-05-26 13:00:00+02:00,0.0
2025,CO2/CO/NOx,2025-05-26 14:00:00+02:00,0.0
2025,CO2/CO/NOx,2025-05-26 15:00:00+02:00,0.0
2025,CO2/CO/NOx,2025-05-26 16:00:00+02:00,0.0
2025,CO2/CO/NOx,2025-05-26 17:00:00+02:00,0.0
2025,CO2/CO/NOx,2025-05-26 18:00:00+02:00,0.0
2025,CO2/CO/NOx,2025-05-26 19:00:00+02:00,0.0
2025,CO2/CO/NOx,2025-05-26 20:00:00+02:00,0.0
2025,CO2/CO/NOx,2025-05-26 21:00:00+02:00,0.0
2025,CO2/CO/NOx,2025-05-26 22:00:00+02:00,0.0
2025,CO2/CO/NOx,2025-05-26 23:00:00+02:00,0.0
2025,CO2/CO/NOx,2025-05-27 00:00:00+02:00,0.0
2025,CO2/CO/NOx,2025-05-27 01:00:00+02:00,0.0
2025,CO2/CO/NOx,2025-05-27 02:00:00+02:00,0.0
2025,CO2/CO/NOx,2025-05-27 03:00:00+02:00,0.0
2025,CO2/CO/NOx,2025-05-27 04:00:00+02:00,0.0
2025,CO2/CO/NOx,2025-05-27 05:00:00+02:00,0.0
2025,CO2/CO/NOx,2025-05-27 06:00:00+02:00,0.0
2025,CO2/CO/NOx,2025-05-27 07:00:00+02:00,0.0
2025,CO2/CO/NOx,2025-05-27 08:00:00+02:00,0.0
2025,CO2/CO/NOx,2025-05-27 09:00:00+02:00,0.0
2025,CO2/CO/NOx,2025-05-27 10:00:00+02:00,0.0
2025,CO2/CO/NOx,2025-05-27 11:00:00+02:00,0.0
2025,CO2/CO/NOx,2025-05-27 12:00:00+02:00,0.0
2025,CO2/CO/NOx,2025-05-27 13:00:00+02:00,0.0
2025,CO2/CO/NOx,2025-05-27 14:00:00+02:00,0.0
2025,CO2/CO/NOx,2025-05-27 15:00:00+02:00,0.0
2025,CO2/CO/NOx,2025-05-27 16:00:00+02:00,0.0
2025,CO2/CO/NOx,2025-05-27 17:00:00+02:00,0.0
2025,CO2/CO/NOx,2025-05-27 18:00:00+02:00,0.0
2025,CO2/CO/NOx,2025-05-27 19:00:00+02:00,0.0
2025,CO2/CO/NOx,2025-05-27 20:00:00+02:00,0.0
2025,CO2/CO/NOx,2025-05-27 21:00:00+02:00,0.0
2025,CO2/CO/NOx,2025-05-27 22:00:00+02:00,0.0
2025,CO2/CO/NOx,2025-05-27 23:00:00+02:00,0.0
2025,CO2/CO/NOx,2025-05-28 00:00:00+02:00,0.0
2025,CO2/CO/NOx,2025-05-28 01:00:00+02:00,0.0
2025,CO2/CO/NOx,2025-05-28 02:00:00+02:00,0.0
2025,CO2/CO/NOx,2025-05-28 03:00:00+02:00,0.0
2025,CO2/CO/NOx,2025-05-28 04:00:00+02:00,0.0
2025,CO2/CO/NOx,2025-05-28 05:00:00+02:00,0.0
2025,CO2/CO/NOx,2025-05-28 06:00:00+02:00,0.0
2025,CO2/CO/NOx,2025-05-28 07:00:00+02:00,0.0
2025,CO2/CO/NOx,2025-05-28 08:00:00+02:00,0.0
2025,CO2/CO/NOx,2025-05-28 09:00:00+02:00,0.0
2025,CO2/CO/NOx,2025-05-28 10:00:00+02:00,0.0
2025,CO2/CO/NOx,2025-05-28 11:00:00+02:00,0.0
2025,CO2/CO/NOx,2025-05-28 12:00:00+02:00,0.0
2025,CO2/CO/NOx,2025-05-28 13:00:00+02:00,0.0
2025,CO2/CO/NOx,2025-05-28 14:00:00+02:00,0.0
2025,CO2/CO/NOx,2025-05-28 15:00:00+02:00,0.0
2025,CO2/CO/NOx,2025-05-28 16:00:00+02:00,0.0
2025,CO2/CO/NOx,2025-05-28 17:00:00+02:00,0.0
2025,CO2/CO/NOx,2025-05-28 18:00:00+02:00,0.0
2025,CO2/CO/NOx,2025-05-28 19:00:00+02:00,0.0
2025,CO2/CO/NOx,2025-05-28 20:00:00+02:00,0.0
2025,CO2/CO/NOx,2025-05-28 21:00:00+02:00,0.0
2025,CO2/CO/NOx,2025-05-28 22:00:00+02:00,0.0
2025,CO2/CO/NOx,2025-05-28 23:00:00+02:00,0.0
2025,CO2/CO/NOx,2025-05-29 00:00:00+02:00,0.0
2025,CO2/CO/NOx,2025-05-29 01:00:00+02:00,0.0
2025,CO2/CO/NOx,2025-05-29 02:00:00+02:00,0.0
2025,CO2/CO/NOx,2025-05-29 03:00:00+02:00,0.0
2025,CO2/CO/NOx,2025-05-29 04:00:00+02:00,0.0
2025,CO2/CO/NOx,2025-05-29 05:00:00+02:00,0.0
2025,CO2/CO/NOx,2025-05-29 06:00:00+02:00,0.0
2025,CO2/CO/NOx,2025-05-29 07:00:00+02:00,0.0
2025,CO2/CO/NOx,2025-05-29 08:00:00+02:00,0.0
2025,CO2/CO/NOx,2025-05-29 09:00:00+02:00,0.0
2025,CO2/CO/NOx,2025-05-29 10:00:00+02:00,0.0
2025,CO2/CO/NOx,2025-05-29 11:00:00+02:00,0.0
2025,CO2/CO/NOx,2025-05-29 12:00:00+02:00,0.0
2025,CO2/CO/NOx,2025-05-29 13:00:00+02:00,0.0
2025,CO2/CO/NOx,2025-05-29 14:00:00+02:00,0.0
2025,CO2/CO/NOx,2025-05-29 15:00:00+02:00,0.0
2025,CO2/CO/NOx,2025-05-29 16:00:00+02:00,0.0
2025,CO2/CO/NOx,2025-05-29 17:00:00+02:00,0.0
2025,CO2/CO/NOx,2025-05-29 18:00:00+02:00,0.0
2025,CO2/CO/NOx,2025-05-29 19:00:00+02:00,0.0
2025,CO2/CO/NOx,2025-05-29 20:00:00+02:00,0.0
2025,CO2/CO/NOx,2025-05-29 21:00:00+02:00,0.0
2025,CO2/CO/NOx,2025-05-29 22:00:00+02:00,0.0
2025,CO2/CO/NOx,2025-05-29 23:00:00+02:00,0.0
2025,CO2/CO/NOx,2025-05-30 00:00:00+02:00,0.0
2025,CO2/CO/NOx,2025-05-30 01:00:00+02:00,0.0
2025,CO2/CO/NOx,2025-05-30 02:00:00+02:00,0.0
2025,CO2/CO/NOx,2025-05-30 03:00:00+02:00,0.0
2025,CO2/CO/NOx,2025-05-30 04:00:00+02:00,0.0
2025,CO2/CO/NOx,2025-05-30 05:00:00+02:00,0.0
2025,CO2/CO/NOx,2025-05-30 06:00:00+02:00,0.0
2025,CO2/CO/NOx,2025-05-30 07:00:00+02:00,0.0
2025,CO2/CO/NOx,2025-05-30 08:00:00+02:00,0.0
2025,CO2/CO/NOx,2025-05-30 09:00:00+02:00,0.0
2025,CO2/CO/NOx,2025-05-30 10:00:00+02:00,0.0
2025,CO2/CO/NOx,2025-05-30 11:00:00+02:00,0.0
2025,CO2/CO/NOx,2025-05-30 12:00:00+02:00,0.0
2025,CO2/CO/NOx,2025-05-30 13:00:00+02:00,0.0
2025,CO2/CO/NOx,2025-05-30 14:00:00+02:00,0.0
2025,CO2/CO/NOx,2025-05-30 15:00:00+02:00,0.0
2025,CO2/CO/NOx,2025-05-30 16:00:00+02:00,0.0
2025,CO2/CO/NOx,2025-05-30 17:00:00+02:00,0.0
2025,CO2/CO/NOx,2025-05-30 18:00:00+02:00,0.0
2025,CO2/CO/NOx,2025-05-30 19:00:00+02:00,0.0
2025,CO2/CO/NOx,2025-05-30 20:00:00+02:00,0.0
2025,CO2/CO/NOx,2025-05-30 21:00:00+02:00,0.0
2025,CO2/CO/NOx,2025-05-30 22:00:00+02:00,0.0
2025,CO2/CO/NOx,2025-05-30 23:00:00+02:00,0.0
2025,CO2/CO/NOx,2025-05-31 00:00:00+02:00,0.0
2025,CO2/CO/NOx,2025-05-31 01:00:00+02:00,0.0
2025,CO2/CO/NOx,2025-05-31 02:00:00+02:00,0.0
2025,CO2/CO/NOx,2025-05-31 03:00:00+02:00,0.0
2025,CO2/CO/NOx,2025-05-31 04:00:00+02:00,0.0
2025,CO2/CO/NOx,2025-05-31 05:00:00+02:00,0.0
2025,CO2/CO/NOx,2025-05-31 06:00:00+02:00,0.0
2025,CO2/CO/NOx,2025-05-31 07:00:00+02:00,0.0
2025,CO2/CO/NOx,2025-05-31 08:00:00+02:00,0.0
2025,CO2/CO/NOx,2025-05-31 09:00:00+02:00,0.0
2025,CO2/CO/NOx,2025-05-31 10:00:00+02:00,0.0
2025,CO2/CO/NOx,2025-05-31 11:00:00+02:00,0.0
2025,CO2/CO/NOx,2025-05-31 12:00:00+02:00,0.0
2025,CO2/CO/NOx,2025-05-31 13:00:00+02:00,0.0
2025,CO2/CO/NOx,2025-05-31 14:00:00+02:00,0.0
2025,CO2/CO/NOx,2025-05-31 15:00:00+02:00,0.0
2025,CO2/CO/NOx,2025-05-31 16:00:00+02:00,0.0
2025,CO2/CO/NOx,2025-05-31 17:00:00+02:00,0.0
2025,CO2/CO/NOx,2025-05-31 18:00:00+02:00,0.0
2025,CO2/CO/NOx,2025-05-31 19:00:00+02:00,0.0
2025,CO2/CO/NOx,2025-05-31 20:00:00+02:00,0.0
2025,CO2/CO/NOx,2025-05-31 21:00:00+02:00,0.0
2025,CO2/CO/NOx,2025-05-31 22:00:00+02:00,0.0
2025,CO2/CO/NOx,2025-05-31 23:00:00+02:00,0.0
2025,CO2/CO/NOx,2025-06-01 00:00:00+02:00,0.0
2025,CO2/CO/NOx,2025-06-01 01:00:00+02:00,0.0
2025,CO2/CO/NOx,2025-06-01 02:00:00+02:00,0.0
2025,CO2/CO/NOx,2025-06-01 03:00:00+02:00,0.0
2025,CO2/CO/NOx,2025-06-01 04:00:00+02:00,0.0
2025,CO2/CO/NOx,2025-06-01 05:00:00+02:00,0.0
2025,CO2/CO/NOx,2025-06-01 06:00:00+02:00,0.0
2025,CO2/CO/NOx,2025-06-01 07:00:00+02:00,0.0
2025,CO2/CO/NOx,2025-06-01 08:00:00+02:00,0.0
2025,CO2/CO/NOx,2025-06-01 09:00:00+02:00,0.0
2025,CO2/CO/NOx,2025-06-01 10:00:00+02:00,0.0
2025,CO2/CO/NOx,2025-06-01 11:00:00+02:00,0.0
2025,CO2/CO/NOx,2025-06-01 12:00:00+02:00,0.0
2025,CO2/CO/NOx,2025-06-01 13:00:00+02:00,0.0
2025,CO2/CO/NOx,2025-06-01 14:00:00+02:00,0.0
2025,CO2/CO/NOx,2025-06-01 15:00:00+02:00,0.0
2025,CO2/CO/NOx,2025-06-01 16:00:00+02:00,0.0
2025,CO2/CO/NOx,2025-06-01 17:00:00+02:00,0.0
2025,CO2/CO/NOx,2025-06-01 18:00:00+02:00,0.0
2025,CO2/CO/NOx,2025-06-01 19:00:00+02:00,0.0
2025,CO2/CO/NOx,2025-06-01 20:00:00+02:00,0.0
2025,CO2/CO/NOx,2025-06-01 21:00:00+02:00,0.0
2025,CO2/CO/NOx,2025-06-01 22:00:00+02:00,0.0
2025,CO2/CO/NOx,2025-06-01 23:00:00+02:00,0.0
2025,CO2/CO/NOx,2025-06-02 00:00:00+02:00,0.0
2025,CO2/CO/NOx,2025-06-02 01:00:00+02:00,0.0
2025,CO2/CO/NOx,2025-06-02 02:00:00+02:00,0.0
2025,CO2/CO/NOx,2025-06-02 03:00:00+02:00,0.0
2025,CO2/CO/NOx,2025-06-02 04:00:00+02:00,0.0
2025,CO2/CO/NOx,2025-06-02 05:00:00+02:00,0.0
2025,CO2/CO/NOx,2025-06-02 06:00:00+02:00,0.0
2025,CO2/CO/NOx,2025-06-02 07:00:00+02:00,0.0
2025,CO2/CO/NOx,2025-06-02 08:00:00+02:00,0.0
2025,CO2/CO/NOx,2025-06-02 09:00:00+02:00,0.0
2025,CO2/CO/NOx,2025-06-02 10:00:00+02:00,0.0
2025,CO2/CO/NOx,2025-06-02 11:00:00+02:00,0.0
2025,CO2/CO/NOx,2025-06-02 12:00:00+02:00,0.0
2025,CO2/CO/NOx,2025-06-02 13:00:00+02:00,0.0
2025,CO2/CO/NOx,2025-06-02 14:00:00+02:00,0.0
2025,CO2/CO/NOx,2025-06-02 15:00:00+02:00,0.0
2025,CO2/CO/NOx,2025-06-02 16:00:00+02:00,0.0
2025,CO2/CO/NOx,2025-06-02 17:00:00+02:00,0.0
2025,CO2/CO/NOx,2025-06-02 18:00:00+02:00,0.0
2025,CO2/CO/NOx,2025-06-02 19:00:00+02:00,0.0
2025,CO2/CO/NOx,2025-06-02 20:00:00+02:00,0.0
2025,CO2/CO/NOx,2025-06-02 21:00:00+02:00,0.0
2025,CO2/CO/NOx,2025-06-02 22:00:00+02:00,0.0
2025,CO2/CO/NOx,2025-06-02 23:00:00+02:00,0.0
2025,CO2/CO/NOx,2025-06-03 00:00:00+02:00,0.0
2025,CO2/CO/NOx,2025-06-03 01:00:00+02:00,0.0
2025,CO2/CO/NOx,2025-06-03 02:00:00+02:00,0.0
2025,CO2/CO/NOx,2025-06-03 03:00:00+02:00,0.0
2025,CO2/CO/NOx,2025-06-03 04:00:00+02:00,0.0
2025,CO2/CO/NOx,2025-06-03 05:00:00+02:00,0.0
2025,CO2/CO/NOx,2025-06-03 06:00:00+02:00,0.0
2025,CO2/CO/NOx,2025-06-03 07:00:00+02:00,0.0
2025,CO2/CO/NOx,2025-06-03 08:00:00+02:00,0.0
2025,CO2/CO/NOx,2025-06-03 09:00:00+02:00,0.0
2025,CO2/CO/NOx,2025-06-03 10:00:00+02:00,0.0
2025,CO2/CO/NOx,2025-06-03 11:00:00+02:00,0.0
2025,CO2/CO/NOx,2025-06-03 12:00:00+02:00,0.0
2025,CO2/CO/NOx,2025-06-03 13:00:00+02:00,0.0
2025,CO2/CO/NOx,2025-06-03 14:00:00+02:00,0.0
2025,CO2/CO/NOx,2025-06-03 15:00:00+02:00,0.0
2025,CO2/CO/NOx,2025-06-03 16:00:00+02:00,0.0
2025,CO2/CO/NOx,2025-06-03 17:00:00+02:00,0.0
2025,CO2/CO/NOx,2025-06-03 18:00:00+02:00,0.0
2025,CO2/CO/NOx,2025-06-03 19:00:00+02:00,0.0
2025,CO2/CO/NOx,2025-06-03 20:00:00+02:00,0.0
2025,CO2/CO/NOx,2025-06-03 21:00:00+02:00,0.0
2025,CO2/CO/NOx,2025-06-03 22:00:00+02:00,0.0
2025,CO2/CO/NOx,2025-06-03 23:00:00+02:00,0.0
2025,CO2/CO/NOx,2025-06-04 00:00:00+02:00,0.0
2025,CO2/CO/NOx,2025-06-04 01:00:00+02:00,0.0
2025,CO2/CO/NOx,2025-06-04 02:00:00+02:00,0.0
2025,CO2/CO/NOx,2025-06-04 03:00:00+02:00,0.0
2025,CO2/CO/NOx,2025-06-04 04:00:00+02:00,0.0
2025,CO2/CO/NOx,2025-06-04 05:00:00+02:00,0.0
2025,CO2/CO/NOx,2025-06-04 06:00:00+02:00,0.0
2025,CO2/CO/NOx,2025-06-04 07:00:00+02:00,0.0
2025,CO2/CO/NOx,2025-06-04 08:00:00+02:00,0.0
2025,CO2/CO/NOx,2025-06-04 09:00:00+02:00,0.0
2025,CO2/CO/NOx,2025-06-04 10:00:00+02:00,0.0
2025,CO2/CO/NOx,2025-06-04 11:00:00+02:00,0.0
2025,CO2/CO/NOx,2025-06-04 12:00:00+02:00,0.0
2025,CO2/CO/NOx,2025-06-04 13:00:00+02:00,0.0
2025,CO2/CO/NOx,2025-06-04 14:00:00+02:00,0.0
2025,CO2/CO/NOx,2025-06-04 15:00:00+02:00,0.0
2025,CO2/CO/NOx,2025-06-04 16:00:00+02:00,0.0
2025,CO2/CO/NOx,2025-06-04 17:00:00+02:00,0.0
2025,CO2/CO/NOx,2025-06-04 18:00:00+02:00,0.0
2025,CO2/CO/NOx,2025-06-04 19:00:00+02:00,0.0
2025,CO2/CO/NOx,2025-06-04 20:00:00+02:00,0.0
2025,CO2/CO/NOx,2025-06-04 21:00:00+02:00,0.0
2025,CO2/CO/NOx,2025-06-04 22:00:00+02:00,0.0
2025,CO2/CO/NOx,2025-06-04 23:00:00+02:00,0.0
2025,CO2/CO/NOx,2025-06-05 00:00:00+02:00,0.0
2025,CO2/CO/NOx,2025-06-05 01:00:00+02:00,0.0
2025,CO2/CO/NOx,2025-06-05 02:00:00+02:00,0.0
2025,CO2/CO/NOx,2025-06-05 03:00:00+02:00,0.0
2025,CO2/CO/NOx,2025-06-05 04:00:00+02:00,0.0
2025,CO2/CO/NOx,2025-06-05 05:00:00+02:00,0.0
2025,CO2/CO/NOx,2025-06-05 06:00:00+02:00,0.0
2025,CO2/CO/NOx,2025-06-05 07:00:00+02:00,0.0
2025,CO2/CO/NOx,2025-06-05 08:00:00+02:00,0.0
2025,CO2/CO/NOx,2025-06-05 09:00:00+02:00,0.0
2025,CO2/CO/NOx,2025-06-05 10:00:00+02:00,0.0
2025,CO2/CO/NOx,2025-06-05 11:00:00+02:00,0.0
2025,CO2/CO/NOx,2025-06-05 12:00:00+02:00,0.0
2025,CO2/CO/NOx,2025-06-05 13:00:00+02:00,0.0
2025,CO2/CO/NOx,2025-06-05 14:00:00+02:00,0.0
2025,CO2/CO/NOx,2025-06-05 15:00:00+02:00,0.0
2025,CO2/CO/NOx,2025-06-05 16:00:00+02:00,0.0
2025,CO2/CO/NOx,2025-06-05 17:00:00+02:00,0.0
2025,CO2/CO/NOx,2025-06-05 18:00:00+02:00,0.0
2025,CO2/CO/NOx,2025-06-05 19:00:00+02:00,0.0
2025,CO2/CO/NOx,2025-06-05 20:00:00+02:00,0.0
2025,CO2/CO/NOx,2025-06-05 21:00:00+02:00,0.0
2025,CO2/CO/NOx,2025-06-05 22:00:00+02:00,0.0
2025,CO2/CO/NOx,2025-06-05 23:00:00+02:00,0.0
2025,CO2/CO/NOx,2025-06-06 00:00:00+02:00,0.0
2025,CO2/CO/NOx,2025-06-06 01:00:00+02:00,0.0
2025,CO2/CO/NOx,2025-06-06 02:00:00+02:00,0.0
2025,CO2/CO/NOx,2025-06-06 03:00:00+02:00,0.0
2025,CO2/CO/NOx,2025-06-06 04:00:00+02:00,0.0
2025,CO2/CO/NOx,2025-06-06 05:00:00+02:00,0.0
2025,CO2/CO/NOx,2025-06-06 06:00:00+02:00,0.0
2025,CO2/CO/NOx,2025-06-06 07:00:00+02:00,0.0
2025,CO2/CO/NOx,2025-06-06 08:00:00+02:00,0.0
2025,CO2/CO/NOx,2025-06-06 09:00:00+02:00,0.0
2025,CO2/CO/NOx,2025-06-06 10:00:00+02:00,0.0
2025,CO2/CO/NOx,2025-06-06 11:00:00+02:00,0.0
2025,CO2/CO/NOx,2025-06-06 12:00:00+02:00,0.0
2025,CO2/CO/NOx,2025-06-06 13:00:00+02:00,0.0
2025,CO2/CO/NOx,2025-06-06 14:00:00+02:00,0.0
2025,CO2/CO/NOx,2025-06-06 15:00:00+02:00,0.0
2025,CO2/CO/NOx,2025-06-06 16:00:00+02:00,0.0
2025,CO2/CO/NOx,2025-06-06 17:00:00+02:00,0.0
2025,CO2/CO/NOx,2025-06-06 18:00:00+02:00,0.0
2025,CO2/CO/NOx,2025-06-06 19:00:00+02:00,0.0
2025,CO2/CO/NOx,2025-06-06 20:00:00+02:00,0.0
2025,CO2/CO/NOx,2025-06-06 21:00:00+02:00,0.0
2025,CO2/CO/NOx,2025-06-06 22:00:00+02:00,0.0
2025,CO2/CO/NOx,2025-06-06 23:00:00+02:00,0.0
2025,CO2/CO/NOx,2025-06-07 00:00:00+02:00,0.0
2025,CO2/CO/NOx,2025-06-07 01:00:00+02:00,0.0
2025,CO2/CO/NOx,2025-06-07 02:00:00+02:00,0.0
2025,CO2/CO/NOx,2025-06-07 03:00:00+02:00,0.0
2025,CO2/CO/NOx,2025-06-07 04:00:00+02:00,0.0
2025,CO2/CO/NOx,2025-06-07 05:00:00+02:00,0.0
2025,CO2/CO/NOx,2025-06-07 06:00:00+02:00,0.0
2025,CO2/CO/NOx,2025-06-07 07:00:00+02:00,0.0
2025,CO2/CO/NOx,2025-06-07 08:00:00+02:00,0.0
2025,CO2/CO/NOx,2025-06-07 09:00:00+02:00,0.0
2025,CO2/CO/NOx,2025-06-07 10:00:00+02:00,0.0
2025,CO2/CO/NOx,2025-06-07 11:00:00+02:00,0.0
2025,CO2/CO/NOx,2025-06-07 12:00:00+02:00,0.0
2025,CO2/CO/NOx,2025-06-07 13:00:00+02:00,0.0
2025,CO2/CO/NOx,2025-06-07 14:00:00+02:00,0.0
2025,CO2/CO/NOx,2025-06-07 15:00:00+02:00,0.0
2025,CO2/CO/NOx,2025-06-07 16:00:00+02:00,0.0
2025,CO2/CO/NOx,2025-06-07 17:00:00+02:00,0.0
2025,CO2/CO/NOx,2025-06-07 18:00:00+02:00,0.0
2025,CO2/CO/NOx,2025-06-07 19:00:00+02:00,0.0
2025,CO2/CO/NOx,2025-06-07 20:00:00+02:00,0.0
2025,CO2/CO/NOx,2025-06-07 21:00:00+02:00,0.0
2025,CO2/CO/NOx,2025-06-07 22:00:00+02:00,0.0
2025,CO2/CO/NOx,2025-06-07 23:00:00+02:00,0.0
2025,CO2/CO/NOx,2025-06-08 00:00:00+02:00,0.0
2025,CO2/CO/NOx,2025-06-08 01:00:00+02:00,0.0
2025,CO2/CO/NOx,2025-06-08 02:00:00+02:00,0.0
2025,CO2/CO/NOx,2025-06-08 03:00:00+02:00,0.0
2025,CO2/CO/NOx,2025-06-08 04:00:00+02:00,0.0
2025,CO2/CO/NOx,2025-06-08 05:00:00+02:00,0.0
2025,CO2/CO/NOx,2025-06-08 06:00:00+02:00,0.0
2025,CO2/CO/NOx,2025-06-08 07:00:00+02:00,0.0
2025,CO2/CO/NOx,2025-06-08 08:00:00+02:00,0.0
2025,CO2/CO/NOx,2025-06-08 09:00:00+02:00,0.0
2025,CO2/CO/NOx,2025-06-08 10:00:00+02:00,0.0
2025,CO2/CO/NOx,2025-06-08 11:00:00+02:00,0.0
2025,CO2/CO/NOx,2025-06-08 12:00:00+02:00,0.0
2025,CO2/CO/NOx,2025-06-08 13:00:00+02:00,0.0
2025,CO2/CO/NOx,2025-06-08 14:00:00+02:00,0.0
2025,CO2/CO/NOx,2025-06-08 15:00:00+02:00,0.0
2025,CO2/CO/NOx,2025-06-08 16:00:00+02:00,0.0
2025,CO2/CO/NOx,2025-06-08 17:00:00+02:00,0.0
2025,CO2/CO/NOx,2025-06-08 18:00:00+02:00,0.0
2025,CO2/CO/NOx,2025-06-08 19:00:00+02:00,0.0
2025,CO2/CO/NOx,2025-06-08 20:00:00+02:00,0.0
2025,CO2/CO/NOx,2025-06-08 21:00:00+02:00,0.0
2025,CO2/CO/NOx,2025-06-08 22:00:00+02:00,0.0
2025,CO2/CO/NOx,2025-06-08 23:00:00+02:00,0.0
2025,CO2/CO/NOx,2025-06-09 00:00:00+02:00,0.0
2025,CO2/CO/NOx,2025-06-09 01:00:00+02:00,0.0
2025,CO2/CO/NOx,2025-06-09 02:00:00+02:00,0.0
2025,CO2/CO/NOx,2025-06-09 03:00:00+02:00,0.0
2025,CO2/CO/NOx,2025-06-09 04:00:00+02:00,0.0
2025,CO2/CO/NOx,2025-06-09 05:00:00+02:00,0.0
2025,CO2/CO/NOx,2025-06-09 06:00:00+02:00,0.0
2025,CO2/CO/NOx,2025-06-09 07:00:00+02:00,0.0
2025,CO2/CO/NOx,2025-06-09 08:00:00+02:00,0.0
2025,CO2/CO/NOx,2025-06-09 09:00:00+02:00,0.0
2025,CO2/CO/NOx,2025-06-09 10:00:00+02:00,0.0
2025,CO2/CO/NOx,2025-06-09 11:00:00+02:00,0.0
2025,CO2/CO/NOx,2025-06-09 12:00:00+02:00,0.0
2025,CO2/CO/NOx,2025-06-09 13:00:00+02:00,0.0
2025,CO2/CO/NOx,2025-06-09 14:00:00+02:00,0.0
2025,CO2/CO/NOx,2025-06-09 15:00:00+02:00,0.0
2025,CO2/CO/NOx,2025-06-09 16:00:00+02:00,0.0
2025,CO2/CO/NOx,2025-06-09 17:00:00+02:00,0.0
2025,CO2/CO/NOx,2025-06-09 18:00:00+02:00,0.0
2025,CO2/CO/NOx,2025-06-09 19:00:00+02:00,0.0
2025,CO2/CO/NOx,2025-06-09 20:00:00+02:00,0.0
2025,CO2/CO/NOx,2025-06-09 21:00:00+02:00,0.0
2025,CO2/CO/NOx,2025-06-09 22:00:00+02:00,0.0
2025,CO2/CO/NOx,2025-06-09 23:00:00+02:00,0.0
2025,CO2/CO/NOx,2025-06-10 00:00:00+02:00,0.0
2025,CO2/CO/NOx,2025-06-10 01:00:00+02:00,0.0
2025,CO2/CO/NOx,2025-06-10 02:00:00+02:00,0.0
2025,CO2/CO/NOx,2025-06-10 03:00:00+02:00,0.0
2025,CO2/CO/NOx,2025-06-10 04:00:00+02:00,0.0
2025,CO2/CO/NOx,2025-06-10 05:00:00+02:00,0.0
2025,CO2/CO/NOx,2025-06-10 06:00:00+02:00,0.0
2025,CO2/CO/NOx,2025-06-10 07:00:00+02:00,0.0
2025,CO2/CO/NOx,2025-06-10 08:00:00+02:00,0.0
2025,CO2/CO/NOx,2025-06-10 09:00:00+02:00,0.0
2025,CO2/CO/NOx,2025-06-10 10:00:00+02:00,0.0
2025,CO2/CO/NOx,2025-06-10 11:00:00+02:00,0.0
2025,CO2/CO/NOx,2025-06-10 12:00:00+02:00,0.0
2025,CO2/CO/NOx,2025-06-10 13:00:00+02:00,0.0
2025,CO2/CO/NOx,2025-06-10 14:00:00+02:00,0.0
2025,CO2/CO/NOx,2025-06-10 15:00:00+02:00,0.0
2025,CO2/CO/NOx,2025-06-10 16:00:00+02:00,0.0
2025,CO2/CO/NOx,2025-06-10 17:00:00+02:00,0.0
2025,CO2/CO/NOx,2025-06-10 18:00:00+02:00,0.0
2025,CO2/CO/NOx,2025-06-10 19:00:00+02:00,0.0
2025,CO2/CO/NOx,2025-06-10 20:00:00+02:00,0.0
2025,CO2/CO/NOx,2025-06-10 21:00:00+02:00,0.0
2025,CO2/CO/NOx,2025-06-10 22:00:00+02:00,0.0
2025,CO2/CO/NOx,2025-06-10 23:00:00+02:00,0.0
2025,CO2/CO/NOx,2025-06-11 00:00:00+02:00,0.0
2025,CO2/CO/NOx,2025-06-11 01:00:00+02:00,0.0
2025,CO2/CO/NOx,2025-06-11 02:00:00+02:00,0.0
2025,CO2/CO/NOx,2025-06-11 03:00:00+02:00,0.0
2025,CO2/CO/NOx,2025-06-11 04:00:00+02:00,0.0
2025,CO2/CO/NOx,2025-06-11 05:00:00+02:00,0.0
2025,CO2/CO/NOx,2025-06-11 06:00:00+02:00,0.0
2025,CO2/CO/NOx,2025-06-11 07:00:00+02:00,0.0
2025,CO2/CO/NOx,2025-06-11 08:00:00+02:00,0.0
2025,CO2/CO/NOx,2025-06-11 09:00:00+02:00,0.0
2025,CO2/CO/NOx,2025-06-11 10:00:00+02:00,0.0
2025,CO2/CO/NOx,2025-06-11 11:00:00+02:00,0.0
2025,CO2/CO/NOx,2025-06-11 12:00:00+02:00,0.0
2025,CO2/CO/NOx,2025-06-11 13:00:00+02:00,0.0
2025,CO2/CO/NOx,2025-06-11 14:00:00+02:00,0.0
2025,CO2/CO/NOx,2025-06-11 15:00:00+02:00,0.0
2025,CO2/CO/NOx,2025-06-11 16:00:00+02:00,0.0
2025,CO2/CO/NOx,2025-06-11 17:00:00+02:00,0.0
2025,CO2/CO/NOx,2025-06-11 18:00:00+02:00,0.0
2025,CO2/CO/NOx,2025-06-11 19:00:00+02:00,0.0
2025,CO2/CO/NOx,2025-06-11 20:00:00+02:00,0.0
2025,CO2/CO/NOx,2025-06-11 21:00:00+02:00,0.0
2025,CO2/CO/NOx,2025-06-11 22:00:00+02:00,0.0
2025,CO2/CO/NOx,2025-06-11 23:00:00+02:00,0.0
2025,CO2/CO/NOx,2025-06-12 00:00:00+02:00,0.0
2025,CO2/CO/NOx,2025-06-12 01:00:00+02:00,0.0
2025,CO2/CO/NOx,2025-06-12 02:00:00+02:00,0.0
2025,CO2/CO/NOx,2025-06-12 03:00:00+02:00,0.0
2025,CO2/CO/NOx,2025-06-12 04:00:00+02:00,0.0
2025,CO2/CO/NOx,2025-06-12 05:00:00+02:00,0.0
2025,CO2/CO/NOx,2025-06-12 06:00:00+02:00,0.0
2025,CO2/CO/NOx,2025-06-12 07:00:00+02:00,0.0
2025,CO2/CO/NOx,2025-06-12 08:00:00+02:00,0.0
2025,CO2/CO/NOx,2025-06-12 09:00:00+02:00,0.0
2025,CO2/CO/NOx,2025-06-12 10:00:00+02:00,0.0
2025,CO2/CO/NOx,2025-06-12 11:00:00+02:00,0.0
2025,CO2/CO/NOx,2025-06-12 12:00:00+02:00,0.0
2025,CO2/CO/NOx,2025-06-12 13:00:00+02:00,0.0
2025,CO2/CO/NOx,2025-06-12 14:00:00+02:00,0.0
2025,CO2/CO/NOx,2025-06-12 15:00:00+02:00,0.0
2025,CO2/CO/NOx,2025-06-12 16:00:00+02:00,0.0
2025,CO2/CO/NOx,2025-06-12 17:00:00+02:00,0.0
2025,CO2/CO/NOx,2025-06-12 18:00:00+02:00,0.0
2025,CO2/CO/NOx,2025-06-12 19:00:00+02:00,0.0
2025,CO2/CO/NOx,2025-06-12 20:00:00+02:00,0.0
2025,CO2/CO/NOx,2025-06-12 21:00:00+02:00,0.0
2025,CO2/CO/NOx,2025-06-12 22:00:00+02:00,0.0
2025,CO2/CO/NOx,2025-06-12 23:00:00+02:00,0.0
2025,CO2/CO/NOx,2025-06-13 00:00:00+02:00,0.0
2025,CO2/CO/NOx,2025-06-13 01:00:00+02:00,0.0
2025,CO2/CO/NOx,2025-06-13 02:00:00+02:00,0.0
2025,CO2/CO/NOx,2025-06-13 03:00:00+02:00,0.0
2025,CO2/CO/NOx,2025-06-13 04:00:00+02:00,0.0
2025,CO2/CO/NOx,2025-06-13 05:00:00+02:00,0.0
2025,CO2/CO/NOx,2025-06-13 06:00:00+02:00,0.0
2025,CO2/CO/NOx,2025-06-13 07:00:00+02:00,0.0
2025,CO2/CO/NOx,2025-06-13 08:00:00+02:00,0.0
2025,CO2/CO/NOx,2025-06-13 09:00:00+02:00,0.0
2025,CO2/CO/NOx,2025-06-13 10:00:00+02:00,0.0
2025,CO2/CO/NOx,2025-06-13 11:00:00+02:00,0.0
2025,CO2/CO/NOx,2025-06-13 12:00:00+02:00,0.0
2025,CO2/CO/NOx,2025-06-13 13:00:00+02:00,0.0
2025,CO2/CO/NOx,2025-06-13 14:00:00+02:00,0.0
2025,CO2/CO/NOx,2025-06-13 15:00:00+02:00,0.0
2025,CO2/CO/NOx,2025-06-13 16:00:00+02:00,0.0
2025,CO2/CO/NOx,2025-06-13 17:00:00+02:00,0.0
2025,CO2/CO/NOx,2025-06-13 18:00:00+02:00,0.0
2025,CO2/CO/NOx,2025-06-13 19:00:00+02:00,0.0
2025,CO2/CO/NOx,2025-06-13 20:00:00+02:00,0.0
2025,CO2/CO/NOx,2025-06-13 21:00:00+02:00,0.0
2025,CO2/CO/NOx,2025-06-13 22:00:00+02:00,0.0
2025,CO2/CO/NOx,2025-06-13 23:00:00+02:00,0.0
2025,CO2/CO/NOx,2025-06-14 00:00:00+02:00,0.0
2025,CO2/CO/NOx,2025-06-14 01:00:00+02:00,0.0
2025,CO2/CO/NOx,2025-06-14 02:00:00+02:00,0.0
2025,CO2/CO/NOx,2025-06-14 03:00:00+02:00,0.0
2025,CO2/CO/NOx,2025-06-14 04:00:00+02:00,0.0
2025,CO2/CO/NOx,2025-06-14 05:00:00+02:00,0.0
2025,CO2/CO/NOx,2025-06-14 06:00:00+02:00,0.0
2025,CO2/CO/NOx,2025-06-14 07:00:00+02:00,0.0
2025,CO2/CO/NOx,2025-06-14 08:00:00+02:00,0.0
2025,CO2/CO/NOx,2025-06-14 09:00:00+02:00,0.0
2025,CO2/CO/NOx,2025-06-14 10:00:00+02:00,0.0
2025,CO2/CO/NOx,2025-06-14 11:00:00+02:00,0.0
2025,CO2/CO/NOx,2025-06-14 12:00:00+02:00,0.0
2025,CO2/CO/NOx,2025-06-14 13:00:00+02:00,0.0
2025,CO2/CO/NOx,2025-06-14 14:00:00+02:00,0.0
2025,CO2/CO/NOx,2025-06-14 15:00:00+02:00,0.0
2025,CO2/CO/NOx,2025-06-14 16:00:00+02:00,0.0
2025,CO2/CO/NOx,2025-06-14 17:00:00+02:00,0.0
2025,CO2/CO/NOx,2025-06-14 18:00:00+02:00,0.0
2025,CO2/CO/NOx,2025-06-14 19:00:00+02:00,0.0
2025,CO2/CO/NOx,2025-06-14 20:00:00+02:00,0.0
2025,CO2/CO/NOx,2025-06-14 21:00:00+02:00,0.0
2025,CO2/CO/NOx,2025-06-14 22:00:00+02:00,0.0
2025,CO2/CO/NOx,2025-06-14 23:00:00+02:00,0.0
2025,CO2/CO/NOx,2025-06-15 00:00:00+02:00,0.0
2025,CO2/CO/NOx,2025-06-15 01:00:00+02:00,0.0
2025,CO2/CO/NOx,2025-06-15 02:00:00+02:00,0.0
2025,CO2/CO/NOx,2025-06-15 03:00:00+02:00,0.0
2025,CO2/CO/NOx,2025-06-15 04:00:00+02:00,0.0
2025,CO2/CO/NOx,2025-06-15 05:00:00+02:00,0.0
2025,CO2/CO/NOx,2025-06-15 06:00:00+02:00,0.0
2025,CO2/CO/NOx,2025-06-15 07:00:00+02:00,0.0
2025,CO2/CO/NOx,2025-06-15 08:00:00+02:00,0.0
2025,CO2/CO/NOx,2025-06-15 09:00:00+02:00,0.0
2025,CO2/CO/NOx,2025-06-15 10:00:00+02:00,0.0
2025,CO2/CO/NOx,2025-06-15 11:00:00+02:00,0.0
2025,CO2/CO/NOx,2025-06-15 12:00:00+02:00,0.0
2025,CO2/CO/NOx,2025-06-15 13:00:00+02:00,0.0
2025,CO2/CO/NOx,2025-06-15 14:00:00+02:00,0.0
2025,CO2/CO/NOx,2025-06-15 15:00:00+02:00,0.0
2025,CO2/CO/NOx,2025-06-15 16:00:00+02:00,0.0
2025,CO2/CO/NOx,2025-06-15 17:00:00+02:00,0.0
2025,CO2/CO/NOx,2025-06-15 18:00:00+02:00,0.0
2025,CO2/CO/NOx,2025-06-15 19:00:00+02:00,0.0
2025,CO2/CO/NOx,2025-06-15 20:00:00+02:00,0.0
2025,CO2/CO/NOx,2025-06-15 21:00:00+02:00,0.0
2025,CO2/CO/NOx,2025-06-15 22:00:00+02:00,0.0
2025,CO2/CO/NOx,2025-06-15 23:00:00+02:00,0.0
2025,CO2/CO/NOx,2025-06-16 00:00:00+02:00,0.0
2025,CO2/CO/NOx,2025-06-16 01:00:00+02:00,0.0
2025,CO2/CO/NOx,2025-06-16 02:00:00+02:00,0.0
2025,CO2/CO/NOx,2025-06-16 03:00:00+02:00,0.0
2025,CO2/CO/NOx,2025-06-16 04:00:00+02:00,0.0
2025,CO2/CO/NOx,2025-06-16 05:00:00+02:00,0.0
2025,CO2/CO/NOx,2025-06-16 06:00:00+02:00,0.0
2025,CO2/CO/NOx,2025-06-16 07:00:00+02:00,0.0
2025,CO2/CO/NOx,2025-06-16 08:00:00+02:00,0.0
2025,CO2/CO/NOx,2025-06-16 09:00:00+02:00,0.0
2025,CO2/CO/NOx,2025-06-16 10:00:00+02:00,0.0
2025,CO2/CO/NOx,2025-06-16 11:00:00+02:00,0.0
2025,CO2/CO/NOx,2025-06-16 12:00:00+02:00,0.0
2025,CO2/CO/NOx,2025-06-16 13:00:00+02:00,0.0
2025,CO2/CO/NOx,2025-06-16 14:00:00+02:00,0.0
2025,CO2/CO/NOx,2025-06-16 15:00:00+02:00,0.0
2025,CO2/CO/NOx,2025-06-16 16:00:00+02:00,0.0
2025,CO2/CO/NOx,2025-06-16 17:00:00+02:00,0.0
2025,CO2/CO/NOx,2025-06-16 18:00:00+02:00,0.0
2025,CO2/CO/NOx,2025-06-16 19:00:00+02:00,0.0
2025,CO2/CO/NOx,2025-06-16 20:00:00+02:00,0.0
2025,CO2/CO/NOx,2025-06-16 21:00:00+02:00,0.0
2025,CO2/CO/NOx,2025-06-16 22:00:00+02:00,0.0
2025,CO2/CO/NOx,2025-06-16 23:00:00+02:00,0.0
2025,CO2/CO/NOx,2025-06-17 00:00:00+02:00,0.0
2025,CO2/CO/NOx,2025-06-17 01:00:00+02:00,0.0
2025,CO2/CO/NOx,2025-06-17 02:00:00+02:00,0.0
2025,CO2/CO/NOx,2025-06-17 03:00:00+02:00,0.0
2025,CO2/CO/NOx,2025-06-17 04:00:00+02:00,0.0
2025,CO2/CO/NOx,2025-06-17 05:00:00+02:00,0.0
2025,CO2/CO/NOx,2025-06-17 06:00:00+02:00,0.0
2025,CO2/CO/NOx,2025-06-17 07:00:00+02:00,0.0
2025,CO2/CO/NOx,2025-06-17 08:00:00+02:00,0.0
2025,CO2/CO/NOx,2025-06-17 09:00:00+02:00,0.0
2025,CO2/CO/NOx,2025-06-17 10:00:00+02:00,0.0
2025,CO2/CO/NOx,2025-06-17 11:00:00+02:00,0.0
2025,CO2/CO/NOx,2025-06-17 12:00:00+02:00,0.0
2025,CO2/CO/NOx,2025-06-17 13:00:00+02:00,0.0
2025,CO2/CO/NOx,2025-06-17 14:00:00+02:00,0.0
2025,CO2/CO/NOx,2025-06-17 15:00:00+02:00,0.0
2025,CO2/CO/NOx,2025-06-17 16:00:00+02:00,0.0
2025,CO2/CO/NOx,2025-06-17 17:00:00+02:00,0.0
2025,CO2/CO/NOx,2025-06-17 18:00:00+02:00,0.0
2025,CO2/CO/NOx,2025-06-17 19:00:00+02:00,0.0
2025,CO2/CO/NOx,2025-06-17 20:00:00+02:00,0.0
2025,CO2/CO/NOx,2025-06-17 21:00:00+02:00,0.0
2025,CO2/CO/NOx,2025-06-17 22:00:00+02:00,0.0
2025,CO2/CO/NOx,2025-06-17 23:00:00+02:00,0.0
2025,CO2/CO/NOx,2025-06-18 00:00:00+02:00,0.0
2025,CO2/CO/NOx,2025-06-18 01:00:00+02:00,0.0
2025,CO2/CO/NOx,2025-06-18 02:00:00+02:00,0.0
2025,CO2/CO/NOx,2025-06-18 03:00:00+02:00,0.0
2025,CO2/CO/NOx,2025-06-18 04:00:00+02:00,0.0
2025,CO2/CO/NOx,2025-06-18 05:00:00+02:00,0.0
2025,CO2/CO/NOx,2025-06-18 06:00:00+02:00,0.0
2025,CO2/CO/NOx,2025-06-18 07:00:00+02:00,0.0
2025,CO2/CO/NOx,2025-06-18 08:00:00+02:00,0.0
2025,CO2/CO/NOx,2025-06-18 09:00:00+02:00,0.0
2025,CO2/CO/NOx,2025-06-18 10:00:00+02:00,0.0
2025,CO2/CO/NOx,2025-06-18 11:00:00+02:00,0.0
2025,CO2/CO/NOx,2025-06-18 12:00:00+02:00,0.0
2025,CO2/CO/NOx,2025-06-18 13:00:00+02:00,0.0
2025,CO2/CO/NOx,2025-06-18 14:00:00+02:00,0.0
2025,CO2/CO/NOx,2025-06-18 15:00:00+02:00,0.0
2025,CO2/CO/NOx,2025-06-18 16:00:00+02:00,0.0
2025,CO2/CO/NOx,2025-06-18 17:00:00+02:00,0.0
2025,CO2/CO/NOx,2025-06-18 18:00:00+02:00,0.0
2025,CO2/CO/NOx,2025-06-18 19:00:00+02:00,0.0
2025,CO2/CO/NOx,2025-06-18 20:00:00+02:00,0.0
2025,CO2/CO/NOx,2025-06-18 21:00:00+02:00,0.0
2025,CO2/CO/NOx,2025-06-18 22:00:00+02:00,0.0
2025,CO2/CO/NOx,2025-06-18 23:00:00+02:00,0.0
2025,CO2/CO/NOx,2025-06-19 00:00:00+02:00,0.0
2025,CO2/CO/NOx,2025-06-19 01:00:00+02:00,0.0
2025,CO2/CO/NOx,2025-06-19 02:00:00+02:00,0.0
2025,CO2/CO/NOx,2025-06-19 03:00:00+02:00,0.0
2025,CO2/CO/NOx,2025-06-19 04:00:00+02:00,0.0
2025,CO2/CO/NOx,2025-06-19 05:00:00+02:00,0.0
2025,CO2/CO/NOx,2025-06-19 06:00:00+02:00,0.0
2025,CO2/CO/NOx,2025-06-19 07:00:00+02:00,0.0
2025,CO2/CO/NOx,2025-06-19 08:00:00+02:00,0.0
2025,CO2/CO/NOx,2025-06-19 09:00:00+02:00,0.0
2025,CO2/CO/NOx,2025-06-19 10:00:00+02:00,0.0
2025,CO2/CO/NOx,2025-06-19 11:00:00+02:00,0.0
2025,CO2/CO/NOx,2025-06-19 12:00:00+02:00,0.0
2025,CO2/CO/NOx,2025-06-19 13:00:00+02:00,0.0
2025,CO2/CO/NOx,2025-06-19 14:00:00+02:00,0.0
2025,CO2/CO/NOx,2025-06-19 15:00:00+02:00,0.0
2025,CO2/CO/NOx,2025-06-19 16:00:00+02:00,0.0
2025,CO2/CO/NOx,2025-06-19 17:00:00+02:00,0.0
2025,CO2/CO/NOx,2025-06-19 18:00:00+02:00,0.0
2025,CO2/CO/NOx,2025-06-19 19:00:00+02:00,0.0
2025,CO2/CO/NOx,2025-06-19 20:00:00+02:00,0.0
2025,CO2/CO/NOx,2025-06-19 21:00:00+02:00,0.0
2025,CO2/CO/NOx,2025-06-19 22:00:00+02:00,0.0
2025,CO2/CO/NOx,2025-06-19 23:00:00+02:00,0.0
2025,CO2/CO/NOx,2025-06-20 00:00:00+02:00,0.0
2025,CO2/CO/NOx,2025-06-20 01:00:00+02:00,0.0
2025,CO2/CO/NOx,2025-06-20 02:00:00+02:00,0.0
2025,CO2/CO/NOx,2025-06-20 03:00:00+02:00,0.0
2025,CO2/CO/NOx,2025-06-20 04:00:00+02:00,0.0
2025,CO2/CO/NOx,2025-06-20 05:00:00+02:00,0.0
2025,CO2/CO/NOx,2025-06-20 06:00:00+02:00,0.0
2025,CO2/CO/NOx,2025-06-20 07:00:00+02:00,0.0
2025,CO2/CO/NOx,2025-06-20 08:00:00+02:00,0.0
2025,CO2/CO/NOx,2025-06-20 09:00:00+02:00,0.0
2025,CO2/CO/NOx,2025-06-20 10:00:00+02:00,0.0
2025,CO2/CO/NOx,2025-06-20 11:00:00+02:00,0.0
2025,CO2/CO/NOx,2025-06-20 12:00:00+02:00,0.0
2025,CO2/CO/NOx,2025-06-20 13:00:00+02:00,0.0
2025,CO2/CO/NOx,2025-06-20 14:00:00+02:00,0.0
2025,CO2/CO/NOx,2025-06-20 15:00:00+02:00,0.0
2025,CO2/CO/NOx,2025-06-20 16:00:00+02:00,0.0
2025,CO2/CO/NOx,2025-06-20 17:00:00+02:00,0.0
2025,CO2/CO/NOx,2025-06-20 18:00:00+02:00,0.0
2025,CO2/CO/NOx,2025-06-20 19:00:00+02:00,0.0
2025,CO2/CO/NOx,2025-06-20 20:00:00+02:00,0.0
2025,CO2/CO/NOx,2025-06-20 21:00:00+02:00,0.0
2025,CO2/CO/NOx,2025-06-20 22:00:00+02:00,0.0
2025,CO2/CO/NOx,2025-06-20 23:00:00+02:00,0.0
2025,CO2/CO/NOx,2025-06-21 00:00:00+02:00,0.0
2025,CO2/CO/NOx,2025-06-21 01:00:00+02:00,0.0
2025,CO2/CO/NOx,2025-06-21 02:00:00+02:00,0.0
2025,CO2/CO/NOx,2025-06-21 03:00:00+02:00,0.0
2025,CO2/CO/NOx,2025-06-21 04:00:00+02:00,0.0
2025,CO2/CO/NOx,2025-06-21 05:00:00+02:00,0.0
2025,CO2/CO/NOx,2025-06-21 06:00:00+02:00,0.0
2025,CO2/CO/NOx,2025-06-21 07:00:00+02:00,0.0
2025,CO2/CO/NOx,2025-06-21 08:00:00+02:00,0.0
2025,CO2/CO/NOx,2025-06-21 09:00:00+02:00,0.0
2025,CO2/CO/NOx,2025-06-21 10:00:00+02:00,0.0
2025,CO2/CO/NOx,2025-06-21 11:00:00+02:00,0.0
2025,CO2/CO/NOx,2025-06-21 12:00:00+02:00,0.0
2025,CO2/CO/NOx,2025-06-21 13:00:00+02:00,0.0
2025,CO2/CO/NOx,2025-06-21 14:00:00+02:00,0.0
2025,CO2/CO/NOx,2025-06-21 15:00:00+02:00,0.0
2025,CO2/CO/NOx,2025-06-21 16:00:00+02:00,0.0
2025,CO2/CO/NOx,2025-06-21 17:00:00+02:00,0.0
2025,CO2/CO/NOx,2025-06-21 18:00:00+02:00,0.0
2025,CO2/CO/NOx,2025-06-21 19:00:00+02:00,0.0
2025,CO2/CO/NOx,2025-06-21 20:00:00+02:00,0.0
2025,CO2/CO/NOx,2025-06-21 21:00:00+02:00,0.0
2025,CO2/CO/NOx,2025-06-21 22:00:00+02:00,0.0
2025,CO2/CO/NOx,2025-06-21 23:00:00+02:00,0.0
2025,CO2/CO/NOx,2025-06-22 00:00:00+02:00,0.0
2025,CO2/CO/NOx,2025-06-22 01:00:00+02:00,0.0
2025,CO2/CO/NOx,2025-06-22 02:00:00+02:00,0.0
2025,CO2/CO/NOx,2025-06-22 03:00:00+02:00,0.0
2025,CO2/CO/NOx,2025-06-22 04:00:00+02:00,0.0
2025,CO2/CO/NOx,2025-06-22 05:00:00+02:00,0.0
2025,CO2/CO/NOx,2025-06-22 06:00:00+02:00,0.0
2025,CO2/CO/NOx,2025-06-22 07:00:00+02:00,0.0
2025,CO2/CO/NOx,2025-06-22 08:00:00+02:00,0.0
2025,CO2/CO/NOx,2025-06-22 09:00:00+02:00,0.0
2025,CO2/CO/NOx,2025-06-22 10:00:00+02:00,0.0
2025,CO2/CO/NOx,2025-06-22 11:00:00+02:00,0.0
2025,CO2/CO/NOx,2025-06-22 12:00:00+02:00,0.0
2025,CO2/CO/NOx,2025-06-22 13:00:00+02:00,0.0
2025,CO2/CO/NOx,2025-06-22 14:00:00+02:00,0.0
2025,CO2/CO/NOx,2025-06-22 15:00:00+02:00,0.0
2025,CO2/CO/NOx,2025-06-22 16:00:00+02:00,0.0
2025,CO2/CO/NOx,2025-06-22 17:00:00+02:00,0.0
2025,CO2/CO/NOx,2025-06-22 18:00:00+02:00,0.0
2025,CO2/CO/NOx,2025-06-22 19:00:00+02:00,0.0
2025,CO2/CO/NOx,2025-06-22 20:00:00+02:00,0.0
2025,CO2/CO/NOx,2025-06-22 21:00:00+02:00,0.0
2025,CO2/CO/NOx,2025-06-22 22:00:00+02:00,0.0
2025,CO2/CO/NOx,2025-06-22 23:00:00+02:00,0.0
2025,CO2/CO/NOx,2025-06-23 00:00:00+02:00,0.0
2025,CO2/CO/NOx,2025-06-23 01:00:00+02:00,0.0
2025,CO2/CO/NOx,2025-06-23 02:00:00+02:00,0.0
2025,CO2/CO/NOx,2025-06-23 03:00:00+02:00,0.0
2025,CO2/CO/NOx,2025-06-23 04:00:00+02:00,0.0
2025,CO2/CO/NOx,2025-06-23 05:00:00+02:00,0.0
2025,CO2/CO/NOx,2025-06-23 06:00:00+02:00,0.0
2025,CO2/CO/NOx,2025-06-23 07:00:00+02:00,0.0
2025,CO2/CO/NOx,2025-06-23 08:00:00+02:00,0.0
2025,CO2/CO/NOx,2025-06-23 09:00:00+02:00,0.0
2025,CO2/CO/NOx,2025-06-23 10:00:00+02:00,0.0
2025,CO2/CO/NOx,2025-06-23 11:00:00+02:00,0.0
2025,CO2/CO/NOx,2025-06-23 12:00:00+02:00,0.0
2025,CO2/CO/NOx,2025-06-23 13:00:00+02:00,0.0
2025,CO2/CO/NOx,2025-06-23 14:00:00+02:00,0.0
2025,CO2/CO/NOx,2025-06-23 15:00:00+02:00,0.0
2025,CO2/CO/NOx,2025-06-23 16:00:00+02:00,0.0
2025,CO2/CO/NOx,2025-06-23 17:00:00+02:00,0.0
2025,CO2/CO/NOx,2025-06-23 18:00:00+02:00,0.0
2025,CO2/CO/NOx,2025-06-23 19:00:00+02:00,0.0
2025,CO2/CO/NOx,2025-06-23 20:00:00+02:00,0.0
2025,CO2/CO/NOx,2025-06-23 21:00:00+02:00,0.0
2025,CO2/CO/NOx,2025-06-23 22:00:00+02:00,0.0
2025,CO2/CO/NOx,2025-06-23 23:00:00+02:00,0.0
2025,CO2/CO/NOx,2025-06-24 00:00:00+02:00,0.0
2025,CO2/CO/NOx,2025-06-24 01:00:00+02:00,0.0
2025,CO2/CO/NOx,2025-06-24 02:00:00+02:00,0.0
2025,CO2/CO/NOx,2025-06-24 03:00:00+02:00,0.0
2025,CO2/CO/NOx,2025-06-24 04:00:00+02:00,0.0
2025,CO2/CO/NOx,2025-06-24 05:00:00+02:00,0.0
2025,CO2/CO/NOx,2025-06-24 06:00:00+02:00,0.0
2025,CO2/CO/NOx,2025-06-24 07:00:00+02:00,0.0
2025,CO2/CO/NOx,2025-06-24 08:00:00+02:00,0.0
2025,CO2/CO/NOx,2025-06-24 09:00:00+02:00,0.0
2025,CO2/CO/NOx,2025-06-24 10:00:00+02:00,0.0
2025,CO2/CO/NOx,2025-06-24 11:00:00+02:00,0.0
2025,CO2/CO/NOx,2025-06-24 12:00:00+02:00,0.0
2025,CO2/CO/NOx,2025-06-24 13:00:00+02:00,0.0
2025,CO2/CO/NOx,2025-06-24 14:00:00+02:00,0.0
2025,CO2/CO/NOx,2025-06-24 15:00:00+02:00,0.0
2025,CO2/CO/NOx,2025-06-24 16:00:00+02:00,0.0
2025,CO2/CO/NOx,2025-06-24 17:00:00+02:00,0.0
2025,CO2/CO/NOx,2025-06-24 18:00:00+02:00,0.0
2025,CO2/CO/NOx,2025-06-24 19:00:00+02:00,0.0
2025,CO2/CO/NOx,2025-06-24 20:00:00+02:00,0.0
2025,CO2/CO/NOx,2025-06-24 21:00:00+02:00,0.0
2025,CO2/CO/NOx,2025-06-24 22:00:00+02:00,0.0
2025,CO2/CO/NOx,2025-06-24 23:00:00+02:00,0.0
2025,CO2/CO/NOx,2025-06-25 00:00:00+02:00,0.0
2025,CO2/CO/NOx,2025-06-25 01:00:00+02:00,0.0
2025,CO2/CO/NOx,2025-06-25 02:00:00+02:00,0.0
2025,CO2/CO/NOx,2025-06-25 03:00:00+02:00,0.0
2025,CO2/CO/NOx,2025-06-25 04:00:00+02:00,0.0
2025,CO2/CO/NOx,2025-06-25 05:00:00+02:00,0.0
2025,CO2/CO/NOx,2025-06-25 06:00:00+02:00,0.0
2025,CO2/CO/NOx,2025-06-25 07:00:00+02:00,0.0
2025,CO2/CO/NOx,2025-06-25 08:00:00+02:00,0.0
2025,CO2/CO/NOx,2025-06-25 09:00:00+02:00,0.0
2025,CO2/CO/NOx,2025-06-25 10:00:00+02:00,0.0
2025,CO2/CO/NOx,2025-06-25 11:00:00+02:00,0.0
2025,CO2/CO/NOx,2025-06-25 12:00:00+02:00,0.0
2025,CO2/CO/NOx,2025-06-25 13:00:00+02:00,0.0
2025,CO2/CO/NOx,2025-06-25 14:00:00+02:00,0.0
2025,CO2/CO/NOx,2025-06-25 15:00:00+02:00,0.0
2025,CO2/CO/NOx,2025-06-25 16:00:00+02:00,0.0
2025,CO2/CO/NOx,2025-06-25 17:00:00+02:00,0.0
2025,CO2/CO/NOx,2025-06-25 18:00:00+02:00,0.0
2025,CO2/CO/NOx,2025-06-25 19:00:00+02:00,0.0
2025,CO2/CO/NOx,2025-06-25 20:00:00+02:00,0.0
2025,CO2/CO/NOx,2025-06-25 21:00:00+02:00,0.0
2025,CO2/CO/NOx,2025-06-25 22:00:00+02:00,0.0
2025,CO2/CO/NOx,2025-06-25 23:00:00+02:00,0.0
2025,CO2/CO/NOx,2025-06-26 00:00:00+02:00,0.0
2025,CO2/CO/NOx,2025-06-26 01:00:00+02:00,0.0
2025,CO2/CO/NOx,2025-06-26 02:00:00+02:00,0.0
2025,CO2/CO/NOx,2025-06-26 03:00:00+02:00,0.0
2025,CO2/CO/NOx,2025-06-26 04:00:00+02:00,0.0
2025,CO2/CO/NOx,2025-06-26 05:00:00+02:00,0.0
2025,CO2/CO/NOx,2025-06-26 06:00:00+02:00,0.0
2025,CO2/CO/NOx,2025-06-26 07:00:00+02:00,0.0
2025,CO2/CO/NOx,2025-06-26 08:00:00+02:00,0.0
2025,CO2/CO/NOx,2025-06-26 09:00:00+02:00,0.0
2025,CO2/CO/NOx,2025-06-26 10:00:00+02:00,0.0
2025,CO2/CO/NOx,2025-06-26 11:00:00+02:00,0.0
2025,CO2/CO/NOx,2025-06-26 12:00:00+02:00,0.0
2025,CO2/CO/NOx,2025-06-26 13:00:00+02:00,0.0
2025,CO2/CO/NOx,2025-06-26 14:00:00+02:00,0.0
2025,CO2/CO/NOx,2025-06-26 15:00:00+02:00,0.0
2025,CO2/CO/NOx,2025-06-26 16:00:00+02:00,0.0
2025,CO2/CO/NOx,2025-06-26 17:00:00+02:00,0.0
2025,CO2/CO/NOx,2025-06-26 18:00:00+02:00,0.0
2025,CO2/CO/NOx,2025-06-26 19:00:00+02:00,0.0
2025,CO2/CO/NOx,2025-06-26 20:00:00+02:00,0.0
2025,CO2/CO/NOx,2025-06-26 21:00:00+02:00,0.0
2025,CO2/CO/NOx,2025-06-26 22:00:00+02:00,0.0
2025,CO2/CO/NOx,2025-06-26 23:00:00+02:00,0.0
2025,CO2/CO/NOx,2025-06-27 00:00:00+02:00,0.0
2025,CO2/CO/NOx,2025-06-27 01:00:00+02:00,0.0
2025,CO2/CO/NOx,2025-06-27 02:00:00+02:00,0.0
2025,CO2/CO/NOx,2025-06-27 03:00:00+02:00,0.0
2025,CO2/CO/NOx,2025-06-27 04:00:00+02:00,0.0
2025,CO2/CO/NOx,2025-06-27 05:00:00+02:00,0.0
2025,CO2/CO/NOx,2025-06-27 06:00:00+02:00,0.0
2025,CO2/CO/NOx,2025-06-27 07:00:00+02:00,0.0
2025,CO2/CO/NOx,2025-06-27 08:00:00+02:00,0.0
2025,CO2/CO/NOx,2025-06-27 09:00:00+02:00,0.0
2025,CO2/CO/NOx,2025-06-27 10:00:00+02:00,0.0
2025,CO2/CO/NOx,2025-06-27 11:00:00+02:00,0.0
2025,CO2/CO/NOx,2025-06-27 12:00:00+02:00,0.0
2025,CO2/CO/NOx,2025-06-27 13:00:00+02:00,0.0
2025,CO2/CO/NOx,2025-06-27 14:00:00+02:00,0.0
2025,CO2/CO/NOx,2025-06-27 15:00:00+02:00,0.0
2025,CO2/CO/NOx,2025-06-27 16:00:00+02:00,0.0
2025,CO2/CO/NOx,2025-06-27 17:00:00+02:00,0.0
2025,CO2/CO/NOx,2025-06-27 18:00:00+02:00,0.0
2025,CO2/CO/NOx,2025-06-27 19:00:00+02:00,0.0
2025,CO2/CO/NOx,2025-06-27 20:00:00+02:00,0.0
2025,CO2/CO/NOx,2025-06-27 21:00:00+02:00,0.0
2025,CO2/CO/NOx,2025-06-27 22:00:00+02:00,0.0
2025,CO2/CO/NOx,2025-06-27 23:00:00+02:00,0.0
2025,CO2/CO/NOx,2025-06-28 00:00:00+02:00,0.0
2025,CO2/CO/NOx,2025-06-28 01:00:00+02:00,0.0
2025,CO2/CO/NOx,2025-06-28 02:00:00+02:00,0.0
2025,CO2/CO/NOx,2025-06-28 03:00:00+02:00,0.0
2025,CO2/CO/NOx,2025-06-28 04:00:00+02:00,0.0
2025,CO2/CO/NOx,2025-06-28 05:00:00+02:00,0.0
2025,CO2/CO/NOx,2025-06-28 06:00:00+02:00,0.0
2025,CO2/CO/NOx,2025-06-28 07:00:00+02:00,0.0
2025,CO2/CO/NOx,2025-06-28 08:00:00+02:00,0.0
2025,CO2/CO/NOx,2025-06-28 09:00:00+02:00,0.0
2025,CO2/CO/NOx,2025-06-28 10:00:00+02:00,0.0
2025,CO2/CO/NOx,2025-06-28 11:00:00+02:00,0.0
2025,CO2/CO/NOx,2025-06-28 12:00:00+02:00,0.0
2025,CO2/CO/NOx,2025-06-28 13:00:00+02:00,0.0
2025,CO2/CO/NOx,2025-06-28 14:00:00+02:00,0.0
2025,CO2/CO/NOx,2025-06-28 15:00:00+02:00,0.0
2025,CO2/CO/NOx,2025-06-28 16:00:00+02:00,0.0
2025,CO2/CO/NOx,2025-06-28 17:00:00+02:00,0.0
2025,CO2/CO/NOx,2025-06-28 18:00:00+02:00,0.0
2025,CO2/CO/NOx,2025-06-28 19:00:00+02:00,0.0
2025,CO2/CO/NOx,2025-06-28 20:00:00+02:00,0.0
2025,CO2/CO/NOx,2025-06-28 21:00:00+02:00,0.0
2025,CO2/CO/NOx,2025-06-28 22:00:00+02:00,0.0
2025,CO2/CO/NOx,2025-06-28 23:00:00+02:00,0.0
2025,CO2/CO/NOx,2025-06-29 00:00:00+02:00,0.0
2025,CO2/CO/NOx,2025-06-29 01:00:00+02:00,0.0
2025,CO2/CO/NOx,2025-06-29 02:00:00+02:00,0.0
2025,CO2/CO/NOx,2025-06-29 03:00:00+02:00,0.0
2025,CO2/CO/NOx,2025-06-29 04:00:00+02:00,0.0
2025,CO2/CO/NOx,2025-06-29 05:00:00+02:00,0.0
2025,CO2/CO/NOx,2025-06-29 06:00:00+02:00,0.0
2025,CO2/CO/NOx,2025-06-29 07:00:00+02:00,0.0
2025,CO2/CO/NOx,2025-06-29 08:00:00+02:00,0.0
2025,CO2/CO/NOx,2025-06-29 09:00:00+02:00,0.0
2025,CO2/CO/NOx,2025-06-29 10:00:00+02:00,0.0
2025,CO2/CO/NOx,2025-06-29 11:00:00+02:00,0.0
2025,CO2/CO/NOx,2025-06-29 12:00:00+02:00,0.0
2025,CO2/CO/NOx,2025-06-29 13:00:00+02:00,0.0
2025,CO2/CO/NOx,2025-06-29 14:00:00+02:00,0.0
2025,CO2/CO/NOx,2025-06-29 15:00:00+02:00,0.0
2025,CO2/CO/NOx,2025-06-29 16:00:00+02:00,0.0
2025,CO2/CO/NOx,2025-06-29 17:00:00+02:00,0.0
2025,CO2/CO/NOx,2025-06-29 18:00:00+02:00,0.0
2025,CO2/CO/NOx,2025-06-29 19:00:00+02:00,0.0
2025,CO2/CO/NOx,2025-06-29 20:00:00+02:00,0.0
2025,CO2/CO/NOx,2025-06-29 21:00:00+02:00,0.0
2025,CO2/CO/NOx,2025-06-29 22:00:00+02:00,0.0
2025,CO2/CO/NOx,2025-06-29 23:00:00+02:00,0.0
2025,CO2/CO/NOx,2025-06-30 00:00:00+02:00,0.0
2025,CO2/CO/NOx,2025-06-30 01:00:00+02:00,0.0
2025,CO2/CO/NOx,2025-06-30 02:00:00+02:00,0.0
2025,CO2/CO/NOx,2025-06-30 03:00:00+02:00,0.0
2025,CO2/CO/NOx,2025-06-30 04:00:00+02:00,0.0
2025,CO2/CO/NOx,2025-06-30 05:00:00+02:00,0.0
2025,CO2/CO/NOx,2025-06-30 06:00:00+02:00,0.0
2025,CO2/CO/NOx,2025-06-30 07:00:00+02:00,0.0
2025,CO2/CO/NOx,2025-06-30 08:00:00+02:00,0.0
2025,CO2/CO/NOx,2025-06-30 09:00:00+02:00,0.0
2025,CO2/CO/NOx,2025-06-30 10:00:00+02:00,0.0
2025,CO2/CO/NOx,2025-06-30 11:00:00+02:00,0.0
2025,CO2/CO/NOx,2025-06-30 12:00:00+02:00,0.0
2025,CO2/CO/NOx,2025-06-30 13:00:00+02:00,0.0
2025,CO2/CO/NOx,2025-06-30 14:00:00+02:00,0.0
2025,CO2/CO/NOx,2025-06-30 15:00:00+02:00,0.0
2025,CO2/CO/NOx,2025-06-30 16:00:00+02:00,0.0
2025,CO2/CO/NOx,2025-06-30 17:00:00+02:00,0.0
2025,CO2/CO/NOx,2025-06-30 18:00:00+02:00,0.0
2025,CO2/CO/NOx,2025-06-30 19:00:00+02:00,0.0
2025,CO2/CO/NOx,2025-06-30 20:00:00+02:00,0.0
2025,CO2/CO/NOx,2025-06-30 21:00:00+02:00,0.0
2025,CO2/CO/NOx,2025-06-30 22:00:00+02:00,0.0
2025,CO2/CO/NOx,2025-06-30 23:00:00+02:00,0.0
2025,CO2/CO/NOx,2025-07-01 00:00:00+02:00,0.0
2025,CO2/CO/NOx,2025-07-01 01:00:00+02:00,0.0
2025,CO2/CO/NOx,2025-07-01 02:00:00+02:00,0.0
2025,CO2/CO/NOx,2025-07-01 03:00:00+02:00,0.0
2025,CO2/CO/NOx,2025-07-01 04:00:00+02:00,0.0
2025,CO2/CO/NOx,2025-07-01 05:00:00+02:00,0.0
2025,CO2/CO/NOx,2025-07-01 06:00:00+02:00,0.0
2025,CO2/CO/NOx,2025-07-01 07:00:00+02:00,0.0
2025,CO2/CO/NOx,2025-07-01 08:00:00+02:00,0.0
2025,CO2/CO/NOx,2025-07-01 09:00:00+02:00,0.0
2025,CO2/CO/NOx,2025-07-01 10:00:00+02:00,0.0
2025,CO2/CO/NOx,2025-07-01 11:00:00+02:00,0.0
2025,CO2/CO/NOx,2025-07-01 12:00:00+02:00,0.0
2025,CO2/CO/NOx,2025-07-01 13:00:00+02:00,0.0
2025,CO2/CO/NOx,2025-07-01 14:00:00+02:00,0.0
2025,CO2/CO/NOx,2025-07-01 15:00:00+02:00,0.0
2025,CO2/CO/NOx,2025-07-01 16:00:00+02:00,0.0
2025,CO2/CO/NOx,2025-07-01 17:00:00+02:00,0.0
2025,CO2/CO/NOx,2025-07-01 18:00:00+02:00,0.0
2025,CO2/CO/NOx,2025-07-01 19:00:00+02:00,0.0
2025,CO2/CO/NOx,2025-07-01 20:00:00+02:00,0.0
2025,CO2/CO/NOx,2025-07-01 21:00:00+02:00,0.0
2025,CO2/CO/NOx,2025-07-01 22:00:00+02:00,0.0
2025,CO2/CO/NOx,2025-07-01 23:00:00+02:00,0.0
2025,CO2/CO/NOx,2025-07-02 00:00:00+02:00,0.0
2025,CO2/CO/NOx,2025-07-02 01:00:00+02:00,0.0
2025,CO2/CO/NOx,2025-07-02 02:00:00+02:00,0.0
2025,CO2/CO/NOx,2025-07-02 03:00:00+02:00,0.0
2025,CO2/CO/NOx,2025-07-02 04:00:00+02:00,0.0
2025,CO2/CO/NOx,2025-07-02 05:00:00+02:00,0.0
2025,CO2/CO/NOx,2025-07-02 06:00:00+02:00,0.0
2025,CO2/CO/NOx,2025-07-02 07:00:00+02:00,0.0
2025,CO2/CO/NOx,2025-07-02 08:00:00+02:00,0.0
2025,CO2/CO/NOx,2025-07-02 09:00:00+02:00,0.0
2025,CO2/CO/NOx,2025-07-02 10:00:00+02:00,0.0
2025,CO2/CO/NOx,2025-07-02 11:00:00+02:00,0.0
2025,CO2/CO/NOx,2025-07-02 12:00:00+02:00,0.0
2025,CO2/CO/NOx,2025-07-02 13:00:00+02:00,0.0
2025,CO2/CO/NOx,2025-07-02 14:00:00+02:00,0.0
2025,CO2/CO/NOx,2025-07-02 15:00:00+02:00,0.0
2025,CO2/CO/NOx,2025-07-02 16:00:00+02:00,0.0
2025,CO2/CO/NOx,2025-07-02 17:00:00+02:00,0.0
2025,CO2/CO/NOx,2025-07-02 18:00:00+02:00,0.0
2025,CO2/CO/NOx,2025-07-02 19:00:00+02:00,0.0
2025,CO2/CO/NOx,2025-07-02 20:00:00+02:00,0.0
2025,CO2/CO/NOx,2025-07-02 21:00:00+02:00,0.0
2025,CO2/CO/NOx,2025-07-02 22:00:00+02:00,0.0
2025,CO2/CO/NOx,2025-07-02 23:00:00+02:00,0.0
2025,CO2/CO/NOx,2025-07-03 00:00:00+02:00,0.0
2025,CO2/CO/NOx,2025-07-03 01:00:00+02:00,0.0
2025,CO2/CO/NOx,2025-07-03 02:00:00+02:00,0.0
2025,CO2/CO/NOx,2025-07-03 03:00:00+02:00,0.0
2025,CO2/CO/NOx,2025-07-03 04:00:00+02:00,0.0
2025,CO2/CO/NOx,2025-07-03 05:00:00+02:00,0.0
2025,CO2/CO/NOx,2025-07-03 06:00:00+02:00,0.0
2025,CO2/CO/NOx,2025-07-03 07:00:00+02:00,0.0
2025,CO2/CO/NOx,2025-07-03 08:00:00+02:00,0.0
2025,CO2/CO/NOx,2025-07-03 09:00:00+02:00,0.0
2025,CO2/CO/NOx,2025-07-03 10:00:00+02:00,0.0
2025,CO2/CO/NOx,2025-07-03 11:00:00+02:00,0.0
2025,CO2/CO/NOx,2025-07-03 12:00:00+02:00,0.0
2025,CO2/CO/NOx,2025-07-03 13:00:00+02:00,0.0
2025,CO2/CO/NOx,2025-07-03 14:00:00+02:00,0.0
2025,CO2/CO/NOx,2025-07-03 15:00:00+02:00,0.0
2025,CO2/CO/NOx,2025-07-03 16:00:00+02:00,0.0
2025,CO2/CO/NOx,2025-07-03 17:00:00+02:00,0.0
2025,CO2/CO/NOx,2025-07-03 18:00:00+02:00,0.0
2025,CO2/CO/NOx,2025-07-03 19:00:00+02:00,0.0
2025,CO2/CO/NOx,2025-07-03 20:00:00+02:00,0.0
2025,CO2/CO/NOx,2025-07-03 21:00:00+02:00,0.0
2025,CO2/CO/NOx,2025-07-03 22:00:00+02:00,0.0
2025,CO2/CO/NOx,2025-07-03 23:00:00+02:00,0.0
2025,CO2/CO/NOx,2025-07-04 00:00:00+02:00,0.0
2025,CO2/CO/NOx,2025-07-04 01:00:00+02:00,0.0
2025,CO2/CO/NOx,2025-07-04 02:00:00+02:00,0.0
2025,CO2/CO/NOx,2025-07-04 03:00:00+02:00,0.0
2025,CO2/CO/NOx,2025-07-04 04:00:00+02:00,0.0
2025,CO2/CO/NOx,2025-07-04 05:00:00+02:00,0.0
2025,CO2/CO/NOx,2025-07-04 06:00:00+02:00,0.0
2025,CO2/CO/NOx,2025-07-04 07:00:00+02:00,0.0
2025,CO2/CO/NOx,2025-07-04 08:00:00+02:00,0.0
2025,CO2/CO/NOx,2025-07-04 09:00:00+02:00,0.0
2025,CO2/CO/NOx,2025-07-04 10:00:00+02:00,0.0
2025,CO2/CO/NOx,2025-07-04 11:00:00+02:00,0.0
2025,CO2/CO/NOx,2025-07-04 12:00:00+02:00,0.0
2025,CO2/CO/NOx,2025-07-04 13:00:00+02:00,0.0
2025,CO2/CO/NOx,2025-07-04 14:00:00+02:00,0.0
2025,CO2/CO/NOx,2025-07-04 15:00:00+02:00,0.0
2025,CO2/CO/NOx,2025-07-04 16:00:00+02:00,0.0
2025,CO2/CO/NOx,2025-07-04 17:00:00+02:00,0.0
2025,CO2/CO/NOx,2025-07-04 18:00:00+02:00,0.0
2025,CO2/CO/NOx,2025-07-04 19:00:00+02:00,0.0
2025,CO2/CO/NOx,2025-07-04 20:00:00+02:00,0.0
2025,CO2/CO/NOx,2025-07-04 21:00:00+02:00,0.0
2025,CO2/CO/NOx,2025-07-04 22:00:00+02:00,0.0
2025,CO2/CO/NOx,2025-07-04 23:00:00+02:00,0.0
2025,CO2/CO/NOx,2025-07-05 00:00:00+02:00,0.0
2025,CO2/CO/NOx,2025-07-05 01:00:00+02:00,0.0
2025,CO2/CO/NOx,2025-07-05 02:00:00+02:00,0.0
2025,CO2/CO/NOx,2025-07-05 03:00:00+02:00,0.0
2025,CO2/CO/NOx,2025-07-05 04:00:00+02:00,0.0
2025,CO2/CO/NOx,2025-07-05 05:00:00+02:00,0.0
2025,CO2/CO/NOx,2025-07-05 06:00:00+02:00,0.0
2025,CO2/CO/NOx,2025-07-05 07:00:00+02:00,0.0
2025,CO2/CO/NOx,2025-07-05 08:00:00+02:00,0.0
2025,CO2/CO/NOx,2025-07-05 09:00:00+02:00,0.0
2025,CO2/CO/NOx,2025-07-05 10:00:00+02:00,0.0
2025,CO2/CO/NOx,2025-07-05 11:00:00+02:00,0.0
2025,CO2/CO/NOx,2025-07-05 12:00:00+02:00,0.0
2025,CO2/CO/NOx,2025-07-05 13:00:00+02:00,0.0
2025,CO2/CO/NOx,2025-07-05 14:00:00+02:00,0.0
2025,CO2/CO/NOx,2025-07-05 15:00:00+02:00,0.0
2025,CO2/CO/NOx,2025-07-05 16:00:00+02:00,0.0
2025,CO2/CO/NOx,2025-07-05 17:00:00+02:00,0.0
2025,CO2/CO/NOx,2025-07-05 18:00:00+02:00,0.0
2025,CO2/CO/NOx,2025-07-05 19:00:00+02:00,0.0
2025,CO2/CO/NOx,2025-07-05 20:00:00+02:00,0.0
2025,CO2/CO/NOx,2025-07-05 21:00:00+02:00,0.0
2025,CO2/CO/NOx,2025-07-05 22:00:00+02:00,0.0
2025,CO2/CO/NOx,2025-07-05 23:00:00+02:00,0.0
2025,CO2/CO/NOx,2025-07-06 00:00:00+02:00,0.0
2025,CO2/CO/NOx,2025-07-06 01:00:00+02:00,0.0
2025,CO2/CO/NOx,2025-07-06 02:00:00+02:00,0.0
2025,CO2/CO/NOx,2025-07-06 03:00:00+02:00,0.0
2025,CO2/CO/NOx,2025-07-06 04:00:00+02:00,0.0
2025,CO2/CO/NOx,2025-07-06 05:00:00+02:00,0.0
2025,CO2/CO/NOx,2025-07-06 06:00:00+02:00,0.0
2025,CO2/CO/NOx,2025-07-06 07:00:00+02:00,0.0
2025,CO2/CO/NOx,2025-07-06 08:00:00+02:00,0.0
2025,CO2/CO/NOx,2025-07-06 09:00:00+02:00,0.0
2025,CO2/CO/NOx,2025-07-06 10:00:00+02:00,0.0
2025,CO2/CO/NOx,2025-07-06 11:00:00+02:00,0.0
2025,CO2/CO/NOx,2025-07-06 12:00:00+02:00,0.0
2025,CO2/CO/NOx,2025-07-06 13:00:00+02:00,0.0
2025,CO2/CO/NOx,2025-07-06 14:00:00+02:00,0.0
2025,CO2/CO/NOx,2025-07-06 15:00:00+02:00,0.0
2025,CO2/CO/NOx,2025-07-06 16:00:00+02:00,0.0
2025,CO2/CO/NOx,2025-07-06 17:00:00+02:00,0.0
2025,CO2/CO/NOx,2025-07-06 18:00:00+02:00,0.0
2025,CO2/CO/NOx,2025-07-06 19:00:00+02:00,0.0
2025,CO2/CO/NOx,2025-07-06 20:00:00+02:00,0.0
2025,CO2/CO/NOx,2025-07-06 21:00:00+02:00,0.0
2025,CO2/CO/NOx,2025-07-06 22:00:00+02:00,0.0
2025,CO2/CO/NOx,2025-07-06 23:00:00+02:00,0.0
2025,CO2/CO/NOx,2025-07-07 00:00:00+02:00,0.0
2025,CO2/CO/NOx,2025-07-07 01:00:00+02:00,0.0
2025,CO2/CO/NOx,2025-07-07 02:00:00+02:00,0.0
2025,CO2/CO/NOx,2025-07-07 03:00:00+02:00,0.0
2025,CO2/CO/NOx,2025-07-07 04:00:00+02:00,0.0
2025,CO2/CO/NOx,2025-07-07 05:00:00+02:00,0.0
2025,CO2/CO/NOx,2025-07-07 06:00:00+02:00,0.0
2025,CO2/CO/NOx,2025-07-07 07:00:00+02:00,0.0
2025,CO2/CO/NOx,2025-07-07 08:00:00+02:00,0.0
2025,CO2/CO/NOx,2025-07-07 09:00:00+02:00,0.0
2025,CO2/CO/NOx,2025-07-07 10:00:00+02:00,0.0
2025,CO2/CO/NOx,2025-07-07 11:00:00+02:00,0.0
2025,CO2/CO/NOx,2025-07-07 12:00:00+02:00,0.0
2025,CO2/CO/NOx,2025-07-07 13:00:00+02:00,0.0
2025,CO2/CO/NOx,2025-07-07 14:00:00+02:00,0.0
2025,CO2/CO/NOx,2025-07-07 15:00:00+02:00,0.0
2025,CO2/CO/NOx,2025-07-07 16:00:00+02:00,0.0
2025,CO2/CO/NOx,2025-07-07 17:00:00+02:00,0.0
2025,CO2/CO/NOx,2025-07-07 18:00:00+02:00,0.0
2025,CO2/CO/NOx,2025-07-07 19:00:00+02:00,0.0
2025,CO2/CO/NOx,2025-07-07 20:00:00+02:00,0.0
2025,CO2/CO/NOx,2025-07-07 21:00:00+02:00,0.0
2025,CO2/CO/NOx,2025-07-07 22:00:00+02:00,0.0
2025,CO2/CO/NOx,2025-07-07 23:00:00+02:00,0.0
2025,CO2/CO/NOx,2025-07-08 00:00:00+02:00,0.0
2025,CO2/CO/NOx,2025-07-08 01:00:00+02:00,0.0
2025,CO2/CO/NOx,2025-07-08 02:00:00+02:00,0.0
2025,CO2/CO/NOx,2025-07-08 03:00:00+02:00,0.0
2025,CO2/CO/NOx,2025-07-08 04:00:00+02:00,0.0
2025,CO2/CO/NOx,2025-07-08 05:00:00+02:00,0.0
2025,CO2/CO/NOx,2025-07-08 06:00:00+02:00,0.0
2025,CO2/CO/NOx,2025-07-08 07:00:00+02:00,0.0
2025,CO2/CO/NOx,2025-07-08 08:00:00+02:00,0.0
2025,CO2/CO/NOx,2025-07-08 09:00:00+02:00,0.0
2025,CO2/CO/NOx,2025-07-08 10:00:00+02:00,0.0
2025,CO2/CO/NOx,2025-07-08 11:00:00+02:00,0.0
2025,CO2/CO/NOx,2025-07-08 12:00:00+02:00,0.0
2025,CO2/CO/NOx,2025-07-08 13:00:00+02:00,0.0
2025,CO2/CO/NOx,2025-07-08 14:00:00+02:00,0.0
2025,CO2/CO/NOx,2025-07-08 15:00:00+02:00,0.0
2025,CO2/CO/NOx,2025-07-08 16:00:00+02:00,0.0
2025,CO2/CO/NOx,2025-07-08 17:00:00+02:00,0.0
2025,CO2/CO/NOx,2025-07-08 18:00:00+02:00,0.0
2025,CO2/CO/NOx,2025-07-08 19:00:00+02:00,0.0
2025,CO2/CO/NOx,2025-07-08 20:00:00+02:00,0.0
2025,CO2/CO/NOx,2025-07-08 21:00:00+02:00,0.0
2025,CO2/CO/NOx,2025-07-08 22:00:00+02:00,0.0
2025,CO2/CO/NOx,2025-07-08 23:00:00+02:00,0.0
2025,CO2/CO/NOx,2025-07-09 00:00:00+02:00,0.0
2025,CO2/CO/NOx,2025-07-09 01:00:00+02:00,0.0
2025,CO2/CO/NOx,2025-07-09 02:00:00+02:00,0.0
2025,CO2/CO/NOx,2025-07-09 03:00:00+02:00,0.0
2025,CO2/CO/NOx,2025-07-09 04:00:00+02:00,0.0
2025,CO2/CO/NOx,2025-07-09 05:00:00+02:00,0.0
2025,CO2/CO/NOx,2025-07-09 06:00:00+02:00,0.0
2025,CO2/CO/NOx,2025-07-09 07:00:00+02:00,0.0
2025,CO2/CO/NOx,2025-07-09 08:00:00+02:00,0.0
2025,CO2/CO/NOx,2025-07-09 09:00:00+02:00,0.0
2025,CO2/CO/NOx,2025-07-09 10:00:00+02:00,0.0
2025,CO2/CO/NOx,2025-07-09 11:00:00+02:00,0.0
2025,CO2/CO/NOx,2025-07-09 12:00:00+02:00,0.0
2025,CO2/CO/NOx,2025-07-09 13:00:00+02:00,0.0
2025,CO2/CO/NOx,2025-07-09 14:00:00+02:00,0.0
2025,CO2/CO/NOx,2025-07-09 15:00:00+02:00,0.0
2025,CO2/CO/NOx,2025-07-09 16:00:00+02:00,0.0
2025,CO2/CO/NOx,2025-07-09 17:00:00+02:00,0.0
2025,CO2/CO/NOx,2025-07-09 18:00:00+02:00,0.0
2025,CO2/CO/NOx,2025-07-09 19:00:00+02:00,0.0
2025,CO2/CO/NOx,2025-07-09 20:00:00+02:00,0.0
2025,CO2/CO/NOx,2025-07-09 21:00:00+02:00,0.0
2025,CO2/CO/NOx,2025-07-09 22:00:00+02:00,0.0
2025,CO2/CO/NOx,2025-07-09 23:00:00+02:00,0.0
2025,CO2/CO/NOx,2025-07-10 00:00:00+02:00,0.0
2025,CO2/CO/NOx,2025-07-10 01:00:00+02:00,0.0
2025,CO2/CO/NOx,2025-07-10 02:00:00+02:00,0.0
2025,CO2/CO/NOx,2025-07-10 03:00:00+02:00,0.0
2025,CO2/CO/NOx,2025-07-10 04:00:00+02:00,0.0
2025,CO2/CO/NOx,2025-07-10 05:00:00+02:00,0.0
2025,CO2/CO/NOx,2025-07-10 06:00:00+02:00,0.0
2025,CO2/CO/NOx,2025-07-10 07:00:00+02:00,0.0
2025,CO2/CO/NOx,2025-07-10 08:00:00+02:00,0.0
2025,CO2/CO/NOx,2025-07-10 09:00:00+02:00,0.0
2025,CO2/CO/NOx,2025-07-10 10:00:00+02:00,0.0
2025,CO2/CO/NOx,2025-07-10 11:00:00+02:00,0.0
2025,CO2/CO/NOx,2025-07-10 12:00:00+02:00,0.0
2025,CO2/CO/NOx,2025-07-10 13:00:00+02:00,0.0
2025,CO2/CO/NOx,2025-07-10 14:00:00+02:00,0.0
2025,CO2/CO/NOx,2025-07-10 15:00:00+02:00,0.0
2025,CO2/CO/NOx,2025-07-10 16:00:00+02:00,0.0
2025,CO2/CO/NOx,2025-07-10 17:00:00+02:00,0.0
2025,CO2/CO/NOx,2025-07-10 18:00:00+02:00,0.0
2025,CO2/CO/NOx,2025-07-10 19:00:00+02:00,0.0
2025,CO2/CO/NOx,2025-07-10 20:00:00+02:00,0.0
2025,CO2/CO/NOx,2025-07-10 21:00:00+02:00,0.0
2025,CO2/CO/NOx,2025-07-10 22:00:00+02:00,0.0
2025,CO2/CO/NOx,2025-07-10 23:00:00+02:00,0.0
2025,CO2/CO/NOx,2025-07-11 00:00:00+02:00,0.0
2025,CO2/CO/NOx,2025-07-11 01:00:00+02:00,0.0
2025,CO2/CO/NOx,2025-07-11 02:00:00+02:00,0.0
2025,CO2/CO/NOx,2025-07-11 03:00:00+02:00,0.0
2025,CO2/CO/NOx,2025-07-11 04:00:00+02:00,0.0
2025,CO2/CO/NOx,2025-07-11 05:00:00+02:00,0.0
2025,CO2/CO/NOx,2025-07-11 06:00:00+02:00,0.0
2025,CO2/CO/NOx,2025-07-11 07:00:00+02:00,0.0
2025,CO2/CO/NOx,2025-07-11 08:00:00+02:00,0.0
2025,CO2/CO/NOx,2025-07-11 09:00:00+02:00,0.0
2025,CO2/CO/NOx,2025-07-11 10:00:00+02:00,0.0
2025,CO2/CO/NOx,2025-07-11 11:00:00+02:00,0.0
2025,CO2/CO/NOx,2025-07-11 12:00:00+02:00,0.0
2025,CO2/CO/NOx,2025-07-11 13:00:00+02:00,0.0
2025,CO2/CO/NOx,2025-07-11 14:00:00+02:00,0.0
2025,CO2/CO/NOx,2025-07-11 15:00:00+02:00,0.0
2025,CO2/CO/NOx,2025-07-11 16:00:00+02:00,0.0
2025,CO2/CO/NOx,2025-07-11 17:00:00+02:00,0.0
2025,CO2/CO/NOx,2025-07-11 18:00:00+02:00,0.0
2025,CO2/CO/NOx,2025-07-11 19:00:00+02:00,0.0
2025,CO2/CO/NOx,2025-07-11 20:00:00+02:00,0.0
2025,CO2/CO/NOx,2025-07-11 21:00:00+02:00,0.0
2025,CO2/CO/NOx,2025-07-11 22:00:00+02:00,0.0
2025,CO2/CO/NOx,2025-07-11 23:00:00+02:00,0.0
2025,CO2/CO/NOx,2025-07-12 00:00:00+02:00,0.0
2025,CO2/CO/NOx,2025-07-12 01:00:00+02:00,0.0
2025,CO2/CO/NOx,2025-07-12 02:00:00+02:00,0.0
2025,CO2/CO/NOx,2025-07-12 03:00:00+02:00,0.0
2025,CO2/CO/NOx,2025-07-12 04:00:00+02:00,0.0
2025,CO2/CO/NOx,2025-07-12 05:00:00+02:00,0.0
2025,CO2/CO/NOx,2025-07-12 06:00:00+02:00,0.0
2025,CO2/CO/NOx,2025-07-12 07:00:00+02:00,0.0
2025,CO2/CO/NOx,2025-07-12 08:00:00+02:00,0.0
2025,CO2/CO/NOx,2025-07-12 09:00:00+02:00,0.0
2025,CO2/CO/NOx,2025-07-12 10:00:00+02:00,0.0
2025,CO2/CO/NOx,2025-07-12 11:00:00+02:00,0.0
2025,CO2/CO/NOx,2025-07-12 12:00:00+02:00,0.0
2025,CO2/CO/NOx,2025-07-12 13:00:00+02:00,0.0
2025,CO2/CO/NOx,2025-07-12 14:00:00+02:00,0.0
2025,CO2/CO/NOx,2025-07-12 15:00:00+02:00,0.0
2025,CO2/CO/NOx,2025-07-12 16:00:00+02:00,0.0
2025,CO2/CO/NOx,2025-07-12 17:00:00+02:00,0.0
2025,CO2/CO/NOx,2025-07-12 18:00:00+02:00,0.0
2025,CO2/CO/NOx,2025-07-12 19:00:00+02:00,0.0
2025,CO2/CO/NOx,2025-07-12 20:00:00+02:00,0.0
2025,CO2/CO/NOx,2025-07-12 21:00:00+02:00,0.0
2025,CO2/CO/NOx,2025-07-12 22:00:00+02:00,0.0
2025,CO2/CO/NOx,2025-07-12 23:00:00+02:00,0.0
2025,CO2/CO/NOx,2025-07-13 00:00:00+02:00,0.0
2025,CO2/CO/NOx,2025-07-13 01:00:00+02:00,0.0
2025,CO2/CO/NOx,2025-07-13 02:00:00+02:00,0.0
2025,CO2/CO/NOx,2025-07-13 03:00:00+02:00,0.0
2025,CO2/CO/NOx,2025-07-13 04:00:00+02:00,0.0
2025,CO2/CO/NOx,2025-07-13 05:00:00+02:00,0.0
2025,CO2/CO/NOx,2025-07-13 06:00:00+02:00,0.0
2025,CO2/CO/NOx,2025-07-13 07:00:00+02:00,0.0
2025,CO2/CO/NOx,2025-07-13 08:00:00+02:00,0.0
2025,CO2/CO/NOx,2025-07-13 09:00:00+02:00,0.0
2025,CO2/CO/NOx,2025-07-13 10:00:00+02:00,0.0
2025,CO2/CO/NOx,2025-07-13 11:00:00+02:00,0.0
2025,CO2/CO/NOx,2025-07-13 12:00:00+02:00,0.0
2025,CO2/CO/NOx,2025-07-13 13:00:00+02:00,0.0
2025,CO2/CO/NOx,2025-07-13 14:00:00+02:00,0.0
2025,CO2/CO/NOx,2025-07-13 15:00:00+02:00,0.0
2025,CO2/CO/NOx,2025-07-13 16:00:00+02:00,0.0
2025,CO2/CO/NOx,2025-07-13 17:00:00+02:00,0.0
2025,CO2/CO/NOx,2025-07-13 18:00:00+02:00,0.0
2025,CO2/CO/NOx,2025-07-13 19:00:00+02:00,0.0
2025,CO2/CO/NOx,2025-07-13 20:00:00+02:00,0.0
2025,CO2/CO/NOx,2025-07-13 21:00:00+02:00,0.0
2025,CO2/CO/NOx,2025-07-13 22:00:00+02:00,0.0
2025,CO2/CO/NOx,2025-07-13 23:00:00+02:00,0.0
2025,CO2/CO/NOx,2025-07-14 00:00:00+02:00,0.0
2025,CO2/CO/NOx,2025-07-14 01:00:00+02:00,0.0
2025,CO2/CO/NOx,2025-07-14 02:00:00+02:00,0.0
2025,CO2/CO/NOx,2025-07-14 03:00:00+02:00,0.0
2025,CO2/CO/NOx,2025-07-14 04:00:00+02:00,0.0
2025,CO2/CO/NOx,2025-07-14 05:00:00+02:00,0.0
2025,CO2/CO/NOx,2025-07-14 06:00:00+02:00,0.0
2025,CO2/CO/NOx,2025-07-14 07:00:00+02:00,0.0
2025,CO2/CO/NOx,2025-07-14 08:00:00+02:00,0.0
2025,CO2/CO/NOx,2025-07-14 09:00:00+02:00,0.0
2025,CO2/CO/NOx,2025-07-14 10:00:00+02:00,0.0
2025,CO2/CO/NOx,2025-07-14 11:00:00+02:00,0.0
2025,CO2/CO/NOx,2025-07-14 12:00:00+02:00,0.0
2025,CO2/CO/NOx,2025-07-14 13:00:00+02:00,0.0
2025,CO2/CO/NOx,2025-07-14 14:00:00+02:00,0.0
2025,CO2/CO/NOx,2025-07-14 15:00:00+02:00,0.0
2025,CO2/CO/NOx,2025-07-14 16:00:00+02:00,0.0
2025,CO2/CO/NOx,2025-07-14 17:00:00+02:00,0.0
2025,CO2/CO/NOx,2025-07-14 18:00:00+02:00,0.0
2025,CO2/CO/NOx,2025-07-14 19:00:00+02:00,0.0
2025,CO2/CO/NOx,2025-07-14 20:00:00+02:00,0.0
2025,CO2/CO/NOx,2025-07-14 21:00:00+02:00,0.0
2025,CO2/CO/NOx,2025-07-14 22:00:00+02:00,0.0
2025,CO2/CO/NOx,2025-07-14 23:00:00+02:00,0.0
2025,CO2/CO/NOx,2025-07-15 00:00:00+02:00,0.0
2025,CO2/CO/NOx,2025-07-15 01:00:00+02:00,0.0
2025,CO2/CO/NOx,2025-07-15 02:00:00+02:00,0.0
2025,CO2/CO/NOx,2025-07-15 03:00:00+02:00,0.0
2025,CO2/CO/NOx,2025-07-15 04:00:00+02:00,0.0
2025,CO2/CO/NOx,2025-07-15 05:00:00+02:00,0.0
2025,CO2/CO/NOx,2025-07-15 06:00:00+02:00,0.0
2025,CO2/CO/NOx,2025-07-15 07:00:00+02:00,0.0
2025,CO2/CO/NOx,2025-07-15 08:00:00+02:00,0.0
2025,CO2/CO/NOx,2025-07-15 09:00:00+02:00,0.0
2025,CO2/CO/NOx,2025-07-15 10:00:00+02:00,0.0
2025,CO2/CO/NOx,2025-07-15 11:00:00+02:00,0.0
2025,CO2/CO/NOx,2025-07-15 12:00:00+02:00,0.0
2025,CO2/CO/NOx,2025-07-15 13:00:00+02:00,0.0
2025,CO2/CO/NOx,2025-07-15 14:00:00+02:00,0.0
2025,CO2/CO/NOx,2025-07-15 15:00:00+02:00,0.0
2025,CO2/CO/NOx,2025-07-15 16:00:00+02:00,0.0
2025,CO2/CO/NOx,2025-07-15 17:00:00+02:00,0.0
2025,CO2/CO/NOx,2025-07-15 18:00:00+02:00,0.0
2025,CO2/CO/NOx,2025-07-15 19:00:00+02:00,0.0
2025,CO2/CO/NOx,2025-07-15 20:00:00+02:00,0.0
2025,CO2/CO/NOx,2025-07-15 21:00:00+02:00,0.0
2025,CO2/CO/NOx,2025-07-15 22:00:00+02:00,0.0
2025,CO2/CO/NOx,2025-07-15 23:00:00+02:00,0.0
2025,CO2/CO/NOx,2025-07-16 00:00:00+02:00,0.0
2025,CO2/CO/NOx,2025-07-16 01:00:00+02:00,0.0
2025,CO2/CO/NOx,2025-07-16 02:00:00+02:00,0.0
2025,CO2/CO/NOx,2025-07-16 03:00:00+02:00,0.0
2025,CO2/CO/NOx,2025-07-16 04:00:00+02:00,0.0
2025,CO2/CO/NOx,2025-07-16 05:00:00+02:00,0.0
2025,CO2/CO/NOx,2025-07-16 06:00:00+02:00,0.0
2025,CO2/CO/NOx,2025-07-16 07:00:00+02:00,0.0
2025,CO2/CO/NOx,2025-07-16 08:00:00+02:00,0.0
2025,CO2/CO/NOx,2025-07-16 09:00:00+02:00,0.0
2025,CO2/CO/NOx,2025-07-16 10:00:00+02:00,0.0
2025,CO2/CO/NOx,2025-07-16 11:00:00+02:00,0.0
2025,CO2/CO/NOx,2025-07-16 12:00:00+02:00,0.0
2025,CO2/CO/NOx,2025-07-16 13:00:00+02:00,0.0
2025,CO2/CO/NOx,2025-07-16 14:00:00+02:00,0.0
2025,CO2/CO/NOx,2025-07-16 15:00:00+02:00,0.0
2025,CO2/CO/NOx,2025-07-16 16:00:00+02:00,0.0
2025,CO2/CO/NOx,2025-07-16 17:00:00+02:00,0.0
2025,CO2/CO/NOx,2025-07-16 18:00:00+02:00,0.0
2025,CO2/CO/NOx,2025-07-16 19:00:00+02:00,0.0
2025,CO2/CO/NOx,2025-07-16 20:00:00+02:00,0.0
2025,CO2/CO/NOx,2025-07-16 21:00:00+02:00,0.0
2025,CO2/CO/NOx,2025-07-16 22:00:00+02:00,0.0
2025,CO2/CO/NOx,2025-07-16 23:00:00+02:00,0.0
2025,CO2/CO/NOx,2025-07-17 00:00:00+02:00,0.0
2025,CO2/CO/NOx,2025-07-17 01:00:00+02:00,0.0
2025,CO2/CO/NOx,2025-07-17 02:00:00+02:00,0.0
2025,CO2/CO/NOx,2025-07-17 03:00:00+02:00,0.0
2025,CO2/CO/NOx,2025-07-17 04:00:00+02:00,0.0
2025,CO2/CO/NOx,2025-07-17 05:00:00+02:00,0.0
2025,CO2/CO/NOx,2025-07-17 06:00:00+02:00,0.0
2025,CO2/CO/NOx,2025-07-17 07:00:00+02:00,0.0
2025,CO2/CO/NOx,2025-07-17 08:00:00+02:00,0.0
2025,CO2/CO/NOx,2025-07-17 09:00:00+02:00,0.0
2025,CO2/CO/NOx,2025-07-17 10:00:00+02:00,0.0
2025,CO2/CO/NOx,2025-07-17 11:00:00+02:00,0.0
2025,CO2/CO/NOx,2025-07-17 12:00:00+02:00,0.0
2025,CO2/CO/NOx,2025-07-17 13:00:00+02:00,0.0
2025,CO2/CO/NOx,2025-07-17 14:00:00+02:00,0.0
2025,CO2/CO/NOx,2025-07-17 15:00:00+02:00,0.0
2025,CO2/CO/NOx,2025-07-17 16:00:00+02:00,0.0
2025,CO2/CO/NOx,2025-07-17 17:00:00+02:00,0.0
2025,CO2/CO/NOx,2025-07-17 18:00:00+02:00,0.0
2025,CO2/CO/NOx,2025-07-17 19:00:00+02:00,0.0
2025,CO2/CO/NOx,2025-07-17 20:00:00+02:00,0.0
2025,CO2/CO/NOx,2025-07-17 21:00:00+02:00,0.0
2025,CO2/CO/NOx,2025-07-17 22:00:00+02:00,0.0
2025,CO2/CO/NOx,2025-07-17 23:00:00+02:00,0.0
2025,CO2/CO/NOx,2025-07-18 00:00:00+02:00,0.0
2025,CO2/CO/NOx,2025-07-18 01:00:00+02:00,0.0
2025,CO2/CO/NOx,2025-07-18 02:00:00+02:00,0.0
2025,CO2/CO/NOx,2025-07-18 03:00:00+02:00,0.0
2025,CO2/CO/NOx,2025-07-18 04:00:00+02:00,0.0
2025,CO2/CO/NOx,2025-07-18 05:00:00+02:00,0.0
2025,CO2/CO/NOx,2025-07-18 06:00:00+02:00,0.0
2025,CO2/CO/NOx,2025-07-18 07:00:00+02:00,0.0
2025,CO2/CO/NOx,2025-07-18 08:00:00+02:00,0.0
2025,CO2/CO/NOx,2025-07-18 09:00:00+02:00,0.0
2025,CO2/CO/NOx,2025-07-18 10:00:00+02:00,0.0
2025,CO2/CO/NOx,2025-07-18 11:00:00+02:00,0.0
2025,CO2/CO/NOx,2025-07-18 12:00:00+02:00,0.0
2025,CO2/CO/NOx,2025-07-18 13:00:00+02:00,0.0
2025,CO2/CO/NOx,2025-07-18 14:00:00+02:00,0.0
2025,CO2/CO/NOx,2025-07-18 15:00:00+02:00,0.0
2025,CO2/CO/NOx,2025-07-18 16:00:00+02:00,0.0
2025,CO2/CO/NOx,2025-07-18 17:00:00+02:00,0.0
2025,CO2/CO/NOx,2025-07-18 18:00:00+02:00,0.0
2025,CO2/CO/NOx,2025-07-18 19:00:00+02:00,0.0
2025,CO2/CO/NOx,2025-07-18 20:00:00+02:00,0.0
2025,CO2/CO/NOx,2025-07-18 21:00:00+02:00,0.0
2025,CO2/CO/NOx,2025-07-18 22:00:00+02:00,0.0
2025,CO2/CO/NOx,2025-07-18 23:00:00+02:00,0.0
2025,CO2/CO/NOx,2025-07-19 00:00:00+02:00,0.0
2025,CO2/CO/NOx,2025-07-19 01:00:00+02:00,0.0
2025,CO2/CO/NOx,2025-07-19 02:00:00+02:00,0.0
2025,CO2/CO/NOx,2025-07-19 03:00:00+02:00,0.0
2025,CO2/CO/NOx,2025-07-19 04:00:00+02:00,0.0
2025,CO2/CO/NOx,2025-07-19 05:00:00+02:00,0.0
2025,CO2/CO/NOx,2025-07-19 06:00:00+02:00,0.0
2025,CO2/CO/NOx,2025-07-19 07:00:00+02:00,0.0
2025,CO2/CO/NOx,2025-07-19 08:00:00+02:00,0.0
2025,CO2/CO/NOx,2025-07-19 09:00:00+02:00,0.0
2025,CO2/CO/NOx,2025-07-19 10:00:00+02:00,0.0
2025,CO2/CO/NOx,2025-07-19 11:00:00+02:00,0.0
2025,CO2/CO/NOx,2025-07-19 12:00:00+02:00,0.0
2025,CO2/CO/NOx,2025-07-19 13:00:00+02:00,0.0
2025,CO2/CO/NOx,2025-07-19 14:00:00+02:00,0.0
2025,CO2/CO/NOx,2025-07-19 15:00:00+02:00,0.0
2025,CO2/CO/NOx,2025-07-19 16:00:00+02:00,0.0
2025,CO2/CO/NOx,2025-07-19 17:00:00+02:00,0.0
2025,CO2/CO/NOx,2025-07-19 18:00:00+02:00,0.0
2025,CO2/CO/NOx,2025-07-19 19:00:00+02:00,0.0
2025,CO2/CO/NOx,2025-07-19 20:00:00+02:00,0.0
2025,CO2/CO/NOx,2025-07-19 21:00:00+02:00,0.0
2025,CO2/CO/NOx,2025-07-19 22:00:00+02:00,0.0
2025,CO2/CO/NOx,2025-07-19 23:00:00+02:00,0.0
2025,CO2/CO/NOx,2025-07-20 00:00:00+02:00,0.0
2025,CO2/CO/NOx,2025-07-20 01:00:00+02:00,0.0
2025,CO2/CO/NOx,2025-07-20 02:00:00+02:00,0.0
2025,CO2/CO/NOx,2025-07-20 03:00:00+02:00,0.0
2025,CO2/CO/NOx,2025-07-20 04:00:00+02:00,0.0
2025,CO2/CO/NOx,2025-07-20 05:00:00+02:00,0.0
2025,CO2/CO/NOx,2025-07-20 06:00:00+02:00,0.0
2025,CO2/CO/NOx,2025-07-20 07:00:00+02:00,0.0
2025,CO2/CO/NOx,2025-07-20 08:00:00+02:00,0.0
2025,CO2/CO/NOx,2025-07-20 09:00:00+02:00,0.0
2025,CO2/CO/NOx,2025-07-20 10:00:00+02:00,0.0
2025,CO2/CO/NOx,2025-07-20 11:00:00+02:00,0.0
2025,CO2/CO/NOx,2025-07-20 12:00:00+02:00,0.0
2025,CO2/CO/NOx,2025-07-20 13:00:00+02:00,0.0
2025,CO2/CO/NOx,2025-07-20 14:00:00+02:00,0.0
2025,CO2/CO/NOx,2025-07-20 15:00:00+02:00,0.0
2025,CO2/CO/NOx,2025-07-20 16:00:00+02:00,0.0
2025,CO2/CO/NOx,2025-07-20 17:00:00+02:00,0.0
2025,CO2/CO/NOx,2025-07-20 18:00:00+02:00,0.0
2025,CO2/CO/NOx,2025-07-20 19:00:00+02:00,0.0
2025,CO2/CO/NOx,2025-07-20 20:00:00+02:00,0.0
2025,CO2/CO/NOx,2025-07-20 21:00:00+02:00,0.0
2025,CO2/CO/NOx,2025-07-20 22:00:00+02:00,0.0
2025,CO2/CO/NOx,2025-07-20 23:00:00+02:00,0.0
2025,CO2/CO/NOx,2025-07-21 00:00:00+02:00,0.0
2025,CO2/CO/NOx,2025-07-21 01:00:00+02:00,0.0
2025,CO2/CO/NOx,2025-07-21 02:00:00+02:00,0.0
2025,CO2/CO/NOx,2025-07-21 03:00:00+02:00,0.0
2025,CO2/CO/NOx,2025-07-21 04:00:00+02:00,0.0
2025,CO2/CO/NOx,2025-07-21 05:00:00+02:00,0.0
2025,CO2/CO/NOx,2025-07-21 06:00:00+02:00,0.0
2025,CO2/CO/NOx,2025-07-21 07:00:00+02:00,0.0
2025,CO2/CO/NOx,2025-07-21 08:00:00+02:00,0.0
2025,CO2/CO/NOx,2025-07-21 09:00:00+02:00,0.0
2025,CO2/CO/NOx,2025-07-21 10:00:00+02:00,0.0
2025,CO2/CO/NOx,2025-07-21 11:00:00+02:00,0.0
2025,CO2/CO/NOx,2025-07-21 12:00:00+02:00,0.0
2025,CO2/CO/NOx,2025-07-21 13:00:00+02:00,0.0
2025,CO2/CO/NOx,2025-07-21 14:00:00+02:00,0.0
2025,CO2/CO/NOx,2025-07-21 15:00:00+02:00,0.0
2025,CO2/CO/NOx,2025-07-21 16:00:00+02:00,0.0
2025,CO2/CO/NOx,2025-07-21 17:00:00+02:00,0.0
2025,CO2/CO/NOx,2025-07-21 18:00:00+02:00,0.0
2025,CO2/CO/NOx,2025-07-21 19:00:00+02:00,0.0
2025,CO2/CO/NOx,2025-07-21 20:00:00+02:00,0.0
2025,CO2/CO/NOx,2025-07-21 21:00:00+02:00,0.0
2025,CO2/CO/NOx,2025-07-21 22:00:00+02:00,0.0
2025,CO2/CO/NOx,2025-07-21 23:00:00+02:00,0.0
2025,CO2/CO/NOx,2025-07-22 00:00:00+02:00,0.0
2025,CO2/CO/NOx,2025-07-22 01:00:00+02:00,0.0
2025,CO2/CO/NOx,2025-07-22 02:00:00+02:00,0.0
2025,CO2/CO/NOx,2025-07-22 03:00:00+02:00,0.0
2025,CO2/CO/NOx,2025-07-22 04:00:00+02:00,0.0
2025,CO2/CO/NOx,2025-07-22 05:00:00+02:00,0.0
2025,CO2/CO/NOx,2025-07-22 06:00:00+02:00,0.0
2025,CO2/CO/NOx,2025-07-22 07:00:00+02:00,0.0
2025,CO2/CO/NOx,2025-07-22 08:00:00+02:00,0.0
2025,CO2/CO/NOx,2025-07-22 09:00:00+02:00,0.0
2025,CO2/CO/NOx,2025-07-22 10:00:00+02:00,0.0
2025,CO2/CO/NOx,2025-07-22 11:00:00+02:00,0.0
2025,CO2/CO/NOx,2025-07-22 12:00:00+02:00,0.0
2025,CO2/CO/NOx,2025-07-22 13:00:00+02:00,0.0
2025,CO2/CO/NOx,2025-07-22 14:00:00+02:00,0.0
2025,CO2/CO/NOx,2025-07-22 15:00:00+02:00,0.0
2025,CO2/CO/NOx,2025-07-22 16:00:00+02:00,0.0
2025,CO2/CO/NOx,2025-07-22 17:00:00+02:00,0.0
2025,CO2/CO/NOx,2025-07-22 18:00:00+02:00,0.0
2025,CO2/CO/NOx,2025-07-22 19:00:00+02:00,0.0
2025,CO2/CO/NOx,2025-07-22 20:00:00+02:00,0.0
2025,CO2/CO/NOx,2025-07-22 21:00:00+02:00,0.0
2025,CO2/CO/NOx,2025-07-22 22:00:00+02:00,0.0
2025,CO2/CO/NOx,2025-07-22 23:00:00+02:00,0.0
2025,CO2/CO/NOx,2025-07-23 00:00:00+02:00,0.0
2025,CO2/CO/NOx,2025-07-23 01:00:00+02:00,0.0
2025,CO2/CO/NOx,2025-07-23 02:00:00+02:00,0.0
2025,CO2/CO/NOx,2025-07-23 03:00:00+02:00,0.0
2025,CO2/CO/NOx,2025-07-23 04:00:00+02:00,0.0
2025,CO2/CO/NOx,2025-07-23 05:00:00+02:00,0.0
2025,CO2/CO/NOx,2025-07-23 06:00:00+02:00,0.0
2025,CO2/CO/NOx,2025-07-23 07:00:00+02:00,0.0
2025,CO2/CO/NOx,2025-07-23 08:00:00+02:00,0.0
2025,CO2/CO/NOx,2025-07-23 09:00:00+02:00,0.0
2025,CO2/CO/NOx,2025-07-23 10:00:00+02:00,0.0
2025,CO2/CO/NOx,2025-07-23 11:00:00+02:00,0.0
2025,CO2/CO/NOx,2025-07-23 12:00:00+02:00,0.0
2025,CO2/CO/NOx,2025-07-23 13:00:00+02:00,0.0
2025,CO2/CO/NOx,2025-07-23 14:00:00+02:00,0.0
2025,CO2/CO/NOx,2025-07-23 15:00:00+02:00,0.0
2025,CO2/CO/NOx,2025-07-23 16:00:00+02:00,0.0
2025,CO2/CO/NOx,2025-07-23 17:00:00+02:00,0.0
2025,CO2/CO/NOx,2025-07-23 18:00:00+02:00,0.0
2025,CO2/CO/NOx,2025-07-23 19:00:00+02:00,0.0
2025,CO2/CO/NOx,2025-07-23 20:00:00+02:00,0.0
2025,CO2/CO/NOx,2025-07-23 21:00:00+02:00,0.0
2025,CO2/CO/NOx,2025-07-23 22:00:00+02:00,0.0
2025,CO2/CO/NOx,2025-07-23 23:00:00+02:00,0.0
2025,CO2/CO/NOx,2025-07-24 00:00:00+02:00,0.0
2025,CO2/CO/NOx,2025-07-24 01:00:00+02:00,0.0
2025,CO2/CO/NOx,2025-07-24 02:00:00+02:00,0.0
2025,CO2/CO/NOx,2025-07-24 03:00:00+02:00,0.0
2025,CO2/CO/NOx,2025-07-24 04:00:00+02:00,0.0
2025,CO2/CO/NOx,2025-07-24 05:00:00+02:00,0.0
2025,CO2/CO/NOx,2025-07-24 06:00:00+02:00,0.0
2025,CO2/CO/NOx,2025-07-24 07:00:00+02:00,0.0
2025,CO2/CO/NOx,2025-07-24 08:00:00+02:00,0.0
2025,CO2/CO/NOx,2025-07-24 09:00:00+02:00,0.0
2025,CO2/CO/NOx,2025-07-24 10:00:00+02:00,0.0
2025,CO2/CO/NOx,2025-07-24 11:00:00+02:00,0.0
2025,CO2/CO/NOx,2025-07-24 12:00:00+02:00,0.0
2025,CO2/CO/NOx,2025-07-24 13:00:00+02:00,0.0
2025,CO2/CO/NOx,2025-07-24 14:00:00+02:00,0.0
2025,CO2/CO/NOx,2025-07-24 15:00:00+02:00,0.0
2025,CO2/CO/NOx,2025-07-24 16:00:00+02:00,0.0
2025,CO2/CO/NOx,2025-07-24 17:00:00+02:00,0.0
2025,CO2/CO/NOx,2025-07-24 18:00:00+02:00,0.0
2025,CO2/CO/NOx,2025-07-24 19:00:00+02:00,0.0
2025,CO2/CO/NOx,2025-07-24 20:00:00+02:00,0.0
2025,CO2/CO/NOx,2025-07-24 21:00:00+02:00,0.0
2025,CO2/CO/NOx,2025-07-24 22:00:00+02:00,0.0
2025,CO2/CO/NOx,2025-07-24 23:00:00+02:00,0.0
2025,CO2/CO/NOx,2025-07-25 00:00:00+02:00,0.0
2025,CO2/CO/NOx,2025-07-25 01:00:00+02:00,0.0
2025,CO2/CO/NOx,2025-07-25 02:00:00+02:00,0.0
2025,CO2/CO/NOx,2025-07-25 03:00:00+02:00,0.0
2025,CO2/CO/NOx,2025-07-25 04:00:00+02:00,0.0
2025,CO2/CO/NOx,2025-07-25 05:00:00+02:00,0.0
2025,CO2/CO/NOx,2025-07-25 06:00:00+02:00,0.0
2025,CO2/CO/NOx,2025-07-25 07:00:00+02:00,0.0
2025,CO2/CO/NOx,2025-07-25 08:00:00+02:00,0.0
2025,CO2/CO/NOx,2025-07-25 09:00:00+02:00,0.0
2025,CO2/CO/NOx,2025-07-25 10:00:00+02:00,0.0
2025,CO2/CO/NOx,2025-07-25 11:00:00+02:00,0.0
2025,CO2/CO/NOx,2025-07-25 12:00:00+02:00,0.0
2025,CO2/CO/NOx,2025-07-25 13:00:00+02:00,0.0
2025,CO2/CO/NOx,2025-07-25 14:00:00+02:00,0.0
2025,CO2/CO/NOx,2025-07-25 15:00:00+02:00,0.0
2025,CO2/CO/NOx,2025-07-25 16:00:00+02:00,0.0
2025,CO2/CO/NOx,2025-07-25 17:00:00+02:00,0.0
2025,CO2/CO/NOx,2025-07-25 18:00:00+02:00,0.0
2025,CO2/CO/NOx,2025-07-25 19:00:00+02:00,0.0
2025,CO2/CO/NOx,2025-07-25 20:00:00+02:00,0.0
2025,CO2/CO/NOx,2025-07-25 21:00:00+02:00,0.0
2025,CO2/CO/NOx,2025-07-25 22:00:00+02:00,0.0
2025,CO2/CO/NOx,2025-07-25 23:00:00+02:00,0.0
2025,CO2/CO/NOx,2025-07-26 00:00:00+02:00,0.0
2025,CO2/CO/NOx,2025-07-26 01:00:00+02:00,0.0
2025,CO2/CO/NOx,2025-07-26 02:00:00+02:00,0.0
2025,CO2/CO/NOx,2025-07-26 03:00:00+02:00,0.0
2025,CO2/CO/NOx,2025-07-26 04:00:00+02:00,0.0
2025,CO2/CO/NOx,2025-07-26 05:00:00+02:00,0.0
2025,CO2/CO/NOx,2025-07-26 06:00:00+02:00,0.0
2025,CO2/CO/NOx,2025-07-26 07:00:00+02:00,0.0
2025,CO2/CO/NOx,2025-07-26 08:00:00+02:00,0.0
2025,CO2/CO/NOx,2025-07-26 09:00:00+02:00,0.0
2025,CO2/CO/NOx,2025-07-26 10:00:00+02:00,0.0
2025,CO2/CO/NOx,2025-07-26 11:00:00+02:00,0.0
2025,CO2/CO/NOx,2025-07-26 12:00:00+02:00,0.0
2025,CO2/CO/NOx,2025-07-26 13:00:00+02:00,0.0
2025,CO2/CO/NOx,2025-07-26 14:00:00+02:00,0.0
2025,CO2/CO/NOx,2025-07-26 15:00:00+02:00,0.0
2025,CO2/CO/NOx,2025-07-26 16:00:00+02:00,0.0
2025,CO2/CO/NOx,2025-07-26 17:00:00+02:00,0.0
2025,CO2/CO/NOx,2025-07-26 18:00:00+02:00,0.0
2025,CO2/CO/NOx,2025-07-26 19:00:00+02:00,0.0
2025,CO2/CO/NOx,2025-07-26 20:00:00+02:00,0.0
2025,CO2/CO/NOx,2025-07-26 21:00:00+02:00,0.0
2025,CO2/CO/NOx,2025-07-26 22:00:00+02:00,0.0
2025,CO2/CO/NOx,2025-07-26 23:00:00+02:00,0.0
2025,CO2/CO/NOx,2025-07-27 00:00:00+02:00,0.0
2025,CO2/CO/NOx,2025-07-27 01:00:00+02:00,0.0
2025,CO2/CO/NOx,2025-07-27 02:00:00+02:00,0.0
2025,CO2/CO/NOx,2025-07-27 03:00:00+02:00,0.0
2025,CO2/CO/NOx,2025-07-27 04:00:00+02:00,0.0
2025,CO2/CO/NOx,2025-07-27 05:00:00+02:00,0.0
2025,CO2/CO/NOx,2025-07-27 06:00:00+02:00,0.0
2025,CO2/CO/NOx,2025-07-27 07:00:00+02:00,0.0
2025,CO2/CO/NOx,2025-07-27 08:00:00+02:00,0.0
2025,CO2/CO/NOx,2025-07-27 09:00:00+02:00,0.0
2025,CO2/CO/NOx,2025-07-27 10:00:00+02:00,0.0
2025,CO2/CO/NOx,2025-07-27 11:00:00+02:00,0.0
2025,CO2/CO/NOx,2025-07-27 12:00:00+02:00,0.0
2025,CO2/CO/NOx,2025-07-27 13:00:00+02:00,0.0
2025,CO2/CO/NOx,2025-07-27 14:00:00+02:00,0.0
2025,CO2/CO/NOx,2025-07-27 15:00:00+02:00,0.0
2025,CO2/CO/NOx,2025-07-27 16:00:00+02:00,0.0
2025,CO2/CO/NOx,2025-07-27 17:00:00+02:00,0.0
2025,CO2/CO/NOx,2025-07-27 18:00:00+02:00,0.0
2025,CO2/CO/NOx,2025-07-27 19:00:00+02:00,0.0
2025,CO2/CO/NOx,2025-07-27 20:00:00+02:00,0.0
2025,CO2/CO/NOx,2025-07-27 21:00:00+02:00,0.0
2025,CO2/CO/NOx,2025-07-27 22:00:00+02:00,0.0
2025,CO2/CO/NOx,2025-07-27 23:00:00+02:00,0.0
2025,CO2/CO/NOx,2025-07-28 00:00:00+02:00,0.0
2025,CO2/CO/NOx,2025-07-28 01:00:00+02:00,0.0
2025,CO2/CO/NOx,2025-07-28 02:00:00+02:00,0.0
2025,CO2/CO/NOx,2025-07-28 03:00:00+02:00,0.0
2025,CO2/CO/NOx,2025-07-28 04:00:00+02:00,0.0
2025,CO2/CO/NOx,2025-07-28 05:00:00+02:00,0.0
2025,CO2/CO/NOx,2025-07-28 06:00:00+02:00,0.0
2025,CO2/CO/NOx,2025-07-28 07:00:00+02:00,0.0
2025,CO2/CO/NOx,2025-07-28 08:00:00+02:00,0.0
2025,CO2/CO/NOx,2025-07-28 09:00:00+02:00,0.0
2025,CO2/CO/NOx,2025-07-28 10:00:00+02:00,0.0
2025,CO2/CO/NOx,2025-07-28 11:00:00+02:00,0.0
2025,CO2/CO/NOx,2025-07-28 12:00:00+02:00,0.0
2025,CO2/CO/NOx,2025-07-28 13:00:00+02:00,0.0
2025,CO2/CO/NOx,2025-07-28 14:00:00+02:00,0.0
2025,CO2/CO/NOx,2025-07-28 15:00:00+02:00,0.0
2025,CO2/CO/NOx,2025-07-28 16:00:00+02:00,0.0
2025,CO2/CO/NOx,2025-07-28 17:00:00+02:00,0.0
2025,CO2/CO/NOx,2025-07-28 18:00:00+02:00,0.0
2025,CO2/CO/NOx,2025-07-28 19:00:00+02:00,0.0
2025,CO2/CO/NOx,2025-07-28 20:00:00+02:00,0.0
2025,CO2/CO/NOx,2025-07-28 21:00:00+02:00,0.0
2025,CO2/CO/NOx,2025-07-28 22:00:00+02:00,0.0
2025,CO2/CO/NOx,2025-07-28 23:00:00+02:00,0.0
2025,CO2/CO/NOx,2025-07-29 00:00:00+02:00,0.0
2025,CO2/CO/NOx,2025-07-29 01:00:00+02:00,0.0
2025,CO2/CO/NOx,2025-07-29 02:00:00+02:00,0.0
2025,CO2/CO/NOx,2025-07-29 03:00:00+02:00,0.0
2025,CO2/CO/NOx,2025-07-29 04:00:00+02:00,0.0
2025,CO2/CO/NOx,2025-07-29 05:00:00+02:00,0.0
2025,CO2/CO/NOx,2025-07-29 06:00:00+02:00,0.0
2025,CO2/CO/NOx,2025-07-29 07:00:00+02:00,0.0
2025,CO2/CO/NOx,2025-07-29 08:00:00+02:00,0.0
2025,CO2/CO/NOx,2025-07-29 09:00:00+02:00,0.0
2025,CO2/CO/NOx,2025-07-29 10:00:00+02:00,0.0
2025,CO2/CO/NOx,2025-07-29 11:00:00+02:00,0.0
2025,CO2/CO/NOx,2025-07-29 12:00:00+02:00,0.0
2025,CO2/CO/NOx,2025-07-29 13:00:00+02:00,0.0
2025,CO2/CO/NOx,2025-07-29 14:00:00+02:00,0.0
2025,CO2/CO/NOx,2025-07-29 15:00:00+02:00,0.0
2025,CO2/CO/NOx,2025-07-29 16:00:00+02:00,0.0
2025,CO2/CO/NOx,2025-07-29 17:00:00+02:00,0.0
2025,CO2/CO/NOx,2025-07-29 18:00:00+02:00,0.0
2025,CO2/CO/NOx,2025-07-29 19:00:00+02:00,0.0
2025,CO2/CO/NOx,2025-07-29 20:00:00+02:00,0.0
2025,CO2/CO/NOx,2025-07-29 21:00:00+02:00,0.0
2025,CO2/CO/NOx,2025-07-29 22:00:00+02:00,0.0
2025,CO2/CO/NOx,2025-07-29 23:00:00+02:00,0.0
2025,CO2/CO/NOx,2025-07-30 00:00:00+02:00,0.0
2025,CO2/CO/NOx,2025-07-30 01:00:00+02:00,0.0
2025,CO2/CO/NOx,2025-07-30 02:00:00+02:00,0.0
2025,CO2/CO/NOx,2025-07-30 03:00:00+02:00,0.0
2025,CO2/CO/NOx,2025-07-30 04:00:00+02:00,0.0
2025,CO2/CO/NOx,2025-07-30 05:00:00+02:00,0.0
2025,CO2/CO/NOx,2025-07-30 06:00:00+02:00,0.0
2025,CO2/CO/NOx,2025-07-30 07:00:00+02:00,0.0
2025,CO2/CO/NOx,2025-07-30 08:00:00+02:00,0.0
2025,CO2/CO/NOx,2025-07-30 09:00:00+02:00,0.0
2025,CO2/CO/NOx,2025-07-30 10:00:00+02:00,0.0
2025,CO2/CO/NOx,2025-07-30 11:00:00+02:00,0.0
2025,CO2/CO/NOx,2025-07-30 12:00:00+02:00,0.0
2025,CO2/CO/NOx,2025-07-30 13:00:00+02:00,0.0
2025,CO2/CO/NOx,2025-07-30 14:00:00+02:00,0.0
2025,CO2/CO/NOx,2025-07-30 15:00:00+02:00,0.0
2025,CO2/CO/NOx,2025-07-30 16:00:00+02:00,0.0
2025,CO2/CO/NOx,2025-07-30 17:00:00+02:00,0.0
2025,CO2/CO/NOx,2025-07-30 18:00:00+02:00,0.0
2025,CO2/CO/NOx,2025-07-30 19:00:00+02:00,0.0
2025,CO2/CO/NOx,2025-07-30 20:00:00+02:00,0.0
2025,CO2/CO/NOx,2025-07-30 21:00:00+02:00,0.0
2025,CO2/CO/NOx,2025-07-30 22:00:00+02:00,0.0
2025,CO2/CO/NOx,2025-07-30 23:00:00+02:00,0.0
2025,CO2/CO/NOx,2025-07-31 00:00:00+02:00,0.0
2025,CO2/CO/NOx,2025-07-31 01:00:00+02:00,0.0
2025,CO2/CO/NOx,2025-07-31 02:00:00+02:00,0.0
2025,CO2/CO/NOx,2025-07-31 03:00:00+02:00,0.0
2025,CO2/CO/NOx,2025-07-31 04:00:00+02:00,0.0
2025,CO2/CO/NOx,2025-07-31 05:00:00+02:00,0.0
2025,CO2/CO/NOx,2025-07-31 06:00:00+02:00,0.0
2025,CO2/CO/NOx,2025-07-31 07:00:00+02:00,0.0
2025,CO2/CO/NOx,2025-07-31 08:00:00+02:00,0.0
2025,CO2/CO/NOx,2025-07-31 09:00:00+02:00,0.0
2025,CO2/CO/NOx,2025-07-31 10:00:00+02:00,0.0
2025,CO2/CO/NOx,2025-07-31 11:00:00+02:00,0.28234485
2025,CO2/CO/NOx,2025-07-31 12:00:00+02:00,1.254866
2025,CO2/CO/NOx,2025-07-31 13:00:00+02:00,1.4430959
2025,CO2/CO/NOx,2025-07-31 14:00:00+02:00,1.6626974
2025,CO2/CO/NOx,2025-07-31 15:00:00+02:00,2.1332722
2025,CO2/CO/NOx,2025-07-31 16:00:00+02:00,2.2117014
2025,CO2/CO/NOx,2025-07-31 17:00:00+02:00,2.3999312
2025,CO2/CO/NOx,2025-07-31 18:00:00+02:00,2.776391
2025,CO2/CO/NOx,2025-07-31 19:00:00+02:00,2.8234484
2025,CO2/CO/NOx,2025-07-31 20:00:00+02:00,2.9175634
2025,CO2/CO/NOx,2025-07-31 21:00:00+02:00,2.9646208
2025,CO2/CO/NOx,2025-07-31 22:00:00+02:00,2.588161
2025,CO2/CO/NOx,2025-07-31 23:00:00+02:00,2.0077856
2025,CO2/CO/NOx,2025-08-01 00:00:00+02:00,1.8509274
2025,CO2/CO/NOx,2025-08-01 01:00:00+02:00,1.8509274
2025,CO2/CO/NOx,2025-08-01 02:00:00+02:00,1.8509274
2025,CO2/CO/NOx,2025-08-01 03:00:00+02:00,1.8509274
2025,CO2/CO/NOx,2025-08-01 04:00:00+02:00,1.882299
2025,CO2/CO/NOx,2025-08-01 05:00:00+02:00,1.9136707
2025,CO2/CO/NOx,2025-08-01 06:00:00+02:00,1.9293565
2025,CO2/CO/NOx,2025-08-01 07:00:00+02:00,1.9136707
2025,CO2/CO/NOx,2025-08-01 08:00:00+02:00,1.9136707
2025,CO2/CO/NOx,2025-08-01 09:00:00+02:00,1.9136707
2025,CO2/CO/NOx,2025-08-01 10:00:00+02:00,0.988207
2025,CO2/CO/NOx,2025-08-01 11:00:00+02:00,0.0
2025,CO2/CO/NOx,2025-08-01 12:00:00+02:00,0.0
2025,CO2/CO/NOx,2025-08-01 13:00:00+02:00,0.0
2025,CO2/CO/NOx,2025-08-01 14:00:00+02:00,0.0
2025,CO2/CO/NOx,2025-08-01 15:00:00+02:00,0.0
2025,CO2/CO/NOx,2025-08-01 16:00:00+02:00,0.0
2025,CO2/CO/NOx,2025-08-01 17:00:00+02:00,0.0
2025,CO2/CO/NOx,2025-08-01 18:00:00+02:00,0.0
2025,CO2/CO/NOx,2025-08-01 19:00:00+02:00,0.0
2025,CO2/CO/NOx,2025-08-01 20:00:00+02:00,0.0
2025,CO2/CO/NOx,2025-08-01 21:00:00+02:00,0.0
2025,CO2/CO/NOx,2025-08-01 22:00:00+02:00,0.0
2025,CO2/CO/NOx,2025-08-01 23:00:00+02:00,0.0
2025,CO2/CO/NOx,2025-08-02 00:00:00+02:00,0.0
2025,CO2/CO/NOx,2025-08-02 01:00:00+02:00,0.0
2025,CO2/CO/NOx,2025-08-02 02:00:00+02:00,0.0
2025,CO2/CO/NOx,2025-08-02 03:00:00+02:00,0.0
2025,CO2/CO/NOx,2025-08-02 04:00:00+02:00,0.0
2025,CO2/CO/NOx,2025-08-02 05:00:00+02:00,0.0
2025,CO2/CO/NOx,2025-08-02 06:00:00+02:00,0.0
2025,CO2/CO/NOx,2025-08-02 07:00:00+02:00,0.0
2025,CO2/CO/NOx,2025-08-02 08:00:00+02:00,0.0
2025,CO2/CO/NOx,2025-08-02 09:00:00+02:00,0.0
2025,CO2/CO/NOx,2025-08-02 10:00:00+02:00,0.0
2025,CO2/CO/NOx,2025-08-02 11:00:00+02:00,0.0
2025,CO2/CO/NOx,2025-08-02 12:00:00+02:00,0.0
2025,CO2/CO/NOx,2025-08-02 13:00:00+02:00,0.0
2025,CO2/CO/NOx,2025-08-02 14:00:00+02:00,0.0
2025,CO2/CO/NOx,2025-08-02 15:00:00+02:00,0.0
2025,CO2/CO/NOx,2025-08-02 16:00:00+02:00,0.0
2025,CO2/CO/NOx,2025-08-02 17:00:00+02:00,0.0
2025,CO2/CO/NOx,2025-08-02 18:00:00+02:00,0.0
2025,CO2/CO/NOx,2025-08-02 19:00:00+02:00,0.0
2025,CO2/CO/NOx,2025-08-02 20:00:00+02:00,0.0
2025,CO2/CO/NOx,2025-08-02 21:00:00+02:00,0.0
2025,CO2/CO/NOx,2025-08-02 22:00:00+02:00,0.0
2025,CO2/CO/NOx,2025-08-02 23:00:00+02:00,0.0
2025,CO2/CO/NOx,2025-08-03 00:00:00+02:00,0.0
2025,CO2/CO/NOx,2025-08-03 01:00:00+02:00,0.0
2025,CO2/CO/NOx,2025-08-03 02:00:00+02:00,0.0
2025,CO2/CO/NOx,2025-08-03 03:00:00+02:00,0.0
2025,CO2/CO/NOx,2025-08-03 04:00:00+02:00,0.0
2025,CO2/CO/NOx,2025-08-03 05:00:00+02:00,0.0
2025,CO2/CO/NOx,2025-08-03 06:00:00+02:00,0.0
2025,CO2/CO/NOx,2025-08-03 07:00:00+02:00,0.0
2025,CO2/CO/NOx,2025-08-03 08:00:00+02:00,0.0
2025,CO2/CO/NOx,2025-08-03 09:00:00+02:00,0.0
2025,CO2/CO/NOx,2025-08-03 10:00:00+02:00,0.0
2025,CO2/CO/NOx,2025-08-03 11:00:00+02:00,0.0
2025,CO2/CO/NOx,2025-08-03 12:00:00+02:00,0.0
2025,CO2/CO/NOx,2025-08-03 13:00:00+02:00,0.0
2025,CO2/CO/NOx,2025-08-03 14:00:00+02:00,0.0
2025,CO2/CO/NOx,2025-08-03 15:00:00+02:00,0.0
2025,CO2/CO/NOx,2025-08-03 16:00:00+02:00,0.0
2025,CO2/CO/NOx,2025-08-03 17:00:00+02:00,0.0
2025,CO2/CO/NOx,2025-08-03 18:00:00+02:00,0.0
2025,CO2/CO/NOx,2025-08-03 19:00:00+02:00,0.0
2025,CO2/CO/NOx,2025-08-03 20:00:00+02:00,0.0
2025,CO2/CO/NOx,2025-08-03 21:00:00+02:00,0.0
2025,CO2/CO/NOx,2025-08-03 22:00:00+02:00,0.0
2025,CO2/CO/NOx,2025-08-03 23:00:00+02:00,0.0
2025,CO2/CO/NOx,2025-08-04 00:00:00+02:00,0.0
2025,CO2/CO/NOx,2025-08-04 01:00:00+02:00,0.0
2025,CO2/CO/NOx,2025-08-04 02:00:00+02:00,0.0
2025,CO2/CO/NOx,2025-08-04 03:00:00+02:00,0.0
2025,CO2/CO/NOx,2025-08-04 04:00:00+02:00,0.0
2025,CO2/CO/NOx,2025-08-04 05:00:00+02:00,0.0
2025,CO2/CO/NOx,2025-08-04 06:00:00+02:00,0.0
2025,CO2/CO/NOx,2025-08-04 07:00:00+02:00,0.0
2025,CO2/CO/NOx,2025-08-04 08:00:00+02:00,0.0
2025,CO2/CO/NOx,2025-08-04 09:00:00+02:00,0.0
2025,CO2/CO/NOx,2025-08-04 10:00:00+02:00,0.0
2025,CO2/CO/NOx,2025-08-04 11:00:00+02:00,0.0
2025,CO2/CO/NOx,2025-08-04 12:00:00+02:00,0.0
2025,CO2/CO/NOx,2025-08-04 13:00:00+02:00,0.0
2025,CO2/CO/NOx,2025-08-04 14:00:00+02:00,0.0
2025,CO2/CO/NOx,2025-08-04 15:00:00+02:00,0.0
2025,CO2/CO/NOx,2025-08-04 16:00:00+02:00,0.0
2025,CO2/CO/NOx,2025-08-04 17:00:00+02:00,0.0
2025,CO2/CO/NOx,2025-08-04 18:00:00+02:00,0.0
2025,CO2/CO/NOx,2025-08-04 19:00:00+02:00,0.0
2025,CO2/CO/NOx,2025-08-04 20:00:00+02:00,0.0
2025,CO2/CO/NOx,2025-08-04 21:00:00+02:00,0.0
2025,CO2/CO/NOx,2025-08-04 22:00:00+02:00,0.0
2025,CO2/CO/NOx,2025-08-04 23:00:00+02:00,0.0
2025,CO2/CO/NOx,2025-08-05 00:00:00+02:00,0.0
2025,CO2/CO/NOx,2025-08-05 01:00:00+02:00,0.0
2025,CO2/CO/NOx,2025-08-05 02:00:00+02:00,0.0
2025,CO2/CO/NOx,2025-08-05 03:00:00+02:00,0.0
2025,CO2/CO/NOx,2025-08-05 04:00:00+02:00,0.0
2025,CO2/CO/NOx,2025-08-05 05:00:00+02:00,0.0
2025,CO2/CO/NOx,2025-08-05 06:00:00+02:00,0.0
2025,CO2/CO/NOx,2025-08-05 07:00:00+02:00,0.0
2025,CO2/CO/NOx,2025-08-05 08:00:00+02:00,0.0
2025,CO2/CO/NOx,2025-08-05 09:00:00+02:00,0.0
2025,CO2/CO/NOx,2025-08-05 10:00:00+02:00,0.0
2025,CO2/CO/NOx,2025-08-05 11:00:00+02:00,0.0
2025,CO2/CO/NOx,2025-08-05 12:00:00+02:00,0.0
2025,CO2/CO/NOx,2025-08-05 13:00:00+02:00,0.0
2025,CO2/CO/NOx,2025-08-05 14:00:00+02:00,0.0
2025,CO2/CO/NOx,2025-08-05 15:00:00+02:00,0.0
2025,CO2/CO/NOx,2025-08-05 16:00:00+02:00,0.0
2025,CO2/CO/NOx,2025-08-05 17:00:00+02:00,0.0
2025,CO2/CO/NOx,2025-08-05 18:00:00+02:00,0.0
2025,CO2/CO/NOx,2025-08-05 19:00:00+02:00,0.0
2025,CO2/CO/NOx,2025-08-05 20:00:00+02:00,0.0
2025,CO2/CO/NOx,2025-08-05 21:00:00+02:00,0.0
2025,CO2/CO/NOx,2025-08-05 22:00:00+02:00,0.0
2025,CO2/CO/NOx,2025-08-05 23:00:00+02:00,0.0
2025,CO2/CO/NOx,2025-08-06 00:00:00+02:00,0.0
2025,CO2/CO/NOx,2025-08-06 01:00:00+02:00,0.0
2025,CO2/CO/NOx,2025-08-06 02:00:00+02:00,0.0
2025,CO2/CO/NOx,2025-08-06 03:00:00+02:00,0.0
2025,CO2/CO/NOx,2025-08-06 04:00:00+02:00,0.0
2025,CO2/CO/NOx,2025-08-06 05:00:00+02:00,0.0
2025,CO2/CO/NOx,2025-08-06 06:00:00+02:00,0.0
2025,CO2/CO/NOx,2025-08-06 07:00:00+02:00,0.0
2025,CO2/CO/NOx,2025-08-06 08:00:00+02:00,0.0
2025,CO2/CO/NOx,2025-08-06 09:00:00+02:00,0.0
2025,CO2/CO/NOx,2025-08-06 10:00:00+02:00,0.0
2025,CO2/CO/NOx,2025-08-06 11:00:00+02:00,0.0
2025,CO2/CO/NOx,2025-08-06 12:00:00+02:00,0.0
2025,CO2/CO/NOx,2025-08-06 13:00:00+02:00,0.0
2025,CO2/CO/NOx,2025-08-06 14:00:00+02:00,0.0
2025,CO2/CO/NOx,2025-08-06 15:00:00+02:00,0.0
2025,CO2/CO/NOx,2025-08-06 16:00:00+02:00,0.0
2025,CO2/CO/NOx,2025-08-06 17:00:00+02:00,0.0
2025,CO2/CO/NOx,2025-08-06 18:00:00+02:00,0.0
2025,CO2/CO/NOx,2025-08-06 19:00:00+02:00,0.0
2025,CO2/CO/NOx,2025-08-06 20:00:00+02:00,0.0
2025,CO2/CO/NOx,2025-08-06 21:00:00+02:00,0.0
2025,CO2/CO/NOx,2025-08-06 22:00:00+02:00,0.0
2025,CO2/CO/NOx,2025-08-06 23:00:00+02:00,0.0
2025,CO2/CO/NOx,2025-08-07 00:00:00+02:00,0.0
2025,CO2/CO/NOx,2025-08-07 01:00:00+02:00,0.0
2025,CO2/CO/NOx,2025-08-07 02:00:00+02:00,0.0
2025,CO2/CO/NOx,2025-08-07 03:00:00+02:00,0.0
2025,CO2/CO/NOx,2025-08-07 04:00:00+02:00,0.0
2025,CO2/CO/NOx,2025-08-07 05:00:00+02:00,0.0
2025,CO2/CO/NOx,2025-08-07 06:00:00+02:00,0.0
2025,CO2/CO/NOx,2025-08-07 07:00:00+02:00,0.0
2025,CO2/CO/NOx,2025-08-07 08:00:00+02:00,0.0
2025,CO2/CO/NOx,2025-08-07 09:00:00+02:00,0.0
2025,CO2/CO/NOx,2025-08-07 10:00:00+02:00,0.0
2025,CO2/CO/NOx,2025-08-07 11:00:00+02:00,0.0
2025,CO2/CO/NOx,2025-08-07 12:00:00+02:00,0.0
2025,CO2/CO/NOx,2025-08-07 13:00:00+02:00,0.0
2025,CO2/CO/NOx,2025-08-07 14:00:00+02:00,0.0
2025,CO2/CO/NOx,2025-08-07 15:00:00+02:00,0.0
2025,CO2/CO/NOx,2025-08-07 16:00:00+02:00,0.0
2025,CO2/CO/NOx,2025-08-07 17:00:00+02:00,0.0
2025,CO2/CO/NOx,2025-08-07 18:00:00+02:00,0.0
2025,CO2/CO/NOx,2025-08-07 19:00:00+02:00,0.0
2025,CO2/CO/NOx,2025-08-07 20:00:00+02:00,0.0
2025,CO2/CO/NOx,2025-08-07 21:00:00+02:00,0.0
2025,CO2/CO/NOx,2025-08-07 22:00:00+02:00,0.0
2025,CO2/CO/NOx,2025-08-07 23:00:00+02:00,0.0
2025,CO2/CO/NOx,2025-08-08 00:00:00+02:00,0.0
2025,CO2/CO/NOx,2025-08-08 01:00:00+02:00,0.0
2025,CO2/CO/NOx,2025-08-08 02:00:00+02:00,0.0
2025,CO2/CO/NOx,2025-08-08 03:00:00+02:00,0.0
2025,CO2/CO/NOx,2025-08-08 04:00:00+02:00,0.0
2025,CO2/CO/NOx,2025-08-08 05:00:00+02:00,0.0
2025,CO2/CO/NOx,2025-08-08 06:00:00+02:00,0.0
2025,CO2/CO/NOx,2025-08-08 07:00:00+02:00,0.0
2025,CO2/CO/NOx,2025-08-08 08:00:00+02:00,0.0
2025,CO2/CO/NOx,2025-08-08 09:00:00+02:00,0.0
2025,CO2/CO/NOx,2025-08-08 10:00:00+02:00,0.0
2025,CO2/CO/NOx,2025-08-08 11:00:00+02:00,0.0
2025,CO2/CO/NOx,2025-08-08 12:00:00+02:00,0.0
2025,CO2/CO/NOx,2025-08-08 13:00:00+02:00,0.0
2025,CO2/CO/NOx,2025-08-08 14:00:00+02:00,0.0
2025,CO2/CO/NOx,2025-08-08 15:00:00+02:00,0.0
2025,CO2/CO/NOx,2025-08-08 16:00:00+02:00,0.0
2025,CO2/CO/NOx,2025-08-08 17:00:00+02:00,0.0
2025,CO2/CO/NOx,2025-08-08 18:00:00+02:00,0.0
2025,CO2/CO/NOx,2025-08-08 19:00:00+02:00,0.0
2025,CO2/CO/NOx,2025-08-08 20:00:00+02:00,0.0
2025,CO2/CO/NOx,2025-08-08 21:00:00+02:00,0.0
2025,CO2/CO/NOx,2025-08-08 22:00:00+02:00,0.0
2025,CO2/CO/NOx,2025-08-08 23:00:00+02:00,0.0
2025,CO2/CO/NOx,2025-08-09 00:00:00+02:00,0.0
2025,CO2/CO/NOx,2025-08-09 01:00:00+02:00,0.0
2025,CO2/CO/NOx,2025-08-09 02:00:00+02:00,0.0
2025,CO2/CO/NOx,2025-08-09 03:00:00+02:00,0.0
2025,CO2/CO/NOx,2025-08-09 04:00:00+02:00,0.0
2025,CO2/CO/NOx,2025-08-09 05:00:00+02:00,0.0
2025,CO2/CO/NOx,2025-08-09 06:00:00+02:00,0.0
2025,CO2/CO/NOx,2025-08-09 07:00:00+02:00,0.0
2025,CO2/CO/NOx,2025-08-09 08:00:00+02:00,0.0
2025,CO2/CO/NOx,2025-08-09 09:00:00+02:00,0.0
2025,CO2/CO/NOx,2025-08-09 10:00:00+02:00,0.0
2025,CO2/CO/NOx,2025-08-09 11:00:00+02:00,0.0
2025,CO2/CO/NOx,2025-08-09 12:00:00+02:00,0.0
2025,CO2/CO/NOx,2025-08-09 13:00:00+02:00,0.0
2025,CO2/CO/NOx,2025-08-09 14:00:00+02:00,0.0
2025,CO2/CO/NOx,2025-08-09 15:00:00+02:00,0.0
2025,CO2/CO/NOx,2025-08-09 16:00:00+02:00,0.0
2025,CO2/CO/NOx,2025-08-09 17:00:00+02:00,0.0
2025,CO2/CO/NOx,2025-08-09 18:00:00+02:00,0.0
2025,CO2/CO/NOx,2025-08-09 19:00:00+02:00,0.0
2025,CO2/CO/NOx,2025-08-09 20:00:00+02:00,0.0
2025,CO2/CO/NOx,2025-08-09 21:00:00+02:00,0.0
2025,CO2/CO/NOx,2025-08-09 22:00:00+02:00,0.0
2025,CO2/CO/NOx,2025-08-09 23:00:00+02:00,0.0
2025,CO2/CO/NOx,2025-08-10 00:00:00+02:00,0.0
2025,CO2/CO/NOx,2025-08-10 01:00:00+02:00,0.0
2025,CO2/CO/NOx,2025-08-10 02:00:00+02:00,0.0
2025,CO2/CO/NOx,2025-08-10 03:00:00+02:00,0.0
2025,CO2/CO/NOx,2025-08-10 04:00:00+02:00,0.0
2025,CO2/CO/NOx,2025-08-10 05:00:00+02:00,0.0
2025,CO2/CO/NOx,2025-08-10 06:00:00+02:00,0.0
2025,CO2/CO/NOx,2025-08-10 07:00:00+02:00,0.0
2025,CO2/CO/NOx,2025-08-10 08:00:00+02:00,0.0
2025,CO2/CO/NOx,2025-08-10 09:00:00+02:00,0.0
2025,CO2/CO/NOx,2025-08-10 10:00:00+02:00,0.0
2025,CO2/CO/NOx,2025-08-10 11:00:00+02:00,0.0
2025,CO2/CO/NOx,2025-08-10 12:00:00+02:00,0.0
2025,CO2/CO/NOx,2025-08-10 13:00:00+02:00,0.0
2025,CO2/CO/NOx,2025-08-10 14:00:00+02:00,0.0
2025,CO2/CO/NOx,2025-08-10 15:00:00+02:00,0.0
2025,CO2/CO/NOx,2025-08-10 16:00:00+02:00,0.0
2025,CO2/CO/NOx,2025-08-10 17:00:00+02:00,0.0
2025,CO2/CO/NOx,2025-08-10 18:00:00+02:00,0.0
2025,CO2/CO/NOx,2025-08-10 19:00:00+02:00,0.0
2025,CO2/CO/NOx,2025-08-10 20:00:00+02:00,0.0
2025,CO2/CO/NOx,2025-08-10 21:00:00+02:00,0.0
2025,CO2/CO/NOx,2025-08-10 22:00:00+02:00,0.0
2025,CO2/CO/NOx,2025-08-10 23:00:00+02:00,0.0
2025,CO2/CO/NOx,2025-08-11 00:00:00+02:00,0.0
2025,CO2/CO/NOx,2025-08-11 01:00:00+02:00,0.0
2025,CO2/CO/NOx,2025-08-11 02:00:00+02:00,0.0
2025,CO2/CO/NOx,2025-08-11 03:00:00+02:00,0.0
2025,CO2/CO/NOx,2025-08-11 04:00:00+02:00,0.0
2025,CO2/CO/NOx,2025-08-11 05:00:00+02:00,0.0
2025,CO2/CO/NOx,2025-08-11 06:00:00+02:00,0.0
2025,CO2/CO/NOx,2025-08-11 07:00:00+02:00,0.0
2025,CO2/CO/NOx,2025-08-11 08:00:00+02:00,0.0
2025,CO2/CO/NOx,2025-08-11 09:00:00+02:00,0.0
2025,CO2/CO/NOx,2025-08-11 10:00:00+02:00,0.0
2025,CO2/CO/NOx,2025-08-11 11:00:00+02:00,0.0
2025,CO2/CO/NOx,2025-08-11 12:00:00+02:00,0.0
2025,CO2/CO/NOx,2025-08-11 13:00:00+02:00,0.0
2025,CO2/CO/NOx,2025-08-11 14:00:00+02:00,0.0
2025,CO2/CO/NOx,2025-08-11 15:00:00+02:00,0.0
2025,CO2/CO/NOx,2025-08-11 16:00:00+02:00,0.0
2025,CO2/CO/NOx,2025-08-11 17:00:00+02:00,0.0
2025,CO2/CO/NOx,2025-08-11 18:00:00+02:00,0.0
2025,CO2/CO/NOx,2025-08-11 19:00:00+02:00,0.0
2025,CO2/CO/NOx,2025-08-11 20:00:00+02:00,0.0
2025,CO2/CO/NOx,2025-08-11 21:00:00+02:00,0.0
2025,CO2/CO/NOx,2025-08-11 22:00:00+02:00,0.0
2025,CO2/CO/NOx,2025-08-11 23:00:00+02:00,0.0
2025,CO2/CO/NOx,2025-08-12 00:00:00+02:00,0.0
2025,CO2/CO/NOx,2025-08-12 01:00:00+02:00,0.0
2025,CO2/CO/NOx,2025-08-12 02:00:00+02:00,0.0
2025,CO2/CO/NOx,2025-08-12 03:00:00+02:00,0.0
2025,CO2/CO/NOx,2025-08-12 04:00:00+02:00,0.0
2025,CO2/CO/NOx,2025-08-12 05:00:00+02:00,0.0
2025,CO2/CO/NOx,2025-08-12 06:00:00+02:00,0.0
2025,CO2/CO/NOx,2025-08-12 07:00:00+02:00,0.0
2025,CO2/CO/NOx,2025-08-12 08:00:00+02:00,0.0
2025,CO2/CO/NOx,2025-08-12 09:00:00+02:00,0.0
2025,CO2/CO/NOx,2025-08-12 10:00:00+02:00,0.0
2025,CO2/CO/NOx,2025-08-12 11:00:00+02:00,0.0
2025,CO2/CO/NOx,2025-08-12 12:00:00+02:00,0.0
2025,CO2/CO/NOx,2025-08-12 13:00:00+02:00,0.0
2025,CO2/CO/NOx,2025-08-12 14:00:00+02:00,0.0
2025,CO2/CO/NOx,2025-08-12 15:00:00+02:00,0.0
2025,CO2/CO/NOx,2025-08-12 16:00:00+02:00,0.0
2025,CO2/CO/NOx,2025-08-12 17:00:00+02:00,0.0
2025,CO2/CO/NOx,2025-08-12 18:00:00+02:00,0.0
2025,CO2/CO/NOx,2025-08-12 19:00:00+02:00,0.0
2025,CO2/CO/NOx,2025-08-12 20:00:00+02:00,0.0
2025,CO2/CO/NOx,2025-08-12 21:00:00+02:00,0.0
2025,CO2/CO/NOx,2025-08-12 22:00:00+02:00,0.0
2025,CO2/CO/NOx,2025-08-12 23:00:00+02:00,0.0
2025,CO2/CO/NOx,2025-08-13 00:00:00+02:00,0.0
2025,CO2/CO/NOx,2025-08-13 01:00:00+02:00,0.0
2025,CO2/CO/NOx,2025-08-13 02:00:00+02:00,0.0
2025,CO2/CO/NOx,2025-08-13 03:00:00+02:00,0.0
2025,CO2/CO/NOx,2025-08-13 04:00:00+02:00,0.0
2025,CO2/CO/NOx,2025-08-13 05:00:00+02:00,0.0
2025,CO2/CO/NOx,2025-08-13 06:00:00+02:00,0.0
2025,CO2/CO/NOx,2025-08-13 07:00:00+02:00,0.0
2025,CO2/CO/NOx,2025-08-13 08:00:00+02:00,0.0
2025,CO2/CO/NOx,2025-08-13 09:00:00+02:00,0.0
2025,CO2/CO/NOx,2025-08-13 10:00:00+02:00,0.0
2025,CO2/CO/NOx,2025-08-13 11:00:00+02:00,0.0
2025,CO2/CO/NOx,2025-08-13 12:00:00+02:00,0.0
2025,CO2/CO/NOx,2025-08-13 13:00:00+02:00,0.0
2025,CO2/CO/NOx,2025-08-13 14:00:00+02:00,0.0
2025,CO2/CO/NOx,2025-08-13 15:00:00+02:00,0.0
2025,CO2/CO/NOx,2025-08-13 16:00:00+02:00,0.0
2025,CO2/CO/NOx,2025-08-13 17:00:00+02:00,0.0
2025,CO2/CO/NOx,2025-08-13 18:00:00+02:00,0.0
2025,CO2/CO/NOx,2025-08-13 19:00:00+02:00,0.0
2025,CO2/CO/NOx,2025-08-13 20:00:00+02:00,0.0
2025,CO2/CO/NOx,2025-08-13 21:00:00+02:00,0.0
2025,CO2/CO/NOx,2025-08-13 22:00:00+02:00,0.0
2025,CO2/CO/NOx,2025-08-13 23:00:00+02:00,0.0
2025,CO2/CO/NOx,2025-08-14 00:00:00+02:00,0.0
2025,CO2/CO/NOx,2025-08-14 01:00:00+02:00,0.0
2025,CO2/CO/NOx,2025-08-14 02:00:00+02:00,0.0
2025,CO2/CO/NOx,2025-08-14 03:00:00+02:00,0.0
2025,CO2/CO/NOx,2025-08-14 04:00:00+02:00,0.0
2025,CO2/CO/NOx,2025-08-14 05:00:00+02:00,0.0
2025,CO2/CO/NOx,2025-08-14 06:00:00+02:00,0.0
2025,CO2/CO/NOx,2025-08-14 07:00:00+02:00,0.0
2025,CO2/CO/NOx,2025-08-14 08:00:00+02:00,0.0
2025,CO2/CO/NOx,2025-08-14 09:00:00+02:00,0.0
2025,CO2/CO/NOx,2025-08-14 10:00:00+02:00,0.0
2025,CO2/CO/NOx,2025-08-14 11:00:00+02:00,0.0
2025,CO2/CO/NOx,2025-08-14 12:00:00+02:00,0.0
2025,CO2/CO/NOx,2025-08-14 13:00:00+02:00,0.0
2025,CO2/CO/NOx,2025-08-14 14:00:00+02:00,0.0
2025,CO2/CO/NOx,2025-08-14 15:00:00+02:00,0.0
2025,CO2/CO/NOx,2025-08-14 16:00:00+02:00,0.0
2025,CO2/CO/NOx,2025-08-14 17:00:00+02:00,0.0
2025,CO2/CO/NOx,2025-08-14 18:00:00+02:00,0.0
2025,CO2/CO/NOx,2025-08-14 19:00:00+02:00,0.0
2025,CO2/CO/NOx,2025-08-14 20:00:00+02:00,0.0
2025,CO2/CO/NOx,2025-08-14 21:00:00+02:00,0.0
2025,CO2/CO/NOx,2025-08-14 22:00:00+02:00,0.0
2025,CO2/CO/NOx,2025-08-14 23:00:00+02:00,0.0
2025,CO2/CO/NOx,2025-08-15 00:00:00+02:00,0.0
2025,CO2/CO/NOx,2025-08-15 01:00:00+02:00,0.0
2025,CO2/CO/NOx,2025-08-15 02:00:00+02:00,0.0
2025,CO2/CO/NOx,2025-08-15 03:00:00+02:00,0.0
2025,CO2/CO/NOx,2025-08-15 04:00:00+02:00,0.0
2025,CO2/CO/NOx,2025-08-15 05:00:00+02:00,0.0
2025,CO2/CO/NOx,2025-08-15 06:00:00+02:00,0.0
2025,CO2/CO/NOx,2025-08-15 07:00:00+02:00,0.0
2025,CO2/CO/NOx,2025-08-15 08:00:00+02:00,0.0
2025,CO2/CO/NOx,2025-08-15 09:00:00+02:00,0.0
2025,CO2/CO/NOx,2025-08-15 10:00:00+02:00,0.0
2025,CO2/CO/NOx,2025-08-15 11:00:00+02:00,0.0
2025,CO2/CO/NOx,2025-08-15 12:00:00+02:00,0.0
2025,CO2/CO/NOx,2025-08-15 13:00:00+02:00,0.0
2025,CO2/CO/NOx,2025-08-15 14:00:00+02:00,0.0
2025,CO2/CO/NOx,2025-08-15 15:00:00+02:00,0.0
2025,CO2/CO/NOx,2025-08-15 16:00:00+02:00,0.0
2025,CO2/CO/NOx,2025-08-15 17:00:00+02:00,0.0
2025,CO2/CO/NOx,2025-08-15 18:00:00+02:00,0.0
2025,CO2/CO/NOx,2025-08-15 19:00:00+02:00,0.0
2025,CO2/CO/NOx,2025-08-15 20:00:00+02:00,0.0
2025,CO2/CO/NOx,2025-08-15 21:00:00+02:00,0.0
2025,CO2/CO/NOx,2025-08-15 22:00:00+02:00,0.0
2025,CO2/CO/NOx,2025-08-15 23:00:00+02:00,0.0
2025,CO2/CO/NOx,2025-08-16 00:00:00+02:00,0.0
2025,CO2/CO/NOx,2025-08-16 01:00:00+02:00,0.0
2025,CO2/CO/NOx,2025-08-16 02:00:00+02:00,0.0
2025,CO2/CO/NOx,2025-08-16 03:00:00+02:00,0.0
2025,CO2/CO/NOx,2025-08-16 04:00:00+02:00,0.0
2025,CO2/CO/NOx,2025-08-16 05:00:00+02:00,0.0
2025,CO2/CO/NOx,2025-08-16 06:00:00+02:00,0.0
2025,CO2/CO/NOx,2025-08-16 07:00:00+02:00,0.0
2025,CO2/CO/NOx,2025-08-16 08:00:00+02:00,0.0
2025,CO2/CO/NOx,2025-08-16 09:00:00+02:00,0.0
2025,CO2/CO/NOx,2025-08-16 10:00:00+02:00,0.0
2025,CO2/CO/NOx,2025-08-16 11:00:00+02:00,0.0
2025,CO2/CO/NOx,2025-08-16 12:00:00+02:00,0.0
2025,CO2/CO/NOx,2025-08-16 13:00:00+02:00,0.0
2025,CO2/CO/NOx,2025-08-16 14:00:00+02:00,0.0
2025,CO2/CO/NOx,2025-08-16 15:00:00+02:00,0.0
2025,CO2/CO/NOx,2025-08-16 16:00:00+02:00,0.0
2025,CO2/CO/NOx,2025-08-16 17:00:00+02:00,0.0
2025,CO2/CO/NOx,2025-08-16 18:00:00+02:00,0.0
2025,CO2/CO/NOx,2025-08-16 19:00:00+02:00,0.0
2025,CO2/CO/NOx,2025-08-16 20:00:00+02:00,0.0
2025,CO2/CO/NOx,2025-08-16 21:00:00+02:00,0.0
2025,CO2/CO/NOx,2025-08-16 22:00:00+02:00,0.0
2025,CO2/CO/NOx,2025-08-16 23:00:00+02:00,0.0
2025,CO2/CO/NOx,2025-08-17 00:00:00+02:00,0.0
2025,CO2/CO/NOx,2025-08-17 01:00:00+02:00,0.0
2025,CO2/CO/NOx,2025-08-17 02:00:00+02:00,0.0
2025,CO2/CO/NOx,2025-08-17 03:00:00+02:00,0.0
2025,CO2/CO/NOx,2025-08-17 04:00:00+02:00,0.0
2025,CO2/CO/NOx,2025-08-17 05:00:00+02:00,0.0
2025,CO2/CO/NOx,2025-08-17 06:00:00+02:00,0.0
2025,CO2/CO/NOx,2025-08-17 07:00:00+02:00,0.0
2025,CO2/CO/NOx,2025-08-17 08:00:00+02:00,0.0
2025,CO2/CO/NOx,2025-08-17 09:00:00+02:00,0.0
2025,CO2/CO/NOx,2025-08-17 10:00:00+02:00,0.0
2025,CO2/CO/NOx,2025-08-17 11:00:00+02:00,0.0
2025,CO2/CO/NOx,2025-08-17 12:00:00+02:00,0.0
2025,CO2/CO/NOx,2025-08-17 13:00:00+02:00,0.0
2025,CO2/CO/NOx,2025-08-17 14:00:00+02:00,0.0
2025,CO2/CO/NOx,2025-08-17 15:00:00+02:00,0.0
2025,CO2/CO/NOx,2025-08-17 16:00:00+02:00,0.0
2025,CO2/CO/NOx,2025-08-17 17:00:00+02:00,0.0
2025,CO2/CO/NOx,2025-08-17 18:00:00+02:00,0.0
2025,CO2/CO/NOx,2025-08-17 19:00:00+02:00,0.0
2025,CO2/CO/NOx,2025-08-17 20:00:00+02:00,0.0
2025,CO2/CO/NOx,2025-08-17 21:00:00+02:00,0.0
2025,CO2/CO/NOx,2025-08-17 22:00:00+02:00,0.0
2025,CO2/CO/NOx,2025-08-17 23:00:00+02:00,0.0
2025,CO2/CO/NOx,2025-08-18 00:00:00+02:00,0.0
2025,CO2/CO/NOx,2025-08-18 01:00:00+02:00,0.0
2025,CO2/CO/NOx,2025-08-18 02:00:00+02:00,0.0
2025,CO2/CO/NOx,2025-08-18 03:00:00+02:00,0.0
2025,CO2/CO/NOx,2025-08-18 04:00:00+02:00,0.0
2025,CO2/CO/NOx,2025-08-18 05:00:00+02:00,0.0
2025,CO2/CO/NOx,2025-08-18 06:00:00+02:00,0.0
2025,CO2/CO/NOx,2025-08-18 07:00:00+02:00,0.0
2025,CO2/CO/NOx,2025-08-18 08:00:00+02:00,0.0
2025,CO2/CO/NOx,2025-08-18 09:00:00+02:00,0.0
2025,CO2/CO/NOx,2025-08-18 10:00:00+02:00,0.0
2025,CO2/CO/NOx,2025-08-18 11:00:00+02:00,0.0
2025,CO2/CO/NOx,2025-08-18 12:00:00+02:00,0.0
2025,CO2/CO/NOx,2025-08-18 13:00:00+02:00,0.0
2025,CO2/CO/NOx,2025-08-18 14:00:00+02:00,0.0
2025,CO2/CO/NOx,2025-08-18 15:00:00+02:00,0.0
2025,CO2/CO/NOx,2025-08-18 16:00:00+02:00,0.0
2025,CO2/CO/NOx,2025-08-18 17:00:00+02:00,0.0
2025,CO2/CO/NOx,2025-08-18 18:00:00+02:00,0.0
2025,CO2/CO/NOx,2025-08-18 19:00:00+02:00,0.0
2025,CO2/CO/NOx,2025-08-18 20:00:00+02:00,0.0
2025,CO2/CO/NOx,2025-08-18 21:00:00+02:00,0.0
2025,CO2/CO/NOx,2025-08-18 22:00:00+02:00,0.0
2025,CO2/CO/NOx,2025-08-18 23:00:00+02:00,0.0
2025,CO2/CO/NOx,2025-08-19 00:00:00+02:00,0.0
2025,CO2/CO/NOx,2025-08-19 01:00:00+02:00,0.0
2025,CO2/CO/NOx,2025-08-19 02:00:00+02:00,0.0
2025,CO2/CO/NOx,2025-08-19 03:00:00+02:00,0.0
2025,CO2/CO/NOx,2025-08-19 04:00:00+02:00,0.0
2025,CO2/CO/NOx,2025-08-19 05:00:00+02:00,0.0
2025,CO2/CO/NOx,2025-08-19 06:00:00+02:00,0.0
2025,CO2/CO/NOx,2025-08-19 07:00:00+02:00,0.0
2025,CO2/CO/NOx,2025-08-19 08:00:00+02:00,0.0
2025,CO2/CO/NOx,2025-08-19 09:00:00+02:00,0.0
2025,CO2/CO/NOx,2025-08-19 10:00:00+02:00,0.0
2025,CO2/CO/NOx,2025-08-19 11:00:00+02:00,0.0
2025,CO2/CO/NOx,2025-08-19 12:00:00+02:00,0.0
2025,CO2/CO/NOx,2025-08-19 13:00:00+02:00,0.0
2025,CO2/CO/NOx,2025-08-19 14:00:00+02:00,0.0
2025,CO2/CO/NOx,2025-08-19 15:00:00+02:00,0.0
2025,CO2/CO/NOx,2025-08-19 16:00:00+02:00,0.0
2025,CO2/CO/NOx,2025-08-19 17:00:00+02:00,0.0
2025,CO2/CO/NOx,2025-08-19 18:00:00+02:00,0.0
2025,CO2/CO/NOx,2025-08-19 19:00:00+02:00,0.0
2025,CO2/CO/NOx,2025-08-19 20:00:00+02:00,0.0
2025,CO2/CO/NOx,2025-08-19 21:00:00+02:00,0.0
2025,CO2/CO/NOx,2025-08-19 22:00:00+02:00,0.0
2025,CO2/CO/NOx,2025-08-19 23:00:00+02:00,0.0
2025,CO2/CO/NOx,2025-08-20 00:00:00+02:00,0.0
2025,CO2/CO/NOx,2025-08-20 01:00:00+02:00,0.0
2025,CO2/CO/NOx,2025-08-20 02:00:00+02:00,0.0
2025,CO2/CO/NOx,2025-08-20 03:00:00+02:00,0.0
2025,CO2/CO/NOx,2025-08-20 04:00:00+02:00,0.0
2025,CO2/CO/NOx,2025-08-20 05:00:00+02:00,0.0
2025,CO2/CO/NOx,2025-08-20 06:00:00+02:00,0.0
2025,CO2/CO/NOx,2025-08-20 07:00:00+02:00,0.0
2025,CO2/CO/NOx,2025-08-20 08:00:00+02:00,0.0
2025,CO2/CO/NOx,2025-08-20 09:00:00+02:00,0.0
2025,CO2/CO/NOx,2025-08-20 10:00:00+02:00,0.0
2025,CO2/CO/NOx,2025-08-20 11:00:00+02:00,0.0
2025,CO2/CO/NOx,2025-08-20 12:00:00+02:00,0.0
2025,CO2/CO/NOx,2025-08-20 13:00:00+02:00,0.0
2025,CO2/CO/NOx,2025-08-20 14:00:00+02:00,0.0
2025,CO2/CO/NOx,2025-08-20 15:00:00+02:00,0.0
2025,CO2/CO/NOx,2025-08-20 16:00:00+02:00,0.0
2025,CO2/CO/NOx,2025-08-20 17:00:00+02:00,0.0
2025,CO2/CO/NOx,2025-08-20 18:00:00+02:00,0.0
2025,CO2/CO/NOx,2025-08-20 19:00:00+02:00,0.0
2025,CO2/CO/NOx,2025-08-20 20:00:00+02:00,0.0
2025,CO2/CO/NOx,2025-08-20 21:00:00+02:00,0.0
2025,CO2/CO/NOx,2025-08-20 22:00:00+02:00,0.0
2025,CO2/CO/NOx,2025-08-20 23:00:00+02:00,0.0
2025,CO2/CO/NOx,2025-08-21 00:00:00+02:00,0.0
2025,CO2/CO/NOx,2025-08-21 01:00:00+02:00,0.0
2025,CO2/CO/NOx,2025-08-21 02:00:00+02:00,0.0
2025,CO2/CO/NOx,2025-08-21 03:00:00+02:00,0.0
2025,CO2/CO/NOx,2025-08-21 04:00:00+02:00,0.0
2025,CO2/CO/NOx,2025-08-21 05:00:00+02:00,0.0
2025,CO2/CO/NOx,2025-08-21 06:00:00+02:00,0.0
2025,CO2/CO/NOx,2025-08-21 07:00:00+02:00,0.0
2025,CO2/CO/NOx,2025-08-21 08:00:00+02:00,0.0
2025,CO2/CO/NOx,2025-08-21 09:00:00+02:00,0.0
2025,CO2/CO/NOx,2025-08-21 10:00:00+02:00,0.0
2025,CO2/CO/NOx,2025-08-21 11:00:00+02:00,0.0
2025,CO2/CO/NOx,2025-08-21 12:00:00+02:00,0.0
2025,CO2/CO/NOx,2025-08-21 13:00:00+02:00,0.0
2025,CO2/CO/NOx,2025-08-21 14:00:00+02:00,0.0
2025,CO2/CO/NOx,2025-08-21 15:00:00+02:00,0.0
2025,CO2/CO/NOx,2025-08-21 16:00:00+02:00,0.0
2025,CO2/CO/NOx,2025-08-21 17:00:00+02:00,0.0
2025,CO2/CO/NOx,2025-08-21 18:00:00+02:00,0.0
2025,CO2/CO/NOx,2025-08-21 19:00:00+02:00,0.0
2025,CO2/CO/NOx,2025-08-21 20:00:00+02:00,0.0
2025,CO2/CO/NOx,2025-08-21 21:00:00+02:00,0.0
2025,CO2/CO/NOx,2025-08-21 22:00:00+02:00,0.0
2025,CO2/CO/NOx,2025-08-21 23:00:00+02:00,0.0
2025,CO2/CO/NOx,2025-08-22 00:00:00+02:00,0.0
2025,CO2/CO/NOx,2025-08-22 01:00:00+02:00,0.0
2025,CO2/CO/NOx,2025-08-22 02:00:00+02:00,0.0
2025,CO2/CO/NOx,2025-08-22 03:00:00+02:00,0.0
2025,CO2/CO/NOx,2025-08-22 04:00:00+02:00,0.0
2025,CO2/CO/NOx,2025-08-22 05:00:00+02:00,0.0
2025,CO2/CO/NOx,2025-08-22 06:00:00+02:00,0.0
2025,CO2/CO/NOx,2025-08-22 07:00:00+02:00,0.0
2025,CO2/CO/NOx,2025-08-22 08:00:00+02:00,0.0
2025,CO2/CO/NOx,2025-08-22 09:00:00+02:00,0.0
2025,CO2/CO/NOx,2025-08-22 10:00:00+02:00,0.0
2025,CO2/CO/NOx,2025-08-22 11:00:00+02:00,0.0
2025,CO2/CO/NOx,2025-08-22 12:00:00+02:00,0.0
2025,CO2/CO/NOx,2025-08-22 13:00:00+02:00,0.0
2025,CO2/CO/NOx,2025-08-22 14:00:00+02:00,0.0
2025,CO2/CO/NOx,2025-08-22 15:00:00+02:00,0.0
2025,CO2/CO/NOx,2025-08-22 16:00:00+02:00,0.0
2025,CO2/CO/NOx,2025-08-22 17:00:00+02:00,0.0
2025,CO2/CO/NOx,2025-08-22 18:00:00+02:00,0.0
2025,CO2/CO/NOx,2025-08-22 19:00:00+02:00,0.0
2025,CO2/CO/NOx,2025-08-22 20:00:00+02:00,0.0
2025,CO2/CO/NOx,2025-08-22 21:00:00+02:00,0.0
2025,CO2/CO/NOx,2025-08-22 22:00:00+02:00,0.0
2025,CO2/CO/NOx,2025-08-22 23:00:00+02:00,0.0
2025,CO2/CO/NOx,2025-08-23 00:00:00+02:00,0.0
2025,CO2/CO/NOx,2025-08-23 01:00:00+02:00,0.0
2025,CO2/CO/NOx,2025-08-23 02:00:00+02:00,0.0
2025,CO2/CO/NOx,2025-08-23 03:00:00+02:00,0.0
2025,CO2/CO/NOx,2025-08-23 04:00:00+02:00,0.0
2025,CO2/CO/NOx,2025-08-23 05:00:00+02:00,0.0
2025,CO2/CO/NOx,2025-08-23 06:00:00+02:00,0.0
2025,CO2/CO/NOx,2025-08-23 07:00:00+02:00,0.0
2025,CO2/CO/NOx,2025-08-23 08:00:00+02:00,0.0
2025,CO2/CO/NOx,2025-08-23 09:00:00+02:00,0.0
2025,CO2/CO/NOx,2025-08-23 10:00:00+02:00,0.0
2025,CO2/CO/NOx,2025-08-23 11:00:00+02:00,0.0
2025,CO2/CO/NOx,2025-08-23 12:00:00+02:00,0.0
2025,CO2/CO/NOx,2025-08-23 13:00:00+02:00,0.0
2025,CO2/CO/NOx,2025-08-23 14:00:00+02:00,0.0
2025,CO2/CO/NOx,2025-08-23 15:00:00+02:00,0.0
2025,CO2/CO/NOx,2025-08-23 16:00:00+02:00,0.0
2025,CO2/CO/NOx,2025-08-23 17:00:00+02:00,0.0
2025,CO2/CO/NOx,2025-08-23 18:00:00+02:00,0.0
2025,CO2/CO/NOx,2025-08-23 19:00:00+02:00,0.0
2025,CO2/CO/NOx,2025-08-23 20:00:00+02:00,0.0
2025,CO2/CO/NOx,2025-08-23 21:00:00+02:00,0.0
2025,CO2/CO/NOx,2025-08-23 22:00:00+02:00,0.0
2025,CO2/CO/NOx,2025-08-23 23:00:00+02:00,0.0
2025,CO2/CO/NOx,2025-08-24 00:00:00+02:00,0.0
2025,CO2/CO/NOx,2025-08-24 01:00:00+02:00,0.0
2025,CO2/CO/NOx,2025-08-24 02:00:00+02:00,0.0
2025,CO2/CO/NOx,2025-08-24 03:00:00+02:00,0.0
2025,CO2/CO/NOx,2025-08-24 04:00:00+02:00,0.0
2025,CO2/CO/NOx,2025-08-24 05:00:00+02:00,0.0
2025,CO2/CO/NOx,2025-08-24 06:00:00+02:00,0.0
2025,CO2/CO/NOx,2025-08-24 07:00:00+02:00,0.0
2025,CO2/CO/NOx,2025-08-24 08:00:00+02:00,0.0
2025,CO2/CO/NOx,2025-08-24 09:00:00+02:00,0.0
2025,CO2/CO/NOx,2025-08-24 10:00:00+02:00,0.0
2025,CO2/CO/NOx,2025-08-24 11:00:00+02:00,0.0
2025,CO2/CO/NOx,2025-08-24 12:00:00+02:00,0.0
2025,CO2/CO/NOx,2025-08-24 13:00:00+02:00,0.0
2025,CO2/CO/NOx,2025-08-24 14:00:00+02:00,0.0
2025,CO2/CO/NOx,2025-08-24 15:00:00+02:00,0.0
2025,CO2/CO/NOx,2025-08-24 16:00:00+02:00,0.0
2025,CO2/CO/NOx,2025-08-24 17:00:00+02:00,0.0
2025,CO2/CO/NOx,2025-08-24 18:00:00+02:00,0.0
2025,CO2/CO/NOx,2025-08-24 19:00:00+02:00,0.0
2025,CO2/CO/NOx,2025-08-24 20:00:00+02:00,0.0
2025,CO2/CO/NOx,2025-08-24 21:00:00+02:00,0.0
2025,CO2/CO/NOx,2025-08-24 22:00:00+02:00,0.0
2025,CO2/CO/NOx,2025-08-24 23:00:00+02:00,0.0
2025,CO2/CO/NOx,2025-08-25 00:00:00+02:00,0.0
2025,CO2/CO/NOx,2025-08-25 01:00:00+02:00,0.0
2025,CO2/CO/NOx,2025-08-25 02:00:00+02:00,0.0
2025,CO2/CO/NOx,2025-08-25 03:00:00+02:00,0.0
2025,CO2/CO/NOx,2025-08-25 04:00:00+02:00,0.0
2025,CO2/CO/NOx,2025-08-25 05:00:00+02:00,0.0
2025,CO2/CO/NOx,2025-08-25 06:00:00+02:00,0.0
2025,CO2/CO/NOx,2025-08-25 07:00:00+02:00,0.0
2025,CO2/CO/NOx,2025-08-25 08:00:00+02:00,0.0
2025,CO2/CO/NOx,2025-08-25 09:00:00+02:00,0.0
2025,CO2/CO/NOx,2025-08-25 10:00:00+02:00,0.0
2025,CO2/CO/NOx,2025-08-25 11:00:00+02:00,0.0
2025,CO2/CO/NOx,2025-08-25 12:00:00+02:00,0.0
2025,CO2/CO/NOx,2025-08-25 13:00:00+02:00,0.0
2025,CO2/CO/NOx,2025-08-25 14:00:00+02:00,0.0
2025,CO2/CO/NOx,2025-08-25 15:00:00+02:00,0.0
2025,CO2/CO/NOx,2025-08-25 16:00:00+02:00,0.0
2025,CO2/CO/NOx,2025-08-25 17:00:00+02:00,0.0
2025,CO2/CO/NOx,2025-08-25 18:00:00+02:00,0.0
2025,CO2/CO/NOx,2025-08-25 19:00:00+02:00,0.0
2025,CO2/CO/NOx,2025-08-25 20:00:00+02:00,0.0
2025,CO2/CO/NOx,2025-08-25 21:00:00+02:00,0.0
2025,CO2/CO/NOx,2025-08-25 22:00:00+02:00,0.0
2025,CO2/CO/NOx,2025-08-25 23:00:00+02:00,0.0
2025,CO2/CO/NOx,2025-08-26 00:00:00+02:00,0.0
2025,CO2/CO/NOx,2025-08-26 01:00:00+02:00,0.0
2025,CO2/CO/NOx,2025-08-26 02:00:00+02:00,0.0
2025,CO2/CO/NOx,2025-08-26 03:00:00+02:00,0.0
2025,CO2/CO/NOx,2025-08-26 04:00:00+02:00,0.0
2025,CO2/CO/NOx,2025-08-26 05:00:00+02:00,0.0
2025,CO2/CO/NOx,2025-08-26 06:00:00+02:00,0.0
2025,CO2/CO/NOx,2025-08-26 07:00:00+02:00,0.0
2025,CO2/CO/NOx,2025-08-26 08:00:00+02:00,0.0
2025,CO2/CO/NOx,2025-08-26 09:00:00+02:00,0.0
2025,CO2/CO/NOx,2025-08-26 10:00:00+02:00,0.0
2025,CO2/CO/NOx,2025-08-26 11:00:00+02:00,0.0
2025,CO2/CO/NOx,2025-08-26 12:00:00+02:00,0.0
2025,CO2/CO/NOx,2025-08-26 13:00:00+02:00,0.0
2025,CO2/CO/NOx,2025-08-26 14:00:00+02:00,0.0
2025,CO2/CO/NOx,2025-08-26 15:00:00+02:00,0.0
2025,CO2/CO/NOx,2025-08-26 16:00:00+02:00,0.0
2025,CO2/CO/NOx,2025-08-26 17:00:00+02:00,0.0
2025,CO2/CO/NOx,2025-08-26 18:00:00+02:00,0.0
2025,CO2/CO/NOx,2025-08-26 19:00:00+02:00,0.0
2025,CO2/CO/NOx,2025-08-26 20:00:00+02:00,0.0
2025,CO2/CO/NOx,2025-08-26 21:00:00+02:00,0.0
2025,CO2/CO/NOx,2025-08-26 22:00:00+02:00,0.0
2025,CO2/CO/NOx,2025-08-26 23:00:00+02:00,0.0
2025,CO2/CO/NOx,2025-08-27 00:00:00+02:00,0.0
2025,CO2/CO/NOx,2025-08-27 01:00:00+02:00,0.0
2025,CO2/CO/NOx,2025-08-27 02:00:00+02:00,0.0
2025,CO2/CO/NOx,2025-08-27 03:00:00+02:00,0.0
2025,CO2/CO/NOx,2025-08-27 04:00:00+02:00,0.0
2025,CO2/CO/NOx,2025-08-27 05:00:00+02:00,0.0
2025,CO2/CO/NOx,2025-08-27 06:00:00+02:00,0.0
2025,CO2/CO/NOx,2025-08-27 07:00:00+02:00,0.0
2025,CO2/CO/NOx,2025-08-27 08:00:00+02:00,0.0
2025,CO2/CO/NOx,2025-08-27 09:00:00+02:00,0.0
2025,CO2/CO/NOx,2025-08-27 10:00:00+02:00,0.0
2025,CO2/CO/NOx,2025-08-27 11:00:00+02:00,0.0
2025,CO2/CO/NOx,2025-08-27 12:00:00+02:00,0.0
2025,CO2/CO/NOx,2025-08-27 13:00:00+02:00,0.0
2025,CO2/CO/NOx,2025-08-27 14:00:00+02:00,0.0
2025,CO2/CO/NOx,2025-08-27 15:00:00+02:00,0.0
2025,CO2/CO/NOx,2025-08-27 16:00:00+02:00,0.0
2025,CO2/CO/NOx,2025-08-27 17:00:00+02:00,0.0
2025,CO2/CO/NOx,2025-08-27 18:00:00+02:00,0.0
2025,CO2/CO/NOx,2025-08-27 19:00:00+02:00,0.0
2025,CO2/CO/NOx,2025-08-27 20:00:00+02:00,0.0
2025,CO2/CO/NOx,2025-08-27 21:00:00+02:00,0.0
2025,CO2/CO/NOx,2025-08-27 22:00:00+02:00,0.0
2025,CO2/CO/NOx,2025-08-27 23:00:00+02:00,0.0
2025,CO2/CO/NOx,2025-08-28 00:00:00+02:00,0.0
2025,CO2/CO/NOx,2025-08-28 01:00:00+02:00,0.0
2025,CO2/CO/NOx,2025-08-28 02:00:00+02:00,0.0
2025,CO2/CO/NOx,2025-08-28 03:00:00+02:00,0.0
2025,CO2/CO/NOx,2025-08-28 04:00:00+02:00,0.0
2025,CO2/CO/NOx,2025-08-28 05:00:00+02:00,0.0
2025,CO2/CO/NOx,2025-08-28 06:00:00+02:00,0.0
2025,CO2/CO/NOx,2025-08-28 07:00:00+02:00,0.0
2025,CO2/CO/NOx,2025-08-28 08:00:00+02:00,0.0
2025,CO2/CO/NOx,2025-08-28 09:00:00+02:00,0.0
2025,CO2/CO/NOx,2025-08-28 10:00:00+02:00,0.0
2025,CO2/CO/NOx,2025-08-28 11:00:00+02:00,0.0
2025,CO2/CO/NOx,2025-08-28 12:00:00+02:00,0.0
2025,CO2/CO/NOx,2025-08-28 13:00:00+02:00,0.0
2025,CO2/CO/NOx,2025-08-28 14:00:00+02:00,0.0
2025,CO2/CO/NOx,2025-08-28 15:00:00+02:00,0.0
2025,CO2/CO/NOx,2025-08-28 16:00:00+02:00,0.0
2025,CO2/CO/NOx,2025-08-28 17:00:00+02:00,0.0
2025,CO2/CO/NOx,2025-08-28 18:00:00+02:00,0.0
2025,CO2/CO/NOx,2025-08-28 19:00:00+02:00,0.0
2025,CO2/CO/NOx,2025-08-28 20:00:00+02:00,0.0
2025,CO2/CO/NOx,2025-08-28 21:00:00+02:00,0.0
2025,CO2/CO/NOx,2025-08-28 22:00:00+02:00,0.0
2025,CO2/CO/NOx,2025-08-28 23:00:00+02:00,0.0
2025,CO2/CO/NOx,2025-08-29 00:00:00+02:00,0.0
2025,CO2/CO/NOx,2025-08-29 01:00:00+02:00,0.0
2025,CO2/CO/NOx,2025-08-29 02:00:00+02:00,0.0
2025,CO2/CO/NOx,2025-08-29 03:00:00+02:00,0.0
2025,CO2/CO/NOx,2025-08-29 04:00:00+02:00,0.0
2025,CO2/CO/NOx,2025-08-29 05:00:00+02:00,0.0
2025,CO2/CO/NOx,2025-08-29 06:00:00+02:00,0.0
2025,CO2/CO/NOx,2025-08-29 07:00:00+02:00,0.0
2025,CO2/CO/NOx,2025-08-29 08:00:00+02:00,0.0
2025,CO2/CO/NOx,2025-08-29 09:00:00+02:00,0.0
2025,CO2/CO/NOx,2025-08-29 10:00:00+02:00,0.0
2025,CO2/CO/NOx,2025-08-29 11:00:00+02:00,0.0
2025,CO2/CO/NOx,2025-08-29 12:00:00+02:00,0.0
2025,CO2/CO/NOx,2025-08-29 13:00:00+02:00,0.0
2025,CO2/CO/NOx,2025-08-29 14:00:00+02:00,0.0
2025,CO2/CO/NOx,2025-08-29 15:00:00+02:00,0.0
2025,CO2/CO/NOx,2025-08-29 16:00:00+02:00,0.0
2025,CO2/CO/NOx,2025-08-29 17:00:00+02:00,0.0
2025,CO2/CO/NOx,2025-08-29 18:00:00+02:00,0.0
2025,CO2/CO/NOx,2025-08-29 19:00:00+02:00,0.0
2025,CO2/CO/NOx,2025-08-29 20:00:00+02:00,0.0
2025,CO2/CO/NOx,2025-08-29 21:00:00+02:00,0.0
2025,CO2/CO/NOx,2025-08-29 22:00:00+02:00,0.0
2025,CO2/CO/NOx,2025-08-29 23:00:00+02:00,0.0
2025,CO2/CO/NOx,2025-08-30 00:00:00+02:00,0.0
2025,CO2/CO/NOx,2025-08-30 01:00:00+02:00,0.0
2025,CO2/CO/NOx,2025-08-30 02:00:00+02:00,0.0
2025,CO2/CO/NOx,2025-08-30 03:00:00+02:00,0.0
2025,CO2/CO/NOx,2025-08-30 04:00:00+02:00,0.0
2025,CO2/CO/NOx,2025-08-30 05:00:00+02:00,0.0
2025,CO2/CO/NOx,2025-08-30 06:00:00+02:00,0.0
2025,CO2/CO/NOx,2025-08-30 07:00:00+02:00,0.0
2025,CO2/CO/NOx,2025-08-30 08:00:00+02:00,0.0
2025,CO2/CO/NOx,2025-08-30 09:00:00+02:00,0.0
2025,CO2/CO/NOx,2025-08-30 10:00:00+02:00,0.0
2025,CO2/CO/NOx,2025-08-30 11:00:00+02:00,0.0
2025,CO2/CO/NOx,2025-08-30 12:00:00+02:00,0.0
2025,CO2/CO/NOx,2025-08-30 13:00:00+02:00,0.0
2025,CO2/CO/NOx,2025-08-30 14:00:00+02:00,0.0
2025,CO2/CO/NOx,2025-08-30 15:00:00+02:00,0.0
2025,CO2/CO/NOx,2025-08-30 16:00:00+02:00,0.0
2025,CO2/CO/NOx,2025-08-30 17:00:00+02:00,0.0
2025,CO2/CO/NOx,2025-08-30 18:00:00+02:00,0.0
2025,CO2/CO/NOx,2025-08-30 19:00:00+02:00,0.0
2025,CO2/CO/NOx,2025-08-30 20:00:00+02:00,0.0
2025,CO2/CO/NOx,2025-08-30 21:00:00+02:00,0.0
2025,CO2/CO/NOx,2025-08-30 22:00:00+02:00,0.0
2025,CO2/CO/NOx,2025-08-30 23:00:00+02:00,0.0
2025,CO2/CO/NOx,2025-08-31 00:00:00+02:00,0.0
2025,CO2/CO/NOx,2025-08-31 01:00:00+02:00,0.0
2025,CO2/CO/NOx,2025-08-31 02:00:00+02:00,0.0
2025,CO2/CO/NOx,2025-08-31 03:00:00+02:00,0.0
2025,CO2/CO/NOx,2025-08-31 04:00:00+02:00,0.0
2025,CO2/CO/NOx,2025-08-31 05:00:00+02:00,0.0
2025,CO2/CO/NOx,2025-08-31 06:00:00+02:00,0.0
2025,CO2/CO/NOx,2025-08-31 07:00:00+02:00,0.0
2025,CO2/CO/NOx,2025-08-31 08:00:00+02:00,0.0
2025,CO2/CO/NOx,2025-08-31 09:00:00+02:00,0.0
2025,CO2/CO/NOx,2025-08-31 10:00:00+02:00,0.0
2025,CO2/CO/NOx,2025-08-31 11:00:00+02:00,0.0
2025,CO2/CO/NOx,2025-08-31 12:00:00+02:00,0.0
2025,CO2/CO/NOx,2025-08-31 13:00:00+02:00,0.0
2025,CO2/CO/NOx,2025-08-31 14:00:00+02:00,0.0
2025,CO2/CO/NOx,2025-08-31 15:00:00+02:00,0.0
2025,CO2/CO/NOx,2025-08-31 16:00:00+02:00,0.0
2025,CO2/CO/NOx,2025-08-31 17:00:00+02:00,0.0
2025,CO2/CO/NOx,2025-08-31 18:00:00+02:00,0.0
2025,CO2/CO/NOx,2025-08-31 19:00:00+02:00,0.0
2025,CO2/CO/NOx,2025-08-31 20:00:00+02:00,0.0
2025,CO2/CO/NOx,2025-08-31 21:00:00+02:00,0.0
2025,CO2/CO/NOx,2025-08-31 22:00:00+02:00,0.0
2025,CO2/CO/NOx,2025-08-31 23:00:00+02:00,0.0
2025,CO2/CO/NOx,2025-09-01 00:00:00+02:00,0.0
2025,CO2/CO/NOx,2025-09-01 01:00:00+02:00,0.0
2025,CO2/CO/NOx,2025-09-01 02:00:00+02:00,0.0
2025,CO2/CO/NOx,2025-09-01 03:00:00+02:00,0.0
2025,CO2/CO/NOx,2025-09-01 04:00:00+02:00,0.0
2025,CO2/CO/NOx,2025-09-01 05:00:00+02:00,0.0
2025,CO2/CO/NOx,2025-09-01 06:00:00+02:00,0.0
2025,CO2/CO/NOx,2025-09-01 07:00:00+02:00,0.0
2025,CO2/CO/NOx,2025-09-01 08:00:00+02:00,0.0
2025,CO2/CO/NOx,2025-09-01 09:00:00+02:00,0.0
2025,CO2/CO/NOx,2025-09-01 10:00:00+02:00,0.0
2025,CO2/CO/NOx,2025-09-01 11:00:00+02:00,0.0
2025,CO2/CO/NOx,2025-09-01 12:00:00+02:00,0.0
2025,CO2/CO/NOx,2025-09-01 13:00:00+02:00,0.0
2025,CO2/CO/NOx,2025-09-01 14:00:00+02:00,0.0
2025,CO2/CO/NOx,2025-09-01 15:00:00+02:00,0.0
2025,CO2/CO/NOx,2025-09-01 16:00:00+02:00,0.0
2025,CO2/CO/NOx,2025-09-01 17:00:00+02:00,0.0
2025,CO2/CO/NOx,2025-09-01 18:00:00+02:00,0.0
2025,CO2/CO/NOx,2025-09-01 19:00:00+02:00,0.0
2025,CO2/CO/NOx,2025-09-01 20:00:00+02:00,0.0
2025,CO2/CO/NOx,2025-09-01 21:00:00+02:00,0.0
2025,CO2/CO/NOx,2025-09-01 22:00:00+02:00,0.0
2025,CO2/CO/NOx,2025-09-01 23:00:00+02:00,0.0
2025,CO2/CO/NOx,2025-09-02 00:00:00+02:00,0.0
2025,CO2/CO/NOx,2025-09-02 01:00:00+02:00,0.0
2025,CO2/CO/NOx,2025-09-02 02:00:00+02:00,0.0
2025,CO2/CO/NOx,2025-09-02 03:00:00+02:00,0.0
2025,CO2/CO/NOx,2025-09-02 04:00:00+02:00,0.0
2025,CO2/CO/NOx,2025-09-02 05:00:00+02:00,0.0
2025,CO2/CO/NOx,2025-09-02 06:00:00+02:00,0.0
2025,CO2/CO/NOx,2025-09-02 07:00:00+02:00,0.0
2025,CO2/CO/NOx,2025-09-02 08:00:00+02:00,0.0
2025,CO2/CO/NOx,2025-09-02 09:00:00+02:00,0.0
2025,CO2/CO/NOx,2025-09-02 10:00:00+02:00,0.0
2025,CO2/CO/NOx,2025-09-02 11:00:00+02:00,0.0
2025,CO2/CO/NOx,2025-09-02 12:00:00+02:00,0.0
2025,CO2/CO/NOx,2025-09-02 13:00:00+02:00,0.0
2025,CO2/CO/NOx,2025-09-02 14:00:00+02:00,0.0
2025,CO2/CO/NOx,2025-09-02 15:00:00+02:00,0.0
2025,CO2/CO/NOx,2025-09-02 16:00:00+02:00,0.0
2025,CO2/CO/NOx,2025-09-02 17:00:00+02:00,0.0
2025,CO2/CO/NOx,2025-09-02 18:00:00+02:00,0.0
2025,CO2/CO/NOx,2025-09-02 19:00:00+02:00,0.0
2025,CO2/CO/NOx,2025-09-02 20:00:00+02:00,0.0
2025,CO2/CO/NOx,2025-09-02 21:00:00+02:00,0.0
2025,CO2/CO/NOx,2025-09-02 22:00:00+02:00,0.0
2025,CO2/CO/NOx,2025-09-02 23:00:00+02:00,0.0
2025,CO2/CO/NOx,2025-09-03 00:00:00+02:00,0.0
2025,CO2/CO/NOx,2025-09-03 01:00:00+02:00,0.0
2025,CO2/CO/NOx,2025-09-03 02:00:00+02:00,0.0
2025,CO2/CO/NOx,2025-09-03 03:00:00+02:00,0.0
2025,CO2/CO/NOx,2025-09-03 04:00:00+02:00,0.0
2025,CO2/CO/NOx,2025-09-03 05:00:00+02:00,0.0
2025,CO2/CO/NOx,2025-09-03 06:00:00+02:00,0.0
2025,CO2/CO/NOx,2025-09-03 07:00:00+02:00,0.0
2025,CO2/CO/NOx,2025-09-03 08:00:00+02:00,0.0
2025,CO2/CO/NOx,2025-09-03 09:00:00+02:00,0.0
2025,CO2/CO/NOx,2025-09-03 10:00:00+02:00,0.0
2025,CO2/CO/NOx,2025-09-03 11:00:00+02:00,0.0
2025,CO2/CO/NOx,2025-09-03 12:00:00+02:00,0.0
2025,CO2/CO/NOx,2025-09-03 13:00:00+02:00,0.0
2025,CO2/CO/NOx,2025-09-03 14:00:00+02:00,0.0
2025,CO2/CO/NOx,2025-09-03 15:00:00+02:00,0.0
2025,CO2/CO/NOx,2025-09-03 16:00:00+02:00,0.0
2025,CO2/CO/NOx,2025-09-03 17:00:00+02:00,0.0
2025,CO2/CO/NOx,2025-09-03 18:00:00+02:00,0.0
2025,CO2/CO/NOx,2025-09-03 19:00:00+02:00,0.0
2025,CO2/CO/NOx,2025-09-03 20:00:00+02:00,0.0
2025,CO2/CO/NOx,2025-09-03 21:00:00+02:00,0.0
2025,CO2/CO/NOx,2025-09-03 22:00:00+02:00,0.0
2025,CO2/CO/NOx,2025-09-03 23:00:00+02:00,0.0
2025,CO2/CO/NOx,2025-09-04 00:00:00+02:00,0.0
2025,CO2/CO/NOx,2025-09-04 01:00:00+02:00,0.0
2025,CO2/CO/NOx,2025-09-04 02:00:00+02:00,0.0
2025,CO2/CO/NOx,2025-09-04 03:00:00+02:00,0.0
2025,CO2/CO/NOx,2025-09-04 04:00:00+02:00,0.0
2025,CO2/CO/NOx,2025-09-04 05:00:00+02:00,0.0
2025,CO2/CO/NOx,2025-09-04 06:00:00+02:00,0.0
2025,CO2/CO/NOx,2025-09-04 07:00:00+02:00,0.0
2025,CO2/CO/NOx,2025-09-04 08:00:00+02:00,0.0
2025,CO2/CO/NOx,2025-09-04 09:00:00+02:00,0.0
2025,CO2/CO/NOx,2025-09-04 10:00:00+02:00,0.0
2025,CO2/CO/NOx,2025-09-04 11:00:00+02:00,0.0
2025,CO2/CO/NOx,2025-09-04 12:00:00+02:00,0.0
2025,CO2/CO/NOx,2025-09-04 13:00:00+02:00,0.0
2025,CO2/CO/NOx,2025-09-04 14:00:00+02:00,0.0
2025,CO2/CO/NOx,2025-09-04 15:00:00+02:00,0.0
2025,CO2/CO/NOx,2025-09-04 16:00:00+02:00,0.0
2025,CO2/CO/NOx,2025-09-04 17:00:00+02:00,0.0
2025,CO2/CO/NOx,2025-09-04 18:00:00+02:00,0.0
2025,CO2/CO/NOx,2025-09-04 19:00:00+02:00,0.0
2025,CO2/CO/NOx,2025-09-04 20:00:00+02:00,0.0
2025,CO2/CO/NOx,2025-09-04 21:00:00+02:00,0.0
2025,CO2/CO/NOx,2025-09-04 22:00:00+02:00,0.0
2025,CO2/CO/NOx,2025-09-04 23:00:00+02:00,0.0
2025,CO2/CO/NOx,2025-09-05 00:00:00+02:00,0.0
2025,CO2/CO/NOx,2025-09-05 01:00:00+02:00,0.0
2025,CO2/CO/NOx,2025-09-05 02:00:00+02:00,0.0
2025,CO2/CO/NOx,2025-09-05 03:00:00+02:00,0.0
2025,CO2/CO/NOx,2025-09-05 04:00:00+02:00,0.0
2025,CO2/CO/NOx,2025-09-05 05:00:00+02:00,0.0
2025,CO2/CO/NOx,2025-09-05 06:00:00+02:00,0.0
2025,CO2/CO/NOx,2025-09-05 07:00:00+02:00,0.0
2025,CO2/CO/NOx,2025-09-05 08:00:00+02:00,0.0
2025,CO2/CO/NOx,2025-09-05 09:00:00+02:00,0.0
2025,CO2/CO/NOx,2025-09-05 10:00:00+02:00,0.0
2025,CO2/CO/NOx,2025-09-05 11:00:00+02:00,0.0
2025,CO2/CO/NOx,2025-09-05 12:00:00+02:00,0.0
2025,CO2/CO/NOx,2025-09-05 13:00:00+02:00,0.0
2025,CO2/CO/NOx,2025-09-05 14:00:00+02:00,0.0
2025,CO2/CO/NOx,2025-09-05 15:00:00+02:00,0.0
2025,CO2/CO/NOx,2025-09-05 16:00:00+02:00,0.0
2025,CO2/CO/NOx,2025-09-05 17:00:00+02:00,0.0
2025,CO2/CO/NOx,2025-09-05 18:00:00+02:00,0.0
2025,CO2/CO/NOx,2025-09-05 19:00:00+02:00,0.0
2025,CO2/CO/NOx,2025-09-05 20:00:00+02:00,0.0
2025,CO2/CO/NOx,2025-09-05 21:00:00+02:00,0.0
2025,CO2/CO/NOx,2025-09-05 22:00:00+02:00,0.0
2025,CO2/CO/NOx,2025-09-05 23:00:00+02:00,0.0
2025,CO2/CO/NOx,2025-09-06 00:00:00+02:00,0.0
2025,CO2/CO/NOx,2025-09-06 01:00:00+02:00,0.0
2025,CO2/CO/NOx,2025-09-06 02:00:00+02:00,0.0
2025,CO2/CO/NOx,2025-09-06 03:00:00+02:00,0.0
2025,CO2/CO/NOx,2025-09-06 04:00:00+02:00,0.0
2025,CO2/CO/NOx,2025-09-06 05:00:00+02:00,0.0
2025,CO2/CO/NOx,2025-09-06 06:00:00+02:00,0.0
2025,CO2/CO/NOx,2025-09-06 07:00:00+02:00,0.0
2025,CO2/CO/NOx,2025-09-06 08:00:00+02:00,0.0
2025,CO2/CO/NOx,2025-09-06 09:00:00+02:00,0.0
2025,CO2/CO/NOx,2025-09-06 10:00:00+02:00,0.0
2025,CO2/CO/NOx,2025-09-06 11:00:00+02:00,0.0
2025,CO2/CO/NOx,2025-09-06 12:00:00+02:00,0.0
2025,CO2/CO/NOx,2025-09-06 13:00:00+02:00,0.0
2025,CO2/CO/NOx,2025-09-06 14:00:00+02:00,0.0
2025,CO2/CO/NOx,2025-09-06 15:00:00+02:00,0.0
2025,CO2/CO/NOx,2025-09-06 16:00:00+02:00,0.0
2025,CO2/CO/NOx,2025-09-06 17:00:00+02:00,0.0
2025,CO2/CO/NOx,2025-09-06 18:00:00+02:00,0.0
2025,CO2/CO/NOx,2025-09-06 19:00:00+02:00,0.0
2025,CO2/CO/NOx,2025-09-06 20:00:00+02:00,0.0
2025,CO2/CO/NOx,2025-09-06 21:00:00+02:00,0.0
2025,CO2/CO/NOx,2025-09-06 22:00:00+02:00,0.0
2025,CO2/CO/NOx,2025-09-06 23:00:00+02:00,0.0
2025,CO2/CO/NOx,2025-09-07 00:00:00+02:00,0.0
2025,CO2/CO/NOx,2025-09-07 01:00:00+02:00,0.0
2025,CO2/CO/NOx,2025-09-07 02:00:00+02:00,0.0
2025,CO2/CO/NOx,2025-09-07 03:00:00+02:00,0.0
2025,CO2/CO/NOx,2025-09-07 04:00:00+02:00,0.0
2025,CO2/CO/NOx,2025-09-07 05:00:00+02:00,0.0
2025,CO2/CO/NOx,2025-09-07 06:00:00+02:00,0.0
2025,CO2/CO/NOx,2025-09-07 07:00:00+02:00,0.0
2025,CO2/CO/NOx,2025-09-07 08:00:00+02:00,0.0
2025,CO2/CO/NOx,2025-09-07 09:00:00+02:00,0.0
2025,CO2/CO/NOx,2025-09-07 10:00:00+02:00,0.0
2025,CO2/CO/NOx,2025-09-07 11:00:00+02:00,0.0
2025,CO2/CO/NOx,2025-09-07 12:00:00+02:00,0.0
2025,CO2/CO/NOx,2025-09-07 13:00:00+02:00,0.0
2025,CO2/CO/NOx,2025-09-07 14:00:00+02:00,0.0
2025,CO2/CO/NOx,2025-09-07 15:00:00+02:00,0.0
2025,CO2/CO/NOx,2025-09-07 16:00:00+02:00,0.0
2025,CO2/CO/NOx,2025-09-07 17:00:00+02:00,0.0
2025,CO2/CO/NOx,2025-09-07 18:00:00+02:00,0.0
2025,CO2/CO/NOx,2025-09-07 19:00:00+02:00,0.0
2025,CO2/CO/NOx,2025-09-07 20:00:00+02:00,0.0
2025,CO2/CO/NOx,2025-09-07 21:00:00+02:00,0.0
2025,CO2/CO/NOx,2025-09-07 22:00:00+02:00,0.0
2025,CO2/CO/NOx,2025-09-07 23:00:00+02:00,0.0
2025,CO2/CO/NOx,2025-09-08 00:00:00+02:00,0.0
2025,CO2/CO/NOx,2025-09-08 01:00:00+02:00,0.0
2025,CO2/CO/NOx,2025-09-08 02:00:00+02:00,0.0
2025,CO2/CO/NOx,2025-09-08 03:00:00+02:00,0.0
2025,CO2/CO/NOx,2025-09-08 04:00:00+02:00,0.0
2025,CO2/CO/NOx,2025-09-08 05:00:00+02:00,0.0
2025,CO2/CO/NOx,2025-09-08 06:00:00+02:00,0.0
2025,CO2/CO/NOx,2025-09-08 07:00:00+02:00,0.0
2025,CO2/CO/NOx,2025-09-08 08:00:00+02:00,0.0
2025,CO2/CO/NOx,2025-09-08 09:00:00+02:00,0.0
2025,CO2/CO/NOx,2025-09-08 10:00:00+02:00,0.0
2025,CO2/CO/NOx,2025-09-08 11:00:00+02:00,0.0
2025,CO2/CO/NOx,2025-09-08 12:00:00+02:00,0.0
2025,CO2/CO/NOx,2025-09-08 13:00:00+02:00,0.0
2025,CO2/CO/NOx,2025-09-08 14:00:00+02:00,0.0
2025,CO2/CO/NOx,2025-09-08 15:00:00+02:00,0.0
2025,CO2/CO/NOx,2025-09-08 16:00:00+02:00,0.0
2025,CO2/CO/NOx,2025-09-08 17:00:00+02:00,0.0
2025,CO2/CO/NOx,2025-09-08 18:00:00+02:00,0.0
2025,CO2/CO/NOx,2025-09-08 19:00:00+02:00,0.0
2025,CO2/CO/NOx,2025-09-08 20:00:00+02:00,0.0
2025,CO2/CO/NOx,2025-09-08 21:00:00+02:00,0.0
2025,CO2/CO/NOx,2025-09-08 22:00:00+02:00,0.0
2025,CO2/CO/NOx,2025-09-08 23:00:00+02:00,0.0
2025,CO2/CO/NOx,2025-09-09 00:00:00+02:00,0.0
2025,CO2/CO/NOx,2025-09-09 01:00:00+02:00,0.0
2025,CO2/CO/NOx,2025-09-09 02:00:00+02:00,0.0
2025,CO2/CO/NOx,2025-09-09 03:00:00+02:00,0.0
2025,CO2/CO/NOx,2025-09-09 04:00:00+02:00,0.0
2025,CO2/CO/NOx,2025-09-09 05:00:00+02:00,0.0
2025,CO2/CO/NOx,2025-09-09 06:00:00+02:00,0.0
2025,CO2/CO/NOx,2025-09-09 07:00:00+02:00,0.0
2025,CO2/CO/NOx,2025-09-09 08:00:00+02:00,0.0
2025,CO2/CO/NOx,2025-09-09 09:00:00+02:00,0.0
2025,CO2/CO/NOx,2025-09-09 10:00:00+02:00,0.0
2025,CO2/CO/NOx,2025-09-09 11:00:00+02:00,0.0
2025,CO2/CO/NOx,2025-09-09 12:00:00+02:00,0.0
2025,CO2/CO/NOx,2025-09-09 13:00:00+02:00,0.0
2025,CO2/CO/NOx,2025-09-09 14:00:00+02:00,0.0
2025,CO2/CO/NOx,2025-09-09 15:00:00+02:00,0.0
2025,CO2/CO/NOx,2025-09-09 16:00:00+02:00,0.0
2025,CO2/CO/NOx,2025-09-09 17:00:00+02:00,0.0
2025,CO2/CO/NOx,2025-09-09 18:00:00+02:00,0.0
2025,CO2/CO/NOx,2025-09-09 19:00:00+02:00,0.0
2025,CO2/CO/NOx,2025-09-09 20:00:00+02:00,0.0
2025,CO2/CO/NOx,2025-09-09 21:00:00+02:00,0.0
2025,CO2/CO/NOx,2025-09-09 22:00:00+02:00,0.0
2025,CO2/CO/NOx,2025-09-09 23:00:00+02:00,0.0
2025,CO2/CO/NOx,2025-09-10 00:00:00+02:00,0.0
2025,CO2/CO/NOx,2025-09-10 01:00:00+02:00,0.0
2025,CO2/CO/NOx,2025-09-10 02:00:00+02:00,0.0
2025,CO2/CO/NOx,2025-09-10 03:00:00+02:00,0.0
2025,CO2/CO/NOx,2025-09-10 04:00:00+02:00,0.0
2025,CO2/CO/NOx,2025-09-10 05:00:00+02:00,0.0
2025,CO2/CO/NOx,2025-09-10 06:00:00+02:00,0.0
2025,CO2/CO/NOx,2025-09-10 07:00:00+02:00,0.0
2025,CO2/CO/NOx,2025-09-10 08:00:00+02:00,0.0
2025,CO2/CO/NOx,2025-09-10 09:00:00+02:00,0.0
2025,CO2/CO/NOx,2025-09-10 10:00:00+02:00,0.0
2025,CO2/CO/NOx,2025-09-10 11:00:00+02:00,0.0
2025,CO2/CO/NOx,2025-09-10 12:00:00+02:00,0.0
2025,CO2/CO/NOx,2025-09-10 13:00:00+02:00,0.0
2025,CO2/CO/NOx,2025-09-10 14:00:00+02:00,0.0
2025,CO2/CO/NOx,2025-09-10 15:00:00+02:00,0.0
2025,CO2/CO/NOx,2025-09-10 16:00:00+02:00,0.0
2025,CO2/CO/NOx,2025-09-10 17:00:00+02:00,0.0
2025,CO2/CO/NOx,2025-09-10 18:00:00+02:00,0.0
2025,CO2/CO/NOx,2025-09-10 19:00:00+02:00,0.0
2025,CO2/CO/NOx,2025-09-10 20:00:00+02:00,0.0
2025,CO2/CO/NOx,2025-09-10 21:00:00+02:00,0.0
2025,CO2/CO/NOx,2025-09-10 22:00:00+02:00,0.0
2025,CO2/CO/NOx,2025-09-10 23:00:00+02:00,0.0
2025,CO2/CO/NOx,2025-09-11 00:00:00+02:00,0.0
2025,CO2/CO/NOx,2025-09-11 01:00:00+02:00,0.0
2025,CO2/CO/NOx,2025-09-11 02:00:00+02:00,0.0
2025,CO2/CO/NOx,2025-09-11 03:00:00+02:00,0.0
2025,CO2/CO/NOx,2025-09-11 04:00:00+02:00,0.0
2025,CO2/CO/NOx,2025-09-11 05:00:00+02:00,0.0
2025,CO2/CO/NOx,2025-09-11 06:00:00+02:00,0.0
2025,CO2/CO/NOx,2025-09-11 07:00:00+02:00,0.0
2025,CO2/CO/NOx,2025-09-11 08:00:00+02:00,0.0
2025,CO2/CO/NOx,2025-09-11 09:00:00+02:00,0.0
2025,CO2/CO/NOx,2025-09-11 10:00:00+02:00,0.0
2025,CO2/CO/NOx,2025-09-11 11:00:00+02:00,0.0
2025,CO2/CO/NOx,2025-09-11 12:00:00+02:00,0.0
2025,CO2/CO/NOx,2025-09-11 13:00:00+02:00,0.0
2025,CO2/CO/NOx,2025-09-11 14:00:00+02:00,0.0
2025,CO2/CO/NOx,2025-09-11 15:00:00+02:00,0.0
2025,CO2/CO/NOx,2025-09-11 16:00:00+02:00,0.0
2025,CO2/CO/NOx,2025-09-11 17:00:00+02:00,0.0
2025,CO2/CO/NOx,2025-09-11 18:00:00+02:00,0.0
2025,CO2/CO/NOx,2025-09-11 19:00:00+02:00,0.0
2025,CO2/CO/NOx,2025-09-11 20:00:00+02:00,0.0
2025,CO2/CO/NOx,2025-09-11 21:00:00+02:00,0.0
2025,CO2/CO/NOx,2025-09-11 22:00:00+02:00,0.0
2025,CO2/CO/NOx,2025-09-11 23:00:00+02:00,0.0
2025,CO2/CO/NOx,2025-09-12 00:00:00+02:00,0.0
2025,CO2/CO/NOx,2025-09-12 01:00:00+02:00,0.0
2025,CO2/CO/NOx,2025-09-12 02:00:00+02:00,0.0
2025,CO2/CO/NOx,2025-09-12 03:00:00+02:00,0.0
2025,CO2/CO/NOx,2025-09-12 04:00:00+02:00,0.0
2025,CO2/CO/NOx,2025-09-12 05:00:00+02:00,0.0
2025,CO2/CO/NOx,2025-09-12 06:00:00+02:00,0.0
2025,CO2/CO/NOx,2025-09-12 07:00:00+02:00,0.0
2025,CO2/CO/NOx,2025-09-12 08:00:00+02:00,0.0
2025,CO2/CO/NOx,2025-09-12 09:00:00+02:00,0.0
2025,CO2/CO/NOx,2025-09-12 10:00:00+02:00,0.0
2025,CO2/CO/NOx,2025-09-12 11:00:00+02:00,0.0
2025,CO2/CO/NOx,2025-09-12 12:00:00+02:00,0.0
2025,CO2/CO/NOx,2025-09-12 13:00:00+02:00,0.0
2025,CO2/CO/NOx,2025-09-12 14:00:00+02:00,0.0
2025,CO2/CO/NOx,2025-09-12 15:00:00+02:00,0.0
2025,CO2/CO/NOx,2025-09-12 16:00:00+02:00,0.0
2025,CO2/CO/NOx,2025-09-12 17:00:00+02:00,0.0
2025,CO2/CO/NOx,2025-09-12 18:00:00+02:00,0.0
2025,CO2/CO/NOx,2025-09-12 19:00:00+02:00,0.0
2025,CO2/CO/NOx,2025-09-12 20:00:00+02:00,0.0
2025,CO2/CO/NOx,2025-09-12 21:00:00+02:00,0.0
2025,CO2/CO/NOx,2025-09-12 22:00:00+02:00,0.0
2025,CO2/CO/NOx,2025-09-12 23:00:00+02:00,0.0
2025,CO2/CO/NOx,2025-09-13 00:00:00+02:00,0.0
2025,CO2/CO/NOx,2025-09-13 01:00:00+02:00,0.0
2025,CO2/CO/NOx,2025-09-13 02:00:00+02:00,0.0
2025,CO2/CO/NOx,2025-09-13 03:00:00+02:00,0.0
2025,CO2/CO/NOx,2025-09-13 04:00:00+02:00,0.0
2025,CO2/CO/NOx,2025-09-13 05:00:00+02:00,0.0
2025,CO2/CO/NOx,2025-09-13 06:00:00+02:00,0.0
2025,CO2/CO/NOx,2025-09-13 07:00:00+02:00,0.0
2025,CO2/CO/NOx,2025-09-13 08:00:00+02:00,0.0
2025,CO2/CO/NOx,2025-09-13 09:00:00+02:00,0.0
2025,CO2/CO/NOx,2025-09-13 10:00:00+02:00,0.0
2025,CO2/CO/NOx,2025-09-13 11:00:00+02:00,0.0
2025,CO2/CO/NOx,2025-09-13 12:00:00+02:00,0.0
2025,CO2/CO/NOx,2025-09-13 13:00:00+02:00,0.0
2025,CO2/CO/NOx,2025-09-13 14:00:00+02:00,0.0
2025,CO2/CO/NOx,2025-09-13 15:00:00+02:00,0.0
2025,CO2/CO/NOx,2025-09-13 16:00:00+02:00,0.0
2025,CO2/CO/NOx,2025-09-13 17:00:00+02:00,0.0
2025,CO2/CO/NOx,2025-09-13 18:00:00+02:00,0.0
2025,CO2/CO/NOx,2025-09-13 19:00:00+02:00,0.0
2025,CO2/CO/NOx,2025-09-13 20:00:00+02:00,0.0
2025,CO2/CO/NOx,2025-09-13 21:00:00+02:00,0.0
2025,CO2/CO/NOx,2025-09-13 22:00:00+02:00,0.0
2025,CO2/CO/NOx,2025-09-13 23:00:00+02:00,0.0
2025,CO2/CO/NOx,2025-09-14 00:00:00+02:00,0.0
2025,CO2/CO/NOx,2025-09-14 01:00:00+02:00,0.0
2025,CO2/CO/NOx,2025-09-14 02:00:00+02:00,0.0
2025,CO2/CO/NOx,2025-09-14 03:00:00+02:00,0.0
2025,CO2/CO/NOx,2025-09-14 04:00:00+02:00,0.0
2025,CO2/CO/NOx,2025-09-14 05:00:00+02:00,0.0
2025,CO2/CO/NOx,2025-09-14 06:00:00+02:00,0.0
2025,CO2/CO/NOx,2025-09-14 07:00:00+02:00,0.0
2025,CO2/CO/NOx,2025-09-14 08:00:00+02:00,0.0
2025,CO2/CO/NOx,2025-09-14 09:00:00+02:00,0.0
2025,CO2/CO/NOx,2025-09-14 10:00:00+02:00,0.0
2025,CO2/CO/NOx,2025-09-14 11:00:00+02:00,0.0
2025,CO2/CO/NOx,2025-09-14 12:00:00+02:00,0.0
2025,CO2/CO/NOx,2025-09-14 13:00:00+02:00,0.0
2025,CO2/CO/NOx,2025-09-14 14:00:00+02:00,0.0
2025,CO2/CO/NOx,2025-09-14 15:00:00+02:00,0.0
2025,CO2/CO/NOx,2025-09-14 16:00:00+02:00,0.0
2025,CO2/CO/NOx,2025-09-14 17:00:00+02:00,0.0
2025,CO2/CO/NOx,2025-09-14 18:00:00+02:00,0.0
2025,CO2/CO/NOx,2025-09-14 19:00:00+02:00,0.0
2025,CO2/CO/NOx,2025-09-14 20:00:00+02:00,0.0
2025,CO2/CO/NOx,2025-09-14 21:00:00+02:00,0.0
2025,CO2/CO/NOx,2025-09-14 22:00:00+02:00,0.0
2025,CO2/CO/NOx,2025-09-14 23:00:00+02:00,0.0
2025,CO2/CO/NOx,2025-09-15 00:00:00+02:00,0.0
2025,CO2/CO/NOx,2025-09-15 01:00:00+02:00,0.0
2025,CO2/CO/NOx,2025-09-15 02:00:00+02:00,0.0
2025,CO2/CO/NOx,2025-09-15 03:00:00+02:00,0.0
2025,CO2/CO/NOx,2025-09-15 04:00:00+02:00,0.0
2025,CO2/CO/NOx,2025-09-15 05:00:00+02:00,0.0
2025,CO2/CO/NOx,2025-09-15 06:00:00+02:00,0.0
2025,CO2/CO/NOx,2025-09-15 07:00:00+02:00,0.0
2025,CO2/CO/NOx,2025-09-15 08:00:00+02:00,0.0
2025,CO2/CO/NOx,2025-09-15 09:00:00+02:00,0.0
2025,CO2/CO/NOx,2025-09-15 10:00:00+02:00,0.0
2025,CO2/CO/NOx,2025-09-15 11:00:00+02:00,0.0
2025,CO2/CO/NOx,2025-09-15 12:00:00+02:00,0.0
2025,CO2/CO/NOx,2025-09-15 13:00:00+02:00,0.0
2025,CO2/CO/NOx,2025-09-15 14:00:00+02:00,0.0
2025,CO2/CO/NOx,2025-09-15 15:00:00+02:00,0.0
2025,CO2/CO/NOx,2025-09-15 16:00:00+02:00,0.0
2025,CO2/CO/NOx,2025-09-15 17:00:00+02:00,0.0
2025,CO2/CO/NOx,2025-09-15 18:00:00+02:00,0.0
2025,CO2/CO/NOx,2025-09-15 19:00:00+02:00,0.0
2025,CO2/CO/NOx,2025-09-15 20:00:00+02:00,0.0
2025,CO2/CO/NOx,2025-09-15 21:00:00+02:00,0.0
2025,CO2/CO/NOx,2025-09-15 22:00:00+02:00,0.0
2025,CO2/CO/NOx,2025-09-15 23:00:00+02:00,0.0
2025,CO2/CO/NOx,2025-09-16 00:00:00+02:00,0.0
2025,CO2/CO/NOx,2025-09-16 01:00:00+02:00,0.0
2025,CO2/CO/NOx,2025-09-16 02:00:00+02:00,0.0
2025,CO2/CO/NOx,2025-09-16 03:00:00+02:00,0.0
2025,CO2/CO/NOx,2025-09-16 04:00:00+02:00,0.0
2025,CO2/CO/NOx,2025-09-16 05:00:00+02:00,0.0
2025,CO2/CO/NOx,2025-09-16 06:00:00+02:00,0.0
2025,CO2/CO/NOx,2025-09-16 07:00:00+02:00,0.0
2025,CO2/CO/NOx,2025-09-16 08:00:00+02:00,0.0
2025,CO2/CO/NOx,2025-09-16 09:00:00+02:00,0.0
2025,CO2/CO/NOx,2025-09-16 10:00:00+02:00,0.0
2025,CO2/CO/NOx,2025-09-16 11:00:00+02:00,0.0
2025,CO2/CO/NOx,2025-09-16 12:00:00+02:00,0.0
2025,CO2/CO/NOx,2025-09-16 13:00:00+02:00,0.0
2025,CO2/CO/NOx,2025-09-16 14:00:00+02:00,0.0
2025,CO2/CO/NOx,2025-09-16 15:00:00+02:00,0.0
2025,CO2/CO/NOx,2025-09-16 16:00:00+02:00,0.0
2025,CO2/CO/NOx,2025-09-16 17:00:00+02:00,0.0
2025,CO2/CO/NOx,2025-09-16 18:00:00+02:00,0.0
2025,CO2/CO/NOx,2025-09-16 19:00:00+02:00,0.0
2025,CO2/CO/NOx,2025-09-16 20:00:00+02:00,0.0
2025,CO2/CO/NOx,2025-09-16 21:00:00+02:00,0.0
2025,CO2/CO/NOx,2025-09-16 22:00:00+02:00,0.0
2025,CO2/CO/NOx,2025-09-16 23:00:00+02:00,0.0
2025,CO2/CO/NOx,2025-09-17 00:00:00+02:00,0.0
2025,CO2/CO/NOx,2025-09-17 01:00:00+02:00,0.0
2025,CO2/CO/NOx,2025-09-17 02:00:00+02:00,0.0
2025,CO2/CO/NOx,2025-09-17 03:00:00+02:00,0.0
2025,CO2/CO/NOx,2025-09-17 04:00:00+02:00,0.0
2025,CO2/CO/NOx,2025-09-17 05:00:00+02:00,0.0
2025,CO2/CO/NOx,2025-09-17 06:00:00+02:00,0.0
2025,CO2/CO/NOx,2025-09-17 07:00:00+02:00,0.0
2025,CO2/CO/NOx,2025-09-17 08:00:00+02:00,0.0
2025,CO2/CO/NOx,2025-09-17 09:00:00+02:00,0.0
2025,CO2/CO/NOx,2025-09-17 10:00:00+02:00,0.0
2025,CO2/CO/NOx,2025-09-17 11:00:00+02:00,0.0
2025,CO2/CO/NOx,2025-09-17 12:00:00+02:00,0.0
2025,CO2/CO/NOx,2025-09-17 13:00:00+02:00,0.0
2025,CO2/CO/NOx,2025-09-17 14:00:00+02:00,0.0
2025,CO2/CO/NOx,2025-09-17 15:00:00+02:00,0.0
2025,CO2/CO/NOx,2025-09-17 16:00:00+02:00,0.0
2025,CO2/CO/NOx,2025-09-17 17:00:00+02:00,0.0
2025,CO2/CO/NOx,2025-09-17 18:00:00+02:00,0.0
2025,CO2/CO/NOx,2025-09-17 19:00:00+02:00,0.0
2025,CO2/CO/NOx,2025-09-17 20:00:00+02:00,0.0
2025,CO2/CO/NOx,2025-09-17 21:00:00+02:00,0.0
2025,CO2/CO/NOx,2025-09-17 22:00:00+02:00,0.0
2025,CO2/CO/NOx,2025-09-17 23:00:00+02:00,0.0
2025,CO2/CO/NOx,2025-09-18 00:00:00+02:00,0.0
2025,CO2/CO/NOx,2025-09-18 01:00:00+02:00,0.0
2025,CO2/CO/NOx,2025-09-18 02:00:00+02:00,0.0
2025,CO2/CO/NOx,2025-09-18 03:00:00+02:00,0.0
2025,CO2/CO/NOx,2025-09-18 04:00:00+02:00,0.0
2025,CO2/CO/NOx,2025-09-18 05:00:00+02:00,0.0
2025,CO2/CO/NOx,2025-09-18 06:00:00+02:00,0.0
2025,CO2/CO/NOx,2025-09-18 07:00:00+02:00,0.0
2025,CO2/CO/NOx,2025-09-18 08:00:00+02:00,0.0
2025,CO2/CO/NOx,2025-09-18 09:00:00+02:00,0.0
2025,CO2/CO/NOx,2025-09-18 10:00:00+02:00,0.0
2025,CO2/CO/NOx,2025-09-18 11:00:00+02:00,0.0
2025,CO2/CO/NOx,2025-09-18 12:00:00+02:00,0.0
2025,CO2/CO/NOx,2025-09-18 13:00:00+02:00,0.0
2025,CO2/CO/NOx,2025-09-18 14:00:00+02:00,0.0
2025,CO2/CO/NOx,2025-09-18 15:00:00+02:00,0.0
2025,CO2/CO/NOx,2025-09-18 16:00:00+02:00,0.0
2025,CO2/CO/NOx,2025-09-18 17:00:00+02:00,0.0
2025,CO2/CO/NOx,2025-09-18 18:00:00+02:00,0.0
2025,CO2/CO/NOx,2025-09-18 19:00:00+02:00,0.0
2025,CO2/CO/NOx,2025-09-18 20:00:00+02:00,0.0
2025,CO2/CO/NOx,2025-09-18 21:00:00+02:00,0.0
2025,CO2/CO/NOx,2025-09-18 22:00:00+02:00,0.0
2025,CO2/CO/NOx,2025-09-18 23:00:00+02:00,0.0
2025,CO2/CO/NOx,2025-09-19 00:00:00+02:00,0.0
2025,CO2/CO/NOx,2025-09-19 01:00:00+02:00,0.0
2025,CO2/CO/NOx,2025-09-19 02:00:00+02:00,0.0
2025,CO2/CO/NOx,2025-09-19 03:00:00+02:00,0.0
2025,CO2/CO/NOx,2025-09-19 04:00:00+02:00,0.0
2025,CO2/CO/NOx,2025-09-19 05:00:00+02:00,0.0
2025,CO2/CO/NOx,2025-09-19 06:00:00+02:00,0.0
2025,CO2/CO/NOx,2025-09-19 07:00:00+02:00,0.0
2025,CO2/CO/NOx,2025-09-19 08:00:00+02:00,0.0
2025,CO2/CO/NOx,2025-09-19 09:00:00+02:00,0.0
2025,CO2/CO/NOx,2025-09-19 10:00:00+02:00,0.0
2025,CO2/CO/NOx,2025-09-19 11:00:00+02:00,0.0
2025,CO2/CO/NOx,2025-09-19 12:00:00+02:00,0.0
2025,CO2/CO/NOx,2025-09-19 13:00:00+02:00,0.0
2025,CO2/CO/NOx,2025-09-19 14:00:00+02:00,0.0
2025,CO2/CO/NOx,2025-09-19 15:00:00+02:00,0.0
2025,CO2/CO/NOx,2025-09-19 16:00:00+02:00,0.0
2025,CO2/CO/NOx,2025-09-19 17:00:00+02:00,0.0
2025,CO2/CO/NOx,2025-09-19 18:00:00+02:00,0.0
2025,CO2/CO/NOx,2025-09-19 19:00:00+02:00,0.0
2025,CO2/CO/NOx,2025-09-19 20:00:00+02:00,0.0
2025,CO2/CO/NOx,2025-09-19 21:00:00+02:00,0.0
2025,CO2/CO/NOx,2025-09-19 22:00:00+02:00,0.0
2025,CO2/CO/NOx,2025-09-19 23:00:00+02:00,0.0
2025,CO2/CO/NOx,2025-09-20 00:00:00+02:00,0.0
2025,CO2/CO/NOx,2025-09-20 01:00:00+02:00,0.0
2025,CO2/CO/NOx,2025-09-20 02:00:00+02:00,0.0
2025,CO2/CO/NOx,2025-09-20 03:00:00+02:00,0.0
2025,CO2/CO/NOx,2025-09-20 04:00:00+02:00,0.0
2025,CO2/CO/NOx,2025-09-20 05:00:00+02:00,0.0
2025,CO2/CO/NOx,2025-09-20 06:00:00+02:00,0.0
2025,CO2/CO/NOx,2025-09-20 07:00:00+02:00,0.0
2025,CO2/CO/NOx,2025-09-20 08:00:00+02:00,0.0
2025,CO2/CO/NOx,2025-09-20 09:00:00+02:00,0.0
2025,CO2/CO/NOx,2025-09-20 10:00:00+02:00,0.0
2025,CO2/CO/NOx,2025-09-20 11:00:00+02:00,0.0
2025,CO2/CO/NOx,2025-09-20 12:00:00+02:00,0.0
2025,CO2/CO/NOx,2025-09-20 13:00:00+02:00,0.0
2025,CO2/CO/NOx,2025-09-20 14:00:00+02:00,0.0
2025,CO2/CO/NOx,2025-09-20 15:00:00+02:00,0.0
2025,CO2/CO/NOx,2025-09-20 16:00:00+02:00,0.0
2025,CO2/CO/NOx,2025-09-20 17:00:00+02:00,0.0
2025,CO2/CO/NOx,2025-09-20 18:00:00+02:00,0.0
2025,CO2/CO/NOx,2025-09-20 19:00:00+02:00,0.0
2025,CO2/CO/NOx,2025-09-20 20:00:00+02:00,0.0
2025,CO2/CO/NOx,2025-09-20 21:00:00+02:00,0.0
2025,CO2/CO/NOx,2025-09-20 22:00:00+02:00,0.0
2025,CO2/CO/NOx,2025-09-20 23:00:00+02:00,0.0
2025,CO2/CO/NOx,2025-09-21 00:00:00+02:00,0.0
2025,CO2/CO/NOx,2025-09-21 01:00:00+02:00,0.0
2025,CO2/CO/NOx,2025-09-21 02:00:00+02:00,0.0
2025,CO2/CO/NOx,2025-09-21 03:00:00+02:00,0.0
2025,CO2/CO/NOx,2025-09-21 04:00:00+02:00,0.0
2025,CO2/CO/NOx,2025-09-21 05:00:00+02:00,0.0
2025,CO2/CO/NOx,2025-09-21 06:00:00+02:00,0.0
2025,CO2/CO/NOx,2025-09-21 07:00:00+02:00,0.0
2025,CO2/CO/NOx,2025-09-21 08:00:00+02:00,0.0
2025,CO2/CO/NOx,2025-09-21 09:00:00+02:00,0.0
2025,CO2/CO/NOx,2025-09-21 10:00:00+02:00,0.0
2025,CO2/CO/NOx,2025-09-21 11:00:00+02:00,0.0
2025,CO2/CO/NOx,2025-09-21 12:00:00+02:00,0.0
2025,CO2/CO/NOx,2025-09-21 13:00:00+02:00,0.0
2025,CO2/CO/NOx,2025-09-21 14:00:00+02:00,0.0
2025,CO2/CO/NOx,2025-09-21 15:00:00+02:00,0.0
2025,CO2/CO/NOx,2025-09-21 16:00:00+02:00,0.0
2025,CO2/CO/NOx,2025-09-21 17:00:00+02:00,0.0
2025,CO2/CO/NOx,2025-09-21 18:00:00+02:00,0.0
2025,CO2/CO/NOx,2025-09-21 19:00:00+02:00,0.0
2025,CO2/CO/NOx,2025-09-21 20:00:00+02:00,0.0
2025,CO2/CO/NOx,2025-09-21 21:00:00+02:00,0.0
2025,CO2/CO/NOx,2025-09-21 22:00:00+02:00,0.0
2025,CO2/CO/NOx,2025-09-21 23:00:00+02:00,0.0
2025,CO2/CO/NOx,2025-09-22 00:00:00+02:00,0.0
2025,CO2/CO/NOx,2025-09-22 01:00:00+02:00,0.0
2025,CO2/CO/NOx,2025-09-22 02:00:00+02:00,0.0
2025,CO2/CO/NOx,2025-09-22 03:00:00+02:00,0.0
2025,CO2/CO/NOx,2025-09-22 04:00:00+02:00,0.0
2025,CO2/CO/NOx,2025-09-22 05:00:00+02:00,0.0
2025,CO2/CO/NOx,2025-09-22 06:00:00+02:00,0.0
2025,CO2/CO/NOx,2025-09-22 07:00:00+02:00,0.0
2025,CO2/CO/NOx,2025-09-22 08:00:00+02:00,0.0
2025,CO2/CO/NOx,2025-09-22 09:00:00+02:00,0.0
2025,CO2/CO/NOx,2025-09-22 10:00:00+02:00,0.0
2025,CO2/CO/NOx,2025-09-22 11:00:00+02:00,0.0
2025,CO2/CO/NOx,2025-09-22 12:00:00+02:00,0.0
2025,CO2/CO/NOx,2025-09-22 13:00:00+02:00,0.0
2025,CO2/CO/NOx,2025-09-22 14:00:00+02:00,0.0
2025,CO2/CO/NOx,2025-09-22 15:00:00+02:00,0.0
2025,CO2/CO/NOx,2025-09-22 16:00:00+02:00,0.0
2025,CO2/CO/NOx,2025-09-22 17:00:00+02:00,0.0
2025,CO2/CO/NOx,2025-09-22 18:00:00+02:00,0.0
2025,CO2/CO/NOx,2025-09-22 19:00:00+02:00,0.0
2025,CO2/CO/NOx,2025-09-22 20:00:00+02:00,0.0
2025,CO2/CO/NOx,2025-09-22 21:00:00+02:00,0.0
2025,CO2/CO/NOx,2025-09-22 22:00:00+02:00,0.0
2025,CO2/CO/NOx,2025-09-22 23:00:00+02:00,0.0
2025,CO2/CO/NOx,2025-09-23 00:00:00+02:00,0.0
2025,CO2/CO/NOx,2025-09-23 01:00:00+02:00,0.0
2025,CO2/CO/NOx,2025-09-23 02:00:00+02:00,0.0
2025,CO2/CO/NOx,2025-09-23 03:00:00+02:00,0.0
2025,CO2/CO/NOx,2025-09-23 04:00:00+02:00,0.0
2025,CO2/CO/NOx,2025-09-23 05:00:00+02:00,0.0
2025,CO2/CO/NOx,2025-09-23 06:00:00+02:00,0.0
2025,CO2/CO/NOx,2025-09-23 07:00:00+02:00,0.0
2025,CO2/CO/NOx,2025-09-23 08:00:00+02:00,0.0
2025,CO2/CO/NOx,2025-09-23 09:00:00+02:00,0.0
2025,CO2/CO/NOx,2025-09-23 10:00:00+02:00,0.0
2025,CO2/CO/NOx,2025-09-23 11:00:00+02:00,0.0
2025,CO2/CO/NOx,2025-09-23 12:00:00+02:00,0.0
2025,CO2/CO/NOx,2025-09-23 13:00:00+02:00,0.0
2025,CO2/CO/NOx,2025-09-23 14:00:00+02:00,0.0
2025,CO2/CO/NOx,2025-09-23 15:00:00+02:00,0.0
2025,CO2/CO/NOx,2025-09-23 16:00:00+02:00,0.0
2025,CO2/CO/NOx,2025-09-23 17:00:00+02:00,0.0
2025,CO2/CO/NOx,2025-09-23 18:00:00+02:00,0.0
2025,CO2/CO/NOx,2025-09-23 19:00:00+02:00,0.0
2025,CO2/CO/NOx,2025-09-23 20:00:00+02:00,0.0
2025,CO2/CO/NOx,2025-09-23 21:00:00+02:00,0.0
2025,CO2/CO/NOx,2025-09-23 22:00:00+02:00,0.0
2025,CO2/CO/NOx,2025-09-23 23:00:00+02:00,0.0
2025,CO2/CO/NOx,2025-09-24 00:00:00+02:00,0.0
2025,CO2/CO/NOx,2025-09-24 01:00:00+02:00,0.0
2025,CO2/CO/NOx,2025-09-24 02:00:00+02:00,0.0
2025,CO2/CO/NOx,2025-09-24 03:00:00+02:00,0.0
2025,CO2/CO/NOx,2025-09-24 04:00:00+02:00,0.0
2025,CO2/CO/NOx,2025-09-24 05:00:00+02:00,0.0
2025,CO2/CO/NOx,2025-09-24 06:00:00+02:00,0.0
2025,CO2/CO/NOx,2025-09-24 07:00:00+02:00,0.0
2025,CO2/CO/NOx,2025-09-24 08:00:00+02:00,0.0
2025,CO2/CO/NOx,2025-09-24 09:00:00+02:00,0.0
2025,CO2/CO/NOx,2025-09-24 10:00:00+02:00,0.0
2025,CO2/CO/NOx,2025-09-24 11:00:00+02:00,0.0
2025,CO2/CO/NOx,2025-09-24 12:00:00+02:00,0.0
2025,CO2/CO/NOx,2025-09-24 13:00:00+02:00,0.0
2025,CO2/CO/NOx,2025-09-24 14:00:00+02:00,0.0
2025,CO2/CO/NOx,2025-09-24 15:00:00+02:00,0.0
2025,CO2/CO/NOx,2025-09-24 16:00:00+02:00,0.0
2025,CO2/CO/NOx,2025-09-24 17:00:00+02:00,0.0
2025,CO2/CO/NOx,2025-09-24 18:00:00+02:00,0.0
2025,CO2/CO/NOx,2025-09-24 19:00:00+02:00,0.0
2025,CO2/CO/NOx,2025-09-24 20:00:00+02:00,0.0
2025,CO2/CO/NOx,2025-09-24 21:00:00+02:00,0.0
2025,CO2/CO/NOx,2025-09-24 22:00:00+02:00,0.0
2025,CO2/CO/NOx,2025-09-24 23:00:00+02:00,0.0
2025,CO2/CO/NOx,2025-09-25 00:00:00+02:00,0.0
2025,CO2/CO/NOx,2025-09-25 01:00:00+02:00,0.0
2025,CO2/CO/NOx,2025-09-25 02:00:00+02:00,0.0
2025,CO2/CO/NOx,2025-09-25 03:00:00+02:00,0.0
2025,CO2/CO/NOx,2025-09-25 04:00:00+02:00,0.0
2025,CO2/CO/NOx,2025-09-25 05:00:00+02:00,0.0
2025,CO2/CO/NOx,2025-09-25 06:00:00+02:00,0.0
2025,CO2/CO/NOx,2025-09-25 07:00:00+02:00,0.0
2025,CO2/CO/NOx,2025-09-25 08:00:00+02:00,0.0
2025,CO2/CO/NOx,2025-09-25 09:00:00+02:00,0.0
2025,CO2/CO/NOx,2025-09-25 10:00:00+02:00,0.0
2025,CO2/CO/NOx,2025-09-25 11:00:00+02:00,0.0
2025,CO2/CO/NOx,2025-09-25 12:00:00+02:00,0.0
2025,CO2/CO/NOx,2025-09-25 13:00:00+02:00,0.0
2025,CO2/CO/NOx,2025-09-25 14:00:00+02:00,0.0
2025,CO2/CO/NOx,2025-09-25 15:00:00+02:00,0.0
2025,CO2/CO/NOx,2025-09-25 16:00:00+02:00,0.0
2025,CO2/CO/NOx,2025-09-25 17:00:00+02:00,0.0
2025,CO2/CO/NOx,2025-09-25 18:00:00+02:00,0.0
2025,CO2/CO/NOx,2025-09-25 19:00:00+02:00,0.0
2025,CO2/CO/NOx,2025-09-25 20:00:00+02:00,0.0
2025,CO2/CO/NOx,2025-09-25 21:00:00+02:00,0.0
2025,CO2/CO/NOx,2025-09-25 22:00:00+02:00,0.0
2025,CO2/CO/NOx,2025-09-25 23:00:00+02:00,0.0
2025,CO2/CO/NOx,2025-09-26 00:00:00+02:00,0.0
2025,CO2/CO/NOx,2025-09-26 01:00:00+02:00,0.0
2025,CO2/CO/NOx,2025-09-26 02:00:00+02:00,0.0
2025,CO2/CO/NOx,2025-09-26 03:00:00+02:00,0.0
2025,CO2/CO/NOx,2025-09-26 04:00:00+02:00,0.0
2025,CO2/CO/NOx,2025-09-26 05:00:00+02:00,0.0
2025,CO2/CO/NOx,2025-09-26 06:00:00+02:00,0.0
2025,CO2/CO/NOx,2025-09-26 07:00:00+02:00,0.0
2025,CO2/CO/NOx,2025-09-26 08:00:00+02:00,0.0
2025,CO2/CO/NOx,2025-09-26 09:00:00+02:00,0.0
2025,CO2/CO/NOx,2025-09-26 10:00:00+02:00,0.0
2025,CO2/CO/NOx,2025-09-26 11:00:00+02:00,0.0
2025,CO2/CO/NOx,2025-09-26 12:00:00+02:00,0.0
2025,CO2/CO/NOx,2025-09-26 13:00:00+02:00,0.0
2025,CO2/CO/NOx,2025-09-26 14:00:00+02:00,0.0
2025,CO2/CO/NOx,2025-09-26 15:00:00+02:00,0.0
2025,CO2/CO/NOx,2025-09-26 16:00:00+02:00,0.0
2025,CO2/CO/NOx,2025-09-26 17:00:00+02:00,0.0
2025,CO2/CO/NOx,2025-09-26 18:00:00+02:00,0.0
2025,CO2/CO/NOx,2025-09-26 19:00:00+02:00,0.0
2025,CO2/CO/NOx,2025-09-26 20:00:00+02:00,0.0
2025,CO2/CO/NOx,2025-09-26 21:00:00+02:00,0.0
2025,CO2/CO/NOx,2025-09-26 22:00:00+02:00,0.0
2025,CO2/CO/NOx,2025-09-26 23:00:00+02:00,0.0
2025,CO2/CO/NOx,2025-09-27 00:00:00+02:00,0.0
2025,CO2/CO/NOx,2025-09-27 01:00:00+02:00,0.0
2025,CO2/CO/NOx,2025-09-27 02:00:00+02:00,0.0
2025,CO2/CO/NOx,2025-09-27 03:00:00+02:00,0.0
2025,CO2/CO/NOx,2025-09-27 04:00:00+02:00,0.0
2025,CO2/CO/NOx,2025-09-27 05:00:00+02:00,0.0
2025,CO2/CO/NOx,2025-09-27 06:00:00+02:00,0.0
2025,CO2/CO/NOx,2025-09-27 07:00:00+02:00,0.0
2025,CO2/CO/NOx,2025-09-27 08:00:00+02:00,0.0
2025,CO2/CO/NOx,2025-09-27 09:00:00+02:00,0.0
2025,CO2/CO/NOx,2025-09-27 10:00:00+02:00,0.0
2025,CO2/CO/NOx,2025-09-27 11:00:00+02:00,0.0
2025,CO2/CO/NOx,2025-09-27 12:00:00+02:00,0.0
2025,CO2/CO/NOx,2025-09-27 13:00:00+02:00,0.0
2025,CO2/CO/NOx,2025-09-27 14:00:00+02:00,0.0
2025,CO2/CO/NOx,2025-09-27 15:00:00+02:00,0.0
2025,CO2/CO/NOx,2025-09-27 16:00:00+02:00,0.0
2025,CO2/CO/NOx,2025-09-27 17:00:00+02:00,0.0
2025,CO2/CO/NOx,2025-09-27 18:00:00+02:00,0.0
2025,CO2/CO/NOx,2025-09-27 19:00:00+02:00,0.0
2025,CO2/CO/NOx,2025-09-27 20:00:00+02:00,0.0
2025,CO2/CO/NOx,2025-09-27 21:00:00+02:00,0.0
2025,CO2/CO/NOx,2025-09-27 22:00:00+02:00,0.0
2025,CO2/CO/NOx,2025-09-27 23:00:00+02:00,0.0
2025,CO2/CO/NOx,2025-09-28 00:00:00+02:00,0.0
2025,CO2/CO/NOx,2025-09-28 01:00:00+02:00,0.0
2025,CO2/CO/NOx,2025-09-28 02:00:00+02:00,0.0
2025,CO2/CO/NOx,2025-09-28 03:00:00+02:00,0.0
2025,CO2/CO/NOx,2025-09-28 04:00:00+02:00,0.0
2025,CO2/CO/NOx,2025-09-28 05:00:00+02:00,0.0
2025,CO2/CO/NOx,2025-09-28 06:00:00+02:00,0.0
2025,CO2/CO/NOx,2025-09-28 07:00:00+02:00,0.0
2025,CO2/CO/NOx,2025-09-28 08:00:00+02:00,0.0
2025,CO2/CO/NOx,2025-09-28 09:00:00+02:00,0.0
2025,CO2/CO/NOx,2025-09-28 10:00:00+02:00,0.0
2025,CO2/CO/NOx,2025-09-28 11:00:00+02:00,0.0
2025,CO2/CO/NOx,2025-09-28 12:00:00+02:00,0.0
2025,CO2/CO/NOx,2025-09-28 13:00:00+02:00,0.0
2025,CO2/CO/NOx,2025-09-28 14:00:00+02:00,0.0
2025,CO2/CO/NOx,2025-09-28 15:00:00+02:00,0.0
2025,CO2/CO/NOx,2025-09-28 16:00:00+02:00,0.0
2025,CO2/CO/NOx,2025-09-28 17:00:00+02:00,0.0
2025,CO2/CO/NOx,2025-09-28 18:00:00+02:00,0.0
2025,CO2/CO/NOx,2025-09-28 19:00:00+02:00,0.0
2025,CO2/CO/NOx,2025-09-28 20:00:00+02:00,0.0
2025,CO2/CO/NOx,2025-09-28 21:00:00+02:00,0.0
2025,CO2/CO/NOx,2025-09-28 22:00:00+02:00,0.0
2025,CO2/CO/NOx,2025-09-28 23:00:00+02:00,0.0
2025,CO2/CO/NOx,2025-09-29 00:00:00+02:00,0.0
2025,CO2/CO/NOx,2025-09-29 01:00:00+02:00,0.0
2025,CO2/CO/NOx,2025-09-29 02:00:00+02:00,0.0
2025,CO2/CO/NOx,2025-09-29 03:00:00+02:00,0.0
2025,CO2/CO/NOx,2025-09-29 04:00:00+02:00,0.0
2025,CO2/CO/NOx,2025-09-29 05:00:00+02:00,0.0
2025,CO2/CO/NOx,2025-09-29 06:00:00+02:00,0.0
2025,CO2/CO/NOx,2025-09-29 07:00:00+02:00,0.0
2025,CO2/CO/NOx,2025-09-29 08:00:00+02:00,0.0
2025,CO2/CO/NOx,2025-09-29 09:00:00+02:00,0.0
2025,CO2/CO/NOx,2025-09-29 10:00:00+02:00,0.0
2025,CO2/CO/NOx,2025-09-29 11:00:00+02:00,0.0
2025,CO2/CO/NOx,2025-09-29 12:00:00+02:00,0.0
2025,CO2/CO/NOx,2025-09-29 13:00:00+02:00,0.0
2025,CO2/CO/NOx,2025-09-29 14:00:00+02:00,0.0
2025,CO2/CO/NOx,2025-09-29 15:00:00+02:00,0.0
2025,CO2/CO/NOx,2025-09-29 16:00:00+02:00,0.0
2025,CO2/CO/NOx,2025-09-29 17:00:00+02:00,0.0
2025,CO2/CO/NOx,2025-09-29 18:00:00+02:00,0.0
2025,CO2/CO/NOx,2025-09-29 19:00:00+02:00,0.0
2025,CO2/CO/NOx,2025-09-29 20:00:00+02:00,0.0
2025,CO2/CO/NOx,2025-09-29 21:00:00+02:00,0.0
2025,CO2/CO/NOx,2025-09-29 22:00:00+02:00,0.0
2025,CO2/CO/NOx,2025-09-29 23:00:00+02:00,0.0
2025,CO2/CO/NOx,2025-09-30 00:00:00+02:00,0.0
2025,CO2/CO/NOx,2025-09-30 01:00:00+02:00,0.0
2025,CO2/CO/NOx,2025-09-30 02:00:00+02:00,0.0
2025,CO2/CO/NOx,2025-09-30 03:00:00+02:00,0.0
2025,CO2/CO/NOx,2025-09-30 04:00:00+02:00,0.0
2025,CO2/CO/NOx,2025-09-30 05:00:00+02:00,0.0
2025,CO2/CO/NOx,2025-09-30 06:00:00+02:00,0.0
2025,CO2/CO/NOx,2025-09-30 07:00:00+02:00,0.0
2025,CO2/CO/NOx,2025-09-30 08:00:00+02:00,0.0
2025,CO2/CO/NOx,2025-09-30 09:00:00+02:00,0.0
2025,CO2/CO/NOx,2025-09-30 10:00:00+02:00,0.0
2025,CO2/CO/NOx,2025-09-30 11:00:00+02:00,0.0
2025,CO2/CO/NOx,2025-09-30 12:00:00+02:00,0.0
2025,CO2/CO/NOx,2025-09-30 13:00:00+02:00,0.0
2025,CO2/CO/NOx,2025-09-30 14:00:00+02:00,0.0
2025,CO2/CO/NOx,2025-09-30 15:00:00+02:00,0.0
2025,CO2/CO/NOx,2025-09-30 16:00:00+02:00,0.0
2025,CO2/CO/NOx,2025-09-30 17:00:00+02:00,0.0
2025,CO2/CO/NOx,2025-09-30 18:00:00+02:00,0.0
2025,CO2/CO/NOx,2025-09-30 19:00:00+02:00,0.0
2025,CO2/CO/NOx,2025-09-30 20:00:00+02:00,0.0
2025,CO2/CO/NOx,2025-09-30 21:00:00+02:00,0.0
2025,CO2/CO/NOx,2025-09-30 22:00:00+02:00,0.0
2025,CO2/CO/NOx,2025-09-30 23:00:00+02:00,0.0
2025,CO2/CO/NOx,2025-10-01 00:00:00+02:00,0.0
2025,CO2/CO/NOx,2025-10-01 01:00:00+02:00,0.0
2025,CO2/CO/NOx,2025-10-01 02:00:00+02:00,0.0
2025,CO2/CO/NOx,2025-10-01 03:00:00+02:00,0.0
2025,CO2/CO/NOx,2025-10-01 04:00:00+02:00,0.0
2025,CO2/CO/NOx,2025-10-01 05:00:00+02:00,0.0
2025,CO2/CO/NOx,2025-10-01 06:00:00+02:00,0.0
2025,CO2/CO/NOx,2025-10-01 07:00:00+02:00,0.0
2025,CO2/CO/NOx,2025-10-01 08:00:00+02:00,0.0
2025,CO2/CO/NOx,2025-10-01 09:00:00+02:00,0.0
2025,CO2/CO/NOx,2025-10-01 10:00:00+02:00,0.0
2025,CO2/CO/NOx,2025-10-01 11:00:00+02:00,0.0
2025,CO2/CO/NOx,2025-10-01 12:00:00+02:00,0.0
2025,CO2/CO/NOx,2025-10-01 13:00:00+02:00,0.0
2025,CO2/CO/NOx,2025-10-01 14:00:00+02:00,0.0
2025,CO2/CO/NOx,2025-10-01 15:00:00+02:00,0.0
2025,CO2/CO/NOx,2025-10-01 16:00:00+02:00,0.0
2025,CO2/CO/NOx,2025-10-01 17:00:00+02:00,0.0
2025,CO2/CO/NOx,2025-10-01 18:00:00+02:00,0.0
2025,CO2/CO/NOx,2025-10-01 19:00:00+02:00,0.0
2025,CO2/CO/NOx,2025-10-01 20:00:00+02:00,0.0
2025,CO2/CO/NOx,2025-10-01 21:00:00+02:00,0.0
2025,CO2/CO/NOx,2025-10-01 22:00:00+02:00,0.0
2025,CO2/CO/NOx,2025-10-01 23:00:00+02:00,0.0
2025,CO2/CO/NOx,2025-10-02 00:00:00+02:00,0.0
2025,CO2/CO/NOx,2025-10-02 01:00:00+02:00,0.0
2025,CO2/CO/NOx,2025-10-02 02:00:00+02:00,0.0
2025,CO2/CO/NOx,2025-10-02 03:00:00+02:00,0.0
2025,CO2/CO/NOx,2025-10-02 04:00:00+02:00,0.0
2025,CO2/CO/NOx,2025-10-02 05:00:00+02:00,0.0
2025,CO2/CO/NOx,2025-10-02 06:00:00+02:00,0.0
2025,CO2/CO/NOx,2025-10-02 07:00:00+02:00,0.0
2025,CO2/CO/NOx,2025-10-02 08:00:00+02:00,0.0
2025,CO2/CO/NOx,2025-10-02 09:00:00+02:00,0.0
2025,CO2/CO/NOx,2025-10-02 10:00:00+02:00,0.0
2025,CO2/CO/NOx,2025-10-02 11:00:00+02:00,0.0
2025,CO2/CO/NOx,2025-10-02 12:00:00+02:00,0.0
2025,CO2/CO/NOx,2025-10-02 13:00:00+02:00,0.0
2025,CO2/CO/NOx,2025-10-02 14:00:00+02:00,0.0
2025,CO2/CO/NOx,2025-10-02 15:00:00+02:00,0.0
2025,CO2/CO/NOx,2025-10-02 16:00:00+02:00,0.0
2025,CO2/CO/NOx,2025-10-02 17:00:00+02:00,0.0
2025,CO2/CO/NOx,2025-10-02 18:00:00+02:00,0.0
2025,CO2/CO/NOx,2025-10-02 19:00:00+02:00,0.0
2025,CO2/CO/NOx,2025-10-02 20:00:00+02:00,0.0
2025,CO2/CO/NOx,2025-10-02 21:00:00+02:00,0.0
2025,CO2/CO/NOx,2025-10-02 22:00:00+02:00,0.0
2025,CO2/CO/NOx,2025-10-02 23:00:00+02:00,0.0
2025,CO2/CO/NOx,2025-10-03 00:00:00+02:00,0.0
2025,CO2/CO/NOx,2025-10-03 01:00:00+02:00,0.0
2025,CO2/CO/NOx,2025-10-03 02:00:00+02:00,0.0
2025,CO2/CO/NOx,2025-10-03 03:00:00+02:00,0.0
2025,CO2/CO/NOx,2025-10-03 04:00:00+02:00,0.0
2025,CO2/CO/NOx,2025-10-03 05:00:00+02:00,0.0
2025,CO2/CO/NOx,2025-10-03 06:00:00+02:00,0.0
2025,CO2/CO/NOx,2025-10-03 07:00:00+02:00,0.0
2025,CO2/CO/NOx,2025-10-03 08:00:00+02:00,0.0
2025,CO2/CO/NOx,2025-10-03 09:00:00+02:00,0.0
2025,CO2/CO/NOx,2025-10-03 10:00:00+02:00,0.0
2025,CO2/CO/NOx,2025-10-03 11:00:00+02:00,0.0
2025,CO2/CO/NOx,2025-10-03 12:00:00+02:00,0.0
2025,CO2/CO/NOx,2025-10-03 13:00:00+02:00,0.0
2025,CO2/CO/NOx,2025-10-03 14:00:00+02:00,0.0
2025,CO2/CO/NOx,2025-10-03 15:00:00+02:00,0.0
2025,CO2/CO/NOx,2025-10-03 16:00:00+02:00,0.0
2025,CO2/CO/NOx,2025-10-03 17:00:00+02:00,0.0
2025,CO2/CO/NOx,2025-10-03 18:00:00+02:00,0.0
2025,CO2/CO/NOx,2025-10-03 19:00:00+02:00,0.0
2025,CO2/CO/NOx,2025-10-03 20:00:00+02:00,0.0
2025,CO2/CO/NOx,2025-10-03 21:00:00+02:00,0.0
2025,CO2/CO/NOx,2025-10-03 22:00:00+02:00,0.0
2025,CO2/CO/NOx,2025-10-03 23:00:00+02:00,0.0
2025,CO2/CO/NOx,2025-10-04 00:00:00+02:00,0.0
2025,CO2/CO/NOx,2025-10-04 01:00:00+02:00,0.0
2025,CO2/CO/NOx,2025-10-04 02:00:00+02:00,0.0
2025,CO2/CO/NOx,2025-10-04 03:00:00+02:00,0.0
2025,CO2/CO/NOx,2025-10-04 04:00:00+02:00,0.0
2025,CO2/CO/NOx,2025-10-04 05:00:00+02:00,0.0
2025,CO2/CO/NOx,2025-10-04 06:00:00+02:00,0.0
2025,CO2/CO/NOx,2025-10-04 07:00:00+02:00,0.0
2025,CO2/CO/NOx,2025-10-04 08:00:00+02:00,0.0
2025,CO2/CO/NOx,2025-10-04 09:00:00+02:00,0.0
2025,CO2/CO/NOx,2025-10-04 10:00:00+02:00,0.0
2025,CO2/CO/NOx,2025-10-04 11:00:00+02:00,0.0
2025,CO2/CO/NOx,2025-10-04 12:00:00+02:00,0.0
2025,CO2/CO/NOx,2025-10-04 13:00:00+02:00,0.0
2025,CO2/CO/NOx,2025-10-04 14:00:00+02:00,0.0
2025,CO2/CO/NOx,2025-10-04 15:00:00+02:00,0.0
2025,CO2/CO/NOx,2025-10-04 16:00:00+02:00,0.0
2025,CO2/CO/NOx,2025-10-04 17:00:00+02:00,0.0
2025,CO2/CO/NOx,2025-10-04 18:00:00+02:00,0.0
2025,CO2/CO/NOx,2025-10-04 19:00:00+02:00,0.0
2025,CO2/CO/NOx,2025-10-04 20:00:00+02:00,0.0
2025,CO2/CO/NOx,2025-10-04 21:00:00+02:00,0.0
2025,CO2/CO/NOx,2025-10-04 22:00:00+02:00,0.0
2025,CO2/CO/NOx,2025-10-04 23:00:00+02:00,0.0
2025,CO2/CO/NOx,2025-10-05 00:00:00+02:00,0.0
2025,CO2/CO/NOx,2025-10-05 01:00:00+02:00,0.0
2025,CO2/CO/NOx,2025-10-05 02:00:00+02:00,0.0
2025,CO2/CO/NOx,2025-10-05 03:00:00+02:00,0.0
2025,CO2/CO/NOx,2025-10-05 04:00:00+02:00,0.0
2025,CO2/CO/NOx,2025-10-05 05:00:00+02:00,0.0
2025,CO2/CO/NOx,2025-10-05 06:00:00+02:00,0.0
2025,CO2/CO/NOx,2025-10-05 07:00:00+02:00,0.0
2025,CO2/CO/NOx,2025-10-05 08:00:00+02:00,0.0
2025,CO2/CO/NOx,2025-10-05 09:00:00+02:00,0.0
2025,CO2/CO/NOx,2025-10-05 10:00:00+02:00,0.0
2025,CO2/CO/NOx,2025-10-05 11:00:00+02:00,0.0
2025,CO2/CO/NOx,2025-10-05 12:00:00+02:00,0.0
2025,CO2/CO/NOx,2025-10-05 13:00:00+02:00,0.0
2025,CO2/CO/NOx,2025-10-05 14:00:00+02:00,0.0
2025,CO2/CO/NOx,2025-10-05 15:00:00+02:00,0.0
2025,CO2/CO/NOx,2025-10-05 16:00:00+02:00,0.0
2025,CO2/CO/NOx,2025-10-05 17:00:00+02:00,0.0
2025,CO2/CO/NOx,2025-10-05 18:00:00+02:00,0.0
2025,CO2/CO/NOx,2025-10-05 19:00:00+02:00,0.0
2025,CO2/CO/NOx,2025-10-05 20:00:00+02:00,0.0
2025,CO2/CO/NOx,2025-10-05 21:00:00+02:00,0.0
2025,CO2/CO/NOx,2025-10-05 22:00:00+02:00,0.0
2025,CO2/CO/NOx,2025-10-05 23:00:00+02:00,0.0
2025,CO2/CO/NOx,2025-10-06 00:00:00+02:00,0.0
2025,CO2/CO/NOx,2025-10-06 01:00:00+02:00,0.0
2025,CO2/CO/NOx,2025-10-06 02:00:00+02:00,0.0
2025,CO2/CO/NOx,2025-10-06 03:00:00+02:00,0.0
2025,CO2/CO/NOx,2025-10-06 04:00:00+02:00,0.0
2025,CO2/CO/NOx,2025-10-06 05:00:00+02:00,0.0
2025,CO2/CO/NOx,2025-10-06 06:00:00+02:00,0.0
2025,CO2/CO/NOx,2025-10-06 07:00:00+02:00,0.0
2025,CO2/CO/NOx,2025-10-06 08:00:00+02:00,0.0
2025,CO2/CO/NOx,2025-10-06 09:00:00+02:00,0.0
2025,CO2/CO/NOx,2025-10-06 10:00:00+02:00,0.0
2025,CO2/CO/NOx,2025-10-06 11:00:00+02:00,0.0
2025,CO2/CO/NOx,2025-10-06 12:00:00+02:00,0.0
2025,CO2/CO/NOx,2025-10-06 13:00:00+02:00,0.0
2025,CO2/CO/NOx,2025-10-06 14:00:00+02:00,0.0
2025,CO2/CO/NOx,2025-10-06 15:00:00+02:00,0.0
2025,CO2/CO/NOx,2025-10-06 16:00:00+02:00,0.0
2025,CO2/CO/NOx,2025-10-06 17:00:00+02:00,0.0
2025,CO2/CO/NOx,2025-10-06 18:00:00+02:00,0.0
2025,CO2/CO/NOx,2025-10-06 19:00:00+02:00,0.0
2025,CO2/CO/NOx,2025-10-06 20:00:00+02:00,0.0
2025,CO2/CO/NOx,2025-10-06 21:00:00+02:00,0.0
2025,CO2/CO/NOx,2025-10-06 22:00:00+02:00,0.0
2025,CO2/CO/NOx,2025-10-06 23:00:00+02:00,0.0
2025,CO2/CO/NOx,2025-10-07 00:00:00+02:00,0.0
2025,CO2/CO/NOx,2025-10-07 01:00:00+02:00,0.0
2025,CO2/CO/NOx,2025-10-07 02:00:00+02:00,0.0
2025,CO2/CO/NOx,2025-10-07 03:00:00+02:00,0.0
2025,CO2/CO/NOx,2025-10-07 04:00:00+02:00,0.0
2025,CO2/CO/NOx,2025-10-07 05:00:00+02:00,0.0
2025,CO2/CO/NOx,2025-10-07 06:00:00+02:00,0.0
2025,CO2/CO/NOx,2025-10-07 07:00:00+02:00,0.0
2025,CO2/CO/NOx,2025-10-07 08:00:00+02:00,0.0
2025,CO2/CO/NOx,2025-10-07 09:00:00+02:00,0.0
2025,CO2/CO/NOx,2025-10-07 10:00:00+02:00,0.0
2025,CO2/CO/NOx,2025-10-07 11:00:00+02:00,0.0
2025,CO2/CO/NOx,2025-10-07 12:00:00+02:00,0.0
2025,CO2/CO/NOx,2025-10-07 13:00:00+02:00,0.0
2025,CO2/CO/NOx,2025-10-07 14:00:00+02:00,0.0
2025,CO2/CO/NOx,2025-10-07 15:00:00+02:00,0.0
2025,CO2/CO/NOx,2025-10-07 16:00:00+02:00,0.0
2025,CO2/CO/NOx,2025-10-07 17:00:00+02:00,0.0
2025,CO2/CO/NOx,2025-10-07 18:00:00+02:00,0.0
2025,CO2/CO/NOx,2025-10-07 19:00:00+02:00,0.0
2025,CO2/CO/NOx,2025-10-07 20:00:00+02:00,0.0
2025,CO2/CO/NOx,2025-10-07 21:00:00+02:00,0.0
2025,CO2/CO/NOx,2025-10-07 22:00:00+02:00,0.0
2025,CO2/CO/NOx,2025-10-07 23:00:00+02:00,0.0
2025,CO2/CO/NOx,2025-10-08 00:00:00+02:00,0.0
2025,CO2/CO/NOx,2025-10-08 01:00:00+02:00,0.0
2025,CO2/CO/NOx,2025-10-08 02:00:00+02:00,0.0
2025,CO2/CO/NOx,2025-10-08 03:00:00+02:00,0.0
2025,CO2/CO/NOx,2025-10-08 04:00:00+02:00,0.0
2025,CO2/CO/NOx,2025-10-08 05:00:00+02:00,0.0
2025,CO2/CO/NOx,2025-10-08 06:00:00+02:00,0.0
2025,CO2/CO/NOx,2025-10-08 07:00:00+02:00,0.0
2025,CO2/CO/NOx,2025-10-08 08:00:00+02:00,0.0
2025,CO2/CO/NOx,2025-10-08 09:00:00+02:00,0.0
2025,CO2/CO/NOx,2025-10-08 10:00:00+02:00,0.0
2025,CO2/CO/NOx,2025-10-08 11:00:00+02:00,0.0
2025,CO2/CO/NOx,2025-10-08 12:00:00+02:00,0.0
2025,CO2/CO/NOx,2025-10-08 13:00:00+02:00,0.0
2025,CO2/CO/NOx,2025-10-08 14:00:00+02:00,0.0
2025,CO2/CO/NOx,2025-10-08 15:00:00+02:00,0.0
2025,CO2/CO/NOx,2025-10-08 16:00:00+02:00,0.0
2025,CO2/CO/NOx,2025-10-08 17:00:00+02:00,0.0
2025,CO2/CO/NOx,2025-10-08 18:00:00+02:00,0.0
2025,CO2/CO/NOx,2025-10-08 19:00:00+02:00,0.0
2025,CO2/CO/NOx,2025-10-08 20:00:00+02:00,0.0
2025,CO2/CO/NOx,2025-10-08 21:00:00+02:00,0.0
2025,CO2/CO/NOx,2025-10-08 22:00:00+02:00,0.0
2025,CO2/CO/NOx,2025-10-08 23:00:00+02:00,0.0
2025,CO2/CO/NOx,2025-10-09 00:00:00+02:00,0.0
2025,CO2/CO/NOx,2025-10-09 01:00:00+02:00,0.0
2025,CO2/CO/NOx,2025-10-09 02:00:00+02:00,0.0
2025,CO2/CO/NOx,2025-10-09 03:00:00+02:00,0.0
2025,CO2/CO/NOx,2025-10-09 04:00:00+02:00,0.0
2025,CO2/CO/NOx,2025-10-09 05:00:00+02:00,0.0
2025,CO2/CO/NOx,2025-10-09 06:00:00+02:00,0.0
2025,CO2/CO/NOx,2025-10-09 07:00:00+02:00,0.0
2025,CO2/CO/NOx,2025-10-09 08:00:00+02:00,0.0
2025,CO2/CO/NOx,2025-10-09 09:00:00+02:00,0.0
2025,CO2/CO/NOx,2025-10-09 10:00:00+02:00,0.0
2025,CO2/CO/NOx,2025-10-09 11:00:00+02:00,0.0
2025,CO2/CO/NOx,2025-10-09 12:00:00+02:00,0.0
2025,CO2/CO/NOx,2025-10-09 13:00:00+02:00,0.3152851
2025,CO2/CO/NOx,2025-10-09 14:00:00+02:00,1.6285807
2025,CO2/CO/NOx,2025-10-09 15:00:00+02:00,2.4258127
2025,CO2/CO/NOx,2025-10-09 16:00:00+02:00,2.4999282
2025,CO2/CO/NOx,2025-10-09 17:00:00+02:00,3.223829
2025,CO2/CO/NOx,2025-10-09 18:00:00+02:00,3.0308936
2025,CO2/CO/NOx,2025-10-09 19:00:00+02:00,2.3128748
2025,CO2/CO/NOx,2025-10-09 20:00:00+02:00,2.148958
2025,CO2/CO/NOx,2025-10-09 21:00:00+02:00,1.8740638
2025,CO2/CO/NOx,2025-10-09 22:00:00+02:00,1.8348494
2025,CO2/CO/NOx,2025-10-09 23:00:00+02:00,1.8289671
2025,CO2/CO/NOx,2025-10-10 00:00:00+02:00,2.1693497
2025,CO2/CO/NOx,2025-10-10 01:00:00+02:00,2.1324878
2025,CO2/CO/NOx,2025-10-10 02:00:00+02:00,2.1344485
2025,CO2/CO/NOx,2025-10-10 03:00:00+02:00,2.126998
2025,CO2/CO/NOx,2025-10-10 04:00:00+02:00,2.135233
2025,CO2/CO/NOx,2025-10-10 05:00:00+02:00,2.1748395
2025,CO2/CO/NOx,2025-10-10 06:00:00+02:00,3.0979505
2025,CO2/CO/NOx,2025-10-10 07:00:00+02:00,3.3810797
2025,CO2/CO/NOx,2025-10-10 08:00:00+02:00,3.4661753
2025,CO2/CO/NOx,2025-10-10 09:00:00+02:00,3.3026505
2025,CO2/CO/NOx,2025-10-10 10:00:00+02:00,2.9148183
2025,CO2/CO/NOx,2025-10-10 11:00:00+02:00,2.5391428
2025,CO2/CO/NOx,2025-10-10 12:00:00+02:00,2.1834667
2025,CO2/CO/NOx,2025-10-10 13:00:00+02:00,1.72348
2025,CO2/CO/NOx,2025-10-10 14:00:00+02:00,1.4697617
2025,CO2/CO/NOx,2025-10-10 15:00:00+02:00,1.352118
2025,CO2/CO/NOx,2025-10-10 16:00:00+02:00,2.167389
2025,CO2/CO/NOx,2025-10-10 17:00:00+02:00,2.3493443
2025,CO2/CO/NOx,2025-10-10 18:00:00+02:00,2.181114
2025,CO2/CO/NOx,2025-10-10 19:00:00+02:00,2.052098
2025,CO2/CO/NOx,2025-10-10 20:00:00+02:00,2.396402
2025,CO2/CO/NOx,2025-10-10 21:00:00+02:00,2.426205
2025,CO2/CO/NOx,2025-10-10 22:00:00+02:00,2.0003347
2025,CO2/CO/NOx,2025-10-10 23:00:00+02:00,1.7230878
2025,CO2/CO/NOx,2025-10-11 00:00:00+02:00,1.6846576
2025,CO2/CO/NOx,2025-10-11 01:00:00+02:00,1.6419138
2025,CO2/CO/NOx,2025-10-11 02:00:00+02:00,1.6230907
2025,CO2/CO/NOx,2025-10-11 03:00:00+02:00,1.6383843
2025,CO2/CO/NOx,2025-10-11 04:00:00+02:00,1.7175978
2025,CO2/CO/NOx,2025-10-11 05:00:00+02:00,1.957983
2025,CO2/CO/NOx,2025-10-11 06:00:00+02:00,2.0999398
2025,CO2/CO/NOx,2025-10-11 07:00:00+02:00,2.2195442
2025,CO2/CO/NOx,2025-10-11 08:00:00+02:00,2.2281713
2025,CO2/CO/NOx,2025-10-11 09:00:00+02:00,2.1579773
2025,CO2/CO/NOx,2025-10-11 10:00:00+02:00,2.0293536
2025,CO2/CO/NOx,2025-10-11 11:00:00+02:00,1.812105
2025,CO2/CO/NOx,2025-10-11 12:00:00+02:00,1.6874025
2025,CO2/CO/NOx,2025-10-11 13:00:00+02:00,1.527015
2025,CO2/CO/NOx,2025-10-11 14:00:00+02:00,1.4736832
2025,CO2/CO/NOx,2025-10-11 15:00:00+02:00,1.446233
2025,CO2/CO/NOx,2025-10-11 16:00:00+02:00,1.5681903
2025,CO2/CO/NOx,2025-10-11 17:00:00+02:00,1.637208
2025,CO2/CO/NOx,2025-10-11 18:00:00+02:00,2.014452
2025,CO2/CO/NOx,2025-10-11 19:00:00+02:00,2.121508
2025,CO2/CO/NOx,2025-10-11 20:00:00+02:00,2.0215106
2025,CO2/CO/NOx,2025-10-11 21:00:00+02:00,1.9513166
2025,CO2/CO/NOx,2025-10-11 22:00:00+02:00,1.7964191
2025,CO2/CO/NOx,2025-10-11 23:00:00+02:00,1.532113
2025,CO2/CO/NOx,2025-10-12 00:00:00+02:00,1.3474123
2025,CO2/CO/NOx,2025-10-12 01:00:00+02:00,1.4262336
2025,CO2/CO/NOx,2025-10-12 02:00:00+02:00,1.4109399
2025,CO2/CO/NOx,2025-10-12 03:00:00+02:00,1.3674119
2025,CO2/CO/NOx,2025-10-12 04:00:00+02:00,1.4536839
2025,CO2/CO/NOx,2025-10-12 05:00:00+02:00,1.7348522
2025,CO2/CO/NOx,2025-10-12 06:00:00+02:00,1.8705345
2025,CO2/CO/NOx,2025-10-12 07:00:00+02:00,1.8415159
2025,CO2/CO/NOx,2025-10-12 08:00:00+02:00,1.9485716
2025,CO2/CO/NOx,2025-10-12 09:00:00+02:00,1.9728847
2025,CO2/CO/NOx,2025-10-12 10:00:00+02:00,1.8191634
2025,CO2/CO/NOx,2025-10-12 11:00:00+02:00,1.677599
2025,CO2/CO/NOx,2025-10-12 12:00:00+02:00,1.5372108
2025,CO2/CO/NOx,2025-10-12 13:00:00+02:00,1.4607425
2025,CO2/CO/NOx,2025-10-12 14:00:00+02:00,1.3850584
2025,CO2/CO/NOx,2025-10-12 15:00:00+02:00,1.424665
2025,CO2/CO/NOx,2025-10-12 16:00:00+02:00,1.667011
2025,CO2/CO/NOx,2025-10-12 17:00:00+02:00,1.7928898
2025,CO2/CO/NOx,2025-10-12 18:00:00+02:00,2.000727
2025,CO2/CO/NOx,2025-10-12 19:00:00+02:00,2.1144493
2025,CO2/CO/NOx,2025-10-12 20:00:00+02:00,2.126998
2025,CO2/CO/NOx,2025-10-12 21:00:00+02:00,2.0454314
2025,CO2/CO/NOx,2025-10-12 22:00:00+02:00,2.0022955
2025,CO2/CO/NOx,2025-10-12 23:00:00+02:00,1.9226899
2025,CO2/CO/NOx,2025-10-13 00:00:00+02:00,1.8395551
2025,CO2/CO/NOx,2025-10-13 01:00:00+02:00,1.763871
2025,CO2/CO/NOx,2025-10-13 02:00:00+02:00,1.7438716
2025,CO2/CO/NOx,2025-10-13 03:00:00+02:00,1.8183793
2025,CO2/CO/NOx,2025-10-13 04:00:00+02:00,1.9144549
2025,CO2/CO/NOx,2025-10-13 05:00:00+02:00,2.2199361
2025,CO2/CO/NOx,2025-10-13 06:00:00+02:00,3.3508842
2025,CO2/CO/NOx,2025-10-13 07:00:00+02:00,3.7438142
2025,CO2/CO/NOx,2025-10-13 08:00:00+02:00,3.966553
2025,CO2/CO/NOx,2025-10-13 09:00:00+02:00,3.641072
2025,CO2/CO/NOx,2025-10-13 10:00:00+02:00,2.7661953
2025,CO2/CO/NOx,2025-10-13 11:00:00+02:00,1.6360315
2025,CO2/CO/NOx,2025-10-13 12:00:00+02:00,1.5223093
2025,CO2/CO/NOx,2025-10-13 13:00:00+02:00,1.7901447
2025,CO2/CO/NOx,2025-10-13 14:00:00+02:00,2.2677782
2025,CO2/CO/NOx,2025-10-13 15:00:00+02:00,2.4493415
2025,CO2/CO/NOx,2025-10-13 16:00:00+02:00,2.725804
2025,CO2/CO/NOx,2025-10-13 17:00:00+02:00,2.9461899
2025,CO2/CO/NOx,2025-10-13 18:00:00+02:00,2.8744273
2025,CO2/CO/NOx,2025-10-13 19:00:00+02:00,2.541888
2025,CO2/CO/NOx,2025-10-13 20:00:00+02:00,2.4732625
2025,CO2/CO/NOx,2025-10-13 21:00:00+02:00,2.4791446
2025,CO2/CO/NOx,2025-10-13 22:00:00+02:00,2.375226
2025,CO2/CO/NOx,2025-10-13 23:00:00+02:00,2.3462071
2025,CO2/CO/NOx,2025-10-14 00:00:00+02:00,2.0238633
2025,CO2/CO/NOx,2025-10-14 01:00:00+02:00,1.8587703
2025,CO2/CO/NOx,2025-10-14 02:00:00+02:00,1.8670053
2025,CO2/CO/NOx,2025-10-14 03:00:00+02:00,1.8646524
2025,CO2/CO/NOx,2025-10-14 04:00:00+02:00,1.8497509
2025,CO2/CO/NOx,2025-10-14 05:00:00+02:00,1.9822961
2025,CO2/CO/NOx,2025-10-14 06:00:00+02:00,2.0340593
2025,CO2/CO/NOx,2025-10-14 07:00:00+02:00,1.8924948
2025,CO2/CO/NOx,2025-10-14 08:00:00+02:00,1.8266143
2025,CO2/CO/NOx,2025-10-14 09:00:00+02:00,1.7838703
2025,CO2/CO/NOx,2025-10-14 10:00:00+02:00,1.7501458
2025,CO2/CO/NOx,2025-10-14 11:00:00+02:00,1.4148613
2025,CO2/CO/NOx,2025-10-14 12:00:00+02:00,1.4419194
2025,CO2/CO/NOx,2025-10-14 13:00:00+02:00,1.510545
2025,CO2/CO/NOx,2025-10-14 14:00:00+02:00,1.5281916
2025,CO2/CO/NOx,2025-10-14 15:00:00+02:00,1.6203457
2025,CO2/CO/NOx,2025-10-14 16:00:00+02:00,1.7850469
2025,CO2/CO/NOx,2025-10-14 17:00:00+02:00,2.261896
2025,CO2/CO/NOx,2025-10-14 18:00:00+02:00,2.4485574
2025,CO2/CO/NOx,2025-10-14 19:00:00+02:00,2.4418907
2025,CO2/CO/NOx,2025-10-14 20:00:00+02:00,2.3979704
2025,CO2/CO/NOx,2025-10-14 21:00:00+02:00,2.33758
2025,CO2/CO/NOx,2025-10-14 22:00:00+02:00,2.0403335
2025,CO2/CO/NOx,2025-10-14 23:00:00+02:00,1.7901447
2025,CO2/CO/NOx,2025-10-15 00:00:00+02:00,1.7364208
2025,CO2/CO/NOx,2025-10-15 01:00:00+02:00,1.7391658
2025,CO2/CO/NOx,2025-10-15 02:00:00+02:00,1.7136763
2025,CO2/CO/NOx,2025-10-15 03:00:00+02:00,1.6728932
2025,CO2/CO/NOx,2025-10-15 04:00:00+02:00,1.7928898
2025,CO2/CO/NOx,2025-10-15 05:00:00+02:00,1.8764168
2025,CO2/CO/NOx,2025-10-15 06:00:00+02:00,1.8493588
2025,CO2/CO/NOx,2025-10-15 07:00:00+02:00,1.8693582
2025,CO2/CO/NOx,2025-10-15 08:00:00+02:00,1.7909291
2025,CO2/CO/NOx,2025-10-15 09:00:00+02:00,1.8638681
2025,CO2/CO/NOx,2025-10-15 10:00:00+02:00,2.03602
2025,CO2/CO/NOx,2025-10-15 11:00:00+02:00,1.559171
2025,CO2/CO/NOx,2025-10-15 12:00:00+02:00,1.4183908
2025,CO2/CO/NOx,2025-10-15 13:00:00+02:00,1.4964277
2025,CO2/CO/NOx,2025-10-15 14:00:00+02:00,1.4642717
2025,CO2/CO/NOx,2025-10-15 15:00:00+02:00,1.4693696
2025,CO2/CO/NOx,2025-10-15 16:00:00+02:00,1.8438687
2025,CO2/CO/NOx,2025-10-15 17:00:00+02:00,2.192094
2025,CO2/CO/NOx,2025-10-15 18:00:00+02:00,2.3407173
2025,CO2/CO/NOx,2025-10-15 19:00:00+02:00,2.4003232
2025,CO2/CO/NOx,2025-10-15 20:00:00+02:00,2.2807188
2025,CO2/CO/NOx,2025-10-15 21:00:00+02:00,1.8622996
2025,CO2/CO/NOx,2025-10-15 22:00:00+02:00,1.6419138
2025,CO2/CO/NOx,2025-10-15 23:00:00+02:00,1.6172085
2025,CO2/CO/NOx,2025-10-16 00:00:00+02:00,1.4823104
2025,CO2/CO/NOx,2025-10-16 01:00:00+02:00,1.3897641
2025,CO2/CO/NOx,2025-10-16 02:00:00+02:00,1.4121164
2025,CO2/CO/NOx,2025-10-16 03:00:00+02:00,1.4321158
2025,CO2/CO/NOx,2025-10-16 04:00:00+02:00,1.3587846
2025,CO2/CO/NOx,2025-10-16 05:00:00+02:00,1.2897669
2025,CO2/CO/NOx,2025-10-16 06:00:00+02:00,1.3587846
2025,CO2/CO/NOx,2025-10-16 07:00:00+02:00,1.5328972
2025,CO2/CO/NOx,2025-10-16 08:00:00+02:00,1.8187714
2025,CO2/CO/NOx,2025-10-16 09:00:00+02:00,1.9317093
2025,CO2/CO/NOx,2025-10-16 10:00:00+02:00,2.1505268
2025,CO2/CO/NOx,2025-10-16 11:00:00+02:00,1.6975983
2025,CO2/CO/NOx,2025-10-16 12:00:00+02:00,1.8019091
2025,CO2/CO/NOx,2025-10-16 13:00:00+02:00,1.9230821
2025,CO2/CO/NOx,2025-10-16 14:00:00+02:00,1.7862233
2025,CO2/CO/NOx,2025-10-16 15:00:00+02:00,2.1109197
2025,CO2/CO/NOx,2025-10-16 16:00:00+02:00,2.25719
2025,CO2/CO/NOx,2025-10-16 17:00:00+02:00,2.2038584
2025,CO2/CO/NOx,2025-10-16 18:00:00+02:00,2.165036
2025,CO2/CO/NOx,2025-10-16 19:00:00+02:00,2.1740553
2025,CO2/CO/NOx,2025-10-16 20:00:00+02:00,2.2066035
2025,CO2/CO/NOx,2025-10-16 21:00:00+02:00,1.7336758
2025,CO2/CO/NOx,2025-10-16 22:00:00+02:00,1.5289757
2025,CO2/CO/NOx,2025-10-16 23:00:00+02:00,1.4905455
2025,CO2/CO/NOx,2025-10-17 00:00:00+02:00,1.3532945
2025,CO2/CO/NOx,2025-10-17 01:00:00+02:00,1.3254522
2025,CO2/CO/NOx,2025-10-17 02:00:00+02:00,1.3199621
2025,CO2/CO/NOx,2025-10-17 03:00:00+02:00,1.3262365
2025,CO2/CO/NOx,2025-10-17 04:00:00+02:00,1.3721175
2025,CO2/CO/NOx,2025-10-17 05:00:00+02:00,1.4258415
2025,CO2/CO/NOx,2025-10-17 06:00:00+02:00,1.7552438
2025,CO2/CO/NOx,2025-10-17 07:00:00+02:00,2.046608
2025,CO2/CO/NOx,2025-10-17 08:00:00+02:00,2.04151
2025,CO2/CO/NOx,2025-10-17 09:00:00+02:00,2.0011191
2025,CO2/CO/NOx,2025-10-17 10:00:00+02:00,2.0909204
2025,CO2/CO/NOx,2025-10-17 11:00:00+02:00,2.1050377
2025,CO2/CO/NOx,2025-10-17 12:00:00+02:00,1.8321043
2025,CO2/CO/NOx,2025-10-17 13:00:00+02:00,1.462311
2025,CO2/CO/NOx,2025-10-17 14:00:00+02:00,1.4254494
2025,CO2/CO/NOx,2025-10-17 15:00:00+02:00,1.3932934
2025,CO2/CO/NOx,2025-10-17 16:00:00+02:00,1.41643
2025,CO2/CO/NOx,2025-10-17 17:00:00+02:00,1.4023128
2025,CO2/CO/NOx,2025-10-17 18:00:00+02:00,1.7054412
2025,CO2/CO/NOx,2025-10-17 19:00:00+02:00,1.8826911
2025,CO2/CO/NOx,2025-10-17 20:00:00+02:00,1.6611289
2025,CO2/CO/NOx,2025-10-17 21:00:00+02:00,1.5340737
2025,CO2/CO/NOx,2025-10-17 22:00:00+02:00,1.6164243
2025,CO2/CO/NOx,2025-10-17 23:00:00+02:00,1.5905427
2025,CO2/CO/NOx,2025-10-18 00:00:00+02:00,1.4940748
2025,CO2/CO/NOx,2025-10-18 01:00:00+02:00,1.4732912
2025,CO2/CO/NOx,2025-10-18 02:00:00+02:00,1.440743
2025,CO2/CO/NOx,2025-10-18 03:00:00+02:00,1.4344686
2025,CO2/CO/NOx,2025-10-18 04:00:00+02:00,1.4411352
2025,CO2/CO/NOx,2025-10-18 05:00:00+02:00,1.4474095
2025,CO2/CO/NOx,2025-10-18 06:00:00+02:00,1.470546
2025,CO2/CO/NOx,2025-10-18 07:00:00+02:00,1.3772155
2025,CO2/CO/NOx,2025-10-18 08:00:00+02:00,1.3454516
2025,CO2/CO/NOx,2025-10-18 09:00:00+02:00,1.3391773
2025,CO2/CO/NOx,2025-10-18 10:00:00+02:00,1.2791791
2025,CO2/CO/NOx,2025-10-18 11:00:00+02:00,1.2431016
2025,CO2/CO/NOx,2025-10-18 12:00:00+02:00,1.2623167
2025,CO2/CO/NOx,2025-10-18 13:00:00+02:00,1.284669
2025,CO2/CO/NOx,2025-10-18 14:00:00+02:00,1.2521209
2025,CO2/CO/NOx,2025-10-18 15:00:00+02:00,1.2403566
2025,CO2/CO/NOx,2025-10-18 16:00:00+02:00,1.2481995
2025,CO2/CO/NOx,2025-10-18 17:00:00+02:00,1.4466251
2025,CO2/CO/NOx,2025-10-18 18:00:00+02:00,1.6552466
2025,CO2/CO/NOx,2025-10-18 19:00:00+02:00,1.5787783
2025,CO2/CO/NOx,2025-10-18 20:00:00+02:00,1.5003492
2025,CO2/CO/NOx,2025-10-18 21:00:00+02:00,1.4952512
2025,CO2/CO/NOx,2025-10-18 22:00:00+02:00,1.5038785
2025,CO2/CO/NOx,2025-10-18 23:00:00+02:00,1.5623081
2025,CO2/CO/NOx,2025-10-19 00:00:00+02:00,1.799164
2025,CO2/CO/NOx,2025-10-19 01:00:00+02:00,1.8191634
2025,CO2/CO/NOx,2025-10-19 02:00:00+02:00,1.8254379
2025,CO2/CO/NOx,2025-10-19 03:00:00+02:00,1.8289671
2025,CO2/CO/NOx,2025-10-19 04:00:00+02:00,1.8301437
2025,CO2/CO/NOx,2025-10-19 05:00:00+02:00,1.82034
2025,CO2/CO/NOx,2025-10-19 06:00:00+02:00,1.8054384
2025,CO2/CO/NOx,2025-10-19 07:00:00+02:00,1.8187714
2025,CO2/CO/NOx,2025-10-19 08:00:00+02:00,1.8077914
2025,CO2/CO/NOx,2025-10-19 09:00:00+02:00,1.798772
2025,CO2/CO/NOx,2025-10-19 10:00:00+02:00,1.8054384
2025,CO2/CO/NOx,2025-10-19 11:00:00+02:00,1.8262222
2025,CO2/CO/NOx,2025-10-19 12:00:00+02:00,1.3489809
2025,CO2/CO/NOx,2025-10-19 13:00:00+02:00,1.1744761
2025,CO2/CO/NOx,2025-10-19 14:00:00+02:00,1.2082007
2025,CO2/CO/NOx,2025-10-19 15:00:00+02:00,1.2050635
2025,CO2/CO/NOx,2025-10-19 16:00:00+02:00,1.5360345
2025,CO2/CO/NOx,2025-10-19 17:00:00+02:00,1.705049
2025,CO2/CO/NOx,2025-10-19 18:00:00+02:00,1.753283
2025,CO2/CO/NOx,2025-10-19 19:00:00+02:00,1.7972033
2025,CO2/CO/NOx,2025-10-19 20:00:00+02:00,1.8073992
2025,CO2/CO/NOx,2025-10-19 21:00:00+02:00,1.7972033
2025,CO2/CO/NOx,2025-10-19 22:00:00+02:00,1.8007327
2025,CO2/CO/NOx,2025-10-19 23:00:00+02:00,1.8019091
2025,CO2/CO/NOx,2025-10-20 00:00:00+02:00,1.8124971
2025,CO2/CO/NOx,2025-10-20 01:00:00+02:00,1.8234771
2025,CO2/CO/NOx,2025-10-20 02:00:00+02:00,1.8289671
2025,CO2/CO/NOx,2025-10-20 03:00:00+02:00,1.8411237
2025,CO2/CO/NOx,2025-10-20 04:00:00+02:00,1.844653
2025,CO2/CO/NOx,2025-10-20 05:00:00+02:00,1.83681
2025,CO2/CO/NOx,2025-10-20 06:00:00+02:00,1.8485744
2025,CO2/CO/NOx,2025-10-20 07:00:00+02:00,1.8309278
2025,CO2/CO/NOx,2025-10-20 08:00:00+02:00,1.8140657
2025,CO2/CO/NOx,2025-10-20 09:00:00+02:00,1.6850498
2025,CO2/CO/NOx,2025-10-20 10:00:00+02:00,1.4356451
2025,CO2/CO/NOx,2025-10-20 11:00:00+02:00,1.5634847
2025,CO2/CO/NOx,2025-10-20 12:00:00+02:00,1.591719
2025,CO2/CO/NOx,2025-10-20 13:00:00+02:00,1.5854447
2025,CO2/CO/NOx,2025-10-20 14:00:00+02:00,1.4979962
2025,CO2/CO/NOx,2025-10-20 15:00:00+02:00,1.327413
2025,CO2/CO/NOx,2025-10-20 16:00:00+02:00,1.2497681
2025,CO2/CO/NOx,2025-10-20 17:00:00+02:00,1.2697674
2025,CO2/CO/NOx,2025-10-20 18:00:00+02:00,1.7650474
2025,CO2/CO/NOx,2025-10-20 19:00:00+02:00,1.8336729
2025,CO2/CO/NOx,2025-10-20 20:00:00+02:00,1.6870105
2025,CO2/CO/NOx,2025-10-20 21:00:00+02:00,1.5760332
2025,CO2/CO/NOx,2025-10-20 22:00:00+02:00,1.5799546
2025,CO2/CO/NOx,2025-10-20 23:00:00+02:00,1.6109341
2025,CO2/CO/NOx,2025-10-21 00:00:00+02:00,1.4709382
2025,CO2/CO/NOx,2025-10-21 01:00:00+02:00,1.4834868
2025,CO2/CO/NOx,2025-10-21 02:00:00+02:00,1.400352
2025,CO2/CO/NOx,2025-10-21 03:00:00+02:00,1.3968227
2025,CO2/CO/NOx,2025-10-21 04:00:00+02:00,1.5372108
2025,CO2/CO/NOx,2025-10-21 05:00:00+02:00,1.6340709
2025,CO2/CO/NOx,2025-10-21 06:00:00+02:00,1.5587789
2025,CO2/CO/NOx,2025-10-21 07:00:00+02:00,1.5277994
2025,CO2/CO/NOx,2025-10-21 08:00:00+02:00,1.567406
2025,CO2/CO/NOx,2025-10-21 09:00:00+02:00,1.5297601
2025,CO2/CO/NOx,2025-10-21 10:00:00+02:00,1.4481937
2025,CO2/CO/NOx,2025-10-21 11:00:00+02:00,1.2713361
2025,CO2/CO/NOx,2025-10-21 12:00:00+02:00,1.308982
2025,CO2/CO/NOx,2025-10-21 13:00:00+02:00,1.2780025
2025,CO2/CO/NOx,2025-10-21 14:00:00+02:00,1.2666303
2025,CO2/CO/NOx,2025-10-21 15:00:00+02:00,1.3003548
2025,CO2/CO/NOx,2025-10-21 16:00:00+02:00,1.8066149
2025,CO2/CO/NOx,2025-10-21 17:00:00+02:00,1.7889683
2025,CO2/CO/NOx,2025-10-21 18:00:00+02:00,1.591719
2025,CO2/CO/NOx,2025-10-21 19:00:00+02:00,1.5556417
2025,CO2/CO/NOx,2025-10-21 20:00:00+02:00,1.5850526
2025,CO2/CO/NOx,2025-10-21 21:00:00+02:00,1.6760304
2025,CO2/CO/NOx,2025-10-21 22:00:00+02:00,1.7317151
2025,CO2/CO/NOx,2025-10-21 23:00:00+02:00,1.4650561
2025,CO2/CO/NOx,2025-10-22 00:00:00+02:00,1.2678068
2025,CO2/CO/NOx,2025-10-22 01:00:00+02:00,1.2705518
2025,CO2/CO/NOx,2025-10-22 02:00:00+02:00,1.2674147
2025,CO2/CO/NOx,2025-10-22 03:00:00+02:00,1.2666303
2025,CO2/CO/NOx,2025-10-22 04:00:00+02:00,1.4674089
2025,CO2/CO/NOx,2025-10-22 05:00:00+02:00,1.6897554
2025,CO2/CO/NOx,2025-10-22 06:00:00+02:00,1.8109285
2025,CO2/CO/NOx,2025-10-22 07:00:00+02:00,1.8297515
2025,CO2/CO/NOx,2025-10-22 08:00:00+02:00,1.8054384
2025,CO2/CO/NOx,2025-10-22 09:00:00+02:00,1.7889683
2025,CO2/CO/NOx,2025-10-22 10:00:00+02:00,1.5681903
2025,CO2/CO/NOx,2025-10-22 11:00:00+02:00,1.4995648
2025,CO2/CO/NOx,2025-10-22 12:00:00+02:00,1.4956434
2025,CO2/CO/NOx,2025-10-22 13:00:00+02:00,1.3693725
2025,CO2/CO/NOx,2025-10-22 14:00:00+02:00,1.3830976
2025,CO2/CO/NOx,2025-10-22 15:00:00+02:00,1.4474095
2025,CO2/CO/NOx,2025-10-22 16:00:00+02:00,1.7379894
2025,CO2/CO/NOx,2025-10-22 17:00:00+02:00,2.0505295
2025,CO2/CO/NOx,2025-10-22 18:00:00+02:00,2.2085643
2025,CO2/CO/NOx,2025-10-22 19:00:00+02:00,2.199545
2025,CO2/CO/NOx,2025-10-22 20:00:00+02:00,2.21327
2025,CO2/CO/NOx,2025-10-22 21:00:00+02:00,1.6054441
2025,CO2/CO/NOx,2025-10-22 22:00:00+02:00,1.3360401
2025,CO2/CO/NOx,2025-10-22 23:00:00+02:00,1.3556474
2025,CO2/CO/NOx,2025-10-23 00:00:00+02:00,1.4011363
2025,CO2/CO/NOx,2025-10-23 01:00:00+02:00,1.359569
2025,CO2/CO/NOx,2025-10-23 02:00:00+02:00,1.2791791
2025,CO2/CO/NOx,2025-10-23 03:00:00+02:00,1.2736889
2025,CO2/CO/NOx,2025-10-23 04:00:00+02:00,1.254866
2025,CO2/CO/NOx,2025-10-23 05:00:00+02:00,1.4183908
2025,CO2/CO/NOx,2025-10-23 06:00:00+02:00,1.5176035
2025,CO2/CO/NOx,2025-10-23 07:00:00+02:00,1.5132899
2025,CO2/CO/NOx,2025-10-23 08:00:00+02:00,1.4956434
2025,CO2/CO/NOx,2025-10-23 09:00:00+02:00,1.4991727
2025,CO2/CO/NOx,2025-10-23 10:00:00+02:00,1.4932904
2025,CO2/CO/NOx,2025-10-23 11:00:00+02:00,1.5011333
2025,CO2/CO/NOx,2025-10-23 12:00:00+02:00,1.4885848
2025,CO2/CO/NOx,2025-10-23 13:00:00+02:00,1.4983884
2025,CO2/CO/NOx,2025-10-23 14:00:00+02:00,1.5697589
2025,CO2/CO/NOx,2025-10-23 15:00:00+02:00,1.7175978
2025,CO2/CO/NOx,2025-10-23 16:00:00+02:00,1.8572017
2025,CO2/CO/NOx,2025-10-23 17:00:00+02:00,1.9932761
2025,CO2/CO/NOx,2025-10-23 18:00:00+02:00,1.9893546
2025,CO2/CO/NOx,2025-10-23 19:00:00+02:00,1.9803354
2025,CO2/CO/NOx,2025-10-23 20:00:00+02:00,1.987394
2025,CO2/CO/NOx,2025-10-23 21:00:00+02:00,1.9956291
2025,CO2/CO/NOx,2025-10-23 22:00:00+02:00,1.8219086
2025,CO2/CO/NOx,2025-10-23 23:00:00+02:00,1.6058363
2025,CO2/CO/NOx,2025-10-24 00:00:00+02:00,1.2881984
2025,CO2/CO/NOx,2025-10-24 01:00:00+02:00,1.1913383
2025,CO2/CO/NOx,2025-10-24 02:00:00+02:00,1.1815346
2025,CO2/CO/NOx,2025-10-24 03:00:00+02:00,1.1905541
2025,CO2/CO/NOx,2025-10-24 04:00:00+02:00,1.1968285
2025,CO2/CO/NOx,2025-10-24 05:00:00+02:00,1.2015342
2025,CO2/CO/NOx,2025-10-24 06:00:00+02:00,1.2697674
2025,CO2/CO/NOx,2025-10-24 07:00:00+02:00,1.6556388
2025,CO2/CO/NOx,2025-10-24 08:00:00+02:00,2.0552351
2025,CO2/CO/NOx,2025-10-24 09:00:00+02:00,2.2595432
2025,CO2/CO/NOx,2025-10-24 10:00:00+02:00,2.512477
2025,CO2/CO/NOx,2025-10-24 11:00:00+02:00,2.7795281
2025,CO2/CO/NOx,2025-10-24 12:00:00+02:00,2.9657972
2025,CO2/CO/NOx,2025-10-24 13:00:00+02:00,3.0332463
2025,CO2/CO/NOx,2025-10-24 14:00:00+02:00,2.3195412
2025,CO2/CO/NOx,2025-10-24 15:00:00+02:00,1.41643
2025,CO2/CO/NOx,2025-10-24 16:00:00+02:00,1.3556474
2025,CO2/CO/NOx,2025-10-24 17:00:00+02:00,1.4121164
2025,CO2/CO/NOx,2025-10-24 18:00:00+02:00,1.8387707
2025,CO2/CO/NOx,2025-10-24 19:00:00+02:00,1.9940605
2025,CO2/CO/NOx,2025-10-24 20:00:00+02:00,1.9246507
2025,CO2/CO/NOx,2025-10-24 21:00:00+02:00,1.9266114
2025,CO2/CO/NOx,2025-10-24 22:00:00+02:00,1.9007299
2025,CO2/CO/NOx,2025-10-24 23:00:00+02:00,1.8485744
2025,CO2/CO/NOx,2025-10-25 00:00:00+02:00,1.7674004
2025,CO2/CO/NOx,2025-10-25 01:00:00+02:00,1.5846604
2025,CO2/CO/NOx,2025-10-25 02:00:00+02:00,1.5470145
2025,CO2/CO/NOx,2025-10-25 03:00:00+02:00,1.5305443
2025,CO2/CO/NOx,2025-10-25 04:00:00+02:00,1.5050548
2025,CO2/CO/NOx,2025-10-25 05:00:00+02:00,1.5101528
2025,CO2/CO/NOx,2025-10-25 06:00:00+02:00,1.4870162
2025,CO2/CO/NOx,2025-10-25 07:00:00+02:00,1.4972119
2025,CO2/CO/NOx,2025-10-25 08:00:00+02:00,1.5085843
2025,CO2/CO/NOx,2025-10-25 09:00:00+02:00,1.5081921
2025,CO2/CO/NOx,2025-10-25 10:00:00+02:00,1.5046628
2025,CO2/CO/NOx,2025-10-25 11:00:00+02:00,1.510545
2025,CO2/CO/NOx,2025-10-25 12:00:00+02:00,1.5187799
2025,CO2/CO/NOx,2025-10-25 13:00:00+02:00,1.5266229
2025,CO2/CO/NOx,2025-10-25 14:00:00+02:00,1.7477931
2025,CO2/CO/NOx,2025-10-25 15:00:00+02:00,1.8838675
2025,CO2/CO/NOx,2025-10-25 16:00:00+02:00,1.8834753
2025,CO2/CO/NOx,2025-10-25 17:00:00+02:00,2.1426837
2025,CO2/CO/NOx,2025-10-25 18:00:00+02:00,2.671296
2025,CO2/CO/NOx,2025-10-25 19:00:00+02:00,2.8665845
2025,CO2/CO/NOx,2025-10-25 20:00:00+02:00,2.8689373
2025,CO2/CO/NOx,2025-10-25 21:00:00+02:00,2.873251
2025,CO2/CO/NOx,2025-10-25 22:00:00+02:00,2.8956034
2025,CO2/CO/NOx,2025-10-25 23:00:00+02:00,2.9316804
2025,CO2/CO/NOx,2025-10-26 00:00:00+02:00,2.6207092
2025,CO2/CO/NOx,2025-10-26 01:00:00+02:00,2.2285635
2025,CO2/CO/NOx,2025-10-26 02:00:00+01:00,1.9171999
2025,CO2/CO/NOx,2025-10-26 02:00:00+01:00,1.7144607
2025,CO2/CO/NOx,2025-10-26 03:00:00+01:00,1.5736803
2025,CO2/CO/NOx,2025-10-26 04:00:00+01:00,1.5474067
2025,CO2/CO/NOx,2025-10-26 05:00:00+01:00,1.5395638
2025,CO2/CO/NOx,2025-10-26 06:00:00+01:00,1.3387852
2025,CO2/CO/NOx,2025-10-26 07:00:00+01:00,1.2976098
2025,CO2/CO/NOx,2025-10-26 08:00:00+01:00,1.2976098
2025,CO2/CO/NOx,2025-10-26 09:00:00+01:00,1.3070213
2025,CO2/CO/NOx,2025-10-26 10:00:00+01:00,1.3105507
2025,CO2/CO/NOx,2025-10-26 11:00:00+01:00,1.3081979
2025,CO2/CO/NOx,2025-10-26 12:00:00+01:00,1.2893747
2025,CO2/CO/NOx,2025-10-26 13:00:00+01:00,1.295649
2025,CO2/CO/NOx,2025-10-26 14:00:00+01:00,1.2862376
2025,CO2/CO/NOx,2025-10-26 15:00:00+01:00,1.2838848
2025,CO2/CO/NOx,2025-10-26 16:00:00+01:00,1.6199535
2025,CO2/CO/NOx,2025-10-26 17:00:00+01:00,2.1936626
2025,CO2/CO/NOx,2025-10-26 18:00:00+01:00,2.351305
2025,CO2/CO/NOx,2025-10-26 19:00:00+01:00,2.3493443
2025,CO2/CO/NOx,2025-10-26 20:00:00+01:00,1.8732797
2025,CO2/CO/NOx,2025-10-26 21:00:00+01:00,1.6560309
2025,CO2/CO/NOx,2025-10-26 22:00:00+01:00,1.6426979
2025,CO2/CO/NOx,2025-10-26 23:00:00+01:00,0.0
2025,CO2/CO/NOx,2025-10-27 00:00:00+01:00,1.3532945
2025,CO2/CO/NOx,2025-10-27 01:00:00+01:00,1.2940805
2025,CO2/CO/NOx,2025-10-27 02:00:00+01:00,1.2697674
2025,CO2/CO/NOx,2025-10-27 03:00:00+01:00,1.2787869
2025,CO2/CO/NOx,2025-10-27 04:00:00+01:00,1.2881984
2025,CO2/CO/NOx,2025-10-27 05:00:00+01:00,1.61015
2025,CO2/CO/NOx,2025-10-27 06:00:00+01:00,1.7909291
2025,CO2/CO/NOx,2025-10-27 07:00:00+01:00,2.2728758
2025,CO2/CO/NOx,2025-10-27 08:00:00+01:00,2.7693324
2025,CO2/CO/NOx,2025-10-27 09:00:00+01:00,2.9097204
2025,CO2/CO/NOx,2025-10-27 10:00:00+01:00,2.9387393
2025,CO2/CO/NOx,2025-10-27 11:00:00+01:00,3.153635
2025,CO2/CO/NOx,2025-10-27 12:00:00+01:00,3.3081403
2025,CO2/CO/NOx,2025-10-27 13:00:00+01:00,3.2787294
2025,CO2/CO/NOx,2025-10-27 14:00:00+01:00,3.2810824
2025,CO2/CO/NOx,2025-10-27 15:00:00+01:00,3.2740238
2025,CO2/CO/NOx,2025-10-27 16:00:00+01:00,3.2759845
2025,CO2/CO/NOx,2025-10-27 17:00:00+01:00,3.282651
2025,CO2/CO/NOx,2025-10-27 18:00:00+01:00,3.2955918
2025,CO2/CO/NOx,2025-10-27 19:00:00+01:00,3.280298
2025,CO2/CO/NOx,2025-10-27 20:00:00+01:00,3.2842195
2025,CO2/CO/NOx,2025-10-27 21:00:00+01:00,3.1497138
2025,CO2/CO/NOx,2025-10-27 22:00:00+01:00,2.6614923
2025,CO2/CO/NOx,2025-10-27 23:00:00+01:00,2.2552292
2025,CO2/CO/NOx,2025-10-28 00:00:00+01:00,2.310914
2025,CO2/CO/NOx,2025-10-28 01:00:00+01:00,2.372089
2025,CO2/CO/NOx,2025-10-28 02:00:00+01:00,2.3771868
2025,CO2/CO/NOx,2025-10-28 03:00:00+01:00,2.3144436
2025,CO2/CO/NOx,2025-10-28 04:00:00+01:00,2.3038554
2025,CO2/CO/NOx,2025-10-28 05:00:00+01:00,2.5944352
2025,CO2/CO/NOx,2025-10-28 06:00:00+01:00,2.7712932
2025,CO2/CO/NOx,2025-10-28 07:00:00+01:00,3.0018747
2025,CO2/CO/NOx,2025-10-28 08:00:00+01:00,3.2689257
2025,CO2/CO/NOx,2025-10-28 09:00:00+01:00,3.1336355
2025,CO2/CO/NOx,2025-10-28 10:00:00+01:00,2.8399186
2025,CO2/CO/NOx,2025-10-28 11:00:00+01:00,2.671296
2025,CO2/CO/NOx,2025-10-28 12:00:00+01:00,1.9152392
2025,CO2/CO/NOx,2025-10-28 13:00:00+01:00,1.4827026
2025,CO2/CO/NOx,2025-10-28 14:00:00+01:00,1.5317208
2025,CO2/CO/NOx,2025-10-28 15:00:00+01:00,2.6160033
2025,CO2/CO/NOx,2025-10-28 16:00:00+01:00,3.5755837
2025,CO2/CO/NOx,2025-10-28 17:00:00+01:00,2.3454227
2025,CO2/CO/NOx,2025-10-28 18:00:00+01:00,2.2854247
2025,CO2/CO/NOx,2025-10-28 19:00:00+01:00,2.8908975
2025,CO2/CO/NOx,2025-10-28 20:00:00+01:00,2.9454057
2025,CO2/CO/NOx,2025-10-28 21:00:00+01:00,2.5093398
2025,CO2/CO/NOx,2025-10-28 22:00:00+01:00,2.652473
2025,CO2/CO/NOx,2025-10-28 23:00:00+01:00,1.8987691
2025,CO2/CO/NOx,2025-10-29 00:00:00+01:00,1.2434938
2025,CO2/CO/NOx,2025-10-29 01:00:00+01:00,1.2407488
2025,CO2/CO/NOx,2025-10-29 02:00:00+01:00,1.2321216
2025,CO2/CO/NOx,2025-10-29 03:00:00+01:00,1.2580031
2025,CO2/CO/NOx,2025-10-29 04:00:00+01:00,1.753283
2025,CO2/CO/NOx,2025-10-29 05:00:00+01:00,2.3022869
2025,CO2/CO/NOx,2025-10-29 06:00:00+01:00,2.4105191
2025,CO2/CO/NOx,2025-10-29 07:00:00+01:00,2.4093428
2025,CO2/CO/NOx,2025-10-29 08:00:00+01:00,2.4250286
2025,CO2/CO/NOx,2025-10-29 09:00:00+01:00,2.194839
2025,CO2/CO/NOx,2025-10-29 10:00:00+01:00,1.7917134
2025,CO2/CO/NOx,2025-10-29 11:00:00+01:00,1.4015284
2025,CO2/CO/NOx,2025-10-29 12:00:00+01:00,1.2376115
2025,CO2/CO/NOx,2025-10-29 13:00:00+01:00,1.2395723
2025,CO2/CO/NOx,2025-10-29 14:00:00+01:00,1.6497567
2025,CO2/CO/NOx,2025-10-29 15:00:00+01:00,2.8183506
2025,CO2/CO/NOx,2025-10-29 16:00:00+01:00,3.8175375
2025,CO2/CO/NOx,2025-10-29 17:00:00+01:00,4.106549
2025,CO2/CO/NOx,2025-10-29 18:00:00+01:00,4.098706
2025,CO2/CO/NOx,2025-10-29 19:00:00+01:00,3.3151991
2025,CO2/CO/NOx,2025-10-29 20:00:00+01:00,3.3759818
2025,CO2/CO/NOx,2025-10-29 21:00:00+01:00,2.74149
2025,CO2/CO/NOx,2025-10-29 22:00:00+01:00,2.203074
2025,CO2/CO/NOx,2025-10-29 23:00:00+01:00,2.0081775
2025,CO2/CO/NOx,2025-10-30 00:00:00+01:00,1.5627003
2025,CO2/CO/NOx,2025-10-30 01:00:00+01:00,1.2627089
2025,CO2/CO/NOx,2025-10-30 02:00:00+01:00,1.3309422
2025,CO2/CO/NOx,2025-10-30 03:00:00+01:00,1.3223151
2025,CO2/CO/NOx,2025-10-30 04:00:00+01:00,1.387019
2025,CO2/CO/NOx,2025-10-30 05:00:00+01:00,1.6728932
2025,CO2/CO/NOx,2025-10-30 06:00:00+01:00,2.111704
2025,CO2/CO/NOx,2025-10-30 07:00:00+01:00,3.404216
2025,CO2/CO/NOx,2025-10-30 08:00:00+01:00,2.9646208
2025,CO2/CO/NOx,2025-10-30 09:00:00+01:00,1.5611317
2025,CO2/CO/NOx,2025-10-30 10:00:00+01:00,1.3019234
2025,CO2/CO/NOx,2025-10-30 11:00:00+01:00,1.1301637
2025,CO2/CO/NOx,2025-10-30 12:00:00+01:00,1.1019292
2025,CO2/CO/NOx,2025-10-30 13:00:00+01:00,1.1027135
2025,CO2/CO/NOx,2025-10-30 14:00:00+01:00,1.0925177
2025,CO2/CO/NOx,2025-10-30 15:00:00+01:00,1.9136707
2025,CO2/CO/NOx,2025-10-30 16:00:00+01:00,3.5940146
2025,CO2/CO/NOx,2025-10-30 17:00:00+01:00,3.8791044
2025,CO2/CO/NOx,2025-10-30 18:00:00+01:00,3.778323
2025,CO2/CO/NOx,2025-10-30 19:00:00+01:00,2.9250143
2025,CO2/CO/NOx,2025-10-30 20:00:00+01:00,2.108567
2025,CO2/CO/NOx,2025-10-30 21:00:00+01:00,1.7979877
2025,CO2/CO/NOx,2025-10-30 22:00:00+01:00,1.4744675
2025,CO2/CO/NOx,2025-10-30 23:00:00+01:00,1.1905541
2025,CO2/CO/NOx,2025-10-31 00:00:00+01:00,1.1187913
2025,CO2/CO/NOx,2025-10-31 01:00:00+01:00,1.128595
2025,CO2/CO/NOx,2025-10-31 02:00:00+01:00,1.1266344
2025,CO2/CO/NOx,2025-10-31 03:00:00+01:00,1.1199679
2025,CO2/CO/NOx,2025-10-31 04:00:00+01:00,1.195652
2025,CO2/CO/NOx,2025-10-31 05:00:00+01:00,1.5811312
2025,CO2/CO/NOx,2025-10-31 06:00:00+01:00,2.7775674
2025,CO2/CO/NOx,2025-10-31 07:00:00+01:00,3.0375597
2025,CO2/CO/NOx,2025-10-31 08:00:00+01:00,2.577573
2025,CO2/CO/NOx,2025-10-31 09:00:00+01:00,2.2379751
2025,CO2/CO/NOx,2025-10-31 10:00:00+01:00,1.9054356
2025,CO2/CO/NOx,2025-10-31 11:00:00+01:00,1.6230907
2025,CO2/CO/NOx,2025-10-31 12:00:00+01:00,1.2611403
2025,CO2/CO/NOx,2025-10-31 13:00:00+01:00,1.117615
2025,CO2/CO/NOx,2025-10-31 14:00:00+01:00,1.106635
2025,CO2/CO/NOx,2025-10-31 15:00:00+01:00,1.4689775
2025,CO2/CO/NOx,2025-10-31 16:00:00+01:00,2.4611058
2025,CO2/CO/NOx,2025-10-31 17:00:00+01:00,2.469341
2025,CO2/CO/NOx,2025-10-31 18:00:00+01:00,2.33758
2025,CO2/CO/NOx,2025-10-31 19:00:00+01:00,1.9920998
2025,CO2/CO/NOx,2025-10-31 20:00:00+01:00,1.4564288
2025,CO2/CO/NOx,2025-10-31 21:00:00+01:00,1.4528995
2025,CO2/CO/NOx,2025-10-31 22:00:00+01:00,1.6811283
2025,CO2/CO/NOx,2025-10-31 23:00:00+01:00,2.2905223
2025,CO2/CO/NOx,2025-11-01 00:00:00+01:00,1.7309307
2025,CO2/CO/NOx,2025-11-01 01:00:00+01:00,1.3803526
2025,CO2/CO/NOx,2025-11-01 02:00:00+01:00,1.4085871
2025,CO2/CO/NOx,2025-11-01 03:00:00+01:00,1.4058421
2025,CO2/CO/NOx,2025-11-01 04:00:00+01:00,1.4074106
2025,CO2/CO/NOx,2025-11-01 05:00:00+01:00,1.5834839
2025,CO2/CO/NOx,2025-11-01 06:00:00+01:00,2.54777
2025,CO2/CO/NOx,2025-11-01 07:00:00+01:00,2.6646295
2025,CO2/CO/NOx,2025-11-01 08:00:00+01:00,2.2501316
2025,CO2/CO/NOx,2025-11-01 09:00:00+01:00,1.6838733
2025,CO2/CO/NOx,2025-11-01 10:00:00+01:00,1.4925063
2025,CO2/CO/NOx,2025-11-01 11:00:00+01:00,1.1544766
2025,CO2/CO/NOx,2025-11-01 12:00:00+01:00,1.1293794
2025,CO2/CO/NOx,2025-11-01 13:00:00+01:00,1.1117328
2025,CO2/CO/NOx,2025-11-01 14:00:00+01:00,1.1187913
2025,CO2/CO/NOx,2025-11-01 15:00:00+01:00,1.2250628
2025,CO2/CO/NOx,2025-11-01 16:00:00+01:00,1.2725126
2025,CO2/CO/NOx,2025-11-01 17:00:00+01:00,2.0889597
2025,CO2/CO/NOx,2025-11-01 18:00:00+01:00,1.9552381
2025,CO2/CO/NOx,2025-11-01 19:00:00+01:00,1.7168134
2025,CO2/CO/NOx,2025-11-01 20:00:00+01:00,1.5238779
2025,CO2/CO/NOx,2025-11-01 21:00:00+01:00,1.214475
2025,CO2/CO/NOx,2025-11-01 22:00:00+01:00,1.0674204
2025,CO2/CO/NOx,2025-11-01 23:00:00+01:00,1.0576168
2025,CO2/CO/NOx,2025-11-02 00:00:00+01:00,1.0834982
2025,CO2/CO/NOx,2025-11-02 01:00:00+01:00,1.0980077
2025,CO2/CO/NOx,2025-11-02 02:00:00+01:00,1.1050663
2025,CO2/CO/NOx,2025-11-02 03:00:00+01:00,1.0925177
2025,CO2/CO/NOx,2025-11-02 04:00:00+01:00,1.0913413
2025,CO2/CO/NOx,2025-11-02 05:00:00+01:00,1.1803583
2025,CO2/CO/NOx,2025-11-02 06:00:00+01:00,1.2646697
2025,CO2/CO/NOx,2025-11-02 07:00:00+01:00,1.2725126
2025,CO2/CO/NOx,2025-11-02 08:00:00+01:00,1.32506
2025,CO2/CO/NOx,2025-11-02 09:00:00+01:00,1.6011305
2025,CO2/CO/NOx,2025-11-02 10:00:00+01:00,1.7030884
2025,CO2/CO/NOx,2025-11-02 11:00:00+01:00,1.709755
2025,CO2/CO/NOx,2025-11-02 12:00:00+01:00,1.6736774
2025,CO2/CO/NOx,2025-11-02 13:00:00+01:00,1.2740811
2025,CO2/CO/NOx,2025-11-02 14:00:00+01:00,1.1972206
2025,CO2/CO/NOx,2025-11-02 15:00:00+01:00,1.1533003
2025,CO2/CO/NOx,2025-11-02 16:00:00+01:00,1.3242759
2025,CO2/CO/NOx,2025-11-02 17:00:00+01:00,2.184251
2025,CO2/CO/NOx,2025-11-02 18:00:00+01:00,2.4054213
2025,CO2/CO/NOx,2025-11-02 19:00:00+01:00,2.3681674
2025,CO2/CO/NOx,2025-11-02 20:00:00+01:00,1.7297543
2025,CO2/CO/NOx,2025-11-02 21:00:00+01:00,1.459566
2025,CO2/CO/NOx,2025-11-02 22:00:00+01:00,1.5317208
2025,CO2/CO/NOx,2025-11-02 23:00:00+01:00,1.5077999
2025,CO2/CO/NOx,2025-11-03 00:00:00+01:00,1.4332923
2025,CO2/CO/NOx,2025-11-03 01:00:00+01:00,1.3442751
2025,CO2/CO/NOx,2025-11-03 02:00:00+01:00,1.3642746
2025,CO2/CO/NOx,2025-11-03 03:00:00+01:00,1.3607453
2025,CO2/CO/NOx,2025-11-03 04:00:00+01:00,1.3180014
2025,CO2/CO/NOx,2025-11-03 05:00:00+01:00,2.0332751
2025,CO2/CO/NOx,2025-11-03 06:00:00+01:00,2.545417
2025,CO2/CO/NOx,2025-11-03 07:00:00+01:00,2.1160176
2025,CO2/CO/NOx,2025-11-03 08:00:00+01:00,1.7646552
2025,CO2/CO/NOx,2025-11-03 09:00:00+01:00,1.8987691
2025,CO2/CO/NOx,2025-11-03 10:00:00+01:00,1.820732
2025,CO2/CO/NOx,2025-11-03 11:00:00+01:00,1.478389
2025,CO2/CO/NOx,2025-11-03 12:00:00+01:00,1.2329057
2025,CO2/CO/NOx,2025-11-03 13:00:00+01:00,1.2329057
2025,CO2/CO/NOx,2025-11-03 14:00:00+01:00,1.2383958
2025,CO2/CO/NOx,2025-11-03 15:00:00+01:00,1.236435
2025,CO2/CO/NOx,2025-11-03 16:00:00+01:00,1.2909434
2025,CO2/CO/NOx,2025-11-03 17:00:00+01:00,1.3199621
2025,CO2/CO/NOx,2025-11-03 18:00:00+01:00,1.3054527
2025,CO2/CO/NOx,2025-11-03 19:00:00+01:00,1.3180014
2025,CO2/CO/NOx,2025-11-03 20:00:00+01:00,1.3607453
2025,CO2/CO/NOx,2025-11-03 21:00:00+01:00,1.8415159
2025,CO2/CO/NOx,2025-11-03 22:00:00+01:00,1.796027
2025,CO2/CO/NOx,2025-11-03 23:00:00+01:00,2.1179783
2025,CO2/CO/NOx,2025-11-04 00:00:00+01:00,1.5995619
2025,CO2/CO/NOx,2025-11-04 01:00:00+01:00,1.1223208
2025,CO2/CO/NOx,2025-11-04 02:00:00+01:00,1.1305557
2025,CO2/CO/NOx,2025-11-04 03:00:00+01:00,1.1085957
2025,CO2/CO/NOx,2025-11-04 04:00:00+01:00,1.2662382
2025,CO2/CO/NOx,2025-11-04 05:00:00+01:00,1.8058306
2025,CO2/CO/NOx,2025-11-04 06:00:00+01:00,2.0881753
2025,CO2/CO/NOx,2025-11-04 07:00:00+01:00,2.3662066
2025,CO2/CO/NOx,2025-11-04 08:00:00+01:00,2.3230708
2025,CO2/CO/NOx,2025-11-04 09:00:00+01:00,1.6881869
2025,CO2/CO/NOx,2025-11-04 10:00:00+01:00,1.6587759
2025,CO2/CO/NOx,2025-11-04 11:00:00+01:00,1.3109428
2025,CO2/CO/NOx,2025-11-04 12:00:00+01:00,1.1862404
2025,CO2/CO/NOx,2025-11-04 13:00:00+01:00,1.1631039
2025,CO2/CO/NOx,2025-11-04 14:00:00+01:00,1.1831033
2025,CO2/CO/NOx,2025-11-04 15:00:00+01:00,1.9234742
2025,CO2/CO/NOx,2025-11-04 16:00:00+01:00,2.4450278
2025,CO2/CO/NOx,2025-11-04 17:00:00+01:00,2.5062025
2025,CO2/CO/NOx,2025-11-04 18:00:00+01:00,2.501497
2025,CO2/CO/NOx,2025-11-04 19:00:00+01:00,1.992884
2025,CO2/CO/NOx,2025-11-04 20:00:00+01:00,1.6748539
2025,CO2/CO/NOx,2025-11-04 21:00:00+01:00,1.4913298
2025,CO2/CO/NOx,2025-11-04 22:00:00+01:00,1.2674147
2025,CO2/CO/NOx,2025-11-04 23:00:00+01:00,1.257611
2025,CO2/CO/NOx,2025-11-05 00:00:00+01:00,1.1082035
2025,CO2/CO/NOx,2025-11-05 01:00:00+01:00,1.0525188
2025,CO2/CO/NOx,2025-11-05 02:00:00+01:00,1.0662439
2025,CO2/CO/NOx,2025-11-05 03:00:00+01:00,1.0850669
2025,CO2/CO/NOx,2025-11-05 04:00:00+01:00,1.1603589
2025,CO2/CO/NOx,2025-11-05 05:00:00+01:00,1.281924
2025,CO2/CO/NOx,2025-11-05 06:00:00+01:00,1.3905483
2025,CO2/CO/NOx,2025-11-05 07:00:00+01:00,2.1807218
2025,CO2/CO/NOx,2025-11-05 08:00:00+01:00,1.7230878
2025,CO2/CO/NOx,2025-11-05 09:00:00+01:00,1.4505466
2025,CO2/CO/NOx,2025-11-05 10:00:00+01:00,1.2932962
2025,CO2/CO/NOx,2025-11-05 11:00:00+01:00,1.179574
2025,CO2/CO/NOx,2025-11-05 12:00:00+01:00,1.1544766
2025,CO2/CO/NOx,2025-11-05 13:00:00+01:00,1.1109484
2025,CO2/CO/NOx,2025-11-05 14:00:00+01:00,1.1046742
2025,CO2/CO/NOx,2025-11-05 15:00:00+01:00,1.128203
2025,CO2/CO/NOx,2025-11-05 16:00:00+01:00,1.8423
2025,CO2/CO/NOx,2025-11-05 17:00:00+01:00,1.9552381
2025,CO2/CO/NOx,2025-11-05 18:00:00+01:00,1.3191779
2025,CO2/CO/NOx,2025-11-05 19:00:00+01:00,1.2587874
2025,CO2/CO/NOx,2025-11-05 20:00:00+01:00,1.2560424
2025,CO2/CO/NOx,2025-11-05 21:00:00+01:00,1.260356
2025,CO2/CO/NOx,2025-11-05 22:00:00+01:00,1.2109456
2025,CO2/CO/NOx,2025-11-05 23:00:00+01:00,1.1685939
2025,CO2/CO/NOx,2025-11-06 00:00:00+01:00,1.1831033
2025,CO2/CO/NOx,2025-11-06 01:00:00+01:00,1.1278108
2025,CO2/CO/NOx,2025-11-06 02:00:00+01:00,1.1062428
2025,CO2/CO/NOx,2025-11-06 03:00:00+01:00,1.1023214
2025,CO2/CO/NOx,2025-11-06 04:00:00+01:00,1.1399673
2025,CO2/CO/NOx,2025-11-06 05:00:00+01:00,1.4234886
2025,CO2/CO/NOx,2025-11-06 06:00:00+01:00,2.0050404
2025,CO2/CO/NOx,2025-11-06 07:00:00+01:00,2.3732653
2025,CO2/CO/NOx,2025-11-06 08:00:00+01:00,2.24072
2025,CO2/CO/NOx,2025-11-06 09:00:00+01:00,2.3689516
2025,CO2/CO/NOx,2025-11-06 10:00:00+01:00,2.0968027
2025,CO2/CO/NOx,2025-11-06 11:00:00+01:00,1.8889655
2025,CO2/CO/NOx,2025-11-06 12:00:00+01:00,1.5262308
2025,CO2/CO/NOx,2025-11-06 13:00:00+01:00,1.4897612
2025,CO2/CO/NOx,2025-11-06 14:00:00+01:00,1.4756439
2025,CO2/CO/NOx,2025-11-06 15:00:00+01:00,1.7983798
2025,CO2/CO/NOx,2025-11-06 16:00:00+01:00,3.3669622
2025,CO2/CO/NOx,2025-11-06 17:00:00+01:00,2.1128805
2025,CO2/CO/NOx,2025-11-06 18:00:00+01:00,1.7752433
2025,CO2/CO/NOx,2025-11-06 19:00:00+01:00,1.7783804
2025,CO2/CO/NOx,2025-11-06 20:00:00+01:00,1.607797
2025,CO2/CO/NOx,2025-11-06 21:00:00+01:00,1.2713361
2025,CO2/CO/NOx,2025-11-06 22:00:00+01:00,1.2046714
2025,CO2/CO/NOx,2025-11-06 23:00:00+01:00,1.2058477
2025,CO2/CO/NOx,2025-11-07 00:00:00+01:00,1.2427094
2025,CO2/CO/NOx,2025-11-07 01:00:00+01:00,1.241533
2025,CO2/CO/NOx,2025-11-07 02:00:00+01:00,1.2827083
2025,CO2/CO/NOx,2025-11-07 03:00:00+01:00,1.2944727
2025,CO2/CO/NOx,2025-11-07 04:00:00+01:00,1.5081921
2025,CO2/CO/NOx,2025-11-07 05:00:00+01:00,1.7179899
2025,CO2/CO/NOx,2025-11-07 06:00:00+01:00,2.019942
2025,CO2/CO/NOx,2025-11-07 07:00:00+01:00,2.3548343
2025,CO2/CO/NOx,2025-11-07 08:00:00+01:00,2.4175777
2025,CO2/CO/NOx,2025-11-07 09:00:00+01:00,2.5105164
2025,CO2/CO/NOx,2025-11-07 10:00:00+01:00,2.183859
2025,CO2/CO/NOx,2025-11-07 11:00:00+01:00,2.062686
2025,CO2/CO/NOx,2025-11-07 12:00:00+01:00,1.9936683
2025,CO2/CO/NOx,2025-11-07 13:00:00+01:00,1.9324936
2025,CO2/CO/NOx,2025-11-07 14:00:00+01:00,2.0717053
2025,CO2/CO/NOx,2025-11-07 15:00:00+01:00,2.62816
2025,CO2/CO/NOx,2025-11-07 16:00:00+01:00,3.4661753
2025,CO2/CO/NOx,2025-11-07 17:00:00+01:00,3.4614694
2025,CO2/CO/NOx,2025-11-07 18:00:00+01:00,3.46892
2025,CO2/CO/NOx,2025-11-07 19:00:00+01:00,3.113244
2025,CO2/CO/NOx,2025-11-07 20:00:00+01:00,2.9885416
2025,CO2/CO/NOx,2025-11-07 21:00:00+01:00,2.9885416
2025,CO2/CO/NOx,2025-11-07 22:00:00+01:00,2.4034605
2025,CO2/CO/NOx,2025-11-07 23:00:00+01:00,2.351305
2025,CO2/CO/NOx,2025-11-08 00:00:00+01:00,2.4889483
2025,CO2/CO/NOx,2025-11-08 01:00:00+01:00,2.270131
2025,CO2/CO/NOx,2025-11-08 02:00:00+01:00,2.2607195
2025,CO2/CO/NOx,2025-11-08 03:00:00+01:00,2.2630723
2025,CO2/CO/NOx,2025-11-08 04:00:00+01:00,2.396402
2025,CO2/CO/NOx,2025-11-08 05:00:00+01:00,2.8218799
2025,CO2/CO/NOx,2025-11-08 06:00:00+01:00,2.9042304
2025,CO2/CO/NOx,2025-11-08 07:00:00+01:00,2.8857996
2025,CO2/CO/NOx,2025-11-08 08:00:00+01:00,2.8646238
2025,CO2/CO/NOx,2025-11-08 09:00:00+01:00,2.7607052
2025,CO2/CO/NOx,2025-11-08 10:00:00+01:00,2.668551
2025,CO2/CO/NOx,2025-11-08 11:00:00+01:00,2.5952196
2025,CO2/CO/NOx,2025-11-08 12:00:00+01:00,2.552868
2025,CO2/CO/NOx,2025-11-08 13:00:00+01:00,2.550123
2025,CO2/CO/NOx,2025-11-08 14:00:00+01:00,2.5034578
2025,CO2/CO/NOx,2025-11-08 15:00:00+01:00,2.741882
2025,CO2/CO/NOx,2025-11-08 16:00:00+01:00,3.7555785
2025,CO2/CO/NOx,2025-11-08 17:00:00+01:00,3.8336155
2025,CO2/CO/NOx,2025-11-08 18:00:00+01:00,3.8242042
2025,CO2/CO/NOx,2025-11-08 19:00:00+01:00,3.7657743
2025,CO2/CO/NOx,2025-11-08 20:00:00+01:00,3.3579428
2025,CO2/CO/NOx,2025-11-08 21:00:00+01:00,2.5716908
2025,CO2/CO/NOx,2025-11-08 22:00:00+01:00,1.7873996
2025,CO2/CO/NOx,2025-11-08 23:00:00+01:00,1.2893747
2025,CO2/CO/NOx,2025-11-09 00:00:00+01:00,1.2517289
2025,CO2/CO/NOx,2025-11-09 01:00:00+01:00,1.2689832
2025,CO2/CO/NOx,2025-11-09 02:00:00+01:00,1.2623167
2025,CO2/CO/NOx,2025-11-09 03:00:00+01:00,1.2568268
2025,CO2/CO/NOx,2025-11-09 04:00:00+01:00,1.268591
2025,CO2/CO/NOx,2025-11-09 05:00:00+01:00,1.3803526
2025,CO2/CO/NOx,2025-11-09 06:00:00+01:00,1.5168192
2025,CO2/CO/NOx,2025-11-09 07:00:00+01:00,1.6756382
2025,CO2/CO/NOx,2025-11-09 08:00:00+01:00,1.7301465
2025,CO2/CO/NOx,2025-11-09 09:00:00+01:00,1.4697617
2025,CO2/CO/NOx,2025-11-09 10:00:00+01:00,1.2646697
2025,CO2/CO/NOx,2025-11-09 11:00:00+01:00,1.182319
2025,CO2/CO/NOx,2025-11-09 12:00:00+01:00,1.1583982
2025,CO2/CO/NOx,2025-11-09 13:00:00+01:00,1.128203
2025,CO2/CO/NOx,2025-11-09 14:00:00+01:00,1.112125
2025,CO2/CO/NOx,2025-11-09 15:00:00+01:00,1.236435
2025,CO2/CO/NOx,2025-11-09 16:00:00+01:00,1.5199565
2025,CO2/CO/NOx,2025-11-09 17:00:00+01:00,1.5721117
2025,CO2/CO/NOx,2025-11-09 18:00:00+01:00,1.559171
2025,CO2/CO/NOx,2025-11-09 19:00:00+01:00,1.5638766
2025,CO2/CO/NOx,2025-11-09 20:00:00+01:00,1.5077999
2025,CO2/CO/NOx,2025-11-09 21:00:00+01:00,1.3999598
2025,CO2/CO/NOx,2025-11-09 22:00:00+01:00,1.3678038
2025,CO2/CO/NOx,2025-11-09 23:00:00+01:00,1.0901648
2025,CO2/CO/NOx,2025-11-10 00:00:00+01:00,1.0768319
2025,CO2/CO/NOx,2025-11-10 01:00:00+01:00,1.0631068
2025,CO2/CO/NOx,2025-11-10 02:00:00+01:00,1.0682046
2025,CO2/CO/NOx,2025-11-10 03:00:00+01:00,1.0670283
2025,CO2/CO/NOx,2025-11-10 04:00:00+01:00,1.0740868
2025,CO2/CO/NOx,2025-11-10 05:00:00+01:00,1.3395694
2025,CO2/CO/NOx,2025-11-10 06:00:00+01:00,2.3987548
2025,CO2/CO/NOx,2025-11-10 07:00:00+01:00,3.7367556
2025,CO2/CO/NOx,2025-11-10 08:00:00+01:00,3.8740067
2025,CO2/CO/NOx,2025-11-10 09:00:00+01:00,3.2179468
2025,CO2/CO/NOx,2025-11-10 10:00:00+01:00,1.9564145
2025,CO2/CO/NOx,2025-11-10 11:00:00+01:00,1.7297543
2025,CO2/CO/NOx,2025-11-10 12:00:00+01:00,1.5344658
2025,CO2/CO/NOx,2025-11-10 13:00:00+01:00,1.2662382
2025,CO2/CO/NOx,2025-11-10 14:00:00+01:00,1.149771
2025,CO2/CO/NOx,2025-11-10 15:00:00+01:00,1.1611432
2025,CO2/CO/NOx,2025-11-10 16:00:00+01:00,1.1493788
2025,CO2/CO/NOx,2025-11-10 17:00:00+01:00,1.0572246
2025,CO2/CO/NOx,2025-11-10 18:00:00+01:00,1.0199708
2025,CO2/CO/NOx,2025-11-10 19:00:00+01:00,1.0015398
2025,CO2/CO/NOx,2025-11-10 20:00:00+01:00,0.9905599
2025,CO2/CO/NOx,2025-11-10 21:00:00+01:00,0.9905599
2025,CO2/CO/NOx,2025-11-10 22:00:00+01:00,1.0078143
2025,CO2/CO/NOx,2025-11-10 23:00:00+01:00,1.0105593
2025,CO2/CO/NOx,2025-11-11 00:00:00+01:00,1.0184022
2025,CO2/CO/NOx,2025-11-11 01:00:00+01:00,1.1042821
2025,CO2/CO/NOx,2025-11-11 02:00:00+01:00,1.1505553
2025,CO2/CO/NOx,2025-11-11 03:00:00+01:00,1.1133014
2025,CO2/CO/NOx,2025-11-11 04:00:00+01:00,1.0780083
2025,CO2/CO/NOx,2025-11-11 05:00:00+01:00,1.090557
2025,CO2/CO/NOx,2025-11-11 06:00:00+01:00,1.0909492
2025,CO2/CO/NOx,2025-11-11 07:00:00+01:00,1.0858512
2025,CO2/CO/NOx,2025-11-11 08:00:00+01:00,1.3678038
2025,CO2/CO/NOx,2025-11-11 09:00:00+01:00,1.559171
2025,CO2/CO/NOx,2025-11-11 10:00:00+01:00,1.257611
2025,CO2/CO/NOx,2025-11-11 11:00:00+01:00,1.1085957
2025,CO2/CO/NOx,2025-11-11 12:00:00+01:00,1.0697732
2025,CO2/CO/NOx,2025-11-11 13:00:00+01:00,1.087812
2025,CO2/CO/NOx,2025-11-11 14:00:00+01:00,1.1525159
2025,CO2/CO/NOx,2025-11-11 15:00:00+01:00,2.5834553
2025,CO2/CO/NOx,2025-11-11 16:00:00+01:00,3.5038211
2025,CO2/CO/NOx,2025-11-11 17:00:00+01:00,3.4987233
2025,CO2/CO/NOx,2025-11-11 18:00:00+01:00,2.4748309
2025,CO2/CO/NOx,2025-11-11 19:00:00+01:00,1.112125
2025,CO2/CO/NOx,2025-11-11 20:00:00+01:00,1.0725182
2025,CO2/CO/NOx,2025-11-11 21:00:00+01:00,1.0944785
2025,CO2/CO/NOx,2025-11-11 22:00:00+01:00,1.1372223
2025,CO2/CO/NOx,2025-11-11 23:00:00+01:00,1.2376115
2025,CO2/CO/NOx,2025-11-12 00:00:00+01:00,1.1631039
2025,CO2/CO/NOx,2025-11-12 01:00:00+01:00,1.0670283
2025,CO2/CO/NOx,2025-11-12 02:00:00+01:00,1.031343
2025,CO2/CO/NOx,2025-11-12 03:00:00+01:00,1.0058535
2025,CO2/CO/NOx,2025-11-12 04:00:00+01:00,0.99957913
2025,CO2/CO/NOx,2025-11-12 05:00:00+01:00,1.0815376
2025,CO2/CO/NOx,2025-11-12 06:00:00+01:00,1.4489781
2025,CO2/CO/NOx,2025-11-12 07:00:00+01:00,1.4446645
2025,CO2/CO/NOx,2025-11-12 08:00:00+01:00,1.6230907
2025,CO2/CO/NOx,2025-11-12 09:00:00+01:00,1.7411265
2025,CO2/CO/NOx,2025-11-12 10:00:00+01:00,1.7403423
2025,CO2/CO/NOx,2025-11-12 11:00:00+01:00,1.72897
2025,CO2/CO/NOx,2025-11-12 12:00:00+01:00,1.4862319
2025,CO2/CO/NOx,2025-11-12 13:00:00+01:00,1.481134
2025,CO2/CO/NOx,2025-11-12 14:00:00+01:00,1.6407373
2025,CO2/CO/NOx,2025-11-12 15:00:00+01:00,2.754823
2025,CO2/CO/NOx,2025-11-12 16:00:00+01:00,2.8387423
2025,CO2/CO/NOx,2025-11-12 17:00:00+01:00,1.9403365
2025,CO2/CO/NOx,2025-11-12 18:00:00+01:00,1.9183764
2025,CO2/CO/NOx,2025-11-12 19:00:00+01:00,1.898377
2025,CO2/CO/NOx,2025-11-12 20:00:00+01:00,1.777596
2025,CO2/CO/NOx,2025-11-12 21:00:00+01:00,1.6376001
2025,CO2/CO/NOx,2025-11-12 22:00:00+01:00,1.3176093
2025,CO2/CO/NOx,2025-11-12 23:00:00+01:00,1.1042821
2025,CO2/CO/NOx,2025-11-13 00:00:00+01:00,1.0133042
2025,CO2/CO/NOx,2025-11-13 01:00:00+01:00,0.9929127
2025,CO2/CO/NOx,2025-11-13 02:00:00+01:00,0.9940891
2025,CO2/CO/NOx,2025-11-13 03:00:00+01:00,1.0074221
2025,CO2/CO/NOx,2025-11-13 04:00:00+01:00,1.1301637
2025,CO2/CO/NOx,2025-11-13 05:00:00+01:00,1.7407343
2025,CO2/CO/NOx,2025-11-13 06:00:00+01:00,2.8716824
2025,CO2/CO/NOx,2025-11-13 07:00:00+01:00,2.23523
2025,CO2/CO/NOx,2025-11-13 08:00:00+01:00,2.3066006
2025,CO2/CO/NOx,2025-11-13 09:00:00+01:00,1.9371994
2025,CO2/CO/NOx,2025-11-13 10:00:00+01:00,1.5999541
2025,CO2/CO/NOx,2025-11-13 11:00:00+01:00,1.3070213
2025,CO2/CO/NOx,2025-11-13 12:00:00+01:00,1.123105
2025,CO2/CO/NOx,2025-11-13 13:00:00+01:00,1.8838675
2025,CO2/CO/NOx,2025-11-13 14:00:00+01:00,3.3057876
2025,CO2/CO/NOx,2025-11-13 15:00:00+01:00,2.970111
2025,CO2/CO/NOx,2025-11-13 16:00:00+01:00,3.5912695
2025,CO2/CO/NOx,2025-11-13 17:00:00+01:00,3.748912
2025,CO2/CO/NOx,2025-11-13 18:00:00+01:00,2.5246334
2025,CO2/CO/NOx,2025-11-13 19:00:00+01:00,1.3132956
2025,CO2/CO/NOx,2025-11-13 20:00:00+01:00,1.1215365
2025,CO2/CO/NOx,2025-11-13 21:00:00+01:00,1.0889884
2025,CO2/CO/NOx,2025-11-13 22:00:00+01:00,1.0983999
2025,CO2/CO/NOx,2025-11-13 23:00:00+01:00,1.0685968
2025,CO2/CO/NOx,2025-11-14 00:00:00+01:00,1.1360459
2025,CO2/CO/NOx,2025-11-14 01:00:00+01:00,1.2297686
2025,CO2/CO/NOx,2025-11-14 02:00:00+01:00,1.2403566
2025,CO2/CO/NOx,2025-11-14 03:00:00+01:00,1.1623195
2025,CO2/CO/NOx,2025-11-14 04:00:00+01:00,1.0834982
2025,CO2/CO/NOx,2025-11-14 05:00:00+01:00,1.5599552
2025,CO2/CO/NOx,2025-11-14 06:00:00+01:00,1.9815117
2025,CO2/CO/NOx,2025-11-14 07:00:00+01:00,2.6120818
2025,CO2/CO/NOx,2025-11-14 08:00:00+01:00,2.515614
2025,CO2/CO/NOx,2025-11-14 09:00:00+01:00,1.8477902
2025,CO2/CO/NOx,2025-11-14 10:00:00+01:00,1.5250543
2025,CO2/CO/NOx,2025-11-14 11:00:00+01:00,1.3960384
2025,CO2/CO/NOx,2025-11-14 12:00:00+01:00,1.5203485
2025,CO2/CO/NOx,2025-11-14 13:00:00+01:00,1.5791705
2025,CO2/CO/NOx,2025-11-14 14:00:00+01:00,1.3803526
2025,CO2/CO/NOx,2025-11-14 15:00:00+01:00,1.3478045
2025,CO2/CO/NOx,2025-11-14 16:00:00+01:00,1.4215279
2025,CO2/CO/NOx,2025-11-14 17:00:00+01:00,2.278366
2025,CO2/CO/NOx,2025-11-14 18:00:00+01:00,2.3015027
2025,CO2/CO/NOx,2025-11-14 19:00:00+01:00,1.3403537
2025,CO2/CO/NOx,2025-11-14 20:00:00+01:00,1.3779997
2025,CO2/CO/NOx,2025-11-14 21:00:00+01:00,1.6862261
2025,CO2/CO/NOx,2025-11-14 22:00:00+01:00,2.2885618
2025,CO2/CO/NOx,2025-11-14 23:00:00+01:00,2.2975812
2025,CO2/CO/NOx,2025-11-15 00:00:00+01:00,1.6489723
2025,CO2/CO/NOx,2025-11-15 01:00:00+01:00,1.3505495
2025,CO2/CO/NOx,2025-11-15 02:00:00+01:00,1.4042735
2025,CO2/CO/NOx,2025-11-15 03:00:00+01:00,1.338393
2025,CO2/CO/NOx,2025-11-15 04:00:00+01:00,1.0991842
2025,CO2/CO/NOx,2025-11-15 05:00:00+01:00,1.0242844
2025,CO2/CO/NOx,2025-11-15 06:00:00+01:00,1.0482051
2025,CO2/CO/NOx,2025-11-15 07:00:00+01:00,1.171339
2025,CO2/CO/NOx,2025-11-15 08:00:00+01:00,1.2270236
2025,CO2/CO/NOx,2025-11-15 09:00:00+01:00,1.2681988
2025,CO2/CO/NOx,2025-11-15 10:00:00+01:00,1.4211357
2025,CO2/CO/NOx,2025-11-15 11:00:00+01:00,1.4936826
2025,CO2/CO/NOx,2025-11-15 12:00:00+01:00,1.4109399
2025,CO2/CO/NOx,2025-11-15 13:00:00+01:00,1.4097635
2025,CO2/CO/NOx,2025-11-15 14:00:00+01:00,1.4062343
2025,CO2/CO/NOx,2025-11-15 15:00:00+01:00,1.5572103
2025,CO2/CO/NOx,2025-11-15 16:00:00+01:00,1.6811283
2025,CO2/CO/NOx,2025-11-15 17:00:00+01:00,1.3485887
2025,CO2/CO/NOx,2025-11-15 18:00:00+01:00,1.2697674
2025,CO2/CO/NOx,2025-11-15 19:00:00+01:00,1.2662382
2025,CO2/CO/NOx,2025-11-15 20:00:00+01:00,1.2736889
2025,CO2/CO/NOx,2025-11-15 21:00:00+01:00,1.2631011
2025,CO2/CO/NOx,2025-11-15 22:00:00+01:00,1.2662382
2025,CO2/CO/NOx,2025-11-15 23:00:00+01:00,1.3517259
2025,CO2/CO/NOx,2025-11-16 00:00:00+01:00,1.287414
2025,CO2/CO/NOx,2025-11-16 01:00:00+01:00,1.254866
2025,CO2/CO/NOx,2025-11-16 02:00:00+01:00,1.2458466
2025,CO2/CO/NOx,2025-11-16 03:00:00+01:00,1.2489837
2025,CO2/CO/NOx,2025-11-16 04:00:00+01:00,1.2176121
2025,CO2/CO/NOx,2025-11-16 05:00:00+01:00,1.0991842
2025,CO2/CO/NOx,2025-11-16 06:00:00+01:00,1.0968313
2025,CO2/CO/NOx,2025-11-16 07:00:00+01:00,1.0631068
2025,CO2/CO/NOx,2025-11-16 08:00:00+01:00,1.031343
2025,CO2/CO/NOx,2025-11-16 09:00:00+01:00,1.0329115
2025,CO2/CO/NOx,2025-11-16 10:00:00+01:00,1.045068
2025,CO2/CO/NOx,2025-11-16 11:00:00+01:00,1.0823219
2025,CO2/CO/NOx,2025-11-16 12:00:00+01:00,1.1458496
2025,CO2/CO/NOx,2025-11-16 13:00:00+01:00,1.1050663
2025,CO2/CO/NOx,2025-11-16 14:00:00+01:00,1.0470288
2025,CO2/CO/NOx,2025-11-16 15:00:00+01:00,1.079969
2025,CO2/CO/NOx,2025-11-16 16:00:00+01:00,1.2023184
2025,CO2/CO/NOx,2025-11-16 17:00:00+01:00,1.2419252
2025,CO2/CO/NOx,2025-11-16 18:00:00+01:00,1.2411408
2025,CO2/CO/NOx,2025-11-16 19:00:00+01:00,1.2481995
2025,CO2/CO/NOx,2025-11-16 20:00:00+01:00,1.2454545
2025,CO2/CO/NOx,2025-11-16 21:00:00+01:00,1.2474152
2025,CO2/CO/NOx,2025-11-16 22:00:00+01:00,1.1642803
2025,CO2/CO/NOx,2025-11-16 23:00:00+01:00,1.0831063
2025,CO2/CO/NOx,2025-11-17 00:00:00+01:00,1.0693811
2025,CO2/CO/NOx,2025-11-17 01:00:00+01:00,1.0780083
2025,CO2/CO/NOx,2025-11-17 02:00:00+01:00,1.085459
2025,CO2/CO/NOx,2025-11-17 03:00:00+01:00,1.0764397
2025,CO2/CO/NOx,2025-11-17 04:00:00+01:00,1.0685968
2025,CO2/CO/NOx,2025-11-17 05:00:00+01:00,1.2136906
2025,CO2/CO/NOx,2025-11-17 06:00:00+01:00,1.3074135
2025,CO2/CO/NOx,2025-11-17 07:00:00+01:00,2.1081748
2025,CO2/CO/NOx,2025-11-17 08:00:00+01:00,2.130527
2025,CO2/CO/NOx,2025-11-17 09:00:00+01:00,2.1324878
2025,CO2/CO/NOx,2025-11-17 10:00:00+01:00,1.9536695
2025,CO2/CO/NOx,2025-11-17 11:00:00+01:00,1.8348494
2025,CO2/CO/NOx,2025-11-17 12:00:00+01:00,2.2642488
2025,CO2/CO/NOx,2025-11-17 13:00:00+01:00,2.2693467
2025,CO2/CO/NOx,2025-11-17 14:00:00+01:00,1.8101442
2025,CO2/CO/NOx,2025-11-17 15:00:00+01:00,1.8693582
2025,CO2/CO/NOx,2025-11-17 16:00:00+01:00,1.62113
2025,CO2/CO/NOx,2025-11-17 17:00:00+01:00,1.8728875
2025,CO2/CO/NOx,2025-11-17 18:00:00+01:00,2.0615096
2025,CO2/CO/NOx,2025-11-17 19:00:00+01:00,2.0701368
2025,CO2/CO/NOx,2025-11-17 20:00:00+01:00,2.455616
2025,CO2/CO/NOx,2025-11-17 21:00:00+01:00,3.1779482
2025,CO2/CO/NOx,2025-11-17 22:00:00+01:00,2.2266028
2025,CO2/CO/NOx,2025-11-17 23:00:00+01:00,1.1783975
2025,CO2/CO/NOx,2025-11-18 00:00:00+01:00,1.1689861
2025,CO2/CO/NOx,2025-11-18 01:00:00+01:00,1.1846719
2025,CO2/CO/NOx,2025-11-18 02:00:00+01:00,1.1972206
2025,CO2/CO/NOx,2025-11-18 03:00:00+01:00,1.1870248
2025,CO2/CO/NOx,2025-11-18 04:00:00+01:00,1.3340794
2025,CO2/CO/NOx,2025-11-18 05:00:00+01:00,1.3376087
2025,CO2/CO/NOx,2025-11-18 06:00:00+01:00,1.9081806
2025,CO2/CO/NOx,2025-11-18 07:00:00+01:00,2.7861946
2025,CO2/CO/NOx,2025-11-18 08:00:00+01:00,2.8332522
2025,CO2/CO/NOx,2025-11-18 09:00:00+01:00,2.4434593
2025,CO2/CO/NOx,2025-11-18 10:00:00+01:00,2.05798
2025,CO2/CO/NOx,2025-11-18 11:00:00+01:00,1.5097606
2025,CO2/CO/NOx,2025-11-18 12:00:00+01:00,1.3183936
2025,CO2/CO/NOx,2025-11-18 13:00:00+01:00,1.1078113
2025,CO2/CO/NOx,2025-11-18 14:00:00+01:00,1.209377
2025,CO2/CO/NOx,2025-11-18 15:00:00+01:00,2.375226
2025,CO2/CO/NOx,2025-11-18 16:00:00+01:00,1.8466136
2025,CO2/CO/NOx,2025-11-18 17:00:00+01:00,1.7568123
2025,CO2/CO/NOx,2025-11-18 18:00:00+01:00,1.8019091
2025,CO2/CO/NOx,2025-11-18 19:00:00+01:00,1.8054384
2025,CO2/CO/NOx,2025-11-18 20:00:00+01:00,1.8223007
2025,CO2/CO/NOx,2025-11-18 21:00:00+01:00,1.8164185
2025,CO2/CO/NOx,2025-11-18 22:00:00+01:00,1.6266199
2025,CO2/CO/NOx,2025-11-18 23:00:00+01:00,1.3536867
2025,CO2/CO/NOx,2025-11-19 00:00:00+01:00,1.2615325
2025,CO2/CO/NOx,2025-11-19 01:00:00+01:00,1.2560424
2025,CO2/CO/NOx,2025-11-19 02:00:00+01:00,1.2599639
2025,CO2/CO/NOx,2025-11-19 03:00:00+01:00,1.3611375
2025,CO2/CO/NOx,2025-11-19 04:00:00+01:00,1.4140772
2025,CO2/CO/NOx,2025-11-19 05:00:00+01:00,1.8748482
2025,CO2/CO/NOx,2025-11-19 06:00:00+01:00,2.2920911
2025,CO2/CO/NOx,2025-11-19 07:00:00+01:00,2.545417
2025,CO2/CO/NOx,2025-11-19 08:00:00+01:00,2.5273786
2025,CO2/CO/NOx,2025-11-19 09:00:00+01:00,2.3791475
2025,CO2/CO/NOx,2025-11-19 10:00:00+01:00,2.2230735
2025,CO2/CO/NOx,2025-11-19 11:00:00+01:00,1.917592
2025,CO2/CO/NOx,2025-11-19 12:00:00+01:00,1.850143
2025,CO2/CO/NOx,2025-11-19 13:00:00+01:00,1.8113205
2025,CO2/CO/NOx,2025-11-19 14:00:00+01:00,1.9771982
2025,CO2/CO/NOx,2025-11-19 15:00:00+01:00,3.3991182
2025,CO2/CO/NOx,2025-11-19 16:00:00+01:00,3.5485258
2025,CO2/CO/NOx,2025-11-19 17:00:00+01:00,3.554408
2025,CO2/CO/NOx,2025-11-19 18:00:00+01:00,3.5124483
2025,CO2/CO/NOx,2025-11-19 19:00:00+01:00,2.4850268
2025,CO2/CO/NOx,2025-11-19 20:00:00+01:00,2.8458009
2025,CO2/CO/NOx,2025-11-19 21:00:00+01:00,2.2991498
2025,CO2/CO/NOx,2025-11-19 22:00:00+01:00,1.8650446
2025,CO2/CO/NOx,2025-11-19 23:00:00+01:00,1.3152564
2025,CO2/CO/NOx,2025-11-20 00:00:00+01:00,1.0438917
2025,CO2/CO/NOx,2025-11-20 01:00:00+01:00,1.028598
2025,CO2/CO/NOx,2025-11-20 02:00:00+01:00,1.0380095
2025,CO2/CO/NOx,2025-11-20 03:00:00+01:00,1.031343
2025,CO2/CO/NOx,2025-11-20 04:00:00+01:00,1.1783975
2025,CO2/CO/NOx,2025-11-20 05:00:00+01:00,1.8936712
2025,CO2/CO/NOx,2025-11-20 06:00:00+01:00,2.3015027
2025,CO2/CO/NOx,2025-11-20 07:00:00+01:00,2.606984
2025,CO2/CO/NOx,2025-11-20 08:00:00+01:00,2.991679
2025,CO2/CO/NOx,2025-11-20 09:00:00+01:00,2.9979532
2025,CO2/CO/NOx,2025-11-20 10:00:00+01:00,3.0034435
2025,CO2/CO/NOx,2025-11-20 11:00:00+01:00,3.013247
2025,CO2/CO/NOx,2025-11-20 12:00:00+01:00,3.061873
2025,CO2/CO/NOx,2025-11-20 13:00:00+01:00,3.0375597
2025,CO2/CO/NOx,2025-11-20 14:00:00+01:00,3.5253892
2025,CO2/CO/NOx,2025-11-20 15:00:00+01:00,3.581466
2025,CO2/CO/NOx,2025-11-20 16:00:00+01:00,3.5834267
2025,CO2/CO/NOx,2025-11-20 17:00:00+01:00,3.581466
2025,CO2/CO/NOx,2025-11-20 18:00:00+01:00,3.5830345
2025,CO2/CO/NOx,2025-11-20 19:00:00+01:00,3.5779366
2025,CO2/CO/NOx,2025-11-20 20:00:00+01:00,3.5940146
2025,CO2/CO/NOx,2025-11-20 21:00:00+01:00,3.280298
2025,CO2/CO/NOx,2025-11-20 22:00:00+01:00,2.1603303
2025,CO2/CO/NOx,2025-11-20 23:00:00+01:00,2.065823
2025,CO2/CO/NOx,2025-11-21 00:00:00+01:00,1.8128891
2025,CO2/CO/NOx,2025-11-21 01:00:00+01:00,1.753283
2025,CO2/CO/NOx,2025-11-21 02:00:00+01:00,1.6540701
2025,CO2/CO/NOx,2025-11-21 03:00:00+01:00,1.5681903
2025,CO2/CO/NOx,2025-11-21 04:00:00+01:00,1.6132871
2025,CO2/CO/NOx,2025-11-21 05:00:00+01:00,1.9219056
2025,CO2/CO/NOx,2025-11-21 06:00:00+01:00,2.350913
2025,CO2/CO/NOx,2025-11-21 07:00:00+01:00,2.7450194
2025,CO2/CO/NOx,2025-11-21 08:00:00+01:00,3.1677523
2025,CO2/CO/NOx,2025-11-21 09:00:00+01:00,3.2426522
2025,CO2/CO/NOx,2025-11-21 10:00:00+01:00,3.3222578
2025,CO2/CO/NOx,2025-11-21 11:00:00+01:00,3.1638308
2025,CO2/CO/NOx,2025-11-21 12:00:00+01:00,2.8724666
2025,CO2/CO/NOx,2025-11-21 13:00:00+01:00,3.2657886
2025,CO2/CO/NOx,2025-11-21 14:00:00+01:00,3.2916703
2025,CO2/CO/NOx,2025-11-21 15:00:00+01:00,3.2924545
2025,CO2/CO/NOx,2025-11-21 16:00:00+01:00,3.2269664
2025,CO2/CO/NOx,2025-11-21 17:00:00+01:00,3.231672
2025,CO2/CO/NOx,2025-11-21 18:00:00+01:00,3.0685394
2025,CO2/CO/NOx,2025-11-21 19:00:00+01:00,3.0454028
2025,CO2/CO/NOx,2025-11-21 20:00:00+01:00,2.741098
2025,CO2/CO/NOx,2025-11-21 21:00:00+01:00,2.2638566
2025,CO2/CO/NOx,2025-11-21 22:00:00+01:00,1.8736717
2025,CO2/CO/NOx,2025-11-21 23:00:00+01:00,1.6121106
2025,CO2/CO/NOx,2025-11-22 00:00:00+01:00,1.4858397
2025,CO2/CO/NOx,2025-11-22 01:00:00+01:00,1.3776075
2025,CO2/CO/NOx,2025-11-22 02:00:00+01:00,1.3364322
2025,CO2/CO/NOx,2025-11-22 03:00:00+01:00,1.3940777
2025,CO2/CO/NOx,2025-11-22 04:00:00+01:00,1.6109341
2025,CO2/CO/NOx,2025-11-22 05:00:00+01:00,1.8752404
2025,CO2/CO/NOx,2025-11-22 06:00:00+01:00,2.0234714
2025,CO2/CO/NOx,2025-11-22 07:00:00+01:00,2.0383728
2025,CO2/CO/NOx,2025-11-22 08:00:00+01:00,2.0371964
2025,CO2/CO/NOx,2025-11-22 09:00:00+01:00,2.1740553
2025,CO2/CO/NOx,2025-11-22 10:00:00+01:00,2.1466053
2025,CO2/CO/NOx,2025-11-22 11:00:00+01:00,2.1152337
2025,CO2/CO/NOx,2025-11-22 12:00:00+01:00,1.9693553
2025,CO2/CO/NOx,2025-11-22 13:00:00+01:00,1.9968055
2025,CO2/CO/NOx,2025-11-22 14:00:00+01:00,1.9948448
2025,CO2/CO/NOx,2025-11-22 15:00:00+01:00,2.1140568
2025,CO2/CO/NOx,2025-11-22 16:00:00+01:00,2.2603273
2025,CO2/CO/NOx,2025-11-22 17:00:00+01:00,2.4689486
2025,CO2/CO/NOx,2025-11-22 18:00:00+01:00,2.8281543
2025,CO2/CO/NOx,2025-11-22 19:00:00+01:00,2.9308965
2025,CO2/CO/NOx,2025-11-22 20:00:00+01:00,2.7728615
2025,CO2/CO/NOx,2025-11-22 21:00:00+01:00,2.8799176
2025,CO2/CO/NOx,2025-11-22 22:00:00+01:00,2.8575652
2025,CO2/CO/NOx,2025-11-22 23:00:00+01:00,2.1497424
2025,CO2/CO/NOx,2025-11-23 00:00:00+01:00,1.9748454
2025,CO2/CO/NOx,2025-11-23 01:00:00+01:00,2.1073906
2025,CO2/CO/NOx,2025-11-23 02:00:00+01:00,2.181114
2025,CO2/CO/NOx,2025-11-23 03:00:00+01:00,2.200329
2025,CO2/CO/NOx,2025-11-23 04:00:00+01:00,2.4999282
2025,CO2/CO/NOx,2025-11-23 05:00:00+01:00,2.5277705
2025,CO2/CO/NOx,2025-11-23 06:00:00+01:00,2.591298
2025,CO2/CO/NOx,2025-11-23 07:00:00+01:00,2.6622767
2025,CO2/CO/NOx,2025-11-23 08:00:00+01:00,2.7434506
2025,CO2/CO/NOx,2025-11-23 09:00:00+01:00,2.6763937
2025,CO2/CO/NOx,2025-11-23 10:00:00+01:00,2.55326
2025,CO2/CO/NOx,2025-11-23 11:00:00+01:00,2.4054213
2025,CO2/CO/NOx,2025-11-23 12:00:00+01:00,2.103077
2025,CO2/CO/NOx,2025-11-23 13:00:00+01:00,2.092489
2025,CO2/CO/NOx,2025-11-23 14:00:00+01:00,2.2736602
2025,CO2/CO/NOx,2025-11-23 15:00:00+01:00,2.2846403
2025,CO2/CO/NOx,2025-11-23 16:00:00+01:00,2.361893
2025,CO2/CO/NOx,2025-11-23 17:00:00+01:00,2.5352213
2025,CO2/CO/NOx,2025-11-23 18:00:00+01:00,2.5399272
2025,CO2/CO/NOx,2025-11-23 19:00:00+01:00,2.541888
2025,CO2/CO/NOx,2025-11-23 20:00:00+01:00,2.1791532
2025,CO2/CO/NOx,2025-11-23 21:00:00+01:00,2.0583725
2025,CO2/CO/NOx,2025-11-23 22:00:00+01:00,1.8756324
2025,CO2/CO/NOx,2025-11-23 23:00:00+01:00,1.9587674
2025,CO2/CO/NOx,2025-11-24 00:00:00+01:00,2.0371964
2025,CO2/CO/NOx,2025-11-24 01:00:00+01:00,2.0332751
2025,CO2/CO/NOx,2025-11-24 02:00:00+01:00,2.0246477
2025,CO2/CO/NOx,2025-11-24 03:00:00+01:00,2.0309222
2025,CO2/CO/NOx,2025-11-24 04:00:00+01:00,2.1203313
2025,CO2/CO/NOx,2025-11-24 05:00:00+01:00,2.3724809
2025,CO2/CO/NOx,2025-11-24 06:00:00+01:00,2.5885532
2025,CO2/CO/NOx,2025-11-24 07:00:00+01:00,2.7054126
2025,CO2/CO/NOx,2025-11-24 08:00:00+01:00,2.908544
2025,CO2/CO/NOx,2025-11-24 09:00:00+01:00,2.9018776
2025,CO2/CO/NOx,2025-11-24 10:00:00+01:00,2.916387
2025,CO2/CO/NOx,2025-11-24 11:00:00+01:00,2.7571757
2025,CO2/CO/NOx,2025-11-24 12:00:00+01:00,2.762666
2025,CO2/CO/NOx,2025-11-24 13:00:00+01:00,2.8967798
2025,CO2/CO/NOx,2025-11-24 14:00:00+01:00,2.9042304
2025,CO2/CO/NOx,2025-11-24 15:00:00+01:00,3.0046198
2025,CO2/CO/NOx,2025-11-24 16:00:00+01:00,3.0105019
2025,CO2/CO/NOx,2025-11-24 17:00:00+01:00,3.0759902
2025,CO2/CO/NOx,2025-11-24 18:00:00+01:00,2.891682
2025,CO2/CO/NOx,2025-11-24 19:00:00+01:00,3.013247
2025,CO2/CO/NOx,2025-11-24 20:00:00+01:00,2.356403
2025,CO2/CO/NOx,2025-11-24 21:00:00+01:00,2.0517058
2025,CO2/CO/NOx,2025-11-24 22:00:00+01:00,1.9438659
2025,CO2/CO/NOx,2025-11-24 23:00:00+01:00,1.6928927
2025,CO2/CO/NOx,2025-11-25 00:00:00+01:00,1.4219201
2025,CO2/CO/NOx,2025-11-25 01:00:00+01:00,1.2642775
2025,CO2/CO/NOx,2025-11-25 02:00:00+01:00,1.1764369
2025,CO2/CO/NOx,2025-11-25 03:00:00+01:00,1.2152592
2025,CO2/CO/NOx,2025-11-25 04:00:00+01:00,1.5772097
2025,CO2/CO/NOx,2025-11-25 05:00:00+01:00,2.1713104
2025,CO2/CO/NOx,2025-11-25 06:00:00+01:00,2.9548173
2025,CO2/CO/NOx,2025-11-25 07:00:00+01:00,3.3983338
2025,CO2/CO/NOx,2025-11-25 08:00:00+01:00,3.3979418
2025,CO2/CO/NOx,2025-11-25 09:00:00+01:00,3.5273497
2025,CO2/CO/NOx,2025-11-25 10:00:00+01:00,3.5865638
2025,CO2/CO/NOx,2025-11-25 11:00:00+01:00,3.724207
2025,CO2/CO/NOx,2025-11-25 12:00:00+01:00,3.708129
2025,CO2/CO/NOx,2025-11-25 13:00:00+01:00,3.7179325
2025,CO2/CO/NOx,2025-11-25 14:00:00+01:00,3.6747966
2025,CO2/CO/NOx,2025-11-25 15:00:00+01:00,3.6944036
2025,CO2/CO/NOx,2025-11-25 16:00:00+01:00,3.6646008
2025,CO2/CO/NOx,2025-11-25 17:00:00+01:00,3.6802866
2025,CO2/CO/NOx,2025-11-25 18:00:00+01:00,3.7253833
2025,CO2/CO/NOx,2025-11-25 19:00:00+01:00,3.740285
2025,CO2/CO/NOx,2025-11-25 20:00:00+01:00,3.676757
2025,CO2/CO/NOx,2025-11-25 21:00:00+01:00,2.534045
2025,CO2/CO/NOx,2025-11-25 22:00:00+01:00,1.6148556
2025,CO2/CO/NOx,2025-11-25 23:00:00+01:00,1.3552552
2025,CO2/CO/NOx,2025-11-26 00:00:00+01:00,1.198397
2025,CO2/CO/NOx,2025-11-26 01:00:00+01:00,1.2532974
2025,CO2/CO/NOx,2025-11-26 02:00:00+01:00,1.2670225
2025,CO2/CO/NOx,2025-11-26 03:00:00+01:00,1.2968256
2025,CO2/CO/NOx,2025-11-26 04:00:00+01:00,1.5642688
2025,CO2/CO/NOx,2025-11-26 05:00:00+01:00,1.6889712
2025,CO2/CO/NOx,2025-11-26 06:00:00+01:00,2.127782
2025,CO2/CO/NOx,2025-11-26 07:00:00+01:00,3.1959867
2025,CO2/CO/NOx,2025-11-26 08:00:00+01:00,3.2508872
2025,CO2/CO/NOx,2025-11-26 09:00:00+01:00,3.3669622
2025,CO2/CO/NOx,2025-11-26 10:00:00+01:00,3.393236
2025,CO2/CO/NOx,2025-11-26 11:00:00+01:00,3.3755894
2025,CO2/CO/NOx,2025-11-26 12:00:00+01:00,3.4077454
2025,CO2/CO/NOx,2025-11-26 13:00:00+01:00,3.4375484
2025,CO2/CO/NOx,2025-11-26 14:00:00+01:00,3.4630377
2025,CO2/CO/NOx,2025-11-26 15:00:00+01:00,3.428137
2025,CO2/CO/NOx,2025-11-26 16:00:00+01:00,3.4351957
2025,CO2/CO/NOx,2025-11-26 17:00:00+01:00,3.4536264
2025,CO2/CO/NOx,2025-11-26 18:00:00+01:00,3.5755837
2025,CO2/CO/NOx,2025-11-26 19:00:00+01:00,3.6289155
2025,CO2/CO/NOx,2025-11-26 20:00:00+01:00,3.3783345
2025,CO2/CO/NOx,2025-11-26 21:00:00+01:00,2.5265942
2025,CO2/CO/NOx,2025-11-26 22:00:00+01:00,1.7062256
2025,CO2/CO/NOx,2025-11-26 23:00:00+01:00,1.1976126
2025,CO2/CO/NOx,2025-11-27 00:00:00+01:00,1.1756525
2025,CO2/CO/NOx,2025-11-27 01:00:00+01:00,1.1885934
2025,CO2/CO/NOx,2025-11-27 02:00:00+01:00,1.4972119
2025,CO2/CO/NOx,2025-11-27 03:00:00+01:00,1.2619245
2025,CO2/CO/NOx,2025-11-27 04:00:00+01:00,1.4599581
2025,CO2/CO/NOx,2025-11-27 05:00:00+01:00,1.812105
2025,CO2/CO/NOx,2025-11-27 06:00:00+01:00,2.4007156
2025,CO2/CO/NOx,2025-11-27 07:00:00+01:00,2.7936454
2025,CO2/CO/NOx,2025-11-27 08:00:00+01:00,2.8979561
2025,CO2/CO/NOx,2025-11-27 09:00:00+01:00,2.9077597
2025,CO2/CO/NOx,2025-11-27 10:00:00+01:00,2.6881583
2025,CO2/CO/NOx,2025-11-27 11:00:00+01:00,2.5669851
2025,CO2/CO/NOx,2025-11-27 12:00:00+01:00,2.6328657
2025,CO2/CO/NOx,2025-11-27 13:00:00+01:00,2.7136476
2025,CO2/CO/NOx,2025-11-27 14:00:00+01:00,2.6011019
2025,CO2/CO/NOx,2025-11-27 15:00:00+01:00,2.5712988
2025,CO2/CO/NOx,2025-11-27 16:00:00+01:00,2.6748252
2025,CO2/CO/NOx,2025-11-27 17:00:00+01:00,2.5646324
2025,CO2/CO/NOx,2025-11-27 18:00:00+01:00,2.515222
2025,CO2/CO/NOx,2025-11-27 19:00:00+01:00,2.506595
2025,CO2/CO/NOx,2025-11-27 20:00:00+01:00,2.5226727
2025,CO2/CO/NOx,2025-11-27 21:00:00+01:00,2.5183592
2025,CO2/CO/NOx,2025-11-27 22:00:00+01:00,2.496007
2025,CO2/CO/NOx,2025-11-27 23:00:00+01:00,2.4442437
2025,CO2/CO/NOx,2025-11-28 00:00:00+01:00,2.4242442
2025,CO2/CO/NOx,2025-11-28 01:00:00+01:00,2.4462044
2025,CO2/CO/NOx,2025-11-28 02:00:00+01:00,2.5171828
2025,CO2/CO/NOx,2025-11-28 03:00:00+01:00,2.5171828
2025,CO2/CO/NOx,2025-11-28 04:00:00+01:00,2.6007097
2025,CO2/CO/NOx,2025-11-28 05:00:00+01:00,2.7316864
2025,CO2/CO/NOx,2025-11-28 06:00:00+01:00,2.830507
2025,CO2/CO/NOx,2025-11-28 07:00:00+01:00,2.8348207
2025,CO2/CO/NOx,2025-11-28 08:00:00+01:00,2.9175634
2025,CO2/CO/NOx,2025-11-28 09:00:00+01:00,2.8928583
2025,CO2/CO/NOx,2025-11-28 10:00:00+01:00,2.7673717
2025,CO2/CO/NOx,2025-11-28 11:00:00+01:00,2.3626773
2025,CO2/CO/NOx,2025-11-28 12:00:00+01:00,2.122292
2025,CO2/CO/NOx,2025-11-28 13:00:00+01:00,2.0034719
2025,CO2/CO/NOx,2025-11-28 14:00:00+01:00,2.065431
2025,CO2/CO/NOx,2025-11-28 15:00:00+01:00,2.1881726
2025,CO2/CO/NOx,2025-11-28 16:00:00+01:00,2.4179697
2025,CO2/CO/NOx,2025-11-28 17:00:00+01:00,2.9685423
2025,CO2/CO/NOx,2025-11-28 18:00:00+01:00,2.3901274
2025,CO2/CO/NOx,2025-11-28 19:00:00+01:00,2.4987519
2025,CO2/CO/NOx,2025-11-28 20:00:00+01:00,2.356795
2025,CO2/CO/NOx,2025-11-28 21:00:00+01:00,2.2340536
2025,CO2/CO/NOx,2025-11-28 22:00:00+01:00,2.216799
2025,CO2/CO/NOx,2025-11-28 23:00:00+01:00,2.202682
2025,CO2/CO/NOx,2025-11-29 00:00:00+01:00,2.0666075
2025,CO2/CO/NOx,2025-11-29 01:00:00+01:00,1.9513166
2025,CO2/CO/NOx,2025-11-29 02:00:00+01:00,1.9587674
2025,CO2/CO/NOx,2025-11-29 03:00:00+01:00,2.0034719
2025,CO2/CO/NOx,2025-11-29 04:00:00+01:00,2.0528822
2025,CO2/CO/NOx,2025-11-29 05:00:00+01:00,2.2399359
2025,CO2/CO/NOx,2025-11-29 06:00:00+01:00,2.2709153
2025,CO2/CO/NOx,2025-11-29 07:00:00+01:00,2.1822903
2025,CO2/CO/NOx,2025-11-29 08:00:00+01:00,1.9693553
2025,CO2/CO/NOx,2025-11-29 09:00:00+01:00,1.8646524
2025,CO2/CO/NOx,2025-11-29 10:00:00+01:00,1.5964248
2025,CO2/CO/NOx,2025-11-29 11:00:00+01:00,1.4532917
2025,CO2/CO/NOx,2025-11-29 12:00:00+01:00,1.3297658
2025,CO2/CO/NOx,2025-11-29 13:00:00+01:00,1.2054557
2025,CO2/CO/NOx,2025-11-29 14:00:00+01:00,1.22271
2025,CO2/CO/NOx,2025-11-29 15:00:00+01:00,1.1360459
2025,CO2/CO/NOx,2025-11-29 16:00:00+01:00,1.201142
2025,CO2/CO/NOx,2025-11-29 17:00:00+01:00,1.7156371
2025,CO2/CO/NOx,2025-11-29 18:00:00+01:00,1.7352444
2025,CO2/CO/NOx,2025-11-29 19:00:00+01:00,1.8873968
2025,CO2/CO/NOx,2025-11-29 20:00:00+01:00,1.8799461
2025,CO2/CO/NOx,2025-11-29 21:00:00+01:00,1.736813
2025,CO2/CO/NOx,2025-11-29 22:00:00+01:00,1.5987778
2025,CO2/CO/NOx,2025-11-29 23:00:00+01:00,1.752891
2025,CO2/CO/NOx,2025-11-30 00:00:00+01:00,2.1834667
2025,CO2/CO/NOx,2025-11-30 01:00:00+01:00,2.1858199
2025,CO2/CO/NOx,2025-11-30 02:00:00+01:00,2.143468
2025,CO2/CO/NOx,2025-11-30 03:00:00+01:00,2.1391544
2025,CO2/CO/NOx,2025-11-30 04:00:00+01:00,2.2826796
2025,CO2/CO/NOx,2025-11-30 05:00:00+01:00,2.4281657
2025,CO2/CO/NOx,2025-11-30 06:00:00+01:00,2.3787553
2025,CO2/CO/NOx,2025-11-30 07:00:00+01:00,2.3352273
2025,CO2/CO/NOx,2025-11-30 08:00:00+01:00,2.1120963
2025,CO2/CO/NOx,2025-11-30 09:00:00+01:00,2.0752347
2025,CO2/CO/NOx,2025-11-30 10:00:00+01:00,2.000727
2025,CO2/CO/NOx,2025-11-30 11:00:00+01:00,1.5058391
2025,CO2/CO/NOx,2025-11-30 12:00:00+01:00,1.3242759
2025,CO2/CO/NOx,2025-11-30 13:00:00+01:00,1.270944
2025,CO2/CO/NOx,2025-11-30 14:00:00+01:00,1.0650675
2025,CO2/CO/NOx,2025-11-30 15:00:00+01:00,1.1301637
2025,CO2/CO/NOx,2025-11-30 16:00:00+01:00,1.4540759
2025,CO2/CO/NOx,2025-11-30 17:00:00+01:00,1.6234828
2025,CO2/CO/NOx,2025-11-30 18:00:00+01:00,1.6583838
2025,CO2/CO/NOx,2025-11-30 19:00:00+01:00,1.8834753
2025,CO2/CO/NOx,2025-11-30 20:00:00+01:00,1.8332808
2025,CO2/CO/NOx,2025-11-30 21:00:00+01:00,1.6662267
2025,CO2/CO/NOx,2025-11-30 22:00:00+01:00,1.6630896
2025,CO2/CO/NOx,2025-11-30 23:00:00+01:00,1.502702
2025,CO2/CO/NOx,2025-12-01 00:00:00+01:00,1.2168278
2025,CO2/CO/NOx,2025-12-01 01:00:00+01:00,1.1976126
2025,CO2/CO/NOx,2025-12-01 02:00:00+01:00,1.1732998
2025,CO2/CO/NOx,2025-12-01 03:00:00+01:00,1.2368273
2025,CO2/CO/NOx,2025-12-01 04:00:00+01:00,1.4156457
2025,CO2/CO/NOx,2025-12-01 05:00:00+01:00,1.693677
2025,CO2/CO/NOx,2025-12-01 06:00:00+01:00,1.9787668
2025,CO2/CO/NOx,2025-12-01 07:00:00+01:00,2.170918
2025,CO2/CO/NOx,2025-12-01 08:00:00+01:00,2.2677782
2025,CO2/CO/NOx,2025-12-01 09:00:00+01:00,2.1575851
2025,CO2/CO/NOx,2025-12-01 10:00:00+01:00,2.1913097
2025,CO2/CO/NOx,2025-12-01 11:00:00+01:00,2.1701338
2025,CO2/CO/NOx,2025-12-01 12:00:00+01:00,2.197976
2025,CO2/CO/NOx,2025-12-01 13:00:00+01:00,2.275621
2025,CO2/CO/NOx,2025-12-01 14:00:00+01:00,2.2556217
2025,CO2/CO/NOx,2025-12-01 15:00:00+01:00,2.2724838
2025,CO2/CO/NOx,2025-12-01 16:00:00+01:00,2.2846403
2025,CO2/CO/NOx,2025-12-01 17:00:00+01:00,2.2838562
2025,CO2/CO/NOx,2025-12-01 18:00:00+01:00,2.119939
2025,CO2/CO/NOx,2025-12-01 19:00:00+01:00,1.8940634
2025,CO2/CO/NOx,2025-12-01 20:00:00+01:00,1.8046541
2025,CO2/CO/NOx,2025-12-01 21:00:00+01:00,1.6897554
2025,CO2/CO/NOx,2025-12-01 22:00:00+01:00,1.5042706
2025,CO2/CO/NOx,2025-12-01 23:00:00+01:00,1.386627
2025,CO2/CO/NOx,2025-12-02 00:00:00+01:00,1.2274158
2025,CO2/CO/NOx,2025-12-02 01:00:00+01:00,1.2356509
2025,CO2/CO/NOx,2025-12-02 02:00:00+01:00,1.2791791
2025,CO2/CO/NOx,2025-12-02 03:00:00+01:00,1.359569
2025,CO2/CO/NOx,2025-12-02 04:00:00+01:00,1.5372108
2025,CO2/CO/NOx,2025-12-02 05:00:00+01:00,1.8124971
2025,CO2/CO/NOx,2025-12-02 06:00:00+01:00,2.0713131
2025,CO2/CO/NOx,2025-12-02 07:00:00+01:00,2.364638
2025,CO2/CO/NOx,2025-12-02 08:00:00+01:00,2.7375684
2025,CO2/CO/NOx,2025-12-02 09:00:00+01:00,2.690119
2025,CO2/CO/NOx,2025-12-02 10:00:00+01:00,2.5583582
2025,CO2/CO/NOx,2025-12-02 11:00:00+01:00,2.25719
2025,CO2/CO/NOx,2025-12-02 12:00:00+01:00,2.0807245
2025,CO2/CO/NOx,2025-12-02 13:00:00+01:00,1.8846519
2025,CO2/CO/NOx,2025-12-02 14:00:00+01:00,1.9273957
2025,CO2/CO/NOx,2025-12-02 15:00:00+01:00,1.9991583
2025,CO2/CO/NOx,2025-12-02 16:00:00+01:00,2.4548316
2025,CO2/CO/NOx,2025-12-02 17:00:00+01:00,3.1595173
2025,CO2/CO/NOx,2025-12-02 18:00:00+01:00,3.279906
2025,CO2/CO/NOx,2025-12-02 19:00:00+01:00,3.2901018
2025,CO2/CO/NOx,2025-12-02 20:00:00+01:00,3.3253949
2025,CO2/CO/NOx,2025-12-02 21:00:00+01:00,3.1555958
2025,CO2/CO/NOx,2025-12-02 22:00:00+01:00,2.7101183
2025,CO2/CO/NOx,2025-12-02 23:00:00+01:00,1.2403566
2025,CO2/CO/NOx,2025-12-03 00:00:00+01:00,1.1909463
2025,CO2/CO/NOx,2025-12-03 01:00:00+01:00,1.0623225
2025,CO2/CO/NOx,2025-12-03 02:00:00+01:00,1.1638881
2025,CO2/CO/NOx,2025-12-03 03:00:00+01:00,1.1615354
2025,CO2/CO/NOx,2025-12-03 04:00:00+01:00,1.4917219
2025,CO2/CO/NOx,2025-12-03 05:00:00+01:00,1.7038727
2025,CO2/CO/NOx,2025-12-03 06:00:00+01:00,2.9465823
2025,CO2/CO/NOx,2025-12-03 07:00:00+01:00,3.3450022
2025,CO2/CO/NOx,2025-12-03 08:00:00+01:00,3.3002975
2025,CO2/CO/NOx,2025-12-03 09:00:00+01:00,3.314807
2025,CO2/CO/NOx,2025-12-03 10:00:00+01:00,3.4093142
2025,CO2/CO/NOx,2025-12-03 11:00:00+01:00,3.4861746
2025,CO2/CO/NOx,2025-12-03 12:00:00+01:00,3.4457836
2025,CO2/CO/NOx,2025-12-03 13:00:00+01:00,3.4163728
2025,CO2/CO/NOx,2025-12-03 14:00:00+01:00,3.5238204
2025,CO2/CO/NOx,2025-12-03 15:00:00+01:00,3.519115
2025,CO2/CO/NOx,2025-12-03 16:00:00+01:00,3.5406828
2025,CO2/CO/NOx,2025-12-03 17:00:00+01:00,3.714011
2025,CO2/CO/NOx,2025-12-03 18:00:00+01:00,3.4312742
2025,CO2/CO/NOx,2025-12-03 19:00:00+01:00,3.4618614
2025,CO2/CO/NOx,2025-12-03 20:00:00+01:00,3.5500941
2025,CO2/CO/NOx,2025-12-03 21:00:00+01:00,3.6740124
2025,CO2/CO/NOx,2025-12-03 22:00:00+01:00,3.3720603
2025,CO2/CO/NOx,2025-12-03 23:00:00+01:00,2.5411036
2025,CO2/CO/NOx,2025-12-04 00:00:00+01:00,1.8415159
2025,CO2/CO/NOx,2025-12-04 01:00:00+01:00,1.7466166
2025,CO2/CO/NOx,2025-12-04 02:00:00+01:00,1.7415187
2025,CO2/CO/NOx,2025-12-04 03:00:00+01:00,1.8050462
2025,CO2/CO/NOx,2025-12-04 04:00:00+01:00,1.8897496
2025,CO2/CO/NOx,2025-12-04 05:00:00+01:00,2.3983624
2025,CO2/CO/NOx,2025-12-04 06:00:00+01:00,2.8861918
2025,CO2/CO/NOx,2025-12-04 07:00:00+01:00,3.2301035
2025,CO2/CO/NOx,2025-12-04 08:00:00+01:00,3.1285377
2025,CO2/CO/NOx,2025-12-04 09:00:00+01:00,3.2069669
2025,CO2/CO/NOx,2025-12-04 10:00:00+01:00,3.3269634
2025,CO2/CO/NOx,2025-12-04 11:00:00+01:00,3.374413
2025,CO2/CO/NOx,2025-12-04 12:00:00+01:00,3.296376
2025,CO2/CO/NOx,2025-12-04 13:00:00+01:00,3.3489237
2025,CO2/CO/NOx,2025-12-04 14:00:00+01:00,3.2704945
2025,CO2/CO/NOx,2025-12-04 15:00:00+01:00,3.2352014
2025,CO2/CO/NOx,2025-12-04 16:00:00+01:00,3.2716708
2025,CO2/CO/NOx,2025-12-04 17:00:00+01:00,3.346963
2025,CO2/CO/NOx,2025-12-04 18:00:00+01:00,3.320297
2025,CO2/CO/NOx,2025-12-04 19:00:00+01:00,3.2818668
2025,CO2/CO/NOx,2025-12-04 20:00:00+01:00,3.2650044
2025,CO2/CO/NOx,2025-12-04 21:00:00+01:00,2.4046369
2025,CO2/CO/NOx,2025-12-04 22:00:00+01:00,2.1297429
2025,CO2/CO/NOx,2025-12-04 23:00:00+01:00,1.9434737
2025,CO2/CO/NOx,2025-12-05 00:00:00+01:00,1.5897583
2025,CO2/CO/NOx,2025-12-05 01:00:00+01:00,1.3791761
2025,CO2/CO/NOx,2025-12-05 02:00:00+01:00,1.2211415
2025,CO2/CO/NOx,2025-12-05 03:00:00+01:00,1.3191779
2025,CO2/CO/NOx,2025-12-05 04:00:00+01:00,1.4470173
2025,CO2/CO/NOx,2025-12-05 05:00:00+01:00,1.8513194
2025,CO2/CO/NOx,2025-12-05 06:00:00+01:00,2.7254121
2025,CO2/CO/NOx,2025-12-05 07:00:00+01:00,2.9944239
2025,CO2/CO/NOx,2025-12-05 08:00:00+01:00,2.9524643
2025,CO2/CO/NOx,2025-12-05 09:00:00+01:00,3.021482
2025,CO2/CO/NOx,2025-12-05 10:00:00+01:00,3.1226554
2025,CO2/CO/NOx,2025-12-05 11:00:00+01:00,3.147753
2025,CO2/CO/NOx,2025-12-05 12:00:00+01:00,3.223829
2025,CO2/CO/NOx,2025-12-05 13:00:00+01:00,3.3320613
2025,CO2/CO/NOx,2025-12-05 14:00:00+01:00,3.4704888
2025,CO2/CO/NOx,2025-12-05 15:00:00+01:00,3.4704888
2025,CO2/CO/NOx,2025-12-05 16:00:00+01:00,3.4379406
2025,CO2/CO/NOx,2025-12-05 17:00:00+01:00,3.4912724
2025,CO2/CO/NOx,2025-12-05 18:00:00+01:00,2.2120934
2025,CO2/CO/NOx,2025-12-05 19:00:00+01:00,1.9215136
2025,CO2/CO/NOx,2025-12-05 20:00:00+01:00,1.5681903
2025,CO2/CO/NOx,2025-12-05 21:00:00+01:00,1.5603474
2025,CO2/CO/NOx,2025-12-05 22:00:00+01:00,1.4501544
2025,CO2/CO/NOx,2025-12-05 23:00:00+01:00,1.2282001
2025,CO2/CO/NOx,2025-12-06 00:00:00+01:00,1.0913413
2025,CO2/CO/NOx,2025-12-06 01:00:00+01:00,1.0842826
2025,CO2/CO/NOx,2025-12-06 02:00:00+01:00,1.0529109
2025,CO2/CO/NOx,2025-12-06 03:00:00+01:00,1.2372195
2025,CO2/CO/NOx,2025-12-06 04:00:00+01:00,1.2634932
2025,CO2/CO/NOx,2025-12-06 05:00:00+01:00,1.4991727
2025,CO2/CO/NOx,2025-12-06 06:00:00+01:00,1.6109341
2025,CO2/CO/NOx,2025-12-06 07:00:00+01:00,1.6909319
2025,CO2/CO/NOx,2025-12-06 08:00:00+01:00,2.016805
2025,CO2/CO/NOx,2025-12-06 09:00:00+01:00,2.0909204
2025,CO2/CO/NOx,2025-12-06 10:00:00+01:00,1.8838675
2025,CO2/CO/NOx,2025-12-06 11:00:00+01:00,1.756028
2025,CO2/CO/NOx,2025-12-06 12:00:00+01:00,1.6152477
2025,CO2/CO/NOx,2025-12-06 13:00:00+01:00,1.6066207
2025,CO2/CO/NOx,2025-12-06 14:00:00+01:00,1.7705375
2025,CO2/CO/NOx,2025-12-06 15:00:00+01:00,1.9211214
2025,CO2/CO/NOx,2025-12-06 16:00:00+01:00,1.944258
2025,CO2/CO/NOx,2025-12-06 17:00:00+01:00,1.9493558
2025,CO2/CO/NOx,2025-12-06 18:00:00+01:00,1.9101413
2025,CO2/CO/NOx,2025-12-06 19:00:00+01:00,1.8579859
2025,CO2/CO/NOx,2025-12-06 20:00:00+01:00,1.885044
2025,CO2/CO/NOx,2025-12-06 21:00:00+01:00,1.9913154
2025,CO2/CO/NOx,2025-12-06 22:00:00+01:00,1.9681789
2025,CO2/CO/NOx,2025-12-06 23:00:00+01:00,1.6685796
2025,CO2/CO/NOx,2025-12-07 00:00:00+01:00,1.2901591
2025,CO2/CO/NOx,2025-12-07 01:00:00+01:00,1.2148671
2025,CO2/CO/NOx,2025-12-07 02:00:00+01:00,1.2113378
2025,CO2/CO/NOx,2025-12-07 03:00:00+01:00,1.252513
2025,CO2/CO/NOx,2025-12-07 04:00:00+01:00,1.4474095
2025,CO2/CO/NOx,2025-12-07 05:00:00+01:00,1.6968142
2025,CO2/CO/NOx,2025-12-07 06:00:00+01:00,1.8481822
2025,CO2/CO/NOx,2025-12-07 07:00:00+01:00,1.9124942
2025,CO2/CO/NOx,2025-12-07 08:00:00+01:00,1.9128863
2025,CO2/CO/NOx,2025-12-07 09:00:00+01:00,1.9983741
2025,CO2/CO/NOx,2025-12-07 10:00:00+01:00,1.9803354
2025,CO2/CO/NOx,2025-12-07 11:00:00+01:00,2.012099
2025,CO2/CO/NOx,2025-12-07 12:00:00+01:00,2.1430757
2025,CO2/CO/NOx,2025-12-07 13:00:00+01:00,2.1293507
2025,CO2/CO/NOx,2025-12-07 14:00:00+01:00,2.1207235
2025,CO2/CO/NOx,2025-12-07 15:00:00+01:00,2.234838
2025,CO2/CO/NOx,2025-12-07 16:00:00+01:00,2.2544453
2025,CO2/CO/NOx,2025-12-07 17:00:00+01:00,2.3113065
2025,CO2/CO/NOx,2025-12-07 18:00:00+01:00,2.6442378
2025,CO2/CO/NOx,2025-12-07 19:00:00+01:00,2.1524873
2025,CO2/CO/NOx,2025-12-07 20:00:00+01:00,2.0195498
2025,CO2/CO/NOx,2025-12-07 21:00:00+01:00,1.8893576
2025,CO2/CO/NOx,2025-12-07 22:00:00+01:00,1.6332865
2025,CO2/CO/NOx,2025-12-07 23:00:00+01:00,1.3446673
2025,CO2/CO/NOx,2025-12-08 00:00:00+01:00,1.1885934
2025,CO2/CO/NOx,2025-12-08 01:00:00+01:00,1.176829
2025,CO2/CO/NOx,2025-12-08 02:00:00+01:00,1.1078113
2025,CO2/CO/NOx,2025-12-08 03:00:00+01:00,1.1113406
2025,CO2/CO/NOx,2025-12-08 04:00:00+01:00,1.1736917
2025,CO2/CO/NOx,2025-12-08 05:00:00+01:00,1.4062343
2025,CO2/CO/NOx,2025-12-08 06:00:00+01:00,1.8309278
2025,CO2/CO/NOx,2025-12-08 07:00:00+01:00,2.1983683
2025,CO2/CO/NOx,2025-12-08 08:00:00+01:00,2.1446445
2025,CO2/CO/NOx,2025-12-08 09:00:00+01:00,2.0160205
2025,CO2/CO/NOx,2025-12-08 10:00:00+01:00,1.8007327
2025,CO2/CO/NOx,2025-12-08 11:00:00+01:00,1.575641
2025,CO2/CO/NOx,2025-12-08 12:00:00+01:00,1.354471
2025,CO2/CO/NOx,2025-12-08 13:00:00+01:00,1.257611
2025,CO2/CO/NOx,2025-12-08 14:00:00+01:00,1.2085929
2025,CO2/CO/NOx,2025-12-08 15:00:00+01:00,1.8277907
2025,CO2/CO/NOx,2025-12-08 16:00:00+01:00,1.4701539
2025,CO2/CO/NOx,2025-12-08 17:00:00+01:00,1.6195614
2025,CO2/CO/NOx,2025-12-08 18:00:00+01:00,1.5328972
2025,CO2/CO/NOx,2025-12-08 19:00:00+01:00,1.4736832
2025,CO2/CO/NOx,2025-12-08 20:00:00+01:00,1.5607395
2025,CO2/CO/NOx,2025-12-08 21:00:00+01:00,1.537603
2025,CO2/CO/NOx,2025-12-08 22:00:00+01:00,1.287022
2025,CO2/CO/NOx,2025-12-08 23:00:00+01:00,1.0929099
2025,CO2/CO/NOx,2025-12-09 00:00:00+01:00,1.0736947
2025,CO2/CO/NOx,2025-12-09 01:00:00+01:00,1.1682018
2025,CO2/CO/NOx,2025-12-09 02:00:00+01:00,1.2003578
2025,CO2/CO/NOx,2025-12-09 03:00:00+01:00,1.2972176
2025,CO2/CO/NOx,2025-12-09 04:00:00+01:00,1.7309307
2025,CO2/CO/NOx,2025-12-09 05:00:00+01:00,2.1528795
2025,CO2/CO/NOx,2025-12-09 06:00:00+01:00,1.9552381
2025,CO2/CO/NOx,2025-12-09 07:00:00+01:00,1.683089
2025,CO2/CO/NOx,2025-12-09 08:00:00+01:00,1.710147
2025,CO2/CO/NOx,2025-12-09 09:00:00+01:00,1.5297601
2025,CO2/CO/NOx,2025-12-09 10:00:00+01:00,1.219965
2025,CO2/CO/NOx,2025-12-09 11:00:00+01:00,1.2509445
2025,CO2/CO/NOx,2025-12-09 12:00:00+01:00,1.3395694
2025,CO2/CO/NOx,2025-12-09 13:00:00+01:00,1.287022
2025,CO2/CO/NOx,2025-12-09 14:00:00+01:00,1.3442751
2025,CO2/CO/NOx,2025-12-09 15:00:00+01:00,1.9905312
2025,CO2/CO/NOx,2025-12-09 16:00:00+01:00,3.129714
2025,CO2/CO/NOx,2025-12-09 17:00:00+01:00,2.9791303
2025,CO2/CO/NOx,2025-12-09 18:00:00+01:00,2.1042533
2025,CO2/CO/NOx,2025-12-09 19:00:00+01:00,1.7517145
2025,CO2/CO/NOx,2025-12-09 20:00:00+01:00,1.2089849
2025,CO2/CO/NOx,2025-12-09 21:00:00+01:00,2.0309222
2025,CO2/CO/NOx,2025-12-09 22:00:00+01:00,2.121508
2025,CO2/CO/NOx,2025-12-09 23:00:00+01:00,1.8046541
2025,CO2/CO/NOx,2025-12-10 00:00:00+01:00,1.3603531
2025,CO2/CO/NOx,2025-12-10 01:00:00+01:00,1.3862348
2025,CO2/CO/NOx,2025-12-10 02:00:00+01:00,1.2889827
2025,CO2/CO/NOx,2025-12-10 03:00:00+01:00,1.3787841
2025,CO2/CO/NOx,2025-12-10 04:00:00+01:00,1.5795625
2025,CO2/CO/NOx,2025-12-10 05:00:00+01:00,1.9270035
2025,CO2/CO/NOx,2025-12-10 06:00:00+01:00,1.5693668
2025,CO2/CO/NOx,2025-12-10 07:00:00+01:00,1.2544738
2025,CO2/CO/NOx,2025-12-10 08:00:00+01:00,1.5015255
2025,CO2/CO/NOx,2025-12-10 09:00:00+01:00,1.4505466
2025,CO2/CO/NOx,2025-12-10 10:00:00+01:00,1.4117242
2025,CO2/CO/NOx,2025-12-10 11:00:00+01:00,1.4042735
2025,CO2/CO/NOx,2025-12-10 12:00:00+01:00,1.3407458
2025,CO2/CO/NOx,2025-12-10 13:00:00+01:00,1.2517289
2025,CO2/CO/NOx,2025-12-10 14:00:00+01:00,1.260356
2025,CO2/CO/NOx,2025-12-10 15:00:00+01:00,1.3325107
2025,CO2/CO/NOx,2025-12-10 16:00:00+01:00,1.1999656
2025,CO2/CO/NOx,2025-12-10 17:00:00+01:00,1.2446702
2025,CO2/CO/NOx,2025-12-10 18:00:00+01:00,1.2446702
2025,CO2/CO/NOx,2025-12-10 19:00:00+01:00,1.270944
2025,CO2/CO/NOx,2025-12-10 20:00:00+01:00,1.3729018
2025,CO2/CO/NOx,2025-12-10 21:00:00+01:00,1.1874169
2025,CO2/CO/NOx,2025-12-10 22:00:00+01:00,1.0580088
2025,CO2/CO/NOx,2025-12-10 23:00:00+01:00,1.0387937
2025,CO2/CO/NOx,2025-12-11 00:00:00+01:00,1.060754
2025,CO2/CO/NOx,2025-12-11 01:00:00+01:00,1.0631068
2025,CO2/CO/NOx,2025-12-11 02:00:00+01:00,1.0603617
2025,CO2/CO/NOx,2025-12-11 03:00:00+01:00,1.0595775
2025,CO2/CO/NOx,2025-12-11 04:00:00+01:00,1.087812
2025,CO2/CO/NOx,2025-12-11 05:00:00+01:00,1.3685882
2025,CO2/CO/NOx,2025-12-11 06:00:00+01:00,1.4913298
2025,CO2/CO/NOx,2025-12-11 07:00:00+01:00,1.8054384
2025,CO2/CO/NOx,2025-12-11 08:00:00+01:00,2.8716824
2025,CO2/CO/NOx,2025-12-11 09:00:00+01:00,3.1901045
2025,CO2/CO/NOx,2025-12-11 10:00:00+01:00,3.2214763
2025,CO2/CO/NOx,2025-12-11 11:00:00+01:00,3.2520635
2025,CO2/CO/NOx,2025-12-11 12:00:00+01:00,2.4979675
2025,CO2/CO/NOx,2025-12-11 13:00:00+01:00,3.0461872
2025,CO2/CO/NOx,2025-12-11 14:00:00+01:00,3.1763794
2025,CO2/CO/NOx,2025-12-11 15:00:00+01:00,2.0928812
2025,CO2/CO/NOx,2025-12-11 16:00:00+01:00,1.5023099
2025,CO2/CO/NOx,2025-12-11 17:00:00+01:00,1.570151
2025,CO2/CO/NOx,2025-12-11 18:00:00+01:00,1.4105479
2025,CO2/CO/NOx,2025-12-11 19:00:00+01:00,1.1748683
2025,CO2/CO/NOx,2025-12-11 20:00:00+01:00,1.1423202
2025,CO2/CO/NOx,2025-12-11 21:00:00+01:00,1.1827112
2025,CO2/CO/NOx,2025-12-11 22:00:00+01:00,1.1913383
2025,CO2/CO/NOx,2025-12-11 23:00:00+01:00,1.1866326
2025,CO2/CO/NOx,2025-12-12 00:00:00+01:00,1.0376173
2025,CO2/CO/NOx,2025-12-12 01:00:00+01:00,1.0062457
2025,CO2/CO/NOx,2025-12-12 02:00:00+01:00,1.020363
2025,CO2/CO/NOx,2025-12-12 03:00:00+01:00,1.0834982
2025,CO2/CO/NOx,2025-12-12 04:00:00+01:00,1.0972234
2025,CO2/CO/NOx,2025-12-12 05:00:00+01:00,1.2878062
2025,CO2/CO/NOx,2025-12-12 06:00:00+01:00,1.3364322
2025,CO2/CO/NOx,2025-12-12 07:00:00+01:00,2.1960154
2025,CO2/CO/NOx,2025-12-12 08:00:00+01:00,3.1489294
2025,CO2/CO/NOx,2025-12-12 09:00:00+01:00,3.1708894
2025,CO2/CO/NOx,2025-12-12 10:00:00+01:00,2.9293277
2025,CO2/CO/NOx,2025-12-12 11:00:00+01:00,2.1442523
2025,CO2/CO/NOx,2025-12-12 12:00:00+01:00,2.1285663
2025,CO2/CO/NOx,2025-12-12 13:00:00+01:00,2.275229
2025,CO2/CO/NOx,2025-12-12 14:00:00+01:00,2.5756123
2025,CO2/CO/NOx,2025-12-12 15:00:00+01:00,3.169713
2025,CO2/CO/NOx,2025-12-12 16:00:00+01:00,3.2026534
2025,CO2/CO/NOx,2025-12-12 17:00:00+01:00,3.202261
2025,CO2/CO/NOx,2025-12-12 18:00:00+01:00,3.1975555
2025,CO2/CO/NOx,2025-12-12 19:00:00+01:00,2.6375713
2025,CO2/CO/NOx,2025-12-12 20:00:00+01:00,1.6434823
2025,CO2/CO/NOx,2025-12-12 21:00:00+01:00,1.0689889
2025,CO2/CO/NOx,2025-12-12 22:00:00+01:00,1.0262451
2025,CO2/CO/NOx,2025-12-12 23:00:00+01:00,1.0352644
2025,CO2/CO/NOx,2025-12-13 00:00:00+01:00,1.0603617
2025,CO2/CO/NOx,2025-12-13 01:00:00+01:00,1.0403622
2025,CO2/CO/NOx,2025-12-13 02:00:00+01:00,1.044676
2025,CO2/CO/NOx,2025-12-13 03:00:00+01:00,1.0458524
2025,CO2/CO/NOx,2025-12-13 04:00:00+01:00,1.1211443
2025,CO2/CO/NOx,2025-12-13 05:00:00+01:00,1.4693696
2025,CO2/CO/NOx,2025-12-13 06:00:00+01:00,1.5599552
2025,CO2/CO/NOx,2025-12-13 07:00:00+01:00,1.6979905
2025,CO2/CO/NOx,2025-12-13 08:00:00+01:00,1.7168134
2025,CO2/CO/NOx,2025-12-13 09:00:00+01:00,1.9697474
2025,CO2/CO/NOx,2025-12-13 10:00:00+01:00,1.9936683
2025,CO2/CO/NOx,2025-12-13 11:00:00+01:00,1.9917076
2025,CO2/CO/NOx,2025-12-13 12:00:00+01:00,1.9944526
2025,CO2/CO/NOx,2025-12-13 13:00:00+01:00,1.990139
2025,CO2/CO/NOx,2025-12-13 14:00:00+01:00,1.8023013
2025,CO2/CO/NOx,2025-12-13 15:00:00+01:00,1.7889683
2025,CO2/CO/NOx,2025-12-13 16:00:00+01:00,1.73446
2025,CO2/CO/NOx,2025-12-13 17:00:00+01:00,1.82034
2025,CO2/CO/NOx,2025-12-13 18:00:00+01:00,2.1046455
2025,CO2/CO/NOx,2025-12-13 19:00:00+01:00,1.6874025
2025,CO2/CO/NOx,2025-12-13 20:00:00+01:00,1.7246563
2025,CO2/CO/NOx,2025-12-13 21:00:00+01:00,1.6144636
2025,CO2/CO/NOx,2025-12-13 22:00:00+01:00,1.3293736
2025,CO2/CO/NOx,2025-12-13 23:00:00+01:00,1.0662439
2025,CO2/CO/NOx,2025-12-14 00:00:00+01:00,1.045068
2025,CO2/CO/NOx,2025-12-14 01:00:00+01:00,1.0701654
2025,CO2/CO/NOx,2025-12-14 02:00:00+01:00,1.0780083
2025,CO2/CO/NOx,2025-12-14 03:00:00+01:00,1.0968313
2025,CO2/CO/NOx,2025-12-14 04:00:00+01:00,1.0599695
2025,CO2/CO/NOx,2025-12-14 05:00:00+01:00,1.243886
2025,CO2/CO/NOx,2025-12-14 06:00:00+01:00,1.4830948
2025,CO2/CO/NOx,2025-12-14 07:00:00+01:00,1.554073
2025,CO2/CO/NOx,2025-12-14 08:00:00+01:00,1.5623081
2025,CO2/CO/NOx,2025-12-14 09:00:00+01:00,1.7281858
2025,CO2/CO/NOx,2025-12-14 10:00:00+01:00,1.8481822
2025,CO2/CO/NOx,2025-12-14 11:00:00+01:00,1.83132
2025,CO2/CO/NOx,2025-12-14 12:00:00+01:00,1.7042649
2025,CO2/CO/NOx,2025-12-14 13:00:00+01:00,1.6956376
2025,CO2/CO/NOx,2025-12-14 14:00:00+01:00,1.7438716
2025,CO2/CO/NOx,2025-12-14 15:00:00+01:00,1.7999483
2025,CO2/CO/NOx,2025-12-14 16:00:00+01:00,1.7630867
2025,CO2/CO/NOx,2025-12-14 17:00:00+01:00,1.8430845
2025,CO2/CO/NOx,2025-12-14 18:00:00+01:00,1.8034776
2025,CO2/CO/NOx,2025-12-14 19:00:00+01:00,1.8113205
2025,CO2/CO/NOx,2025-12-14 20:00:00+01:00,1.7764196
2025,CO2/CO/NOx,2025-12-14 21:00:00+01:00,1.7117156
2025,CO2/CO/NOx,2025-12-14 22:00:00+01:00,1.5513281
2025,CO2/CO/NOx,2025-12-14 23:00:00+01:00,1.0936941
2025,CO2/CO/NOx,2025-12-15 00:00:00+01:00,1.1097721
2025,CO2/CO/NOx,2025-12-15 01:00:00+01:00,1.1301637
2025,CO2/CO/NOx,2025-12-15 02:00:00+01:00,1.130948
2025,CO2/CO/NOx,2025-12-15 03:00:00+01:00,1.1964363
2025,CO2/CO/NOx,2025-12-15 04:00:00+01:00,1.4599581
2025,CO2/CO/NOx,2025-12-15 05:00:00+01:00,2.040726
2025,CO2/CO/NOx,2025-12-15 06:00:00+01:00,2.6752174
2025,CO2/CO/NOx,2025-12-15 07:00:00+01:00,2.8975642
2025,CO2/CO/NOx,2025-12-15 08:00:00+01:00,2.98462
2025,CO2/CO/NOx,2025-12-15 09:00:00+01:00,2.935602
2025,CO2/CO/NOx,2025-12-15 10:00:00+01:00,2.9120734
2025,CO2/CO/NOx,2025-12-15 11:00:00+01:00,2.674433
2025,CO2/CO/NOx,2025-12-15 12:00:00+01:00,2.538751
2025,CO2/CO/NOx,2025-12-15 13:00:00+01:00,2.5030653
2025,CO2/CO/NOx,2025-12-15 14:00:00+01:00,2.596396
2025,CO2/CO/NOx,2025-12-15 15:00:00+01:00,2.8218799
2025,CO2/CO/NOx,2025-12-15 16:00:00+01:00,2.9316804
2025,CO2/CO/NOx,2025-12-15 17:00:00+01:00,2.9469743
2025,CO2/CO/NOx,2025-12-15 18:00:00+01:00,2.9446216
2025,CO2/CO/NOx,2025-12-15 19:00:00+01:00,2.7559993
2025,CO2/CO/NOx,2025-12-15 20:00:00+01:00,2.479929
2025,CO2/CO/NOx,2025-12-15 21:00:00+01:00,2.329737
2025,CO2/CO/NOx,2025-12-15 22:00:00+01:00,2.13837
2025,CO2/CO/NOx,2025-12-15 23:00:00+01:00,1.7842625
2025,CO2/CO/NOx,2025-12-16 00:00:00+01:00,1.5442694
2025,CO2/CO/NOx,2025-12-16 01:00:00+01:00,1.6336787
2025,CO2/CO/NOx,2025-12-16 02:00:00+01:00,1.6368158
2025,CO2/CO/NOx,2025-12-16 03:00:00+01:00,1.596817
2025,CO2/CO/NOx,2025-12-16 04:00:00+01:00,1.847398
2025,CO2/CO/NOx,2025-12-16 05:00:00+01:00,2.2493472
2025,CO2/CO/NOx,2025-12-16 06:00:00+01:00,2.6681588
2025,CO2/CO/NOx,2025-12-16 07:00:00+01:00,2.895211
2025,CO2/CO/NOx,2025-12-16 08:00:00+01:00,2.9289358
2025,CO2/CO/NOx,2025-12-16 09:00:00+01:00,2.9156027
2025,CO2/CO/NOx,2025-12-16 10:00:00+01:00,2.9152107
2025,CO2/CO/NOx,2025-12-16 11:00:00+01:00,2.9371707
2025,CO2/CO/NOx,2025-12-16 12:00:00+01:00,2.9281514
2025,CO2/CO/NOx,2025-12-16 13:00:00+01:00,2.8422713
2025,CO2/CO/NOx,2025-12-16 14:00:00+01:00,2.8795252
2025,CO2/CO/NOx,2025-12-16 15:00:00+01:00,3.003051
2025,CO2/CO/NOx,2025-12-16 16:00:00+01:00,3.0038354
2025,CO2/CO/NOx,2025-12-16 17:00:00+01:00,3.1367729
2025,CO2/CO/NOx,2025-12-16 18:00:00+01:00,3.1779482
2025,CO2/CO/NOx,2025-12-16 19:00:00+01:00,3.1959867
2025,CO2/CO/NOx,2025-12-16 20:00:00+01:00,2.8559964
2025,CO2/CO/NOx,2025-12-16 21:00:00+01:00,2.5077713
2025,CO2/CO/NOx,2025-12-16 22:00:00+01:00,2.6305127
2025,CO2/CO/NOx,2025-12-16 23:00:00+01:00,1.7509302
2025,CO2/CO/NOx,2025-12-17 00:00:00+01:00,1.446233
2025,CO2/CO/NOx,2025-12-17 01:00:00+01:00,1.4305471
2025,CO2/CO/NOx,2025-12-17 02:00:00+01:00,1.4325079
2025,CO2/CO/NOx,2025-12-17 03:00:00+01:00,1.5815232
2025,CO2/CO/NOx,2025-12-17 04:00:00+01:00,1.591719
2025,CO2/CO/NOx,2025-12-17 05:00:00+01:00,1.9340622
2025,CO2/CO/NOx,2025-12-17 06:00:00+01:00,2.1579773
2025,CO2/CO/NOx,2025-12-17 07:00:00+01:00,2.5054185
2025,CO2/CO/NOx,2025-12-17 08:00:00+01:00,2.8422713
2025,CO2/CO/NOx,2025-12-17 09:00:00+01:00,3.0395205
2025,CO2/CO/NOx,2025-12-17 10:00:00+01:00,3.0705001
2025,CO2/CO/NOx,2025-12-17 11:00:00+01:00,2.3516972
2025,CO2/CO/NOx,2025-12-17 12:00:00+01:00,1.9807276
2025,CO2/CO/NOx,2025-12-17 13:00:00+01:00,1.9775903
2025,CO2/CO/NOx,2025-12-17 14:00:00+01:00,2.95717
2025,CO2/CO/NOx,2025-12-17 15:00:00+01:00,3.4277446
2025,CO2/CO/NOx,2025-12-17 16:00:00+01:00,3.5849953
2025,CO2/CO/NOx,2025-12-17 17:00:00+01:00,3.3144147
2025,CO2/CO/NOx,2025-12-17 18:00:00+01:00,1.7579888
2025,CO2/CO/NOx,2025-12-17 19:00:00+01:00,2.1693497
2025,CO2/CO/NOx,2025-12-17 20:00:00+01:00,2.297189
2025,CO2/CO/NOx,2025-12-17 21:00:00+01:00,1.8109285
2025,CO2/CO/NOx,2025-12-17 22:00:00+01:00,1.4987806
2025,CO2/CO/NOx,2025-12-17 23:00:00+01:00,1.3187857
2025,CO2/CO/NOx,2025-12-18 00:00:00+01:00,1.4250572
2025,CO2/CO/NOx,2025-12-18 01:00:00+01:00,1.2799633
2025,CO2/CO/NOx,2025-12-18 02:00:00+01:00,1.2674147
2025,CO2/CO/NOx,2025-12-18 03:00:00+01:00,1.2736889
2025,CO2/CO/NOx,2025-12-18 04:00:00+01:00,1.2760419
2025,CO2/CO/NOx,2025-12-18 05:00:00+01:00,1.4050577
2025,CO2/CO/NOx,2025-12-18 06:00:00+01:00,1.4881926
2025,CO2/CO/NOx,2025-12-18 07:00:00+01:00,1.5877975
2025,CO2/CO/NOx,2025-12-18 08:00:00+01:00,1.6564231
2025,CO2/CO/NOx,2025-12-18 09:00:00+01:00,1.4089792
2025,CO2/CO/NOx,2025-12-18 10:00:00+01:00,1.2156514
2025,CO2/CO/NOx,2025-12-18 11:00:00+01:00,1.0227157
2025,CO2/CO/NOx,2025-12-18 12:00:00+01:00,0.9815405
2025,CO2/CO/NOx,2025-12-18 13:00:00+01:00,1.0858512
2025,CO2/CO/NOx,2025-12-18 14:00:00+01:00,1.1011448
2025,CO2/CO/NOx,2025-12-18 15:00:00+01:00,1.063891
2025,CO2/CO/NOx,2025-12-18 16:00:00+01:00,1.295257
2025,CO2/CO/NOx,2025-12-18 17:00:00+01:00,1.4176064
2025,CO2/CO/NOx,2025-12-18 18:00:00+01:00,1.4446645
2025,CO2/CO/NOx,2025-12-18 19:00:00+01:00,1.928572
2025,CO2/CO/NOx,2025-12-18 20:00:00+01:00,2.152095
2025,CO2/CO/NOx,2025-12-18 21:00:00+01:00,2.434048
2025,CO2/CO/NOx,2025-12-18 22:00:00+01:00,2.1818984
2025,CO2/CO/NOx,2025-12-18 23:00:00+01:00,1.798772
2025,CO2/CO/NOx,2025-12-19 00:00:00+01:00,1.1693783
2025,CO2/CO/NOx,2025-12-19 01:00:00+01:00,1.1482023
2025,CO2/CO/NOx,2025-12-19 02:00:00+01:00,1.1509473
2025,CO2/CO/NOx,2025-12-19 03:00:00+01:00,1.1619275
2025,CO2/CO/NOx,2025-12-19 04:00:00+01:00,1.3430988
2025,CO2/CO/NOx,2025-12-19 05:00:00+01:00,2.0501373
2025,CO2/CO/NOx,2025-12-19 06:00:00+01:00,2.5297313
2025,CO2/CO/NOx,2025-12-19 07:00:00+01:00,2.5618873
2025,CO2/CO/NOx,2025-12-19 08:00:00+01:00,2.7838418
2025,CO2/CO/NOx,2025-12-19 09:00:00+01:00,2.4787524
2025,CO2/CO/NOx,2025-12-19 10:00:00+01:00,2.3744416
2025,CO2/CO/NOx,2025-12-19 11:00:00+01:00,1.8917104
2025,CO2/CO/NOx,2025-12-19 12:00:00+01:00,1.4364294
2025,CO2/CO/NOx,2025-12-19 13:00:00+01:00,1.373294
2025,CO2/CO/NOx,2025-12-19 14:00:00+01:00,1.2717282
2025,CO2/CO/NOx,2025-12-19 15:00:00+01:00,1.2160436
2025,CO2/CO/NOx,2025-12-19 16:00:00+01:00,1.6097578
2025,CO2/CO/NOx,2025-12-19 17:00:00+01:00,2.0281773
2025,CO2/CO/NOx,2025-12-19 18:00:00+01:00,1.6807362
2025,CO2/CO/NOx,2025-12-19 19:00:00+01:00,1.4399588
2025,CO2/CO/NOx,2025-12-19 20:00:00+01:00,1.1964363
2025,CO2/CO/NOx,2025-12-19 21:00:00+01:00,1.2336901
2025,CO2/CO/NOx,2025-12-19 22:00:00+01:00,1.1948677
2025,CO2/CO/NOx,2025-12-19 23:00:00+01:00,1.171339
2025,CO2/CO/NOx,2025-12-20 00:00:00+01:00,1.368196
2025,CO2/CO/NOx,2025-12-20 01:00:00+01:00,1.8807304
2025,CO2/CO/NOx,2025-12-20 02:00:00+01:00,1.5062313
2025,CO2/CO/NOx,2025-12-20 03:00:00+01:00,1.7375972
2025,CO2/CO/NOx,2025-12-20 04:00:00+01:00,1.4415274
2025,CO2/CO/NOx,2025-12-20 05:00:00+01:00,1.1858484
2025,CO2/CO/NOx,2025-12-20 06:00:00+01:00,1.2097692
2025,CO2/CO/NOx,2025-12-20 07:00:00+01:00,1.2481995
2025,CO2/CO/NOx,2025-12-20 08:00:00+01:00,1.3736861
2025,CO2/CO/NOx,2025-12-20 09:00:00+01:00,1.6485802
2025,CO2/CO/NOx,2025-12-20 10:00:00+01:00,1.3658432
2025,CO2/CO/NOx,2025-12-20 11:00:00+01:00,1.470546
2025,CO2/CO/NOx,2025-12-20 12:00:00+01:00,1.4089792
2025,CO2/CO/NOx,2025-12-20 13:00:00+01:00,1.4132928
2025,CO2/CO/NOx,2025-12-20 14:00:00+01:00,1.4995648
2025,CO2/CO/NOx,2025-12-20 15:00:00+01:00,1.5305443
2025,CO2/CO/NOx,2025-12-20 16:00:00+01:00,1.5595632
2025,CO2/CO/NOx,2025-12-20 17:00:00+01:00,1.7109313
2025,CO2/CO/NOx,2025-12-20 18:00:00+01:00,1.739558
2025,CO2/CO/NOx,2025-12-20 19:00:00+01:00,1.607797
2025,CO2/CO/NOx,2025-12-20 20:00:00+01:00,1.2572188
2025,CO2/CO/NOx,2025-12-20 21:00:00+01:00,1.1172228
2025,CO2/CO/NOx,2025-12-20 22:00:00+01:00,1.1301637
2025,CO2/CO/NOx,2025-12-20 23:00:00+01:00,1.1199679
2025,CO2/CO/NOx,2025-12-21 00:00:00+01:00,1.1156542
2025,CO2/CO/NOx,2025-12-21 01:00:00+01:00,1.1187913
2025,CO2/CO/NOx,2025-12-21 02:00:00+01:00,1.1536925
2025,CO2/CO/NOx,2025-12-21 03:00:00+01:00,1.2983942
2025,CO2/CO/NOx,2025-12-21 04:00:00+01:00,1.4979962
2025,CO2/CO/NOx,2025-12-21 05:00:00+01:00,1.6474037
2025,CO2/CO/NOx,2025-12-21 06:00:00+01:00,1.7226956
2025,CO2/CO/NOx,2025-12-21 07:00:00+01:00,1.6517174
2025,CO2/CO/NOx,2025-12-21 08:00:00+01:00,1.6328943
2025,CO2/CO/NOx,2025-12-21 09:00:00+01:00,1.7179899
2025,CO2/CO/NOx,2025-12-21 10:00:00+01:00,2.2681704
2025,CO2/CO/NOx,2025-12-21 11:00:00+01:00,3.3038268
2025,CO2/CO/NOx,2025-12-21 12:00:00+01:00,2.5148299
2025,CO2/CO/NOx,2025-12-21 13:00:00+01:00,2.4567924
2025,CO2/CO/NOx,2025-12-21 14:00:00+01:00,2.625807
2025,CO2/CO/NOx,2025-12-21 15:00:00+01:00,2.1532714
2025,CO2/CO/NOx,2025-12-21 16:00:00+01:00,2.0701368
2025,CO2/CO/NOx,2025-12-21 17:00:00+01:00,1.9858254
2025,CO2/CO/NOx,2025-12-21 18:00:00+01:00,1.9022985
2025,CO2/CO/NOx,2025-12-21 19:00:00+01:00,1.8630838
2025,CO2/CO/NOx,2025-12-21 20:00:00+01:00,1.7317151
2025,CO2/CO/NOx,2025-12-21 21:00:00+01:00,1.7348522
2025,CO2/CO/NOx,2025-12-21 22:00:00+01:00,1.5815232
2025,CO2/CO/NOx,2025-12-21 23:00:00+01:00,1.5395638
2025,CO2/CO/NOx,2025-12-22 00:00:00+01:00,1.6489723
2025,CO2/CO/NOx,2025-12-22 01:00:00+01:00,1.7324992
2025,CO2/CO/NOx,2025-12-22 02:00:00+01:00,1.7168134
2025,CO2/CO/NOx,2025-12-22 03:00:00+01:00,1.7728903
2025,CO2/CO/NOx,2025-12-22 04:00:00+01:00,2.0332751
2025,CO2/CO/NOx,2025-12-22 05:00:00+01:00,2.472086
2025,CO2/CO/NOx,2025-12-22 06:00:00+01:00,2.499144
2025,CO2/CO/NOx,2025-12-22 07:00:00+01:00,2.4987519
2025,CO2/CO/NOx,2025-12-22 08:00:00+01:00,2.5677695
2025,CO2/CO/NOx,2025-12-22 09:00:00+01:00,2.6728644
2025,CO2/CO/NOx,2025-12-22 10:00:00+01:00,2.7854102
2025,CO2/CO/NOx,2025-12-22 11:00:00+01:00,2.7461958
2025,CO2/CO/NOx,2025-12-22 12:00:00+01:00,2.7489407
2025,CO2/CO/NOx,2025-12-22 13:00:00+01:00,2.7477643
2025,CO2/CO/NOx,2025-12-22 14:00:00+01:00,2.7524703
2025,CO2/CO/NOx,2025-12-22 15:00:00+01:00,2.8050175
2025,CO2/CO/NOx,2025-12-22 16:00:00+01:00,2.8171742
2025,CO2/CO/NOx,2025-12-22 17:00:00+01:00,2.8485458
2025,CO2/CO/NOx,2025-12-22 18:00:00+01:00,2.7101183
2025,CO2/CO/NOx,2025-12-22 19:00:00+01:00,2.552868
2025,CO2/CO/NOx,2025-12-22 20:00:00+01:00,2.278758
2025,CO2/CO/NOx,2025-12-22 21:00:00+01:00,2.1015084
2025,CO2/CO/NOx,2025-12-22 22:00:00+01:00,1.9034748
2025,CO2/CO/NOx,2025-12-22 23:00:00+01:00,1.8866125
2025,CO2/CO/NOx,2025-12-23 00:00:00+01:00,2.0003347
2025,CO2/CO/NOx,2025-12-23 01:00:00+01:00,2.0736659
2025,CO2/CO/NOx,2025-12-23 02:00:00+01:00,2.0693524
2025,CO2/CO/NOx,2025-12-23 03:00:00+01:00,2.1038613
2025,CO2/CO/NOx,2025-12-23 04:00:00+01:00,2.4462044
2025,CO2/CO/NOx,2025-12-23 05:00:00+01:00,2.6324735
2025,CO2/CO/NOx,2025-12-23 06:00:00+01:00,2.639532
2025,CO2/CO/NOx,2025-12-23 07:00:00+01:00,2.6367872
2025,CO2/CO/NOx,2025-12-23 08:00:00+01:00,2.6485517
2025,CO2/CO/NOx,2025-12-23 09:00:00+01:00,2.8003118
2025,CO2/CO/NOx,2025-12-23 10:00:00+01:00,2.8261936
2025,CO2/CO/NOx,2025-12-23 11:00:00+01:00,2.8214877
2025,CO2/CO/NOx,2025-12-23 12:00:00+01:00,2.8269777
2025,CO2/CO/NOx,2025-12-23 13:00:00+01:00,2.8234484
2025,CO2/CO/NOx,2025-12-23 14:00:00+01:00,2.704236
2025,CO2/CO/NOx,2025-12-23 15:00:00+01:00,2.538751
2025,CO2/CO/NOx,2025-12-23 16:00:00+01:00,2.5846317
2025,CO2/CO/NOx,2025-12-23 17:00:00+01:00,2.7101183
2025,CO2/CO/NOx,2025-12-23 18:00:00+01:00,2.6297283
2025,CO2/CO/NOx,2025-12-23 19:00:00+01:00,2.3924804
2025,CO2/CO/NOx,2025-12-23 20:00:00+01:00,2.106214
2025,CO2/CO/NOx,2025-12-23 21:00:00+01:00,1.9458266
2025,CO2/CO/NOx,2025-12-23 22:00:00+01:00,1.7403423
2025,CO2/CO/NOx,2025-12-23 23:00:00+01:00,1.4776046
2025,CO2/CO/NOx,2025-12-24 00:00:00+01:00,1.521525
2025,CO2/CO/NOx,2025-12-24 01:00:00+01:00,1.5583867
2025,CO2/CO/NOx,2025-12-24 02:00:00+01:00,1.6826968
2025,CO2/CO/NOx,2025-12-24 03:00:00+01:00,1.7258329
2025,CO2/CO/NOx,2025-12-24 04:00:00+01:00,2.1913097
2025,CO2/CO/NOx,2025-12-24 05:00:00+01:00,2.2418966
2025,CO2/CO/NOx,2025-12-24 06:00:00+01:00,2.3587558
2025,CO2/CO/NOx,2025-12-24 07:00:00+01:00,2.353658
2025,CO2/CO/NOx,2025-12-24 08:00:00+01:00,2.3901274
2025,CO2/CO/NOx,2025-12-24 09:00:00+01:00,2.7528622
2025,CO2/CO/NOx,2025-12-24 10:00:00+01:00,2.4571843
2025,CO2/CO/NOx,2025-12-24 11:00:00+01:00,2.5716908
2025,CO2/CO/NOx,2025-12-24 12:00:00+01:00,2.5885532
2025,CO2/CO/NOx,2025-12-24 13:00:00+01:00,2.6536493
2025,CO2/CO/NOx,2025-12-24 14:00:00+01:00,2.5058105
2025,CO2/CO/NOx,2025-12-24 15:00:00+01:00,2.5089476
2025,CO2/CO/NOx,2025-12-24 16:00:00+01:00,2.4760075
2025,CO2/CO/NOx,2025-12-24 17:00:00+01:00,2.4218912
2025,CO2/CO/NOx,2025-12-24 18:00:00+01:00,2.2720919
2025,CO2/CO/NOx,2025-12-24 19:00:00+01:00,2.2446415
2025,CO2/CO/NOx,2025-12-24 20:00:00+01:00,2.2418966
2025,CO2/CO/NOx,2025-12-24 21:00:00+01:00,2.2638566
2025,CO2/CO/NOx,2025-12-24 22:00:00+01:00,2.0042562
2025,CO2/CO/NOx,2025-12-24 23:00:00+01:00,1.7156371
2025,CO2/CO/NOx,2025-12-25 00:00:00+01:00,1.6674032
2025,CO2/CO/NOx,2025-12-25 01:00:00+01:00,1.7830862
2025,CO2/CO/NOx,2025-12-25 02:00:00+01:00,1.8956319
2025,CO2/CO/NOx,2025-12-25 03:00:00+01:00,2.0873911
2025,CO2/CO/NOx,2025-12-25 04:00:00+01:00,2.3183649
2025,CO2/CO/NOx,2025-12-25 05:00:00+01:00,2.7124712
2025,CO2/CO/NOx,2025-12-25 06:00:00+01:00,2.7728615
2025,CO2/CO/NOx,2025-12-25 07:00:00+01:00,2.8363893
2025,CO2/CO/NOx,2025-12-25 08:00:00+01:00,2.892466
2025,CO2/CO/NOx,2025-12-25 09:00:00+01:00,2.9007013
2025,CO2/CO/NOx,2025-12-25 10:00:00+01:00,2.8693295
2025,CO2/CO/NOx,2025-12-25 11:00:00+01:00,2.7936454
2025,CO2/CO/NOx,2025-12-25 12:00:00+01:00,2.7030597
2025,CO2/CO/NOx,2025-12-25 13:00:00+01:00,2.623454
2025,CO2/CO/NOx,2025-12-25 14:00:00+01:00,2.6340423
2025,CO2/CO/NOx,2025-12-25 15:00:00+01:00,2.5332606
2025,CO2/CO/NOx,2025-12-25 16:00:00+01:00,2.749725
2025,CO2/CO/NOx,2025-12-25 17:00:00+01:00,2.8469772
2025,CO2/CO/NOx,2025-12-25 18:00:00+01:00,2.7881553
2025,CO2/CO/NOx,2025-12-25 19:00:00+01:00,2.6775703
2025,CO2/CO/NOx,2025-12-25 20:00:00+01:00,2.488164
2025,CO2/CO/NOx,2025-12-25 21:00:00+01:00,2.3658144
2025,CO2/CO/NOx,2025-12-25 22:00:00+01:00,2.2399359
2025,CO2/CO/NOx,2025-12-25 23:00:00+01:00,2.0615096
2025,CO2/CO/NOx,2025-12-26 00:00:00+01:00,2.0568037
2025,CO2/CO/NOx,2025-12-26 01:00:00+01:00,2.1254292
2025,CO2/CO/NOx,2025-12-26 02:00:00+01:00,2.1422915
2025,CO2/CO/NOx,2025-12-26 03:00:00+01:00,2.1458209
2025,CO2/CO/NOx,2025-12-26 04:00:00+01:00,2.23523
2025,CO2/CO/NOx,2025-12-26 05:00:00+01:00,2.426597
2025,CO2/CO/NOx,2025-12-26 06:00:00+01:00,2.6128662
2025,CO2/CO/NOx,2025-12-26 07:00:00+01:00,2.7587445
2025,CO2/CO/NOx,2025-12-26 08:00:00+01:00,2.9038384
2025,CO2/CO/NOx,2025-12-26 09:00:00+01:00,2.7081575
2025,CO2/CO/NOx,2025-12-26 10:00:00+01:00,2.7034519
2025,CO2/CO/NOx,2025-12-26 11:00:00+01:00,2.6803153
2025,CO2/CO/NOx,2025-12-26 12:00:00+01:00,2.7077656
2025,CO2/CO/NOx,2025-12-26 13:00:00+01:00,2.7932532
2025,CO2/CO/NOx,2025-12-26 14:00:00+01:00,2.7156084
2025,CO2/CO/NOx,2025-12-26 15:00:00+01:00,2.641885
2025,CO2/CO/NOx,2025-12-26 16:00:00+01:00,2.6646295
2025,CO2/CO/NOx,2025-12-26 17:00:00+01:00,2.690119
2025,CO2/CO/NOx,2025-12-26 18:00:00+01:00,2.6120818
2025,CO2/CO/NOx,2025-12-26 19:00:00+01:00,2.5030653
2025,CO2/CO/NOx,2025-12-26 20:00:00+01:00,2.4026763
2025,CO2/CO/NOx,2025-12-26 21:00:00+01:00,2.081901
2025,CO2/CO/NOx,2025-12-26 22:00:00+01:00,1.952493
2025,CO2/CO/NOx,2025-12-26 23:00:00+01:00,1.7764196
2025,CO2/CO/NOx,2025-12-27 00:00:00+01:00,1.8030854
2025,CO2/CO/NOx,2025-12-27 01:00:00+01:00,1.8415159
2025,CO2/CO/NOx,2025-12-27 02:00:00+01:00,1.7764196
2025,CO2/CO/NOx,2025-12-27 03:00:00+01:00,1.8156343
2025,CO2/CO/NOx,2025-12-27 04:00:00+01:00,1.9124942
2025,CO2/CO/NOx,2025-12-27 05:00:00+01:00,2.0022955
2025,CO2/CO/NOx,2025-12-27 06:00:00+01:00,2.116802
2025,CO2/CO/NOx,2025-12-27 07:00:00+01:00,2.1854274
2025,CO2/CO/NOx,2025-12-27 08:00:00+01:00,2.4920855
2025,CO2/CO/NOx,2025-12-27 09:00:00+01:00,2.8634474
2025,CO2/CO/NOx,2025-12-27 10:00:00+01:00,2.369736
2025,CO2/CO/NOx,2025-12-27 11:00:00+01:00,2.2305243
2025,CO2/CO/NOx,2025-12-27 12:00:00+01:00,2.1960154
2025,CO2/CO/NOx,2025-12-27 13:00:00+01:00,2.1960154
2025,CO2/CO/NOx,2025-12-27 14:00:00+01:00,2.1175864
2025,CO2/CO/NOx,2025-12-27 15:00:00+01:00,2.1156256
2025,CO2/CO/NOx,2025-12-27 16:00:00+01:00,2.5642402
2025,CO2/CO/NOx,2025-12-27 17:00:00+01:00,2.563456
2025,CO2/CO/NOx,2025-12-27 18:00:00+01:00,2.566201
2025,CO2/CO/NOx,2025-12-27 19:00:00+01:00,2.5395348
2025,CO2/CO/NOx,2025-12-27 20:00:00+01:00,2.292483
2025,CO2/CO/NOx,2025-12-27 21:00:00+01:00,1.987786
2025,CO2/CO/NOx,2025-12-27 22:00:00+01:00,1.8799461
2025,CO2/CO/NOx,2025-12-27 23:00:00+01:00,1.5772097
2025,CO2/CO/NOx,2025-12-28 00:00:00+01:00,1.5725039
2025,CO2/CO/NOx,2025-12-28 01:00:00+01:00,1.5826998
2025,CO2/CO/NOx,2025-12-28 02:00:00+01:00,1.6215221
2025,CO2/CO/NOx,2025-12-28 03:00:00+01:00,1.6572074
2025,CO2/CO/NOx,2025-12-28 04:00:00+01:00,1.8293593
2025,CO2/CO/NOx,2025-12-28 05:00:00+01:00,2.0642545
2025,CO2/CO/NOx,2025-12-28 06:00:00+01:00,1.9532773
2025,CO2/CO/NOx,2025-12-28 07:00:00+01:00,1.976806
2025,CO2/CO/NOx,2025-12-28 08:00:00+01:00,2.1148412
2025,CO2/CO/NOx,2025-12-28 09:00:00+01:00,2.1254292
2025,CO2/CO/NOx,2025-12-28 10:00:00+01:00,2.1066062
2025,CO2/CO/NOx,2025-12-28 11:00:00+01:00,2.0207262
2025,CO2/CO/NOx,2025-12-28 12:00:00+01:00,2.04151
2025,CO2/CO/NOx,2025-12-28 13:00:00+01:00,2.1615067
2025,CO2/CO/NOx,2025-12-28 14:00:00+01:00,2.1015084
2025,CO2/CO/NOx,2025-12-28 15:00:00+01:00,2.0030797
2025,CO2/CO/NOx,2025-12-28 16:00:00+01:00,2.2528765
2025,CO2/CO/NOx,2025-12-28 17:00:00+01:00,2.690119
2025,CO2/CO/NOx,2025-12-28 18:00:00+01:00,2.7505095
2025,CO2/CO/NOx,2025-12-28 19:00:00+01:00,2.5336528
2025,CO2/CO/NOx,2025-12-28 20:00:00+01:00,2.3669908
2025,CO2/CO/NOx,2025-12-28 21:00:00+01:00,2.1011162
2025,CO2/CO/NOx,2025-12-28 22:00:00+01:00,1.8023013
2025,CO2/CO/NOx,2025-12-28 23:00:00+01:00,1.5834839
2025,CO2/CO/NOx,2025-12-29 00:00:00+01:00,1.7383815
2025,CO2/CO/NOx,2025-12-29 01:00:00+01:00,1.7674004
2025,CO2/CO/NOx,2025-12-29 02:00:00+01:00,1.7650474
2025,CO2/CO/NOx,2025-12-29 03:00:00+01:00,1.7823018
2025,CO2/CO/NOx,2025-12-29 04:00:00+01:00,1.9348464
2025,CO2/CO/NOx,2025-12-29 05:00:00+01:00,2.2473865
2025,CO2/CO/NOx,2025-12-29 06:00:00+01:00,2.5709066
2025,CO2/CO/NOx,2025-12-29 07:00:00+01:00,2.631297
2025,CO2/CO/NOx,2025-12-29 08:00:00+01:00,2.6242385
2025,CO2/CO/NOx,2025-12-29 09:00:00+01:00,2.6375713
2025,CO2/CO/NOx,2025-12-29 10:00:00+01:00,2.6112978
2025,CO2/CO/NOx,2025-12-29 11:00:00+01:00,2.5575738
2025,CO2/CO/NOx,2025-12-29 12:00:00+01:00,2.5658088
2025,CO2/CO/NOx,2025-12-29 13:00:00+01:00,2.6430614
2025,CO2/CO/NOx,2025-12-29 14:00:00+01:00,2.914034
2025,CO2/CO/NOx,2025-12-29 15:00:00+01:00,2.9010932
2025,CO2/CO/NOx,2025-12-29 16:00:00+01:00,2.916387
2025,CO2/CO/NOx,2025-12-29 17:00:00+01:00,2.9579544
2025,CO2/CO/NOx,2025-12-29 18:00:00+01:00,2.945798
2025,CO2/CO/NOx,2025-12-29 19:00:00+01:00,2.9438372
2025,CO2/CO/NOx,2025-12-29 20:00:00+01:00,2.9505038
2025,CO2/CO/NOx,2025-12-29 21:00:00+01:00,2.6575708
2025,CO2/CO/NOx,2025-12-29 22:00:00+01:00,2.1371937
2025,CO2/CO/NOx,2025-12-29 23:00:00+01:00,1.7897526
2025,CO2/CO/NOx,2025-12-30 00:00:00+01:00,1.6352472
2025,CO2/CO/NOx,2025-12-30 01:00:00+01:00,1.5340737
2025,CO2/CO/NOx,2025-12-30 02:00:00+01:00,1.5140742
2025,CO2/CO/NOx,2025-12-30 03:00:00+01:00,1.5301522
2025,CO2/CO/NOx,2025-12-30 04:00:00+01:00,1.7348522
2025,CO2/CO/NOx,2025-12-30 05:00:00+01:00,2.1058218
2025,CO2/CO/NOx,2025-12-30 06:00:00+01:00,2.3101296
2025,CO2/CO/NOx,2025-12-30 07:00:00+01:00,2.437185
2025,CO2/CO/NOx,2025-12-30 08:00:00+01:00,2.674041
2025,CO2/CO/NOx,2025-12-30 09:00:00+01:00,2.8348207
2025,CO2/CO/NOx,2025-12-30 10:00:00+01:00,2.6963933
2025,CO2/CO/NOx,2025-12-30 11:00:00+01:00,2.7077656
2025,CO2/CO/NOx,2025-12-30 12:00:00+01:00,2.7316864
2025,CO2/CO/NOx,2025-12-30 13:00:00+01:00,2.7156084
2025,CO2/CO/NOx,2025-12-30 14:00:00+01:00,2.7367845
2025,CO2/CO/NOx,2025-12-30 15:00:00+01:00,2.8430557
2025,CO2/CO/NOx,2025-12-30 16:00:00+01:00,2.9073677
2025,CO2/CO/NOx,2025-12-30 17:00:00+01:00,2.9257984
2025,CO2/CO/NOx,2025-12-30 18:00:00+01:00,2.9336412
2025,CO2/CO/NOx,2025-12-30 19:00:00+01:00,2.926975
2025,CO2/CO/NOx,2025-12-30 20:00:00+01:00,2.9446216
2025,CO2/CO/NOx,2025-12-30 21:00:00+01:00,2.9465823
2025,CO2/CO/NOx,2025-12-30 22:00:00+01:00,2.617572
2025,CO2/CO/NOx,2025-12-30 23:00:00+01:00,1.7689689
2025,CO2/CO/NOx,2025-12-31 00:00:00+01:00,1.6638738
2025,CO2/CO/NOx,2025-12-31 01:00:00+01:00,1.9136707
2025,CO2/CO/NOx,2025-12-31 02:00:00+01:00,2.076411
2025,CO2/CO/NOx,2025-12-31 03:00:00+01:00,2.1611145
2025,CO2/CO/NOx,2025-12-31 04:00:00+01:00,2.275229
2025,CO2/CO/NOx,2025-12-31 05:00:00+01:00,2.426597
2025,CO2/CO/NOx,2025-12-31 06:00:00+01:00,2.4618902
2025,CO2/CO/NOx,2025-12-31 07:00:00+01:00,2.4552236
2025,CO2/CO/NOx,2025-12-31 08:00:00+01:00,2.54228
2025,CO2/CO/NOx,2025-12-31 09:00:00+01:00,2.5391428
2025,CO2/CO/NOx,2025-12-31 10:00:00+01:00,2.4603217
2025,CO2/CO/NOx,2025-12-31 11:00:00+01:00,2.3630693
2025,CO2/CO/NOx,2025-12-31 12:00:00+01:00,2.3007183
2025,CO2/CO/NOx,2025-12-31 13:00:00+01:00,2.1540558
2025,CO2/CO/NOx,2025-12-31 14:00:00+01:00,2.1779768
2025,CO2/CO/NOx,2025-12-31 15:00:00+01:00,2.332482
2025,CO2/CO/NOx,2025-12-31 16:00:00+01:00,2.5430644
2025,CO2/CO/NOx,2025-12-31 17:00:00+01:00,2.574044
2025,CO2/CO/NOx,2025-12-31 18:00:00+01:00,2.5803182
2025,CO2/CO/NOx,2025-12-31 19:00:00+01:00,2.574044
2025,CO2/CO/NOx,2025-12-31 20:00:00+01:00,2.3630693
2025,CO2/CO/NOx,2025-12-31 21:00:00+01:00,2.1646438
2025,CO2/CO/NOx,2025-12-31 22:00:00+01:00,2.3242471
2025,CO2/CO/NOx,2025-12-31 23:00:00+01:00,2.6132586
