year,component,timestamp,scaling_factor
2022,CO2/CO/NOx,2022-01-01 00:00:00+01:00,0.8005366019315997
2022,CO2/CO/NOx,2022-01-01 01:00:00+01:00,0.7662217860555657
2022,CO2/CO/NOx,2022-01-01 02:00:00+01:00,0.798243875031046
2022,CO2/CO/NOx,2022-01-01 03:00:00+01:00,0.8768722744945967
2022,CO2/CO/NOx,2022-01-01 04:00:00+01:00,0.9823763900827739
2022,CO2/CO/NOx,2022-01-01 05:00:00+01:00,1.1361088777079957
2022,CO2/CO/NOx,2022-01-01 06:00:00+01:00,1.2196172239677934
2022,CO2/CO/NOx,2022-01-01 07:00:00+01:00,1.2498327511949008
2022,CO2/CO/NOx,2022-01-01 08:00:00+01:00,1.2343154740672855
2022,CO2/CO/NOx,2022-01-01 09:00:00+01:00,1.1633574275376828
2022,CO2/CO/NOx,2022-01-01 10:00:00+01:00,1.0951221712339523
2022,CO2/CO/NOx,2022-01-01 11:00:00+01:00,1.038355660251833
2022,CO2/CO/NOx,2022-01-01 12:00:00+01:00,1.0046228488730113
2022,CO2/CO/NOx,2022-01-01 13:00:00+01:00,1.0084792476835298
2022,CO2/CO/NOx,2022-01-01 14:00:00+01:00,1.0500735376667165
2022,CO2/CO/NOx,2022-01-01 15:00:00+01:00,1.1227889143339125
2022,CO2/CO/NOx,2022-01-01 16:00:00+01:00,1.183821813801353
2022,CO2/CO/NOx,2022-01-01 17:00:00+01:00,1.235005819309895
2022,CO2/CO/NOx,2022-01-01 18:00:00+01:00,1.2820346069862558
2022,CO2/CO/NOx,2022-01-01 19:00:00+01:00,1.28839331839102
2022,CO2/CO/NOx,2022-01-01 20:00:00+01:00,1.2726599670982872
2022,CO2/CO/NOx,2022-01-01 21:00:00+01:00,1.259573271795699
2022,CO2/CO/NOx,2022-01-01 22:00:00+01:00,1.2676241627700564
2022,CO2/CO/NOx,2022-01-01 23:00:00+01:00,1.2825188764813247
2022,CO2/CO/NOx,2022-01-02 00:00:00+01:00,1.2744646206189716
2022,CO2/CO/NOx,2022-01-02 01:00:00+01:00,1.282288576507404
2022,CO2/CO/NOx,2022-01-02 02:00:00+01:00,1.3004339314975752
2022,CO2/CO/NOx,2022-01-02 03:00:00+01:00,1.3554198191446762
2022,CO2/CO/NOx,2022-01-02 04:00:00+01:00,1.413187974487787
2022,CO2/CO/NOx,2022-01-02 05:00:00+01:00,1.4793925379168231
2022,CO2/CO/NOx,2022-01-02 06:00:00+01:00,1.5702099712565563
2022,CO2/CO/NOx,2022-01-02 07:00:00+01:00,1.6177283711601538
2022,CO2/CO/NOx,2022-01-02 08:00:00+01:00,1.5822718586348785
2022,CO2/CO/NOx,2022-01-02 09:00:00+01:00,1.4566256757313205
2022,CO2/CO/NOx,2022-01-02 10:00:00+01:00,1.3205507573572932
2022,CO2/CO/NOx,2022-01-02 11:00:00+01:00,1.1835194247995102
2022,CO2/CO/NOx,2022-01-02 12:00:00+01:00,1.081230468537788
2022,CO2/CO/NOx,2022-01-02 13:00:00+01:00,1.041583654127552
2022,CO2/CO/NOx,2022-01-02 14:00:00+01:00,1.051121339544737
2022,CO2/CO/NOx,2022-01-02 15:00:00+01:00,1.116091027264857
2022,CO2/CO/NOx,2022-01-02 16:00:00+01:00,1.1723040423360989
2022,CO2/CO/NOx,2022-01-02 17:00:00+01:00,1.2149626084695855
2022,CO2/CO/NOx,2022-01-02 18:00:00+01:00,1.226214172888914
2022,CO2/CO/NOx,2022-01-02 19:00:00+01:00,1.2075045615825568
2022,CO2/CO/NOx,2022-01-02 20:00:00+01:00,1.1421523122341142
2022,CO2/CO/NOx,2022-01-02 21:00:00+01:00,1.060976810358489
2022,CO2/CO/NOx,2022-01-02 22:00:00+01:00,0.9779272880947845
2022,CO2/CO/NOx,2022-01-02 23:00:00+01:00,0.911635058893947
2022,CO2/CO/NOx,2022-01-03 00:00:00+01:00,0.8416808796867944
2022,CO2/CO/NOx,2022-01-03 01:00:00+01:00,0.831830483621902
2022,CO2/CO/NOx,2022-01-03 02:00:00+01:00,0.8693352367254521
2022,CO2/CO/NOx,2022-01-03 03:00:00+01:00,0.9107984497019856
2022,CO2/CO/NOx,2022-01-03 04:00:00+01:00,0.9696960585848526
2022,CO2/CO/NOx,2022-01-03 05:00:00+01:00,1.038510896477182
2022,CO2/CO/NOx,2022-01-03 06:00:00+01:00,1.104330091302761
2022,CO2/CO/NOx,2022-01-03 07:00:00+01:00,1.1444010982114288
2022,CO2/CO/NOx,2022-01-03 08:00:00+01:00,1.152031874627892
2022,CO2/CO/NOx,2022-01-03 09:00:00+01:00,1.1188359356562134
2022,CO2/CO/NOx,2022-01-03 10:00:00+01:00,1.1126131562204638
2022,CO2/CO/NOx,2022-01-03 11:00:00+01:00,1.0981184601634228
2022,CO2/CO/NOx,2022-01-03 12:00:00+01:00,1.073759227816645
2022,CO2/CO/NOx,2022-01-03 13:00:00+01:00,1.0705292588406887
2022,CO2/CO/NOx,2022-01-03 14:00:00+01:00,1.0909493506517958
2022,CO2/CO/NOx,2022-01-03 15:00:00+01:00,1.1185600688524329
2022,CO2/CO/NOx,2022-01-03 16:00:00+01:00,1.1385606798615335
2022,CO2/CO/NOx,2022-01-03 17:00:00+01:00,1.1463723733028675
2022,CO2/CO/NOx,2022-01-03 18:00:00+01:00,1.1620962558781653
2022,CO2/CO/NOx,2022-01-03 19:00:00+01:00,1.1544463084869885
2022,CO2/CO/NOx,2022-01-03 20:00:00+01:00,1.1150575017768274
2022,CO2/CO/NOx,2022-01-03 21:00:00+01:00,1.065316136267157
2022,CO2/CO/NOx,2022-01-03 22:00:00+01:00,1.0141036309182008
2022,CO2/CO/NOx,2022-01-03 23:00:00+01:00,0.9761499156846976
2022,CO2/CO/NOx,2022-01-04 00:00:00+01:00,0.9439103724439334
2022,CO2/CO/NOx,2022-01-04 01:00:00+01:00,0.9400415259677484
2022,CO2/CO/NOx,2022-01-04 02:00:00+01:00,0.9721263311582864
2022,CO2/CO/NOx,2022-01-04 03:00:00+01:00,1.0421981175604027
2022,CO2/CO/NOx,2022-01-04 04:00:00+01:00,1.1241253441433139
2022,CO2/CO/NOx,2022-01-04 05:00:00+01:00,1.2124749724600112
2022,CO2/CO/NOx,2022-01-04 06:00:00+01:00,1.305590965886016
2022,CO2/CO/NOx,2022-01-04 07:00:00+01:00,1.367944119896166
2022,CO2/CO/NOx,2022-01-04 08:00:00+01:00,1.3855308916180347
2022,CO2/CO/NOx,2022-01-04 09:00:00+01:00,1.338020920003788
2022,CO2/CO/NOx,2022-01-04 10:00:00+01:00,1.270199451771676
2022,CO2/CO/NOx,2022-01-04 11:00:00+01:00,1.1794764644632103
2022,CO2/CO/NOx,2022-01-04 12:00:00+01:00,1.087093932201879
2022,CO2/CO/NOx,2022-01-04 13:00:00+01:00,1.0341112798285566
2022,CO2/CO/NOx,2022-01-04 14:00:00+01:00,1.0129830560862956
2022,CO2/CO/NOx,2022-01-04 15:00:00+01:00,1.0468684182835117
2022,CO2/CO/NOx,2022-01-04 16:00:00+01:00,1.1126549190064148
2022,CO2/CO/NOx,2022-01-04 17:00:00+01:00,1.18585323679472
2022,CO2/CO/NOx,2022-01-04 18:00:00+01:00,1.2728552089685579
2022,CO2/CO/NOx,2022-01-04 19:00:00+01:00,1.306481696620109
2022,CO2/CO/NOx,2022-01-04 20:00:00+01:00,1.314253945197961
2022,CO2/CO/NOx,2022-01-04 21:00:00+01:00,1.3090841602614331
2022,CO2/CO/NOx,2022-01-04 22:00:00+01:00,1.3143139163422244
2022,CO2/CO/NOx,2022-01-04 23:00:00+01:00,1.3291909116983043
2022,CO2/CO/NOx,2022-01-05 00:00:00+01:00,1.3261234736751069
2022,CO2/CO/NOx,2022-01-05 01:00:00+01:00,1.3521385280957126
2022,CO2/CO/NOx,2022-01-05 02:00:00+01:00,1.3935477869321864
2022,CO2/CO/NOx,2022-01-05 03:00:00+01:00,1.4519546485024033
2022,CO2/CO/NOx,2022-01-05 04:00:00+01:00,1.4724954886280133
2022,CO2/CO/NOx,2022-01-05 05:00:00+01:00,1.5185868912179081
2022,CO2/CO/NOx,2022-01-05 06:00:00+01:00,1.5867912148314738
2022,CO2/CO/NOx,2022-01-05 07:00:00+01:00,1.6420520685231652
2022,CO2/CO/NOx,2022-01-05 08:00:00+01:00,1.6743076472257352
2022,CO2/CO/NOx,2022-01-05 09:00:00+01:00,1.6738023546847873
2022,CO2/CO/NOx,2022-01-05 10:00:00+01:00,1.7023049153053513
2022,CO2/CO/NOx,2022-01-05 11:00:00+01:00,1.7249473818822776
2022,CO2/CO/NOx,2022-01-05 12:00:00+01:00,1.732438792086573
2022,CO2/CO/NOx,2022-01-05 13:00:00+01:00,1.7458692422500777
2022,CO2/CO/NOx,2022-01-05 14:00:00+01:00,1.7639360279497054
2022,CO2/CO/NOx,2022-01-05 15:00:00+01:00,1.7917159947692072
2022,CO2/CO/NOx,2022-01-05 16:00:00+01:00,1.7935713259492052
2022,CO2/CO/NOx,2022-01-05 17:00:00+01:00,1.7852371061739494
2022,CO2/CO/NOx,2022-01-05 18:00:00+01:00,1.82040958572419
2022,CO2/CO/NOx,2022-01-05 19:00:00+01:00,1.8299300937098975
2022,CO2/CO/NOx,2022-01-05 20:00:00+01:00,1.813806863334742
2022,CO2/CO/NOx,2022-01-05 21:00:00+01:00,1.7861687215994746
2022,CO2/CO/NOx,2022-01-05 22:00:00+01:00,1.7711310347299498
2022,CO2/CO/NOx,2022-01-05 23:00:00+01:00,1.7640282375744423
2022,CO2/CO/NOx,2022-01-06 00:00:00+01:00,1.7440375514858328
2022,CO2/CO/NOx,2022-01-06 01:00:00+01:00,1.7706401639431542
2022,CO2/CO/NOx,2022-01-06 02:00:00+01:00,1.8339886016305886
2022,CO2/CO/NOx,2022-01-06 03:00:00+01:00,1.9413851620505855
2022,CO2/CO/NOx,2022-01-06 04:00:00+01:00,2.033624312884205
2022,CO2/CO/NOx,2022-01-06 05:00:00+01:00,2.12880761957834
2022,CO2/CO/NOx,2022-01-06 06:00:00+01:00,2.209465897728217
2022,CO2/CO/NOx,2022-01-06 07:00:00+01:00,2.2568405149599604
2022,CO2/CO/NOx,2022-01-06 08:00:00+01:00,2.25635345203604
2022,CO2/CO/NOx,2022-01-06 09:00:00+01:00,2.2012403051365506
2022,CO2/CO/NOx,2022-01-06 10:00:00+01:00,2.16961521319181
2022,CO2/CO/NOx,2022-01-06 11:00:00+01:00,2.1159416358710326
2022,CO2/CO/NOx,2022-01-06 12:00:00+01:00,2.060369576965164
2022,CO2/CO/NOx,2022-01-06 13:00:00+01:00,2.033122430034898
2022,CO2/CO/NOx,2022-01-06 14:00:00+01:00,2.0352986969736833
2022,CO2/CO/NOx,2022-01-06 15:00:00+01:00,2.06147589636337
2022,CO2/CO/NOx,2022-01-06 16:00:00+01:00,2.076955845657139
2022,CO2/CO/NOx,2022-01-06 17:00:00+01:00,2.0846307189953475
2022,CO2/CO/NOx,2022-01-06 18:00:00+01:00,2.12505397680327
2022,CO2/CO/NOx,2022-01-06 19:00:00+01:00,2.122296051861919
2022,CO2/CO/NOx,2022-01-06 20:00:00+01:00,2.0762577034592793
2022,CO2/CO/NOx,2022-01-06 21:00:00+01:00,2.012468331514703
2022,CO2/CO/NOx,2022-01-06 22:00:00+01:00,1.9590140593264769
2022,CO2/CO/NOx,2022-01-06 23:00:00+01:00,1.9227207163924105
2022,CO2/CO/NOx,2022-01-07 00:00:00+01:00,1.8850308690177557
2022,CO2/CO/NOx,2022-01-07 01:00:00+01:00,1.8910602542865576
2022,CO2/CO/NOx,2022-01-07 02:00:00+01:00,1.9464844160396533
2022,CO2/CO/NOx,2022-01-07 03:00:00+01:00,2.050265790690726
2022,CO2/CO/NOx,2022-01-07 04:00:00+01:00,2.123775398859966
2022,CO2/CO/NOx,2022-01-07 05:00:00+01:00,2.2022142814173726
2022,CO2/CO/NOx,2022-01-07 06:00:00+01:00,2.283681814512288
2022,CO2/CO/NOx,2022-01-07 07:00:00+01:00,2.333162241841399
2022,CO2/CO/NOx,2022-01-07 08:00:00+01:00,2.359249034119658
2022,CO2/CO/NOx,2022-01-07 09:00:00+01:00,2.3475356429153873
2022,CO2/CO/NOx,2022-01-07 10:00:00+01:00,2.349071248787414
2022,CO2/CO/NOx,2022-01-07 11:00:00+01:00,2.341803644126168
2022,CO2/CO/NOx,2022-01-07 12:00:00+01:00,2.3120394742019656
2022,CO2/CO/NOx,2022-01-07 13:00:00+01:00,2.292848440311889
2022,CO2/CO/NOx,2022-01-07 14:00:00+01:00,2.2869535733490807
2022,CO2/CO/NOx,2022-01-07 15:00:00+01:00,2.3198281661366087
2022,CO2/CO/NOx,2022-01-07 16:00:00+01:00,2.332061322458051
2022,CO2/CO/NOx,2022-01-07 17:00:00+01:00,2.3553505458889106
2022,CO2/CO/NOx,2022-01-07 18:00:00+01:00,2.3948003791369232
2022,CO2/CO/NOx,2022-01-07 19:00:00+01:00,2.3805106676376098
2022,CO2/CO/NOx,2022-01-07 20:00:00+01:00,2.3044779542812384
2022,CO2/CO/NOx,2022-01-07 21:00:00+01:00,2.1679659617983034
2022,CO2/CO/NOx,2022-01-07 22:00:00+01:00,2.0310548096380026
2022,CO2/CO/NOx,2022-01-07 23:00:00+01:00,1.8919160782101756
2022,CO2/CO/NOx,2022-01-08 00:00:00+01:00,1.7863283659556402
2022,CO2/CO/NOx,2022-01-08 01:00:00+01:00,1.7354906742562737
2022,CO2/CO/NOx,2022-01-08 02:00:00+01:00,1.7615592880289266
2022,CO2/CO/NOx,2022-01-08 03:00:00+01:00,1.849985819615614
2022,CO2/CO/NOx,2022-01-08 04:00:00+01:00,1.9247526499096725
2022,CO2/CO/NOx,2022-01-08 05:00:00+01:00,1.9692596231267065
2022,CO2/CO/NOx,2022-01-08 06:00:00+01:00,1.9943046449377804
2022,CO2/CO/NOx,2022-01-08 07:00:00+01:00,2.01221488609026
2022,CO2/CO/NOx,2022-01-08 08:00:00+01:00,1.993743041620926
2022,CO2/CO/NOx,2022-01-08 09:00:00+01:00,1.9620450948971766
2022,CO2/CO/NOx,2022-01-08 10:00:00+01:00,1.953049951129346
2022,CO2/CO/NOx,2022-01-08 11:00:00+01:00,1.9559584869168418
2022,CO2/CO/NOx,2022-01-08 12:00:00+01:00,1.9576270910326234
2022,CO2/CO/NOx,2022-01-08 13:00:00+01:00,1.9738064956259551
2022,CO2/CO/NOx,2022-01-08 14:00:00+01:00,1.9974508827858386
2022,CO2/CO/NOx,2022-01-08 15:00:00+01:00,2.034533433444279
2022,CO2/CO/NOx,2022-01-08 16:00:00+01:00,2.051758763162382
2022,CO2/CO/NOx,2022-01-08 17:00:00+01:00,2.044544293148324
2022,CO2/CO/NOx,2022-01-08 18:00:00+01:00,2.0415558773598317
2022,CO2/CO/NOx,2022-01-08 19:00:00+01:00,1.9895180655757845
2022,CO2/CO/NOx,2022-01-08 20:00:00+01:00,1.9113252316165288
2022,CO2/CO/NOx,2022-01-08 21:00:00+01:00,1.8209328222371557
2022,CO2/CO/NOx,2022-01-08 22:00:00+01:00,1.7405902712769057
2022,CO2/CO/NOx,2022-01-08 23:00:00+01:00,1.681341794108753
2022,CO2/CO/NOx,2022-01-09 00:00:00+01:00,1.623812498862947
2022,CO2/CO/NOx,2022-01-09 01:00:00+01:00,1.6149074811101325
2022,CO2/CO/NOx,2022-01-09 02:00:00+01:00,1.6461758083140712
2022,CO2/CO/NOx,2022-01-09 03:00:00+01:00,1.7068473131591355
2022,CO2/CO/NOx,2022-01-09 04:00:00+01:00,1.7531927532133502
2022,CO2/CO/NOx,2022-01-09 05:00:00+01:00,1.7994885292144926
2022,CO2/CO/NOx,2022-01-09 06:00:00+01:00,1.8396084072239425
2022,CO2/CO/NOx,2022-01-09 07:00:00+01:00,1.8628963777406276
2022,CO2/CO/NOx,2022-01-09 08:00:00+01:00,1.870865105601649
2022,CO2/CO/NOx,2022-01-09 09:00:00+01:00,1.8532136216061117
2022,CO2/CO/NOx,2022-01-09 10:00:00+01:00,1.8567656278824995
2022,CO2/CO/NOx,2022-01-09 11:00:00+01:00,1.8441597084403425
2022,CO2/CO/NOx,2022-01-09 12:00:00+01:00,1.8221380461733478
2022,CO2/CO/NOx,2022-01-09 13:00:00+01:00,1.8103077072493587
2022,CO2/CO/NOx,2022-01-09 14:00:00+01:00,1.813502051714857
2022,CO2/CO/NOx,2022-01-09 15:00:00+01:00,1.838094218068332
2022,CO2/CO/NOx,2022-01-09 16:00:00+01:00,1.854472741542898
2022,CO2/CO/NOx,2022-01-09 17:00:00+01:00,1.8738086366821631
2022,CO2/CO/NOx,2022-01-09 18:00:00+01:00,1.9083631784195603
2022,CO2/CO/NOx,2022-01-09 19:00:00+01:00,1.8973115173255355
2022,CO2/CO/NOx,2022-01-09 20:00:00+01:00,1.861162662389555
2022,CO2/CO/NOx,2022-01-09 21:00:00+01:00,1.8090412578129254
2022,CO2/CO/NOx,2022-01-09 22:00:00+01:00,1.7527588926638977
2022,CO2/CO/NOx,2022-01-09 23:00:00+01:00,1.7075942615855524
2022,CO2/CO/NOx,2022-01-10 00:00:00+01:00,1.6402944364402714
2022,CO2/CO/NOx,2022-01-10 01:00:00+01:00,1.625873685173173
2022,CO2/CO/NOx,2022-01-10 02:00:00+01:00,1.6823629968796439
2022,CO2/CO/NOx,2022-01-10 03:00:00+01:00,1.7741092985867624
2022,CO2/CO/NOx,2022-01-10 04:00:00+01:00,1.867197558956638
2022,CO2/CO/NOx,2022-01-10 05:00:00+01:00,1.9699764401549615
2022,CO2/CO/NOx,2022-01-10 06:00:00+01:00,2.0752436717320344
2022,CO2/CO/NOx,2022-01-10 07:00:00+01:00,2.149424323139578
2022,CO2/CO/NOx,2022-01-10 08:00:00+01:00,2.174261008843889
2022,CO2/CO/NOx,2022-01-10 09:00:00+01:00,2.132132604893021
2022,CO2/CO/NOx,2022-01-10 10:00:00+01:00,2.109179643954725
2022,CO2/CO/NOx,2022-01-10 11:00:00+01:00,2.0696169351169615
2022,CO2/CO/NOx,2022-01-10 12:00:00+01:00,1.9966483182060943
2022,CO2/CO/NOx,2022-01-10 13:00:00+01:00,1.95952832319766
2022,CO2/CO/NOx,2022-01-10 14:00:00+01:00,1.9443746806894782
2022,CO2/CO/NOx,2022-01-10 15:00:00+01:00,1.9729034431316748
2022,CO2/CO/NOx,2022-01-10 16:00:00+01:00,1.9990062501055839
2022,CO2/CO/NOx,2022-01-10 17:00:00+01:00,2.0297572375316557
2022,CO2/CO/NOx,2022-01-10 18:00:00+01:00,2.0787163463452285
2022,CO2/CO/NOx,2022-01-10 19:00:00+01:00,2.0720330845466193
2022,CO2/CO/NOx,2022-01-10 20:00:00+01:00,2.0179280176894903
2022,CO2/CO/NOx,2022-01-10 21:00:00+01:00,1.9293747782484159
2022,CO2/CO/NOx,2022-01-10 22:00:00+01:00,1.8423573500054908
2022,CO2/CO/NOx,2022-01-10 23:00:00+01:00,1.7648743518484094
2022,CO2/CO/NOx,2022-01-11 00:00:00+01:00,1.6833349874224965
2022,CO2/CO/NOx,2022-01-11 01:00:00+01:00,1.6606724248667588
2022,CO2/CO/NOx,2022-01-11 02:00:00+01:00,1.7084059143139012
2022,CO2/CO/NOx,2022-01-11 03:00:00+01:00,1.8083467072928687
2022,CO2/CO/NOx,2022-01-11 04:00:00+01:00,1.9009313055492993
2022,CO2/CO/NOx,2022-01-11 05:00:00+01:00,2.0013604181682707
2022,CO2/CO/NOx,2022-01-11 06:00:00+01:00,2.0956169078857023
2022,CO2/CO/NOx,2022-01-11 07:00:00+01:00,2.1595745890812093
2022,CO2/CO/NOx,2022-01-11 08:00:00+01:00,2.175764138660019
2022,CO2/CO/NOx,2022-01-11 09:00:00+01:00,2.1281748352732035
2022,CO2/CO/NOx,2022-01-11 10:00:00+01:00,2.0980153923168166
2022,CO2/CO/NOx,2022-01-11 11:00:00+01:00,2.0525688432090026
2022,CO2/CO/NOx,2022-01-11 12:00:00+01:00,1.9990181853148212
2022,CO2/CO/NOx,2022-01-11 13:00:00+01:00,1.9777133268558247
2022,CO2/CO/NOx,2022-01-11 14:00:00+01:00,1.9800138985124918
2022,CO2/CO/NOx,2022-01-11 15:00:00+01:00,2.021404378939042
2022,CO2/CO/NOx,2022-01-11 16:00:00+01:00,2.0769648492753525
2022,CO2/CO/NOx,2022-01-11 17:00:00+01:00,2.127293045307811
2022,CO2/CO/NOx,2022-01-11 18:00:00+01:00,2.187928205191223
2022,CO2/CO/NOx,2022-01-11 19:00:00+01:00,2.1990933038788216
2022,CO2/CO/NOx,2022-01-11 20:00:00+01:00,2.1628866686791137
2022,CO2/CO/NOx,2022-01-11 21:00:00+01:00,2.1021820537626734
2022,CO2/CO/NOx,2022-01-11 22:00:00+01:00,2.0387721108185737
2022,CO2/CO/NOx,2022-01-11 23:00:00+01:00,1.9797988159445954
2022,CO2/CO/NOx,2022-01-12 00:00:00+01:00,1.8992349131954813
2022,CO2/CO/NOx,2022-01-12 01:00:00+01:00,1.916244036924997
2022,CO2/CO/NOx,2022-01-12 02:00:00+01:00,1.9915792446408327
2022,CO2/CO/NOx,2022-01-12 03:00:00+01:00,2.102366520993564
2022,CO2/CO/NOx,2022-01-12 04:00:00+01:00,2.205253593694696
2022,CO2/CO/NOx,2022-01-12 05:00:00+01:00,2.309508980105735
2022,CO2/CO/NOx,2022-01-12 06:00:00+01:00,2.4096754522915242
2022,CO2/CO/NOx,2022-01-12 07:00:00+01:00,2.4686545221147753
2022,CO2/CO/NOx,2022-01-12 08:00:00+01:00,2.4742053049695536
2022,CO2/CO/NOx,2022-01-12 09:00:00+01:00,2.4347081259595615
2022,CO2/CO/NOx,2022-01-12 10:00:00+01:00,2.45834159585125
2022,CO2/CO/NOx,2022-01-12 11:00:00+01:00,2.4644690200920545
2022,CO2/CO/NOx,2022-01-12 12:00:00+01:00,2.448533250401292
2022,CO2/CO/NOx,2022-01-12 13:00:00+01:00,2.449195752172681
2022,CO2/CO/NOx,2022-01-12 14:00:00+01:00,2.4462453316600654
2022,CO2/CO/NOx,2022-01-12 15:00:00+01:00,2.4931893831118845
2022,CO2/CO/NOx,2022-01-12 16:00:00+01:00,2.4940178608181975
2022,CO2/CO/NOx,2022-01-12 17:00:00+01:00,2.4786782754192513
2022,CO2/CO/NOx,2022-01-12 18:00:00+01:00,2.4888529169623275
2022,CO2/CO/NOx,2022-01-12 19:00:00+01:00,2.4488021070579995
2022,CO2/CO/NOx,2022-01-12 20:00:00+01:00,2.375546755328176
2022,CO2/CO/NOx,2022-01-12 21:00:00+01:00,2.284810406630114
2022,CO2/CO/NOx,2022-01-12 22:00:00+01:00,2.1930866511135565
2022,CO2/CO/NOx,2022-01-12 23:00:00+01:00,2.112233542366843
2022,CO2/CO/NOx,2022-01-13 00:00:00+01:00,2.051095121718132
2022,CO2/CO/NOx,2022-01-13 01:00:00+01:00,2.0202057795958535
2022,CO2/CO/NOx,2022-01-13 02:00:00+01:00,2.0557186945092325
2022,CO2/CO/NOx,2022-01-13 03:00:00+01:00,2.1357487589660566
2022,CO2/CO/NOx,2022-01-13 04:00:00+01:00,2.210918851825761
2022,CO2/CO/NOx,2022-01-13 05:00:00+01:00,2.2948409919400543
2022,CO2/CO/NOx,2022-01-13 06:00:00+01:00,2.385146639944366
2022,CO2/CO/NOx,2022-01-13 07:00:00+01:00,2.4539954726746673
2022,CO2/CO/NOx,2022-01-13 08:00:00+01:00,2.474359209414925
2022,CO2/CO/NOx,2022-01-13 09:00:00+01:00,2.4290882737079067
2022,CO2/CO/NOx,2022-01-13 10:00:00+01:00,2.410131183899973
2022,CO2/CO/NOx,2022-01-13 11:00:00+01:00,2.385809717369425
2022,CO2/CO/NOx,2022-01-13 12:00:00+01:00,2.347566258495915
2022,CO2/CO/NOx,2022-01-13 13:00:00+01:00,2.34018068150985
2022,CO2/CO/NOx,2022-01-13 14:00:00+01:00,2.3573482531234
2022,CO2/CO/NOx,2022-01-13 15:00:00+01:00,2.4114175547380063
2022,CO2/CO/NOx,2022-01-13 16:00:00+01:00,2.4572082782199893
2022,CO2/CO/NOx,2022-01-13 17:00:00+01:00,2.4636791035738312
2022,CO2/CO/NOx,2022-01-13 18:00:00+01:00,2.4579820081979062
2022,CO2/CO/NOx,2022-01-13 19:00:00+01:00,2.4289122807915
2022,CO2/CO/NOx,2022-01-13 20:00:00+01:00,2.3625712402891215
2022,CO2/CO/NOx,2022-01-13 21:00:00+01:00,2.2636191091336206
2022,CO2/CO/NOx,2022-01-13 22:00:00+01:00,2.172130100061915
2022,CO2/CO/NOx,2022-01-13 23:00:00+01:00,2.0854621477080446
2022,CO2/CO/NOx,2022-01-14 00:00:00+01:00,2.0203196473559064
2022,CO2/CO/NOx,2022-01-14 01:00:00+01:00,2.009635744627149
2022,CO2/CO/NOx,2022-01-14 02:00:00+01:00,2.0421373308808595
2022,CO2/CO/NOx,2022-01-14 03:00:00+01:00,2.1127247716254267
2022,CO2/CO/NOx,2022-01-14 04:00:00+01:00,2.2061942599282016
2022,CO2/CO/NOx,2022-01-14 05:00:00+01:00,2.2961612850912134
2022,CO2/CO/NOx,2022-01-14 06:00:00+01:00,2.4030591446958924
2022,CO2/CO/NOx,2022-01-14 07:00:00+01:00,2.456786785985133
2022,CO2/CO/NOx,2022-01-14 08:00:00+01:00,2.4301662283924172
2022,CO2/CO/NOx,2022-01-14 09:00:00+01:00,2.3423439306800997
2022,CO2/CO/NOx,2022-01-14 10:00:00+01:00,2.2406880398433424
2022,CO2/CO/NOx,2022-01-14 11:00:00+01:00,2.12140088885107
2022,CO2/CO/NOx,2022-01-14 12:00:00+01:00,1.9391251171043484
2022,CO2/CO/NOx,2022-01-14 13:00:00+01:00,1.8065328106751835
2022,CO2/CO/NOx,2022-01-14 14:00:00+01:00,1.7766688529974906
2022,CO2/CO/NOx,2022-01-14 15:00:00+01:00,1.8450033507198842
2022,CO2/CO/NOx,2022-01-14 16:00:00+01:00,1.9161269030323869
2022,CO2/CO/NOx,2022-01-14 17:00:00+01:00,1.9925695700801263
2022,CO2/CO/NOx,2022-01-14 18:00:00+01:00,2.0772645695825944
2022,CO2/CO/NOx,2022-01-14 19:00:00+01:00,2.119756840349827
2022,CO2/CO/NOx,2022-01-14 20:00:00+01:00,2.106562878565337
2022,CO2/CO/NOx,2022-01-14 21:00:00+01:00,2.012450200314547
2022,CO2/CO/NOx,2022-01-14 22:00:00+01:00,1.9155728334230198
2022,CO2/CO/NOx,2022-01-14 23:00:00+01:00,1.8473785012508617
2022,CO2/CO/NOx,2022-01-15 00:00:00+01:00,1.7658199766741085
2022,CO2/CO/NOx,2022-01-15 01:00:00+01:00,1.7254636573924729
2022,CO2/CO/NOx,2022-01-15 02:00:00+01:00,1.754028787694946
2022,CO2/CO/NOx,2022-01-15 03:00:00+01:00,1.8278628951066198
2022,CO2/CO/NOx,2022-01-15 04:00:00+01:00,1.9130015599144476
2022,CO2/CO/NOx,2022-01-15 05:00:00+01:00,1.9936495614179444
2022,CO2/CO/NOx,2022-01-15 06:00:00+01:00,2.066054462647093
2022,CO2/CO/NOx,2022-01-15 07:00:00+01:00,2.1122318988352067
2022,CO2/CO/NOx,2022-01-15 08:00:00+01:00,2.1336425762920275
2022,CO2/CO/NOx,2022-01-15 09:00:00+01:00,2.124098256989277
2022,CO2/CO/NOx,2022-01-15 10:00:00+01:00,2.1292345106255635
2022,CO2/CO/NOx,2022-01-15 11:00:00+01:00,2.13219260539638
2022,CO2/CO/NOx,2022-01-15 12:00:00+01:00,2.1120890842776436
2022,CO2/CO/NOx,2022-01-15 13:00:00+01:00,2.102941770731919
2022,CO2/CO/NOx,2022-01-15 14:00:00+01:00,2.0853421024674748
2022,CO2/CO/NOx,2022-01-15 15:00:00+01:00,2.0904283217269324
2022,CO2/CO/NOx,2022-01-15 16:00:00+01:00,2.1133898928221075
2022,CO2/CO/NOx,2022-01-15 17:00:00+01:00,2.1406176260182748
2022,CO2/CO/NOx,2022-01-15 18:00:00+01:00,2.1744658016223632
2022,CO2/CO/NOx,2022-01-15 19:00:00+01:00,2.173900476092575
2022,CO2/CO/NOx,2022-01-15 20:00:00+01:00,2.140875990247059
2022,CO2/CO/NOx,2022-01-15 21:00:00+01:00,2.0955822322826028
2022,CO2/CO/NOx,2022-01-15 22:00:00+01:00,2.034322745217969
2022,CO2/CO/NOx,2022-01-15 23:00:00+01:00,1.9697717856293628
2022,CO2/CO/NOx,2022-01-16 00:00:00+01:00,1.916764876050118
2022,CO2/CO/NOx,2022-01-16 01:00:00+01:00,1.9113794420466446
2022,CO2/CO/NOx,2022-01-16 02:00:00+01:00,1.951016006312573
2022,CO2/CO/NOx,2022-01-16 03:00:00+01:00,2.022684729927345
2022,CO2/CO/NOx,2022-01-16 04:00:00+01:00,2.089766627554958
2022,CO2/CO/NOx,2022-01-16 05:00:00+01:00,2.153606512821758
2022,CO2/CO/NOx,2022-01-16 06:00:00+01:00,2.229206190805496
2022,CO2/CO/NOx,2022-01-16 07:00:00+01:00,2.257751821815983
2022,CO2/CO/NOx,2022-01-16 08:00:00+01:00,2.2549536049589287
2022,CO2/CO/NOx,2022-01-16 09:00:00+01:00,2.1939528179460916
2022,CO2/CO/NOx,2022-01-16 10:00:00+01:00,2.1307906730595367
2022,CO2/CO/NOx,2022-01-16 11:00:00+01:00,2.040446630686018
2022,CO2/CO/NOx,2022-01-16 12:00:00+01:00,1.9543722528067446
2022,CO2/CO/NOx,2022-01-16 13:00:00+01:00,1.9220562627189635
2022,CO2/CO/NOx,2022-01-16 14:00:00+01:00,1.9255850036254554
2022,CO2/CO/NOx,2022-01-16 15:00:00+01:00,1.979266619913573
2022,CO2/CO/NOx,2022-01-16 16:00:00+01:00,2.0204382311274562
2022,CO2/CO/NOx,2022-01-16 17:00:00+01:00,2.062144821895175
2022,CO2/CO/NOx,2022-01-16 18:00:00+01:00,2.0731220631069687
2022,CO2/CO/NOx,2022-01-16 19:00:00+01:00,2.0236159594652223
2022,CO2/CO/NOx,2022-01-16 20:00:00+01:00,1.9228926315821093
2022,CO2/CO/NOx,2022-01-16 21:00:00+01:00,1.8179434058669957
2022,CO2/CO/NOx,2022-01-16 22:00:00+01:00,1.7390158721848656
2022,CO2/CO/NOx,2022-01-16 23:00:00+01:00,1.6752899931235072
2022,CO2/CO/NOx,2022-01-17 00:00:00+01:00,1.6103468298948282
2022,CO2/CO/NOx,2022-01-17 01:00:00+01:00,1.5987541858995593
2022,CO2/CO/NOx,2022-01-17 02:00:00+01:00,1.649934448609819
2022,CO2/CO/NOx,2022-01-17 03:00:00+01:00,1.723738012063076
2022,CO2/CO/NOx,2022-01-17 04:00:00+01:00,1.8035473063221663
2022,CO2/CO/NOx,2022-01-17 05:00:00+01:00,1.8932420108393817
2022,CO2/CO/NOx,2022-01-17 06:00:00+01:00,1.9840492338417894
2022,CO2/CO/NOx,2022-01-17 07:00:00+01:00,2.040201806354494
2022,CO2/CO/NOx,2022-01-17 08:00:00+01:00,2.0436825371980456
2022,CO2/CO/NOx,2022-01-17 09:00:00+01:00,1.9813314124379233
2022,CO2/CO/NOx,2022-01-17 10:00:00+01:00,1.932682777468293
2022,CO2/CO/NOx,2022-01-17 11:00:00+01:00,1.8677347549653398
2022,CO2/CO/NOx,2022-01-17 12:00:00+01:00,1.7871058981407262
2022,CO2/CO/NOx,2022-01-17 13:00:00+01:00,1.756175614571832
2022,CO2/CO/NOx,2022-01-17 14:00:00+01:00,1.7651830069163967
2022,CO2/CO/NOx,2022-01-17 15:00:00+01:00,1.8172931628636344
2022,CO2/CO/NOx,2022-01-17 16:00:00+01:00,1.8647559431339957
2022,CO2/CO/NOx,2022-01-17 17:00:00+01:00,1.8943627499800983
2022,CO2/CO/NOx,2022-01-17 18:00:00+01:00,1.9287740145753067
2022,CO2/CO/NOx,2022-01-17 19:00:00+01:00,1.9162182070532894
2022,CO2/CO/NOx,2022-01-17 20:00:00+01:00,1.8567764713718993
2022,CO2/CO/NOx,2022-01-17 21:00:00+01:00,1.7743613088428758
2022,CO2/CO/NOx,2022-01-17 22:00:00+01:00,1.6975612019259023
2022,CO2/CO/NOx,2022-01-17 23:00:00+01:00,1.6294520791200031
2022,CO2/CO/NOx,2022-01-18 00:00:00+01:00,1.560618708297549
2022,CO2/CO/NOx,2022-01-18 01:00:00+01:00,1.537047430953299
2022,CO2/CO/NOx,2022-01-18 02:00:00+01:00,1.5726027692810525
2022,CO2/CO/NOx,2022-01-18 03:00:00+01:00,1.658748820151078
2022,CO2/CO/NOx,2022-01-18 04:00:00+01:00,1.7549814955421041
2022,CO2/CO/NOx,2022-01-18 05:00:00+01:00,1.8539481494364543
2022,CO2/CO/NOx,2022-01-18 06:00:00+01:00,1.9443091790638483
2022,CO2/CO/NOx,2022-01-18 07:00:00+01:00,1.989008691432479
2022,CO2/CO/NOx,2022-01-18 08:00:00+01:00,1.9910922181851438
2022,CO2/CO/NOx,2022-01-18 09:00:00+01:00,1.9329343494329165
2022,CO2/CO/NOx,2022-01-18 10:00:00+01:00,1.888518706891922
2022,CO2/CO/NOx,2022-01-18 11:00:00+01:00,1.843849252352225
2022,CO2/CO/NOx,2022-01-18 12:00:00+01:00,1.8062546133785942
2022,CO2/CO/NOx,2022-01-18 13:00:00+01:00,1.8098607186645344
2022,CO2/CO/NOx,2022-01-18 14:00:00+01:00,1.825920167747593
2022,CO2/CO/NOx,2022-01-18 15:00:00+01:00,1.863699708968366
2022,CO2/CO/NOx,2022-01-18 16:00:00+01:00,1.8944867930928757
2022,CO2/CO/NOx,2022-01-18 17:00:00+01:00,1.925197634085242
2022,CO2/CO/NOx,2022-01-18 18:00:00+01:00,1.954553954605578
2022,CO2/CO/NOx,2022-01-18 19:00:00+01:00,1.9482521947682971
2022,CO2/CO/NOx,2022-01-18 20:00:00+01:00,1.9135994171951525
2022,CO2/CO/NOx,2022-01-18 21:00:00+01:00,1.8781652346550362
2022,CO2/CO/NOx,2022-01-18 22:00:00+01:00,1.848924410255434
2022,CO2/CO/NOx,2022-01-18 23:00:00+01:00,1.8173507758334007
2022,CO2/CO/NOx,2022-01-19 00:00:00+01:00,1.7839710067303274
2022,CO2/CO/NOx,2022-01-19 01:00:00+01:00,1.8021238936050215
2022,CO2/CO/NOx,2022-01-19 02:00:00+01:00,1.8705563725454557
2022,CO2/CO/NOx,2022-01-19 03:00:00+01:00,1.9783985048063637
2022,CO2/CO/NOx,2022-01-19 04:00:00+01:00,2.0734292128464653
2022,CO2/CO/NOx,2022-01-19 05:00:00+01:00,2.168099327286659
2022,CO2/CO/NOx,2022-01-19 06:00:00+01:00,2.287440466889886
2022,CO2/CO/NOx,2022-01-19 07:00:00+01:00,2.360248433951831
2022,CO2/CO/NOx,2022-01-19 08:00:00+01:00,2.336038941507328
2022,CO2/CO/NOx,2022-01-19 09:00:00+01:00,2.2394858728236833
2022,CO2/CO/NOx,2022-01-19 10:00:00+01:00,2.1438828396332763
2022,CO2/CO/NOx,2022-01-19 11:00:00+01:00,2.0216050279598115
2022,CO2/CO/NOx,2022-01-19 12:00:00+01:00,1.8795154251601045
2022,CO2/CO/NOx,2022-01-19 13:00:00+01:00,1.7772032306144028
2022,CO2/CO/NOx,2022-01-19 14:00:00+01:00,1.732138534560486
2022,CO2/CO/NOx,2022-01-19 15:00:00+01:00,1.790729903075077
2022,CO2/CO/NOx,2022-01-19 16:00:00+01:00,1.865459931389949
2022,CO2/CO/NOx,2022-01-19 17:00:00+01:00,1.9154884828113996
2022,CO2/CO/NOx,2022-01-19 18:00:00+01:00,1.9857094337228316
2022,CO2/CO/NOx,2022-01-19 19:00:00+01:00,2.006353745167981
2022,CO2/CO/NOx,2022-01-19 20:00:00+01:00,1.9588485765927512
2022,CO2/CO/NOx,2022-01-19 21:00:00+01:00,1.8556601493214933
2022,CO2/CO/NOx,2022-01-19 22:00:00+01:00,1.7513414148054907
2022,CO2/CO/NOx,2022-01-19 23:00:00+01:00,1.655325386594087
2022,CO2/CO/NOx,2022-01-20 00:00:00+01:00,1.5618169468474732
2022,CO2/CO/NOx,2022-01-20 01:00:00+01:00,1.5380611653687197
2022,CO2/CO/NOx,2022-01-20 02:00:00+01:00,1.5823736936792498
2022,CO2/CO/NOx,2022-01-20 03:00:00+01:00,1.688700054528918
2022,CO2/CO/NOx,2022-01-20 04:00:00+01:00,1.8064953993898423
2022,CO2/CO/NOx,2022-01-20 05:00:00+01:00,1.926552467177529
2022,CO2/CO/NOx,2022-01-20 06:00:00+01:00,2.0414602102437605
2022,CO2/CO/NOx,2022-01-20 07:00:00+01:00,2.113733761344341
2022,CO2/CO/NOx,2022-01-20 08:00:00+01:00,2.1196158113527392
2022,CO2/CO/NOx,2022-01-20 09:00:00+01:00,2.0404592579707588
2022,CO2/CO/NOx,2022-01-20 10:00:00+01:00,1.9771991936897915
2022,CO2/CO/NOx,2022-01-20 11:00:00+01:00,1.8998847114721342
2022,CO2/CO/NOx,2022-01-20 12:00:00+01:00,1.825838036228085
2022,CO2/CO/NOx,2022-01-20 13:00:00+01:00,1.8119660840945127
2022,CO2/CO/NOx,2022-01-20 14:00:00+01:00,1.835644082662703
2022,CO2/CO/NOx,2022-01-20 15:00:00+01:00,1.9347244156667456
2022,CO2/CO/NOx,2022-01-20 16:00:00+01:00,2.035398165521308
2022,CO2/CO/NOx,2022-01-20 17:00:00+01:00,2.1239108039898738
2022,CO2/CO/NOx,2022-01-20 18:00:00+01:00,2.202141789972246
2022,CO2/CO/NOx,2022-01-20 19:00:00+01:00,2.217935393176072
2022,CO2/CO/NOx,2022-01-20 20:00:00+01:00,2.162777475233246
2022,CO2/CO/NOx,2022-01-20 21:00:00+01:00,2.0778974911924433
2022,CO2/CO/NOx,2022-01-20 22:00:00+01:00,1.994546025231246
2022,CO2/CO/NOx,2022-01-20 23:00:00+01:00,1.9176392230733348
2022,CO2/CO/NOx,2022-01-21 00:00:00+01:00,1.8548227346206518
2022,CO2/CO/NOx,2022-01-21 01:00:00+01:00,1.850134698480849
2022,CO2/CO/NOx,2022-01-21 02:00:00+01:00,1.9078989570936657
2022,CO2/CO/NOx,2022-01-21 03:00:00+01:00,2.0121645020968897
2022,CO2/CO/NOx,2022-01-21 04:00:00+01:00,2.1076955685066365
2022,CO2/CO/NOx,2022-01-21 05:00:00+01:00,2.2128148561877983
2022,CO2/CO/NOx,2022-01-21 06:00:00+01:00,2.334638817469649
2022,CO2/CO/NOx,2022-01-21 07:00:00+01:00,2.4217664471821783
2022,CO2/CO/NOx,2022-01-21 08:00:00+01:00,2.4748198704355313
2022,CO2/CO/NOx,2022-01-21 09:00:00+01:00,2.4567523124867128
2022,CO2/CO/NOx,2022-01-21 10:00:00+01:00,2.4415787717779285
2022,CO2/CO/NOx,2022-01-21 11:00:00+01:00,2.3927571800688843
2022,CO2/CO/NOx,2022-01-21 12:00:00+01:00,2.327193669814294
2022,CO2/CO/NOx,2022-01-21 13:00:00+01:00,2.276992236646714
2022,CO2/CO/NOx,2022-01-21 14:00:00+01:00,2.279265990138863
2022,CO2/CO/NOx,2022-01-21 15:00:00+01:00,2.3301083257379993
2022,CO2/CO/NOx,2022-01-21 16:00:00+01:00,2.369563443005942
2022,CO2/CO/NOx,2022-01-21 17:00:00+01:00,2.4061095635085388
2022,CO2/CO/NOx,2022-01-21 18:00:00+01:00,2.435411456506619
2022,CO2/CO/NOx,2022-01-21 19:00:00+01:00,2.424975198562637
2022,CO2/CO/NOx,2022-01-21 20:00:00+01:00,2.3460243814492743
2022,CO2/CO/NOx,2022-01-21 21:00:00+01:00,2.2296623222137217
2022,CO2/CO/NOx,2022-01-21 22:00:00+01:00,2.1036884749504097
2022,CO2/CO/NOx,2022-01-21 23:00:00+01:00,2.006567897376685
2022,CO2/CO/NOx,2022-01-22 00:00:00+01:00,1.9021635647568431
2022,CO2/CO/NOx,2022-01-22 01:00:00+01:00,1.8404357803596654
2022,CO2/CO/NOx,2022-01-22 02:00:00+01:00,1.836183958295114
2022,CO2/CO/NOx,2022-01-22 03:00:00+01:00,1.8956953871938764
2022,CO2/CO/NOx,2022-01-22 04:00:00+01:00,1.9909897422488976
2022,CO2/CO/NOx,2022-01-22 05:00:00+01:00,2.07534159520245
2022,CO2/CO/NOx,2022-01-22 06:00:00+01:00,2.148733609078727
2022,CO2/CO/NOx,2022-01-22 07:00:00+01:00,2.197551590569872
2022,CO2/CO/NOx,2022-01-22 08:00:00+01:00,2.235798716755059
2022,CO2/CO/NOx,2022-01-22 09:00:00+01:00,2.214105068444002
2022,CO2/CO/NOx,2022-01-22 10:00:00+01:00,2.184462659536914
2022,CO2/CO/NOx,2022-01-22 11:00:00+01:00,2.1323013458379525
2022,CO2/CO/NOx,2022-01-22 12:00:00+01:00,2.064726769560773
2022,CO2/CO/NOx,2022-01-22 13:00:00+01:00,2.0202340333561564
2022,CO2/CO/NOx,2022-01-22 14:00:00+01:00,1.9841674917103571
2022,CO2/CO/NOx,2022-01-22 15:00:00+01:00,1.9686771112034311
2022,CO2/CO/NOx,2022-01-22 16:00:00+01:00,1.9607237240893836
2022,CO2/CO/NOx,2022-01-22 17:00:00+01:00,1.9688298163358697
2022,CO2/CO/NOx,2022-01-22 18:00:00+01:00,1.9852794686512611
2022,CO2/CO/NOx,2022-01-22 19:00:00+01:00,1.9627251782629427
2022,CO2/CO/NOx,2022-01-22 20:00:00+01:00,1.9165238772059754
2022,CO2/CO/NOx,2022-01-22 21:00:00+01:00,1.8529250436388145
2022,CO2/CO/NOx,2022-01-22 22:00:00+01:00,1.7902463191897569
2022,CO2/CO/NOx,2022-01-22 23:00:00+01:00,1.734607065864166
2022,CO2/CO/NOx,2022-01-23 00:00:00+01:00,1.6727105077798077
2022,CO2/CO/NOx,2022-01-23 01:00:00+01:00,1.6453238356909967
2022,CO2/CO/NOx,2022-01-23 02:00:00+01:00,1.6614890226362196
2022,CO2/CO/NOx,2022-01-23 03:00:00+01:00,1.72048250886684
2022,CO2/CO/NOx,2022-01-23 04:00:00+01:00,1.7791100066352352
2022,CO2/CO/NOx,2022-01-23 05:00:00+01:00,1.8461594855537993
2022,CO2/CO/NOx,2022-01-23 06:00:00+01:00,1.9155967398502662
2022,CO2/CO/NOx,2022-01-23 07:00:00+01:00,1.9579783146074725
2022,CO2/CO/NOx,2022-01-23 08:00:00+01:00,1.962606394101948
2022,CO2/CO/NOx,2022-01-23 09:00:00+01:00,1.924970381909874
2022,CO2/CO/NOx,2022-01-23 10:00:00+01:00,1.9010595004087765
2022,CO2/CO/NOx,2022-01-23 11:00:00+01:00,1.8728872997508672
2022,CO2/CO/NOx,2022-01-23 12:00:00+01:00,1.8386288878460333
2022,CO2/CO/NOx,2022-01-23 13:00:00+01:00,1.8250723253388919
2022,CO2/CO/NOx,2022-01-23 14:00:00+01:00,1.8212359945125713
2022,CO2/CO/NOx,2022-01-23 15:00:00+01:00,1.8481709541336433
2022,CO2/CO/NOx,2022-01-23 16:00:00+01:00,1.8605405899795693
2022,CO2/CO/NOx,2022-01-23 17:00:00+01:00,1.8735749070336787
2022,CO2/CO/NOx,2022-01-23 18:00:00+01:00,1.9174683196737623
2022,CO2/CO/NOx,2022-01-23 19:00:00+01:00,1.930465009255137
2022,CO2/CO/NOx,2022-01-23 20:00:00+01:00,1.9344153644170226
2022,CO2/CO/NOx,2022-01-23 21:00:00+01:00,1.9203841255591567
2022,CO2/CO/NOx,2022-01-23 22:00:00+01:00,1.9030404517779742
2022,CO2/CO/NOx,2022-01-23 23:00:00+01:00,1.8790264788018254
2022,CO2/CO/NOx,2022-01-24 00:00:00+01:00,1.8395897636424496
2022,CO2/CO/NOx,2022-01-24 01:00:00+01:00,1.8409669102091704
2022,CO2/CO/NOx,2022-01-24 02:00:00+01:00,1.8971669512553997
2022,CO2/CO/NOx,2022-01-24 03:00:00+01:00,2.00629039229782
2022,CO2/CO/NOx,2022-01-24 04:00:00+01:00,2.107353089617165
2022,CO2/CO/NOx,2022-01-24 05:00:00+01:00,2.20827419348735
2022,CO2/CO/NOx,2022-01-24 06:00:00+01:00,2.3152869078805183
2022,CO2/CO/NOx,2022-01-24 07:00:00+01:00,2.4099547316812715
2022,CO2/CO/NOx,2022-01-24 08:00:00+01:00,2.452738519496921
2022,CO2/CO/NOx,2022-01-24 09:00:00+01:00,2.42131562100278
2022,CO2/CO/NOx,2022-01-24 10:00:00+01:00,2.376962544302811
2022,CO2/CO/NOx,2022-01-24 11:00:00+01:00,2.2949453371033237
2022,CO2/CO/NOx,2022-01-24 12:00:00+01:00,2.2088347292279833
2022,CO2/CO/NOx,2022-01-24 13:00:00+01:00,2.1439351417540116
2022,CO2/CO/NOx,2022-01-24 14:00:00+01:00,2.1050747790061206
2022,CO2/CO/NOx,2022-01-24 15:00:00+01:00,2.1320892334792716
2022,CO2/CO/NOx,2022-01-24 16:00:00+01:00,2.1688914655362383
2022,CO2/CO/NOx,2022-01-24 17:00:00+01:00,2.20290940355068
2022,CO2/CO/NOx,2022-01-24 18:00:00+01:00,2.256318805107748
2022,CO2/CO/NOx,2022-01-24 19:00:00+01:00,2.24872045013782
2022,CO2/CO/NOx,2022-01-24 20:00:00+01:00,2.1962574729393753
2022,CO2/CO/NOx,2022-01-24 21:00:00+01:00,2.1273064098533654
2022,CO2/CO/NOx,2022-01-24 22:00:00+01:00,2.0634108615948246
2022,CO2/CO/NOx,2022-01-24 23:00:00+01:00,2.006606112910554
2022,CO2/CO/NOx,2022-01-25 00:00:00+01:00,1.93680474544369
2022,CO2/CO/NOx,2022-01-25 01:00:00+01:00,1.903562416622849
2022,CO2/CO/NOx,2022-01-25 02:00:00+01:00,1.938009914535201
2022,CO2/CO/NOx,2022-01-25 03:00:00+01:00,2.0424372679434155
2022,CO2/CO/NOx,2022-01-25 04:00:00+01:00,2.141859775888814
2022,CO2/CO/NOx,2022-01-25 05:00:00+01:00,2.2492565140446787
2022,CO2/CO/NOx,2022-01-25 06:00:00+01:00,2.3437574164323545
2022,CO2/CO/NOx,2022-01-25 07:00:00+01:00,2.433457941089354
2022,CO2/CO/NOx,2022-01-25 08:00:00+01:00,2.4701211673262744
2022,CO2/CO/NOx,2022-01-25 09:00:00+01:00,2.430851878665489
2022,CO2/CO/NOx,2022-01-25 10:00:00+01:00,2.3714273517162456
2022,CO2/CO/NOx,2022-01-25 11:00:00+01:00,2.286275732309012
2022,CO2/CO/NOx,2022-01-25 12:00:00+01:00,2.1948612760116255
2022,CO2/CO/NOx,2022-01-25 13:00:00+01:00,2.1470286489670056
2022,CO2/CO/NOx,2022-01-25 14:00:00+01:00,2.1348393450924936
2022,CO2/CO/NOx,2022-01-25 15:00:00+01:00,2.1879926135921446
2022,CO2/CO/NOx,2022-01-25 16:00:00+01:00,2.268680084348294
2022,CO2/CO/NOx,2022-01-25 17:00:00+01:00,2.3360585559535108
2022,CO2/CO/NOx,2022-01-25 18:00:00+01:00,2.4005389384301252
2022,CO2/CO/NOx,2022-01-25 19:00:00+01:00,2.3876266052533452
2022,CO2/CO/NOx,2022-01-25 20:00:00+01:00,2.3118447052437294
2022,CO2/CO/NOx,2022-01-25 21:00:00+01:00,2.2005031088066147
2022,CO2/CO/NOx,2022-01-25 22:00:00+01:00,2.095334054934823
2022,CO2/CO/NOx,2022-01-25 23:00:00+01:00,2.002118565081062
2022,CO2/CO/NOx,2022-01-26 00:00:00+01:00,1.9269278454037273
2022,CO2/CO/NOx,2022-01-26 01:00:00+01:00,1.9084112554750443
2022,CO2/CO/NOx,2022-01-26 02:00:00+01:00,1.97255212855609
2022,CO2/CO/NOx,2022-01-26 03:00:00+01:00,2.1105448947123966
2022,CO2/CO/NOx,2022-01-26 04:00:00+01:00,2.233447916106457
2022,CO2/CO/NOx,2022-01-26 05:00:00+01:00,2.3427596427991446
2022,CO2/CO/NOx,2022-01-26 06:00:00+01:00,2.4416760282735055
2022,CO2/CO/NOx,2022-01-26 07:00:00+01:00,2.500310126623323
2022,CO2/CO/NOx,2022-01-26 08:00:00+01:00,2.481092402229199
2022,CO2/CO/NOx,2022-01-26 09:00:00+01:00,2.372061650601436
2022,CO2/CO/NOx,2022-01-26 10:00:00+01:00,2.2737799877680813
2022,CO2/CO/NOx,2022-01-26 11:00:00+01:00,2.162873109107291
2022,CO2/CO/NOx,2022-01-26 12:00:00+01:00,2.0527366624086336
2022,CO2/CO/NOx,2022-01-26 13:00:00+01:00,1.994212852509497
2022,CO2/CO/NOx,2022-01-26 14:00:00+01:00,2.014568590393908
2022,CO2/CO/NOx,2022-01-26 15:00:00+01:00,2.118023035238175
2022,CO2/CO/NOx,2022-01-26 16:00:00+01:00,2.234912644748407
2022,CO2/CO/NOx,2022-01-26 17:00:00+01:00,2.3256963302944778
2022,CO2/CO/NOx,2022-01-26 18:00:00+01:00,2.4066459159283493
2022,CO2/CO/NOx,2022-01-26 19:00:00+01:00,2.4105236582140104
2022,CO2/CO/NOx,2022-01-26 20:00:00+01:00,2.326079022340878
2022,CO2/CO/NOx,2022-01-26 21:00:00+01:00,2.1919592430272825
2022,CO2/CO/NOx,2022-01-26 22:00:00+01:00,2.0690603433092645
2022,CO2/CO/NOx,2022-01-26 23:00:00+01:00,1.9794201343164963
2022,CO2/CO/NOx,2022-01-27 00:00:00+01:00,1.901832480865132
2022,CO2/CO/NOx,2022-01-27 01:00:00+01:00,1.8733627220380389
2022,CO2/CO/NOx,2022-01-27 02:00:00+01:00,1.920336619838284
2022,CO2/CO/NOx,2022-01-27 03:00:00+01:00,2.0293313339591563
2022,CO2/CO/NOx,2022-01-27 04:00:00+01:00,2.136132339752887
2022,CO2/CO/NOx,2022-01-27 05:00:00+01:00,2.26427738149266
2022,CO2/CO/NOx,2022-01-27 06:00:00+01:00,2.3564755254863283
2022,CO2/CO/NOx,2022-01-27 07:00:00+01:00,2.381391938182893
2022,CO2/CO/NOx,2022-01-27 08:00:00+01:00,2.337847675310682
2022,CO2/CO/NOx,2022-01-27 09:00:00+01:00,2.198370182704044
2022,CO2/CO/NOx,2022-01-27 10:00:00+01:00,2.047996305206356
2022,CO2/CO/NOx,2022-01-27 11:00:00+01:00,1.901322847678713
2022,CO2/CO/NOx,2022-01-27 12:00:00+01:00,1.8004257731302118
2022,CO2/CO/NOx,2022-01-27 13:00:00+01:00,1.799632071712863
2022,CO2/CO/NOx,2022-01-27 14:00:00+01:00,1.886182857235169
2022,CO2/CO/NOx,2022-01-27 15:00:00+01:00,1.992814046862992
2022,CO2/CO/NOx,2022-01-27 16:00:00+01:00,2.082362242222136
2022,CO2/CO/NOx,2022-01-27 17:00:00+01:00,2.1428087121975166
2022,CO2/CO/NOx,2022-01-27 18:00:00+01:00,2.160863604743354
2022,CO2/CO/NOx,2022-01-27 19:00:00+01:00,2.09108442354346
2022,CO2/CO/NOx,2022-01-27 20:00:00+01:00,1.968170450959844
2022,CO2/CO/NOx,2022-01-27 21:00:00+01:00,1.8369851228269862
2022,CO2/CO/NOx,2022-01-27 22:00:00+01:00,1.7259060828471056
2022,CO2/CO/NOx,2022-01-27 23:00:00+01:00,1.6467426592842134
2022,CO2/CO/NOx,2022-01-28 00:00:00+01:00,1.569060780096258
2022,CO2/CO/NOx,2022-01-28 01:00:00+01:00,1.5573433589680865
2022,CO2/CO/NOx,2022-01-28 02:00:00+01:00,1.608492664753877
2022,CO2/CO/NOx,2022-01-28 03:00:00+01:00,1.708734921397196
2022,CO2/CO/NOx,2022-01-28 04:00:00+01:00,1.8002305323128016
2022,CO2/CO/NOx,2022-01-28 05:00:00+01:00,1.9127502254457451
2022,CO2/CO/NOx,2022-01-28 06:00:00+01:00,2.0156388409569526
2022,CO2/CO/NOx,2022-01-28 07:00:00+01:00,2.070410085335656
2022,CO2/CO/NOx,2022-01-28 08:00:00+01:00,2.0638589339803994
2022,CO2/CO/NOx,2022-01-28 09:00:00+01:00,1.9871817134663237
2022,CO2/CO/NOx,2022-01-28 10:00:00+01:00,1.9265255126816976
2022,CO2/CO/NOx,2022-01-28 11:00:00+01:00,1.8585735355875084
2022,CO2/CO/NOx,2022-01-28 12:00:00+01:00,1.7909259249058458
2022,CO2/CO/NOx,2022-01-28 13:00:00+01:00,1.7841666889799064
2022,CO2/CO/NOx,2022-01-28 14:00:00+01:00,1.8378906165884825
2022,CO2/CO/NOx,2022-01-28 15:00:00+01:00,1.9333442934792482
2022,CO2/CO/NOx,2022-01-28 16:00:00+01:00,2.0008944130759523
2022,CO2/CO/NOx,2022-01-28 17:00:00+01:00,2.0286953452338135
2022,CO2/CO/NOx,2022-01-28 18:00:00+01:00,2.0617841085987014
2022,CO2/CO/NOx,2022-01-28 19:00:00+01:00,2.0340785826480823
2022,CO2/CO/NOx,2022-01-28 20:00:00+01:00,1.9520616471349226
2022,CO2/CO/NOx,2022-01-28 21:00:00+01:00,1.8390257573739412
2022,CO2/CO/NOx,2022-01-28 22:00:00+01:00,1.7485007540550894
2022,CO2/CO/NOx,2022-01-28 23:00:00+01:00,1.6814440152614307
2022,CO2/CO/NOx,2022-01-29 00:00:00+01:00,1.620085786804127
2022,CO2/CO/NOx,2022-01-29 01:00:00+01:00,1.5962861780192485
2022,CO2/CO/NOx,2022-01-29 02:00:00+01:00,1.623061130197117
2022,CO2/CO/NOx,2022-01-29 03:00:00+01:00,1.7047311019615365
2022,CO2/CO/NOx,2022-01-29 04:00:00+01:00,1.772858563252879
2022,CO2/CO/NOx,2022-01-29 05:00:00+01:00,1.8311834192303542
2022,CO2/CO/NOx,2022-01-29 06:00:00+01:00,1.8803741180347877
2022,CO2/CO/NOx,2022-01-29 07:00:00+01:00,1.9109690093483211
2022,CO2/CO/NOx,2022-01-29 08:00:00+01:00,1.9016692379001938
2022,CO2/CO/NOx,2022-01-29 09:00:00+01:00,1.8357606581532808
2022,CO2/CO/NOx,2022-01-29 10:00:00+01:00,1.7774048254622454
2022,CO2/CO/NOx,2022-01-29 11:00:00+01:00,1.7088777599852147
2022,CO2/CO/NOx,2022-01-29 12:00:00+01:00,1.6464824655267254
2022,CO2/CO/NOx,2022-01-29 13:00:00+01:00,1.6168602901918474
2022,CO2/CO/NOx,2022-01-29 14:00:00+01:00,1.6087971820370208
2022,CO2/CO/NOx,2022-01-29 15:00:00+01:00,1.6397133423327814
2022,CO2/CO/NOx,2022-01-29 16:00:00+01:00,1.669939345875484
2022,CO2/CO/NOx,2022-01-29 17:00:00+01:00,1.676177940669447
2022,CO2/CO/NOx,2022-01-29 18:00:00+01:00,1.674467117719687
2022,CO2/CO/NOx,2022-01-29 19:00:00+01:00,1.6311374401249912
2022,CO2/CO/NOx,2022-01-29 20:00:00+01:00,1.554157281945125
2022,CO2/CO/NOx,2022-01-29 21:00:00+01:00,1.468726309112566
2022,CO2/CO/NOx,2022-01-29 22:00:00+01:00,1.396659274125108
2022,CO2/CO/NOx,2022-01-29 23:00:00+01:00,1.3361523121592906
2022,CO2/CO/NOx,2022-01-30 00:00:00+01:00,1.2915555655727007
2022,CO2/CO/NOx,2022-01-30 01:00:00+01:00,1.2679672569324232
2022,CO2/CO/NOx,2022-01-30 02:00:00+01:00,1.2795896631579522
2022,CO2/CO/NOx,2022-01-30 03:00:00+01:00,1.333962271680689
2022,CO2/CO/NOx,2022-01-30 04:00:00+01:00,1.3880685931059893
2022,CO2/CO/NOx,2022-01-30 05:00:00+01:00,1.456738071339963
2022,CO2/CO/NOx,2022-01-30 06:00:00+01:00,1.5233960897124679
2022,CO2/CO/NOx,2022-01-30 07:00:00+01:00,1.57564599412222
2022,CO2/CO/NOx,2022-01-30 08:00:00+01:00,1.5842646204434752
2022,CO2/CO/NOx,2022-01-30 09:00:00+01:00,1.5550576795963695
2022,CO2/CO/NOx,2022-01-30 10:00:00+01:00,1.5114383720830726
2022,CO2/CO/NOx,2022-01-30 11:00:00+01:00,1.4648965609812437
2022,CO2/CO/NOx,2022-01-30 12:00:00+01:00,1.415392318486877
2022,CO2/CO/NOx,2022-01-30 13:00:00+01:00,1.398073474660813
2022,CO2/CO/NOx,2022-01-30 14:00:00+01:00,1.4134519986183134
2022,CO2/CO/NOx,2022-01-30 15:00:00+01:00,1.472110170137597
2022,CO2/CO/NOx,2022-01-30 16:00:00+01:00,1.5439332663858192
2022,CO2/CO/NOx,2022-01-30 17:00:00+01:00,1.6123966310234663
2022,CO2/CO/NOx,2022-01-30 18:00:00+01:00,1.6789100027508452
2022,CO2/CO/NOx,2022-01-30 19:00:00+01:00,1.702534602773863
2022,CO2/CO/NOx,2022-01-30 20:00:00+01:00,1.683298935521133
2022,CO2/CO/NOx,2022-01-30 21:00:00+01:00,1.6312395013414702
2022,CO2/CO/NOx,2022-01-30 22:00:00+01:00,1.575900009314095
2022,CO2/CO/NOx,2022-01-30 23:00:00+01:00,1.5179246600065914
2022,CO2/CO/NOx,2022-01-31 00:00:00+01:00,1.4542124668542715
2022,CO2/CO/NOx,2022-01-31 01:00:00+01:00,1.4425859564219188
2022,CO2/CO/NOx,2022-01-31 02:00:00+01:00,1.4913605048476126
2022,CO2/CO/NOx,2022-01-31 03:00:00+01:00,1.571976069059784
2022,CO2/CO/NOx,2022-01-31 04:00:00+01:00,1.660542316158712
2022,CO2/CO/NOx,2022-01-31 05:00:00+01:00,1.750998067124134
2022,CO2/CO/NOx,2022-01-31 06:00:00+01:00,1.842776252889635
2022,CO2/CO/NOx,2022-01-31 07:00:00+01:00,1.9003528580714393
2022,CO2/CO/NOx,2022-01-31 08:00:00+01:00,1.9163871431446284
2022,CO2/CO/NOx,2022-01-31 09:00:00+01:00,1.8816753375450652
2022,CO2/CO/NOx,2022-01-31 10:00:00+01:00,1.8626615021268045
2022,CO2/CO/NOx,2022-01-31 11:00:00+01:00,1.8398425004127448
2022,CO2/CO/NOx,2022-01-31 12:00:00+01:00,1.8018016291711376
2022,CO2/CO/NOx,2022-01-31 13:00:00+01:00,1.785843032768127
2022,CO2/CO/NOx,2022-01-31 14:00:00+01:00,1.7958410510516856
2022,CO2/CO/NOx,2022-01-31 15:00:00+01:00,1.8485174531807502
2022,CO2/CO/NOx,2022-01-31 16:00:00+01:00,1.889507426943613
2022,CO2/CO/NOx,2022-01-31 17:00:00+01:00,1.9330996096343063
2022,CO2/CO/NOx,2022-01-31 18:00:00+01:00,1.9958890021844942
2022,CO2/CO/NOx,2022-01-31 19:00:00+01:00,2.0027703053574735
2022,CO2/CO/NOx,2022-01-31 20:00:00+01:00,1.9629762646577071
2022,CO2/CO/NOx,2022-01-31 21:00:00+01:00,1.8868697553822833
2022,CO2/CO/NOx,2022-01-31 22:00:00+01:00,1.799553983514708
2022,CO2/CO/NOx,2022-01-31 23:00:00+01:00,1.726529180100072
2022,CO2/CO/NOx,2022-02-01 00:00:00+01:00,1.6510096884764822
2022,CO2/CO/NOx,2022-02-01 01:00:00+01:00,1.630049385415544
2022,CO2/CO/NOx,2022-02-01 02:00:00+01:00,1.6795032602081628
2022,CO2/CO/NOx,2022-02-01 03:00:00+01:00,1.787879426312343
2022,CO2/CO/NOx,2022-02-01 04:00:00+01:00,1.8942811134510438
2022,CO2/CO/NOx,2022-02-01 05:00:00+01:00,1.9938025427413384
2022,CO2/CO/NOx,2022-02-01 06:00:00+01:00,2.0856509664061393
2022,CO2/CO/NOx,2022-02-01 07:00:00+01:00,2.14009866353541
2022,CO2/CO/NOx,2022-02-01 08:00:00+01:00,2.150428513958849
2022,CO2/CO/NOx,2022-02-01 09:00:00+01:00,2.0963412229024887
2022,CO2/CO/NOx,2022-02-01 10:00:00+01:00,2.0662348984976386
2022,CO2/CO/NOx,2022-02-01 11:00:00+01:00,2.033807398652363
2022,CO2/CO/NOx,2022-02-01 12:00:00+01:00,1.9975416654795495
2022,CO2/CO/NOx,2022-02-01 13:00:00+01:00,1.9987034150712775
2022,CO2/CO/NOx,2022-02-01 14:00:00+01:00,2.017212791587939
2022,CO2/CO/NOx,2022-02-01 15:00:00+01:00,2.0653766930533837
2022,CO2/CO/NOx,2022-02-01 16:00:00+01:00,2.086166246078727
2022,CO2/CO/NOx,2022-02-01 17:00:00+01:00,2.0876055769617174
2022,CO2/CO/NOx,2022-02-01 18:00:00+01:00,2.0853845321275957
2022,CO2/CO/NOx,2022-02-01 19:00:00+01:00,2.0401292382287455
2022,CO2/CO/NOx,2022-02-01 20:00:00+01:00,1.9632921485345167
2022,CO2/CO/NOx,2022-02-01 21:00:00+01:00,1.8695591936325244
2022,CO2/CO/NOx,2022-02-01 22:00:00+01:00,1.7927329261713363
2022,CO2/CO/NOx,2022-02-01 23:00:00+01:00,1.7344130930281247
2022,CO2/CO/NOx,2022-02-02 00:00:00+01:00,1.6722004542547722
2022,CO2/CO/NOx,2022-02-02 01:00:00+01:00,1.6467404618990682
2022,CO2/CO/NOx,2022-02-02 02:00:00+01:00,1.6659156824345553
2022,CO2/CO/NOx,2022-02-02 03:00:00+01:00,1.7236220535993745
2022,CO2/CO/NOx,2022-02-02 04:00:00+01:00,1.7832133434839927
2022,CO2/CO/NOx,2022-02-02 05:00:00+01:00,1.8513875233471824
2022,CO2/CO/NOx,2022-02-02 06:00:00+01:00,1.9170029013183791
2022,CO2/CO/NOx,2022-02-02 07:00:00+01:00,1.9504924325108586
2022,CO2/CO/NOx,2022-02-02 08:00:00+01:00,1.9537443608951146
2022,CO2/CO/NOx,2022-02-02 09:00:00+01:00,1.9006722828171712
2022,CO2/CO/NOx,2022-02-02 10:00:00+01:00,1.856606163069729
2022,CO2/CO/NOx,2022-02-02 11:00:00+01:00,1.797976466173402
2022,CO2/CO/NOx,2022-02-02 12:00:00+01:00,1.7444665270512973
2022,CO2/CO/NOx,2022-02-02 13:00:00+01:00,1.7328381003505808
2022,CO2/CO/NOx,2022-02-02 14:00:00+01:00,1.7446949233727818
2022,CO2/CO/NOx,2022-02-02 15:00:00+01:00,1.7689731165298124
2022,CO2/CO/NOx,2022-02-02 16:00:00+01:00,1.7880651595982142
2022,CO2/CO/NOx,2022-02-02 17:00:00+01:00,1.8165877458838462
2022,CO2/CO/NOx,2022-02-02 18:00:00+01:00,1.8543359714262915
2022,CO2/CO/NOx,2022-02-02 19:00:00+01:00,1.8393586394410146
2022,CO2/CO/NOx,2022-02-02 20:00:00+01:00,1.7962670380192993
2022,CO2/CO/NOx,2022-02-02 21:00:00+01:00,1.7309179100907335
2022,CO2/CO/NOx,2022-02-02 22:00:00+01:00,1.66426865325205
2022,CO2/CO/NOx,2022-02-02 23:00:00+01:00,1.587367398867702
2022,CO2/CO/NOx,2022-02-03 00:00:00+01:00,1.4866896923591664
2022,CO2/CO/NOx,2022-02-03 01:00:00+01:00,1.4369150693647088
2022,CO2/CO/NOx,2022-02-03 02:00:00+01:00,1.4522548496615584
2022,CO2/CO/NOx,2022-02-03 03:00:00+01:00,1.516645102042589
2022,CO2/CO/NOx,2022-02-03 04:00:00+01:00,1.5813938041602345
2022,CO2/CO/NOx,2022-02-03 05:00:00+01:00,1.676801861148964
2022,CO2/CO/NOx,2022-02-03 06:00:00+01:00,1.7558640379910047
2022,CO2/CO/NOx,2022-02-03 07:00:00+01:00,1.8124852416226183
2022,CO2/CO/NOx,2022-02-03 08:00:00+01:00,1.7973391833730623
2022,CO2/CO/NOx,2022-02-03 09:00:00+01:00,1.7092862248032454
2022,CO2/CO/NOx,2022-02-03 10:00:00+01:00,1.617259223621671
2022,CO2/CO/NOx,2022-02-03 11:00:00+01:00,1.5151819703185712
2022,CO2/CO/NOx,2022-02-03 12:00:00+01:00,1.4070464290970541
2022,CO2/CO/NOx,2022-02-03 13:00:00+01:00,1.338618766612099
2022,CO2/CO/NOx,2022-02-03 14:00:00+01:00,1.3161884995940518
2022,CO2/CO/NOx,2022-02-03 15:00:00+01:00,1.3407687496877585
2022,CO2/CO/NOx,2022-02-03 16:00:00+01:00,1.3909919512901714
2022,CO2/CO/NOx,2022-02-03 17:00:00+01:00,1.4286659608503616
2022,CO2/CO/NOx,2022-02-03 18:00:00+01:00,1.4940053505117297
2022,CO2/CO/NOx,2022-02-03 19:00:00+01:00,1.5047918495052663
2022,CO2/CO/NOx,2022-02-03 20:00:00+01:00,1.4842521991742792
2022,CO2/CO/NOx,2022-02-03 21:00:00+01:00,1.4466534656903733
2022,CO2/CO/NOx,2022-02-03 22:00:00+01:00,1.4049190264526839
2022,CO2/CO/NOx,2022-02-03 23:00:00+01:00,1.3689410076376385
2022,CO2/CO/NOx,2022-02-04 00:00:00+01:00,1.3301799131136343
2022,CO2/CO/NOx,2022-02-04 01:00:00+01:00,1.333646685117665
2022,CO2/CO/NOx,2022-02-04 02:00:00+01:00,1.3814335798485213
2022,CO2/CO/NOx,2022-02-04 03:00:00+01:00,1.4858033766926682
2022,CO2/CO/NOx,2022-02-04 04:00:00+01:00,1.5609883110856626
2022,CO2/CO/NOx,2022-02-04 05:00:00+01:00,1.6491168520517616
2022,CO2/CO/NOx,2022-02-04 06:00:00+01:00,1.7309598428600346
2022,CO2/CO/NOx,2022-02-04 07:00:00+01:00,1.778008990010823
2022,CO2/CO/NOx,2022-02-04 08:00:00+01:00,1.7844979841587598
2022,CO2/CO/NOx,2022-02-04 09:00:00+01:00,1.7266641100581672
2022,CO2/CO/NOx,2022-02-04 10:00:00+01:00,1.6747238705884118
2022,CO2/CO/NOx,2022-02-04 11:00:00+01:00,1.6169750847906859
2022,CO2/CO/NOx,2022-02-04 12:00:00+01:00,1.5576118676244592
2022,CO2/CO/NOx,2022-02-04 13:00:00+01:00,1.5265254825394408
2022,CO2/CO/NOx,2022-02-04 14:00:00+01:00,1.52691218884707
2022,CO2/CO/NOx,2022-02-04 15:00:00+01:00,1.5594710634982205
2022,CO2/CO/NOx,2022-02-04 16:00:00+01:00,1.5919108289260675
2022,CO2/CO/NOx,2022-02-04 17:00:00+01:00,1.6325888083946254
2022,CO2/CO/NOx,2022-02-04 18:00:00+01:00,1.654416024724932
2022,CO2/CO/NOx,2022-02-04 19:00:00+01:00,1.6226351586602876
2022,CO2/CO/NOx,2022-02-04 20:00:00+01:00,1.55407140346276
2022,CO2/CO/NOx,2022-02-04 21:00:00+01:00,1.4507365745249914
2022,CO2/CO/NOx,2022-02-04 22:00:00+01:00,1.3455370759029819
2022,CO2/CO/NOx,2022-02-04 23:00:00+01:00,1.2715892671505558
2022,CO2/CO/NOx,2022-02-05 00:00:00+01:00,1.2323711494653964
2022,CO2/CO/NOx,2022-02-05 01:00:00+01:00,1.2599079480355242
2022,CO2/CO/NOx,2022-02-05 02:00:00+01:00,1.3602562854649365
2022,CO2/CO/NOx,2022-02-05 03:00:00+01:00,1.4997239656133805
2022,CO2/CO/NOx,2022-02-05 04:00:00+01:00,1.6284275075286916
2022,CO2/CO/NOx,2022-02-05 05:00:00+01:00,1.7425938262449205
2022,CO2/CO/NOx,2022-02-05 06:00:00+01:00,1.8136136179978353
2022,CO2/CO/NOx,2022-02-05 07:00:00+01:00,1.8234938459593324
2022,CO2/CO/NOx,2022-02-05 08:00:00+01:00,1.7999350161576582
2022,CO2/CO/NOx,2022-02-05 09:00:00+01:00,1.7267830261726747
2022,CO2/CO/NOx,2022-02-05 10:00:00+01:00,1.6623654806548902
2022,CO2/CO/NOx,2022-02-05 11:00:00+01:00,1.6125458802474761
2022,CO2/CO/NOx,2022-02-05 12:00:00+01:00,1.579368074934931
2022,CO2/CO/NOx,2022-02-05 13:00:00+01:00,1.5770458778456167
2022,CO2/CO/NOx,2022-02-05 14:00:00+01:00,1.6037692973727316
2022,CO2/CO/NOx,2022-02-05 15:00:00+01:00,1.6595663103352656
2022,CO2/CO/NOx,2022-02-05 16:00:00+01:00,1.7131053018373736
2022,CO2/CO/NOx,2022-02-05 17:00:00+01:00,1.755600100351507
2022,CO2/CO/NOx,2022-02-05 18:00:00+01:00,1.7933811368904966
2022,CO2/CO/NOx,2022-02-05 19:00:00+01:00,1.7896315188519318
2022,CO2/CO/NOx,2022-02-05 20:00:00+01:00,1.7592277516632215
2022,CO2/CO/NOx,2022-02-05 21:00:00+01:00,1.691705816703909
2022,CO2/CO/NOx,2022-02-05 22:00:00+01:00,1.619565238526417
2022,CO2/CO/NOx,2022-02-05 23:00:00+01:00,1.5561106540523035
2022,CO2/CO/NOx,2022-02-06 00:00:00+01:00,1.5041698776073713
2022,CO2/CO/NOx,2022-02-06 01:00:00+01:00,1.4994928201580215
2022,CO2/CO/NOx,2022-02-06 02:00:00+01:00,1.531901859047752
2022,CO2/CO/NOx,2022-02-06 03:00:00+01:00,1.601646207425973
2022,CO2/CO/NOx,2022-02-06 04:00:00+01:00,1.6704371965360754
2022,CO2/CO/NOx,2022-02-06 05:00:00+01:00,1.740797057709096
2022,CO2/CO/NOx,2022-02-06 06:00:00+01:00,1.7898068769497402
2022,CO2/CO/NOx,2022-02-06 07:00:00+01:00,1.8095265240528438
2022,CO2/CO/NOx,2022-02-06 08:00:00+01:00,1.7969920488208238
2022,CO2/CO/NOx,2022-02-06 09:00:00+01:00,1.748439772535159
2022,CO2/CO/NOx,2022-02-06 10:00:00+01:00,1.7130010393700426
2022,CO2/CO/NOx,2022-02-06 11:00:00+01:00,1.6639878081515767
2022,CO2/CO/NOx,2022-02-06 12:00:00+01:00,1.610681179153388
2022,CO2/CO/NOx,2022-02-06 13:00:00+01:00,1.5869149722888265
2022,CO2/CO/NOx,2022-02-06 14:00:00+01:00,1.5827403750387257
2022,CO2/CO/NOx,2022-02-06 15:00:00+01:00,1.5925838905730136
2022,CO2/CO/NOx,2022-02-06 16:00:00+01:00,1.5944716774097432
2022,CO2/CO/NOx,2022-02-06 17:00:00+01:00,1.5950955353586809
2022,CO2/CO/NOx,2022-02-06 18:00:00+01:00,1.591798666113577
2022,CO2/CO/NOx,2022-02-06 19:00:00+01:00,1.5593005182765811
2022,CO2/CO/NOx,2022-02-06 20:00:00+01:00,1.4861402828902182
2022,CO2/CO/NOx,2022-02-06 21:00:00+01:00,1.415935722144059
2022,CO2/CO/NOx,2022-02-06 22:00:00+01:00,1.384007017841227
2022,CO2/CO/NOx,2022-02-06 23:00:00+01:00,1.3824713784142306
2022,CO2/CO/NOx,2022-02-07 00:00:00+01:00,1.3808872114900383
2022,CO2/CO/NOx,2022-02-07 01:00:00+01:00,1.438421908894807
2022,CO2/CO/NOx,2022-02-07 02:00:00+01:00,1.5492597276128925
2022,CO2/CO/NOx,2022-02-07 03:00:00+01:00,1.6771098755510583
2022,CO2/CO/NOx,2022-02-07 04:00:00+01:00,1.7784282093321773
2022,CO2/CO/NOx,2022-02-07 05:00:00+01:00,1.853013170504073
2022,CO2/CO/NOx,2022-02-07 06:00:00+01:00,1.9243070456752618
2022,CO2/CO/NOx,2022-02-07 07:00:00+01:00,1.9766713113549765
2022,CO2/CO/NOx,2022-02-07 08:00:00+01:00,1.9749644944752147
2022,CO2/CO/NOx,2022-02-07 09:00:00+01:00,1.9184222208224175
2022,CO2/CO/NOx,2022-02-07 10:00:00+01:00,1.8930082100161294
2022,CO2/CO/NOx,2022-02-07 11:00:00+01:00,1.8706130785599144
2022,CO2/CO/NOx,2022-02-07 12:00:00+01:00,1.8377889532750067
2022,CO2/CO/NOx,2022-02-07 13:00:00+01:00,1.8287516393085812
2022,CO2/CO/NOx,2022-02-07 14:00:00+01:00,1.8455824371911493
2022,CO2/CO/NOx,2022-02-07 15:00:00+01:00,1.8934490354946993
2022,CO2/CO/NOx,2022-02-07 16:00:00+01:00,1.9302511988344269
2022,CO2/CO/NOx,2022-02-07 17:00:00+01:00,1.940452229512159
2022,CO2/CO/NOx,2022-02-07 18:00:00+01:00,1.9578886178537571
2022,CO2/CO/NOx,2022-02-07 19:00:00+01:00,1.924394186939716
2022,CO2/CO/NOx,2022-02-07 20:00:00+01:00,1.8557526473349713
2022,CO2/CO/NOx,2022-02-07 21:00:00+01:00,1.7626881187750476
2022,CO2/CO/NOx,2022-02-07 22:00:00+01:00,1.7030981787135573
2022,CO2/CO/NOx,2022-02-07 23:00:00+01:00,1.6838726314599448
2022,CO2/CO/NOx,2022-02-08 00:00:00+01:00,1.6591091313301347
2022,CO2/CO/NOx,2022-02-08 01:00:00+01:00,1.6843269785964226
2022,CO2/CO/NOx,2022-02-08 02:00:00+01:00,1.7585812560402356
2022,CO2/CO/NOx,2022-02-08 03:00:00+01:00,1.8532625823113973
2022,CO2/CO/NOx,2022-02-08 04:00:00+01:00,1.9105561319188111
2022,CO2/CO/NOx,2022-02-08 05:00:00+01:00,1.9606814950808973
2022,CO2/CO/NOx,2022-02-08 06:00:00+01:00,2.0028279948482512
2022,CO2/CO/NOx,2022-02-08 07:00:00+01:00,2.0334751229808123
2022,CO2/CO/NOx,2022-02-08 08:00:00+01:00,2.0313342846552733
2022,CO2/CO/NOx,2022-02-08 09:00:00+01:00,1.983956083707127
2022,CO2/CO/NOx,2022-02-08 10:00:00+01:00,1.9358578901780021
2022,CO2/CO/NOx,2022-02-08 11:00:00+01:00,1.847585558718382
2022,CO2/CO/NOx,2022-02-08 12:00:00+01:00,1.724583428578759
2022,CO2/CO/NOx,2022-02-08 13:00:00+01:00,1.6164540736158968
2022,CO2/CO/NOx,2022-02-08 14:00:00+01:00,1.525976839116515
2022,CO2/CO/NOx,2022-02-08 15:00:00+01:00,1.5017347641472745
2022,CO2/CO/NOx,2022-02-08 16:00:00+01:00,1.512742651194812
2022,CO2/CO/NOx,2022-02-08 17:00:00+01:00,1.5627185440636304
2022,CO2/CO/NOx,2022-02-08 18:00:00+01:00,1.6801670549488565
2022,CO2/CO/NOx,2022-02-08 19:00:00+01:00,1.7430780691956094
2022,CO2/CO/NOx,2022-02-08 20:00:00+01:00,1.766594469627396
2022,CO2/CO/NOx,2022-02-08 21:00:00+01:00,1.7334750220622073
2022,CO2/CO/NOx,2022-02-08 22:00:00+01:00,1.6664138611187984
2022,CO2/CO/NOx,2022-02-08 23:00:00+01:00,1.5705403684777883
2022,CO2/CO/NOx,2022-02-09 00:00:00+01:00,1.473968187692055
2022,CO2/CO/NOx,2022-02-09 01:00:00+01:00,1.4062306838821144
2022,CO2/CO/NOx,2022-02-09 02:00:00+01:00,1.4138219265504237
2022,CO2/CO/NOx,2022-02-09 03:00:00+01:00,1.5058631331190424
2022,CO2/CO/NOx,2022-02-09 04:00:00+01:00,1.6146293227828121
2022,CO2/CO/NOx,2022-02-09 05:00:00+01:00,1.751925191618314
2022,CO2/CO/NOx,2022-02-09 06:00:00+01:00,1.8710047182868197
2022,CO2/CO/NOx,2022-02-09 07:00:00+01:00,1.9496229500852753
2022,CO2/CO/NOx,2022-02-09 08:00:00+01:00,1.932471007269285
2022,CO2/CO/NOx,2022-02-09 09:00:00+01:00,1.8107001135040925
2022,CO2/CO/NOx,2022-02-09 10:00:00+01:00,1.6567716594795614
2022,CO2/CO/NOx,2022-02-09 11:00:00+01:00,1.4988587226219119
2022,CO2/CO/NOx,2022-02-09 12:00:00+01:00,1.353874898008459
2022,CO2/CO/NOx,2022-02-09 13:00:00+01:00,1.2478635362597215
2022,CO2/CO/NOx,2022-02-09 14:00:00+01:00,1.203839276399699
2022,CO2/CO/NOx,2022-02-09 15:00:00+01:00,1.2214685709634672
2022,CO2/CO/NOx,2022-02-09 16:00:00+01:00,1.2972288255056785
2022,CO2/CO/NOx,2022-02-09 17:00:00+01:00,1.398505658195172
2022,CO2/CO/NOx,2022-02-09 18:00:00+01:00,1.5227449587931712
2022,CO2/CO/NOx,2022-02-09 19:00:00+01:00,1.6031593544352838
2022,CO2/CO/NOx,2022-02-09 20:00:00+01:00,1.6329258091601868
2022,CO2/CO/NOx,2022-02-09 21:00:00+01:00,1.61594977620429
2022,CO2/CO/NOx,2022-02-09 22:00:00+01:00,1.5570602845724864
2022,CO2/CO/NOx,2022-02-09 23:00:00+01:00,1.4873274225999822
2022,CO2/CO/NOx,2022-02-10 00:00:00+01:00,1.3886758455285888
2022,CO2/CO/NOx,2022-02-10 01:00:00+01:00,1.3577070617392162
2022,CO2/CO/NOx,2022-02-10 02:00:00+01:00,1.3886513256509336
2022,CO2/CO/NOx,2022-02-10 03:00:00+01:00,1.468880853272301
2022,CO2/CO/NOx,2022-02-10 04:00:00+01:00,1.5736767875896336
2022,CO2/CO/NOx,2022-02-10 05:00:00+01:00,1.6979806457762272
2022,CO2/CO/NOx,2022-02-10 06:00:00+01:00,1.8246147411398652
2022,CO2/CO/NOx,2022-02-10 07:00:00+01:00,1.8657209240077663
2022,CO2/CO/NOx,2022-02-10 08:00:00+01:00,1.8201212544015957
2022,CO2/CO/NOx,2022-02-10 09:00:00+01:00,1.6755088582639854
2022,CO2/CO/NOx,2022-02-10 10:00:00+01:00,1.5206525534752364
2022,CO2/CO/NOx,2022-02-10 11:00:00+01:00,1.3568126259437745
2022,CO2/CO/NOx,2022-02-10 12:00:00+01:00,1.2144639702043174
2022,CO2/CO/NOx,2022-02-10 13:00:00+01:00,1.1537044419220794
2022,CO2/CO/NOx,2022-02-10 14:00:00+01:00,1.1522298207666541
2022,CO2/CO/NOx,2022-02-10 15:00:00+01:00,1.2114546248011762
2022,CO2/CO/NOx,2022-02-10 16:00:00+01:00,1.255301036072771
2022,CO2/CO/NOx,2022-02-10 17:00:00+01:00,1.3221975176844645
2022,CO2/CO/NOx,2022-02-10 18:00:00+01:00,1.4083600691847595
2022,CO2/CO/NOx,2022-02-10 19:00:00+01:00,1.445345759119903
2022,CO2/CO/NOx,2022-02-10 20:00:00+01:00,1.4359233677184975
2022,CO2/CO/NOx,2022-02-10 21:00:00+01:00,1.3797118890988853
2022,CO2/CO/NOx,2022-02-10 22:00:00+01:00,1.306708777784937
2022,CO2/CO/NOx,2022-02-10 23:00:00+01:00,1.2214642742983273
2022,CO2/CO/NOx,2022-02-11 00:00:00+01:00,1.1190471149176944
2022,CO2/CO/NOx,2022-02-11 01:00:00+01:00,1.084998344099756
2022,CO2/CO/NOx,2022-02-11 02:00:00+01:00,1.129739185896316
2022,CO2/CO/NOx,2022-02-11 03:00:00+01:00,1.2325939994691386
2022,CO2/CO/NOx,2022-02-11 04:00:00+01:00,1.3436180626523455
2022,CO2/CO/NOx,2022-02-11 05:00:00+01:00,1.4793984895076138
2022,CO2/CO/NOx,2022-02-11 06:00:00+01:00,1.6209243798369386
2022,CO2/CO/NOx,2022-02-11 07:00:00+01:00,1.726247752598562
2022,CO2/CO/NOx,2022-02-11 08:00:00+01:00,1.772730107051926
2022,CO2/CO/NOx,2022-02-11 09:00:00+01:00,1.73606080699825
2022,CO2/CO/NOx,2022-02-11 10:00:00+01:00,1.6980261508604506
2022,CO2/CO/NOx,2022-02-11 11:00:00+01:00,1.624548220694674
2022,CO2/CO/NOx,2022-02-11 12:00:00+01:00,1.5471379380167898
2022,CO2/CO/NOx,2022-02-11 13:00:00+01:00,1.5070964919781777
2022,CO2/CO/NOx,2022-02-11 14:00:00+01:00,1.5149393897934078
2022,CO2/CO/NOx,2022-02-11 15:00:00+01:00,1.5678470549235441
2022,CO2/CO/NOx,2022-02-11 16:00:00+01:00,1.6231401545865904
2022,CO2/CO/NOx,2022-02-11 17:00:00+01:00,1.6844875499867271
2022,CO2/CO/NOx,2022-02-11 18:00:00+01:00,1.7657650632120696
2022,CO2/CO/NOx,2022-02-11 19:00:00+01:00,1.8060118518830681
2022,CO2/CO/NOx,2022-02-11 20:00:00+01:00,1.8045109042401108
2022,CO2/CO/NOx,2022-02-11 21:00:00+01:00,1.7800813728674718
2022,CO2/CO/NOx,2022-02-11 22:00:00+01:00,1.7458186848813324
2022,CO2/CO/NOx,2022-02-11 23:00:00+01:00,1.7194913510638383
2022,CO2/CO/NOx,2022-02-12 00:00:00+01:00,1.6872184478947296
2022,CO2/CO/NOx,2022-02-12 01:00:00+01:00,1.6824026438618778
2022,CO2/CO/NOx,2022-02-12 02:00:00+01:00,1.72401369295904
2022,CO2/CO/NOx,2022-02-12 03:00:00+01:00,1.8302365892471897
2022,CO2/CO/NOx,2022-02-12 04:00:00+01:00,1.9034115413105634
2022,CO2/CO/NOx,2022-02-12 05:00:00+01:00,1.973772685528569
2022,CO2/CO/NOx,2022-02-12 06:00:00+01:00,2.028978395483179
2022,CO2/CO/NOx,2022-02-12 07:00:00+01:00,2.0527149970846454
2022,CO2/CO/NOx,2022-02-12 08:00:00+01:00,2.0261855796924695
2022,CO2/CO/NOx,2022-02-12 09:00:00+01:00,1.9499247848461814
2022,CO2/CO/NOx,2022-02-12 10:00:00+01:00,1.8766584805691324
2022,CO2/CO/NOx,2022-02-12 11:00:00+01:00,1.8073160867613627
2022,CO2/CO/NOx,2022-02-12 12:00:00+01:00,1.7562039927575188
2022,CO2/CO/NOx,2022-02-12 13:00:00+01:00,1.7077177397093315
2022,CO2/CO/NOx,2022-02-12 14:00:00+01:00,1.691997853689036
2022,CO2/CO/NOx,2022-02-12 15:00:00+01:00,1.7286882832490378
2022,CO2/CO/NOx,2022-02-12 16:00:00+01:00,1.7852828616708916
2022,CO2/CO/NOx,2022-02-12 17:00:00+01:00,1.8297211289814728
2022,CO2/CO/NOx,2022-02-12 18:00:00+01:00,1.882235519372916
2022,CO2/CO/NOx,2022-02-12 19:00:00+01:00,1.9056492542531391
2022,CO2/CO/NOx,2022-02-12 20:00:00+01:00,1.8927230362059022
2022,CO2/CO/NOx,2022-02-12 21:00:00+01:00,1.8491508964643772
2022,CO2/CO/NOx,2022-02-12 22:00:00+01:00,1.789650379607298
2022,CO2/CO/NOx,2022-02-12 23:00:00+01:00,1.7450822134499462
2022,CO2/CO/NOx,2022-02-13 00:00:00+01:00,1.691644250286008
2022,CO2/CO/NOx,2022-02-13 01:00:00+01:00,1.6614122007130772
2022,CO2/CO/NOx,2022-02-13 02:00:00+01:00,1.6623164557553696
2022,CO2/CO/NOx,2022-02-13 03:00:00+01:00,1.7004602771357071
2022,CO2/CO/NOx,2022-02-13 04:00:00+01:00,1.753158004626151
2022,CO2/CO/NOx,2022-02-13 05:00:00+01:00,1.8110329772160334
2022,CO2/CO/NOx,2022-02-13 06:00:00+01:00,1.8758075393630604
2022,CO2/CO/NOx,2022-02-13 07:00:00+01:00,1.9192466720715102
2022,CO2/CO/NOx,2022-02-13 08:00:00+01:00,1.8910614217684827
2022,CO2/CO/NOx,2022-02-13 09:00:00+01:00,1.7682759465237847
2022,CO2/CO/NOx,2022-02-13 10:00:00+01:00,1.6361241709137122
2022,CO2/CO/NOx,2022-02-13 11:00:00+01:00,1.4992135578495958
2022,CO2/CO/NOx,2022-02-13 12:00:00+01:00,1.3696012597641598
2022,CO2/CO/NOx,2022-02-13 13:00:00+01:00,1.2906550931197742
2022,CO2/CO/NOx,2022-02-13 14:00:00+01:00,1.2518015962530162
2022,CO2/CO/NOx,2022-02-13 15:00:00+01:00,1.2774049608649571
2022,CO2/CO/NOx,2022-02-13 16:00:00+01:00,1.3603436826175843
2022,CO2/CO/NOx,2022-02-13 17:00:00+01:00,1.45117293431942
2022,CO2/CO/NOx,2022-02-13 18:00:00+01:00,1.5735493257645599
2022,CO2/CO/NOx,2022-02-13 19:00:00+01:00,1.654113371035839
2022,CO2/CO/NOx,2022-02-13 20:00:00+01:00,1.688144430317463
2022,CO2/CO/NOx,2022-02-13 21:00:00+01:00,1.6723024896709255
2022,CO2/CO/NOx,2022-02-13 22:00:00+01:00,1.6249910241458767
2022,CO2/CO/NOx,2022-02-13 23:00:00+01:00,1.540805308571534
2022,CO2/CO/NOx,2022-02-14 00:00:00+01:00,1.4302821541676571
2022,CO2/CO/NOx,2022-02-14 01:00:00+01:00,1.3896828527990115
2022,CO2/CO/NOx,2022-02-14 02:00:00+01:00,1.4188274106537382
2022,CO2/CO/NOx,2022-02-14 03:00:00+01:00,1.5034533535740568
2022,CO2/CO/NOx,2022-02-14 04:00:00+01:00,1.600494917823948
2022,CO2/CO/NOx,2022-02-14 05:00:00+01:00,1.7222845785099672
2022,CO2/CO/NOx,2022-02-14 06:00:00+01:00,1.8625317752258335
2022,CO2/CO/NOx,2022-02-14 07:00:00+01:00,1.9146059321649538
2022,CO2/CO/NOx,2022-02-14 08:00:00+01:00,1.8709744438633387
2022,CO2/CO/NOx,2022-02-14 09:00:00+01:00,1.7166976302962578
2022,CO2/CO/NOx,2022-02-14 10:00:00+01:00,1.5491341758908377
2022,CO2/CO/NOx,2022-02-14 11:00:00+01:00,1.3782582716668035
2022,CO2/CO/NOx,2022-02-14 12:00:00+01:00,1.2351711527850053
2022,CO2/CO/NOx,2022-02-14 13:00:00+01:00,1.1565932378202013
2022,CO2/CO/NOx,2022-02-14 14:00:00+01:00,1.1523040142514112
2022,CO2/CO/NOx,2022-02-14 15:00:00+01:00,1.2263174596867417
2022,CO2/CO/NOx,2022-02-14 16:00:00+01:00,1.298696828481338
2022,CO2/CO/NOx,2022-02-14 17:00:00+01:00,1.3936013354952073
2022,CO2/CO/NOx,2022-02-14 18:00:00+01:00,1.4902499737970516
2022,CO2/CO/NOx,2022-02-14 19:00:00+01:00,1.5256718777354987
2022,CO2/CO/NOx,2022-02-14 20:00:00+01:00,1.503531122384435
2022,CO2/CO/NOx,2022-02-14 21:00:00+01:00,1.44381555131047
2022,CO2/CO/NOx,2022-02-14 22:00:00+01:00,1.3464638998161251
2022,CO2/CO/NOx,2022-02-14 23:00:00+01:00,1.2388934479031672
2022,CO2/CO/NOx,2022-02-15 00:00:00+01:00,1.1316856286276504
2022,CO2/CO/NOx,2022-02-15 01:00:00+01:00,1.1028083885320366
2022,CO2/CO/NOx,2022-02-15 02:00:00+01:00,1.144292668569386
2022,CO2/CO/NOx,2022-02-15 03:00:00+01:00,1.2638192227989187
2022,CO2/CO/NOx,2022-02-15 04:00:00+01:00,1.3871040327914441
2022,CO2/CO/NOx,2022-02-15 05:00:00+01:00,1.5197209171880393
2022,CO2/CO/NOx,2022-02-15 06:00:00+01:00,1.639734761299823
2022,CO2/CO/NOx,2022-02-15 07:00:00+01:00,1.7130358018211918
2022,CO2/CO/NOx,2022-02-15 08:00:00+01:00,1.7224012106999287
2022,CO2/CO/NOx,2022-02-15 09:00:00+01:00,1.6569065831749685
2022,CO2/CO/NOx,2022-02-15 10:00:00+01:00,1.5720884558315635
2022,CO2/CO/NOx,2022-02-15 11:00:00+01:00,1.468653892550625
2022,CO2/CO/NOx,2022-02-15 12:00:00+01:00,1.3892297524259916
2022,CO2/CO/NOx,2022-02-15 13:00:00+01:00,1.3631517081410964
2022,CO2/CO/NOx,2022-02-15 14:00:00+01:00,1.3926973225495938
2022,CO2/CO/NOx,2022-02-15 15:00:00+01:00,1.465773039734235
2022,CO2/CO/NOx,2022-02-15 16:00:00+01:00,1.5532058498846781
2022,CO2/CO/NOx,2022-02-15 17:00:00+01:00,1.6331210442006023
2022,CO2/CO/NOx,2022-02-15 18:00:00+01:00,1.7015308176991644
2022,CO2/CO/NOx,2022-02-15 19:00:00+01:00,1.7089648494849012
2022,CO2/CO/NOx,2022-02-15 20:00:00+01:00,1.6765802259059377
2022,CO2/CO/NOx,2022-02-15 21:00:00+01:00,1.6111264273894756
2022,CO2/CO/NOx,2022-02-15 22:00:00+01:00,1.5557221209610645
2022,CO2/CO/NOx,2022-02-15 23:00:00+01:00,1.5125642183428827
2022,CO2/CO/NOx,2022-02-16 00:00:00+01:00,1.4497552571496528
2022,CO2/CO/NOx,2022-02-16 01:00:00+01:00,1.4504205032483057
2022,CO2/CO/NOx,2022-02-16 02:00:00+01:00,1.4972061558464878
2022,CO2/CO/NOx,2022-02-16 03:00:00+01:00,1.5814503971945764
2022,CO2/CO/NOx,2022-02-16 04:00:00+01:00,1.6718438547481602
2022,CO2/CO/NOx,2022-02-16 05:00:00+01:00,1.767867432089637
2022,CO2/CO/NOx,2022-02-16 06:00:00+01:00,1.8501519141866258
2022,CO2/CO/NOx,2022-02-16 07:00:00+01:00,1.8816918236153455
2022,CO2/CO/NOx,2022-02-16 08:00:00+01:00,1.871566515992989
2022,CO2/CO/NOx,2022-02-16 09:00:00+01:00,1.7751535668876985
2022,CO2/CO/NOx,2022-02-16 10:00:00+01:00,1.683350415883355
2022,CO2/CO/NOx,2022-02-16 11:00:00+01:00,1.5754277674520474
2022,CO2/CO/NOx,2022-02-16 12:00:00+01:00,1.4642984901808818
2022,CO2/CO/NOx,2022-02-16 13:00:00+01:00,1.3964134563233617
2022,CO2/CO/NOx,2022-02-16 14:00:00+01:00,1.3611653584153691
2022,CO2/CO/NOx,2022-02-16 15:00:00+01:00,1.3608774662248913
2022,CO2/CO/NOx,2022-02-16 16:00:00+01:00,1.359636209285781
2022,CO2/CO/NOx,2022-02-16 17:00:00+01:00,1.3778754673571179
2022,CO2/CO/NOx,2022-02-16 18:00:00+01:00,1.395322169489268
2022,CO2/CO/NOx,2022-02-16 19:00:00+01:00,1.3744718852986513
2022,CO2/CO/NOx,2022-02-16 20:00:00+01:00,1.328874157388895
2022,CO2/CO/NOx,2022-02-16 21:00:00+01:00,1.264134707622638
2022,CO2/CO/NOx,2022-02-16 22:00:00+01:00,1.2074626762665255
2022,CO2/CO/NOx,2022-02-16 23:00:00+01:00,1.1499364332229731
2022,CO2/CO/NOx,2022-02-17 00:00:00+01:00,1.0743902690488232
2022,CO2/CO/NOx,2022-02-17 01:00:00+01:00,1.0279104481931391
2022,CO2/CO/NOx,2022-02-17 02:00:00+01:00,1.0268527134797074
2022,CO2/CO/NOx,2022-02-17 03:00:00+01:00,1.0726476597246377
2022,CO2/CO/NOx,2022-02-17 04:00:00+01:00,1.1224623137488752
2022,CO2/CO/NOx,2022-02-17 05:00:00+01:00,1.1795112952956481
2022,CO2/CO/NOx,2022-02-17 06:00:00+01:00,1.239861542259239
2022,CO2/CO/NOx,2022-02-17 07:00:00+01:00,1.284450782754747
2022,CO2/CO/NOx,2022-02-17 08:00:00+01:00,1.2979471302515158
2022,CO2/CO/NOx,2022-02-17 09:00:00+01:00,1.2617841175089186
2022,CO2/CO/NOx,2022-02-17 10:00:00+01:00,1.2341100642337492
2022,CO2/CO/NOx,2022-02-17 11:00:00+01:00,1.2025854334103796
2022,CO2/CO/NOx,2022-02-17 12:00:00+01:00,1.162196619792519
2022,CO2/CO/NOx,2022-02-17 13:00:00+01:00,1.139842346495811
2022,CO2/CO/NOx,2022-02-17 14:00:00+01:00,1.1272178630189575
2022,CO2/CO/NOx,2022-02-17 15:00:00+01:00,1.1319466658669173
2022,CO2/CO/NOx,2022-02-17 16:00:00+01:00,1.1321484402734028
2022,CO2/CO/NOx,2022-02-17 17:00:00+01:00,1.1369115220854331
2022,CO2/CO/NOx,2022-02-17 18:00:00+01:00,1.1615073718515008
2022,CO2/CO/NOx,2022-02-17 19:00:00+01:00,1.1823500923190449
2022,CO2/CO/NOx,2022-02-17 20:00:00+01:00,1.1843190729416786
2022,CO2/CO/NOx,2022-02-17 21:00:00+01:00,1.1704328503192332
2022,CO2/CO/NOx,2022-02-17 22:00:00+01:00,1.1526915841221947
2022,CO2/CO/NOx,2022-02-17 23:00:00+01:00,1.1219508454351172
2022,CO2/CO/NOx,2022-02-18 00:00:00+01:00,1.073223440873384
2022,CO2/CO/NOx,2022-02-18 01:00:00+01:00,1.032514640535687
2022,CO2/CO/NOx,2022-02-18 02:00:00+01:00,1.011277633106534
2022,CO2/CO/NOx,2022-02-18 03:00:00+01:00,1.0351553902546287
2022,CO2/CO/NOx,2022-02-18 04:00:00+01:00,1.0799510442826672
2022,CO2/CO/NOx,2022-02-18 05:00:00+01:00,1.1362176782733722
2022,CO2/CO/NOx,2022-02-18 06:00:00+01:00,1.2164459212294632
2022,CO2/CO/NOx,2022-02-18 07:00:00+01:00,1.285214297221325
2022,CO2/CO/NOx,2022-02-18 08:00:00+01:00,1.3268855340570573
2022,CO2/CO/NOx,2022-02-18 09:00:00+01:00,1.326708676232846
2022,CO2/CO/NOx,2022-02-18 10:00:00+01:00,1.3220822191017527
2022,CO2/CO/NOx,2022-02-18 11:00:00+01:00,1.2877822112635677
2022,CO2/CO/NOx,2022-02-18 12:00:00+01:00,1.2397537719986274
2022,CO2/CO/NOx,2022-02-18 13:00:00+01:00,1.187093046909353
2022,CO2/CO/NOx,2022-02-18 14:00:00+01:00,1.1373700104561786
2022,CO2/CO/NOx,2022-02-18 15:00:00+01:00,1.1176614810979228
2022,CO2/CO/NOx,2022-02-18 16:00:00+01:00,1.090606533354912
2022,CO2/CO/NOx,2022-02-18 17:00:00+01:00,1.0874362813248895
2022,CO2/CO/NOx,2022-02-18 18:00:00+01:00,1.1370844515528569
2022,CO2/CO/NOx,2022-02-18 19:00:00+01:00,1.1691358715344151
2022,CO2/CO/NOx,2022-02-18 20:00:00+01:00,1.1823499813152312
2022,CO2/CO/NOx,2022-02-18 21:00:00+01:00,1.179925235298488
2022,CO2/CO/NOx,2022-02-18 22:00:00+01:00,1.163165939143539
2022,CO2/CO/NOx,2022-02-18 23:00:00+01:00,1.1289252451797342
2022,CO2/CO/NOx,2022-02-19 00:00:00+01:00,1.1009092592615854
2022,CO2/CO/NOx,2022-02-19 01:00:00+01:00,1.0956273095522855
2022,CO2/CO/NOx,2022-02-19 02:00:00+01:00,1.1323025493748744
2022,CO2/CO/NOx,2022-02-19 03:00:00+01:00,1.2143363171005848
2022,CO2/CO/NOx,2022-02-19 04:00:00+01:00,1.2646706125760248
2022,CO2/CO/NOx,2022-02-19 05:00:00+01:00,1.3150770374488565
2022,CO2/CO/NOx,2022-02-19 06:00:00+01:00,1.3722845897651503
2022,CO2/CO/NOx,2022-02-19 07:00:00+01:00,1.4030809948759704
2022,CO2/CO/NOx,2022-02-19 08:00:00+01:00,1.3920244065639718
2022,CO2/CO/NOx,2022-02-19 09:00:00+01:00,1.367535833388694
2022,CO2/CO/NOx,2022-02-19 10:00:00+01:00,1.3528101456559467
2022,CO2/CO/NOx,2022-02-19 11:00:00+01:00,1.326666828449399
2022,CO2/CO/NOx,2022-02-19 12:00:00+01:00,1.286723247594837
2022,CO2/CO/NOx,2022-02-19 13:00:00+01:00,1.2719879336481914
2022,CO2/CO/NOx,2022-02-19 14:00:00+01:00,1.2775734150604718
2022,CO2/CO/NOx,2022-02-19 15:00:00+01:00,1.318585884364207
2022,CO2/CO/NOx,2022-02-19 16:00:00+01:00,1.3539903272906082
2022,CO2/CO/NOx,2022-02-19 17:00:00+01:00,1.3745463302175536
2022,CO2/CO/NOx,2022-02-19 18:00:00+01:00,1.4291231485343352
2022,CO2/CO/NOx,2022-02-19 19:00:00+01:00,1.478730941109043
2022,CO2/CO/NOx,2022-02-19 20:00:00+01:00,1.5029881193694876
2022,CO2/CO/NOx,2022-02-19 21:00:00+01:00,1.4990515762989254
2022,CO2/CO/NOx,2022-02-19 22:00:00+01:00,1.481871495145958
2022,CO2/CO/NOx,2022-02-19 23:00:00+01:00,1.4492179352239634
2022,CO2/CO/NOx,2022-02-20 00:00:00+01:00,1.4019315965380212
2022,CO2/CO/NOx,2022-02-20 01:00:00+01:00,1.3868009369527217
2022,CO2/CO/NOx,2022-02-20 02:00:00+01:00,1.3951221693790985
2022,CO2/CO/NOx,2022-02-20 03:00:00+01:00,1.4527728352602358
2022,CO2/CO/NOx,2022-02-20 04:00:00+01:00,1.5199220420220885
2022,CO2/CO/NOx,2022-02-20 05:00:00+01:00,1.5911818407118024
2022,CO2/CO/NOx,2022-02-20 06:00:00+01:00,1.661831654312726
2022,CO2/CO/NOx,2022-02-20 07:00:00+01:00,1.679591797024599
2022,CO2/CO/NOx,2022-02-20 08:00:00+01:00,1.6671783640204647
2022,CO2/CO/NOx,2022-02-20 09:00:00+01:00,1.5970343928836406
2022,CO2/CO/NOx,2022-02-20 10:00:00+01:00,1.5221840067462782
2022,CO2/CO/NOx,2022-02-20 11:00:00+01:00,1.4240681044795416
2022,CO2/CO/NOx,2022-02-20 12:00:00+01:00,1.3222761818899862
2022,CO2/CO/NOx,2022-02-20 13:00:00+01:00,1.2521169378400039
2022,CO2/CO/NOx,2022-02-20 14:00:00+01:00,1.2217176975462691
2022,CO2/CO/NOx,2022-02-20 15:00:00+01:00,1.2380830571423882
2022,CO2/CO/NOx,2022-02-20 16:00:00+01:00,1.2636097838122948
2022,CO2/CO/NOx,2022-02-20 17:00:00+01:00,1.3113896722841123
2022,CO2/CO/NOx,2022-02-20 18:00:00+01:00,1.3494943366018337
2022,CO2/CO/NOx,2022-02-20 19:00:00+01:00,1.3556620216003286
2022,CO2/CO/NOx,2022-02-20 20:00:00+01:00,1.3293917446482506
2022,CO2/CO/NOx,2022-02-20 21:00:00+01:00,1.2831021218459302
2022,CO2/CO/NOx,2022-02-20 22:00:00+01:00,1.2258921675927974
2022,CO2/CO/NOx,2022-02-20 23:00:00+01:00,1.1655262810072404
2022,CO2/CO/NOx,2022-02-21 00:00:00+01:00,1.0892725062457889
2022,CO2/CO/NOx,2022-02-21 01:00:00+01:00,1.0514880548776633
2022,CO2/CO/NOx,2022-02-21 02:00:00+01:00,1.063814161012823
2022,CO2/CO/NOx,2022-02-21 03:00:00+01:00,1.0975986544148644
2022,CO2/CO/NOx,2022-02-21 04:00:00+01:00,1.1816418125767503
2022,CO2/CO/NOx,2022-02-21 05:00:00+01:00,1.3000197003397798
2022,CO2/CO/NOx,2022-02-21 06:00:00+01:00,1.4494187276769732
2022,CO2/CO/NOx,2022-02-21 07:00:00+01:00,1.566914106654546
2022,CO2/CO/NOx,2022-02-21 08:00:00+01:00,1.6341557130031072
2022,CO2/CO/NOx,2022-02-21 09:00:00+01:00,1.6317753435146747
2022,CO2/CO/NOx,2022-02-21 10:00:00+01:00,1.6107005170310755
2022,CO2/CO/NOx,2022-02-21 11:00:00+01:00,1.5474753098402774
2022,CO2/CO/NOx,2022-02-21 12:00:00+01:00,1.4324072123172777
2022,CO2/CO/NOx,2022-02-21 13:00:00+01:00,1.3799087181170226
2022,CO2/CO/NOx,2022-02-21 14:00:00+01:00,1.3688929456874164
2022,CO2/CO/NOx,2022-02-21 15:00:00+01:00,1.4078237814498515
2022,CO2/CO/NOx,2022-02-21 16:00:00+01:00,1.4651949653541865
2022,CO2/CO/NOx,2022-02-21 17:00:00+01:00,1.533491593276926
2022,CO2/CO/NOx,2022-02-21 18:00:00+01:00,1.6132060323034434
2022,CO2/CO/NOx,2022-02-21 19:00:00+01:00,1.6476606112568555
2022,CO2/CO/NOx,2022-02-21 20:00:00+01:00,1.638313397749895
2022,CO2/CO/NOx,2022-02-21 21:00:00+01:00,1.5865016260158273
2022,CO2/CO/NOx,2022-02-21 22:00:00+01:00,1.5315187719166563
2022,CO2/CO/NOx,2022-02-21 23:00:00+01:00,1.4733632193265855
2022,CO2/CO/NOx,2022-02-22 00:00:00+01:00,1.4007742168514792
2022,CO2/CO/NOx,2022-02-22 01:00:00+01:00,1.3852916223898306
2022,CO2/CO/NOx,2022-02-22 02:00:00+01:00,1.409106229458258
2022,CO2/CO/NOx,2022-02-22 03:00:00+01:00,1.467736478665872
2022,CO2/CO/NOx,2022-02-22 04:00:00+01:00,1.5515947567768638
2022,CO2/CO/NOx,2022-02-22 05:00:00+01:00,1.6668283212559452
2022,CO2/CO/NOx,2022-02-22 06:00:00+01:00,1.7858366724274677
2022,CO2/CO/NOx,2022-02-22 07:00:00+01:00,1.8718913739121135
2022,CO2/CO/NOx,2022-02-22 08:00:00+01:00,1.9043072427606478
2022,CO2/CO/NOx,2022-02-22 09:00:00+01:00,1.862143404846905
2022,CO2/CO/NOx,2022-02-22 10:00:00+01:00,1.8084076732300878
2022,CO2/CO/NOx,2022-02-22 11:00:00+01:00,1.7254832328249456
2022,CO2/CO/NOx,2022-02-22 12:00:00+01:00,1.6319089124088857
2022,CO2/CO/NOx,2022-02-22 13:00:00+01:00,1.5893114860914912
2022,CO2/CO/NOx,2022-02-22 14:00:00+01:00,1.5756916270336774
2022,CO2/CO/NOx,2022-02-22 15:00:00+01:00,1.5943596026583746
2022,CO2/CO/NOx,2022-02-22 16:00:00+01:00,1.6155066119872161
2022,CO2/CO/NOx,2022-02-22 17:00:00+01:00,1.628128245896811
2022,CO2/CO/NOx,2022-02-22 18:00:00+01:00,1.6396052445292255
2022,CO2/CO/NOx,2022-02-22 19:00:00+01:00,1.605514408756876
2022,CO2/CO/NOx,2022-02-22 20:00:00+01:00,1.5358535685414625
2022,CO2/CO/NOx,2022-02-22 21:00:00+01:00,1.4453523859894941
2022,CO2/CO/NOx,2022-02-22 22:00:00+01:00,1.3560060643369687
2022,CO2/CO/NOx,2022-02-22 23:00:00+01:00,1.2746845166111027
2022,CO2/CO/NOx,2022-02-23 00:00:00+01:00,1.192578263735325
2022,CO2/CO/NOx,2022-02-23 01:00:00+01:00,1.1502424494302002
2022,CO2/CO/NOx,2022-02-23 02:00:00+01:00,1.1936299771442618
2022,CO2/CO/NOx,2022-02-23 03:00:00+01:00,1.297310743882085
2022,CO2/CO/NOx,2022-02-23 04:00:00+01:00,1.432621493665336
2022,CO2/CO/NOx,2022-02-23 05:00:00+01:00,1.5749138870966695
2022,CO2/CO/NOx,2022-02-23 06:00:00+01:00,1.7076020060721564
2022,CO2/CO/NOx,2022-02-23 07:00:00+01:00,1.7795447819883143
2022,CO2/CO/NOx,2022-02-23 08:00:00+01:00,1.7794955931790526
2022,CO2/CO/NOx,2022-02-23 09:00:00+01:00,1.6885069272032562
2022,CO2/CO/NOx,2022-02-23 10:00:00+01:00,1.5683119411787243
2022,CO2/CO/NOx,2022-02-23 11:00:00+01:00,1.4581909841696952
2022,CO2/CO/NOx,2022-02-23 12:00:00+01:00,1.3474382098399253
2022,CO2/CO/NOx,2022-02-23 13:00:00+01:00,1.292671995513826
2022,CO2/CO/NOx,2022-02-23 14:00:00+01:00,1.2631331697917907
2022,CO2/CO/NOx,2022-02-23 15:00:00+01:00,1.2795306698307214
2022,CO2/CO/NOx,2022-02-23 16:00:00+01:00,1.31223062976497
2022,CO2/CO/NOx,2022-02-23 17:00:00+01:00,1.355078243795606
2022,CO2/CO/NOx,2022-02-23 18:00:00+01:00,1.4235951065603891
2022,CO2/CO/NOx,2022-02-23 19:00:00+01:00,1.4579593386258296
2022,CO2/CO/NOx,2022-02-23 20:00:00+01:00,1.476270950678467
2022,CO2/CO/NOx,2022-02-23 21:00:00+01:00,1.4728461063884872
2022,CO2/CO/NOx,2022-02-23 22:00:00+01:00,1.4524303347183818
2022,CO2/CO/NOx,2022-02-23 23:00:00+01:00,1.4165469105900492
2022,CO2/CO/NOx,2022-02-24 00:00:00+01:00,1.355356527863647
2022,CO2/CO/NOx,2022-02-24 01:00:00+01:00,1.3464733273640246
2022,CO2/CO/NOx,2022-02-24 02:00:00+01:00,1.3814814992284752
2022,CO2/CO/NOx,2022-02-24 03:00:00+01:00,1.4841028405446135
2022,CO2/CO/NOx,2022-02-24 04:00:00+01:00,1.5876185381840338
2022,CO2/CO/NOx,2022-02-24 05:00:00+01:00,1.7006122918517077
2022,CO2/CO/NOx,2022-02-24 06:00:00+01:00,1.8071148330898494
2022,CO2/CO/NOx,2022-02-24 07:00:00+01:00,1.8203391840079024
2022,CO2/CO/NOx,2022-02-24 08:00:00+01:00,1.7531779440162403
2022,CO2/CO/NOx,2022-02-24 09:00:00+01:00,1.6033858725659524
2022,CO2/CO/NOx,2022-02-24 10:00:00+01:00,1.4624612823919232
2022,CO2/CO/NOx,2022-02-24 11:00:00+01:00,1.3295226765756396
2022,CO2/CO/NOx,2022-02-24 12:00:00+01:00,1.2285239421537322
2022,CO2/CO/NOx,2022-02-24 13:00:00+01:00,1.1813832817766792
2022,CO2/CO/NOx,2022-02-24 14:00:00+01:00,1.189737891994798
2022,CO2/CO/NOx,2022-02-24 15:00:00+01:00,1.2492243293960643
2022,CO2/CO/NOx,2022-02-24 16:00:00+01:00,1.2796654390312872
2022,CO2/CO/NOx,2022-02-24 17:00:00+01:00,1.3202835089697074
2022,CO2/CO/NOx,2022-02-24 18:00:00+01:00,1.3737103931028485
2022,CO2/CO/NOx,2022-02-24 19:00:00+01:00,1.360841125311297
2022,CO2/CO/NOx,2022-02-24 20:00:00+01:00,1.282386662763657
2022,CO2/CO/NOx,2022-02-24 21:00:00+01:00,1.2100293162864568
2022,CO2/CO/NOx,2022-02-24 22:00:00+01:00,1.1729562889867515
2022,CO2/CO/NOx,2022-02-24 23:00:00+01:00,1.17450520818588
2022,CO2/CO/NOx,2022-02-25 00:00:00+01:00,1.1862011142121638
2022,CO2/CO/NOx,2022-02-25 01:00:00+01:00,1.2538840796892874
2022,CO2/CO/NOx,2022-02-25 02:00:00+01:00,1.3802570786339665
2022,CO2/CO/NOx,2022-02-25 03:00:00+01:00,1.529214962303137
2022,CO2/CO/NOx,2022-02-25 04:00:00+01:00,1.6307701179892005
2022,CO2/CO/NOx,2022-02-25 05:00:00+01:00,1.6906834327890528
2022,CO2/CO/NOx,2022-02-25 06:00:00+01:00,1.7702820096465084
2022,CO2/CO/NOx,2022-02-25 07:00:00+01:00,1.797082915391345
2022,CO2/CO/NOx,2022-02-25 08:00:00+01:00,1.7724324638059408
2022,CO2/CO/NOx,2022-02-25 09:00:00+01:00,1.7052087185574167
2022,CO2/CO/NOx,2022-02-25 10:00:00+01:00,1.6582221199738472
2022,CO2/CO/NOx,2022-02-25 11:00:00+01:00,1.610920501265126
2022,CO2/CO/NOx,2022-02-25 12:00:00+01:00,1.5807126578910833
2022,CO2/CO/NOx,2022-02-25 13:00:00+01:00,1.600319490874766
2022,CO2/CO/NOx,2022-02-25 14:00:00+01:00,1.6454422094764372
2022,CO2/CO/NOx,2022-02-25 15:00:00+01:00,1.7146080069450995
2022,CO2/CO/NOx,2022-02-25 16:00:00+01:00,1.7449709446342747
2022,CO2/CO/NOx,2022-02-25 17:00:00+01:00,1.7701311266017083
2022,CO2/CO/NOx,2022-02-25 18:00:00+01:00,1.8218934352913305
2022,CO2/CO/NOx,2022-02-25 19:00:00+01:00,1.8132191367957307
2022,CO2/CO/NOx,2022-02-25 20:00:00+01:00,1.7643195066429596
2022,CO2/CO/NOx,2022-02-25 21:00:00+01:00,1.7138713552637745
2022,CO2/CO/NOx,2022-02-25 22:00:00+01:00,1.665073504676601
2022,CO2/CO/NOx,2022-02-25 23:00:00+01:00,1.6250780718716544
2022,CO2/CO/NOx,2022-02-26 00:00:00+01:00,1.5763356019178467
2022,CO2/CO/NOx,2022-02-26 01:00:00+01:00,1.5676429242859418
2022,CO2/CO/NOx,2022-02-26 02:00:00+01:00,1.6130475351642117
2022,CO2/CO/NOx,2022-02-26 03:00:00+01:00,1.6991115643848884
2022,CO2/CO/NOx,2022-02-26 04:00:00+01:00,1.7580340691358145
2022,CO2/CO/NOx,2022-02-26 05:00:00+01:00,1.8237984148177822
2022,CO2/CO/NOx,2022-02-26 06:00:00+01:00,1.8928666305949364
2022,CO2/CO/NOx,2022-02-26 07:00:00+01:00,1.9230622561021482
2022,CO2/CO/NOx,2022-02-26 08:00:00+01:00,1.9188260613710286
2022,CO2/CO/NOx,2022-02-26 09:00:00+01:00,1.8744683945742435
2022,CO2/CO/NOx,2022-02-26 10:00:00+01:00,1.85221462547432
2022,CO2/CO/NOx,2022-02-26 11:00:00+01:00,1.81950633501018
2022,CO2/CO/NOx,2022-02-26 12:00:00+01:00,1.781728831075358
2022,CO2/CO/NOx,2022-02-26 13:00:00+01:00,1.7716821042659783
2022,CO2/CO/NOx,2022-02-26 14:00:00+01:00,1.7890868014827468
2022,CO2/CO/NOx,2022-02-26 15:00:00+01:00,1.8256919513990573
2022,CO2/CO/NOx,2022-02-26 16:00:00+01:00,1.8409531027917498
2022,CO2/CO/NOx,2022-02-26 17:00:00+01:00,1.8550443801156722
2022,CO2/CO/NOx,2022-02-26 18:00:00+01:00,1.8788482485565443
2022,CO2/CO/NOx,2022-02-26 19:00:00+01:00,1.8822585238999727
2022,CO2/CO/NOx,2022-02-26 20:00:00+01:00,1.8635011501867507
2022,CO2/CO/NOx,2022-02-26 21:00:00+01:00,1.835973910917564
2022,CO2/CO/NOx,2022-02-26 22:00:00+01:00,1.8181710530517252
2022,CO2/CO/NOx,2022-02-26 23:00:00+01:00,1.805342696513381
2022,CO2/CO/NOx,2022-02-27 00:00:00+01:00,1.7785940759873011
2022,CO2/CO/NOx,2022-02-27 01:00:00+01:00,1.7707323380313138
2022,CO2/CO/NOx,2022-02-27 02:00:00+01:00,1.798009724963468
2022,CO2/CO/NOx,2022-02-27 03:00:00+01:00,1.8559522203170993
2022,CO2/CO/NOx,2022-02-27 04:00:00+01:00,1.9181665875305256
2022,CO2/CO/NOx,2022-02-27 05:00:00+01:00,1.990413220936648
2022,CO2/CO/NOx,2022-02-27 06:00:00+01:00,2.0389115677208327
2022,CO2/CO/NOx,2022-02-27 07:00:00+01:00,2.056249886489558
2022,CO2/CO/NOx,2022-02-27 08:00:00+01:00,2.0344274754286533
2022,CO2/CO/NOx,2022-02-27 09:00:00+01:00,1.9560981621855003
2022,CO2/CO/NOx,2022-02-27 10:00:00+01:00,1.882688865181233
2022,CO2/CO/NOx,2022-02-27 11:00:00+01:00,1.811236560369743
2022,CO2/CO/NOx,2022-02-27 12:00:00+01:00,1.7464876522703927
2022,CO2/CO/NOx,2022-02-27 13:00:00+01:00,1.7029637491148324
2022,CO2/CO/NOx,2022-02-27 14:00:00+01:00,1.7100547209048729
2022,CO2/CO/NOx,2022-02-27 15:00:00+01:00,1.7496246908832844
2022,CO2/CO/NOx,2022-02-27 16:00:00+01:00,1.8152107383968445
2022,CO2/CO/NOx,2022-02-27 17:00:00+01:00,1.8782973234130906
2022,CO2/CO/NOx,2022-02-27 18:00:00+01:00,1.935887524928716
2022,CO2/CO/NOx,2022-02-27 19:00:00+01:00,1.9459252307627075
2022,CO2/CO/NOx,2022-02-27 20:00:00+01:00,1.935502896314439
2022,CO2/CO/NOx,2022-02-27 21:00:00+01:00,1.8882411157984778
2022,CO2/CO/NOx,2022-02-27 22:00:00+01:00,1.8295948588074158
2022,CO2/CO/NOx,2022-02-27 23:00:00+01:00,1.803879065210017
2022,CO2/CO/NOx,2022-02-28 00:00:00+01:00,1.7615424088396099
2022,CO2/CO/NOx,2022-02-28 01:00:00+01:00,1.797822206057854
2022,CO2/CO/NOx,2022-02-28 02:00:00+01:00,1.875444693296944
2022,CO2/CO/NOx,2022-02-28 03:00:00+01:00,1.9996087627903811
2022,CO2/CO/NOx,2022-02-28 04:00:00+01:00,2.1012400014377586
2022,CO2/CO/NOx,2022-02-28 05:00:00+01:00,2.221984766584715
2022,CO2/CO/NOx,2022-02-28 06:00:00+01:00,2.323069001129878
2022,CO2/CO/NOx,2022-02-28 07:00:00+01:00,2.345340315961506
2022,CO2/CO/NOx,2022-02-28 08:00:00+01:00,2.2946859614646016
2022,CO2/CO/NOx,2022-02-28 09:00:00+01:00,2.1622818012066336
2022,CO2/CO/NOx,2022-02-28 10:00:00+01:00,2.0574129557477083
2022,CO2/CO/NOx,2022-02-28 11:00:00+01:00,1.944553212153442
2022,CO2/CO/NOx,2022-02-28 12:00:00+01:00,1.8476124123726692
2022,CO2/CO/NOx,2022-02-28 13:00:00+01:00,1.777860484223667
2022,CO2/CO/NOx,2022-02-28 14:00:00+01:00,1.7807669464701366
2022,CO2/CO/NOx,2022-02-28 15:00:00+01:00,1.8344404789635187
2022,CO2/CO/NOx,2022-02-28 16:00:00+01:00,1.892483094635805
2022,CO2/CO/NOx,2022-02-28 17:00:00+01:00,1.9530998825995953
2022,CO2/CO/NOx,2022-02-28 18:00:00+01:00,2.0213478618431573
2022,CO2/CO/NOx,2022-02-28 19:00:00+01:00,2.0561300611518614
2022,CO2/CO/NOx,2022-02-28 20:00:00+01:00,2.0361270630766555
2022,CO2/CO/NOx,2022-02-28 21:00:00+01:00,1.9718977740958266
2022,CO2/CO/NOx,2022-02-28 22:00:00+01:00,1.881937221071904
2022,CO2/CO/NOx,2022-02-28 23:00:00+01:00,1.8125825207049906
2022,CO2/CO/NOx,2022-03-01 00:00:00+01:00,1.733376346171153
2022,CO2/CO/NOx,2022-03-01 01:00:00+01:00,1.7145909866206965
2022,CO2/CO/NOx,2022-03-01 02:00:00+01:00,1.748561206825583
2022,CO2/CO/NOx,2022-03-01 03:00:00+01:00,1.8380133769320173
2022,CO2/CO/NOx,2022-03-01 04:00:00+01:00,1.9500499793131152
2022,CO2/CO/NOx,2022-03-01 05:00:00+01:00,2.051549081501719
2022,CO2/CO/NOx,2022-03-01 06:00:00+01:00,2.1530314010230853
2022,CO2/CO/NOx,2022-03-01 07:00:00+01:00,2.1962785017121633
2022,CO2/CO/NOx,2022-03-01 08:00:00+01:00,2.1776701030094086
2022,CO2/CO/NOx,2022-03-01 09:00:00+01:00,2.0743653504657424
2022,CO2/CO/NOx,2022-03-01 10:00:00+01:00,1.9570215176910353
2022,CO2/CO/NOx,2022-03-01 11:00:00+01:00,1.82821919083169
2022,CO2/CO/NOx,2022-03-01 12:00:00+01:00,1.6884115554775825
2022,CO2/CO/NOx,2022-03-01 13:00:00+01:00,1.5878175296914718
2022,CO2/CO/NOx,2022-03-01 14:00:00+01:00,1.5464837639504858
2022,CO2/CO/NOx,2022-03-01 15:00:00+01:00,1.5930165629336508
2022,CO2/CO/NOx,2022-03-01 16:00:00+01:00,1.6616492724640781
2022,CO2/CO/NOx,2022-03-01 17:00:00+01:00,1.7522243893059748
2022,CO2/CO/NOx,2022-03-01 18:00:00+01:00,1.850272132762899
2022,CO2/CO/NOx,2022-03-01 19:00:00+01:00,1.9084762774317736
2022,CO2/CO/NOx,2022-03-01 20:00:00+01:00,1.9179586035263798
2022,CO2/CO/NOx,2022-03-01 21:00:00+01:00,1.8773337889232595
2022,CO2/CO/NOx,2022-03-01 22:00:00+01:00,1.8046224633290586
2022,CO2/CO/NOx,2022-03-01 23:00:00+01:00,1.757114084172856
2022,CO2/CO/NOx,2022-03-02 00:00:00+01:00,1.71786535149386
2022,CO2/CO/NOx,2022-03-02 01:00:00+01:00,1.724868695410526
2022,CO2/CO/NOx,2022-03-02 02:00:00+01:00,1.788599277310375
2022,CO2/CO/NOx,2022-03-02 03:00:00+01:00,1.8915745659646708
2022,CO2/CO/NOx,2022-03-02 04:00:00+01:00,1.9725084914964546
2022,CO2/CO/NOx,2022-03-02 05:00:00+01:00,2.069024894161796
2022,CO2/CO/NOx,2022-03-02 06:00:00+01:00,2.132791845888591
2022,CO2/CO/NOx,2022-03-02 07:00:00+01:00,2.1489016576293416
2022,CO2/CO/NOx,2022-03-02 08:00:00+01:00,2.1250151007611553
2022,CO2/CO/NOx,2022-03-02 09:00:00+01:00,2.03139699766916
2022,CO2/CO/NOx,2022-03-02 10:00:00+01:00,1.9369302704214688
2022,CO2/CO/NOx,2022-03-02 11:00:00+01:00,1.8355055918982242
2022,CO2/CO/NOx,2022-03-02 12:00:00+01:00,1.7405220845005542
2022,CO2/CO/NOx,2022-03-02 13:00:00+01:00,1.6516231927692466
2022,CO2/CO/NOx,2022-03-02 14:00:00+01:00,1.623949174360868
2022,CO2/CO/NOx,2022-03-02 15:00:00+01:00,1.6377953072483293
2022,CO2/CO/NOx,2022-03-02 16:00:00+01:00,1.7016632772901201
2022,CO2/CO/NOx,2022-03-02 17:00:00+01:00,1.7689603578625017
2022,CO2/CO/NOx,2022-03-02 18:00:00+01:00,1.8507757003681546
2022,CO2/CO/NOx,2022-03-02 19:00:00+01:00,1.8846250307284083
2022,CO2/CO/NOx,2022-03-02 20:00:00+01:00,1.8962521086383102
2022,CO2/CO/NOx,2022-03-02 21:00:00+01:00,1.8717999868940733
2022,CO2/CO/NOx,2022-03-02 22:00:00+01:00,1.8091992705216888
2022,CO2/CO/NOx,2022-03-02 23:00:00+01:00,1.7604207643905017
2022,CO2/CO/NOx,2022-03-03 00:00:00+01:00,1.7146385081613076
2022,CO2/CO/NOx,2022-03-03 01:00:00+01:00,1.7470632886067001
2022,CO2/CO/NOx,2022-03-03 02:00:00+01:00,1.8141916890405259
2022,CO2/CO/NOx,2022-03-03 03:00:00+01:00,1.9235371318528947
2022,CO2/CO/NOx,2022-03-03 04:00:00+01:00,2.013010270885067
2022,CO2/CO/NOx,2022-03-03 05:00:00+01:00,2.1150788908375735
2022,CO2/CO/NOx,2022-03-03 06:00:00+01:00,2.172551053480804
2022,CO2/CO/NOx,2022-03-03 07:00:00+01:00,2.1581794982584803
2022,CO2/CO/NOx,2022-03-03 08:00:00+01:00,2.0950131822199043
2022,CO2/CO/NOx,2022-03-03 09:00:00+01:00,1.98186328038385
2022,CO2/CO/NOx,2022-03-03 10:00:00+01:00,1.858682808876668
2022,CO2/CO/NOx,2022-03-03 11:00:00+01:00,1.7001611576544924
2022,CO2/CO/NOx,2022-03-03 12:00:00+01:00,1.5316925450654928
2022,CO2/CO/NOx,2022-03-03 13:00:00+01:00,1.3775708568072498
2022,CO2/CO/NOx,2022-03-03 14:00:00+01:00,1.301446065361681
2022,CO2/CO/NOx,2022-03-03 15:00:00+01:00,1.2971419450538684
2022,CO2/CO/NOx,2022-03-03 16:00:00+01:00,1.358950009701667
2022,CO2/CO/NOx,2022-03-03 17:00:00+01:00,1.4745007580822498
2022,CO2/CO/NOx,2022-03-03 18:00:00+01:00,1.6309098291109947
2022,CO2/CO/NOx,2022-03-03 19:00:00+01:00,1.727806872259501
2022,CO2/CO/NOx,2022-03-03 20:00:00+01:00,1.789761202182758
2022,CO2/CO/NOx,2022-03-03 21:00:00+01:00,1.766256986457488
2022,CO2/CO/NOx,2022-03-03 22:00:00+01:00,1.6914284318063082
2022,CO2/CO/NOx,2022-03-03 23:00:00+01:00,1.6199578197981561
2022,CO2/CO/NOx,2022-03-04 00:00:00+01:00,1.5456948315278627
2022,CO2/CO/NOx,2022-03-04 01:00:00+01:00,1.5071184429629303
2022,CO2/CO/NOx,2022-03-04 02:00:00+01:00,1.5591455572198856
2022,CO2/CO/NOx,2022-03-04 03:00:00+01:00,1.6737363827775602
2022,CO2/CO/NOx,2022-03-04 04:00:00+01:00,1.811422730718469
2022,CO2/CO/NOx,2022-03-04 05:00:00+01:00,1.97543065529675
2022,CO2/CO/NOx,2022-03-04 06:00:00+01:00,2.0695282888316187
2022,CO2/CO/NOx,2022-03-04 07:00:00+01:00,2.0998957470873156
2022,CO2/CO/NOx,2022-03-04 08:00:00+01:00,2.047303612292561
2022,CO2/CO/NOx,2022-03-04 09:00:00+01:00,1.9207077861751034
2022,CO2/CO/NOx,2022-03-04 10:00:00+01:00,1.7787331489259481
2022,CO2/CO/NOx,2022-03-04 11:00:00+01:00,1.6827884552820351
2022,CO2/CO/NOx,2022-03-04 12:00:00+01:00,1.6065898052682845
2022,CO2/CO/NOx,2022-03-04 13:00:00+01:00,1.5642081879534222
2022,CO2/CO/NOx,2022-03-04 14:00:00+01:00,1.578669563332123
2022,CO2/CO/NOx,2022-03-04 15:00:00+01:00,1.6189202430994944
2022,CO2/CO/NOx,2022-03-04 16:00:00+01:00,1.677640431525932
2022,CO2/CO/NOx,2022-03-04 17:00:00+01:00,1.735196469012
2022,CO2/CO/NOx,2022-03-04 18:00:00+01:00,1.8110583755364633
2022,CO2/CO/NOx,2022-03-04 19:00:00+01:00,1.8622736782394964
2022,CO2/CO/NOx,2022-03-04 20:00:00+01:00,1.8691553054230592
2022,CO2/CO/NOx,2022-03-04 21:00:00+01:00,1.8381395376309881
2022,CO2/CO/NOx,2022-03-04 22:00:00+01:00,1.7722883564304674
2022,CO2/CO/NOx,2022-03-04 23:00:00+01:00,1.7175397294804622
2022,CO2/CO/NOx,2022-03-05 00:00:00+01:00,1.6815516843782283
2022,CO2/CO/NOx,2022-03-05 01:00:00+01:00,1.684915130950572
2022,CO2/CO/NOx,2022-03-05 02:00:00+01:00,1.724351789551907
2022,CO2/CO/NOx,2022-03-05 03:00:00+01:00,1.798373793132354
2022,CO2/CO/NOx,2022-03-05 04:00:00+01:00,1.8837654139695683
2022,CO2/CO/NOx,2022-03-05 05:00:00+01:00,1.9452909049322398
2022,CO2/CO/NOx,2022-03-05 06:00:00+01:00,1.990750939715497
2022,CO2/CO/NOx,2022-03-05 07:00:00+01:00,1.9865794015695017
2022,CO2/CO/NOx,2022-03-05 08:00:00+01:00,1.9576584734305174
2022,CO2/CO/NOx,2022-03-05 09:00:00+01:00,1.8959601720088093
2022,CO2/CO/NOx,2022-03-05 10:00:00+01:00,1.8357931935482816
2022,CO2/CO/NOx,2022-03-05 11:00:00+01:00,1.7552265670810927
2022,CO2/CO/NOx,2022-03-05 12:00:00+01:00,1.6846468628164162
2022,CO2/CO/NOx,2022-03-05 13:00:00+01:00,1.6661444490869581
2022,CO2/CO/NOx,2022-03-05 14:00:00+01:00,1.6620136073069167
2022,CO2/CO/NOx,2022-03-05 15:00:00+01:00,1.7042670950965366
2022,CO2/CO/NOx,2022-03-05 16:00:00+01:00,1.7519213982634378
2022,CO2/CO/NOx,2022-03-05 17:00:00+01:00,1.816881086655824
2022,CO2/CO/NOx,2022-03-05 18:00:00+01:00,1.8709478873443368
2022,CO2/CO/NOx,2022-03-05 19:00:00+01:00,1.8895088572280307
2022,CO2/CO/NOx,2022-03-05 20:00:00+01:00,1.870545449205423
2022,CO2/CO/NOx,2022-03-05 21:00:00+01:00,1.837215490290536
2022,CO2/CO/NOx,2022-03-05 22:00:00+01:00,1.7848031228629484
2022,CO2/CO/NOx,2022-03-05 23:00:00+01:00,1.7426790195175257
2022,CO2/CO/NOx,2022-03-06 00:00:00+01:00,1.7272543738097412
2022,CO2/CO/NOx,2022-03-06 01:00:00+01:00,1.7416768787801804
2022,CO2/CO/NOx,2022-03-06 02:00:00+01:00,1.7996106317661844
2022,CO2/CO/NOx,2022-03-06 03:00:00+01:00,1.8659898708030644
2022,CO2/CO/NOx,2022-03-06 04:00:00+01:00,1.9232917771206643
2022,CO2/CO/NOx,2022-03-06 05:00:00+01:00,1.9844775565861945
2022,CO2/CO/NOx,2022-03-06 06:00:00+01:00,2.0129166711545428
2022,CO2/CO/NOx,2022-03-06 07:00:00+01:00,2.0090835925198665
2022,CO2/CO/NOx,2022-03-06 08:00:00+01:00,1.98158174425677
2022,CO2/CO/NOx,2022-03-06 09:00:00+01:00,1.933571313287477
2022,CO2/CO/NOx,2022-03-06 10:00:00+01:00,1.87467551968248
2022,CO2/CO/NOx,2022-03-06 11:00:00+01:00,1.8264898927969186
2022,CO2/CO/NOx,2022-03-06 12:00:00+01:00,1.769361514650912
2022,CO2/CO/NOx,2022-03-06 13:00:00+01:00,1.7447456125005862
2022,CO2/CO/NOx,2022-03-06 14:00:00+01:00,1.7574785899556702
2022,CO2/CO/NOx,2022-03-06 15:00:00+01:00,1.7821274652745376
2022,CO2/CO/NOx,2022-03-06 16:00:00+01:00,1.8303471023443605
2022,CO2/CO/NOx,2022-03-06 17:00:00+01:00,1.8800740237563767
2022,CO2/CO/NOx,2022-03-06 18:00:00+01:00,1.9491363165355995
2022,CO2/CO/NOx,2022-03-06 19:00:00+01:00,1.956593368404781
2022,CO2/CO/NOx,2022-03-06 20:00:00+01:00,1.9482343748355688
2022,CO2/CO/NOx,2022-03-06 21:00:00+01:00,1.9118669256933325
2022,CO2/CO/NOx,2022-03-06 22:00:00+01:00,1.8682097204031334
2022,CO2/CO/NOx,2022-03-06 23:00:00+01:00,1.841246762455979
2022,CO2/CO/NOx,2022-03-07 00:00:00+01:00,1.8046662735598857
2022,CO2/CO/NOx,2022-03-07 01:00:00+01:00,1.8214320306299696
2022,CO2/CO/NOx,2022-03-07 02:00:00+01:00,1.8866973241798408
2022,CO2/CO/NOx,2022-03-07 03:00:00+01:00,1.985047039369664
2022,CO2/CO/NOx,2022-03-07 04:00:00+01:00,2.0664979213050967
2022,CO2/CO/NOx,2022-03-07 05:00:00+01:00,2.1473820964613295
2022,CO2/CO/NOx,2022-03-07 06:00:00+01:00,2.1904440392426023
2022,CO2/CO/NOx,2022-03-07 07:00:00+01:00,2.213957982658856
2022,CO2/CO/NOx,2022-03-07 08:00:00+01:00,2.2515015517306547
2022,CO2/CO/NOx,2022-03-07 09:00:00+01:00,2.228743139755821
2022,CO2/CO/NOx,2022-03-07 10:00:00+01:00,2.2049230934974275
2022,CO2/CO/NOx,2022-03-07 11:00:00+01:00,2.173219952305487
2022,CO2/CO/NOx,2022-03-07 12:00:00+01:00,2.123530247311833
2022,CO2/CO/NOx,2022-03-07 13:00:00+01:00,2.0889572603618425
2022,CO2/CO/NOx,2022-03-07 14:00:00+01:00,2.0621164874855356
2022,CO2/CO/NOx,2022-03-07 15:00:00+01:00,2.059806712609799
2022,CO2/CO/NOx,2022-03-07 16:00:00+01:00,2.091612759731831
2022,CO2/CO/NOx,2022-03-07 17:00:00+01:00,2.1494359018143965
2022,CO2/CO/NOx,2022-03-07 18:00:00+01:00,2.196061676942805
2022,CO2/CO/NOx,2022-03-07 19:00:00+01:00,2.199407267169509
2022,CO2/CO/NOx,2022-03-07 20:00:00+01:00,2.170418485715952
2022,CO2/CO/NOx,2022-03-07 21:00:00+01:00,2.1215686782363403
2022,CO2/CO/NOx,2022-03-07 22:00:00+01:00,2.0689218859464744
2022,CO2/CO/NOx,2022-03-07 23:00:00+01:00,2.0147924459010875
2022,CO2/CO/NOx,2022-03-08 00:00:00+01:00,1.9566633481657834
2022,CO2/CO/NOx,2022-03-08 01:00:00+01:00,1.9332508366039034
2022,CO2/CO/NOx,2022-03-08 02:00:00+01:00,1.9453285760359202
2022,CO2/CO/NOx,2022-03-08 03:00:00+01:00,2.002854279347799
2022,CO2/CO/NOx,2022-03-08 04:00:00+01:00,2.0731990053758276
2022,CO2/CO/NOx,2022-03-08 05:00:00+01:00,2.1575433189509923
2022,CO2/CO/NOx,2022-03-08 06:00:00+01:00,2.249287399538178
2022,CO2/CO/NOx,2022-03-08 07:00:00+01:00,2.277915624917724
2022,CO2/CO/NOx,2022-03-08 08:00:00+01:00,2.2456962280677266
2022,CO2/CO/NOx,2022-03-08 09:00:00+01:00,2.1448241376356916
2022,CO2/CO/NOx,2022-03-08 10:00:00+01:00,2.0310626102288434
2022,CO2/CO/NOx,2022-03-08 11:00:00+01:00,1.9020157083072609
2022,CO2/CO/NOx,2022-03-08 12:00:00+01:00,1.7776296422313984
2022,CO2/CO/NOx,2022-03-08 13:00:00+01:00,1.7110735058734612
2022,CO2/CO/NOx,2022-03-08 14:00:00+01:00,1.6877661721478288
2022,CO2/CO/NOx,2022-03-08 15:00:00+01:00,1.7197616362601797
2022,CO2/CO/NOx,2022-03-08 16:00:00+01:00,1.7657683460563975
2022,CO2/CO/NOx,2022-03-08 17:00:00+01:00,1.8210783555028167
2022,CO2/CO/NOx,2022-03-08 18:00:00+01:00,1.883454190829156
2022,CO2/CO/NOx,2022-03-08 19:00:00+01:00,1.9059305391216774
2022,CO2/CO/NOx,2022-03-08 20:00:00+01:00,1.8933167137175102
2022,CO2/CO/NOx,2022-03-08 21:00:00+01:00,1.8524235644225882
2022,CO2/CO/NOx,2022-03-08 22:00:00+01:00,1.804709030782656
2022,CO2/CO/NOx,2022-03-08 23:00:00+01:00,1.7679625185154513
2022,CO2/CO/NOx,2022-03-09 00:00:00+01:00,1.7307233393851973
2022,CO2/CO/NOx,2022-03-09 01:00:00+01:00,1.7339928594076501
2022,CO2/CO/NOx,2022-03-09 02:00:00+01:00,1.786480696777049
2022,CO2/CO/NOx,2022-03-09 03:00:00+01:00,1.8819755209476858
2022,CO2/CO/NOx,2022-03-09 04:00:00+01:00,1.9804924871141758
2022,CO2/CO/NOx,2022-03-09 05:00:00+01:00,2.047158629519544
2022,CO2/CO/NOx,2022-03-09 06:00:00+01:00,2.099451599120504
2022,CO2/CO/NOx,2022-03-09 07:00:00+01:00,2.0931087178149217
2022,CO2/CO/NOx,2022-03-09 08:00:00+01:00,2.038311938775188
2022,CO2/CO/NOx,2022-03-09 09:00:00+01:00,1.8809729026966053
2022,CO2/CO/NOx,2022-03-09 10:00:00+01:00,1.7016664870123623
2022,CO2/CO/NOx,2022-03-09 11:00:00+01:00,1.520300780621906
2022,CO2/CO/NOx,2022-03-09 12:00:00+01:00,1.3539754181449042
2022,CO2/CO/NOx,2022-03-09 13:00:00+01:00,1.2207439287765398
2022,CO2/CO/NOx,2022-03-09 14:00:00+01:00,1.1174335285894927
2022,CO2/CO/NOx,2022-03-09 15:00:00+01:00,1.1004342693796205
2022,CO2/CO/NOx,2022-03-09 16:00:00+01:00,1.1442298648581115
2022,CO2/CO/NOx,2022-03-09 17:00:00+01:00,1.2618291901839243
2022,CO2/CO/NOx,2022-03-09 18:00:00+01:00,1.4058345849996416
2022,CO2/CO/NOx,2022-03-09 19:00:00+01:00,1.5134907281523262
2022,CO2/CO/NOx,2022-03-09 20:00:00+01:00,1.585164490470787
2022,CO2/CO/NOx,2022-03-09 21:00:00+01:00,1.6071017914719856
2022,CO2/CO/NOx,2022-03-09 22:00:00+01:00,1.5803100350115697
2022,CO2/CO/NOx,2022-03-09 23:00:00+01:00,1.536567404449809
2022,CO2/CO/NOx,2022-03-10 00:00:00+01:00,1.4882569732983573
2022,CO2/CO/NOx,2022-03-10 01:00:00+01:00,1.474529622029577
2022,CO2/CO/NOx,2022-03-10 02:00:00+01:00,1.511749728658955
2022,CO2/CO/NOx,2022-03-10 03:00:00+01:00,1.6286454053188206
2022,CO2/CO/NOx,2022-03-10 04:00:00+01:00,1.7586317458821417
2022,CO2/CO/NOx,2022-03-10 05:00:00+01:00,1.8690323206273451
2022,CO2/CO/NOx,2022-03-10 06:00:00+01:00,1.9419258799576753
2022,CO2/CO/NOx,2022-03-10 07:00:00+01:00,1.9578745589208786
2022,CO2/CO/NOx,2022-03-10 08:00:00+01:00,1.865118089398778
2022,CO2/CO/NOx,2022-03-10 09:00:00+01:00,1.6888590857380001
2022,CO2/CO/NOx,2022-03-10 10:00:00+01:00,1.4831389486888884
2022,CO2/CO/NOx,2022-03-10 11:00:00+01:00,1.275474017320998
2022,CO2/CO/NOx,2022-03-10 12:00:00+01:00,1.1347088542551749
2022,CO2/CO/NOx,2022-03-10 13:00:00+01:00,1.0596581833097265
2022,CO2/CO/NOx,2022-03-10 14:00:00+01:00,1.0102454078598029
2022,CO2/CO/NOx,2022-03-10 15:00:00+01:00,1.0252857890905192
2022,CO2/CO/NOx,2022-03-10 16:00:00+01:00,1.09196070420161
2022,CO2/CO/NOx,2022-03-10 17:00:00+01:00,1.15828412605518
2022,CO2/CO/NOx,2022-03-10 18:00:00+01:00,1.2510008067509766
2022,CO2/CO/NOx,2022-03-10 19:00:00+01:00,1.3291191430939588
2022,CO2/CO/NOx,2022-03-10 20:00:00+01:00,1.3786090703113423
2022,CO2/CO/NOx,2022-03-10 21:00:00+01:00,1.4102454416764396
2022,CO2/CO/NOx,2022-03-10 22:00:00+01:00,1.4163978791615062
2022,CO2/CO/NOx,2022-03-10 23:00:00+01:00,1.4113113385287435
2022,CO2/CO/NOx,2022-03-11 00:00:00+01:00,1.3922215330773664
2022,CO2/CO/NOx,2022-03-11 01:00:00+01:00,1.4351910133497727
2022,CO2/CO/NOx,2022-03-11 02:00:00+01:00,1.482393560093824
2022,CO2/CO/NOx,2022-03-11 03:00:00+01:00,1.5831324354539906
2022,CO2/CO/NOx,2022-03-11 04:00:00+01:00,1.6996631145153218
2022,CO2/CO/NOx,2022-03-11 05:00:00+01:00,1.8258289817041642
2022,CO2/CO/NOx,2022-03-11 06:00:00+01:00,1.9271540216298195
2022,CO2/CO/NOx,2022-03-11 07:00:00+01:00,1.9555661537840698
2022,CO2/CO/NOx,2022-03-11 08:00:00+01:00,1.9263476203132157
2022,CO2/CO/NOx,2022-03-11 09:00:00+01:00,1.8315337215538596
2022,CO2/CO/NOx,2022-03-11 10:00:00+01:00,1.691527278728707
2022,CO2/CO/NOx,2022-03-11 11:00:00+01:00,1.4884726508830552
2022,CO2/CO/NOx,2022-03-11 12:00:00+01:00,1.313117232517356
2022,CO2/CO/NOx,2022-03-11 13:00:00+01:00,1.186592012222192
2022,CO2/CO/NOx,2022-03-11 14:00:00+01:00,1.111777641612613
2022,CO2/CO/NOx,2022-03-11 15:00:00+01:00,1.1029711530996444
2022,CO2/CO/NOx,2022-03-11 16:00:00+01:00,1.1633035993012752
2022,CO2/CO/NOx,2022-03-11 17:00:00+01:00,1.2797246907951454
2022,CO2/CO/NOx,2022-03-11 18:00:00+01:00,1.4479786657613338
2022,CO2/CO/NOx,2022-03-11 19:00:00+01:00,1.5850266141456586
2022,CO2/CO/NOx,2022-03-11 20:00:00+01:00,1.658683367938098
2022,CO2/CO/NOx,2022-03-11 21:00:00+01:00,1.6616941183084837
2022,CO2/CO/NOx,2022-03-11 22:00:00+01:00,1.6218825724559192
2022,CO2/CO/NOx,2022-03-11 23:00:00+01:00,1.5525134277176964
2022,CO2/CO/NOx,2022-03-12 00:00:00+01:00,1.4855105031591245
2022,CO2/CO/NOx,2022-03-12 01:00:00+01:00,1.4587003080890049
2022,CO2/CO/NOx,2022-03-12 02:00:00+01:00,1.4883242687138782
2022,CO2/CO/NOx,2022-03-12 03:00:00+01:00,1.590168466273841
2022,CO2/CO/NOx,2022-03-12 04:00:00+01:00,1.7200895453255765
2022,CO2/CO/NOx,2022-03-12 05:00:00+01:00,1.823046209409323
2022,CO2/CO/NOx,2022-03-12 06:00:00+01:00,1.882862087333276
2022,CO2/CO/NOx,2022-03-12 07:00:00+01:00,1.8990410147529995
2022,CO2/CO/NOx,2022-03-12 08:00:00+01:00,1.8644351760818982
2022,CO2/CO/NOx,2022-03-12 09:00:00+01:00,1.7270729592833411
2022,CO2/CO/NOx,2022-03-12 10:00:00+01:00,1.5547929272558034
2022,CO2/CO/NOx,2022-03-12 11:00:00+01:00,1.3832933403378982
2022,CO2/CO/NOx,2022-03-12 12:00:00+01:00,1.23184831462203
2022,CO2/CO/NOx,2022-03-12 13:00:00+01:00,1.1293350879324977
2022,CO2/CO/NOx,2022-03-12 14:00:00+01:00,1.0541957986510626
2022,CO2/CO/NOx,2022-03-12 15:00:00+01:00,1.031048180919838
2022,CO2/CO/NOx,2022-03-12 16:00:00+01:00,1.0552237756625154
2022,CO2/CO/NOx,2022-03-12 17:00:00+01:00,1.1314793293417755
2022,CO2/CO/NOx,2022-03-12 18:00:00+01:00,1.2332314787557357
2022,CO2/CO/NOx,2022-03-12 19:00:00+01:00,1.3466635546785044
2022,CO2/CO/NOx,2022-03-12 20:00:00+01:00,1.4286935626643036
2022,CO2/CO/NOx,2022-03-12 21:00:00+01:00,1.477945010944077
2022,CO2/CO/NOx,2022-03-12 22:00:00+01:00,1.504155986713106
2022,CO2/CO/NOx,2022-03-12 23:00:00+01:00,1.4874046704173942
2022,CO2/CO/NOx,2022-03-13 00:00:00+01:00,1.4452585093336785
2022,CO2/CO/NOx,2022-03-13 01:00:00+01:00,1.419556354917279
2022,CO2/CO/NOx,2022-03-13 02:00:00+01:00,1.4342651927222372
2022,CO2/CO/NOx,2022-03-13 03:00:00+01:00,1.4945221992492983
2022,CO2/CO/NOx,2022-03-13 04:00:00+01:00,1.5948230429950745
2022,CO2/CO/NOx,2022-03-13 05:00:00+01:00,1.6759525968592253
2022,CO2/CO/NOx,2022-03-13 06:00:00+01:00,1.7360204800259464
2022,CO2/CO/NOx,2022-03-13 07:00:00+01:00,1.763753234768427
2022,CO2/CO/NOx,2022-03-13 08:00:00+01:00,1.7024897991039387
2022,CO2/CO/NOx,2022-03-13 09:00:00+01:00,1.5678439568243363
2022,CO2/CO/NOx,2022-03-13 10:00:00+01:00,1.4093882281571661
2022,CO2/CO/NOx,2022-03-13 11:00:00+01:00,1.233425804547973
2022,CO2/CO/NOx,2022-03-13 12:00:00+01:00,1.064147638604356
2022,CO2/CO/NOx,2022-03-13 13:00:00+01:00,0.9728588609339223
2022,CO2/CO/NOx,2022-03-13 14:00:00+01:00,0.9247460544922874
2022,CO2/CO/NOx,2022-03-13 15:00:00+01:00,0.9426938810409984
2022,CO2/CO/NOx,2022-03-13 16:00:00+01:00,0.9978462077148124
2022,CO2/CO/NOx,2022-03-13 17:00:00+01:00,1.0536336753658389
2022,CO2/CO/NOx,2022-03-13 18:00:00+01:00,1.125248446521244
2022,CO2/CO/NOx,2022-03-13 19:00:00+01:00,1.2028351909900028
2022,CO2/CO/NOx,2022-03-13 20:00:00+01:00,1.2707120208806129
2022,CO2/CO/NOx,2022-03-13 21:00:00+01:00,1.3140411574666608
2022,CO2/CO/NOx,2022-03-13 22:00:00+01:00,1.3606839105836357
2022,CO2/CO/NOx,2022-03-13 23:00:00+01:00,1.412325107665845
2022,CO2/CO/NOx,2022-03-14 00:00:00+01:00,1.4445710460429921
2022,CO2/CO/NOx,2022-03-14 01:00:00+01:00,1.4455778638568493
2022,CO2/CO/NOx,2022-03-14 02:00:00+01:00,1.4306671011112744
2022,CO2/CO/NOx,2022-03-14 03:00:00+01:00,1.4103801854025153
2022,CO2/CO/NOx,2022-03-14 04:00:00+01:00,1.382726665269465
2022,CO2/CO/NOx,2022-03-14 05:00:00+01:00,1.3535687801184544
2022,CO2/CO/NOx,2022-03-14 06:00:00+01:00,1.2997561452665745
2022,CO2/CO/NOx,2022-03-14 07:00:00+01:00,1.2496370034494708
2022,CO2/CO/NOx,2022-03-14 08:00:00+01:00,1.208180975893346
2022,CO2/CO/NOx,2022-03-14 09:00:00+01:00,1.1420294829612665
2022,CO2/CO/NOx,2022-03-14 10:00:00+01:00,1.0780415191026824
2022,CO2/CO/NOx,2022-03-14 11:00:00+01:00,1.0249359668379716
2022,CO2/CO/NOx,2022-03-14 12:00:00+01:00,0.9889677690732827
2022,CO2/CO/NOx,2022-03-14 13:00:00+01:00,0.9470771887960009
2022,CO2/CO/NOx,2022-03-14 14:00:00+01:00,0.9171319849478845
2022,CO2/CO/NOx,2022-03-14 15:00:00+01:00,0.9015233563679638
2022,CO2/CO/NOx,2022-03-14 16:00:00+01:00,0.9175796342554257
2022,CO2/CO/NOx,2022-03-14 17:00:00+01:00,0.9455473905479448
2022,CO2/CO/NOx,2022-03-14 18:00:00+01:00,0.9922933213096307
2022,CO2/CO/NOx,2022-03-14 19:00:00+01:00,1.030810903348538
2022,CO2/CO/NOx,2022-03-14 20:00:00+01:00,1.0777207953282373
2022,CO2/CO/NOx,2022-03-14 21:00:00+01:00,1.1091668488866409
2022,CO2/CO/NOx,2022-03-14 22:00:00+01:00,1.1256211235394369
2022,CO2/CO/NOx,2022-03-14 23:00:00+01:00,1.151981647808683
2022,CO2/CO/NOx,2022-03-15 00:00:00+01:00,1.1814101193186413
2022,CO2/CO/NOx,2022-03-15 01:00:00+01:00,1.2114322354230531
2022,CO2/CO/NOx,2022-03-15 02:00:00+01:00,1.2390783756303307
2022,CO2/CO/NOx,2022-03-15 03:00:00+01:00,1.2684944510014349
2022,CO2/CO/NOx,2022-03-15 04:00:00+01:00,1.2782586936092981
2022,CO2/CO/NOx,2022-03-15 05:00:00+01:00,1.301950194855611
2022,CO2/CO/NOx,2022-03-15 06:00:00+01:00,1.3203421229968515
2022,CO2/CO/NOx,2022-03-15 07:00:00+01:00,1.3234353714739897
2022,CO2/CO/NOx,2022-03-15 08:00:00+01:00,1.3017441240489604
2022,CO2/CO/NOx,2022-03-15 09:00:00+01:00,1.236232351332074
2022,CO2/CO/NOx,2022-03-15 10:00:00+01:00,1.147965837750367
2022,CO2/CO/NOx,2022-03-15 11:00:00+01:00,1.0574740354181928
2022,CO2/CO/NOx,2022-03-15 12:00:00+01:00,0.9791149803297107
2022,CO2/CO/NOx,2022-03-15 13:00:00+01:00,0.9361953612056378
2022,CO2/CO/NOx,2022-03-15 14:00:00+01:00,0.9303051112679572
2022,CO2/CO/NOx,2022-03-15 15:00:00+01:00,0.9650426030003754
2022,CO2/CO/NOx,2022-03-15 16:00:00+01:00,0.99276964054562
2022,CO2/CO/NOx,2022-03-15 17:00:00+01:00,1.0405457417288368
2022,CO2/CO/NOx,2022-03-15 18:00:00+01:00,1.1082900631447736
2022,CO2/CO/NOx,2022-03-15 19:00:00+01:00,1.1431632660099427
2022,CO2/CO/NOx,2022-03-15 20:00:00+01:00,1.1466554967501568
2022,CO2/CO/NOx,2022-03-15 21:00:00+01:00,1.1201094276323296
2022,CO2/CO/NOx,2022-03-15 22:00:00+01:00,1.0723258988955837
2022,CO2/CO/NOx,2022-03-15 23:00:00+01:00,1.0050890952385745
2022,CO2/CO/NOx,2022-03-16 00:00:00+01:00,0.9434425848651766
2022,CO2/CO/NOx,2022-03-16 01:00:00+01:00,0.9255659784374616
2022,CO2/CO/NOx,2022-03-16 02:00:00+01:00,0.9786213009748839
2022,CO2/CO/NOx,2022-03-16 03:00:00+01:00,1.0884199565002077
2022,CO2/CO/NOx,2022-03-16 04:00:00+01:00,1.1935399089832646
2022,CO2/CO/NOx,2022-03-16 05:00:00+01:00,1.2875093783792908
2022,CO2/CO/NOx,2022-03-16 06:00:00+01:00,1.3597279755779061
2022,CO2/CO/NOx,2022-03-16 07:00:00+01:00,1.3905781908738448
2022,CO2/CO/NOx,2022-03-16 08:00:00+01:00,1.369352642759882
2022,CO2/CO/NOx,2022-03-16 09:00:00+01:00,1.3220405444182806
2022,CO2/CO/NOx,2022-03-16 10:00:00+01:00,1.271199894624576
2022,CO2/CO/NOx,2022-03-16 11:00:00+01:00,1.2033645042104149
2022,CO2/CO/NOx,2022-03-16 12:00:00+01:00,1.1463804078087623
2022,CO2/CO/NOx,2022-03-16 13:00:00+01:00,1.1002632702404918
2022,CO2/CO/NOx,2022-03-16 14:00:00+01:00,1.0691693032150948
2022,CO2/CO/NOx,2022-03-16 15:00:00+01:00,1.0652814995602573
2022,CO2/CO/NOx,2022-03-16 16:00:00+01:00,1.076993715394886
2022,CO2/CO/NOx,2022-03-16 17:00:00+01:00,1.1151120744636942
2022,CO2/CO/NOx,2022-03-16 18:00:00+01:00,1.185359287485531
2022,CO2/CO/NOx,2022-03-16 19:00:00+01:00,1.2257320678205441
2022,CO2/CO/NOx,2022-03-16 20:00:00+01:00,1.2517536355182284
2022,CO2/CO/NOx,2022-03-16 21:00:00+01:00,1.2613280377785077
2022,CO2/CO/NOx,2022-03-16 22:00:00+01:00,1.2498745986270605
2022,CO2/CO/NOx,2022-03-16 23:00:00+01:00,1.2180889451957737
2022,CO2/CO/NOx,2022-03-17 00:00:00+01:00,1.1589361447549869
2022,CO2/CO/NOx,2022-03-17 01:00:00+01:00,1.1232310877150073
2022,CO2/CO/NOx,2022-03-17 02:00:00+01:00,1.1448943594317404
2022,CO2/CO/NOx,2022-03-17 03:00:00+01:00,1.2031399895675128
2022,CO2/CO/NOx,2022-03-17 04:00:00+01:00,1.2788575483538416
2022,CO2/CO/NOx,2022-03-17 05:00:00+01:00,1.37515965542062
2022,CO2/CO/NOx,2022-03-17 06:00:00+01:00,1.4502263924718526
2022,CO2/CO/NOx,2022-03-17 07:00:00+01:00,1.4935477128095427
2022,CO2/CO/NOx,2022-03-17 08:00:00+01:00,1.4965397927143855
2022,CO2/CO/NOx,2022-03-17 09:00:00+01:00,1.4351496708702525
2022,CO2/CO/NOx,2022-03-17 10:00:00+01:00,1.3611911095859124
2022,CO2/CO/NOx,2022-03-17 11:00:00+01:00,1.2817254765006845
2022,CO2/CO/NOx,2022-03-17 12:00:00+01:00,1.1923128182133995
2022,CO2/CO/NOx,2022-03-17 13:00:00+01:00,1.1341362199700962
2022,CO2/CO/NOx,2022-03-17 14:00:00+01:00,1.1078859676550148
2022,CO2/CO/NOx,2022-03-17 15:00:00+01:00,1.1171394601275297
2022,CO2/CO/NOx,2022-03-17 16:00:00+01:00,1.1420584745928695
2022,CO2/CO/NOx,2022-03-17 17:00:00+01:00,1.1895280867143285
2022,CO2/CO/NOx,2022-03-17 18:00:00+01:00,1.2520501247471028
2022,CO2/CO/NOx,2022-03-17 19:00:00+01:00,1.2778924093396649
2022,CO2/CO/NOx,2022-03-17 20:00:00+01:00,1.2731877554780342
2022,CO2/CO/NOx,2022-03-17 21:00:00+01:00,1.240519010411453
2022,CO2/CO/NOx,2022-03-17 22:00:00+01:00,1.2025650128064118
2022,CO2/CO/NOx,2022-03-17 23:00:00+01:00,1.1705946358004948
2022,CO2/CO/NOx,2022-03-18 00:00:00+01:00,1.1308895911487977
2022,CO2/CO/NOx,2022-03-18 01:00:00+01:00,1.116985760958094
2022,CO2/CO/NOx,2022-03-18 02:00:00+01:00,1.1533110109298574
2022,CO2/CO/NOx,2022-03-18 03:00:00+01:00,1.2326939692711996
2022,CO2/CO/NOx,2022-03-18 04:00:00+01:00,1.300288089712081
2022,CO2/CO/NOx,2022-03-18 05:00:00+01:00,1.3483319659893838
2022,CO2/CO/NOx,2022-03-18 06:00:00+01:00,1.4048713404690285
2022,CO2/CO/NOx,2022-03-18 07:00:00+01:00,1.4162709451881956
2022,CO2/CO/NOx,2022-03-18 08:00:00+01:00,1.3770784365433746
2022,CO2/CO/NOx,2022-03-18 09:00:00+01:00,1.2826170776641777
2022,CO2/CO/NOx,2022-03-18 10:00:00+01:00,1.2001477375219136
2022,CO2/CO/NOx,2022-03-18 11:00:00+01:00,1.1280199896478835
2022,CO2/CO/NOx,2022-03-18 12:00:00+01:00,1.0666376451401418
2022,CO2/CO/NOx,2022-03-18 13:00:00+01:00,1.0284336441825783
2022,CO2/CO/NOx,2022-03-18 14:00:00+01:00,1.011339927561094
2022,CO2/CO/NOx,2022-03-18 15:00:00+01:00,1.047155449786165
2022,CO2/CO/NOx,2022-03-18 16:00:00+01:00,1.0738342396923584
2022,CO2/CO/NOx,2022-03-18 17:00:00+01:00,1.109312494803296
2022,CO2/CO/NOx,2022-03-18 18:00:00+01:00,1.1582798792743594
2022,CO2/CO/NOx,2022-03-18 19:00:00+01:00,1.1916723622863756
2022,CO2/CO/NOx,2022-03-18 20:00:00+01:00,1.2079295645840724
2022,CO2/CO/NOx,2022-03-18 21:00:00+01:00,1.1967751419272998
2022,CO2/CO/NOx,2022-03-18 22:00:00+01:00,1.1745162699928378
2022,CO2/CO/NOx,2022-03-18 23:00:00+01:00,1.1664234330115124
2022,CO2/CO/NOx,2022-03-19 00:00:00+01:00,1.1614056443290866
2022,CO2/CO/NOx,2022-03-19 01:00:00+01:00,1.1895767097875842
2022,CO2/CO/NOx,2022-03-19 02:00:00+01:00,1.2579532239148525
2022,CO2/CO/NOx,2022-03-19 03:00:00+01:00,1.3558246145611461
2022,CO2/CO/NOx,2022-03-19 04:00:00+01:00,1.4416145296003569
2022,CO2/CO/NOx,2022-03-19 05:00:00+01:00,1.4966968541960992
2022,CO2/CO/NOx,2022-03-19 06:00:00+01:00,1.5192997694045853
2022,CO2/CO/NOx,2022-03-19 07:00:00+01:00,1.5024398288219598
2022,CO2/CO/NOx,2022-03-19 08:00:00+01:00,1.4819670678554668
2022,CO2/CO/NOx,2022-03-19 09:00:00+01:00,1.399615085635704
2022,CO2/CO/NOx,2022-03-19 10:00:00+01:00,1.3076072535221195
2022,CO2/CO/NOx,2022-03-19 11:00:00+01:00,1.214577322912183
2022,CO2/CO/NOx,2022-03-19 12:00:00+01:00,1.1261716637037742
2022,CO2/CO/NOx,2022-03-19 13:00:00+01:00,1.0679664659228987
2022,CO2/CO/NOx,2022-03-19 14:00:00+01:00,1.038366735876649
2022,CO2/CO/NOx,2022-03-19 15:00:00+01:00,1.0580448211754718
2022,CO2/CO/NOx,2022-03-19 16:00:00+01:00,1.1159972112063856
2022,CO2/CO/NOx,2022-03-19 17:00:00+01:00,1.1993196427982633
2022,CO2/CO/NOx,2022-03-19 18:00:00+01:00,1.2720742747993363
2022,CO2/CO/NOx,2022-03-19 19:00:00+01:00,1.3096947413280802
2022,CO2/CO/NOx,2022-03-19 20:00:00+01:00,1.3225275409387194
2022,CO2/CO/NOx,2022-03-19 21:00:00+01:00,1.3172747079825284
2022,CO2/CO/NOx,2022-03-19 22:00:00+01:00,1.3117118457482597
2022,CO2/CO/NOx,2022-03-19 23:00:00+01:00,1.3083080601654808
2022,CO2/CO/NOx,2022-03-20 00:00:00+01:00,1.3040928520571435
2022,CO2/CO/NOx,2022-03-20 01:00:00+01:00,1.3310740266648855
2022,CO2/CO/NOx,2022-03-20 02:00:00+01:00,1.361124313890792
2022,CO2/CO/NOx,2022-03-20 03:00:00+01:00,1.4400809817417677
2022,CO2/CO/NOx,2022-03-20 04:00:00+01:00,1.4992531522254906
2022,CO2/CO/NOx,2022-03-20 05:00:00+01:00,1.5638148254158148
2022,CO2/CO/NOx,2022-03-20 06:00:00+01:00,1.6236396636722359
2022,CO2/CO/NOx,2022-03-20 07:00:00+01:00,1.6167627253376926
2022,CO2/CO/NOx,2022-03-20 08:00:00+01:00,1.5425117920827172
2022,CO2/CO/NOx,2022-03-20 09:00:00+01:00,1.4095683320334207
2022,CO2/CO/NOx,2022-03-20 10:00:00+01:00,1.2701426215240326
2022,CO2/CO/NOx,2022-03-20 11:00:00+01:00,1.1237292637147285
2022,CO2/CO/NOx,2022-03-20 12:00:00+01:00,1.0246827756300598
2022,CO2/CO/NOx,2022-03-20 13:00:00+01:00,0.9613131608706906
2022,CO2/CO/NOx,2022-03-20 14:00:00+01:00,0.9596088763028799
2022,CO2/CO/NOx,2022-03-20 15:00:00+01:00,1.014672540512433
2022,CO2/CO/NOx,2022-03-20 16:00:00+01:00,1.0518570700697583
2022,CO2/CO/NOx,2022-03-20 17:00:00+01:00,1.1034487854949186
2022,CO2/CO/NOx,2022-03-20 18:00:00+01:00,1.1670626431500823
2022,CO2/CO/NOx,2022-03-20 19:00:00+01:00,1.2258934721647572
2022,CO2/CO/NOx,2022-03-20 20:00:00+01:00,1.2601510936901577
2022,CO2/CO/NOx,2022-03-20 21:00:00+01:00,1.2684716910761231
2022,CO2/CO/NOx,2022-03-20 22:00:00+01:00,1.300382263430621
2022,CO2/CO/NOx,2022-03-20 23:00:00+01:00,1.334776083118414
2022,CO2/CO/NOx,2022-03-21 00:00:00+01:00,1.3483617579525609
2022,CO2/CO/NOx,2022-03-21 01:00:00+01:00,1.3682958619277477
2022,CO2/CO/NOx,2022-03-21 02:00:00+01:00,1.4288506289274654
2022,CO2/CO/NOx,2022-03-21 03:00:00+01:00,1.5298360302586196
2022,CO2/CO/NOx,2022-03-21 04:00:00+01:00,1.6066896409961626
2022,CO2/CO/NOx,2022-03-21 05:00:00+01:00,1.6567721195668954
2022,CO2/CO/NOx,2022-03-21 06:00:00+01:00,1.6767681155302923
2022,CO2/CO/NOx,2022-03-21 07:00:00+01:00,1.6909399328626695
2022,CO2/CO/NOx,2022-03-21 08:00:00+01:00,1.608810306794983
2022,CO2/CO/NOx,2022-03-21 09:00:00+01:00,1.454853400709852
2022,CO2/CO/NOx,2022-03-21 10:00:00+01:00,1.3025892223473767
2022,CO2/CO/NOx,2022-03-21 11:00:00+01:00,1.1694035803914307
2022,CO2/CO/NOx,2022-03-21 12:00:00+01:00,1.0724415598220705
2022,CO2/CO/NOx,2022-03-21 13:00:00+01:00,0.9907552936243467
2022,CO2/CO/NOx,2022-03-21 14:00:00+01:00,0.9572719421646557
2022,CO2/CO/NOx,2022-03-21 15:00:00+01:00,0.9778533174648515
2022,CO2/CO/NOx,2022-03-21 16:00:00+01:00,1.0171673024172685
2022,CO2/CO/NOx,2022-03-21 17:00:00+01:00,1.0409010978521616
2022,CO2/CO/NOx,2022-03-21 18:00:00+01:00,1.0953192507774103
2022,CO2/CO/NOx,2022-03-21 19:00:00+01:00,1.1382197142790689
2022,CO2/CO/NOx,2022-03-21 20:00:00+01:00,1.1698912326164776
2022,CO2/CO/NOx,2022-03-21 21:00:00+01:00,1.1976661934313462
2022,CO2/CO/NOx,2022-03-21 22:00:00+01:00,1.2235410008219822
2022,CO2/CO/NOx,2022-03-21 23:00:00+01:00,1.2541558683068106
2022,CO2/CO/NOx,2022-03-22 00:00:00+01:00,1.2759891092186846
2022,CO2/CO/NOx,2022-03-22 01:00:00+01:00,1.3153465710887906
2022,CO2/CO/NOx,2022-03-22 02:00:00+01:00,1.381205351438007
2022,CO2/CO/NOx,2022-03-22 03:00:00+01:00,1.47500575041272
2022,CO2/CO/NOx,2022-03-22 04:00:00+01:00,1.5432651748655315
2022,CO2/CO/NOx,2022-03-22 05:00:00+01:00,1.5784739285434175
2022,CO2/CO/NOx,2022-03-22 06:00:00+01:00,1.6063935811094674
2022,CO2/CO/NOx,2022-03-22 07:00:00+01:00,1.5693769394687163
2022,CO2/CO/NOx,2022-03-22 08:00:00+01:00,1.482151995213752
2022,CO2/CO/NOx,2022-03-22 09:00:00+01:00,1.3405467478597215
2022,CO2/CO/NOx,2022-03-22 10:00:00+01:00,1.2072140644489537
2022,CO2/CO/NOx,2022-03-22 11:00:00+01:00,1.0867384411024286
2022,CO2/CO/NOx,2022-03-22 12:00:00+01:00,1.0003799226527312
2022,CO2/CO/NOx,2022-03-22 13:00:00+01:00,0.9426065853851808
2022,CO2/CO/NOx,2022-03-22 14:00:00+01:00,0.926122066628872
2022,CO2/CO/NOx,2022-03-22 15:00:00+01:00,0.9806121599525397
2022,CO2/CO/NOx,2022-03-22 16:00:00+01:00,1.0206788912970157
2022,CO2/CO/NOx,2022-03-22 17:00:00+01:00,1.08534124078535
2022,CO2/CO/NOx,2022-03-22 18:00:00+01:00,1.1562129113398956
2022,CO2/CO/NOx,2022-03-22 19:00:00+01:00,1.187379954583087
2022,CO2/CO/NOx,2022-03-22 20:00:00+01:00,1.2107731060519076
2022,CO2/CO/NOx,2022-03-22 21:00:00+01:00,1.2224708869567753
2022,CO2/CO/NOx,2022-03-22 22:00:00+01:00,1.2486816243390153
2022,CO2/CO/NOx,2022-03-22 23:00:00+01:00,1.29435894904449
2022,CO2/CO/NOx,2022-03-23 00:00:00+01:00,1.3572565023233716
2022,CO2/CO/NOx,2022-03-23 01:00:00+01:00,1.4197722095443692
2022,CO2/CO/NOx,2022-03-23 02:00:00+01:00,1.4987975509601024
2022,CO2/CO/NOx,2022-03-23 03:00:00+01:00,1.5751588336378897
2022,CO2/CO/NOx,2022-03-23 04:00:00+01:00,1.5999536384269446
2022,CO2/CO/NOx,2022-03-23 05:00:00+01:00,1.611408576186773
2022,CO2/CO/NOx,2022-03-23 06:00:00+01:00,1.5541016510295185
2022,CO2/CO/NOx,2022-03-23 07:00:00+01:00,1.4736457676929595
2022,CO2/CO/NOx,2022-03-23 08:00:00+01:00,1.344638973297221
2022,CO2/CO/NOx,2022-03-23 09:00:00+01:00,1.2019853180539315
2022,CO2/CO/NOx,2022-03-23 10:00:00+01:00,1.0808738382116918
2022,CO2/CO/NOx,2022-03-23 11:00:00+01:00,0.9818677798265207
2022,CO2/CO/NOx,2022-03-23 12:00:00+01:00,0.9203853195660142
2022,CO2/CO/NOx,2022-03-23 13:00:00+01:00,0.91009886998243
2022,CO2/CO/NOx,2022-03-23 14:00:00+01:00,0.9356546676292364
2022,CO2/CO/NOx,2022-03-23 15:00:00+01:00,0.9700504149083672
2022,CO2/CO/NOx,2022-03-23 16:00:00+01:00,1.0332024233161674
2022,CO2/CO/NOx,2022-03-23 17:00:00+01:00,1.0848506164423637
2022,CO2/CO/NOx,2022-03-23 18:00:00+01:00,1.1251906132392342
2022,CO2/CO/NOx,2022-03-23 19:00:00+01:00,1.1303303558390123
2022,CO2/CO/NOx,2022-03-23 20:00:00+01:00,1.1208944533568026
2022,CO2/CO/NOx,2022-03-23 21:00:00+01:00,1.1413689072270012
2022,CO2/CO/NOx,2022-03-23 22:00:00+01:00,1.1761461690777057
2022,CO2/CO/NOx,2022-03-23 23:00:00+01:00,1.2208140056521803
2022,CO2/CO/NOx,2022-03-24 00:00:00+01:00,1.2653902594176107
2022,CO2/CO/NOx,2022-03-24 01:00:00+01:00,1.330082291283348
2022,CO2/CO/NOx,2022-03-24 02:00:00+01:00,1.4040313371536106
2022,CO2/CO/NOx,2022-03-24 03:00:00+01:00,1.4626832103075216
2022,CO2/CO/NOx,2022-03-24 04:00:00+01:00,1.4613261096997099
2022,CO2/CO/NOx,2022-03-24 05:00:00+01:00,1.4329262366813722
2022,CO2/CO/NOx,2022-03-24 06:00:00+01:00,1.3850717102468926
2022,CO2/CO/NOx,2022-03-24 07:00:00+01:00,1.2825825656339787
2022,CO2/CO/NOx,2022-03-24 08:00:00+01:00,1.1437996542888178
2022,CO2/CO/NOx,2022-03-24 09:00:00+01:00,0.9941965689596071
2022,CO2/CO/NOx,2022-03-24 10:00:00+01:00,0.8918946635512077
2022,CO2/CO/NOx,2022-03-24 11:00:00+01:00,0.8451433164916619
2022,CO2/CO/NOx,2022-03-24 12:00:00+01:00,0.8328533824128133
2022,CO2/CO/NOx,2022-03-24 13:00:00+01:00,0.8278260453803855
2022,CO2/CO/NOx,2022-03-24 14:00:00+01:00,0.8665340489436526
2022,CO2/CO/NOx,2022-03-24 15:00:00+01:00,0.9127842313410145
2022,CO2/CO/NOx,2022-03-24 16:00:00+01:00,0.9627413009232013
2022,CO2/CO/NOx,2022-03-24 17:00:00+01:00,0.99692747830204
2022,CO2/CO/NOx,2022-03-24 18:00:00+01:00,1.0213142481401898
2022,CO2/CO/NOx,2022-03-24 19:00:00+01:00,1.0158178563682998
2022,CO2/CO/NOx,2022-03-24 20:00:00+01:00,0.9951436716361566
2022,CO2/CO/NOx,2022-03-24 21:00:00+01:00,0.959681367567214
2022,CO2/CO/NOx,2022-03-24 22:00:00+01:00,0.9570156981481849
2022,CO2/CO/NOx,2022-03-24 23:00:00+01:00,1.0113370788606508
2022,CO2/CO/NOx,2022-03-25 00:00:00+01:00,1.0959303113983665
2022,CO2/CO/NOx,2022-03-25 01:00:00+01:00,1.2174952838707034
2022,CO2/CO/NOx,2022-03-25 02:00:00+01:00,1.3519811512669426
2022,CO2/CO/NOx,2022-03-25 03:00:00+01:00,1.4554435032681026
2022,CO2/CO/NOx,2022-03-25 04:00:00+01:00,1.5142474816100708
2022,CO2/CO/NOx,2022-03-25 05:00:00+01:00,1.5033302535497999
2022,CO2/CO/NOx,2022-03-25 06:00:00+01:00,1.4245868797315975
2022,CO2/CO/NOx,2022-03-25 07:00:00+01:00,1.297891080975927
2022,CO2/CO/NOx,2022-03-25 08:00:00+01:00,1.1405523074687178
2022,CO2/CO/NOx,2022-03-25 09:00:00+01:00,0.9806097676892334
2022,CO2/CO/NOx,2022-03-25 10:00:00+01:00,0.8587194472572216
2022,CO2/CO/NOx,2022-03-25 11:00:00+01:00,0.7953017238688472
2022,CO2/CO/NOx,2022-03-25 12:00:00+01:00,0.7744658926942234
2022,CO2/CO/NOx,2022-03-25 13:00:00+01:00,0.7964904774145365
2022,CO2/CO/NOx,2022-03-25 14:00:00+01:00,0.8360813489485455
2022,CO2/CO/NOx,2022-03-25 15:00:00+01:00,0.9265014811446194
2022,CO2/CO/NOx,2022-03-25 16:00:00+01:00,0.9964012233933544
2022,CO2/CO/NOx,2022-03-25 17:00:00+01:00,1.049611387008139
2022,CO2/CO/NOx,2022-03-25 18:00:00+01:00,1.0740929368242051
2022,CO2/CO/NOx,2022-03-25 19:00:00+01:00,1.0417660400519788
2022,CO2/CO/NOx,2022-03-25 20:00:00+01:00,0.9849803174685209
2022,CO2/CO/NOx,2022-03-25 21:00:00+01:00,0.919718212310389
2022,CO2/CO/NOx,2022-03-25 22:00:00+01:00,0.8950046395357178
2022,CO2/CO/NOx,2022-03-25 23:00:00+01:00,0.9273699482036324
2022,CO2/CO/NOx,2022-03-26 00:00:00+01:00,1.002945440042082
2022,CO2/CO/NOx,2022-03-26 01:00:00+01:00,1.0982152744182172
2022,CO2/CO/NOx,2022-03-26 02:00:00+01:00,1.2176995415821747
2022,CO2/CO/NOx,2022-03-26 03:00:00+01:00,1.3220880283350525
2022,CO2/CO/NOx,2022-03-26 04:00:00+01:00,1.3717750630704744
2022,CO2/CO/NOx,2022-03-26 05:00:00+01:00,1.379095217328596
2022,CO2/CO/NOx,2022-03-26 06:00:00+01:00,1.3236095033721431
2022,CO2/CO/NOx,2022-03-26 07:00:00+01:00,1.2506574495114724
2022,CO2/CO/NOx,2022-03-26 08:00:00+01:00,1.1318562599932929
2022,CO2/CO/NOx,2022-03-26 09:00:00+01:00,0.9921361914682346
2022,CO2/CO/NOx,2022-03-26 10:00:00+01:00,0.8940375318803613
2022,CO2/CO/NOx,2022-03-26 11:00:00+01:00,0.8145190516023567
2022,CO2/CO/NOx,2022-03-26 12:00:00+01:00,0.7581597569980695
2022,CO2/CO/NOx,2022-03-26 13:00:00+01:00,0.7582093188901845
2022,CO2/CO/NOx,2022-03-26 14:00:00+01:00,0.7992450622886909
2022,CO2/CO/NOx,2022-03-26 15:00:00+01:00,0.8849562736597216
2022,CO2/CO/NOx,2022-03-26 16:00:00+01:00,0.9521975490406941
2022,CO2/CO/NOx,2022-03-26 17:00:00+01:00,0.993746366477356
2022,CO2/CO/NOx,2022-03-26 18:00:00+01:00,1.0333734143133426
2022,CO2/CO/NOx,2022-03-26 19:00:00+01:00,1.0275253913872984
2022,CO2/CO/NOx,2022-03-26 20:00:00+01:00,0.976151947053634
2022,CO2/CO/NOx,2022-03-26 21:00:00+01:00,0.9309893073498136
2022,CO2/CO/NOx,2022-03-26 22:00:00+01:00,0.9369429305368073
2022,CO2/CO/NOx,2022-03-26 23:00:00+01:00,0.9973298535754481
2022,CO2/CO/NOx,2022-03-27 00:00:00+01:00,1.1045367353286464
2022,CO2/CO/NOx,2022-03-27 01:00:00+01:00,1.2169277783896522
2022,CO2/CO/NOx,2022-03-27 03:00:00+02:00,1.3458978161802344
2022,CO2/CO/NOx,2022-03-27 04:00:00+02:00,1.4554353600057865
2022,CO2/CO/NOx,2022-03-27 05:00:00+02:00,1.4972918376005022
2022,CO2/CO/NOx,2022-03-27 06:00:00+02:00,1.4825672792133289
2022,CO2/CO/NOx,2022-03-27 07:00:00+02:00,1.4096746756354583
2022,CO2/CO/NOx,2022-03-27 08:00:00+02:00,1.28528832680144
2022,CO2/CO/NOx,2022-03-27 09:00:00+02:00,1.1361897942677068
2022,CO2/CO/NOx,2022-03-27 10:00:00+02:00,0.9772599333684789
2022,CO2/CO/NOx,2022-03-27 11:00:00+02:00,0.8701723618113186
2022,CO2/CO/NOx,2022-03-27 12:00:00+02:00,0.8047825494584764
2022,CO2/CO/NOx,2022-03-27 13:00:00+02:00,0.781255452661488
2022,CO2/CO/NOx,2022-03-27 14:00:00+02:00,0.8012710415739703
2022,CO2/CO/NOx,2022-03-27 15:00:00+02:00,0.8530256478200094
2022,CO2/CO/NOx,2022-03-27 16:00:00+02:00,0.9380358735236791
2022,CO2/CO/NOx,2022-03-27 17:00:00+02:00,0.9861736213928194
2022,CO2/CO/NOx,2022-03-27 18:00:00+02:00,1.0344199509121779
2022,CO2/CO/NOx,2022-03-27 19:00:00+02:00,1.0240622453486548
2022,CO2/CO/NOx,2022-03-27 20:00:00+02:00,0.9976573057252781
2022,CO2/CO/NOx,2022-03-27 21:00:00+02:00,0.9470251348848948
2022,CO2/CO/NOx,2022-03-27 22:00:00+02:00,0.9032691822994556
2022,CO2/CO/NOx,2022-03-27 23:00:00+02:00,0.8984056281976681
2022,CO2/CO/NOx,2022-03-28 00:00:00+02:00,0.9508059847966319
2022,CO2/CO/NOx,2022-03-28 01:00:00+02:00,1.0604587514885688
2022,CO2/CO/NOx,2022-03-28 02:00:00+02:00,1.1629757782501917
2022,CO2/CO/NOx,2022-03-28 03:00:00+02:00,1.2876771592806415
2022,CO2/CO/NOx,2022-03-28 04:00:00+02:00,1.3822827164836833
2022,CO2/CO/NOx,2022-03-28 05:00:00+02:00,1.4293702272672297
2022,CO2/CO/NOx,2022-03-28 06:00:00+02:00,1.4040926929427404
2022,CO2/CO/NOx,2022-03-28 07:00:00+02:00,1.316365590981035
2022,CO2/CO/NOx,2022-03-28 08:00:00+02:00,1.1937478835815534
2022,CO2/CO/NOx,2022-03-28 09:00:00+02:00,1.0556820061896428
2022,CO2/CO/NOx,2022-03-28 10:00:00+02:00,0.9069449468840957
2022,CO2/CO/NOx,2022-03-28 11:00:00+02:00,0.8003354490000233
2022,CO2/CO/NOx,2022-03-28 12:00:00+02:00,0.7497227046258664
2022,CO2/CO/NOx,2022-03-28 13:00:00+02:00,0.7564911625937318
2022,CO2/CO/NOx,2022-03-28 14:00:00+02:00,0.7681851638558809
2022,CO2/CO/NOx,2022-03-28 15:00:00+02:00,0.8413066736100008
2022,CO2/CO/NOx,2022-03-28 16:00:00+02:00,0.879996221696899
2022,CO2/CO/NOx,2022-03-28 17:00:00+02:00,0.9070405636412482
2022,CO2/CO/NOx,2022-03-28 18:00:00+02:00,0.9101849979667037
2022,CO2/CO/NOx,2022-03-28 19:00:00+02:00,0.8669666593347772
2022,CO2/CO/NOx,2022-03-28 20:00:00+02:00,0.8289834700072825
2022,CO2/CO/NOx,2022-03-28 21:00:00+02:00,0.7746364518997664
2022,CO2/CO/NOx,2022-03-28 22:00:00+02:00,0.721387485247182
2022,CO2/CO/NOx,2022-03-28 23:00:00+02:00,0.6828578273722248
2022,CO2/CO/NOx,2022-03-29 00:00:00+02:00,0.6947031987681244
2022,CO2/CO/NOx,2022-03-29 01:00:00+02:00,0.6974233474707173
2022,CO2/CO/NOx,2022-03-29 02:00:00+02:00,0.739144965988249
2022,CO2/CO/NOx,2022-03-29 03:00:00+02:00,0.787715574976004
2022,CO2/CO/NOx,2022-03-29 04:00:00+02:00,0.8392117111591991
2022,CO2/CO/NOx,2022-03-29 05:00:00+02:00,0.8946016106199108
2022,CO2/CO/NOx,2022-03-29 06:00:00+02:00,0.9191876441243171
2022,CO2/CO/NOx,2022-03-29 07:00:00+02:00,0.905289684537515
2022,CO2/CO/NOx,2022-03-29 08:00:00+02:00,0.8776643591919725
2022,CO2/CO/NOx,2022-03-29 09:00:00+02:00,0.82867211975873
2022,CO2/CO/NOx,2022-03-29 10:00:00+02:00,0.7785018929072595
2022,CO2/CO/NOx,2022-03-29 11:00:00+02:00,0.7291005213057676
2022,CO2/CO/NOx,2022-03-29 12:00:00+02:00,0.6757699367935672
2022,CO2/CO/NOx,2022-03-29 13:00:00+02:00,0.6407666824457041
2022,CO2/CO/NOx,2022-03-29 14:00:00+02:00,0.6265721477648282
2022,CO2/CO/NOx,2022-03-29 15:00:00+02:00,0.6070200750953978
2022,CO2/CO/NOx,2022-03-29 16:00:00+02:00,0.6088348630903392
2022,CO2/CO/NOx,2022-03-29 17:00:00+02:00,0.6380182215674739
2022,CO2/CO/NOx,2022-03-29 18:00:00+02:00,0.6588497164198949
2022,CO2/CO/NOx,2022-03-29 19:00:00+02:00,0.6543218933323847
2022,CO2/CO/NOx,2022-03-29 20:00:00+02:00,0.6511326939577664
2022,CO2/CO/NOx,2022-03-29 21:00:00+02:00,0.6354059843222203
2022,CO2/CO/NOx,2022-03-29 22:00:00+02:00,0.6171955524376893
2022,CO2/CO/NOx,2022-03-29 23:00:00+02:00,0.6104472580411169
2022,CO2/CO/NOx,2022-03-30 00:00:00+02:00,0.5947533335512257
2022,CO2/CO/NOx,2022-03-30 01:00:00+02:00,0.6204837053607464
2022,CO2/CO/NOx,2022-03-30 02:00:00+02:00,0.6587837163482351
2022,CO2/CO/NOx,2022-03-30 03:00:00+02:00,0.6974360916036085
2022,CO2/CO/NOx,2022-03-30 04:00:00+02:00,0.7368598372910715
2022,CO2/CO/NOx,2022-03-30 05:00:00+02:00,0.7878999785958302
2022,CO2/CO/NOx,2022-03-30 06:00:00+02:00,0.8193934744644316
2022,CO2/CO/NOx,2022-03-30 07:00:00+02:00,0.8311637762849658
2022,CO2/CO/NOx,2022-03-30 08:00:00+02:00,0.8392696344680889
2022,CO2/CO/NOx,2022-03-30 09:00:00+02:00,0.8308770282836561
2022,CO2/CO/NOx,2022-03-30 10:00:00+02:00,0.8341469398762311
2022,CO2/CO/NOx,2022-03-30 11:00:00+02:00,0.8431517253317649
2022,CO2/CO/NOx,2022-03-30 12:00:00+02:00,0.8538374669659794
2022,CO2/CO/NOx,2022-03-30 13:00:00+02:00,0.8744288205746206
2022,CO2/CO/NOx,2022-03-30 14:00:00+02:00,0.9013255828933666
2022,CO2/CO/NOx,2022-03-30 15:00:00+02:00,0.9293886363255154
2022,CO2/CO/NOx,2022-03-30 16:00:00+02:00,0.9421485863529956
2022,CO2/CO/NOx,2022-03-30 17:00:00+02:00,0.9471464812720171
2022,CO2/CO/NOx,2022-03-30 18:00:00+02:00,0.9593383554421141
2022,CO2/CO/NOx,2022-03-30 19:00:00+02:00,0.9552727186874005
2022,CO2/CO/NOx,2022-03-30 20:00:00+02:00,0.9394260540580882
2022,CO2/CO/NOx,2022-03-30 21:00:00+02:00,0.9013655558039416
2022,CO2/CO/NOx,2022-03-30 22:00:00+02:00,0.8791253109976419
2022,CO2/CO/NOx,2022-03-30 23:00:00+02:00,0.8939241443501986
2022,CO2/CO/NOx,2022-03-31 00:00:00+02:00,0.907846299730753
2022,CO2/CO/NOx,2022-03-31 01:00:00+02:00,0.9368694069167534
2022,CO2/CO/NOx,2022-03-31 02:00:00+02:00,0.9823950058455483
2022,CO2/CO/NOx,2022-03-31 03:00:00+02:00,1.0494691509948726
2022,CO2/CO/NOx,2022-03-31 04:00:00+02:00,1.1060335708118545
2022,CO2/CO/NOx,2022-03-31 05:00:00+02:00,1.1492749799532236
2022,CO2/CO/NOx,2022-03-31 06:00:00+02:00,1.179109556103269
2022,CO2/CO/NOx,2022-03-31 07:00:00+02:00,1.197406349734523
2022,CO2/CO/NOx,2022-03-31 08:00:00+02:00,1.197138148238165
2022,CO2/CO/NOx,2022-03-31 09:00:00+02:00,1.1741715284683387
2022,CO2/CO/NOx,2022-03-31 10:00:00+02:00,1.147939957472234
2022,CO2/CO/NOx,2022-03-31 11:00:00+02:00,1.1264924036156567
2022,CO2/CO/NOx,2022-03-31 12:00:00+02:00,1.0927640457840304
2022,CO2/CO/NOx,2022-03-31 13:00:00+02:00,1.0721452159738016
2022,CO2/CO/NOx,2022-03-31 14:00:00+02:00,1.0712125985635201
2022,CO2/CO/NOx,2022-03-31 15:00:00+02:00,1.104566907569455
2022,CO2/CO/NOx,2022-03-31 16:00:00+02:00,1.125766312342768
2022,CO2/CO/NOx,2022-03-31 17:00:00+02:00,1.1608882180195912
2022,CO2/CO/NOx,2022-03-31 18:00:00+02:00,1.2214677872246096
2022,CO2/CO/NOx,2022-03-31 19:00:00+02:00,1.2462674814921375
2022,CO2/CO/NOx,2022-03-31 20:00:00+02:00,1.2529395471632963
2022,CO2/CO/NOx,2022-03-31 21:00:00+02:00,1.2299907181756882
2022,CO2/CO/NOx,2022-03-31 22:00:00+02:00,1.1863388025932595
2022,CO2/CO/NOx,2022-03-31 23:00:00+02:00,1.1371030949114125
2022,CO2/CO/NOx,2022-04-01 00:00:00+02:00,1.078490749638353
2022,CO2/CO/NOx,2022-04-01 01:00:00+02:00,1.044998836666523
2022,CO2/CO/NOx,2022-04-01 02:00:00+02:00,1.0728038580670154
2022,CO2/CO/NOx,2022-04-01 03:00:00+02:00,1.1525893636298765
2022,CO2/CO/NOx,2022-04-01 04:00:00+02:00,1.2420690287401195
2022,CO2/CO/NOx,2022-04-01 05:00:00+02:00,1.3662962357314772
2022,CO2/CO/NOx,2022-04-01 06:00:00+02:00,1.4957941500862213
2022,CO2/CO/NOx,2022-04-01 07:00:00+02:00,1.5896312019796044
2022,CO2/CO/NOx,2022-04-01 08:00:00+02:00,1.6354936213978424
2022,CO2/CO/NOx,2022-04-01 09:00:00+02:00,1.6232870390707137
2022,CO2/CO/NOx,2022-04-01 10:00:00+02:00,1.605217817144683
2022,CO2/CO/NOx,2022-04-01 11:00:00+02:00,1.576299177327562
2022,CO2/CO/NOx,2022-04-01 12:00:00+02:00,1.5408964839859842
2022,CO2/CO/NOx,2022-04-01 13:00:00+02:00,1.5273275732921714
2022,CO2/CO/NOx,2022-04-01 14:00:00+02:00,1.5490457984834456
2022,CO2/CO/NOx,2022-04-01 15:00:00+02:00,1.5978468010691682
2022,CO2/CO/NOx,2022-04-01 16:00:00+02:00,1.647298452188597
2022,CO2/CO/NOx,2022-04-01 17:00:00+02:00,1.689355298690273
2022,CO2/CO/NOx,2022-04-01 18:00:00+02:00,1.738055873292619
2022,CO2/CO/NOx,2022-04-01 19:00:00+02:00,1.7602822506758695
2022,CO2/CO/NOx,2022-04-01 20:00:00+02:00,1.7449861209230442
2022,CO2/CO/NOx,2022-04-01 21:00:00+02:00,1.6955582165380492
2022,CO2/CO/NOx,2022-04-01 22:00:00+02:00,1.6529511003795045
2022,CO2/CO/NOx,2022-04-01 23:00:00+02:00,1.6092831928131315
2022,CO2/CO/NOx,2022-04-02 00:00:00+02:00,1.5697907682381567
2022,CO2/CO/NOx,2022-04-02 01:00:00+02:00,1.5669930492058297
2022,CO2/CO/NOx,2022-04-02 02:00:00+02:00,1.6128503725122199
2022,CO2/CO/NOx,2022-04-02 03:00:00+02:00,1.703625774320377
2022,CO2/CO/NOx,2022-04-02 04:00:00+02:00,1.7921145724887597
2022,CO2/CO/NOx,2022-04-02 05:00:00+02:00,1.873427051015082
2022,CO2/CO/NOx,2022-04-02 06:00:00+02:00,1.9356533863557934
2022,CO2/CO/NOx,2022-04-02 07:00:00+02:00,1.984418192859173
2022,CO2/CO/NOx,2022-04-02 08:00:00+02:00,1.9998146750981134
2022,CO2/CO/NOx,2022-04-02 09:00:00+02:00,1.9841950275570632
2022,CO2/CO/NOx,2022-04-02 10:00:00+02:00,1.979213814106911
2022,CO2/CO/NOx,2022-04-02 11:00:00+02:00,1.9804243460775615
2022,CO2/CO/NOx,2022-04-02 12:00:00+02:00,1.9761385537012826
2022,CO2/CO/NOx,2022-04-02 13:00:00+02:00,1.9884377299265263
2022,CO2/CO/NOx,2022-04-02 14:00:00+02:00,2.0112345855833835
2022,CO2/CO/NOx,2022-04-02 15:00:00+02:00,2.0479717137002598
2022,CO2/CO/NOx,2022-04-02 16:00:00+02:00,2.0733867491514104
2022,CO2/CO/NOx,2022-04-02 17:00:00+02:00,2.088876253074547
2022,CO2/CO/NOx,2022-04-02 18:00:00+02:00,2.1094148010481053
2022,CO2/CO/NOx,2022-04-02 19:00:00+02:00,2.0956200942856396
2022,CO2/CO/NOx,2022-04-02 20:00:00+02:00,2.0452113787351616
2022,CO2/CO/NOx,2022-04-02 21:00:00+02:00,1.9738916920037515
2022,CO2/CO/NOx,2022-04-02 22:00:00+02:00,1.9087763389557653
2022,CO2/CO/NOx,2022-04-02 23:00:00+02:00,1.834342743895325
2022,CO2/CO/NOx,2022-04-03 00:00:00+02:00,1.7872856636413115
2022,CO2/CO/NOx,2022-04-03 01:00:00+02:00,1.7824496715659248
2022,CO2/CO/NOx,2022-04-03 02:00:00+02:00,1.836777730027684
2022,CO2/CO/NOx,2022-04-03 03:00:00+02:00,1.9368490796632174
2022,CO2/CO/NOx,2022-04-03 04:00:00+02:00,2.0490363335828676
2022,CO2/CO/NOx,2022-04-03 05:00:00+02:00,2.1382820101199425
2022,CO2/CO/NOx,2022-04-03 06:00:00+02:00,2.207576245751747
2022,CO2/CO/NOx,2022-04-03 07:00:00+02:00,2.2440241647783097
2022,CO2/CO/NOx,2022-04-03 08:00:00+02:00,2.2253503903011613
2022,CO2/CO/NOx,2022-04-03 09:00:00+02:00,2.1796266545749177
2022,CO2/CO/NOx,2022-04-03 10:00:00+02:00,2.1304338606635973
2022,CO2/CO/NOx,2022-04-03 11:00:00+02:00,2.0784788661720834
2022,CO2/CO/NOx,2022-04-03 12:00:00+02:00,2.03244296313012
2022,CO2/CO/NOx,2022-04-03 13:00:00+02:00,2.0211883195119626
2022,CO2/CO/NOx,2022-04-03 14:00:00+02:00,2.007451374611299
2022,CO2/CO/NOx,2022-04-03 15:00:00+02:00,2.0132648426370925
2022,CO2/CO/NOx,2022-04-03 16:00:00+02:00,2.0132563661456495
2022,CO2/CO/NOx,2022-04-03 17:00:00+02:00,2.0139694270910913
2022,CO2/CO/NOx,2022-04-03 18:00:00+02:00,2.023374250877034
2022,CO2/CO/NOx,2022-04-03 19:00:00+02:00,1.990890080812208
2022,CO2/CO/NOx,2022-04-03 20:00:00+02:00,1.9583484333811312
2022,CO2/CO/NOx,2022-04-03 21:00:00+02:00,1.920759254786223
2022,CO2/CO/NOx,2022-04-03 22:00:00+02:00,1.8997785834612195
2022,CO2/CO/NOx,2022-04-03 23:00:00+02:00,1.8859044935956468
2022,CO2/CO/NOx,2022-04-04 00:00:00+02:00,1.8602968735048562
2022,CO2/CO/NOx,2022-04-04 01:00:00+02:00,1.8750237125864075
2022,CO2/CO/NOx,2022-04-04 02:00:00+02:00,1.9318916489596942
2022,CO2/CO/NOx,2022-04-04 03:00:00+02:00,2.0250613115240004
2022,CO2/CO/NOx,2022-04-04 04:00:00+02:00,2.0864489389930436
2022,CO2/CO/NOx,2022-04-04 05:00:00+02:00,2.1579527977236426
2022,CO2/CO/NOx,2022-04-04 06:00:00+02:00,2.1856454588109857
2022,CO2/CO/NOx,2022-04-04 07:00:00+02:00,2.174003554320796
2022,CO2/CO/NOx,2022-04-04 08:00:00+02:00,2.132676429421591
2022,CO2/CO/NOx,2022-04-04 09:00:00+02:00,2.051395910603628
2022,CO2/CO/NOx,2022-04-04 10:00:00+02:00,2.000619808077838
2022,CO2/CO/NOx,2022-04-04 11:00:00+02:00,1.9459487890700256
2022,CO2/CO/NOx,2022-04-04 12:00:00+02:00,1.8918256772276647
2022,CO2/CO/NOx,2022-04-04 13:00:00+02:00,1.848918910745933
2022,CO2/CO/NOx,2022-04-04 14:00:00+02:00,1.8101848113705021
2022,CO2/CO/NOx,2022-04-04 15:00:00+02:00,1.7685460709627987
2022,CO2/CO/NOx,2022-04-04 16:00:00+02:00,1.7272017734317218
2022,CO2/CO/NOx,2022-04-04 17:00:00+02:00,1.7046003540510914
2022,CO2/CO/NOx,2022-04-04 18:00:00+02:00,1.7067959391647496
2022,CO2/CO/NOx,2022-04-04 19:00:00+02:00,1.6972949398149921
2022,CO2/CO/NOx,2022-04-04 20:00:00+02:00,1.6646196527579113
2022,CO2/CO/NOx,2022-04-04 21:00:00+02:00,1.6281367406208918
2022,CO2/CO/NOx,2022-04-04 22:00:00+02:00,1.6056121997725508
2022,CO2/CO/NOx,2022-04-04 23:00:00+02:00,1.5733731352888451
2022,CO2/CO/NOx,2022-04-05 00:00:00+02:00,1.5384845200914476
2022,CO2/CO/NOx,2022-04-05 01:00:00+02:00,1.5183585825964299
2022,CO2/CO/NOx,2022-04-05 02:00:00+02:00,1.5239253166276943
2022,CO2/CO/NOx,2022-04-05 03:00:00+02:00,1.5476389845166567
2022,CO2/CO/NOx,2022-04-05 04:00:00+02:00,1.5649592785771502
2022,CO2/CO/NOx,2022-04-05 05:00:00+02:00,1.579406999758498
2022,CO2/CO/NOx,2022-04-05 06:00:00+02:00,1.6190646450429107
2022,CO2/CO/NOx,2022-04-05 07:00:00+02:00,1.6672006919901052
2022,CO2/CO/NOx,2022-04-05 08:00:00+02:00,1.6827180982916854
2022,CO2/CO/NOx,2022-04-05 09:00:00+02:00,1.6742735510212985
2022,CO2/CO/NOx,2022-04-05 10:00:00+02:00,1.6610654441078632
2022,CO2/CO/NOx,2022-04-05 11:00:00+02:00,1.610665012381364
2022,CO2/CO/NOx,2022-04-05 12:00:00+02:00,1.5141402478154211
2022,CO2/CO/NOx,2022-04-05 13:00:00+02:00,1.4079930337658695
2022,CO2/CO/NOx,2022-04-05 14:00:00+02:00,1.3000026314941573
2022,CO2/CO/NOx,2022-04-05 15:00:00+02:00,1.2179208056712307
2022,CO2/CO/NOx,2022-04-05 16:00:00+02:00,1.1648870143012595
2022,CO2/CO/NOx,2022-04-05 17:00:00+02:00,1.1329739817329882
2022,CO2/CO/NOx,2022-04-05 18:00:00+02:00,1.1674852007809329
2022,CO2/CO/NOx,2022-04-05 19:00:00+02:00,1.2072080058113288
2022,CO2/CO/NOx,2022-04-05 20:00:00+02:00,1.224972108994879
2022,CO2/CO/NOx,2022-04-05 21:00:00+02:00,1.215814290704399
2022,CO2/CO/NOx,2022-04-05 22:00:00+02:00,1.1903499066723155
2022,CO2/CO/NOx,2022-04-05 23:00:00+02:00,1.1504713253525445
2022,CO2/CO/NOx,2022-04-06 00:00:00+02:00,1.0883293489474566
2022,CO2/CO/NOx,2022-04-06 01:00:00+02:00,1.0586927119400706
2022,CO2/CO/NOx,2022-04-06 02:00:00+02:00,1.0654755635282442
2022,CO2/CO/NOx,2022-04-06 03:00:00+02:00,1.1187959807942562
2022,CO2/CO/NOx,2022-04-06 04:00:00+02:00,1.1655874555808952
2022,CO2/CO/NOx,2022-04-06 05:00:00+02:00,1.2133824636962538
2022,CO2/CO/NOx,2022-04-06 06:00:00+02:00,1.2385257238451544
2022,CO2/CO/NOx,2022-04-06 07:00:00+02:00,1.2321658851424795
2022,CO2/CO/NOx,2022-04-06 08:00:00+02:00,1.1872246124315347
2022,CO2/CO/NOx,2022-04-06 09:00:00+02:00,1.0985940083040548
2022,CO2/CO/NOx,2022-04-06 10:00:00+02:00,1.018719479315159
2022,CO2/CO/NOx,2022-04-06 11:00:00+02:00,0.9451370586087037
2022,CO2/CO/NOx,2022-04-06 12:00:00+02:00,0.8811337724676488
2022,CO2/CO/NOx,2022-04-06 13:00:00+02:00,0.8405075039568904
2022,CO2/CO/NOx,2022-04-06 14:00:00+02:00,0.8291092452212937
2022,CO2/CO/NOx,2022-04-06 15:00:00+02:00,0.8383759297224496
2022,CO2/CO/NOx,2022-04-06 16:00:00+02:00,0.8573183164110656
2022,CO2/CO/NOx,2022-04-06 17:00:00+02:00,0.8884202946328613
2022,CO2/CO/NOx,2022-04-06 18:00:00+02:00,0.9179357350224635
2022,CO2/CO/NOx,2022-04-06 19:00:00+02:00,0.9240476167645681
2022,CO2/CO/NOx,2022-04-06 20:00:00+02:00,0.9112441123004491
2022,CO2/CO/NOx,2022-04-06 21:00:00+02:00,0.8767873154419533
2022,CO2/CO/NOx,2022-04-06 22:00:00+02:00,0.8378349935613368
2022,CO2/CO/NOx,2022-04-06 23:00:00+02:00,0.8036860377217763
2022,CO2/CO/NOx,2022-04-07 00:00:00+02:00,0.7615464821562201
2022,CO2/CO/NOx,2022-04-07 01:00:00+02:00,0.7375939926952918
2022,CO2/CO/NOx,2022-04-07 02:00:00+02:00,0.7517342417038018
2022,CO2/CO/NOx,2022-04-07 03:00:00+02:00,0.7784329728469853
2022,CO2/CO/NOx,2022-04-07 04:00:00+02:00,0.8228378343796138
2022,CO2/CO/NOx,2022-04-07 05:00:00+02:00,0.8738480175838769
2022,CO2/CO/NOx,2022-04-07 06:00:00+02:00,0.9229733683627901
2022,CO2/CO/NOx,2022-04-07 07:00:00+02:00,0.9459657415716366
2022,CO2/CO/NOx,2022-04-07 08:00:00+02:00,0.9445478464929672
2022,CO2/CO/NOx,2022-04-07 09:00:00+02:00,0.908014051403329
2022,CO2/CO/NOx,2022-04-07 10:00:00+02:00,0.8660382052169762
2022,CO2/CO/NOx,2022-04-07 11:00:00+02:00,0.8227764344207293
2022,CO2/CO/NOx,2022-04-07 12:00:00+02:00,0.7735720045856644
2022,CO2/CO/NOx,2022-04-07 13:00:00+02:00,0.7559887330115256
2022,CO2/CO/NOx,2022-04-07 14:00:00+02:00,0.7643633971034707
2022,CO2/CO/NOx,2022-04-07 15:00:00+02:00,0.779023853125202
2022,CO2/CO/NOx,2022-04-07 16:00:00+02:00,0.7869798847004515
2022,CO2/CO/NOx,2022-04-07 17:00:00+02:00,0.799408627354196
2022,CO2/CO/NOx,2022-04-07 18:00:00+02:00,0.8165077083347465
2022,CO2/CO/NOx,2022-04-07 19:00:00+02:00,0.8205684374457339
2022,CO2/CO/NOx,2022-04-07 20:00:00+02:00,0.8092512697151131
2022,CO2/CO/NOx,2022-04-07 21:00:00+02:00,0.7933170648837694
2022,CO2/CO/NOx,2022-04-07 22:00:00+02:00,0.7871074450702986
2022,CO2/CO/NOx,2022-04-07 23:00:00+02:00,0.7904513621960632
2022,CO2/CO/NOx,2022-04-08 00:00:00+02:00,0.7744569571173302
2022,CO2/CO/NOx,2022-04-08 01:00:00+02:00,0.8029670317286969
2022,CO2/CO/NOx,2022-04-08 02:00:00+02:00,0.8693572657584571
2022,CO2/CO/NOx,2022-04-08 03:00:00+02:00,0.9562813826351024
2022,CO2/CO/NOx,2022-04-08 04:00:00+02:00,1.0402840717306527
2022,CO2/CO/NOx,2022-04-08 05:00:00+02:00,1.11703209677305
2022,CO2/CO/NOx,2022-04-08 06:00:00+02:00,1.1690889518217684
2022,CO2/CO/NOx,2022-04-08 07:00:00+02:00,1.1868422213020569
2022,CO2/CO/NOx,2022-04-08 08:00:00+02:00,1.1745097365897863
2022,CO2/CO/NOx,2022-04-08 09:00:00+02:00,1.1235479121285508
2022,CO2/CO/NOx,2022-04-08 10:00:00+02:00,1.0904586604498456
2022,CO2/CO/NOx,2022-04-08 11:00:00+02:00,1.0513892142895866
2022,CO2/CO/NOx,2022-04-08 12:00:00+02:00,1.01644292493427
2022,CO2/CO/NOx,2022-04-08 13:00:00+02:00,0.9778929830432911
2022,CO2/CO/NOx,2022-04-08 14:00:00+02:00,0.9497687036561278
2022,CO2/CO/NOx,2022-04-08 15:00:00+02:00,0.9241381479661396
2022,CO2/CO/NOx,2022-04-08 16:00:00+02:00,0.9116585784014776
2022,CO2/CO/NOx,2022-04-08 17:00:00+02:00,0.9112769045762177
2022,CO2/CO/NOx,2022-04-08 18:00:00+02:00,0.9259474998874057
2022,CO2/CO/NOx,2022-04-08 19:00:00+02:00,0.9513257625100418
2022,CO2/CO/NOx,2022-04-08 20:00:00+02:00,0.9770978164276255
2022,CO2/CO/NOx,2022-04-08 21:00:00+02:00,0.9967918177423364
2022,CO2/CO/NOx,2022-04-08 22:00:00+02:00,0.9852965693256706
2022,CO2/CO/NOx,2022-04-08 23:00:00+02:00,0.9508885285525402
2022,CO2/CO/NOx,2022-04-09 00:00:00+02:00,0.9100895240791271
2022,CO2/CO/NOx,2022-04-09 01:00:00+02:00,0.9249900955487655
2022,CO2/CO/NOx,2022-04-09 02:00:00+02:00,0.9829331167758104
2022,CO2/CO/NOx,2022-04-09 03:00:00+02:00,1.0846483092701538
2022,CO2/CO/NOx,2022-04-09 04:00:00+02:00,1.2168211011665209
2022,CO2/CO/NOx,2022-04-09 05:00:00+02:00,1.3447555710382595
2022,CO2/CO/NOx,2022-04-09 06:00:00+02:00,1.4519062521409982
2022,CO2/CO/NOx,2022-04-09 07:00:00+02:00,1.4987490034476716
2022,CO2/CO/NOx,2022-04-09 08:00:00+02:00,1.4708469484424767
2022,CO2/CO/NOx,2022-04-09 09:00:00+02:00,1.4219331543748945
2022,CO2/CO/NOx,2022-04-09 10:00:00+02:00,1.3869995188916149
2022,CO2/CO/NOx,2022-04-09 11:00:00+02:00,1.332212110821067
2022,CO2/CO/NOx,2022-04-09 12:00:00+02:00,1.2762054569398509
2022,CO2/CO/NOx,2022-04-09 13:00:00+02:00,1.247454347250236
2022,CO2/CO/NOx,2022-04-09 14:00:00+02:00,1.237000845922286
2022,CO2/CO/NOx,2022-04-09 15:00:00+02:00,1.2559416064112323
2022,CO2/CO/NOx,2022-04-09 16:00:00+02:00,1.26661187909007
2022,CO2/CO/NOx,2022-04-09 17:00:00+02:00,1.2922964948519853
2022,CO2/CO/NOx,2022-04-09 18:00:00+02:00,1.3475551691269145
2022,CO2/CO/NOx,2022-04-09 19:00:00+02:00,1.3756271377971998
2022,CO2/CO/NOx,2022-04-09 20:00:00+02:00,1.3926839850317985
2022,CO2/CO/NOx,2022-04-09 21:00:00+02:00,1.398771519081704
2022,CO2/CO/NOx,2022-04-09 22:00:00+02:00,1.394005648681088
2022,CO2/CO/NOx,2022-04-09 23:00:00+02:00,1.3854048572699678
2022,CO2/CO/NOx,2022-04-10 00:00:00+02:00,1.3640069485489428
2022,CO2/CO/NOx,2022-04-10 01:00:00+02:00,1.361949521843648
2022,CO2/CO/NOx,2022-04-10 02:00:00+02:00,1.403766669710585
2022,CO2/CO/NOx,2022-04-10 03:00:00+02:00,1.4645909549396543
2022,CO2/CO/NOx,2022-04-10 04:00:00+02:00,1.5259682586877048
2022,CO2/CO/NOx,2022-04-10 05:00:00+02:00,1.6057060720955587
2022,CO2/CO/NOx,2022-04-10 06:00:00+02:00,1.6650579086819455
2022,CO2/CO/NOx,2022-04-10 07:00:00+02:00,1.6994541037234334
2022,CO2/CO/NOx,2022-04-10 08:00:00+02:00,1.695675028818035
2022,CO2/CO/NOx,2022-04-10 09:00:00+02:00,1.6691869860397364
2022,CO2/CO/NOx,2022-04-10 10:00:00+02:00,1.6405752804199838
2022,CO2/CO/NOx,2022-04-10 11:00:00+02:00,1.5988359415502111
2022,CO2/CO/NOx,2022-04-10 12:00:00+02:00,1.5409026377017645
2022,CO2/CO/NOx,2022-04-10 13:00:00+02:00,1.4884224024114383
2022,CO2/CO/NOx,2022-04-10 14:00:00+02:00,1.4621970569240244
2022,CO2/CO/NOx,2022-04-10 15:00:00+02:00,1.4638623683544474
2022,CO2/CO/NOx,2022-04-10 16:00:00+02:00,1.4765067994756989
2022,CO2/CO/NOx,2022-04-10 17:00:00+02:00,1.4879103879645923
2022,CO2/CO/NOx,2022-04-10 18:00:00+02:00,1.5278261956779664
2022,CO2/CO/NOx,2022-04-10 19:00:00+02:00,1.551171828663949
2022,CO2/CO/NOx,2022-04-10 20:00:00+02:00,1.5518196804652666
2022,CO2/CO/NOx,2022-04-10 21:00:00+02:00,1.5268429714722629
2022,CO2/CO/NOx,2022-04-10 22:00:00+02:00,1.5067348806053675
2022,CO2/CO/NOx,2022-04-10 23:00:00+02:00,1.4811806384656578
2022,CO2/CO/NOx,2022-04-11 00:00:00+02:00,1.4271892912490058
2022,CO2/CO/NOx,2022-04-11 01:00:00+02:00,1.411668195870588
2022,CO2/CO/NOx,2022-04-11 02:00:00+02:00,1.4521722669542696
2022,CO2/CO/NOx,2022-04-11 03:00:00+02:00,1.5424984825537973
2022,CO2/CO/NOx,2022-04-11 04:00:00+02:00,1.646782513742343
2022,CO2/CO/NOx,2022-04-11 05:00:00+02:00,1.7348329563295497
2022,CO2/CO/NOx,2022-04-11 06:00:00+02:00,1.8063524473448258
2022,CO2/CO/NOx,2022-04-11 07:00:00+02:00,1.8537547656200764
2022,CO2/CO/NOx,2022-04-11 08:00:00+02:00,1.780182118009332
2022,CO2/CO/NOx,2022-04-11 09:00:00+02:00,1.6116467840350395
2022,CO2/CO/NOx,2022-04-11 10:00:00+02:00,1.4658664623392652
2022,CO2/CO/NOx,2022-04-11 11:00:00+02:00,1.3230591441342983
2022,CO2/CO/NOx,2022-04-11 12:00:00+02:00,1.1952962150229596
2022,CO2/CO/NOx,2022-04-11 13:00:00+02:00,1.09769891827956
2022,CO2/CO/NOx,2022-04-11 14:00:00+02:00,1.038699359249491
2022,CO2/CO/NOx,2022-04-11 15:00:00+02:00,1.0452703366704374
2022,CO2/CO/NOx,2022-04-11 16:00:00+02:00,1.0779203702315536
2022,CO2/CO/NOx,2022-04-11 17:00:00+02:00,1.0828435996550807
2022,CO2/CO/NOx,2022-04-11 18:00:00+02:00,1.1304428592324474
2022,CO2/CO/NOx,2022-04-11 19:00:00+02:00,1.169078125473189
2022,CO2/CO/NOx,2022-04-11 20:00:00+02:00,1.1709136297717888
2022,CO2/CO/NOx,2022-04-11 21:00:00+02:00,1.1725603225952543
2022,CO2/CO/NOx,2022-04-11 22:00:00+02:00,1.1668086269429923
2022,CO2/CO/NOx,2022-04-11 23:00:00+02:00,1.1521375875774855
2022,CO2/CO/NOx,2022-04-12 00:00:00+02:00,1.1493069497191972
2022,CO2/CO/NOx,2022-04-12 01:00:00+02:00,1.1654414729437543
2022,CO2/CO/NOx,2022-04-12 02:00:00+02:00,1.2172603496591161
2022,CO2/CO/NOx,2022-04-12 03:00:00+02:00,1.3125832971373415
2022,CO2/CO/NOx,2022-04-12 04:00:00+02:00,1.3713804334403898
2022,CO2/CO/NOx,2022-04-12 05:00:00+02:00,1.4328161681094391
2022,CO2/CO/NOx,2022-04-12 06:00:00+02:00,1.4514493850379186
2022,CO2/CO/NOx,2022-04-12 07:00:00+02:00,1.4023432758487662
2022,CO2/CO/NOx,2022-04-12 08:00:00+02:00,1.2903154933920806
2022,CO2/CO/NOx,2022-04-12 09:00:00+02:00,1.1680203403494533
2022,CO2/CO/NOx,2022-04-12 10:00:00+02:00,1.0446501356892226
2022,CO2/CO/NOx,2022-04-12 11:00:00+02:00,0.9525183410636642
2022,CO2/CO/NOx,2022-04-12 12:00:00+02:00,0.8848145229667824
2022,CO2/CO/NOx,2022-04-12 13:00:00+02:00,0.8586218395995492
2022,CO2/CO/NOx,2022-04-12 14:00:00+02:00,0.8793729264542114
2022,CO2/CO/NOx,2022-04-12 15:00:00+02:00,0.9170296292943727
2022,CO2/CO/NOx,2022-04-12 16:00:00+02:00,0.9606174219682581
2022,CO2/CO/NOx,2022-04-12 17:00:00+02:00,0.9982388368787063
2022,CO2/CO/NOx,2022-04-12 18:00:00+02:00,1.0153791982482603
2022,CO2/CO/NOx,2022-04-12 19:00:00+02:00,0.9724759222162831
2022,CO2/CO/NOx,2022-04-12 20:00:00+02:00,0.9124644128977077
2022,CO2/CO/NOx,2022-04-12 21:00:00+02:00,0.8273773579676126
2022,CO2/CO/NOx,2022-04-12 22:00:00+02:00,0.7513459098062508
2022,CO2/CO/NOx,2022-04-12 23:00:00+02:00,0.7063115113187368
2022,CO2/CO/NOx,2022-04-13 00:00:00+02:00,0.7280462542413877
2022,CO2/CO/NOx,2022-04-13 01:00:00+02:00,0.8122029377191127
2022,CO2/CO/NOx,2022-04-13 02:00:00+02:00,0.928670554053563
2022,CO2/CO/NOx,2022-04-13 03:00:00+02:00,1.056208147591189
2022,CO2/CO/NOx,2022-04-13 04:00:00+02:00,1.170004174709841
2022,CO2/CO/NOx,2022-04-13 05:00:00+02:00,1.2332147861486884
2022,CO2/CO/NOx,2022-04-13 06:00:00+02:00,1.2221505216167434
2022,CO2/CO/NOx,2022-04-13 07:00:00+02:00,1.1367956187871835
2022,CO2/CO/NOx,2022-04-13 08:00:00+02:00,1.0240647523134487
2022,CO2/CO/NOx,2022-04-13 09:00:00+02:00,0.8844616487844679
2022,CO2/CO/NOx,2022-04-13 10:00:00+02:00,0.7499797184395135
2022,CO2/CO/NOx,2022-04-13 11:00:00+02:00,0.64018484739785
2022,CO2/CO/NOx,2022-04-13 12:00:00+02:00,0.5994947210237819
2022,CO2/CO/NOx,2022-04-13 13:00:00+02:00,0.596575849257575
2022,CO2/CO/NOx,2022-04-13 14:00:00+02:00,0.6148641740846986
2022,CO2/CO/NOx,2022-04-13 15:00:00+02:00,0.6612596894994278
2022,CO2/CO/NOx,2022-04-13 16:00:00+02:00,0.7061127273413593
2022,CO2/CO/NOx,2022-04-13 17:00:00+02:00,0.7496883882935682
2022,CO2/CO/NOx,2022-04-13 18:00:00+02:00,0.7518310547006051
2022,CO2/CO/NOx,2022-04-13 19:00:00+02:00,0.7243385935936054
2022,CO2/CO/NOx,2022-04-13 20:00:00+02:00,0.6900742762030098
2022,CO2/CO/NOx,2022-04-13 21:00:00+02:00,0.6626102948279022
2022,CO2/CO/NOx,2022-04-13 22:00:00+02:00,0.6313528107408519
2022,CO2/CO/NOx,2022-04-13 23:00:00+02:00,0.6231984834809419
2022,CO2/CO/NOx,2022-04-14 00:00:00+02:00,0.6174608510107986
2022,CO2/CO/NOx,2022-04-14 01:00:00+02:00,0.624742020777273
2022,CO2/CO/NOx,2022-04-14 02:00:00+02:00,0.6516970302839544
2022,CO2/CO/NOx,2022-04-14 03:00:00+02:00,0.6793412047101006
2022,CO2/CO/NOx,2022-04-14 04:00:00+02:00,0.7172856318524029
2022,CO2/CO/NOx,2022-04-14 05:00:00+02:00,0.761795893758447
2022,CO2/CO/NOx,2022-04-14 06:00:00+02:00,0.7930668029911986
2022,CO2/CO/NOx,2022-04-14 07:00:00+02:00,0.795754915717268
2022,CO2/CO/NOx,2022-04-14 08:00:00+02:00,0.7680578344874689
2022,CO2/CO/NOx,2022-04-14 09:00:00+02:00,0.7022367643986587
2022,CO2/CO/NOx,2022-04-14 10:00:00+02:00,0.6382164582446332
2022,CO2/CO/NOx,2022-04-14 11:00:00+02:00,0.5866984467284057
2022,CO2/CO/NOx,2022-04-14 12:00:00+02:00,0.5342492825152911
2022,CO2/CO/NOx,2022-04-14 13:00:00+02:00,0.5015487300137634
2022,CO2/CO/NOx,2022-04-14 14:00:00+02:00,0.4868621577903716
2022,CO2/CO/NOx,2022-04-14 15:00:00+02:00,0.47354207662260456
2022,CO2/CO/NOx,2022-04-14 16:00:00+02:00,0.46289790980473894
2022,CO2/CO/NOx,2022-04-14 17:00:00+02:00,0.47180289870278375
2022,CO2/CO/NOx,2022-04-14 18:00:00+02:00,0.4843877537924213
2022,CO2/CO/NOx,2022-04-14 19:00:00+02:00,0.4908593151435924
2022,CO2/CO/NOx,2022-04-14 20:00:00+02:00,0.4975233663085114
2022,CO2/CO/NOx,2022-04-14 21:00:00+02:00,0.511021890485397
2022,CO2/CO/NOx,2022-04-14 22:00:00+02:00,0.5264147778808973
2022,CO2/CO/NOx,2022-04-14 23:00:00+02:00,0.5357003234484532
2022,CO2/CO/NOx,2022-04-15 00:00:00+02:00,0.5323857323218288
2022,CO2/CO/NOx,2022-04-15 01:00:00+02:00,0.5430174149958672
2022,CO2/CO/NOx,2022-04-15 02:00:00+02:00,0.5665362400033122
2022,CO2/CO/NOx,2022-04-15 03:00:00+02:00,0.6006598827171585
2022,CO2/CO/NOx,2022-04-15 04:00:00+02:00,0.627399757009313
2022,CO2/CO/NOx,2022-04-15 05:00:00+02:00,0.6539158339117784
2022,CO2/CO/NOx,2022-04-15 06:00:00+02:00,0.6832898684343848
2022,CO2/CO/NOx,2022-04-15 07:00:00+02:00,0.7012018934480332
2022,CO2/CO/NOx,2022-04-15 08:00:00+02:00,0.7050573550432421
2022,CO2/CO/NOx,2022-04-15 09:00:00+02:00,0.6878743971154931
2022,CO2/CO/NOx,2022-04-15 10:00:00+02:00,0.6640378521646555
2022,CO2/CO/NOx,2022-04-15 11:00:00+02:00,0.6293175537083766
2022,CO2/CO/NOx,2022-04-15 12:00:00+02:00,0.5993278135736316
2022,CO2/CO/NOx,2022-04-15 13:00:00+02:00,0.5657774541253272
2022,CO2/CO/NOx,2022-04-15 14:00:00+02:00,0.5418445413022243
2022,CO2/CO/NOx,2022-04-15 15:00:00+02:00,0.5317402968056973
2022,CO2/CO/NOx,2022-04-15 16:00:00+02:00,0.5253968608677873
2022,CO2/CO/NOx,2022-04-15 17:00:00+02:00,0.5262147122615312
2022,CO2/CO/NOx,2022-04-15 18:00:00+02:00,0.5392741580421102
2022,CO2/CO/NOx,2022-04-15 19:00:00+02:00,0.5566047551959729
2022,CO2/CO/NOx,2022-04-15 20:00:00+02:00,0.5895211822027858
2022,CO2/CO/NOx,2022-04-15 21:00:00+02:00,0.6221822747719221
2022,CO2/CO/NOx,2022-04-15 22:00:00+02:00,0.6508538425337524
2022,CO2/CO/NOx,2022-04-15 23:00:00+02:00,0.6724996868607344
2022,CO2/CO/NOx,2022-04-16 00:00:00+02:00,0.709131636334518
2022,CO2/CO/NOx,2022-04-16 01:00:00+02:00,0.7508564260685554
2022,CO2/CO/NOx,2022-04-16 02:00:00+02:00,0.8017235138612486
2022,CO2/CO/NOx,2022-04-16 03:00:00+02:00,0.8808365848987174
2022,CO2/CO/NOx,2022-04-16 04:00:00+02:00,0.9569826962236002
2022,CO2/CO/NOx,2022-04-16 05:00:00+02:00,1.0268945585117581
2022,CO2/CO/NOx,2022-04-16 06:00:00+02:00,1.0663173748823596
2022,CO2/CO/NOx,2022-04-16 07:00:00+02:00,1.071956745602209
2022,CO2/CO/NOx,2022-04-16 08:00:00+02:00,1.0616354623894204
2022,CO2/CO/NOx,2022-04-16 09:00:00+02:00,1.0561575741403988
2022,CO2/CO/NOx,2022-04-16 10:00:00+02:00,1.0369053210972248
2022,CO2/CO/NOx,2022-04-16 11:00:00+02:00,1.0229335510181987
2022,CO2/CO/NOx,2022-04-16 12:00:00+02:00,1.0173493104586053
2022,CO2/CO/NOx,2022-04-16 13:00:00+02:00,1.014082896131066
2022,CO2/CO/NOx,2022-04-16 14:00:00+02:00,1.011871223100158
2022,CO2/CO/NOx,2022-04-16 15:00:00+02:00,1.0168269071818663
2022,CO2/CO/NOx,2022-04-16 16:00:00+02:00,1.0348881178802845
2022,CO2/CO/NOx,2022-04-16 17:00:00+02:00,1.0717441465691535
2022,CO2/CO/NOx,2022-04-16 18:00:00+02:00,1.1096063813330983
2022,CO2/CO/NOx,2022-04-16 19:00:00+02:00,1.127248937935757
2022,CO2/CO/NOx,2022-04-16 20:00:00+02:00,1.1442953103253013
2022,CO2/CO/NOx,2022-04-16 21:00:00+02:00,1.15538900022903
2022,CO2/CO/NOx,2022-04-16 22:00:00+02:00,1.1839514278819188
2022,CO2/CO/NOx,2022-04-16 23:00:00+02:00,1.2136426710763129
2022,CO2/CO/NOx,2022-04-17 00:00:00+02:00,1.234750026102588
2022,CO2/CO/NOx,2022-04-17 01:00:00+02:00,1.2752335376424113
2022,CO2/CO/NOx,2022-04-17 02:00:00+02:00,1.328941947136438
2022,CO2/CO/NOx,2022-04-17 03:00:00+02:00,1.387682458557786
2022,CO2/CO/NOx,2022-04-17 04:00:00+02:00,1.435966237374474
2022,CO2/CO/NOx,2022-04-17 05:00:00+02:00,1.4670350050502832
2022,CO2/CO/NOx,2022-04-17 06:00:00+02:00,1.48333524070562
2022,CO2/CO/NOx,2022-04-17 07:00:00+02:00,1.494769235915124
2022,CO2/CO/NOx,2022-04-17 08:00:00+02:00,1.455644395171375
2022,CO2/CO/NOx,2022-04-17 09:00:00+02:00,1.3599636559727195
2022,CO2/CO/NOx,2022-04-17 10:00:00+02:00,1.2633438270209176
2022,CO2/CO/NOx,2022-04-17 11:00:00+02:00,1.1760414430009822
2022,CO2/CO/NOx,2022-04-17 12:00:00+02:00,1.110551578119028
2022,CO2/CO/NOx,2022-04-17 13:00:00+02:00,1.0628694764400648
2022,CO2/CO/NOx,2022-04-17 14:00:00+02:00,1.0305416215169205
2022,CO2/CO/NOx,2022-04-17 15:00:00+02:00,1.0331980804097596
2022,CO2/CO/NOx,2022-04-17 16:00:00+02:00,1.056809701409105
2022,CO2/CO/NOx,2022-04-17 17:00:00+02:00,1.0726273060281264
2022,CO2/CO/NOx,2022-04-17 18:00:00+02:00,1.106200005082165
2022,CO2/CO/NOx,2022-04-17 19:00:00+02:00,1.1414225115763719
2022,CO2/CO/NOx,2022-04-17 20:00:00+02:00,1.1614215106414065
2022,CO2/CO/NOx,2022-04-17 21:00:00+02:00,1.179193976277792
2022,CO2/CO/NOx,2022-04-17 22:00:00+02:00,1.202334770120533
2022,CO2/CO/NOx,2022-04-17 23:00:00+02:00,1.2279546035263285
2022,CO2/CO/NOx,2022-04-18 00:00:00+02:00,1.2342344427418852
2022,CO2/CO/NOx,2022-04-18 01:00:00+02:00,1.267537753482256
2022,CO2/CO/NOx,2022-04-18 02:00:00+02:00,1.3357604853733513
2022,CO2/CO/NOx,2022-04-18 03:00:00+02:00,1.4349900713490364
2022,CO2/CO/NOx,2022-04-18 04:00:00+02:00,1.5201013161216805
2022,CO2/CO/NOx,2022-04-18 05:00:00+02:00,1.5572911235475864
2022,CO2/CO/NOx,2022-04-18 06:00:00+02:00,1.5872902613585858
2022,CO2/CO/NOx,2022-04-18 07:00:00+02:00,1.55259612558558
2022,CO2/CO/NOx,2022-04-18 08:00:00+02:00,1.459177434192685
2022,CO2/CO/NOx,2022-04-18 09:00:00+02:00,1.3153389906340653
2022,CO2/CO/NOx,2022-04-18 10:00:00+02:00,1.1995047641702468
2022,CO2/CO/NOx,2022-04-18 11:00:00+02:00,1.098354602794862
2022,CO2/CO/NOx,2022-04-18 12:00:00+02:00,1.0297089798409664
2022,CO2/CO/NOx,2022-04-18 13:00:00+02:00,0.9972623760224887
2022,CO2/CO/NOx,2022-04-18 14:00:00+02:00,0.9983873038100007
2022,CO2/CO/NOx,2022-04-18 15:00:00+02:00,1.0508236532648458
2022,CO2/CO/NOx,2022-04-18 16:00:00+02:00,1.0726749919114273
2022,CO2/CO/NOx,2022-04-18 17:00:00+02:00,1.086844539595356
2022,CO2/CO/NOx,2022-04-18 18:00:00+02:00,1.1152313440947659
2022,CO2/CO/NOx,2022-04-18 19:00:00+02:00,1.119527339245269
2022,CO2/CO/NOx,2022-04-18 20:00:00+02:00,1.095022912303547
2022,CO2/CO/NOx,2022-04-18 21:00:00+02:00,1.0483503729040973
2022,CO2/CO/NOx,2022-04-18 22:00:00+02:00,1.0162567695403737
2022,CO2/CO/NOx,2022-04-18 23:00:00+02:00,1.0079822856798772
2022,CO2/CO/NOx,2022-04-19 00:00:00+02:00,0.9983662185901617
2022,CO2/CO/NOx,2022-04-19 01:00:00+02:00,1.0233668000673037
2022,CO2/CO/NOx,2022-04-19 02:00:00+02:00,1.0816886001019177
2022,CO2/CO/NOx,2022-04-19 03:00:00+02:00,1.1830877221020302
2022,CO2/CO/NOx,2022-04-19 04:00:00+02:00,1.2656202149908848
2022,CO2/CO/NOx,2022-04-19 05:00:00+02:00,1.3274318688462559
2022,CO2/CO/NOx,2022-04-19 06:00:00+02:00,1.348820477844852
2022,CO2/CO/NOx,2022-04-19 07:00:00+02:00,1.3347980089169715
2022,CO2/CO/NOx,2022-04-19 08:00:00+02:00,1.2808618066240265
2022,CO2/CO/NOx,2022-04-19 09:00:00+02:00,1.1706797449386903
2022,CO2/CO/NOx,2022-04-19 10:00:00+02:00,1.0807335168857375
2022,CO2/CO/NOx,2022-04-19 11:00:00+02:00,0.9916365246518605
2022,CO2/CO/NOx,2022-04-19 12:00:00+02:00,0.9178937028342798
2022,CO2/CO/NOx,2022-04-19 13:00:00+02:00,0.8587474347402319
2022,CO2/CO/NOx,2022-04-19 14:00:00+02:00,0.8451346111964426
2022,CO2/CO/NOx,2022-04-19 15:00:00+02:00,0.8664322564207553
2022,CO2/CO/NOx,2022-04-19 16:00:00+02:00,0.8974832466859893
2022,CO2/CO/NOx,2022-04-19 17:00:00+02:00,0.9580005765120357
2022,CO2/CO/NOx,2022-04-19 18:00:00+02:00,1.0284685180870994
2022,CO2/CO/NOx,2022-04-19 19:00:00+02:00,1.0834506080706559
2022,CO2/CO/NOx,2022-04-19 20:00:00+02:00,1.1114005510947476
2022,CO2/CO/NOx,2022-04-19 21:00:00+02:00,1.106746384601133
2022,CO2/CO/NOx,2022-04-19 22:00:00+02:00,1.0815103942136484
2022,CO2/CO/NOx,2022-04-19 23:00:00+02:00,1.1026646662045767
2022,CO2/CO/NOx,2022-04-20 00:00:00+02:00,1.1366954363816069
2022,CO2/CO/NOx,2022-04-20 01:00:00+02:00,1.1890155158294455
2022,CO2/CO/NOx,2022-04-20 02:00:00+02:00,1.2847038195040172
2022,CO2/CO/NOx,2022-04-20 03:00:00+02:00,1.4013465188032792
2022,CO2/CO/NOx,2022-04-20 04:00:00+02:00,1.4899936477902238
2022,CO2/CO/NOx,2022-04-20 05:00:00+02:00,1.5439111266544283
2022,CO2/CO/NOx,2022-04-20 06:00:00+02:00,1.5582603504585266
2022,CO2/CO/NOx,2022-04-20 07:00:00+02:00,1.5450829521435225
2022,CO2/CO/NOx,2022-04-20 08:00:00+02:00,1.4768633334260743
2022,CO2/CO/NOx,2022-04-20 09:00:00+02:00,1.35628388486106
2022,CO2/CO/NOx,2022-04-20 10:00:00+02:00,1.232129326549714
2022,CO2/CO/NOx,2022-04-20 11:00:00+02:00,1.1293374379763759
2022,CO2/CO/NOx,2022-04-20 12:00:00+02:00,1.0407795783386353
2022,CO2/CO/NOx,2022-04-20 13:00:00+02:00,0.9792492147719839
2022,CO2/CO/NOx,2022-04-20 14:00:00+02:00,0.9483674084237884
2022,CO2/CO/NOx,2022-04-20 15:00:00+02:00,0.9740187751966223
2022,CO2/CO/NOx,2022-04-20 16:00:00+02:00,1.016109074322039
2022,CO2/CO/NOx,2022-04-20 17:00:00+02:00,1.0289681893808136
2022,CO2/CO/NOx,2022-04-20 18:00:00+02:00,1.0788189942697777
2022,CO2/CO/NOx,2022-04-20 19:00:00+02:00,1.1225325468562959
2022,CO2/CO/NOx,2022-04-20 20:00:00+02:00,1.1417058826502937
2022,CO2/CO/NOx,2022-04-20 21:00:00+02:00,1.146429370387882
2022,CO2/CO/NOx,2022-04-20 22:00:00+02:00,1.154095088244367
2022,CO2/CO/NOx,2022-04-20 23:00:00+02:00,1.15310122487037
2022,CO2/CO/NOx,2022-04-21 00:00:00+02:00,1.1423861772531128
2022,CO2/CO/NOx,2022-04-21 01:00:00+02:00,1.1609670531979968
2022,CO2/CO/NOx,2022-04-21 02:00:00+02:00,1.216103320998729
2022,CO2/CO/NOx,2022-04-21 03:00:00+02:00,1.3040171657969097
2022,CO2/CO/NOx,2022-04-21 04:00:00+02:00,1.370264360940914
2022,CO2/CO/NOx,2022-04-21 05:00:00+02:00,1.4300398422858474
2022,CO2/CO/NOx,2022-04-21 06:00:00+02:00,1.4556772357004333
2022,CO2/CO/NOx,2022-04-21 07:00:00+02:00,1.4200661285623848
2022,CO2/CO/NOx,2022-04-21 08:00:00+02:00,1.3307199126937779
2022,CO2/CO/NOx,2022-04-21 09:00:00+02:00,1.2062591726931573
2022,CO2/CO/NOx,2022-04-21 10:00:00+02:00,1.1114386614483898
2022,CO2/CO/NOx,2022-04-21 11:00:00+02:00,1.0218605956973161
2022,CO2/CO/NOx,2022-04-21 12:00:00+02:00,0.9484385876916952
2022,CO2/CO/NOx,2022-04-21 13:00:00+02:00,0.91731480098433
2022,CO2/CO/NOx,2022-04-21 14:00:00+02:00,0.9357591487760257
2022,CO2/CO/NOx,2022-04-21 15:00:00+02:00,0.9683213727589316
2022,CO2/CO/NOx,2022-04-21 16:00:00+02:00,0.9880539713038756
2022,CO2/CO/NOx,2022-04-21 17:00:00+02:00,1.0016320425069218
2022,CO2/CO/NOx,2022-04-21 18:00:00+02:00,1.0316521144200417
2022,CO2/CO/NOx,2022-04-21 19:00:00+02:00,1.0228839078832814
2022,CO2/CO/NOx,2022-04-21 20:00:00+02:00,0.9896697686748381
2022,CO2/CO/NOx,2022-04-21 21:00:00+02:00,0.92951769548055
2022,CO2/CO/NOx,2022-04-21 22:00:00+02:00,0.9079341255857745
2022,CO2/CO/NOx,2022-04-21 23:00:00+02:00,0.9328857910873006
2022,CO2/CO/NOx,2022-04-22 00:00:00+02:00,0.9833393495190383
2022,CO2/CO/NOx,2022-04-22 01:00:00+02:00,1.0498792035577114
2022,CO2/CO/NOx,2022-04-22 02:00:00+02:00,1.139220115736953
2022,CO2/CO/NOx,2022-04-22 03:00:00+02:00,1.2513253737667154
2022,CO2/CO/NOx,2022-04-22 04:00:00+02:00,1.3155248553910177
2022,CO2/CO/NOx,2022-04-22 05:00:00+02:00,1.3434503043305477
2022,CO2/CO/NOx,2022-04-22 06:00:00+02:00,1.3164834727590498
2022,CO2/CO/NOx,2022-04-22 07:00:00+02:00,1.282773347970826
2022,CO2/CO/NOx,2022-04-22 08:00:00+02:00,1.2254255248625445
2022,CO2/CO/NOx,2022-04-22 09:00:00+02:00,1.128720913368686
2022,CO2/CO/NOx,2022-04-22 10:00:00+02:00,1.0429690444255906
2022,CO2/CO/NOx,2022-04-22 11:00:00+02:00,0.9736369246299241
2022,CO2/CO/NOx,2022-04-22 12:00:00+02:00,0.9069243348730631
2022,CO2/CO/NOx,2022-04-22 13:00:00+02:00,0.8720544264970315
2022,CO2/CO/NOx,2022-04-22 14:00:00+02:00,0.8739957351335599
2022,CO2/CO/NOx,2022-04-22 15:00:00+02:00,0.8866589853168011
2022,CO2/CO/NOx,2022-04-22 16:00:00+02:00,0.9106528482555848
2022,CO2/CO/NOx,2022-04-22 17:00:00+02:00,0.933757069440049
2022,CO2/CO/NOx,2022-04-22 18:00:00+02:00,0.984019146207956
2022,CO2/CO/NOx,2022-04-22 19:00:00+02:00,1.0121552249896386
2022,CO2/CO/NOx,2022-04-22 20:00:00+02:00,1.0088301795734662
2022,CO2/CO/NOx,2022-04-22 21:00:00+02:00,0.97879621880361
2022,CO2/CO/NOx,2022-04-22 22:00:00+02:00,0.9444108320759877
2022,CO2/CO/NOx,2022-04-22 23:00:00+02:00,0.9217973503218574
2022,CO2/CO/NOx,2022-04-23 00:00:00+02:00,0.9109871100008949
2022,CO2/CO/NOx,2022-04-23 01:00:00+02:00,0.9317128244962569
2022,CO2/CO/NOx,2022-04-23 02:00:00+02:00,0.9849433799830517
2022,CO2/CO/NOx,2022-04-23 03:00:00+02:00,1.0749705846405788
2022,CO2/CO/NOx,2022-04-23 04:00:00+02:00,1.136013574338593
2022,CO2/CO/NOx,2022-04-23 05:00:00+02:00,1.1835603462357973
2022,CO2/CO/NOx,2022-04-23 06:00:00+02:00,1.2189395640686553
2022,CO2/CO/NOx,2022-04-23 07:00:00+02:00,1.208198196391903
2022,CO2/CO/NOx,2022-04-23 08:00:00+02:00,1.1796662655100287
2022,CO2/CO/NOx,2022-04-23 09:00:00+02:00,1.1420123438422065
2022,CO2/CO/NOx,2022-04-23 10:00:00+02:00,1.0907948507872065
2022,CO2/CO/NOx,2022-04-23 11:00:00+02:00,1.039551102296822
2022,CO2/CO/NOx,2022-04-23 12:00:00+02:00,0.9873394208775832
2022,CO2/CO/NOx,2022-04-23 13:00:00+02:00,0.9453263449951562
2022,CO2/CO/NOx,2022-04-23 14:00:00+02:00,0.9187834425607269
2022,CO2/CO/NOx,2022-04-23 15:00:00+02:00,0.9265683105975713
2022,CO2/CO/NOx,2022-04-23 16:00:00+02:00,0.9210324752444321
2022,CO2/CO/NOx,2022-04-23 17:00:00+02:00,0.9298348013603019
2022,CO2/CO/NOx,2022-04-23 18:00:00+02:00,0.957639943340875
2022,CO2/CO/NOx,2022-04-23 19:00:00+02:00,0.9745338849111599
2022,CO2/CO/NOx,2022-04-23 20:00:00+02:00,0.9870203709370198
2022,CO2/CO/NOx,2022-04-23 21:00:00+02:00,0.9798665328105964
2022,CO2/CO/NOx,2022-04-23 22:00:00+02:00,0.9560311160438134
2022,CO2/CO/NOx,2022-04-23 23:00:00+02:00,0.9306921222982358
2022,CO2/CO/NOx,2022-04-24 00:00:00+02:00,0.9022015519184742
2022,CO2/CO/NOx,2022-04-24 01:00:00+02:00,0.8690304885271941
2022,CO2/CO/NOx,2022-04-24 02:00:00+02:00,0.8759981745599027
2022,CO2/CO/NOx,2022-04-24 03:00:00+02:00,0.9116035698215644
2022,CO2/CO/NOx,2022-04-24 04:00:00+02:00,0.9464856767299173
2022,CO2/CO/NOx,2022-04-24 05:00:00+02:00,0.9746370439963894
2022,CO2/CO/NOx,2022-04-24 06:00:00+02:00,0.9888146359751764
2022,CO2/CO/NOx,2022-04-24 07:00:00+02:00,0.9966371670065172
2022,CO2/CO/NOx,2022-04-24 08:00:00+02:00,0.9969183787426242
2022,CO2/CO/NOx,2022-04-24 09:00:00+02:00,0.978651069789124
2022,CO2/CO/NOx,2022-04-24 10:00:00+02:00,0.9644533103626135
2022,CO2/CO/NOx,2022-04-24 11:00:00+02:00,0.9549629674877239
2022,CO2/CO/NOx,2022-04-24 12:00:00+02:00,0.9431811531346566
2022,CO2/CO/NOx,2022-04-24 13:00:00+02:00,0.939629515307112
2022,CO2/CO/NOx,2022-04-24 14:00:00+02:00,0.9384620750669069
2022,CO2/CO/NOx,2022-04-24 15:00:00+02:00,0.9512448975707659
2022,CO2/CO/NOx,2022-04-24 16:00:00+02:00,0.9828511776356238
2022,CO2/CO/NOx,2022-04-24 17:00:00+02:00,1.0034233856641805
2022,CO2/CO/NOx,2022-04-24 18:00:00+02:00,1.032204968972304
2022,CO2/CO/NOx,2022-04-24 19:00:00+02:00,1.0430692410861617
2022,CO2/CO/NOx,2022-04-24 20:00:00+02:00,1.0327494106309358
2022,CO2/CO/NOx,2022-04-24 21:00:00+02:00,1.0124894570373444
2022,CO2/CO/NOx,2022-04-24 22:00:00+02:00,0.9868104077018524
2022,CO2/CO/NOx,2022-04-24 23:00:00+02:00,0.9557579444445528
2022,CO2/CO/NOx,2022-04-25 00:00:00+02:00,0.9189390176534292
2022,CO2/CO/NOx,2022-04-25 01:00:00+02:00,0.9151735617658998
2022,CO2/CO/NOx,2022-04-25 02:00:00+02:00,0.9257661725873756
2022,CO2/CO/NOx,2022-04-25 03:00:00+02:00,0.9781160668002881
2022,CO2/CO/NOx,2022-04-25 04:00:00+02:00,1.0404228555506612
2022,CO2/CO/NOx,2022-04-25 05:00:00+02:00,1.0991518427369789
2022,CO2/CO/NOx,2022-04-25 06:00:00+02:00,1.1438665641905315
2022,CO2/CO/NOx,2022-04-25 07:00:00+02:00,1.1573560625593715
2022,CO2/CO/NOx,2022-04-25 08:00:00+02:00,1.138916090135462
2022,CO2/CO/NOx,2022-04-25 09:00:00+02:00,1.079351663210783
2022,CO2/CO/NOx,2022-04-25 10:00:00+02:00,1.015074242596387
2022,CO2/CO/NOx,2022-04-25 11:00:00+02:00,0.9408907781947459
2022,CO2/CO/NOx,2022-04-25 12:00:00+02:00,0.8796077083746818
2022,CO2/CO/NOx,2022-04-25 13:00:00+02:00,0.8374325329083915
2022,CO2/CO/NOx,2022-04-25 14:00:00+02:00,0.8266274145012114
2022,CO2/CO/NOx,2022-04-25 15:00:00+02:00,0.8516018830901164
2022,CO2/CO/NOx,2022-04-25 16:00:00+02:00,0.8952575450414207
2022,CO2/CO/NOx,2022-04-25 17:00:00+02:00,0.9610398993360227
2022,CO2/CO/NOx,2022-04-25 18:00:00+02:00,1.022386920847717
2022,CO2/CO/NOx,2022-04-25 19:00:00+02:00,1.0481026665291162
2022,CO2/CO/NOx,2022-04-25 20:00:00+02:00,1.0403732305626268
2022,CO2/CO/NOx,2022-04-25 21:00:00+02:00,0.993687199075094
2022,CO2/CO/NOx,2022-04-25 22:00:00+02:00,0.9206400369150275
2022,CO2/CO/NOx,2022-04-25 23:00:00+02:00,0.8584570963624928
2022,CO2/CO/NOx,2022-04-26 00:00:00+02:00,0.8026248458308595
2022,CO2/CO/NOx,2022-04-26 01:00:00+02:00,0.7740292672600986
2022,CO2/CO/NOx,2022-04-26 02:00:00+02:00,0.7916877415067798
2022,CO2/CO/NOx,2022-04-26 03:00:00+02:00,0.846895279388542
2022,CO2/CO/NOx,2022-04-26 04:00:00+02:00,0.9069029322049079
2022,CO2/CO/NOx,2022-04-26 05:00:00+02:00,0.9704238902821848
2022,CO2/CO/NOx,2022-04-26 06:00:00+02:00,1.0216595174796999
2022,CO2/CO/NOx,2022-04-26 07:00:00+02:00,1.0568663179813702
2022,CO2/CO/NOx,2022-04-26 08:00:00+02:00,1.0669889039403206
2022,CO2/CO/NOx,2022-04-26 09:00:00+02:00,1.0500440411318657
2022,CO2/CO/NOx,2022-04-26 10:00:00+02:00,1.037142664177758
2022,CO2/CO/NOx,2022-04-26 11:00:00+02:00,1.0387992635556542
2022,CO2/CO/NOx,2022-04-26 12:00:00+02:00,1.043984902756078
2022,CO2/CO/NOx,2022-04-26 13:00:00+02:00,1.0489371630785562
2022,CO2/CO/NOx,2022-04-26 14:00:00+02:00,1.0620534122724294
2022,CO2/CO/NOx,2022-04-26 15:00:00+02:00,1.0899625355552822
2022,CO2/CO/NOx,2022-04-26 16:00:00+02:00,1.1193228973658185
2022,CO2/CO/NOx,2022-04-26 17:00:00+02:00,1.1355343080163551
2022,CO2/CO/NOx,2022-04-26 18:00:00+02:00,1.151039261314792
2022,CO2/CO/NOx,2022-04-26 19:00:00+02:00,1.1518105874560858
2022,CO2/CO/NOx,2022-04-26 20:00:00+02:00,1.1398551138231134
2022,CO2/CO/NOx,2022-04-26 21:00:00+02:00,1.1140293558971888
2022,CO2/CO/NOx,2022-04-26 22:00:00+02:00,1.0906850107714925
2022,CO2/CO/NOx,2022-04-26 23:00:00+02:00,1.080625151949079
2022,CO2/CO/NOx,2022-04-27 00:00:00+02:00,1.0718720986780415
2022,CO2/CO/NOx,2022-04-27 01:00:00+02:00,1.0934019433944766
2022,CO2/CO/NOx,2022-04-27 02:00:00+02:00,1.130614315550645
2022,CO2/CO/NOx,2022-04-27 03:00:00+02:00,1.170674591278584
2022,CO2/CO/NOx,2022-04-27 04:00:00+02:00,1.2054366287606058
2022,CO2/CO/NOx,2022-04-27 05:00:00+02:00,1.2451449890324
2022,CO2/CO/NOx,2022-04-27 06:00:00+02:00,1.2737186419713666
2022,CO2/CO/NOx,2022-04-27 07:00:00+02:00,1.2672130028598296
2022,CO2/CO/NOx,2022-04-27 08:00:00+02:00,1.2364264446981417
2022,CO2/CO/NOx,2022-04-27 09:00:00+02:00,1.176074239602846
2022,CO2/CO/NOx,2022-04-27 10:00:00+02:00,1.130607999285158
2022,CO2/CO/NOx,2022-04-27 11:00:00+02:00,1.081307871044404
2022,CO2/CO/NOx,2022-04-27 12:00:00+02:00,1.0333992364417683
2022,CO2/CO/NOx,2022-04-27 13:00:00+02:00,1.0122809166508537
2022,CO2/CO/NOx,2022-04-27 14:00:00+02:00,1.0121560236306106
2022,CO2/CO/NOx,2022-04-27 15:00:00+02:00,1.0100751857005232
2022,CO2/CO/NOx,2022-04-27 16:00:00+02:00,1.0041662296849683
2022,CO2/CO/NOx,2022-04-27 17:00:00+02:00,1.0058084849405697
2022,CO2/CO/NOx,2022-04-27 18:00:00+02:00,1.0236215529685648
2022,CO2/CO/NOx,2022-04-27 19:00:00+02:00,1.0351026936494638
2022,CO2/CO/NOx,2022-04-27 20:00:00+02:00,1.0398719456548202
2022,CO2/CO/NOx,2022-04-27 21:00:00+02:00,1.040085439037449
2022,CO2/CO/NOx,2022-04-27 22:00:00+02:00,1.039742489110407
2022,CO2/CO/NOx,2022-04-27 23:00:00+02:00,1.042390274131546
2022,CO2/CO/NOx,2022-04-28 00:00:00+02:00,1.0259483266937628
2022,CO2/CO/NOx,2022-04-28 01:00:00+02:00,1.052820590251124
2022,CO2/CO/NOx,2022-04-28 02:00:00+02:00,1.1072241401627483
2022,CO2/CO/NOx,2022-04-28 03:00:00+02:00,1.189123738408546
2022,CO2/CO/NOx,2022-04-28 04:00:00+02:00,1.2526178202290688
2022,CO2/CO/NOx,2022-04-28 05:00:00+02:00,1.2837194841819655
2022,CO2/CO/NOx,2022-04-28 06:00:00+02:00,1.280836506594666
2022,CO2/CO/NOx,2022-04-28 07:00:00+02:00,1.230364877083603
2022,CO2/CO/NOx,2022-04-28 08:00:00+02:00,1.1465205578312523
2022,CO2/CO/NOx,2022-04-28 09:00:00+02:00,1.0283557211091967
2022,CO2/CO/NOx,2022-04-28 10:00:00+02:00,0.9428841988847009
2022,CO2/CO/NOx,2022-04-28 11:00:00+02:00,0.8834109131400548
2022,CO2/CO/NOx,2022-04-28 12:00:00+02:00,0.8647071961201674
2022,CO2/CO/NOx,2022-04-28 13:00:00+02:00,0.883359923711602
2022,CO2/CO/NOx,2022-04-28 14:00:00+02:00,0.9321998983333896
2022,CO2/CO/NOx,2022-04-28 15:00:00+02:00,1.0041979936395629
2022,CO2/CO/NOx,2022-04-28 16:00:00+02:00,1.0363600782381546
2022,CO2/CO/NOx,2022-04-28 17:00:00+02:00,1.0515150505988418
2022,CO2/CO/NOx,2022-04-28 18:00:00+02:00,1.0507571001211817
2022,CO2/CO/NOx,2022-04-28 19:00:00+02:00,0.9963948224601176
2022,CO2/CO/NOx,2022-04-28 20:00:00+02:00,0.9297238221026701
2022,CO2/CO/NOx,2022-04-28 21:00:00+02:00,0.8946972826692144
2022,CO2/CO/NOx,2022-04-28 22:00:00+02:00,0.8993861830239919
2022,CO2/CO/NOx,2022-04-28 23:00:00+02:00,0.9626106590139336
2022,CO2/CO/NOx,2022-04-29 00:00:00+02:00,1.0672510845878636
2022,CO2/CO/NOx,2022-04-29 01:00:00+02:00,1.1688666046917666
2022,CO2/CO/NOx,2022-04-29 02:00:00+02:00,1.3022628825635265
2022,CO2/CO/NOx,2022-04-29 03:00:00+02:00,1.4135849253828618
2022,CO2/CO/NOx,2022-04-29 04:00:00+02:00,1.4489182413265895
2022,CO2/CO/NOx,2022-04-29 05:00:00+02:00,1.4111393108318924
2022,CO2/CO/NOx,2022-04-29 06:00:00+02:00,1.3246874906241846
2022,CO2/CO/NOx,2022-04-29 07:00:00+02:00,1.1945815865138925
2022,CO2/CO/NOx,2022-04-29 08:00:00+02:00,1.0471893600621536
2022,CO2/CO/NOx,2022-04-29 09:00:00+02:00,0.9057254634030061
2022,CO2/CO/NOx,2022-04-29 10:00:00+02:00,0.8009764723395831
2022,CO2/CO/NOx,2022-04-29 11:00:00+02:00,0.7671296324088818
2022,CO2/CO/NOx,2022-04-29 12:00:00+02:00,0.7789965893020968
2022,CO2/CO/NOx,2022-04-29 13:00:00+02:00,0.8287328600771804
2022,CO2/CO/NOx,2022-04-29 14:00:00+02:00,0.8991649465018465
2022,CO2/CO/NOx,2022-04-29 15:00:00+02:00,0.9800574391891563
2022,CO2/CO/NOx,2022-04-29 16:00:00+02:00,1.0246175964840265
2022,CO2/CO/NOx,2022-04-29 17:00:00+02:00,1.01193546943434
2022,CO2/CO/NOx,2022-04-29 18:00:00+02:00,0.9691886929142367
2022,CO2/CO/NOx,2022-04-29 19:00:00+02:00,0.9069172615890155
2022,CO2/CO/NOx,2022-04-29 20:00:00+02:00,0.8340697542981638
2022,CO2/CO/NOx,2022-04-29 21:00:00+02:00,0.754500933556054
2022,CO2/CO/NOx,2022-04-29 22:00:00+02:00,0.7005124318581829
2022,CO2/CO/NOx,2022-04-29 23:00:00+02:00,0.6846788814367386
2022,CO2/CO/NOx,2022-04-30 00:00:00+02:00,0.7076899571968251
2022,CO2/CO/NOx,2022-04-30 01:00:00+02:00,0.7621790197961628
2022,CO2/CO/NOx,2022-04-30 02:00:00+02:00,0.8442795846959685
2022,CO2/CO/NOx,2022-04-30 03:00:00+02:00,0.96358371030873
2022,CO2/CO/NOx,2022-04-30 04:00:00+02:00,1.0657098986125042
2022,CO2/CO/NOx,2022-04-30 05:00:00+02:00,1.1079574075120264
2022,CO2/CO/NOx,2022-04-30 06:00:00+02:00,1.094132237849759
2022,CO2/CO/NOx,2022-04-30 07:00:00+02:00,1.0434050984593974
2022,CO2/CO/NOx,2022-04-30 08:00:00+02:00,0.9642358628022172
2022,CO2/CO/NOx,2022-04-30 09:00:00+02:00,0.8845958051139032
2022,CO2/CO/NOx,2022-04-30 10:00:00+02:00,0.8407269124887365
2022,CO2/CO/NOx,2022-04-30 11:00:00+02:00,0.8223393080536928
2022,CO2/CO/NOx,2022-04-30 12:00:00+02:00,0.8270416108281339
2022,CO2/CO/NOx,2022-04-30 13:00:00+02:00,0.8388464262709671
2022,CO2/CO/NOx,2022-04-30 14:00:00+02:00,0.8304974214143793
2022,CO2/CO/NOx,2022-04-30 15:00:00+02:00,0.8306791920479267
2022,CO2/CO/NOx,2022-04-30 16:00:00+02:00,0.8478739912244605
2022,CO2/CO/NOx,2022-04-30 17:00:00+02:00,0.8632053553860113
2022,CO2/CO/NOx,2022-04-30 18:00:00+02:00,0.8786029379019934
2022,CO2/CO/NOx,2022-04-30 19:00:00+02:00,0.8965240305763686
2022,CO2/CO/NOx,2022-04-30 20:00:00+02:00,0.9052507957692947
2022,CO2/CO/NOx,2022-04-30 21:00:00+02:00,0.9005596897728516
2022,CO2/CO/NOx,2022-04-30 22:00:00+02:00,0.8931454786404397
2022,CO2/CO/NOx,2022-04-30 23:00:00+02:00,0.8753427568652563
2022,CO2/CO/NOx,2022-05-01 00:00:00+02:00,0.8555739162200978
2022,CO2/CO/NOx,2022-05-01 01:00:00+02:00,0.8597818259955999
2022,CO2/CO/NOx,2022-05-01 02:00:00+02:00,0.8745557416929324
2022,CO2/CO/NOx,2022-05-01 03:00:00+02:00,0.9057900358318022
2022,CO2/CO/NOx,2022-05-01 04:00:00+02:00,0.94788705428228
2022,CO2/CO/NOx,2022-05-01 05:00:00+02:00,0.9967776250559067
2022,CO2/CO/NOx,2022-05-01 06:00:00+02:00,1.0359434629822308
2022,CO2/CO/NOx,2022-05-01 07:00:00+02:00,1.0607918059412398
2022,CO2/CO/NOx,2022-05-01 08:00:00+02:00,1.06098617056746
2022,CO2/CO/NOx,2022-05-01 09:00:00+02:00,1.0368623809053112
2022,CO2/CO/NOx,2022-05-01 10:00:00+02:00,1.0220671028216592
2022,CO2/CO/NOx,2022-05-01 11:00:00+02:00,1.0050428390779074
2022,CO2/CO/NOx,2022-05-01 12:00:00+02:00,0.9775004339048438
2022,CO2/CO/NOx,2022-05-01 13:00:00+02:00,0.9617600506216141
2022,CO2/CO/NOx,2022-05-01 14:00:00+02:00,0.9516779603280975
2022,CO2/CO/NOx,2022-05-01 15:00:00+02:00,0.9328424277882751
2022,CO2/CO/NOx,2022-05-01 16:00:00+02:00,0.9195440227730172
2022,CO2/CO/NOx,2022-05-01 17:00:00+02:00,0.9152583224291282
2022,CO2/CO/NOx,2022-05-01 18:00:00+02:00,0.9446728860118396
2022,CO2/CO/NOx,2022-05-01 19:00:00+02:00,0.9869432228145397
2022,CO2/CO/NOx,2022-05-01 20:00:00+02:00,1.033428917814812
2022,CO2/CO/NOx,2022-05-01 21:00:00+02:00,1.067453496468025
2022,CO2/CO/NOx,2022-05-01 22:00:00+02:00,1.0893743321756877
2022,CO2/CO/NOx,2022-05-01 23:00:00+02:00,1.0978048815471377
2022,CO2/CO/NOx,2022-05-02 00:00:00+02:00,1.0731358133420885
2022,CO2/CO/NOx,2022-05-02 01:00:00+02:00,1.0694748202576954
2022,CO2/CO/NOx,2022-05-02 02:00:00+02:00,1.0897374871175325
2022,CO2/CO/NOx,2022-05-02 03:00:00+02:00,1.1444734279628983
2022,CO2/CO/NOx,2022-05-02 04:00:00+02:00,1.1832331507807583
2022,CO2/CO/NOx,2022-05-02 05:00:00+02:00,1.2071445819861775
2022,CO2/CO/NOx,2022-05-02 06:00:00+02:00,1.2039314197856692
2022,CO2/CO/NOx,2022-05-02 07:00:00+02:00,1.16030805694747
2022,CO2/CO/NOx,2022-05-02 08:00:00+02:00,1.090082237103464
2022,CO2/CO/NOx,2022-05-02 09:00:00+02:00,0.9971124202266227
2022,CO2/CO/NOx,2022-05-02 10:00:00+02:00,0.9349018263716952
2022,CO2/CO/NOx,2022-05-02 11:00:00+02:00,0.8877202499573825
2022,CO2/CO/NOx,2022-05-02 12:00:00+02:00,0.8625246208951948
2022,CO2/CO/NOx,2022-05-02 13:00:00+02:00,0.866124291119654
2022,CO2/CO/NOx,2022-05-02 14:00:00+02:00,0.8964963192062706
2022,CO2/CO/NOx,2022-05-02 15:00:00+02:00,0.9434288080332907
2022,CO2/CO/NOx,2022-05-02 16:00:00+02:00,0.9702761425172871
2022,CO2/CO/NOx,2022-05-02 17:00:00+02:00,0.9645376233803415
2022,CO2/CO/NOx,2022-05-02 18:00:00+02:00,0.9433086043794582
2022,CO2/CO/NOx,2022-05-02 19:00:00+02:00,0.8920837989655481
2022,CO2/CO/NOx,2022-05-02 20:00:00+02:00,0.8199556125374642
2022,CO2/CO/NOx,2022-05-02 21:00:00+02:00,0.7454516249986859
2022,CO2/CO/NOx,2022-05-02 22:00:00+02:00,0.7163722627822512
2022,CO2/CO/NOx,2022-05-02 23:00:00+02:00,0.7156659164991112
2022,CO2/CO/NOx,2022-05-03 00:00:00+02:00,0.6958230571346372
2022,CO2/CO/NOx,2022-05-03 01:00:00+02:00,0.7279889049692169
2022,CO2/CO/NOx,2022-05-03 02:00:00+02:00,0.7908009318485335
2022,CO2/CO/NOx,2022-05-03 03:00:00+02:00,0.8575669267962788
2022,CO2/CO/NOx,2022-05-03 04:00:00+02:00,0.9071851265631539
2022,CO2/CO/NOx,2022-05-03 05:00:00+02:00,0.9403853197188579
2022,CO2/CO/NOx,2022-05-03 06:00:00+02:00,0.9500767532797131
2022,CO2/CO/NOx,2022-05-03 07:00:00+02:00,0.9359485517213503
2022,CO2/CO/NOx,2022-05-03 08:00:00+02:00,0.8855955241348022
2022,CO2/CO/NOx,2022-05-03 09:00:00+02:00,0.7902803937360814
2022,CO2/CO/NOx,2022-05-03 10:00:00+02:00,0.7426997972586229
2022,CO2/CO/NOx,2022-05-03 11:00:00+02:00,0.7078893343828554
2022,CO2/CO/NOx,2022-05-03 12:00:00+02:00,0.6579042029001854
2022,CO2/CO/NOx,2022-05-03 13:00:00+02:00,0.6258339330376115
2022,CO2/CO/NOx,2022-05-03 14:00:00+02:00,0.5986255019829164
2022,CO2/CO/NOx,2022-05-03 15:00:00+02:00,0.5818646190752678
2022,CO2/CO/NOx,2022-05-03 16:00:00+02:00,0.5852960261505568
2022,CO2/CO/NOx,2022-05-03 17:00:00+02:00,0.6010373344519733
2022,CO2/CO/NOx,2022-05-03 18:00:00+02:00,0.6303953468205654
2022,CO2/CO/NOx,2022-05-03 19:00:00+02:00,0.6584243424463756
2022,CO2/CO/NOx,2022-05-03 20:00:00+02:00,0.6792774073744767
2022,CO2/CO/NOx,2022-05-03 21:00:00+02:00,0.6815702015357843
2022,CO2/CO/NOx,2022-05-03 22:00:00+02:00,0.6795085258009005
2022,CO2/CO/NOx,2022-05-03 23:00:00+02:00,0.665835627617183
2022,CO2/CO/NOx,2022-05-04 00:00:00+02:00,0.6470329328378671
2022,CO2/CO/NOx,2022-05-04 01:00:00+02:00,0.6449283204276995
2022,CO2/CO/NOx,2022-05-04 02:00:00+02:00,0.6498613838152462
2022,CO2/CO/NOx,2022-05-04 03:00:00+02:00,0.6844917164154272
2022,CO2/CO/NOx,2022-05-04 04:00:00+02:00,0.7234737403423078
2022,CO2/CO/NOx,2022-05-04 05:00:00+02:00,0.7640841126790968
2022,CO2/CO/NOx,2022-05-04 06:00:00+02:00,0.800600604199716
2022,CO2/CO/NOx,2022-05-04 07:00:00+02:00,0.80849628568106
2022,CO2/CO/NOx,2022-05-04 08:00:00+02:00,0.7882740609351424
2022,CO2/CO/NOx,2022-05-04 09:00:00+02:00,0.7455868661486682
2022,CO2/CO/NOx,2022-05-04 10:00:00+02:00,0.6969498420643514
2022,CO2/CO/NOx,2022-05-04 11:00:00+02:00,0.6545616043484649
2022,CO2/CO/NOx,2022-05-04 12:00:00+02:00,0.6174262308282932
2022,CO2/CO/NOx,2022-05-04 13:00:00+02:00,0.5927144294776545
2022,CO2/CO/NOx,2022-05-04 14:00:00+02:00,0.5885327117065031
2022,CO2/CO/NOx,2022-05-04 15:00:00+02:00,0.5830467558017418
2022,CO2/CO/NOx,2022-05-04 16:00:00+02:00,0.6018791123738712
2022,CO2/CO/NOx,2022-05-04 17:00:00+02:00,0.6244697799273917
2022,CO2/CO/NOx,2022-05-04 18:00:00+02:00,0.663812094717502
2022,CO2/CO/NOx,2022-05-04 19:00:00+02:00,0.6816398843126418
2022,CO2/CO/NOx,2022-05-04 20:00:00+02:00,0.6993580290038356
2022,CO2/CO/NOx,2022-05-04 21:00:00+02:00,0.7051432593320774
2022,CO2/CO/NOx,2022-05-04 22:00:00+02:00,0.7162815673863919
2022,CO2/CO/NOx,2022-05-04 23:00:00+02:00,0.7097887993816332
2022,CO2/CO/NOx,2022-05-05 00:00:00+02:00,0.6881539864483766
2022,CO2/CO/NOx,2022-05-05 01:00:00+02:00,0.6957235967476992
2022,CO2/CO/NOx,2022-05-05 02:00:00+02:00,0.7215780776076592
2022,CO2/CO/NOx,2022-05-05 03:00:00+02:00,0.7759520097951242
2022,CO2/CO/NOx,2022-05-05 04:00:00+02:00,0.8131593270506973
2022,CO2/CO/NOx,2022-05-05 05:00:00+02:00,0.8595056631482981
2022,CO2/CO/NOx,2022-05-05 06:00:00+02:00,0.8842301219824779
2022,CO2/CO/NOx,2022-05-05 07:00:00+02:00,0.8875819183480427
2022,CO2/CO/NOx,2022-05-05 08:00:00+02:00,0.8537278934502699
2022,CO2/CO/NOx,2022-05-05 09:00:00+02:00,0.7991066259019451
2022,CO2/CO/NOx,2022-05-05 10:00:00+02:00,0.735778493874094
2022,CO2/CO/NOx,2022-05-05 11:00:00+02:00,0.68687081825899
2022,CO2/CO/NOx,2022-05-05 12:00:00+02:00,0.6492156656256352
2022,CO2/CO/NOx,2022-05-05 13:00:00+02:00,0.6151206776490754
2022,CO2/CO/NOx,2022-05-05 14:00:00+02:00,0.6035549290269989
2022,CO2/CO/NOx,2022-05-05 15:00:00+02:00,0.6087278462964212
2022,CO2/CO/NOx,2022-05-05 16:00:00+02:00,0.6223154584306038
2022,CO2/CO/NOx,2022-05-05 17:00:00+02:00,0.6313493691464664
2022,CO2/CO/NOx,2022-05-05 18:00:00+02:00,0.6444307493984166
2022,CO2/CO/NOx,2022-05-05 19:00:00+02:00,0.6492354197712691
2022,CO2/CO/NOx,2022-05-05 20:00:00+02:00,0.6335679217795149
2022,CO2/CO/NOx,2022-05-05 21:00:00+02:00,0.6034918275174919
2022,CO2/CO/NOx,2022-05-05 22:00:00+02:00,0.5700241279407586
2022,CO2/CO/NOx,2022-05-05 23:00:00+02:00,0.5598795259846324
2022,CO2/CO/NOx,2022-05-06 00:00:00+02:00,0.5631382766624559
2022,CO2/CO/NOx,2022-05-06 01:00:00+02:00,0.5822496720369877
2022,CO2/CO/NOx,2022-05-06 02:00:00+02:00,0.6142755691001639
2022,CO2/CO/NOx,2022-05-06 03:00:00+02:00,0.6622796104566122
2022,CO2/CO/NOx,2022-05-06 04:00:00+02:00,0.7042121884184612
2022,CO2/CO/NOx,2022-05-06 05:00:00+02:00,0.7349749265819983
2022,CO2/CO/NOx,2022-05-06 06:00:00+02:00,0.7546458398373934
2022,CO2/CO/NOx,2022-05-06 07:00:00+02:00,0.7662006899052428
2022,CO2/CO/NOx,2022-05-06 08:00:00+02:00,0.7608711702689147
2022,CO2/CO/NOx,2022-05-06 09:00:00+02:00,0.7480881237710133
2022,CO2/CO/NOx,2022-05-06 10:00:00+02:00,0.7477558610766435
2022,CO2/CO/NOx,2022-05-06 11:00:00+02:00,0.7571319682927071
2022,CO2/CO/NOx,2022-05-06 12:00:00+02:00,0.7678585992252358
2022,CO2/CO/NOx,2022-05-06 13:00:00+02:00,0.7807920695795553
2022,CO2/CO/NOx,2022-05-06 14:00:00+02:00,0.7974341863343557
2022,CO2/CO/NOx,2022-05-06 15:00:00+02:00,0.8107806722780194
2022,CO2/CO/NOx,2022-05-06 16:00:00+02:00,0.8193462682137886
2022,CO2/CO/NOx,2022-05-06 17:00:00+02:00,0.8180552567337435
2022,CO2/CO/NOx,2022-05-06 18:00:00+02:00,0.8212672244780558
2022,CO2/CO/NOx,2022-05-06 19:00:00+02:00,0.8086393996141727
2022,CO2/CO/NOx,2022-05-06 20:00:00+02:00,0.8019835509882909
2022,CO2/CO/NOx,2022-05-06 21:00:00+02:00,0.7941345484682291
2022,CO2/CO/NOx,2022-05-06 22:00:00+02:00,0.791629261064214
2022,CO2/CO/NOx,2022-05-06 23:00:00+02:00,0.7918876214042359
2022,CO2/CO/NOx,2022-05-07 00:00:00+02:00,0.7888811999569831
2022,CO2/CO/NOx,2022-05-07 01:00:00+02:00,0.7985615218288679
2022,CO2/CO/NOx,2022-05-07 02:00:00+02:00,0.8164803661193266
2022,CO2/CO/NOx,2022-05-07 03:00:00+02:00,0.8288351790466904
2022,CO2/CO/NOx,2022-05-07 04:00:00+02:00,0.834977751298624
2022,CO2/CO/NOx,2022-05-07 05:00:00+02:00,0.8447037825082545
2022,CO2/CO/NOx,2022-05-07 06:00:00+02:00,0.8514856541824938
2022,CO2/CO/NOx,2022-05-07 07:00:00+02:00,0.8605134133394601
2022,CO2/CO/NOx,2022-05-07 08:00:00+02:00,0.8682611699055084
2022,CO2/CO/NOx,2022-05-07 09:00:00+02:00,0.8731016398764178
2022,CO2/CO/NOx,2022-05-07 10:00:00+02:00,0.8723407455399022
2022,CO2/CO/NOx,2022-05-07 11:00:00+02:00,0.8544996598742113
2022,CO2/CO/NOx,2022-05-07 12:00:00+02:00,0.8249940691212052
2022,CO2/CO/NOx,2022-05-07 13:00:00+02:00,0.8032393160107066
2022,CO2/CO/NOx,2022-05-07 14:00:00+02:00,0.7755198327710596
2022,CO2/CO/NOx,2022-05-07 15:00:00+02:00,0.7470377962818289
2022,CO2/CO/NOx,2022-05-07 16:00:00+02:00,0.7279833331266323
2022,CO2/CO/NOx,2022-05-07 17:00:00+02:00,0.7262122052295391
2022,CO2/CO/NOx,2022-05-07 18:00:00+02:00,0.7450701974128605
2022,CO2/CO/NOx,2022-05-07 19:00:00+02:00,0.7520694638808485
2022,CO2/CO/NOx,2022-05-07 20:00:00+02:00,0.7629998118920791
2022,CO2/CO/NOx,2022-05-07 21:00:00+02:00,0.771419549870756
2022,CO2/CO/NOx,2022-05-07 22:00:00+02:00,0.7772349029531476
2022,CO2/CO/NOx,2022-05-07 23:00:00+02:00,0.7694688589927626
2022,CO2/CO/NOx,2022-05-08 00:00:00+02:00,0.7486130141097846
2022,CO2/CO/NOx,2022-05-08 01:00:00+02:00,0.7302472496537548
2022,CO2/CO/NOx,2022-05-08 02:00:00+02:00,0.7272337137046496
2022,CO2/CO/NOx,2022-05-08 03:00:00+02:00,0.7308143383397785
2022,CO2/CO/NOx,2022-05-08 04:00:00+02:00,0.7394478378497634
2022,CO2/CO/NOx,2022-05-08 05:00:00+02:00,0.7635778647662174
2022,CO2/CO/NOx,2022-05-08 06:00:00+02:00,0.7891154780031461
2022,CO2/CO/NOx,2022-05-08 07:00:00+02:00,0.8010354786053068
2022,CO2/CO/NOx,2022-05-08 08:00:00+02:00,0.7977183555353058
2022,CO2/CO/NOx,2022-05-08 09:00:00+02:00,0.7828803639019687
2022,CO2/CO/NOx,2022-05-08 10:00:00+02:00,0.7609621589753269
2022,CO2/CO/NOx,2022-05-08 11:00:00+02:00,0.7339756015374225
2022,CO2/CO/NOx,2022-05-08 12:00:00+02:00,0.699930697758967
2022,CO2/CO/NOx,2022-05-08 13:00:00+02:00,0.6791438926640488
2022,CO2/CO/NOx,2022-05-08 14:00:00+02:00,0.6676405137004352
2022,CO2/CO/NOx,2022-05-08 15:00:00+02:00,0.6665546612142386
2022,CO2/CO/NOx,2022-05-08 16:00:00+02:00,0.6534119576771386
2022,CO2/CO/NOx,2022-05-08 17:00:00+02:00,0.6373681406615517
2022,CO2/CO/NOx,2022-05-08 18:00:00+02:00,0.6296011405283003
2022,CO2/CO/NOx,2022-05-08 19:00:00+02:00,0.6309644595815711
2022,CO2/CO/NOx,2022-05-08 20:00:00+02:00,0.6344697406674524
2022,CO2/CO/NOx,2022-05-08 21:00:00+02:00,0.6492437142586251
2022,CO2/CO/NOx,2022-05-08 22:00:00+02:00,0.6692348446738268
2022,CO2/CO/NOx,2022-05-08 23:00:00+02:00,0.6893639171450948
2022,CO2/CO/NOx,2022-05-09 00:00:00+02:00,0.6996269599280248
2022,CO2/CO/NOx,2022-05-09 01:00:00+02:00,0.7086548879421569
2022,CO2/CO/NOx,2022-05-09 02:00:00+02:00,0.7254360232949342
2022,CO2/CO/NOx,2022-05-09 03:00:00+02:00,0.7510053647182321
2022,CO2/CO/NOx,2022-05-09 04:00:00+02:00,0.7795060934478161
2022,CO2/CO/NOx,2022-05-09 05:00:00+02:00,0.7944643864103303
2022,CO2/CO/NOx,2022-05-09 06:00:00+02:00,0.8104170581336422
2022,CO2/CO/NOx,2022-05-09 07:00:00+02:00,0.8045629375950628
2022,CO2/CO/NOx,2022-05-09 08:00:00+02:00,0.7689922718337844
2022,CO2/CO/NOx,2022-05-09 09:00:00+02:00,0.7206982459834274
2022,CO2/CO/NOx,2022-05-09 10:00:00+02:00,0.6751192365758011
2022,CO2/CO/NOx,2022-05-09 11:00:00+02:00,0.6358575874065475
2022,CO2/CO/NOx,2022-05-09 12:00:00+02:00,0.603860673956277
2022,CO2/CO/NOx,2022-05-09 13:00:00+02:00,0.5781654627764325
2022,CO2/CO/NOx,2022-05-09 14:00:00+02:00,0.5494911139646257
2022,CO2/CO/NOx,2022-05-09 15:00:00+02:00,0.5474741433647385
2022,CO2/CO/NOx,2022-05-09 16:00:00+02:00,0.541996210989099
2022,CO2/CO/NOx,2022-05-09 17:00:00+02:00,0.5321394181672743
2022,CO2/CO/NOx,2022-05-09 18:00:00+02:00,0.5452906971069086
2022,CO2/CO/NOx,2022-05-09 19:00:00+02:00,0.5454094994913303
2022,CO2/CO/NOx,2022-05-09 20:00:00+02:00,0.5445857072094945
2022,CO2/CO/NOx,2022-05-09 21:00:00+02:00,0.5502170190813067
2022,CO2/CO/NOx,2022-05-09 22:00:00+02:00,0.565862782596704
2022,CO2/CO/NOx,2022-05-09 23:00:00+02:00,0.5753967408267637
2022,CO2/CO/NOx,2022-05-10 00:00:00+02:00,0.5887801431262066
2022,CO2/CO/NOx,2022-05-10 01:00:00+02:00,0.6074572979516722
2022,CO2/CO/NOx,2022-05-10 02:00:00+02:00,0.6360956548658586
2022,CO2/CO/NOx,2022-05-10 03:00:00+02:00,0.6753717707959151
2022,CO2/CO/NOx,2022-05-10 04:00:00+02:00,0.6923957091345563
2022,CO2/CO/NOx,2022-05-10 05:00:00+02:00,0.7039481238798617
2022,CO2/CO/NOx,2022-05-10 06:00:00+02:00,0.714099386082757
2022,CO2/CO/NOx,2022-05-10 07:00:00+02:00,0.7085981250070545
2022,CO2/CO/NOx,2022-05-10 08:00:00+02:00,0.6694572296134867
2022,CO2/CO/NOx,2022-05-10 09:00:00+02:00,0.6077457925823552
2022,CO2/CO/NOx,2022-05-10 10:00:00+02:00,0.5559380865949712
2022,CO2/CO/NOx,2022-05-10 11:00:00+02:00,0.513809731071444
2022,CO2/CO/NOx,2022-05-10 12:00:00+02:00,0.491123121013673
2022,CO2/CO/NOx,2022-05-10 13:00:00+02:00,0.47659842105870504
2022,CO2/CO/NOx,2022-05-10 14:00:00+02:00,0.47844981114019136
2022,CO2/CO/NOx,2022-05-10 15:00:00+02:00,0.48417140018603855
2022,CO2/CO/NOx,2022-05-10 16:00:00+02:00,0.4780395276554091
2022,CO2/CO/NOx,2022-05-10 17:00:00+02:00,0.4644805456730526
2022,CO2/CO/NOx,2022-05-10 18:00:00+02:00,0.457601819544809
2022,CO2/CO/NOx,2022-05-10 19:00:00+02:00,0.4522943560406082
2022,CO2/CO/NOx,2022-05-10 20:00:00+02:00,0.447097117141483
2022,CO2/CO/NOx,2022-05-10 21:00:00+02:00,0.4480102490968439
2022,CO2/CO/NOx,2022-05-10 22:00:00+02:00,0.4531446676415867
2022,CO2/CO/NOx,2022-05-10 23:00:00+02:00,0.4638253552312917
2022,CO2/CO/NOx,2022-05-11 00:00:00+02:00,0.4642940359201436
2022,CO2/CO/NOx,2022-05-11 01:00:00+02:00,0.4734221587571608
2022,CO2/CO/NOx,2022-05-11 02:00:00+02:00,0.4950516112425236
2022,CO2/CO/NOx,2022-05-11 03:00:00+02:00,0.522505816385013
2022,CO2/CO/NOx,2022-05-11 04:00:00+02:00,0.537659487264245
2022,CO2/CO/NOx,2022-05-11 05:00:00+02:00,0.5399735991114007
2022,CO2/CO/NOx,2022-05-11 06:00:00+02:00,0.5290702527470872
2022,CO2/CO/NOx,2022-05-11 07:00:00+02:00,0.5103171727866685
2022,CO2/CO/NOx,2022-05-11 08:00:00+02:00,0.48088376561761875
2022,CO2/CO/NOx,2022-05-11 09:00:00+02:00,0.44390630496537214
2022,CO2/CO/NOx,2022-05-11 10:00:00+02:00,0.42080518442676107
2022,CO2/CO/NOx,2022-05-11 11:00:00+02:00,0.41028786416100876
2022,CO2/CO/NOx,2022-05-11 12:00:00+02:00,0.4057259731539145
2022,CO2/CO/NOx,2022-05-11 13:00:00+02:00,0.4062566505002182
2022,CO2/CO/NOx,2022-05-11 14:00:00+02:00,0.4124588963463585
2022,CO2/CO/NOx,2022-05-11 15:00:00+02:00,0.4173048484639859
2022,CO2/CO/NOx,2022-05-11 16:00:00+02:00,0.42137796944765143
2022,CO2/CO/NOx,2022-05-11 17:00:00+02:00,0.4211487906739029
2022,CO2/CO/NOx,2022-05-11 18:00:00+02:00,0.4208164422233752
2022,CO2/CO/NOx,2022-05-11 19:00:00+02:00,0.4184430014606432
2022,CO2/CO/NOx,2022-05-11 20:00:00+02:00,0.4113438210631069
2022,CO2/CO/NOx,2022-05-11 21:00:00+02:00,0.40128667130955253
2022,CO2/CO/NOx,2022-05-11 22:00:00+02:00,0.3905471813879026
2022,CO2/CO/NOx,2022-05-11 23:00:00+02:00,0.380105861444567
2022,CO2/CO/NOx,2022-05-12 00:00:00+02:00,0.36770147059486347
2022,CO2/CO/NOx,2022-05-12 01:00:00+02:00,0.3645031298627308
2022,CO2/CO/NOx,2022-05-12 02:00:00+02:00,0.3684703489618365
2022,CO2/CO/NOx,2022-05-12 03:00:00+02:00,0.37804655744944665
2022,CO2/CO/NOx,2022-05-12 04:00:00+02:00,0.3890164251879025
2022,CO2/CO/NOx,2022-05-12 05:00:00+02:00,0.39716752460462323
2022,CO2/CO/NOx,2022-05-12 06:00:00+02:00,0.40439255253839634
2022,CO2/CO/NOx,2022-05-12 07:00:00+02:00,0.4074612602501916
2022,CO2/CO/NOx,2022-05-12 08:00:00+02:00,0.40547753099593137
2022,CO2/CO/NOx,2022-05-12 09:00:00+02:00,0.3991501410886705
2022,CO2/CO/NOx,2022-05-12 10:00:00+02:00,0.3979191948975238
2022,CO2/CO/NOx,2022-05-12 11:00:00+02:00,0.3977501825821536
2022,CO2/CO/NOx,2022-05-12 12:00:00+02:00,0.39565377461246143
2022,CO2/CO/NOx,2022-05-12 13:00:00+02:00,0.39530248671146195
2022,CO2/CO/NOx,2022-05-12 14:00:00+02:00,0.3947465621747029
2022,CO2/CO/NOx,2022-05-12 15:00:00+02:00,0.39567584711603077
2022,CO2/CO/NOx,2022-05-12 16:00:00+02:00,0.39555124374044015
2022,CO2/CO/NOx,2022-05-12 17:00:00+02:00,0.39565797780744216
2022,CO2/CO/NOx,2022-05-12 18:00:00+02:00,0.3986636722784964
2022,CO2/CO/NOx,2022-05-12 19:00:00+02:00,0.40135556494276686
2022,CO2/CO/NOx,2022-05-12 20:00:00+02:00,0.4035243924505207
2022,CO2/CO/NOx,2022-05-12 21:00:00+02:00,0.40626628708524176
2022,CO2/CO/NOx,2022-05-12 22:00:00+02:00,0.40901428946423835
2022,CO2/CO/NOx,2022-05-12 23:00:00+02:00,0.41075384187571606
2022,CO2/CO/NOx,2022-05-13 00:00:00+02:00,0.4087472462771102
2022,CO2/CO/NOx,2022-05-13 01:00:00+02:00,0.41190317326373754
2022,CO2/CO/NOx,2022-05-13 02:00:00+02:00,0.4190803281196595
2022,CO2/CO/NOx,2022-05-13 03:00:00+02:00,0.4303241074793221
2022,CO2/CO/NOx,2022-05-13 04:00:00+02:00,0.4420694818964849
2022,CO2/CO/NOx,2022-05-13 05:00:00+02:00,0.44922680198554127
2022,CO2/CO/NOx,2022-05-13 06:00:00+02:00,0.4543308168163576
2022,CO2/CO/NOx,2022-05-13 07:00:00+02:00,0.45818198067870164
2022,CO2/CO/NOx,2022-05-13 08:00:00+02:00,0.4594084425844415
2022,CO2/CO/NOx,2022-05-13 09:00:00+02:00,0.4597681536157855
2022,CO2/CO/NOx,2022-05-13 10:00:00+02:00,0.46517247235317555
2022,CO2/CO/NOx,2022-05-13 11:00:00+02:00,0.4730840608733453
2022,CO2/CO/NOx,2022-05-13 12:00:00+02:00,0.47862996654706447
2022,CO2/CO/NOx,2022-05-13 13:00:00+02:00,0.48160206583091786
2022,CO2/CO/NOx,2022-05-13 14:00:00+02:00,0.4733042818460096
2022,CO2/CO/NOx,2022-05-13 15:00:00+02:00,0.45851991031099626
2022,CO2/CO/NOx,2022-05-13 16:00:00+02:00,0.44978021448691224
2022,CO2/CO/NOx,2022-05-13 17:00:00+02:00,0.4411066593809398
2022,CO2/CO/NOx,2022-05-13 18:00:00+02:00,0.4419641128880762
2022,CO2/CO/NOx,2022-05-13 19:00:00+02:00,0.4373372084647328
2022,CO2/CO/NOx,2022-05-13 20:00:00+02:00,0.44011252266541956
2022,CO2/CO/NOx,2022-05-13 21:00:00+02:00,0.4592999254354315
2022,CO2/CO/NOx,2022-05-13 22:00:00+02:00,0.4902731571642376
2022,CO2/CO/NOx,2022-05-13 23:00:00+02:00,0.5181499181416431
2022,CO2/CO/NOx,2022-05-14 00:00:00+02:00,0.53993799116087
2022,CO2/CO/NOx,2022-05-14 01:00:00+02:00,0.5684327409577126
2022,CO2/CO/NOx,2022-05-14 02:00:00+02:00,0.5887861159789736
2022,CO2/CO/NOx,2022-05-14 03:00:00+02:00,0.6005895757181998
2022,CO2/CO/NOx,2022-05-14 04:00:00+02:00,0.6004224274773582
2022,CO2/CO/NOx,2022-05-14 05:00:00+02:00,0.5964644931426949
2022,CO2/CO/NOx,2022-05-14 06:00:00+02:00,0.5936415652831836
2022,CO2/CO/NOx,2022-05-14 07:00:00+02:00,0.580041269139338
2022,CO2/CO/NOx,2022-05-14 08:00:00+02:00,0.5593441470266403
2022,CO2/CO/NOx,2022-05-14 09:00:00+02:00,0.5390333400158067
2022,CO2/CO/NOx,2022-05-14 10:00:00+02:00,0.5224499077803905
2022,CO2/CO/NOx,2022-05-14 11:00:00+02:00,0.507738158717553
2022,CO2/CO/NOx,2022-05-14 12:00:00+02:00,0.4944400660115961
2022,CO2/CO/NOx,2022-05-14 13:00:00+02:00,0.48740405517931074
2022,CO2/CO/NOx,2022-05-14 14:00:00+02:00,0.47793614349966906
2022,CO2/CO/NOx,2022-05-14 15:00:00+02:00,0.46116130371353053
2022,CO2/CO/NOx,2022-05-14 16:00:00+02:00,0.44065014520919704
2022,CO2/CO/NOx,2022-05-14 17:00:00+02:00,0.4270397568684957
2022,CO2/CO/NOx,2022-05-14 18:00:00+02:00,0.4267832705071936
2022,CO2/CO/NOx,2022-05-14 19:00:00+02:00,0.4309902756709255
2022,CO2/CO/NOx,2022-05-14 20:00:00+02:00,0.45035668293706604
2022,CO2/CO/NOx,2022-05-14 21:00:00+02:00,0.46720717121941097
2022,CO2/CO/NOx,2022-05-14 22:00:00+02:00,0.4933004911124563
2022,CO2/CO/NOx,2022-05-14 23:00:00+02:00,0.5171377310795321
2022,CO2/CO/NOx,2022-05-15 00:00:00+02:00,0.5365745809189789
2022,CO2/CO/NOx,2022-05-15 01:00:00+02:00,0.5642576043992643
2022,CO2/CO/NOx,2022-05-15 02:00:00+02:00,0.5902350401997516
2022,CO2/CO/NOx,2022-05-15 03:00:00+02:00,0.6095500332364447
2022,CO2/CO/NOx,2022-05-15 04:00:00+02:00,0.6319985231843329
2022,CO2/CO/NOx,2022-05-15 05:00:00+02:00,0.6394472270257144
2022,CO2/CO/NOx,2022-05-15 06:00:00+02:00,0.6330579433067254
2022,CO2/CO/NOx,2022-05-15 07:00:00+02:00,0.611695721885991
2022,CO2/CO/NOx,2022-05-15 08:00:00+02:00,0.5689539054711422
2022,CO2/CO/NOx,2022-05-15 09:00:00+02:00,0.5215769279015922
2022,CO2/CO/NOx,2022-05-15 10:00:00+02:00,0.4908400003973379
2022,CO2/CO/NOx,2022-05-15 11:00:00+02:00,0.46993681578059743
2022,CO2/CO/NOx,2022-05-15 12:00:00+02:00,0.46240232977265505
2022,CO2/CO/NOx,2022-05-15 13:00:00+02:00,0.4736619409702687
2022,CO2/CO/NOx,2022-05-15 14:00:00+02:00,0.48416410336296284
2022,CO2/CO/NOx,2022-05-15 15:00:00+02:00,0.4967813637227719
2022,CO2/CO/NOx,2022-05-15 16:00:00+02:00,0.49198689584949146
2022,CO2/CO/NOx,2022-05-15 17:00:00+02:00,0.4744178369917405
2022,CO2/CO/NOx,2022-05-15 18:00:00+02:00,0.4555465123508539
2022,CO2/CO/NOx,2022-05-15 19:00:00+02:00,0.4379228021152657
2022,CO2/CO/NOx,2022-05-15 20:00:00+02:00,0.42886749569131727
2022,CO2/CO/NOx,2022-05-15 21:00:00+02:00,0.4303180687696549
2022,CO2/CO/NOx,2022-05-15 22:00:00+02:00,0.444886867632362
2022,CO2/CO/NOx,2022-05-15 23:00:00+02:00,0.4717668785327839
2022,CO2/CO/NOx,2022-05-16 00:00:00+02:00,0.4924860651929621
2022,CO2/CO/NOx,2022-05-16 01:00:00+02:00,0.5235061864403245
2022,CO2/CO/NOx,2022-05-16 02:00:00+02:00,0.5551992531733105
2022,CO2/CO/NOx,2022-05-16 03:00:00+02:00,0.5823997570375302
2022,CO2/CO/NOx,2022-05-16 04:00:00+02:00,0.5872710410017126
2022,CO2/CO/NOx,2022-05-16 05:00:00+02:00,0.577703635225878
2022,CO2/CO/NOx,2022-05-16 06:00:00+02:00,0.5482040409308515
2022,CO2/CO/NOx,2022-05-16 07:00:00+02:00,0.5141753020342017
2022,CO2/CO/NOx,2022-05-16 08:00:00+02:00,0.47764469146653743
2022,CO2/CO/NOx,2022-05-16 09:00:00+02:00,0.44276743646733463
2022,CO2/CO/NOx,2022-05-16 10:00:00+02:00,0.43088784862530455
2022,CO2/CO/NOx,2022-05-16 11:00:00+02:00,0.4271903809862823
2022,CO2/CO/NOx,2022-05-16 12:00:00+02:00,0.42581429266587517
2022,CO2/CO/NOx,2022-05-16 13:00:00+02:00,0.4206770066613197
2022,CO2/CO/NOx,2022-05-16 14:00:00+02:00,0.4219458170156709
2022,CO2/CO/NOx,2022-05-16 15:00:00+02:00,0.4264870479513481
2022,CO2/CO/NOx,2022-05-16 16:00:00+02:00,0.430268270498619
2022,CO2/CO/NOx,2022-05-16 17:00:00+02:00,0.434330809979161
2022,CO2/CO/NOx,2022-05-16 18:00:00+02:00,0.44361601796917716
2022,CO2/CO/NOx,2022-05-16 19:00:00+02:00,0.44575861689501145
2022,CO2/CO/NOx,2022-05-16 20:00:00+02:00,0.44717831012934356
2022,CO2/CO/NOx,2022-05-16 21:00:00+02:00,0.45307274521558666
2022,CO2/CO/NOx,2022-05-16 22:00:00+02:00,0.455779259833529
2022,CO2/CO/NOx,2022-05-16 23:00:00+02:00,0.4641635086789766
2022,CO2/CO/NOx,2022-05-17 00:00:00+02:00,0.4692832580979607
2022,CO2/CO/NOx,2022-05-17 01:00:00+02:00,0.4731812506168435
2022,CO2/CO/NOx,2022-05-17 02:00:00+02:00,0.4819476575330796
2022,CO2/CO/NOx,2022-05-17 03:00:00+02:00,0.4918162013968029
2022,CO2/CO/NOx,2022-05-17 04:00:00+02:00,0.4969691913451406
2022,CO2/CO/NOx,2022-05-17 05:00:00+02:00,0.5062670075131503
2022,CO2/CO/NOx,2022-05-17 06:00:00+02:00,0.5212614524627215
2022,CO2/CO/NOx,2022-05-17 07:00:00+02:00,0.5200983137845054
2022,CO2/CO/NOx,2022-05-17 08:00:00+02:00,0.5069216948463697
2022,CO2/CO/NOx,2022-05-17 09:00:00+02:00,0.48096258105066614
2022,CO2/CO/NOx,2022-05-17 10:00:00+02:00,0.4601023128248538
2022,CO2/CO/NOx,2022-05-17 11:00:00+02:00,0.4452967066418096
2022,CO2/CO/NOx,2022-05-17 12:00:00+02:00,0.4325869900276833
2022,CO2/CO/NOx,2022-05-17 13:00:00+02:00,0.42568448640605255
2022,CO2/CO/NOx,2022-05-17 14:00:00+02:00,0.42074945606838693
2022,CO2/CO/NOx,2022-05-17 15:00:00+02:00,0.42138427451315086
2022,CO2/CO/NOx,2022-05-17 16:00:00+02:00,0.4186303064248397
2022,CO2/CO/NOx,2022-05-17 17:00:00+02:00,0.412082457910461
2022,CO2/CO/NOx,2022-05-17 18:00:00+02:00,0.4161891162468395
2022,CO2/CO/NOx,2022-05-17 19:00:00+02:00,0.4201421148812042
2022,CO2/CO/NOx,2022-05-17 20:00:00+02:00,0.4320905967552245
2022,CO2/CO/NOx,2022-05-17 21:00:00+02:00,0.4434376546510911
2022,CO2/CO/NOx,2022-05-17 22:00:00+02:00,0.4577421661831715
2022,CO2/CO/NOx,2022-05-17 23:00:00+02:00,0.47191819226987486
2022,CO2/CO/NOx,2022-05-18 00:00:00+02:00,0.47421895739704234
2022,CO2/CO/NOx,2022-05-18 01:00:00+02:00,0.485618961183997
2022,CO2/CO/NOx,2022-05-18 02:00:00+02:00,0.5023203051798137
2022,CO2/CO/NOx,2022-05-18 03:00:00+02:00,0.5292364517775122
2022,CO2/CO/NOx,2022-05-18 04:00:00+02:00,0.5460108202675549
2022,CO2/CO/NOx,2022-05-18 05:00:00+02:00,0.5570762058956069
2022,CO2/CO/NOx,2022-05-18 06:00:00+02:00,0.5583144005958128
2022,CO2/CO/NOx,2022-05-18 07:00:00+02:00,0.5454717923712491
2022,CO2/CO/NOx,2022-05-18 08:00:00+02:00,0.5224138987128925
2022,CO2/CO/NOx,2022-05-18 09:00:00+02:00,0.4866570357465669
2022,CO2/CO/NOx,2022-05-18 10:00:00+02:00,0.4615246601184709
2022,CO2/CO/NOx,2022-05-18 11:00:00+02:00,0.45045856112268506
2022,CO2/CO/NOx,2022-05-18 12:00:00+02:00,0.4433608024017547
2022,CO2/CO/NOx,2022-05-18 13:00:00+02:00,0.439576751855292
2022,CO2/CO/NOx,2022-05-18 14:00:00+02:00,0.4362252528255099
2022,CO2/CO/NOx,2022-05-18 15:00:00+02:00,0.4369273958041899
2022,CO2/CO/NOx,2022-05-18 16:00:00+02:00,0.4302186884667624
2022,CO2/CO/NOx,2022-05-18 17:00:00+02:00,0.425868830990446
2022,CO2/CO/NOx,2022-05-18 18:00:00+02:00,0.4204140653822295
2022,CO2/CO/NOx,2022-05-18 19:00:00+02:00,0.41466508060914836
2022,CO2/CO/NOx,2022-05-18 20:00:00+02:00,0.4137423725097464
2022,CO2/CO/NOx,2022-05-18 21:00:00+02:00,0.41062796160945
2022,CO2/CO/NOx,2022-05-18 22:00:00+02:00,0.4121612484808517
2022,CO2/CO/NOx,2022-05-18 23:00:00+02:00,0.42129306410046796
2022,CO2/CO/NOx,2022-05-19 00:00:00+02:00,0.43561589912618615
2022,CO2/CO/NOx,2022-05-19 01:00:00+02:00,0.4664762984161686
2022,CO2/CO/NOx,2022-05-19 02:00:00+02:00,0.5096321226404144
2022,CO2/CO/NOx,2022-05-19 03:00:00+02:00,0.5522771953431618
2022,CO2/CO/NOx,2022-05-19 04:00:00+02:00,0.5794422557675262
2022,CO2/CO/NOx,2022-05-19 05:00:00+02:00,0.5910723193088994
2022,CO2/CO/NOx,2022-05-19 06:00:00+02:00,0.5854908144706453
2022,CO2/CO/NOx,2022-05-19 07:00:00+02:00,0.5553570086212184
2022,CO2/CO/NOx,2022-05-19 08:00:00+02:00,0.5114605344991859
2022,CO2/CO/NOx,2022-05-19 09:00:00+02:00,0.4678977814043431
2022,CO2/CO/NOx,2022-05-19 10:00:00+02:00,0.44575385485641816
2022,CO2/CO/NOx,2022-05-19 11:00:00+02:00,0.4383094470818853
2022,CO2/CO/NOx,2022-05-19 12:00:00+02:00,0.4292681262198076
2022,CO2/CO/NOx,2022-05-19 13:00:00+02:00,0.43204065019465704
2022,CO2/CO/NOx,2022-05-19 14:00:00+02:00,0.4409620271877157
2022,CO2/CO/NOx,2022-05-19 15:00:00+02:00,0.4447015316615569
2022,CO2/CO/NOx,2022-05-19 16:00:00+02:00,0.44014772849462713
2022,CO2/CO/NOx,2022-05-19 17:00:00+02:00,0.4334539084991726
2022,CO2/CO/NOx,2022-05-19 18:00:00+02:00,0.43192910297275855
2022,CO2/CO/NOx,2022-05-19 19:00:00+02:00,0.42517427144607617
2022,CO2/CO/NOx,2022-05-19 20:00:00+02:00,0.4133827664269382
2022,CO2/CO/NOx,2022-05-19 21:00:00+02:00,0.39531782574385205
2022,CO2/CO/NOx,2022-05-19 22:00:00+02:00,0.3874450586295017
2022,CO2/CO/NOx,2022-05-19 23:00:00+02:00,0.3776786342231517
2022,CO2/CO/NOx,2022-05-20 00:00:00+02:00,0.36890387013769327
2022,CO2/CO/NOx,2022-05-20 01:00:00+02:00,0.3845427586538436
2022,CO2/CO/NOx,2022-05-20 02:00:00+02:00,0.413172691301643
2022,CO2/CO/NOx,2022-05-20 03:00:00+02:00,0.4439259060219054
2022,CO2/CO/NOx,2022-05-20 04:00:00+02:00,0.45798096071255023
2022,CO2/CO/NOx,2022-05-20 05:00:00+02:00,0.46447958558893643
2022,CO2/CO/NOx,2022-05-20 06:00:00+02:00,0.46152449384844796
2022,CO2/CO/NOx,2022-05-20 07:00:00+02:00,0.44622865341677
2022,CO2/CO/NOx,2022-05-20 08:00:00+02:00,0.42239152036672
2022,CO2/CO/NOx,2022-05-20 09:00:00+02:00,0.3991757702274557
2022,CO2/CO/NOx,2022-05-20 10:00:00+02:00,0.3932350217496003
2022,CO2/CO/NOx,2022-05-20 11:00:00+02:00,0.39392661532215856
2022,CO2/CO/NOx,2022-05-20 12:00:00+02:00,0.39406576268641086
2022,CO2/CO/NOx,2022-05-20 13:00:00+02:00,0.3910395551438811
2022,CO2/CO/NOx,2022-05-20 14:00:00+02:00,0.39368839765110075
2022,CO2/CO/NOx,2022-05-20 15:00:00+02:00,0.3964171210869094
2022,CO2/CO/NOx,2022-05-20 16:00:00+02:00,0.39758436757607385
2022,CO2/CO/NOx,2022-05-20 17:00:00+02:00,0.39795658255792954
2022,CO2/CO/NOx,2022-05-20 18:00:00+02:00,0.4001675678169489
2022,CO2/CO/NOx,2022-05-20 19:00:00+02:00,0.3979112359200505
2022,CO2/CO/NOx,2022-05-20 20:00:00+02:00,0.39406512532617516
2022,CO2/CO/NOx,2022-05-20 21:00:00+02:00,0.38868886969052135
2022,CO2/CO/NOx,2022-05-20 22:00:00+02:00,0.3831654804743224
2022,CO2/CO/NOx,2022-05-20 23:00:00+02:00,0.380240199333812
2022,CO2/CO/NOx,2022-05-21 00:00:00+02:00,0.379051493951844
2022,CO2/CO/NOx,2022-05-21 01:00:00+02:00,0.3812250274760259
2022,CO2/CO/NOx,2022-05-21 02:00:00+02:00,0.3878128594496451
2022,CO2/CO/NOx,2022-05-21 03:00:00+02:00,0.39764821769562847
2022,CO2/CO/NOx,2022-05-21 04:00:00+02:00,0.408066514822916
2022,CO2/CO/NOx,2022-05-21 05:00:00+02:00,0.4190497444524064
2022,CO2/CO/NOx,2022-05-21 06:00:00+02:00,0.42807555019997184
2022,CO2/CO/NOx,2022-05-21 07:00:00+02:00,0.43264024794903194
2022,CO2/CO/NOx,2022-05-21 08:00:00+02:00,0.4313805549994564
2022,CO2/CO/NOx,2022-05-21 09:00:00+02:00,0.42528567934303174
2022,CO2/CO/NOx,2022-05-21 10:00:00+02:00,0.4184209917995726
2022,CO2/CO/NOx,2022-05-21 11:00:00+02:00,0.4130920614181657
2022,CO2/CO/NOx,2022-05-21 12:00:00+02:00,0.41031405305995083
2022,CO2/CO/NOx,2022-05-21 13:00:00+02:00,0.41252397961427817
2022,CO2/CO/NOx,2022-05-21 14:00:00+02:00,0.4171050578737802
2022,CO2/CO/NOx,2022-05-21 15:00:00+02:00,0.42206889887376375
2022,CO2/CO/NOx,2022-05-21 16:00:00+02:00,0.4227783854834226
2022,CO2/CO/NOx,2022-05-21 17:00:00+02:00,0.4192625083080346
2022,CO2/CO/NOx,2022-05-21 18:00:00+02:00,0.41796257638535794
2022,CO2/CO/NOx,2022-05-21 19:00:00+02:00,0.4167370272106628
2022,CO2/CO/NOx,2022-05-21 20:00:00+02:00,0.41957776354887033
2022,CO2/CO/NOx,2022-05-21 21:00:00+02:00,0.4268152071451907
2022,CO2/CO/NOx,2022-05-21 22:00:00+02:00,0.43880519271926194
2022,CO2/CO/NOx,2022-05-21 23:00:00+02:00,0.45180225541461294
2022,CO2/CO/NOx,2022-05-22 00:00:00+02:00,0.4626070888248991
2022,CO2/CO/NOx,2022-05-22 01:00:00+02:00,0.4729936993630278
2022,CO2/CO/NOx,2022-05-22 02:00:00+02:00,0.48757301907038614
2022,CO2/CO/NOx,2022-05-22 03:00:00+02:00,0.4969309202612602
2022,CO2/CO/NOx,2022-05-22 04:00:00+02:00,0.5080273236445437
2022,CO2/CO/NOx,2022-05-22 05:00:00+02:00,0.5174772974222301
2022,CO2/CO/NOx,2022-05-22 06:00:00+02:00,0.5182337846073786
2022,CO2/CO/NOx,2022-05-22 07:00:00+02:00,0.5093783214301923
2022,CO2/CO/NOx,2022-05-22 08:00:00+02:00,0.49221255545782866
2022,CO2/CO/NOx,2022-05-22 09:00:00+02:00,0.47082826076325673
2022,CO2/CO/NOx,2022-05-22 10:00:00+02:00,0.45692359639665775
2022,CO2/CO/NOx,2022-05-22 11:00:00+02:00,0.44832679089118044
2022,CO2/CO/NOx,2022-05-22 12:00:00+02:00,0.43472809277898067
2022,CO2/CO/NOx,2022-05-22 13:00:00+02:00,0.4355038496291896
2022,CO2/CO/NOx,2022-05-22 14:00:00+02:00,0.43381925643591396
2022,CO2/CO/NOx,2022-05-22 15:00:00+02:00,0.43060432186047226
2022,CO2/CO/NOx,2022-05-22 16:00:00+02:00,0.4244802462952329
2022,CO2/CO/NOx,2022-05-22 17:00:00+02:00,0.41770265627155145
2022,CO2/CO/NOx,2022-05-22 18:00:00+02:00,0.41421713861406884
2022,CO2/CO/NOx,2022-05-22 19:00:00+02:00,0.4197159844280474
2022,CO2/CO/NOx,2022-05-22 20:00:00+02:00,0.4192422137549737
2022,CO2/CO/NOx,2022-05-22 21:00:00+02:00,0.41479639650105166
2022,CO2/CO/NOx,2022-05-22 22:00:00+02:00,0.4133933990041117
2022,CO2/CO/NOx,2022-05-22 23:00:00+02:00,0.40956742038014393
2022,CO2/CO/NOx,2022-05-23 00:00:00+02:00,0.4077496833617292
2022,CO2/CO/NOx,2022-05-23 01:00:00+02:00,0.410965377697171
2022,CO2/CO/NOx,2022-05-23 02:00:00+02:00,0.4199484423589886
2022,CO2/CO/NOx,2022-05-23 03:00:00+02:00,0.43412261405075714
2022,CO2/CO/NOx,2022-05-23 04:00:00+02:00,0.4479209071830524
2022,CO2/CO/NOx,2022-05-23 05:00:00+02:00,0.45216002261202043
2022,CO2/CO/NOx,2022-05-23 06:00:00+02:00,0.4542851146762163
2022,CO2/CO/NOx,2022-05-23 07:00:00+02:00,0.4514252733231949
2022,CO2/CO/NOx,2022-05-23 08:00:00+02:00,0.441656103488148
2022,CO2/CO/NOx,2022-05-23 09:00:00+02:00,0.4282515090225054
2022,CO2/CO/NOx,2022-05-23 10:00:00+02:00,0.41848899529658073
2022,CO2/CO/NOx,2022-05-23 11:00:00+02:00,0.4120963958034949
2022,CO2/CO/NOx,2022-05-23 12:00:00+02:00,0.4068536772511621
2022,CO2/CO/NOx,2022-05-23 13:00:00+02:00,0.4014190861236105
2022,CO2/CO/NOx,2022-05-23 14:00:00+02:00,0.39770096677765665
2022,CO2/CO/NOx,2022-05-23 15:00:00+02:00,0.39927170661190997
2022,CO2/CO/NOx,2022-05-23 16:00:00+02:00,0.39667459266238525
2022,CO2/CO/NOx,2022-05-23 17:00:00+02:00,0.4025976335004002
2022,CO2/CO/NOx,2022-05-23 18:00:00+02:00,0.4174605190246618
2022,CO2/CO/NOx,2022-05-23 19:00:00+02:00,0.43093684844500907
2022,CO2/CO/NOx,2022-05-23 20:00:00+02:00,0.4423538323571594
2022,CO2/CO/NOx,2022-05-23 21:00:00+02:00,0.45418063947607823
2022,CO2/CO/NOx,2022-05-23 22:00:00+02:00,0.46026571991299137
2022,CO2/CO/NOx,2022-05-23 23:00:00+02:00,0.4591353021268623
2022,CO2/CO/NOx,2022-05-24 00:00:00+02:00,0.4472378789021523
2022,CO2/CO/NOx,2022-05-24 01:00:00+02:00,0.43418584653781933
2022,CO2/CO/NOx,2022-05-24 02:00:00+02:00,0.43494299360585753
2022,CO2/CO/NOx,2022-05-24 03:00:00+02:00,0.4420775115231799
2022,CO2/CO/NOx,2022-05-24 04:00:00+02:00,0.4455083711911762
2022,CO2/CO/NOx,2022-05-24 05:00:00+02:00,0.45621092002014724
2022,CO2/CO/NOx,2022-05-24 06:00:00+02:00,0.47762352942558073
2022,CO2/CO/NOx,2022-05-24 07:00:00+02:00,0.4982311736984204
2022,CO2/CO/NOx,2022-05-24 08:00:00+02:00,0.5136048228718778
2022,CO2/CO/NOx,2022-05-24 09:00:00+02:00,0.5209215986461995
2022,CO2/CO/NOx,2022-05-24 10:00:00+02:00,0.5293474961876725
2022,CO2/CO/NOx,2022-05-24 11:00:00+02:00,0.5354523089284232
2022,CO2/CO/NOx,2022-05-24 12:00:00+02:00,0.5311434361542009
2022,CO2/CO/NOx,2022-05-24 13:00:00+02:00,0.5275158064892538
2022,CO2/CO/NOx,2022-05-24 14:00:00+02:00,0.5299641680910386
2022,CO2/CO/NOx,2022-05-24 15:00:00+02:00,0.5386688393559426
2022,CO2/CO/NOx,2022-05-24 16:00:00+02:00,0.5375798895793573
2022,CO2/CO/NOx,2022-05-24 17:00:00+02:00,0.5468555340894307
2022,CO2/CO/NOx,2022-05-24 18:00:00+02:00,0.5660636438316003
2022,CO2/CO/NOx,2022-05-24 19:00:00+02:00,0.5836003070394536
2022,CO2/CO/NOx,2022-05-24 20:00:00+02:00,0.595084400807256
2022,CO2/CO/NOx,2022-05-24 21:00:00+02:00,0.6012863740819809
2022,CO2/CO/NOx,2022-05-24 22:00:00+02:00,0.610941656909863
2022,CO2/CO/NOx,2022-05-24 23:00:00+02:00,0.6111373147306478
2022,CO2/CO/NOx,2022-05-25 00:00:00+02:00,0.6015951546135027
2022,CO2/CO/NOx,2022-05-25 01:00:00+02:00,0.5926823433319555
2022,CO2/CO/NOx,2022-05-25 02:00:00+02:00,0.6067055664201445
2022,CO2/CO/NOx,2022-05-25 03:00:00+02:00,0.6274460157817158
2022,CO2/CO/NOx,2022-05-25 04:00:00+02:00,0.6465777947972927
2022,CO2/CO/NOx,2022-05-25 05:00:00+02:00,0.6667427795399463
2022,CO2/CO/NOx,2022-05-25 06:00:00+02:00,0.6928374524028929
2022,CO2/CO/NOx,2022-05-25 07:00:00+02:00,0.7114915590645775
2022,CO2/CO/NOx,2022-05-25 08:00:00+02:00,0.7139317496479882
2022,CO2/CO/NOx,2022-05-25 09:00:00+02:00,0.7020020103684217
2022,CO2/CO/NOx,2022-05-25 10:00:00+02:00,0.6920833321148763
2022,CO2/CO/NOx,2022-05-25 11:00:00+02:00,0.6828812836432143
2022,CO2/CO/NOx,2022-05-25 12:00:00+02:00,0.660217903202235
2022,CO2/CO/NOx,2022-05-25 13:00:00+02:00,0.6361457183362792
2022,CO2/CO/NOx,2022-05-25 14:00:00+02:00,0.6164208231088187
2022,CO2/CO/NOx,2022-05-25 15:00:00+02:00,0.6043381633058641
2022,CO2/CO/NOx,2022-05-25 16:00:00+02:00,0.5901811668287593
2022,CO2/CO/NOx,2022-05-25 17:00:00+02:00,0.578118224733522
2022,CO2/CO/NOx,2022-05-25 18:00:00+02:00,0.579535460867764
2022,CO2/CO/NOx,2022-05-25 19:00:00+02:00,0.5786531525309676
2022,CO2/CO/NOx,2022-05-25 20:00:00+02:00,0.5794437487020242
2022,CO2/CO/NOx,2022-05-25 21:00:00+02:00,0.5671121881060432
2022,CO2/CO/NOx,2022-05-25 22:00:00+02:00,0.5510080872645718
2022,CO2/CO/NOx,2022-05-25 23:00:00+02:00,0.5454886591783755
2022,CO2/CO/NOx,2022-05-26 00:00:00+02:00,0.5405600651952275
2022,CO2/CO/NOx,2022-05-26 01:00:00+02:00,0.5434503839015721
2022,CO2/CO/NOx,2022-05-26 02:00:00+02:00,0.5641868648621988
2022,CO2/CO/NOx,2022-05-26 03:00:00+02:00,0.6017207485706072
2022,CO2/CO/NOx,2022-05-26 04:00:00+02:00,0.6248986706766897
2022,CO2/CO/NOx,2022-05-26 05:00:00+02:00,0.6446786020002384
2022,CO2/CO/NOx,2022-05-26 06:00:00+02:00,0.6512761855168149
2022,CO2/CO/NOx,2022-05-26 07:00:00+02:00,0.6401659033009122
2022,CO2/CO/NOx,2022-05-26 08:00:00+02:00,0.6228486997661795
2022,CO2/CO/NOx,2022-05-26 09:00:00+02:00,0.5884979104556971
2022,CO2/CO/NOx,2022-05-26 10:00:00+02:00,0.5535590698205612
2022,CO2/CO/NOx,2022-05-26 11:00:00+02:00,0.5290771403549553
2022,CO2/CO/NOx,2022-05-26 12:00:00+02:00,0.5119363000485475
2022,CO2/CO/NOx,2022-05-26 13:00:00+02:00,0.5011016936343263
2022,CO2/CO/NOx,2022-05-26 14:00:00+02:00,0.49703749450362483
2022,CO2/CO/NOx,2022-05-26 15:00:00+02:00,0.4903303572431477
2022,CO2/CO/NOx,2022-05-26 16:00:00+02:00,0.47750878414860437
2022,CO2/CO/NOx,2022-05-26 17:00:00+02:00,0.47035158775018787
2022,CO2/CO/NOx,2022-05-26 18:00:00+02:00,0.46789441802634457
2022,CO2/CO/NOx,2022-05-26 19:00:00+02:00,0.46452366320382654
2022,CO2/CO/NOx,2022-05-26 20:00:00+02:00,0.46481344918070056
2022,CO2/CO/NOx,2022-05-26 21:00:00+02:00,0.4614273298426762
2022,CO2/CO/NOx,2022-05-26 22:00:00+02:00,0.4733230821706064
2022,CO2/CO/NOx,2022-05-26 23:00:00+02:00,0.47894756229615937
2022,CO2/CO/NOx,2022-05-27 00:00:00+02:00,0.4755455663677131
2022,CO2/CO/NOx,2022-05-27 01:00:00+02:00,0.4941691904089835
2022,CO2/CO/NOx,2022-05-27 02:00:00+02:00,0.5286987176824306
2022,CO2/CO/NOx,2022-05-27 03:00:00+02:00,0.5632740464898403
2022,CO2/CO/NOx,2022-05-27 04:00:00+02:00,0.5828145326776067
2022,CO2/CO/NOx,2022-05-27 05:00:00+02:00,0.5915729015427214
2022,CO2/CO/NOx,2022-05-27 06:00:00+02:00,0.5831048635647361
2022,CO2/CO/NOx,2022-05-27 07:00:00+02:00,0.5658909663686432
2022,CO2/CO/NOx,2022-05-27 08:00:00+02:00,0.5325557897794863
2022,CO2/CO/NOx,2022-05-27 09:00:00+02:00,0.4964291364692954
2022,CO2/CO/NOx,2022-05-27 10:00:00+02:00,0.47891716810974744
2022,CO2/CO/NOx,2022-05-27 11:00:00+02:00,0.46541510158987226
2022,CO2/CO/NOx,2022-05-27 12:00:00+02:00,0.44894478339421
2022,CO2/CO/NOx,2022-05-27 13:00:00+02:00,0.4332664594255475
2022,CO2/CO/NOx,2022-05-27 14:00:00+02:00,0.4240362310084382
2022,CO2/CO/NOx,2022-05-27 15:00:00+02:00,0.42104893517152636
2022,CO2/CO/NOx,2022-05-27 16:00:00+02:00,0.4184499152135568
2022,CO2/CO/NOx,2022-05-27 17:00:00+02:00,0.4225586161528949
2022,CO2/CO/NOx,2022-05-27 18:00:00+02:00,0.43891501968010105
2022,CO2/CO/NOx,2022-05-27 19:00:00+02:00,0.45255698126067756
2022,CO2/CO/NOx,2022-05-27 20:00:00+02:00,0.46265894230066995
2022,CO2/CO/NOx,2022-05-27 21:00:00+02:00,0.4681757359098479
2022,CO2/CO/NOx,2022-05-27 22:00:00+02:00,0.4767512293270935
2022,CO2/CO/NOx,2022-05-27 23:00:00+02:00,0.4856442216530562
2022,CO2/CO/NOx,2022-05-28 00:00:00+02:00,0.49563758422450727
2022,CO2/CO/NOx,2022-05-28 01:00:00+02:00,0.5035234830836652
2022,CO2/CO/NOx,2022-05-28 02:00:00+02:00,0.5158490028939915
2022,CO2/CO/NOx,2022-05-28 03:00:00+02:00,0.5392621042533497
2022,CO2/CO/NOx,2022-05-28 04:00:00+02:00,0.5670627424454161
2022,CO2/CO/NOx,2022-05-28 05:00:00+02:00,0.5988387304087239
2022,CO2/CO/NOx,2022-05-28 06:00:00+02:00,0.6329961439380539
2022,CO2/CO/NOx,2022-05-28 07:00:00+02:00,0.6674266391361311
2022,CO2/CO/NOx,2022-05-28 08:00:00+02:00,0.6855302591606881
2022,CO2/CO/NOx,2022-05-28 09:00:00+02:00,0.6833822387839621
2022,CO2/CO/NOx,2022-05-28 10:00:00+02:00,0.6699480790854307
2022,CO2/CO/NOx,2022-05-28 11:00:00+02:00,0.6466635528660984
2022,CO2/CO/NOx,2022-05-28 12:00:00+02:00,0.6239106248224645
2022,CO2/CO/NOx,2022-05-28 13:00:00+02:00,0.6117551426199156
2022,CO2/CO/NOx,2022-05-28 14:00:00+02:00,0.6033471425212441
2022,CO2/CO/NOx,2022-05-28 15:00:00+02:00,0.608459342313814
2022,CO2/CO/NOx,2022-05-28 16:00:00+02:00,0.6243420492539695
2022,CO2/CO/NOx,2022-05-28 17:00:00+02:00,0.6368188152965396
2022,CO2/CO/NOx,2022-05-28 18:00:00+02:00,0.667488517536019
2022,CO2/CO/NOx,2022-05-28 19:00:00+02:00,0.6911478661883109
2022,CO2/CO/NOx,2022-05-28 20:00:00+02:00,0.7043174206567602
2022,CO2/CO/NOx,2022-05-28 21:00:00+02:00,0.7149282171454892
2022,CO2/CO/NOx,2022-05-28 22:00:00+02:00,0.7233788561468224
2022,CO2/CO/NOx,2022-05-28 23:00:00+02:00,0.747628016598935
2022,CO2/CO/NOx,2022-05-29 00:00:00+02:00,0.8003254355642362
2022,CO2/CO/NOx,2022-05-29 01:00:00+02:00,0.8633884929949033
2022,CO2/CO/NOx,2022-05-29 02:00:00+02:00,0.9317003426570232
2022,CO2/CO/NOx,2022-05-29 03:00:00+02:00,1.0273192088317726
2022,CO2/CO/NOx,2022-05-29 04:00:00+02:00,1.0783791313056788
2022,CO2/CO/NOx,2022-05-29 05:00:00+02:00,1.0776183404805193
2022,CO2/CO/NOx,2022-05-29 06:00:00+02:00,1.046667277249552
2022,CO2/CO/NOx,2022-05-29 07:00:00+02:00,0.9937683924448764
2022,CO2/CO/NOx,2022-05-29 08:00:00+02:00,0.9384714799533209
2022,CO2/CO/NOx,2022-05-29 09:00:00+02:00,0.8919387916925813
2022,CO2/CO/NOx,2022-05-29 10:00:00+02:00,0.8698487552288604
2022,CO2/CO/NOx,2022-05-29 11:00:00+02:00,0.8879752328731129
2022,CO2/CO/NOx,2022-05-29 12:00:00+02:00,0.9334144337104094
2022,CO2/CO/NOx,2022-05-29 13:00:00+02:00,0.9632395889777149
2022,CO2/CO/NOx,2022-05-29 14:00:00+02:00,0.9894802844157783
2022,CO2/CO/NOx,2022-05-29 15:00:00+02:00,1.024830308043095
2022,CO2/CO/NOx,2022-05-29 16:00:00+02:00,1.0503434770992472
2022,CO2/CO/NOx,2022-05-29 17:00:00+02:00,1.0556362122607408
2022,CO2/CO/NOx,2022-05-29 18:00:00+02:00,1.0581020048456882
2022,CO2/CO/NOx,2022-05-29 19:00:00+02:00,1.065625165536422
2022,CO2/CO/NOx,2022-05-29 20:00:00+02:00,1.067900808350115
2022,CO2/CO/NOx,2022-05-29 21:00:00+02:00,1.0486846828049463
2022,CO2/CO/NOx,2022-05-29 22:00:00+02:00,1.0360372748340954
2022,CO2/CO/NOx,2022-05-29 23:00:00+02:00,1.0403402812475426
2022,CO2/CO/NOx,2022-05-30 00:00:00+02:00,1.0367773926398745
2022,CO2/CO/NOx,2022-05-30 01:00:00+02:00,1.0605785409792696
2022,CO2/CO/NOx,2022-05-30 02:00:00+02:00,1.103335175825968
2022,CO2/CO/NOx,2022-05-30 03:00:00+02:00,1.1633110011646657
2022,CO2/CO/NOx,2022-05-30 04:00:00+02:00,1.2113905020066267
2022,CO2/CO/NOx,2022-05-30 05:00:00+02:00,1.23266556787507
2022,CO2/CO/NOx,2022-05-30 06:00:00+02:00,1.2139516277632592
2022,CO2/CO/NOx,2022-05-30 07:00:00+02:00,1.1722619014055768
2022,CO2/CO/NOx,2022-05-30 08:00:00+02:00,1.101648504778381
2022,CO2/CO/NOx,2022-05-30 09:00:00+02:00,1.0038383574845187
2022,CO2/CO/NOx,2022-05-30 10:00:00+02:00,0.9267244983453026
2022,CO2/CO/NOx,2022-05-30 11:00:00+02:00,0.8912559327495081
2022,CO2/CO/NOx,2022-05-30 12:00:00+02:00,0.8865239778506323
2022,CO2/CO/NOx,2022-05-30 13:00:00+02:00,0.9172602403520443
2022,CO2/CO/NOx,2022-05-30 14:00:00+02:00,0.9617209008311592
2022,CO2/CO/NOx,2022-05-30 15:00:00+02:00,0.992437170273604
2022,CO2/CO/NOx,2022-05-30 16:00:00+02:00,1.0136418293419311
2022,CO2/CO/NOx,2022-05-30 17:00:00+02:00,0.9896057951773295
2022,CO2/CO/NOx,2022-05-30 18:00:00+02:00,0.9331173414136542
2022,CO2/CO/NOx,2022-05-30 19:00:00+02:00,0.8661698347120219
2022,CO2/CO/NOx,2022-05-30 20:00:00+02:00,0.8021872168402238
2022,CO2/CO/NOx,2022-05-30 21:00:00+02:00,0.7561302523544405
2022,CO2/CO/NOx,2022-05-30 22:00:00+02:00,0.7446703177720105
2022,CO2/CO/NOx,2022-05-30 23:00:00+02:00,0.7519000775429117
2022,CO2/CO/NOx,2022-05-31 00:00:00+02:00,0.7680982070846056
2022,CO2/CO/NOx,2022-05-31 01:00:00+02:00,0.8306533056631782
2022,CO2/CO/NOx,2022-05-31 02:00:00+02:00,0.8773259842475369
2022,CO2/CO/NOx,2022-05-31 03:00:00+02:00,0.9166383523043931
2022,CO2/CO/NOx,2022-05-31 04:00:00+02:00,0.950693024819819
2022,CO2/CO/NOx,2022-05-31 05:00:00+02:00,0.9469190810793837
2022,CO2/CO/NOx,2022-05-31 06:00:00+02:00,0.9190226046502403
2022,CO2/CO/NOx,2022-05-31 07:00:00+02:00,0.8644860360796186
2022,CO2/CO/NOx,2022-05-31 08:00:00+02:00,0.7927989879018815
2022,CO2/CO/NOx,2022-05-31 09:00:00+02:00,0.7209768953808446
2022,CO2/CO/NOx,2022-05-31 10:00:00+02:00,0.68480669820859
2022,CO2/CO/NOx,2022-05-31 11:00:00+02:00,0.6386217935380961
2022,CO2/CO/NOx,2022-05-31 12:00:00+02:00,0.5994538434586509
2022,CO2/CO/NOx,2022-05-31 13:00:00+02:00,0.57599598168686
2022,CO2/CO/NOx,2022-05-31 14:00:00+02:00,0.5525095893588869
2022,CO2/CO/NOx,2022-05-31 15:00:00+02:00,0.5441875238031448
2022,CO2/CO/NOx,2022-05-31 16:00:00+02:00,0.5442941560135057
2022,CO2/CO/NOx,2022-05-31 17:00:00+02:00,0.5525913725766319
2022,CO2/CO/NOx,2022-05-31 18:00:00+02:00,0.5623067013266412
2022,CO2/CO/NOx,2022-05-31 19:00:00+02:00,0.576271700720532
2022,CO2/CO/NOx,2022-05-31 20:00:00+02:00,0.5656664421345197
2022,CO2/CO/NOx,2022-05-31 21:00:00+02:00,0.5436883336214056
2022,CO2/CO/NOx,2022-05-31 22:00:00+02:00,0.5205838479339162
2022,CO2/CO/NOx,2022-05-31 23:00:00+02:00,0.49170963178771576
2022,CO2/CO/NOx,2022-06-01 00:00:00+02:00,0.47375600857619626
2022,CO2/CO/NOx,2022-06-01 01:00:00+02:00,0.46680099087565236
2022,CO2/CO/NOx,2022-06-01 02:00:00+02:00,0.4904798981771786
2022,CO2/CO/NOx,2022-06-01 03:00:00+02:00,0.5248455238089775
2022,CO2/CO/NOx,2022-06-01 04:00:00+02:00,0.5638045215147423
2022,CO2/CO/NOx,2022-06-01 05:00:00+02:00,0.5863999082637181
2022,CO2/CO/NOx,2022-06-01 06:00:00+02:00,0.5918230348540713
2022,CO2/CO/NOx,2022-06-01 07:00:00+02:00,0.5759301121214817
2022,CO2/CO/NOx,2022-06-01 08:00:00+02:00,0.5342891744683685
2022,CO2/CO/NOx,2022-06-01 09:00:00+02:00,0.4813390043752833
2022,CO2/CO/NOx,2022-06-01 10:00:00+02:00,0.439883444089341
2022,CO2/CO/NOx,2022-06-01 11:00:00+02:00,0.4193244199209675
2022,CO2/CO/NOx,2022-06-01 12:00:00+02:00,0.40010812875004675
2022,CO2/CO/NOx,2022-06-01 13:00:00+02:00,0.38504835321510694
2022,CO2/CO/NOx,2022-06-01 14:00:00+02:00,0.3844636177161746
2022,CO2/CO/NOx,2022-06-01 15:00:00+02:00,0.38886341814712355
2022,CO2/CO/NOx,2022-06-01 16:00:00+02:00,0.392790902113523
2022,CO2/CO/NOx,2022-06-01 17:00:00+02:00,0.3974121446725254
2022,CO2/CO/NOx,2022-06-01 18:00:00+02:00,0.40518956878395773
2022,CO2/CO/NOx,2022-06-01 19:00:00+02:00,0.4178379233337001
2022,CO2/CO/NOx,2022-06-01 20:00:00+02:00,0.4220596594133862
2022,CO2/CO/NOx,2022-06-01 21:00:00+02:00,0.4152954525639131
2022,CO2/CO/NOx,2022-06-01 22:00:00+02:00,0.4014699283902099
2022,CO2/CO/NOx,2022-06-01 23:00:00+02:00,0.3890485373550379
2022,CO2/CO/NOx,2022-06-02 00:00:00+02:00,0.37188543224334847
2022,CO2/CO/NOx,2022-06-02 01:00:00+02:00,0.37479913014563226
2022,CO2/CO/NOx,2022-06-02 02:00:00+02:00,0.3926529546154473
2022,CO2/CO/NOx,2022-06-02 03:00:00+02:00,0.4302486843284141
2022,CO2/CO/NOx,2022-06-02 04:00:00+02:00,0.47964521093641754
2022,CO2/CO/NOx,2022-06-02 05:00:00+02:00,0.5194158576738125
2022,CO2/CO/NOx,2022-06-02 06:00:00+02:00,0.5475203639489145
2022,CO2/CO/NOx,2022-06-02 07:00:00+02:00,0.5493794798027095
2022,CO2/CO/NOx,2022-06-02 08:00:00+02:00,0.5268999762259254
2022,CO2/CO/NOx,2022-06-02 09:00:00+02:00,0.48420632923780726
2022,CO2/CO/NOx,2022-06-02 10:00:00+02:00,0.4488676978829554
2022,CO2/CO/NOx,2022-06-02 11:00:00+02:00,0.42076619017585076
2022,CO2/CO/NOx,2022-06-02 12:00:00+02:00,0.40683588312289093
2022,CO2/CO/NOx,2022-06-02 13:00:00+02:00,0.3992890773087073
2022,CO2/CO/NOx,2022-06-02 14:00:00+02:00,0.3905812776470294
2022,CO2/CO/NOx,2022-06-02 15:00:00+02:00,0.38435179339838843
2022,CO2/CO/NOx,2022-06-02 16:00:00+02:00,0.38075329718926
2022,CO2/CO/NOx,2022-06-02 17:00:00+02:00,0.38418672290264183
2022,CO2/CO/NOx,2022-06-02 18:00:00+02:00,0.39265487247264136
2022,CO2/CO/NOx,2022-06-02 19:00:00+02:00,0.3961979502729706
2022,CO2/CO/NOx,2022-06-02 20:00:00+02:00,0.3982838246491944
2022,CO2/CO/NOx,2022-06-02 21:00:00+02:00,0.39692774323696417
2022,CO2/CO/NOx,2022-06-02 22:00:00+02:00,0.38747218501863473
2022,CO2/CO/NOx,2022-06-02 23:00:00+02:00,0.37304600764999274
2022,CO2/CO/NOx,2022-06-03 00:00:00+02:00,0.359401582951766
2022,CO2/CO/NOx,2022-06-03 01:00:00+02:00,0.3655969095456884
2022,CO2/CO/NOx,2022-06-03 02:00:00+02:00,0.3867928882698104
2022,CO2/CO/NOx,2022-06-03 03:00:00+02:00,0.40961981627262745
2022,CO2/CO/NOx,2022-06-03 04:00:00+02:00,0.42845203623266526
2022,CO2/CO/NOx,2022-06-03 05:00:00+02:00,0.44211912640699225
2022,CO2/CO/NOx,2022-06-03 06:00:00+02:00,0.44641327169067435
2022,CO2/CO/NOx,2022-06-03 07:00:00+02:00,0.43712011187830485
2022,CO2/CO/NOx,2022-06-03 08:00:00+02:00,0.4215316166214213
2022,CO2/CO/NOx,2022-06-03 09:00:00+02:00,0.40432347524352413
2022,CO2/CO/NOx,2022-06-03 10:00:00+02:00,0.39828623938700053
2022,CO2/CO/NOx,2022-06-03 11:00:00+02:00,0.3910298111459113
2022,CO2/CO/NOx,2022-06-03 12:00:00+02:00,0.38260280879022956
2022,CO2/CO/NOx,2022-06-03 13:00:00+02:00,0.37676987718595967
2022,CO2/CO/NOx,2022-06-03 14:00:00+02:00,0.3718948122146816
2022,CO2/CO/NOx,2022-06-03 15:00:00+02:00,0.3720311089851059
2022,CO2/CO/NOx,2022-06-03 16:00:00+02:00,0.36961223135133464
2022,CO2/CO/NOx,2022-06-03 17:00:00+02:00,0.37285675875052027
2022,CO2/CO/NOx,2022-06-03 18:00:00+02:00,0.38168568419307386
2022,CO2/CO/NOx,2022-06-03 19:00:00+02:00,0.384415458952418
2022,CO2/CO/NOx,2022-06-03 20:00:00+02:00,0.3787943673629427
2022,CO2/CO/NOx,2022-06-03 21:00:00+02:00,0.3673218154840666
2022,CO2/CO/NOx,2022-06-03 22:00:00+02:00,0.3496842835967897
2022,CO2/CO/NOx,2022-06-03 23:00:00+02:00,0.3377828220819907
2022,CO2/CO/NOx,2022-06-04 00:00:00+02:00,0.3356870357384756
2022,CO2/CO/NOx,2022-06-04 01:00:00+02:00,0.3412550274740366
2022,CO2/CO/NOx,2022-06-04 02:00:00+02:00,0.354990972956372
2022,CO2/CO/NOx,2022-06-04 03:00:00+02:00,0.3762193758288817
2022,CO2/CO/NOx,2022-06-04 04:00:00+02:00,0.39536858194905644
2022,CO2/CO/NOx,2022-06-04 05:00:00+02:00,0.40918049276997837
2022,CO2/CO/NOx,2022-06-04 06:00:00+02:00,0.41314065639197756
2022,CO2/CO/NOx,2022-06-04 07:00:00+02:00,0.40688998062072473
2022,CO2/CO/NOx,2022-06-04 08:00:00+02:00,0.3952472258490124
2022,CO2/CO/NOx,2022-06-04 09:00:00+02:00,0.3828860408843804
2022,CO2/CO/NOx,2022-06-04 10:00:00+02:00,0.377971351538246
2022,CO2/CO/NOx,2022-06-04 11:00:00+02:00,0.3740074187411058
2022,CO2/CO/NOx,2022-06-04 12:00:00+02:00,0.37420283957337014
2022,CO2/CO/NOx,2022-06-04 13:00:00+02:00,0.37692135220578055
2022,CO2/CO/NOx,2022-06-04 14:00:00+02:00,0.37890868772322267
2022,CO2/CO/NOx,2022-06-04 15:00:00+02:00,0.3783363401530109
2022,CO2/CO/NOx,2022-06-04 16:00:00+02:00,0.3745114713124922
2022,CO2/CO/NOx,2022-06-04 17:00:00+02:00,0.3696994969772321
2022,CO2/CO/NOx,2022-06-04 18:00:00+02:00,0.372215688381074
2022,CO2/CO/NOx,2022-06-04 19:00:00+02:00,0.372309447897856
2022,CO2/CO/NOx,2022-06-04 20:00:00+02:00,0.3680248004298733
2022,CO2/CO/NOx,2022-06-04 21:00:00+02:00,0.35904980235031053
2022,CO2/CO/NOx,2022-06-04 22:00:00+02:00,0.347074205614165
2022,CO2/CO/NOx,2022-06-04 23:00:00+02:00,0.3361692793712929
2022,CO2/CO/NOx,2022-06-05 00:00:00+02:00,0.3231389269226869
2022,CO2/CO/NOx,2022-06-05 01:00:00+02:00,0.3186373962684452
2022,CO2/CO/NOx,2022-06-05 02:00:00+02:00,0.3208723635072259
2022,CO2/CO/NOx,2022-06-05 03:00:00+02:00,0.3257998458566507
2022,CO2/CO/NOx,2022-06-05 04:00:00+02:00,0.32969025037254324
2022,CO2/CO/NOx,2022-06-05 05:00:00+02:00,0.3362572415596563
2022,CO2/CO/NOx,2022-06-05 06:00:00+02:00,0.34228928935123015
2022,CO2/CO/NOx,2022-06-05 07:00:00+02:00,0.3464101305656135
2022,CO2/CO/NOx,2022-06-05 08:00:00+02:00,0.34880756366717847
2022,CO2/CO/NOx,2022-06-05 09:00:00+02:00,0.34940720206830783
2022,CO2/CO/NOx,2022-06-05 10:00:00+02:00,0.3545417049965666
2022,CO2/CO/NOx,2022-06-05 11:00:00+02:00,0.3561289670227022
2022,CO2/CO/NOx,2022-06-05 12:00:00+02:00,0.35274877766398793
2022,CO2/CO/NOx,2022-06-05 13:00:00+02:00,0.3541370900304484
2022,CO2/CO/NOx,2022-06-05 14:00:00+02:00,0.357926842721556
2022,CO2/CO/NOx,2022-06-05 15:00:00+02:00,0.3659793213604158
2022,CO2/CO/NOx,2022-06-05 16:00:00+02:00,0.3734655690831943
2022,CO2/CO/NOx,2022-06-05 17:00:00+02:00,0.3808264818309203
2022,CO2/CO/NOx,2022-06-05 18:00:00+02:00,0.38894613804544736
2022,CO2/CO/NOx,2022-06-05 19:00:00+02:00,0.3916926429184043
2022,CO2/CO/NOx,2022-06-05 20:00:00+02:00,0.38972726235884647
2022,CO2/CO/NOx,2022-06-05 21:00:00+02:00,0.37855187278735425
2022,CO2/CO/NOx,2022-06-05 22:00:00+02:00,0.36630362972135455
2022,CO2/CO/NOx,2022-06-05 23:00:00+02:00,0.35363717991321264
2022,CO2/CO/NOx,2022-06-06 00:00:00+02:00,0.33985263652503794
2022,CO2/CO/NOx,2022-06-06 01:00:00+02:00,0.3412152407618435
2022,CO2/CO/NOx,2022-06-06 02:00:00+02:00,0.36655477397685104
2022,CO2/CO/NOx,2022-06-06 03:00:00+02:00,0.4051343131536835
2022,CO2/CO/NOx,2022-06-06 04:00:00+02:00,0.4427075587136708
2022,CO2/CO/NOx,2022-06-06 05:00:00+02:00,0.4764650179342472
2022,CO2/CO/NOx,2022-06-06 06:00:00+02:00,0.4933444656292193
2022,CO2/CO/NOx,2022-06-06 07:00:00+02:00,0.48960624073371917
2022,CO2/CO/NOx,2022-06-06 08:00:00+02:00,0.4645586836859542
2022,CO2/CO/NOx,2022-06-06 09:00:00+02:00,0.4264017973116082
2022,CO2/CO/NOx,2022-06-06 10:00:00+02:00,0.4031922820181792
2022,CO2/CO/NOx,2022-06-06 11:00:00+02:00,0.3933229403576959
2022,CO2/CO/NOx,2022-06-06 12:00:00+02:00,0.3849826626188749
2022,CO2/CO/NOx,2022-06-06 13:00:00+02:00,0.3776200199164857
2022,CO2/CO/NOx,2022-06-06 14:00:00+02:00,0.3742418292383927
2022,CO2/CO/NOx,2022-06-06 15:00:00+02:00,0.3787135914462051
2022,CO2/CO/NOx,2022-06-06 16:00:00+02:00,0.37857652138272874
2022,CO2/CO/NOx,2022-06-06 17:00:00+02:00,0.37867336345480657
2022,CO2/CO/NOx,2022-06-06 18:00:00+02:00,0.3837961722787056
2022,CO2/CO/NOx,2022-06-06 19:00:00+02:00,0.38396475619734705
2022,CO2/CO/NOx,2022-06-06 20:00:00+02:00,0.3761015614643195
2022,CO2/CO/NOx,2022-06-06 21:00:00+02:00,0.36276177995686104
2022,CO2/CO/NOx,2022-06-06 22:00:00+02:00,0.3432790615073662
2022,CO2/CO/NOx,2022-06-06 23:00:00+02:00,0.3268858272074819
2022,CO2/CO/NOx,2022-06-07 00:00:00+02:00,0.3206819902061098
2022,CO2/CO/NOx,2022-06-07 01:00:00+02:00,0.3328031619642746
2022,CO2/CO/NOx,2022-06-07 02:00:00+02:00,0.35584092499464887
2022,CO2/CO/NOx,2022-06-07 03:00:00+02:00,0.3853676761560931
2022,CO2/CO/NOx,2022-06-07 04:00:00+02:00,0.4090576852891727
2022,CO2/CO/NOx,2022-06-07 05:00:00+02:00,0.42994941298837236
2022,CO2/CO/NOx,2022-06-07 06:00:00+02:00,0.4461149261181503
2022,CO2/CO/NOx,2022-06-07 07:00:00+02:00,0.4491390698699741
2022,CO2/CO/NOx,2022-06-07 08:00:00+02:00,0.44349826785549507
2022,CO2/CO/NOx,2022-06-07 09:00:00+02:00,0.4368415375284881
2022,CO2/CO/NOx,2022-06-07 10:00:00+02:00,0.4391093925096926
2022,CO2/CO/NOx,2022-06-07 11:00:00+02:00,0.43836514955710576
2022,CO2/CO/NOx,2022-06-07 12:00:00+02:00,0.43770005048445143
2022,CO2/CO/NOx,2022-06-07 13:00:00+02:00,0.4353341926329823
2022,CO2/CO/NOx,2022-06-07 14:00:00+02:00,0.4326220089542551
2022,CO2/CO/NOx,2022-06-07 15:00:00+02:00,0.43056836290110695
2022,CO2/CO/NOx,2022-06-07 16:00:00+02:00,0.4241337858807455
2022,CO2/CO/NOx,2022-06-07 17:00:00+02:00,0.41448660413312594
2022,CO2/CO/NOx,2022-06-07 18:00:00+02:00,0.4142099361256339
2022,CO2/CO/NOx,2022-06-07 19:00:00+02:00,0.4082601446540652
2022,CO2/CO/NOx,2022-06-07 20:00:00+02:00,0.40209795905626106
2022,CO2/CO/NOx,2022-06-07 21:00:00+02:00,0.3994368920935225
2022,CO2/CO/NOx,2022-06-07 22:00:00+02:00,0.39221567759818515
2022,CO2/CO/NOx,2022-06-07 23:00:00+02:00,0.3831996255873478
2022,CO2/CO/NOx,2022-06-08 00:00:00+02:00,0.37108497463827494
2022,CO2/CO/NOx,2022-06-08 01:00:00+02:00,0.368603522486844
2022,CO2/CO/NOx,2022-06-08 02:00:00+02:00,0.3752233340020319
2022,CO2/CO/NOx,2022-06-08 03:00:00+02:00,0.39382959682387314
2022,CO2/CO/NOx,2022-06-08 04:00:00+02:00,0.41282316066281527
2022,CO2/CO/NOx,2022-06-08 05:00:00+02:00,0.432499453763545
2022,CO2/CO/NOx,2022-06-08 06:00:00+02:00,0.4497071536127785
2022,CO2/CO/NOx,2022-06-08 07:00:00+02:00,0.45761440738395115
2022,CO2/CO/NOx,2022-06-08 08:00:00+02:00,0.4570355792886501
2022,CO2/CO/NOx,2022-06-08 09:00:00+02:00,0.4427074697851654
2022,CO2/CO/NOx,2022-06-08 10:00:00+02:00,0.43197616497854785
2022,CO2/CO/NOx,2022-06-08 11:00:00+02:00,0.4193402008086004
2022,CO2/CO/NOx,2022-06-08 12:00:00+02:00,0.40768669346849196
2022,CO2/CO/NOx,2022-06-08 13:00:00+02:00,0.3969052691890373
2022,CO2/CO/NOx,2022-06-08 14:00:00+02:00,0.38417632606565005
2022,CO2/CO/NOx,2022-06-08 15:00:00+02:00,0.3749009999779502
2022,CO2/CO/NOx,2022-06-08 16:00:00+02:00,0.3691581488025405
2022,CO2/CO/NOx,2022-06-08 17:00:00+02:00,0.36592432755497684
2022,CO2/CO/NOx,2022-06-08 18:00:00+02:00,0.3686748869359381
2022,CO2/CO/NOx,2022-06-08 19:00:00+02:00,0.36778558881291074
2022,CO2/CO/NOx,2022-06-08 20:00:00+02:00,0.36809382363016296
2022,CO2/CO/NOx,2022-06-08 21:00:00+02:00,0.37480662256319147
2022,CO2/CO/NOx,2022-06-08 22:00:00+02:00,0.3847922059526614
2022,CO2/CO/NOx,2022-06-08 23:00:00+02:00,0.39530874062125043
2022,CO2/CO/NOx,2022-06-09 00:00:00+02:00,0.3970226302993339
2022,CO2/CO/NOx,2022-06-09 01:00:00+02:00,0.4027046069438564
2022,CO2/CO/NOx,2022-06-09 02:00:00+02:00,0.41325737884387415
2022,CO2/CO/NOx,2022-06-09 03:00:00+02:00,0.4242197661471967
2022,CO2/CO/NOx,2022-06-09 04:00:00+02:00,0.4361125861892397
2022,CO2/CO/NOx,2022-06-09 05:00:00+02:00,0.4501336385919947
2022,CO2/CO/NOx,2022-06-09 06:00:00+02:00,0.47782016839342073
2022,CO2/CO/NOx,2022-06-09 07:00:00+02:00,0.5030753210024446
2022,CO2/CO/NOx,2022-06-09 08:00:00+02:00,0.5179753526903383
2022,CO2/CO/NOx,2022-06-09 09:00:00+02:00,0.5195100494154228
2022,CO2/CO/NOx,2022-06-09 10:00:00+02:00,0.5275417055949837
2022,CO2/CO/NOx,2022-06-09 11:00:00+02:00,0.5276770598483655
2022,CO2/CO/NOx,2022-06-09 12:00:00+02:00,0.5170926954460333
2022,CO2/CO/NOx,2022-06-09 13:00:00+02:00,0.5116244176284876
2022,CO2/CO/NOx,2022-06-09 14:00:00+02:00,0.49721387781879456
2022,CO2/CO/NOx,2022-06-09 15:00:00+02:00,0.4949071513657951
2022,CO2/CO/NOx,2022-06-09 16:00:00+02:00,0.48183258634179443
2022,CO2/CO/NOx,2022-06-09 17:00:00+02:00,0.46546452470413896
2022,CO2/CO/NOx,2022-06-09 18:00:00+02:00,0.46256738224473015
2022,CO2/CO/NOx,2022-06-09 19:00:00+02:00,0.4643396826220467
2022,CO2/CO/NOx,2022-06-09 20:00:00+02:00,0.46968238568401843
2022,CO2/CO/NOx,2022-06-09 21:00:00+02:00,0.4829654174432517
2022,CO2/CO/NOx,2022-06-09 22:00:00+02:00,0.5048583436183006
2022,CO2/CO/NOx,2022-06-09 23:00:00+02:00,0.522962391815507
2022,CO2/CO/NOx,2022-06-10 00:00:00+02:00,0.5337828140197353
2022,CO2/CO/NOx,2022-06-10 01:00:00+02:00,0.5421072594395121
2022,CO2/CO/NOx,2022-06-10 02:00:00+02:00,0.5577563527906108
2022,CO2/CO/NOx,2022-06-10 03:00:00+02:00,0.5846642021334538
2022,CO2/CO/NOx,2022-06-10 04:00:00+02:00,0.6051889853684735
2022,CO2/CO/NOx,2022-06-10 05:00:00+02:00,0.6263234734417527
2022,CO2/CO/NOx,2022-06-10 06:00:00+02:00,0.6491583350003963
2022,CO2/CO/NOx,2022-06-10 07:00:00+02:00,0.6643443787855953
2022,CO2/CO/NOx,2022-06-10 08:00:00+02:00,0.6562662505934432
2022,CO2/CO/NOx,2022-06-10 09:00:00+02:00,0.6291505371119936
2022,CO2/CO/NOx,2022-06-10 10:00:00+02:00,0.599115333061678
2022,CO2/CO/NOx,2022-06-10 11:00:00+02:00,0.5654271168705722
2022,CO2/CO/NOx,2022-06-10 12:00:00+02:00,0.5315903568939402
2022,CO2/CO/NOx,2022-06-10 13:00:00+02:00,0.4993729666138484
2022,CO2/CO/NOx,2022-06-10 14:00:00+02:00,0.47443201006844554
2022,CO2/CO/NOx,2022-06-10 15:00:00+02:00,0.45666297757415997
2022,CO2/CO/NOx,2022-06-10 16:00:00+02:00,0.4427499552264557
2022,CO2/CO/NOx,2022-06-10 17:00:00+02:00,0.43302609050579494
2022,CO2/CO/NOx,2022-06-10 18:00:00+02:00,0.44242703389374827
2022,CO2/CO/NOx,2022-06-10 19:00:00+02:00,0.440195675994679
2022,CO2/CO/NOx,2022-06-10 20:00:00+02:00,0.43263828185035175
2022,CO2/CO/NOx,2022-06-10 21:00:00+02:00,0.42371732190372735
2022,CO2/CO/NOx,2022-06-10 22:00:00+02:00,0.4180576680367468
2022,CO2/CO/NOx,2022-06-10 23:00:00+02:00,0.4288399460715753
2022,CO2/CO/NOx,2022-06-11 00:00:00+02:00,0.4395237170976919
2022,CO2/CO/NOx,2022-06-11 01:00:00+02:00,0.4637754421301063
2022,CO2/CO/NOx,2022-06-11 02:00:00+02:00,0.4975176645578422
2022,CO2/CO/NOx,2022-06-11 03:00:00+02:00,0.5397448093950828
2022,CO2/CO/NOx,2022-06-11 04:00:00+02:00,0.5553019233576643
2022,CO2/CO/NOx,2022-06-11 05:00:00+02:00,0.5511487877176208
2022,CO2/CO/NOx,2022-06-11 06:00:00+02:00,0.5345848607647248
2022,CO2/CO/NOx,2022-06-11 07:00:00+02:00,0.5091980324952896
2022,CO2/CO/NOx,2022-06-11 08:00:00+02:00,0.48491282578686384
2022,CO2/CO/NOx,2022-06-11 09:00:00+02:00,0.45159809876886153
2022,CO2/CO/NOx,2022-06-11 10:00:00+02:00,0.43307977270368525
2022,CO2/CO/NOx,2022-06-11 11:00:00+02:00,0.42727733348407176
2022,CO2/CO/NOx,2022-06-11 12:00:00+02:00,0.42257590876966455
2022,CO2/CO/NOx,2022-06-11 13:00:00+02:00,0.41447268466431814
2022,CO2/CO/NOx,2022-06-11 14:00:00+02:00,0.406828994481904
2022,CO2/CO/NOx,2022-06-11 15:00:00+02:00,0.4021715743057861
2022,CO2/CO/NOx,2022-06-11 16:00:00+02:00,0.39278328743985325
2022,CO2/CO/NOx,2022-06-11 17:00:00+02:00,0.38111511872317677
2022,CO2/CO/NOx,2022-06-11 18:00:00+02:00,0.37224676695085923
2022,CO2/CO/NOx,2022-06-11 19:00:00+02:00,0.3653791295453069
2022,CO2/CO/NOx,2022-06-11 20:00:00+02:00,0.3623494423896388
2022,CO2/CO/NOx,2022-06-11 21:00:00+02:00,0.35690337730744676
2022,CO2/CO/NOx,2022-06-11 22:00:00+02:00,0.3521780643956811
2022,CO2/CO/NOx,2022-06-11 23:00:00+02:00,0.35468689906415507
2022,CO2/CO/NOx,2022-06-12 00:00:00+02:00,0.35605507184254626
2022,CO2/CO/NOx,2022-06-12 01:00:00+02:00,0.36486998780484836
2022,CO2/CO/NOx,2022-06-12 02:00:00+02:00,0.3787871346765111
2022,CO2/CO/NOx,2022-06-12 03:00:00+02:00,0.388597884757209
2022,CO2/CO/NOx,2022-06-12 04:00:00+02:00,0.39149615264936477
2022,CO2/CO/NOx,2022-06-12 05:00:00+02:00,0.38902832023220624
2022,CO2/CO/NOx,2022-06-12 06:00:00+02:00,0.38460495598712185
2022,CO2/CO/NOx,2022-06-12 07:00:00+02:00,0.37389044504817803
2022,CO2/CO/NOx,2022-06-12 08:00:00+02:00,0.3668047806574163
2022,CO2/CO/NOx,2022-06-12 09:00:00+02:00,0.3590144360904388
2022,CO2/CO/NOx,2022-06-12 10:00:00+02:00,0.3599733228454215
2022,CO2/CO/NOx,2022-06-12 11:00:00+02:00,0.36187358025210914
2022,CO2/CO/NOx,2022-06-12 12:00:00+02:00,0.361418159540254
2022,CO2/CO/NOx,2022-06-12 13:00:00+02:00,0.3651392623349343
2022,CO2/CO/NOx,2022-06-12 14:00:00+02:00,0.3683040091332977
2022,CO2/CO/NOx,2022-06-12 15:00:00+02:00,0.36985849976672663
2022,CO2/CO/NOx,2022-06-12 16:00:00+02:00,0.3687964834370747
2022,CO2/CO/NOx,2022-06-12 17:00:00+02:00,0.36742387677261135
2022,CO2/CO/NOx,2022-06-12 18:00:00+02:00,0.36692563231268605
2022,CO2/CO/NOx,2022-06-12 19:00:00+02:00,0.36146755675157555
2022,CO2/CO/NOx,2022-06-12 20:00:00+02:00,0.35108969899162834
2022,CO2/CO/NOx,2022-06-12 21:00:00+02:00,0.3394860103000268
2022,CO2/CO/NOx,2022-06-12 22:00:00+02:00,0.32853042923814324
2022,CO2/CO/NOx,2022-06-12 23:00:00+02:00,0.31782038365265997
2022,CO2/CO/NOx,2022-06-13 00:00:00+02:00,0.30250128430525464
2022,CO2/CO/NOx,2022-06-13 01:00:00+02:00,0.2993843682801655
2022,CO2/CO/NOx,2022-06-13 02:00:00+02:00,0.3059781180065394
2022,CO2/CO/NOx,2022-06-13 03:00:00+02:00,0.3214808344420626
2022,CO2/CO/NOx,2022-06-13 04:00:00+02:00,0.3392292860082281
2022,CO2/CO/NOx,2022-06-13 05:00:00+02:00,0.3558005147740995
2022,CO2/CO/NOx,2022-06-13 06:00:00+02:00,0.3705688475745899
2022,CO2/CO/NOx,2022-06-13 07:00:00+02:00,0.3789849377661288
2022,CO2/CO/NOx,2022-06-13 08:00:00+02:00,0.3777332019628494
2022,CO2/CO/NOx,2022-06-13 09:00:00+02:00,0.36756747858528266
2022,CO2/CO/NOx,2022-06-13 10:00:00+02:00,0.36424182878634925
2022,CO2/CO/NOx,2022-06-13 11:00:00+02:00,0.35898463567621525
2022,CO2/CO/NOx,2022-06-13 12:00:00+02:00,0.3557600010204501
2022,CO2/CO/NOx,2022-06-13 13:00:00+02:00,0.35670800857986196
2022,CO2/CO/NOx,2022-06-13 14:00:00+02:00,0.35709305362205934
2022,CO2/CO/NOx,2022-06-13 15:00:00+02:00,0.3583814551455938
2022,CO2/CO/NOx,2022-06-13 16:00:00+02:00,0.3587989726787944
2022,CO2/CO/NOx,2022-06-13 17:00:00+02:00,0.357808981287302
2022,CO2/CO/NOx,2022-06-13 18:00:00+02:00,0.3620628306637705
2022,CO2/CO/NOx,2022-06-13 19:00:00+02:00,0.35983352181609984
2022,CO2/CO/NOx,2022-06-13 20:00:00+02:00,0.3536835668256065
2022,CO2/CO/NOx,2022-06-13 21:00:00+02:00,0.34623423025897765
2022,CO2/CO/NOx,2022-06-13 22:00:00+02:00,0.33910736349656595
2022,CO2/CO/NOx,2022-06-13 23:00:00+02:00,0.33886146519345084
2022,CO2/CO/NOx,2022-06-14 00:00:00+02:00,0.3363477878363784
2022,CO2/CO/NOx,2022-06-14 01:00:00+02:00,0.3547250599010827
2022,CO2/CO/NOx,2022-06-14 02:00:00+02:00,0.3826013756292574
2022,CO2/CO/NOx,2022-06-14 03:00:00+02:00,0.42582472402644
2022,CO2/CO/NOx,2022-06-14 04:00:00+02:00,0.45802165875933226
2022,CO2/CO/NOx,2022-06-14 05:00:00+02:00,0.4790381746419888
2022,CO2/CO/NOx,2022-06-14 06:00:00+02:00,0.48118588067536905
2022,CO2/CO/NOx,2022-06-14 07:00:00+02:00,0.46811882953863476
2022,CO2/CO/NOx,2022-06-14 08:00:00+02:00,0.44679373404132955
2022,CO2/CO/NOx,2022-06-14 09:00:00+02:00,0.41861012691037597
2022,CO2/CO/NOx,2022-06-14 10:00:00+02:00,0.4068688170724394
2022,CO2/CO/NOx,2022-06-14 11:00:00+02:00,0.3969002021337654
2022,CO2/CO/NOx,2022-06-14 12:00:00+02:00,0.39726747759829917
2022,CO2/CO/NOx,2022-06-14 13:00:00+02:00,0.3969680059094728
2022,CO2/CO/NOx,2022-06-14 14:00:00+02:00,0.39211539036295695
2022,CO2/CO/NOx,2022-06-14 15:00:00+02:00,0.3850393213731965
2022,CO2/CO/NOx,2022-06-14 16:00:00+02:00,0.37557402436596105
2022,CO2/CO/NOx,2022-06-14 17:00:00+02:00,0.3665184556173342
2022,CO2/CO/NOx,2022-06-14 18:00:00+02:00,0.3668122638915918
2022,CO2/CO/NOx,2022-06-14 19:00:00+02:00,0.36582842262008025
2022,CO2/CO/NOx,2022-06-14 20:00:00+02:00,0.35966307046051266
2022,CO2/CO/NOx,2022-06-14 21:00:00+02:00,0.3518071376768714
2022,CO2/CO/NOx,2022-06-14 22:00:00+02:00,0.342987693894418
2022,CO2/CO/NOx,2022-06-14 23:00:00+02:00,0.3373177035195789
2022,CO2/CO/NOx,2022-06-15 00:00:00+02:00,0.33813158602851023
2022,CO2/CO/NOx,2022-06-15 01:00:00+02:00,0.35503146262059565
2022,CO2/CO/NOx,2022-06-15 02:00:00+02:00,0.3814255486370932
2022,CO2/CO/NOx,2022-06-15 03:00:00+02:00,0.41329087438738665
2022,CO2/CO/NOx,2022-06-15 04:00:00+02:00,0.4349820052165441
2022,CO2/CO/NOx,2022-06-15 05:00:00+02:00,0.4475359421126761
2022,CO2/CO/NOx,2022-06-15 06:00:00+02:00,0.4469802167501517
2022,CO2/CO/NOx,2022-06-15 07:00:00+02:00,0.43026771810381126
2022,CO2/CO/NOx,2022-06-15 08:00:00+02:00,0.4085285312481994
2022,CO2/CO/NOx,2022-06-15 09:00:00+02:00,0.3838766315502645
2022,CO2/CO/NOx,2022-06-15 10:00:00+02:00,0.3731792637018851
2022,CO2/CO/NOx,2022-06-15 11:00:00+02:00,0.3667333054928167
2022,CO2/CO/NOx,2022-06-15 12:00:00+02:00,0.3647851818635747
2022,CO2/CO/NOx,2022-06-15 13:00:00+02:00,0.3654674367069752
2022,CO2/CO/NOx,2022-06-15 14:00:00+02:00,0.370695498071918
2022,CO2/CO/NOx,2022-06-15 15:00:00+02:00,0.37566346044576826
2022,CO2/CO/NOx,2022-06-15 16:00:00+02:00,0.37571515678279566
2022,CO2/CO/NOx,2022-06-15 17:00:00+02:00,0.3740276073406281
2022,CO2/CO/NOx,2022-06-15 18:00:00+02:00,0.37325147372313544
2022,CO2/CO/NOx,2022-06-15 19:00:00+02:00,0.37100681900402255
2022,CO2/CO/NOx,2022-06-15 20:00:00+02:00,0.3630477343717377
2022,CO2/CO/NOx,2022-06-15 21:00:00+02:00,0.3507256691459805
2022,CO2/CO/NOx,2022-06-15 22:00:00+02:00,0.3366445789840834
2022,CO2/CO/NOx,2022-06-15 23:00:00+02:00,0.3236123080616968
2022,CO2/CO/NOx,2022-06-16 00:00:00+02:00,0.30925100922015525
2022,CO2/CO/NOx,2022-06-16 01:00:00+02:00,0.30354638908805254
2022,CO2/CO/NOx,2022-06-16 02:00:00+02:00,0.30803618971253444
2022,CO2/CO/NOx,2022-06-16 03:00:00+02:00,0.3192457426226077
2022,CO2/CO/NOx,2022-06-16 04:00:00+02:00,0.3326497067793835
2022,CO2/CO/NOx,2022-06-16 05:00:00+02:00,0.3441549707718394
2022,CO2/CO/NOx,2022-06-16 06:00:00+02:00,0.3539512494872574
2022,CO2/CO/NOx,2022-06-16 07:00:00+02:00,0.3595962911766978
2022,CO2/CO/NOx,2022-06-16 08:00:00+02:00,0.35967798895641484
2022,CO2/CO/NOx,2022-06-16 09:00:00+02:00,0.3538783746490271
2022,CO2/CO/NOx,2022-06-16 10:00:00+02:00,0.3533771096182781
2022,CO2/CO/NOx,2022-06-16 11:00:00+02:00,0.3531180592343881
2022,CO2/CO/NOx,2022-06-16 12:00:00+02:00,0.35033789448038727
2022,CO2/CO/NOx,2022-06-16 13:00:00+02:00,0.3496054616534903
2022,CO2/CO/NOx,2022-06-16 14:00:00+02:00,0.3508009516055302
2022,CO2/CO/NOx,2022-06-16 15:00:00+02:00,0.3524523778092257
2022,CO2/CO/NOx,2022-06-16 16:00:00+02:00,0.35227811661310926
2022,CO2/CO/NOx,2022-06-16 17:00:00+02:00,0.35173572150943194
2022,CO2/CO/NOx,2022-06-16 18:00:00+02:00,0.3549572806217586
2022,CO2/CO/NOx,2022-06-16 19:00:00+02:00,0.3533857172788235
2022,CO2/CO/NOx,2022-06-16 20:00:00+02:00,0.3486208098723339
2022,CO2/CO/NOx,2022-06-16 21:00:00+02:00,0.3416001834978861
2022,CO2/CO/NOx,2022-06-16 22:00:00+02:00,0.3337477117448053
2022,CO2/CO/NOx,2022-06-16 23:00:00+02:00,0.32650172554332796
2022,CO2/CO/NOx,2022-06-17 00:00:00+02:00,0.3155774824823757
2022,CO2/CO/NOx,2022-06-17 01:00:00+02:00,0.31396702078268074
2022,CO2/CO/NOx,2022-06-17 02:00:00+02:00,0.3257297324537961
2022,CO2/CO/NOx,2022-06-17 03:00:00+02:00,0.34529731095767785
2022,CO2/CO/NOx,2022-06-17 04:00:00+02:00,0.3654866946208171
2022,CO2/CO/NOx,2022-06-17 05:00:00+02:00,0.38486064989469504
2022,CO2/CO/NOx,2022-06-17 06:00:00+02:00,0.39871428714936547
2022,CO2/CO/NOx,2022-06-17 07:00:00+02:00,0.4012472353090909
2022,CO2/CO/NOx,2022-06-17 08:00:00+02:00,0.3932824517625545
2022,CO2/CO/NOx,2022-06-17 09:00:00+02:00,0.37599451350033936
2022,CO2/CO/NOx,2022-06-17 10:00:00+02:00,0.36269389082561426
2022,CO2/CO/NOx,2022-06-17 11:00:00+02:00,0.3550681422837783
2022,CO2/CO/NOx,2022-06-17 12:00:00+02:00,0.35055124012871575
2022,CO2/CO/NOx,2022-06-17 13:00:00+02:00,0.35346187768630416
2022,CO2/CO/NOx,2022-06-17 14:00:00+02:00,0.36094059000964807
2022,CO2/CO/NOx,2022-06-17 15:00:00+02:00,0.366333757236403
2022,CO2/CO/NOx,2022-06-17 16:00:00+02:00,0.36845453918305654
2022,CO2/CO/NOx,2022-06-17 17:00:00+02:00,0.36841712012844
2022,CO2/CO/NOx,2022-06-17 18:00:00+02:00,0.36917001625633605
2022,CO2/CO/NOx,2022-06-17 19:00:00+02:00,0.3631399112743088
2022,CO2/CO/NOx,2022-06-17 20:00:00+02:00,0.35526428213481065
2022,CO2/CO/NOx,2022-06-17 21:00:00+02:00,0.34738129533625584
2022,CO2/CO/NOx,2022-06-17 22:00:00+02:00,0.3401766077903585
2022,CO2/CO/NOx,2022-06-17 23:00:00+02:00,0.3324684229915436
2022,CO2/CO/NOx,2022-06-18 00:00:00+02:00,0.32039523164765993
2022,CO2/CO/NOx,2022-06-18 01:00:00+02:00,0.3182441944307288
2022,CO2/CO/NOx,2022-06-18 02:00:00+02:00,0.3246913148130096
2022,CO2/CO/NOx,2022-06-18 03:00:00+02:00,0.33149928228161063
2022,CO2/CO/NOx,2022-06-18 04:00:00+02:00,0.33945478737210394
2022,CO2/CO/NOx,2022-06-18 05:00:00+02:00,0.3477299253069542
2022,CO2/CO/NOx,2022-06-18 06:00:00+02:00,0.35571080855926923
2022,CO2/CO/NOx,2022-06-18 07:00:00+02:00,0.3593957017854362
2022,CO2/CO/NOx,2022-06-18 08:00:00+02:00,0.356688851042776
2022,CO2/CO/NOx,2022-06-18 09:00:00+02:00,0.35049793115400013
2022,CO2/CO/NOx,2022-06-18 10:00:00+02:00,0.3506614080107818
2022,CO2/CO/NOx,2022-06-18 11:00:00+02:00,0.35058929176580783
2022,CO2/CO/NOx,2022-06-18 12:00:00+02:00,0.34770341568442725
2022,CO2/CO/NOx,2022-06-18 13:00:00+02:00,0.3534516463959312
2022,CO2/CO/NOx,2022-06-18 14:00:00+02:00,0.35924045939821014
2022,CO2/CO/NOx,2022-06-18 15:00:00+02:00,0.36508519742317325
2022,CO2/CO/NOx,2022-06-18 16:00:00+02:00,0.367572259654115
2022,CO2/CO/NOx,2022-06-18 17:00:00+02:00,0.36646952393517745
2022,CO2/CO/NOx,2022-06-18 18:00:00+02:00,0.36454466353560655
2022,CO2/CO/NOx,2022-06-18 19:00:00+02:00,0.35743386687666906
2022,CO2/CO/NOx,2022-06-18 20:00:00+02:00,0.34658990102613646
2022,CO2/CO/NOx,2022-06-18 21:00:00+02:00,0.3369651127246626
2022,CO2/CO/NOx,2022-06-18 22:00:00+02:00,0.3308304145856055
2022,CO2/CO/NOx,2022-06-18 23:00:00+02:00,0.3253873924341573
2022,CO2/CO/NOx,2022-06-19 00:00:00+02:00,0.31903613461800884
2022,CO2/CO/NOx,2022-06-19 01:00:00+02:00,0.3171493883501772
2022,CO2/CO/NOx,2022-06-19 02:00:00+02:00,0.3158714663020552
2022,CO2/CO/NOx,2022-06-19 03:00:00+02:00,0.31804859742372527
2022,CO2/CO/NOx,2022-06-19 04:00:00+02:00,0.3222918713345041
2022,CO2/CO/NOx,2022-06-19 05:00:00+02:00,0.3302968988080405
2022,CO2/CO/NOx,2022-06-19 06:00:00+02:00,0.33852089124125206
2022,CO2/CO/NOx,2022-06-19 07:00:00+02:00,0.3459596777020963
2022,CO2/CO/NOx,2022-06-19 08:00:00+02:00,0.347613702152239
2022,CO2/CO/NOx,2022-06-19 09:00:00+02:00,0.34849607641741775
2022,CO2/CO/NOx,2022-06-19 10:00:00+02:00,0.3519714902526537
2022,CO2/CO/NOx,2022-06-19 11:00:00+02:00,0.3522433349870209
2022,CO2/CO/NOx,2022-06-19 12:00:00+02:00,0.35431988995247193
2022,CO2/CO/NOx,2022-06-19 13:00:00+02:00,0.35990734980968814
2022,CO2/CO/NOx,2022-06-19 14:00:00+02:00,0.3674546617527516
2022,CO2/CO/NOx,2022-06-19 15:00:00+02:00,0.3746913847596337
2022,CO2/CO/NOx,2022-06-19 16:00:00+02:00,0.3755198106294148
2022,CO2/CO/NOx,2022-06-19 17:00:00+02:00,0.3700112812202272
2022,CO2/CO/NOx,2022-06-19 18:00:00+02:00,0.3664301676423835
2022,CO2/CO/NOx,2022-06-19 19:00:00+02:00,0.3590271459612416
2022,CO2/CO/NOx,2022-06-19 20:00:00+02:00,0.3477247236110977
2022,CO2/CO/NOx,2022-06-19 21:00:00+02:00,0.33535249351242635
2022,CO2/CO/NOx,2022-06-19 22:00:00+02:00,0.3241722342337487
2022,CO2/CO/NOx,2022-06-19 23:00:00+02:00,0.3161804703518756
2022,CO2/CO/NOx,2022-06-20 00:00:00+02:00,0.3083310430330573
2022,CO2/CO/NOx,2022-06-20 01:00:00+02:00,0.30541764688533973
2022,CO2/CO/NOx,2022-06-20 02:00:00+02:00,0.30932436721553785
2022,CO2/CO/NOx,2022-06-20 03:00:00+02:00,0.31935047810446665
2022,CO2/CO/NOx,2022-06-20 04:00:00+02:00,0.33055837742220834
2022,CO2/CO/NOx,2022-06-20 05:00:00+02:00,0.3403202082045145
2022,CO2/CO/NOx,2022-06-20 06:00:00+02:00,0.35160930131055407
2022,CO2/CO/NOx,2022-06-20 07:00:00+02:00,0.3603738429725884
2022,CO2/CO/NOx,2022-06-20 08:00:00+02:00,0.36474332832368567
2022,CO2/CO/NOx,2022-06-20 09:00:00+02:00,0.36255243904789475
2022,CO2/CO/NOx,2022-06-20 10:00:00+02:00,0.36393933797156314
2022,CO2/CO/NOx,2022-06-20 11:00:00+02:00,0.36465140500501386
2022,CO2/CO/NOx,2022-06-20 12:00:00+02:00,0.36499635472664343
2022,CO2/CO/NOx,2022-06-20 13:00:00+02:00,0.36560191989347857
2022,CO2/CO/NOx,2022-06-20 14:00:00+02:00,0.36519184402985555
2022,CO2/CO/NOx,2022-06-20 15:00:00+02:00,0.3666291119919437
2022,CO2/CO/NOx,2022-06-20 16:00:00+02:00,0.36690914640790945
2022,CO2/CO/NOx,2022-06-20 17:00:00+02:00,0.36681709500798365
2022,CO2/CO/NOx,2022-06-20 18:00:00+02:00,0.3678155874108071
2022,CO2/CO/NOx,2022-06-20 19:00:00+02:00,0.3645267395927049
2022,CO2/CO/NOx,2022-06-20 20:00:00+02:00,0.3559020966770275
2022,CO2/CO/NOx,2022-06-20 21:00:00+02:00,0.34662162384172923
2022,CO2/CO/NOx,2022-06-20 22:00:00+02:00,0.33615293811880886
2022,CO2/CO/NOx,2022-06-20 23:00:00+02:00,0.3273305157207166
2022,CO2/CO/NOx,2022-06-21 00:00:00+02:00,0.3166737842308832
2022,CO2/CO/NOx,2022-06-21 01:00:00+02:00,0.3203252176688922
2022,CO2/CO/NOx,2022-06-21 02:00:00+02:00,0.33718931685767056
2022,CO2/CO/NOx,2022-06-21 03:00:00+02:00,0.3617791591116366
2022,CO2/CO/NOx,2022-06-21 04:00:00+02:00,0.38634449742475635
2022,CO2/CO/NOx,2022-06-21 05:00:00+02:00,0.4065061167441281
2022,CO2/CO/NOx,2022-06-21 06:00:00+02:00,0.4216597397558604
2022,CO2/CO/NOx,2022-06-21 07:00:00+02:00,0.42666223070483905
2022,CO2/CO/NOx,2022-06-21 08:00:00+02:00,0.419947076041203
2022,CO2/CO/NOx,2022-06-21 09:00:00+02:00,0.4013076114415644
2022,CO2/CO/NOx,2022-06-21 10:00:00+02:00,0.3838023714784993
2022,CO2/CO/NOx,2022-06-21 11:00:00+02:00,0.3742830169503106
2022,CO2/CO/NOx,2022-06-21 12:00:00+02:00,0.3673515591199146
2022,CO2/CO/NOx,2022-06-21 13:00:00+02:00,0.3665669674024275
2022,CO2/CO/NOx,2022-06-21 14:00:00+02:00,0.36805618003103524
2022,CO2/CO/NOx,2022-06-21 15:00:00+02:00,0.37158908845389377
2022,CO2/CO/NOx,2022-06-21 16:00:00+02:00,0.3757515297384041
2022,CO2/CO/NOx,2022-06-21 17:00:00+02:00,0.3767194911761607
2022,CO2/CO/NOx,2022-06-21 18:00:00+02:00,0.37777671040125554
2022,CO2/CO/NOx,2022-06-21 19:00:00+02:00,0.37102776889119915
2022,CO2/CO/NOx,2022-06-21 20:00:00+02:00,0.36608569315145084
2022,CO2/CO/NOx,2022-06-21 21:00:00+02:00,0.3552799597015223
2022,CO2/CO/NOx,2022-06-21 22:00:00+02:00,0.3439164538308581
2022,CO2/CO/NOx,2022-06-21 23:00:00+02:00,0.33161309214738477
2022,CO2/CO/NOx,2022-06-22 00:00:00+02:00,0.3156784033315799
2022,CO2/CO/NOx,2022-06-22 01:00:00+02:00,0.31003827352288227
2022,CO2/CO/NOx,2022-06-22 02:00:00+02:00,0.3111999452508811
2022,CO2/CO/NOx,2022-06-22 03:00:00+02:00,0.32259008632044606
2022,CO2/CO/NOx,2022-06-22 04:00:00+02:00,0.33617272316828695
2022,CO2/CO/NOx,2022-06-22 05:00:00+02:00,0.3503473067597486
2022,CO2/CO/NOx,2022-06-22 06:00:00+02:00,0.3624250058603371
2022,CO2/CO/NOx,2022-06-22 07:00:00+02:00,0.3694048181329245
2022,CO2/CO/NOx,2022-06-22 08:00:00+02:00,0.36834259499348676
2022,CO2/CO/NOx,2022-06-22 09:00:00+02:00,0.3597483835341041
2022,CO2/CO/NOx,2022-06-22 10:00:00+02:00,0.35550135887923306
2022,CO2/CO/NOx,2022-06-22 11:00:00+02:00,0.3506666497162384
2022,CO2/CO/NOx,2022-06-22 12:00:00+02:00,0.348906028564751
2022,CO2/CO/NOx,2022-06-22 13:00:00+02:00,0.3496811501015747
2022,CO2/CO/NOx,2022-06-22 14:00:00+02:00,0.35118592143796323
2022,CO2/CO/NOx,2022-06-22 15:00:00+02:00,0.3525232794469646
2022,CO2/CO/NOx,2022-06-22 16:00:00+02:00,0.35168856677395066
2022,CO2/CO/NOx,2022-06-22 17:00:00+02:00,0.3499889578999437
2022,CO2/CO/NOx,2022-06-22 18:00:00+02:00,0.35138423765349175
2022,CO2/CO/NOx,2022-06-22 19:00:00+02:00,0.3486326363045322
2022,CO2/CO/NOx,2022-06-22 20:00:00+02:00,0.34414408758708837
2022,CO2/CO/NOx,2022-06-22 21:00:00+02:00,0.33690337438084095
2022,CO2/CO/NOx,2022-06-22 22:00:00+02:00,0.32895545459381037
2022,CO2/CO/NOx,2022-06-22 23:00:00+02:00,0.32108362164190146
2022,CO2/CO/NOx,2022-06-23 00:00:00+02:00,0.30954942069404195
2022,CO2/CO/NOx,2022-06-23 01:00:00+02:00,0.30545541241206
2022,CO2/CO/NOx,2022-06-23 02:00:00+02:00,0.309633608145029
2022,CO2/CO/NOx,2022-06-23 03:00:00+02:00,0.3212427434217051
2022,CO2/CO/NOx,2022-06-23 04:00:00+02:00,0.33357513324032684
2022,CO2/CO/NOx,2022-06-23 05:00:00+02:00,0.34651717790456943
2022,CO2/CO/NOx,2022-06-23 06:00:00+02:00,0.35723463805692013
2022,CO2/CO/NOx,2022-06-23 07:00:00+02:00,0.36385969461630263
2022,CO2/CO/NOx,2022-06-23 08:00:00+02:00,0.36447738608464036
2022,CO2/CO/NOx,2022-06-23 09:00:00+02:00,0.3574829060198832
2022,CO2/CO/NOx,2022-06-23 10:00:00+02:00,0.35287085919342676
2022,CO2/CO/NOx,2022-06-23 11:00:00+02:00,0.3494887228955741
2022,CO2/CO/NOx,2022-06-23 12:00:00+02:00,0.3469573247031862
2022,CO2/CO/NOx,2022-06-23 13:00:00+02:00,0.34643840108255647
2022,CO2/CO/NOx,2022-06-23 14:00:00+02:00,0.3465096655878634
2022,CO2/CO/NOx,2022-06-23 15:00:00+02:00,0.3481774580121262
2022,CO2/CO/NOx,2022-06-23 16:00:00+02:00,0.34965568742038505
2022,CO2/CO/NOx,2022-06-23 17:00:00+02:00,0.35130433145384626
2022,CO2/CO/NOx,2022-06-23 18:00:00+02:00,0.3558260456079587
2022,CO2/CO/NOx,2022-06-23 19:00:00+02:00,0.35457155748942853
2022,CO2/CO/NOx,2022-06-23 20:00:00+02:00,0.34907995166811756
2022,CO2/CO/NOx,2022-06-23 21:00:00+02:00,0.3414054502864958
2022,CO2/CO/NOx,2022-06-23 22:00:00+02:00,0.33269456397463915
2022,CO2/CO/NOx,2022-06-23 23:00:00+02:00,0.3236565747094251
2022,CO2/CO/NOx,2022-06-24 00:00:00+02:00,0.3134965670527756
2022,CO2/CO/NOx,2022-06-24 01:00:00+02:00,0.3125121972340194
2022,CO2/CO/NOx,2022-06-24 02:00:00+02:00,0.31992398420729307
2022,CO2/CO/NOx,2022-06-24 03:00:00+02:00,0.33463585108638516
2022,CO2/CO/NOx,2022-06-24 04:00:00+02:00,0.34766560958030873
2022,CO2/CO/NOx,2022-06-24 05:00:00+02:00,0.36125205809512045
2022,CO2/CO/NOx,2022-06-24 06:00:00+02:00,0.37245652338943414
2022,CO2/CO/NOx,2022-06-24 07:00:00+02:00,0.37689809137428165
2022,CO2/CO/NOx,2022-06-24 08:00:00+02:00,0.3730215300423208
2022,CO2/CO/NOx,2022-06-24 09:00:00+02:00,0.36342873713378304
2022,CO2/CO/NOx,2022-06-24 10:00:00+02:00,0.35793488078286717
2022,CO2/CO/NOx,2022-06-24 11:00:00+02:00,0.3526921850496099
2022,CO2/CO/NOx,2022-06-24 12:00:00+02:00,0.34772572009645125
2022,CO2/CO/NOx,2022-06-24 13:00:00+02:00,0.34979191270688836
2022,CO2/CO/NOx,2022-06-24 14:00:00+02:00,0.35513244467295435
2022,CO2/CO/NOx,2022-06-24 15:00:00+02:00,0.3609993731533166
2022,CO2/CO/NOx,2022-06-24 16:00:00+02:00,0.3617465817864526
2022,CO2/CO/NOx,2022-06-24 17:00:00+02:00,0.36084720775835327
2022,CO2/CO/NOx,2022-06-24 18:00:00+02:00,0.36922125216862933
2022,CO2/CO/NOx,2022-06-24 19:00:00+02:00,0.37551686503243126
2022,CO2/CO/NOx,2022-06-24 20:00:00+02:00,0.3794454224842598
2022,CO2/CO/NOx,2022-06-24 21:00:00+02:00,0.38359321388006723
2022,CO2/CO/NOx,2022-06-24 22:00:00+02:00,0.38861960346091007
2022,CO2/CO/NOx,2022-06-24 23:00:00+02:00,0.3879817778533098
2022,CO2/CO/NOx,2022-06-25 00:00:00+02:00,0.38412232312898664
2022,CO2/CO/NOx,2022-06-25 01:00:00+02:00,0.3792199694209544
2022,CO2/CO/NOx,2022-06-25 02:00:00+02:00,0.37808363640575104
2022,CO2/CO/NOx,2022-06-25 03:00:00+02:00,0.38386945892890206
2022,CO2/CO/NOx,2022-06-25 04:00:00+02:00,0.3863288055375666
2022,CO2/CO/NOx,2022-06-25 05:00:00+02:00,0.3950508466237225
2022,CO2/CO/NOx,2022-06-25 06:00:00+02:00,0.4040730933695951
2022,CO2/CO/NOx,2022-06-25 07:00:00+02:00,0.4074120027773436
2022,CO2/CO/NOx,2022-06-25 08:00:00+02:00,0.4049976362041506
2022,CO2/CO/NOx,2022-06-25 09:00:00+02:00,0.3991257311399444
2022,CO2/CO/NOx,2022-06-25 10:00:00+02:00,0.3936554230383681
2022,CO2/CO/NOx,2022-06-25 11:00:00+02:00,0.38630668621585906
2022,CO2/CO/NOx,2022-06-25 12:00:00+02:00,0.3779372686892459
2022,CO2/CO/NOx,2022-06-25 13:00:00+02:00,0.37290671603251085
2022,CO2/CO/NOx,2022-06-25 14:00:00+02:00,0.37470457561643844
2022,CO2/CO/NOx,2022-06-25 15:00:00+02:00,0.37640863388326923
2022,CO2/CO/NOx,2022-06-25 16:00:00+02:00,0.37461898087871787
2022,CO2/CO/NOx,2022-06-25 17:00:00+02:00,0.37353422315245344
2022,CO2/CO/NOx,2022-06-25 18:00:00+02:00,0.3768871352763515
2022,CO2/CO/NOx,2022-06-25 19:00:00+02:00,0.3774547746873748
2022,CO2/CO/NOx,2022-06-25 20:00:00+02:00,0.3739024197245508
2022,CO2/CO/NOx,2022-06-25 21:00:00+02:00,0.3682891238248936
2022,CO2/CO/NOx,2022-06-25 22:00:00+02:00,0.36129505001340056
2022,CO2/CO/NOx,2022-06-25 23:00:00+02:00,0.35460286746320996
2022,CO2/CO/NOx,2022-06-26 00:00:00+02:00,0.34499431800180214
2022,CO2/CO/NOx,2022-06-26 01:00:00+02:00,0.3376463691443263
2022,CO2/CO/NOx,2022-06-26 02:00:00+02:00,0.3364483503308823
2022,CO2/CO/NOx,2022-06-26 03:00:00+02:00,0.34069214146938415
2022,CO2/CO/NOx,2022-06-26 04:00:00+02:00,0.3441412367572386
2022,CO2/CO/NOx,2022-06-26 05:00:00+02:00,0.3455159110243251
2022,CO2/CO/NOx,2022-06-26 06:00:00+02:00,0.3477139889266999
2022,CO2/CO/NOx,2022-06-26 07:00:00+02:00,0.34996106534659904
2022,CO2/CO/NOx,2022-06-26 08:00:00+02:00,0.35222073958704686
2022,CO2/CO/NOx,2022-06-26 09:00:00+02:00,0.3505386502645538
2022,CO2/CO/NOx,2022-06-26 10:00:00+02:00,0.3521741228007009
2022,CO2/CO/NOx,2022-06-26 11:00:00+02:00,0.35294061553606315
2022,CO2/CO/NOx,2022-06-26 12:00:00+02:00,0.3522513636426691
2022,CO2/CO/NOx,2022-06-26 13:00:00+02:00,0.3520334311401916
2022,CO2/CO/NOx,2022-06-26 14:00:00+02:00,0.3516246068330226
2022,CO2/CO/NOx,2022-06-26 15:00:00+02:00,0.35279910012592874
2022,CO2/CO/NOx,2022-06-26 16:00:00+02:00,0.3534844484694041
2022,CO2/CO/NOx,2022-06-26 17:00:00+02:00,0.3535928442696649
2022,CO2/CO/NOx,2022-06-26 18:00:00+02:00,0.3547758552985612
2022,CO2/CO/NOx,2022-06-26 19:00:00+02:00,0.3535945672240048
2022,CO2/CO/NOx,2022-06-26 20:00:00+02:00,0.34860656539709806
2022,CO2/CO/NOx,2022-06-26 21:00:00+02:00,0.34172222874752867
2022,CO2/CO/NOx,2022-06-26 22:00:00+02:00,0.33331396495086973
2022,CO2/CO/NOx,2022-06-26 23:00:00+02:00,0.32581473687300366
2022,CO2/CO/NOx,2022-06-27 00:00:00+02:00,0.3158300882368557
2022,CO2/CO/NOx,2022-06-27 01:00:00+02:00,0.31250360470016575
2022,CO2/CO/NOx,2022-06-27 02:00:00+02:00,0.3163072364805549
2022,CO2/CO/NOx,2022-06-27 03:00:00+02:00,0.32818905655081143
2022,CO2/CO/NOx,2022-06-27 04:00:00+02:00,0.3420185446457536
2022,CO2/CO/NOx,2022-06-27 05:00:00+02:00,0.35536535581880846
2022,CO2/CO/NOx,2022-06-27 06:00:00+02:00,0.3672097054593897
2022,CO2/CO/NOx,2022-06-27 07:00:00+02:00,0.3729254768313175
2022,CO2/CO/NOx,2022-06-27 08:00:00+02:00,0.3711065153877828
2022,CO2/CO/NOx,2022-06-27 09:00:00+02:00,0.3622621330539105
2022,CO2/CO/NOx,2022-06-27 10:00:00+02:00,0.3558256485407459
2022,CO2/CO/NOx,2022-06-27 11:00:00+02:00,0.3495886045906123
2022,CO2/CO/NOx,2022-06-27 12:00:00+02:00,0.3447097791382198
2022,CO2/CO/NOx,2022-06-27 13:00:00+02:00,0.3428336954113292
2022,CO2/CO/NOx,2022-06-27 14:00:00+02:00,0.3438989800010113
2022,CO2/CO/NOx,2022-06-27 15:00:00+02:00,0.3467818733420267
2022,CO2/CO/NOx,2022-06-27 16:00:00+02:00,0.3483035716002826
2022,CO2/CO/NOx,2022-06-27 17:00:00+02:00,0.3500193796313416
2022,CO2/CO/NOx,2022-06-27 18:00:00+02:00,0.3558496401965894
2022,CO2/CO/NOx,2022-06-27 19:00:00+02:00,0.35608035902107105
2022,CO2/CO/NOx,2022-06-27 20:00:00+02:00,0.35308991972157305
2022,CO2/CO/NOx,2022-06-27 21:00:00+02:00,0.34722782684589476
2022,CO2/CO/NOx,2022-06-27 22:00:00+02:00,0.34032956072200293
2022,CO2/CO/NOx,2022-06-27 23:00:00+02:00,0.33399174027745804
2022,CO2/CO/NOx,2022-06-28 00:00:00+02:00,0.323595094855073
2022,CO2/CO/NOx,2022-06-28 01:00:00+02:00,0.3221164474888573
2022,CO2/CO/NOx,2022-06-28 02:00:00+02:00,0.33175187548657187
2022,CO2/CO/NOx,2022-06-28 03:00:00+02:00,0.3460688047373478
2022,CO2/CO/NOx,2022-06-28 04:00:00+02:00,0.35618528804469923
2022,CO2/CO/NOx,2022-06-28 05:00:00+02:00,0.3653730519549562
2022,CO2/CO/NOx,2022-06-28 06:00:00+02:00,0.37420036323475925
2022,CO2/CO/NOx,2022-06-28 07:00:00+02:00,0.3781427439743603
2022,CO2/CO/NOx,2022-06-28 08:00:00+02:00,0.3765817162048226
2022,CO2/CO/NOx,2022-06-28 09:00:00+02:00,0.367622822082604
2022,CO2/CO/NOx,2022-06-28 10:00:00+02:00,0.36474924384954943
2022,CO2/CO/NOx,2022-06-28 11:00:00+02:00,0.3626011163748513
2022,CO2/CO/NOx,2022-06-28 12:00:00+02:00,0.35876294617543286
2022,CO2/CO/NOx,2022-06-28 13:00:00+02:00,0.356998048149539
2022,CO2/CO/NOx,2022-06-28 14:00:00+02:00,0.35569106810861173
2022,CO2/CO/NOx,2022-06-28 15:00:00+02:00,0.35867217871294627
2022,CO2/CO/NOx,2022-06-28 16:00:00+02:00,0.36022238224997705
2022,CO2/CO/NOx,2022-06-28 17:00:00+02:00,0.36286992913214633
2022,CO2/CO/NOx,2022-06-28 18:00:00+02:00,0.3688410591632815
2022,CO2/CO/NOx,2022-06-28 19:00:00+02:00,0.3682822047748772
2022,CO2/CO/NOx,2022-06-28 20:00:00+02:00,0.3610222099380229
2022,CO2/CO/NOx,2022-06-28 21:00:00+02:00,0.3503186608222541
2022,CO2/CO/NOx,2022-06-28 22:00:00+02:00,0.3381034628893272
2022,CO2/CO/NOx,2022-06-28 23:00:00+02:00,0.32512621156005694
2022,CO2/CO/NOx,2022-06-29 00:00:00+02:00,0.31076927479784267
2022,CO2/CO/NOx,2022-06-29 01:00:00+02:00,0.30442326112828816
2022,CO2/CO/NOx,2022-06-29 02:00:00+02:00,0.30988859583112244
2022,CO2/CO/NOx,2022-06-29 03:00:00+02:00,0.325282552018833
2022,CO2/CO/NOx,2022-06-29 04:00:00+02:00,0.3401591009395777
2022,CO2/CO/NOx,2022-06-29 05:00:00+02:00,0.35507261598455514
2022,CO2/CO/NOx,2022-06-29 06:00:00+02:00,0.36955301550493747
2022,CO2/CO/NOx,2022-06-29 07:00:00+02:00,0.378798076119919
2022,CO2/CO/NOx,2022-06-29 08:00:00+02:00,0.38134676392989264
2022,CO2/CO/NOx,2022-06-29 09:00:00+02:00,0.3743463990993293
2022,CO2/CO/NOx,2022-06-29 10:00:00+02:00,0.36881621591174535
2022,CO2/CO/NOx,2022-06-29 11:00:00+02:00,0.36331167785607216
2022,CO2/CO/NOx,2022-06-29 12:00:00+02:00,0.3575472890168293
2022,CO2/CO/NOx,2022-06-29 13:00:00+02:00,0.3537595600653655
2022,CO2/CO/NOx,2022-06-29 14:00:00+02:00,0.35218927093970764
2022,CO2/CO/NOx,2022-06-29 15:00:00+02:00,0.35336115873667295
2022,CO2/CO/NOx,2022-06-29 16:00:00+02:00,0.3535937248663632
2022,CO2/CO/NOx,2022-06-29 17:00:00+02:00,0.35478252545821426
2022,CO2/CO/NOx,2022-06-29 18:00:00+02:00,0.35926844505073385
2022,CO2/CO/NOx,2022-06-29 19:00:00+02:00,0.35987203090516356
2022,CO2/CO/NOx,2022-06-29 20:00:00+02:00,0.35598418171998386
2022,CO2/CO/NOx,2022-06-29 21:00:00+02:00,0.34889674923829816
2022,CO2/CO/NOx,2022-06-29 22:00:00+02:00,0.3395580030482483
2022,CO2/CO/NOx,2022-06-29 23:00:00+02:00,0.33059694767486825
2022,CO2/CO/NOx,2022-06-30 00:00:00+02:00,0.3175527454288065
2022,CO2/CO/NOx,2022-06-30 01:00:00+02:00,0.31115720297094374
2022,CO2/CO/NOx,2022-06-30 02:00:00+02:00,0.31419833877566594
2022,CO2/CO/NOx,2022-06-30 03:00:00+02:00,0.32525720225591404
2022,CO2/CO/NOx,2022-06-30 04:00:00+02:00,0.33544437636533886
2022,CO2/CO/NOx,2022-06-30 05:00:00+02:00,0.34576524827350713
2022,CO2/CO/NOx,2022-06-30 06:00:00+02:00,0.35589184710353394
2022,CO2/CO/NOx,2022-06-30 07:00:00+02:00,0.3620382045136255
2022,CO2/CO/NOx,2022-06-30 08:00:00+02:00,0.3634113857514107
2022,CO2/CO/NOx,2022-06-30 09:00:00+02:00,0.3574445199383989
2022,CO2/CO/NOx,2022-06-30 10:00:00+02:00,0.35471134343050464
2022,CO2/CO/NOx,2022-06-30 11:00:00+02:00,0.352876291393931
2022,CO2/CO/NOx,2022-06-30 12:00:00+02:00,0.35065505158885385
2022,CO2/CO/NOx,2022-06-30 13:00:00+02:00,0.34929936512289533
2022,CO2/CO/NOx,2022-06-30 14:00:00+02:00,0.35007100134755836
2022,CO2/CO/NOx,2022-06-30 15:00:00+02:00,0.3523007376103089
2022,CO2/CO/NOx,2022-06-30 16:00:00+02:00,0.35308129138392236
2022,CO2/CO/NOx,2022-06-30 17:00:00+02:00,0.3533613911616792
2022,CO2/CO/NOx,2022-06-30 18:00:00+02:00,0.3566587276690187
2022,CO2/CO/NOx,2022-06-30 19:00:00+02:00,0.3556797203075195
2022,CO2/CO/NOx,2022-06-30 20:00:00+02:00,0.3500749182624712
2022,CO2/CO/NOx,2022-06-30 21:00:00+02:00,0.3425380936880012
2022,CO2/CO/NOx,2022-06-30 22:00:00+02:00,0.33493840082658394
2022,CO2/CO/NOx,2022-06-30 23:00:00+02:00,0.3276472724850205
2022,CO2/CO/NOx,2022-07-01 00:00:00+02:00,0.3158288427166834
2022,CO2/CO/NOx,2022-07-01 01:00:00+02:00,0.30926458845873395
2022,CO2/CO/NOx,2022-07-01 02:00:00+02:00,0.31103790897515005
2022,CO2/CO/NOx,2022-07-01 03:00:00+02:00,0.32266757688150033
2022,CO2/CO/NOx,2022-07-01 04:00:00+02:00,0.33429025400434004
2022,CO2/CO/NOx,2022-07-01 05:00:00+02:00,0.3444501885606839
2022,CO2/CO/NOx,2022-07-01 06:00:00+02:00,0.35730381550746765
2022,CO2/CO/NOx,2022-07-01 07:00:00+02:00,0.3710216194955419
2022,CO2/CO/NOx,2022-07-01 08:00:00+02:00,0.37907460457611786
2022,CO2/CO/NOx,2022-07-01 09:00:00+02:00,0.3821602782166281
2022,CO2/CO/NOx,2022-07-01 10:00:00+02:00,0.3905062302355322
2022,CO2/CO/NOx,2022-07-01 11:00:00+02:00,0.40131485090008556
2022,CO2/CO/NOx,2022-07-01 12:00:00+02:00,0.41212918166676943
2022,CO2/CO/NOx,2022-07-01 13:00:00+02:00,0.4217746468759327
2022,CO2/CO/NOx,2022-07-01 14:00:00+02:00,0.427822055141147
2022,CO2/CO/NOx,2022-07-01 15:00:00+02:00,0.43506606196488373
2022,CO2/CO/NOx,2022-07-01 16:00:00+02:00,0.4388976273467077
2022,CO2/CO/NOx,2022-07-01 17:00:00+02:00,0.43468304476225184
2022,CO2/CO/NOx,2022-07-01 18:00:00+02:00,0.43920614393559226
2022,CO2/CO/NOx,2022-07-01 19:00:00+02:00,0.43698458205195145
2022,CO2/CO/NOx,2022-07-01 20:00:00+02:00,0.4469343592420087
2022,CO2/CO/NOx,2022-07-01 21:00:00+02:00,0.46162168709126067
2022,CO2/CO/NOx,2022-07-01 22:00:00+02:00,0.4820797333550721
2022,CO2/CO/NOx,2022-07-01 23:00:00+02:00,0.505166752158146
2022,CO2/CO/NOx,2022-07-02 00:00:00+02:00,0.5316534004353873
2022,CO2/CO/NOx,2022-07-02 01:00:00+02:00,0.5687374168366404
2022,CO2/CO/NOx,2022-07-02 02:00:00+02:00,0.5998769747976146
2022,CO2/CO/NOx,2022-07-02 03:00:00+02:00,0.6313537995255686
2022,CO2/CO/NOx,2022-07-02 04:00:00+02:00,0.653277636890942
2022,CO2/CO/NOx,2022-07-02 05:00:00+02:00,0.6670327331518032
2022,CO2/CO/NOx,2022-07-02 06:00:00+02:00,0.6587001890933248
2022,CO2/CO/NOx,2022-07-02 07:00:00+02:00,0.6369467540044147
2022,CO2/CO/NOx,2022-07-02 08:00:00+02:00,0.6024077199446034
2022,CO2/CO/NOx,2022-07-02 09:00:00+02:00,0.5640813315802504
2022,CO2/CO/NOx,2022-07-02 10:00:00+02:00,0.5247954994401898
2022,CO2/CO/NOx,2022-07-02 11:00:00+02:00,0.4940400886908985
2022,CO2/CO/NOx,2022-07-02 12:00:00+02:00,0.4843961016541217
2022,CO2/CO/NOx,2022-07-02 13:00:00+02:00,0.49536382749123664
2022,CO2/CO/NOx,2022-07-02 14:00:00+02:00,0.5031597300932389
2022,CO2/CO/NOx,2022-07-02 15:00:00+02:00,0.5077678746364981
2022,CO2/CO/NOx,2022-07-02 16:00:00+02:00,0.5085702297003375
2022,CO2/CO/NOx,2022-07-02 17:00:00+02:00,0.4979252411952402
2022,CO2/CO/NOx,2022-07-02 18:00:00+02:00,0.4798732701311101
2022,CO2/CO/NOx,2022-07-02 19:00:00+02:00,0.44499619474577834
2022,CO2/CO/NOx,2022-07-02 20:00:00+02:00,0.418946222912489
2022,CO2/CO/NOx,2022-07-02 21:00:00+02:00,0.4013787916225572
2022,CO2/CO/NOx,2022-07-02 22:00:00+02:00,0.39134121330258986
2022,CO2/CO/NOx,2022-07-02 23:00:00+02:00,0.38800894372555
2022,CO2/CO/NOx,2022-07-03 00:00:00+02:00,0.387006786081974
2022,CO2/CO/NOx,2022-07-03 01:00:00+02:00,0.39731881800324886
2022,CO2/CO/NOx,2022-07-03 02:00:00+02:00,0.41678487179942375
2022,CO2/CO/NOx,2022-07-03 03:00:00+02:00,0.43166470987512096
2022,CO2/CO/NOx,2022-07-03 04:00:00+02:00,0.4374453471116773
2022,CO2/CO/NOx,2022-07-03 05:00:00+02:00,0.43235668211233635
2022,CO2/CO/NOx,2022-07-03 06:00:00+02:00,0.41782961705641264
2022,CO2/CO/NOx,2022-07-03 07:00:00+02:00,0.3978428808547678
2022,CO2/CO/NOx,2022-07-03 08:00:00+02:00,0.37933993720473935
2022,CO2/CO/NOx,2022-07-03 09:00:00+02:00,0.36421950188075386
2022,CO2/CO/NOx,2022-07-03 10:00:00+02:00,0.36384504505478493
2022,CO2/CO/NOx,2022-07-03 11:00:00+02:00,0.37031959355827376
2022,CO2/CO/NOx,2022-07-03 12:00:00+02:00,0.371440156861431
2022,CO2/CO/NOx,2022-07-03 13:00:00+02:00,0.3755576773162991
2022,CO2/CO/NOx,2022-07-03 14:00:00+02:00,0.37764445482940456
2022,CO2/CO/NOx,2022-07-03 15:00:00+02:00,0.37700355995912643
2022,CO2/CO/NOx,2022-07-03 16:00:00+02:00,0.3732631234359196
2022,CO2/CO/NOx,2022-07-03 17:00:00+02:00,0.3684528873391224
2022,CO2/CO/NOx,2022-07-03 18:00:00+02:00,0.365826705007656
2022,CO2/CO/NOx,2022-07-03 19:00:00+02:00,0.35923863031333403
2022,CO2/CO/NOx,2022-07-03 20:00:00+02:00,0.35000106727302815
2022,CO2/CO/NOx,2022-07-03 21:00:00+02:00,0.33837043723080124
2022,CO2/CO/NOx,2022-07-03 22:00:00+02:00,0.3282303931846889
2022,CO2/CO/NOx,2022-07-03 23:00:00+02:00,0.3196412557424076
2022,CO2/CO/NOx,2022-07-04 00:00:00+02:00,0.30660292646398646
2022,CO2/CO/NOx,2022-07-04 01:00:00+02:00,0.3019707619290036
2022,CO2/CO/NOx,2022-07-04 02:00:00+02:00,0.3032755554656175
2022,CO2/CO/NOx,2022-07-04 03:00:00+02:00,0.31333129788392666
2022,CO2/CO/NOx,2022-07-04 04:00:00+02:00,0.3260572384522952
2022,CO2/CO/NOx,2022-07-04 05:00:00+02:00,0.3423057472858799
2022,CO2/CO/NOx,2022-07-04 06:00:00+02:00,0.35742720907745285
2022,CO2/CO/NOx,2022-07-04 07:00:00+02:00,0.36751395457750274
2022,CO2/CO/NOx,2022-07-04 08:00:00+02:00,0.3694978322408614
2022,CO2/CO/NOx,2022-07-04 09:00:00+02:00,0.36270321833799496
2022,CO2/CO/NOx,2022-07-04 10:00:00+02:00,0.3588390111288142
2022,CO2/CO/NOx,2022-07-04 11:00:00+02:00,0.35175903547731513
2022,CO2/CO/NOx,2022-07-04 12:00:00+02:00,0.34494077352546176
2022,CO2/CO/NOx,2022-07-04 13:00:00+02:00,0.34538995844033527
2022,CO2/CO/NOx,2022-07-04 14:00:00+02:00,0.3488061497859645
2022,CO2/CO/NOx,2022-07-04 15:00:00+02:00,0.3512296220800832
2022,CO2/CO/NOx,2022-07-04 16:00:00+02:00,0.3519606601311923
2022,CO2/CO/NOx,2022-07-04 17:00:00+02:00,0.3529660360047293
2022,CO2/CO/NOx,2022-07-04 18:00:00+02:00,0.3579209476846177
2022,CO2/CO/NOx,2022-07-04 19:00:00+02:00,0.3576065700061898
2022,CO2/CO/NOx,2022-07-04 20:00:00+02:00,0.35381277532218386
2022,CO2/CO/NOx,2022-07-04 21:00:00+02:00,0.347238953895803
2022,CO2/CO/NOx,2022-07-04 22:00:00+02:00,0.34297312834529775
2022,CO2/CO/NOx,2022-07-04 23:00:00+02:00,0.33682256577968156
2022,CO2/CO/NOx,2022-07-05 00:00:00+02:00,0.3242014635846954
2022,CO2/CO/NOx,2022-07-05 01:00:00+02:00,0.32127307440357294
2022,CO2/CO/NOx,2022-07-05 02:00:00+02:00,0.32866924706131545
2022,CO2/CO/NOx,2022-07-05 03:00:00+02:00,0.3437425459354737
2022,CO2/CO/NOx,2022-07-05 04:00:00+02:00,0.3552315159090521
2022,CO2/CO/NOx,2022-07-05 05:00:00+02:00,0.3653169968201853
2022,CO2/CO/NOx,2022-07-05 06:00:00+02:00,0.3749846600570868
2022,CO2/CO/NOx,2022-07-05 07:00:00+02:00,0.37857237649722447
2022,CO2/CO/NOx,2022-07-05 08:00:00+02:00,0.3754612495206258
2022,CO2/CO/NOx,2022-07-05 09:00:00+02:00,0.364824644351182
2022,CO2/CO/NOx,2022-07-05 10:00:00+02:00,0.36008163228549295
2022,CO2/CO/NOx,2022-07-05 11:00:00+02:00,0.3574735614535994
2022,CO2/CO/NOx,2022-07-05 12:00:00+02:00,0.35534762033940487
2022,CO2/CO/NOx,2022-07-05 13:00:00+02:00,0.35397490581350727
2022,CO2/CO/NOx,2022-07-05 14:00:00+02:00,0.35366035008264635
2022,CO2/CO/NOx,2022-07-05 15:00:00+02:00,0.35538559441040635
2022,CO2/CO/NOx,2022-07-05 16:00:00+02:00,0.3556584014474183
2022,CO2/CO/NOx,2022-07-05 17:00:00+02:00,0.35614423624796565
2022,CO2/CO/NOx,2022-07-05 18:00:00+02:00,0.35963779164929277
2022,CO2/CO/NOx,2022-07-05 19:00:00+02:00,0.3583685368328407
2022,CO2/CO/NOx,2022-07-05 20:00:00+02:00,0.35487071658411967
2022,CO2/CO/NOx,2022-07-05 21:00:00+02:00,0.34681196188659225
2022,CO2/CO/NOx,2022-07-05 22:00:00+02:00,0.3373870710572185
2022,CO2/CO/NOx,2022-07-05 23:00:00+02:00,0.32644814946790957
2022,CO2/CO/NOx,2022-07-06 00:00:00+02:00,0.30981746716231257
2022,CO2/CO/NOx,2022-07-06 01:00:00+02:00,0.30339709646794377
2022,CO2/CO/NOx,2022-07-06 02:00:00+02:00,0.30745901763778466
2022,CO2/CO/NOx,2022-07-06 03:00:00+02:00,0.3199826227281441
2022,CO2/CO/NOx,2022-07-06 04:00:00+02:00,0.3331468572853755
2022,CO2/CO/NOx,2022-07-06 05:00:00+02:00,0.3485978271925824
2022,CO2/CO/NOx,2022-07-06 06:00:00+02:00,0.3620857698100871
2022,CO2/CO/NOx,2022-07-06 07:00:00+02:00,0.3707643998959494
2022,CO2/CO/NOx,2022-07-06 08:00:00+02:00,0.3715134898808565
2022,CO2/CO/NOx,2022-07-06 09:00:00+02:00,0.36337207661397786
2022,CO2/CO/NOx,2022-07-06 10:00:00+02:00,0.35993940140111735
2022,CO2/CO/NOx,2022-07-06 11:00:00+02:00,0.3569389665037805
2022,CO2/CO/NOx,2022-07-06 12:00:00+02:00,0.35314147329562673
2022,CO2/CO/NOx,2022-07-06 13:00:00+02:00,0.35197857382836056
2022,CO2/CO/NOx,2022-07-06 14:00:00+02:00,0.3549937454943525
2022,CO2/CO/NOx,2022-07-06 15:00:00+02:00,0.35833876828687666
2022,CO2/CO/NOx,2022-07-06 16:00:00+02:00,0.35992327201897867
2022,CO2/CO/NOx,2022-07-06 17:00:00+02:00,0.36089583914233186
2022,CO2/CO/NOx,2022-07-06 18:00:00+02:00,0.36405469894494286
2022,CO2/CO/NOx,2022-07-06 19:00:00+02:00,0.3622676271337326
2022,CO2/CO/NOx,2022-07-06 20:00:00+02:00,0.355823521887133
2022,CO2/CO/NOx,2022-07-06 21:00:00+02:00,0.34596047643113514
2022,CO2/CO/NOx,2022-07-06 22:00:00+02:00,0.3370681140700277
2022,CO2/CO/NOx,2022-07-06 23:00:00+02:00,0.32899193629104495
2022,CO2/CO/NOx,2022-07-07 00:00:00+02:00,0.31508165536551663
2022,CO2/CO/NOx,2022-07-07 01:00:00+02:00,0.31132722926736406
2022,CO2/CO/NOx,2022-07-07 02:00:00+02:00,0.31801515052386226
2022,CO2/CO/NOx,2022-07-07 03:00:00+02:00,0.3329751751405721
2022,CO2/CO/NOx,2022-07-07 04:00:00+02:00,0.34958416237698337
2022,CO2/CO/NOx,2022-07-07 05:00:00+02:00,0.36957769263185275
2022,CO2/CO/NOx,2022-07-07 06:00:00+02:00,0.3873492652692898
2022,CO2/CO/NOx,2022-07-07 07:00:00+02:00,0.3984371117576293
2022,CO2/CO/NOx,2022-07-07 08:00:00+02:00,0.3987739406754538
2022,CO2/CO/NOx,2022-07-07 09:00:00+02:00,0.38807634388784384
2022,CO2/CO/NOx,2022-07-07 10:00:00+02:00,0.3788289917522032
2022,CO2/CO/NOx,2022-07-07 11:00:00+02:00,0.3697884940854089
2022,CO2/CO/NOx,2022-07-07 12:00:00+02:00,0.3657563453298348
2022,CO2/CO/NOx,2022-07-07 13:00:00+02:00,0.3704153776073292
2022,CO2/CO/NOx,2022-07-07 14:00:00+02:00,0.3809204717490254
2022,CO2/CO/NOx,2022-07-07 15:00:00+02:00,0.3932943678077872
2022,CO2/CO/NOx,2022-07-07 16:00:00+02:00,0.405526345359179
2022,CO2/CO/NOx,2022-07-07 17:00:00+02:00,0.4181450871911283
2022,CO2/CO/NOx,2022-07-07 18:00:00+02:00,0.42853791727394996
2022,CO2/CO/NOx,2022-07-07 19:00:00+02:00,0.42672824923228125
2022,CO2/CO/NOx,2022-07-07 20:00:00+02:00,0.41739785377265526
2022,CO2/CO/NOx,2022-07-07 21:00:00+02:00,0.4065301754881035
2022,CO2/CO/NOx,2022-07-07 22:00:00+02:00,0.3929013403915629
2022,CO2/CO/NOx,2022-07-07 23:00:00+02:00,0.3719994800632404
2022,CO2/CO/NOx,2022-07-08 00:00:00+02:00,0.35887603467725804
2022,CO2/CO/NOx,2022-07-08 01:00:00+02:00,0.35908814375038034
2022,CO2/CO/NOx,2022-07-08 02:00:00+02:00,0.3720482490783363
2022,CO2/CO/NOx,2022-07-08 03:00:00+02:00,0.4093634099216396
2022,CO2/CO/NOx,2022-07-08 04:00:00+02:00,0.45468299774656307
2022,CO2/CO/NOx,2022-07-08 05:00:00+02:00,0.4996432217636342
2022,CO2/CO/NOx,2022-07-08 06:00:00+02:00,0.5375060344382715
2022,CO2/CO/NOx,2022-07-08 07:00:00+02:00,0.5559489402611092
2022,CO2/CO/NOx,2022-07-08 08:00:00+02:00,0.5493843687171162
2022,CO2/CO/NOx,2022-07-08 09:00:00+02:00,0.5317318284890737
2022,CO2/CO/NOx,2022-07-08 10:00:00+02:00,0.5044155587076055
2022,CO2/CO/NOx,2022-07-08 11:00:00+02:00,0.4727780536431661
2022,CO2/CO/NOx,2022-07-08 12:00:00+02:00,0.4575576847590378
2022,CO2/CO/NOx,2022-07-08 13:00:00+02:00,0.4467193252298316
2022,CO2/CO/NOx,2022-07-08 14:00:00+02:00,0.4357286243710468
2022,CO2/CO/NOx,2022-07-08 15:00:00+02:00,0.4345555509097404
2022,CO2/CO/NOx,2022-07-08 16:00:00+02:00,0.4319419584571881
2022,CO2/CO/NOx,2022-07-08 17:00:00+02:00,0.43207819608674075
2022,CO2/CO/NOx,2022-07-08 18:00:00+02:00,0.44398665001168497
2022,CO2/CO/NOx,2022-07-08 19:00:00+02:00,0.4499921465733198
2022,CO2/CO/NOx,2022-07-08 20:00:00+02:00,0.453337390567725
2022,CO2/CO/NOx,2022-07-08 21:00:00+02:00,0.45688582628330254
2022,CO2/CO/NOx,2022-07-08 22:00:00+02:00,0.44957191789756323
2022,CO2/CO/NOx,2022-07-08 23:00:00+02:00,0.4376913138399609
2022,CO2/CO/NOx,2022-07-09 00:00:00+02:00,0.4175126353686668
2022,CO2/CO/NOx,2022-07-09 01:00:00+02:00,0.4036959742496646
2022,CO2/CO/NOx,2022-07-09 02:00:00+02:00,0.40934785034590926
2022,CO2/CO/NOx,2022-07-09 03:00:00+02:00,0.429821457417154
2022,CO2/CO/NOx,2022-07-09 04:00:00+02:00,0.44415180774885343
2022,CO2/CO/NOx,2022-07-09 05:00:00+02:00,0.4653703023267283
2022,CO2/CO/NOx,2022-07-09 06:00:00+02:00,0.48553801147084535
2022,CO2/CO/NOx,2022-07-09 07:00:00+02:00,0.49124950291448827
2022,CO2/CO/NOx,2022-07-09 08:00:00+02:00,0.4855177760937449
2022,CO2/CO/NOx,2022-07-09 09:00:00+02:00,0.46094340707931825
2022,CO2/CO/NOx,2022-07-09 10:00:00+02:00,0.44285939000195984
2022,CO2/CO/NOx,2022-07-09 11:00:00+02:00,0.43095707344371664
2022,CO2/CO/NOx,2022-07-09 12:00:00+02:00,0.41520235741382855
2022,CO2/CO/NOx,2022-07-09 13:00:00+02:00,0.39844964016851614
2022,CO2/CO/NOx,2022-07-09 14:00:00+02:00,0.38833083286129083
2022,CO2/CO/NOx,2022-07-09 15:00:00+02:00,0.3810253312151326
2022,CO2/CO/NOx,2022-07-09 16:00:00+02:00,0.3736625631668999
2022,CO2/CO/NOx,2022-07-09 17:00:00+02:00,0.3712369340465581
2022,CO2/CO/NOx,2022-07-09 18:00:00+02:00,0.376399157140253
2022,CO2/CO/NOx,2022-07-09 19:00:00+02:00,0.3801176519414434
2022,CO2/CO/NOx,2022-07-09 20:00:00+02:00,0.38071658392073665
2022,CO2/CO/NOx,2022-07-09 21:00:00+02:00,0.37507769439228456
2022,CO2/CO/NOx,2022-07-09 22:00:00+02:00,0.3656570846444115
2022,CO2/CO/NOx,2022-07-09 23:00:00+02:00,0.35213232859670995
2022,CO2/CO/NOx,2022-07-10 00:00:00+02:00,0.3432610315437784
2022,CO2/CO/NOx,2022-07-10 01:00:00+02:00,0.3425835672275925
2022,CO2/CO/NOx,2022-07-10 02:00:00+02:00,0.3527022504273106
2022,CO2/CO/NOx,2022-07-10 03:00:00+02:00,0.3696616239574845
2022,CO2/CO/NOx,2022-07-10 04:00:00+02:00,0.3882824031165527
2022,CO2/CO/NOx,2022-07-10 05:00:00+02:00,0.4055211746520984
2022,CO2/CO/NOx,2022-07-10 06:00:00+02:00,0.416652602946015
2022,CO2/CO/NOx,2022-07-10 07:00:00+02:00,0.41832878693647824
2022,CO2/CO/NOx,2022-07-10 08:00:00+02:00,0.41047961223080454
2022,CO2/CO/NOx,2022-07-10 09:00:00+02:00,0.4002463077208907
2022,CO2/CO/NOx,2022-07-10 10:00:00+02:00,0.38842555313222105
2022,CO2/CO/NOx,2022-07-10 11:00:00+02:00,0.3775575043709644
2022,CO2/CO/NOx,2022-07-10 12:00:00+02:00,0.3684044654260669
2022,CO2/CO/NOx,2022-07-10 13:00:00+02:00,0.3682328620040196
2022,CO2/CO/NOx,2022-07-10 14:00:00+02:00,0.36977719089259575
2022,CO2/CO/NOx,2022-07-10 15:00:00+02:00,0.37548121242655585
2022,CO2/CO/NOx,2022-07-10 16:00:00+02:00,0.381288336199991
2022,CO2/CO/NOx,2022-07-10 17:00:00+02:00,0.39011196652498115
2022,CO2/CO/NOx,2022-07-10 18:00:00+02:00,0.397743112566562
2022,CO2/CO/NOx,2022-07-10 19:00:00+02:00,0.3991410860754439
2022,CO2/CO/NOx,2022-07-10 20:00:00+02:00,0.3990119690132013
2022,CO2/CO/NOx,2022-07-10 21:00:00+02:00,0.4032536174183851
2022,CO2/CO/NOx,2022-07-10 22:00:00+02:00,0.4116135321133124
2022,CO2/CO/NOx,2022-07-10 23:00:00+02:00,0.42572559689895434
2022,CO2/CO/NOx,2022-07-11 00:00:00+02:00,0.43084395260254443
2022,CO2/CO/NOx,2022-07-11 01:00:00+02:00,0.43666909264896653
2022,CO2/CO/NOx,2022-07-11 02:00:00+02:00,0.4435735542340774
2022,CO2/CO/NOx,2022-07-11 03:00:00+02:00,0.44299350056672177
2022,CO2/CO/NOx,2022-07-11 04:00:00+02:00,0.44037384977951
2022,CO2/CO/NOx,2022-07-11 05:00:00+02:00,0.44833454940858325
2022,CO2/CO/NOx,2022-07-11 06:00:00+02:00,0.4648659016309827
2022,CO2/CO/NOx,2022-07-11 07:00:00+02:00,0.4787664768543368
2022,CO2/CO/NOx,2022-07-11 08:00:00+02:00,0.4858729732290941
2022,CO2/CO/NOx,2022-07-11 09:00:00+02:00,0.47263265582891895
2022,CO2/CO/NOx,2022-07-11 10:00:00+02:00,0.45959662515703115
2022,CO2/CO/NOx,2022-07-11 11:00:00+02:00,0.4384000094820364
2022,CO2/CO/NOx,2022-07-11 12:00:00+02:00,0.41270342947997035
2022,CO2/CO/NOx,2022-07-11 13:00:00+02:00,0.3913431145481334
2022,CO2/CO/NOx,2022-07-11 14:00:00+02:00,0.3825246852906911
2022,CO2/CO/NOx,2022-07-11 15:00:00+02:00,0.3791544400239597
2022,CO2/CO/NOx,2022-07-11 16:00:00+02:00,0.37524586496417567
2022,CO2/CO/NOx,2022-07-11 17:00:00+02:00,0.37072369738918953
2022,CO2/CO/NOx,2022-07-11 18:00:00+02:00,0.3737906003134078
2022,CO2/CO/NOx,2022-07-11 19:00:00+02:00,0.3768199954782723
2022,CO2/CO/NOx,2022-07-11 20:00:00+02:00,0.37668414611904544
2022,CO2/CO/NOx,2022-07-11 21:00:00+02:00,0.37419043219660786
2022,CO2/CO/NOx,2022-07-11 22:00:00+02:00,0.3681291782861759
2022,CO2/CO/NOx,2022-07-11 23:00:00+02:00,0.3619256565791188
2022,CO2/CO/NOx,2022-07-12 00:00:00+02:00,0.349304754051322
2022,CO2/CO/NOx,2022-07-12 01:00:00+02:00,0.3478811203376419
2022,CO2/CO/NOx,2022-07-12 02:00:00+02:00,0.36119888450482696
2022,CO2/CO/NOx,2022-07-12 03:00:00+02:00,0.3850301415267727
2022,CO2/CO/NOx,2022-07-12 04:00:00+02:00,0.4111960450800354
2022,CO2/CO/NOx,2022-07-12 05:00:00+02:00,0.4341199393492827
2022,CO2/CO/NOx,2022-07-12 06:00:00+02:00,0.4500351566124081
2022,CO2/CO/NOx,2022-07-12 07:00:00+02:00,0.4514199322995785
2022,CO2/CO/NOx,2022-07-12 08:00:00+02:00,0.43512405343631294
2022,CO2/CO/NOx,2022-07-12 09:00:00+02:00,0.4052867575624837
2022,CO2/CO/NOx,2022-07-12 10:00:00+02:00,0.38774967768126894
2022,CO2/CO/NOx,2022-07-12 11:00:00+02:00,0.38144043201924893
2022,CO2/CO/NOx,2022-07-12 12:00:00+02:00,0.37578252428192344
2022,CO2/CO/NOx,2022-07-12 13:00:00+02:00,0.3762624551431857
2022,CO2/CO/NOx,2022-07-12 14:00:00+02:00,0.3756835740857327
2022,CO2/CO/NOx,2022-07-12 15:00:00+02:00,0.37774624498048665
2022,CO2/CO/NOx,2022-07-12 16:00:00+02:00,0.37334264738679546
2022,CO2/CO/NOx,2022-07-12 17:00:00+02:00,0.36529531792912184
2022,CO2/CO/NOx,2022-07-12 18:00:00+02:00,0.36439697077358196
2022,CO2/CO/NOx,2022-07-12 19:00:00+02:00,0.36387541753372205
2022,CO2/CO/NOx,2022-07-12 20:00:00+02:00,0.3627069410155976
2022,CO2/CO/NOx,2022-07-12 21:00:00+02:00,0.3547787834268792
2022,CO2/CO/NOx,2022-07-12 22:00:00+02:00,0.34553109437371055
2022,CO2/CO/NOx,2022-07-12 23:00:00+02:00,0.3380533661006346
2022,CO2/CO/NOx,2022-07-13 00:00:00+02:00,0.32984855932201623
2022,CO2/CO/NOx,2022-07-13 01:00:00+02:00,0.3309916853551587
2022,CO2/CO/NOx,2022-07-13 02:00:00+02:00,0.3443343438483988
2022,CO2/CO/NOx,2022-07-13 03:00:00+02:00,0.3673705665830432
2022,CO2/CO/NOx,2022-07-13 04:00:00+02:00,0.38230153615377455
2022,CO2/CO/NOx,2022-07-13 05:00:00+02:00,0.3906294333408553
2022,CO2/CO/NOx,2022-07-13 06:00:00+02:00,0.39337828160541277
2022,CO2/CO/NOx,2022-07-13 07:00:00+02:00,0.3888840074893972
2022,CO2/CO/NOx,2022-07-13 08:00:00+02:00,0.37876566279194357
2022,CO2/CO/NOx,2022-07-13 09:00:00+02:00,0.36410525033309876
2022,CO2/CO/NOx,2022-07-13 10:00:00+02:00,0.3606600871834722
2022,CO2/CO/NOx,2022-07-13 11:00:00+02:00,0.36358401805073176
2022,CO2/CO/NOx,2022-07-13 12:00:00+02:00,0.3688678929529598
2022,CO2/CO/NOx,2022-07-13 13:00:00+02:00,0.3718928278951008
2022,CO2/CO/NOx,2022-07-13 14:00:00+02:00,0.37406865570236186
2022,CO2/CO/NOx,2022-07-13 15:00:00+02:00,0.37520562954168907
2022,CO2/CO/NOx,2022-07-13 16:00:00+02:00,0.37137919730467667
2022,CO2/CO/NOx,2022-07-13 17:00:00+02:00,0.36575490889340984
2022,CO2/CO/NOx,2022-07-13 18:00:00+02:00,0.36432106723353214
2022,CO2/CO/NOx,2022-07-13 19:00:00+02:00,0.35798474957782395
2022,CO2/CO/NOx,2022-07-13 20:00:00+02:00,0.34739387983467124
2022,CO2/CO/NOx,2022-07-13 21:00:00+02:00,0.3377477916555266
2022,CO2/CO/NOx,2022-07-13 22:00:00+02:00,0.3280907958109815
2022,CO2/CO/NOx,2022-07-13 23:00:00+02:00,0.3195142044113879
2022,CO2/CO/NOx,2022-07-14 00:00:00+02:00,0.3082654545947217
2022,CO2/CO/NOx,2022-07-14 01:00:00+02:00,0.3033866985806379
2022,CO2/CO/NOx,2022-07-14 02:00:00+02:00,0.30640038371532413
2022,CO2/CO/NOx,2022-07-14 03:00:00+02:00,0.3150020684925181
2022,CO2/CO/NOx,2022-07-14 04:00:00+02:00,0.3244057867368462
2022,CO2/CO/NOx,2022-07-14 05:00:00+02:00,0.3356300894947753
2022,CO2/CO/NOx,2022-07-14 06:00:00+02:00,0.348949936834681
2022,CO2/CO/NOx,2022-07-14 07:00:00+02:00,0.35745125378376763
2022,CO2/CO/NOx,2022-07-14 08:00:00+02:00,0.3603570846232109
2022,CO2/CO/NOx,2022-07-14 09:00:00+02:00,0.35614742815702166
2022,CO2/CO/NOx,2022-07-14 10:00:00+02:00,0.3533867210733568
2022,CO2/CO/NOx,2022-07-14 11:00:00+02:00,0.34671511825244994
2022,CO2/CO/NOx,2022-07-14 12:00:00+02:00,0.34241859116833684
2022,CO2/CO/NOx,2022-07-14 13:00:00+02:00,0.34690885966163243
2022,CO2/CO/NOx,2022-07-14 14:00:00+02:00,0.3519073445023438
2022,CO2/CO/NOx,2022-07-14 15:00:00+02:00,0.35677291713782655
2022,CO2/CO/NOx,2022-07-14 16:00:00+02:00,0.3583195777885547
2022,CO2/CO/NOx,2022-07-14 17:00:00+02:00,0.3576672799753972
2022,CO2/CO/NOx,2022-07-14 18:00:00+02:00,0.35775459442171964
2022,CO2/CO/NOx,2022-07-14 19:00:00+02:00,0.3515082926438258
2022,CO2/CO/NOx,2022-07-14 20:00:00+02:00,0.339516411598437
2022,CO2/CO/NOx,2022-07-14 21:00:00+02:00,0.3318835901806981
2022,CO2/CO/NOx,2022-07-14 22:00:00+02:00,0.3265852006208181
2022,CO2/CO/NOx,2022-07-14 23:00:00+02:00,0.31875531176168853
2022,CO2/CO/NOx,2022-07-15 00:00:00+02:00,0.3095455489220569
2022,CO2/CO/NOx,2022-07-15 01:00:00+02:00,0.30895737756036074
2022,CO2/CO/NOx,2022-07-15 02:00:00+02:00,0.3167114410379554
2022,CO2/CO/NOx,2022-07-15 03:00:00+02:00,0.33117270838275087
2022,CO2/CO/NOx,2022-07-15 04:00:00+02:00,0.34482687846381505
2022,CO2/CO/NOx,2022-07-15 05:00:00+02:00,0.3584656881821362
2022,CO2/CO/NOx,2022-07-15 06:00:00+02:00,0.372220195772694
2022,CO2/CO/NOx,2022-07-15 07:00:00+02:00,0.3793953222933852
2022,CO2/CO/NOx,2022-07-15 08:00:00+02:00,0.37903619314270476
2022,CO2/CO/NOx,2022-07-15 09:00:00+02:00,0.3722234144614955
2022,CO2/CO/NOx,2022-07-15 10:00:00+02:00,0.36954799123972
2022,CO2/CO/NOx,2022-07-15 11:00:00+02:00,0.3674638028513804
2022,CO2/CO/NOx,2022-07-15 12:00:00+02:00,0.36644587856405264
2022,CO2/CO/NOx,2022-07-15 13:00:00+02:00,0.3672148402387644
2022,CO2/CO/NOx,2022-07-15 14:00:00+02:00,0.370817954168141
2022,CO2/CO/NOx,2022-07-15 15:00:00+02:00,0.37320638466080613
2022,CO2/CO/NOx,2022-07-15 16:00:00+02:00,0.37126702240922205
2022,CO2/CO/NOx,2022-07-15 17:00:00+02:00,0.36796813828325226
2022,CO2/CO/NOx,2022-07-15 18:00:00+02:00,0.3667664824570748
2022,CO2/CO/NOx,2022-07-15 19:00:00+02:00,0.3595118292112775
2022,CO2/CO/NOx,2022-07-15 20:00:00+02:00,0.35075361102966246
2022,CO2/CO/NOx,2022-07-15 21:00:00+02:00,0.3426523296718366
2022,CO2/CO/NOx,2022-07-15 22:00:00+02:00,0.3347988526808708
2022,CO2/CO/NOx,2022-07-15 23:00:00+02:00,0.3311431694914546
2022,CO2/CO/NOx,2022-07-16 00:00:00+02:00,0.3247558636393004
2022,CO2/CO/NOx,2022-07-16 01:00:00+02:00,0.3257425328535408
2022,CO2/CO/NOx,2022-07-16 02:00:00+02:00,0.32948991637855524
2022,CO2/CO/NOx,2022-07-16 03:00:00+02:00,0.3380248574499361
2022,CO2/CO/NOx,2022-07-16 04:00:00+02:00,0.3455607685016258
2022,CO2/CO/NOx,2022-07-16 05:00:00+02:00,0.35411810186212755
2022,CO2/CO/NOx,2022-07-16 06:00:00+02:00,0.3616863628679401
2022,CO2/CO/NOx,2022-07-16 07:00:00+02:00,0.3638146303498591
2022,CO2/CO/NOx,2022-07-16 08:00:00+02:00,0.36313376204734615
2022,CO2/CO/NOx,2022-07-16 09:00:00+02:00,0.35819249259782837
2022,CO2/CO/NOx,2022-07-16 10:00:00+02:00,0.3564052392282354
2022,CO2/CO/NOx,2022-07-16 11:00:00+02:00,0.3510974634043334
2022,CO2/CO/NOx,2022-07-16 12:00:00+02:00,0.3486814821119976
2022,CO2/CO/NOx,2022-07-16 13:00:00+02:00,0.35263202615069783
2022,CO2/CO/NOx,2022-07-16 14:00:00+02:00,0.3588437860481611
2022,CO2/CO/NOx,2022-07-16 15:00:00+02:00,0.3652585366317917
2022,CO2/CO/NOx,2022-07-16 16:00:00+02:00,0.3684782110671276
2022,CO2/CO/NOx,2022-07-16 17:00:00+02:00,0.36962430620482684
2022,CO2/CO/NOx,2022-07-16 18:00:00+02:00,0.37098652239324187
2022,CO2/CO/NOx,2022-07-16 19:00:00+02:00,0.36779274326167516
2022,CO2/CO/NOx,2022-07-16 20:00:00+02:00,0.3598489237121369
2022,CO2/CO/NOx,2022-07-16 21:00:00+02:00,0.3499123002171711
2022,CO2/CO/NOx,2022-07-16 22:00:00+02:00,0.3414163621213554
2022,CO2/CO/NOx,2022-07-16 23:00:00+02:00,0.33523109980078175
2022,CO2/CO/NOx,2022-07-17 00:00:00+02:00,0.3278129060980073
2022,CO2/CO/NOx,2022-07-17 01:00:00+02:00,0.33165579206083684
2022,CO2/CO/NOx,2022-07-17 02:00:00+02:00,0.3514894510942248
2022,CO2/CO/NOx,2022-07-17 03:00:00+02:00,0.37747922527579847
2022,CO2/CO/NOx,2022-07-17 04:00:00+02:00,0.39599423449611154
2022,CO2/CO/NOx,2022-07-17 05:00:00+02:00,0.4126640544992807
2022,CO2/CO/NOx,2022-07-17 06:00:00+02:00,0.41874798862517115
2022,CO2/CO/NOx,2022-07-17 07:00:00+02:00,0.41371094374291495
2022,CO2/CO/NOx,2022-07-17 08:00:00+02:00,0.39643280569175476
2022,CO2/CO/NOx,2022-07-17 09:00:00+02:00,0.3744945370328185
2022,CO2/CO/NOx,2022-07-17 10:00:00+02:00,0.3655935411985965
2022,CO2/CO/NOx,2022-07-17 11:00:00+02:00,0.37190707355452796
2022,CO2/CO/NOx,2022-07-17 12:00:00+02:00,0.37649336824348495
2022,CO2/CO/NOx,2022-07-17 13:00:00+02:00,0.3783779126697826
2022,CO2/CO/NOx,2022-07-17 14:00:00+02:00,0.3825097096352734
2022,CO2/CO/NOx,2022-07-17 15:00:00+02:00,0.38455740162196117
2022,CO2/CO/NOx,2022-07-17 16:00:00+02:00,0.3814374864978143
2022,CO2/CO/NOx,2022-07-17 17:00:00+02:00,0.3723311197609523
2022,CO2/CO/NOx,2022-07-17 18:00:00+02:00,0.36677748901797763
2022,CO2/CO/NOx,2022-07-17 19:00:00+02:00,0.3655139482344068
2022,CO2/CO/NOx,2022-07-17 20:00:00+02:00,0.3618681736549492
2022,CO2/CO/NOx,2022-07-17 21:00:00+02:00,0.3504372148451747
2022,CO2/CO/NOx,2022-07-17 22:00:00+02:00,0.3361615464123176
2022,CO2/CO/NOx,2022-07-17 23:00:00+02:00,0.3213191120493614
2022,CO2/CO/NOx,2022-07-18 00:00:00+02:00,0.3072539175065686
2022,CO2/CO/NOx,2022-07-18 01:00:00+02:00,0.30979159550700025
2022,CO2/CO/NOx,2022-07-18 02:00:00+02:00,0.325182346153815
2022,CO2/CO/NOx,2022-07-18 03:00:00+02:00,0.35148815940779093
2022,CO2/CO/NOx,2022-07-18 04:00:00+02:00,0.3823065180772838
2022,CO2/CO/NOx,2022-07-18 05:00:00+02:00,0.4051888932841473
2022,CO2/CO/NOx,2022-07-18 06:00:00+02:00,0.41639694560292545
2022,CO2/CO/NOx,2022-07-18 07:00:00+02:00,0.41438555179176206
2022,CO2/CO/NOx,2022-07-18 08:00:00+02:00,0.3995288938389353
2022,CO2/CO/NOx,2022-07-18 09:00:00+02:00,0.37523973261631555
2022,CO2/CO/NOx,2022-07-18 10:00:00+02:00,0.36113877890036317
2022,CO2/CO/NOx,2022-07-18 11:00:00+02:00,0.3526949459494842
2022,CO2/CO/NOx,2022-07-18 12:00:00+02:00,0.35063609919061206
2022,CO2/CO/NOx,2022-07-18 13:00:00+02:00,0.3547636132832603
2022,CO2/CO/NOx,2022-07-18 14:00:00+02:00,0.36335427009890653
2022,CO2/CO/NOx,2022-07-18 15:00:00+02:00,0.3694211658977915
2022,CO2/CO/NOx,2022-07-18 16:00:00+02:00,0.37188137222316187
2022,CO2/CO/NOx,2022-07-18 17:00:00+02:00,0.3710714852604219
2022,CO2/CO/NOx,2022-07-18 18:00:00+02:00,0.3692635432245369
2022,CO2/CO/NOx,2022-07-18 19:00:00+02:00,0.36019057604323845
2022,CO2/CO/NOx,2022-07-18 20:00:00+02:00,0.3496816131475447
2022,CO2/CO/NOx,2022-07-18 21:00:00+02:00,0.3383573181722807
2022,CO2/CO/NOx,2022-07-18 22:00:00+02:00,0.3266283377102917
2022,CO2/CO/NOx,2022-07-18 23:00:00+02:00,0.3191832353175909
2022,CO2/CO/NOx,2022-07-19 00:00:00+02:00,0.3056551798567202
2022,CO2/CO/NOx,2022-07-19 01:00:00+02:00,0.3043746717607716
2022,CO2/CO/NOx,2022-07-19 02:00:00+02:00,0.31456447459139647
2022,CO2/CO/NOx,2022-07-19 03:00:00+02:00,0.329130439304386
2022,CO2/CO/NOx,2022-07-19 04:00:00+02:00,0.34390017709906745
2022,CO2/CO/NOx,2022-07-19 05:00:00+02:00,0.35883434021106086
2022,CO2/CO/NOx,2022-07-19 06:00:00+02:00,0.37280228723797204
2022,CO2/CO/NOx,2022-07-19 07:00:00+02:00,0.37801808027953093
2022,CO2/CO/NOx,2022-07-19 08:00:00+02:00,0.37510828892285086
2022,CO2/CO/NOx,2022-07-19 09:00:00+02:00,0.36123068154789945
2022,CO2/CO/NOx,2022-07-19 10:00:00+02:00,0.35418060957738373
2022,CO2/CO/NOx,2022-07-19 11:00:00+02:00,0.35082995910688536
2022,CO2/CO/NOx,2022-07-19 12:00:00+02:00,0.35111162068073826
2022,CO2/CO/NOx,2022-07-19 13:00:00+02:00,0.3564606063325994
2022,CO2/CO/NOx,2022-07-19 14:00:00+02:00,0.36406648328023405
2022,CO2/CO/NOx,2022-07-19 15:00:00+02:00,0.3720287939731126
2022,CO2/CO/NOx,2022-07-19 16:00:00+02:00,0.3741718186468978
2022,CO2/CO/NOx,2022-07-19 17:00:00+02:00,0.3712868291790927
2022,CO2/CO/NOx,2022-07-19 18:00:00+02:00,0.3663123962930632
2022,CO2/CO/NOx,2022-07-19 19:00:00+02:00,0.3551119854186346
2022,CO2/CO/NOx,2022-07-19 20:00:00+02:00,0.3432346840299607
2022,CO2/CO/NOx,2022-07-19 21:00:00+02:00,0.33449068668431353
2022,CO2/CO/NOx,2022-07-19 22:00:00+02:00,0.3267754245751938
2022,CO2/CO/NOx,2022-07-19 23:00:00+02:00,0.32003665936720527
2022,CO2/CO/NOx,2022-07-20 00:00:00+02:00,0.3089964554278006
2022,CO2/CO/NOx,2022-07-20 01:00:00+02:00,0.3065389444011847
2022,CO2/CO/NOx,2022-07-20 02:00:00+02:00,0.30896868359741514
2022,CO2/CO/NOx,2022-07-20 03:00:00+02:00,0.3194559125173286
2022,CO2/CO/NOx,2022-07-20 04:00:00+02:00,0.33072292721299784
2022,CO2/CO/NOx,2022-07-20 05:00:00+02:00,0.3436500258842795
2022,CO2/CO/NOx,2022-07-20 06:00:00+02:00,0.35763049127018925
2022,CO2/CO/NOx,2022-07-20 07:00:00+02:00,0.36444486793823316
2022,CO2/CO/NOx,2022-07-20 08:00:00+02:00,0.3665123264050163
2022,CO2/CO/NOx,2022-07-20 09:00:00+02:00,0.36298889051243
2022,CO2/CO/NOx,2022-07-20 10:00:00+02:00,0.3647070051429074
2022,CO2/CO/NOx,2022-07-20 11:00:00+02:00,0.36555461688927643
2022,CO2/CO/NOx,2022-07-20 12:00:00+02:00,0.3684592181801245
2022,CO2/CO/NOx,2022-07-20 13:00:00+02:00,0.37271116794377424
2022,CO2/CO/NOx,2022-07-20 14:00:00+02:00,0.3771788239754119
2022,CO2/CO/NOx,2022-07-20 15:00:00+02:00,0.3814594606301826
2022,CO2/CO/NOx,2022-07-20 16:00:00+02:00,0.37742438462882155
2022,CO2/CO/NOx,2022-07-20 17:00:00+02:00,0.3723958085454453
2022,CO2/CO/NOx,2022-07-20 18:00:00+02:00,0.3690274649780841
2022,CO2/CO/NOx,2022-07-20 19:00:00+02:00,0.36037782363409504
2022,CO2/CO/NOx,2022-07-20 20:00:00+02:00,0.34869151475585247
2022,CO2/CO/NOx,2022-07-20 21:00:00+02:00,0.33549643366042753
2022,CO2/CO/NOx,2022-07-20 22:00:00+02:00,0.323959856477486
2022,CO2/CO/NOx,2022-07-20 23:00:00+02:00,0.3164644396384188
2022,CO2/CO/NOx,2022-07-21 00:00:00+02:00,0.3086434984382878
2022,CO2/CO/NOx,2022-07-21 01:00:00+02:00,0.3050504626620194
2022,CO2/CO/NOx,2022-07-21 02:00:00+02:00,0.30923839500146966
2022,CO2/CO/NOx,2022-07-21 03:00:00+02:00,0.3212728761120658
2022,CO2/CO/NOx,2022-07-21 04:00:00+02:00,0.33306415554310426
2022,CO2/CO/NOx,2022-07-21 05:00:00+02:00,0.3458441789343329
2022,CO2/CO/NOx,2022-07-21 06:00:00+02:00,0.35733622344908444
2022,CO2/CO/NOx,2022-07-21 07:00:00+02:00,0.3683689042911573
2022,CO2/CO/NOx,2022-07-21 08:00:00+02:00,0.37442669295493614
2022,CO2/CO/NOx,2022-07-21 09:00:00+02:00,0.3708878407950605
2022,CO2/CO/NOx,2022-07-21 10:00:00+02:00,0.36853360828712534
2022,CO2/CO/NOx,2022-07-21 11:00:00+02:00,0.3668528890459829
2022,CO2/CO/NOx,2022-07-21 12:00:00+02:00,0.3657748728061242
2022,CO2/CO/NOx,2022-07-21 13:00:00+02:00,0.36495529044033825
2022,CO2/CO/NOx,2022-07-21 14:00:00+02:00,0.3642056901947693
2022,CO2/CO/NOx,2022-07-21 15:00:00+02:00,0.3638235771662318
2022,CO2/CO/NOx,2022-07-21 16:00:00+02:00,0.36455974499220584
2022,CO2/CO/NOx,2022-07-21 17:00:00+02:00,0.3658122221529164
2022,CO2/CO/NOx,2022-07-21 18:00:00+02:00,0.36753612562403065
2022,CO2/CO/NOx,2022-07-21 19:00:00+02:00,0.36354296024829935
2022,CO2/CO/NOx,2022-07-21 20:00:00+02:00,0.35414170553510177
2022,CO2/CO/NOx,2022-07-21 21:00:00+02:00,0.34355409639262235
2022,CO2/CO/NOx,2022-07-21 22:00:00+02:00,0.3324971706364061
2022,CO2/CO/NOx,2022-07-21 23:00:00+02:00,0.3217276854763997
2022,CO2/CO/NOx,2022-07-22 00:00:00+02:00,0.3091205072749751
2022,CO2/CO/NOx,2022-07-22 01:00:00+02:00,0.30995765509131407
2022,CO2/CO/NOx,2022-07-22 02:00:00+02:00,0.3208893046479944
2022,CO2/CO/NOx,2022-07-22 03:00:00+02:00,0.3367586073196008
2022,CO2/CO/NOx,2022-07-22 04:00:00+02:00,0.3494266012744879
2022,CO2/CO/NOx,2022-07-22 05:00:00+02:00,0.3594579235366634
2022,CO2/CO/NOx,2022-07-22 06:00:00+02:00,0.36874147107178246
2022,CO2/CO/NOx,2022-07-22 07:00:00+02:00,0.37221863624519724
2022,CO2/CO/NOx,2022-07-22 08:00:00+02:00,0.367204951517432
2022,CO2/CO/NOx,2022-07-22 09:00:00+02:00,0.3557750071316838
2022,CO2/CO/NOx,2022-07-22 10:00:00+02:00,0.3522804200055329
2022,CO2/CO/NOx,2022-07-22 11:00:00+02:00,0.34857631913095516
2022,CO2/CO/NOx,2022-07-22 12:00:00+02:00,0.34645944969677994
2022,CO2/CO/NOx,2022-07-22 13:00:00+02:00,0.3463732155676692
2022,CO2/CO/NOx,2022-07-22 14:00:00+02:00,0.3482376025706112
2022,CO2/CO/NOx,2022-07-22 15:00:00+02:00,0.35226930377222776
2022,CO2/CO/NOx,2022-07-22 16:00:00+02:00,0.35374821785051974
2022,CO2/CO/NOx,2022-07-22 17:00:00+02:00,0.35401045651217095
2022,CO2/CO/NOx,2022-07-22 18:00:00+02:00,0.35657278354468014
2022,CO2/CO/NOx,2022-07-22 19:00:00+02:00,0.3527226171366366
2022,CO2/CO/NOx,2022-07-22 20:00:00+02:00,0.3456430173863006
2022,CO2/CO/NOx,2022-07-22 21:00:00+02:00,0.3373510575320889
2022,CO2/CO/NOx,2022-07-22 22:00:00+02:00,0.32967670275870686
2022,CO2/CO/NOx,2022-07-22 23:00:00+02:00,0.32304286674225435
2022,CO2/CO/NOx,2022-07-23 00:00:00+02:00,0.31716176057014517
2022,CO2/CO/NOx,2022-07-23 01:00:00+02:00,0.31577894513032795
2022,CO2/CO/NOx,2022-07-23 02:00:00+02:00,0.31618137682991626
2022,CO2/CO/NOx,2022-07-23 03:00:00+02:00,0.32113340854684536
2022,CO2/CO/NOx,2022-07-23 04:00:00+02:00,0.3256494006137758
2022,CO2/CO/NOx,2022-07-23 05:00:00+02:00,0.33303708942842253
2022,CO2/CO/NOx,2022-07-23 06:00:00+02:00,0.34236187832623755
2022,CO2/CO/NOx,2022-07-23 07:00:00+02:00,0.35124331672562376
2022,CO2/CO/NOx,2022-07-23 08:00:00+02:00,0.3569674780272633
2022,CO2/CO/NOx,2022-07-23 09:00:00+02:00,0.358851750174038
2022,CO2/CO/NOx,2022-07-23 10:00:00+02:00,0.36053538469898994
2022,CO2/CO/NOx,2022-07-23 11:00:00+02:00,0.3576180663791028
2022,CO2/CO/NOx,2022-07-23 12:00:00+02:00,0.35708067588594605
2022,CO2/CO/NOx,2022-07-23 13:00:00+02:00,0.35995057548223414
2022,CO2/CO/NOx,2022-07-23 14:00:00+02:00,0.36369911451949316
2022,CO2/CO/NOx,2022-07-23 15:00:00+02:00,0.3686462085930839
2022,CO2/CO/NOx,2022-07-23 16:00:00+02:00,0.3703004898679008
2022,CO2/CO/NOx,2022-07-23 17:00:00+02:00,0.37010119923402435
2022,CO2/CO/NOx,2022-07-23 18:00:00+02:00,0.3692920425423014
2022,CO2/CO/NOx,2022-07-23 19:00:00+02:00,0.3643821422632782
2022,CO2/CO/NOx,2022-07-23 20:00:00+02:00,0.35575553773686514
2022,CO2/CO/NOx,2022-07-23 21:00:00+02:00,0.3468301937875867
2022,CO2/CO/NOx,2022-07-23 22:00:00+02:00,0.33759893987744294
2022,CO2/CO/NOx,2022-07-23 23:00:00+02:00,0.3298187850442053
2022,CO2/CO/NOx,2022-07-24 00:00:00+02:00,0.3224968975293103
2022,CO2/CO/NOx,2022-07-24 01:00:00+02:00,0.31777307726768705
2022,CO2/CO/NOx,2022-07-24 02:00:00+02:00,0.3180653824269945
2022,CO2/CO/NOx,2022-07-24 03:00:00+02:00,0.32240332770127383
2022,CO2/CO/NOx,2022-07-24 04:00:00+02:00,0.32969180554805416
2022,CO2/CO/NOx,2022-07-24 05:00:00+02:00,0.33777713853055147
2022,CO2/CO/NOx,2022-07-24 06:00:00+02:00,0.3455005014106818
2022,CO2/CO/NOx,2022-07-24 07:00:00+02:00,0.3513207537923221
2022,CO2/CO/NOx,2022-07-24 08:00:00+02:00,0.35394263560523237
2022,CO2/CO/NOx,2022-07-24 09:00:00+02:00,0.3521871392957797
2022,CO2/CO/NOx,2022-07-24 10:00:00+02:00,0.3498567837897797
2022,CO2/CO/NOx,2022-07-24 11:00:00+02:00,0.3454365857980417
2022,CO2/CO/NOx,2022-07-24 12:00:00+02:00,0.3412261217395404
2022,CO2/CO/NOx,2022-07-24 13:00:00+02:00,0.34129001676574583
2022,CO2/CO/NOx,2022-07-24 14:00:00+02:00,0.34314907908645453
2022,CO2/CO/NOx,2022-07-24 15:00:00+02:00,0.34630289592796437
2022,CO2/CO/NOx,2022-07-24 16:00:00+02:00,0.3489973500886645
2022,CO2/CO/NOx,2022-07-24 17:00:00+02:00,0.35110729075478303
2022,CO2/CO/NOx,2022-07-24 18:00:00+02:00,0.35374093626646214
2022,CO2/CO/NOx,2022-07-24 19:00:00+02:00,0.35321975624700397
2022,CO2/CO/NOx,2022-07-24 20:00:00+02:00,0.3475435142613608
2022,CO2/CO/NOx,2022-07-24 21:00:00+02:00,0.33919631700060976
2022,CO2/CO/NOx,2022-07-24 22:00:00+02:00,0.32920320911255047
2022,CO2/CO/NOx,2022-07-24 23:00:00+02:00,0.32103116149520405
2022,CO2/CO/NOx,2022-07-25 00:00:00+02:00,0.3112694995473967
2022,CO2/CO/NOx,2022-07-25 01:00:00+02:00,0.3080566768013168
2022,CO2/CO/NOx,2022-07-25 02:00:00+02:00,0.3131401236619596
2022,CO2/CO/NOx,2022-07-25 03:00:00+02:00,0.3251173849336806
2022,CO2/CO/NOx,2022-07-25 04:00:00+02:00,0.33911817974067776
2022,CO2/CO/NOx,2022-07-25 05:00:00+02:00,0.35277284952670923
2022,CO2/CO/NOx,2022-07-25 06:00:00+02:00,0.36494233324808395
2022,CO2/CO/NOx,2022-07-25 07:00:00+02:00,0.3706095135824784
2022,CO2/CO/NOx,2022-07-25 08:00:00+02:00,0.3698437924105929
2022,CO2/CO/NOx,2022-07-25 09:00:00+02:00,0.3617244774372476
2022,CO2/CO/NOx,2022-07-25 10:00:00+02:00,0.35305637424675124
2022,CO2/CO/NOx,2022-07-25 11:00:00+02:00,0.3475444208416938
2022,CO2/CO/NOx,2022-07-25 12:00:00+02:00,0.34619819195571583
2022,CO2/CO/NOx,2022-07-25 13:00:00+02:00,0.34943614786950056
2022,CO2/CO/NOx,2022-07-25 14:00:00+02:00,0.35808014414572564
2022,CO2/CO/NOx,2022-07-25 15:00:00+02:00,0.36518211383380916
2022,CO2/CO/NOx,2022-07-25 16:00:00+02:00,0.3684120501641323
2022,CO2/CO/NOx,2022-07-25 17:00:00+02:00,0.36757737030906473
2022,CO2/CO/NOx,2022-07-25 18:00:00+02:00,0.3657130073098891
2022,CO2/CO/NOx,2022-07-25 19:00:00+02:00,0.35515356016343264
2022,CO2/CO/NOx,2022-07-25 20:00:00+02:00,0.34412355596727595
2022,CO2/CO/NOx,2022-07-25 21:00:00+02:00,0.33469260836193276
2022,CO2/CO/NOx,2022-07-25 22:00:00+02:00,0.3260196737486142
2022,CO2/CO/NOx,2022-07-25 23:00:00+02:00,0.32183271561279286
2022,CO2/CO/NOx,2022-07-26 00:00:00+02:00,0.3142007343340368
2022,CO2/CO/NOx,2022-07-26 01:00:00+02:00,0.31422762693441864
2022,CO2/CO/NOx,2022-07-26 02:00:00+02:00,0.321369057398849
2022,CO2/CO/NOx,2022-07-26 03:00:00+02:00,0.3345615253450395
2022,CO2/CO/NOx,2022-07-26 04:00:00+02:00,0.3462164809937588
2022,CO2/CO/NOx,2022-07-26 05:00:00+02:00,0.35871126589046926
2022,CO2/CO/NOx,2022-07-26 06:00:00+02:00,0.3712503967438823
2022,CO2/CO/NOx,2022-07-26 07:00:00+02:00,0.37774586444596076
2022,CO2/CO/NOx,2022-07-26 08:00:00+02:00,0.38053981644081586
2022,CO2/CO/NOx,2022-07-26 09:00:00+02:00,0.3771368501313473
2022,CO2/CO/NOx,2022-07-26 10:00:00+02:00,0.3760847362489905
2022,CO2/CO/NOx,2022-07-26 11:00:00+02:00,0.3751137767198684
2022,CO2/CO/NOx,2022-07-26 12:00:00+02:00,0.37391974835931413
2022,CO2/CO/NOx,2022-07-26 13:00:00+02:00,0.3732741820792886
2022,CO2/CO/NOx,2022-07-26 14:00:00+02:00,0.3728876929597843
2022,CO2/CO/NOx,2022-07-26 15:00:00+02:00,0.3727061012192719
2022,CO2/CO/NOx,2022-07-26 16:00:00+02:00,0.3731247860166956
2022,CO2/CO/NOx,2022-07-26 17:00:00+02:00,0.37153081282772266
2022,CO2/CO/NOx,2022-07-26 18:00:00+02:00,0.37193944752168057
2022,CO2/CO/NOx,2022-07-26 19:00:00+02:00,0.3679824205659346
2022,CO2/CO/NOx,2022-07-26 20:00:00+02:00,0.36152894048944906
2022,CO2/CO/NOx,2022-07-26 21:00:00+02:00,0.35202492294911275
2022,CO2/CO/NOx,2022-07-26 22:00:00+02:00,0.3408727692722123
2022,CO2/CO/NOx,2022-07-26 23:00:00+02:00,0.3301081860564508
2022,CO2/CO/NOx,2022-07-27 00:00:00+02:00,0.3173566516838538
2022,CO2/CO/NOx,2022-07-27 01:00:00+02:00,0.31545233889818786
2022,CO2/CO/NOx,2022-07-27 02:00:00+02:00,0.3179355584989031
2022,CO2/CO/NOx,2022-07-27 03:00:00+02:00,0.3279629647054068
2022,CO2/CO/NOx,2022-07-27 04:00:00+02:00,0.3389362623182216
2022,CO2/CO/NOx,2022-07-27 05:00:00+02:00,0.3497497598500428
2022,CO2/CO/NOx,2022-07-27 06:00:00+02:00,0.36020744658846415
2022,CO2/CO/NOx,2022-07-27 07:00:00+02:00,0.3666973815796479
2022,CO2/CO/NOx,2022-07-27 08:00:00+02:00,0.36808371420382024
2022,CO2/CO/NOx,2022-07-27 09:00:00+02:00,0.3626976234968169
2022,CO2/CO/NOx,2022-07-27 10:00:00+02:00,0.36081641564375033
2022,CO2/CO/NOx,2022-07-27 11:00:00+02:00,0.3573977978287835
2022,CO2/CO/NOx,2022-07-27 12:00:00+02:00,0.3548689407688809
2022,CO2/CO/NOx,2022-07-27 13:00:00+02:00,0.35399963039532045
2022,CO2/CO/NOx,2022-07-27 14:00:00+02:00,0.3528396189527273
2022,CO2/CO/NOx,2022-07-27 15:00:00+02:00,0.35392102257413455
2022,CO2/CO/NOx,2022-07-27 16:00:00+02:00,0.3546403519258504
2022,CO2/CO/NOx,2022-07-27 17:00:00+02:00,0.35478377578394205
2022,CO2/CO/NOx,2022-07-27 18:00:00+02:00,0.35823815569696704
2022,CO2/CO/NOx,2022-07-27 19:00:00+02:00,0.35703330977972364
2022,CO2/CO/NOx,2022-07-27 20:00:00+02:00,0.35249752708950594
2022,CO2/CO/NOx,2022-07-27 21:00:00+02:00,0.3457456897463759
2022,CO2/CO/NOx,2022-07-27 22:00:00+02:00,0.33771897897511627
2022,CO2/CO/NOx,2022-07-27 23:00:00+02:00,0.32882977060706947
2022,CO2/CO/NOx,2022-07-28 00:00:00+02:00,0.3139574274881938
2022,CO2/CO/NOx,2022-07-28 01:00:00+02:00,0.31095605503213974
2022,CO2/CO/NOx,2022-07-28 02:00:00+02:00,0.3181805406082438
2022,CO2/CO/NOx,2022-07-28 03:00:00+02:00,0.33341098897834287
2022,CO2/CO/NOx,2022-07-28 04:00:00+02:00,0.3496406114056347
2022,CO2/CO/NOx,2022-07-28 05:00:00+02:00,0.3680737754242633
2022,CO2/CO/NOx,2022-07-28 06:00:00+02:00,0.38285936568583767
2022,CO2/CO/NOx,2022-07-28 07:00:00+02:00,0.38892360128667525
2022,CO2/CO/NOx,2022-07-28 08:00:00+02:00,0.38524461392397885
2022,CO2/CO/NOx,2022-07-28 09:00:00+02:00,0.3710432284952022
2022,CO2/CO/NOx,2022-07-28 10:00:00+02:00,0.362899734531264
2022,CO2/CO/NOx,2022-07-28 11:00:00+02:00,0.356041280147586
2022,CO2/CO/NOx,2022-07-28 12:00:00+02:00,0.3514137935414591
2022,CO2/CO/NOx,2022-07-28 13:00:00+02:00,0.35359471567885864
2022,CO2/CO/NOx,2022-07-28 14:00:00+02:00,0.3610546638788689
2022,CO2/CO/NOx,2022-07-28 15:00:00+02:00,0.3671131860608089
2022,CO2/CO/NOx,2022-07-28 16:00:00+02:00,0.36912655313569237
2022,CO2/CO/NOx,2022-07-28 17:00:00+02:00,0.3694052930741295
2022,CO2/CO/NOx,2022-07-28 18:00:00+02:00,0.3703433848394427
2022,CO2/CO/NOx,2022-07-28 19:00:00+02:00,0.364365304174273
2022,CO2/CO/NOx,2022-07-28 20:00:00+02:00,0.355424685388043
2022,CO2/CO/NOx,2022-07-28 21:00:00+02:00,0.3449394006319785
2022,CO2/CO/NOx,2022-07-28 22:00:00+02:00,0.3338462594735098
2022,CO2/CO/NOx,2022-07-28 23:00:00+02:00,0.3238619025439858
2022,CO2/CO/NOx,2022-07-29 00:00:00+02:00,0.3093712664361734
2022,CO2/CO/NOx,2022-07-29 01:00:00+02:00,0.3031678707763009
2022,CO2/CO/NOx,2022-07-29 02:00:00+02:00,0.3063092305064632
2022,CO2/CO/NOx,2022-07-29 03:00:00+02:00,0.31591108728883116
2022,CO2/CO/NOx,2022-07-29 04:00:00+02:00,0.3257858414604496
2022,CO2/CO/NOx,2022-07-29 05:00:00+02:00,0.33954551791810433
2022,CO2/CO/NOx,2022-07-29 06:00:00+02:00,0.35267663292322193
2022,CO2/CO/NOx,2022-07-29 07:00:00+02:00,0.3608831033528614
2022,CO2/CO/NOx,2022-07-29 08:00:00+02:00,0.36253545659318337
2022,CO2/CO/NOx,2022-07-29 09:00:00+02:00,0.35668617042027706
2022,CO2/CO/NOx,2022-07-29 10:00:00+02:00,0.35488289720206273
2022,CO2/CO/NOx,2022-07-29 11:00:00+02:00,0.35222942112164246
2022,CO2/CO/NOx,2022-07-29 12:00:00+02:00,0.3477386319027888
2022,CO2/CO/NOx,2022-07-29 13:00:00+02:00,0.34556178161261664
2022,CO2/CO/NOx,2022-07-29 14:00:00+02:00,0.34684324590063675
2022,CO2/CO/NOx,2022-07-29 15:00:00+02:00,0.3501308946976594
2022,CO2/CO/NOx,2022-07-29 16:00:00+02:00,0.35204109129122707
2022,CO2/CO/NOx,2022-07-29 17:00:00+02:00,0.3544165549849652
2022,CO2/CO/NOx,2022-07-29 18:00:00+02:00,0.3607260010971711
2022,CO2/CO/NOx,2022-07-29 19:00:00+02:00,0.3610394683478309
2022,CO2/CO/NOx,2022-07-29 20:00:00+02:00,0.35762079381691986
2022,CO2/CO/NOx,2022-07-29 21:00:00+02:00,0.35231223173516507
2022,CO2/CO/NOx,2022-07-29 22:00:00+02:00,0.3463210720861673
2022,CO2/CO/NOx,2022-07-29 23:00:00+02:00,0.3411576504947297
2022,CO2/CO/NOx,2022-07-30 00:00:00+02:00,0.33578562540339885
2022,CO2/CO/NOx,2022-07-30 01:00:00+02:00,0.33395663653121754
2022,CO2/CO/NOx,2022-07-30 02:00:00+02:00,0.33645297150939973
2022,CO2/CO/NOx,2022-07-30 03:00:00+02:00,0.33971093238913436
2022,CO2/CO/NOx,2022-07-30 04:00:00+02:00,0.3411418027026159
2022,CO2/CO/NOx,2022-07-30 05:00:00+02:00,0.3457572892245743
2022,CO2/CO/NOx,2022-07-30 06:00:00+02:00,0.352435648817055
2022,CO2/CO/NOx,2022-07-30 07:00:00+02:00,0.3579265556326429
2022,CO2/CO/NOx,2022-07-30 08:00:00+02:00,0.3614188865324815
2022,CO2/CO/NOx,2022-07-30 09:00:00+02:00,0.3623085799420354
2022,CO2/CO/NOx,2022-07-30 10:00:00+02:00,0.3636488928755143
2022,CO2/CO/NOx,2022-07-30 11:00:00+02:00,0.36255311705597293
2022,CO2/CO/NOx,2022-07-30 12:00:00+02:00,0.3578843480166708
2022,CO2/CO/NOx,2022-07-30 13:00:00+02:00,0.3565964979232344
2022,CO2/CO/NOx,2022-07-30 14:00:00+02:00,0.35670241568684025
2022,CO2/CO/NOx,2022-07-30 15:00:00+02:00,0.3568340599451707
2022,CO2/CO/NOx,2022-07-30 16:00:00+02:00,0.35655345322712306
2022,CO2/CO/NOx,2022-07-30 17:00:00+02:00,0.3586258174341898
2022,CO2/CO/NOx,2022-07-30 18:00:00+02:00,0.36392199985946294
2022,CO2/CO/NOx,2022-07-30 19:00:00+02:00,0.3644275871999565
2022,CO2/CO/NOx,2022-07-30 20:00:00+02:00,0.3610785739461916
2022,CO2/CO/NOx,2022-07-30 21:00:00+02:00,0.356047771207268
2022,CO2/CO/NOx,2022-07-30 22:00:00+02:00,0.3474915223018952
2022,CO2/CO/NOx,2022-07-30 23:00:00+02:00,0.33663476386382923
2022,CO2/CO/NOx,2022-07-31 00:00:00+02:00,0.3239086910374147
2022,CO2/CO/NOx,2022-07-31 01:00:00+02:00,0.3154927685810216
2022,CO2/CO/NOx,2022-07-31 02:00:00+02:00,0.3124644355224642
2022,CO2/CO/NOx,2022-07-31 03:00:00+02:00,0.31378859834463874
2022,CO2/CO/NOx,2022-07-31 04:00:00+02:00,0.3154379298373716
2022,CO2/CO/NOx,2022-07-31 05:00:00+02:00,0.3231364738313877
2022,CO2/CO/NOx,2022-07-31 06:00:00+02:00,0.3344239349633754
2022,CO2/CO/NOx,2022-07-31 07:00:00+02:00,0.34384427429043707
2022,CO2/CO/NOx,2022-07-31 08:00:00+02:00,0.35129199457543575
2022,CO2/CO/NOx,2022-07-31 09:00:00+02:00,0.35629063466351807
2022,CO2/CO/NOx,2022-07-31 10:00:00+02:00,0.3593246329080642
2022,CO2/CO/NOx,2022-07-31 11:00:00+02:00,0.3587335544567472
2022,CO2/CO/NOx,2022-07-31 12:00:00+02:00,0.35571369845113626
2022,CO2/CO/NOx,2022-07-31 13:00:00+02:00,0.3535012510469787
2022,CO2/CO/NOx,2022-07-31 14:00:00+02:00,0.35389878568813243
2022,CO2/CO/NOx,2022-07-31 15:00:00+02:00,0.3535048799120512
2022,CO2/CO/NOx,2022-07-31 16:00:00+02:00,0.35269618371999756
2022,CO2/CO/NOx,2022-07-31 17:00:00+02:00,0.35399319343634733
2022,CO2/CO/NOx,2022-07-31 18:00:00+02:00,0.35732317351368426
2022,CO2/CO/NOx,2022-07-31 19:00:00+02:00,0.3577996523293034
2022,CO2/CO/NOx,2022-07-31 20:00:00+02:00,0.35429182741328713
2022,CO2/CO/NOx,2022-07-31 21:00:00+02:00,0.3484745893768363
2022,CO2/CO/NOx,2022-07-31 22:00:00+02:00,0.33871896745864477
2022,CO2/CO/NOx,2022-07-31 23:00:00+02:00,0.3268767224112904
2022,CO2/CO/NOx,2022-08-01 00:00:00+02:00,0.3108418120079402
2022,CO2/CO/NOx,2022-08-01 01:00:00+02:00,0.30349672611471923
2022,CO2/CO/NOx,2022-08-01 02:00:00+02:00,0.30365265880902764
2022,CO2/CO/NOx,2022-08-01 03:00:00+02:00,0.3117407373120962
2022,CO2/CO/NOx,2022-08-01 04:00:00+02:00,0.32426558722996807
2022,CO2/CO/NOx,2022-08-01 05:00:00+02:00,0.3388863739666058
2022,CO2/CO/NOx,2022-08-01 06:00:00+02:00,0.35533061450856185
2022,CO2/CO/NOx,2022-08-01 07:00:00+02:00,0.36493019161876483
2022,CO2/CO/NOx,2022-08-01 08:00:00+02:00,0.36781309681643654
2022,CO2/CO/NOx,2022-08-01 09:00:00+02:00,0.36257699258437803
2022,CO2/CO/NOx,2022-08-01 10:00:00+02:00,0.35881087989627963
2022,CO2/CO/NOx,2022-08-01 11:00:00+02:00,0.35143844107551286
2022,CO2/CO/NOx,2022-08-01 12:00:00+02:00,0.3455308695481871
2022,CO2/CO/NOx,2022-08-01 13:00:00+02:00,0.3423900193141868
2022,CO2/CO/NOx,2022-08-01 14:00:00+02:00,0.3423392789198446
2022,CO2/CO/NOx,2022-08-01 15:00:00+02:00,0.3452954738091629
2022,CO2/CO/NOx,2022-08-01 16:00:00+02:00,0.3470851333887893
2022,CO2/CO/NOx,2022-08-01 17:00:00+02:00,0.349299965299645
2022,CO2/CO/NOx,2022-08-01 18:00:00+02:00,0.3547426793028145
2022,CO2/CO/NOx,2022-08-01 19:00:00+02:00,0.3542702083125705
2022,CO2/CO/NOx,2022-08-01 20:00:00+02:00,0.350313869910673
2022,CO2/CO/NOx,2022-08-01 21:00:00+02:00,0.3444197495708616
2022,CO2/CO/NOx,2022-08-01 22:00:00+02:00,0.3375220025477701
2022,CO2/CO/NOx,2022-08-01 23:00:00+02:00,0.33164572578683094
2022,CO2/CO/NOx,2022-08-02 00:00:00+02:00,0.32230997887699075
2022,CO2/CO/NOx,2022-08-02 01:00:00+02:00,0.3219697530770888
2022,CO2/CO/NOx,2022-08-02 02:00:00+02:00,0.3301228692225254
2022,CO2/CO/NOx,2022-08-02 03:00:00+02:00,0.3432224106129367
2022,CO2/CO/NOx,2022-08-02 04:00:00+02:00,0.352726661093582
2022,CO2/CO/NOx,2022-08-02 05:00:00+02:00,0.36215069390145144
2022,CO2/CO/NOx,2022-08-02 06:00:00+02:00,0.37059316941695725
2022,CO2/CO/NOx,2022-08-02 07:00:00+02:00,0.3736363936128504
2022,CO2/CO/NOx,2022-08-02 08:00:00+02:00,0.37095177642946164
2022,CO2/CO/NOx,2022-08-02 09:00:00+02:00,0.3623174914147206
2022,CO2/CO/NOx,2022-08-02 10:00:00+02:00,0.35957911652198904
2022,CO2/CO/NOx,2022-08-02 11:00:00+02:00,0.35763985556298394
2022,CO2/CO/NOx,2022-08-02 12:00:00+02:00,0.35440374070589714
2022,CO2/CO/NOx,2022-08-02 13:00:00+02:00,0.35276060778067747
2022,CO2/CO/NOx,2022-08-02 14:00:00+02:00,0.35172402415615556
2022,CO2/CO/NOx,2022-08-02 15:00:00+02:00,0.3527455320213819
2022,CO2/CO/NOx,2022-08-02 16:00:00+02:00,0.35255009903912343
2022,CO2/CO/NOx,2022-08-02 17:00:00+02:00,0.35313130078236254
2022,CO2/CO/NOx,2022-08-02 18:00:00+02:00,0.35701643549870804
2022,CO2/CO/NOx,2022-08-02 19:00:00+02:00,0.3576386494328977
2022,CO2/CO/NOx,2022-08-02 20:00:00+02:00,0.35370546424808097
2022,CO2/CO/NOx,2022-08-02 21:00:00+02:00,0.34528656485581777
2022,CO2/CO/NOx,2022-08-02 22:00:00+02:00,0.3341419024024415
2022,CO2/CO/NOx,2022-08-02 23:00:00+02:00,0.32169211860051844
2022,CO2/CO/NOx,2022-08-03 00:00:00+02:00,0.3049938189344381
2022,CO2/CO/NOx,2022-08-03 01:00:00+02:00,0.29972894186400423
2022,CO2/CO/NOx,2022-08-03 02:00:00+02:00,0.3060000329908508
2022,CO2/CO/NOx,2022-08-03 03:00:00+02:00,0.31911508979087194
2022,CO2/CO/NOx,2022-08-03 04:00:00+02:00,0.3352720331519811
2022,CO2/CO/NOx,2022-08-03 05:00:00+02:00,0.35058398099011057
2022,CO2/CO/NOx,2022-08-03 06:00:00+02:00,0.36325885433127103
2022,CO2/CO/NOx,2022-08-03 07:00:00+02:00,0.36914516118443436
2022,CO2/CO/NOx,2022-08-03 08:00:00+02:00,0.36761475828620116
2022,CO2/CO/NOx,2022-08-03 09:00:00+02:00,0.3578790252116687
2022,CO2/CO/NOx,2022-08-03 10:00:00+02:00,0.3547930933473768
2022,CO2/CO/NOx,2022-08-03 11:00:00+02:00,0.35142903543081805
2022,CO2/CO/NOx,2022-08-03 12:00:00+02:00,0.34754879172739006
2022,CO2/CO/NOx,2022-08-03 13:00:00+02:00,0.3498728641267775
2022,CO2/CO/NOx,2022-08-03 14:00:00+02:00,0.35445831482168666
2022,CO2/CO/NOx,2022-08-03 15:00:00+02:00,0.3596331382937263
2022,CO2/CO/NOx,2022-08-03 16:00:00+02:00,0.3612466369630988
2022,CO2/CO/NOx,2022-08-03 17:00:00+02:00,0.36179913173153816
2022,CO2/CO/NOx,2022-08-03 18:00:00+02:00,0.3629499219847227
2022,CO2/CO/NOx,2022-08-03 19:00:00+02:00,0.3576433802912531
2022,CO2/CO/NOx,2022-08-03 20:00:00+02:00,0.3478595208189008
2022,CO2/CO/NOx,2022-08-03 21:00:00+02:00,0.3370080809591924
2022,CO2/CO/NOx,2022-08-03 22:00:00+02:00,0.3281084344250856
2022,CO2/CO/NOx,2022-08-03 23:00:00+02:00,0.3205746409565309
2022,CO2/CO/NOx,2022-08-04 00:00:00+02:00,0.3099047500525968
2022,CO2/CO/NOx,2022-08-04 01:00:00+02:00,0.3059325341871005
2022,CO2/CO/NOx,2022-08-04 02:00:00+02:00,0.30833822526805105
2022,CO2/CO/NOx,2022-08-04 03:00:00+02:00,0.3180750114998401
2022,CO2/CO/NOx,2022-08-04 04:00:00+02:00,0.3295719778308298
2022,CO2/CO/NOx,2022-08-04 05:00:00+02:00,0.34318691271377855
2022,CO2/CO/NOx,2022-08-04 06:00:00+02:00,0.3578187132312644
2022,CO2/CO/NOx,2022-08-04 07:00:00+02:00,0.3667928441895946
2022,CO2/CO/NOx,2022-08-04 08:00:00+02:00,0.36719631180554424
2022,CO2/CO/NOx,2022-08-04 09:00:00+02:00,0.36200644344392335
2022,CO2/CO/NOx,2022-08-04 10:00:00+02:00,0.3604060931113116
2022,CO2/CO/NOx,2022-08-04 11:00:00+02:00,0.3591298057829535
2022,CO2/CO/NOx,2022-08-04 12:00:00+02:00,0.3606772341360918
2022,CO2/CO/NOx,2022-08-04 13:00:00+02:00,0.3653209274341638
2022,CO2/CO/NOx,2022-08-04 14:00:00+02:00,0.3708296658587488
2022,CO2/CO/NOx,2022-08-04 15:00:00+02:00,0.37854207267813333
2022,CO2/CO/NOx,2022-08-04 16:00:00+02:00,0.37866158676169626
2022,CO2/CO/NOx,2022-08-04 17:00:00+02:00,0.3728280828712781
2022,CO2/CO/NOx,2022-08-04 18:00:00+02:00,0.36963611531001306
2022,CO2/CO/NOx,2022-08-04 19:00:00+02:00,0.3608217651370647
2022,CO2/CO/NOx,2022-08-04 20:00:00+02:00,0.3489571566284648
2022,CO2/CO/NOx,2022-08-04 21:00:00+02:00,0.33612748042432056
2022,CO2/CO/NOx,2022-08-04 22:00:00+02:00,0.3240029819793353
2022,CO2/CO/NOx,2022-08-04 23:00:00+02:00,0.3152667543749727
2022,CO2/CO/NOx,2022-08-05 00:00:00+02:00,0.30731561580663624
2022,CO2/CO/NOx,2022-08-05 01:00:00+02:00,0.30369967097075795
2022,CO2/CO/NOx,2022-08-05 02:00:00+02:00,0.3078808145105777
2022,CO2/CO/NOx,2022-08-05 03:00:00+02:00,0.31889264993397026
2022,CO2/CO/NOx,2022-08-05 04:00:00+02:00,0.33020516070528794
2022,CO2/CO/NOx,2022-08-05 05:00:00+02:00,0.34273784858989004
2022,CO2/CO/NOx,2022-08-05 06:00:00+02:00,0.3534090971915205
2022,CO2/CO/NOx,2022-08-05 07:00:00+02:00,0.3616501457226263
2022,CO2/CO/NOx,2022-08-05 08:00:00+02:00,0.3659081637021844
2022,CO2/CO/NOx,2022-08-05 09:00:00+02:00,0.3628656482873869
2022,CO2/CO/NOx,2022-08-05 10:00:00+02:00,0.3621753181199098
2022,CO2/CO/NOx,2022-08-05 11:00:00+02:00,0.3626149250166532
2022,CO2/CO/NOx,2022-08-05 12:00:00+02:00,0.3631576897772997
2022,CO2/CO/NOx,2022-08-05 13:00:00+02:00,0.3662401933498105
2022,CO2/CO/NOx,2022-08-05 14:00:00+02:00,0.3692760453582992
2022,CO2/CO/NOx,2022-08-05 15:00:00+02:00,0.3704748887373583
2022,CO2/CO/NOx,2022-08-05 16:00:00+02:00,0.3731305327219443
2022,CO2/CO/NOx,2022-08-05 17:00:00+02:00,0.3711736499670452
2022,CO2/CO/NOx,2022-08-05 18:00:00+02:00,0.36983432605163963
2022,CO2/CO/NOx,2022-08-05 19:00:00+02:00,0.3634151073516538
2022,CO2/CO/NOx,2022-08-05 20:00:00+02:00,0.3546268214894595
2022,CO2/CO/NOx,2022-08-05 21:00:00+02:00,0.34551300018385683
2022,CO2/CO/NOx,2022-08-05 22:00:00+02:00,0.3376490065986961
2022,CO2/CO/NOx,2022-08-05 23:00:00+02:00,0.33169441318528264
2022,CO2/CO/NOx,2022-08-06 00:00:00+02:00,0.3278731815422308
2022,CO2/CO/NOx,2022-08-06 01:00:00+02:00,0.3295472725979126
2022,CO2/CO/NOx,2022-08-06 02:00:00+02:00,0.3307485464913925
2022,CO2/CO/NOx,2022-08-06 03:00:00+02:00,0.3349447414779736
2022,CO2/CO/NOx,2022-08-06 04:00:00+02:00,0.3414596265801239
2022,CO2/CO/NOx,2022-08-06 05:00:00+02:00,0.35232934877982613
2022,CO2/CO/NOx,2022-08-06 06:00:00+02:00,0.3641041100853277
2022,CO2/CO/NOx,2022-08-06 07:00:00+02:00,0.3786333160936184
2022,CO2/CO/NOx,2022-08-06 08:00:00+02:00,0.39121476079368794
2022,CO2/CO/NOx,2022-08-06 09:00:00+02:00,0.4008046808383107
2022,CO2/CO/NOx,2022-08-06 10:00:00+02:00,0.40840896335317606
2022,CO2/CO/NOx,2022-08-06 11:00:00+02:00,0.4076569905060675
2022,CO2/CO/NOx,2022-08-06 12:00:00+02:00,0.4014778439572001
2022,CO2/CO/NOx,2022-08-06 13:00:00+02:00,0.3974114798556725
2022,CO2/CO/NOx,2022-08-06 14:00:00+02:00,0.39240021784482365
2022,CO2/CO/NOx,2022-08-06 15:00:00+02:00,0.38635556822694006
2022,CO2/CO/NOx,2022-08-06 16:00:00+02:00,0.38304922897932125
2022,CO2/CO/NOx,2022-08-06 17:00:00+02:00,0.3799864511068562
2022,CO2/CO/NOx,2022-08-06 18:00:00+02:00,0.38011405271691057
2022,CO2/CO/NOx,2022-08-06 19:00:00+02:00,0.3823713054479523
2022,CO2/CO/NOx,2022-08-06 20:00:00+02:00,0.3825400886599649
2022,CO2/CO/NOx,2022-08-06 21:00:00+02:00,0.3792877264378804
2022,CO2/CO/NOx,2022-08-06 22:00:00+02:00,0.37317615056001263
2022,CO2/CO/NOx,2022-08-06 23:00:00+02:00,0.3653572275808217
2022,CO2/CO/NOx,2022-08-07 00:00:00+02:00,0.3544522383093114
2022,CO2/CO/NOx,2022-08-07 01:00:00+02:00,0.34660736557409527
2022,CO2/CO/NOx,2022-08-07 02:00:00+02:00,0.3442418038326927
2022,CO2/CO/NOx,2022-08-07 03:00:00+02:00,0.34535892046405353
2022,CO2/CO/NOx,2022-08-07 04:00:00+02:00,0.353814686060858
2022,CO2/CO/NOx,2022-08-07 05:00:00+02:00,0.3689262476317636
2022,CO2/CO/NOx,2022-08-07 06:00:00+02:00,0.3822127050862792
2022,CO2/CO/NOx,2022-08-07 07:00:00+02:00,0.39288851343349723
2022,CO2/CO/NOx,2022-08-07 08:00:00+02:00,0.39771580606956447
2022,CO2/CO/NOx,2022-08-07 09:00:00+02:00,0.3952101789183501
2022,CO2/CO/NOx,2022-08-07 10:00:00+02:00,0.38953760030392526
2022,CO2/CO/NOx,2022-08-07 11:00:00+02:00,0.3804785923542086
2022,CO2/CO/NOx,2022-08-07 12:00:00+02:00,0.3690794602528457
2022,CO2/CO/NOx,2022-08-07 13:00:00+02:00,0.3628176137123289
2022,CO2/CO/NOx,2022-08-07 14:00:00+02:00,0.36266296193645037
2022,CO2/CO/NOx,2022-08-07 15:00:00+02:00,0.36484114531817885
2022,CO2/CO/NOx,2022-08-07 16:00:00+02:00,0.3684111736673941
2022,CO2/CO/NOx,2022-08-07 17:00:00+02:00,0.37122981527436033
2022,CO2/CO/NOx,2022-08-07 18:00:00+02:00,0.3749279296427267
2022,CO2/CO/NOx,2022-08-07 19:00:00+02:00,0.3758019740200306
2022,CO2/CO/NOx,2022-08-07 20:00:00+02:00,0.36875187024638295
2022,CO2/CO/NOx,2022-08-07 21:00:00+02:00,0.357680468129001
2022,CO2/CO/NOx,2022-08-07 22:00:00+02:00,0.3454415316697151
2022,CO2/CO/NOx,2022-08-07 23:00:00+02:00,0.3356594306520668
2022,CO2/CO/NOx,2022-08-08 00:00:00+02:00,0.32206932854535936
2022,CO2/CO/NOx,2022-08-08 01:00:00+02:00,0.3190118564078719
2022,CO2/CO/NOx,2022-08-08 02:00:00+02:00,0.3293054693451585
2022,CO2/CO/NOx,2022-08-08 03:00:00+02:00,0.3552008328860771
2022,CO2/CO/NOx,2022-08-08 04:00:00+02:00,0.3828557349043324
2022,CO2/CO/NOx,2022-08-08 05:00:00+02:00,0.4052192718359606
2022,CO2/CO/NOx,2022-08-08 06:00:00+02:00,0.42277648955131897
2022,CO2/CO/NOx,2022-08-08 07:00:00+02:00,0.4272540828472773
2022,CO2/CO/NOx,2022-08-08 08:00:00+02:00,0.41798815746502793
2022,CO2/CO/NOx,2022-08-08 09:00:00+02:00,0.39508329028469535
2022,CO2/CO/NOx,2022-08-08 10:00:00+02:00,0.3775886335167986
2022,CO2/CO/NOx,2022-08-08 11:00:00+02:00,0.3659454963471236
2022,CO2/CO/NOx,2022-08-08 12:00:00+02:00,0.36270217069531047
2022,CO2/CO/NOx,2022-08-08 13:00:00+02:00,0.36316994174524936
2022,CO2/CO/NOx,2022-08-08 14:00:00+02:00,0.36572352118757934
2022,CO2/CO/NOx,2022-08-08 15:00:00+02:00,0.371534782545044
2022,CO2/CO/NOx,2022-08-08 16:00:00+02:00,0.3717268370206275
2022,CO2/CO/NOx,2022-08-08 17:00:00+02:00,0.3704667494353662
2022,CO2/CO/NOx,2022-08-08 18:00:00+02:00,0.3724991602769807
2022,CO2/CO/NOx,2022-08-08 19:00:00+02:00,0.3685744116963569
2022,CO2/CO/NOx,2022-08-08 20:00:00+02:00,0.36055143402331524
2022,CO2/CO/NOx,2022-08-08 21:00:00+02:00,0.34823138284844835
2022,CO2/CO/NOx,2022-08-08 22:00:00+02:00,0.3378208395955628
2022,CO2/CO/NOx,2022-08-08 23:00:00+02:00,0.33032355239968575
2022,CO2/CO/NOx,2022-08-09 00:00:00+02:00,0.32280791907885675
2022,CO2/CO/NOx,2022-08-09 01:00:00+02:00,0.3289154488108451
2022,CO2/CO/NOx,2022-08-09 02:00:00+02:00,0.34740692590707595
2022,CO2/CO/NOx,2022-08-09 03:00:00+02:00,0.3769417237758394
2022,CO2/CO/NOx,2022-08-09 04:00:00+02:00,0.3987518438365062
2022,CO2/CO/NOx,2022-08-09 05:00:00+02:00,0.41630778567480736
2022,CO2/CO/NOx,2022-08-09 06:00:00+02:00,0.42541289602844434
2022,CO2/CO/NOx,2022-08-09 07:00:00+02:00,0.4227159171842998
2022,CO2/CO/NOx,2022-08-09 08:00:00+02:00,0.4091770313077228
2022,CO2/CO/NOx,2022-08-09 09:00:00+02:00,0.3855959660472
2022,CO2/CO/NOx,2022-08-09 10:00:00+02:00,0.37051095875957324
2022,CO2/CO/NOx,2022-08-09 11:00:00+02:00,0.36403989955155525
2022,CO2/CO/NOx,2022-08-09 12:00:00+02:00,0.3649529689502211
2022,CO2/CO/NOx,2022-08-09 13:00:00+02:00,0.36627699174824246
2022,CO2/CO/NOx,2022-08-09 14:00:00+02:00,0.3697230346276492
2022,CO2/CO/NOx,2022-08-09 15:00:00+02:00,0.37592945497698665
2022,CO2/CO/NOx,2022-08-09 16:00:00+02:00,0.37524881659278825
2022,CO2/CO/NOx,2022-08-09 17:00:00+02:00,0.37178568227239545
2022,CO2/CO/NOx,2022-08-09 18:00:00+02:00,0.3695436266586795
2022,CO2/CO/NOx,2022-08-09 19:00:00+02:00,0.3628617948788316
2022,CO2/CO/NOx,2022-08-09 20:00:00+02:00,0.3580365565253758
2022,CO2/CO/NOx,2022-08-09 21:00:00+02:00,0.347823451436897
2022,CO2/CO/NOx,2022-08-09 22:00:00+02:00,0.3347751301130478
2022,CO2/CO/NOx,2022-08-09 23:00:00+02:00,0.3220066213307005
2022,CO2/CO/NOx,2022-08-10 00:00:00+02:00,0.3085847315120147
2022,CO2/CO/NOx,2022-08-10 01:00:00+02:00,0.30551834157337043
2022,CO2/CO/NOx,2022-08-10 02:00:00+02:00,0.3167104960339562
2022,CO2/CO/NOx,2022-08-10 03:00:00+02:00,0.33689885489955235
2022,CO2/CO/NOx,2022-08-10 04:00:00+02:00,0.3565124160298468
2022,CO2/CO/NOx,2022-08-10 05:00:00+02:00,0.37702961473274704
2022,CO2/CO/NOx,2022-08-10 06:00:00+02:00,0.3904681831926821
2022,CO2/CO/NOx,2022-08-10 07:00:00+02:00,0.39416613011577184
2022,CO2/CO/NOx,2022-08-10 08:00:00+02:00,0.38854249745115604
2022,CO2/CO/NOx,2022-08-10 09:00:00+02:00,0.3716219401372779
2022,CO2/CO/NOx,2022-08-10 10:00:00+02:00,0.3623811738142654
2022,CO2/CO/NOx,2022-08-10 11:00:00+02:00,0.35780885876703467
2022,CO2/CO/NOx,2022-08-10 12:00:00+02:00,0.3555125407246239
2022,CO2/CO/NOx,2022-08-10 13:00:00+02:00,0.35726744867398275
2022,CO2/CO/NOx,2022-08-10 14:00:00+02:00,0.36309156642136065
2022,CO2/CO/NOx,2022-08-10 15:00:00+02:00,0.3699873943408646
2022,CO2/CO/NOx,2022-08-10 16:00:00+02:00,0.37265354060706996
2022,CO2/CO/NOx,2022-08-10 17:00:00+02:00,0.3726866463581429
2022,CO2/CO/NOx,2022-08-10 18:00:00+02:00,0.3727040910017333
2022,CO2/CO/NOx,2022-08-10 19:00:00+02:00,0.3677382580179727
2022,CO2/CO/NOx,2022-08-10 20:00:00+02:00,0.35926525794248426
2022,CO2/CO/NOx,2022-08-10 21:00:00+02:00,0.34706808834969566
2022,CO2/CO/NOx,2022-08-10 22:00:00+02:00,0.33347461585040417
2022,CO2/CO/NOx,2022-08-10 23:00:00+02:00,0.3204360585865823
2022,CO2/CO/NOx,2022-08-11 00:00:00+02:00,0.30490435420047646
2022,CO2/CO/NOx,2022-08-11 01:00:00+02:00,0.3004188818738737
2022,CO2/CO/NOx,2022-08-11 02:00:00+02:00,0.31068379301322185
2022,CO2/CO/NOx,2022-08-11 03:00:00+02:00,0.3291424613084009
2022,CO2/CO/NOx,2022-08-11 04:00:00+02:00,0.3484251288399765
2022,CO2/CO/NOx,2022-08-11 05:00:00+02:00,0.3698322147826856
2022,CO2/CO/NOx,2022-08-11 06:00:00+02:00,0.3865286581555803
2022,CO2/CO/NOx,2022-08-11 07:00:00+02:00,0.39230686032272094
2022,CO2/CO/NOx,2022-08-11 08:00:00+02:00,0.38746237385418203
2022,CO2/CO/NOx,2022-08-11 09:00:00+02:00,0.37203539048604206
2022,CO2/CO/NOx,2022-08-11 10:00:00+02:00,0.3626569158342303
2022,CO2/CO/NOx,2022-08-11 11:00:00+02:00,0.3573940553578765
2022,CO2/CO/NOx,2022-08-11 12:00:00+02:00,0.3528535773608754
2022,CO2/CO/NOx,2022-08-11 13:00:00+02:00,0.35366781150582827
2022,CO2/CO/NOx,2022-08-11 14:00:00+02:00,0.3594987173386511
2022,CO2/CO/NOx,2022-08-11 15:00:00+02:00,0.3669333323350014
2022,CO2/CO/NOx,2022-08-11 16:00:00+02:00,0.3698210965205223
2022,CO2/CO/NOx,2022-08-11 17:00:00+02:00,0.37062119948891364
2022,CO2/CO/NOx,2022-08-11 18:00:00+02:00,0.3729517153483163
2022,CO2/CO/NOx,2022-08-11 19:00:00+02:00,0.3689758660650064
2022,CO2/CO/NOx,2022-08-11 20:00:00+02:00,0.36016787340008655
2022,CO2/CO/NOx,2022-08-11 21:00:00+02:00,0.35090809020963104
2022,CO2/CO/NOx,2022-08-11 22:00:00+02:00,0.3382827082875591
2022,CO2/CO/NOx,2022-08-11 23:00:00+02:00,0.3255356609949258
2022,CO2/CO/NOx,2022-08-12 00:00:00+02:00,0.3138552836296121
2022,CO2/CO/NOx,2022-08-12 01:00:00+02:00,0.31207448368376123
2022,CO2/CO/NOx,2022-08-12 02:00:00+02:00,0.32649930318781345
2022,CO2/CO/NOx,2022-08-12 03:00:00+02:00,0.3593388248922133
2022,CO2/CO/NOx,2022-08-12 04:00:00+02:00,0.38815385117891665
2022,CO2/CO/NOx,2022-08-12 05:00:00+02:00,0.4152082629368999
2022,CO2/CO/NOx,2022-08-12 06:00:00+02:00,0.4354264900810336
2022,CO2/CO/NOx,2022-08-12 07:00:00+02:00,0.4363864055437623
2022,CO2/CO/NOx,2022-08-12 08:00:00+02:00,0.4217917151571217
2022,CO2/CO/NOx,2022-08-12 09:00:00+02:00,0.3944833835996207
2022,CO2/CO/NOx,2022-08-12 10:00:00+02:00,0.3726967358668799
2022,CO2/CO/NOx,2022-08-12 11:00:00+02:00,0.36513305826728676
2022,CO2/CO/NOx,2022-08-12 12:00:00+02:00,0.36751527695593617
2022,CO2/CO/NOx,2022-08-12 13:00:00+02:00,0.36776883907930885
2022,CO2/CO/NOx,2022-08-12 14:00:00+02:00,0.37074968544181547
2022,CO2/CO/NOx,2022-08-12 15:00:00+02:00,0.3758882103324206
2022,CO2/CO/NOx,2022-08-12 16:00:00+02:00,0.3742046541443525
2022,CO2/CO/NOx,2022-08-12 17:00:00+02:00,0.369739696514412
2022,CO2/CO/NOx,2022-08-12 18:00:00+02:00,0.3661747217413325
2022,CO2/CO/NOx,2022-08-12 19:00:00+02:00,0.36059784309141246
2022,CO2/CO/NOx,2022-08-12 20:00:00+02:00,0.3562548656118176
2022,CO2/CO/NOx,2022-08-12 21:00:00+02:00,0.3522788718613166
2022,CO2/CO/NOx,2022-08-12 22:00:00+02:00,0.3411689438918071
2022,CO2/CO/NOx,2022-08-12 23:00:00+02:00,0.3326668659221057
2022,CO2/CO/NOx,2022-08-13 00:00:00+02:00,0.32708488712901695
2022,CO2/CO/NOx,2022-08-13 01:00:00+02:00,0.3291932232430705
2022,CO2/CO/NOx,2022-08-13 02:00:00+02:00,0.3510479531904437
2022,CO2/CO/NOx,2022-08-13 03:00:00+02:00,0.38024292906750207
2022,CO2/CO/NOx,2022-08-13 04:00:00+02:00,0.40134505343911653
2022,CO2/CO/NOx,2022-08-13 05:00:00+02:00,0.4192588807662575
2022,CO2/CO/NOx,2022-08-13 06:00:00+02:00,0.43504691252847494
2022,CO2/CO/NOx,2022-08-13 07:00:00+02:00,0.43055888380295526
2022,CO2/CO/NOx,2022-08-13 08:00:00+02:00,0.41754233064767915
2022,CO2/CO/NOx,2022-08-13 09:00:00+02:00,0.3941998856888037
2022,CO2/CO/NOx,2022-08-13 10:00:00+02:00,0.3780468024319847
2022,CO2/CO/NOx,2022-08-13 11:00:00+02:00,0.37962892979476937
2022,CO2/CO/NOx,2022-08-13 12:00:00+02:00,0.3793564905584007
2022,CO2/CO/NOx,2022-08-13 13:00:00+02:00,0.378220895648133
2022,CO2/CO/NOx,2022-08-13 14:00:00+02:00,0.37904616567346466
2022,CO2/CO/NOx,2022-08-13 15:00:00+02:00,0.383477847440558
2022,CO2/CO/NOx,2022-08-13 16:00:00+02:00,0.3787370798230407
2022,CO2/CO/NOx,2022-08-13 17:00:00+02:00,0.3741182932463755
2022,CO2/CO/NOx,2022-08-13 18:00:00+02:00,0.3709847704730637
2022,CO2/CO/NOx,2022-08-13 19:00:00+02:00,0.3676212662690316
2022,CO2/CO/NOx,2022-08-13 20:00:00+02:00,0.36428622933945853
2022,CO2/CO/NOx,2022-08-13 21:00:00+02:00,0.35649717242925955
2022,CO2/CO/NOx,2022-08-13 22:00:00+02:00,0.34400021268379527
2022,CO2/CO/NOx,2022-08-13 23:00:00+02:00,0.3370024660242018
2022,CO2/CO/NOx,2022-08-14 00:00:00+02:00,0.3316054767180907
2022,CO2/CO/NOx,2022-08-14 01:00:00+02:00,0.33460255139817147
2022,CO2/CO/NOx,2022-08-14 02:00:00+02:00,0.36055732422881076
2022,CO2/CO/NOx,2022-08-14 03:00:00+02:00,0.3862122554041319
2022,CO2/CO/NOx,2022-08-14 04:00:00+02:00,0.40568467654141
2022,CO2/CO/NOx,2022-08-14 05:00:00+02:00,0.4207161075650259
2022,CO2/CO/NOx,2022-08-14 06:00:00+02:00,0.424226500429757
2022,CO2/CO/NOx,2022-08-14 07:00:00+02:00,0.4141217424448122
2022,CO2/CO/NOx,2022-08-14 08:00:00+02:00,0.39599262223132853
2022,CO2/CO/NOx,2022-08-14 09:00:00+02:00,0.3746297130909849
2022,CO2/CO/NOx,2022-08-14 10:00:00+02:00,0.36641230458010127
2022,CO2/CO/NOx,2022-08-14 11:00:00+02:00,0.3733663021693931
2022,CO2/CO/NOx,2022-08-14 12:00:00+02:00,0.3733739730544018
2022,CO2/CO/NOx,2022-08-14 13:00:00+02:00,0.3767421111100699
2022,CO2/CO/NOx,2022-08-14 14:00:00+02:00,0.38128619347273235
2022,CO2/CO/NOx,2022-08-14 15:00:00+02:00,0.38174898188653716
2022,CO2/CO/NOx,2022-08-14 16:00:00+02:00,0.3779915879790421
2022,CO2/CO/NOx,2022-08-14 17:00:00+02:00,0.36814395232507013
2022,CO2/CO/NOx,2022-08-14 18:00:00+02:00,0.3660961587417161
2022,CO2/CO/NOx,2022-08-14 19:00:00+02:00,0.36386422065625057
2022,CO2/CO/NOx,2022-08-14 20:00:00+02:00,0.35515946574291074
2022,CO2/CO/NOx,2022-08-14 21:00:00+02:00,0.3442172974272383
2022,CO2/CO/NOx,2022-08-14 22:00:00+02:00,0.33179181033328725
2022,CO2/CO/NOx,2022-08-14 23:00:00+02:00,0.31925618862439065
2022,CO2/CO/NOx,2022-08-15 00:00:00+02:00,0.30665846853331163
2022,CO2/CO/NOx,2022-08-15 01:00:00+02:00,0.30506376000941343
2022,CO2/CO/NOx,2022-08-15 02:00:00+02:00,0.3117618470413027
2022,CO2/CO/NOx,2022-08-15 03:00:00+02:00,0.32247291257048893
2022,CO2/CO/NOx,2022-08-15 04:00:00+02:00,0.33537246037488977
2022,CO2/CO/NOx,2022-08-15 05:00:00+02:00,0.34563108163740974
2022,CO2/CO/NOx,2022-08-15 06:00:00+02:00,0.35842530875318424
2022,CO2/CO/NOx,2022-08-15 07:00:00+02:00,0.364777678724141
2022,CO2/CO/NOx,2022-08-15 08:00:00+02:00,0.3642180730122401
2022,CO2/CO/NOx,2022-08-15 09:00:00+02:00,0.3569844558881581
2022,CO2/CO/NOx,2022-08-15 10:00:00+02:00,0.3563737987313774
2022,CO2/CO/NOx,2022-08-15 11:00:00+02:00,0.3533948367335495
2022,CO2/CO/NOx,2022-08-15 12:00:00+02:00,0.3466820531264109
2022,CO2/CO/NOx,2022-08-15 13:00:00+02:00,0.344398689831436
2022,CO2/CO/NOx,2022-08-15 14:00:00+02:00,0.3422269777883174
2022,CO2/CO/NOx,2022-08-15 15:00:00+02:00,0.3424015206585974
2022,CO2/CO/NOx,2022-08-15 16:00:00+02:00,0.34166619702917744
2022,CO2/CO/NOx,2022-08-15 17:00:00+02:00,0.3425662680965942
2022,CO2/CO/NOx,2022-08-15 18:00:00+02:00,0.34821678786414534
2022,CO2/CO/NOx,2022-08-15 19:00:00+02:00,0.3503672170790739
2022,CO2/CO/NOx,2022-08-15 20:00:00+02:00,0.34821385791074816
2022,CO2/CO/NOx,2022-08-15 21:00:00+02:00,0.34376625518419873
2022,CO2/CO/NOx,2022-08-15 22:00:00+02:00,0.3373319687610932
2022,CO2/CO/NOx,2022-08-15 23:00:00+02:00,0.330246387270334
2022,CO2/CO/NOx,2022-08-16 00:00:00+02:00,0.31988969671149214
2022,CO2/CO/NOx,2022-08-16 01:00:00+02:00,0.3179046032453868
2022,CO2/CO/NOx,2022-08-16 02:00:00+02:00,0.3243261541635069
2022,CO2/CO/NOx,2022-08-16 03:00:00+02:00,0.3384301193794163
2022,CO2/CO/NOx,2022-08-16 04:00:00+02:00,0.35033216629739977
2022,CO2/CO/NOx,2022-08-16 05:00:00+02:00,0.3603731845567338
2022,CO2/CO/NOx,2022-08-16 06:00:00+02:00,0.36888022957284083
2022,CO2/CO/NOx,2022-08-16 07:00:00+02:00,0.37185106074266294
2022,CO2/CO/NOx,2022-08-16 08:00:00+02:00,0.36915126635454837
2022,CO2/CO/NOx,2022-08-16 09:00:00+02:00,0.36016691672204093
2022,CO2/CO/NOx,2022-08-16 10:00:00+02:00,0.3553726177356952
2022,CO2/CO/NOx,2022-08-16 11:00:00+02:00,0.3515017321475725
2022,CO2/CO/NOx,2022-08-16 12:00:00+02:00,0.349116515573956
2022,CO2/CO/NOx,2022-08-16 13:00:00+02:00,0.34801049560809505
2022,CO2/CO/NOx,2022-08-16 14:00:00+02:00,0.34785896459535354
2022,CO2/CO/NOx,2022-08-16 15:00:00+02:00,0.35010932863111605
2022,CO2/CO/NOx,2022-08-16 16:00:00+02:00,0.3510400701306545
2022,CO2/CO/NOx,2022-08-16 17:00:00+02:00,0.351753271561873
2022,CO2/CO/NOx,2022-08-16 18:00:00+02:00,0.3553604428543307
2022,CO2/CO/NOx,2022-08-16 19:00:00+02:00,0.3546724822928094
2022,CO2/CO/NOx,2022-08-16 20:00:00+02:00,0.35015110585877757
2022,CO2/CO/NOx,2022-08-16 21:00:00+02:00,0.3425341016175802
2022,CO2/CO/NOx,2022-08-16 22:00:00+02:00,0.33490086655710416
2022,CO2/CO/NOx,2022-08-16 23:00:00+02:00,0.327449511785379
2022,CO2/CO/NOx,2022-08-17 00:00:00+02:00,0.31776735474520507
2022,CO2/CO/NOx,2022-08-17 01:00:00+02:00,0.3175800422019757
2022,CO2/CO/NOx,2022-08-17 02:00:00+02:00,0.3255323513365127
2022,CO2/CO/NOx,2022-08-17 03:00:00+02:00,0.3363495340355586
2022,CO2/CO/NOx,2022-08-17 04:00:00+02:00,0.34777434239714733
2022,CO2/CO/NOx,2022-08-17 05:00:00+02:00,0.3583638046093692
2022,CO2/CO/NOx,2022-08-17 06:00:00+02:00,0.3666460203084996
2022,CO2/CO/NOx,2022-08-17 07:00:00+02:00,0.3706376947435735
2022,CO2/CO/NOx,2022-08-17 08:00:00+02:00,0.36809787700661145
2022,CO2/CO/NOx,2022-08-17 09:00:00+02:00,0.3596000358733447
2022,CO2/CO/NOx,2022-08-17 10:00:00+02:00,0.35693694999907266
2022,CO2/CO/NOx,2022-08-17 11:00:00+02:00,0.35347938220678704
2022,CO2/CO/NOx,2022-08-17 12:00:00+02:00,0.3495687564198445
2022,CO2/CO/NOx,2022-08-17 13:00:00+02:00,0.3500365131217374
2022,CO2/CO/NOx,2022-08-17 14:00:00+02:00,0.3515173862287161
2022,CO2/CO/NOx,2022-08-17 15:00:00+02:00,0.3541530963270649
2022,CO2/CO/NOx,2022-08-17 16:00:00+02:00,0.3552106397945265
2022,CO2/CO/NOx,2022-08-17 17:00:00+02:00,0.3556241979200303
2022,CO2/CO/NOx,2022-08-17 18:00:00+02:00,0.35772662456521603
2022,CO2/CO/NOx,2022-08-17 19:00:00+02:00,0.35442465029928266
2022,CO2/CO/NOx,2022-08-17 20:00:00+02:00,0.34641255684478406
2022,CO2/CO/NOx,2022-08-17 21:00:00+02:00,0.3384581356941489
2022,CO2/CO/NOx,2022-08-17 22:00:00+02:00,0.3302964886358511
2022,CO2/CO/NOx,2022-08-17 23:00:00+02:00,0.3221564859884667
2022,CO2/CO/NOx,2022-08-18 00:00:00+02:00,0.3108772724239596
2022,CO2/CO/NOx,2022-08-18 01:00:00+02:00,0.3066455100445608
2022,CO2/CO/NOx,2022-08-18 02:00:00+02:00,0.30943463954117817
2022,CO2/CO/NOx,2022-08-18 03:00:00+02:00,0.3191867303057854
2022,CO2/CO/NOx,2022-08-18 04:00:00+02:00,0.33028755230039114
2022,CO2/CO/NOx,2022-08-18 05:00:00+02:00,0.3434676496395597
2022,CO2/CO/NOx,2022-08-18 06:00:00+02:00,0.359595212386018
2022,CO2/CO/NOx,2022-08-18 07:00:00+02:00,0.37313187321273183
2022,CO2/CO/NOx,2022-08-18 08:00:00+02:00,0.3767635402597402
2022,CO2/CO/NOx,2022-08-18 09:00:00+02:00,0.36940586932559577
2022,CO2/CO/NOx,2022-08-18 10:00:00+02:00,0.36560606149631275
2022,CO2/CO/NOx,2022-08-18 11:00:00+02:00,0.361984095798177
2022,CO2/CO/NOx,2022-08-18 12:00:00+02:00,0.360331563480825
2022,CO2/CO/NOx,2022-08-18 13:00:00+02:00,0.3618754650286089
2022,CO2/CO/NOx,2022-08-18 14:00:00+02:00,0.36713718081877145
2022,CO2/CO/NOx,2022-08-18 15:00:00+02:00,0.37101213717910864
2022,CO2/CO/NOx,2022-08-18 16:00:00+02:00,0.372322161393058
2022,CO2/CO/NOx,2022-08-18 17:00:00+02:00,0.3702827208155066
2022,CO2/CO/NOx,2022-08-18 18:00:00+02:00,0.36890383132328464
2022,CO2/CO/NOx,2022-08-18 19:00:00+02:00,0.36477927891134054
2022,CO2/CO/NOx,2022-08-18 20:00:00+02:00,0.3575186369826033
2022,CO2/CO/NOx,2022-08-18 21:00:00+02:00,0.3500147241811789
2022,CO2/CO/NOx,2022-08-18 22:00:00+02:00,0.34171443435134974
2022,CO2/CO/NOx,2022-08-18 23:00:00+02:00,0.3347564905929284
2022,CO2/CO/NOx,2022-08-19 00:00:00+02:00,0.32271708766724777
2022,CO2/CO/NOx,2022-08-19 01:00:00+02:00,0.31866079293911925
2022,CO2/CO/NOx,2022-08-19 02:00:00+02:00,0.3213506581409035
2022,CO2/CO/NOx,2022-08-19 03:00:00+02:00,0.3287723965859676
2022,CO2/CO/NOx,2022-08-19 04:00:00+02:00,0.3369079748194976
2022,CO2/CO/NOx,2022-08-19 05:00:00+02:00,0.3471575157860574
2022,CO2/CO/NOx,2022-08-19 06:00:00+02:00,0.359487949877938
2022,CO2/CO/NOx,2022-08-19 07:00:00+02:00,0.36841733319925507
2022,CO2/CO/NOx,2022-08-19 08:00:00+02:00,0.3733312135020171
2022,CO2/CO/NOx,2022-08-19 09:00:00+02:00,0.37189769811637574
2022,CO2/CO/NOx,2022-08-19 10:00:00+02:00,0.37190542890383627
2022,CO2/CO/NOx,2022-08-19 11:00:00+02:00,0.3676920243650115
2022,CO2/CO/NOx,2022-08-19 12:00:00+02:00,0.3620019573503098
2022,CO2/CO/NOx,2022-08-19 13:00:00+02:00,0.3584464096633126
2022,CO2/CO/NOx,2022-08-19 14:00:00+02:00,0.3570110851499211
2022,CO2/CO/NOx,2022-08-19 15:00:00+02:00,0.35845889741122305
2022,CO2/CO/NOx,2022-08-19 16:00:00+02:00,0.359662785148308
2022,CO2/CO/NOx,2022-08-19 17:00:00+02:00,0.36200165833285325
2022,CO2/CO/NOx,2022-08-19 18:00:00+02:00,0.3680527127961032
2022,CO2/CO/NOx,2022-08-19 19:00:00+02:00,0.3674173933778897
2022,CO2/CO/NOx,2022-08-19 20:00:00+02:00,0.3632575553950937
2022,CO2/CO/NOx,2022-08-19 21:00:00+02:00,0.35623630704783993
2022,CO2/CO/NOx,2022-08-19 22:00:00+02:00,0.3465247686961257
2022,CO2/CO/NOx,2022-08-19 23:00:00+02:00,0.3363914735136775
2022,CO2/CO/NOx,2022-08-20 00:00:00+02:00,0.3269466551765788
2022,CO2/CO/NOx,2022-08-20 01:00:00+02:00,0.32298946943134754
2022,CO2/CO/NOx,2022-08-20 02:00:00+02:00,0.3263668934633644
2022,CO2/CO/NOx,2022-08-20 03:00:00+02:00,0.3357855108000102
2022,CO2/CO/NOx,2022-08-20 04:00:00+02:00,0.34344200797916746
2022,CO2/CO/NOx,2022-08-20 05:00:00+02:00,0.35390905585345134
2022,CO2/CO/NOx,2022-08-20 06:00:00+02:00,0.36285384435442564
2022,CO2/CO/NOx,2022-08-20 07:00:00+02:00,0.3693985852085985
2022,CO2/CO/NOx,2022-08-20 08:00:00+02:00,0.37234385761713856
2022,CO2/CO/NOx,2022-08-20 09:00:00+02:00,0.37169383434573455
2022,CO2/CO/NOx,2022-08-20 10:00:00+02:00,0.37160048491035763
2022,CO2/CO/NOx,2022-08-20 11:00:00+02:00,0.3705763358871118
2022,CO2/CO/NOx,2022-08-20 12:00:00+02:00,0.3672864189449016
2022,CO2/CO/NOx,2022-08-20 13:00:00+02:00,0.3645071543126918
2022,CO2/CO/NOx,2022-08-20 14:00:00+02:00,0.3658265542498318
2022,CO2/CO/NOx,2022-08-20 15:00:00+02:00,0.36999130463210905
2022,CO2/CO/NOx,2022-08-20 16:00:00+02:00,0.37395170111754206
2022,CO2/CO/NOx,2022-08-20 17:00:00+02:00,0.3771441648324833
2022,CO2/CO/NOx,2022-08-20 18:00:00+02:00,0.38122589074548024
2022,CO2/CO/NOx,2022-08-20 19:00:00+02:00,0.38010503257306233
2022,CO2/CO/NOx,2022-08-20 20:00:00+02:00,0.37465456584734014
2022,CO2/CO/NOx,2022-08-20 21:00:00+02:00,0.3654878079509288
2022,CO2/CO/NOx,2022-08-20 22:00:00+02:00,0.3551987486749938
2022,CO2/CO/NOx,2022-08-20 23:00:00+02:00,0.3469789862827378
2022,CO2/CO/NOx,2022-08-21 00:00:00+02:00,0.33941260857965455
2022,CO2/CO/NOx,2022-08-21 01:00:00+02:00,0.3356861439115669
2022,CO2/CO/NOx,2022-08-21 02:00:00+02:00,0.34248940272686124
2022,CO2/CO/NOx,2022-08-21 03:00:00+02:00,0.357657470095388
2022,CO2/CO/NOx,2022-08-21 04:00:00+02:00,0.3740985348763521
2022,CO2/CO/NOx,2022-08-21 05:00:00+02:00,0.38904068148403065
2022,CO2/CO/NOx,2022-08-21 06:00:00+02:00,0.4020535484538134
2022,CO2/CO/NOx,2022-08-21 07:00:00+02:00,0.40738949605681096
2022,CO2/CO/NOx,2022-08-21 08:00:00+02:00,0.4022291778968137
2022,CO2/CO/NOx,2022-08-21 09:00:00+02:00,0.3892530614671507
2022,CO2/CO/NOx,2022-08-21 10:00:00+02:00,0.3762982821986161
2022,CO2/CO/NOx,2022-08-21 11:00:00+02:00,0.36839389125201555
2022,CO2/CO/NOx,2022-08-21 12:00:00+02:00,0.3640727044294253
2022,CO2/CO/NOx,2022-08-21 13:00:00+02:00,0.36302054152666935
2022,CO2/CO/NOx,2022-08-21 14:00:00+02:00,0.36685998933453073
2022,CO2/CO/NOx,2022-08-21 15:00:00+02:00,0.37587408729899346
2022,CO2/CO/NOx,2022-08-21 16:00:00+02:00,0.3811788869007806
2022,CO2/CO/NOx,2022-08-21 17:00:00+02:00,0.3835766041193409
2022,CO2/CO/NOx,2022-08-21 18:00:00+02:00,0.38827087504249175
2022,CO2/CO/NOx,2022-08-21 19:00:00+02:00,0.3845398640745839
2022,CO2/CO/NOx,2022-08-21 20:00:00+02:00,0.37503237773988657
2022,CO2/CO/NOx,2022-08-21 21:00:00+02:00,0.36533669391547735
2022,CO2/CO/NOx,2022-08-21 22:00:00+02:00,0.35618016550279735
2022,CO2/CO/NOx,2022-08-21 23:00:00+02:00,0.3551677270745334
2022,CO2/CO/NOx,2022-08-22 00:00:00+02:00,0.35232210409821574
2022,CO2/CO/NOx,2022-08-22 01:00:00+02:00,0.36635141734656346
2022,CO2/CO/NOx,2022-08-22 02:00:00+02:00,0.3925006396613431
2022,CO2/CO/NOx,2022-08-22 03:00:00+02:00,0.4216187694569914
2022,CO2/CO/NOx,2022-08-22 04:00:00+02:00,0.4439080123219912
2022,CO2/CO/NOx,2022-08-22 05:00:00+02:00,0.45831207216508035
2022,CO2/CO/NOx,2022-08-22 06:00:00+02:00,0.46669567411390017
2022,CO2/CO/NOx,2022-08-22 07:00:00+02:00,0.4595387467872835
2022,CO2/CO/NOx,2022-08-22 08:00:00+02:00,0.4398712377465391
2022,CO2/CO/NOx,2022-08-22 09:00:00+02:00,0.412558306130625
2022,CO2/CO/NOx,2022-08-22 10:00:00+02:00,0.40154177503120464
2022,CO2/CO/NOx,2022-08-22 11:00:00+02:00,0.39236078279427916
2022,CO2/CO/NOx,2022-08-22 12:00:00+02:00,0.3852257845154293
2022,CO2/CO/NOx,2022-08-22 13:00:00+02:00,0.3830398888084313
2022,CO2/CO/NOx,2022-08-22 14:00:00+02:00,0.380127255776567
2022,CO2/CO/NOx,2022-08-22 15:00:00+02:00,0.37756025925165443
2022,CO2/CO/NOx,2022-08-22 16:00:00+02:00,0.3711185450214367
2022,CO2/CO/NOx,2022-08-22 17:00:00+02:00,0.36456614142075017
2022,CO2/CO/NOx,2022-08-22 18:00:00+02:00,0.36455364981125876
2022,CO2/CO/NOx,2022-08-22 19:00:00+02:00,0.36356927337723777
2022,CO2/CO/NOx,2022-08-22 20:00:00+02:00,0.3657309339413729
2022,CO2/CO/NOx,2022-08-22 21:00:00+02:00,0.3696214757273501
2022,CO2/CO/NOx,2022-08-22 22:00:00+02:00,0.37388687757149336
2022,CO2/CO/NOx,2022-08-22 23:00:00+02:00,0.38261056251353615
2022,CO2/CO/NOx,2022-08-23 00:00:00+02:00,0.37872631460632084
2022,CO2/CO/NOx,2022-08-23 01:00:00+02:00,0.3912667400296123
2022,CO2/CO/NOx,2022-08-23 02:00:00+02:00,0.41487493962313343
2022,CO2/CO/NOx,2022-08-23 03:00:00+02:00,0.44312736858410057
2022,CO2/CO/NOx,2022-08-23 04:00:00+02:00,0.47097556876345564
2022,CO2/CO/NOx,2022-08-23 05:00:00+02:00,0.4920932371487343
2022,CO2/CO/NOx,2022-08-23 06:00:00+02:00,0.5047998257767373
2022,CO2/CO/NOx,2022-08-23 07:00:00+02:00,0.5026939504536572
2022,CO2/CO/NOx,2022-08-23 08:00:00+02:00,0.486850199092303
2022,CO2/CO/NOx,2022-08-23 09:00:00+02:00,0.4510815049402149
2022,CO2/CO/NOx,2022-08-23 10:00:00+02:00,0.42904990577747615
2022,CO2/CO/NOx,2022-08-23 11:00:00+02:00,0.4122529912551325
2022,CO2/CO/NOx,2022-08-23 12:00:00+02:00,0.40290409389065834
2022,CO2/CO/NOx,2022-08-23 13:00:00+02:00,0.40043662428642185
2022,CO2/CO/NOx,2022-08-23 14:00:00+02:00,0.3971413938848519
2022,CO2/CO/NOx,2022-08-23 15:00:00+02:00,0.393156175412393
2022,CO2/CO/NOx,2022-08-23 16:00:00+02:00,0.3862388719265562
2022,CO2/CO/NOx,2022-08-23 17:00:00+02:00,0.38029527364406124
2022,CO2/CO/NOx,2022-08-23 18:00:00+02:00,0.3792967638801177
2022,CO2/CO/NOx,2022-08-23 19:00:00+02:00,0.37302446161974884
2022,CO2/CO/NOx,2022-08-23 20:00:00+02:00,0.3640317241786164
2022,CO2/CO/NOx,2022-08-23 21:00:00+02:00,0.36005693284633816
2022,CO2/CO/NOx,2022-08-23 22:00:00+02:00,0.35812529057442294
2022,CO2/CO/NOx,2022-08-23 23:00:00+02:00,0.3634653884522481
2022,CO2/CO/NOx,2022-08-24 00:00:00+02:00,0.36109381665882506
2022,CO2/CO/NOx,2022-08-24 01:00:00+02:00,0.3799535340333877
2022,CO2/CO/NOx,2022-08-24 02:00:00+02:00,0.4104469011655781
2022,CO2/CO/NOx,2022-08-24 03:00:00+02:00,0.44643017963746934
2022,CO2/CO/NOx,2022-08-24 04:00:00+02:00,0.47239269838830783
2022,CO2/CO/NOx,2022-08-24 05:00:00+02:00,0.48836787787916836
2022,CO2/CO/NOx,2022-08-24 06:00:00+02:00,0.4969707264238244
2022,CO2/CO/NOx,2022-08-24 07:00:00+02:00,0.48698024489479513
2022,CO2/CO/NOx,2022-08-24 08:00:00+02:00,0.4627813740506027
2022,CO2/CO/NOx,2022-08-24 09:00:00+02:00,0.426497306504715
2022,CO2/CO/NOx,2022-08-24 10:00:00+02:00,0.4058531351186696
2022,CO2/CO/NOx,2022-08-24 11:00:00+02:00,0.39489676613191055
2022,CO2/CO/NOx,2022-08-24 12:00:00+02:00,0.390666478137443
2022,CO2/CO/NOx,2022-08-24 13:00:00+02:00,0.3879483730686153
2022,CO2/CO/NOx,2022-08-24 14:00:00+02:00,0.38963517037774
2022,CO2/CO/NOx,2022-08-24 15:00:00+02:00,0.3890083256588746
2022,CO2/CO/NOx,2022-08-24 16:00:00+02:00,0.3820306081146075
2022,CO2/CO/NOx,2022-08-24 17:00:00+02:00,0.37352271347170546
2022,CO2/CO/NOx,2022-08-24 18:00:00+02:00,0.3702082830255546
2022,CO2/CO/NOx,2022-08-24 19:00:00+02:00,0.36381618899215107
2022,CO2/CO/NOx,2022-08-24 20:00:00+02:00,0.3592638855665383
2022,CO2/CO/NOx,2022-08-24 21:00:00+02:00,0.353552878183498
2022,CO2/CO/NOx,2022-08-24 22:00:00+02:00,0.34290429837763725
2022,CO2/CO/NOx,2022-08-24 23:00:00+02:00,0.33172046908667274
2022,CO2/CO/NOx,2022-08-25 00:00:00+02:00,0.3152484320802617
2022,CO2/CO/NOx,2022-08-25 01:00:00+02:00,0.31327842853047594
2022,CO2/CO/NOx,2022-08-25 02:00:00+02:00,0.32724070460556925
2022,CO2/CO/NOx,2022-08-25 03:00:00+02:00,0.3506223548524926
2022,CO2/CO/NOx,2022-08-25 04:00:00+02:00,0.36981016433778724
2022,CO2/CO/NOx,2022-08-25 05:00:00+02:00,0.3890351882445184
2022,CO2/CO/NOx,2022-08-25 06:00:00+02:00,0.403496018404755
2022,CO2/CO/NOx,2022-08-25 07:00:00+02:00,0.40444069220747575
2022,CO2/CO/NOx,2022-08-25 08:00:00+02:00,0.3924871721953525
2022,CO2/CO/NOx,2022-08-25 09:00:00+02:00,0.37210047686243763
2022,CO2/CO/NOx,2022-08-25 10:00:00+02:00,0.36019468564603574
2022,CO2/CO/NOx,2022-08-25 11:00:00+02:00,0.3552268658657921
2022,CO2/CO/NOx,2022-08-25 12:00:00+02:00,0.3533448111060191
2022,CO2/CO/NOx,2022-08-25 13:00:00+02:00,0.3552305804201451
2022,CO2/CO/NOx,2022-08-25 14:00:00+02:00,0.36212252835964465
2022,CO2/CO/NOx,2022-08-25 15:00:00+02:00,0.3676739202875375
2022,CO2/CO/NOx,2022-08-25 16:00:00+02:00,0.36937754152010466
2022,CO2/CO/NOx,2022-08-25 17:00:00+02:00,0.36998896744144194
2022,CO2/CO/NOx,2022-08-25 18:00:00+02:00,0.3707271210596304
2022,CO2/CO/NOx,2022-08-25 19:00:00+02:00,0.3659055075996916
2022,CO2/CO/NOx,2022-08-25 20:00:00+02:00,0.35686133994093583
2022,CO2/CO/NOx,2022-08-25 21:00:00+02:00,0.3458747616908744
2022,CO2/CO/NOx,2022-08-25 22:00:00+02:00,0.333958804338389
2022,CO2/CO/NOx,2022-08-25 23:00:00+02:00,0.32308704068072636
2022,CO2/CO/NOx,2022-08-26 00:00:00+02:00,0.3076796521606102
2022,CO2/CO/NOx,2022-08-26 01:00:00+02:00,0.30165674376626334
2022,CO2/CO/NOx,2022-08-26 02:00:00+02:00,0.30603572963180253
2022,CO2/CO/NOx,2022-08-26 03:00:00+02:00,0.3155647863863157
2022,CO2/CO/NOx,2022-08-26 04:00:00+02:00,0.32665747418251134
2022,CO2/CO/NOx,2022-08-26 05:00:00+02:00,0.34046793115257834
2022,CO2/CO/NOx,2022-08-26 06:00:00+02:00,0.35480523341889986
2022,CO2/CO/NOx,2022-08-26 07:00:00+02:00,0.36344270057842604
2022,CO2/CO/NOx,2022-08-26 08:00:00+02:00,0.3650001757422644
2022,CO2/CO/NOx,2022-08-26 09:00:00+02:00,0.3583038041985174
2022,CO2/CO/NOx,2022-08-26 10:00:00+02:00,0.3561067256405276
2022,CO2/CO/NOx,2022-08-26 11:00:00+02:00,0.3540012992220382
2022,CO2/CO/NOx,2022-08-26 12:00:00+02:00,0.3494419718900187
2022,CO2/CO/NOx,2022-08-26 13:00:00+02:00,0.3482017273022769
2022,CO2/CO/NOx,2022-08-26 14:00:00+02:00,0.3486809211696637
2022,CO2/CO/NOx,2022-08-26 15:00:00+02:00,0.3500507212439848
2022,CO2/CO/NOx,2022-08-26 16:00:00+02:00,0.3503116309955808
2022,CO2/CO/NOx,2022-08-26 17:00:00+02:00,0.34981209552838555
2022,CO2/CO/NOx,2022-08-26 18:00:00+02:00,0.3562657981100631
2022,CO2/CO/NOx,2022-08-26 19:00:00+02:00,0.35748417724251824
2022,CO2/CO/NOx,2022-08-26 20:00:00+02:00,0.3562312952527373
2022,CO2/CO/NOx,2022-08-26 21:00:00+02:00,0.3536667325842487
2022,CO2/CO/NOx,2022-08-26 22:00:00+02:00,0.3491943283415977
2022,CO2/CO/NOx,2022-08-26 23:00:00+02:00,0.3439861076839711
2022,CO2/CO/NOx,2022-08-27 00:00:00+02:00,0.3351684236744277
2022,CO2/CO/NOx,2022-08-27 01:00:00+02:00,0.32799236559588196
2022,CO2/CO/NOx,2022-08-27 02:00:00+02:00,0.3249462940255888
2022,CO2/CO/NOx,2022-08-27 03:00:00+02:00,0.32879164402531796
2022,CO2/CO/NOx,2022-08-27 04:00:00+02:00,0.3296096870878098
2022,CO2/CO/NOx,2022-08-27 05:00:00+02:00,0.33423488476265156
2022,CO2/CO/NOx,2022-08-27 06:00:00+02:00,0.3427880989858678
2022,CO2/CO/NOx,2022-08-27 07:00:00+02:00,0.3518578859315642
2022,CO2/CO/NOx,2022-08-27 08:00:00+02:00,0.36076373330600187
2022,CO2/CO/NOx,2022-08-27 09:00:00+02:00,0.36426963826060665
2022,CO2/CO/NOx,2022-08-27 10:00:00+02:00,0.3650193437673373
2022,CO2/CO/NOx,2022-08-27 11:00:00+02:00,0.3640333280746104
2022,CO2/CO/NOx,2022-08-27 12:00:00+02:00,0.36061347294109597
2022,CO2/CO/NOx,2022-08-27 13:00:00+02:00,0.3576762014080045
2022,CO2/CO/NOx,2022-08-27 14:00:00+02:00,0.3550803491428517
2022,CO2/CO/NOx,2022-08-27 15:00:00+02:00,0.3540449950822772
2022,CO2/CO/NOx,2022-08-27 16:00:00+02:00,0.3536620659299734
2022,CO2/CO/NOx,2022-08-27 17:00:00+02:00,0.35513255140413086
2022,CO2/CO/NOx,2022-08-27 18:00:00+02:00,0.35892162165009045
2022,CO2/CO/NOx,2022-08-27 19:00:00+02:00,0.3616278811175248
2022,CO2/CO/NOx,2022-08-27 20:00:00+02:00,0.3617332701985778
2022,CO2/CO/NOx,2022-08-27 21:00:00+02:00,0.35829266557773604
2022,CO2/CO/NOx,2022-08-27 22:00:00+02:00,0.3521236532297805
2022,CO2/CO/NOx,2022-08-27 23:00:00+02:00,0.344822204252741
2022,CO2/CO/NOx,2022-08-28 00:00:00+02:00,0.33447101688138037
2022,CO2/CO/NOx,2022-08-28 01:00:00+02:00,0.3278578926335196
2022,CO2/CO/NOx,2022-08-28 02:00:00+02:00,0.32519732737436513
2022,CO2/CO/NOx,2022-08-28 03:00:00+02:00,0.3256273060383788
2022,CO2/CO/NOx,2022-08-28 04:00:00+02:00,0.3284221593624657
2022,CO2/CO/NOx,2022-08-28 05:00:00+02:00,0.3337327955540772
2022,CO2/CO/NOx,2022-08-28 06:00:00+02:00,0.3411558430167042
2022,CO2/CO/NOx,2022-08-28 07:00:00+02:00,0.34922943064962103
2022,CO2/CO/NOx,2022-08-28 08:00:00+02:00,0.3571269015681395
2022,CO2/CO/NOx,2022-08-28 09:00:00+02:00,0.36212620746122515
2022,CO2/CO/NOx,2022-08-28 10:00:00+02:00,0.36795207369370064
2022,CO2/CO/NOx,2022-08-28 11:00:00+02:00,0.37021647559653187
2022,CO2/CO/NOx,2022-08-28 12:00:00+02:00,0.3682766436264374
2022,CO2/CO/NOx,2022-08-28 13:00:00+02:00,0.36672674449565396
2022,CO2/CO/NOx,2022-08-28 14:00:00+02:00,0.3656320407844605
2022,CO2/CO/NOx,2022-08-28 15:00:00+02:00,0.3653492976260853
2022,CO2/CO/NOx,2022-08-28 16:00:00+02:00,0.3640299335770579
2022,CO2/CO/NOx,2022-08-28 17:00:00+02:00,0.3634588162611506
2022,CO2/CO/NOx,2022-08-28 18:00:00+02:00,0.3658920095619613
2022,CO2/CO/NOx,2022-08-28 19:00:00+02:00,0.36659822751771953
2022,CO2/CO/NOx,2022-08-28 20:00:00+02:00,0.3624987640526173
2022,CO2/CO/NOx,2022-08-28 21:00:00+02:00,0.35725967493831845
2022,CO2/CO/NOx,2022-08-28 22:00:00+02:00,0.35087251643380957
2022,CO2/CO/NOx,2022-08-28 23:00:00+02:00,0.34440860843780524
2022,CO2/CO/NOx,2022-08-29 00:00:00+02:00,0.3320059399869162
2022,CO2/CO/NOx,2022-08-29 01:00:00+02:00,0.3297410716835373
2022,CO2/CO/NOx,2022-08-29 02:00:00+02:00,0.34028254269185854
2022,CO2/CO/NOx,2022-08-29 03:00:00+02:00,0.36118149695029517
2022,CO2/CO/NOx,2022-08-29 04:00:00+02:00,0.3804424048380556
2022,CO2/CO/NOx,2022-08-29 05:00:00+02:00,0.3991829204580639
2022,CO2/CO/NOx,2022-08-29 06:00:00+02:00,0.4162036591996117
2022,CO2/CO/NOx,2022-08-29 07:00:00+02:00,0.4203755339189018
2022,CO2/CO/NOx,2022-08-29 08:00:00+02:00,0.41310629486774497
2022,CO2/CO/NOx,2022-08-29 09:00:00+02:00,0.3942301951170177
2022,CO2/CO/NOx,2022-08-29 10:00:00+02:00,0.38232309630862205
2022,CO2/CO/NOx,2022-08-29 11:00:00+02:00,0.37492861611313205
2022,CO2/CO/NOx,2022-08-29 12:00:00+02:00,0.3705402750897738
2022,CO2/CO/NOx,2022-08-29 13:00:00+02:00,0.3687595821934577
2022,CO2/CO/NOx,2022-08-29 14:00:00+02:00,0.3700535308833099
2022,CO2/CO/NOx,2022-08-29 15:00:00+02:00,0.3737252409857894
2022,CO2/CO/NOx,2022-08-29 16:00:00+02:00,0.37246367455444107
2022,CO2/CO/NOx,2022-08-29 17:00:00+02:00,0.371977015804815
2022,CO2/CO/NOx,2022-08-29 18:00:00+02:00,0.37536464019786314
2022,CO2/CO/NOx,2022-08-29 19:00:00+02:00,0.3715271800007376
2022,CO2/CO/NOx,2022-08-29 20:00:00+02:00,0.36386647041965253
2022,CO2/CO/NOx,2022-08-29 21:00:00+02:00,0.3523000586535257
2022,CO2/CO/NOx,2022-08-29 22:00:00+02:00,0.3434813064888037
2022,CO2/CO/NOx,2022-08-29 23:00:00+02:00,0.3390849652389176
2022,CO2/CO/NOx,2022-08-30 00:00:00+02:00,0.33809207802644187
2022,CO2/CO/NOx,2022-08-30 01:00:00+02:00,0.34863666160948725
2022,CO2/CO/NOx,2022-08-30 02:00:00+02:00,0.3679917360356989
2022,CO2/CO/NOx,2022-08-30 03:00:00+02:00,0.3958921194151604
2022,CO2/CO/NOx,2022-08-30 04:00:00+02:00,0.4144637084060532
2022,CO2/CO/NOx,2022-08-30 05:00:00+02:00,0.42817638104396666
2022,CO2/CO/NOx,2022-08-30 06:00:00+02:00,0.4333535223962171
2022,CO2/CO/NOx,2022-08-30 07:00:00+02:00,0.4275157485863191
2022,CO2/CO/NOx,2022-08-30 08:00:00+02:00,0.4148360068787462
2022,CO2/CO/NOx,2022-08-30 09:00:00+02:00,0.3951774762223729
2022,CO2/CO/NOx,2022-08-30 10:00:00+02:00,0.3818971282910098
2022,CO2/CO/NOx,2022-08-30 11:00:00+02:00,0.37140021425361525
2022,CO2/CO/NOx,2022-08-30 12:00:00+02:00,0.36880644167043425
2022,CO2/CO/NOx,2022-08-30 13:00:00+02:00,0.36776299026819476
2022,CO2/CO/NOx,2022-08-30 14:00:00+02:00,0.3692657778083812
2022,CO2/CO/NOx,2022-08-30 15:00:00+02:00,0.3727141684255123
2022,CO2/CO/NOx,2022-08-30 16:00:00+02:00,0.3706634106129252
2022,CO2/CO/NOx,2022-08-30 17:00:00+02:00,0.369282693767377
2022,CO2/CO/NOx,2022-08-30 18:00:00+02:00,0.37111180295936264
2022,CO2/CO/NOx,2022-08-30 19:00:00+02:00,0.36875997526754295
2022,CO2/CO/NOx,2022-08-30 20:00:00+02:00,0.36056783579653745
2022,CO2/CO/NOx,2022-08-30 21:00:00+02:00,0.3498013267207857
2022,CO2/CO/NOx,2022-08-30 22:00:00+02:00,0.33596935144693363
2022,CO2/CO/NOx,2022-08-30 23:00:00+02:00,0.3217370637634998
2022,CO2/CO/NOx,2022-08-31 00:00:00+02:00,0.30692240066678483
2022,CO2/CO/NOx,2022-08-31 01:00:00+02:00,0.3015731437993869
2022,CO2/CO/NOx,2022-08-31 02:00:00+02:00,0.3052417877093946
2022,CO2/CO/NOx,2022-08-31 03:00:00+02:00,0.32064239518362486
2022,CO2/CO/NOx,2022-08-31 04:00:00+02:00,0.3349568181843701
2022,CO2/CO/NOx,2022-08-31 05:00:00+02:00,0.34758050518278033
2022,CO2/CO/NOx,2022-08-31 06:00:00+02:00,0.36110670677167583
2022,CO2/CO/NOx,2022-08-31 07:00:00+02:00,0.3703526507003832
2022,CO2/CO/NOx,2022-08-31 08:00:00+02:00,0.37407970298599086
2022,CO2/CO/NOx,2022-08-31 09:00:00+02:00,0.36936102830167383
2022,CO2/CO/NOx,2022-08-31 10:00:00+02:00,0.366618716824204
2022,CO2/CO/NOx,2022-08-31 11:00:00+02:00,0.3633778834209815
2022,CO2/CO/NOx,2022-08-31 12:00:00+02:00,0.3640801881028813
2022,CO2/CO/NOx,2022-08-31 13:00:00+02:00,0.3664337049787004
2022,CO2/CO/NOx,2022-08-31 14:00:00+02:00,0.3720969894484456
2022,CO2/CO/NOx,2022-08-31 15:00:00+02:00,0.38115246024596694
2022,CO2/CO/NOx,2022-08-31 16:00:00+02:00,0.38741497672021574
2022,CO2/CO/NOx,2022-08-31 17:00:00+02:00,0.39237960375660164
2022,CO2/CO/NOx,2022-08-31 18:00:00+02:00,0.39856615451852684
2022,CO2/CO/NOx,2022-08-31 19:00:00+02:00,0.3916394402403979
2022,CO2/CO/NOx,2022-08-31 20:00:00+02:00,0.38348894036132825
2022,CO2/CO/NOx,2022-08-31 21:00:00+02:00,0.3782310438560689
2022,CO2/CO/NOx,2022-08-31 22:00:00+02:00,0.37507364849688396
2022,CO2/CO/NOx,2022-08-31 23:00:00+02:00,0.3781799478462294
2022,CO2/CO/NOx,2022-09-01 00:00:00+02:00,0.38031591891840427
2022,CO2/CO/NOx,2022-09-01 01:00:00+02:00,0.3928055073953015
2022,CO2/CO/NOx,2022-09-01 02:00:00+02:00,0.4129401427171906
2022,CO2/CO/NOx,2022-09-01 03:00:00+02:00,0.4387939675369079
2022,CO2/CO/NOx,2022-09-01 04:00:00+02:00,0.4579528301074278
2022,CO2/CO/NOx,2022-09-01 05:00:00+02:00,0.4809077817693966
2022,CO2/CO/NOx,2022-09-01 06:00:00+02:00,0.5065590310185653
2022,CO2/CO/NOx,2022-09-01 07:00:00+02:00,0.5203601360679011
2022,CO2/CO/NOx,2022-09-01 08:00:00+02:00,0.5221933281624713
2022,CO2/CO/NOx,2022-09-01 09:00:00+02:00,0.505490412110657
2022,CO2/CO/NOx,2022-09-01 10:00:00+02:00,0.4871698544971357
2022,CO2/CO/NOx,2022-09-01 11:00:00+02:00,0.46614540050574393
2022,CO2/CO/NOx,2022-09-01 12:00:00+02:00,0.4496673545728551
2022,CO2/CO/NOx,2022-09-01 13:00:00+02:00,0.43564132352083745
2022,CO2/CO/NOx,2022-09-01 14:00:00+02:00,0.4252221055968749
2022,CO2/CO/NOx,2022-09-01 15:00:00+02:00,0.42996623934540124
2022,CO2/CO/NOx,2022-09-01 16:00:00+02:00,0.4328591425885739
2022,CO2/CO/NOx,2022-09-01 17:00:00+02:00,0.43882461225594355
2022,CO2/CO/NOx,2022-09-01 18:00:00+02:00,0.4533313211262895
2022,CO2/CO/NOx,2022-09-01 19:00:00+02:00,0.45711625905826353
2022,CO2/CO/NOx,2022-09-01 20:00:00+02:00,0.4537234849435774
2022,CO2/CO/NOx,2022-09-01 21:00:00+02:00,0.44697193830106885
2022,CO2/CO/NOx,2022-09-01 22:00:00+02:00,0.4360711540257941
2022,CO2/CO/NOx,2022-09-01 23:00:00+02:00,0.4296937300004553
2022,CO2/CO/NOx,2022-09-02 00:00:00+02:00,0.42842754579540576
2022,CO2/CO/NOx,2022-09-02 01:00:00+02:00,0.4369524294621643
2022,CO2/CO/NOx,2022-09-02 02:00:00+02:00,0.47110049527156783
2022,CO2/CO/NOx,2022-09-02 03:00:00+02:00,0.5232931313005541
2022,CO2/CO/NOx,2022-09-02 04:00:00+02:00,0.5665596168020861
2022,CO2/CO/NOx,2022-09-02 05:00:00+02:00,0.6024669725934969
2022,CO2/CO/NOx,2022-09-02 06:00:00+02:00,0.6277927426692304
2022,CO2/CO/NOx,2022-09-02 07:00:00+02:00,0.6338381597552142
2022,CO2/CO/NOx,2022-09-02 08:00:00+02:00,0.6193011618880756
2022,CO2/CO/NOx,2022-09-02 09:00:00+02:00,0.5749690615523368
2022,CO2/CO/NOx,2022-09-02 10:00:00+02:00,0.536644157881285
2022,CO2/CO/NOx,2022-09-02 11:00:00+02:00,0.5090482227234434
2022,CO2/CO/NOx,2022-09-02 12:00:00+02:00,0.477422213781652
2022,CO2/CO/NOx,2022-09-02 13:00:00+02:00,0.4616553120561548
2022,CO2/CO/NOx,2022-09-02 14:00:00+02:00,0.4520037936539183
2022,CO2/CO/NOx,2022-09-02 15:00:00+02:00,0.4551502723223239
2022,CO2/CO/NOx,2022-09-02 16:00:00+02:00,0.45724975917738286
2022,CO2/CO/NOx,2022-09-02 17:00:00+02:00,0.4605960895612011
2022,CO2/CO/NOx,2022-09-02 18:00:00+02:00,0.4630065277943273
2022,CO2/CO/NOx,2022-09-02 19:00:00+02:00,0.463784457654194
2022,CO2/CO/NOx,2022-09-02 20:00:00+02:00,0.4580901276059904
2022,CO2/CO/NOx,2022-09-02 21:00:00+02:00,0.4424240020315288
2022,CO2/CO/NOx,2022-09-02 22:00:00+02:00,0.4319938637403826
2022,CO2/CO/NOx,2022-09-02 23:00:00+02:00,0.41979736360569064
2022,CO2/CO/NOx,2022-09-03 00:00:00+02:00,0.4204971814929506
2022,CO2/CO/NOx,2022-09-03 01:00:00+02:00,0.4292442369154963
2022,CO2/CO/NOx,2022-09-03 02:00:00+02:00,0.4588820203834228
2022,CO2/CO/NOx,2022-09-03 03:00:00+02:00,0.49813708786866295
2022,CO2/CO/NOx,2022-09-03 04:00:00+02:00,0.5272213246903894
2022,CO2/CO/NOx,2022-09-03 05:00:00+02:00,0.5539362665227893
2022,CO2/CO/NOx,2022-09-03 06:00:00+02:00,0.5709973804753564
2022,CO2/CO/NOx,2022-09-03 07:00:00+02:00,0.5744279913064143
2022,CO2/CO/NOx,2022-09-03 08:00:00+02:00,0.5614580832836585
2022,CO2/CO/NOx,2022-09-03 09:00:00+02:00,0.5332131550603696
2022,CO2/CO/NOx,2022-09-03 10:00:00+02:00,0.4996260249175617
2022,CO2/CO/NOx,2022-09-03 11:00:00+02:00,0.4748261912959377
2022,CO2/CO/NOx,2022-09-03 12:00:00+02:00,0.44471149242584473
2022,CO2/CO/NOx,2022-09-03 13:00:00+02:00,0.4297585720327788
2022,CO2/CO/NOx,2022-09-03 14:00:00+02:00,0.4320898179809511
2022,CO2/CO/NOx,2022-09-03 15:00:00+02:00,0.44859094952433426
2022,CO2/CO/NOx,2022-09-03 16:00:00+02:00,0.4674314272977348
2022,CO2/CO/NOx,2022-09-03 17:00:00+02:00,0.4784151826804904
2022,CO2/CO/NOx,2022-09-03 18:00:00+02:00,0.49618699699672025
2022,CO2/CO/NOx,2022-09-03 19:00:00+02:00,0.5029914511320748
2022,CO2/CO/NOx,2022-09-03 20:00:00+02:00,0.5049865521148913
2022,CO2/CO/NOx,2022-09-03 21:00:00+02:00,0.4869233659148267
2022,CO2/CO/NOx,2022-09-03 22:00:00+02:00,0.472178917457563
2022,CO2/CO/NOx,2022-09-03 23:00:00+02:00,0.4559840159771537
2022,CO2/CO/NOx,2022-09-04 00:00:00+02:00,0.43766973867171666
2022,CO2/CO/NOx,2022-09-04 01:00:00+02:00,0.428987147082725
2022,CO2/CO/NOx,2022-09-04 02:00:00+02:00,0.43178740211385663
2022,CO2/CO/NOx,2022-09-04 03:00:00+02:00,0.45232452549437857
2022,CO2/CO/NOx,2022-09-04 04:00:00+02:00,0.47538438531000216
2022,CO2/CO/NOx,2022-09-04 05:00:00+02:00,0.5059788245676995
2022,CO2/CO/NOx,2022-09-04 06:00:00+02:00,0.524732767823083
2022,CO2/CO/NOx,2022-09-04 07:00:00+02:00,0.5264049130633808
2022,CO2/CO/NOx,2022-09-04 08:00:00+02:00,0.5093603017552772
2022,CO2/CO/NOx,2022-09-04 09:00:00+02:00,0.4792409925055216
2022,CO2/CO/NOx,2022-09-04 10:00:00+02:00,0.4551093432742689
2022,CO2/CO/NOx,2022-09-04 11:00:00+02:00,0.4297132327796768
2022,CO2/CO/NOx,2022-09-04 12:00:00+02:00,0.40616139078744123
2022,CO2/CO/NOx,2022-09-04 13:00:00+02:00,0.3981519265702681
2022,CO2/CO/NOx,2022-09-04 14:00:00+02:00,0.4006826429891749
2022,CO2/CO/NOx,2022-09-04 15:00:00+02:00,0.40929173615682013
2022,CO2/CO/NOx,2022-09-04 16:00:00+02:00,0.41476958295156496
2022,CO2/CO/NOx,2022-09-04 17:00:00+02:00,0.4199621044638184
2022,CO2/CO/NOx,2022-09-04 18:00:00+02:00,0.4288973097199035
2022,CO2/CO/NOx,2022-09-04 19:00:00+02:00,0.4298663528196299
2022,CO2/CO/NOx,2022-09-04 20:00:00+02:00,0.4221851835443083
2022,CO2/CO/NOx,2022-09-04 21:00:00+02:00,0.41154754006313937
2022,CO2/CO/NOx,2022-09-04 22:00:00+02:00,0.4073466082495131
2022,CO2/CO/NOx,2022-09-04 23:00:00+02:00,0.40408517725284043
2022,CO2/CO/NOx,2022-09-05 00:00:00+02:00,0.39056296529496226
2022,CO2/CO/NOx,2022-09-05 01:00:00+02:00,0.3910216812777969
2022,CO2/CO/NOx,2022-09-05 02:00:00+02:00,0.40406488817387204
2022,CO2/CO/NOx,2022-09-05 03:00:00+02:00,0.42929416725206393
2022,CO2/CO/NOx,2022-09-05 04:00:00+02:00,0.45798830729155
2022,CO2/CO/NOx,2022-09-05 05:00:00+02:00,0.4814396731446616
2022,CO2/CO/NOx,2022-09-05 06:00:00+02:00,0.5025584711181689
2022,CO2/CO/NOx,2022-09-05 07:00:00+02:00,0.5103063940738564
2022,CO2/CO/NOx,2022-09-05 08:00:00+02:00,0.49944803464299675
2022,CO2/CO/NOx,2022-09-05 09:00:00+02:00,0.468366366466421
2022,CO2/CO/NOx,2022-09-05 10:00:00+02:00,0.44682042112498666
2022,CO2/CO/NOx,2022-09-05 11:00:00+02:00,0.4264852367679575
2022,CO2/CO/NOx,2022-09-05 12:00:00+02:00,0.4138980880110811
2022,CO2/CO/NOx,2022-09-05 13:00:00+02:00,0.41080429054260914
2022,CO2/CO/NOx,2022-09-05 14:00:00+02:00,0.40820732286863637
2022,CO2/CO/NOx,2022-09-05 15:00:00+02:00,0.4069670933133181
2022,CO2/CO/NOx,2022-09-05 16:00:00+02:00,0.4028022701047136
2022,CO2/CO/NOx,2022-09-05 17:00:00+02:00,0.39891689670203917
2022,CO2/CO/NOx,2022-09-05 18:00:00+02:00,0.4025381028032725
2022,CO2/CO/NOx,2022-09-05 19:00:00+02:00,0.40121126437008475
2022,CO2/CO/NOx,2022-09-05 20:00:00+02:00,0.3998752962828862
2022,CO2/CO/NOx,2022-09-05 21:00:00+02:00,0.3915209994193695
2022,CO2/CO/NOx,2022-09-05 22:00:00+02:00,0.37930170384677225
2022,CO2/CO/NOx,2022-09-05 23:00:00+02:00,0.36378090628382104
2022,CO2/CO/NOx,2022-09-06 00:00:00+02:00,0.3425062439225464
2022,CO2/CO/NOx,2022-09-06 01:00:00+02:00,0.3403060935974685
2022,CO2/CO/NOx,2022-09-06 02:00:00+02:00,0.35319417593335484
2022,CO2/CO/NOx,2022-09-06 03:00:00+02:00,0.38639414681099477
2022,CO2/CO/NOx,2022-09-06 04:00:00+02:00,0.4115343296031589
2022,CO2/CO/NOx,2022-09-06 05:00:00+02:00,0.43847586095976937
2022,CO2/CO/NOx,2022-09-06 06:00:00+02:00,0.45696401930580377
2022,CO2/CO/NOx,2022-09-06 07:00:00+02:00,0.463466721719695
2022,CO2/CO/NOx,2022-09-06 08:00:00+02:00,0.451845093214622
2022,CO2/CO/NOx,2022-09-06 09:00:00+02:00,0.4272693218647
2022,CO2/CO/NOx,2022-09-06 10:00:00+02:00,0.41175119262172316
2022,CO2/CO/NOx,2022-09-06 11:00:00+02:00,0.4010634695628288
2022,CO2/CO/NOx,2022-09-06 12:00:00+02:00,0.3975681846124695
2022,CO2/CO/NOx,2022-09-06 13:00:00+02:00,0.39271985907102624
2022,CO2/CO/NOx,2022-09-06 14:00:00+02:00,0.39493670222969673
2022,CO2/CO/NOx,2022-09-06 15:00:00+02:00,0.40111329087068487
2022,CO2/CO/NOx,2022-09-06 16:00:00+02:00,0.40331563745035615
2022,CO2/CO/NOx,2022-09-06 17:00:00+02:00,0.40214049731373647
2022,CO2/CO/NOx,2022-09-06 18:00:00+02:00,0.40414874278938623
2022,CO2/CO/NOx,2022-09-06 19:00:00+02:00,0.4025382383937404
2022,CO2/CO/NOx,2022-09-06 20:00:00+02:00,0.3965767168052821
2022,CO2/CO/NOx,2022-09-06 21:00:00+02:00,0.38482161812352955
2022,CO2/CO/NOx,2022-09-06 22:00:00+02:00,0.3698974833488043
2022,CO2/CO/NOx,2022-09-06 23:00:00+02:00,0.35439565964298586
2022,CO2/CO/NOx,2022-09-07 00:00:00+02:00,0.33603179030319763
2022,CO2/CO/NOx,2022-09-07 01:00:00+02:00,0.32577679801124654
2022,CO2/CO/NOx,2022-09-07 02:00:00+02:00,0.3252453901970504
2022,CO2/CO/NOx,2022-09-07 03:00:00+02:00,0.33594620070284736
2022,CO2/CO/NOx,2022-09-07 04:00:00+02:00,0.3505757790294349
2022,CO2/CO/NOx,2022-09-07 05:00:00+02:00,0.36781311596256266
2022,CO2/CO/NOx,2022-09-07 06:00:00+02:00,0.3852467731107753
2022,CO2/CO/NOx,2022-09-07 07:00:00+02:00,0.3962639941918998
2022,CO2/CO/NOx,2022-09-07 08:00:00+02:00,0.40025519872626597
2022,CO2/CO/NOx,2022-09-07 09:00:00+02:00,0.3953933009852499
2022,CO2/CO/NOx,2022-09-07 10:00:00+02:00,0.3922966579946229
2022,CO2/CO/NOx,2022-09-07 11:00:00+02:00,0.3867431718887025
2022,CO2/CO/NOx,2022-09-07 12:00:00+02:00,0.3810962124283358
2022,CO2/CO/NOx,2022-09-07 13:00:00+02:00,0.3779803904366761
2022,CO2/CO/NOx,2022-09-07 14:00:00+02:00,0.37661424054711934
2022,CO2/CO/NOx,2022-09-07 15:00:00+02:00,0.37855846532303256
2022,CO2/CO/NOx,2022-09-07 16:00:00+02:00,0.3781873387749502
2022,CO2/CO/NOx,2022-09-07 17:00:00+02:00,0.37975779739503984
2022,CO2/CO/NOx,2022-09-07 18:00:00+02:00,0.3860733408139698
2022,CO2/CO/NOx,2022-09-07 19:00:00+02:00,0.3868059576496234
2022,CO2/CO/NOx,2022-09-07 20:00:00+02:00,0.38111363512337953
2022,CO2/CO/NOx,2022-09-07 21:00:00+02:00,0.3698894645949051
2022,CO2/CO/NOx,2022-09-07 22:00:00+02:00,0.3580986475476317
2022,CO2/CO/NOx,2022-09-07 23:00:00+02:00,0.3460708834536472
2022,CO2/CO/NOx,2022-09-08 00:00:00+02:00,0.3319225025880822
2022,CO2/CO/NOx,2022-09-08 01:00:00+02:00,0.328655841547825
2022,CO2/CO/NOx,2022-09-08 02:00:00+02:00,0.3386938821447096
2022,CO2/CO/NOx,2022-09-08 03:00:00+02:00,0.3560026536493073
2022,CO2/CO/NOx,2022-09-08 04:00:00+02:00,0.372812555570598
2022,CO2/CO/NOx,2022-09-08 05:00:00+02:00,0.3903511967546619
2022,CO2/CO/NOx,2022-09-08 06:00:00+02:00,0.4082313039959689
2022,CO2/CO/NOx,2022-09-08 07:00:00+02:00,0.421457029156442
2022,CO2/CO/NOx,2022-09-08 08:00:00+02:00,0.4240968061700373
2022,CO2/CO/NOx,2022-09-08 09:00:00+02:00,0.41674351820629024
2022,CO2/CO/NOx,2022-09-08 10:00:00+02:00,0.4121873980622788
2022,CO2/CO/NOx,2022-09-08 11:00:00+02:00,0.4084719871653624
2022,CO2/CO/NOx,2022-09-08 12:00:00+02:00,0.39912379598389597
2022,CO2/CO/NOx,2022-09-08 13:00:00+02:00,0.3934841698670459
2022,CO2/CO/NOx,2022-09-08 14:00:00+02:00,0.3911495316081861
2022,CO2/CO/NOx,2022-09-08 15:00:00+02:00,0.3927252112210719
2022,CO2/CO/NOx,2022-09-08 16:00:00+02:00,0.3906337716492393
2022,CO2/CO/NOx,2022-09-08 17:00:00+02:00,0.3895625219290895
2022,CO2/CO/NOx,2022-09-08 18:00:00+02:00,0.3996934352624155
2022,CO2/CO/NOx,2022-09-08 19:00:00+02:00,0.4045396613723894
2022,CO2/CO/NOx,2022-09-08 20:00:00+02:00,0.40394652815857907
2022,CO2/CO/NOx,2022-09-08 21:00:00+02:00,0.3970644311433919
2022,CO2/CO/NOx,2022-09-08 22:00:00+02:00,0.3909666606832187
2022,CO2/CO/NOx,2022-09-08 23:00:00+02:00,0.3829420758086496
2022,CO2/CO/NOx,2022-09-09 00:00:00+02:00,0.36682594797946555
2022,CO2/CO/NOx,2022-09-09 01:00:00+02:00,0.3584083301567055
2022,CO2/CO/NOx,2022-09-09 02:00:00+02:00,0.36337144052942666
2022,CO2/CO/NOx,2022-09-09 03:00:00+02:00,0.3796600908040719
2022,CO2/CO/NOx,2022-09-09 04:00:00+02:00,0.3946730925662638
2022,CO2/CO/NOx,2022-09-09 05:00:00+02:00,0.4114383951873363
2022,CO2/CO/NOx,2022-09-09 06:00:00+02:00,0.4331287554530136
2022,CO2/CO/NOx,2022-09-09 07:00:00+02:00,0.4484341733559
2022,CO2/CO/NOx,2022-09-09 08:00:00+02:00,0.4516996568632294
2022,CO2/CO/NOx,2022-09-09 09:00:00+02:00,0.44068301969893414
2022,CO2/CO/NOx,2022-09-09 10:00:00+02:00,0.43363598388025115
2022,CO2/CO/NOx,2022-09-09 11:00:00+02:00,0.42498963246437277
2022,CO2/CO/NOx,2022-09-09 12:00:00+02:00,0.41356670170033477
2022,CO2/CO/NOx,2022-09-09 13:00:00+02:00,0.41130032474879313
2022,CO2/CO/NOx,2022-09-09 14:00:00+02:00,0.4163971830761402
2022,CO2/CO/NOx,2022-09-09 15:00:00+02:00,0.4293582521571285
2022,CO2/CO/NOx,2022-09-09 16:00:00+02:00,0.4367636217912483
2022,CO2/CO/NOx,2022-09-09 17:00:00+02:00,0.44259161833926003
2022,CO2/CO/NOx,2022-09-09 18:00:00+02:00,0.45128823082687236
2022,CO2/CO/NOx,2022-09-09 19:00:00+02:00,0.44901072787881924
2022,CO2/CO/NOx,2022-09-09 20:00:00+02:00,0.44131051948941263
2022,CO2/CO/NOx,2022-09-09 21:00:00+02:00,0.4287699349415095
2022,CO2/CO/NOx,2022-09-09 22:00:00+02:00,0.4230362937708176
2022,CO2/CO/NOx,2022-09-09 23:00:00+02:00,0.4312478305298735
2022,CO2/CO/NOx,2022-09-10 00:00:00+02:00,0.44433294561060394
2022,CO2/CO/NOx,2022-09-10 01:00:00+02:00,0.46570182578646924
2022,CO2/CO/NOx,2022-09-10 02:00:00+02:00,0.4926689770829024
2022,CO2/CO/NOx,2022-09-10 03:00:00+02:00,0.5218154765118636
2022,CO2/CO/NOx,2022-09-10 04:00:00+02:00,0.5310354213410863
2022,CO2/CO/NOx,2022-09-10 05:00:00+02:00,0.539486633328121
2022,CO2/CO/NOx,2022-09-10 06:00:00+02:00,0.5513740733594984
2022,CO2/CO/NOx,2022-09-10 07:00:00+02:00,0.5654387596032575
2022,CO2/CO/NOx,2022-09-10 08:00:00+02:00,0.57937133839925
2022,CO2/CO/NOx,2022-09-10 09:00:00+02:00,0.583133727007336
2022,CO2/CO/NOx,2022-09-10 10:00:00+02:00,0.5794259358669899
2022,CO2/CO/NOx,2022-09-10 11:00:00+02:00,0.5635048362730412
2022,CO2/CO/NOx,2022-09-10 12:00:00+02:00,0.5331770508706104
2022,CO2/CO/NOx,2022-09-10 13:00:00+02:00,0.5018295769885464
2022,CO2/CO/NOx,2022-09-10 14:00:00+02:00,0.4917933240869482
2022,CO2/CO/NOx,2022-09-10 15:00:00+02:00,0.49385479044406416
2022,CO2/CO/NOx,2022-09-10 16:00:00+02:00,0.49623347700513204
2022,CO2/CO/NOx,2022-09-10 17:00:00+02:00,0.5060073692819127
2022,CO2/CO/NOx,2022-09-10 18:00:00+02:00,0.5238899964857253
2022,CO2/CO/NOx,2022-09-10 19:00:00+02:00,0.5410316611573899
2022,CO2/CO/NOx,2022-09-10 20:00:00+02:00,0.5525944439800723
2022,CO2/CO/NOx,2022-09-10 21:00:00+02:00,0.5512322662707316
2022,CO2/CO/NOx,2022-09-10 22:00:00+02:00,0.5520046315706159
2022,CO2/CO/NOx,2022-09-10 23:00:00+02:00,0.5544896022146389
2022,CO2/CO/NOx,2022-09-11 00:00:00+02:00,0.5374302265396065
2022,CO2/CO/NOx,2022-09-11 01:00:00+02:00,0.5236157373416702
2022,CO2/CO/NOx,2022-09-11 02:00:00+02:00,0.5237418388627061
2022,CO2/CO/NOx,2022-09-11 03:00:00+02:00,0.5410043848410537
2022,CO2/CO/NOx,2022-09-11 04:00:00+02:00,0.5668389533845397
2022,CO2/CO/NOx,2022-09-11 05:00:00+02:00,0.5936557875929992
2022,CO2/CO/NOx,2022-09-11 06:00:00+02:00,0.613637252036919
2022,CO2/CO/NOx,2022-09-11 07:00:00+02:00,0.6260527222053272
2022,CO2/CO/NOx,2022-09-11 08:00:00+02:00,0.62553216505797
2022,CO2/CO/NOx,2022-09-11 09:00:00+02:00,0.6046497236645738
2022,CO2/CO/NOx,2022-09-11 10:00:00+02:00,0.584052559185312
2022,CO2/CO/NOx,2022-09-11 11:00:00+02:00,0.5648540165287198
2022,CO2/CO/NOx,2022-09-11 12:00:00+02:00,0.5451181805194422
2022,CO2/CO/NOx,2022-09-11 13:00:00+02:00,0.5264261706704625
2022,CO2/CO/NOx,2022-09-11 14:00:00+02:00,0.514053065915555
2022,CO2/CO/NOx,2022-09-11 15:00:00+02:00,0.5137100963004371
2022,CO2/CO/NOx,2022-09-11 16:00:00+02:00,0.5152315035477045
2022,CO2/CO/NOx,2022-09-11 17:00:00+02:00,0.5149862460571617
2022,CO2/CO/NOx,2022-09-11 18:00:00+02:00,0.5148126375714379
2022,CO2/CO/NOx,2022-09-11 19:00:00+02:00,0.5193572602862007
2022,CO2/CO/NOx,2022-09-11 20:00:00+02:00,0.5271996016292734
2022,CO2/CO/NOx,2022-09-11 21:00:00+02:00,0.5324270222586271
2022,CO2/CO/NOx,2022-09-11 22:00:00+02:00,0.5444857034663028
2022,CO2/CO/NOx,2022-09-11 23:00:00+02:00,0.5640044904093162
2022,CO2/CO/NOx,2022-09-12 00:00:00+02:00,0.5743689705762023
2022,CO2/CO/NOx,2022-09-12 01:00:00+02:00,0.5867118343934191
2022,CO2/CO/NOx,2022-09-12 02:00:00+02:00,0.5939354417744326
2022,CO2/CO/NOx,2022-09-12 03:00:00+02:00,0.6152166014731031
2022,CO2/CO/NOx,2022-09-12 04:00:00+02:00,0.6448646118575552
2022,CO2/CO/NOx,2022-09-12 05:00:00+02:00,0.6777778645582916
2022,CO2/CO/NOx,2022-09-12 06:00:00+02:00,0.6998755797878621
2022,CO2/CO/NOx,2022-09-12 07:00:00+02:00,0.7072672907052107
2022,CO2/CO/NOx,2022-09-12 08:00:00+02:00,0.691975500465773
2022,CO2/CO/NOx,2022-09-12 09:00:00+02:00,0.643131455350883
2022,CO2/CO/NOx,2022-09-12 10:00:00+02:00,0.5956941192086663
2022,CO2/CO/NOx,2022-09-12 11:00:00+02:00,0.5425740618358416
2022,CO2/CO/NOx,2022-09-12 12:00:00+02:00,0.5058729345283834
2022,CO2/CO/NOx,2022-09-12 13:00:00+02:00,0.48712481018277953
2022,CO2/CO/NOx,2022-09-12 14:00:00+02:00,0.4712104304957773
2022,CO2/CO/NOx,2022-09-12 15:00:00+02:00,0.45900550150710123
2022,CO2/CO/NOx,2022-09-12 16:00:00+02:00,0.4604688306707404
2022,CO2/CO/NOx,2022-09-12 17:00:00+02:00,0.4691965431498121
2022,CO2/CO/NOx,2022-09-12 18:00:00+02:00,0.4778572906916175
2022,CO2/CO/NOx,2022-09-12 19:00:00+02:00,0.47883038904990494
2022,CO2/CO/NOx,2022-09-12 20:00:00+02:00,0.4795509656136068
2022,CO2/CO/NOx,2022-09-12 21:00:00+02:00,0.4831552331673777
2022,CO2/CO/NOx,2022-09-12 22:00:00+02:00,0.48882065409501074
2022,CO2/CO/NOx,2022-09-12 23:00:00+02:00,0.4788932745129798
2022,CO2/CO/NOx,2022-09-13 00:00:00+02:00,0.4725683059977638
2022,CO2/CO/NOx,2022-09-13 01:00:00+02:00,0.4919546973159029
2022,CO2/CO/NOx,2022-09-13 02:00:00+02:00,0.5261647693400959
2022,CO2/CO/NOx,2022-09-13 03:00:00+02:00,0.5685996685113751
2022,CO2/CO/NOx,2022-09-13 04:00:00+02:00,0.6027970609202785
2022,CO2/CO/NOx,2022-09-13 05:00:00+02:00,0.6342748686915664
2022,CO2/CO/NOx,2022-09-13 06:00:00+02:00,0.6522806394423438
2022,CO2/CO/NOx,2022-09-13 07:00:00+02:00,0.6447629533993283
2022,CO2/CO/NOx,2022-09-13 08:00:00+02:00,0.6038948667435852
2022,CO2/CO/NOx,2022-09-13 09:00:00+02:00,0.547186433816427
2022,CO2/CO/NOx,2022-09-13 10:00:00+02:00,0.4968194332024693
2022,CO2/CO/NOx,2022-09-13 11:00:00+02:00,0.45826397340443475
2022,CO2/CO/NOx,2022-09-13 12:00:00+02:00,0.44292978191228793
2022,CO2/CO/NOx,2022-09-13 13:00:00+02:00,0.4367846202912368
2022,CO2/CO/NOx,2022-09-13 14:00:00+02:00,0.4430195900200996
2022,CO2/CO/NOx,2022-09-13 15:00:00+02:00,0.4489111527612551
2022,CO2/CO/NOx,2022-09-13 16:00:00+02:00,0.44980945383325555
2022,CO2/CO/NOx,2022-09-13 17:00:00+02:00,0.4443974408546493
2022,CO2/CO/NOx,2022-09-13 18:00:00+02:00,0.44152074438568484
2022,CO2/CO/NOx,2022-09-13 19:00:00+02:00,0.4295500947033858
2022,CO2/CO/NOx,2022-09-13 20:00:00+02:00,0.41985160515391434
2022,CO2/CO/NOx,2022-09-13 21:00:00+02:00,0.4129081236657361
2022,CO2/CO/NOx,2022-09-13 22:00:00+02:00,0.39730505628797985
2022,CO2/CO/NOx,2022-09-13 23:00:00+02:00,0.3836711562623736
2022,CO2/CO/NOx,2022-09-14 00:00:00+02:00,0.36171480470129086
2022,CO2/CO/NOx,2022-09-14 01:00:00+02:00,0.35275616038303775
2022,CO2/CO/NOx,2022-09-14 02:00:00+02:00,0.36164464650770256
2022,CO2/CO/NOx,2022-09-14 03:00:00+02:00,0.3812560942593491
2022,CO2/CO/NOx,2022-09-14 04:00:00+02:00,0.39967085732746593
2022,CO2/CO/NOx,2022-09-14 05:00:00+02:00,0.4189093711955825
2022,CO2/CO/NOx,2022-09-14 06:00:00+02:00,0.43309003231728266
2022,CO2/CO/NOx,2022-09-14 07:00:00+02:00,0.4338484694631356
2022,CO2/CO/NOx,2022-09-14 08:00:00+02:00,0.423733297953939
2022,CO2/CO/NOx,2022-09-14 09:00:00+02:00,0.4037263556434065
2022,CO2/CO/NOx,2022-09-14 10:00:00+02:00,0.3910518162765362
2022,CO2/CO/NOx,2022-09-14 11:00:00+02:00,0.38485713405291067
2022,CO2/CO/NOx,2022-09-14 12:00:00+02:00,0.3807487586637766
2022,CO2/CO/NOx,2022-09-14 13:00:00+02:00,0.37892246121396966
2022,CO2/CO/NOx,2022-09-14 14:00:00+02:00,0.37730049831176193
2022,CO2/CO/NOx,2022-09-14 15:00:00+02:00,0.3808362093329571
2022,CO2/CO/NOx,2022-09-14 16:00:00+02:00,0.38529581775008276
2022,CO2/CO/NOx,2022-09-14 17:00:00+02:00,0.3908753111475328
2022,CO2/CO/NOx,2022-09-14 18:00:00+02:00,0.4008890591398821
2022,CO2/CO/NOx,2022-09-14 19:00:00+02:00,0.4029933594564468
2022,CO2/CO/NOx,2022-09-14 20:00:00+02:00,0.39630337899451396
2022,CO2/CO/NOx,2022-09-14 21:00:00+02:00,0.38459527930823983
2022,CO2/CO/NOx,2022-09-14 22:00:00+02:00,0.36904018823848933
2022,CO2/CO/NOx,2022-09-14 23:00:00+02:00,0.35249124107828705
2022,CO2/CO/NOx,2022-09-15 00:00:00+02:00,0.3367705394460776
2022,CO2/CO/NOx,2022-09-15 01:00:00+02:00,0.3315611559620656
2022,CO2/CO/NOx,2022-09-15 02:00:00+02:00,0.33822628654434
2022,CO2/CO/NOx,2022-09-15 03:00:00+02:00,0.3561829986584425
2022,CO2/CO/NOx,2022-09-15 04:00:00+02:00,0.37193237285883485
2022,CO2/CO/NOx,2022-09-15 05:00:00+02:00,0.3873854444805111
2022,CO2/CO/NOx,2022-09-15 06:00:00+02:00,0.40351150396582164
2022,CO2/CO/NOx,2022-09-15 07:00:00+02:00,0.4137732025506787
2022,CO2/CO/NOx,2022-09-15 08:00:00+02:00,0.41626979464122216
2022,CO2/CO/NOx,2022-09-15 09:00:00+02:00,0.40940605722151835
2022,CO2/CO/NOx,2022-09-15 10:00:00+02:00,0.40488628627564854
2022,CO2/CO/NOx,2022-09-15 11:00:00+02:00,0.4002201816959888
2022,CO2/CO/NOx,2022-09-15 12:00:00+02:00,0.3952605637175736
2022,CO2/CO/NOx,2022-09-15 13:00:00+02:00,0.39093658323443875
2022,CO2/CO/NOx,2022-09-15 14:00:00+02:00,0.3908055816416407
2022,CO2/CO/NOx,2022-09-15 15:00:00+02:00,0.3972197143573191
2022,CO2/CO/NOx,2022-09-15 16:00:00+02:00,0.4047271740261174
2022,CO2/CO/NOx,2022-09-15 17:00:00+02:00,0.4144220582606589
2022,CO2/CO/NOx,2022-09-15 18:00:00+02:00,0.4310249296185187
2022,CO2/CO/NOx,2022-09-15 19:00:00+02:00,0.4412688647002249
2022,CO2/CO/NOx,2022-09-15 20:00:00+02:00,0.44433039593522494
2022,CO2/CO/NOx,2022-09-15 21:00:00+02:00,0.4408877530554584
2022,CO2/CO/NOx,2022-09-15 22:00:00+02:00,0.4318050890410061
2022,CO2/CO/NOx,2022-09-15 23:00:00+02:00,0.42018134534198215
2022,CO2/CO/NOx,2022-09-16 00:00:00+02:00,0.4027201887124193
2022,CO2/CO/NOx,2022-09-16 01:00:00+02:00,0.39851591249663737
2022,CO2/CO/NOx,2022-09-16 02:00:00+02:00,0.4171413905680215
2022,CO2/CO/NOx,2022-09-16 03:00:00+02:00,0.4547684438957866
2022,CO2/CO/NOx,2022-09-16 04:00:00+02:00,0.49573489682525745
2022,CO2/CO/NOx,2022-09-16 05:00:00+02:00,0.5401390296547447
2022,CO2/CO/NOx,2022-09-16 06:00:00+02:00,0.5764176296015867
2022,CO2/CO/NOx,2022-09-16 07:00:00+02:00,0.5952752434756153
2022,CO2/CO/NOx,2022-09-16 08:00:00+02:00,0.5870234136613429
2022,CO2/CO/NOx,2022-09-16 09:00:00+02:00,0.5656611768831297
2022,CO2/CO/NOx,2022-09-16 10:00:00+02:00,0.5561332572893722
2022,CO2/CO/NOx,2022-09-16 11:00:00+02:00,0.5635630255750683
2022,CO2/CO/NOx,2022-09-16 12:00:00+02:00,0.5847123823807779
2022,CO2/CO/NOx,2022-09-16 13:00:00+02:00,0.6206688357539799
2022,CO2/CO/NOx,2022-09-16 14:00:00+02:00,0.6628259940759457
2022,CO2/CO/NOx,2022-09-16 15:00:00+02:00,0.6992726136754901
2022,CO2/CO/NOx,2022-09-16 16:00:00+02:00,0.7186364703699392
2022,CO2/CO/NOx,2022-09-16 17:00:00+02:00,0.7212128235342128
2022,CO2/CO/NOx,2022-09-16 18:00:00+02:00,0.7271377260569063
2022,CO2/CO/NOx,2022-09-16 19:00:00+02:00,0.7159574984839535
2022,CO2/CO/NOx,2022-09-16 20:00:00+02:00,0.7089269825449982
2022,CO2/CO/NOx,2022-09-16 21:00:00+02:00,0.708498759306743
2022,CO2/CO/NOx,2022-09-16 22:00:00+02:00,0.7155110215330035
2022,CO2/CO/NOx,2022-09-16 23:00:00+02:00,0.7287875632052824
2022,CO2/CO/NOx,2022-09-17 00:00:00+02:00,0.7392837699257817
2022,CO2/CO/NOx,2022-09-17 01:00:00+02:00,0.7548806049914991
2022,CO2/CO/NOx,2022-09-17 02:00:00+02:00,0.7836632526400447
2022,CO2/CO/NOx,2022-09-17 03:00:00+02:00,0.8302481786082763
2022,CO2/CO/NOx,2022-09-17 04:00:00+02:00,0.8633586193141668
2022,CO2/CO/NOx,2022-09-17 05:00:00+02:00,0.8957616121183883
2022,CO2/CO/NOx,2022-09-17 06:00:00+02:00,0.9152113484217926
2022,CO2/CO/NOx,2022-09-17 07:00:00+02:00,0.9185449577205123
2022,CO2/CO/NOx,2022-09-17 08:00:00+02:00,0.9046464593827815
2022,CO2/CO/NOx,2022-09-17 09:00:00+02:00,0.8788481363910053
2022,CO2/CO/NOx,2022-09-17 10:00:00+02:00,0.8664090689031667
2022,CO2/CO/NOx,2022-09-17 11:00:00+02:00,0.866788827051235
2022,CO2/CO/NOx,2022-09-17 12:00:00+02:00,0.8768721285327867
2022,CO2/CO/NOx,2022-09-17 13:00:00+02:00,0.8911508094835446
2022,CO2/CO/NOx,2022-09-17 14:00:00+02:00,0.9045011754754522
2022,CO2/CO/NOx,2022-09-17 15:00:00+02:00,0.9170552450293685
2022,CO2/CO/NOx,2022-09-17 16:00:00+02:00,0.9304054342902051
2022,CO2/CO/NOx,2022-09-17 17:00:00+02:00,0.9531974933572298
2022,CO2/CO/NOx,2022-09-17 18:00:00+02:00,0.9862204977693888
2022,CO2/CO/NOx,2022-09-17 19:00:00+02:00,0.9932712930298963
2022,CO2/CO/NOx,2022-09-17 20:00:00+02:00,0.9908890029400333
2022,CO2/CO/NOx,2022-09-17 21:00:00+02:00,0.981694906669961
2022,CO2/CO/NOx,2022-09-17 22:00:00+02:00,0.9754009974300085
2022,CO2/CO/NOx,2022-09-17 23:00:00+02:00,0.95975517562105
2022,CO2/CO/NOx,2022-09-18 00:00:00+02:00,0.9356840524183575
2022,CO2/CO/NOx,2022-09-18 01:00:00+02:00,0.9360546301589053
2022,CO2/CO/NOx,2022-09-18 02:00:00+02:00,0.9578002120155271
2022,CO2/CO/NOx,2022-09-18 03:00:00+02:00,0.9842869474138194
2022,CO2/CO/NOx,2022-09-18 04:00:00+02:00,0.9938660621866727
2022,CO2/CO/NOx,2022-09-18 05:00:00+02:00,1.010997899073451
2022,CO2/CO/NOx,2022-09-18 06:00:00+02:00,1.0306971303389731
2022,CO2/CO/NOx,2022-09-18 07:00:00+02:00,1.040516052109972
2022,CO2/CO/NOx,2022-09-18 08:00:00+02:00,1.0361999161796072
2022,CO2/CO/NOx,2022-09-18 09:00:00+02:00,1.0110297275975715
2022,CO2/CO/NOx,2022-09-18 10:00:00+02:00,1.0013199530971493
2022,CO2/CO/NOx,2022-09-18 11:00:00+02:00,0.9857190930275188
2022,CO2/CO/NOx,2022-09-18 12:00:00+02:00,0.9623416396690666
2022,CO2/CO/NOx,2022-09-18 13:00:00+02:00,0.9417279432463992
2022,CO2/CO/NOx,2022-09-18 14:00:00+02:00,0.9133797830461198
2022,CO2/CO/NOx,2022-09-18 15:00:00+02:00,0.8969948371052566
2022,CO2/CO/NOx,2022-09-18 16:00:00+02:00,0.8821482936804335
2022,CO2/CO/NOx,2022-09-18 17:00:00+02:00,0.8794444021394416
2022,CO2/CO/NOx,2022-09-18 18:00:00+02:00,0.8871012536240306
2022,CO2/CO/NOx,2022-09-18 19:00:00+02:00,0.9042170100433992
2022,CO2/CO/NOx,2022-09-18 20:00:00+02:00,0.9031918175765834
2022,CO2/CO/NOx,2022-09-18 21:00:00+02:00,0.8837794166988909
2022,CO2/CO/NOx,2022-09-18 22:00:00+02:00,0.8589551578284561
2022,CO2/CO/NOx,2022-09-18 23:00:00+02:00,0.8255610685168059
2022,CO2/CO/NOx,2022-09-19 00:00:00+02:00,0.7799293310360942
2022,CO2/CO/NOx,2022-09-19 01:00:00+02:00,0.7745800655804019
2022,CO2/CO/NOx,2022-09-19 02:00:00+02:00,0.811070770859126
2022,CO2/CO/NOx,2022-09-19 03:00:00+02:00,0.879760031915126
2022,CO2/CO/NOx,2022-09-19 04:00:00+02:00,0.9573436331125813
2022,CO2/CO/NOx,2022-09-19 05:00:00+02:00,1.0319434838234303
2022,CO2/CO/NOx,2022-09-19 06:00:00+02:00,1.0892791459850633
2022,CO2/CO/NOx,2022-09-19 07:00:00+02:00,1.1081336856639965
2022,CO2/CO/NOx,2022-09-19 08:00:00+02:00,1.0886720478358478
2022,CO2/CO/NOx,2022-09-19 09:00:00+02:00,1.0252262112143107
2022,CO2/CO/NOx,2022-09-19 10:00:00+02:00,0.9759226989413566
2022,CO2/CO/NOx,2022-09-19 11:00:00+02:00,0.9162438507648942
2022,CO2/CO/NOx,2022-09-19 12:00:00+02:00,0.8762595430586062
2022,CO2/CO/NOx,2022-09-19 13:00:00+02:00,0.8523316676972656
2022,CO2/CO/NOx,2022-09-19 14:00:00+02:00,0.8487053769714767
2022,CO2/CO/NOx,2022-09-19 15:00:00+02:00,0.8495588617649441
2022,CO2/CO/NOx,2022-09-19 16:00:00+02:00,0.8660958560530327
2022,CO2/CO/NOx,2022-09-19 17:00:00+02:00,0.8896216846500836
2022,CO2/CO/NOx,2022-09-19 18:00:00+02:00,0.9213680484368566
2022,CO2/CO/NOx,2022-09-19 19:00:00+02:00,0.9269833676044987
2022,CO2/CO/NOx,2022-09-19 20:00:00+02:00,0.9104457797289369
2022,CO2/CO/NOx,2022-09-19 21:00:00+02:00,0.8875731664646413
2022,CO2/CO/NOx,2022-09-19 22:00:00+02:00,0.8497898390131989
2022,CO2/CO/NOx,2022-09-19 23:00:00+02:00,0.8071550111271534
2022,CO2/CO/NOx,2022-09-20 00:00:00+02:00,0.755728895644526
2022,CO2/CO/NOx,2022-09-20 01:00:00+02:00,0.7512394670399084
2022,CO2/CO/NOx,2022-09-20 02:00:00+02:00,0.7754371348599213
2022,CO2/CO/NOx,2022-09-20 03:00:00+02:00,0.8285066421679033
2022,CO2/CO/NOx,2022-09-20 04:00:00+02:00,0.8788524429244117
2022,CO2/CO/NOx,2022-09-20 05:00:00+02:00,0.9423221567223552
2022,CO2/CO/NOx,2022-09-20 06:00:00+02:00,0.9985731245426746
2022,CO2/CO/NOx,2022-09-20 07:00:00+02:00,1.0386587888874297
2022,CO2/CO/NOx,2022-09-20 08:00:00+02:00,1.049949747860273
2022,CO2/CO/NOx,2022-09-20 09:00:00+02:00,1.026280200619931
2022,CO2/CO/NOx,2022-09-20 10:00:00+02:00,0.9971250237767051
2022,CO2/CO/NOx,2022-09-20 11:00:00+02:00,0.9544114104981409
2022,CO2/CO/NOx,2022-09-20 12:00:00+02:00,0.9001552365097146
2022,CO2/CO/NOx,2022-09-20 13:00:00+02:00,0.8472059272399178
2022,CO2/CO/NOx,2022-09-20 14:00:00+02:00,0.8111032560280322
2022,CO2/CO/NOx,2022-09-20 15:00:00+02:00,0.7897570331340552
2022,CO2/CO/NOx,2022-09-20 16:00:00+02:00,0.7829048802108451
2022,CO2/CO/NOx,2022-09-20 17:00:00+02:00,0.7949190207519512
2022,CO2/CO/NOx,2022-09-20 18:00:00+02:00,0.8285497220514305
2022,CO2/CO/NOx,2022-09-20 19:00:00+02:00,0.8570663702133856
2022,CO2/CO/NOx,2022-09-20 20:00:00+02:00,0.8692700161870374
2022,CO2/CO/NOx,2022-09-20 21:00:00+02:00,0.8806660342300008
2022,CO2/CO/NOx,2022-09-20 22:00:00+02:00,0.8873325073915745
2022,CO2/CO/NOx,2022-09-20 23:00:00+02:00,0.8860243356777071
2022,CO2/CO/NOx,2022-09-21 00:00:00+02:00,0.8712128791250897
2022,CO2/CO/NOx,2022-09-21 01:00:00+02:00,0.8928788610385006
2022,CO2/CO/NOx,2022-09-21 02:00:00+02:00,0.9460151963167319
2022,CO2/CO/NOx,2022-09-21 03:00:00+02:00,1.0353797812929078
2022,CO2/CO/NOx,2022-09-21 04:00:00+02:00,1.123552665013539
2022,CO2/CO/NOx,2022-09-21 05:00:00+02:00,1.1761504849981936
2022,CO2/CO/NOx,2022-09-21 06:00:00+02:00,1.1986867370362118
2022,CO2/CO/NOx,2022-09-21 07:00:00+02:00,1.1744389731332328
2022,CO2/CO/NOx,2022-09-21 08:00:00+02:00,1.108484155839437
2022,CO2/CO/NOx,2022-09-21 09:00:00+02:00,1.0144010388461473
2022,CO2/CO/NOx,2022-09-21 10:00:00+02:00,0.9350429672652908
2022,CO2/CO/NOx,2022-09-21 11:00:00+02:00,0.8575617809210484
2022,CO2/CO/NOx,2022-09-21 12:00:00+02:00,0.8230084080314284
2022,CO2/CO/NOx,2022-09-21 13:00:00+02:00,0.8214757488651874
2022,CO2/CO/NOx,2022-09-21 14:00:00+02:00,0.8369417305215161
2022,CO2/CO/NOx,2022-09-21 15:00:00+02:00,0.8752196541487677
2022,CO2/CO/NOx,2022-09-21 16:00:00+02:00,0.9215276930793053
2022,CO2/CO/NOx,2022-09-21 17:00:00+02:00,0.9533304354831917
2022,CO2/CO/NOx,2022-09-21 18:00:00+02:00,0.9947013236627809
2022,CO2/CO/NOx,2022-09-21 19:00:00+02:00,0.9857932484960482
2022,CO2/CO/NOx,2022-09-21 20:00:00+02:00,0.942160540410987
2022,CO2/CO/NOx,2022-09-21 21:00:00+02:00,0.9196370122462368
2022,CO2/CO/NOx,2022-09-21 22:00:00+02:00,0.9155389299855656
2022,CO2/CO/NOx,2022-09-21 23:00:00+02:00,0.9339253604239903
2022,CO2/CO/NOx,2022-09-22 00:00:00+02:00,0.9679144089688282
2022,CO2/CO/NOx,2022-09-22 01:00:00+02:00,1.045630005882688
2022,CO2/CO/NOx,2022-09-22 02:00:00+02:00,1.137257362611693
2022,CO2/CO/NOx,2022-09-22 03:00:00+02:00,1.2703052272987434
2022,CO2/CO/NOx,2022-09-22 04:00:00+02:00,1.3464697848671214
2022,CO2/CO/NOx,2022-09-22 05:00:00+02:00,1.3854668236130152
2022,CO2/CO/NOx,2022-09-22 06:00:00+02:00,1.3820992034297073
2022,CO2/CO/NOx,2022-09-22 07:00:00+02:00,1.3174480516947673
2022,CO2/CO/NOx,2022-09-22 08:00:00+02:00,1.1989469807796027
2022,CO2/CO/NOx,2022-09-22 09:00:00+02:00,1.040736202415557
2022,CO2/CO/NOx,2022-09-22 10:00:00+02:00,0.9225673778689913
2022,CO2/CO/NOx,2022-09-22 11:00:00+02:00,0.846901426231613
2022,CO2/CO/NOx,2022-09-22 12:00:00+02:00,0.8248626073221109
2022,CO2/CO/NOx,2022-09-22 13:00:00+02:00,0.8356744368377605
2022,CO2/CO/NOx,2022-09-22 14:00:00+02:00,0.8726832817099285
2022,CO2/CO/NOx,2022-09-22 15:00:00+02:00,0.921431663738593
2022,CO2/CO/NOx,2022-09-22 16:00:00+02:00,0.9661492985214263
2022,CO2/CO/NOx,2022-09-22 17:00:00+02:00,0.9920161877658112
2022,CO2/CO/NOx,2022-09-22 18:00:00+02:00,1.0137719488933943
2022,CO2/CO/NOx,2022-09-22 19:00:00+02:00,1.0204094990718713
2022,CO2/CO/NOx,2022-09-22 20:00:00+02:00,1.0006297817684147
2022,CO2/CO/NOx,2022-09-22 21:00:00+02:00,0.9761047597067548
2022,CO2/CO/NOx,2022-09-22 22:00:00+02:00,0.9690970052416771
2022,CO2/CO/NOx,2022-09-22 23:00:00+02:00,0.9854893271704142
2022,CO2/CO/NOx,2022-09-23 00:00:00+02:00,1.030158266224101
2022,CO2/CO/NOx,2022-09-23 01:00:00+02:00,1.10578428680202
2022,CO2/CO/NOx,2022-09-23 02:00:00+02:00,1.2006194333351878
2022,CO2/CO/NOx,2022-09-23 03:00:00+02:00,1.3293709350082497
2022,CO2/CO/NOx,2022-09-23 04:00:00+02:00,1.4123374247032774
2022,CO2/CO/NOx,2022-09-23 05:00:00+02:00,1.4305279819306527
2022,CO2/CO/NOx,2022-09-23 06:00:00+02:00,1.3952753537145903
2022,CO2/CO/NOx,2022-09-23 07:00:00+02:00,1.3065466465476814
2022,CO2/CO/NOx,2022-09-23 08:00:00+02:00,1.1894166969375737
2022,CO2/CO/NOx,2022-09-23 09:00:00+02:00,1.0387639976831593
2022,CO2/CO/NOx,2022-09-23 10:00:00+02:00,0.9209537686779558
2022,CO2/CO/NOx,2022-09-23 11:00:00+02:00,0.8419394488360312
2022,CO2/CO/NOx,2022-09-23 12:00:00+02:00,0.8231957192170023
2022,CO2/CO/NOx,2022-09-23 13:00:00+02:00,0.8248639379450218
2022,CO2/CO/NOx,2022-09-23 14:00:00+02:00,0.845366588821744
2022,CO2/CO/NOx,2022-09-23 15:00:00+02:00,0.8937568086411074
2022,CO2/CO/NOx,2022-09-23 16:00:00+02:00,0.9541419978037399
2022,CO2/CO/NOx,2022-09-23 17:00:00+02:00,0.9929559350970443
2022,CO2/CO/NOx,2022-09-23 18:00:00+02:00,1.0080523063323326
2022,CO2/CO/NOx,2022-09-23 19:00:00+02:00,0.982731114897248
2022,CO2/CO/NOx,2022-09-23 20:00:00+02:00,0.9275010897719873
2022,CO2/CO/NOx,2022-09-23 21:00:00+02:00,0.8487313845582466
2022,CO2/CO/NOx,2022-09-23 22:00:00+02:00,0.7528659896935417
2022,CO2/CO/NOx,2022-09-23 23:00:00+02:00,0.6814017231761897
2022,CO2/CO/NOx,2022-09-24 00:00:00+02:00,0.6512254513752838
2022,CO2/CO/NOx,2022-09-24 01:00:00+02:00,0.6564805552732949
2022,CO2/CO/NOx,2022-09-24 02:00:00+02:00,0.6814298458326804
2022,CO2/CO/NOx,2022-09-24 03:00:00+02:00,0.7273127479705529
2022,CO2/CO/NOx,2022-09-24 04:00:00+02:00,0.7555938811080005
2022,CO2/CO/NOx,2022-09-24 05:00:00+02:00,0.7874278321976956
2022,CO2/CO/NOx,2022-09-24 06:00:00+02:00,0.8045306374893458
2022,CO2/CO/NOx,2022-09-24 07:00:00+02:00,0.8103966561052197
2022,CO2/CO/NOx,2022-09-24 08:00:00+02:00,0.8012284989344559
2022,CO2/CO/NOx,2022-09-24 09:00:00+02:00,0.7812364686098547
2022,CO2/CO/NOx,2022-09-24 10:00:00+02:00,0.7587134089412159
2022,CO2/CO/NOx,2022-09-24 11:00:00+02:00,0.7341027188889787
2022,CO2/CO/NOx,2022-09-24 12:00:00+02:00,0.7061055788533177
2022,CO2/CO/NOx,2022-09-24 13:00:00+02:00,0.6861848361734623
2022,CO2/CO/NOx,2022-09-24 14:00:00+02:00,0.6715852481200147
2022,CO2/CO/NOx,2022-09-24 15:00:00+02:00,0.660766180076215
2022,CO2/CO/NOx,2022-09-24 16:00:00+02:00,0.6624893766138858
2022,CO2/CO/NOx,2022-09-24 17:00:00+02:00,0.6496000538275876
2022,CO2/CO/NOx,2022-09-24 18:00:00+02:00,0.6549019638723755
2022,CO2/CO/NOx,2022-09-24 19:00:00+02:00,0.6508204736918926
2022,CO2/CO/NOx,2022-09-24 20:00:00+02:00,0.6378876799124283
2022,CO2/CO/NOx,2022-09-24 21:00:00+02:00,0.6193316406903818
2022,CO2/CO/NOx,2022-09-24 22:00:00+02:00,0.6048944161400778
2022,CO2/CO/NOx,2022-09-24 23:00:00+02:00,0.5945998615238345
2022,CO2/CO/NOx,2022-09-25 00:00:00+02:00,0.5878536952396355
2022,CO2/CO/NOx,2022-09-25 01:00:00+02:00,0.6078721942298269
2022,CO2/CO/NOx,2022-09-25 02:00:00+02:00,0.6390777855545298
2022,CO2/CO/NOx,2022-09-25 03:00:00+02:00,0.6869569636230015
2022,CO2/CO/NOx,2022-09-25 04:00:00+02:00,0.7294694525750535
2022,CO2/CO/NOx,2022-09-25 05:00:00+02:00,0.756334320139231
2022,CO2/CO/NOx,2022-09-25 06:00:00+02:00,0.7787717396559926
2022,CO2/CO/NOx,2022-09-25 07:00:00+02:00,0.7930064503324274
2022,CO2/CO/NOx,2022-09-25 08:00:00+02:00,0.7915930578452832
2022,CO2/CO/NOx,2022-09-25 09:00:00+02:00,0.7754655175182817
2022,CO2/CO/NOx,2022-09-25 10:00:00+02:00,0.7627285251863648
2022,CO2/CO/NOx,2022-09-25 11:00:00+02:00,0.7495720971749117
2022,CO2/CO/NOx,2022-09-25 12:00:00+02:00,0.7405218706953677
2022,CO2/CO/NOx,2022-09-25 13:00:00+02:00,0.7338682342355016
2022,CO2/CO/NOx,2022-09-25 14:00:00+02:00,0.7269413230378958
2022,CO2/CO/NOx,2022-09-25 15:00:00+02:00,0.7390194900212629
2022,CO2/CO/NOx,2022-09-25 16:00:00+02:00,0.7596647549627128
2022,CO2/CO/NOx,2022-09-25 17:00:00+02:00,0.7757562002259477
2022,CO2/CO/NOx,2022-09-25 18:00:00+02:00,0.7833650359639946
2022,CO2/CO/NOx,2022-09-25 19:00:00+02:00,0.7868536185023781
2022,CO2/CO/NOx,2022-09-25 20:00:00+02:00,0.7665155692785788
2022,CO2/CO/NOx,2022-09-25 21:00:00+02:00,0.7391652049940655
2022,CO2/CO/NOx,2022-09-25 22:00:00+02:00,0.7010739231307946
2022,CO2/CO/NOx,2022-09-25 23:00:00+02:00,0.6639573787427485
2022,CO2/CO/NOx,2022-09-26 00:00:00+02:00,0.6342012220207729
2022,CO2/CO/NOx,2022-09-26 01:00:00+02:00,0.6316341477652693
2022,CO2/CO/NOx,2022-09-26 02:00:00+02:00,0.6446899058983814
2022,CO2/CO/NOx,2022-09-26 03:00:00+02:00,0.6795631041626825
2022,CO2/CO/NOx,2022-09-26 04:00:00+02:00,0.7333100199695781
2022,CO2/CO/NOx,2022-09-26 05:00:00+02:00,0.7762607504203015
2022,CO2/CO/NOx,2022-09-26 06:00:00+02:00,0.8224806555885446
2022,CO2/CO/NOx,2022-09-26 07:00:00+02:00,0.8475748023676124
2022,CO2/CO/NOx,2022-09-26 08:00:00+02:00,0.8478224489570902
2022,CO2/CO/NOx,2022-09-26 09:00:00+02:00,0.835586580199435
2022,CO2/CO/NOx,2022-09-26 10:00:00+02:00,0.8228642196520636
2022,CO2/CO/NOx,2022-09-26 11:00:00+02:00,0.8033059966151106
2022,CO2/CO/NOx,2022-09-26 12:00:00+02:00,0.7856577158041123
2022,CO2/CO/NOx,2022-09-26 13:00:00+02:00,0.7729182309385989
2022,CO2/CO/NOx,2022-09-26 14:00:00+02:00,0.7584544217331401
2022,CO2/CO/NOx,2022-09-26 15:00:00+02:00,0.7540998408544176
2022,CO2/CO/NOx,2022-09-26 16:00:00+02:00,0.7416464571760594
2022,CO2/CO/NOx,2022-09-26 17:00:00+02:00,0.7387641499164982
2022,CO2/CO/NOx,2022-09-26 18:00:00+02:00,0.7621047498883619
2022,CO2/CO/NOx,2022-09-26 19:00:00+02:00,0.7674143379388042
2022,CO2/CO/NOx,2022-09-26 20:00:00+02:00,0.7572712113334055
2022,CO2/CO/NOx,2022-09-26 21:00:00+02:00,0.742593553693676
2022,CO2/CO/NOx,2022-09-26 22:00:00+02:00,0.7209788171427975
2022,CO2/CO/NOx,2022-09-26 23:00:00+02:00,0.6917999836872867
2022,CO2/CO/NOx,2022-09-27 00:00:00+02:00,0.6588720262292024
2022,CO2/CO/NOx,2022-09-27 01:00:00+02:00,0.6425195442526063
2022,CO2/CO/NOx,2022-09-27 02:00:00+02:00,0.6497365603415065
2022,CO2/CO/NOx,2022-09-27 03:00:00+02:00,0.6882243706507328
2022,CO2/CO/NOx,2022-09-27 04:00:00+02:00,0.7232735361582416
2022,CO2/CO/NOx,2022-09-27 05:00:00+02:00,0.7636965402415196
2022,CO2/CO/NOx,2022-09-27 06:00:00+02:00,0.8106551034831183
2022,CO2/CO/NOx,2022-09-27 07:00:00+02:00,0.8403239512116756
2022,CO2/CO/NOx,2022-09-27 08:00:00+02:00,0.8526395410664264
2022,CO2/CO/NOx,2022-09-27 09:00:00+02:00,0.8457277508041017
2022,CO2/CO/NOx,2022-09-27 10:00:00+02:00,0.8439412884302754
2022,CO2/CO/NOx,2022-09-27 11:00:00+02:00,0.837827410601415
2022,CO2/CO/NOx,2022-09-27 12:00:00+02:00,0.8389105798142275
2022,CO2/CO/NOx,2022-09-27 13:00:00+02:00,0.8490142892789245
2022,CO2/CO/NOx,2022-09-27 14:00:00+02:00,0.8605304791142859
2022,CO2/CO/NOx,2022-09-27 15:00:00+02:00,0.8790874625390548
2022,CO2/CO/NOx,2022-09-27 16:00:00+02:00,0.8924057442186716
2022,CO2/CO/NOx,2022-09-27 17:00:00+02:00,0.9086853416987498
2022,CO2/CO/NOx,2022-09-27 18:00:00+02:00,0.925668568341061
2022,CO2/CO/NOx,2022-09-27 19:00:00+02:00,0.9359847054739513
2022,CO2/CO/NOx,2022-09-27 20:00:00+02:00,0.924759077069756
2022,CO2/CO/NOx,2022-09-27 21:00:00+02:00,0.9103261362396905
2022,CO2/CO/NOx,2022-09-27 22:00:00+02:00,0.8965033700558442
2022,CO2/CO/NOx,2022-09-27 23:00:00+02:00,0.879392331880956
2022,CO2/CO/NOx,2022-09-28 00:00:00+02:00,0.8501971772178055
2022,CO2/CO/NOx,2022-09-28 01:00:00+02:00,0.8437823074885668
2022,CO2/CO/NOx,2022-09-28 02:00:00+02:00,0.8591226566506274
2022,CO2/CO/NOx,2022-09-28 03:00:00+02:00,0.8977993358190371
2022,CO2/CO/NOx,2022-09-28 04:00:00+02:00,0.9487939214786058
2022,CO2/CO/NOx,2022-09-28 05:00:00+02:00,0.9929181738758692
2022,CO2/CO/NOx,2022-09-28 06:00:00+02:00,1.04404796715419
2022,CO2/CO/NOx,2022-09-28 07:00:00+02:00,1.0715137867846025
2022,CO2/CO/NOx,2022-09-28 08:00:00+02:00,1.0820320518989948
2022,CO2/CO/NOx,2022-09-28 09:00:00+02:00,1.0643726274534682
2022,CO2/CO/NOx,2022-09-28 10:00:00+02:00,1.0527448580374432
2022,CO2/CO/NOx,2022-09-28 11:00:00+02:00,1.0337411703589339
2022,CO2/CO/NOx,2022-09-28 12:00:00+02:00,1.0187330900068494
2022,CO2/CO/NOx,2022-09-28 13:00:00+02:00,1.011392574700253
2022,CO2/CO/NOx,2022-09-28 14:00:00+02:00,1.0098321161851231
2022,CO2/CO/NOx,2022-09-28 15:00:00+02:00,1.0231141390282974
2022,CO2/CO/NOx,2022-09-28 16:00:00+02:00,1.030774864855
2022,CO2/CO/NOx,2022-09-28 17:00:00+02:00,1.0483444698373792
2022,CO2/CO/NOx,2022-09-28 18:00:00+02:00,1.0783464020252513
2022,CO2/CO/NOx,2022-09-28 19:00:00+02:00,1.0820270480931091
2022,CO2/CO/NOx,2022-09-28 20:00:00+02:00,1.0636721916630338
2022,CO2/CO/NOx,2022-09-28 21:00:00+02:00,1.0276787926377136
2022,CO2/CO/NOx,2022-09-28 22:00:00+02:00,0.9829148537313486
2022,CO2/CO/NOx,2022-09-28 23:00:00+02:00,0.9424781345570299
2022,CO2/CO/NOx,2022-09-29 00:00:00+02:00,0.8938042645349777
2022,CO2/CO/NOx,2022-09-29 01:00:00+02:00,0.8809076176659493
2022,CO2/CO/NOx,2022-09-29 02:00:00+02:00,0.9044519803867531
2022,CO2/CO/NOx,2022-09-29 03:00:00+02:00,0.9619513201929861
2022,CO2/CO/NOx,2022-09-29 04:00:00+02:00,1.02513471018214
2022,CO2/CO/NOx,2022-09-29 05:00:00+02:00,1.0795249730117311
2022,CO2/CO/NOx,2022-09-29 06:00:00+02:00,1.1196187254190155
2022,CO2/CO/NOx,2022-09-29 07:00:00+02:00,1.1343355477980486
2022,CO2/CO/NOx,2022-09-29 08:00:00+02:00,1.1126876566025012
2022,CO2/CO/NOx,2022-09-29 09:00:00+02:00,1.0530398852830203
2022,CO2/CO/NOx,2022-09-29 10:00:00+02:00,1.0105713994002992
2022,CO2/CO/NOx,2022-09-29 11:00:00+02:00,0.9699236660594676
2022,CO2/CO/NOx,2022-09-29 12:00:00+02:00,0.935566564695406
2022,CO2/CO/NOx,2022-09-29 13:00:00+02:00,0.9298331534366696
2022,CO2/CO/NOx,2022-09-29 14:00:00+02:00,0.9330794838379016
2022,CO2/CO/NOx,2022-09-29 15:00:00+02:00,0.9608598660858633
2022,CO2/CO/NOx,2022-09-29 16:00:00+02:00,0.9948324947696647
2022,CO2/CO/NOx,2022-09-29 17:00:00+02:00,1.0252861909811712
2022,CO2/CO/NOx,2022-09-29 18:00:00+02:00,1.0654984752538235
2022,CO2/CO/NOx,2022-09-29 19:00:00+02:00,1.078608889591314
2022,CO2/CO/NOx,2022-09-29 20:00:00+02:00,1.0665740583636387
2022,CO2/CO/NOx,2022-09-29 21:00:00+02:00,1.0225110253884842
2022,CO2/CO/NOx,2022-09-29 22:00:00+02:00,0.9737955126869771
2022,CO2/CO/NOx,2022-09-29 23:00:00+02:00,0.9262686191287914
2022,CO2/CO/NOx,2022-09-30 00:00:00+02:00,0.8769638581712068
2022,CO2/CO/NOx,2022-09-30 01:00:00+02:00,0.8564420390305864
2022,CO2/CO/NOx,2022-09-30 02:00:00+02:00,0.8769976353296982
2022,CO2/CO/NOx,2022-09-30 03:00:00+02:00,0.9360787872149945
2022,CO2/CO/NOx,2022-09-30 04:00:00+02:00,1.0062136132150017
2022,CO2/CO/NOx,2022-09-30 05:00:00+02:00,1.0691536322924458
2022,CO2/CO/NOx,2022-09-30 06:00:00+02:00,1.1064779228661115
2022,CO2/CO/NOx,2022-09-30 07:00:00+02:00,1.114996932626944
2022,CO2/CO/NOx,2022-09-30 08:00:00+02:00,1.0821213146104842
2022,CO2/CO/NOx,2022-09-30 09:00:00+02:00,1.0083049245428717
2022,CO2/CO/NOx,2022-09-30 10:00:00+02:00,0.9436181233960759
2022,CO2/CO/NOx,2022-09-30 11:00:00+02:00,0.8876742473259897
2022,CO2/CO/NOx,2022-09-30 12:00:00+02:00,0.8450993834279953
2022,CO2/CO/NOx,2022-09-30 13:00:00+02:00,0.8306764199353958
2022,CO2/CO/NOx,2022-09-30 14:00:00+02:00,0.8206792803230574
2022,CO2/CO/NOx,2022-09-30 15:00:00+02:00,0.8286382784762226
2022,CO2/CO/NOx,2022-09-30 16:00:00+02:00,0.8379088725364636
2022,CO2/CO/NOx,2022-09-30 17:00:00+02:00,0.8454858970110142
2022,CO2/CO/NOx,2022-09-30 18:00:00+02:00,0.8670595182901808
2022,CO2/CO/NOx,2022-09-30 19:00:00+02:00,0.8693660589594888
2022,CO2/CO/NOx,2022-09-30 20:00:00+02:00,0.8548595200164762
2022,CO2/CO/NOx,2022-09-30 21:00:00+02:00,0.8284639062387121
2022,CO2/CO/NOx,2022-09-30 22:00:00+02:00,0.7966750304908767
2022,CO2/CO/NOx,2022-09-30 23:00:00+02:00,0.766017571241909
2022,CO2/CO/NOx,2022-10-01 00:00:00+02:00,0.7382362185973278
2022,CO2/CO/NOx,2022-10-01 01:00:00+02:00,0.7278589816045138
2022,CO2/CO/NOx,2022-10-01 02:00:00+02:00,0.7490074512701108
2022,CO2/CO/NOx,2022-10-01 03:00:00+02:00,0.8009730956452982
2022,CO2/CO/NOx,2022-10-01 04:00:00+02:00,0.8456477127269705
2022,CO2/CO/NOx,2022-10-01 05:00:00+02:00,0.8868653397146766
2022,CO2/CO/NOx,2022-10-01 06:00:00+02:00,0.9147581027622574
2022,CO2/CO/NOx,2022-10-01 07:00:00+02:00,0.9227516598147524
2022,CO2/CO/NOx,2022-10-01 08:00:00+02:00,0.9066590713264112
2022,CO2/CO/NOx,2022-10-01 09:00:00+02:00,0.8750060519067521
2022,CO2/CO/NOx,2022-10-01 10:00:00+02:00,0.8491319709555144
2022,CO2/CO/NOx,2022-10-01 11:00:00+02:00,0.8404760696831354
2022,CO2/CO/NOx,2022-10-01 12:00:00+02:00,0.8419646153940747
2022,CO2/CO/NOx,2022-10-01 13:00:00+02:00,0.8559041680454118
2022,CO2/CO/NOx,2022-10-01 14:00:00+02:00,0.8675014293705541
2022,CO2/CO/NOx,2022-10-01 15:00:00+02:00,0.8751594441039727
2022,CO2/CO/NOx,2022-10-01 16:00:00+02:00,0.87324017405898
2022,CO2/CO/NOx,2022-10-01 17:00:00+02:00,0.8616570602937447
2022,CO2/CO/NOx,2022-10-01 18:00:00+02:00,0.8587457822390071
2022,CO2/CO/NOx,2022-10-01 19:00:00+02:00,0.8405827246647959
2022,CO2/CO/NOx,2022-10-01 20:00:00+02:00,0.8179608998495861
2022,CO2/CO/NOx,2022-10-01 21:00:00+02:00,0.7960212620156317
2022,CO2/CO/NOx,2022-10-01 22:00:00+02:00,0.7786358795209347
2022,CO2/CO/NOx,2022-10-01 23:00:00+02:00,0.7648705722251092
2022,CO2/CO/NOx,2022-10-02 00:00:00+02:00,0.7545111167936761
2022,CO2/CO/NOx,2022-10-02 01:00:00+02:00,0.7541131307990503
2022,CO2/CO/NOx,2022-10-02 02:00:00+02:00,0.761451106560579
2022,CO2/CO/NOx,2022-10-02 03:00:00+02:00,0.7742182786853958
2022,CO2/CO/NOx,2022-10-02 04:00:00+02:00,0.7826123323851829
2022,CO2/CO/NOx,2022-10-02 05:00:00+02:00,0.7904423916883937
2022,CO2/CO/NOx,2022-10-02 06:00:00+02:00,0.803704004309261
2022,CO2/CO/NOx,2022-10-02 07:00:00+02:00,0.8119146324109985
2022,CO2/CO/NOx,2022-10-02 08:00:00+02:00,0.8092551328439466
2022,CO2/CO/NOx,2022-10-02 09:00:00+02:00,0.787378983097764
2022,CO2/CO/NOx,2022-10-02 10:00:00+02:00,0.748676569094745
2022,CO2/CO/NOx,2022-10-02 11:00:00+02:00,0.6990072139005962
2022,CO2/CO/NOx,2022-10-02 12:00:00+02:00,0.6506581381105614
2022,CO2/CO/NOx,2022-10-02 13:00:00+02:00,0.6350645667752488
2022,CO2/CO/NOx,2022-10-02 14:00:00+02:00,0.6465332115871115
2022,CO2/CO/NOx,2022-10-02 15:00:00+02:00,0.6838662430319254
2022,CO2/CO/NOx,2022-10-02 16:00:00+02:00,0.7282583582937691
2022,CO2/CO/NOx,2022-10-02 17:00:00+02:00,0.7676659861267776
2022,CO2/CO/NOx,2022-10-02 18:00:00+02:00,0.797528908266685
2022,CO2/CO/NOx,2022-10-02 19:00:00+02:00,0.7913954471528056
2022,CO2/CO/NOx,2022-10-02 20:00:00+02:00,0.762392775778018
2022,CO2/CO/NOx,2022-10-02 21:00:00+02:00,0.7213771793387188
2022,CO2/CO/NOx,2022-10-02 22:00:00+02:00,0.6814362756646987
2022,CO2/CO/NOx,2022-10-02 23:00:00+02:00,0.6476649450587441
2022,CO2/CO/NOx,2022-10-03 00:00:00+02:00,0.622533417878178
2022,CO2/CO/NOx,2022-10-03 01:00:00+02:00,0.6265963871685931
2022,CO2/CO/NOx,2022-10-03 02:00:00+02:00,0.6671377337566916
2022,CO2/CO/NOx,2022-10-03 03:00:00+02:00,0.740833276039144
2022,CO2/CO/NOx,2022-10-03 04:00:00+02:00,0.8159749803606914
2022,CO2/CO/NOx,2022-10-03 05:00:00+02:00,0.8809998274194947
2022,CO2/CO/NOx,2022-10-03 06:00:00+02:00,0.9322189420985901
2022,CO2/CO/NOx,2022-10-03 07:00:00+02:00,0.9530319313789011
2022,CO2/CO/NOx,2022-10-03 08:00:00+02:00,0.9481531852409752
2022,CO2/CO/NOx,2022-10-03 09:00:00+02:00,0.9137795936584325
2022,CO2/CO/NOx,2022-10-03 10:00:00+02:00,0.8737789679127378
2022,CO2/CO/NOx,2022-10-03 11:00:00+02:00,0.828057171994848
2022,CO2/CO/NOx,2022-10-03 12:00:00+02:00,0.7849753861084277
2022,CO2/CO/NOx,2022-10-03 13:00:00+02:00,0.7483318661016924
2022,CO2/CO/NOx,2022-10-03 14:00:00+02:00,0.7114594895764716
2022,CO2/CO/NOx,2022-10-03 15:00:00+02:00,0.7044302447611623
2022,CO2/CO/NOx,2022-10-03 16:00:00+02:00,0.7267573741613292
2022,CO2/CO/NOx,2022-10-03 17:00:00+02:00,0.7799618391494261
2022,CO2/CO/NOx,2022-10-03 18:00:00+02:00,0.8692357120700841
2022,CO2/CO/NOx,2022-10-03 19:00:00+02:00,0.9384746930152716
2022,CO2/CO/NOx,2022-10-03 20:00:00+02:00,0.9808579590856246
2022,CO2/CO/NOx,2022-10-03 21:00:00+02:00,0.9838135169764897
2022,CO2/CO/NOx,2022-10-03 22:00:00+02:00,0.9851747014225968
2022,CO2/CO/NOx,2022-10-03 23:00:00+02:00,0.9864286505741944
2022,CO2/CO/NOx,2022-10-04 00:00:00+02:00,0.9669909207188081
2022,CO2/CO/NOx,2022-10-04 01:00:00+02:00,0.9784249732279534
2022,CO2/CO/NOx,2022-10-04 02:00:00+02:00,1.0238838217966342
2022,CO2/CO/NOx,2022-10-04 03:00:00+02:00,1.1009136250145093
2022,CO2/CO/NOx,2022-10-04 04:00:00+02:00,1.1611607392754268
2022,CO2/CO/NOx,2022-10-04 05:00:00+02:00,1.1988176710621756
2022,CO2/CO/NOx,2022-10-04 06:00:00+02:00,1.2009879181611989
2022,CO2/CO/NOx,2022-10-04 07:00:00+02:00,1.194721355876546
2022,CO2/CO/NOx,2022-10-04 08:00:00+02:00,1.158183799728825
2022,CO2/CO/NOx,2022-10-04 09:00:00+02:00,1.0690270564486402
2022,CO2/CO/NOx,2022-10-04 10:00:00+02:00,0.9873006660883348
2022,CO2/CO/NOx,2022-10-04 11:00:00+02:00,0.9027309778094058
2022,CO2/CO/NOx,2022-10-04 12:00:00+02:00,0.8471549192486431
2022,CO2/CO/NOx,2022-10-04 13:00:00+02:00,0.8344651207886055
2022,CO2/CO/NOx,2022-10-04 14:00:00+02:00,0.8388089700107093
2022,CO2/CO/NOx,2022-10-04 15:00:00+02:00,0.8807319526525598
2022,CO2/CO/NOx,2022-10-04 16:00:00+02:00,0.9576290471853408
2022,CO2/CO/NOx,2022-10-04 17:00:00+02:00,1.0167812684282298
2022,CO2/CO/NOx,2022-10-04 18:00:00+02:00,1.051732182081598
2022,CO2/CO/NOx,2022-10-04 19:00:00+02:00,1.0277803403819765
2022,CO2/CO/NOx,2022-10-04 20:00:00+02:00,0.9585586387316555
2022,CO2/CO/NOx,2022-10-04 21:00:00+02:00,0.8889049878697614
2022,CO2/CO/NOx,2022-10-04 22:00:00+02:00,0.8513876180565635
2022,CO2/CO/NOx,2022-10-04 23:00:00+02:00,0.817474463023084
2022,CO2/CO/NOx,2022-10-05 00:00:00+02:00,0.8200150432541417
2022,CO2/CO/NOx,2022-10-05 01:00:00+02:00,0.8850594536112155
2022,CO2/CO/NOx,2022-10-05 02:00:00+02:00,0.9705775997444185
2022,CO2/CO/NOx,2022-10-05 03:00:00+02:00,1.063039325930621
2022,CO2/CO/NOx,2022-10-05 04:00:00+02:00,1.1310360353438973
2022,CO2/CO/NOx,2022-10-05 05:00:00+02:00,1.1589045649179686
2022,CO2/CO/NOx,2022-10-05 06:00:00+02:00,1.1504305098398162
2022,CO2/CO/NOx,2022-10-05 07:00:00+02:00,1.1002889645393938
2022,CO2/CO/NOx,2022-10-05 08:00:00+02:00,0.9867756499758633
2022,CO2/CO/NOx,2022-10-05 09:00:00+02:00,0.840794000387947
2022,CO2/CO/NOx,2022-10-05 10:00:00+02:00,0.726784407221988
2022,CO2/CO/NOx,2022-10-05 11:00:00+02:00,0.6327044942213281
2022,CO2/CO/NOx,2022-10-05 12:00:00+02:00,0.5502594117273514
2022,CO2/CO/NOx,2022-10-05 13:00:00+02:00,0.5193964407982687
2022,CO2/CO/NOx,2022-10-05 14:00:00+02:00,0.5160862725052073
2022,CO2/CO/NOx,2022-10-05 15:00:00+02:00,0.5733143147760476
2022,CO2/CO/NOx,2022-10-05 16:00:00+02:00,0.6346520205950784
2022,CO2/CO/NOx,2022-10-05 17:00:00+02:00,0.686389347126287
2022,CO2/CO/NOx,2022-10-05 18:00:00+02:00,0.7300546274276791
2022,CO2/CO/NOx,2022-10-05 19:00:00+02:00,0.7371036759982788
2022,CO2/CO/NOx,2022-10-05 20:00:00+02:00,0.6904530995355395
2022,CO2/CO/NOx,2022-10-05 21:00:00+02:00,0.6138546600829824
2022,CO2/CO/NOx,2022-10-05 22:00:00+02:00,0.541338897265242
2022,CO2/CO/NOx,2022-10-05 23:00:00+02:00,0.48303947304237355
2022,CO2/CO/NOx,2022-10-06 00:00:00+02:00,0.46596209479327394
2022,CO2/CO/NOx,2022-10-06 01:00:00+02:00,0.4770175396820295
2022,CO2/CO/NOx,2022-10-06 02:00:00+02:00,0.5036422224417983
2022,CO2/CO/NOx,2022-10-06 03:00:00+02:00,0.5547885833153097
2022,CO2/CO/NOx,2022-10-06 04:00:00+02:00,0.5949521327331851
2022,CO2/CO/NOx,2022-10-06 05:00:00+02:00,0.6394091988552864
2022,CO2/CO/NOx,2022-10-06 06:00:00+02:00,0.6794951518627761
2022,CO2/CO/NOx,2022-10-06 07:00:00+02:00,0.6912044774241906
2022,CO2/CO/NOx,2022-10-06 08:00:00+02:00,0.6670816160489016
2022,CO2/CO/NOx,2022-10-06 09:00:00+02:00,0.6164495980265163
2022,CO2/CO/NOx,2022-10-06 10:00:00+02:00,0.5701450335436579
2022,CO2/CO/NOx,2022-10-06 11:00:00+02:00,0.5148452111746193
2022,CO2/CO/NOx,2022-10-06 12:00:00+02:00,0.4777258124134389
2022,CO2/CO/NOx,2022-10-06 13:00:00+02:00,0.4628561918674737
2022,CO2/CO/NOx,2022-10-06 14:00:00+02:00,0.4654400358562745
2022,CO2/CO/NOx,2022-10-06 15:00:00+02:00,0.4848367657510163
2022,CO2/CO/NOx,2022-10-06 16:00:00+02:00,0.5136699143140138
2022,CO2/CO/NOx,2022-10-06 17:00:00+02:00,0.5372676790369197
2022,CO2/CO/NOx,2022-10-06 18:00:00+02:00,0.5534314652047199
2022,CO2/CO/NOx,2022-10-06 19:00:00+02:00,0.5492211902402084
2022,CO2/CO/NOx,2022-10-06 20:00:00+02:00,0.5347191149743069
2022,CO2/CO/NOx,2022-10-06 21:00:00+02:00,0.516956121015585
2022,CO2/CO/NOx,2022-10-06 22:00:00+02:00,0.4929925815480082
2022,CO2/CO/NOx,2022-10-06 23:00:00+02:00,0.4701394332599429
2022,CO2/CO/NOx,2022-10-07 00:00:00+02:00,0.4558985304521148
2022,CO2/CO/NOx,2022-10-07 01:00:00+02:00,0.46352482471287887
2022,CO2/CO/NOx,2022-10-07 02:00:00+02:00,0.483185095714078
2022,CO2/CO/NOx,2022-10-07 03:00:00+02:00,0.5215411637822835
2022,CO2/CO/NOx,2022-10-07 04:00:00+02:00,0.5733271400524453
2022,CO2/CO/NOx,2022-10-07 05:00:00+02:00,0.6296404818263784
2022,CO2/CO/NOx,2022-10-07 06:00:00+02:00,0.67912518104289
2022,CO2/CO/NOx,2022-10-07 07:00:00+02:00,0.7143091383770432
2022,CO2/CO/NOx,2022-10-07 08:00:00+02:00,0.7291240940896443
2022,CO2/CO/NOx,2022-10-07 09:00:00+02:00,0.7116644860100179
2022,CO2/CO/NOx,2022-10-07 10:00:00+02:00,0.6853363423948199
2022,CO2/CO/NOx,2022-10-07 11:00:00+02:00,0.6422923174014841
2022,CO2/CO/NOx,2022-10-07 12:00:00+02:00,0.5954134477764712
2022,CO2/CO/NOx,2022-10-07 13:00:00+02:00,0.5521309579731474
2022,CO2/CO/NOx,2022-10-07 14:00:00+02:00,0.5204502425047388
2022,CO2/CO/NOx,2022-10-07 15:00:00+02:00,0.5259993171953257
2022,CO2/CO/NOx,2022-10-07 16:00:00+02:00,0.5692748938552838
2022,CO2/CO/NOx,2022-10-07 17:00:00+02:00,0.6245003544354598
2022,CO2/CO/NOx,2022-10-07 18:00:00+02:00,0.6926045369920075
2022,CO2/CO/NOx,2022-10-07 19:00:00+02:00,0.7398203769140437
2022,CO2/CO/NOx,2022-10-07 20:00:00+02:00,0.758425252869447
2022,CO2/CO/NOx,2022-10-07 21:00:00+02:00,0.7476841319413208
2022,CO2/CO/NOx,2022-10-07 22:00:00+02:00,0.7081878156066774
2022,CO2/CO/NOx,2022-10-07 23:00:00+02:00,0.6594497603117158
2022,CO2/CO/NOx,2022-10-08 00:00:00+02:00,0.6206252119542099
2022,CO2/CO/NOx,2022-10-08 01:00:00+02:00,0.6072265832395558
2022,CO2/CO/NOx,2022-10-08 02:00:00+02:00,0.6091767456718794
2022,CO2/CO/NOx,2022-10-08 03:00:00+02:00,0.6393131884688722
2022,CO2/CO/NOx,2022-10-08 04:00:00+02:00,0.6743182584526483
2022,CO2/CO/NOx,2022-10-08 05:00:00+02:00,0.7099324802504609
2022,CO2/CO/NOx,2022-10-08 06:00:00+02:00,0.7365424284675043
2022,CO2/CO/NOx,2022-10-08 07:00:00+02:00,0.7466407486283086
2022,CO2/CO/NOx,2022-10-08 08:00:00+02:00,0.7371869381320139
2022,CO2/CO/NOx,2022-10-08 09:00:00+02:00,0.7116580898022712
2022,CO2/CO/NOx,2022-10-08 10:00:00+02:00,0.6832482822507719
2022,CO2/CO/NOx,2022-10-08 11:00:00+02:00,0.6531987517982281
2022,CO2/CO/NOx,2022-10-08 12:00:00+02:00,0.6338657144100256
2022,CO2/CO/NOx,2022-10-08 13:00:00+02:00,0.633472870021258
2022,CO2/CO/NOx,2022-10-08 14:00:00+02:00,0.6233526490400535
2022,CO2/CO/NOx,2022-10-08 15:00:00+02:00,0.6153207552857461
2022,CO2/CO/NOx,2022-10-08 16:00:00+02:00,0.6212139197061525
2022,CO2/CO/NOx,2022-10-08 17:00:00+02:00,0.6264658600351929
2022,CO2/CO/NOx,2022-10-08 18:00:00+02:00,0.63922352645135
2022,CO2/CO/NOx,2022-10-08 19:00:00+02:00,0.6451335186588467
2022,CO2/CO/NOx,2022-10-08 20:00:00+02:00,0.6421124168553802
2022,CO2/CO/NOx,2022-10-08 21:00:00+02:00,0.6439409063439323
2022,CO2/CO/NOx,2022-10-08 22:00:00+02:00,0.6531183763912853
2022,CO2/CO/NOx,2022-10-08 23:00:00+02:00,0.6601233522627049
2022,CO2/CO/NOx,2022-10-09 00:00:00+02:00,0.6752252114341792
2022,CO2/CO/NOx,2022-10-09 01:00:00+02:00,0.7233359557734798
2022,CO2/CO/NOx,2022-10-09 02:00:00+02:00,0.7872154130739354
2022,CO2/CO/NOx,2022-10-09 03:00:00+02:00,0.8634389221962372
2022,CO2/CO/NOx,2022-10-09 04:00:00+02:00,0.9362361694786768
2022,CO2/CO/NOx,2022-10-09 05:00:00+02:00,0.9784474472949635
2022,CO2/CO/NOx,2022-10-09 06:00:00+02:00,1.0076935355995287
2022,CO2/CO/NOx,2022-10-09 07:00:00+02:00,1.0008993029647364
2022,CO2/CO/NOx,2022-10-09 08:00:00+02:00,0.9634335659159543
2022,CO2/CO/NOx,2022-10-09 09:00:00+02:00,0.904159327686886
2022,CO2/CO/NOx,2022-10-09 10:00:00+02:00,0.8485873251904434
2022,CO2/CO/NOx,2022-10-09 11:00:00+02:00,0.7988844250553168
2022,CO2/CO/NOx,2022-10-09 12:00:00+02:00,0.7559625946847478
2022,CO2/CO/NOx,2022-10-09 13:00:00+02:00,0.7375626206539472
2022,CO2/CO/NOx,2022-10-09 14:00:00+02:00,0.7281911056066703
2022,CO2/CO/NOx,2022-10-09 15:00:00+02:00,0.7401059292588698
2022,CO2/CO/NOx,2022-10-09 16:00:00+02:00,0.7584088524761946
2022,CO2/CO/NOx,2022-10-09 17:00:00+02:00,0.7908563203580083
2022,CO2/CO/NOx,2022-10-09 18:00:00+02:00,0.8360765814793124
2022,CO2/CO/NOx,2022-10-09 19:00:00+02:00,0.8562635092830224
2022,CO2/CO/NOx,2022-10-09 20:00:00+02:00,0.8626342232763331
2022,CO2/CO/NOx,2022-10-09 21:00:00+02:00,0.8514687816704176
2022,CO2/CO/NOx,2022-10-09 22:00:00+02:00,0.8299121321602703
2022,CO2/CO/NOx,2022-10-09 23:00:00+02:00,0.7956413963695027
2022,CO2/CO/NOx,2022-10-10 00:00:00+02:00,0.7422947702747014
2022,CO2/CO/NOx,2022-10-10 01:00:00+02:00,0.7173003290696965
2022,CO2/CO/NOx,2022-10-10 02:00:00+02:00,0.7233478425580165
2022,CO2/CO/NOx,2022-10-10 03:00:00+02:00,0.7521231250012901
2022,CO2/CO/NOx,2022-10-10 04:00:00+02:00,0.7790583786052955
2022,CO2/CO/NOx,2022-10-10 05:00:00+02:00,0.8251690487986886
2022,CO2/CO/NOx,2022-10-10 06:00:00+02:00,0.8747610641723886
2022,CO2/CO/NOx,2022-10-10 07:00:00+02:00,0.8955404287991139
2022,CO2/CO/NOx,2022-10-10 08:00:00+02:00,0.8797682910155179
2022,CO2/CO/NOx,2022-10-10 09:00:00+02:00,0.8281627274704781
2022,CO2/CO/NOx,2022-10-10 10:00:00+02:00,0.7740153562729402
2022,CO2/CO/NOx,2022-10-10 11:00:00+02:00,0.7120199749323445
2022,CO2/CO/NOx,2022-10-10 12:00:00+02:00,0.6458372910244559
2022,CO2/CO/NOx,2022-10-10 13:00:00+02:00,0.6003309029788603
2022,CO2/CO/NOx,2022-10-10 14:00:00+02:00,0.5868053865069488
2022,CO2/CO/NOx,2022-10-10 15:00:00+02:00,0.5935480420592205
2022,CO2/CO/NOx,2022-10-10 16:00:00+02:00,0.6133294361514812
2022,CO2/CO/NOx,2022-10-10 17:00:00+02:00,0.6392330376869161
2022,CO2/CO/NOx,2022-10-10 18:00:00+02:00,0.6652258152823768
2022,CO2/CO/NOx,2022-10-10 19:00:00+02:00,0.6848529839685831
2022,CO2/CO/NOx,2022-10-10 20:00:00+02:00,0.6823773984106358
2022,CO2/CO/NOx,2022-10-10 21:00:00+02:00,0.6545483624166779
2022,CO2/CO/NOx,2022-10-10 22:00:00+02:00,0.6181558354973831
2022,CO2/CO/NOx,2022-10-10 23:00:00+02:00,0.5828528742097531
2022,CO2/CO/NOx,2022-10-11 00:00:00+02:00,0.5463197181519517
2022,CO2/CO/NOx,2022-10-11 01:00:00+02:00,0.5346854759566946
2022,CO2/CO/NOx,2022-10-11 02:00:00+02:00,0.5314204749395895
2022,CO2/CO/NOx,2022-10-11 03:00:00+02:00,0.5505246852965131
2022,CO2/CO/NOx,2022-10-11 04:00:00+02:00,0.5885627032113542
2022,CO2/CO/NOx,2022-10-11 05:00:00+02:00,0.6207232751307338
2022,CO2/CO/NOx,2022-10-11 06:00:00+02:00,0.6638037335774414
2022,CO2/CO/NOx,2022-10-11 07:00:00+02:00,0.6965891809298276
2022,CO2/CO/NOx,2022-10-11 08:00:00+02:00,0.7122805145124771
2022,CO2/CO/NOx,2022-10-11 09:00:00+02:00,0.7092674337882688
2022,CO2/CO/NOx,2022-10-11 10:00:00+02:00,0.6919686630282655
2022,CO2/CO/NOx,2022-10-11 11:00:00+02:00,0.6486071478980151
2022,CO2/CO/NOx,2022-10-11 12:00:00+02:00,0.6079584422834546
2022,CO2/CO/NOx,2022-10-11 13:00:00+02:00,0.5737917912377601
2022,CO2/CO/NOx,2022-10-11 14:00:00+02:00,0.5448561597160705
2022,CO2/CO/NOx,2022-10-11 15:00:00+02:00,0.5366188685218134
2022,CO2/CO/NOx,2022-10-11 16:00:00+02:00,0.5284136340100153
2022,CO2/CO/NOx,2022-10-11 17:00:00+02:00,0.5311723962119025
2022,CO2/CO/NOx,2022-10-11 18:00:00+02:00,0.5404607838676436
2022,CO2/CO/NOx,2022-10-11 19:00:00+02:00,0.5399332195428764
2022,CO2/CO/NOx,2022-10-11 20:00:00+02:00,0.5379986784202343
2022,CO2/CO/NOx,2022-10-11 21:00:00+02:00,0.5439648585884063
2022,CO2/CO/NOx,2022-10-11 22:00:00+02:00,0.5505729440298263
2022,CO2/CO/NOx,2022-10-11 23:00:00+02:00,0.5491395895888999
2022,CO2/CO/NOx,2022-10-12 00:00:00+02:00,0.542723357898379
2022,CO2/CO/NOx,2022-10-12 01:00:00+02:00,0.548713615083238
2022,CO2/CO/NOx,2022-10-12 02:00:00+02:00,0.5658898400032905
2022,CO2/CO/NOx,2022-10-12 03:00:00+02:00,0.5896348994528354
2022,CO2/CO/NOx,2022-10-12 04:00:00+02:00,0.6165896761146569
2022,CO2/CO/NOx,2022-10-12 05:00:00+02:00,0.6456475600483779
2022,CO2/CO/NOx,2022-10-12 06:00:00+02:00,0.678210667402947
2022,CO2/CO/NOx,2022-10-12 07:00:00+02:00,0.6982663967773522
2022,CO2/CO/NOx,2022-10-12 08:00:00+02:00,0.7094075353074124
2022,CO2/CO/NOx,2022-10-12 09:00:00+02:00,0.7070507605097558
2022,CO2/CO/NOx,2022-10-12 10:00:00+02:00,0.7001826945450325
2022,CO2/CO/NOx,2022-10-12 11:00:00+02:00,0.683273576381824
2022,CO2/CO/NOx,2022-10-12 12:00:00+02:00,0.6661039769554078
2022,CO2/CO/NOx,2022-10-12 13:00:00+02:00,0.6431068546683784
2022,CO2/CO/NOx,2022-10-12 14:00:00+02:00,0.6335755039057367
2022,CO2/CO/NOx,2022-10-12 15:00:00+02:00,0.6317717857414981
2022,CO2/CO/NOx,2022-10-12 16:00:00+02:00,0.629056690554044
2022,CO2/CO/NOx,2022-10-12 17:00:00+02:00,0.6414500118297657
2022,CO2/CO/NOx,2022-10-12 18:00:00+02:00,0.6758787925959443
2022,CO2/CO/NOx,2022-10-12 19:00:00+02:00,0.6898098336075111
2022,CO2/CO/NOx,2022-10-12 20:00:00+02:00,0.693421836693773
2022,CO2/CO/NOx,2022-10-12 21:00:00+02:00,0.6969749508983081
2022,CO2/CO/NOx,2022-10-12 22:00:00+02:00,0.7028573224471071
2022,CO2/CO/NOx,2022-10-12 23:00:00+02:00,0.7095500435325744
2022,CO2/CO/NOx,2022-10-13 00:00:00+02:00,0.6978904986289158
2022,CO2/CO/NOx,2022-10-13 01:00:00+02:00,0.7065341117727418
2022,CO2/CO/NOx,2022-10-13 02:00:00+02:00,0.7450615271022877
2022,CO2/CO/NOx,2022-10-13 03:00:00+02:00,0.7964290566907017
2022,CO2/CO/NOx,2022-10-13 04:00:00+02:00,0.8260498151759766
2022,CO2/CO/NOx,2022-10-13 05:00:00+02:00,0.8462449849513015
2022,CO2/CO/NOx,2022-10-13 06:00:00+02:00,0.8710142531194887
2022,CO2/CO/NOx,2022-10-13 07:00:00+02:00,0.8811467852121789
2022,CO2/CO/NOx,2022-10-13 08:00:00+02:00,0.8652709388179574
2022,CO2/CO/NOx,2022-10-13 09:00:00+02:00,0.8291651593258611
2022,CO2/CO/NOx,2022-10-13 10:00:00+02:00,0.8009966883693688
2022,CO2/CO/NOx,2022-10-13 11:00:00+02:00,0.7738223246278192
2022,CO2/CO/NOx,2022-10-13 12:00:00+02:00,0.7355266803913929
2022,CO2/CO/NOx,2022-10-13 13:00:00+02:00,0.7105558758592437
2022,CO2/CO/NOx,2022-10-13 14:00:00+02:00,0.6934450744833741
2022,CO2/CO/NOx,2022-10-13 15:00:00+02:00,0.7015244054496655
2022,CO2/CO/NOx,2022-10-13 16:00:00+02:00,0.7162307177461666
2022,CO2/CO/NOx,2022-10-13 17:00:00+02:00,0.7203627194230718
2022,CO2/CO/NOx,2022-10-13 18:00:00+02:00,0.7339751435071519
2022,CO2/CO/NOx,2022-10-13 19:00:00+02:00,0.7328497442798002
2022,CO2/CO/NOx,2022-10-13 20:00:00+02:00,0.7100060138833155
2022,CO2/CO/NOx,2022-10-13 21:00:00+02:00,0.675842449703311
2022,CO2/CO/NOx,2022-10-13 22:00:00+02:00,0.6476964115529532
2022,CO2/CO/NOx,2022-10-13 23:00:00+02:00,0.6226678199990893
2022,CO2/CO/NOx,2022-10-14 00:00:00+02:00,0.5988719569320736
2022,CO2/CO/NOx,2022-10-14 01:00:00+02:00,0.5907802776422321
2022,CO2/CO/NOx,2022-10-14 02:00:00+02:00,0.5922247681118499
2022,CO2/CO/NOx,2022-10-14 03:00:00+02:00,0.6281514966667808
2022,CO2/CO/NOx,2022-10-14 04:00:00+02:00,0.6568226272330593
2022,CO2/CO/NOx,2022-10-14 05:00:00+02:00,0.683417125151591
2022,CO2/CO/NOx,2022-10-14 06:00:00+02:00,0.7189606253373643
2022,CO2/CO/NOx,2022-10-14 07:00:00+02:00,0.7444673509620054
2022,CO2/CO/NOx,2022-10-14 08:00:00+02:00,0.7438379816544174
2022,CO2/CO/NOx,2022-10-14 09:00:00+02:00,0.7140287343348585
2022,CO2/CO/NOx,2022-10-14 10:00:00+02:00,0.6767872779372023
2022,CO2/CO/NOx,2022-10-14 11:00:00+02:00,0.629673877471142
2022,CO2/CO/NOx,2022-10-14 12:00:00+02:00,0.5836972942862125
2022,CO2/CO/NOx,2022-10-14 13:00:00+02:00,0.5546194032156117
2022,CO2/CO/NOx,2022-10-14 14:00:00+02:00,0.5530376485432418
2022,CO2/CO/NOx,2022-10-14 15:00:00+02:00,0.5661366993003043
2022,CO2/CO/NOx,2022-10-14 16:00:00+02:00,0.5817375624289983
2022,CO2/CO/NOx,2022-10-14 17:00:00+02:00,0.5963744696252095
2022,CO2/CO/NOx,2022-10-14 18:00:00+02:00,0.6088656387200174
2022,CO2/CO/NOx,2022-10-14 19:00:00+02:00,0.6027516175061585
2022,CO2/CO/NOx,2022-10-14 20:00:00+02:00,0.5738420454162273
2022,CO2/CO/NOx,2022-10-14 21:00:00+02:00,0.538816004326254
2022,CO2/CO/NOx,2022-10-14 22:00:00+02:00,0.5156335875154953
2022,CO2/CO/NOx,2022-10-14 23:00:00+02:00,0.49614255289145204
2022,CO2/CO/NOx,2022-10-15 00:00:00+02:00,0.48397800257032875
2022,CO2/CO/NOx,2022-10-15 01:00:00+02:00,0.49523658281110133
2022,CO2/CO/NOx,2022-10-15 02:00:00+02:00,0.5260145518119872
2022,CO2/CO/NOx,2022-10-15 03:00:00+02:00,0.5611559591972936
2022,CO2/CO/NOx,2022-10-15 04:00:00+02:00,0.5828374760166283
2022,CO2/CO/NOx,2022-10-15 05:00:00+02:00,0.5902741440515751
2022,CO2/CO/NOx,2022-10-15 06:00:00+02:00,0.5928769145068188
2022,CO2/CO/NOx,2022-10-15 07:00:00+02:00,0.5928981997216727
2022,CO2/CO/NOx,2022-10-15 08:00:00+02:00,0.577135562829325
2022,CO2/CO/NOx,2022-10-15 09:00:00+02:00,0.5602266095642973
2022,CO2/CO/NOx,2022-10-15 10:00:00+02:00,0.5438560528400369
2022,CO2/CO/NOx,2022-10-15 11:00:00+02:00,0.5193353546670317
2022,CO2/CO/NOx,2022-10-15 12:00:00+02:00,0.49216685597631277
2022,CO2/CO/NOx,2022-10-15 13:00:00+02:00,0.47375901213180827
2022,CO2/CO/NOx,2022-10-15 14:00:00+02:00,0.46941424173290486
2022,CO2/CO/NOx,2022-10-15 15:00:00+02:00,0.47939861228654174
2022,CO2/CO/NOx,2022-10-15 16:00:00+02:00,0.49245431311614174
2022,CO2/CO/NOx,2022-10-15 17:00:00+02:00,0.5029349693588121
2022,CO2/CO/NOx,2022-10-15 18:00:00+02:00,0.5172229234873729
2022,CO2/CO/NOx,2022-10-15 19:00:00+02:00,0.5220753034622696
2022,CO2/CO/NOx,2022-10-15 20:00:00+02:00,0.5070664991630297
2022,CO2/CO/NOx,2022-10-15 21:00:00+02:00,0.48373299641136575
2022,CO2/CO/NOx,2022-10-15 22:00:00+02:00,0.46751628138102785
2022,CO2/CO/NOx,2022-10-15 23:00:00+02:00,0.4640697276389998
2022,CO2/CO/NOx,2022-10-16 00:00:00+02:00,0.46524716009028777
2022,CO2/CO/NOx,2022-10-16 01:00:00+02:00,0.4753460923091073
2022,CO2/CO/NOx,2022-10-16 02:00:00+02:00,0.4936336163832002
2022,CO2/CO/NOx,2022-10-16 03:00:00+02:00,0.5184565074916871
2022,CO2/CO/NOx,2022-10-16 04:00:00+02:00,0.5425171857744897
2022,CO2/CO/NOx,2022-10-16 05:00:00+02:00,0.5614354885998103
2022,CO2/CO/NOx,2022-10-16 06:00:00+02:00,0.5702126203058062
2022,CO2/CO/NOx,2022-10-16 07:00:00+02:00,0.5749693106971415
2022,CO2/CO/NOx,2022-10-16 08:00:00+02:00,0.5683142059751319
2022,CO2/CO/NOx,2022-10-16 09:00:00+02:00,0.5472007369033298
2022,CO2/CO/NOx,2022-10-16 10:00:00+02:00,0.5200216149731387
2022,CO2/CO/NOx,2022-10-16 11:00:00+02:00,0.4847854690858855
2022,CO2/CO/NOx,2022-10-16 12:00:00+02:00,0.45035690448669974
2022,CO2/CO/NOx,2022-10-16 13:00:00+02:00,0.4244354464693379
2022,CO2/CO/NOx,2022-10-16 14:00:00+02:00,0.41072735534148647
2022,CO2/CO/NOx,2022-10-16 15:00:00+02:00,0.41225099588443054
2022,CO2/CO/NOx,2022-10-16 16:00:00+02:00,0.42636311172401775
2022,CO2/CO/NOx,2022-10-16 17:00:00+02:00,0.44860617966557287
2022,CO2/CO/NOx,2022-10-16 18:00:00+02:00,0.4719967799280833
2022,CO2/CO/NOx,2022-10-16 19:00:00+02:00,0.4845815535007543
2022,CO2/CO/NOx,2022-10-16 20:00:00+02:00,0.4921791033366003
2022,CO2/CO/NOx,2022-10-16 21:00:00+02:00,0.4841760904386246
2022,CO2/CO/NOx,2022-10-16 22:00:00+02:00,0.46686060761458753
2022,CO2/CO/NOx,2022-10-16 23:00:00+02:00,0.44839449008281607
2022,CO2/CO/NOx,2022-10-17 00:00:00+02:00,0.4342704581464467
2022,CO2/CO/NOx,2022-10-17 01:00:00+02:00,0.43949257611136766
2022,CO2/CO/NOx,2022-10-17 02:00:00+02:00,0.47337143477861376
2022,CO2/CO/NOx,2022-10-17 03:00:00+02:00,0.516037717732594
2022,CO2/CO/NOx,2022-10-17 04:00:00+02:00,0.5693077874292966
2022,CO2/CO/NOx,2022-10-17 05:00:00+02:00,0.6299880162855852
2022,CO2/CO/NOx,2022-10-17 06:00:00+02:00,0.6836242854154961
2022,CO2/CO/NOx,2022-10-17 07:00:00+02:00,0.7098543438389568
2022,CO2/CO/NOx,2022-10-17 08:00:00+02:00,0.7045137004574481
2022,CO2/CO/NOx,2022-10-17 09:00:00+02:00,0.6573067202061913
2022,CO2/CO/NOx,2022-10-17 10:00:00+02:00,0.5990434257890371
2022,CO2/CO/NOx,2022-10-17 11:00:00+02:00,0.5428158588127143
2022,CO2/CO/NOx,2022-10-17 12:00:00+02:00,0.4883262244712918
2022,CO2/CO/NOx,2022-10-17 13:00:00+02:00,0.4526633612016858
2022,CO2/CO/NOx,2022-10-17 14:00:00+02:00,0.43891219728583064
2022,CO2/CO/NOx,2022-10-17 15:00:00+02:00,0.44792403391024
2022,CO2/CO/NOx,2022-10-17 16:00:00+02:00,0.4672322447074033
2022,CO2/CO/NOx,2022-10-17 17:00:00+02:00,0.4965641388132474
2022,CO2/CO/NOx,2022-10-17 18:00:00+02:00,0.5217136331934431
2022,CO2/CO/NOx,2022-10-17 19:00:00+02:00,0.5398332358709111
2022,CO2/CO/NOx,2022-10-17 20:00:00+02:00,0.5518315894480761
2022,CO2/CO/NOx,2022-10-17 21:00:00+02:00,0.5527149512852478
2022,CO2/CO/NOx,2022-10-17 22:00:00+02:00,0.5451086393006142
2022,CO2/CO/NOx,2022-10-17 23:00:00+02:00,0.5306742127962247
2022,CO2/CO/NOx,2022-10-18 00:00:00+02:00,0.5086367755660658
2022,CO2/CO/NOx,2022-10-18 01:00:00+02:00,0.5116158812774202
2022,CO2/CO/NOx,2022-10-18 02:00:00+02:00,0.5293118412460054
2022,CO2/CO/NOx,2022-10-18 03:00:00+02:00,0.568389836872789
2022,CO2/CO/NOx,2022-10-18 04:00:00+02:00,0.6136868348521926
2022,CO2/CO/NOx,2022-10-18 05:00:00+02:00,0.6559802102436627
2022,CO2/CO/NOx,2022-10-18 06:00:00+02:00,0.6980882324600735
2022,CO2/CO/NOx,2022-10-18 07:00:00+02:00,0.7130648604957571
2022,CO2/CO/NOx,2022-10-18 08:00:00+02:00,0.6968145165080127
2022,CO2/CO/NOx,2022-10-18 09:00:00+02:00,0.6420828337204283
2022,CO2/CO/NOx,2022-10-18 10:00:00+02:00,0.5857035959423798
2022,CO2/CO/NOx,2022-10-18 11:00:00+02:00,0.528417290832214
2022,CO2/CO/NOx,2022-10-18 12:00:00+02:00,0.49160186066046263
2022,CO2/CO/NOx,2022-10-18 13:00:00+02:00,0.46681733170355033
2022,CO2/CO/NOx,2022-10-18 14:00:00+02:00,0.4530193374490378
2022,CO2/CO/NOx,2022-10-18 15:00:00+02:00,0.46035904270348105
2022,CO2/CO/NOx,2022-10-18 16:00:00+02:00,0.46986806522028657
2022,CO2/CO/NOx,2022-10-18 17:00:00+02:00,0.48389403120243396
2022,CO2/CO/NOx,2022-10-18 18:00:00+02:00,0.4954597715035668
2022,CO2/CO/NOx,2022-10-18 19:00:00+02:00,0.5036084192830336
2022,CO2/CO/NOx,2022-10-18 20:00:00+02:00,0.5069499470650906
2022,CO2/CO/NOx,2022-10-18 21:00:00+02:00,0.504599122493966
2022,CO2/CO/NOx,2022-10-18 22:00:00+02:00,0.49116390142156946
2022,CO2/CO/NOx,2022-10-18 23:00:00+02:00,0.46988523616603384
2022,CO2/CO/NOx,2022-10-19 00:00:00+02:00,0.4426288555721038
2022,CO2/CO/NOx,2022-10-19 01:00:00+02:00,0.4341571445353941
2022,CO2/CO/NOx,2022-10-19 02:00:00+02:00,0.43775242251591673
2022,CO2/CO/NOx,2022-10-19 03:00:00+02:00,0.4511921087510496
2022,CO2/CO/NOx,2022-10-19 04:00:00+02:00,0.4674016443374457
2022,CO2/CO/NOx,2022-10-19 05:00:00+02:00,0.496778880196795
2022,CO2/CO/NOx,2022-10-19 06:00:00+02:00,0.5285919761652834
2022,CO2/CO/NOx,2022-10-19 07:00:00+02:00,0.5442333325945757
2022,CO2/CO/NOx,2022-10-19 08:00:00+02:00,0.5496568073868201
2022,CO2/CO/NOx,2022-10-19 09:00:00+02:00,0.5408950955859556
2022,CO2/CO/NOx,2022-10-19 10:00:00+02:00,0.5335916455022657
2022,CO2/CO/NOx,2022-10-19 11:00:00+02:00,0.5186730550724715
2022,CO2/CO/NOx,2022-10-19 12:00:00+02:00,0.49556645646010244
2022,CO2/CO/NOx,2022-10-19 13:00:00+02:00,0.47891355838478344
2022,CO2/CO/NOx,2022-10-19 14:00:00+02:00,0.47276981147724184
2022,CO2/CO/NOx,2022-10-19 15:00:00+02:00,0.4698186909080097
2022,CO2/CO/NOx,2022-10-19 16:00:00+02:00,0.4646611467872527
2022,CO2/CO/NOx,2022-10-19 17:00:00+02:00,0.46264483276801865
2022,CO2/CO/NOx,2022-10-19 18:00:00+02:00,0.47880809668157
2022,CO2/CO/NOx,2022-10-19 19:00:00+02:00,0.4996190107566745
2022,CO2/CO/NOx,2022-10-19 20:00:00+02:00,0.5288635672600759
2022,CO2/CO/NOx,2022-10-19 21:00:00+02:00,0.5587968555906032
2022,CO2/CO/NOx,2022-10-19 22:00:00+02:00,0.5889288319659869
2022,CO2/CO/NOx,2022-10-19 23:00:00+02:00,0.6129427796398725
2022,CO2/CO/NOx,2022-10-20 00:00:00+02:00,0.6156415157393665
2022,CO2/CO/NOx,2022-10-20 01:00:00+02:00,0.6169759997682132
2022,CO2/CO/NOx,2022-10-20 02:00:00+02:00,0.6187338851370117
2022,CO2/CO/NOx,2022-10-20 03:00:00+02:00,0.6385672928554796
2022,CO2/CO/NOx,2022-10-20 04:00:00+02:00,0.6584698132620074
2022,CO2/CO/NOx,2022-10-20 05:00:00+02:00,0.6980407707256275
2022,CO2/CO/NOx,2022-10-20 06:00:00+02:00,0.7437553141431864
2022,CO2/CO/NOx,2022-10-20 07:00:00+02:00,0.7881151114775986
2022,CO2/CO/NOx,2022-10-20 08:00:00+02:00,0.8250615188958986
2022,CO2/CO/NOx,2022-10-20 09:00:00+02:00,0.8351406206398005
2022,CO2/CO/NOx,2022-10-20 10:00:00+02:00,0.8350049421895284
2022,CO2/CO/NOx,2022-10-20 11:00:00+02:00,0.8230104571083752
2022,CO2/CO/NOx,2022-10-20 12:00:00+02:00,0.7930693183991814
2022,CO2/CO/NOx,2022-10-20 13:00:00+02:00,0.7530758247302876
2022,CO2/CO/NOx,2022-10-20 14:00:00+02:00,0.7172734470879688
2022,CO2/CO/NOx,2022-10-20 15:00:00+02:00,0.6985450524389345
2022,CO2/CO/NOx,2022-10-20 16:00:00+02:00,0.6843611291711785
2022,CO2/CO/NOx,2022-10-20 17:00:00+02:00,0.694806837571025
2022,CO2/CO/NOx,2022-10-20 18:00:00+02:00,0.717876185898842
2022,CO2/CO/NOx,2022-10-20 19:00:00+02:00,0.7409743504755542
2022,CO2/CO/NOx,2022-10-20 20:00:00+02:00,0.7613725480495394
2022,CO2/CO/NOx,2022-10-20 21:00:00+02:00,0.7655850793125232
2022,CO2/CO/NOx,2022-10-20 22:00:00+02:00,0.7493114112695232
2022,CO2/CO/NOx,2022-10-20 23:00:00+02:00,0.7087850548815099
2022,CO2/CO/NOx,2022-10-21 00:00:00+02:00,0.6569073575800063
2022,CO2/CO/NOx,2022-10-21 01:00:00+02:00,0.6076394551942861
2022,CO2/CO/NOx,2022-10-21 02:00:00+02:00,0.5847415739461312
2022,CO2/CO/NOx,2022-10-21 03:00:00+02:00,0.5885484031710551
2022,CO2/CO/NOx,2022-10-21 04:00:00+02:00,0.6086173864321721
2022,CO2/CO/NOx,2022-10-21 05:00:00+02:00,0.65006486786522
2022,CO2/CO/NOx,2022-10-21 06:00:00+02:00,0.7033387769844613
2022,CO2/CO/NOx,2022-10-21 07:00:00+02:00,0.7478045094546977
2022,CO2/CO/NOx,2022-10-21 08:00:00+02:00,0.7718174767615471
2022,CO2/CO/NOx,2022-10-21 09:00:00+02:00,0.769387128648718
2022,CO2/CO/NOx,2022-10-21 10:00:00+02:00,0.7515292717829367
2022,CO2/CO/NOx,2022-10-21 11:00:00+02:00,0.7077148364416598
2022,CO2/CO/NOx,2022-10-21 12:00:00+02:00,0.6571033385846499
2022,CO2/CO/NOx,2022-10-21 13:00:00+02:00,0.6093560214205305
2022,CO2/CO/NOx,2022-10-21 14:00:00+02:00,0.5815731122408421
2022,CO2/CO/NOx,2022-10-21 15:00:00+02:00,0.5668326789240372
2022,CO2/CO/NOx,2022-10-21 16:00:00+02:00,0.5618811543642177
2022,CO2/CO/NOx,2022-10-21 17:00:00+02:00,0.5657935859344966
2022,CO2/CO/NOx,2022-10-21 18:00:00+02:00,0.5726969689256132
2022,CO2/CO/NOx,2022-10-21 19:00:00+02:00,0.5628493013209652
2022,CO2/CO/NOx,2022-10-21 20:00:00+02:00,0.5446588972562526
2022,CO2/CO/NOx,2022-10-21 21:00:00+02:00,0.5290164563488655
2022,CO2/CO/NOx,2022-10-21 22:00:00+02:00,0.5151622784041191
2022,CO2/CO/NOx,2022-10-21 23:00:00+02:00,0.5032980650966596
2022,CO2/CO/NOx,2022-10-22 00:00:00+02:00,0.4862887936874847
2022,CO2/CO/NOx,2022-10-22 01:00:00+02:00,0.48612992255986
2022,CO2/CO/NOx,2022-10-22 02:00:00+02:00,0.5011926348262588
2022,CO2/CO/NOx,2022-10-22 03:00:00+02:00,0.5251214708864624
2022,CO2/CO/NOx,2022-10-22 04:00:00+02:00,0.5532011127996872
2022,CO2/CO/NOx,2022-10-22 05:00:00+02:00,0.5861439804424065
2022,CO2/CO/NOx,2022-10-22 06:00:00+02:00,0.6177414455994131
2022,CO2/CO/NOx,2022-10-22 07:00:00+02:00,0.6387081717392592
2022,CO2/CO/NOx,2022-10-22 08:00:00+02:00,0.6433713479708916
2022,CO2/CO/NOx,2022-10-22 09:00:00+02:00,0.6302942347603008
2022,CO2/CO/NOx,2022-10-22 10:00:00+02:00,0.6112058004005745
2022,CO2/CO/NOx,2022-10-22 11:00:00+02:00,0.5826910943903417
2022,CO2/CO/NOx,2022-10-22 12:00:00+02:00,0.5482511082408197
2022,CO2/CO/NOx,2022-10-22 13:00:00+02:00,0.5253143029007388
2022,CO2/CO/NOx,2022-10-22 14:00:00+02:00,0.5076027112269377
2022,CO2/CO/NOx,2022-10-22 15:00:00+02:00,0.5117272431071871
2022,CO2/CO/NOx,2022-10-22 16:00:00+02:00,0.5309154849800646
2022,CO2/CO/NOx,2022-10-22 17:00:00+02:00,0.5722998677909501
2022,CO2/CO/NOx,2022-10-22 18:00:00+02:00,0.6217490265748064
2022,CO2/CO/NOx,2022-10-22 19:00:00+02:00,0.6511080098149379
2022,CO2/CO/NOx,2022-10-22 20:00:00+02:00,0.6665801212569273
2022,CO2/CO/NOx,2022-10-22 21:00:00+02:00,0.6649332919052495
2022,CO2/CO/NOx,2022-10-22 22:00:00+02:00,0.6495925056946232
2022,CO2/CO/NOx,2022-10-22 23:00:00+02:00,0.6190520641410989
2022,CO2/CO/NOx,2022-10-23 00:00:00+02:00,0.5900724072154506
2022,CO2/CO/NOx,2022-10-23 01:00:00+02:00,0.56564224691721
2022,CO2/CO/NOx,2022-10-23 02:00:00+02:00,0.5911693210780106
2022,CO2/CO/NOx,2022-10-23 03:00:00+02:00,0.6465551644514614
2022,CO2/CO/NOx,2022-10-23 04:00:00+02:00,0.7081849395266006
2022,CO2/CO/NOx,2022-10-23 05:00:00+02:00,0.7836911181398347
2022,CO2/CO/NOx,2022-10-23 06:00:00+02:00,0.8471197039451184
2022,CO2/CO/NOx,2022-10-23 07:00:00+02:00,0.8849599147689657
2022,CO2/CO/NOx,2022-10-23 08:00:00+02:00,0.8757223647282284
2022,CO2/CO/NOx,2022-10-23 09:00:00+02:00,0.829523664268588
2022,CO2/CO/NOx,2022-10-23 10:00:00+02:00,0.7488879069894384
2022,CO2/CO/NOx,2022-10-23 11:00:00+02:00,0.6716798563159111
2022,CO2/CO/NOx,2022-10-23 12:00:00+02:00,0.5992077904685154
2022,CO2/CO/NOx,2022-10-23 13:00:00+02:00,0.5233932437358831
2022,CO2/CO/NOx,2022-10-23 14:00:00+02:00,0.4897113672388996
2022,CO2/CO/NOx,2022-10-23 15:00:00+02:00,0.4883114255654293
2022,CO2/CO/NOx,2022-10-23 16:00:00+02:00,0.5102646060209531
2022,CO2/CO/NOx,2022-10-23 17:00:00+02:00,0.5567639633921715
2022,CO2/CO/NOx,2022-10-23 18:00:00+02:00,0.6095717526849947
2022,CO2/CO/NOx,2022-10-23 19:00:00+02:00,0.6404698161054551
2022,CO2/CO/NOx,2022-10-23 20:00:00+02:00,0.6362942064403303
2022,CO2/CO/NOx,2022-10-23 21:00:00+02:00,0.6020392675580047
2022,CO2/CO/NOx,2022-10-23 22:00:00+02:00,0.5372284396694101
2022,CO2/CO/NOx,2022-10-23 23:00:00+02:00,0.48436278561122287
2022,CO2/CO/NOx,2022-10-24 00:00:00+02:00,0.42914286160489074
2022,CO2/CO/NOx,2022-10-24 01:00:00+02:00,0.4006040040869429
2022,CO2/CO/NOx,2022-10-24 02:00:00+02:00,0.41271062341244297
2022,CO2/CO/NOx,2022-10-24 03:00:00+02:00,0.4341702757162816
2022,CO2/CO/NOx,2022-10-24 04:00:00+02:00,0.4675588794891388
2022,CO2/CO/NOx,2022-10-24 05:00:00+02:00,0.5080568436042923
2022,CO2/CO/NOx,2022-10-24 06:00:00+02:00,0.5494782440203512
2022,CO2/CO/NOx,2022-10-24 07:00:00+02:00,0.5773293531323964
2022,CO2/CO/NOx,2022-10-24 08:00:00+02:00,0.5796438440553301
2022,CO2/CO/NOx,2022-10-24 09:00:00+02:00,0.5546317876581798
2022,CO2/CO/NOx,2022-10-24 10:00:00+02:00,0.5315114064009128
2022,CO2/CO/NOx,2022-10-24 11:00:00+02:00,0.5044188781095311
2022,CO2/CO/NOx,2022-10-24 12:00:00+02:00,0.47328408963880286
2022,CO2/CO/NOx,2022-10-24 13:00:00+02:00,0.4626606533758469
2022,CO2/CO/NOx,2022-10-24 14:00:00+02:00,0.47275330610224436
2022,CO2/CO/NOx,2022-10-24 15:00:00+02:00,0.4894066744073101
2022,CO2/CO/NOx,2022-10-24 16:00:00+02:00,0.5096151961792438
2022,CO2/CO/NOx,2022-10-24 17:00:00+02:00,0.5277623054132182
2022,CO2/CO/NOx,2022-10-24 18:00:00+02:00,0.5526762028818767
2022,CO2/CO/NOx,2022-10-24 19:00:00+02:00,0.5705038526444445
2022,CO2/CO/NOx,2022-10-24 20:00:00+02:00,0.5807147756267085
2022,CO2/CO/NOx,2022-10-24 21:00:00+02:00,0.5830552763551233
2022,CO2/CO/NOx,2022-10-24 22:00:00+02:00,0.578526387731061
2022,CO2/CO/NOx,2022-10-24 23:00:00+02:00,0.5730602374065846
2022,CO2/CO/NOx,2022-10-25 00:00:00+02:00,0.5615292015162143
2022,CO2/CO/NOx,2022-10-25 01:00:00+02:00,0.56909408655731
2022,CO2/CO/NOx,2022-10-25 02:00:00+02:00,0.5977639655813587
2022,CO2/CO/NOx,2022-10-25 03:00:00+02:00,0.637794453891115
2022,CO2/CO/NOx,2022-10-25 04:00:00+02:00,0.6723509227911098
2022,CO2/CO/NOx,2022-10-25 05:00:00+02:00,0.7033137998880705
2022,CO2/CO/NOx,2022-10-25 06:00:00+02:00,0.7315815489447659
2022,CO2/CO/NOx,2022-10-25 07:00:00+02:00,0.7386642672311045
2022,CO2/CO/NOx,2022-10-25 08:00:00+02:00,0.7296186765843403
2022,CO2/CO/NOx,2022-10-25 09:00:00+02:00,0.6912985034556908
2022,CO2/CO/NOx,2022-10-25 10:00:00+02:00,0.6585543791400306
2022,CO2/CO/NOx,2022-10-25 11:00:00+02:00,0.6303406426231151
2022,CO2/CO/NOx,2022-10-25 12:00:00+02:00,0.6065935521518359
2022,CO2/CO/NOx,2022-10-25 13:00:00+02:00,0.5876783523151232
2022,CO2/CO/NOx,2022-10-25 14:00:00+02:00,0.581415866659058
2022,CO2/CO/NOx,2022-10-25 15:00:00+02:00,0.5872441878552263
2022,CO2/CO/NOx,2022-10-25 16:00:00+02:00,0.6054843888582303
2022,CO2/CO/NOx,2022-10-25 17:00:00+02:00,0.6357861627253615
2022,CO2/CO/NOx,2022-10-25 18:00:00+02:00,0.6614517949547581
2022,CO2/CO/NOx,2022-10-25 19:00:00+02:00,0.6776297931944965
2022,CO2/CO/NOx,2022-10-25 20:00:00+02:00,0.6750166376438328
2022,CO2/CO/NOx,2022-10-25 21:00:00+02:00,0.6576713942785786
2022,CO2/CO/NOx,2022-10-25 22:00:00+02:00,0.6250807968708166
2022,CO2/CO/NOx,2022-10-25 23:00:00+02:00,0.5910801166959005
2022,CO2/CO/NOx,2022-10-26 00:00:00+02:00,0.5519077373002799
2022,CO2/CO/NOx,2022-10-26 01:00:00+02:00,0.5466354153515951
2022,CO2/CO/NOx,2022-10-26 02:00:00+02:00,0.5656240631960804
2022,CO2/CO/NOx,2022-10-26 03:00:00+02:00,0.6052671647783618
2022,CO2/CO/NOx,2022-10-26 04:00:00+02:00,0.6542346281115253
2022,CO2/CO/NOx,2022-10-26 05:00:00+02:00,0.7078332993807309
2022,CO2/CO/NOx,2022-10-26 06:00:00+02:00,0.7640156862840383
2022,CO2/CO/NOx,2022-10-26 07:00:00+02:00,0.7974440311684325
2022,CO2/CO/NOx,2022-10-26 08:00:00+02:00,0.784665781341976
2022,CO2/CO/NOx,2022-10-26 09:00:00+02:00,0.7388946932926849
2022,CO2/CO/NOx,2022-10-26 10:00:00+02:00,0.6814751661836829
2022,CO2/CO/NOx,2022-10-26 11:00:00+02:00,0.6182729692421708
2022,CO2/CO/NOx,2022-10-26 12:00:00+02:00,0.5531446740130913
2022,CO2/CO/NOx,2022-10-26 13:00:00+02:00,0.5084738709983325
2022,CO2/CO/NOx,2022-10-26 14:00:00+02:00,0.4903169132368583
2022,CO2/CO/NOx,2022-10-26 15:00:00+02:00,0.5016059416365855
2022,CO2/CO/NOx,2022-10-26 16:00:00+02:00,0.5178760957594822
2022,CO2/CO/NOx,2022-10-26 17:00:00+02:00,0.5281168894907229
2022,CO2/CO/NOx,2022-10-26 18:00:00+02:00,0.5533441969758611
2022,CO2/CO/NOx,2022-10-26 19:00:00+02:00,0.5648862697685397
2022,CO2/CO/NOx,2022-10-26 20:00:00+02:00,0.568852105143562
2022,CO2/CO/NOx,2022-10-26 21:00:00+02:00,0.5511972264865664
2022,CO2/CO/NOx,2022-10-26 22:00:00+02:00,0.529498912594902
2022,CO2/CO/NOx,2022-10-26 23:00:00+02:00,0.5147021757191028
2022,CO2/CO/NOx,2022-10-27 00:00:00+02:00,0.5015267004898081
2022,CO2/CO/NOx,2022-10-27 01:00:00+02:00,0.5074499701868311
2022,CO2/CO/NOx,2022-10-27 02:00:00+02:00,0.5352588497340475
2022,CO2/CO/NOx,2022-10-27 03:00:00+02:00,0.5930503620516292
2022,CO2/CO/NOx,2022-10-27 04:00:00+02:00,0.6629655999808751
2022,CO2/CO/NOx,2022-10-27 05:00:00+02:00,0.7233775121057947
2022,CO2/CO/NOx,2022-10-27 06:00:00+02:00,0.7865596831013456
2022,CO2/CO/NOx,2022-10-27 07:00:00+02:00,0.8143475563870546
2022,CO2/CO/NOx,2022-10-27 08:00:00+02:00,0.8016894626675118
2022,CO2/CO/NOx,2022-10-27 09:00:00+02:00,0.7381457166634284
2022,CO2/CO/NOx,2022-10-27 10:00:00+02:00,0.6651403252541063
2022,CO2/CO/NOx,2022-10-27 11:00:00+02:00,0.5863542455910895
2022,CO2/CO/NOx,2022-10-27 12:00:00+02:00,0.5211758177104674
2022,CO2/CO/NOx,2022-10-27 13:00:00+02:00,0.4709685378738994
2022,CO2/CO/NOx,2022-10-27 14:00:00+02:00,0.4371649507012493
2022,CO2/CO/NOx,2022-10-27 15:00:00+02:00,0.442981676638442
2022,CO2/CO/NOx,2022-10-27 16:00:00+02:00,0.46598810673893243
2022,CO2/CO/NOx,2022-10-27 17:00:00+02:00,0.5109182060688267
2022,CO2/CO/NOx,2022-10-27 18:00:00+02:00,0.5555567851502178
2022,CO2/CO/NOx,2022-10-27 19:00:00+02:00,0.5851300121235665
2022,CO2/CO/NOx,2022-10-27 20:00:00+02:00,0.5957726176825836
2022,CO2/CO/NOx,2022-10-27 21:00:00+02:00,0.5816121328265327
2022,CO2/CO/NOx,2022-10-27 22:00:00+02:00,0.5484446033488648
2022,CO2/CO/NOx,2022-10-27 23:00:00+02:00,0.5160122553109626
2022,CO2/CO/NOx,2022-10-28 00:00:00+02:00,0.47957356021559655
2022,CO2/CO/NOx,2022-10-28 01:00:00+02:00,0.4890106995898392
2022,CO2/CO/NOx,2022-10-28 02:00:00+02:00,0.5285939849409746
2022,CO2/CO/NOx,2022-10-28 03:00:00+02:00,0.5828625197484437
2022,CO2/CO/NOx,2022-10-28 04:00:00+02:00,0.6410077765095712
2022,CO2/CO/NOx,2022-10-28 05:00:00+02:00,0.702935803057293
2022,CO2/CO/NOx,2022-10-28 06:00:00+02:00,0.7544175275941035
2022,CO2/CO/NOx,2022-10-28 07:00:00+02:00,0.7734916003288337
2022,CO2/CO/NOx,2022-10-28 08:00:00+02:00,0.7525015632722496
2022,CO2/CO/NOx,2022-10-28 09:00:00+02:00,0.6909454745565633
2022,CO2/CO/NOx,2022-10-28 10:00:00+02:00,0.6307789386258238
2022,CO2/CO/NOx,2022-10-28 11:00:00+02:00,0.5598412969585944
2022,CO2/CO/NOx,2022-10-28 12:00:00+02:00,0.5033260156470428
2022,CO2/CO/NOx,2022-10-28 13:00:00+02:00,0.46750397288014506
2022,CO2/CO/NOx,2022-10-28 14:00:00+02:00,0.44066560372350977
2022,CO2/CO/NOx,2022-10-28 15:00:00+02:00,0.44747309318664347
2022,CO2/CO/NOx,2022-10-28 16:00:00+02:00,0.4733218823221984
2022,CO2/CO/NOx,2022-10-28 17:00:00+02:00,0.5071639089280003
2022,CO2/CO/NOx,2022-10-28 18:00:00+02:00,0.5421695227669915
2022,CO2/CO/NOx,2022-10-28 19:00:00+02:00,0.5565302545216816
2022,CO2/CO/NOx,2022-10-28 20:00:00+02:00,0.5498130399980795
2022,CO2/CO/NOx,2022-10-28 21:00:00+02:00,0.5309215838882373
2022,CO2/CO/NOx,2022-10-28 22:00:00+02:00,0.5026080667830148
2022,CO2/CO/NOx,2022-10-28 23:00:00+02:00,0.462878245043209
2022,CO2/CO/NOx,2022-10-29 00:00:00+02:00,0.44436415320076117
2022,CO2/CO/NOx,2022-10-29 01:00:00+02:00,0.46026724836472493
2022,CO2/CO/NOx,2022-10-29 02:00:00+02:00,0.4877526240190914
2022,CO2/CO/NOx,2022-10-29 03:00:00+02:00,0.5178394360488892
2022,CO2/CO/NOx,2022-10-29 04:00:00+02:00,0.5367367049196692
2022,CO2/CO/NOx,2022-10-29 05:00:00+02:00,0.5545790604936074
2022,CO2/CO/NOx,2022-10-29 06:00:00+02:00,0.5646826171663483
2022,CO2/CO/NOx,2022-10-29 07:00:00+02:00,0.563346399649389
2022,CO2/CO/NOx,2022-10-29 08:00:00+02:00,0.5481171973874813
2022,CO2/CO/NOx,2022-10-29 09:00:00+02:00,0.5206721621701029
2022,CO2/CO/NOx,2022-10-29 10:00:00+02:00,0.4969527367214708
2022,CO2/CO/NOx,2022-10-29 11:00:00+02:00,0.47203550021229146
2022,CO2/CO/NOx,2022-10-29 12:00:00+02:00,0.44793364604169306
2022,CO2/CO/NOx,2022-10-29 13:00:00+02:00,0.43276180009346044
2022,CO2/CO/NOx,2022-10-29 14:00:00+02:00,0.4232307250437348
2022,CO2/CO/NOx,2022-10-29 15:00:00+02:00,0.41726452615176324
2022,CO2/CO/NOx,2022-10-29 16:00:00+02:00,0.41931554252732545
2022,CO2/CO/NOx,2022-10-29 17:00:00+02:00,0.43018505952649305
2022,CO2/CO/NOx,2022-10-29 18:00:00+02:00,0.43606448539179005
2022,CO2/CO/NOx,2022-10-29 19:00:00+02:00,0.4413222261342447
2022,CO2/CO/NOx,2022-10-29 20:00:00+02:00,0.4434227715440839
2022,CO2/CO/NOx,2022-10-29 21:00:00+02:00,0.44662170590360484
2022,CO2/CO/NOx,2022-10-29 22:00:00+02:00,0.4450461286551071
2022,CO2/CO/NOx,2022-10-29 23:00:00+02:00,0.44813116225478206
2022,CO2/CO/NOx,2022-10-30 00:00:00+02:00,0.4594685287797885
2022,CO2/CO/NOx,2022-10-30 01:00:00+02:00,0.47174774419327314
2022,CO2/CO/NOx,2022-10-30 02:00:00+02:00,0.4965819044747702
2022,CO2/CO/NOx,2022-10-30 02:00:00+01:00,0.5316188778632799
2022,CO2/CO/NOx,2022-10-30 03:00:00+01:00,0.5666620298786009
2022,CO2/CO/NOx,2022-10-30 04:00:00+01:00,0.6001682781779987
2022,CO2/CO/NOx,2022-10-30 05:00:00+01:00,0.639326861507005
2022,CO2/CO/NOx,2022-10-30 06:00:00+01:00,0.6576033238854138
2022,CO2/CO/NOx,2022-10-30 07:00:00+01:00,0.6572390314170256
2022,CO2/CO/NOx,2022-10-30 08:00:00+01:00,0.6277018761928804
2022,CO2/CO/NOx,2022-10-30 09:00:00+01:00,0.580580432756797
2022,CO2/CO/NOx,2022-10-30 10:00:00+01:00,0.5360978332774398
2022,CO2/CO/NOx,2022-10-30 11:00:00+01:00,0.4992073108246064
2022,CO2/CO/NOx,2022-10-30 12:00:00+01:00,0.4620859719377484
2022,CO2/CO/NOx,2022-10-30 13:00:00+01:00,0.4530613410062261
2022,CO2/CO/NOx,2022-10-30 14:00:00+01:00,0.4695259142563038
2022,CO2/CO/NOx,2022-10-30 15:00:00+01:00,0.49493479235776444
2022,CO2/CO/NOx,2022-10-30 16:00:00+01:00,0.520138879945945
2022,CO2/CO/NOx,2022-10-30 17:00:00+01:00,0.537083582825523
2022,CO2/CO/NOx,2022-10-30 18:00:00+01:00,0.5681473189433125
2022,CO2/CO/NOx,2022-10-30 19:00:00+01:00,0.5872292776039011
2022,CO2/CO/NOx,2022-10-30 20:00:00+01:00,0.5919379722378982
2022,CO2/CO/NOx,2022-10-30 21:00:00+01:00,0.5821277803522585
2022,CO2/CO/NOx,2022-10-30 22:00:00+01:00,0.5734305220768244
2022,CO2/CO/NOx,2022-10-30 23:00:00+01:00,0.5634937318279819
2022,CO2/CO/NOx,2022-10-31 00:00:00+01:00,0.5381930386981837
2022,CO2/CO/NOx,2022-10-31 01:00:00+01:00,0.5327016860305733
2022,CO2/CO/NOx,2022-10-31 02:00:00+01:00,0.5687647921142558
2022,CO2/CO/NOx,2022-10-31 03:00:00+01:00,0.6477665572822597
2022,CO2/CO/NOx,2022-10-31 04:00:00+01:00,0.735956006269099
2022,CO2/CO/NOx,2022-10-31 05:00:00+01:00,0.8141715031902621
2022,CO2/CO/NOx,2022-10-31 06:00:00+01:00,0.8712424978079458
2022,CO2/CO/NOx,2022-10-31 07:00:00+01:00,0.891630868072544
2022,CO2/CO/NOx,2022-10-31 08:00:00+01:00,0.8594652631508022
2022,CO2/CO/NOx,2022-10-31 09:00:00+01:00,0.7672231553256079
2022,CO2/CO/NOx,2022-10-31 10:00:00+01:00,0.6722715991250928
2022,CO2/CO/NOx,2022-10-31 11:00:00+01:00,0.5932130942475953
2022,CO2/CO/NOx,2022-10-31 12:00:00+01:00,0.5255045601916996
2022,CO2/CO/NOx,2022-10-31 13:00:00+01:00,0.4826323591184032
2022,CO2/CO/NOx,2022-10-31 14:00:00+01:00,0.47424830450419747
2022,CO2/CO/NOx,2022-10-31 15:00:00+01:00,0.5097654064577162
2022,CO2/CO/NOx,2022-10-31 16:00:00+01:00,0.5766050180530051
2022,CO2/CO/NOx,2022-10-31 17:00:00+01:00,0.6347097157082175
2022,CO2/CO/NOx,2022-10-31 18:00:00+01:00,0.6941683714123263
2022,CO2/CO/NOx,2022-10-31 19:00:00+01:00,0.7235209267439059
2022,CO2/CO/NOx,2022-10-31 20:00:00+01:00,0.7214737813776021
2022,CO2/CO/NOx,2022-10-31 21:00:00+01:00,0.686768850988957
2022,CO2/CO/NOx,2022-10-31 22:00:00+01:00,0.6394443151478174
2022,CO2/CO/NOx,2022-10-31 23:00:00+01:00,0.5998478030828129
2022,CO2/CO/NOx,2022-11-01 00:00:00+01:00,0.5553262832995025
2022,CO2/CO/NOx,2022-11-01 01:00:00+01:00,0.5629012271745691
2022,CO2/CO/NOx,2022-11-01 02:00:00+01:00,0.606538868173165
2022,CO2/CO/NOx,2022-11-01 03:00:00+01:00,0.6972214413245333
2022,CO2/CO/NOx,2022-11-01 04:00:00+01:00,0.7758459664317158
2022,CO2/CO/NOx,2022-11-01 05:00:00+01:00,0.8443196084505031
2022,CO2/CO/NOx,2022-11-01 06:00:00+01:00,0.8836217240387286
2022,CO2/CO/NOx,2022-11-01 07:00:00+01:00,0.8883896274789219
2022,CO2/CO/NOx,2022-11-01 08:00:00+01:00,0.8420469101486936
2022,CO2/CO/NOx,2022-11-01 09:00:00+01:00,0.7439549897899178
2022,CO2/CO/NOx,2022-11-01 10:00:00+01:00,0.664656098475145
2022,CO2/CO/NOx,2022-11-01 11:00:00+01:00,0.5952536012739995
2022,CO2/CO/NOx,2022-11-01 12:00:00+01:00,0.5438826601936969
2022,CO2/CO/NOx,2022-11-01 13:00:00+01:00,0.5198918383848357
2022,CO2/CO/NOx,2022-11-01 14:00:00+01:00,0.5282900055176578
2022,CO2/CO/NOx,2022-11-01 15:00:00+01:00,0.5593986131651641
2022,CO2/CO/NOx,2022-11-01 16:00:00+01:00,0.6126244422978859
2022,CO2/CO/NOx,2022-11-01 17:00:00+01:00,0.6432003703233172
2022,CO2/CO/NOx,2022-11-01 18:00:00+01:00,0.6697850580666628
2022,CO2/CO/NOx,2022-11-01 19:00:00+01:00,0.6847214959442041
2022,CO2/CO/NOx,2022-11-01 20:00:00+01:00,0.6725063354252259
2022,CO2/CO/NOx,2022-11-01 21:00:00+01:00,0.6448439961966035
2022,CO2/CO/NOx,2022-11-01 22:00:00+01:00,0.6237792291272662
2022,CO2/CO/NOx,2022-11-01 23:00:00+01:00,0.6085534680865802
2022,CO2/CO/NOx,2022-11-02 00:00:00+01:00,0.5954427088657692
2022,CO2/CO/NOx,2022-11-02 01:00:00+01:00,0.6017026100839378
2022,CO2/CO/NOx,2022-11-02 02:00:00+01:00,0.6111607331063178
2022,CO2/CO/NOx,2022-11-02 03:00:00+01:00,0.6509683484514746
2022,CO2/CO/NOx,2022-11-02 04:00:00+01:00,0.6911790186315202
2022,CO2/CO/NOx,2022-11-02 05:00:00+01:00,0.7245018187137829
2022,CO2/CO/NOx,2022-11-02 06:00:00+01:00,0.7543104685138712
2022,CO2/CO/NOx,2022-11-02 07:00:00+01:00,0.7702130632360107
2022,CO2/CO/NOx,2022-11-02 08:00:00+01:00,0.7714538909856941
2022,CO2/CO/NOx,2022-11-02 09:00:00+01:00,0.749174061176321
2022,CO2/CO/NOx,2022-11-02 10:00:00+01:00,0.7247079710033217
2022,CO2/CO/NOx,2022-11-02 11:00:00+01:00,0.6939798654071729
2022,CO2/CO/NOx,2022-11-02 12:00:00+01:00,0.6757891043402282
2022,CO2/CO/NOx,2022-11-02 13:00:00+01:00,0.6701536265939001
2022,CO2/CO/NOx,2022-11-02 14:00:00+01:00,0.689692085221382
2022,CO2/CO/NOx,2022-11-02 15:00:00+01:00,0.7247555465574501
2022,CO2/CO/NOx,2022-11-02 16:00:00+01:00,0.769208472162696
2022,CO2/CO/NOx,2022-11-02 17:00:00+01:00,0.8086660265640954
2022,CO2/CO/NOx,2022-11-02 18:00:00+01:00,0.8361225895626762
2022,CO2/CO/NOx,2022-11-02 19:00:00+01:00,0.8618199265615848
2022,CO2/CO/NOx,2022-11-02 20:00:00+01:00,0.8964570575856367
2022,CO2/CO/NOx,2022-11-02 21:00:00+01:00,0.9238725413664228
2022,CO2/CO/NOx,2022-11-02 22:00:00+01:00,0.9457153978934422
2022,CO2/CO/NOx,2022-11-02 23:00:00+01:00,0.9566119552662057
2022,CO2/CO/NOx,2022-11-03 00:00:00+01:00,0.9445276918276464
2022,CO2/CO/NOx,2022-11-03 01:00:00+01:00,0.9537520653667263
2022,CO2/CO/NOx,2022-11-03 02:00:00+01:00,0.9677058442299615
2022,CO2/CO/NOx,2022-11-03 03:00:00+01:00,0.990171116907191
2022,CO2/CO/NOx,2022-11-03 04:00:00+01:00,1.0482495390993245
2022,CO2/CO/NOx,2022-11-03 05:00:00+01:00,1.12327743013247
2022,CO2/CO/NOx,2022-11-03 06:00:00+01:00,1.1566072654775172
2022,CO2/CO/NOx,2022-11-03 07:00:00+01:00,1.1467293365654334
2022,CO2/CO/NOx,2022-11-03 08:00:00+01:00,1.1002814545727142
2022,CO2/CO/NOx,2022-11-03 09:00:00+01:00,1.0251520305474686
2022,CO2/CO/NOx,2022-11-03 10:00:00+01:00,0.9652155659024564
2022,CO2/CO/NOx,2022-11-03 11:00:00+01:00,0.9038235561650089
2022,CO2/CO/NOx,2022-11-03 12:00:00+01:00,0.8611297310425087
2022,CO2/CO/NOx,2022-11-03 13:00:00+01:00,0.8716054995762386
2022,CO2/CO/NOx,2022-11-03 14:00:00+01:00,0.9038220583733435
2022,CO2/CO/NOx,2022-11-03 15:00:00+01:00,0.9371762629552606
2022,CO2/CO/NOx,2022-11-03 16:00:00+01:00,0.9742293666166542
2022,CO2/CO/NOx,2022-11-03 17:00:00+01:00,1.008458069445864
2022,CO2/CO/NOx,2022-11-03 18:00:00+01:00,1.026383112900607
2022,CO2/CO/NOx,2022-11-03 19:00:00+01:00,1.0019433887632059
2022,CO2/CO/NOx,2022-11-03 20:00:00+01:00,0.9415992708186393
2022,CO2/CO/NOx,2022-11-03 21:00:00+01:00,0.8692644900973835
2022,CO2/CO/NOx,2022-11-03 22:00:00+01:00,0.8075469857991711
2022,CO2/CO/NOx,2022-11-03 23:00:00+01:00,0.7509585881998523
2022,CO2/CO/NOx,2022-11-04 00:00:00+01:00,0.7045077462329952
2022,CO2/CO/NOx,2022-11-04 01:00:00+01:00,0.7092353118271754
2022,CO2/CO/NOx,2022-11-04 02:00:00+01:00,0.7519805920274021
2022,CO2/CO/NOx,2022-11-04 03:00:00+01:00,0.8217422282580227
2022,CO2/CO/NOx,2022-11-04 04:00:00+01:00,0.8895878097773955
2022,CO2/CO/NOx,2022-11-04 05:00:00+01:00,0.9583124684121358
2022,CO2/CO/NOx,2022-11-04 06:00:00+01:00,1.0178794415308918
2022,CO2/CO/NOx,2022-11-04 07:00:00+01:00,1.0476404459596498
2022,CO2/CO/NOx,2022-11-04 08:00:00+01:00,1.0410956749708498
2022,CO2/CO/NOx,2022-11-04 09:00:00+01:00,1.0019680775226287
2022,CO2/CO/NOx,2022-11-04 10:00:00+01:00,0.9676077489061503
2022,CO2/CO/NOx,2022-11-04 11:00:00+01:00,0.9351868283151487
2022,CO2/CO/NOx,2022-11-04 12:00:00+01:00,0.9180891315252053
2022,CO2/CO/NOx,2022-11-04 13:00:00+01:00,0.9344323402209077
2022,CO2/CO/NOx,2022-11-04 14:00:00+01:00,0.9815162217873734
2022,CO2/CO/NOx,2022-11-04 15:00:00+01:00,1.045399108273653
2022,CO2/CO/NOx,2022-11-04 16:00:00+01:00,1.097242319369221
2022,CO2/CO/NOx,2022-11-04 17:00:00+01:00,1.130467901436904
2022,CO2/CO/NOx,2022-11-04 18:00:00+01:00,1.1611700856266682
2022,CO2/CO/NOx,2022-11-04 19:00:00+01:00,1.1532062699677776
2022,CO2/CO/NOx,2022-11-04 20:00:00+01:00,1.1164075492989438
2022,CO2/CO/NOx,2022-11-04 21:00:00+01:00,1.0666086325511575
2022,CO2/CO/NOx,2022-11-04 22:00:00+01:00,1.021440589794826
2022,CO2/CO/NOx,2022-11-04 23:00:00+01:00,0.9941910608204947
2022,CO2/CO/NOx,2022-11-05 00:00:00+01:00,0.962123063418721
2022,CO2/CO/NOx,2022-11-05 01:00:00+01:00,0.9600605350344154
2022,CO2/CO/NOx,2022-11-05 02:00:00+01:00,0.9815439033533743
2022,CO2/CO/NOx,2022-11-05 03:00:00+01:00,1.0404907049678318
2022,CO2/CO/NOx,2022-11-05 04:00:00+01:00,1.0995913478881498
2022,CO2/CO/NOx,2022-11-05 05:00:00+01:00,1.161168191141049
2022,CO2/CO/NOx,2022-11-05 06:00:00+01:00,1.2021470403566568
2022,CO2/CO/NOx,2022-11-05 07:00:00+01:00,1.222151930905441
2022,CO2/CO/NOx,2022-11-05 08:00:00+01:00,1.2294716238242567
2022,CO2/CO/NOx,2022-11-05 09:00:00+01:00,1.198746730748478
2022,CO2/CO/NOx,2022-11-05 10:00:00+01:00,1.1746108775382722
2022,CO2/CO/NOx,2022-11-05 11:00:00+01:00,1.1489410776987936
2022,CO2/CO/NOx,2022-11-05 12:00:00+01:00,1.1305147892654948
2022,CO2/CO/NOx,2022-11-05 13:00:00+01:00,1.130263613192664
2022,CO2/CO/NOx,2022-11-05 14:00:00+01:00,1.1430704536639884
2022,CO2/CO/NOx,2022-11-05 15:00:00+01:00,1.158967959687455
2022,CO2/CO/NOx,2022-11-05 16:00:00+01:00,1.1717233981350565
2022,CO2/CO/NOx,2022-11-05 17:00:00+01:00,1.1781543643529087
2022,CO2/CO/NOx,2022-11-05 18:00:00+01:00,1.183473879140235
2022,CO2/CO/NOx,2022-11-05 19:00:00+01:00,1.165056553971723
2022,CO2/CO/NOx,2022-11-05 20:00:00+01:00,1.1356216537481854
2022,CO2/CO/NOx,2022-11-05 21:00:00+01:00,1.099704179486737
2022,CO2/CO/NOx,2022-11-05 22:00:00+01:00,1.077069333502066
2022,CO2/CO/NOx,2022-11-05 23:00:00+01:00,1.0654877972728969
2022,CO2/CO/NOx,2022-11-06 00:00:00+01:00,1.0635274273045197
2022,CO2/CO/NOx,2022-11-06 01:00:00+01:00,1.0859884590788946
2022,CO2/CO/NOx,2022-11-06 02:00:00+01:00,1.1428178257561739
2022,CO2/CO/NOx,2022-11-06 03:00:00+01:00,1.2231802133901841
2022,CO2/CO/NOx,2022-11-06 04:00:00+01:00,1.273265448927176
2022,CO2/CO/NOx,2022-11-06 05:00:00+01:00,1.3204718265691482
2022,CO2/CO/NOx,2022-11-06 06:00:00+01:00,1.3573644145407127
2022,CO2/CO/NOx,2022-11-06 07:00:00+01:00,1.396946424294569
2022,CO2/CO/NOx,2022-11-06 08:00:00+01:00,1.3834457512592875
2022,CO2/CO/NOx,2022-11-06 09:00:00+01:00,1.3318764051332108
2022,CO2/CO/NOx,2022-11-06 10:00:00+01:00,1.2705242206698433
2022,CO2/CO/NOx,2022-11-06 11:00:00+01:00,1.2020782381454742
2022,CO2/CO/NOx,2022-11-06 12:00:00+01:00,1.1188042950467723
2022,CO2/CO/NOx,2022-11-06 13:00:00+01:00,1.0536656587509445
2022,CO2/CO/NOx,2022-11-06 14:00:00+01:00,1.0426988484686264
2022,CO2/CO/NOx,2022-11-06 15:00:00+01:00,1.0801167879510263
2022,CO2/CO/NOx,2022-11-06 16:00:00+01:00,1.1579992606864218
2022,CO2/CO/NOx,2022-11-06 17:00:00+01:00,1.2257795010628105
2022,CO2/CO/NOx,2022-11-06 18:00:00+01:00,1.2864453442185368
2022,CO2/CO/NOx,2022-11-06 19:00:00+01:00,1.2858835194785718
2022,CO2/CO/NOx,2022-11-06 20:00:00+01:00,1.22758160915374
2022,CO2/CO/NOx,2022-11-06 21:00:00+01:00,1.1269539238249975
2022,CO2/CO/NOx,2022-11-06 22:00:00+01:00,1.0219332809402133
2022,CO2/CO/NOx,2022-11-06 23:00:00+01:00,0.9292421353773409
2022,CO2/CO/NOx,2022-11-07 00:00:00+01:00,0.8446566261753553
2022,CO2/CO/NOx,2022-11-07 01:00:00+01:00,0.7931265329712511
2022,CO2/CO/NOx,2022-11-07 02:00:00+01:00,0.8137535114301169
2022,CO2/CO/NOx,2022-11-07 03:00:00+01:00,0.9012059502572259
2022,CO2/CO/NOx,2022-11-07 04:00:00+01:00,0.9878899011902228
2022,CO2/CO/NOx,2022-11-07 05:00:00+01:00,1.0667098879952017
2022,CO2/CO/NOx,2022-11-07 06:00:00+01:00,1.112422714433875
2022,CO2/CO/NOx,2022-11-07 07:00:00+01:00,1.1065207905577346
2022,CO2/CO/NOx,2022-11-07 08:00:00+01:00,1.049556585800785
2022,CO2/CO/NOx,2022-11-07 09:00:00+01:00,0.9470156296336143
2022,CO2/CO/NOx,2022-11-07 10:00:00+01:00,0.8425434251663464
2022,CO2/CO/NOx,2022-11-07 11:00:00+01:00,0.773650385613009
2022,CO2/CO/NOx,2022-11-07 12:00:00+01:00,0.7476878392533026
2022,CO2/CO/NOx,2022-11-07 13:00:00+01:00,0.7494706369990474
2022,CO2/CO/NOx,2022-11-07 14:00:00+01:00,0.7764616116381133
2022,CO2/CO/NOx,2022-11-07 15:00:00+01:00,0.8021945369121335
2022,CO2/CO/NOx,2022-11-07 16:00:00+01:00,0.8323656163266393
2022,CO2/CO/NOx,2022-11-07 17:00:00+01:00,0.8548521332676219
2022,CO2/CO/NOx,2022-11-07 18:00:00+01:00,0.870959358434492
2022,CO2/CO/NOx,2022-11-07 19:00:00+01:00,0.8654846730699475
2022,CO2/CO/NOx,2022-11-07 20:00:00+01:00,0.8405070966587508
2022,CO2/CO/NOx,2022-11-07 21:00:00+01:00,0.7992639856089537
2022,CO2/CO/NOx,2022-11-07 22:00:00+01:00,0.7883921670154482
2022,CO2/CO/NOx,2022-11-07 23:00:00+01:00,0.8031564429140299
2022,CO2/CO/NOx,2022-11-08 00:00:00+01:00,0.8278289241815388
2022,CO2/CO/NOx,2022-11-08 01:00:00+01:00,0.9015860270443423
2022,CO2/CO/NOx,2022-11-08 02:00:00+01:00,1.0022613773117979
2022,CO2/CO/NOx,2022-11-08 03:00:00+01:00,1.1214303202489515
2022,CO2/CO/NOx,2022-11-08 04:00:00+01:00,1.2310765999964541
2022,CO2/CO/NOx,2022-11-08 05:00:00+01:00,1.2955616250523703
2022,CO2/CO/NOx,2022-11-08 06:00:00+01:00,1.2906699729079645
2022,CO2/CO/NOx,2022-11-08 07:00:00+01:00,1.2444096955255028
2022,CO2/CO/NOx,2022-11-08 08:00:00+01:00,1.1369673637870554
2022,CO2/CO/NOx,2022-11-08 09:00:00+01:00,1.005202397425994
2022,CO2/CO/NOx,2022-11-08 10:00:00+01:00,0.8894785905871277
2022,CO2/CO/NOx,2022-11-08 11:00:00+01:00,0.7962111856301057
2022,CO2/CO/NOx,2022-11-08 12:00:00+01:00,0.7640116690017956
2022,CO2/CO/NOx,2022-11-08 13:00:00+01:00,0.7905943376256096
2022,CO2/CO/NOx,2022-11-08 14:00:00+01:00,0.8539237286153752
2022,CO2/CO/NOx,2022-11-08 15:00:00+01:00,0.9176250412627838
2022,CO2/CO/NOx,2022-11-08 16:00:00+01:00,0.9853478552828683
2022,CO2/CO/NOx,2022-11-08 17:00:00+01:00,1.0231536054971637
2022,CO2/CO/NOx,2022-11-08 18:00:00+01:00,1.0456560957916117
2022,CO2/CO/NOx,2022-11-08 19:00:00+01:00,1.0108581744255016
2022,CO2/CO/NOx,2022-11-08 20:00:00+01:00,0.9261485420286794
2022,CO2/CO/NOx,2022-11-08 21:00:00+01:00,0.8456377669546974
2022,CO2/CO/NOx,2022-11-08 22:00:00+01:00,0.804937630362666
2022,CO2/CO/NOx,2022-11-08 23:00:00+01:00,0.8178116042613377
2022,CO2/CO/NOx,2022-11-09 00:00:00+01:00,0.839906840732642
2022,CO2/CO/NOx,2022-11-09 01:00:00+01:00,0.9203933519528551
2022,CO2/CO/NOx,2022-11-09 02:00:00+01:00,1.0133709273958924
2022,CO2/CO/NOx,2022-11-09 03:00:00+01:00,1.1219532364993978
2022,CO2/CO/NOx,2022-11-09 04:00:00+01:00,1.1810986318876049
2022,CO2/CO/NOx,2022-11-09 05:00:00+01:00,1.1865006455402585
2022,CO2/CO/NOx,2022-11-09 06:00:00+01:00,1.1614757873991497
2022,CO2/CO/NOx,2022-11-09 07:00:00+01:00,1.1050882139463127
2022,CO2/CO/NOx,2022-11-09 08:00:00+01:00,1.016831420269611
2022,CO2/CO/NOx,2022-11-09 09:00:00+01:00,0.904258739077435
2022,CO2/CO/NOx,2022-11-09 10:00:00+01:00,0.8318428857897383
2022,CO2/CO/NOx,2022-11-09 11:00:00+01:00,0.7705192040426266
2022,CO2/CO/NOx,2022-11-09 12:00:00+01:00,0.7759236186183049
2022,CO2/CO/NOx,2022-11-09 13:00:00+01:00,0.8137170478906037
2022,CO2/CO/NOx,2022-11-09 14:00:00+01:00,0.8574704985701499
2022,CO2/CO/NOx,2022-11-09 15:00:00+01:00,0.8998342911772097
2022,CO2/CO/NOx,2022-11-09 16:00:00+01:00,0.9137805233443209
2022,CO2/CO/NOx,2022-11-09 17:00:00+01:00,0.907020104608635
2022,CO2/CO/NOx,2022-11-09 18:00:00+01:00,0.9030170702767681
2022,CO2/CO/NOx,2022-11-09 19:00:00+01:00,0.8677444175433474
2022,CO2/CO/NOx,2022-11-09 20:00:00+01:00,0.8100693456945229
2022,CO2/CO/NOx,2022-11-09 21:00:00+01:00,0.7675102195803446
2022,CO2/CO/NOx,2022-11-09 22:00:00+01:00,0.7286246897638257
2022,CO2/CO/NOx,2022-11-09 23:00:00+01:00,0.6890620711083852
2022,CO2/CO/NOx,2022-11-10 00:00:00+01:00,0.6483781952476172
2022,CO2/CO/NOx,2022-11-10 01:00:00+01:00,0.6417415278734271
2022,CO2/CO/NOx,2022-11-10 02:00:00+01:00,0.6714519129713429
2022,CO2/CO/NOx,2022-11-10 03:00:00+01:00,0.7319924557403598
2022,CO2/CO/NOx,2022-11-10 04:00:00+01:00,0.7875515994383877
2022,CO2/CO/NOx,2022-11-10 05:00:00+01:00,0.8465619524576714
2022,CO2/CO/NOx,2022-11-10 06:00:00+01:00,0.8854697263627865
2022,CO2/CO/NOx,2022-11-10 07:00:00+01:00,0.9035314539016511
2022,CO2/CO/NOx,2022-11-10 08:00:00+01:00,0.8991354941865743
2022,CO2/CO/NOx,2022-11-10 09:00:00+01:00,0.8680414514728354
2022,CO2/CO/NOx,2022-11-10 10:00:00+01:00,0.8390378382574633
2022,CO2/CO/NOx,2022-11-10 11:00:00+01:00,0.8114568177856
2022,CO2/CO/NOx,2022-11-10 12:00:00+01:00,0.7798420788732419
2022,CO2/CO/NOx,2022-11-10 13:00:00+01:00,0.7655624966452639
2022,CO2/CO/NOx,2022-11-10 14:00:00+01:00,0.7739225435532897
2022,CO2/CO/NOx,2022-11-10 15:00:00+01:00,0.8134638877214413
2022,CO2/CO/NOx,2022-11-10 16:00:00+01:00,0.866392586040462
2022,CO2/CO/NOx,2022-11-10 17:00:00+01:00,0.9250498449025534
2022,CO2/CO/NOx,2022-11-10 18:00:00+01:00,0.9953715670025127
2022,CO2/CO/NOx,2022-11-10 19:00:00+01:00,1.0301509895710188
2022,CO2/CO/NOx,2022-11-10 20:00:00+01:00,1.044338349779151
2022,CO2/CO/NOx,2022-11-10 21:00:00+01:00,1.0231874370777103
2022,CO2/CO/NOx,2022-11-10 22:00:00+01:00,0.9952502650539122
2022,CO2/CO/NOx,2022-11-10 23:00:00+01:00,0.9785283869506621
2022,CO2/CO/NOx,2022-11-11 00:00:00+01:00,0.978965742049746
2022,CO2/CO/NOx,2022-11-11 01:00:00+01:00,1.0119891356462047
2022,CO2/CO/NOx,2022-11-11 02:00:00+01:00,1.077744648786331
2022,CO2/CO/NOx,2022-11-11 03:00:00+01:00,1.1703746895840599
2022,CO2/CO/NOx,2022-11-11 04:00:00+01:00,1.2493035830358077
2022,CO2/CO/NOx,2022-11-11 05:00:00+01:00,1.3274254663342324
2022,CO2/CO/NOx,2022-11-11 06:00:00+01:00,1.3852317880535814
2022,CO2/CO/NOx,2022-11-11 07:00:00+01:00,1.378113875788124
2022,CO2/CO/NOx,2022-11-11 08:00:00+01:00,1.3156770882683557
2022,CO2/CO/NOx,2022-11-11 09:00:00+01:00,1.2171790223278462
2022,CO2/CO/NOx,2022-11-11 10:00:00+01:00,1.1229085608485458
2022,CO2/CO/NOx,2022-11-11 11:00:00+01:00,1.038189486689968
2022,CO2/CO/NOx,2022-11-11 12:00:00+01:00,0.9600597920499678
2022,CO2/CO/NOx,2022-11-11 13:00:00+01:00,0.9257673692345282
2022,CO2/CO/NOx,2022-11-11 14:00:00+01:00,0.9505085327779991
2022,CO2/CO/NOx,2022-11-11 15:00:00+01:00,1.028344120534591
2022,CO2/CO/NOx,2022-11-11 16:00:00+01:00,1.0976604418850817
2022,CO2/CO/NOx,2022-11-11 17:00:00+01:00,1.1696767332929692
2022,CO2/CO/NOx,2022-11-11 18:00:00+01:00,1.2406695049277847
2022,CO2/CO/NOx,2022-11-11 19:00:00+01:00,1.258875320556133
2022,CO2/CO/NOx,2022-11-11 20:00:00+01:00,1.2341856610601427
2022,CO2/CO/NOx,2022-11-11 21:00:00+01:00,1.1844137018984648
2022,CO2/CO/NOx,2022-11-11 22:00:00+01:00,1.148884263517011
2022,CO2/CO/NOx,2022-11-11 23:00:00+01:00,1.1355887888861913
2022,CO2/CO/NOx,2022-11-12 00:00:00+01:00,1.1342386016506794
2022,CO2/CO/NOx,2022-11-12 01:00:00+01:00,1.16722279204887
2022,CO2/CO/NOx,2022-11-12 02:00:00+01:00,1.2280371654812032
2022,CO2/CO/NOx,2022-11-12 03:00:00+01:00,1.3069776001251079
2022,CO2/CO/NOx,2022-11-12 04:00:00+01:00,1.3727072797639073
2022,CO2/CO/NOx,2022-11-12 05:00:00+01:00,1.4386326188682768
2022,CO2/CO/NOx,2022-11-12 06:00:00+01:00,1.5104831988112646
2022,CO2/CO/NOx,2022-11-12 07:00:00+01:00,1.561632325652272
2022,CO2/CO/NOx,2022-11-12 08:00:00+01:00,1.577741275995732
2022,CO2/CO/NOx,2022-11-12 09:00:00+01:00,1.532785095507597
2022,CO2/CO/NOx,2022-11-12 10:00:00+01:00,1.4787007784288209
2022,CO2/CO/NOx,2022-11-12 11:00:00+01:00,1.4103956243722051
2022,CO2/CO/NOx,2022-11-12 12:00:00+01:00,1.3549406889673066
2022,CO2/CO/NOx,2022-11-12 13:00:00+01:00,1.3344185694844835
2022,CO2/CO/NOx,2022-11-12 14:00:00+01:00,1.3438066531412929
2022,CO2/CO/NOx,2022-11-12 15:00:00+01:00,1.3934036228836995
2022,CO2/CO/NOx,2022-11-12 16:00:00+01:00,1.4536909965423483
2022,CO2/CO/NOx,2022-11-12 17:00:00+01:00,1.4975420606157837
2022,CO2/CO/NOx,2022-11-12 18:00:00+01:00,1.5257216106054616
2022,CO2/CO/NOx,2022-11-12 19:00:00+01:00,1.5134872098091166
2022,CO2/CO/NOx,2022-11-12 20:00:00+01:00,1.4714536515273628
2022,CO2/CO/NOx,2022-11-12 21:00:00+01:00,1.413682710154686
2022,CO2/CO/NOx,2022-11-12 22:00:00+01:00,1.3502547733669905
2022,CO2/CO/NOx,2022-11-12 23:00:00+01:00,1.2976251064430122
2022,CO2/CO/NOx,2022-11-13 00:00:00+01:00,1.2712628500824186
2022,CO2/CO/NOx,2022-11-13 01:00:00+01:00,1.294588304194303
2022,CO2/CO/NOx,2022-11-13 02:00:00+01:00,1.346374150727793
2022,CO2/CO/NOx,2022-11-13 03:00:00+01:00,1.437078493430154
2022,CO2/CO/NOx,2022-11-13 04:00:00+01:00,1.5325519784829775
2022,CO2/CO/NOx,2022-11-13 05:00:00+01:00,1.6323124236803295
2022,CO2/CO/NOx,2022-11-13 06:00:00+01:00,1.712194419512999
2022,CO2/CO/NOx,2022-11-13 07:00:00+01:00,1.752333644358712
2022,CO2/CO/NOx,2022-11-13 08:00:00+01:00,1.7463139468259639
2022,CO2/CO/NOx,2022-11-13 09:00:00+01:00,1.7072804042664804
2022,CO2/CO/NOx,2022-11-13 10:00:00+01:00,1.629744586922034
2022,CO2/CO/NOx,2022-11-13 11:00:00+01:00,1.5064703384604186
2022,CO2/CO/NOx,2022-11-13 12:00:00+01:00,1.36174495656452
2022,CO2/CO/NOx,2022-11-13 13:00:00+01:00,1.234249113061851
2022,CO2/CO/NOx,2022-11-13 14:00:00+01:00,1.1680329790834145
2022,CO2/CO/NOx,2022-11-13 15:00:00+01:00,1.1740002269773897
2022,CO2/CO/NOx,2022-11-13 16:00:00+01:00,1.2430575636744032
2022,CO2/CO/NOx,2022-11-13 17:00:00+01:00,1.3528472048409539
2022,CO2/CO/NOx,2022-11-13 18:00:00+01:00,1.4929190411056679
2022,CO2/CO/NOx,2022-11-13 19:00:00+01:00,1.5718792216739037
2022,CO2/CO/NOx,2022-11-13 20:00:00+01:00,1.5954593579825134
2022,CO2/CO/NOx,2022-11-13 21:00:00+01:00,1.5298193327128216
2022,CO2/CO/NOx,2022-11-13 22:00:00+01:00,1.4260408364609924
2022,CO2/CO/NOx,2022-11-13 23:00:00+01:00,1.3361540565063994
2022,CO2/CO/NOx,2022-11-14 00:00:00+01:00,1.2318495416039004
2022,CO2/CO/NOx,2022-11-14 01:00:00+01:00,1.207343048660657
2022,CO2/CO/NOx,2022-11-14 02:00:00+01:00,1.2540465676671155
2022,CO2/CO/NOx,2022-11-14 03:00:00+01:00,1.3508621458217815
2022,CO2/CO/NOx,2022-11-14 04:00:00+01:00,1.4717474625860891
2022,CO2/CO/NOx,2022-11-14 05:00:00+01:00,1.615087295647872
2022,CO2/CO/NOx,2022-11-14 06:00:00+01:00,1.7143440400791368
2022,CO2/CO/NOx,2022-11-14 07:00:00+01:00,1.7738867210952194
2022,CO2/CO/NOx,2022-11-14 08:00:00+01:00,1.779934755989101
2022,CO2/CO/NOx,2022-11-14 09:00:00+01:00,1.6914328828711607
2022,CO2/CO/NOx,2022-11-14 10:00:00+01:00,1.5816110658162836
2022,CO2/CO/NOx,2022-11-14 11:00:00+01:00,1.4338163908770192
2022,CO2/CO/NOx,2022-11-14 12:00:00+01:00,1.2618742982508364
2022,CO2/CO/NOx,2022-11-14 13:00:00+01:00,1.1290373855542357
2022,CO2/CO/NOx,2022-11-14 14:00:00+01:00,1.043632560770731
2022,CO2/CO/NOx,2022-11-14 15:00:00+01:00,1.0103675105935277
2022,CO2/CO/NOx,2022-11-14 16:00:00+01:00,1.0297619901783481
2022,CO2/CO/NOx,2022-11-14 17:00:00+01:00,1.1056146800193716
2022,CO2/CO/NOx,2022-11-14 18:00:00+01:00,1.217895417314319
2022,CO2/CO/NOx,2022-11-14 19:00:00+01:00,1.2734680250663386
2022,CO2/CO/NOx,2022-11-14 20:00:00+01:00,1.280471219457938
2022,CO2/CO/NOx,2022-11-14 21:00:00+01:00,1.2495084350940042
2022,CO2/CO/NOx,2022-11-14 22:00:00+01:00,1.1912605762994921
2022,CO2/CO/NOx,2022-11-14 23:00:00+01:00,1.1239524423446106
2022,CO2/CO/NOx,2022-11-15 00:00:00+01:00,1.0573466360758195
2022,CO2/CO/NOx,2022-11-15 01:00:00+01:00,1.0537617461292224
2022,CO2/CO/NOx,2022-11-15 02:00:00+01:00,1.1256650098585643
2022,CO2/CO/NOx,2022-11-15 03:00:00+01:00,1.2527338180821412
2022,CO2/CO/NOx,2022-11-15 04:00:00+01:00,1.3525932354515864
2022,CO2/CO/NOx,2022-11-15 05:00:00+01:00,1.4452037244177667
2022,CO2/CO/NOx,2022-11-15 06:00:00+01:00,1.5229172828584443
2022,CO2/CO/NOx,2022-11-15 07:00:00+01:00,1.5121129923135037
2022,CO2/CO/NOx,2022-11-15 08:00:00+01:00,1.4360073348729785
2022,CO2/CO/NOx,2022-11-15 09:00:00+01:00,1.3007686520835153
2022,CO2/CO/NOx,2022-11-15 10:00:00+01:00,1.1772331482383922
2022,CO2/CO/NOx,2022-11-15 11:00:00+01:00,1.0479178686519925
2022,CO2/CO/NOx,2022-11-15 12:00:00+01:00,0.9437912873389674
2022,CO2/CO/NOx,2022-11-15 13:00:00+01:00,0.8976167945539192
2022,CO2/CO/NOx,2022-11-15 14:00:00+01:00,0.9018203515543975
2022,CO2/CO/NOx,2022-11-15 15:00:00+01:00,0.9659999685857792
2022,CO2/CO/NOx,2022-11-15 16:00:00+01:00,1.0240653340137262
2022,CO2/CO/NOx,2022-11-15 17:00:00+01:00,1.0918705336237153
2022,CO2/CO/NOx,2022-11-15 18:00:00+01:00,1.1665298647579327
2022,CO2/CO/NOx,2022-11-15 19:00:00+01:00,1.182246641739412
2022,CO2/CO/NOx,2022-11-15 20:00:00+01:00,1.1263371017799764
2022,CO2/CO/NOx,2022-11-15 21:00:00+01:00,1.052939257009768
2022,CO2/CO/NOx,2022-11-15 22:00:00+01:00,1.006850171902768
2022,CO2/CO/NOx,2022-11-15 23:00:00+01:00,0.9536275266047685
2022,CO2/CO/NOx,2022-11-16 00:00:00+01:00,0.9120534508640945
2022,CO2/CO/NOx,2022-11-16 01:00:00+01:00,0.9292179392919342
2022,CO2/CO/NOx,2022-11-16 02:00:00+01:00,1.0038264347198027
2022,CO2/CO/NOx,2022-11-16 03:00:00+01:00,1.1099006525048105
2022,CO2/CO/NOx,2022-11-16 04:00:00+01:00,1.1875975486048533
2022,CO2/CO/NOx,2022-11-16 05:00:00+01:00,1.2288687178420965
2022,CO2/CO/NOx,2022-11-16 06:00:00+01:00,1.2473387863601124
2022,CO2/CO/NOx,2022-11-16 07:00:00+01:00,1.2414848917812529
2022,CO2/CO/NOx,2022-11-16 08:00:00+01:00,1.1794981895943981
2022,CO2/CO/NOx,2022-11-16 09:00:00+01:00,1.092417190864846
2022,CO2/CO/NOx,2022-11-16 10:00:00+01:00,1.0288241306575452
2022,CO2/CO/NOx,2022-11-16 11:00:00+01:00,0.9779354773482598
2022,CO2/CO/NOx,2022-11-16 12:00:00+01:00,0.9383542763172197
2022,CO2/CO/NOx,2022-11-16 13:00:00+01:00,0.9436954979025669
2022,CO2/CO/NOx,2022-11-16 14:00:00+01:00,0.9721759229402823
2022,CO2/CO/NOx,2022-11-16 15:00:00+01:00,1.0366361479357296
2022,CO2/CO/NOx,2022-11-16 16:00:00+01:00,1.0873741569971906
2022,CO2/CO/NOx,2022-11-16 17:00:00+01:00,1.1337544597500024
2022,CO2/CO/NOx,2022-11-16 18:00:00+01:00,1.185698379268692
2022,CO2/CO/NOx,2022-11-16 19:00:00+01:00,1.1996812451921652
2022,CO2/CO/NOx,2022-11-16 20:00:00+01:00,1.1919398249257818
2022,CO2/CO/NOx,2022-11-16 21:00:00+01:00,1.1663006484984682
2022,CO2/CO/NOx,2022-11-16 22:00:00+01:00,1.1615646492345646
2022,CO2/CO/NOx,2022-11-16 23:00:00+01:00,1.152608613883572
2022,CO2/CO/NOx,2022-11-17 00:00:00+01:00,1.1323484558804802
2022,CO2/CO/NOx,2022-11-17 01:00:00+01:00,1.1116464652647742
2022,CO2/CO/NOx,2022-11-17 02:00:00+01:00,1.1283175146826114
2022,CO2/CO/NOx,2022-11-17 03:00:00+01:00,1.1664611109632723
2022,CO2/CO/NOx,2022-11-17 04:00:00+01:00,1.2126317865029477
2022,CO2/CO/NOx,2022-11-17 05:00:00+01:00,1.2946944980867103
2022,CO2/CO/NOx,2022-11-17 06:00:00+01:00,1.3578235664844296
2022,CO2/CO/NOx,2022-11-17 07:00:00+01:00,1.3794695433304482
2022,CO2/CO/NOx,2022-11-17 08:00:00+01:00,1.3442235383280563
2022,CO2/CO/NOx,2022-11-17 09:00:00+01:00,1.2402861913538457
2022,CO2/CO/NOx,2022-11-17 10:00:00+01:00,1.1431072847381556
2022,CO2/CO/NOx,2022-11-17 11:00:00+01:00,1.0631712511769829
2022,CO2/CO/NOx,2022-11-17 12:00:00+01:00,0.9926119342907608
2022,CO2/CO/NOx,2022-11-17 13:00:00+01:00,0.9613916260279753
2022,CO2/CO/NOx,2022-11-17 14:00:00+01:00,0.9779041015297617
2022,CO2/CO/NOx,2022-11-17 15:00:00+01:00,1.002193793707377
2022,CO2/CO/NOx,2022-11-17 16:00:00+01:00,1.0275112119805445
2022,CO2/CO/NOx,2022-11-17 17:00:00+01:00,1.0556640977057072
2022,CO2/CO/NOx,2022-11-17 18:00:00+01:00,1.0921175697891345
2022,CO2/CO/NOx,2022-11-17 19:00:00+01:00,1.0891302412977346
2022,CO2/CO/NOx,2022-11-17 20:00:00+01:00,1.0530088426135247
2022,CO2/CO/NOx,2022-11-17 21:00:00+01:00,0.995052761881982
2022,CO2/CO/NOx,2022-11-17 22:00:00+01:00,0.9233317244474557
2022,CO2/CO/NOx,2022-11-17 23:00:00+01:00,0.8740549990174626
2022,CO2/CO/NOx,2022-11-18 00:00:00+01:00,0.8372602638341535
2022,CO2/CO/NOx,2022-11-18 01:00:00+01:00,0.8387026004223282
2022,CO2/CO/NOx,2022-11-18 02:00:00+01:00,0.8848533000905294
2022,CO2/CO/NOx,2022-11-18 03:00:00+01:00,0.9745765972465651
2022,CO2/CO/NOx,2022-11-18 04:00:00+01:00,1.0374285806358603
2022,CO2/CO/NOx,2022-11-18 05:00:00+01:00,1.092247651327208
2022,CO2/CO/NOx,2022-11-18 06:00:00+01:00,1.1430407204183142
2022,CO2/CO/NOx,2022-11-18 07:00:00+01:00,1.1613187821378792
2022,CO2/CO/NOx,2022-11-18 08:00:00+01:00,1.1650089778362522
2022,CO2/CO/NOx,2022-11-18 09:00:00+01:00,1.134968110104107
2022,CO2/CO/NOx,2022-11-18 10:00:00+01:00,1.1089834345673082
2022,CO2/CO/NOx,2022-11-18 11:00:00+01:00,1.0830460525749743
2022,CO2/CO/NOx,2022-11-18 12:00:00+01:00,1.0551765954451
2022,CO2/CO/NOx,2022-11-18 13:00:00+01:00,1.0555552541267437
2022,CO2/CO/NOx,2022-11-18 14:00:00+01:00,1.0712201511103137
2022,CO2/CO/NOx,2022-11-18 15:00:00+01:00,1.108490899081429
2022,CO2/CO/NOx,2022-11-18 16:00:00+01:00,1.1302356441584014
2022,CO2/CO/NOx,2022-11-18 17:00:00+01:00,1.1402475545119892
2022,CO2/CO/NOx,2022-11-18 18:00:00+01:00,1.1800632521536238
2022,CO2/CO/NOx,2022-11-18 19:00:00+01:00,1.195479174788696
2022,CO2/CO/NOx,2022-11-18 20:00:00+01:00,1.1878647737615307
2022,CO2/CO/NOx,2022-11-18 21:00:00+01:00,1.165519057248289
2022,CO2/CO/NOx,2022-11-18 22:00:00+01:00,1.158629236738883
2022,CO2/CO/NOx,2022-11-18 23:00:00+01:00,1.1459060228822087
2022,CO2/CO/NOx,2022-11-19 00:00:00+01:00,1.119994856708344
2022,CO2/CO/NOx,2022-11-19 01:00:00+01:00,1.1012750705114898
2022,CO2/CO/NOx,2022-11-19 02:00:00+01:00,1.1101708707641047
2022,CO2/CO/NOx,2022-11-19 03:00:00+01:00,1.1738844178089198
2022,CO2/CO/NOx,2022-11-19 04:00:00+01:00,1.2343957707641344
2022,CO2/CO/NOx,2022-11-19 05:00:00+01:00,1.2961791219860568
2022,CO2/CO/NOx,2022-11-19 06:00:00+01:00,1.3480850520302912
2022,CO2/CO/NOx,2022-11-19 07:00:00+01:00,1.3766011078325435
2022,CO2/CO/NOx,2022-11-19 08:00:00+01:00,1.3729551613446176
2022,CO2/CO/NOx,2022-11-19 09:00:00+01:00,1.338939464726813
2022,CO2/CO/NOx,2022-11-19 10:00:00+01:00,1.314147114789625
2022,CO2/CO/NOx,2022-11-19 11:00:00+01:00,1.28158483203374
2022,CO2/CO/NOx,2022-11-19 12:00:00+01:00,1.250215664262076
2022,CO2/CO/NOx,2022-11-19 13:00:00+01:00,1.2327572510294444
2022,CO2/CO/NOx,2022-11-19 14:00:00+01:00,1.2295271633784535
2022,CO2/CO/NOx,2022-11-19 15:00:00+01:00,1.2338861037828321
2022,CO2/CO/NOx,2022-11-19 16:00:00+01:00,1.2432665717641502
2022,CO2/CO/NOx,2022-11-19 17:00:00+01:00,1.2540016561828116
2022,CO2/CO/NOx,2022-11-19 18:00:00+01:00,1.2946949117798952
2022,CO2/CO/NOx,2022-11-19 19:00:00+01:00,1.2992158941431091
2022,CO2/CO/NOx,2022-11-19 20:00:00+01:00,1.2821852403884102
2022,CO2/CO/NOx,2022-11-19 21:00:00+01:00,1.2390952196841298
2022,CO2/CO/NOx,2022-11-19 22:00:00+01:00,1.1820109304421784
2022,CO2/CO/NOx,2022-11-19 23:00:00+01:00,1.1229328613383052
2022,CO2/CO/NOx,2022-11-20 00:00:00+01:00,1.0525079895055773
2022,CO2/CO/NOx,2022-11-20 01:00:00+01:00,1.0161668429554684
2022,CO2/CO/NOx,2022-11-20 02:00:00+01:00,1.0253059625471241
2022,CO2/CO/NOx,2022-11-20 03:00:00+01:00,1.0887419833479244
2022,CO2/CO/NOx,2022-11-20 04:00:00+01:00,1.1571966069333581
2022,CO2/CO/NOx,2022-11-20 05:00:00+01:00,1.2619252221283395
2022,CO2/CO/NOx,2022-11-20 06:00:00+01:00,1.3422039240469255
2022,CO2/CO/NOx,2022-11-20 07:00:00+01:00,1.3911033293531965
2022,CO2/CO/NOx,2022-11-20 08:00:00+01:00,1.4013449178201278
2022,CO2/CO/NOx,2022-11-20 09:00:00+01:00,1.370070463767628
2022,CO2/CO/NOx,2022-11-20 10:00:00+01:00,1.338569025602535
2022,CO2/CO/NOx,2022-11-20 11:00:00+01:00,1.314537468929841
2022,CO2/CO/NOx,2022-11-20 12:00:00+01:00,1.2914135742483952
2022,CO2/CO/NOx,2022-11-20 13:00:00+01:00,1.2982719131335072
2022,CO2/CO/NOx,2022-11-20 14:00:00+01:00,1.325711751056195
2022,CO2/CO/NOx,2022-11-20 15:00:00+01:00,1.3572372713018919
2022,CO2/CO/NOx,2022-11-20 16:00:00+01:00,1.3745363210707657
2022,CO2/CO/NOx,2022-11-20 17:00:00+01:00,1.386757713534647
2022,CO2/CO/NOx,2022-11-20 18:00:00+01:00,1.410675863887386
2022,CO2/CO/NOx,2022-11-20 19:00:00+01:00,1.3993311513950737
2022,CO2/CO/NOx,2022-11-20 20:00:00+01:00,1.34544498789353
2022,CO2/CO/NOx,2022-11-20 21:00:00+01:00,1.2802807329730956
2022,CO2/CO/NOx,2022-11-20 22:00:00+01:00,1.2310749926269053
2022,CO2/CO/NOx,2022-11-20 23:00:00+01:00,1.19883892761583
2022,CO2/CO/NOx,2022-11-21 00:00:00+01:00,1.1718892997869466
2022,CO2/CO/NOx,2022-11-21 01:00:00+01:00,1.1656845062862373
2022,CO2/CO/NOx,2022-11-21 02:00:00+01:00,1.2178916104734758
2022,CO2/CO/NOx,2022-11-21 03:00:00+01:00,1.3126343555807674
2022,CO2/CO/NOx,2022-11-21 04:00:00+01:00,1.3937335491826328
2022,CO2/CO/NOx,2022-11-21 05:00:00+01:00,1.4666242055297418
2022,CO2/CO/NOx,2022-11-21 06:00:00+01:00,1.5434017261143347
2022,CO2/CO/NOx,2022-11-21 07:00:00+01:00,1.5885064304008079
2022,CO2/CO/NOx,2022-11-21 08:00:00+01:00,1.5823569927242986
2022,CO2/CO/NOx,2022-11-21 09:00:00+01:00,1.5287032274265762
2022,CO2/CO/NOx,2022-11-21 10:00:00+01:00,1.4594801743828247
2022,CO2/CO/NOx,2022-11-21 11:00:00+01:00,1.40001207216063
2022,CO2/CO/NOx,2022-11-21 12:00:00+01:00,1.3386968295948958
2022,CO2/CO/NOx,2022-11-21 13:00:00+01:00,1.305882364722141
2022,CO2/CO/NOx,2022-11-21 14:00:00+01:00,1.3245237965758394
2022,CO2/CO/NOx,2022-11-21 15:00:00+01:00,1.3881350661916751
2022,CO2/CO/NOx,2022-11-21 16:00:00+01:00,1.4549677709514566
2022,CO2/CO/NOx,2022-11-21 17:00:00+01:00,1.5298250535869176
2022,CO2/CO/NOx,2022-11-21 18:00:00+01:00,1.6118632705497988
2022,CO2/CO/NOx,2022-11-21 19:00:00+01:00,1.6360044459723408
2022,CO2/CO/NOx,2022-11-21 20:00:00+01:00,1.6136592976999795
2022,CO2/CO/NOx,2022-11-21 21:00:00+01:00,1.5552369760053948
2022,CO2/CO/NOx,2022-11-21 22:00:00+01:00,1.4799009657690638
2022,CO2/CO/NOx,2022-11-21 23:00:00+01:00,1.3924300319734482
2022,CO2/CO/NOx,2022-11-22 00:00:00+01:00,1.2936292468037274
2022,CO2/CO/NOx,2022-11-22 01:00:00+01:00,1.2438545496647067
2022,CO2/CO/NOx,2022-11-22 02:00:00+01:00,1.2520968843076299
2022,CO2/CO/NOx,2022-11-22 03:00:00+01:00,1.299722403953333
2022,CO2/CO/NOx,2022-11-22 04:00:00+01:00,1.3595867533544448
2022,CO2/CO/NOx,2022-11-22 05:00:00+01:00,1.4405012468614253
2022,CO2/CO/NOx,2022-11-22 06:00:00+01:00,1.5287346127651797
2022,CO2/CO/NOx,2022-11-22 07:00:00+01:00,1.5861244830220487
2022,CO2/CO/NOx,2022-11-22 08:00:00+01:00,1.5800451902222492
2022,CO2/CO/NOx,2022-11-22 09:00:00+01:00,1.5320861740820866
2022,CO2/CO/NOx,2022-11-22 10:00:00+01:00,1.4927420346612557
2022,CO2/CO/NOx,2022-11-22 11:00:00+01:00,1.428213813825744
2022,CO2/CO/NOx,2022-11-22 12:00:00+01:00,1.350524171209874
2022,CO2/CO/NOx,2022-11-22 13:00:00+01:00,1.3072803218405495
2022,CO2/CO/NOx,2022-11-22 14:00:00+01:00,1.2954147230417885
2022,CO2/CO/NOx,2022-11-22 15:00:00+01:00,1.319415376554361
2022,CO2/CO/NOx,2022-11-22 16:00:00+01:00,1.3500699485655299
2022,CO2/CO/NOx,2022-11-22 17:00:00+01:00,1.3905773951869078
2022,CO2/CO/NOx,2022-11-22 18:00:00+01:00,1.4589468455928245
2022,CO2/CO/NOx,2022-11-22 19:00:00+01:00,1.4787874306179767
2022,CO2/CO/NOx,2022-11-22 20:00:00+01:00,1.4561902060381047
2022,CO2/CO/NOx,2022-11-22 21:00:00+01:00,1.4032202288073397
2022,CO2/CO/NOx,2022-11-22 22:00:00+01:00,1.3457316106021733
2022,CO2/CO/NOx,2022-11-22 23:00:00+01:00,1.2921744309263157
2022,CO2/CO/NOx,2022-11-23 00:00:00+01:00,1.2388747925696175
2022,CO2/CO/NOx,2022-11-23 01:00:00+01:00,1.2276850858174553
2022,CO2/CO/NOx,2022-11-23 02:00:00+01:00,1.2728611703625203
2022,CO2/CO/NOx,2022-11-23 03:00:00+01:00,1.347965078267419
2022,CO2/CO/NOx,2022-11-23 04:00:00+01:00,1.4023272195457794
2022,CO2/CO/NOx,2022-11-23 05:00:00+01:00,1.4633389741048648
2022,CO2/CO/NOx,2022-11-23 06:00:00+01:00,1.5167700156718225
2022,CO2/CO/NOx,2022-11-23 07:00:00+01:00,1.5385445465447962
2022,CO2/CO/NOx,2022-11-23 08:00:00+01:00,1.503417599159603
2022,CO2/CO/NOx,2022-11-23 09:00:00+01:00,1.417785795437058
2022,CO2/CO/NOx,2022-11-23 10:00:00+01:00,1.343446127299832
2022,CO2/CO/NOx,2022-11-23 11:00:00+01:00,1.257546376907615
2022,CO2/CO/NOx,2022-11-23 12:00:00+01:00,1.161839371588465
2022,CO2/CO/NOx,2022-11-23 13:00:00+01:00,1.1203327769717264
2022,CO2/CO/NOx,2022-11-23 14:00:00+01:00,1.1452428170541784
2022,CO2/CO/NOx,2022-11-23 15:00:00+01:00,1.2223361655586493
2022,CO2/CO/NOx,2022-11-23 16:00:00+01:00,1.3095856624524753
2022,CO2/CO/NOx,2022-11-23 17:00:00+01:00,1.3694765178999841
2022,CO2/CO/NOx,2022-11-23 18:00:00+01:00,1.4517650517964376
2022,CO2/CO/NOx,2022-11-23 19:00:00+01:00,1.472129780801495
2022,CO2/CO/NOx,2022-11-23 20:00:00+01:00,1.4247881911907962
2022,CO2/CO/NOx,2022-11-23 21:00:00+01:00,1.323704817949496
2022,CO2/CO/NOx,2022-11-23 22:00:00+01:00,1.2122312514020093
2022,CO2/CO/NOx,2022-11-23 23:00:00+01:00,1.1232492993698426
2022,CO2/CO/NOx,2022-11-24 00:00:00+01:00,1.036407440701211
2022,CO2/CO/NOx,2022-11-24 01:00:00+01:00,1.001580495950743
2022,CO2/CO/NOx,2022-11-24 02:00:00+01:00,1.0290483990783088
2022,CO2/CO/NOx,2022-11-24 03:00:00+01:00,1.1447456559239777
2022,CO2/CO/NOx,2022-11-24 04:00:00+01:00,1.250436103809703
2022,CO2/CO/NOx,2022-11-24 05:00:00+01:00,1.341783221221987
2022,CO2/CO/NOx,2022-11-24 06:00:00+01:00,1.4075962464152592
2022,CO2/CO/NOx,2022-11-24 07:00:00+01:00,1.4125758515749076
2022,CO2/CO/NOx,2022-11-24 08:00:00+01:00,1.3802057292967433
2022,CO2/CO/NOx,2022-11-24 09:00:00+01:00,1.3186604084881541
2022,CO2/CO/NOx,2022-11-24 10:00:00+01:00,1.2721776034581964
2022,CO2/CO/NOx,2022-11-24 11:00:00+01:00,1.2241025372844723
2022,CO2/CO/NOx,2022-11-24 12:00:00+01:00,1.196553516446572
2022,CO2/CO/NOx,2022-11-24 13:00:00+01:00,1.187878385707928
2022,CO2/CO/NOx,2022-11-24 14:00:00+01:00,1.189836646338026
2022,CO2/CO/NOx,2022-11-24 15:00:00+01:00,1.232334500944225
2022,CO2/CO/NOx,2022-11-24 16:00:00+01:00,1.2734734868800914
2022,CO2/CO/NOx,2022-11-24 17:00:00+01:00,1.3037996679298776
2022,CO2/CO/NOx,2022-11-24 18:00:00+01:00,1.3724385463811088
2022,CO2/CO/NOx,2022-11-24 19:00:00+01:00,1.392586385307602
2022,CO2/CO/NOx,2022-11-24 20:00:00+01:00,1.388651564684823
2022,CO2/CO/NOx,2022-11-24 21:00:00+01:00,1.363368956904446
2022,CO2/CO/NOx,2022-11-24 22:00:00+01:00,1.3323544328018109
2022,CO2/CO/NOx,2022-11-24 23:00:00+01:00,1.3020708609113933
2022,CO2/CO/NOx,2022-11-25 00:00:00+01:00,1.2879104632110796
2022,CO2/CO/NOx,2022-11-25 01:00:00+01:00,1.3118608471625315
2022,CO2/CO/NOx,2022-11-25 02:00:00+01:00,1.3641239236913996
2022,CO2/CO/NOx,2022-11-25 03:00:00+01:00,1.463108944126164
2022,CO2/CO/NOx,2022-11-25 04:00:00+01:00,1.5346437199814835
2022,CO2/CO/NOx,2022-11-25 05:00:00+01:00,1.6033967962835338
2022,CO2/CO/NOx,2022-11-25 06:00:00+01:00,1.6519517510966426
2022,CO2/CO/NOx,2022-11-25 07:00:00+01:00,1.6719573487793826
2022,CO2/CO/NOx,2022-11-25 08:00:00+01:00,1.6586961857036038
2022,CO2/CO/NOx,2022-11-25 09:00:00+01:00,1.5771775278609825
2022,CO2/CO/NOx,2022-11-25 10:00:00+01:00,1.479889853563761
2022,CO2/CO/NOx,2022-11-25 11:00:00+01:00,1.366897181332646
2022,CO2/CO/NOx,2022-11-25 12:00:00+01:00,1.2546728970832737
2022,CO2/CO/NOx,2022-11-25 13:00:00+01:00,1.163877252114188
2022,CO2/CO/NOx,2022-11-25 14:00:00+01:00,1.14360708064078
2022,CO2/CO/NOx,2022-11-25 15:00:00+01:00,1.1985407787175635
2022,CO2/CO/NOx,2022-11-25 16:00:00+01:00,1.278826937355588
2022,CO2/CO/NOx,2022-11-25 17:00:00+01:00,1.368907688086229
2022,CO2/CO/NOx,2022-11-25 18:00:00+01:00,1.4448982967402508
2022,CO2/CO/NOx,2022-11-25 19:00:00+01:00,1.4724860334339447
2022,CO2/CO/NOx,2022-11-25 20:00:00+01:00,1.4379248393812347
2022,CO2/CO/NOx,2022-11-25 21:00:00+01:00,1.3432371802252911
2022,CO2/CO/NOx,2022-11-25 22:00:00+01:00,1.2339430110756107
2022,CO2/CO/NOx,2022-11-25 23:00:00+01:00,1.1577345513907573
2022,CO2/CO/NOx,2022-11-26 00:00:00+01:00,1.0864063114619373
2022,CO2/CO/NOx,2022-11-26 01:00:00+01:00,1.0380966555341369
2022,CO2/CO/NOx,2022-11-26 02:00:00+01:00,1.0469609610000652
2022,CO2/CO/NOx,2022-11-26 03:00:00+01:00,1.12308771557068
2022,CO2/CO/NOx,2022-11-26 04:00:00+01:00,1.215826047053773
2022,CO2/CO/NOx,2022-11-26 05:00:00+01:00,1.3100699282577473
2022,CO2/CO/NOx,2022-11-26 06:00:00+01:00,1.3828115757645147
2022,CO2/CO/NOx,2022-11-26 07:00:00+01:00,1.4256245249160175
2022,CO2/CO/NOx,2022-11-26 08:00:00+01:00,1.4314657361384766
2022,CO2/CO/NOx,2022-11-26 09:00:00+01:00,1.399240192601252
2022,CO2/CO/NOx,2022-11-26 10:00:00+01:00,1.3506957395520816
2022,CO2/CO/NOx,2022-11-26 11:00:00+01:00,1.300056616222799
2022,CO2/CO/NOx,2022-11-26 12:00:00+01:00,1.2519635907710633
2022,CO2/CO/NOx,2022-11-26 13:00:00+01:00,1.2383673629785976
2022,CO2/CO/NOx,2022-11-26 14:00:00+01:00,1.2659056375971107
2022,CO2/CO/NOx,2022-11-26 15:00:00+01:00,1.32404114012413
2022,CO2/CO/NOx,2022-11-26 16:00:00+01:00,1.3787139727656772
2022,CO2/CO/NOx,2022-11-26 17:00:00+01:00,1.4434005351101895
2022,CO2/CO/NOx,2022-11-26 18:00:00+01:00,1.5243243854614879
2022,CO2/CO/NOx,2022-11-26 19:00:00+01:00,1.5529272848410272
2022,CO2/CO/NOx,2022-11-26 20:00:00+01:00,1.5445526790198771
2022,CO2/CO/NOx,2022-11-26 21:00:00+01:00,1.5009820924329438
2022,CO2/CO/NOx,2022-11-26 22:00:00+01:00,1.4582106452725239
2022,CO2/CO/NOx,2022-11-26 23:00:00+01:00,1.4290943491079524
2022,CO2/CO/NOx,2022-11-27 00:00:00+01:00,1.4047611258863515
2022,CO2/CO/NOx,2022-11-27 01:00:00+01:00,1.409187021713608
2022,CO2/CO/NOx,2022-11-27 02:00:00+01:00,1.4671907996748197
2022,CO2/CO/NOx,2022-11-27 03:00:00+01:00,1.5710769253690062
2022,CO2/CO/NOx,2022-11-27 04:00:00+01:00,1.669511454145531
2022,CO2/CO/NOx,2022-11-27 05:00:00+01:00,1.781674961060643
2022,CO2/CO/NOx,2022-11-27 06:00:00+01:00,1.8518365632386953
2022,CO2/CO/NOx,2022-11-27 07:00:00+01:00,1.8719389345109292
2022,CO2/CO/NOx,2022-11-27 08:00:00+01:00,1.8407380105694282
2022,CO2/CO/NOx,2022-11-27 09:00:00+01:00,1.7641668249736462
2022,CO2/CO/NOx,2022-11-27 10:00:00+01:00,1.7047093416238384
2022,CO2/CO/NOx,2022-11-27 11:00:00+01:00,1.6735064939447697
2022,CO2/CO/NOx,2022-11-27 12:00:00+01:00,1.6655447682201856
2022,CO2/CO/NOx,2022-11-27 13:00:00+01:00,1.697762950093991
2022,CO2/CO/NOx,2022-11-27 14:00:00+01:00,1.7638844969649745
2022,CO2/CO/NOx,2022-11-27 15:00:00+01:00,1.8308705672875614
2022,CO2/CO/NOx,2022-11-27 16:00:00+01:00,1.8826893915738663
2022,CO2/CO/NOx,2022-11-27 17:00:00+01:00,1.9028789926575882
2022,CO2/CO/NOx,2022-11-27 18:00:00+01:00,1.9117378901951496
2022,CO2/CO/NOx,2022-11-27 19:00:00+01:00,1.8818007658098999
2022,CO2/CO/NOx,2022-11-27 20:00:00+01:00,1.8297768836419708
2022,CO2/CO/NOx,2022-11-27 21:00:00+01:00,1.7644051764075042
2022,CO2/CO/NOx,2022-11-27 22:00:00+01:00,1.7136531926640572
2022,CO2/CO/NOx,2022-11-27 23:00:00+01:00,1.6791906704203767
2022,CO2/CO/NOx,2022-11-28 00:00:00+01:00,1.6533946448221848
2022,CO2/CO/NOx,2022-11-28 01:00:00+01:00,1.6778581826646815
2022,CO2/CO/NOx,2022-11-28 02:00:00+01:00,1.7352218328798839
2022,CO2/CO/NOx,2022-11-28 03:00:00+01:00,1.8258645979228136
2022,CO2/CO/NOx,2022-11-28 04:00:00+01:00,1.8964110190305143
2022,CO2/CO/NOx,2022-11-28 05:00:00+01:00,1.9483942142731054
2022,CO2/CO/NOx,2022-11-28 06:00:00+01:00,1.9904220395545884
2022,CO2/CO/NOx,2022-11-28 07:00:00+01:00,1.995505512575786
2022,CO2/CO/NOx,2022-11-28 08:00:00+01:00,1.9548991987193793
2022,CO2/CO/NOx,2022-11-28 09:00:00+01:00,1.8743431189938335
2022,CO2/CO/NOx,2022-11-28 10:00:00+01:00,1.809022581524291
2022,CO2/CO/NOx,2022-11-28 11:00:00+01:00,1.7473818405531398
2022,CO2/CO/NOx,2022-11-28 12:00:00+01:00,1.7027218901981147
2022,CO2/CO/NOx,2022-11-28 13:00:00+01:00,1.6732343118241648
2022,CO2/CO/NOx,2022-11-28 14:00:00+01:00,1.6498244919446525
2022,CO2/CO/NOx,2022-11-28 15:00:00+01:00,1.6681964494288837
2022,CO2/CO/NOx,2022-11-28 16:00:00+01:00,1.6829250453445708
2022,CO2/CO/NOx,2022-11-28 17:00:00+01:00,1.7005148622964883
2022,CO2/CO/NOx,2022-11-28 18:00:00+01:00,1.7263744879840819
2022,CO2/CO/NOx,2022-11-28 19:00:00+01:00,1.7084619218909074
2022,CO2/CO/NOx,2022-11-28 20:00:00+01:00,1.6466135136692128
2022,CO2/CO/NOx,2022-11-28 21:00:00+01:00,1.5599199172011025
2022,CO2/CO/NOx,2022-11-28 22:00:00+01:00,1.4514717605912222
2022,CO2/CO/NOx,2022-11-28 23:00:00+01:00,1.3448717521161604
2022,CO2/CO/NOx,2022-11-29 00:00:00+01:00,1.2593015683085924
2022,CO2/CO/NOx,2022-11-29 01:00:00+01:00,1.2340131712040106
2022,CO2/CO/NOx,2022-11-29 02:00:00+01:00,1.270181262045212
2022,CO2/CO/NOx,2022-11-29 03:00:00+01:00,1.3474470149441935
2022,CO2/CO/NOx,2022-11-29 04:00:00+01:00,1.4261745098242498
2022,CO2/CO/NOx,2022-11-29 05:00:00+01:00,1.500407286549941
2022,CO2/CO/NOx,2022-11-29 06:00:00+01:00,1.5731141360172805
2022,CO2/CO/NOx,2022-11-29 07:00:00+01:00,1.61929898900987
2022,CO2/CO/NOx,2022-11-29 08:00:00+01:00,1.6212615957081602
2022,CO2/CO/NOx,2022-11-29 09:00:00+01:00,1.5734539061736446
2022,CO2/CO/NOx,2022-11-29 10:00:00+01:00,1.532364419202475
2022,CO2/CO/NOx,2022-11-29 11:00:00+01:00,1.4854567587053014
2022,CO2/CO/NOx,2022-11-29 12:00:00+01:00,1.4355567023158495
2022,CO2/CO/NOx,2022-11-29 13:00:00+01:00,1.4024445724257175
2022,CO2/CO/NOx,2022-11-29 14:00:00+01:00,1.3934830559256033
2022,CO2/CO/NOx,2022-11-29 15:00:00+01:00,1.425516484764179
2022,CO2/CO/NOx,2022-11-29 16:00:00+01:00,1.4619347000670195
2022,CO2/CO/NOx,2022-11-29 17:00:00+01:00,1.4797607675309241
2022,CO2/CO/NOx,2022-11-29 18:00:00+01:00,1.5091659133437487
2022,CO2/CO/NOx,2022-11-29 19:00:00+01:00,1.520644739624591
2022,CO2/CO/NOx,2022-11-29 20:00:00+01:00,1.50976743031017
2022,CO2/CO/NOx,2022-11-29 21:00:00+01:00,1.4816839694749915
2022,CO2/CO/NOx,2022-11-29 22:00:00+01:00,1.4464768408643998
2022,CO2/CO/NOx,2022-11-29 23:00:00+01:00,1.4137161002248624
2022,CO2/CO/NOx,2022-11-30 00:00:00+01:00,1.3787979607470773
2022,CO2/CO/NOx,2022-11-30 01:00:00+01:00,1.3696886691242016
2022,CO2/CO/NOx,2022-11-30 02:00:00+01:00,1.3965115128523058
2022,CO2/CO/NOx,2022-11-30 03:00:00+01:00,1.469889257136376
2022,CO2/CO/NOx,2022-11-30 04:00:00+01:00,1.538645926206092
2022,CO2/CO/NOx,2022-11-30 05:00:00+01:00,1.6025522331871345
2022,CO2/CO/NOx,2022-11-30 06:00:00+01:00,1.6600224902980352
2022,CO2/CO/NOx,2022-11-30 07:00:00+01:00,1.691243469785799
2022,CO2/CO/NOx,2022-11-30 08:00:00+01:00,1.6981567554197394
2022,CO2/CO/NOx,2022-11-30 09:00:00+01:00,1.6768387739783317
2022,CO2/CO/NOx,2022-11-30 10:00:00+01:00,1.672019115654215
2022,CO2/CO/NOx,2022-11-30 11:00:00+01:00,1.6692062255398659
2022,CO2/CO/NOx,2022-11-30 12:00:00+01:00,1.6635518908989129
2022,CO2/CO/NOx,2022-11-30 13:00:00+01:00,1.6703882909509287
2022,CO2/CO/NOx,2022-11-30 14:00:00+01:00,1.6909956913604427
2022,CO2/CO/NOx,2022-11-30 15:00:00+01:00,1.7274513613299163
2022,CO2/CO/NOx,2022-11-30 16:00:00+01:00,1.7558814727095176
2022,CO2/CO/NOx,2022-11-30 17:00:00+01:00,1.7775413693573558
2022,CO2/CO/NOx,2022-11-30 18:00:00+01:00,1.8008390692641327
2022,CO2/CO/NOx,2022-11-30 19:00:00+01:00,1.7810196796666535
2022,CO2/CO/NOx,2022-11-30 20:00:00+01:00,1.741671565505897
2022,CO2/CO/NOx,2022-11-30 21:00:00+01:00,1.6965782315874243
2022,CO2/CO/NOx,2022-11-30 22:00:00+01:00,1.6611630017920056
2022,CO2/CO/NOx,2022-11-30 23:00:00+01:00,1.636632386416028
2022,CO2/CO/NOx,2022-12-01 00:00:00+01:00,1.60353012516687
2022,CO2/CO/NOx,2022-12-01 01:00:00+01:00,1.6218667059282197
2022,CO2/CO/NOx,2022-12-01 02:00:00+01:00,1.6875613329886698
2022,CO2/CO/NOx,2022-12-01 03:00:00+01:00,1.7811152851734684
2022,CO2/CO/NOx,2022-12-01 04:00:00+01:00,1.8631522898546136
2022,CO2/CO/NOx,2022-12-01 05:00:00+01:00,1.9564036757505248
2022,CO2/CO/NOx,2022-12-01 06:00:00+01:00,2.049587185084771
2022,CO2/CO/NOx,2022-12-01 07:00:00+01:00,2.09721262523769
2022,CO2/CO/NOx,2022-12-01 08:00:00+01:00,2.088874672884835
2022,CO2/CO/NOx,2022-12-01 09:00:00+01:00,2.0263528650922478
2022,CO2/CO/NOx,2022-12-01 10:00:00+01:00,1.9875609144579705
2022,CO2/CO/NOx,2022-12-01 11:00:00+01:00,1.9466322776912415
2022,CO2/CO/NOx,2022-12-01 12:00:00+01:00,1.9071697762279913
2022,CO2/CO/NOx,2022-12-01 13:00:00+01:00,1.892654976009875
2022,CO2/CO/NOx,2022-12-01 14:00:00+01:00,1.9019559514734152
2022,CO2/CO/NOx,2022-12-01 15:00:00+01:00,1.9360786807159205
2022,CO2/CO/NOx,2022-12-01 16:00:00+01:00,1.9493668881418145
2022,CO2/CO/NOx,2022-12-01 17:00:00+01:00,1.9521966556934043
2022,CO2/CO/NOx,2022-12-01 18:00:00+01:00,1.9696549969922008
2022,CO2/CO/NOx,2022-12-01 19:00:00+01:00,1.9498983753841468
2022,CO2/CO/NOx,2022-12-01 20:00:00+01:00,1.8940127738352333
2022,CO2/CO/NOx,2022-12-01 21:00:00+01:00,1.8215199111921876
2022,CO2/CO/NOx,2022-12-01 22:00:00+01:00,1.7425021011360038
2022,CO2/CO/NOx,2022-12-01 23:00:00+01:00,1.671672007773145
2022,CO2/CO/NOx,2022-12-02 00:00:00+01:00,1.5962890392958144
2022,CO2/CO/NOx,2022-12-02 01:00:00+01:00,1.570407303129408
2022,CO2/CO/NOx,2022-12-02 02:00:00+01:00,1.5996178766202214
2022,CO2/CO/NOx,2022-12-02 03:00:00+01:00,1.6766459587573224
2022,CO2/CO/NOx,2022-12-02 04:00:00+01:00,1.7524312467276322
2022,CO2/CO/NOx,2022-12-02 05:00:00+01:00,1.8320383851768327
2022,CO2/CO/NOx,2022-12-02 06:00:00+01:00,1.911451834718168
2022,CO2/CO/NOx,2022-12-02 07:00:00+01:00,1.960467966856073
2022,CO2/CO/NOx,2022-12-02 08:00:00+01:00,1.9735273037310224
2022,CO2/CO/NOx,2022-12-02 09:00:00+01:00,1.9465764368442078
2022,CO2/CO/NOx,2022-12-02 10:00:00+01:00,1.9391470026301867
2022,CO2/CO/NOx,2022-12-02 11:00:00+01:00,1.9253023693455897
2022,CO2/CO/NOx,2022-12-02 12:00:00+01:00,1.9024277371843312
2022,CO2/CO/NOx,2022-12-02 13:00:00+01:00,1.9001005034035652
2022,CO2/CO/NOx,2022-12-02 14:00:00+01:00,1.9105723598912712
2022,CO2/CO/NOx,2022-12-02 15:00:00+01:00,1.94194939677083
2022,CO2/CO/NOx,2022-12-02 16:00:00+01:00,1.9510911447647894
2022,CO2/CO/NOx,2022-12-02 17:00:00+01:00,1.9516503945044386
2022,CO2/CO/NOx,2022-12-02 18:00:00+01:00,1.9832544698524128
2022,CO2/CO/NOx,2022-12-02 19:00:00+01:00,1.9672981217730574
2022,CO2/CO/NOx,2022-12-02 20:00:00+01:00,1.91646422449497
2022,CO2/CO/NOx,2022-12-02 21:00:00+01:00,1.8433946447247522
2022,CO2/CO/NOx,2022-12-02 22:00:00+01:00,1.7636276076093733
2022,CO2/CO/NOx,2022-12-02 23:00:00+01:00,1.6886946403774241
2022,CO2/CO/NOx,2022-12-03 00:00:00+01:00,1.631931618984185
2022,CO2/CO/NOx,2022-12-03 01:00:00+01:00,1.611946680620331
2022,CO2/CO/NOx,2022-12-03 02:00:00+01:00,1.655435879905378
2022,CO2/CO/NOx,2022-12-03 03:00:00+01:00,1.7611590539386792
2022,CO2/CO/NOx,2022-12-03 04:00:00+01:00,1.8508462009594147
2022,CO2/CO/NOx,2022-12-03 05:00:00+01:00,1.9433962803925657
2022,CO2/CO/NOx,2022-12-03 06:00:00+01:00,2.0240472861717906
2022,CO2/CO/NOx,2022-12-03 07:00:00+01:00,2.064136315647247
2022,CO2/CO/NOx,2022-12-03 08:00:00+01:00,2.0628505475283214
2022,CO2/CO/NOx,2022-12-03 09:00:00+01:00,2.0307199449656297
2022,CO2/CO/NOx,2022-12-03 10:00:00+01:00,2.0006350615081163
2022,CO2/CO/NOx,2022-12-03 11:00:00+01:00,1.9644529712755494
2022,CO2/CO/NOx,2022-12-03 12:00:00+01:00,1.937998368613002
2022,CO2/CO/NOx,2022-12-03 13:00:00+01:00,1.9301091245443385
2022,CO2/CO/NOx,2022-12-03 14:00:00+01:00,1.9599160377665985
2022,CO2/CO/NOx,2022-12-03 15:00:00+01:00,2.016907431960745
2022,CO2/CO/NOx,2022-12-03 16:00:00+01:00,2.058568662353612
2022,CO2/CO/NOx,2022-12-03 17:00:00+01:00,2.0904512238949637
2022,CO2/CO/NOx,2022-12-03 18:00:00+01:00,2.1244787307543183
2022,CO2/CO/NOx,2022-12-03 19:00:00+01:00,2.113310233359032
2022,CO2/CO/NOx,2022-12-03 20:00:00+01:00,2.0644155440188343
2022,CO2/CO/NOx,2022-12-03 21:00:00+01:00,1.997211232307913
2022,CO2/CO/NOx,2022-12-03 22:00:00+01:00,1.9235197136581306
2022,CO2/CO/NOx,2022-12-03 23:00:00+01:00,1.8737292522587814
2022,CO2/CO/NOx,2022-12-04 00:00:00+01:00,1.8193324853094428
2022,CO2/CO/NOx,2022-12-04 01:00:00+01:00,1.7986861217943397
2022,CO2/CO/NOx,2022-12-04 02:00:00+01:00,1.8240943839492607
2022,CO2/CO/NOx,2022-12-04 03:00:00+01:00,1.8847205559966826
2022,CO2/CO/NOx,2022-12-04 04:00:00+01:00,1.951604279285759
2022,CO2/CO/NOx,2022-12-04 05:00:00+01:00,2.0079731876959475
2022,CO2/CO/NOx,2022-12-04 06:00:00+01:00,2.0439007033051526
2022,CO2/CO/NOx,2022-12-04 07:00:00+01:00,2.057142938940856
2022,CO2/CO/NOx,2022-12-04 08:00:00+01:00,2.0416371221750578
2022,CO2/CO/NOx,2022-12-04 09:00:00+01:00,1.99665684903015
2022,CO2/CO/NOx,2022-12-04 10:00:00+01:00,1.965580686871583
2022,CO2/CO/NOx,2022-12-04 11:00:00+01:00,1.9306823763924972
2022,CO2/CO/NOx,2022-12-04 12:00:00+01:00,1.8926559937378158
2022,CO2/CO/NOx,2022-12-04 13:00:00+01:00,1.8864408593073767
2022,CO2/CO/NOx,2022-12-04 14:00:00+01:00,1.880626759949993
2022,CO2/CO/NOx,2022-12-04 15:00:00+01:00,1.896499742834031
2022,CO2/CO/NOx,2022-12-04 16:00:00+01:00,1.9094269633108283
2022,CO2/CO/NOx,2022-12-04 17:00:00+01:00,1.9203490367086944
2022,CO2/CO/NOx,2022-12-04 18:00:00+01:00,1.9556689943466945
2022,CO2/CO/NOx,2022-12-04 19:00:00+01:00,1.9413033128702666
2022,CO2/CO/NOx,2022-12-04 20:00:00+01:00,1.8963653824258624
2022,CO2/CO/NOx,2022-12-04 21:00:00+01:00,1.830634384121733
2022,CO2/CO/NOx,2022-12-04 22:00:00+01:00,1.7682105477852699
2022,CO2/CO/NOx,2022-12-04 23:00:00+01:00,1.720864695970111
2022,CO2/CO/NOx,2022-12-05 00:00:00+01:00,1.6673943294999038
2022,CO2/CO/NOx,2022-12-05 01:00:00+01:00,1.6705608114773773
2022,CO2/CO/NOx,2022-12-05 02:00:00+01:00,1.72507395834073
2022,CO2/CO/NOx,2022-12-05 03:00:00+01:00,1.8238588493280135
2022,CO2/CO/NOx,2022-12-05 04:00:00+01:00,1.8985595844498904
2022,CO2/CO/NOx,2022-12-05 05:00:00+01:00,1.9719118388522554
2022,CO2/CO/NOx,2022-12-05 06:00:00+01:00,2.037297714288379
2022,CO2/CO/NOx,2022-12-05 07:00:00+01:00,2.0649240347591546
2022,CO2/CO/NOx,2022-12-05 08:00:00+01:00,2.057093396478125
2022,CO2/CO/NOx,2022-12-05 09:00:00+01:00,2.0004338298922604
2022,CO2/CO/NOx,2022-12-05 10:00:00+01:00,1.9751888637374306
2022,CO2/CO/NOx,2022-12-05 11:00:00+01:00,1.9497855414060403
2022,CO2/CO/NOx,2022-12-05 12:00:00+01:00,1.9146769362843727
2022,CO2/CO/NOx,2022-12-05 13:00:00+01:00,1.8965225318963128
2022,CO2/CO/NOx,2022-12-05 14:00:00+01:00,1.8939691750785803
2022,CO2/CO/NOx,2022-12-05 15:00:00+01:00,1.9171587638758945
2022,CO2/CO/NOx,2022-12-05 16:00:00+01:00,1.9330925079826045
2022,CO2/CO/NOx,2022-12-05 17:00:00+01:00,1.9401396494994039
2022,CO2/CO/NOx,2022-12-05 18:00:00+01:00,1.9570912898424
2022,CO2/CO/NOx,2022-12-05 19:00:00+01:00,1.928800236851804
2022,CO2/CO/NOx,2022-12-05 20:00:00+01:00,1.8760949712776025
2022,CO2/CO/NOx,2022-12-05 21:00:00+01:00,1.7952970834697233
2022,CO2/CO/NOx,2022-12-05 22:00:00+01:00,1.7186441597206483
2022,CO2/CO/NOx,2022-12-05 23:00:00+01:00,1.6478633896966821
2022,CO2/CO/NOx,2022-12-06 00:00:00+01:00,1.5682411748774245
2022,CO2/CO/NOx,2022-12-06 01:00:00+01:00,1.5499258704478516
2022,CO2/CO/NOx,2022-12-06 02:00:00+01:00,1.5963964272469473
2022,CO2/CO/NOx,2022-12-06 03:00:00+01:00,1.6970017754320856
2022,CO2/CO/NOx,2022-12-06 04:00:00+01:00,1.7988649605229896
2022,CO2/CO/NOx,2022-12-06 05:00:00+01:00,1.9150891857708028
2022,CO2/CO/NOx,2022-12-06 06:00:00+01:00,2.010979671365558
2022,CO2/CO/NOx,2022-12-06 07:00:00+01:00,2.0601631307793205
2022,CO2/CO/NOx,2022-12-06 08:00:00+01:00,2.0480327529423623
2022,CO2/CO/NOx,2022-12-06 09:00:00+01:00,1.978072966831115
2022,CO2/CO/NOx,2022-12-06 10:00:00+01:00,1.9334077107781955
2022,CO2/CO/NOx,2022-12-06 11:00:00+01:00,1.8946068981041158
2022,CO2/CO/NOx,2022-12-06 12:00:00+01:00,1.8573855346531813
2022,CO2/CO/NOx,2022-12-06 13:00:00+01:00,1.8552510088995875
2022,CO2/CO/NOx,2022-12-06 14:00:00+01:00,1.8737060474275011
2022,CO2/CO/NOx,2022-12-06 15:00:00+01:00,1.8981766116010637
2022,CO2/CO/NOx,2022-12-06 16:00:00+01:00,1.9113469898530437
2022,CO2/CO/NOx,2022-12-06 17:00:00+01:00,1.917469820068033
2022,CO2/CO/NOx,2022-12-06 18:00:00+01:00,1.9431041991507656
2022,CO2/CO/NOx,2022-12-06 19:00:00+01:00,1.926386203971389
2022,CO2/CO/NOx,2022-12-06 20:00:00+01:00,1.8771988279904077
2022,CO2/CO/NOx,2022-12-06 21:00:00+01:00,1.8062588138347948
2022,CO2/CO/NOx,2022-12-06 22:00:00+01:00,1.737718280836503
2022,CO2/CO/NOx,2022-12-06 23:00:00+01:00,1.6714210094323234
2022,CO2/CO/NOx,2022-12-07 00:00:00+01:00,1.5884946415908443
2022,CO2/CO/NOx,2022-12-07 01:00:00+01:00,1.567083126141881
2022,CO2/CO/NOx,2022-12-07 02:00:00+01:00,1.604230682394902
2022,CO2/CO/NOx,2022-12-07 03:00:00+01:00,1.6944263763184884
2022,CO2/CO/NOx,2022-12-07 04:00:00+01:00,1.7819596392872943
2022,CO2/CO/NOx,2022-12-07 05:00:00+01:00,1.873512324436892
2022,CO2/CO/NOx,2022-12-07 06:00:00+01:00,1.9619506110540001
2022,CO2/CO/NOx,2022-12-07 07:00:00+01:00,2.014045827592401
2022,CO2/CO/NOx,2022-12-07 08:00:00+01:00,2.013411391607373
2022,CO2/CO/NOx,2022-12-07 09:00:00+01:00,1.954298560588499
2022,CO2/CO/NOx,2022-12-07 10:00:00+01:00,1.9210613407996469
2022,CO2/CO/NOx,2022-12-07 11:00:00+01:00,1.8842869162301685
2022,CO2/CO/NOx,2022-12-07 12:00:00+01:00,1.852502091733984
2022,CO2/CO/NOx,2022-12-07 13:00:00+01:00,1.8415576960262607
2022,CO2/CO/NOx,2022-12-07 14:00:00+01:00,1.8583935865253634
2022,CO2/CO/NOx,2022-12-07 15:00:00+01:00,1.9056475856160773
2022,CO2/CO/NOx,2022-12-07 16:00:00+01:00,1.9397911863615698
2022,CO2/CO/NOx,2022-12-07 17:00:00+01:00,1.9654737209048814
2022,CO2/CO/NOx,2022-12-07 18:00:00+01:00,2.0115953656071173
2022,CO2/CO/NOx,2022-12-07 19:00:00+01:00,2.006677353710037
2022,CO2/CO/NOx,2022-12-07 20:00:00+01:00,1.9537728788882855
2022,CO2/CO/NOx,2022-12-07 21:00:00+01:00,1.8723060478957323
2022,CO2/CO/NOx,2022-12-07 22:00:00+01:00,1.7787072859155633
2022,CO2/CO/NOx,2022-12-07 23:00:00+01:00,1.700166486126585
2022,CO2/CO/NOx,2022-12-08 00:00:00+01:00,1.6145377839152617
2022,CO2/CO/NOx,2022-12-08 01:00:00+01:00,1.5974725043737161
2022,CO2/CO/NOx,2022-12-08 02:00:00+01:00,1.6561386826180047
2022,CO2/CO/NOx,2022-12-08 03:00:00+01:00,1.7742371734756512
2022,CO2/CO/NOx,2022-12-08 04:00:00+01:00,1.8813417055211326
2022,CO2/CO/NOx,2022-12-08 05:00:00+01:00,1.9899778470567584
2022,CO2/CO/NOx,2022-12-08 06:00:00+01:00,2.0963114619790097
2022,CO2/CO/NOx,2022-12-08 07:00:00+01:00,2.1450003631186108
2022,CO2/CO/NOx,2022-12-08 08:00:00+01:00,2.1323171001461803
2022,CO2/CO/NOx,2022-12-08 09:00:00+01:00,2.058073667505127
2022,CO2/CO/NOx,2022-12-08 10:00:00+01:00,2.0080291007542064
2022,CO2/CO/NOx,2022-12-08 11:00:00+01:00,1.9542105435153492
2022,CO2/CO/NOx,2022-12-08 12:00:00+01:00,1.8898013228843658
2022,CO2/CO/NOx,2022-12-08 13:00:00+01:00,1.868538432521368
2022,CO2/CO/NOx,2022-12-08 14:00:00+01:00,1.887269989706202
2022,CO2/CO/NOx,2022-12-08 15:00:00+01:00,1.9574203491157702
2022,CO2/CO/NOx,2022-12-08 16:00:00+01:00,2.0082432600068496
2022,CO2/CO/NOx,2022-12-08 17:00:00+01:00,2.0615202773004517
2022,CO2/CO/NOx,2022-12-08 18:00:00+01:00,2.135514323833578
2022,CO2/CO/NOx,2022-12-08 19:00:00+01:00,2.165328814687174
2022,CO2/CO/NOx,2022-12-08 20:00:00+01:00,2.1455273906285295
2022,CO2/CO/NOx,2022-12-08 21:00:00+01:00,2.0834058607965913
2022,CO2/CO/NOx,2022-12-08 22:00:00+01:00,2.0168685189448654
2022,CO2/CO/NOx,2022-12-08 23:00:00+01:00,1.95912059964347
2022,CO2/CO/NOx,2022-12-09 00:00:00+01:00,1.88631206479557
2022,CO2/CO/NOx,2022-12-09 01:00:00+01:00,1.8723289208310099
2022,CO2/CO/NOx,2022-12-09 02:00:00+01:00,1.9157668463953488
2022,CO2/CO/NOx,2022-12-09 03:00:00+01:00,2.0229898621816536
2022,CO2/CO/NOx,2022-12-09 04:00:00+01:00,2.1392820198813625
2022,CO2/CO/NOx,2022-12-09 05:00:00+01:00,2.2604666820796395
2022,CO2/CO/NOx,2022-12-09 06:00:00+01:00,2.3802623376132277
2022,CO2/CO/NOx,2022-12-09 07:00:00+01:00,2.464162348474638
2022,CO2/CO/NOx,2022-12-09 08:00:00+01:00,2.5123149765479424
2022,CO2/CO/NOx,2022-12-09 09:00:00+01:00,2.483714432514819
2022,CO2/CO/NOx,2022-12-09 10:00:00+01:00,2.465082882410841
2022,CO2/CO/NOx,2022-12-09 11:00:00+01:00,2.4055459302273143
2022,CO2/CO/NOx,2022-12-09 12:00:00+01:00,2.351541340277343
2022,CO2/CO/NOx,2022-12-09 13:00:00+01:00,2.334300576127022
2022,CO2/CO/NOx,2022-12-09 14:00:00+01:00,2.3318903591703353
2022,CO2/CO/NOx,2022-12-09 15:00:00+01:00,2.365793104779588
2022,CO2/CO/NOx,2022-12-09 16:00:00+01:00,2.3866253704522378
2022,CO2/CO/NOx,2022-12-09 17:00:00+01:00,2.391921957859943
2022,CO2/CO/NOx,2022-12-09 18:00:00+01:00,2.3862874866059123
2022,CO2/CO/NOx,2022-12-09 19:00:00+01:00,2.3281844311209237
2022,CO2/CO/NOx,2022-12-09 20:00:00+01:00,2.2132031661725016
2022,CO2/CO/NOx,2022-12-09 21:00:00+01:00,2.079700057587818
2022,CO2/CO/NOx,2022-12-09 22:00:00+01:00,1.9500212717881118
2022,CO2/CO/NOx,2022-12-09 23:00:00+01:00,1.8417071406153356
2022,CO2/CO/NOx,2022-12-10 00:00:00+01:00,1.7581274207264634
2022,CO2/CO/NOx,2022-12-10 01:00:00+01:00,1.7223403857851105
2022,CO2/CO/NOx,2022-12-10 02:00:00+01:00,1.7464225795245942
2022,CO2/CO/NOx,2022-12-10 03:00:00+01:00,1.829599359588009
2022,CO2/CO/NOx,2022-12-10 04:00:00+01:00,1.9231038594655094
2022,CO2/CO/NOx,2022-12-10 05:00:00+01:00,2.0070702484424534
2022,CO2/CO/NOx,2022-12-10 06:00:00+01:00,2.0789381546036645
2022,CO2/CO/NOx,2022-12-10 07:00:00+01:00,2.1223658220107953
2022,CO2/CO/NOx,2022-12-10 08:00:00+01:00,2.1450455512001576
2022,CO2/CO/NOx,2022-12-10 09:00:00+01:00,2.1186711839469052
2022,CO2/CO/NOx,2022-12-10 10:00:00+01:00,2.1065589932804825
2022,CO2/CO/NOx,2022-12-10 11:00:00+01:00,2.0926795054555445
2022,CO2/CO/NOx,2022-12-10 12:00:00+01:00,2.0737342905884715
2022,CO2/CO/NOx,2022-12-10 13:00:00+01:00,2.0740555853951625
2022,CO2/CO/NOx,2022-12-10 14:00:00+01:00,2.082782632076185
2022,CO2/CO/NOx,2022-12-10 15:00:00+01:00,2.1066132791312127
2022,CO2/CO/NOx,2022-12-10 16:00:00+01:00,2.117866758047028
2022,CO2/CO/NOx,2022-12-10 17:00:00+01:00,2.118371938919604
2022,CO2/CO/NOx,2022-12-10 18:00:00+01:00,2.1184783384126993
2022,CO2/CO/NOx,2022-12-10 19:00:00+01:00,2.0927899859096
2022,CO2/CO/NOx,2022-12-10 20:00:00+01:00,2.046556913636614
2022,CO2/CO/NOx,2022-12-10 21:00:00+01:00,1.9888929658506258
2022,CO2/CO/NOx,2022-12-10 22:00:00+01:00,1.9420293497005288
2022,CO2/CO/NOx,2022-12-10 23:00:00+01:00,1.9110267397991876
2022,CO2/CO/NOx,2022-12-11 00:00:00+01:00,1.873480758926572
2022,CO2/CO/NOx,2022-12-11 01:00:00+01:00,1.8661958775029917
2022,CO2/CO/NOx,2022-12-11 02:00:00+01:00,1.9073065430317886
2022,CO2/CO/NOx,2022-12-11 03:00:00+01:00,1.9879639524583568
2022,CO2/CO/NOx,2022-12-11 04:00:00+01:00,2.0638414497167754
2022,CO2/CO/NOx,2022-12-11 05:00:00+01:00,2.1358816478465
2022,CO2/CO/NOx,2022-12-11 06:00:00+01:00,2.1939609570407392
2022,CO2/CO/NOx,2022-12-11 07:00:00+01:00,2.2314018438862013
2022,CO2/CO/NOx,2022-12-11 08:00:00+01:00,2.239672948144365
2022,CO2/CO/NOx,2022-12-11 09:00:00+01:00,2.208486867530701
2022,CO2/CO/NOx,2022-12-11 10:00:00+01:00,2.1967371148322945
2022,CO2/CO/NOx,2022-12-11 11:00:00+01:00,2.179098848874928
2022,CO2/CO/NOx,2022-12-11 12:00:00+01:00,2.17964576245283
2022,CO2/CO/NOx,2022-12-11 13:00:00+01:00,2.2094361522882404
2022,CO2/CO/NOx,2022-12-11 14:00:00+01:00,2.2393723060444737
2022,CO2/CO/NOx,2022-12-11 15:00:00+01:00,2.2811724592914335
2022,CO2/CO/NOx,2022-12-11 16:00:00+01:00,2.292702630045702
2022,CO2/CO/NOx,2022-12-11 17:00:00+01:00,2.286538556161052
2022,CO2/CO/NOx,2022-12-11 18:00:00+01:00,2.288961936135104
2022,CO2/CO/NOx,2022-12-11 19:00:00+01:00,2.2319442613640783
2022,CO2/CO/NOx,2022-12-11 20:00:00+01:00,2.155824005665078
2022,CO2/CO/NOx,2022-12-11 21:00:00+01:00,2.1035654743179415
2022,CO2/CO/NOx,2022-12-11 22:00:00+01:00,2.0672614439182513
2022,CO2/CO/NOx,2022-12-11 23:00:00+01:00,2.0395340001453666
2022,CO2/CO/NOx,2022-12-12 00:00:00+01:00,2.0020445186505986
2022,CO2/CO/NOx,2022-12-12 01:00:00+01:00,1.9960862165081996
2022,CO2/CO/NOx,2022-12-12 02:00:00+01:00,2.0449470333422313
2022,CO2/CO/NOx,2022-12-12 03:00:00+01:00,2.135288371543171
2022,CO2/CO/NOx,2022-12-12 04:00:00+01:00,2.2184309630736734
2022,CO2/CO/NOx,2022-12-12 05:00:00+01:00,2.3422393558332457
2022,CO2/CO/NOx,2022-12-12 06:00:00+01:00,2.4780841822238737
2022,CO2/CO/NOx,2022-12-12 07:00:00+01:00,2.559165829065675
2022,CO2/CO/NOx,2022-12-12 08:00:00+01:00,2.565911461317907
2022,CO2/CO/NOx,2022-12-12 09:00:00+01:00,2.4987844599834714
2022,CO2/CO/NOx,2022-12-12 10:00:00+01:00,2.447766121996438
2022,CO2/CO/NOx,2022-12-12 11:00:00+01:00,2.405803523807478
2022,CO2/CO/NOx,2022-12-12 12:00:00+01:00,2.3720024225858927
2022,CO2/CO/NOx,2022-12-12 13:00:00+01:00,2.362425755482507
2022,CO2/CO/NOx,2022-12-12 14:00:00+01:00,2.427014711474716
2022,CO2/CO/NOx,2022-12-12 15:00:00+01:00,2.5093367066487327
2022,CO2/CO/NOx,2022-12-12 16:00:00+01:00,2.5269185229833067
2022,CO2/CO/NOx,2022-12-12 17:00:00+01:00,2.509154249653336
2022,CO2/CO/NOx,2022-12-12 18:00:00+01:00,2.5011461164201783
2022,CO2/CO/NOx,2022-12-12 19:00:00+01:00,2.442635693767661
2022,CO2/CO/NOx,2022-12-12 20:00:00+01:00,2.362078158241622
2022,CO2/CO/NOx,2022-12-12 21:00:00+01:00,2.2702849197582555
2022,CO2/CO/NOx,2022-12-12 22:00:00+01:00,2.1823826020892265
2022,CO2/CO/NOx,2022-12-12 23:00:00+01:00,2.149622028711491
2022,CO2/CO/NOx,2022-12-13 00:00:00+01:00,2.0934214267336735
2022,CO2/CO/NOx,2022-12-13 01:00:00+01:00,2.082222256703958
2022,CO2/CO/NOx,2022-12-13 02:00:00+01:00,2.138989130347153
2022,CO2/CO/NOx,2022-12-13 03:00:00+01:00,2.2392908436404513
2022,CO2/CO/NOx,2022-12-13 04:00:00+01:00,2.331131035572008
2022,CO2/CO/NOx,2022-12-13 05:00:00+01:00,2.427452498411549
2022,CO2/CO/NOx,2022-12-13 06:00:00+01:00,2.5363073183363323
2022,CO2/CO/NOx,2022-12-13 07:00:00+01:00,2.5962332064383618
2022,CO2/CO/NOx,2022-12-13 08:00:00+01:00,2.616682264884864
2022,CO2/CO/NOx,2022-12-13 09:00:00+01:00,2.582385296952623
2022,CO2/CO/NOx,2022-12-13 10:00:00+01:00,2.562398721130743
2022,CO2/CO/NOx,2022-12-13 11:00:00+01:00,2.5327113476944283
2022,CO2/CO/NOx,2022-12-13 12:00:00+01:00,2.4774819583354155
2022,CO2/CO/NOx,2022-12-13 13:00:00+01:00,2.4555058682821906
2022,CO2/CO/NOx,2022-12-13 14:00:00+01:00,2.447267788296266
2022,CO2/CO/NOx,2022-12-13 15:00:00+01:00,2.480741089711376
2022,CO2/CO/NOx,2022-12-13 16:00:00+01:00,2.4914699897095844
2022,CO2/CO/NOx,2022-12-13 17:00:00+01:00,2.5078576022946337
2022,CO2/CO/NOx,2022-12-13 18:00:00+01:00,2.532030339547144
2022,CO2/CO/NOx,2022-12-13 19:00:00+01:00,2.508166707652607
2022,CO2/CO/NOx,2022-12-13 20:00:00+01:00,2.4513144058231515
2022,CO2/CO/NOx,2022-12-13 21:00:00+01:00,2.3581905624804396
2022,CO2/CO/NOx,2022-12-13 22:00:00+01:00,2.2718807297572887
2022,CO2/CO/NOx,2022-12-13 23:00:00+01:00,2.1901097953180897
2022,CO2/CO/NOx,2022-12-14 00:00:00+01:00,2.1121457003332833
2022,CO2/CO/NOx,2022-12-14 01:00:00+01:00,2.1035707304125912
2022,CO2/CO/NOx,2022-12-14 02:00:00+01:00,2.158827398729365
2022,CO2/CO/NOx,2022-12-14 03:00:00+01:00,2.246769605690963
2022,CO2/CO/NOx,2022-12-14 04:00:00+01:00,2.336077346311782
2022,CO2/CO/NOx,2022-12-14 05:00:00+01:00,2.4275774067983966
2022,CO2/CO/NOx,2022-12-14 06:00:00+01:00,2.503293539851282
2022,CO2/CO/NOx,2022-12-14 07:00:00+01:00,2.529458240028892
2022,CO2/CO/NOx,2022-12-14 08:00:00+01:00,2.5172270849380594
2022,CO2/CO/NOx,2022-12-14 09:00:00+01:00,2.4663087362986977
2022,CO2/CO/NOx,2022-12-14 10:00:00+01:00,2.4446613584548262
2022,CO2/CO/NOx,2022-12-14 11:00:00+01:00,2.4350399602450707
2022,CO2/CO/NOx,2022-12-14 12:00:00+01:00,2.4335855782635103
2022,CO2/CO/NOx,2022-12-14 13:00:00+01:00,2.4617085524921847
2022,CO2/CO/NOx,2022-12-14 14:00:00+01:00,2.4844917438289036
2022,CO2/CO/NOx,2022-12-14 15:00:00+01:00,2.507579551983857
2022,CO2/CO/NOx,2022-12-14 16:00:00+01:00,2.4823357157956285
2022,CO2/CO/NOx,2022-12-14 17:00:00+01:00,2.453909773674407
2022,CO2/CO/NOx,2022-12-14 18:00:00+01:00,2.4387060441135606
2022,CO2/CO/NOx,2022-12-14 19:00:00+01:00,2.39005317105013
2022,CO2/CO/NOx,2022-12-14 20:00:00+01:00,2.3507102697836775
2022,CO2/CO/NOx,2022-12-14 21:00:00+01:00,2.3143384380713976
2022,CO2/CO/NOx,2022-12-14 22:00:00+01:00,2.2748447265836647
2022,CO2/CO/NOx,2022-12-14 23:00:00+01:00,2.2390228542534083
2022,CO2/CO/NOx,2022-12-15 00:00:00+01:00,2.1872744062029565
2022,CO2/CO/NOx,2022-12-15 01:00:00+01:00,2.1533740464301285
2022,CO2/CO/NOx,2022-12-15 02:00:00+01:00,2.165527719127851
2022,CO2/CO/NOx,2022-12-15 03:00:00+01:00,2.221705412714506
2022,CO2/CO/NOx,2022-12-15 04:00:00+01:00,2.2659063232463335
2022,CO2/CO/NOx,2022-12-15 05:00:00+01:00,2.320074556016769
2022,CO2/CO/NOx,2022-12-15 06:00:00+01:00,2.380552852194908
2022,CO2/CO/NOx,2022-12-15 07:00:00+01:00,2.4129275542121773
2022,CO2/CO/NOx,2022-12-15 08:00:00+01:00,2.4321073334420884
2022,CO2/CO/NOx,2022-12-15 09:00:00+01:00,2.42301872297562
2022,CO2/CO/NOx,2022-12-15 10:00:00+01:00,2.44470895328401
2022,CO2/CO/NOx,2022-12-15 11:00:00+01:00,2.470968951587779
2022,CO2/CO/NOx,2022-12-15 12:00:00+01:00,2.481600807593602
2022,CO2/CO/NOx,2022-12-15 13:00:00+01:00,2.488522368359351
2022,CO2/CO/NOx,2022-12-15 14:00:00+01:00,2.4938554457047086
2022,CO2/CO/NOx,2022-12-15 15:00:00+01:00,2.5158430368816282
2022,CO2/CO/NOx,2022-12-15 16:00:00+01:00,2.494660741437946
2022,CO2/CO/NOx,2022-12-15 17:00:00+01:00,2.465812371457967
2022,CO2/CO/NOx,2022-12-15 18:00:00+01:00,2.452555551603737
2022,CO2/CO/NOx,2022-12-15 19:00:00+01:00,2.41512438616973
2022,CO2/CO/NOx,2022-12-15 20:00:00+01:00,2.347495176526669
2022,CO2/CO/NOx,2022-12-15 21:00:00+01:00,2.2680721909923607
2022,CO2/CO/NOx,2022-12-15 22:00:00+01:00,2.19731405866116
2022,CO2/CO/NOx,2022-12-15 23:00:00+01:00,2.140708269994104
2022,CO2/CO/NOx,2022-12-16 00:00:00+01:00,2.0723706148738494
2022,CO2/CO/NOx,2022-12-16 01:00:00+01:00,2.0695268266599802
2022,CO2/CO/NOx,2022-12-16 02:00:00+01:00,2.122167818787689
2022,CO2/CO/NOx,2022-12-16 03:00:00+01:00,2.2072587331541955
2022,CO2/CO/NOx,2022-12-16 04:00:00+01:00,2.288426372563877
2022,CO2/CO/NOx,2022-12-16 05:00:00+01:00,2.3675960767099107
2022,CO2/CO/NOx,2022-12-16 06:00:00+01:00,2.456405188505657
2022,CO2/CO/NOx,2022-12-16 07:00:00+01:00,2.500817979603346
2022,CO2/CO/NOx,2022-12-16 08:00:00+01:00,2.490811018745187
2022,CO2/CO/NOx,2022-12-16 09:00:00+01:00,2.418448984010067
2022,CO2/CO/NOx,2022-12-16 10:00:00+01:00,2.4094640491982324
2022,CO2/CO/NOx,2022-12-16 11:00:00+01:00,2.396503809067463
2022,CO2/CO/NOx,2022-12-16 12:00:00+01:00,2.385961051157919
2022,CO2/CO/NOx,2022-12-16 13:00:00+01:00,2.420690871285818
2022,CO2/CO/NOx,2022-12-16 14:00:00+01:00,2.470639242208913
2022,CO2/CO/NOx,2022-12-16 15:00:00+01:00,2.530479806310032
2022,CO2/CO/NOx,2022-12-16 16:00:00+01:00,2.5386332115132766
2022,CO2/CO/NOx,2022-12-16 17:00:00+01:00,2.516473399425445
2022,CO2/CO/NOx,2022-12-16 18:00:00+01:00,2.4964775081099595
2022,CO2/CO/NOx,2022-12-16 19:00:00+01:00,2.4489327484741232
2022,CO2/CO/NOx,2022-12-16 20:00:00+01:00,2.356031339653971
2022,CO2/CO/NOx,2022-12-16 21:00:00+01:00,2.246425871021516
2022,CO2/CO/NOx,2022-12-16 22:00:00+01:00,2.1441838501528476
2022,CO2/CO/NOx,2022-12-16 23:00:00+01:00,2.0420270504086524
2022,CO2/CO/NOx,2022-12-17 00:00:00+01:00,1.9369794917107401
2022,CO2/CO/NOx,2022-12-17 01:00:00+01:00,1.8751794880593842
2022,CO2/CO/NOx,2022-12-17 02:00:00+01:00,1.8829683551504754
2022,CO2/CO/NOx,2022-12-17 03:00:00+01:00,1.9586754111402676
2022,CO2/CO/NOx,2022-12-17 04:00:00+01:00,2.0426189141667863
2022,CO2/CO/NOx,2022-12-17 05:00:00+01:00,2.1254014182436336
2022,CO2/CO/NOx,2022-12-17 06:00:00+01:00,2.213097255771459
2022,CO2/CO/NOx,2022-12-17 07:00:00+01:00,2.285203072749505
2022,CO2/CO/NOx,2022-12-17 08:00:00+01:00,2.3106486654590377
2022,CO2/CO/NOx,2022-12-17 09:00:00+01:00,2.285065892530854
2022,CO2/CO/NOx,2022-12-17 10:00:00+01:00,2.2644456400631596
2022,CO2/CO/NOx,2022-12-17 11:00:00+01:00,2.2391900849968422
2022,CO2/CO/NOx,2022-12-17 12:00:00+01:00,2.206175114305265
2022,CO2/CO/NOx,2022-12-17 13:00:00+01:00,2.1902269744419733
2022,CO2/CO/NOx,2022-12-17 14:00:00+01:00,2.1938365655724223
2022,CO2/CO/NOx,2022-12-17 15:00:00+01:00,2.2347701907466897
2022,CO2/CO/NOx,2022-12-17 16:00:00+01:00,2.2611311251243404
2022,CO2/CO/NOx,2022-12-17 17:00:00+01:00,2.261540832079629
2022,CO2/CO/NOx,2022-12-17 18:00:00+01:00,2.2672286729321276
2022,CO2/CO/NOx,2022-12-17 19:00:00+01:00,2.228333376623665
2022,CO2/CO/NOx,2022-12-17 20:00:00+01:00,2.172927659721584
2022,CO2/CO/NOx,2022-12-17 21:00:00+01:00,2.1059255955756133
2022,CO2/CO/NOx,2022-12-17 22:00:00+01:00,2.0429091429004584
2022,CO2/CO/NOx,2022-12-17 23:00:00+01:00,1.9942176855543672
2022,CO2/CO/NOx,2022-12-18 00:00:00+01:00,1.9464679046578748
2022,CO2/CO/NOx,2022-12-18 01:00:00+01:00,1.9251712418198268
2022,CO2/CO/NOx,2022-12-18 02:00:00+01:00,1.9479060884875636
2022,CO2/CO/NOx,2022-12-18 03:00:00+01:00,2.0089296781979025
2022,CO2/CO/NOx,2022-12-18 04:00:00+01:00,2.0693099943178788
2022,CO2/CO/NOx,2022-12-18 05:00:00+01:00,2.149455095908891
2022,CO2/CO/NOx,2022-12-18 06:00:00+01:00,2.2386041345643206
2022,CO2/CO/NOx,2022-12-18 07:00:00+01:00,2.3020073454071825
2022,CO2/CO/NOx,2022-12-18 08:00:00+01:00,2.330364569364655
2022,CO2/CO/NOx,2022-12-18 09:00:00+01:00,2.308536651961351
2022,CO2/CO/NOx,2022-12-18 10:00:00+01:00,2.289962808944174
2022,CO2/CO/NOx,2022-12-18 11:00:00+01:00,2.2576524994650793
2022,CO2/CO/NOx,2022-12-18 12:00:00+01:00,2.215232236781359
2022,CO2/CO/NOx,2022-12-18 13:00:00+01:00,2.20516148880676
2022,CO2/CO/NOx,2022-12-18 14:00:00+01:00,2.212647134403566
2022,CO2/CO/NOx,2022-12-18 15:00:00+01:00,2.2506434060408886
2022,CO2/CO/NOx,2022-12-18 16:00:00+01:00,2.270207977348009
2022,CO2/CO/NOx,2022-12-18 17:00:00+01:00,2.271870592518086
2022,CO2/CO/NOx,2022-12-18 18:00:00+01:00,2.280620559531522
2022,CO2/CO/NOx,2022-12-18 19:00:00+01:00,2.2391891490499645
2022,CO2/CO/NOx,2022-12-18 20:00:00+01:00,2.185264577400277
2022,CO2/CO/NOx,2022-12-18 21:00:00+01:00,2.13650331843306
2022,CO2/CO/NOx,2022-12-18 22:00:00+01:00,2.111555385639394
2022,CO2/CO/NOx,2022-12-18 23:00:00+01:00,2.102479830154758
2022,CO2/CO/NOx,2022-12-19 00:00:00+01:00,2.077103606210655
2022,CO2/CO/NOx,2022-12-19 01:00:00+01:00,2.094489336349155
2022,CO2/CO/NOx,2022-12-19 02:00:00+01:00,2.157120343000881
2022,CO2/CO/NOx,2022-12-19 03:00:00+01:00,2.2404908779939254
2022,CO2/CO/NOx,2022-12-19 04:00:00+01:00,2.2925957247721036
2022,CO2/CO/NOx,2022-12-19 05:00:00+01:00,2.366584201827263
2022,CO2/CO/NOx,2022-12-19 06:00:00+01:00,2.4366051774462463
2022,CO2/CO/NOx,2022-12-19 07:00:00+01:00,2.4736776800963325
2022,CO2/CO/NOx,2022-12-19 08:00:00+01:00,2.474979246139032
2022,CO2/CO/NOx,2022-12-19 09:00:00+01:00,2.410225781323679
2022,CO2/CO/NOx,2022-12-19 10:00:00+01:00,2.369857271669004
2022,CO2/CO/NOx,2022-12-19 11:00:00+01:00,2.3293056925988433
2022,CO2/CO/NOx,2022-12-19 12:00:00+01:00,2.285150389783107
2022,CO2/CO/NOx,2022-12-19 13:00:00+01:00,2.281228626118858
2022,CO2/CO/NOx,2022-12-19 14:00:00+01:00,2.304846309801069
2022,CO2/CO/NOx,2022-12-19 15:00:00+01:00,2.340635346868481
2022,CO2/CO/NOx,2022-12-19 16:00:00+01:00,2.350510523866319
2022,CO2/CO/NOx,2022-12-19 17:00:00+01:00,2.3624695542736722
2022,CO2/CO/NOx,2022-12-19 18:00:00+01:00,2.358681347429045
2022,CO2/CO/NOx,2022-12-19 19:00:00+01:00,2.3092842810063003
2022,CO2/CO/NOx,2022-12-19 20:00:00+01:00,2.241572249169733
2022,CO2/CO/NOx,2022-12-19 21:00:00+01:00,2.1724754501539913
2022,CO2/CO/NOx,2022-12-19 22:00:00+01:00,2.128776942489177
2022,CO2/CO/NOx,2022-12-19 23:00:00+01:00,2.088519881584447
2022,CO2/CO/NOx,2022-12-20 00:00:00+01:00,2.0289152321778765
2022,CO2/CO/NOx,2022-12-20 01:00:00+01:00,2.0043361064804865
2022,CO2/CO/NOx,2022-12-20 02:00:00+01:00,2.0067668092768955
2022,CO2/CO/NOx,2022-12-20 03:00:00+01:00,2.0074058385215645
2022,CO2/CO/NOx,2022-12-20 04:00:00+01:00,2.005238047272052
2022,CO2/CO/NOx,2022-12-20 05:00:00+01:00,2.0191209961191783
2022,CO2/CO/NOx,2022-12-20 06:00:00+01:00,2.0462464135072382
2022,CO2/CO/NOx,2022-12-20 07:00:00+01:00,2.056557140714429
2022,CO2/CO/NOx,2022-12-20 08:00:00+01:00,2.0383939661662667
2022,CO2/CO/NOx,2022-12-20 09:00:00+01:00,1.9769309610559707
2022,CO2/CO/NOx,2022-12-20 10:00:00+01:00,1.9381539670695245
2022,CO2/CO/NOx,2022-12-20 11:00:00+01:00,1.8790249231550364
2022,CO2/CO/NOx,2022-12-20 12:00:00+01:00,1.8194131857288103
2022,CO2/CO/NOx,2022-12-20 13:00:00+01:00,1.8081934820494554
2022,CO2/CO/NOx,2022-12-20 14:00:00+01:00,1.8302834456569468
2022,CO2/CO/NOx,2022-12-20 15:00:00+01:00,1.8834292425377785
2022,CO2/CO/NOx,2022-12-20 16:00:00+01:00,1.9198051656082833
2022,CO2/CO/NOx,2022-12-20 17:00:00+01:00,1.9414255963835487
2022,CO2/CO/NOx,2022-12-20 18:00:00+01:00,1.9634847113983755
2022,CO2/CO/NOx,2022-12-20 19:00:00+01:00,1.9272335198859063
2022,CO2/CO/NOx,2022-12-20 20:00:00+01:00,1.8648964846758034
2022,CO2/CO/NOx,2022-12-20 21:00:00+01:00,1.7705688670336563
2022,CO2/CO/NOx,2022-12-20 22:00:00+01:00,1.6876500171347057
2022,CO2/CO/NOx,2022-12-20 23:00:00+01:00,1.6116149443631436
2022,CO2/CO/NOx,2022-12-21 00:00:00+01:00,1.5311598429289874
2022,CO2/CO/NOx,2022-12-21 01:00:00+01:00,1.5016459422780613
2022,CO2/CO/NOx,2022-12-21 02:00:00+01:00,1.5330147861307897
2022,CO2/CO/NOx,2022-12-21 03:00:00+01:00,1.6143939833985048
2022,CO2/CO/NOx,2022-12-21 04:00:00+01:00,1.6902557040318755
2022,CO2/CO/NOx,2022-12-21 05:00:00+01:00,1.7859569545344842
2022,CO2/CO/NOx,2022-12-21 06:00:00+01:00,1.8547192629021758
2022,CO2/CO/NOx,2022-12-21 07:00:00+01:00,1.9087169701182596
2022,CO2/CO/NOx,2022-12-21 08:00:00+01:00,1.8735784282670995
2022,CO2/CO/NOx,2022-12-21 09:00:00+01:00,1.758193324532418
2022,CO2/CO/NOx,2022-12-21 10:00:00+01:00,1.6399878514383655
2022,CO2/CO/NOx,2022-12-21 11:00:00+01:00,1.5220515993983659
2022,CO2/CO/NOx,2022-12-21 12:00:00+01:00,1.4003192018651065
2022,CO2/CO/NOx,2022-12-21 13:00:00+01:00,1.3338620072845815
2022,CO2/CO/NOx,2022-12-21 14:00:00+01:00,1.3234144940021837
2022,CO2/CO/NOx,2022-12-21 15:00:00+01:00,1.359919544926127
2022,CO2/CO/NOx,2022-12-21 16:00:00+01:00,1.4285354624733502
2022,CO2/CO/NOx,2022-12-21 17:00:00+01:00,1.48551468849803
2022,CO2/CO/NOx,2022-12-21 18:00:00+01:00,1.5446003665929648
2022,CO2/CO/NOx,2022-12-21 19:00:00+01:00,1.5478816076016584
2022,CO2/CO/NOx,2022-12-21 20:00:00+01:00,1.5101801743655625
2022,CO2/CO/NOx,2022-12-21 21:00:00+01:00,1.4367186785007238
2022,CO2/CO/NOx,2022-12-21 22:00:00+01:00,1.3568181222256006
2022,CO2/CO/NOx,2022-12-21 23:00:00+01:00,1.2762871675743843
2022,CO2/CO/NOx,2022-12-22 00:00:00+01:00,1.1877632065272312
2022,CO2/CO/NOx,2022-12-22 01:00:00+01:00,1.1594581157086639
2022,CO2/CO/NOx,2022-12-22 02:00:00+01:00,1.1846741056218164
2022,CO2/CO/NOx,2022-12-22 03:00:00+01:00,1.2482250712292429
2022,CO2/CO/NOx,2022-12-22 04:00:00+01:00,1.3017964762737857
2022,CO2/CO/NOx,2022-12-22 05:00:00+01:00,1.353231064250737
2022,CO2/CO/NOx,2022-12-22 06:00:00+01:00,1.3987868256596916
2022,CO2/CO/NOx,2022-12-22 07:00:00+01:00,1.415717911936272
2022,CO2/CO/NOx,2022-12-22 08:00:00+01:00,1.401373784433455
2022,CO2/CO/NOx,2022-12-22 09:00:00+01:00,1.350684750795397
2022,CO2/CO/NOx,2022-12-22 10:00:00+01:00,1.3269396297287428
2022,CO2/CO/NOx,2022-12-22 11:00:00+01:00,1.2945770333060287
2022,CO2/CO/NOx,2022-12-22 12:00:00+01:00,1.2748878607561875
2022,CO2/CO/NOx,2022-12-22 13:00:00+01:00,1.2698890036408257
2022,CO2/CO/NOx,2022-12-22 14:00:00+01:00,1.2724281352395896
2022,CO2/CO/NOx,2022-12-22 15:00:00+01:00,1.2867413679166635
2022,CO2/CO/NOx,2022-12-22 16:00:00+01:00,1.3006533182703357
2022,CO2/CO/NOx,2022-12-22 17:00:00+01:00,1.3049053038787857
2022,CO2/CO/NOx,2022-12-22 18:00:00+01:00,1.311216347754592
2022,CO2/CO/NOx,2022-12-22 19:00:00+01:00,1.2791780132808197
2022,CO2/CO/NOx,2022-12-22 20:00:00+01:00,1.2225480657353789
2022,CO2/CO/NOx,2022-12-22 21:00:00+01:00,1.1591488644857821
2022,CO2/CO/NOx,2022-12-22 22:00:00+01:00,1.0942877055279367
2022,CO2/CO/NOx,2022-12-22 23:00:00+01:00,1.040219935173533
2022,CO2/CO/NOx,2022-12-23 00:00:00+01:00,0.9855680261499218
2022,CO2/CO/NOx,2022-12-23 01:00:00+01:00,0.9750414936992962
2022,CO2/CO/NOx,2022-12-23 02:00:00+01:00,0.9957710922048361
2022,CO2/CO/NOx,2022-12-23 03:00:00+01:00,1.0398617491194855
2022,CO2/CO/NOx,2022-12-23 04:00:00+01:00,1.086024969496146
2022,CO2/CO/NOx,2022-12-23 05:00:00+01:00,1.1559993025947242
2022,CO2/CO/NOx,2022-12-23 06:00:00+01:00,1.2212032988750858
2022,CO2/CO/NOx,2022-12-23 07:00:00+01:00,1.2600055906734386
2022,CO2/CO/NOx,2022-12-23 08:00:00+01:00,1.2782251484340295
2022,CO2/CO/NOx,2022-12-23 09:00:00+01:00,1.257931474370186
2022,CO2/CO/NOx,2022-12-23 10:00:00+01:00,1.2465664029814265
2022,CO2/CO/NOx,2022-12-23 11:00:00+01:00,1.2305516694114123
2022,CO2/CO/NOx,2022-12-23 12:00:00+01:00,1.2158102746881647
2022,CO2/CO/NOx,2022-12-23 13:00:00+01:00,1.217247695686753
2022,CO2/CO/NOx,2022-12-23 14:00:00+01:00,1.2310741830325111
2022,CO2/CO/NOx,2022-12-23 15:00:00+01:00,1.242236148505088
2022,CO2/CO/NOx,2022-12-23 16:00:00+01:00,1.2386575879923076
2022,CO2/CO/NOx,2022-12-23 17:00:00+01:00,1.2260989783604277
2022,CO2/CO/NOx,2022-12-23 18:00:00+01:00,1.2185895100965023
2022,CO2/CO/NOx,2022-12-23 19:00:00+01:00,1.1904117888050691
2022,CO2/CO/NOx,2022-12-23 20:00:00+01:00,1.1503484973805653
2022,CO2/CO/NOx,2022-12-23 21:00:00+01:00,1.1073163782425532
2022,CO2/CO/NOx,2022-12-23 22:00:00+01:00,1.0582645109060465
2022,CO2/CO/NOx,2022-12-23 23:00:00+01:00,1.0217707561288383
2022,CO2/CO/NOx,2022-12-24 00:00:00+01:00,0.9933977649588186
2022,CO2/CO/NOx,2022-12-24 01:00:00+01:00,0.9888581951402946
2022,CO2/CO/NOx,2022-12-24 02:00:00+01:00,1.0041055472486382
2022,CO2/CO/NOx,2022-12-24 03:00:00+01:00,1.0447988993326873
2022,CO2/CO/NOx,2022-12-24 04:00:00+01:00,1.0673921619062876
2022,CO2/CO/NOx,2022-12-24 05:00:00+01:00,1.0797995405929082
2022,CO2/CO/NOx,2022-12-24 06:00:00+01:00,1.094378604804421
2022,CO2/CO/NOx,2022-12-24 07:00:00+01:00,1.1081377683700606
2022,CO2/CO/NOx,2022-12-24 08:00:00+01:00,1.1164032323672837
2022,CO2/CO/NOx,2022-12-24 09:00:00+01:00,1.1119386229567543
2022,CO2/CO/NOx,2022-12-24 10:00:00+01:00,1.118610181365139
2022,CO2/CO/NOx,2022-12-24 11:00:00+01:00,1.1229215715519099
2022,CO2/CO/NOx,2022-12-24 12:00:00+01:00,1.1184899720474482
2022,CO2/CO/NOx,2022-12-24 13:00:00+01:00,1.120654639330084
2022,CO2/CO/NOx,2022-12-24 14:00:00+01:00,1.1308829424860292
2022,CO2/CO/NOx,2022-12-24 15:00:00+01:00,1.1630122636884528
2022,CO2/CO/NOx,2022-12-24 16:00:00+01:00,1.198648684354382
2022,CO2/CO/NOx,2022-12-24 17:00:00+01:00,1.2174337284206291
2022,CO2/CO/NOx,2022-12-24 18:00:00+01:00,1.2411081662376038
2022,CO2/CO/NOx,2022-12-24 19:00:00+01:00,1.2517402347247044
2022,CO2/CO/NOx,2022-12-24 20:00:00+01:00,1.2286350804034263
2022,CO2/CO/NOx,2022-12-24 21:00:00+01:00,1.190345049314303
2022,CO2/CO/NOx,2022-12-24 22:00:00+01:00,1.1524143666826983
2022,CO2/CO/NOx,2022-12-24 23:00:00+01:00,1.1241835904596367
2022,CO2/CO/NOx,2022-12-25 00:00:00+01:00,1.1029857165663959
2022,CO2/CO/NOx,2022-12-25 01:00:00+01:00,1.1071717156707244
2022,CO2/CO/NOx,2022-12-25 02:00:00+01:00,1.128473635969829
2022,CO2/CO/NOx,2022-12-25 03:00:00+01:00,1.1833587944965296
2022,CO2/CO/NOx,2022-12-25 04:00:00+01:00,1.2465849398175546
2022,CO2/CO/NOx,2022-12-25 05:00:00+01:00,1.2933562037959754
2022,CO2/CO/NOx,2022-12-25 06:00:00+01:00,1.3336184415997607
2022,CO2/CO/NOx,2022-12-25 07:00:00+01:00,1.3521777493749132
2022,CO2/CO/NOx,2022-12-25 08:00:00+01:00,1.344537037667872
2022,CO2/CO/NOx,2022-12-25 09:00:00+01:00,1.3060899082560629
2022,CO2/CO/NOx,2022-12-25 10:00:00+01:00,1.256898619761091
2022,CO2/CO/NOx,2022-12-25 11:00:00+01:00,1.189293826422771
2022,CO2/CO/NOx,2022-12-25 12:00:00+01:00,1.1172175791453138
2022,CO2/CO/NOx,2022-12-25 13:00:00+01:00,1.084097311100504
2022,CO2/CO/NOx,2022-12-25 14:00:00+01:00,1.0857779816745257
2022,CO2/CO/NOx,2022-12-25 15:00:00+01:00,1.1287741307548718
2022,CO2/CO/NOx,2022-12-25 16:00:00+01:00,1.1872970523776152
2022,CO2/CO/NOx,2022-12-25 17:00:00+01:00,1.2419229975290915
2022,CO2/CO/NOx,2022-12-25 18:00:00+01:00,1.295111758563247
2022,CO2/CO/NOx,2022-12-25 19:00:00+01:00,1.2891610679885668
2022,CO2/CO/NOx,2022-12-25 20:00:00+01:00,1.2256610377029866
2022,CO2/CO/NOx,2022-12-25 21:00:00+01:00,1.1259691919103325
2022,CO2/CO/NOx,2022-12-25 22:00:00+01:00,1.0303394190760098
2022,CO2/CO/NOx,2022-12-25 23:00:00+01:00,0.948530752107079
2022,CO2/CO/NOx,2022-12-26 00:00:00+01:00,0.8774279782961711
2022,CO2/CO/NOx,2022-12-26 01:00:00+01:00,0.862375400373555
2022,CO2/CO/NOx,2022-12-26 02:00:00+01:00,0.9164471789000351
2022,CO2/CO/NOx,2022-12-26 03:00:00+01:00,1.0242866358306282
2022,CO2/CO/NOx,2022-12-26 04:00:00+01:00,1.1282945717513786
2022,CO2/CO/NOx,2022-12-26 05:00:00+01:00,1.2219161994744951
2022,CO2/CO/NOx,2022-12-26 06:00:00+01:00,1.3014809876626616
2022,CO2/CO/NOx,2022-12-26 07:00:00+01:00,1.3434602083431453
2022,CO2/CO/NOx,2022-12-26 08:00:00+01:00,1.316788041545958
2022,CO2/CO/NOx,2022-12-26 09:00:00+01:00,1.229316757188026
2022,CO2/CO/NOx,2022-12-26 10:00:00+01:00,1.1659545896644463
2022,CO2/CO/NOx,2022-12-26 11:00:00+01:00,1.135290839677868
2022,CO2/CO/NOx,2022-12-26 12:00:00+01:00,1.1083034361700252
2022,CO2/CO/NOx,2022-12-26 13:00:00+01:00,1.1240322003752679
2022,CO2/CO/NOx,2022-12-26 14:00:00+01:00,1.172825141953924
2022,CO2/CO/NOx,2022-12-26 15:00:00+01:00,1.2589055297499643
2022,CO2/CO/NOx,2022-12-26 16:00:00+01:00,1.3303718548505135
2022,CO2/CO/NOx,2022-12-26 17:00:00+01:00,1.3577774149991237
2022,CO2/CO/NOx,2022-12-26 18:00:00+01:00,1.3652755338317804
2022,CO2/CO/NOx,2022-12-26 19:00:00+01:00,1.329116112365114
2022,CO2/CO/NOx,2022-12-26 20:00:00+01:00,1.2968734762189926
2022,CO2/CO/NOx,2022-12-26 21:00:00+01:00,1.2258544808229743
2022,CO2/CO/NOx,2022-12-26 22:00:00+01:00,1.173144220560501
2022,CO2/CO/NOx,2022-12-26 23:00:00+01:00,1.1395087585172012
2022,CO2/CO/NOx,2022-12-27 00:00:00+01:00,1.1111921353859109
2022,CO2/CO/NOx,2022-12-27 01:00:00+01:00,1.1193366604232027
2022,CO2/CO/NOx,2022-12-27 02:00:00+01:00,1.1706598195376239
2022,CO2/CO/NOx,2022-12-27 03:00:00+01:00,1.2583897471805405
2022,CO2/CO/NOx,2022-12-27 04:00:00+01:00,1.3526149959322344
2022,CO2/CO/NOx,2022-12-27 05:00:00+01:00,1.4903497574540192
2022,CO2/CO/NOx,2022-12-27 06:00:00+01:00,1.6022199330537132
2022,CO2/CO/NOx,2022-12-27 07:00:00+01:00,1.670215939094648
2022,CO2/CO/NOx,2022-12-27 08:00:00+01:00,1.6729949692481252
2022,CO2/CO/NOx,2022-12-27 09:00:00+01:00,1.585875643519425
2022,CO2/CO/NOx,2022-12-27 10:00:00+01:00,1.5041682587151877
2022,CO2/CO/NOx,2022-12-27 11:00:00+01:00,1.4320062648677783
2022,CO2/CO/NOx,2022-12-27 12:00:00+01:00,1.369363104739095
2022,CO2/CO/NOx,2022-12-27 13:00:00+01:00,1.375215692000072
2022,CO2/CO/NOx,2022-12-27 14:00:00+01:00,1.4442394261196114
2022,CO2/CO/NOx,2022-12-27 15:00:00+01:00,1.5363758535025889
2022,CO2/CO/NOx,2022-12-27 16:00:00+01:00,1.618655254624569
2022,CO2/CO/NOx,2022-12-27 17:00:00+01:00,1.6722119062000476
2022,CO2/CO/NOx,2022-12-27 18:00:00+01:00,1.7173985209688505
2022,CO2/CO/NOx,2022-12-27 19:00:00+01:00,1.7239824507168573
2022,CO2/CO/NOx,2022-12-27 20:00:00+01:00,1.694441492065205
2022,CO2/CO/NOx,2022-12-27 21:00:00+01:00,1.628803416870184
2022,CO2/CO/NOx,2022-12-27 22:00:00+01:00,1.5780227396804472
2022,CO2/CO/NOx,2022-12-27 23:00:00+01:00,1.5359638403251328
2022,CO2/CO/NOx,2022-12-28 00:00:00+01:00,1.4589294258689782
2022,CO2/CO/NOx,2022-12-28 01:00:00+01:00,1.4390188409219804
2022,CO2/CO/NOx,2022-12-28 02:00:00+01:00,1.4730171305676325
2022,CO2/CO/NOx,2022-12-28 03:00:00+01:00,1.5615893030758845
2022,CO2/CO/NOx,2022-12-28 04:00:00+01:00,1.6563557456705764
2022,CO2/CO/NOx,2022-12-28 05:00:00+01:00,1.7593909990947265
2022,CO2/CO/NOx,2022-12-28 06:00:00+01:00,1.860875769229328
2022,CO2/CO/NOx,2022-12-28 07:00:00+01:00,1.923865402897432
2022,CO2/CO/NOx,2022-12-28 08:00:00+01:00,1.9271466076597088
2022,CO2/CO/NOx,2022-12-28 09:00:00+01:00,1.869538877040069
2022,CO2/CO/NOx,2022-12-28 10:00:00+01:00,1.7900962651476864
2022,CO2/CO/NOx,2022-12-28 11:00:00+01:00,1.6736164607097956
2022,CO2/CO/NOx,2022-12-28 12:00:00+01:00,1.5397531779702702
2022,CO2/CO/NOx,2022-12-28 13:00:00+01:00,1.4327595696513191
2022,CO2/CO/NOx,2022-12-28 14:00:00+01:00,1.3796622045267288
2022,CO2/CO/NOx,2022-12-28 15:00:00+01:00,1.3947155698264213
2022,CO2/CO/NOx,2022-12-28 16:00:00+01:00,1.4298228269536621
2022,CO2/CO/NOx,2022-12-28 17:00:00+01:00,1.4845991348514023
2022,CO2/CO/NOx,2022-12-28 18:00:00+01:00,1.581381731977323
2022,CO2/CO/NOx,2022-12-28 19:00:00+01:00,1.6235253167301442
2022,CO2/CO/NOx,2022-12-28 20:00:00+01:00,1.6092860413522918
2022,CO2/CO/NOx,2022-12-28 21:00:00+01:00,1.5465525534207338
2022,CO2/CO/NOx,2022-12-28 22:00:00+01:00,1.4545447821462738
2022,CO2/CO/NOx,2022-12-28 23:00:00+01:00,1.3726926412148697
2022,CO2/CO/NOx,2022-12-29 00:00:00+01:00,1.2725075990777917
2022,CO2/CO/NOx,2022-12-29 01:00:00+01:00,1.2212599771935055
2022,CO2/CO/NOx,2022-12-29 02:00:00+01:00,1.2251787514034376
2022,CO2/CO/NOx,2022-12-29 03:00:00+01:00,1.287063975461882
2022,CO2/CO/NOx,2022-12-29 04:00:00+01:00,1.3671689330391863
2022,CO2/CO/NOx,2022-12-29 05:00:00+01:00,1.4647807667530346
2022,CO2/CO/NOx,2022-12-29 06:00:00+01:00,1.5488001387294952
2022,CO2/CO/NOx,2022-12-29 07:00:00+01:00,1.5805189677338964
2022,CO2/CO/NOx,2022-12-29 08:00:00+01:00,1.563060682943572
2022,CO2/CO/NOx,2022-12-29 09:00:00+01:00,1.4768584592465896
2022,CO2/CO/NOx,2022-12-29 10:00:00+01:00,1.403739957784006
2022,CO2/CO/NOx,2022-12-29 11:00:00+01:00,1.321339077979114
2022,CO2/CO/NOx,2022-12-29 12:00:00+01:00,1.2331065815117201
2022,CO2/CO/NOx,2022-12-29 13:00:00+01:00,1.1902082697750145
2022,CO2/CO/NOx,2022-12-29 14:00:00+01:00,1.2004637116995711
2022,CO2/CO/NOx,2022-12-29 15:00:00+01:00,1.235359273156477
2022,CO2/CO/NOx,2022-12-29 16:00:00+01:00,1.2672875508643457
2022,CO2/CO/NOx,2022-12-29 17:00:00+01:00,1.309340039462132
2022,CO2/CO/NOx,2022-12-29 18:00:00+01:00,1.3586797700030746
2022,CO2/CO/NOx,2022-12-29 19:00:00+01:00,1.3632872216069583
2022,CO2/CO/NOx,2022-12-29 20:00:00+01:00,1.324635652997847
2022,CO2/CO/NOx,2022-12-29 21:00:00+01:00,1.2383799081265583
2022,CO2/CO/NOx,2022-12-29 22:00:00+01:00,1.156008325251061
2022,CO2/CO/NOx,2022-12-29 23:00:00+01:00,1.089887330505824
2022,CO2/CO/NOx,2022-12-30 00:00:00+01:00,1.0290353337925977
2022,CO2/CO/NOx,2022-12-30 01:00:00+01:00,1.024615248159034
2022,CO2/CO/NOx,2022-12-30 02:00:00+01:00,1.0824057749070681
2022,CO2/CO/NOx,2022-12-30 03:00:00+01:00,1.1832056481694024
2022,CO2/CO/NOx,2022-12-30 04:00:00+01:00,1.2702940191604593
2022,CO2/CO/NOx,2022-12-30 05:00:00+01:00,1.356018238386075
2022,CO2/CO/NOx,2022-12-30 06:00:00+01:00,1.4354782409492899
2022,CO2/CO/NOx,2022-12-30 07:00:00+01:00,1.5034994842986351
2022,CO2/CO/NOx,2022-12-30 08:00:00+01:00,1.519073113849286
2022,CO2/CO/NOx,2022-12-30 09:00:00+01:00,1.4582819393964255
2022,CO2/CO/NOx,2022-12-30 10:00:00+01:00,1.3931954675438236
2022,CO2/CO/NOx,2022-12-30 11:00:00+01:00,1.314762062070324
2022,CO2/CO/NOx,2022-12-30 12:00:00+01:00,1.232610017827039
2022,CO2/CO/NOx,2022-12-30 13:00:00+01:00,1.1759147366123306
2022,CO2/CO/NOx,2022-12-30 14:00:00+01:00,1.1661568487889125
2022,CO2/CO/NOx,2022-12-30 15:00:00+01:00,1.2137318437660565
2022,CO2/CO/NOx,2022-12-30 16:00:00+01:00,1.2815534413228125
2022,CO2/CO/NOx,2022-12-30 17:00:00+01:00,1.3368177827586043
2022,CO2/CO/NOx,2022-12-30 18:00:00+01:00,1.379852248458832
2022,CO2/CO/NOx,2022-12-30 19:00:00+01:00,1.382672324934677
2022,CO2/CO/NOx,2022-12-30 20:00:00+01:00,1.3544294103210246
2022,CO2/CO/NOx,2022-12-30 21:00:00+01:00,1.296177517308851
2022,CO2/CO/NOx,2022-12-30 22:00:00+01:00,1.212738319575512
2022,CO2/CO/NOx,2022-12-30 23:00:00+01:00,1.1251492923674895
2022,CO2/CO/NOx,2022-12-31 00:00:00+01:00,1.036463729594608
2022,CO2/CO/NOx,2022-12-31 01:00:00+01:00,0.9696576892908306
2022,CO2/CO/NOx,2022-12-31 02:00:00+01:00,0.9369231532571188
2022,CO2/CO/NOx,2022-12-31 03:00:00+01:00,0.9434403757115947
2022,CO2/CO/NOx,2022-12-31 04:00:00+01:00,0.9634199859140158
2022,CO2/CO/NOx,2022-12-31 05:00:00+01:00,1.0124050836422165
2022,CO2/CO/NOx,2022-12-31 06:00:00+01:00,1.0619123457459134
2022,CO2/CO/NOx,2022-12-31 07:00:00+01:00,1.0936368187983283
2022,CO2/CO/NOx,2022-12-31 08:00:00+01:00,1.0838291019984436
2022,CO2/CO/NOx,2022-12-31 09:00:00+01:00,1.0311333989849616
2022,CO2/CO/NOx,2022-12-31 10:00:00+01:00,0.9613024937833226
2022,CO2/CO/NOx,2022-12-31 11:00:00+01:00,0.8812994471923751
2022,CO2/CO/NOx,2022-12-31 12:00:00+01:00,0.7982462388992307
2022,CO2/CO/NOx,2022-12-31 13:00:00+01:00,0.7427642880559706
2022,CO2/CO/NOx,2022-12-31 14:00:00+01:00,0.7342589093122525
2022,CO2/CO/NOx,2022-12-31 15:00:00+01:00,0.7644552470940016
2022,CO2/CO/NOx,2022-12-31 16:00:00+01:00,0.8067712344431244
2022,CO2/CO/NOx,2022-12-31 17:00:00+01:00,0.842219465096907
2022,CO2/CO/NOx,2022-12-31 18:00:00+01:00,0.8898325235909132
2022,CO2/CO/NOx,2022-12-31 19:00:00+01:00,0.9060490780802581
2022,CO2/CO/NOx,2022-12-31 20:00:00+01:00,0.9228868739213985
2022,CO2/CO/NOx,2022-12-31 21:00:00+01:00,0.910937398091272
2022,CO2/CO/NOx,2022-12-31 22:00:00+01:00,0.8606084256044438
2022,CO2/CO/NOx,2022-12-31 23:00:00+01:00,0.7623077314754781
