year,component,timestamp,scaling_factor
2019,CO2/CO/NOx,2019-01-01 00:00:00+01:00,1.5205487201240315
2019,CO2/CO/NOx,2019-01-01 01:00:00+01:00,1.4732787726116596
2019,CO2/CO/NOx,2019-01-01 02:00:00+01:00,1.4786408337960135
2019,CO2/CO/NOx,2019-01-01 03:00:00+01:00,1.523441258756842
2019,CO2/CO/NOx,2019-01-01 04:00:00+01:00,1.5944864025738934
2019,CO2/CO/NOx,2019-01-01 05:00:00+01:00,1.7110342363189353
2019,CO2/CO/NOx,2019-01-01 06:00:00+01:00,1.796718213108566
2019,CO2/CO/NOx,2019-01-01 07:00:00+01:00,1.8634173274960926
2019,CO2/CO/NOx,2019-01-01 08:00:00+01:00,1.8802866656279091
2019,CO2/CO/NOx,2019-01-01 09:00:00+01:00,1.83831717853139
2019,CO2/CO/NOx,2019-01-01 10:00:00+01:00,1.8060270150006312
2019,CO2/CO/NOx,2019-01-01 11:00:00+01:00,1.7656036014930776
2019,CO2/CO/NOx,2019-01-01 12:00:00+01:00,1.7136750769659748
2019,CO2/CO/NOx,2019-01-01 13:00:00+01:00,1.6865827996837857
2019,CO2/CO/NOx,2019-01-01 14:00:00+01:00,1.685016908129819
2019,CO2/CO/NOx,2019-01-01 15:00:00+01:00,1.7190162729651794
2019,CO2/CO/NOx,2019-01-01 16:00:00+01:00,1.7516270262039764
2019,CO2/CO/NOx,2019-01-01 17:00:00+01:00,1.7624268905668659
2019,CO2/CO/NOx,2019-01-01 18:00:00+01:00,1.7780086061160039
2019,CO2/CO/NOx,2019-01-01 19:00:00+01:00,1.7628317241612
2019,CO2/CO/NOx,2019-01-01 20:00:00+01:00,1.715923764896634
2019,CO2/CO/NOx,2019-01-01 21:00:00+01:00,1.6469714149000145
2019,CO2/CO/NOx,2019-01-01 22:00:00+01:00,1.5747971059076749
2019,CO2/CO/NOx,2019-01-01 23:00:00+01:00,1.5126526300168754
2019,CO2/CO/NOx,2019-01-02 00:00:00+01:00,1.4488450945763671
2019,CO2/CO/NOx,2019-01-02 01:00:00+01:00,1.4440434996735068
2019,CO2/CO/NOx,2019-01-02 02:00:00+01:00,1.4957235320364883
2019,CO2/CO/NOx,2019-01-02 03:00:00+01:00,1.600688800419809
2019,CO2/CO/NOx,2019-01-02 04:00:00+01:00,1.70903183952968
2019,CO2/CO/NOx,2019-01-02 05:00:00+01:00,1.818939900090563
2019,CO2/CO/NOx,2019-01-02 06:00:00+01:00,1.9232314992604957
2019,CO2/CO/NOx,2019-01-02 07:00:00+01:00,1.9871131121235694
2019,CO2/CO/NOx,2019-01-02 08:00:00+01:00,2.0101601458403566
2019,CO2/CO/NOx,2019-01-02 09:00:00+01:00,1.9701728773058165
2019,CO2/CO/NOx,2019-01-02 10:00:00+01:00,1.9586385402263582
2019,CO2/CO/NOx,2019-01-02 11:00:00+01:00,1.9403787504127945
2019,CO2/CO/NOx,2019-01-02 12:00:00+01:00,1.9155405548247064
2019,CO2/CO/NOx,2019-01-02 13:00:00+01:00,1.9173563365930804
2019,CO2/CO/NOx,2019-01-02 14:00:00+01:00,1.9501519678303016
2019,CO2/CO/NOx,2019-01-02 15:00:00+01:00,2.020315541354458
2019,CO2/CO/NOx,2019-01-02 16:00:00+01:00,2.076229841020323
2019,CO2/CO/NOx,2019-01-02 17:00:00+01:00,2.1211405339013902
2019,CO2/CO/NOx,2019-01-02 18:00:00+01:00,2.157312379505592
2019,CO2/CO/NOx,2019-01-02 19:00:00+01:00,2.157482799260197
2019,CO2/CO/NOx,2019-01-02 20:00:00+01:00,2.105093951878382
2019,CO2/CO/NOx,2019-01-02 21:00:00+01:00,2.0272122645107347
2019,CO2/CO/NOx,2019-01-02 22:00:00+01:00,1.9546148984496146
2019,CO2/CO/NOx,2019-01-02 23:00:00+01:00,1.9084588305245462
2019,CO2/CO/NOx,2019-01-03 00:00:00+01:00,1.8525904204380037
2019,CO2/CO/NOx,2019-01-03 01:00:00+01:00,1.876255637525548
2019,CO2/CO/NOx,2019-01-03 02:00:00+01:00,1.963772162029859
2019,CO2/CO/NOx,2019-01-03 03:00:00+01:00,2.096146463056585
2019,CO2/CO/NOx,2019-01-03 04:00:00+01:00,2.2150350644348977
2019,CO2/CO/NOx,2019-01-03 05:00:00+01:00,2.3184603510892186
2019,CO2/CO/NOx,2019-01-03 06:00:00+01:00,2.410706916480983
2019,CO2/CO/NOx,2019-01-03 07:00:00+01:00,2.456051059960989
2019,CO2/CO/NOx,2019-01-03 08:00:00+01:00,2.450923621255268
2019,CO2/CO/NOx,2019-01-03 09:00:00+01:00,2.3820628170426152
2019,CO2/CO/NOx,2019-01-03 10:00:00+01:00,2.3690491611914144
2019,CO2/CO/NOx,2019-01-03 11:00:00+01:00,2.3510865743601204
2019,CO2/CO/NOx,2019-01-03 12:00:00+01:00,2.328803323774892
2019,CO2/CO/NOx,2019-01-03 13:00:00+01:00,2.3282739806795836
2019,CO2/CO/NOx,2019-01-03 14:00:00+01:00,2.3508896955487093
2019,CO2/CO/NOx,2019-01-03 15:00:00+01:00,2.4019990496021983
2019,CO2/CO/NOx,2019-01-03 16:00:00+01:00,2.451776485433045
2019,CO2/CO/NOx,2019-01-03 17:00:00+01:00,2.471207269985052
2019,CO2/CO/NOx,2019-01-03 18:00:00+01:00,2.4821032585426974
2019,CO2/CO/NOx,2019-01-03 19:00:00+01:00,2.4504456555786662
2019,CO2/CO/NOx,2019-01-03 20:00:00+01:00,2.3655062014613097
2019,CO2/CO/NOx,2019-01-03 21:00:00+01:00,2.3034703168505817
2019,CO2/CO/NOx,2019-01-03 22:00:00+01:00,2.233157102684896
2019,CO2/CO/NOx,2019-01-03 23:00:00+01:00,2.169718523661083
2019,CO2/CO/NOx,2019-01-04 00:00:00+01:00,2.0955996994898687
2019,CO2/CO/NOx,2019-01-04 01:00:00+01:00,2.0870542479527563
2019,CO2/CO/NOx,2019-01-04 02:00:00+01:00,2.119273823657337
2019,CO2/CO/NOx,2019-01-04 03:00:00+01:00,2.196482768063684
2019,CO2/CO/NOx,2019-01-04 04:00:00+01:00,2.2713056468714594
2019,CO2/CO/NOx,2019-01-04 05:00:00+01:00,2.3445440658957413
2019,CO2/CO/NOx,2019-01-04 06:00:00+01:00,2.4558800635013176
2019,CO2/CO/NOx,2019-01-04 07:00:00+01:00,2.5152222424876074
2019,CO2/CO/NOx,2019-01-04 08:00:00+01:00,2.5283078894587687
2019,CO2/CO/NOx,2019-01-04 09:00:00+01:00,2.4884233031418117
2019,CO2/CO/NOx,2019-01-04 10:00:00+01:00,2.480101932014786
2019,CO2/CO/NOx,2019-01-04 11:00:00+01:00,2.4663671295150564
2019,CO2/CO/NOx,2019-01-04 12:00:00+01:00,2.4533471379235112
2019,CO2/CO/NOx,2019-01-04 13:00:00+01:00,2.453525282592239
2019,CO2/CO/NOx,2019-01-04 14:00:00+01:00,2.458613357820656
2019,CO2/CO/NOx,2019-01-04 15:00:00+01:00,2.484203198858109
2019,CO2/CO/NOx,2019-01-04 16:00:00+01:00,2.5002178573004237
2019,CO2/CO/NOx,2019-01-04 17:00:00+01:00,2.4988834159290554
2019,CO2/CO/NOx,2019-01-04 18:00:00+01:00,2.495405340938693
2019,CO2/CO/NOx,2019-01-04 19:00:00+01:00,2.4568110832557246
2019,CO2/CO/NOx,2019-01-04 20:00:00+01:00,2.3662077487379976
2019,CO2/CO/NOx,2019-01-04 21:00:00+01:00,2.2520913135586182
2019,CO2/CO/NOx,2019-01-04 22:00:00+01:00,2.134206893871716
2019,CO2/CO/NOx,2019-01-04 23:00:00+01:00,2.032167436439522
2019,CO2/CO/NOx,2019-01-05 00:00:00+01:00,1.9384757047595382
2019,CO2/CO/NOx,2019-01-05 01:00:00+01:00,1.8902183815245486
2019,CO2/CO/NOx,2019-01-05 02:00:00+01:00,1.8890895889440986
2019,CO2/CO/NOx,2019-01-05 03:00:00+01:00,1.934100142686047
2019,CO2/CO/NOx,2019-01-05 04:00:00+01:00,1.9945778529498737
2019,CO2/CO/NOx,2019-01-05 05:00:00+01:00,2.04633415272287
2019,CO2/CO/NOx,2019-01-05 06:00:00+01:00,2.0947352312015415
2019,CO2/CO/NOx,2019-01-05 07:00:00+01:00,2.135383996494111
2019,CO2/CO/NOx,2019-01-05 08:00:00+01:00,2.1605103339337433
2019,CO2/CO/NOx,2019-01-05 09:00:00+01:00,2.1475810607410986
2019,CO2/CO/NOx,2019-01-05 10:00:00+01:00,2.1406095045695834
2019,CO2/CO/NOx,2019-01-05 11:00:00+01:00,2.1534637524896585
2019,CO2/CO/NOx,2019-01-05 12:00:00+01:00,2.134538464765485
2019,CO2/CO/NOx,2019-01-05 13:00:00+01:00,2.1038595143245264
2019,CO2/CO/NOx,2019-01-05 14:00:00+01:00,2.0684225247630983
2019,CO2/CO/NOx,2019-01-05 15:00:00+01:00,2.043023158326082
2019,CO2/CO/NOx,2019-01-05 16:00:00+01:00,2.0184899896159383
2019,CO2/CO/NOx,2019-01-05 17:00:00+01:00,1.9876623859221707
2019,CO2/CO/NOx,2019-01-05 18:00:00+01:00,1.9708902540668116
2019,CO2/CO/NOx,2019-01-05 19:00:00+01:00,1.9334107243575656
2019,CO2/CO/NOx,2019-01-05 20:00:00+01:00,1.9006226715641419
2019,CO2/CO/NOx,2019-01-05 21:00:00+01:00,1.8191154970376406
2019,CO2/CO/NOx,2019-01-05 22:00:00+01:00,1.7449283239432039
2019,CO2/CO/NOx,2019-01-05 23:00:00+01:00,1.6921397022266318
2019,CO2/CO/NOx,2019-01-06 00:00:00+01:00,1.637841362753828
2019,CO2/CO/NOx,2019-01-06 01:00:00+01:00,1.620853266827245
2019,CO2/CO/NOx,2019-01-06 02:00:00+01:00,1.6428173722139017
2019,CO2/CO/NOx,2019-01-06 03:00:00+01:00,1.7016457870710862
2019,CO2/CO/NOx,2019-01-06 04:00:00+01:00,1.7553111676039412
2019,CO2/CO/NOx,2019-01-06 05:00:00+01:00,1.810782353325156
2019,CO2/CO/NOx,2019-01-06 06:00:00+01:00,1.8614275953669888
2019,CO2/CO/NOx,2019-01-06 07:00:00+01:00,1.9104651635697185
2019,CO2/CO/NOx,2019-01-06 08:00:00+01:00,1.9340216839975068
2019,CO2/CO/NOx,2019-01-06 09:00:00+01:00,1.9186807148798197
2019,CO2/CO/NOx,2019-01-06 10:00:00+01:00,1.9199065541189277
2019,CO2/CO/NOx,2019-01-06 11:00:00+01:00,1.917929734333597
2019,CO2/CO/NOx,2019-01-06 12:00:00+01:00,1.9056877340487766
2019,CO2/CO/NOx,2019-01-06 13:00:00+01:00,1.902893973318562
2019,CO2/CO/NOx,2019-01-06 14:00:00+01:00,1.9066721899043324
2019,CO2/CO/NOx,2019-01-06 15:00:00+01:00,1.9206806456451926
2019,CO2/CO/NOx,2019-01-06 16:00:00+01:00,1.9190685842330486
2019,CO2/CO/NOx,2019-01-06 17:00:00+01:00,1.905603130502853
2019,CO2/CO/NOx,2019-01-06 18:00:00+01:00,1.9104451920201428
2019,CO2/CO/NOx,2019-01-06 19:00:00+01:00,1.8767317171796796
2019,CO2/CO/NOx,2019-01-06 20:00:00+01:00,1.8297437918345296
2019,CO2/CO/NOx,2019-01-06 21:00:00+01:00,1.775688689550906
2019,CO2/CO/NOx,2019-01-06 22:00:00+01:00,1.730744651254514
2019,CO2/CO/NOx,2019-01-06 23:00:00+01:00,1.6974929161288121
2019,CO2/CO/NOx,2019-01-07 00:00:00+01:00,1.6486741664614428
2019,CO2/CO/NOx,2019-01-07 01:00:00+01:00,1.6453257504991095
2019,CO2/CO/NOx,2019-01-07 02:00:00+01:00,1.6910802568776488
2019,CO2/CO/NOx,2019-01-07 03:00:00+01:00,1.778930245932944
2019,CO2/CO/NOx,2019-01-07 04:00:00+01:00,1.8551807159052818
2019,CO2/CO/NOx,2019-01-07 05:00:00+01:00,1.9483705684600041
2019,CO2/CO/NOx,2019-01-07 06:00:00+01:00,2.0423174538959343
2019,CO2/CO/NOx,2019-01-07 07:00:00+01:00,2.102990773659969
2019,CO2/CO/NOx,2019-01-07 08:00:00+01:00,2.115217908080451
2019,CO2/CO/NOx,2019-01-07 09:00:00+01:00,2.0715009587337074
2019,CO2/CO/NOx,2019-01-07 10:00:00+01:00,2.0487355221160417
2019,CO2/CO/NOx,2019-01-07 11:00:00+01:00,2.0177510848818048
2019,CO2/CO/NOx,2019-01-07 12:00:00+01:00,1.978107834279377
2019,CO2/CO/NOx,2019-01-07 13:00:00+01:00,1.958864357494602
2019,CO2/CO/NOx,2019-01-07 14:00:00+01:00,1.9567140469674955
2019,CO2/CO/NOx,2019-01-07 15:00:00+01:00,1.9836967581634908
2019,CO2/CO/NOx,2019-01-07 16:00:00+01:00,1.996884660437149
2019,CO2/CO/NOx,2019-01-07 17:00:00+01:00,2.0032242969627463
2019,CO2/CO/NOx,2019-01-07 18:00:00+01:00,2.029044115578704
2019,CO2/CO/NOx,2019-01-07 19:00:00+01:00,2.0105827527546207
2019,CO2/CO/NOx,2019-01-07 20:00:00+01:00,1.9602677638150874
2019,CO2/CO/NOx,2019-01-07 21:00:00+01:00,1.8720847909462277
2019,CO2/CO/NOx,2019-01-07 22:00:00+01:00,1.7838831529377905
2019,CO2/CO/NOx,2019-01-07 23:00:00+01:00,1.7086249618129776
2019,CO2/CO/NOx,2019-01-08 00:00:00+01:00,1.6305107594458086
2019,CO2/CO/NOx,2019-01-08 01:00:00+01:00,1.6118890868270526
2019,CO2/CO/NOx,2019-01-08 02:00:00+01:00,1.6638317276237151
2019,CO2/CO/NOx,2019-01-08 03:00:00+01:00,1.7680975808016015
2019,CO2/CO/NOx,2019-01-08 04:00:00+01:00,1.855658169198249
2019,CO2/CO/NOx,2019-01-08 05:00:00+01:00,1.9376258980093748
2019,CO2/CO/NOx,2019-01-08 06:00:00+01:00,1.9991516153756008
2019,CO2/CO/NOx,2019-01-08 07:00:00+01:00,2.031698567769305
2019,CO2/CO/NOx,2019-01-08 08:00:00+01:00,2.0256423477679633
2019,CO2/CO/NOx,2019-01-08 09:00:00+01:00,1.9717625444917422
2019,CO2/CO/NOx,2019-01-08 10:00:00+01:00,1.9418241137376941
2019,CO2/CO/NOx,2019-01-08 11:00:00+01:00,1.9207356457814935
2019,CO2/CO/NOx,2019-01-08 12:00:00+01:00,1.8934293959823738
2019,CO2/CO/NOx,2019-01-08 13:00:00+01:00,1.880504915468719
2019,CO2/CO/NOx,2019-01-08 14:00:00+01:00,1.8785445771886933
2019,CO2/CO/NOx,2019-01-08 15:00:00+01:00,1.899057239651695
2019,CO2/CO/NOx,2019-01-08 16:00:00+01:00,1.9046632472167864
2019,CO2/CO/NOx,2019-01-08 17:00:00+01:00,1.9061150492141599
2019,CO2/CO/NOx,2019-01-08 18:00:00+01:00,1.925091248256162
2019,CO2/CO/NOx,2019-01-08 19:00:00+01:00,1.8991650799186837
2019,CO2/CO/NOx,2019-01-08 20:00:00+01:00,1.8461559303826525
2019,CO2/CO/NOx,2019-01-08 21:00:00+01:00,1.7758677221513974
2019,CO2/CO/NOx,2019-01-08 22:00:00+01:00,1.7049588392191162
2019,CO2/CO/NOx,2019-01-08 23:00:00+01:00,1.6446815735582252
2019,CO2/CO/NOx,2019-01-09 00:00:00+01:00,1.5685010526161356
2019,CO2/CO/NOx,2019-01-09 01:00:00+01:00,1.5583025585099406
2019,CO2/CO/NOx,2019-01-09 02:00:00+01:00,1.620912954730859
2019,CO2/CO/NOx,2019-01-09 03:00:00+01:00,1.7299021720261136
2019,CO2/CO/NOx,2019-01-09 04:00:00+01:00,1.8263596930608743
2019,CO2/CO/NOx,2019-01-09 05:00:00+01:00,1.9225799202378608
2019,CO2/CO/NOx,2019-01-09 06:00:00+01:00,2.028547559163608
2019,CO2/CO/NOx,2019-01-09 07:00:00+01:00,2.1181282599447107
2019,CO2/CO/NOx,2019-01-09 08:00:00+01:00,2.16536352243877
2019,CO2/CO/NOx,2019-01-09 09:00:00+01:00,2.1554173282861853
2019,CO2/CO/NOx,2019-01-09 10:00:00+01:00,2.1768147367735122
2019,CO2/CO/NOx,2019-01-09 11:00:00+01:00,2.184368803257596
2019,CO2/CO/NOx,2019-01-09 12:00:00+01:00,2.1635639932001363
2019,CO2/CO/NOx,2019-01-09 13:00:00+01:00,2.1390088372120433
2019,CO2/CO/NOx,2019-01-09 14:00:00+01:00,2.129419328827449
2019,CO2/CO/NOx,2019-01-09 15:00:00+01:00,2.154598225970712
2019,CO2/CO/NOx,2019-01-09 16:00:00+01:00,2.1753203185991317
2019,CO2/CO/NOx,2019-01-09 17:00:00+01:00,2.184867566569753
2019,CO2/CO/NOx,2019-01-09 18:00:00+01:00,2.2098477846169255
2019,CO2/CO/NOx,2019-01-09 19:00:00+01:00,2.1973425753142384
2019,CO2/CO/NOx,2019-01-09 20:00:00+01:00,2.150436032948587
2019,CO2/CO/NOx,2019-01-09 21:00:00+01:00,2.088792356774516
2019,CO2/CO/NOx,2019-01-09 22:00:00+01:00,2.0203063230184024
2019,CO2/CO/NOx,2019-01-09 23:00:00+01:00,1.9762517321897997
2019,CO2/CO/NOx,2019-01-10 00:00:00+01:00,1.9289219123248045
2019,CO2/CO/NOx,2019-01-10 01:00:00+01:00,1.9326004625639577
2019,CO2/CO/NOx,2019-01-10 02:00:00+01:00,2.0047692289653827
2019,CO2/CO/NOx,2019-01-10 03:00:00+01:00,2.1200846741732824
2019,CO2/CO/NOx,2019-01-10 04:00:00+01:00,2.223275102126648
2019,CO2/CO/NOx,2019-01-10 05:00:00+01:00,2.3187410347111785
2019,CO2/CO/NOx,2019-01-10 06:00:00+01:00,2.406990517409257
2019,CO2/CO/NOx,2019-01-10 07:00:00+01:00,2.4501119767473734
2019,CO2/CO/NOx,2019-01-10 08:00:00+01:00,2.4604960723560048
2019,CO2/CO/NOx,2019-01-10 09:00:00+01:00,2.4228100436234796
2019,CO2/CO/NOx,2019-01-10 10:00:00+01:00,2.4120245827796456
2019,CO2/CO/NOx,2019-01-10 11:00:00+01:00,2.4120627300289352
2019,CO2/CO/NOx,2019-01-10 12:00:00+01:00,2.408002516846282
2019,CO2/CO/NOx,2019-01-10 13:00:00+01:00,2.404107490240251
2019,CO2/CO/NOx,2019-01-10 14:00:00+01:00,2.401053743786538
2019,CO2/CO/NOx,2019-01-10 15:00:00+01:00,2.419660690088404
2019,CO2/CO/NOx,2019-01-10 16:00:00+01:00,2.40557511410668
2019,CO2/CO/NOx,2019-01-10 17:00:00+01:00,2.391339593334016
2019,CO2/CO/NOx,2019-01-10 18:00:00+01:00,2.38689985036593
2019,CO2/CO/NOx,2019-01-10 19:00:00+01:00,2.360392620058968
2019,CO2/CO/NOx,2019-01-10 20:00:00+01:00,2.295023828947822
2019,CO2/CO/NOx,2019-01-10 21:00:00+01:00,2.219330629610147
2019,CO2/CO/NOx,2019-01-10 22:00:00+01:00,2.1315357452589674
2019,CO2/CO/NOx,2019-01-10 23:00:00+01:00,2.0646355356993205
2019,CO2/CO/NOx,2019-01-11 00:00:00+01:00,1.9887053541283464
2019,CO2/CO/NOx,2019-01-11 01:00:00+01:00,1.9627497261585836
2019,CO2/CO/NOx,2019-01-11 02:00:00+01:00,2.0093226747936543
2019,CO2/CO/NOx,2019-01-11 03:00:00+01:00,2.106990594493813
2019,CO2/CO/NOx,2019-01-11 04:00:00+01:00,2.209386337659788
2019,CO2/CO/NOx,2019-01-11 05:00:00+01:00,2.300717742729326
2019,CO2/CO/NOx,2019-01-11 06:00:00+01:00,2.393972796980672
2019,CO2/CO/NOx,2019-01-11 07:00:00+01:00,2.4538160764897983
2019,CO2/CO/NOx,2019-01-11 08:00:00+01:00,2.4589717743439663
2019,CO2/CO/NOx,2019-01-11 09:00:00+01:00,2.4075593049851145
2019,CO2/CO/NOx,2019-01-11 10:00:00+01:00,2.3946579402930173
2019,CO2/CO/NOx,2019-01-11 11:00:00+01:00,2.3819330252215347
2019,CO2/CO/NOx,2019-01-11 12:00:00+01:00,2.3788009095256655
2019,CO2/CO/NOx,2019-01-11 13:00:00+01:00,2.3854915806549086
2019,CO2/CO/NOx,2019-01-11 14:00:00+01:00,2.4041616308001763
2019,CO2/CO/NOx,2019-01-11 15:00:00+01:00,2.4356845151927895
2019,CO2/CO/NOx,2019-01-11 16:00:00+01:00,2.4573213785915233
2019,CO2/CO/NOx,2019-01-11 17:00:00+01:00,2.4369493864642195
2019,CO2/CO/NOx,2019-01-11 18:00:00+01:00,2.4363847352310635
2019,CO2/CO/NOx,2019-01-11 19:00:00+01:00,2.4231583368191836
2019,CO2/CO/NOx,2019-01-11 20:00:00+01:00,2.3629133704329757
2019,CO2/CO/NOx,2019-01-11 21:00:00+01:00,2.2814312321865065
2019,CO2/CO/NOx,2019-01-11 22:00:00+01:00,2.1808204748195896
2019,CO2/CO/NOx,2019-01-11 23:00:00+01:00,2.080731323603364
2019,CO2/CO/NOx,2019-01-12 00:00:00+01:00,1.9860226404287984
2019,CO2/CO/NOx,2019-01-12 01:00:00+01:00,1.9368495764082987
2019,CO2/CO/NOx,2019-01-12 02:00:00+01:00,1.9133091082506541
2019,CO2/CO/NOx,2019-01-12 03:00:00+01:00,1.9435118298230187
2019,CO2/CO/NOx,2019-01-12 04:00:00+01:00,1.9910759570456875
2019,CO2/CO/NOx,2019-01-12 05:00:00+01:00,2.020108270577777
2019,CO2/CO/NOx,2019-01-12 06:00:00+01:00,2.0436331117160775
2019,CO2/CO/NOx,2019-01-12 07:00:00+01:00,2.0634309400930992
2019,CO2/CO/NOx,2019-01-12 08:00:00+01:00,2.057799400239575
2019,CO2/CO/NOx,2019-01-12 09:00:00+01:00,2.027484068702371
2019,CO2/CO/NOx,2019-01-12 10:00:00+01:00,2.0066601472390615
2019,CO2/CO/NOx,2019-01-12 11:00:00+01:00,1.9635709296148536
2019,CO2/CO/NOx,2019-01-12 12:00:00+01:00,1.9093201611510109
2019,CO2/CO/NOx,2019-01-12 13:00:00+01:00,1.8767993405789098
2019,CO2/CO/NOx,2019-01-12 14:00:00+01:00,1.8501059002454938
2019,CO2/CO/NOx,2019-01-12 15:00:00+01:00,1.8459480514827546
2019,CO2/CO/NOx,2019-01-12 16:00:00+01:00,1.8487129947377612
2019,CO2/CO/NOx,2019-01-12 17:00:00+01:00,1.8490795642668922
2019,CO2/CO/NOx,2019-01-12 18:00:00+01:00,1.8781964613863522
2019,CO2/CO/NOx,2019-01-12 19:00:00+01:00,1.8723650334492845
2019,CO2/CO/NOx,2019-01-12 20:00:00+01:00,1.8346617651206123
2019,CO2/CO/NOx,2019-01-12 21:00:00+01:00,1.7772627260536615
2019,CO2/CO/NOx,2019-01-12 22:00:00+01:00,1.7244102809598323
2019,CO2/CO/NOx,2019-01-12 23:00:00+01:00,1.6709381720467475
2019,CO2/CO/NOx,2019-01-13 00:00:00+01:00,1.6067722255586567
2019,CO2/CO/NOx,2019-01-13 01:00:00+01:00,1.5786283400321892
2019,CO2/CO/NOx,2019-01-13 02:00:00+01:00,1.590581974594829
2019,CO2/CO/NOx,2019-01-13 03:00:00+01:00,1.6387089947228084
2019,CO2/CO/NOx,2019-01-13 04:00:00+01:00,1.6750564516867767
2019,CO2/CO/NOx,2019-01-13 05:00:00+01:00,1.718020804917177
2019,CO2/CO/NOx,2019-01-13 06:00:00+01:00,1.7607916746941366
2019,CO2/CO/NOx,2019-01-13 07:00:00+01:00,1.7935541556109575
2019,CO2/CO/NOx,2019-01-13 08:00:00+01:00,1.8002574640270115
2019,CO2/CO/NOx,2019-01-13 09:00:00+01:00,1.786929390650164
2019,CO2/CO/NOx,2019-01-13 10:00:00+01:00,1.8078273836387106
2019,CO2/CO/NOx,2019-01-13 11:00:00+01:00,1.8154912242634942
2019,CO2/CO/NOx,2019-01-13 12:00:00+01:00,1.807841841941543
2019,CO2/CO/NOx,2019-01-13 13:00:00+01:00,1.8097172455347696
2019,CO2/CO/NOx,2019-01-13 14:00:00+01:00,1.8105489090099482
2019,CO2/CO/NOx,2019-01-13 15:00:00+01:00,1.8125940079406897
2019,CO2/CO/NOx,2019-01-13 16:00:00+01:00,1.7991743731343046
2019,CO2/CO/NOx,2019-01-13 17:00:00+01:00,1.7717103544755268
2019,CO2/CO/NOx,2019-01-13 18:00:00+01:00,1.766666621499323
2019,CO2/CO/NOx,2019-01-13 19:00:00+01:00,1.735664349487479
2019,CO2/CO/NOx,2019-01-13 20:00:00+01:00,1.683870361403649
2019,CO2/CO/NOx,2019-01-13 21:00:00+01:00,1.621195312140711
2019,CO2/CO/NOx,2019-01-13 22:00:00+01:00,1.5726139442351232
2019,CO2/CO/NOx,2019-01-13 23:00:00+01:00,1.5446272098433977
2019,CO2/CO/NOx,2019-01-14 00:00:00+01:00,1.5067101032434806
2019,CO2/CO/NOx,2019-01-14 01:00:00+01:00,1.5072029133200007
2019,CO2/CO/NOx,2019-01-14 02:00:00+01:00,1.5499375861365345
2019,CO2/CO/NOx,2019-01-14 03:00:00+01:00,1.6198501622380301
2019,CO2/CO/NOx,2019-01-14 04:00:00+01:00,1.6806906381884414
2019,CO2/CO/NOx,2019-01-14 05:00:00+01:00,1.7516957904035015
2019,CO2/CO/NOx,2019-01-14 06:00:00+01:00,1.8113004751803745
2019,CO2/CO/NOx,2019-01-14 07:00:00+01:00,1.844886705960634
2019,CO2/CO/NOx,2019-01-14 08:00:00+01:00,1.859092817498954
2019,CO2/CO/NOx,2019-01-14 09:00:00+01:00,1.8311484740029738
2019,CO2/CO/NOx,2019-01-14 10:00:00+01:00,1.8212076437045899
2019,CO2/CO/NOx,2019-01-14 11:00:00+01:00,1.8209770774826453
2019,CO2/CO/NOx,2019-01-14 12:00:00+01:00,1.8161648026660102
2019,CO2/CO/NOx,2019-01-14 13:00:00+01:00,1.8370269382506
2019,CO2/CO/NOx,2019-01-14 14:00:00+01:00,1.8739036371722342
2019,CO2/CO/NOx,2019-01-14 15:00:00+01:00,1.9190305993031838
2019,CO2/CO/NOx,2019-01-14 16:00:00+01:00,1.9409394224645757
2019,CO2/CO/NOx,2019-01-14 17:00:00+01:00,1.9477843833774244
2019,CO2/CO/NOx,2019-01-14 18:00:00+01:00,1.9561673884071982
2019,CO2/CO/NOx,2019-01-14 19:00:00+01:00,1.9113161471709692
2019,CO2/CO/NOx,2019-01-14 20:00:00+01:00,1.8582420607112857
2019,CO2/CO/NOx,2019-01-14 21:00:00+01:00,1.7977158594656033
2019,CO2/CO/NOx,2019-01-14 22:00:00+01:00,1.7477887124334177
2019,CO2/CO/NOx,2019-01-14 23:00:00+01:00,1.7144116933929006
2019,CO2/CO/NOx,2019-01-15 00:00:00+01:00,1.6763682281113679
2019,CO2/CO/NOx,2019-01-15 01:00:00+01:00,1.6878592979483238
2019,CO2/CO/NOx,2019-01-15 02:00:00+01:00,1.7577974366058238
2019,CO2/CO/NOx,2019-01-15 03:00:00+01:00,1.8642659413193143
2019,CO2/CO/NOx,2019-01-15 04:00:00+01:00,1.9434740967234454
2019,CO2/CO/NOx,2019-01-15 05:00:00+01:00,2.0249498988090098
2019,CO2/CO/NOx,2019-01-15 06:00:00+01:00,2.097418833964743
2019,CO2/CO/NOx,2019-01-15 07:00:00+01:00,2.142804993233214
2019,CO2/CO/NOx,2019-01-15 08:00:00+01:00,2.1324437016315163
2019,CO2/CO/NOx,2019-01-15 09:00:00+01:00,2.066125682336711
2019,CO2/CO/NOx,2019-01-15 10:00:00+01:00,2.023556047105496
2019,CO2/CO/NOx,2019-01-15 11:00:00+01:00,1.990020187507154
2019,CO2/CO/NOx,2019-01-15 12:00:00+01:00,1.94750081505264
2019,CO2/CO/NOx,2019-01-15 13:00:00+01:00,1.9205336787225193
2019,CO2/CO/NOx,2019-01-15 14:00:00+01:00,1.9102689634754513
2019,CO2/CO/NOx,2019-01-15 15:00:00+01:00,1.9328354378517076
2019,CO2/CO/NOx,2019-01-15 16:00:00+01:00,1.9549390525066628
2019,CO2/CO/NOx,2019-01-15 17:00:00+01:00,1.9510867028994345
2019,CO2/CO/NOx,2019-01-15 18:00:00+01:00,1.9675781870021574
2019,CO2/CO/NOx,2019-01-15 19:00:00+01:00,1.9426115976486051
2019,CO2/CO/NOx,2019-01-15 20:00:00+01:00,1.8871418863903582
2019,CO2/CO/NOx,2019-01-15 21:00:00+01:00,1.8113938932109075
2019,CO2/CO/NOx,2019-01-15 22:00:00+01:00,1.7523457868338586
2019,CO2/CO/NOx,2019-01-15 23:00:00+01:00,1.7088726856627294
2019,CO2/CO/NOx,2019-01-16 00:00:00+01:00,1.6610381063871227
2019,CO2/CO/NOx,2019-01-16 01:00:00+01:00,1.6732511833103705
2019,CO2/CO/NOx,2019-01-16 02:00:00+01:00,1.740203853728667
2019,CO2/CO/NOx,2019-01-16 03:00:00+01:00,1.8534590572827567
2019,CO2/CO/NOx,2019-01-16 04:00:00+01:00,1.952734093212426
2019,CO2/CO/NOx,2019-01-16 05:00:00+01:00,2.067925016367767
2019,CO2/CO/NOx,2019-01-16 06:00:00+01:00,2.1683964356122996
2019,CO2/CO/NOx,2019-01-16 07:00:00+01:00,2.2190183526224727
2019,CO2/CO/NOx,2019-01-16 08:00:00+01:00,2.2040711151792447
2019,CO2/CO/NOx,2019-01-16 09:00:00+01:00,2.111134480445998
2019,CO2/CO/NOx,2019-01-16 10:00:00+01:00,2.0068326713603164
2019,CO2/CO/NOx,2019-01-16 11:00:00+01:00,1.8971532489799117
2019,CO2/CO/NOx,2019-01-16 12:00:00+01:00,1.7876117111712164
2019,CO2/CO/NOx,2019-01-16 13:00:00+01:00,1.7214034640551983
2019,CO2/CO/NOx,2019-01-16 14:00:00+01:00,1.720704589312149
2019,CO2/CO/NOx,2019-01-16 15:00:00+01:00,1.7598060992900617
2019,CO2/CO/NOx,2019-01-16 16:00:00+01:00,1.8002032979535307
2019,CO2/CO/NOx,2019-01-16 17:00:00+01:00,1.8453949835806132
2019,CO2/CO/NOx,2019-01-16 18:00:00+01:00,1.8956243128837076
2019,CO2/CO/NOx,2019-01-16 19:00:00+01:00,1.8815182168545688
2019,CO2/CO/NOx,2019-01-16 20:00:00+01:00,1.838039345410546
2019,CO2/CO/NOx,2019-01-16 21:00:00+01:00,1.7674344386291954
2019,CO2/CO/NOx,2019-01-16 22:00:00+01:00,1.6701264151799682
2019,CO2/CO/NOx,2019-01-16 23:00:00+01:00,1.5927491203966977
2019,CO2/CO/NOx,2019-01-17 00:00:00+01:00,1.4977758043789444
2019,CO2/CO/NOx,2019-01-17 01:00:00+01:00,1.4438693792935704
2019,CO2/CO/NOx,2019-01-17 02:00:00+01:00,1.451824103157072
2019,CO2/CO/NOx,2019-01-17 03:00:00+01:00,1.5119446464301571
2019,CO2/CO/NOx,2019-01-17 04:00:00+01:00,1.582009661427648
2019,CO2/CO/NOx,2019-01-17 05:00:00+01:00,1.6740662659086343
2019,CO2/CO/NOx,2019-01-17 06:00:00+01:00,1.7622486934952428
2019,CO2/CO/NOx,2019-01-17 07:00:00+01:00,1.8254326085639414
2019,CO2/CO/NOx,2019-01-17 08:00:00+01:00,1.8269806682273046
2019,CO2/CO/NOx,2019-01-17 09:00:00+01:00,1.7310376820632536
2019,CO2/CO/NOx,2019-01-17 10:00:00+01:00,1.6354591523466262
2019,CO2/CO/NOx,2019-01-17 11:00:00+01:00,1.5400630267134279
2019,CO2/CO/NOx,2019-01-17 12:00:00+01:00,1.4486977318242729
2019,CO2/CO/NOx,2019-01-17 13:00:00+01:00,1.412917671468436
2019,CO2/CO/NOx,2019-01-17 14:00:00+01:00,1.423883048307122
2019,CO2/CO/NOx,2019-01-17 15:00:00+01:00,1.473926384244251
2019,CO2/CO/NOx,2019-01-17 16:00:00+01:00,1.5460553054347685
2019,CO2/CO/NOx,2019-01-17 17:00:00+01:00,1.5832559326337499
2019,CO2/CO/NOx,2019-01-17 18:00:00+01:00,1.6219238401924256
2019,CO2/CO/NOx,2019-01-17 19:00:00+01:00,1.6253256260087852
2019,CO2/CO/NOx,2019-01-17 20:00:00+01:00,1.5957135897730823
2019,CO2/CO/NOx,2019-01-17 21:00:00+01:00,1.5332507912774649
2019,CO2/CO/NOx,2019-01-17 22:00:00+01:00,1.4799692892440344
2019,CO2/CO/NOx,2019-01-17 23:00:00+01:00,1.4451148595117527
2019,CO2/CO/NOx,2019-01-18 00:00:00+01:00,1.4026592786822056
2019,CO2/CO/NOx,2019-01-18 01:00:00+01:00,1.4159659723276976
2019,CO2/CO/NOx,2019-01-18 02:00:00+01:00,1.4897441389722383
2019,CO2/CO/NOx,2019-01-18 03:00:00+01:00,1.609855965596535
2019,CO2/CO/NOx,2019-01-18 04:00:00+01:00,1.741835834190328
2019,CO2/CO/NOx,2019-01-18 05:00:00+01:00,1.8800050138669708
2019,CO2/CO/NOx,2019-01-18 06:00:00+01:00,2.0009755337353075
2019,CO2/CO/NOx,2019-01-18 07:00:00+01:00,2.0740470957457475
2019,CO2/CO/NOx,2019-01-18 08:00:00+01:00,2.0951762157929865
2019,CO2/CO/NOx,2019-01-18 09:00:00+01:00,2.0421423561913974
2019,CO2/CO/NOx,2019-01-18 10:00:00+01:00,1.9935082813080074
2019,CO2/CO/NOx,2019-01-18 11:00:00+01:00,1.9327860205544392
2019,CO2/CO/NOx,2019-01-18 12:00:00+01:00,1.877578371569908
2019,CO2/CO/NOx,2019-01-18 13:00:00+01:00,1.885750541450077
2019,CO2/CO/NOx,2019-01-18 14:00:00+01:00,1.9348374819867042
2019,CO2/CO/NOx,2019-01-18 15:00:00+01:00,2.021739359148524
2019,CO2/CO/NOx,2019-01-18 16:00:00+01:00,2.0803148423116498
2019,CO2/CO/NOx,2019-01-18 17:00:00+01:00,2.1265583905567644
2019,CO2/CO/NOx,2019-01-18 18:00:00+01:00,2.16618199427181
2019,CO2/CO/NOx,2019-01-18 19:00:00+01:00,2.1715339363844888
2019,CO2/CO/NOx,2019-01-18 20:00:00+01:00,2.1247432221615408
2019,CO2/CO/NOx,2019-01-18 21:00:00+01:00,2.054066762212632
2019,CO2/CO/NOx,2019-01-18 22:00:00+01:00,1.9762859335401204
2019,CO2/CO/NOx,2019-01-18 23:00:00+01:00,1.9295726383516107
2019,CO2/CO/NOx,2019-01-19 00:00:00+01:00,1.868745735726167
2019,CO2/CO/NOx,2019-01-19 01:00:00+01:00,1.8447486289245634
2019,CO2/CO/NOx,2019-01-19 02:00:00+01:00,1.8651597381853606
2019,CO2/CO/NOx,2019-01-19 03:00:00+01:00,1.925068462119032
2019,CO2/CO/NOx,2019-01-19 04:00:00+01:00,2.0061694009298634
2019,CO2/CO/NOx,2019-01-19 05:00:00+01:00,2.0860144314404176
2019,CO2/CO/NOx,2019-01-19 06:00:00+01:00,2.1561525175035006
2019,CO2/CO/NOx,2019-01-19 07:00:00+01:00,2.193149667845524
2019,CO2/CO/NOx,2019-01-19 08:00:00+01:00,2.20772618726742
2019,CO2/CO/NOx,2019-01-19 09:00:00+01:00,2.1753241171586084
2019,CO2/CO/NOx,2019-01-19 10:00:00+01:00,2.1528085708426064
2019,CO2/CO/NOx,2019-01-19 11:00:00+01:00,2.1252333363205294
2019,CO2/CO/NOx,2019-01-19 12:00:00+01:00,2.090700609609836
2019,CO2/CO/NOx,2019-01-19 13:00:00+01:00,2.0972188204110473
2019,CO2/CO/NOx,2019-01-19 14:00:00+01:00,2.138316656467286
2019,CO2/CO/NOx,2019-01-19 15:00:00+01:00,2.207852299256187
2019,CO2/CO/NOx,2019-01-19 16:00:00+01:00,2.249191553328261
2019,CO2/CO/NOx,2019-01-19 17:00:00+01:00,2.2681792252176347
2019,CO2/CO/NOx,2019-01-19 18:00:00+01:00,2.2958072871680386
2019,CO2/CO/NOx,2019-01-19 19:00:00+01:00,2.263336879818941
2019,CO2/CO/NOx,2019-01-19 20:00:00+01:00,2.2001650909668498
2019,CO2/CO/NOx,2019-01-19 21:00:00+01:00,2.0949796804778154
2019,CO2/CO/NOx,2019-01-19 22:00:00+01:00,2.002973177114144
2019,CO2/CO/NOx,2019-01-19 23:00:00+01:00,1.9349590612369147
2019,CO2/CO/NOx,2019-01-20 00:00:00+01:00,1.8753709426269447
2019,CO2/CO/NOx,2019-01-20 01:00:00+01:00,1.8461246718790465
2019,CO2/CO/NOx,2019-01-20 02:00:00+01:00,1.8781245480553703
2019,CO2/CO/NOx,2019-01-20 03:00:00+01:00,1.961065841890445
2019,CO2/CO/NOx,2019-01-20 04:00:00+01:00,2.0606248018890723
2019,CO2/CO/NOx,2019-01-20 05:00:00+01:00,2.159448188374687
2019,CO2/CO/NOx,2019-01-20 06:00:00+01:00,2.243185236597478
2019,CO2/CO/NOx,2019-01-20 07:00:00+01:00,2.284029527814555
2019,CO2/CO/NOx,2019-01-20 08:00:00+01:00,2.2815031644943318
2019,CO2/CO/NOx,2019-01-20 09:00:00+01:00,2.236843034034571
2019,CO2/CO/NOx,2019-01-20 10:00:00+01:00,2.200658043775343
2019,CO2/CO/NOx,2019-01-20 11:00:00+01:00,2.1606082016907204
2019,CO2/CO/NOx,2019-01-20 12:00:00+01:00,2.13219174406861
2019,CO2/CO/NOx,2019-01-20 13:00:00+01:00,2.1372149305264108
2019,CO2/CO/NOx,2019-01-20 14:00:00+01:00,2.1560231468475632
2019,CO2/CO/NOx,2019-01-20 15:00:00+01:00,2.2065083604243267
2019,CO2/CO/NOx,2019-01-20 16:00:00+01:00,2.233662669181835
2019,CO2/CO/NOx,2019-01-20 17:00:00+01:00,2.2405952001574954
2019,CO2/CO/NOx,2019-01-20 18:00:00+01:00,2.2469192641915425
2019,CO2/CO/NOx,2019-01-20 19:00:00+01:00,2.200436639721587
2019,CO2/CO/NOx,2019-01-20 20:00:00+01:00,2.1393146451001135
2019,CO2/CO/NOx,2019-01-20 21:00:00+01:00,2.0854949569516914
2019,CO2/CO/NOx,2019-01-20 22:00:00+01:00,2.0466327029867
2019,CO2/CO/NOx,2019-01-20 23:00:00+01:00,2.0295050683623774
2019,CO2/CO/NOx,2019-01-21 00:00:00+01:00,2.01282340715045
2019,CO2/CO/NOx,2019-01-21 01:00:00+01:00,2.043322035778642
2019,CO2/CO/NOx,2019-01-21 02:00:00+01:00,2.103683163946858
2019,CO2/CO/NOx,2019-01-21 03:00:00+01:00,2.1883505049342085
2019,CO2/CO/NOx,2019-01-21 04:00:00+01:00,2.255237742330421
2019,CO2/CO/NOx,2019-01-21 05:00:00+01:00,2.342111962636944
2019,CO2/CO/NOx,2019-01-21 06:00:00+01:00,2.426355414948109
2019,CO2/CO/NOx,2019-01-21 07:00:00+01:00,2.472842241839305
2019,CO2/CO/NOx,2019-01-21 08:00:00+01:00,2.4682364800590384
2019,CO2/CO/NOx,2019-01-21 09:00:00+01:00,2.4056596712929275
2019,CO2/CO/NOx,2019-01-21 10:00:00+01:00,2.3699447535151448
2019,CO2/CO/NOx,2019-01-21 11:00:00+01:00,2.3319219725341997
2019,CO2/CO/NOx,2019-01-21 12:00:00+01:00,2.3107921991404923
2019,CO2/CO/NOx,2019-01-21 13:00:00+01:00,2.3365176345953604
2019,CO2/CO/NOx,2019-01-21 14:00:00+01:00,2.377779018316984
2019,CO2/CO/NOx,2019-01-21 15:00:00+01:00,2.4310286417529197
2019,CO2/CO/NOx,2019-01-21 16:00:00+01:00,2.443537124966427
2019,CO2/CO/NOx,2019-01-21 17:00:00+01:00,2.429654942262583
2019,CO2/CO/NOx,2019-01-21 18:00:00+01:00,2.41251292474873
2019,CO2/CO/NOx,2019-01-21 19:00:00+01:00,2.353273647865055
2019,CO2/CO/NOx,2019-01-21 20:00:00+01:00,2.273008775494459
2019,CO2/CO/NOx,2019-01-21 21:00:00+01:00,2.1956151660651084
2019,CO2/CO/NOx,2019-01-21 22:00:00+01:00,2.1364501364701973
2019,CO2/CO/NOx,2019-01-21 23:00:00+01:00,2.0779252543778095
2019,CO2/CO/NOx,2019-01-22 00:00:00+01:00,2.008585967793231
2019,CO2/CO/NOx,2019-01-22 01:00:00+01:00,1.983218360336903
2019,CO2/CO/NOx,2019-01-22 02:00:00+01:00,2.0113999650395913
2019,CO2/CO/NOx,2019-01-22 03:00:00+01:00,2.0867252403603853
2019,CO2/CO/NOx,2019-01-22 04:00:00+01:00,2.177559298657285
2019,CO2/CO/NOx,2019-01-22 05:00:00+01:00,2.283178857591499
2019,CO2/CO/NOx,2019-01-22 06:00:00+01:00,2.383884237681035
2019,CO2/CO/NOx,2019-01-22 07:00:00+01:00,2.432634735622537
2019,CO2/CO/NOx,2019-01-22 08:00:00+01:00,2.43818338781737
2019,CO2/CO/NOx,2019-01-22 09:00:00+01:00,2.3944837910730596
2019,CO2/CO/NOx,2019-01-22 10:00:00+01:00,2.3703028239843817
2019,CO2/CO/NOx,2019-01-22 11:00:00+01:00,2.332905465309963
2019,CO2/CO/NOx,2019-01-22 12:00:00+01:00,2.3048368588090278
2019,CO2/CO/NOx,2019-01-22 13:00:00+01:00,2.3222147182229307
2019,CO2/CO/NOx,2019-01-22 14:00:00+01:00,2.36230713025
2019,CO2/CO/NOx,2019-01-22 15:00:00+01:00,2.4298162394448295
2019,CO2/CO/NOx,2019-01-22 16:00:00+01:00,2.4449595513870483
2019,CO2/CO/NOx,2019-01-22 17:00:00+01:00,2.433852517705826
2019,CO2/CO/NOx,2019-01-22 18:00:00+01:00,2.432278127125268
2019,CO2/CO/NOx,2019-01-22 19:00:00+01:00,2.380118388094544
2019,CO2/CO/NOx,2019-01-22 20:00:00+01:00,2.2943259598138166
2019,CO2/CO/NOx,2019-01-22 21:00:00+01:00,2.2066334579904883
2019,CO2/CO/NOx,2019-01-22 22:00:00+01:00,2.132580098253047
2019,CO2/CO/NOx,2019-01-22 23:00:00+01:00,2.0831307818001363
2019,CO2/CO/NOx,2019-01-23 00:00:00+01:00,2.0322689162413408
2019,CO2/CO/NOx,2019-01-23 01:00:00+01:00,2.0209530367439394
2019,CO2/CO/NOx,2019-01-23 02:00:00+01:00,2.0588298470193123
2019,CO2/CO/NOx,2019-01-23 03:00:00+01:00,2.1481048187920617
2019,CO2/CO/NOx,2019-01-23 04:00:00+01:00,2.239280358776526
2019,CO2/CO/NOx,2019-01-23 05:00:00+01:00,2.344770906073839
2019,CO2/CO/NOx,2019-01-23 06:00:00+01:00,2.4538965243061623
2019,CO2/CO/NOx,2019-01-23 07:00:00+01:00,2.524255569313567
2019,CO2/CO/NOx,2019-01-23 08:00:00+01:00,2.52882298236215
2019,CO2/CO/NOx,2019-01-23 09:00:00+01:00,2.4687652856735296
2019,CO2/CO/NOx,2019-01-23 10:00:00+01:00,2.425003057629683
2019,CO2/CO/NOx,2019-01-23 11:00:00+01:00,2.3833933714925806
2019,CO2/CO/NOx,2019-01-23 12:00:00+01:00,2.32583386790116
2019,CO2/CO/NOx,2019-01-23 13:00:00+01:00,2.3029165307573347
2019,CO2/CO/NOx,2019-01-23 14:00:00+01:00,2.3088385719391438
2019,CO2/CO/NOx,2019-01-23 15:00:00+01:00,2.3500867139676083
2019,CO2/CO/NOx,2019-01-23 16:00:00+01:00,2.3641899012188694
2019,CO2/CO/NOx,2019-01-23 17:00:00+01:00,2.354750187193199
2019,CO2/CO/NOx,2019-01-23 18:00:00+01:00,2.3610867853504685
2019,CO2/CO/NOx,2019-01-23 19:00:00+01:00,2.33193111333438
2019,CO2/CO/NOx,2019-01-23 20:00:00+01:00,2.2848046678627094
2019,CO2/CO/NOx,2019-01-23 21:00:00+01:00,2.208939222335073
2019,CO2/CO/NOx,2019-01-23 22:00:00+01:00,2.1369165476307423
2019,CO2/CO/NOx,2019-01-23 23:00:00+01:00,2.0828012151537534
2019,CO2/CO/NOx,2019-01-24 00:00:00+01:00,2.027632360804313
2019,CO2/CO/NOx,2019-01-24 01:00:00+01:00,2.0150572780123066
2019,CO2/CO/NOx,2019-01-24 02:00:00+01:00,2.065021513959937
2019,CO2/CO/NOx,2019-01-24 03:00:00+01:00,2.152446873434495
2019,CO2/CO/NOx,2019-01-24 04:00:00+01:00,2.2387272423601323
2019,CO2/CO/NOx,2019-01-24 05:00:00+01:00,2.323561718517669
2019,CO2/CO/NOx,2019-01-24 06:00:00+01:00,2.4040798432865844
2019,CO2/CO/NOx,2019-01-24 07:00:00+01:00,2.441671174946845
2019,CO2/CO/NOx,2019-01-24 08:00:00+01:00,2.4358593378268116
2019,CO2/CO/NOx,2019-01-24 09:00:00+01:00,2.386155009808471
2019,CO2/CO/NOx,2019-01-24 10:00:00+01:00,2.37209105093644
2019,CO2/CO/NOx,2019-01-24 11:00:00+01:00,2.364384530859222
2019,CO2/CO/NOx,2019-01-24 12:00:00+01:00,2.3479125231701485
2019,CO2/CO/NOx,2019-01-24 13:00:00+01:00,2.361227749952988
2019,CO2/CO/NOx,2019-01-24 14:00:00+01:00,2.3884129453993106
2019,CO2/CO/NOx,2019-01-24 15:00:00+01:00,2.435938682939243
2019,CO2/CO/NOx,2019-01-24 16:00:00+01:00,2.464635067874673
2019,CO2/CO/NOx,2019-01-24 17:00:00+01:00,2.461580246774224
2019,CO2/CO/NOx,2019-01-24 18:00:00+01:00,2.459180972998972
2019,CO2/CO/NOx,2019-01-24 19:00:00+01:00,2.420917639698596
2019,CO2/CO/NOx,2019-01-24 20:00:00+01:00,2.348793654161102
2019,CO2/CO/NOx,2019-01-24 21:00:00+01:00,2.2695503137368007
2019,CO2/CO/NOx,2019-01-24 22:00:00+01:00,2.1849242650372642
2019,CO2/CO/NOx,2019-01-24 23:00:00+01:00,2.1044065850350777
2019,CO2/CO/NOx,2019-01-25 00:00:00+01:00,2.012087528232211
2019,CO2/CO/NOx,2019-01-25 01:00:00+01:00,1.986342612241606
2019,CO2/CO/NOx,2019-01-25 02:00:00+01:00,2.0155066110832034
2019,CO2/CO/NOx,2019-01-25 03:00:00+01:00,2.077881254205058
2019,CO2/CO/NOx,2019-01-25 04:00:00+01:00,2.1621430021082957
2019,CO2/CO/NOx,2019-01-25 05:00:00+01:00,2.276462018690219
2019,CO2/CO/NOx,2019-01-25 06:00:00+01:00,2.4051445420083604
2019,CO2/CO/NOx,2019-01-25 07:00:00+01:00,2.4877751228152283
2019,CO2/CO/NOx,2019-01-25 08:00:00+01:00,2.5114166942210545
2019,CO2/CO/NOx,2019-01-25 09:00:00+01:00,2.465817891251441
2019,CO2/CO/NOx,2019-01-25 10:00:00+01:00,2.4373518282920617
2019,CO2/CO/NOx,2019-01-25 11:00:00+01:00,2.400930257349253
2019,CO2/CO/NOx,2019-01-25 12:00:00+01:00,2.3401179775966305
2019,CO2/CO/NOx,2019-01-25 13:00:00+01:00,2.328292414115979
2019,CO2/CO/NOx,2019-01-25 14:00:00+01:00,2.3375926239077764
2019,CO2/CO/NOx,2019-01-25 15:00:00+01:00,2.365568385331684
2019,CO2/CO/NOx,2019-01-25 16:00:00+01:00,2.370645265604218
2019,CO2/CO/NOx,2019-01-25 17:00:00+01:00,2.3678508161574845
2019,CO2/CO/NOx,2019-01-25 18:00:00+01:00,2.367053410443823
2019,CO2/CO/NOx,2019-01-25 19:00:00+01:00,2.343512049004092
2019,CO2/CO/NOx,2019-01-25 20:00:00+01:00,2.279376485574983
2019,CO2/CO/NOx,2019-01-25 21:00:00+01:00,2.186922818234837
2019,CO2/CO/NOx,2019-01-25 22:00:00+01:00,2.1033475314348324
2019,CO2/CO/NOx,2019-01-25 23:00:00+01:00,2.0166163621879427
2019,CO2/CO/NOx,2019-01-26 00:00:00+01:00,1.9145515137303855
2019,CO2/CO/NOx,2019-01-26 01:00:00+01:00,1.8504672552977197
2019,CO2/CO/NOx,2019-01-26 02:00:00+01:00,1.8654764282684675
2019,CO2/CO/NOx,2019-01-26 03:00:00+01:00,1.9451831678322193
2019,CO2/CO/NOx,2019-01-26 04:00:00+01:00,2.0344912113096747
2019,CO2/CO/NOx,2019-01-26 05:00:00+01:00,2.100158830811283
2019,CO2/CO/NOx,2019-01-26 06:00:00+01:00,2.153011800283891
2019,CO2/CO/NOx,2019-01-26 07:00:00+01:00,2.1711494818516788
2019,CO2/CO/NOx,2019-01-26 08:00:00+01:00,2.1559300785204174
2019,CO2/CO/NOx,2019-01-26 09:00:00+01:00,2.077495657869281
2019,CO2/CO/NOx,2019-01-26 10:00:00+01:00,2.0032492933005717
2019,CO2/CO/NOx,2019-01-26 11:00:00+01:00,1.9423954776913268
2019,CO2/CO/NOx,2019-01-26 12:00:00+01:00,1.8783967285577194
2019,CO2/CO/NOx,2019-01-26 13:00:00+01:00,1.82734302511747
2019,CO2/CO/NOx,2019-01-26 14:00:00+01:00,1.7932840406627726
2019,CO2/CO/NOx,2019-01-26 15:00:00+01:00,1.7883879446846993
2019,CO2/CO/NOx,2019-01-26 16:00:00+01:00,1.7869090069964872
2019,CO2/CO/NOx,2019-01-26 17:00:00+01:00,1.7991946230950848
2019,CO2/CO/NOx,2019-01-26 18:00:00+01:00,1.809872255707734
2019,CO2/CO/NOx,2019-01-26 19:00:00+01:00,1.796509886124776
2019,CO2/CO/NOx,2019-01-26 20:00:00+01:00,1.770401817861517
2019,CO2/CO/NOx,2019-01-26 21:00:00+01:00,1.7310453040687117
2019,CO2/CO/NOx,2019-01-26 22:00:00+01:00,1.6894353484215938
2019,CO2/CO/NOx,2019-01-26 23:00:00+01:00,1.6497174633064933
2019,CO2/CO/NOx,2019-01-27 00:00:00+01:00,1.6028123632566929
2019,CO2/CO/NOx,2019-01-27 01:00:00+01:00,1.5771474313966145
2019,CO2/CO/NOx,2019-01-27 02:00:00+01:00,1.5790261216572936
2019,CO2/CO/NOx,2019-01-27 03:00:00+01:00,1.6049480124509525
2019,CO2/CO/NOx,2019-01-27 04:00:00+01:00,1.6395543128331775
2019,CO2/CO/NOx,2019-01-27 05:00:00+01:00,1.6852073239183962
2019,CO2/CO/NOx,2019-01-27 06:00:00+01:00,1.7425936038014582
2019,CO2/CO/NOx,2019-01-27 07:00:00+01:00,1.77990752002487
2019,CO2/CO/NOx,2019-01-27 08:00:00+01:00,1.7908335531919437
2019,CO2/CO/NOx,2019-01-27 09:00:00+01:00,1.770089973814781
2019,CO2/CO/NOx,2019-01-27 10:00:00+01:00,1.7385868949121617
2019,CO2/CO/NOx,2019-01-27 11:00:00+01:00,1.6907017505909967
2019,CO2/CO/NOx,2019-01-27 12:00:00+01:00,1.6267006100353238
2019,CO2/CO/NOx,2019-01-27 13:00:00+01:00,1.5786456216697147
2019,CO2/CO/NOx,2019-01-27 14:00:00+01:00,1.5439351854408352
2019,CO2/CO/NOx,2019-01-27 15:00:00+01:00,1.5512198358954936
2019,CO2/CO/NOx,2019-01-27 16:00:00+01:00,1.5712344695235125
2019,CO2/CO/NOx,2019-01-27 17:00:00+01:00,1.5896307318974896
2019,CO2/CO/NOx,2019-01-27 18:00:00+01:00,1.6220413364389017
2019,CO2/CO/NOx,2019-01-27 19:00:00+01:00,1.641005516635801
2019,CO2/CO/NOx,2019-01-27 20:00:00+01:00,1.6228944242358645
2019,CO2/CO/NOx,2019-01-27 21:00:00+01:00,1.5895365274142679
2019,CO2/CO/NOx,2019-01-27 22:00:00+01:00,1.5522558604724064
2019,CO2/CO/NOx,2019-01-27 23:00:00+01:00,1.5148850899355053
2019,CO2/CO/NOx,2019-01-28 00:00:00+01:00,1.476876011182328
2019,CO2/CO/NOx,2019-01-28 01:00:00+01:00,1.482591064491095
2019,CO2/CO/NOx,2019-01-28 02:00:00+01:00,1.5316468828757028
2019,CO2/CO/NOx,2019-01-28 03:00:00+01:00,1.6055418575628837
2019,CO2/CO/NOx,2019-01-28 04:00:00+01:00,1.701110740554574
2019,CO2/CO/NOx,2019-01-28 05:00:00+01:00,1.7886466796066138
2019,CO2/CO/NOx,2019-01-28 06:00:00+01:00,1.8814896024022025
2019,CO2/CO/NOx,2019-01-28 07:00:00+01:00,1.9305247854982683
2019,CO2/CO/NOx,2019-01-28 08:00:00+01:00,1.9345726479547143
2019,CO2/CO/NOx,2019-01-28 09:00:00+01:00,1.887372297129243
2019,CO2/CO/NOx,2019-01-28 10:00:00+01:00,1.866310552143709
2019,CO2/CO/NOx,2019-01-28 11:00:00+01:00,1.8375576754255147
2019,CO2/CO/NOx,2019-01-28 12:00:00+01:00,1.779146070816024
2019,CO2/CO/NOx,2019-01-28 13:00:00+01:00,1.7626594320690694
2019,CO2/CO/NOx,2019-01-28 14:00:00+01:00,1.7813195996821987
2019,CO2/CO/NOx,2019-01-28 15:00:00+01:00,1.831804089188417
2019,CO2/CO/NOx,2019-01-28 16:00:00+01:00,1.8668877652340903
2019,CO2/CO/NOx,2019-01-28 17:00:00+01:00,1.8979427134926132
2019,CO2/CO/NOx,2019-01-28 18:00:00+01:00,1.9414767089711864
2019,CO2/CO/NOx,2019-01-28 19:00:00+01:00,1.931512394774935
2019,CO2/CO/NOx,2019-01-28 20:00:00+01:00,1.876576055417583
2019,CO2/CO/NOx,2019-01-28 21:00:00+01:00,1.7867307019485545
2019,CO2/CO/NOx,2019-01-28 22:00:00+01:00,1.72592606605507
2019,CO2/CO/NOx,2019-01-28 23:00:00+01:00,1.6836822872645723
2019,CO2/CO/NOx,2019-01-29 00:00:00+01:00,1.6497752520732147
2019,CO2/CO/NOx,2019-01-29 01:00:00+01:00,1.6776514332437666
2019,CO2/CO/NOx,2019-01-29 02:00:00+01:00,1.7736301469653317
2019,CO2/CO/NOx,2019-01-29 03:00:00+01:00,1.9090356490265428
2019,CO2/CO/NOx,2019-01-29 04:00:00+01:00,2.032516597337626
2019,CO2/CO/NOx,2019-01-29 05:00:00+01:00,2.1266579594705135
2019,CO2/CO/NOx,2019-01-29 06:00:00+01:00,2.192525314240557
2019,CO2/CO/NOx,2019-01-29 07:00:00+01:00,2.2326873424666323
2019,CO2/CO/NOx,2019-01-29 08:00:00+01:00,2.2112831931361536
2019,CO2/CO/NOx,2019-01-29 09:00:00+01:00,2.118888405603018
2019,CO2/CO/NOx,2019-01-29 10:00:00+01:00,2.0430650412896494
2019,CO2/CO/NOx,2019-01-29 11:00:00+01:00,1.978582707388938
2019,CO2/CO/NOx,2019-01-29 12:00:00+01:00,1.924596980782054
2019,CO2/CO/NOx,2019-01-29 13:00:00+01:00,1.919025109488852
2019,CO2/CO/NOx,2019-01-29 14:00:00+01:00,1.9299241340129905
2019,CO2/CO/NOx,2019-01-29 15:00:00+01:00,1.9934272910394535
2019,CO2/CO/NOx,2019-01-29 16:00:00+01:00,2.0685115912043517
2019,CO2/CO/NOx,2019-01-29 17:00:00+01:00,2.129795838287617
2019,CO2/CO/NOx,2019-01-29 18:00:00+01:00,2.1811489877678585
2019,CO2/CO/NOx,2019-01-29 19:00:00+01:00,2.1859419414649723
2019,CO2/CO/NOx,2019-01-29 20:00:00+01:00,2.1451340655548954
2019,CO2/CO/NOx,2019-01-29 21:00:00+01:00,2.061623846475479
2019,CO2/CO/NOx,2019-01-29 22:00:00+01:00,2.0081750551608044
2019,CO2/CO/NOx,2019-01-29 23:00:00+01:00,1.955279434912496
2019,CO2/CO/NOx,2019-01-30 00:00:00+01:00,1.8988303588625506
2019,CO2/CO/NOx,2019-01-30 01:00:00+01:00,1.8913895291458294
2019,CO2/CO/NOx,2019-01-30 02:00:00+01:00,1.9402337806007197
2019,CO2/CO/NOx,2019-01-30 03:00:00+01:00,2.03545553106662
2019,CO2/CO/NOx,2019-01-30 04:00:00+01:00,2.114755409005111
2019,CO2/CO/NOx,2019-01-30 05:00:00+01:00,2.1937573073702343
2019,CO2/CO/NOx,2019-01-30 06:00:00+01:00,2.277727127406615
2019,CO2/CO/NOx,2019-01-30 07:00:00+01:00,2.369919346136064
2019,CO2/CO/NOx,2019-01-30 08:00:00+01:00,2.418347444177926
2019,CO2/CO/NOx,2019-01-30 09:00:00+01:00,2.391931594235633
2019,CO2/CO/NOx,2019-01-30 10:00:00+01:00,2.3417575861350874
2019,CO2/CO/NOx,2019-01-30 11:00:00+01:00,2.254113228895956
2019,CO2/CO/NOx,2019-01-30 12:00:00+01:00,2.1489180986794687
2019,CO2/CO/NOx,2019-01-30 13:00:00+01:00,2.0583341929195482
2019,CO2/CO/NOx,2019-01-30 14:00:00+01:00,1.996840615913202
2019,CO2/CO/NOx,2019-01-30 15:00:00+01:00,2.0078813160100033
2019,CO2/CO/NOx,2019-01-30 16:00:00+01:00,2.0271137365642202
2019,CO2/CO/NOx,2019-01-30 17:00:00+01:00,2.0728636588623535
2019,CO2/CO/NOx,2019-01-30 18:00:00+01:00,2.1362268954104717
2019,CO2/CO/NOx,2019-01-30 19:00:00+01:00,2.1453789602710542
2019,CO2/CO/NOx,2019-01-30 20:00:00+01:00,2.103361549252515
2019,CO2/CO/NOx,2019-01-30 21:00:00+01:00,2.042026850219382
2019,CO2/CO/NOx,2019-01-30 22:00:00+01:00,1.9777338803938596
2019,CO2/CO/NOx,2019-01-30 23:00:00+01:00,1.9185411601462719
2019,CO2/CO/NOx,2019-01-31 00:00:00+01:00,1.8621149467009015
2019,CO2/CO/NOx,2019-01-31 01:00:00+01:00,1.8458408971136975
2019,CO2/CO/NOx,2019-01-31 02:00:00+01:00,1.889605996957845
2019,CO2/CO/NOx,2019-01-31 03:00:00+01:00,2.0067549553370156
2019,CO2/CO/NOx,2019-01-31 04:00:00+01:00,2.1066321655255664
2019,CO2/CO/NOx,2019-01-31 05:00:00+01:00,2.189497346735294
2019,CO2/CO/NOx,2019-01-31 06:00:00+01:00,2.2782891813689305
2019,CO2/CO/NOx,2019-01-31 07:00:00+01:00,2.3237930872445522
2019,CO2/CO/NOx,2019-01-31 08:00:00+01:00,2.3073680882759477
2019,CO2/CO/NOx,2019-01-31 09:00:00+01:00,2.217375720315349
2019,CO2/CO/NOx,2019-01-31 10:00:00+01:00,2.146018962132106
2019,CO2/CO/NOx,2019-01-31 11:00:00+01:00,2.0693478064561845
2019,CO2/CO/NOx,2019-01-31 12:00:00+01:00,1.986522807533043
2019,CO2/CO/NOx,2019-01-31 13:00:00+01:00,1.9448211806007174
2019,CO2/CO/NOx,2019-01-31 14:00:00+01:00,1.9545741742118308
2019,CO2/CO/NOx,2019-01-31 15:00:00+01:00,2.0154584132094793
2019,CO2/CO/NOx,2019-01-31 16:00:00+01:00,2.066350565821603
2019,CO2/CO/NOx,2019-01-31 17:00:00+01:00,2.1115990787880983
2019,CO2/CO/NOx,2019-01-31 18:00:00+01:00,2.149708306656024
2019,CO2/CO/NOx,2019-01-31 19:00:00+01:00,2.1307792685182942
2019,CO2/CO/NOx,2019-01-31 20:00:00+01:00,2.060066247894515
2019,CO2/CO/NOx,2019-01-31 21:00:00+01:00,1.9494194119339738
2019,CO2/CO/NOx,2019-01-31 22:00:00+01:00,1.8564338398085822
2019,CO2/CO/NOx,2019-01-31 23:00:00+01:00,1.7787983280155075
2019,CO2/CO/NOx,2019-02-01 00:00:00+01:00,1.6860077351779537
2019,CO2/CO/NOx,2019-02-01 01:00:00+01:00,1.6576914091722337
2019,CO2/CO/NOx,2019-02-01 02:00:00+01:00,1.6945034404352353
2019,CO2/CO/NOx,2019-02-01 03:00:00+01:00,1.7724098481410329
2019,CO2/CO/NOx,2019-02-01 04:00:00+01:00,1.846322956460727
2019,CO2/CO/NOx,2019-02-01 05:00:00+01:00,1.9294632120459065
2019,CO2/CO/NOx,2019-02-01 06:00:00+01:00,2.0382964243998973
2019,CO2/CO/NOx,2019-02-01 07:00:00+01:00,2.1189953030931794
2019,CO2/CO/NOx,2019-02-01 08:00:00+01:00,2.1580744185206093
2019,CO2/CO/NOx,2019-02-01 09:00:00+01:00,2.136785239652458
2019,CO2/CO/NOx,2019-02-01 10:00:00+01:00,2.114363768949255
2019,CO2/CO/NOx,2019-02-01 11:00:00+01:00,2.054241404471514
2019,CO2/CO/NOx,2019-02-01 12:00:00+01:00,1.9817090293623258
2019,CO2/CO/NOx,2019-02-01 13:00:00+01:00,1.9302197196520565
2019,CO2/CO/NOx,2019-02-01 14:00:00+01:00,1.9154181472247231
2019,CO2/CO/NOx,2019-02-01 15:00:00+01:00,1.9549025321798512
2019,CO2/CO/NOx,2019-02-01 16:00:00+01:00,1.984848280047763
2019,CO2/CO/NOx,2019-02-01 17:00:00+01:00,2.0201162252391858
2019,CO2/CO/NOx,2019-02-01 18:00:00+01:00,2.0653220465037685
2019,CO2/CO/NOx,2019-02-01 19:00:00+01:00,2.062520407554827
2019,CO2/CO/NOx,2019-02-01 20:00:00+01:00,1.9965001114412924
2019,CO2/CO/NOx,2019-02-01 21:00:00+01:00,1.9009920284073663
2019,CO2/CO/NOx,2019-02-01 22:00:00+01:00,1.80023817846042
2019,CO2/CO/NOx,2019-02-01 23:00:00+01:00,1.7086316127703411
2019,CO2/CO/NOx,2019-02-02 00:00:00+01:00,1.6176151463521498
2019,CO2/CO/NOx,2019-02-02 01:00:00+01:00,1.5712996323602277
2019,CO2/CO/NOx,2019-02-02 02:00:00+01:00,1.5881050408283486
2019,CO2/CO/NOx,2019-02-02 03:00:00+01:00,1.6526112042210432
2019,CO2/CO/NOx,2019-02-02 04:00:00+01:00,1.7153096104358136
2019,CO2/CO/NOx,2019-02-02 05:00:00+01:00,1.7635349717997792
2019,CO2/CO/NOx,2019-02-02 06:00:00+01:00,1.8075781558409627
2019,CO2/CO/NOx,2019-02-02 07:00:00+01:00,1.832791093505291
2019,CO2/CO/NOx,2019-02-02 08:00:00+01:00,1.8310919261852046
2019,CO2/CO/NOx,2019-02-02 09:00:00+01:00,1.797264903488484
2019,CO2/CO/NOx,2019-02-02 10:00:00+01:00,1.7843143966442554
2019,CO2/CO/NOx,2019-02-02 11:00:00+01:00,1.76199039205708
2019,CO2/CO/NOx,2019-02-02 12:00:00+01:00,1.7270006581109882
2019,CO2/CO/NOx,2019-02-02 13:00:00+01:00,1.7056239213621613
2019,CO2/CO/NOx,2019-02-02 14:00:00+01:00,1.6958437797261887
2019,CO2/CO/NOx,2019-02-02 15:00:00+01:00,1.7062047575944832
2019,CO2/CO/NOx,2019-02-02 16:00:00+01:00,1.7200226006225168
2019,CO2/CO/NOx,2019-02-02 17:00:00+01:00,1.7352834774765675
2019,CO2/CO/NOx,2019-02-02 18:00:00+01:00,1.7631311546461768
2019,CO2/CO/NOx,2019-02-02 19:00:00+01:00,1.7636666088182478
2019,CO2/CO/NOx,2019-02-02 20:00:00+01:00,1.7329206328284161
2019,CO2/CO/NOx,2019-02-02 21:00:00+01:00,1.6906112905946484
2019,CO2/CO/NOx,2019-02-02 22:00:00+01:00,1.643202479324195
2019,CO2/CO/NOx,2019-02-02 23:00:00+01:00,1.5946457320008476
2019,CO2/CO/NOx,2019-02-03 00:00:00+01:00,1.5325875142798682
2019,CO2/CO/NOx,2019-02-03 01:00:00+01:00,1.5157735583516434
2019,CO2/CO/NOx,2019-02-03 02:00:00+01:00,1.5393468975798026
2019,CO2/CO/NOx,2019-02-03 03:00:00+01:00,1.6020348438741114
2019,CO2/CO/NOx,2019-02-03 04:00:00+01:00,1.6697863135999311
2019,CO2/CO/NOx,2019-02-03 05:00:00+01:00,1.7445668081320704
2019,CO2/CO/NOx,2019-02-03 06:00:00+01:00,1.8145108446501634
2019,CO2/CO/NOx,2019-02-03 07:00:00+01:00,1.856724694075374
2019,CO2/CO/NOx,2019-02-03 08:00:00+01:00,1.8788580817129454
2019,CO2/CO/NOx,2019-02-03 09:00:00+01:00,1.86281176420566
2019,CO2/CO/NOx,2019-02-03 10:00:00+01:00,1.876137750793535
2019,CO2/CO/NOx,2019-02-03 11:00:00+01:00,1.891503354046287
2019,CO2/CO/NOx,2019-02-03 12:00:00+01:00,1.9062573687874877
2019,CO2/CO/NOx,2019-02-03 13:00:00+01:00,1.9315459681154952
2019,CO2/CO/NOx,2019-02-03 14:00:00+01:00,1.9609101107090336
2019,CO2/CO/NOx,2019-02-03 15:00:00+01:00,1.996354838357291
2019,CO2/CO/NOx,2019-02-03 16:00:00+01:00,2.0048824879927727
2019,CO2/CO/NOx,2019-02-03 17:00:00+01:00,2.012333913711132
2019,CO2/CO/NOx,2019-02-03 18:00:00+01:00,2.0272855261883906
2019,CO2/CO/NOx,2019-02-03 19:00:00+01:00,2.0039570291236055
2019,CO2/CO/NOx,2019-02-03 20:00:00+01:00,1.9758506129855906
2019,CO2/CO/NOx,2019-02-03 21:00:00+01:00,1.934621907914915
2019,CO2/CO/NOx,2019-02-03 22:00:00+01:00,1.9135966944402096
2019,CO2/CO/NOx,2019-02-03 23:00:00+01:00,1.894940348589824
2019,CO2/CO/NOx,2019-02-04 00:00:00+01:00,1.905976323106671
2019,CO2/CO/NOx,2019-02-04 01:00:00+01:00,1.9562268040062132
2019,CO2/CO/NOx,2019-02-04 02:00:00+01:00,2.0576843442098585
2019,CO2/CO/NOx,2019-02-04 03:00:00+01:00,2.1813753534292637
2019,CO2/CO/NOx,2019-02-04 04:00:00+01:00,2.269268785930118
2019,CO2/CO/NOx,2019-02-04 05:00:00+01:00,2.3551387048319032
2019,CO2/CO/NOx,2019-02-04 06:00:00+01:00,2.429734146082306
2019,CO2/CO/NOx,2019-02-04 07:00:00+01:00,2.456208868798986
2019,CO2/CO/NOx,2019-02-04 08:00:00+01:00,2.4118494255712952
2019,CO2/CO/NOx,2019-02-04 09:00:00+01:00,2.345050646186093
2019,CO2/CO/NOx,2019-02-04 10:00:00+01:00,2.296302476743336
2019,CO2/CO/NOx,2019-02-04 11:00:00+01:00,2.2588822631313032
2019,CO2/CO/NOx,2019-02-04 12:00:00+01:00,2.229569318197865
2019,CO2/CO/NOx,2019-02-04 13:00:00+01:00,2.2273957958543584
2019,CO2/CO/NOx,2019-02-04 14:00:00+01:00,2.252406417155045
2019,CO2/CO/NOx,2019-02-04 15:00:00+01:00,2.3247255541969443
2019,CO2/CO/NOx,2019-02-04 16:00:00+01:00,2.359431122351917
2019,CO2/CO/NOx,2019-02-04 17:00:00+01:00,2.3895215228635296
2019,CO2/CO/NOx,2019-02-04 18:00:00+01:00,2.404320511049851
2019,CO2/CO/NOx,2019-02-04 19:00:00+01:00,2.3619593282268436
2019,CO2/CO/NOx,2019-02-04 20:00:00+01:00,2.266995723272293
2019,CO2/CO/NOx,2019-02-04 21:00:00+01:00,2.1561348214969795
2019,CO2/CO/NOx,2019-02-04 22:00:00+01:00,2.053659127663731
2019,CO2/CO/NOx,2019-02-04 23:00:00+01:00,1.9757226562693926
2019,CO2/CO/NOx,2019-02-05 00:00:00+01:00,1.897643508839666
2019,CO2/CO/NOx,2019-02-05 01:00:00+01:00,1.91843857959822
2019,CO2/CO/NOx,2019-02-05 02:00:00+01:00,2.0291747819230195
2019,CO2/CO/NOx,2019-02-05 03:00:00+01:00,2.163236926014971
2019,CO2/CO/NOx,2019-02-05 04:00:00+01:00,2.276999262478685
2019,CO2/CO/NOx,2019-02-05 05:00:00+01:00,2.3598381737869056
2019,CO2/CO/NOx,2019-02-05 06:00:00+01:00,2.4373112410024187
2019,CO2/CO/NOx,2019-02-05 07:00:00+01:00,2.4797710788858334
2019,CO2/CO/NOx,2019-02-05 08:00:00+01:00,2.4660707849530814
2019,CO2/CO/NOx,2019-02-05 09:00:00+01:00,2.365805259363347
2019,CO2/CO/NOx,2019-02-05 10:00:00+01:00,2.3196755065308614
2019,CO2/CO/NOx,2019-02-05 11:00:00+01:00,2.2873917498801983
2019,CO2/CO/NOx,2019-02-05 12:00:00+01:00,2.2576857187997836
2019,CO2/CO/NOx,2019-02-05 13:00:00+01:00,2.2574845841399536
2019,CO2/CO/NOx,2019-02-05 14:00:00+01:00,2.329417562267718
2019,CO2/CO/NOx,2019-02-05 15:00:00+01:00,2.42272643776551
2019,CO2/CO/NOx,2019-02-05 16:00:00+01:00,2.482695148666016
2019,CO2/CO/NOx,2019-02-05 17:00:00+01:00,2.491063298415529
2019,CO2/CO/NOx,2019-02-05 18:00:00+01:00,2.4636549827730354
2019,CO2/CO/NOx,2019-02-05 19:00:00+01:00,2.402826021693421
2019,CO2/CO/NOx,2019-02-05 20:00:00+01:00,2.302897023331576
2019,CO2/CO/NOx,2019-02-05 21:00:00+01:00,2.180793037500572
2019,CO2/CO/NOx,2019-02-05 22:00:00+01:00,2.078054048528397
2019,CO2/CO/NOx,2019-02-05 23:00:00+01:00,2.0383517908659137
2019,CO2/CO/NOx,2019-02-06 00:00:00+01:00,1.9684860570851708
2019,CO2/CO/NOx,2019-02-06 01:00:00+01:00,1.9489337186896611
2019,CO2/CO/NOx,2019-02-06 02:00:00+01:00,1.9886531102171248
2019,CO2/CO/NOx,2019-02-06 03:00:00+01:00,2.0688549227603277
2019,CO2/CO/NOx,2019-02-06 04:00:00+01:00,2.169394115129596
2019,CO2/CO/NOx,2019-02-06 05:00:00+01:00,2.266630513767858
2019,CO2/CO/NOx,2019-02-06 06:00:00+01:00,2.3817266595172133
2019,CO2/CO/NOx,2019-02-06 07:00:00+01:00,2.466698085636592
2019,CO2/CO/NOx,2019-02-06 08:00:00+01:00,2.486245074729905
2019,CO2/CO/NOx,2019-02-06 09:00:00+01:00,2.4447565339348323
2019,CO2/CO/NOx,2019-02-06 10:00:00+01:00,2.4135757635149937
2019,CO2/CO/NOx,2019-02-06 11:00:00+01:00,2.3682310821895167
2019,CO2/CO/NOx,2019-02-06 12:00:00+01:00,2.31081172437209
2019,CO2/CO/NOx,2019-02-06 13:00:00+01:00,2.2945359660860274
2019,CO2/CO/NOx,2019-02-06 14:00:00+01:00,2.327921434083758
2019,CO2/CO/NOx,2019-02-06 15:00:00+01:00,2.407110573423566
2019,CO2/CO/NOx,2019-02-06 16:00:00+01:00,2.457628756667838
2019,CO2/CO/NOx,2019-02-06 17:00:00+01:00,2.4706037118900923
2019,CO2/CO/NOx,2019-02-06 18:00:00+01:00,2.479233566696819
2019,CO2/CO/NOx,2019-02-06 19:00:00+01:00,2.426753385922658
2019,CO2/CO/NOx,2019-02-06 20:00:00+01:00,2.332451522061805
2019,CO2/CO/NOx,2019-02-06 21:00:00+01:00,2.2283376350987893
2019,CO2/CO/NOx,2019-02-06 22:00:00+01:00,2.137339270689966
2019,CO2/CO/NOx,2019-02-06 23:00:00+01:00,2.085893647851841
2019,CO2/CO/NOx,2019-02-07 00:00:00+01:00,2.036601902326765
2019,CO2/CO/NOx,2019-02-07 01:00:00+01:00,2.0302677747238254
2019,CO2/CO/NOx,2019-02-07 02:00:00+01:00,2.083670867174842
2019,CO2/CO/NOx,2019-02-07 03:00:00+01:00,2.174333523271021
2019,CO2/CO/NOx,2019-02-07 04:00:00+01:00,2.271383340505123
2019,CO2/CO/NOx,2019-02-07 05:00:00+01:00,2.377776967730117
2019,CO2/CO/NOx,2019-02-07 06:00:00+01:00,2.4743663784161054
2019,CO2/CO/NOx,2019-02-07 07:00:00+01:00,2.5212136719072102
2019,CO2/CO/NOx,2019-02-07 08:00:00+01:00,2.49923627153756
2019,CO2/CO/NOx,2019-02-07 09:00:00+01:00,2.4182493972970915
2019,CO2/CO/NOx,2019-02-07 10:00:00+01:00,2.3420479524283166
2019,CO2/CO/NOx,2019-02-07 11:00:00+01:00,2.2665620886398345
2019,CO2/CO/NOx,2019-02-07 12:00:00+01:00,2.1799301257100128
2019,CO2/CO/NOx,2019-02-07 13:00:00+01:00,2.1346288861087874
2019,CO2/CO/NOx,2019-02-07 14:00:00+01:00,2.113822362728984
2019,CO2/CO/NOx,2019-02-07 15:00:00+01:00,2.1220872239103614
2019,CO2/CO/NOx,2019-02-07 16:00:00+01:00,2.098102248449064
2019,CO2/CO/NOx,2019-02-07 17:00:00+01:00,2.0721545637315444
2019,CO2/CO/NOx,2019-02-07 18:00:00+01:00,2.0827659800345684
2019,CO2/CO/NOx,2019-02-07 19:00:00+01:00,2.061844832101858
2019,CO2/CO/NOx,2019-02-07 20:00:00+01:00,2.023939561433147
2019,CO2/CO/NOx,2019-02-07 21:00:00+01:00,1.9683455613139882
2019,CO2/CO/NOx,2019-02-07 22:00:00+01:00,1.9099738096789396
2019,CO2/CO/NOx,2019-02-07 23:00:00+01:00,1.8503681405458088
2019,CO2/CO/NOx,2019-02-08 00:00:00+01:00,1.7868757030076852
2019,CO2/CO/NOx,2019-02-08 01:00:00+01:00,1.7445340639248785
2019,CO2/CO/NOx,2019-02-08 02:00:00+01:00,1.7559160678278618
2019,CO2/CO/NOx,2019-02-08 03:00:00+01:00,1.8097876036159786
2019,CO2/CO/NOx,2019-02-08 04:00:00+01:00,1.861507605983029
2019,CO2/CO/NOx,2019-02-08 05:00:00+01:00,1.9182533171965308
2019,CO2/CO/NOx,2019-02-08 06:00:00+01:00,1.9786758914908056
2019,CO2/CO/NOx,2019-02-08 07:00:00+01:00,1.995929865461054
2019,CO2/CO/NOx,2019-02-08 08:00:00+01:00,1.981900425544025
2019,CO2/CO/NOx,2019-02-08 09:00:00+01:00,1.9008306400155828
2019,CO2/CO/NOx,2019-02-08 10:00:00+01:00,1.7934528192592907
2019,CO2/CO/NOx,2019-02-08 11:00:00+01:00,1.6566140149676658
2019,CO2/CO/NOx,2019-02-08 12:00:00+01:00,1.5005259325555254
2019,CO2/CO/NOx,2019-02-08 13:00:00+01:00,1.4014857702472037
2019,CO2/CO/NOx,2019-02-08 14:00:00+01:00,1.3767206281257398
2019,CO2/CO/NOx,2019-02-08 15:00:00+01:00,1.426398058947014
2019,CO2/CO/NOx,2019-02-08 16:00:00+01:00,1.488482228760339
2019,CO2/CO/NOx,2019-02-08 17:00:00+01:00,1.5899883970214064
2019,CO2/CO/NOx,2019-02-08 18:00:00+01:00,1.6924705626910632
2019,CO2/CO/NOx,2019-02-08 19:00:00+01:00,1.7344021896547428
2019,CO2/CO/NOx,2019-02-08 20:00:00+01:00,1.7092100162892416
2019,CO2/CO/NOx,2019-02-08 21:00:00+01:00,1.6259266676186528
2019,CO2/CO/NOx,2019-02-08 22:00:00+01:00,1.5497828519038153
2019,CO2/CO/NOx,2019-02-08 23:00:00+01:00,1.4917099536211234
2019,CO2/CO/NOx,2019-02-09 00:00:00+01:00,1.4264558488127277
2019,CO2/CO/NOx,2019-02-09 01:00:00+01:00,1.392604129638221
2019,CO2/CO/NOx,2019-02-09 02:00:00+01:00,1.4168584893304836
2019,CO2/CO/NOx,2019-02-09 03:00:00+01:00,1.483129709931503
2019,CO2/CO/NOx,2019-02-09 04:00:00+01:00,1.5495551057942807
2019,CO2/CO/NOx,2019-02-09 05:00:00+01:00,1.5939439027633362
2019,CO2/CO/NOx,2019-02-09 06:00:00+01:00,1.6418028265199986
2019,CO2/CO/NOx,2019-02-09 07:00:00+01:00,1.6442525180144831
2019,CO2/CO/NOx,2019-02-09 08:00:00+01:00,1.5947376889377725
2019,CO2/CO/NOx,2019-02-09 09:00:00+01:00,1.4927210836698326
2019,CO2/CO/NOx,2019-02-09 10:00:00+01:00,1.3975685583662598
2019,CO2/CO/NOx,2019-02-09 11:00:00+01:00,1.3092788239371713
2019,CO2/CO/NOx,2019-02-09 12:00:00+01:00,1.2318835160281256
2019,CO2/CO/NOx,2019-02-09 13:00:00+01:00,1.1985448860837464
2019,CO2/CO/NOx,2019-02-09 14:00:00+01:00,1.2001208194871178
2019,CO2/CO/NOx,2019-02-09 15:00:00+01:00,1.2563345982603693
2019,CO2/CO/NOx,2019-02-09 16:00:00+01:00,1.296032192839078
2019,CO2/CO/NOx,2019-02-09 17:00:00+01:00,1.3327160980176156
2019,CO2/CO/NOx,2019-02-09 18:00:00+01:00,1.3761783766455136
2019,CO2/CO/NOx,2019-02-09 19:00:00+01:00,1.385503030872233
2019,CO2/CO/NOx,2019-02-09 20:00:00+01:00,1.3678737153672378
2019,CO2/CO/NOx,2019-02-09 21:00:00+01:00,1.3208038956898653
2019,CO2/CO/NOx,2019-02-09 22:00:00+01:00,1.2695210510251342
2019,CO2/CO/NOx,2019-02-09 23:00:00+01:00,1.2321909403956732
2019,CO2/CO/NOx,2019-02-10 00:00:00+01:00,1.1914409603541194
2019,CO2/CO/NOx,2019-02-10 01:00:00+01:00,1.1738468474946506
2019,CO2/CO/NOx,2019-02-10 02:00:00+01:00,1.1985358969299589
2019,CO2/CO/NOx,2019-02-10 03:00:00+01:00,1.256770046358619
2019,CO2/CO/NOx,2019-02-10 04:00:00+01:00,1.3094718952631323
2019,CO2/CO/NOx,2019-02-10 05:00:00+01:00,1.3609936743808893
2019,CO2/CO/NOx,2019-02-10 06:00:00+01:00,1.4027622799844395
2019,CO2/CO/NOx,2019-02-10 07:00:00+01:00,1.4169891132573258
2019,CO2/CO/NOx,2019-02-10 08:00:00+01:00,1.4005255835953858
2019,CO2/CO/NOx,2019-02-10 09:00:00+01:00,1.339613664788516
2019,CO2/CO/NOx,2019-02-10 10:00:00+01:00,1.2732475391828735
2019,CO2/CO/NOx,2019-02-10 11:00:00+01:00,1.2017579507710767
2019,CO2/CO/NOx,2019-02-10 12:00:00+01:00,1.1274315957002579
2019,CO2/CO/NOx,2019-02-10 13:00:00+01:00,1.0935181639623186
2019,CO2/CO/NOx,2019-02-10 14:00:00+01:00,1.0893190460714322
2019,CO2/CO/NOx,2019-02-10 15:00:00+01:00,1.1243872653712965
2019,CO2/CO/NOx,2019-02-10 16:00:00+01:00,1.1713132464149827
2019,CO2/CO/NOx,2019-02-10 17:00:00+01:00,1.2442414856199047
2019,CO2/CO/NOx,2019-02-10 18:00:00+01:00,1.3254691149034887
2019,CO2/CO/NOx,2019-02-10 19:00:00+01:00,1.373053501331501
2019,CO2/CO/NOx,2019-02-10 20:00:00+01:00,1.3720134734406322
2019,CO2/CO/NOx,2019-02-10 21:00:00+01:00,1.3216540095812603
2019,CO2/CO/NOx,2019-02-10 22:00:00+01:00,1.2788063387086632
2019,CO2/CO/NOx,2019-02-10 23:00:00+01:00,1.2428330282251365
2019,CO2/CO/NOx,2019-02-11 00:00:00+01:00,1.2011819012607843
2019,CO2/CO/NOx,2019-02-11 01:00:00+01:00,1.209899519633769
2019,CO2/CO/NOx,2019-02-11 02:00:00+01:00,1.27405695056474
2019,CO2/CO/NOx,2019-02-11 03:00:00+01:00,1.3735018139270594
2019,CO2/CO/NOx,2019-02-11 04:00:00+01:00,1.4920527654910136
2019,CO2/CO/NOx,2019-02-11 05:00:00+01:00,1.607677986035103
2019,CO2/CO/NOx,2019-02-11 06:00:00+01:00,1.7080154707656447
2019,CO2/CO/NOx,2019-02-11 07:00:00+01:00,1.8021832692201163
2019,CO2/CO/NOx,2019-02-11 08:00:00+01:00,1.852025962554015
2019,CO2/CO/NOx,2019-02-11 09:00:00+01:00,1.8339254073616076
2019,CO2/CO/NOx,2019-02-11 10:00:00+01:00,1.8186602012330941
2019,CO2/CO/NOx,2019-02-11 11:00:00+01:00,1.7765481829544305
2019,CO2/CO/NOx,2019-02-11 12:00:00+01:00,1.7146558839777326
2019,CO2/CO/NOx,2019-02-11 13:00:00+01:00,1.6751407563720373
2019,CO2/CO/NOx,2019-02-11 14:00:00+01:00,1.6644859851469158
2019,CO2/CO/NOx,2019-02-11 15:00:00+01:00,1.6807569162382459
2019,CO2/CO/NOx,2019-02-11 16:00:00+01:00,1.7147714584062863
2019,CO2/CO/NOx,2019-02-11 17:00:00+01:00,1.742794472628941
2019,CO2/CO/NOx,2019-02-11 18:00:00+01:00,1.7990085551037942
2019,CO2/CO/NOx,2019-02-11 19:00:00+01:00,1.8425696660076412
2019,CO2/CO/NOx,2019-02-11 20:00:00+01:00,1.8512375075024585
2019,CO2/CO/NOx,2019-02-11 21:00:00+01:00,1.8154826608595016
2019,CO2/CO/NOx,2019-02-11 22:00:00+01:00,1.7604067433041248
2019,CO2/CO/NOx,2019-02-11 23:00:00+01:00,1.6989569032337333
2019,CO2/CO/NOx,2019-02-12 00:00:00+01:00,1.6027419320890592
2019,CO2/CO/NOx,2019-02-12 01:00:00+01:00,1.5674672237717606
2019,CO2/CO/NOx,2019-02-12 02:00:00+01:00,1.5947478286051893
2019,CO2/CO/NOx,2019-02-12 03:00:00+01:00,1.6874751208962322
2019,CO2/CO/NOx,2019-02-12 04:00:00+01:00,1.7967563525056578
2019,CO2/CO/NOx,2019-02-12 05:00:00+01:00,1.9117823626387218
2019,CO2/CO/NOx,2019-02-12 06:00:00+01:00,2.0301611985655317
2019,CO2/CO/NOx,2019-02-12 07:00:00+01:00,2.1129116172470397
2019,CO2/CO/NOx,2019-02-12 08:00:00+01:00,2.131774128545156
2019,CO2/CO/NOx,2019-02-12 09:00:00+01:00,2.0782049733170624
2019,CO2/CO/NOx,2019-02-12 10:00:00+01:00,2.0438777530904613
2019,CO2/CO/NOx,2019-02-12 11:00:00+01:00,2.001767214565591
2019,CO2/CO/NOx,2019-02-12 12:00:00+01:00,1.9462811177761605
2019,CO2/CO/NOx,2019-02-12 13:00:00+01:00,1.9079906337396102
2019,CO2/CO/NOx,2019-02-12 14:00:00+01:00,1.8981409060972898
2019,CO2/CO/NOx,2019-02-12 15:00:00+01:00,1.9297116960940706
2019,CO2/CO/NOx,2019-02-12 16:00:00+01:00,1.9525329143431491
2019,CO2/CO/NOx,2019-02-12 17:00:00+01:00,1.968834502047882
2019,CO2/CO/NOx,2019-02-12 18:00:00+01:00,1.9945924836937714
2019,CO2/CO/NOx,2019-02-12 19:00:00+01:00,1.9910681146234104
2019,CO2/CO/NOx,2019-02-12 20:00:00+01:00,1.961874271986161
2019,CO2/CO/NOx,2019-02-12 21:00:00+01:00,1.9145483394117822
2019,CO2/CO/NOx,2019-02-12 22:00:00+01:00,1.8649645580655372
2019,CO2/CO/NOx,2019-02-12 23:00:00+01:00,1.8259065964820238
2019,CO2/CO/NOx,2019-02-13 00:00:00+01:00,1.7644432949289837
2019,CO2/CO/NOx,2019-02-13 01:00:00+01:00,1.734381507039051
2019,CO2/CO/NOx,2019-02-13 02:00:00+01:00,1.7545803677423408
2019,CO2/CO/NOx,2019-02-13 03:00:00+01:00,1.8235046454599255
2019,CO2/CO/NOx,2019-02-13 04:00:00+01:00,1.9144804979801646
2019,CO2/CO/NOx,2019-02-13 05:00:00+01:00,2.0320474785220366
2019,CO2/CO/NOx,2019-02-13 06:00:00+01:00,2.138100346406493
2019,CO2/CO/NOx,2019-02-13 07:00:00+01:00,2.186721256073079
2019,CO2/CO/NOx,2019-02-13 08:00:00+01:00,2.171363762865741
2019,CO2/CO/NOx,2019-02-13 09:00:00+01:00,2.0812739259936053
2019,CO2/CO/NOx,2019-02-13 10:00:00+01:00,1.990730919414526
2019,CO2/CO/NOx,2019-02-13 11:00:00+01:00,1.874714632033265
2019,CO2/CO/NOx,2019-02-13 12:00:00+01:00,1.7719210953944602
2019,CO2/CO/NOx,2019-02-13 13:00:00+01:00,1.718709112415831
2019,CO2/CO/NOx,2019-02-13 14:00:00+01:00,1.7147271198951488
2019,CO2/CO/NOx,2019-02-13 15:00:00+01:00,1.7424029191192636
2019,CO2/CO/NOx,2019-02-13 16:00:00+01:00,1.765470300967077
2019,CO2/CO/NOx,2019-02-13 17:00:00+01:00,1.800950482461534
2019,CO2/CO/NOx,2019-02-13 18:00:00+01:00,1.8722098530645859
2019,CO2/CO/NOx,2019-02-13 19:00:00+01:00,1.893901126868724
2019,CO2/CO/NOx,2019-02-13 20:00:00+01:00,1.8613647485000695
2019,CO2/CO/NOx,2019-02-13 21:00:00+01:00,1.8077418472176212
2019,CO2/CO/NOx,2019-02-13 22:00:00+01:00,1.7489507321761295
2019,CO2/CO/NOx,2019-02-13 23:00:00+01:00,1.6743216848546114
2019,CO2/CO/NOx,2019-02-14 00:00:00+01:00,1.5998717187512355
2019,CO2/CO/NOx,2019-02-14 01:00:00+01:00,1.581419543597476
2019,CO2/CO/NOx,2019-02-14 02:00:00+01:00,1.630248878811989
2019,CO2/CO/NOx,2019-02-14 03:00:00+01:00,1.7494518284410217
2019,CO2/CO/NOx,2019-02-14 04:00:00+01:00,1.8864724084960962
2019,CO2/CO/NOx,2019-02-14 05:00:00+01:00,2.016991749986845
2019,CO2/CO/NOx,2019-02-14 06:00:00+01:00,2.133229843809541
2019,CO2/CO/NOx,2019-02-14 07:00:00+01:00,2.1833122058978374
2019,CO2/CO/NOx,2019-02-14 08:00:00+01:00,2.142173289483876
2019,CO2/CO/NOx,2019-02-14 09:00:00+01:00,1.9971621571607936
2019,CO2/CO/NOx,2019-02-14 10:00:00+01:00,1.8244774177400616
2019,CO2/CO/NOx,2019-02-14 11:00:00+01:00,1.6302386230204433
2019,CO2/CO/NOx,2019-02-14 12:00:00+01:00,1.4400326817133204
2019,CO2/CO/NOx,2019-02-14 13:00:00+01:00,1.3282461905906553
2019,CO2/CO/NOx,2019-02-14 14:00:00+01:00,1.251023459465715
2019,CO2/CO/NOx,2019-02-14 15:00:00+01:00,1.27114511444629
2019,CO2/CO/NOx,2019-02-14 16:00:00+01:00,1.3550719113266811
2019,CO2/CO/NOx,2019-02-14 17:00:00+01:00,1.4837625746676002
2019,CO2/CO/NOx,2019-02-14 18:00:00+01:00,1.628483654888147
2019,CO2/CO/NOx,2019-02-14 19:00:00+01:00,1.7283512476288005
2019,CO2/CO/NOx,2019-02-14 20:00:00+01:00,1.7666388595110007
2019,CO2/CO/NOx,2019-02-14 21:00:00+01:00,1.734352838112506
2019,CO2/CO/NOx,2019-02-14 22:00:00+01:00,1.6851601855913025
2019,CO2/CO/NOx,2019-02-14 23:00:00+01:00,1.6068831220954711
2019,CO2/CO/NOx,2019-02-15 00:00:00+01:00,1.5261154935419194
2019,CO2/CO/NOx,2019-02-15 01:00:00+01:00,1.5006956016710837
2019,CO2/CO/NOx,2019-02-15 02:00:00+01:00,1.5600151166945027
2019,CO2/CO/NOx,2019-02-15 03:00:00+01:00,1.688972146358941
2019,CO2/CO/NOx,2019-02-15 04:00:00+01:00,1.8188539141089934
2019,CO2/CO/NOx,2019-02-15 05:00:00+01:00,1.9391459826385407
2019,CO2/CO/NOx,2019-02-15 06:00:00+01:00,2.030554254052229
2019,CO2/CO/NOx,2019-02-15 07:00:00+01:00,2.0748080273841376
2019,CO2/CO/NOx,2019-02-15 08:00:00+01:00,2.0458870762060855
2019,CO2/CO/NOx,2019-02-15 09:00:00+01:00,1.9032823205776965
2019,CO2/CO/NOx,2019-02-15 10:00:00+01:00,1.7348107340035324
2019,CO2/CO/NOx,2019-02-15 11:00:00+01:00,1.5591280257746223
2019,CO2/CO/NOx,2019-02-15 12:00:00+01:00,1.3869834807842227
2019,CO2/CO/NOx,2019-02-15 13:00:00+01:00,1.272229554266715
2019,CO2/CO/NOx,2019-02-15 14:00:00+01:00,1.20532727797861
2019,CO2/CO/NOx,2019-02-15 15:00:00+01:00,1.215694717498698
2019,CO2/CO/NOx,2019-02-15 16:00:00+01:00,1.2961634480717243
2019,CO2/CO/NOx,2019-02-15 17:00:00+01:00,1.4242115609574644
2019,CO2/CO/NOx,2019-02-15 18:00:00+01:00,1.57210149452145
2019,CO2/CO/NOx,2019-02-15 19:00:00+01:00,1.6781691219493429
2019,CO2/CO/NOx,2019-02-15 20:00:00+01:00,1.7175072169487613
2019,CO2/CO/NOx,2019-02-15 21:00:00+01:00,1.694309277095033
2019,CO2/CO/NOx,2019-02-15 22:00:00+01:00,1.6402948085058229
2019,CO2/CO/NOx,2019-02-15 23:00:00+01:00,1.549184753000471
2019,CO2/CO/NOx,2019-02-16 00:00:00+01:00,1.4621426735530079
2019,CO2/CO/NOx,2019-02-16 01:00:00+01:00,1.4382513791585458
2019,CO2/CO/NOx,2019-02-16 02:00:00+01:00,1.464237611438666
2019,CO2/CO/NOx,2019-02-16 03:00:00+01:00,1.560049895957729
2019,CO2/CO/NOx,2019-02-16 04:00:00+01:00,1.6874460326291252
2019,CO2/CO/NOx,2019-02-16 05:00:00+01:00,1.8042183928622033
2019,CO2/CO/NOx,2019-02-16 06:00:00+01:00,1.8825200375760847
2019,CO2/CO/NOx,2019-02-16 07:00:00+01:00,1.9141121745099021
2019,CO2/CO/NOx,2019-02-16 08:00:00+01:00,1.8484521173176278
2019,CO2/CO/NOx,2019-02-16 09:00:00+01:00,1.6967668437159718
2019,CO2/CO/NOx,2019-02-16 10:00:00+01:00,1.5213092381550755
2019,CO2/CO/NOx,2019-02-16 11:00:00+01:00,1.326064824804236
2019,CO2/CO/NOx,2019-02-16 12:00:00+01:00,1.1629869665404309
2019,CO2/CO/NOx,2019-02-16 13:00:00+01:00,1.084207774138701
2019,CO2/CO/NOx,2019-02-16 14:00:00+01:00,1.0604172102658533
2019,CO2/CO/NOx,2019-02-16 15:00:00+01:00,1.0986771548350158
2019,CO2/CO/NOx,2019-02-16 16:00:00+01:00,1.1741737151064098
2019,CO2/CO/NOx,2019-02-16 17:00:00+01:00,1.2815187331871893
2019,CO2/CO/NOx,2019-02-16 18:00:00+01:00,1.3995733626821283
2019,CO2/CO/NOx,2019-02-16 19:00:00+01:00,1.4892247326933663
2019,CO2/CO/NOx,2019-02-16 20:00:00+01:00,1.5298249878075756
2019,CO2/CO/NOx,2019-02-16 21:00:00+01:00,1.559156812835855
2019,CO2/CO/NOx,2019-02-16 22:00:00+01:00,1.5684626628672127
2019,CO2/CO/NOx,2019-02-16 23:00:00+01:00,1.5650483270281006
2019,CO2/CO/NOx,2019-02-17 00:00:00+01:00,1.5538335511538195
2019,CO2/CO/NOx,2019-02-17 01:00:00+01:00,1.5546043054754126
2019,CO2/CO/NOx,2019-02-17 02:00:00+01:00,1.5912127648461192
2019,CO2/CO/NOx,2019-02-17 03:00:00+01:00,1.6473877771201857
2019,CO2/CO/NOx,2019-02-17 04:00:00+01:00,1.717925533835852
2019,CO2/CO/NOx,2019-02-17 05:00:00+01:00,1.7732191756644575
2019,CO2/CO/NOx,2019-02-17 06:00:00+01:00,1.8336814019848744
2019,CO2/CO/NOx,2019-02-17 07:00:00+01:00,1.8130365171588216
2019,CO2/CO/NOx,2019-02-17 08:00:00+01:00,1.710685415939424
2019,CO2/CO/NOx,2019-02-17 09:00:00+01:00,1.5474223263603535
2019,CO2/CO/NOx,2019-02-17 10:00:00+01:00,1.3678268074553277
2019,CO2/CO/NOx,2019-02-17 11:00:00+01:00,1.1924084091275442
2019,CO2/CO/NOx,2019-02-17 12:00:00+01:00,1.066065352846488
2019,CO2/CO/NOx,2019-02-17 13:00:00+01:00,1.0189684229029135
2019,CO2/CO/NOx,2019-02-17 14:00:00+01:00,1.0443714194283629
2019,CO2/CO/NOx,2019-02-17 15:00:00+01:00,1.1339100564654268
2019,CO2/CO/NOx,2019-02-17 16:00:00+01:00,1.2137007890016451
2019,CO2/CO/NOx,2019-02-17 17:00:00+01:00,1.2939874582857651
2019,CO2/CO/NOx,2019-02-17 18:00:00+01:00,1.3675733538414374
2019,CO2/CO/NOx,2019-02-17 19:00:00+01:00,1.4107115335744111
2019,CO2/CO/NOx,2019-02-17 20:00:00+01:00,1.4381667674086078
2019,CO2/CO/NOx,2019-02-17 21:00:00+01:00,1.4591852655196995
2019,CO2/CO/NOx,2019-02-17 22:00:00+01:00,1.4800524685160152
2019,CO2/CO/NOx,2019-02-17 23:00:00+01:00,1.5363731099497526
2019,CO2/CO/NOx,2019-02-18 00:00:00+01:00,1.5804954210687552
2019,CO2/CO/NOx,2019-02-18 01:00:00+01:00,1.6310127598468958
2019,CO2/CO/NOx,2019-02-18 02:00:00+01:00,1.6970266589310619
2019,CO2/CO/NOx,2019-02-18 03:00:00+01:00,1.7498289028505076
2019,CO2/CO/NOx,2019-02-18 04:00:00+01:00,1.8033618960560187
2019,CO2/CO/NOx,2019-02-18 05:00:00+01:00,1.8532617816485033
2019,CO2/CO/NOx,2019-02-18 06:00:00+01:00,1.8957271641226114
2019,CO2/CO/NOx,2019-02-18 07:00:00+01:00,1.8925334825670508
2019,CO2/CO/NOx,2019-02-18 08:00:00+01:00,1.8083551470079966
2019,CO2/CO/NOx,2019-02-18 09:00:00+01:00,1.658036874482239
2019,CO2/CO/NOx,2019-02-18 10:00:00+01:00,1.498865169153033
2019,CO2/CO/NOx,2019-02-18 11:00:00+01:00,1.3440198201820104
2019,CO2/CO/NOx,2019-02-18 12:00:00+01:00,1.209971492368686
2019,CO2/CO/NOx,2019-02-18 13:00:00+01:00,1.1337924729964397
2019,CO2/CO/NOx,2019-02-18 14:00:00+01:00,1.1211729285258403
2019,CO2/CO/NOx,2019-02-18 15:00:00+01:00,1.169798674849276
2019,CO2/CO/NOx,2019-02-18 16:00:00+01:00,1.2462911960733647
2019,CO2/CO/NOx,2019-02-18 17:00:00+01:00,1.3153144987473844
2019,CO2/CO/NOx,2019-02-18 18:00:00+01:00,1.443667883492228
2019,CO2/CO/NOx,2019-02-18 19:00:00+01:00,1.5365146420789042
2019,CO2/CO/NOx,2019-02-18 20:00:00+01:00,1.5865489510971478
2019,CO2/CO/NOx,2019-02-18 21:00:00+01:00,1.5829495694796054
2019,CO2/CO/NOx,2019-02-18 22:00:00+01:00,1.5342453965485567
2019,CO2/CO/NOx,2019-02-18 23:00:00+01:00,1.4782045246942142
2019,CO2/CO/NOx,2019-02-19 00:00:00+01:00,1.3905155399685716
2019,CO2/CO/NOx,2019-02-19 01:00:00+01:00,1.3538219267552438
2019,CO2/CO/NOx,2019-02-19 02:00:00+01:00,1.370108838721207
2019,CO2/CO/NOx,2019-02-19 03:00:00+01:00,1.4713341416600862
2019,CO2/CO/NOx,2019-02-19 04:00:00+01:00,1.5889956192726995
2019,CO2/CO/NOx,2019-02-19 05:00:00+01:00,1.710767693464868
2019,CO2/CO/NOx,2019-02-19 06:00:00+01:00,1.8185106376429818
2019,CO2/CO/NOx,2019-02-19 07:00:00+01:00,1.83274440013307
2019,CO2/CO/NOx,2019-02-19 08:00:00+01:00,1.7609102544383315
2019,CO2/CO/NOx,2019-02-19 09:00:00+01:00,1.5953819603311554
2019,CO2/CO/NOx,2019-02-19 10:00:00+01:00,1.4275747813500765
2019,CO2/CO/NOx,2019-02-19 11:00:00+01:00,1.260368641983183
2019,CO2/CO/NOx,2019-02-19 12:00:00+01:00,1.1394948543426673
2019,CO2/CO/NOx,2019-02-19 13:00:00+01:00,1.0817546986822324
2019,CO2/CO/NOx,2019-02-19 14:00:00+01:00,1.0906557021518952
2019,CO2/CO/NOx,2019-02-19 15:00:00+01:00,1.1530242706150986
2019,CO2/CO/NOx,2019-02-19 16:00:00+01:00,1.201383426632857
2019,CO2/CO/NOx,2019-02-19 17:00:00+01:00,1.2618307903037602
2019,CO2/CO/NOx,2019-02-19 18:00:00+01:00,1.3429386301241013
2019,CO2/CO/NOx,2019-02-19 19:00:00+01:00,1.3834474878660559
2019,CO2/CO/NOx,2019-02-19 20:00:00+01:00,1.3742474307529804
2019,CO2/CO/NOx,2019-02-19 21:00:00+01:00,1.3328844306310756
2019,CO2/CO/NOx,2019-02-19 22:00:00+01:00,1.26530225366206
2019,CO2/CO/NOx,2019-02-19 23:00:00+01:00,1.194680244315608
2019,CO2/CO/NOx,2019-02-20 00:00:00+01:00,1.1070512960035208
2019,CO2/CO/NOx,2019-02-20 01:00:00+01:00,1.080768287824782
2019,CO2/CO/NOx,2019-02-20 02:00:00+01:00,1.119177732778672
2019,CO2/CO/NOx,2019-02-20 03:00:00+01:00,1.2163840913519972
2019,CO2/CO/NOx,2019-02-20 04:00:00+01:00,1.308310664963985
2019,CO2/CO/NOx,2019-02-20 05:00:00+01:00,1.3868299607724206
2019,CO2/CO/NOx,2019-02-20 06:00:00+01:00,1.4803187559857032
2019,CO2/CO/NOx,2019-02-20 07:00:00+01:00,1.5200366150348814
2019,CO2/CO/NOx,2019-02-20 08:00:00+01:00,1.4847319034522186
2019,CO2/CO/NOx,2019-02-20 09:00:00+01:00,1.3966745651278396
2019,CO2/CO/NOx,2019-02-20 10:00:00+01:00,1.3319543278185486
2019,CO2/CO/NOx,2019-02-20 11:00:00+01:00,1.2588368044838145
2019,CO2/CO/NOx,2019-02-20 12:00:00+01:00,1.1929706151559731
2019,CO2/CO/NOx,2019-02-20 13:00:00+01:00,1.1584065359459554
2019,CO2/CO/NOx,2019-02-20 14:00:00+01:00,1.1552158357372984
2019,CO2/CO/NOx,2019-02-20 15:00:00+01:00,1.207211177920458
2019,CO2/CO/NOx,2019-02-20 16:00:00+01:00,1.2532333344127569
2019,CO2/CO/NOx,2019-02-20 17:00:00+01:00,1.296564681014276
2019,CO2/CO/NOx,2019-02-20 18:00:00+01:00,1.3633135018388765
2019,CO2/CO/NOx,2019-02-20 19:00:00+01:00,1.3936825550084135
2019,CO2/CO/NOx,2019-02-20 20:00:00+01:00,1.3808527793429552
2019,CO2/CO/NOx,2019-02-20 21:00:00+01:00,1.3348810135224967
2019,CO2/CO/NOx,2019-02-20 22:00:00+01:00,1.2737668287871955
2019,CO2/CO/NOx,2019-02-20 23:00:00+01:00,1.2133591082397908
2019,CO2/CO/NOx,2019-02-21 00:00:00+01:00,1.140601007547664
2019,CO2/CO/NOx,2019-02-21 01:00:00+01:00,1.1185688501088034
2019,CO2/CO/NOx,2019-02-21 02:00:00+01:00,1.1498206355578267
2019,CO2/CO/NOx,2019-02-21 03:00:00+01:00,1.226678541884543
2019,CO2/CO/NOx,2019-02-21 04:00:00+01:00,1.3104989771778306
2019,CO2/CO/NOx,2019-02-21 05:00:00+01:00,1.4061185384439943
2019,CO2/CO/NOx,2019-02-21 06:00:00+01:00,1.497446410094498
2019,CO2/CO/NOx,2019-02-21 07:00:00+01:00,1.5342452526650094
2019,CO2/CO/NOx,2019-02-21 08:00:00+01:00,1.5096141568650772
2019,CO2/CO/NOx,2019-02-21 09:00:00+01:00,1.4294433749515842
2019,CO2/CO/NOx,2019-02-21 10:00:00+01:00,1.351847023336566
2019,CO2/CO/NOx,2019-02-21 11:00:00+01:00,1.266421459036955
2019,CO2/CO/NOx,2019-02-21 12:00:00+01:00,1.192992983438953
2019,CO2/CO/NOx,2019-02-21 13:00:00+01:00,1.1584652272015457
2019,CO2/CO/NOx,2019-02-21 14:00:00+01:00,1.1641438278173617
2019,CO2/CO/NOx,2019-02-21 15:00:00+01:00,1.2097003533207615
2019,CO2/CO/NOx,2019-02-21 16:00:00+01:00,1.2357072858334106
2019,CO2/CO/NOx,2019-02-21 17:00:00+01:00,1.2629762253582153
2019,CO2/CO/NOx,2019-02-21 18:00:00+01:00,1.3119889807853424
2019,CO2/CO/NOx,2019-02-21 19:00:00+01:00,1.3138319485400447
2019,CO2/CO/NOx,2019-02-21 20:00:00+01:00,1.27813221310289
2019,CO2/CO/NOx,2019-02-21 21:00:00+01:00,1.2162107319192428
2019,CO2/CO/NOx,2019-02-21 22:00:00+01:00,1.138613409781846
2019,CO2/CO/NOx,2019-02-21 23:00:00+01:00,1.0580327927783495
2019,CO2/CO/NOx,2019-02-22 00:00:00+01:00,0.9872705059472447
2019,CO2/CO/NOx,2019-02-22 01:00:00+01:00,0.9597381632411727
2019,CO2/CO/NOx,2019-02-22 02:00:00+01:00,1.0008008029840927
2019,CO2/CO/NOx,2019-02-22 03:00:00+01:00,1.093485685765948
2019,CO2/CO/NOx,2019-02-22 04:00:00+01:00,1.1815783725021227
2019,CO2/CO/NOx,2019-02-22 05:00:00+01:00,1.2735154025993167
2019,CO2/CO/NOx,2019-02-22 06:00:00+01:00,1.3613905870478715
2019,CO2/CO/NOx,2019-02-22 07:00:00+01:00,1.4226480940398434
2019,CO2/CO/NOx,2019-02-22 08:00:00+01:00,1.431291626906509
2019,CO2/CO/NOx,2019-02-22 09:00:00+01:00,1.39479534422309
2019,CO2/CO/NOx,2019-02-22 10:00:00+01:00,1.3521166714869457
2019,CO2/CO/NOx,2019-02-22 11:00:00+01:00,1.2993345464806818
2019,CO2/CO/NOx,2019-02-22 12:00:00+01:00,1.2411836231962934
2019,CO2/CO/NOx,2019-02-22 13:00:00+01:00,1.2010092724543282
2019,CO2/CO/NOx,2019-02-22 14:00:00+01:00,1.187712430982048
2019,CO2/CO/NOx,2019-02-22 15:00:00+01:00,1.2090977826446658
2019,CO2/CO/NOx,2019-02-22 16:00:00+01:00,1.2508933787980754
2019,CO2/CO/NOx,2019-02-22 17:00:00+01:00,1.2884673107935136
2019,CO2/CO/NOx,2019-02-22 18:00:00+01:00,1.3512521347519642
2019,CO2/CO/NOx,2019-02-22 19:00:00+01:00,1.3653184566090304
2019,CO2/CO/NOx,2019-02-22 20:00:00+01:00,1.3583093759174536
2019,CO2/CO/NOx,2019-02-22 21:00:00+01:00,1.3462117617672476
2019,CO2/CO/NOx,2019-02-22 22:00:00+01:00,1.3304922542348656
2019,CO2/CO/NOx,2019-02-22 23:00:00+01:00,1.3291410415742382
2019,CO2/CO/NOx,2019-02-23 00:00:00+01:00,1.3277909551066343
2019,CO2/CO/NOx,2019-02-23 01:00:00+01:00,1.3459283165319673
2019,CO2/CO/NOx,2019-02-23 02:00:00+01:00,1.394639297907611
2019,CO2/CO/NOx,2019-02-23 03:00:00+01:00,1.47952794112261
2019,CO2/CO/NOx,2019-02-23 04:00:00+01:00,1.5354567977310563
2019,CO2/CO/NOx,2019-02-23 05:00:00+01:00,1.6256745774660588
2019,CO2/CO/NOx,2019-02-23 06:00:00+01:00,1.7065226844079842
2019,CO2/CO/NOx,2019-02-23 07:00:00+01:00,1.7579031613531555
2019,CO2/CO/NOx,2019-02-23 08:00:00+01:00,1.7828020210528632
2019,CO2/CO/NOx,2019-02-23 09:00:00+01:00,1.7604754372444544
2019,CO2/CO/NOx,2019-02-23 10:00:00+01:00,1.718855786379471
2019,CO2/CO/NOx,2019-02-23 11:00:00+01:00,1.670424487382736
2019,CO2/CO/NOx,2019-02-23 12:00:00+01:00,1.6105927311449302
2019,CO2/CO/NOx,2019-02-23 13:00:00+01:00,1.5706987986172039
2019,CO2/CO/NOx,2019-02-23 14:00:00+01:00,1.586640320534552
2019,CO2/CO/NOx,2019-02-23 15:00:00+01:00,1.6258036282727153
2019,CO2/CO/NOx,2019-02-23 16:00:00+01:00,1.6911692336097528
2019,CO2/CO/NOx,2019-02-23 17:00:00+01:00,1.7646539583599798
2019,CO2/CO/NOx,2019-02-23 18:00:00+01:00,1.8450841249349572
2019,CO2/CO/NOx,2019-02-23 19:00:00+01:00,1.8815752342662009
2019,CO2/CO/NOx,2019-02-23 20:00:00+01:00,1.8750455253921752
2019,CO2/CO/NOx,2019-02-23 21:00:00+01:00,1.822816979030052
2019,CO2/CO/NOx,2019-02-23 22:00:00+01:00,1.762043327846581
2019,CO2/CO/NOx,2019-02-23 23:00:00+01:00,1.7109075524399793
2019,CO2/CO/NOx,2019-02-24 00:00:00+01:00,1.6590062750247672
2019,CO2/CO/NOx,2019-02-24 01:00:00+01:00,1.6662355573319887
2019,CO2/CO/NOx,2019-02-24 02:00:00+01:00,1.7197461728036254
2019,CO2/CO/NOx,2019-02-24 03:00:00+01:00,1.81259270998404
2019,CO2/CO/NOx,2019-02-24 04:00:00+01:00,1.9043247581231637
2019,CO2/CO/NOx,2019-02-24 05:00:00+01:00,1.9839352648394615
2019,CO2/CO/NOx,2019-02-24 06:00:00+01:00,2.0473225270862176
2019,CO2/CO/NOx,2019-02-24 07:00:00+01:00,2.100432833574762
2019,CO2/CO/NOx,2019-02-24 08:00:00+01:00,2.0827291875929155
2019,CO2/CO/NOx,2019-02-24 09:00:00+01:00,2.000400182267769
2019,CO2/CO/NOx,2019-02-24 10:00:00+01:00,1.921003269091285
2019,CO2/CO/NOx,2019-02-24 11:00:00+01:00,1.8355925643936322
2019,CO2/CO/NOx,2019-02-24 12:00:00+01:00,1.7352357664036335
2019,CO2/CO/NOx,2019-02-24 13:00:00+01:00,1.6522382820268904
2019,CO2/CO/NOx,2019-02-24 14:00:00+01:00,1.6105635923545762
2019,CO2/CO/NOx,2019-02-24 15:00:00+01:00,1.6347217140955492
2019,CO2/CO/NOx,2019-02-24 16:00:00+01:00,1.698061064890037
2019,CO2/CO/NOx,2019-02-24 17:00:00+01:00,1.7552962823655829
2019,CO2/CO/NOx,2019-02-24 18:00:00+01:00,1.8233400924236352
2019,CO2/CO/NOx,2019-02-24 19:00:00+01:00,1.8488874660395789
2019,CO2/CO/NOx,2019-02-24 20:00:00+01:00,1.8449297771505992
2019,CO2/CO/NOx,2019-02-24 21:00:00+01:00,1.7947395240109463
2019,CO2/CO/NOx,2019-02-24 22:00:00+01:00,1.7320134360210138
2019,CO2/CO/NOx,2019-02-24 23:00:00+01:00,1.6945317704417313
2019,CO2/CO/NOx,2019-02-25 00:00:00+01:00,1.6560912453403376
2019,CO2/CO/NOx,2019-02-25 01:00:00+01:00,1.6639950330140834
2019,CO2/CO/NOx,2019-02-25 02:00:00+01:00,1.7327423474621044
2019,CO2/CO/NOx,2019-02-25 03:00:00+01:00,1.8310548081507378
2019,CO2/CO/NOx,2019-02-25 04:00:00+01:00,1.9393552648430348
2019,CO2/CO/NOx,2019-02-25 05:00:00+01:00,2.0416445062955124
2019,CO2/CO/NOx,2019-02-25 06:00:00+01:00,2.1216451098995512
2019,CO2/CO/NOx,2019-02-25 07:00:00+01:00,2.14976852649031
2019,CO2/CO/NOx,2019-02-25 08:00:00+01:00,2.0816708994741755
2019,CO2/CO/NOx,2019-02-25 09:00:00+01:00,1.9159832144245923
2019,CO2/CO/NOx,2019-02-25 10:00:00+01:00,1.7430437667205536
2019,CO2/CO/NOx,2019-02-25 11:00:00+01:00,1.5647719912770268
2019,CO2/CO/NOx,2019-02-25 12:00:00+01:00,1.4007506222911736
2019,CO2/CO/NOx,2019-02-25 13:00:00+01:00,1.3019884351606836
2019,CO2/CO/NOx,2019-02-25 14:00:00+01:00,1.2542669058648261
2019,CO2/CO/NOx,2019-02-25 15:00:00+01:00,1.2687272852752025
2019,CO2/CO/NOx,2019-02-25 16:00:00+01:00,1.312449363071111
2019,CO2/CO/NOx,2019-02-25 17:00:00+01:00,1.365469576892003
2019,CO2/CO/NOx,2019-02-25 18:00:00+01:00,1.4573396321555323
2019,CO2/CO/NOx,2019-02-25 19:00:00+01:00,1.5016690647705655
2019,CO2/CO/NOx,2019-02-25 20:00:00+01:00,1.5034206575557674
2019,CO2/CO/NOx,2019-02-25 21:00:00+01:00,1.4838001494400674
2019,CO2/CO/NOx,2019-02-25 22:00:00+01:00,1.4543314028924514
2019,CO2/CO/NOx,2019-02-25 23:00:00+01:00,1.4221926666198406
2019,CO2/CO/NOx,2019-02-26 00:00:00+01:00,1.3774649894901752
2019,CO2/CO/NOx,2019-02-26 01:00:00+01:00,1.3831187585404965
2019,CO2/CO/NOx,2019-02-26 02:00:00+01:00,1.4467182666742948
2019,CO2/CO/NOx,2019-02-26 03:00:00+01:00,1.5433888503523319
2019,CO2/CO/NOx,2019-02-26 04:00:00+01:00,1.6323049192350383
2019,CO2/CO/NOx,2019-02-26 05:00:00+01:00,1.7281874361914848
2019,CO2/CO/NOx,2019-02-26 06:00:00+01:00,1.8224804834495703
2019,CO2/CO/NOx,2019-02-26 07:00:00+01:00,1.8345338881785451
2019,CO2/CO/NOx,2019-02-26 08:00:00+01:00,1.7666277942550463
2019,CO2/CO/NOx,2019-02-26 09:00:00+01:00,1.6208866432460232
2019,CO2/CO/NOx,2019-02-26 10:00:00+01:00,1.4664217799256938
2019,CO2/CO/NOx,2019-02-26 11:00:00+01:00,1.3039892976476215
2019,CO2/CO/NOx,2019-02-26 12:00:00+01:00,1.1589780215558523
2019,CO2/CO/NOx,2019-02-26 13:00:00+01:00,1.084991060413804
2019,CO2/CO/NOx,2019-02-26 14:00:00+01:00,1.0716012903368701
2019,CO2/CO/NOx,2019-02-26 15:00:00+01:00,1.1291988121765095
2019,CO2/CO/NOx,2019-02-26 16:00:00+01:00,1.1837789319861418
2019,CO2/CO/NOx,2019-02-26 17:00:00+01:00,1.2615935979391424
2019,CO2/CO/NOx,2019-02-26 18:00:00+01:00,1.342722604631668
2019,CO2/CO/NOx,2019-02-26 19:00:00+01:00,1.3661018891755794
2019,CO2/CO/NOx,2019-02-26 20:00:00+01:00,1.3252887013206542
2019,CO2/CO/NOx,2019-02-26 21:00:00+01:00,1.2785688503255508
2019,CO2/CO/NOx,2019-02-26 22:00:00+01:00,1.2136690169237319
2019,CO2/CO/NOx,2019-02-26 23:00:00+01:00,1.158929506958405
2019,CO2/CO/NOx,2019-02-27 00:00:00+01:00,1.1141700583647438
2019,CO2/CO/NOx,2019-02-27 01:00:00+01:00,1.1305756893773418
2019,CO2/CO/NOx,2019-02-27 02:00:00+01:00,1.2164866893768636
2019,CO2/CO/NOx,2019-02-27 03:00:00+01:00,1.341735945652757
2019,CO2/CO/NOx,2019-02-27 04:00:00+01:00,1.4432028696344286
2019,CO2/CO/NOx,2019-02-27 05:00:00+01:00,1.5323271255321693
2019,CO2/CO/NOx,2019-02-27 06:00:00+01:00,1.6141826814802978
2019,CO2/CO/NOx,2019-02-27 07:00:00+01:00,1.6117037154412026
2019,CO2/CO/NOx,2019-02-27 08:00:00+01:00,1.5238172484999972
2019,CO2/CO/NOx,2019-02-27 09:00:00+01:00,1.3860994681200003
2019,CO2/CO/NOx,2019-02-27 10:00:00+01:00,1.2397280018633683
2019,CO2/CO/NOx,2019-02-27 11:00:00+01:00,1.1027392166408618
2019,CO2/CO/NOx,2019-02-27 12:00:00+01:00,1.00189817773673
2019,CO2/CO/NOx,2019-02-27 13:00:00+01:00,0.9676435193425768
2019,CO2/CO/NOx,2019-02-27 14:00:00+01:00,0.996761737580746
2019,CO2/CO/NOx,2019-02-27 15:00:00+01:00,1.084758813005267
2019,CO2/CO/NOx,2019-02-27 16:00:00+01:00,1.175137659792836
2019,CO2/CO/NOx,2019-02-27 17:00:00+01:00,1.254278917166099
2019,CO2/CO/NOx,2019-02-27 18:00:00+01:00,1.344441091578831
2019,CO2/CO/NOx,2019-02-27 19:00:00+01:00,1.3526980040514895
2019,CO2/CO/NOx,2019-02-27 20:00:00+01:00,1.3215825700294344
2019,CO2/CO/NOx,2019-02-27 21:00:00+01:00,1.2718126346241443
2019,CO2/CO/NOx,2019-02-27 22:00:00+01:00,1.2186170316128375
2019,CO2/CO/NOx,2019-02-27 23:00:00+01:00,1.153843175516486
2019,CO2/CO/NOx,2019-02-28 00:00:00+01:00,1.1198193392834364
2019,CO2/CO/NOx,2019-02-28 01:00:00+01:00,1.137194490425933
2019,CO2/CO/NOx,2019-02-28 02:00:00+01:00,1.1901877125536278
2019,CO2/CO/NOx,2019-02-28 03:00:00+01:00,1.2800117581295989
2019,CO2/CO/NOx,2019-02-28 04:00:00+01:00,1.350075393711163
2019,CO2/CO/NOx,2019-02-28 05:00:00+01:00,1.4136260829029437
2019,CO2/CO/NOx,2019-02-28 06:00:00+01:00,1.4548952945914833
2019,CO2/CO/NOx,2019-02-28 07:00:00+01:00,1.4215690932130791
2019,CO2/CO/NOx,2019-02-28 08:00:00+01:00,1.3352404940990414
2019,CO2/CO/NOx,2019-02-28 09:00:00+01:00,1.2163478005802824
2019,CO2/CO/NOx,2019-02-28 10:00:00+01:00,1.1166010254767411
2019,CO2/CO/NOx,2019-02-28 11:00:00+01:00,1.0235165068591454
2019,CO2/CO/NOx,2019-02-28 12:00:00+01:00,0.9775225932031548
2019,CO2/CO/NOx,2019-02-28 13:00:00+01:00,0.9849145257902421
2019,CO2/CO/NOx,2019-02-28 14:00:00+01:00,1.0374899870457128
2019,CO2/CO/NOx,2019-02-28 15:00:00+01:00,1.118758770757929
2019,CO2/CO/NOx,2019-02-28 16:00:00+01:00,1.170464701893742
2019,CO2/CO/NOx,2019-02-28 17:00:00+01:00,1.2073910194904416
2019,CO2/CO/NOx,2019-02-28 18:00:00+01:00,1.2060625657255715
2019,CO2/CO/NOx,2019-02-28 19:00:00+01:00,1.1567861846217142
2019,CO2/CO/NOx,2019-02-28 20:00:00+01:00,1.052772604436124
2019,CO2/CO/NOx,2019-02-28 21:00:00+01:00,0.9353838070128556
2019,CO2/CO/NOx,2019-02-28 22:00:00+01:00,0.8213132608216928
2019,CO2/CO/NOx,2019-02-28 23:00:00+01:00,0.7223063988021607
2019,CO2/CO/NOx,2019-03-01 00:00:00+01:00,0.6461942503699499
2019,CO2/CO/NOx,2019-03-01 01:00:00+01:00,0.643425599582017
2019,CO2/CO/NOx,2019-03-01 02:00:00+01:00,0.6949133384898311
2019,CO2/CO/NOx,2019-03-01 03:00:00+01:00,0.7715542206826641
2019,CO2/CO/NOx,2019-03-01 04:00:00+01:00,0.8816775914250883
2019,CO2/CO/NOx,2019-03-01 05:00:00+01:00,0.977557485552085
2019,CO2/CO/NOx,2019-03-01 06:00:00+01:00,1.0563614987422763
2019,CO2/CO/NOx,2019-03-01 07:00:00+01:00,1.0985722059936271
2019,CO2/CO/NOx,2019-03-01 08:00:00+01:00,1.0949317375865226
2019,CO2/CO/NOx,2019-03-01 09:00:00+01:00,1.0698763069304875
2019,CO2/CO/NOx,2019-03-01 10:00:00+01:00,1.075887741274533
2019,CO2/CO/NOx,2019-03-01 11:00:00+01:00,1.07183419873168
2019,CO2/CO/NOx,2019-03-01 12:00:00+01:00,1.0478753822254978
2019,CO2/CO/NOx,2019-03-01 13:00:00+01:00,1.0661794575912673
2019,CO2/CO/NOx,2019-03-01 14:00:00+01:00,1.081627485947272
2019,CO2/CO/NOx,2019-03-01 15:00:00+01:00,1.1006335044661484
2019,CO2/CO/NOx,2019-03-01 16:00:00+01:00,1.123427944381942
2019,CO2/CO/NOx,2019-03-01 17:00:00+01:00,1.1364382508197877
2019,CO2/CO/NOx,2019-03-01 18:00:00+01:00,1.1568947652602755
2019,CO2/CO/NOx,2019-03-01 19:00:00+01:00,1.1672672936629989
2019,CO2/CO/NOx,2019-03-01 20:00:00+01:00,1.1667062033345672
2019,CO2/CO/NOx,2019-03-01 21:00:00+01:00,1.1562185416960593
2019,CO2/CO/NOx,2019-03-01 22:00:00+01:00,1.1535320443554602
2019,CO2/CO/NOx,2019-03-01 23:00:00+01:00,1.1421166721857454
2019,CO2/CO/NOx,2019-03-02 00:00:00+01:00,1.1208217489435057
2019,CO2/CO/NOx,2019-03-02 01:00:00+01:00,1.1197706994438892
2019,CO2/CO/NOx,2019-03-02 02:00:00+01:00,1.1278972595683399
2019,CO2/CO/NOx,2019-03-02 03:00:00+01:00,1.158493479951344
2019,CO2/CO/NOx,2019-03-02 04:00:00+01:00,1.1962970201123457
2019,CO2/CO/NOx,2019-03-02 05:00:00+01:00,1.2444921760379983
2019,CO2/CO/NOx,2019-03-02 06:00:00+01:00,1.2948481882656895
2019,CO2/CO/NOx,2019-03-02 07:00:00+01:00,1.3240654630444533
2019,CO2/CO/NOx,2019-03-02 08:00:00+01:00,1.3260362030952373
2019,CO2/CO/NOx,2019-03-02 09:00:00+01:00,1.307857446407057
2019,CO2/CO/NOx,2019-03-02 10:00:00+01:00,1.2968905193095344
2019,CO2/CO/NOx,2019-03-02 11:00:00+01:00,1.277439377349916
2019,CO2/CO/NOx,2019-03-02 12:00:00+01:00,1.2453777541953643
2019,CO2/CO/NOx,2019-03-02 13:00:00+01:00,1.2135133298370486
2019,CO2/CO/NOx,2019-03-02 14:00:00+01:00,1.197532489681003
2019,CO2/CO/NOx,2019-03-02 15:00:00+01:00,1.1962113106056225
2019,CO2/CO/NOx,2019-03-02 16:00:00+01:00,1.1869468044335176
2019,CO2/CO/NOx,2019-03-02 17:00:00+01:00,1.1896217098103121
2019,CO2/CO/NOx,2019-03-02 18:00:00+01:00,1.21899092724232
2019,CO2/CO/NOx,2019-03-02 19:00:00+01:00,1.2406787864171092
2019,CO2/CO/NOx,2019-03-02 20:00:00+01:00,1.2447096382384457
2019,CO2/CO/NOx,2019-03-02 21:00:00+01:00,1.2304162676092973
2019,CO2/CO/NOx,2019-03-02 22:00:00+01:00,1.2018286856888343
2019,CO2/CO/NOx,2019-03-02 23:00:00+01:00,1.1720544231435168
2019,CO2/CO/NOx,2019-03-03 00:00:00+01:00,1.1330990271520114
2019,CO2/CO/NOx,2019-03-03 01:00:00+01:00,1.1033309571201642
2019,CO2/CO/NOx,2019-03-03 02:00:00+01:00,1.1014977636946202
2019,CO2/CO/NOx,2019-03-03 03:00:00+01:00,1.1245298345703447
2019,CO2/CO/NOx,2019-03-03 04:00:00+01:00,1.1522982645328896
2019,CO2/CO/NOx,2019-03-03 05:00:00+01:00,1.1881116906606446
2019,CO2/CO/NOx,2019-03-03 06:00:00+01:00,1.2091036354195621
2019,CO2/CO/NOx,2019-03-03 07:00:00+01:00,1.2116444950519196
2019,CO2/CO/NOx,2019-03-03 08:00:00+01:00,1.1759596679508486
2019,CO2/CO/NOx,2019-03-03 09:00:00+01:00,1.1104786317442055
2019,CO2/CO/NOx,2019-03-03 10:00:00+01:00,1.0439522157616041
2019,CO2/CO/NOx,2019-03-03 11:00:00+01:00,0.9724270576823205
2019,CO2/CO/NOx,2019-03-03 12:00:00+01:00,0.9122600753564071
2019,CO2/CO/NOx,2019-03-03 13:00:00+01:00,0.8830171182157155
2019,CO2/CO/NOx,2019-03-03 14:00:00+01:00,0.8737958757260933
2019,CO2/CO/NOx,2019-03-03 15:00:00+01:00,0.8822615800113714
2019,CO2/CO/NOx,2019-03-03 16:00:00+01:00,0.9049598211287256
2019,CO2/CO/NOx,2019-03-03 17:00:00+01:00,0.9330827690749591
2019,CO2/CO/NOx,2019-03-03 18:00:00+01:00,0.9670367224422706
2019,CO2/CO/NOx,2019-03-03 19:00:00+01:00,0.9766993485706935
2019,CO2/CO/NOx,2019-03-03 20:00:00+01:00,0.9633809276906452
2019,CO2/CO/NOx,2019-03-03 21:00:00+01:00,0.9301168907548201
2019,CO2/CO/NOx,2019-03-03 22:00:00+01:00,0.8829851458123864
2019,CO2/CO/NOx,2019-03-03 23:00:00+01:00,0.8286149728479132
2019,CO2/CO/NOx,2019-03-04 00:00:00+01:00,0.7756753603888028
2019,CO2/CO/NOx,2019-03-04 01:00:00+01:00,0.7606269948195254
2019,CO2/CO/NOx,2019-03-04 02:00:00+01:00,0.8001492261698977
2019,CO2/CO/NOx,2019-03-04 03:00:00+01:00,0.8607766304261013
2019,CO2/CO/NOx,2019-03-04 04:00:00+01:00,0.9204562380352496
2019,CO2/CO/NOx,2019-03-04 05:00:00+01:00,0.9769789782984506
2019,CO2/CO/NOx,2019-03-04 06:00:00+01:00,1.0107748242037085
2019,CO2/CO/NOx,2019-03-04 07:00:00+01:00,1.0025609801787654
2019,CO2/CO/NOx,2019-03-04 08:00:00+01:00,0.9484265849977609
2019,CO2/CO/NOx,2019-03-04 09:00:00+01:00,0.8778713953552647
2019,CO2/CO/NOx,2019-03-04 10:00:00+01:00,0.8527175093399147
2019,CO2/CO/NOx,2019-03-04 11:00:00+01:00,0.8646989998151364
2019,CO2/CO/NOx,2019-03-04 12:00:00+01:00,0.8929496089344953
2019,CO2/CO/NOx,2019-03-04 13:00:00+01:00,0.9478033879414466
2019,CO2/CO/NOx,2019-03-04 14:00:00+01:00,0.9975081714879045
2019,CO2/CO/NOx,2019-03-04 15:00:00+01:00,1.0440840252554908
2019,CO2/CO/NOx,2019-03-04 16:00:00+01:00,1.0525486434012625
2019,CO2/CO/NOx,2019-03-04 17:00:00+01:00,1.0524383214062236
2019,CO2/CO/NOx,2019-03-04 18:00:00+01:00,1.0697914898740666
2019,CO2/CO/NOx,2019-03-04 19:00:00+01:00,1.1113383005495137
2019,CO2/CO/NOx,2019-03-04 20:00:00+01:00,1.1413760332968326
2019,CO2/CO/NOx,2019-03-04 21:00:00+01:00,1.152115975523395
2019,CO2/CO/NOx,2019-03-04 22:00:00+01:00,1.1538543134998531
2019,CO2/CO/NOx,2019-03-04 23:00:00+01:00,1.141881525464579
2019,CO2/CO/NOx,2019-03-05 00:00:00+01:00,1.1252987441691877
2019,CO2/CO/NOx,2019-03-05 01:00:00+01:00,1.1180637739255255
2019,CO2/CO/NOx,2019-03-05 02:00:00+01:00,1.1455956476818228
2019,CO2/CO/NOx,2019-03-05 03:00:00+01:00,1.1954842489133402
2019,CO2/CO/NOx,2019-03-05 04:00:00+01:00,1.2655557631483185
2019,CO2/CO/NOx,2019-03-05 05:00:00+01:00,1.3139359177332568
2019,CO2/CO/NOx,2019-03-05 06:00:00+01:00,1.3309288435508329
2019,CO2/CO/NOx,2019-03-05 07:00:00+01:00,1.3398108261663115
2019,CO2/CO/NOx,2019-03-05 08:00:00+01:00,1.3083627405473988
2019,CO2/CO/NOx,2019-03-05 09:00:00+01:00,1.2445874782603492
2019,CO2/CO/NOx,2019-03-05 10:00:00+01:00,1.1847600618747265
2019,CO2/CO/NOx,2019-03-05 11:00:00+01:00,1.1264891389375695
2019,CO2/CO/NOx,2019-03-05 12:00:00+01:00,1.0816681492345197
2019,CO2/CO/NOx,2019-03-05 13:00:00+01:00,1.0674807762332672
2019,CO2/CO/NOx,2019-03-05 14:00:00+01:00,1.0810014976885072
2019,CO2/CO/NOx,2019-03-05 15:00:00+01:00,1.1199655863253244
2019,CO2/CO/NOx,2019-03-05 16:00:00+01:00,1.183835339172746
2019,CO2/CO/NOx,2019-03-05 17:00:00+01:00,1.2458696760311894
2019,CO2/CO/NOx,2019-03-05 18:00:00+01:00,1.3263711426234237
2019,CO2/CO/NOx,2019-03-05 19:00:00+01:00,1.368045660322824
2019,CO2/CO/NOx,2019-03-05 20:00:00+01:00,1.3657741527851277
2019,CO2/CO/NOx,2019-03-05 21:00:00+01:00,1.3363088430160388
2019,CO2/CO/NOx,2019-03-05 22:00:00+01:00,1.283257418021292
2019,CO2/CO/NOx,2019-03-05 23:00:00+01:00,1.2438688364417059
2019,CO2/CO/NOx,2019-03-06 00:00:00+01:00,1.1933886251753931
2019,CO2/CO/NOx,2019-03-06 01:00:00+01:00,1.195097865665029
2019,CO2/CO/NOx,2019-03-06 02:00:00+01:00,1.265288561847209
2019,CO2/CO/NOx,2019-03-06 03:00:00+01:00,1.3780454164078766
2019,CO2/CO/NOx,2019-03-06 04:00:00+01:00,1.4696127761399087
2019,CO2/CO/NOx,2019-03-06 05:00:00+01:00,1.5446020323927525
2019,CO2/CO/NOx,2019-03-06 06:00:00+01:00,1.5954174487608628
2019,CO2/CO/NOx,2019-03-06 07:00:00+01:00,1.565243705587302
2019,CO2/CO/NOx,2019-03-06 08:00:00+01:00,1.4809523304242531
2019,CO2/CO/NOx,2019-03-06 09:00:00+01:00,1.3312667941983825
2019,CO2/CO/NOx,2019-03-06 10:00:00+01:00,1.2053337550732433
2019,CO2/CO/NOx,2019-03-06 11:00:00+01:00,1.0975578419028025
2019,CO2/CO/NOx,2019-03-06 12:00:00+01:00,1.0128865779405347
2019,CO2/CO/NOx,2019-03-06 13:00:00+01:00,0.9666244613410465
2019,CO2/CO/NOx,2019-03-06 14:00:00+01:00,0.9716568420408105
2019,CO2/CO/NOx,2019-03-06 15:00:00+01:00,1.017656991076587
2019,CO2/CO/NOx,2019-03-06 16:00:00+01:00,1.0453083481089598
2019,CO2/CO/NOx,2019-03-06 17:00:00+01:00,1.0927781184083656
2019,CO2/CO/NOx,2019-03-06 18:00:00+01:00,1.1420693321137727
2019,CO2/CO/NOx,2019-03-06 19:00:00+01:00,1.1620336330574739
2019,CO2/CO/NOx,2019-03-06 20:00:00+01:00,1.1375574442948875
2019,CO2/CO/NOx,2019-03-06 21:00:00+01:00,1.0776809996518235
2019,CO2/CO/NOx,2019-03-06 22:00:00+01:00,1.005429818221482
2019,CO2/CO/NOx,2019-03-06 23:00:00+01:00,0.9304086635809057
2019,CO2/CO/NOx,2019-03-07 00:00:00+01:00,0.8537879939613116
2019,CO2/CO/NOx,2019-03-07 01:00:00+01:00,0.8073004833891115
2019,CO2/CO/NOx,2019-03-07 02:00:00+01:00,0.8193196220630011
2019,CO2/CO/NOx,2019-03-07 03:00:00+01:00,0.8676722249673573
2019,CO2/CO/NOx,2019-03-07 04:00:00+01:00,0.9219598491468343
2019,CO2/CO/NOx,2019-03-07 05:00:00+01:00,0.9667156589343677
2019,CO2/CO/NOx,2019-03-07 06:00:00+01:00,1.0090319741132663
2019,CO2/CO/NOx,2019-03-07 07:00:00+01:00,1.036134388826048
2019,CO2/CO/NOx,2019-03-07 08:00:00+01:00,1.0294470277157521
2019,CO2/CO/NOx,2019-03-07 09:00:00+01:00,0.997949630228669
2019,CO2/CO/NOx,2019-03-07 10:00:00+01:00,0.9855689648158058
2019,CO2/CO/NOx,2019-03-07 11:00:00+01:00,0.9852027309653687
2019,CO2/CO/NOx,2019-03-07 12:00:00+01:00,0.9793022012421235
2019,CO2/CO/NOx,2019-03-07 13:00:00+01:00,0.9735337772288887
2019,CO2/CO/NOx,2019-03-07 14:00:00+01:00,0.9755324964327825
2019,CO2/CO/NOx,2019-03-07 15:00:00+01:00,0.9948926996298
2019,CO2/CO/NOx,2019-03-07 16:00:00+01:00,1.0116083968772411
2019,CO2/CO/NOx,2019-03-07 17:00:00+01:00,1.0163981987965172
2019,CO2/CO/NOx,2019-03-07 18:00:00+01:00,1.0402882839618812
2019,CO2/CO/NOx,2019-03-07 19:00:00+01:00,1.0666746830891718
2019,CO2/CO/NOx,2019-03-07 20:00:00+01:00,1.0885038446502249
2019,CO2/CO/NOx,2019-03-07 21:00:00+01:00,1.0859701994465574
2019,CO2/CO/NOx,2019-03-07 22:00:00+01:00,1.0796039436085376
2019,CO2/CO/NOx,2019-03-07 23:00:00+01:00,1.0776252711350764
2019,CO2/CO/NOx,2019-03-08 00:00:00+01:00,1.0594908988486216
2019,CO2/CO/NOx,2019-03-08 01:00:00+01:00,1.045247264351273
2019,CO2/CO/NOx,2019-03-08 02:00:00+01:00,1.0539520680812167
2019,CO2/CO/NOx,2019-03-08 03:00:00+01:00,1.0857681837684834
2019,CO2/CO/NOx,2019-03-08 04:00:00+01:00,1.1155735114969956
2019,CO2/CO/NOx,2019-03-08 05:00:00+01:00,1.1407002133126447
2019,CO2/CO/NOx,2019-03-08 06:00:00+01:00,1.163911209789216
2019,CO2/CO/NOx,2019-03-08 07:00:00+01:00,1.181969177237355
2019,CO2/CO/NOx,2019-03-08 08:00:00+01:00,1.1748333034756384
2019,CO2/CO/NOx,2019-03-08 09:00:00+01:00,1.1428135443161402
2019,CO2/CO/NOx,2019-03-08 10:00:00+01:00,1.1217668434055357
2019,CO2/CO/NOx,2019-03-08 11:00:00+01:00,1.1134426729236304
2019,CO2/CO/NOx,2019-03-08 12:00:00+01:00,1.0979004892892297
2019,CO2/CO/NOx,2019-03-08 13:00:00+01:00,1.0932736978027617
2019,CO2/CO/NOx,2019-03-08 14:00:00+01:00,1.1008117117400251
2019,CO2/CO/NOx,2019-03-08 15:00:00+01:00,1.132008765477252
2019,CO2/CO/NOx,2019-03-08 16:00:00+01:00,1.1708747711155552
2019,CO2/CO/NOx,2019-03-08 17:00:00+01:00,1.2061715407780937
2019,CO2/CO/NOx,2019-03-08 18:00:00+01:00,1.2442190496854408
2019,CO2/CO/NOx,2019-03-08 19:00:00+01:00,1.2513800598876659
2019,CO2/CO/NOx,2019-03-08 20:00:00+01:00,1.2339809195347777
2019,CO2/CO/NOx,2019-03-08 21:00:00+01:00,1.1937538114537862
2019,CO2/CO/NOx,2019-03-08 22:00:00+01:00,1.1509381455603733
2019,CO2/CO/NOx,2019-03-08 23:00:00+01:00,1.1144651338162639
2019,CO2/CO/NOx,2019-03-09 00:00:00+01:00,1.083483837641329
2019,CO2/CO/NOx,2019-03-09 01:00:00+01:00,1.0744481149699903
2019,CO2/CO/NOx,2019-03-09 02:00:00+01:00,1.085298534198163
2019,CO2/CO/NOx,2019-03-09 03:00:00+01:00,1.1162684413911994
2019,CO2/CO/NOx,2019-03-09 04:00:00+01:00,1.1456018332599711
2019,CO2/CO/NOx,2019-03-09 05:00:00+01:00,1.1803003174662348
2019,CO2/CO/NOx,2019-03-09 06:00:00+01:00,1.210572839610355
2019,CO2/CO/NOx,2019-03-09 07:00:00+01:00,1.2209877910957243
2019,CO2/CO/NOx,2019-03-09 08:00:00+01:00,1.2027795028209343
2019,CO2/CO/NOx,2019-03-09 09:00:00+01:00,1.1612607768304621
2019,CO2/CO/NOx,2019-03-09 10:00:00+01:00,1.1190000612985807
2019,CO2/CO/NOx,2019-03-09 11:00:00+01:00,1.0734372574546795
2019,CO2/CO/NOx,2019-03-09 12:00:00+01:00,1.033433938869452
2019,CO2/CO/NOx,2019-03-09 13:00:00+01:00,1.017129373286843
2019,CO2/CO/NOx,2019-03-09 14:00:00+01:00,1.0188880834620748
2019,CO2/CO/NOx,2019-03-09 15:00:00+01:00,1.0357246842145487
2019,CO2/CO/NOx,2019-03-09 16:00:00+01:00,1.04838958314829
2019,CO2/CO/NOx,2019-03-09 17:00:00+01:00,1.0557401434109464
2019,CO2/CO/NOx,2019-03-09 18:00:00+01:00,1.0645852239953641
2019,CO2/CO/NOx,2019-03-09 19:00:00+01:00,1.062309547160752
2019,CO2/CO/NOx,2019-03-09 20:00:00+01:00,1.0437383413277688
2019,CO2/CO/NOx,2019-03-09 21:00:00+01:00,1.0110703121978841
2019,CO2/CO/NOx,2019-03-09 22:00:00+01:00,0.9749346525806221
2019,CO2/CO/NOx,2019-03-09 23:00:00+01:00,0.9406419512391754
2019,CO2/CO/NOx,2019-03-10 00:00:00+01:00,0.9028110409479669
2019,CO2/CO/NOx,2019-03-10 01:00:00+01:00,0.8732559617367903
2019,CO2/CO/NOx,2019-03-10 02:00:00+01:00,0.8766523891399377
2019,CO2/CO/NOx,2019-03-10 03:00:00+01:00,0.9122924263675513
2019,CO2/CO/NOx,2019-03-10 04:00:00+01:00,0.9799473617066456
2019,CO2/CO/NOx,2019-03-10 05:00:00+01:00,1.0494812362032946
2019,CO2/CO/NOx,2019-03-10 06:00:00+01:00,1.0909761753245828
2019,CO2/CO/NOx,2019-03-10 07:00:00+01:00,1.1022402950692052
2019,CO2/CO/NOx,2019-03-10 08:00:00+01:00,1.090251321168449
2019,CO2/CO/NOx,2019-03-10 09:00:00+01:00,1.044384301196629
2019,CO2/CO/NOx,2019-03-10 10:00:00+01:00,0.9886931841093732
2019,CO2/CO/NOx,2019-03-10 11:00:00+01:00,0.9379534981130231
2019,CO2/CO/NOx,2019-03-10 12:00:00+01:00,0.8931674236627779
2019,CO2/CO/NOx,2019-03-10 13:00:00+01:00,0.8759491809615748
2019,CO2/CO/NOx,2019-03-10 14:00:00+01:00,0.8782858212326168
2019,CO2/CO/NOx,2019-03-10 15:00:00+01:00,0.8950191906108799
2019,CO2/CO/NOx,2019-03-10 16:00:00+01:00,0.9290890470434529
2019,CO2/CO/NOx,2019-03-10 17:00:00+01:00,0.964629619775583
2019,CO2/CO/NOx,2019-03-10 18:00:00+01:00,1.007940912682744
2019,CO2/CO/NOx,2019-03-10 19:00:00+01:00,1.0298311759381107
2019,CO2/CO/NOx,2019-03-10 20:00:00+01:00,1.0329737287720546
2019,CO2/CO/NOx,2019-03-10 21:00:00+01:00,1.022885003304289
2019,CO2/CO/NOx,2019-03-10 22:00:00+01:00,1.003605012398793
2019,CO2/CO/NOx,2019-03-10 23:00:00+01:00,1.009453506392407
2019,CO2/CO/NOx,2019-03-11 00:00:00+01:00,1.0210539061692465
2019,CO2/CO/NOx,2019-03-11 01:00:00+01:00,1.06575439110656
2019,CO2/CO/NOx,2019-03-11 02:00:00+01:00,1.1143744007082508
2019,CO2/CO/NOx,2019-03-11 03:00:00+01:00,1.1607914489742235
2019,CO2/CO/NOx,2019-03-11 04:00:00+01:00,1.2119373521484222
2019,CO2/CO/NOx,2019-03-11 05:00:00+01:00,1.2800704596273904
2019,CO2/CO/NOx,2019-03-11 06:00:00+01:00,1.3368799476692055
2019,CO2/CO/NOx,2019-03-11 07:00:00+01:00,1.3866539174016443
2019,CO2/CO/NOx,2019-03-11 08:00:00+01:00,1.4513008237686889
2019,CO2/CO/NOx,2019-03-11 09:00:00+01:00,1.484541897175566
2019,CO2/CO/NOx,2019-03-11 10:00:00+01:00,1.5182630645517807
2019,CO2/CO/NOx,2019-03-11 11:00:00+01:00,1.512084418254638
2019,CO2/CO/NOx,2019-03-11 12:00:00+01:00,1.466572105375527
2019,CO2/CO/NOx,2019-03-11 13:00:00+01:00,1.450496664761343
2019,CO2/CO/NOx,2019-03-11 14:00:00+01:00,1.4564683505118952
2019,CO2/CO/NOx,2019-03-11 15:00:00+01:00,1.4686075360037647
2019,CO2/CO/NOx,2019-03-11 16:00:00+01:00,1.5118312040027315
2019,CO2/CO/NOx,2019-03-11 17:00:00+01:00,1.5782876175833571
2019,CO2/CO/NOx,2019-03-11 18:00:00+01:00,1.6502988110242243
2019,CO2/CO/NOx,2019-03-11 19:00:00+01:00,1.6842158601826396
2019,CO2/CO/NOx,2019-03-11 20:00:00+01:00,1.6760232691827288
2019,CO2/CO/NOx,2019-03-11 21:00:00+01:00,1.6300324241915942
2019,CO2/CO/NOx,2019-03-11 22:00:00+01:00,1.5865527516045403
2019,CO2/CO/NOx,2019-03-11 23:00:00+01:00,1.542115838768854
2019,CO2/CO/NOx,2019-03-12 00:00:00+01:00,1.4879850528109313
2019,CO2/CO/NOx,2019-03-12 01:00:00+01:00,1.486587287341821
2019,CO2/CO/NOx,2019-03-12 02:00:00+01:00,1.5315945695515902
2019,CO2/CO/NOx,2019-03-12 03:00:00+01:00,1.6138667825317665
2019,CO2/CO/NOx,2019-03-12 04:00:00+01:00,1.6845140876518252
2019,CO2/CO/NOx,2019-03-12 05:00:00+01:00,1.754798112979037
2019,CO2/CO/NOx,2019-03-12 06:00:00+01:00,1.8074779026248047
2019,CO2/CO/NOx,2019-03-12 07:00:00+01:00,1.8308632737449417
2019,CO2/CO/NOx,2019-03-12 08:00:00+01:00,1.825438859493962
2019,CO2/CO/NOx,2019-03-12 09:00:00+01:00,1.77123587956147
2019,CO2/CO/NOx,2019-03-12 10:00:00+01:00,1.7468311541336046
2019,CO2/CO/NOx,2019-03-12 11:00:00+01:00,1.6821668315710854
2019,CO2/CO/NOx,2019-03-12 12:00:00+01:00,1.5842949046108792
2019,CO2/CO/NOx,2019-03-12 13:00:00+01:00,1.4795301001872303
2019,CO2/CO/NOx,2019-03-12 14:00:00+01:00,1.3899178102814513
2019,CO2/CO/NOx,2019-03-12 15:00:00+01:00,1.3262262601252826
2019,CO2/CO/NOx,2019-03-12 16:00:00+01:00,1.3066710342451051
2019,CO2/CO/NOx,2019-03-12 17:00:00+01:00,1.3308664601801332
2019,CO2/CO/NOx,2019-03-12 18:00:00+01:00,1.3936919104847005
2019,CO2/CO/NOx,2019-03-12 19:00:00+01:00,1.4512376671921354
2019,CO2/CO/NOx,2019-03-12 20:00:00+01:00,1.460388605426546
2019,CO2/CO/NOx,2019-03-12 21:00:00+01:00,1.4244478927174784
2019,CO2/CO/NOx,2019-03-12 22:00:00+01:00,1.3621707527688744
2019,CO2/CO/NOx,2019-03-12 23:00:00+01:00,1.2592037115108587
2019,CO2/CO/NOx,2019-03-13 00:00:00+01:00,1.1361555177209817
2019,CO2/CO/NOx,2019-03-13 01:00:00+01:00,1.0584039515192847
2019,CO2/CO/NOx,2019-03-13 02:00:00+01:00,1.0416735659629321
2019,CO2/CO/NOx,2019-03-13 03:00:00+01:00,1.0861053699198275
2019,CO2/CO/NOx,2019-03-13 04:00:00+01:00,1.1654970793689188
2019,CO2/CO/NOx,2019-03-13 05:00:00+01:00,1.2815450996912998
2019,CO2/CO/NOx,2019-03-13 06:00:00+01:00,1.3977571816725591
2019,CO2/CO/NOx,2019-03-13 07:00:00+01:00,1.4837913499431818
2019,CO2/CO/NOx,2019-03-13 08:00:00+01:00,1.4914230212354378
2019,CO2/CO/NOx,2019-03-13 09:00:00+01:00,1.4532981260202273
2019,CO2/CO/NOx,2019-03-13 10:00:00+01:00,1.3973715174772618
2019,CO2/CO/NOx,2019-03-13 11:00:00+01:00,1.3282193251474441
2019,CO2/CO/NOx,2019-03-13 12:00:00+01:00,1.2533481930240542
2019,CO2/CO/NOx,2019-03-13 13:00:00+01:00,1.2361308829316786
2019,CO2/CO/NOx,2019-03-13 14:00:00+01:00,1.239897654938419
2019,CO2/CO/NOx,2019-03-13 15:00:00+01:00,1.2693173660253658
2019,CO2/CO/NOx,2019-03-13 16:00:00+01:00,1.315489314172243
2019,CO2/CO/NOx,2019-03-13 17:00:00+01:00,1.3581316070563811
2019,CO2/CO/NOx,2019-03-13 18:00:00+01:00,1.4191474372365438
2019,CO2/CO/NOx,2019-03-13 19:00:00+01:00,1.4240186680650628
2019,CO2/CO/NOx,2019-03-13 20:00:00+01:00,1.3915008790739996
2019,CO2/CO/NOx,2019-03-13 21:00:00+01:00,1.3604743063253182
2019,CO2/CO/NOx,2019-03-13 22:00:00+01:00,1.3361098086600278
2019,CO2/CO/NOx,2019-03-13 23:00:00+01:00,1.302923583226125
2019,CO2/CO/NOx,2019-03-14 00:00:00+01:00,1.2646617998020608
2019,CO2/CO/NOx,2019-03-14 01:00:00+01:00,1.2798209190159755
2019,CO2/CO/NOx,2019-03-14 02:00:00+01:00,1.320638102346282
2019,CO2/CO/NOx,2019-03-14 03:00:00+01:00,1.3897275578807806
2019,CO2/CO/NOx,2019-03-14 04:00:00+01:00,1.4502058142081053
2019,CO2/CO/NOx,2019-03-14 05:00:00+01:00,1.5167402996518147
2019,CO2/CO/NOx,2019-03-14 06:00:00+01:00,1.5816268930490527
2019,CO2/CO/NOx,2019-03-14 07:00:00+01:00,1.6062650347348626
2019,CO2/CO/NOx,2019-03-14 08:00:00+01:00,1.6019236657393543
2019,CO2/CO/NOx,2019-03-14 09:00:00+01:00,1.5703828189523705
2019,CO2/CO/NOx,2019-03-14 10:00:00+01:00,1.5519268529919676
2019,CO2/CO/NOx,2019-03-14 11:00:00+01:00,1.5227040034047372
2019,CO2/CO/NOx,2019-03-14 12:00:00+01:00,1.5065550373304193
2019,CO2/CO/NOx,2019-03-14 13:00:00+01:00,1.5220324145217987
2019,CO2/CO/NOx,2019-03-14 14:00:00+01:00,1.5391862921910442
2019,CO2/CO/NOx,2019-03-14 15:00:00+01:00,1.5571106860213733
2019,CO2/CO/NOx,2019-03-14 16:00:00+01:00,1.55612054219819
2019,CO2/CO/NOx,2019-03-14 17:00:00+01:00,1.5566034426995075
2019,CO2/CO/NOx,2019-03-14 18:00:00+01:00,1.569047598457832
2019,CO2/CO/NOx,2019-03-14 19:00:00+01:00,1.5412992687541638
2019,CO2/CO/NOx,2019-03-14 20:00:00+01:00,1.4828447262004216
2019,CO2/CO/NOx,2019-03-14 21:00:00+01:00,1.4185558228745376
2019,CO2/CO/NOx,2019-03-14 22:00:00+01:00,1.3672381502631137
2019,CO2/CO/NOx,2019-03-14 23:00:00+01:00,1.3201257462837277
2019,CO2/CO/NOx,2019-03-15 00:00:00+01:00,1.2721258992665145
2019,CO2/CO/NOx,2019-03-15 01:00:00+01:00,1.2668843764831028
2019,CO2/CO/NOx,2019-03-15 02:00:00+01:00,1.3030550544540582
2019,CO2/CO/NOx,2019-03-15 03:00:00+01:00,1.3707832919608263
2019,CO2/CO/NOx,2019-03-15 04:00:00+01:00,1.4269307702717828
2019,CO2/CO/NOx,2019-03-15 05:00:00+01:00,1.4749538665801147
2019,CO2/CO/NOx,2019-03-15 06:00:00+01:00,1.5137229606179419
2019,CO2/CO/NOx,2019-03-15 07:00:00+01:00,1.5391018835769934
2019,CO2/CO/NOx,2019-03-15 08:00:00+01:00,1.53243968382879
2019,CO2/CO/NOx,2019-03-15 09:00:00+01:00,1.48929174409289
2019,CO2/CO/NOx,2019-03-15 10:00:00+01:00,1.4656458649988509
2019,CO2/CO/NOx,2019-03-15 11:00:00+01:00,1.4123318857314011
2019,CO2/CO/NOx,2019-03-15 12:00:00+01:00,1.3459889544000856
2019,CO2/CO/NOx,2019-03-15 13:00:00+01:00,1.2867927811692974
2019,CO2/CO/NOx,2019-03-15 14:00:00+01:00,1.2385075890712562
2019,CO2/CO/NOx,2019-03-15 15:00:00+01:00,1.2048360929724158
2019,CO2/CO/NOx,2019-03-15 16:00:00+01:00,1.1776663483195322
2019,CO2/CO/NOx,2019-03-15 17:00:00+01:00,1.1568008980538378
2019,CO2/CO/NOx,2019-03-15 18:00:00+01:00,1.1501554474816247
2019,CO2/CO/NOx,2019-03-15 19:00:00+01:00,1.1344163990590663
2019,CO2/CO/NOx,2019-03-15 20:00:00+01:00,1.1010292387010954
2019,CO2/CO/NOx,2019-03-15 21:00:00+01:00,1.0608639723536462
2019,CO2/CO/NOx,2019-03-15 22:00:00+01:00,1.025744036682073
2019,CO2/CO/NOx,2019-03-15 23:00:00+01:00,1.0009665887011734
2019,CO2/CO/NOx,2019-03-16 00:00:00+01:00,0.9764165859400044
2019,CO2/CO/NOx,2019-03-16 01:00:00+01:00,0.9658274388887192
2019,CO2/CO/NOx,2019-03-16 02:00:00+01:00,0.9717361689839763
2019,CO2/CO/NOx,2019-03-16 03:00:00+01:00,0.9928862632776413
2019,CO2/CO/NOx,2019-03-16 04:00:00+01:00,1.012021857586398
2019,CO2/CO/NOx,2019-03-16 05:00:00+01:00,1.0307389859094573
2019,CO2/CO/NOx,2019-03-16 06:00:00+01:00,1.0390963138238503
2019,CO2/CO/NOx,2019-03-16 07:00:00+01:00,1.0434814831056192
2019,CO2/CO/NOx,2019-03-16 08:00:00+01:00,1.0365741442123504
2019,CO2/CO/NOx,2019-03-16 09:00:00+01:00,1.0088961619876844
2019,CO2/CO/NOx,2019-03-16 10:00:00+01:00,0.9864565197683096
2019,CO2/CO/NOx,2019-03-16 11:00:00+01:00,0.9551059749287516
2019,CO2/CO/NOx,2019-03-16 12:00:00+01:00,0.9130008117539445
2019,CO2/CO/NOx,2019-03-16 13:00:00+01:00,0.8829927660906065
2019,CO2/CO/NOx,2019-03-16 14:00:00+01:00,0.8566252202122946
2019,CO2/CO/NOx,2019-03-16 15:00:00+01:00,0.8446637946811403
2019,CO2/CO/NOx,2019-03-16 16:00:00+01:00,0.8549468338329448
2019,CO2/CO/NOx,2019-03-16 17:00:00+01:00,0.8731136240283106
2019,CO2/CO/NOx,2019-03-16 18:00:00+01:00,0.8985746143554695
2019,CO2/CO/NOx,2019-03-16 19:00:00+01:00,0.9104340125949474
2019,CO2/CO/NOx,2019-03-16 20:00:00+01:00,0.8977293046858317
2019,CO2/CO/NOx,2019-03-16 21:00:00+01:00,0.8641389656973744
2019,CO2/CO/NOx,2019-03-16 22:00:00+01:00,0.821276599483379
2019,CO2/CO/NOx,2019-03-16 23:00:00+01:00,0.7677559791835569
2019,CO2/CO/NOx,2019-03-17 00:00:00+01:00,0.735482211073924
2019,CO2/CO/NOx,2019-03-17 01:00:00+01:00,0.735259185313613
2019,CO2/CO/NOx,2019-03-17 02:00:00+01:00,0.7962008149194345
2019,CO2/CO/NOx,2019-03-17 03:00:00+01:00,0.8717510206519244
2019,CO2/CO/NOx,2019-03-17 04:00:00+01:00,0.9341396971133381
2019,CO2/CO/NOx,2019-03-17 05:00:00+01:00,0.9778554438196038
2019,CO2/CO/NOx,2019-03-17 06:00:00+01:00,0.9866480817938305
2019,CO2/CO/NOx,2019-03-17 07:00:00+01:00,0.9474317999093876
2019,CO2/CO/NOx,2019-03-17 08:00:00+01:00,0.8641428430538856
2019,CO2/CO/NOx,2019-03-17 09:00:00+01:00,0.7623071287832494
2019,CO2/CO/NOx,2019-03-17 10:00:00+01:00,0.6703472056938155
2019,CO2/CO/NOx,2019-03-17 11:00:00+01:00,0.6290446470568738
2019,CO2/CO/NOx,2019-03-17 12:00:00+01:00,0.5822602422059686
2019,CO2/CO/NOx,2019-03-17 13:00:00+01:00,0.5824795949187682
2019,CO2/CO/NOx,2019-03-17 14:00:00+01:00,0.619133227290427
2019,CO2/CO/NOx,2019-03-17 15:00:00+01:00,0.6977496756514496
2019,CO2/CO/NOx,2019-03-17 16:00:00+01:00,0.7985481984748328
2019,CO2/CO/NOx,2019-03-17 17:00:00+01:00,0.9023340751693346
2019,CO2/CO/NOx,2019-03-17 18:00:00+01:00,1.003937680045065
2019,CO2/CO/NOx,2019-03-17 19:00:00+01:00,1.1013798510180597
2019,CO2/CO/NOx,2019-03-17 20:00:00+01:00,1.1753233320941212
2019,CO2/CO/NOx,2019-03-17 21:00:00+01:00,1.2088358168419655
2019,CO2/CO/NOx,2019-03-17 22:00:00+01:00,1.2409960823891175
2019,CO2/CO/NOx,2019-03-17 23:00:00+01:00,1.2605967854622733
2019,CO2/CO/NOx,2019-03-18 00:00:00+01:00,1.2917912429363667
2019,CO2/CO/NOx,2019-03-18 01:00:00+01:00,1.3106269114047961
2019,CO2/CO/NOx,2019-03-18 02:00:00+01:00,1.327343132895734
2019,CO2/CO/NOx,2019-03-18 03:00:00+01:00,1.3692404789289705
2019,CO2/CO/NOx,2019-03-18 04:00:00+01:00,1.4137851999295763
2019,CO2/CO/NOx,2019-03-18 05:00:00+01:00,1.439094841048983
2019,CO2/CO/NOx,2019-03-18 06:00:00+01:00,1.4744329377561847
2019,CO2/CO/NOx,2019-03-18 07:00:00+01:00,1.5004186298279814
2019,CO2/CO/NOx,2019-03-18 08:00:00+01:00,1.5072289291146634
2019,CO2/CO/NOx,2019-03-18 09:00:00+01:00,1.5084972033309836
2019,CO2/CO/NOx,2019-03-18 10:00:00+01:00,1.4898178849141968
2019,CO2/CO/NOx,2019-03-18 11:00:00+01:00,1.4469750201473888
2019,CO2/CO/NOx,2019-03-18 12:00:00+01:00,1.4123122437969333
2019,CO2/CO/NOx,2019-03-18 13:00:00+01:00,1.3758556149818284
2019,CO2/CO/NOx,2019-03-18 14:00:00+01:00,1.3530573937405923
2019,CO2/CO/NOx,2019-03-18 15:00:00+01:00,1.3885207131792046
2019,CO2/CO/NOx,2019-03-18 16:00:00+01:00,1.4380023010366125
2019,CO2/CO/NOx,2019-03-18 17:00:00+01:00,1.5011515214361082
2019,CO2/CO/NOx,2019-03-18 18:00:00+01:00,1.5955761946475326
2019,CO2/CO/NOx,2019-03-18 19:00:00+01:00,1.6441925930261176
2019,CO2/CO/NOx,2019-03-18 20:00:00+01:00,1.6334257521043907
2019,CO2/CO/NOx,2019-03-18 21:00:00+01:00,1.5891879072916955
2019,CO2/CO/NOx,2019-03-18 22:00:00+01:00,1.5337170416636157
2019,CO2/CO/NOx,2019-03-18 23:00:00+01:00,1.4856149409481885
2019,CO2/CO/NOx,2019-03-19 00:00:00+01:00,1.4427275932255914
2019,CO2/CO/NOx,2019-03-19 01:00:00+01:00,1.452420165591264
2019,CO2/CO/NOx,2019-03-19 02:00:00+01:00,1.5168468848192944
2019,CO2/CO/NOx,2019-03-19 03:00:00+01:00,1.6157086027713805
2019,CO2/CO/NOx,2019-03-19 04:00:00+01:00,1.6851509816317163
2019,CO2/CO/NOx,2019-03-19 05:00:00+01:00,1.7301946380444404
2019,CO2/CO/NOx,2019-03-19 06:00:00+01:00,1.7599740434588813
2019,CO2/CO/NOx,2019-03-19 07:00:00+01:00,1.7710016258762875
2019,CO2/CO/NOx,2019-03-19 08:00:00+01:00,1.7484405917872408
2019,CO2/CO/NOx,2019-03-19 09:00:00+01:00,1.6833637315343486
2019,CO2/CO/NOx,2019-03-19 10:00:00+01:00,1.638934446861402
2019,CO2/CO/NOx,2019-03-19 11:00:00+01:00,1.5996310323074823
2019,CO2/CO/NOx,2019-03-19 12:00:00+01:00,1.5478276536453803
2019,CO2/CO/NOx,2019-03-19 13:00:00+01:00,1.5113576200704921
2019,CO2/CO/NOx,2019-03-19 14:00:00+01:00,1.4864517623931868
2019,CO2/CO/NOx,2019-03-19 15:00:00+01:00,1.487291207258976
2019,CO2/CO/NOx,2019-03-19 16:00:00+01:00,1.5085397564459648
2019,CO2/CO/NOx,2019-03-19 17:00:00+01:00,1.552000380813249
2019,CO2/CO/NOx,2019-03-19 18:00:00+01:00,1.6113263446629815
2019,CO2/CO/NOx,2019-03-19 19:00:00+01:00,1.6471375733106253
2019,CO2/CO/NOx,2019-03-19 20:00:00+01:00,1.651158144741673
2019,CO2/CO/NOx,2019-03-19 21:00:00+01:00,1.6246292753238811
2019,CO2/CO/NOx,2019-03-19 22:00:00+01:00,1.590595289786458
2019,CO2/CO/NOx,2019-03-19 23:00:00+01:00,1.545907518800636
2019,CO2/CO/NOx,2019-03-20 00:00:00+01:00,1.4751524411642731
2019,CO2/CO/NOx,2019-03-20 01:00:00+01:00,1.470989812406297
2019,CO2/CO/NOx,2019-03-20 02:00:00+01:00,1.5382334481858913
2019,CO2/CO/NOx,2019-03-20 03:00:00+01:00,1.6567325242863555
2019,CO2/CO/NOx,2019-03-20 04:00:00+01:00,1.762103382928681
2019,CO2/CO/NOx,2019-03-20 05:00:00+01:00,1.8343101245085094
2019,CO2/CO/NOx,2019-03-20 06:00:00+01:00,1.8701830576337073
2019,CO2/CO/NOx,2019-03-20 07:00:00+01:00,1.8535199158506033
2019,CO2/CO/NOx,2019-03-20 08:00:00+01:00,1.7823976108469635
2019,CO2/CO/NOx,2019-03-20 09:00:00+01:00,1.67943315445236
2019,CO2/CO/NOx,2019-03-20 10:00:00+01:00,1.5928546650408575
2019,CO2/CO/NOx,2019-03-20 11:00:00+01:00,1.502245121223577
2019,CO2/CO/NOx,2019-03-20 12:00:00+01:00,1.4151958375675298
2019,CO2/CO/NOx,2019-03-20 13:00:00+01:00,1.3307517835649463
2019,CO2/CO/NOx,2019-03-20 14:00:00+01:00,1.2527497178824176
2019,CO2/CO/NOx,2019-03-20 15:00:00+01:00,1.2304168094546173
2019,CO2/CO/NOx,2019-03-20 16:00:00+01:00,1.2339324751778393
2019,CO2/CO/NOx,2019-03-20 17:00:00+01:00,1.27486199863046
2019,CO2/CO/NOx,2019-03-20 18:00:00+01:00,1.3768478134304651
2019,CO2/CO/NOx,2019-03-20 19:00:00+01:00,1.4551335516174762
2019,CO2/CO/NOx,2019-03-20 20:00:00+01:00,1.5158229670641137
2019,CO2/CO/NOx,2019-03-20 21:00:00+01:00,1.5296741248118972
2019,CO2/CO/NOx,2019-03-20 22:00:00+01:00,1.5056713388916867
2019,CO2/CO/NOx,2019-03-20 23:00:00+01:00,1.4619993688772823
2019,CO2/CO/NOx,2019-03-21 00:00:00+01:00,1.4132667048986363
2019,CO2/CO/NOx,2019-03-21 01:00:00+01:00,1.367852125745966
2019,CO2/CO/NOx,2019-03-21 02:00:00+01:00,1.39870995049379
2019,CO2/CO/NOx,2019-03-21 03:00:00+01:00,1.5141411345093798
2019,CO2/CO/NOx,2019-03-21 04:00:00+01:00,1.6437648441482837
2019,CO2/CO/NOx,2019-03-21 05:00:00+01:00,1.7554826326928985
2019,CO2/CO/NOx,2019-03-21 06:00:00+01:00,1.807375839113293
2019,CO2/CO/NOx,2019-03-21 07:00:00+01:00,1.805962870325025
2019,CO2/CO/NOx,2019-03-21 08:00:00+01:00,1.7127525308972271
2019,CO2/CO/NOx,2019-03-21 09:00:00+01:00,1.533881437219418
2019,CO2/CO/NOx,2019-03-21 10:00:00+01:00,1.350675704958957
2019,CO2/CO/NOx,2019-03-21 11:00:00+01:00,1.2125995556265308
2019,CO2/CO/NOx,2019-03-21 12:00:00+01:00,1.122521331372401
2019,CO2/CO/NOx,2019-03-21 13:00:00+01:00,1.0651018607124942
2019,CO2/CO/NOx,2019-03-21 14:00:00+01:00,1.0355297035455235
2019,CO2/CO/NOx,2019-03-21 15:00:00+01:00,1.0410292805737333
2019,CO2/CO/NOx,2019-03-21 16:00:00+01:00,1.0769716611679665
2019,CO2/CO/NOx,2019-03-21 17:00:00+01:00,1.1101921691628347
2019,CO2/CO/NOx,2019-03-21 18:00:00+01:00,1.1704355039639918
2019,CO2/CO/NOx,2019-03-21 19:00:00+01:00,1.2158382443025215
2019,CO2/CO/NOx,2019-03-21 20:00:00+01:00,1.2456791773230762
2019,CO2/CO/NOx,2019-03-21 21:00:00+01:00,1.2717028612344623
2019,CO2/CO/NOx,2019-03-21 22:00:00+01:00,1.2873023299435926
2019,CO2/CO/NOx,2019-03-21 23:00:00+01:00,1.288203215627627
2019,CO2/CO/NOx,2019-03-22 00:00:00+01:00,1.2694432940119935
2019,CO2/CO/NOx,2019-03-22 01:00:00+01:00,1.2871820115135344
2019,CO2/CO/NOx,2019-03-22 02:00:00+01:00,1.3462527406118245
2019,CO2/CO/NOx,2019-03-22 03:00:00+01:00,1.4353573281756449
2019,CO2/CO/NOx,2019-03-22 04:00:00+01:00,1.4958842625764222
2019,CO2/CO/NOx,2019-03-22 05:00:00+01:00,1.5572669298884263
2019,CO2/CO/NOx,2019-03-22 06:00:00+01:00,1.5576087965291687
2019,CO2/CO/NOx,2019-03-22 07:00:00+01:00,1.4970146768453743
2019,CO2/CO/NOx,2019-03-22 08:00:00+01:00,1.3728511124642633
2019,CO2/CO/NOx,2019-03-22 09:00:00+01:00,1.2210001370555115
2019,CO2/CO/NOx,2019-03-22 10:00:00+01:00,1.0929171510949804
2019,CO2/CO/NOx,2019-03-22 11:00:00+01:00,1.0004432751553916
2019,CO2/CO/NOx,2019-03-22 12:00:00+01:00,0.9338544874692182
2019,CO2/CO/NOx,2019-03-22 13:00:00+01:00,0.9080066349304174
2019,CO2/CO/NOx,2019-03-22 14:00:00+01:00,0.9424002060022417
2019,CO2/CO/NOx,2019-03-22 15:00:00+01:00,0.9761995324280217
2019,CO2/CO/NOx,2019-03-22 16:00:00+01:00,1.0315828974373162
2019,CO2/CO/NOx,2019-03-22 17:00:00+01:00,1.0754014557130662
2019,CO2/CO/NOx,2019-03-22 18:00:00+01:00,1.116279315500624
2019,CO2/CO/NOx,2019-03-22 19:00:00+01:00,1.1326252113912845
2019,CO2/CO/NOx,2019-03-22 20:00:00+01:00,1.1264998992029653
2019,CO2/CO/NOx,2019-03-22 21:00:00+01:00,1.1044955074727991
2019,CO2/CO/NOx,2019-03-22 22:00:00+01:00,1.1246866542395009
2019,CO2/CO/NOx,2019-03-22 23:00:00+01:00,1.1752307280125738
2019,CO2/CO/NOx,2019-03-23 00:00:00+01:00,1.2568154045664104
2019,CO2/CO/NOx,2019-03-23 01:00:00+01:00,1.3426908314593722
2019,CO2/CO/NOx,2019-03-23 02:00:00+01:00,1.4114469584900506
2019,CO2/CO/NOx,2019-03-23 03:00:00+01:00,1.4615177537283073
2019,CO2/CO/NOx,2019-03-23 04:00:00+01:00,1.4650036115467517
2019,CO2/CO/NOx,2019-03-23 05:00:00+01:00,1.4030580855542574
2019,CO2/CO/NOx,2019-03-23 06:00:00+01:00,1.3020030482419034
2019,CO2/CO/NOx,2019-03-23 07:00:00+01:00,1.1902811675833576
2019,CO2/CO/NOx,2019-03-23 08:00:00+01:00,1.0476369589229897
2019,CO2/CO/NOx,2019-03-23 09:00:00+01:00,0.913487089771066
2019,CO2/CO/NOx,2019-03-23 10:00:00+01:00,0.8040224388320396
2019,CO2/CO/NOx,2019-03-23 11:00:00+01:00,0.7510402512190072
2019,CO2/CO/NOx,2019-03-23 12:00:00+01:00,0.7535674858569622
2019,CO2/CO/NOx,2019-03-23 13:00:00+01:00,0.7927256970281807
2019,CO2/CO/NOx,2019-03-23 14:00:00+01:00,0.8647421937952836
2019,CO2/CO/NOx,2019-03-23 15:00:00+01:00,0.9483864029899132
2019,CO2/CO/NOx,2019-03-23 16:00:00+01:00,1.0177951100256943
2019,CO2/CO/NOx,2019-03-23 17:00:00+01:00,1.0483731859524716
2019,CO2/CO/NOx,2019-03-23 18:00:00+01:00,1.039064888183622
2019,CO2/CO/NOx,2019-03-23 19:00:00+01:00,1.0043018558391408
2019,CO2/CO/NOx,2019-03-23 20:00:00+01:00,0.9471425417621623
2019,CO2/CO/NOx,2019-03-23 21:00:00+01:00,0.8923677180492694
2019,CO2/CO/NOx,2019-03-23 22:00:00+01:00,0.8686240243592848
2019,CO2/CO/NOx,2019-03-23 23:00:00+01:00,0.9222394453273858
2019,CO2/CO/NOx,2019-03-24 00:00:00+01:00,1.0080054022872436
2019,CO2/CO/NOx,2019-03-24 01:00:00+01:00,1.1102332614507298
2019,CO2/CO/NOx,2019-03-24 02:00:00+01:00,1.2170140031436354
2019,CO2/CO/NOx,2019-03-24 03:00:00+01:00,1.2977856226839863
2019,CO2/CO/NOx,2019-03-24 04:00:00+01:00,1.3410985267525042
2019,CO2/CO/NOx,2019-03-24 05:00:00+01:00,1.3183498452325952
2019,CO2/CO/NOx,2019-03-24 06:00:00+01:00,1.2496725949873662
2019,CO2/CO/NOx,2019-03-24 07:00:00+01:00,1.1476523481935825
2019,CO2/CO/NOx,2019-03-24 08:00:00+01:00,1.054835358733131
2019,CO2/CO/NOx,2019-03-24 09:00:00+01:00,0.9468034541022265
2019,CO2/CO/NOx,2019-03-24 10:00:00+01:00,0.8404361841971291
2019,CO2/CO/NOx,2019-03-24 11:00:00+01:00,0.7796194375504212
2019,CO2/CO/NOx,2019-03-24 12:00:00+01:00,0.759402127494469
2019,CO2/CO/NOx,2019-03-24 13:00:00+01:00,0.7751206134794246
2019,CO2/CO/NOx,2019-03-24 14:00:00+01:00,0.8232955744123395
2019,CO2/CO/NOx,2019-03-24 15:00:00+01:00,0.892958107399953
2019,CO2/CO/NOx,2019-03-24 16:00:00+01:00,0.9452024107487542
2019,CO2/CO/NOx,2019-03-24 17:00:00+01:00,0.9950085914127641
2019,CO2/CO/NOx,2019-03-24 18:00:00+01:00,1.017422140269849
2019,CO2/CO/NOx,2019-03-24 19:00:00+01:00,0.9949090410018532
2019,CO2/CO/NOx,2019-03-24 20:00:00+01:00,0.959192372349359
2019,CO2/CO/NOx,2019-03-24 21:00:00+01:00,0.9103087576518016
2019,CO2/CO/NOx,2019-03-24 22:00:00+01:00,0.851477574276263
2019,CO2/CO/NOx,2019-03-24 23:00:00+01:00,0.8162041133494614
2019,CO2/CO/NOx,2019-03-25 00:00:00+01:00,0.7707106792938362
2019,CO2/CO/NOx,2019-03-25 01:00:00+01:00,0.779784476528613
2019,CO2/CO/NOx,2019-03-25 02:00:00+01:00,0.850710687210569
2019,CO2/CO/NOx,2019-03-25 03:00:00+01:00,0.9466949955630299
2019,CO2/CO/NOx,2019-03-25 04:00:00+01:00,1.0407859055149373
2019,CO2/CO/NOx,2019-03-25 05:00:00+01:00,1.130244348170562
2019,CO2/CO/NOx,2019-03-25 06:00:00+01:00,1.1900499572475558
2019,CO2/CO/NOx,2019-03-25 07:00:00+01:00,1.2069766345964876
2019,CO2/CO/NOx,2019-03-25 08:00:00+01:00,1.1797171238452238
2019,CO2/CO/NOx,2019-03-25 09:00:00+01:00,1.106185294707336
2019,CO2/CO/NOx,2019-03-25 10:00:00+01:00,1.070737535680404
2019,CO2/CO/NOx,2019-03-25 11:00:00+01:00,1.047359547145562
2019,CO2/CO/NOx,2019-03-25 12:00:00+01:00,1.0302577979122183
2019,CO2/CO/NOx,2019-03-25 13:00:00+01:00,1.044165416052801
2019,CO2/CO/NOx,2019-03-25 14:00:00+01:00,1.0848246770094627
2019,CO2/CO/NOx,2019-03-25 15:00:00+01:00,1.152948756772077
2019,CO2/CO/NOx,2019-03-25 16:00:00+01:00,1.225962600212121
2019,CO2/CO/NOx,2019-03-25 17:00:00+01:00,1.3082451912715751
2019,CO2/CO/NOx,2019-03-25 18:00:00+01:00,1.3962502969315813
2019,CO2/CO/NOx,2019-03-25 19:00:00+01:00,1.443423844297612
2019,CO2/CO/NOx,2019-03-25 20:00:00+01:00,1.4476749856042816
2019,CO2/CO/NOx,2019-03-25 21:00:00+01:00,1.4190831629976552
2019,CO2/CO/NOx,2019-03-25 22:00:00+01:00,1.376530573697328
2019,CO2/CO/NOx,2019-03-25 23:00:00+01:00,1.3367939612838535
2019,CO2/CO/NOx,2019-03-26 00:00:00+01:00,1.2890521469356617
2019,CO2/CO/NOx,2019-03-26 01:00:00+01:00,1.27688060631034
2019,CO2/CO/NOx,2019-03-26 02:00:00+01:00,1.3321141115643709
2019,CO2/CO/NOx,2019-03-26 03:00:00+01:00,1.4305098479705696
2019,CO2/CO/NOx,2019-03-26 04:00:00+01:00,1.5253794198608754
2019,CO2/CO/NOx,2019-03-26 05:00:00+01:00,1.6097464333350744
2019,CO2/CO/NOx,2019-03-26 06:00:00+01:00,1.6677816048468737
2019,CO2/CO/NOx,2019-03-26 07:00:00+01:00,1.6858254717942314
2019,CO2/CO/NOx,2019-03-26 08:00:00+01:00,1.6757652651098698
2019,CO2/CO/NOx,2019-03-26 09:00:00+01:00,1.6125339077028173
2019,CO2/CO/NOx,2019-03-26 10:00:00+01:00,1.5576375910506117
2019,CO2/CO/NOx,2019-03-26 11:00:00+01:00,1.517351128709949
2019,CO2/CO/NOx,2019-03-26 12:00:00+01:00,1.4818530322053474
2019,CO2/CO/NOx,2019-03-26 13:00:00+01:00,1.4711145996394488
2019,CO2/CO/NOx,2019-03-26 14:00:00+01:00,1.4772797059016418
2019,CO2/CO/NOx,2019-03-26 15:00:00+01:00,1.4975366709584843
2019,CO2/CO/NOx,2019-03-26 16:00:00+01:00,1.5218477557178338
2019,CO2/CO/NOx,2019-03-26 17:00:00+01:00,1.5382543328267104
2019,CO2/CO/NOx,2019-03-26 18:00:00+01:00,1.5638794695386666
2019,CO2/CO/NOx,2019-03-26 19:00:00+01:00,1.548804962615014
2019,CO2/CO/NOx,2019-03-26 20:00:00+01:00,1.5035206026183077
2019,CO2/CO/NOx,2019-03-26 21:00:00+01:00,1.438438922183684
2019,CO2/CO/NOx,2019-03-26 22:00:00+01:00,1.3995570541315674
2019,CO2/CO/NOx,2019-03-26 23:00:00+01:00,1.3679311822264701
2019,CO2/CO/NOx,2019-03-27 00:00:00+01:00,1.3221696177567899
2019,CO2/CO/NOx,2019-03-27 01:00:00+01:00,1.3276162264812879
2019,CO2/CO/NOx,2019-03-27 02:00:00+01:00,1.3759573711291997
2019,CO2/CO/NOx,2019-03-27 03:00:00+01:00,1.4733302762821208
2019,CO2/CO/NOx,2019-03-27 04:00:00+01:00,1.553731076469671
2019,CO2/CO/NOx,2019-03-27 05:00:00+01:00,1.6150651080165939
2019,CO2/CO/NOx,2019-03-27 06:00:00+01:00,1.6723166625031598
2019,CO2/CO/NOx,2019-03-27 07:00:00+01:00,1.7130845252372435
2019,CO2/CO/NOx,2019-03-27 08:00:00+01:00,1.6958945439359916
2019,CO2/CO/NOx,2019-03-27 09:00:00+01:00,1.6387561878479966
2019,CO2/CO/NOx,2019-03-27 10:00:00+01:00,1.5913230516067915
2019,CO2/CO/NOx,2019-03-27 11:00:00+01:00,1.5339242936929443
2019,CO2/CO/NOx,2019-03-27 12:00:00+01:00,1.471756405196282
2019,CO2/CO/NOx,2019-03-27 13:00:00+01:00,1.4273660696720027
2019,CO2/CO/NOx,2019-03-27 14:00:00+01:00,1.4029239227804136
2019,CO2/CO/NOx,2019-03-27 15:00:00+01:00,1.4174130483918095
2019,CO2/CO/NOx,2019-03-27 16:00:00+01:00,1.432280014089656
2019,CO2/CO/NOx,2019-03-27 17:00:00+01:00,1.4456033309798695
2019,CO2/CO/NOx,2019-03-27 18:00:00+01:00,1.4753173787772937
2019,CO2/CO/NOx,2019-03-27 19:00:00+01:00,1.4552129064035162
2019,CO2/CO/NOx,2019-03-27 20:00:00+01:00,1.4057230358100914
2019,CO2/CO/NOx,2019-03-27 21:00:00+01:00,1.3346133468891743
2019,CO2/CO/NOx,2019-03-27 22:00:00+01:00,1.2745839317811325
2019,CO2/CO/NOx,2019-03-27 23:00:00+01:00,1.214281687507578
2019,CO2/CO/NOx,2019-03-28 00:00:00+01:00,1.1679307598635078
2019,CO2/CO/NOx,2019-03-28 01:00:00+01:00,1.1699159528769394
2019,CO2/CO/NOx,2019-03-28 02:00:00+01:00,1.2226583943344163
2019,CO2/CO/NOx,2019-03-28 03:00:00+01:00,1.2981021367782903
2019,CO2/CO/NOx,2019-03-28 04:00:00+01:00,1.3536031572825602
2019,CO2/CO/NOx,2019-03-28 05:00:00+01:00,1.4237886624677945
2019,CO2/CO/NOx,2019-03-28 06:00:00+01:00,1.4662719858939894
2019,CO2/CO/NOx,2019-03-28 07:00:00+01:00,1.4565318972901742
2019,CO2/CO/NOx,2019-03-28 08:00:00+01:00,1.3823751582926176
2019,CO2/CO/NOx,2019-03-28 09:00:00+01:00,1.2758209741835924
2019,CO2/CO/NOx,2019-03-28 10:00:00+01:00,1.182084988619555
2019,CO2/CO/NOx,2019-03-28 11:00:00+01:00,1.0983436063345922
2019,CO2/CO/NOx,2019-03-28 12:00:00+01:00,1.0170400594929052
2019,CO2/CO/NOx,2019-03-28 13:00:00+01:00,0.9653658079211498
2019,CO2/CO/NOx,2019-03-28 14:00:00+01:00,0.9667537401751866
2019,CO2/CO/NOx,2019-03-28 15:00:00+01:00,0.9862358111020129
2019,CO2/CO/NOx,2019-03-28 16:00:00+01:00,1.0047571654667757
2019,CO2/CO/NOx,2019-03-28 17:00:00+01:00,1.0296803178803333
2019,CO2/CO/NOx,2019-03-28 18:00:00+01:00,1.0759929113283142
2019,CO2/CO/NOx,2019-03-28 19:00:00+01:00,1.0875445062560694
2019,CO2/CO/NOx,2019-03-28 20:00:00+01:00,1.0719197648928631
2019,CO2/CO/NOx,2019-03-28 21:00:00+01:00,1.0274899037301428
2019,CO2/CO/NOx,2019-03-28 22:00:00+01:00,0.9846497817373835
2019,CO2/CO/NOx,2019-03-28 23:00:00+01:00,0.9551099130393863
2019,CO2/CO/NOx,2019-03-29 00:00:00+01:00,0.9240002648395549
2019,CO2/CO/NOx,2019-03-29 01:00:00+01:00,0.9354945307858246
2019,CO2/CO/NOx,2019-03-29 02:00:00+01:00,0.9885399368719084
2019,CO2/CO/NOx,2019-03-29 03:00:00+01:00,1.0847183704977832
2019,CO2/CO/NOx,2019-03-29 04:00:00+01:00,1.1639764620923678
2019,CO2/CO/NOx,2019-03-29 05:00:00+01:00,1.2344153815830265
2019,CO2/CO/NOx,2019-03-29 06:00:00+01:00,1.2734621383208156
2019,CO2/CO/NOx,2019-03-29 07:00:00+01:00,1.280339908278053
2019,CO2/CO/NOx,2019-03-29 08:00:00+01:00,1.2268936315575625
2019,CO2/CO/NOx,2019-03-29 09:00:00+01:00,1.1210769007267112
2019,CO2/CO/NOx,2019-03-29 10:00:00+01:00,1.020762329563768
2019,CO2/CO/NOx,2019-03-29 11:00:00+01:00,0.9119136319207443
2019,CO2/CO/NOx,2019-03-29 12:00:00+01:00,0.830171543389569
2019,CO2/CO/NOx,2019-03-29 13:00:00+01:00,0.7999175525270928
2019,CO2/CO/NOx,2019-03-29 14:00:00+01:00,0.8325955551307341
2019,CO2/CO/NOx,2019-03-29 15:00:00+01:00,0.8831686729415577
2019,CO2/CO/NOx,2019-03-29 16:00:00+01:00,0.9542020821214838
2019,CO2/CO/NOx,2019-03-29 17:00:00+01:00,1.0104285634050252
2019,CO2/CO/NOx,2019-03-29 18:00:00+01:00,1.0586730210037918
2019,CO2/CO/NOx,2019-03-29 19:00:00+01:00,1.068855307661148
2019,CO2/CO/NOx,2019-03-29 20:00:00+01:00,1.0402146272789563
2019,CO2/CO/NOx,2019-03-29 21:00:00+01:00,1.0307242412054884
2019,CO2/CO/NOx,2019-03-29 22:00:00+01:00,1.0373494431408825
2019,CO2/CO/NOx,2019-03-29 23:00:00+01:00,1.0827356616358825
2019,CO2/CO/NOx,2019-03-30 00:00:00+01:00,1.1387664105728945
2019,CO2/CO/NOx,2019-03-30 01:00:00+01:00,1.2244114232024945
2019,CO2/CO/NOx,2019-03-30 02:00:00+01:00,1.321816905045793
2019,CO2/CO/NOx,2019-03-30 03:00:00+01:00,1.4056636422423288
2019,CO2/CO/NOx,2019-03-30 04:00:00+01:00,1.4290202413360227
2019,CO2/CO/NOx,2019-03-30 05:00:00+01:00,1.3933316696560725
2019,CO2/CO/NOx,2019-03-30 06:00:00+01:00,1.327022734497299
2019,CO2/CO/NOx,2019-03-30 07:00:00+01:00,1.2106424133046831
2019,CO2/CO/NOx,2019-03-30 08:00:00+01:00,1.0762037400907742
2019,CO2/CO/NOx,2019-03-30 09:00:00+01:00,0.9647155437195212
2019,CO2/CO/NOx,2019-03-30 10:00:00+01:00,0.8880517756810763
2019,CO2/CO/NOx,2019-03-30 11:00:00+01:00,0.8485630163258694
2019,CO2/CO/NOx,2019-03-30 12:00:00+01:00,0.8416373216444194
2019,CO2/CO/NOx,2019-03-30 13:00:00+01:00,0.8559962835906678
2019,CO2/CO/NOx,2019-03-30 14:00:00+01:00,0.8946531921128673
2019,CO2/CO/NOx,2019-03-30 15:00:00+01:00,0.9563984585826076
2019,CO2/CO/NOx,2019-03-30 16:00:00+01:00,0.9906095274251504
2019,CO2/CO/NOx,2019-03-30 17:00:00+01:00,1.0034002605034107
2019,CO2/CO/NOx,2019-03-30 18:00:00+01:00,1.01808529001532
2019,CO2/CO/NOx,2019-03-30 19:00:00+01:00,0.9878146747859308
2019,CO2/CO/NOx,2019-03-30 20:00:00+01:00,0.9260310273764817
2019,CO2/CO/NOx,2019-03-30 21:00:00+01:00,0.9164479330838134
2019,CO2/CO/NOx,2019-03-30 22:00:00+01:00,0.9369103449512255
2019,CO2/CO/NOx,2019-03-30 23:00:00+01:00,1.000111137673211
2019,CO2/CO/NOx,2019-03-31 00:00:00+01:00,1.0935761757233904
2019,CO2/CO/NOx,2019-03-31 01:00:00+01:00,1.1787441618259187
2019,CO2/CO/NOx,2019-03-31 03:00:00+02:00,1.2753737855475862
2019,CO2/CO/NOx,2019-03-31 04:00:00+02:00,1.3497118322350021
2019,CO2/CO/NOx,2019-03-31 05:00:00+02:00,1.357398250208017
2019,CO2/CO/NOx,2019-03-31 06:00:00+02:00,1.310355947209667
2019,CO2/CO/NOx,2019-03-31 07:00:00+02:00,1.2518558670471778
2019,CO2/CO/NOx,2019-03-31 08:00:00+02:00,1.1433127946334627
2019,CO2/CO/NOx,2019-03-31 09:00:00+02:00,1.0101330747833246
2019,CO2/CO/NOx,2019-03-31 10:00:00+02:00,0.8785987599010626
2019,CO2/CO/NOx,2019-03-31 11:00:00+02:00,0.7699187637242594
2019,CO2/CO/NOx,2019-03-31 12:00:00+02:00,0.7205207534535859
2019,CO2/CO/NOx,2019-03-31 13:00:00+02:00,0.7241730042876846
2019,CO2/CO/NOx,2019-03-31 14:00:00+02:00,0.7560772150395118
2019,CO2/CO/NOx,2019-03-31 15:00:00+02:00,0.8340736104309031
2019,CO2/CO/NOx,2019-03-31 16:00:00+02:00,0.9202542364844175
2019,CO2/CO/NOx,2019-03-31 17:00:00+02:00,0.9732432203062692
2019,CO2/CO/NOx,2019-03-31 18:00:00+02:00,0.9967942768734432
2019,CO2/CO/NOx,2019-03-31 19:00:00+02:00,0.9908981321389171
2019,CO2/CO/NOx,2019-03-31 20:00:00+02:00,0.9359355756417005
2019,CO2/CO/NOx,2019-03-31 21:00:00+02:00,0.8562970163559241
2019,CO2/CO/NOx,2019-03-31 22:00:00+02:00,0.763339946108128
2019,CO2/CO/NOx,2019-03-31 23:00:00+02:00,0.6802557631760926
2019,CO2/CO/NOx,2019-04-01 00:00:00+02:00,0.6439207699639328
2019,CO2/CO/NOx,2019-04-01 01:00:00+02:00,0.6644574457680671
2019,CO2/CO/NOx,2019-04-01 02:00:00+02:00,0.7486482265106702
2019,CO2/CO/NOx,2019-04-01 03:00:00+02:00,0.8946463405250161
2019,CO2/CO/NOx,2019-04-01 04:00:00+02:00,1.0396764549218787
2019,CO2/CO/NOx,2019-04-01 05:00:00+02:00,1.1706988286985487
2019,CO2/CO/NOx,2019-04-01 06:00:00+02:00,1.2361223745292818
2019,CO2/CO/NOx,2019-04-01 07:00:00+02:00,1.2188221934287176
2019,CO2/CO/NOx,2019-04-01 08:00:00+02:00,1.143115353728758
2019,CO2/CO/NOx,2019-04-01 09:00:00+02:00,1.0235546015433055
2019,CO2/CO/NOx,2019-04-01 10:00:00+02:00,0.9120295100241348
2019,CO2/CO/NOx,2019-04-01 11:00:00+02:00,0.8202428503808822
2019,CO2/CO/NOx,2019-04-01 12:00:00+02:00,0.7641589556330075
2019,CO2/CO/NOx,2019-04-01 13:00:00+02:00,0.7340673650860936
2019,CO2/CO/NOx,2019-04-01 14:00:00+02:00,0.7412626154942118
2019,CO2/CO/NOx,2019-04-01 15:00:00+02:00,0.7555449448635257
2019,CO2/CO/NOx,2019-04-01 16:00:00+02:00,0.7965537313749994
2019,CO2/CO/NOx,2019-04-01 17:00:00+02:00,0.8388170830287612
2019,CO2/CO/NOx,2019-04-01 18:00:00+02:00,0.8960541303731127
2019,CO2/CO/NOx,2019-04-01 19:00:00+02:00,0.9223855824407298
2019,CO2/CO/NOx,2019-04-01 20:00:00+02:00,0.9196293270367887
2019,CO2/CO/NOx,2019-04-01 21:00:00+02:00,0.892059712933448
2019,CO2/CO/NOx,2019-04-01 22:00:00+02:00,0.8621630183856285
2019,CO2/CO/NOx,2019-04-01 23:00:00+02:00,0.8497062965369245
2019,CO2/CO/NOx,2019-04-02 00:00:00+02:00,0.8750493830882204
2019,CO2/CO/NOx,2019-04-02 01:00:00+02:00,0.9484540775170609
2019,CO2/CO/NOx,2019-04-02 02:00:00+02:00,1.028959398414218
2019,CO2/CO/NOx,2019-04-02 03:00:00+02:00,1.1420391174743287
2019,CO2/CO/NOx,2019-04-02 04:00:00+02:00,1.2453317972199902
2019,CO2/CO/NOx,2019-04-02 05:00:00+02:00,1.2878912577081238
2019,CO2/CO/NOx,2019-04-02 06:00:00+02:00,1.2576864759189645
2019,CO2/CO/NOx,2019-04-02 07:00:00+02:00,1.1893788397069398
2019,CO2/CO/NOx,2019-04-02 08:00:00+02:00,1.0951676098518393
2019,CO2/CO/NOx,2019-04-02 09:00:00+02:00,0.9629337838722232
2019,CO2/CO/NOx,2019-04-02 10:00:00+02:00,0.8477114629427707
2019,CO2/CO/NOx,2019-04-02 11:00:00+02:00,0.7510665625466525
2019,CO2/CO/NOx,2019-04-02 12:00:00+02:00,0.7110753175241551
2019,CO2/CO/NOx,2019-04-02 13:00:00+02:00,0.7250696279389909
2019,CO2/CO/NOx,2019-04-02 14:00:00+02:00,0.7596999245828084
2019,CO2/CO/NOx,2019-04-02 15:00:00+02:00,0.8291276172606213
2019,CO2/CO/NOx,2019-04-02 16:00:00+02:00,0.8830689967328487
2019,CO2/CO/NOx,2019-04-02 17:00:00+02:00,0.9115336631056467
2019,CO2/CO/NOx,2019-04-02 18:00:00+02:00,0.8912930061180016
2019,CO2/CO/NOx,2019-04-02 19:00:00+02:00,0.8420748504625789
2019,CO2/CO/NOx,2019-04-02 20:00:00+02:00,0.7602163632169684
2019,CO2/CO/NOx,2019-04-02 21:00:00+02:00,0.6701632429784476
2019,CO2/CO/NOx,2019-04-02 22:00:00+02:00,0.5865093446184435
2019,CO2/CO/NOx,2019-04-02 23:00:00+02:00,0.5401872903743701
2019,CO2/CO/NOx,2019-04-03 00:00:00+02:00,0.5245164048146262
2019,CO2/CO/NOx,2019-04-03 01:00:00+02:00,0.5290607927352454
2019,CO2/CO/NOx,2019-04-03 02:00:00+02:00,0.5831489627064731
2019,CO2/CO/NOx,2019-04-03 03:00:00+02:00,0.6575625649590076
2019,CO2/CO/NOx,2019-04-03 04:00:00+02:00,0.7275308112465704
2019,CO2/CO/NOx,2019-04-03 05:00:00+02:00,0.7884038055689171
2019,CO2/CO/NOx,2019-04-03 06:00:00+02:00,0.8228735305922875
2019,CO2/CO/NOx,2019-04-03 07:00:00+02:00,0.8247935748277784
2019,CO2/CO/NOx,2019-04-03 08:00:00+02:00,0.8001845933031776
2019,CO2/CO/NOx,2019-04-03 09:00:00+02:00,0.7499917490998702
2019,CO2/CO/NOx,2019-04-03 10:00:00+02:00,0.6906630590903119
2019,CO2/CO/NOx,2019-04-03 11:00:00+02:00,0.6332084629838169
2019,CO2/CO/NOx,2019-04-03 12:00:00+02:00,0.5647478843258233
2019,CO2/CO/NOx,2019-04-03 13:00:00+02:00,0.5129012147848863
2019,CO2/CO/NOx,2019-04-03 14:00:00+02:00,0.49218840878938486
2019,CO2/CO/NOx,2019-04-03 15:00:00+02:00,0.4929954761408344
2019,CO2/CO/NOx,2019-04-03 16:00:00+02:00,0.5153184794221879
2019,CO2/CO/NOx,2019-04-03 17:00:00+02:00,0.5373868859988321
2019,CO2/CO/NOx,2019-04-03 18:00:00+02:00,0.5559266310764086
2019,CO2/CO/NOx,2019-04-03 19:00:00+02:00,0.597463183436657
2019,CO2/CO/NOx,2019-04-03 20:00:00+02:00,0.6345433272512299
2019,CO2/CO/NOx,2019-04-03 21:00:00+02:00,0.6683185482968694
2019,CO2/CO/NOx,2019-04-03 22:00:00+02:00,0.736436772133919
2019,CO2/CO/NOx,2019-04-03 23:00:00+02:00,0.8133062233110645
2019,CO2/CO/NOx,2019-04-04 00:00:00+02:00,0.9166677898880846
2019,CO2/CO/NOx,2019-04-04 01:00:00+02:00,1.0365890372905955
2019,CO2/CO/NOx,2019-04-04 02:00:00+02:00,1.1253511213454763
2019,CO2/CO/NOx,2019-04-04 03:00:00+02:00,1.2127967324404842
2019,CO2/CO/NOx,2019-04-04 04:00:00+02:00,1.3002113370448347
2019,CO2/CO/NOx,2019-04-04 05:00:00+02:00,1.3367557088475661
2019,CO2/CO/NOx,2019-04-04 06:00:00+02:00,1.3358176598722156
2019,CO2/CO/NOx,2019-04-04 07:00:00+02:00,1.2847101667891516
2019,CO2/CO/NOx,2019-04-04 08:00:00+02:00,1.196410370446036
2019,CO2/CO/NOx,2019-04-04 09:00:00+02:00,1.113555269759425
2019,CO2/CO/NOx,2019-04-04 10:00:00+02:00,1.039981255845103
2019,CO2/CO/NOx,2019-04-04 11:00:00+02:00,0.9746424483649077
2019,CO2/CO/NOx,2019-04-04 12:00:00+02:00,0.9445445021448304
2019,CO2/CO/NOx,2019-04-04 13:00:00+02:00,0.944672847457452
2019,CO2/CO/NOx,2019-04-04 14:00:00+02:00,0.9765409648908564
2019,CO2/CO/NOx,2019-04-04 15:00:00+02:00,1.037497201969307
2019,CO2/CO/NOx,2019-04-04 16:00:00+02:00,1.1066992312680686
2019,CO2/CO/NOx,2019-04-04 17:00:00+02:00,1.176556247295825
2019,CO2/CO/NOx,2019-04-04 18:00:00+02:00,1.2476500596656044
2019,CO2/CO/NOx,2019-04-04 19:00:00+02:00,1.2798483256150623
2019,CO2/CO/NOx,2019-04-04 20:00:00+02:00,1.2681927182297859
2019,CO2/CO/NOx,2019-04-04 21:00:00+02:00,1.22549657177171
2019,CO2/CO/NOx,2019-04-04 22:00:00+02:00,1.1883926983182829
2019,CO2/CO/NOx,2019-04-04 23:00:00+02:00,1.1678879977235483
2019,CO2/CO/NOx,2019-04-05 00:00:00+02:00,1.1569886986983038
2019,CO2/CO/NOx,2019-04-05 01:00:00+02:00,1.1904008391854755
2019,CO2/CO/NOx,2019-04-05 02:00:00+02:00,1.260354483006898
2019,CO2/CO/NOx,2019-04-05 03:00:00+02:00,1.361422749264689
2019,CO2/CO/NOx,2019-04-05 04:00:00+02:00,1.447895660122195
2019,CO2/CO/NOx,2019-04-05 05:00:00+02:00,1.5188679253916457
2019,CO2/CO/NOx,2019-04-05 06:00:00+02:00,1.5726660717906848
2019,CO2/CO/NOx,2019-04-05 07:00:00+02:00,1.6035758166664453
2019,CO2/CO/NOx,2019-04-05 08:00:00+02:00,1.59789068788695
2019,CO2/CO/NOx,2019-04-05 09:00:00+02:00,1.548184009684744
2019,CO2/CO/NOx,2019-04-05 10:00:00+02:00,1.5070013906020214
2019,CO2/CO/NOx,2019-04-05 11:00:00+02:00,1.4390970184367575
2019,CO2/CO/NOx,2019-04-05 12:00:00+02:00,1.357524331209884
2019,CO2/CO/NOx,2019-04-05 13:00:00+02:00,1.289104591529613
2019,CO2/CO/NOx,2019-04-05 14:00:00+02:00,1.2228453607438698
2019,CO2/CO/NOx,2019-04-05 15:00:00+02:00,1.1742567075303052
2019,CO2/CO/NOx,2019-04-05 16:00:00+02:00,1.1399442275675775
2019,CO2/CO/NOx,2019-04-05 17:00:00+02:00,1.145857292870168
2019,CO2/CO/NOx,2019-04-05 18:00:00+02:00,1.2039337764259526
2019,CO2/CO/NOx,2019-04-05 19:00:00+02:00,1.2574944034657856
2019,CO2/CO/NOx,2019-04-05 20:00:00+02:00,1.2739077352140904
2019,CO2/CO/NOx,2019-04-05 21:00:00+02:00,1.2785885618684394
2019,CO2/CO/NOx,2019-04-05 22:00:00+02:00,1.2684662641147193
2019,CO2/CO/NOx,2019-04-05 23:00:00+02:00,1.226428725512104
2019,CO2/CO/NOx,2019-04-06 00:00:00+02:00,1.167752050483859
2019,CO2/CO/NOx,2019-04-06 01:00:00+02:00,1.123739110979226
2019,CO2/CO/NOx,2019-04-06 02:00:00+02:00,1.1218674863628992
2019,CO2/CO/NOx,2019-04-06 03:00:00+02:00,1.1526875141034183
2019,CO2/CO/NOx,2019-04-06 04:00:00+02:00,1.1752821940729443
2019,CO2/CO/NOx,2019-04-06 05:00:00+02:00,1.217759267141417
2019,CO2/CO/NOx,2019-04-06 06:00:00+02:00,1.2615513909820661
2019,CO2/CO/NOx,2019-04-06 07:00:00+02:00,1.2750224320743366
2019,CO2/CO/NOx,2019-04-06 08:00:00+02:00,1.2628033400537584
2019,CO2/CO/NOx,2019-04-06 09:00:00+02:00,1.2085482928705542
2019,CO2/CO/NOx,2019-04-06 10:00:00+02:00,1.142087180733621
2019,CO2/CO/NOx,2019-04-06 11:00:00+02:00,1.0595174588795233
2019,CO2/CO/NOx,2019-04-06 12:00:00+02:00,0.9792160650575947
2019,CO2/CO/NOx,2019-04-06 13:00:00+02:00,0.9223771082246535
2019,CO2/CO/NOx,2019-04-06 14:00:00+02:00,0.8956732080481049
2019,CO2/CO/NOx,2019-04-06 15:00:00+02:00,0.8996826141449483
2019,CO2/CO/NOx,2019-04-06 16:00:00+02:00,0.9260761124012198
2019,CO2/CO/NOx,2019-04-06 17:00:00+02:00,0.94826334980368
2019,CO2/CO/NOx,2019-04-06 18:00:00+02:00,0.9737374482159179
2019,CO2/CO/NOx,2019-04-06 19:00:00+02:00,0.9825464594817902
2019,CO2/CO/NOx,2019-04-06 20:00:00+02:00,0.9661556138276961
2019,CO2/CO/NOx,2019-04-06 21:00:00+02:00,0.9244008903006966
2019,CO2/CO/NOx,2019-04-06 22:00:00+02:00,0.8811561081110716
2019,CO2/CO/NOx,2019-04-06 23:00:00+02:00,0.8666461182521558
2019,CO2/CO/NOx,2019-04-07 00:00:00+02:00,0.8910578293882955
2019,CO2/CO/NOx,2019-04-07 01:00:00+02:00,0.9523268161527559
2019,CO2/CO/NOx,2019-04-07 02:00:00+02:00,1.0233831630925365
2019,CO2/CO/NOx,2019-04-07 03:00:00+02:00,1.114952192741303
2019,CO2/CO/NOx,2019-04-07 04:00:00+02:00,1.178544636063908
2019,CO2/CO/NOx,2019-04-07 05:00:00+02:00,1.214913229702949
2019,CO2/CO/NOx,2019-04-07 06:00:00+02:00,1.1973650801667344
2019,CO2/CO/NOx,2019-04-07 07:00:00+02:00,1.149415823048353
2019,CO2/CO/NOx,2019-04-07 08:00:00+02:00,1.0984010277091627
2019,CO2/CO/NOx,2019-04-07 09:00:00+02:00,1.0310367024497296
2019,CO2/CO/NOx,2019-04-07 10:00:00+02:00,0.972195020669184
2019,CO2/CO/NOx,2019-04-07 11:00:00+02:00,0.9169054725634751
2019,CO2/CO/NOx,2019-04-07 12:00:00+02:00,0.8752518170084472
2019,CO2/CO/NOx,2019-04-07 13:00:00+02:00,0.8609259589421033
2019,CO2/CO/NOx,2019-04-07 14:00:00+02:00,0.8677822086576221
2019,CO2/CO/NOx,2019-04-07 15:00:00+02:00,0.8800913984011555
2019,CO2/CO/NOx,2019-04-07 16:00:00+02:00,0.9068548598806092
2019,CO2/CO/NOx,2019-04-07 17:00:00+02:00,0.915788142234842
2019,CO2/CO/NOx,2019-04-07 18:00:00+02:00,0.9185873665706795
2019,CO2/CO/NOx,2019-04-07 19:00:00+02:00,0.916622700450137
2019,CO2/CO/NOx,2019-04-07 20:00:00+02:00,0.8945171476342908
2019,CO2/CO/NOx,2019-04-07 21:00:00+02:00,0.8676295663534311
2019,CO2/CO/NOx,2019-04-07 22:00:00+02:00,0.8417394444415037
2019,CO2/CO/NOx,2019-04-07 23:00:00+02:00,0.8080284580138613
2019,CO2/CO/NOx,2019-04-08 00:00:00+02:00,0.7733526937082622
2019,CO2/CO/NOx,2019-04-08 01:00:00+02:00,0.7737695886660547
2019,CO2/CO/NOx,2019-04-08 02:00:00+02:00,0.7789119848744769
2019,CO2/CO/NOx,2019-04-08 03:00:00+02:00,0.8185616070152651
2019,CO2/CO/NOx,2019-04-08 04:00:00+02:00,0.8683095161232076
2019,CO2/CO/NOx,2019-04-08 05:00:00+02:00,0.9211762073901443
2019,CO2/CO/NOx,2019-04-08 06:00:00+02:00,0.9731836425718416
2019,CO2/CO/NOx,2019-04-08 07:00:00+02:00,1.0196909326722947
2019,CO2/CO/NOx,2019-04-08 08:00:00+02:00,1.0375811952214995
2019,CO2/CO/NOx,2019-04-08 09:00:00+02:00,1.0315260762321807
2019,CO2/CO/NOx,2019-04-08 10:00:00+02:00,1.0288058487442056
2019,CO2/CO/NOx,2019-04-08 11:00:00+02:00,1.0182119159509804
2019,CO2/CO/NOx,2019-04-08 12:00:00+02:00,0.9978371866975964
2019,CO2/CO/NOx,2019-04-08 13:00:00+02:00,0.978720962807041
2019,CO2/CO/NOx,2019-04-08 14:00:00+02:00,0.9644881186298045
2019,CO2/CO/NOx,2019-04-08 15:00:00+02:00,0.9620905745822057
2019,CO2/CO/NOx,2019-04-08 16:00:00+02:00,0.9675174771337822
2019,CO2/CO/NOx,2019-04-08 17:00:00+02:00,0.96646932145363
2019,CO2/CO/NOx,2019-04-08 18:00:00+02:00,0.9747028585456845
2019,CO2/CO/NOx,2019-04-08 19:00:00+02:00,0.9742337685973946
2019,CO2/CO/NOx,2019-04-08 20:00:00+02:00,0.9716855224116773
2019,CO2/CO/NOx,2019-04-08 21:00:00+02:00,0.9670704582633933
2019,CO2/CO/NOx,2019-04-08 22:00:00+02:00,0.9656814442031337
2019,CO2/CO/NOx,2019-04-08 23:00:00+02:00,0.955386074599211
2019,CO2/CO/NOx,2019-04-09 00:00:00+02:00,0.9333282499909145
2019,CO2/CO/NOx,2019-04-09 01:00:00+02:00,0.9257140500464058
2019,CO2/CO/NOx,2019-04-09 02:00:00+02:00,0.9303788756435459
2019,CO2/CO/NOx,2019-04-09 03:00:00+02:00,0.9444601054280938
2019,CO2/CO/NOx,2019-04-09 04:00:00+02:00,0.9683098978874306
2019,CO2/CO/NOx,2019-04-09 05:00:00+02:00,0.99800498281649
2019,CO2/CO/NOx,2019-04-09 06:00:00+02:00,1.0255401260369654
2019,CO2/CO/NOx,2019-04-09 07:00:00+02:00,1.0423009786679824
2019,CO2/CO/NOx,2019-04-09 08:00:00+02:00,1.0389379814930177
2019,CO2/CO/NOx,2019-04-09 09:00:00+02:00,1.0108408240755966
2019,CO2/CO/NOx,2019-04-09 10:00:00+02:00,0.9820308961550754
2019,CO2/CO/NOx,2019-04-09 11:00:00+02:00,0.9430910625913077
2019,CO2/CO/NOx,2019-04-09 12:00:00+02:00,0.8984853242840702
2019,CO2/CO/NOx,2019-04-09 13:00:00+02:00,0.867904853704073
2019,CO2/CO/NOx,2019-04-09 14:00:00+02:00,0.8431598186314985
2019,CO2/CO/NOx,2019-04-09 15:00:00+02:00,0.8306376241390026
2019,CO2/CO/NOx,2019-04-09 16:00:00+02:00,0.8316693218121091
2019,CO2/CO/NOx,2019-04-09 17:00:00+02:00,0.8504459663984602
2019,CO2/CO/NOx,2019-04-09 18:00:00+02:00,0.8751593228808586
2019,CO2/CO/NOx,2019-04-09 19:00:00+02:00,0.8886210376517196
2019,CO2/CO/NOx,2019-04-09 20:00:00+02:00,0.8770520940150506
2019,CO2/CO/NOx,2019-04-09 21:00:00+02:00,0.8542630828463845
2019,CO2/CO/NOx,2019-04-09 22:00:00+02:00,0.8236453224530941
2019,CO2/CO/NOx,2019-04-09 23:00:00+02:00,0.7918005775602786
2019,CO2/CO/NOx,2019-04-10 00:00:00+02:00,0.75237447219652
2019,CO2/CO/NOx,2019-04-10 01:00:00+02:00,0.7336500782175768
2019,CO2/CO/NOx,2019-04-10 02:00:00+02:00,0.7470172596547586
2019,CO2/CO/NOx,2019-04-10 03:00:00+02:00,0.7862199645886603
2019,CO2/CO/NOx,2019-04-10 04:00:00+02:00,0.8393800381763848
2019,CO2/CO/NOx,2019-04-10 05:00:00+02:00,0.8960711344737304
2019,CO2/CO/NOx,2019-04-10 06:00:00+02:00,0.9603981548514307
2019,CO2/CO/NOx,2019-04-10 07:00:00+02:00,0.9922163308295756
2019,CO2/CO/NOx,2019-04-10 08:00:00+02:00,0.999849754919473
2019,CO2/CO/NOx,2019-04-10 09:00:00+02:00,0.971721728069794
2019,CO2/CO/NOx,2019-04-10 10:00:00+02:00,0.9462135367031606
2019,CO2/CO/NOx,2019-04-10 11:00:00+02:00,0.9224797677167952
2019,CO2/CO/NOx,2019-04-10 12:00:00+02:00,0.9003221141905311
2019,CO2/CO/NOx,2019-04-10 13:00:00+02:00,0.8888858307217531
2019,CO2/CO/NOx,2019-04-10 14:00:00+02:00,0.8845979356883691
2019,CO2/CO/NOx,2019-04-10 15:00:00+02:00,0.8944703561711185
2019,CO2/CO/NOx,2019-04-10 16:00:00+02:00,0.8959154868209229
2019,CO2/CO/NOx,2019-04-10 17:00:00+02:00,0.9049853292566199
2019,CO2/CO/NOx,2019-04-10 18:00:00+02:00,0.9268661023502243
2019,CO2/CO/NOx,2019-04-10 19:00:00+02:00,0.9534023600727908
2019,CO2/CO/NOx,2019-04-10 20:00:00+02:00,0.9718846023510269
2019,CO2/CO/NOx,2019-04-10 21:00:00+02:00,0.9700311838363433
2019,CO2/CO/NOx,2019-04-10 22:00:00+02:00,0.9550277400284269
2019,CO2/CO/NOx,2019-04-10 23:00:00+02:00,0.9225147077547821
2019,CO2/CO/NOx,2019-04-11 00:00:00+02:00,0.8943074183852964
2019,CO2/CO/NOx,2019-04-11 01:00:00+02:00,0.896617801650549
2019,CO2/CO/NOx,2019-04-11 02:00:00+02:00,0.9254067992760898
2019,CO2/CO/NOx,2019-04-11 03:00:00+02:00,0.9898795545339204
2019,CO2/CO/NOx,2019-04-11 04:00:00+02:00,1.0659568182388108
2019,CO2/CO/NOx,2019-04-11 05:00:00+02:00,1.1416227447633795
2019,CO2/CO/NOx,2019-04-11 06:00:00+02:00,1.2160145809249376
2019,CO2/CO/NOx,2019-04-11 07:00:00+02:00,1.2722803475403095
2019,CO2/CO/NOx,2019-04-11 08:00:00+02:00,1.2896216364856496
2019,CO2/CO/NOx,2019-04-11 09:00:00+02:00,1.2794979860833626
2019,CO2/CO/NOx,2019-04-11 10:00:00+02:00,1.2458858620285478
2019,CO2/CO/NOx,2019-04-11 11:00:00+02:00,1.1887974660350085
2019,CO2/CO/NOx,2019-04-11 12:00:00+02:00,1.1269714699981472
2019,CO2/CO/NOx,2019-04-11 13:00:00+02:00,1.06315431517909
2019,CO2/CO/NOx,2019-04-11 14:00:00+02:00,1.0109863062576039
2019,CO2/CO/NOx,2019-04-11 15:00:00+02:00,0.986047177571804
2019,CO2/CO/NOx,2019-04-11 16:00:00+02:00,0.9869421304440791
2019,CO2/CO/NOx,2019-04-11 17:00:00+02:00,1.0062379772127987
2019,CO2/CO/NOx,2019-04-11 18:00:00+02:00,1.0573728085572123
2019,CO2/CO/NOx,2019-04-11 19:00:00+02:00,1.0957131765521473
2019,CO2/CO/NOx,2019-04-11 20:00:00+02:00,1.125472388250718
2019,CO2/CO/NOx,2019-04-11 21:00:00+02:00,1.1409587719263512
2019,CO2/CO/NOx,2019-04-11 22:00:00+02:00,1.1356545615799971
2019,CO2/CO/NOx,2019-04-11 23:00:00+02:00,1.1149199143280328
2019,CO2/CO/NOx,2019-04-12 00:00:00+02:00,1.073799742280337
2019,CO2/CO/NOx,2019-04-12 01:00:00+02:00,1.065628497193231
2019,CO2/CO/NOx,2019-04-12 02:00:00+02:00,1.0993756946911215
2019,CO2/CO/NOx,2019-04-12 03:00:00+02:00,1.175430051972108
2019,CO2/CO/NOx,2019-04-12 04:00:00+02:00,1.268629731065321
2019,CO2/CO/NOx,2019-04-12 05:00:00+02:00,1.3650399729303113
2019,CO2/CO/NOx,2019-04-12 06:00:00+02:00,1.45721806163897
2019,CO2/CO/NOx,2019-04-12 07:00:00+02:00,1.5204411171635979
2019,CO2/CO/NOx,2019-04-12 08:00:00+02:00,1.5223491552644726
2019,CO2/CO/NOx,2019-04-12 09:00:00+02:00,1.469311605590922
2019,CO2/CO/NOx,2019-04-12 10:00:00+02:00,1.4317290024102491
2019,CO2/CO/NOx,2019-04-12 11:00:00+02:00,1.3694759475521465
2019,CO2/CO/NOx,2019-04-12 12:00:00+02:00,1.296756161619012
2019,CO2/CO/NOx,2019-04-12 13:00:00+02:00,1.2396877114397442
2019,CO2/CO/NOx,2019-04-12 14:00:00+02:00,1.1882480388285848
2019,CO2/CO/NOx,2019-04-12 15:00:00+02:00,1.181453132900387
2019,CO2/CO/NOx,2019-04-12 16:00:00+02:00,1.1947650880869787
2019,CO2/CO/NOx,2019-04-12 17:00:00+02:00,1.2114949753914634
2019,CO2/CO/NOx,2019-04-12 18:00:00+02:00,1.2513762026586381
2019,CO2/CO/NOx,2019-04-12 19:00:00+02:00,1.2923863313195172
2019,CO2/CO/NOx,2019-04-12 20:00:00+02:00,1.3030146836094805
2019,CO2/CO/NOx,2019-04-12 21:00:00+02:00,1.2847922736617363
2019,CO2/CO/NOx,2019-04-12 22:00:00+02:00,1.2524496793542454
2019,CO2/CO/NOx,2019-04-12 23:00:00+02:00,1.204252168891704
2019,CO2/CO/NOx,2019-04-13 00:00:00+02:00,1.1807689091160933
2019,CO2/CO/NOx,2019-04-13 01:00:00+02:00,1.1863119984382362
2019,CO2/CO/NOx,2019-04-13 02:00:00+02:00,1.2237373230218533
2019,CO2/CO/NOx,2019-04-13 03:00:00+02:00,1.302754715512414
2019,CO2/CO/NOx,2019-04-13 04:00:00+02:00,1.3881409420505144
2019,CO2/CO/NOx,2019-04-13 05:00:00+02:00,1.4801164859933549
2019,CO2/CO/NOx,2019-04-13 06:00:00+02:00,1.5385850129207572
2019,CO2/CO/NOx,2019-04-13 07:00:00+02:00,1.5671065073005337
2019,CO2/CO/NOx,2019-04-13 08:00:00+02:00,1.5691867812484486
2019,CO2/CO/NOx,2019-04-13 09:00:00+02:00,1.5130529216940476
2019,CO2/CO/NOx,2019-04-13 10:00:00+02:00,1.4256105761762057
2019,CO2/CO/NOx,2019-04-13 11:00:00+02:00,1.3202516696439008
2019,CO2/CO/NOx,2019-04-13 12:00:00+02:00,1.223384718294383
2019,CO2/CO/NOx,2019-04-13 13:00:00+02:00,1.1476505376499204
2019,CO2/CO/NOx,2019-04-13 14:00:00+02:00,1.096672910867172
2019,CO2/CO/NOx,2019-04-13 15:00:00+02:00,1.0705194356819419
2019,CO2/CO/NOx,2019-04-13 16:00:00+02:00,1.0749852317890183
2019,CO2/CO/NOx,2019-04-13 17:00:00+02:00,1.1109357423326507
2019,CO2/CO/NOx,2019-04-13 18:00:00+02:00,1.153792720950105
2019,CO2/CO/NOx,2019-04-13 19:00:00+02:00,1.186693271389079
2019,CO2/CO/NOx,2019-04-13 20:00:00+02:00,1.2035661884562492
2019,CO2/CO/NOx,2019-04-13 21:00:00+02:00,1.205672769457163
2019,CO2/CO/NOx,2019-04-13 22:00:00+02:00,1.196925634411344
2019,CO2/CO/NOx,2019-04-13 23:00:00+02:00,1.1785906496336707
2019,CO2/CO/NOx,2019-04-14 00:00:00+02:00,1.1546055936487771
2019,CO2/CO/NOx,2019-04-14 01:00:00+02:00,1.1611556917669397
2019,CO2/CO/NOx,2019-04-14 02:00:00+02:00,1.1997310258130292
2019,CO2/CO/NOx,2019-04-14 03:00:00+02:00,1.276450405398784
2019,CO2/CO/NOx,2019-04-14 04:00:00+02:00,1.353657353305776
2019,CO2/CO/NOx,2019-04-14 05:00:00+02:00,1.4240390252004522
2019,CO2/CO/NOx,2019-04-14 06:00:00+02:00,1.478586067541994
2019,CO2/CO/NOx,2019-04-14 07:00:00+02:00,1.487784252662753
2019,CO2/CO/NOx,2019-04-14 08:00:00+02:00,1.467426636093085
2019,CO2/CO/NOx,2019-04-14 09:00:00+02:00,1.3927432449806623
2019,CO2/CO/NOx,2019-04-14 10:00:00+02:00,1.3161294012762026
2019,CO2/CO/NOx,2019-04-14 11:00:00+02:00,1.2401134738088928
2019,CO2/CO/NOx,2019-04-14 12:00:00+02:00,1.1791541880268683
2019,CO2/CO/NOx,2019-04-14 13:00:00+02:00,1.1468172091640003
2019,CO2/CO/NOx,2019-04-14 14:00:00+02:00,1.1288361451350954
2019,CO2/CO/NOx,2019-04-14 15:00:00+02:00,1.1335213423193742
2019,CO2/CO/NOx,2019-04-14 16:00:00+02:00,1.1474103099000061
2019,CO2/CO/NOx,2019-04-14 17:00:00+02:00,1.1690591854110453
2019,CO2/CO/NOx,2019-04-14 18:00:00+02:00,1.1903590945631286
2019,CO2/CO/NOx,2019-04-14 19:00:00+02:00,1.202485940307734
2019,CO2/CO/NOx,2019-04-14 20:00:00+02:00,1.1979326588613115
2019,CO2/CO/NOx,2019-04-14 21:00:00+02:00,1.181788473370254
2019,CO2/CO/NOx,2019-04-14 22:00:00+02:00,1.1646320209788255
2019,CO2/CO/NOx,2019-04-14 23:00:00+02:00,1.1367180058825634
2019,CO2/CO/NOx,2019-04-15 00:00:00+02:00,1.096574842365534
2019,CO2/CO/NOx,2019-04-15 01:00:00+02:00,1.094135835732776
2019,CO2/CO/NOx,2019-04-15 02:00:00+02:00,1.119866328822926
2019,CO2/CO/NOx,2019-04-15 03:00:00+02:00,1.1853142989761907
2019,CO2/CO/NOx,2019-04-15 04:00:00+02:00,1.2452949517994265
2019,CO2/CO/NOx,2019-04-15 05:00:00+02:00,1.3018781376368402
2019,CO2/CO/NOx,2019-04-15 06:00:00+02:00,1.3383063990855737
2019,CO2/CO/NOx,2019-04-15 07:00:00+02:00,1.371774751029842
2019,CO2/CO/NOx,2019-04-15 08:00:00+02:00,1.3600197930321118
2019,CO2/CO/NOx,2019-04-15 09:00:00+02:00,1.293651379347754
2019,CO2/CO/NOx,2019-04-15 10:00:00+02:00,1.2287011579309302
2019,CO2/CO/NOx,2019-04-15 11:00:00+02:00,1.146505270125932
2019,CO2/CO/NOx,2019-04-15 12:00:00+02:00,1.0627986837318213
2019,CO2/CO/NOx,2019-04-15 13:00:00+02:00,0.9879024078873208
2019,CO2/CO/NOx,2019-04-15 14:00:00+02:00,0.9314183012222254
2019,CO2/CO/NOx,2019-04-15 15:00:00+02:00,0.8990346811574428
2019,CO2/CO/NOx,2019-04-15 16:00:00+02:00,0.8992262145455187
2019,CO2/CO/NOx,2019-04-15 17:00:00+02:00,0.9143311553481199
2019,CO2/CO/NOx,2019-04-15 18:00:00+02:00,0.9482331767184979
2019,CO2/CO/NOx,2019-04-15 19:00:00+02:00,0.9829291580093543
2019,CO2/CO/NOx,2019-04-15 20:00:00+02:00,0.9895757356900947
2019,CO2/CO/NOx,2019-04-15 21:00:00+02:00,0.9902624901264349
2019,CO2/CO/NOx,2019-04-15 22:00:00+02:00,0.986041880588029
2019,CO2/CO/NOx,2019-04-15 23:00:00+02:00,0.9841508731411599
2019,CO2/CO/NOx,2019-04-16 00:00:00+02:00,0.9756794569076631
2019,CO2/CO/NOx,2019-04-16 01:00:00+02:00,1.0039611129194785
2019,CO2/CO/NOx,2019-04-16 02:00:00+02:00,1.0913969056213564
2019,CO2/CO/NOx,2019-04-16 03:00:00+02:00,1.2026911348981644
2019,CO2/CO/NOx,2019-04-16 04:00:00+02:00,1.2952603791567063
2019,CO2/CO/NOx,2019-04-16 05:00:00+02:00,1.343985851171223
2019,CO2/CO/NOx,2019-04-16 06:00:00+02:00,1.3604749043755469
2019,CO2/CO/NOx,2019-04-16 07:00:00+02:00,1.3212159687036202
2019,CO2/CO/NOx,2019-04-16 08:00:00+02:00,1.2328642803631817
2019,CO2/CO/NOx,2019-04-16 09:00:00+02:00,1.0965933648353126
2019,CO2/CO/NOx,2019-04-16 10:00:00+02:00,0.9798787177949261
2019,CO2/CO/NOx,2019-04-16 11:00:00+02:00,0.894684687796372
2019,CO2/CO/NOx,2019-04-16 12:00:00+02:00,0.8338394867135858
2019,CO2/CO/NOx,2019-04-16 13:00:00+02:00,0.814311080627561
2019,CO2/CO/NOx,2019-04-16 14:00:00+02:00,0.8281558886638697
2019,CO2/CO/NOx,2019-04-16 15:00:00+02:00,0.8811930769647791
2019,CO2/CO/NOx,2019-04-16 16:00:00+02:00,0.9473724023796926
2019,CO2/CO/NOx,2019-04-16 17:00:00+02:00,0.9952473193205921
2019,CO2/CO/NOx,2019-04-16 18:00:00+02:00,1.0275065627897804
2019,CO2/CO/NOx,2019-04-16 19:00:00+02:00,1.0064764068396739
2019,CO2/CO/NOx,2019-04-16 20:00:00+02:00,0.9563763838633128
2019,CO2/CO/NOx,2019-04-16 21:00:00+02:00,0.8868153146683034
2019,CO2/CO/NOx,2019-04-16 22:00:00+02:00,0.8173252533112844
2019,CO2/CO/NOx,2019-04-16 23:00:00+02:00,0.7646072686936547
2019,CO2/CO/NOx,2019-04-17 00:00:00+02:00,0.7427863043845638
2019,CO2/CO/NOx,2019-04-17 01:00:00+02:00,0.7921188565370059
2019,CO2/CO/NOx,2019-04-17 02:00:00+02:00,0.8633405621411967
2019,CO2/CO/NOx,2019-04-17 03:00:00+02:00,0.9635681572650528
2019,CO2/CO/NOx,2019-04-17 04:00:00+02:00,1.0220322976827036
2019,CO2/CO/NOx,2019-04-17 05:00:00+02:00,1.0537880403992996
2019,CO2/CO/NOx,2019-04-17 06:00:00+02:00,1.0539033549594718
2019,CO2/CO/NOx,2019-04-17 07:00:00+02:00,1.0049221035245932
2019,CO2/CO/NOx,2019-04-17 08:00:00+02:00,0.9388265076202212
2019,CO2/CO/NOx,2019-04-17 09:00:00+02:00,0.8559067607802789
2019,CO2/CO/NOx,2019-04-17 10:00:00+02:00,0.7978035121048004
2019,CO2/CO/NOx,2019-04-17 11:00:00+02:00,0.7342785274558137
2019,CO2/CO/NOx,2019-04-17 12:00:00+02:00,0.6786108821710678
2019,CO2/CO/NOx,2019-04-17 13:00:00+02:00,0.6244838830276398
2019,CO2/CO/NOx,2019-04-17 14:00:00+02:00,0.5851689515701194
2019,CO2/CO/NOx,2019-04-17 15:00:00+02:00,0.5653191828562175
2019,CO2/CO/NOx,2019-04-17 16:00:00+02:00,0.5712848635616926
2019,CO2/CO/NOx,2019-04-17 17:00:00+02:00,0.6043287931689036
2019,CO2/CO/NOx,2019-04-17 18:00:00+02:00,0.6307031265519972
2019,CO2/CO/NOx,2019-04-17 19:00:00+02:00,0.6536443741692362
2019,CO2/CO/NOx,2019-04-17 20:00:00+02:00,0.6828001588947452
2019,CO2/CO/NOx,2019-04-17 21:00:00+02:00,0.6988463772929083
2019,CO2/CO/NOx,2019-04-17 22:00:00+02:00,0.6986670235624574
2019,CO2/CO/NOx,2019-04-17 23:00:00+02:00,0.6799692858629447
2019,CO2/CO/NOx,2019-04-18 00:00:00+02:00,0.655171195693097
2019,CO2/CO/NOx,2019-04-18 01:00:00+02:00,0.6730813247348232
2019,CO2/CO/NOx,2019-04-18 02:00:00+02:00,0.719428298368817
2019,CO2/CO/NOx,2019-04-18 03:00:00+02:00,0.8041144028508135
2019,CO2/CO/NOx,2019-04-18 04:00:00+02:00,0.9261124457659071
2019,CO2/CO/NOx,2019-04-18 05:00:00+02:00,1.0283230645872177
2019,CO2/CO/NOx,2019-04-18 06:00:00+02:00,1.0767962810016052
2019,CO2/CO/NOx,2019-04-18 07:00:00+02:00,1.0676361228345124
2019,CO2/CO/NOx,2019-04-18 08:00:00+02:00,1.0019129158010098
2019,CO2/CO/NOx,2019-04-18 09:00:00+02:00,0.8955759978432178
2019,CO2/CO/NOx,2019-04-18 10:00:00+02:00,0.7848000359722941
2019,CO2/CO/NOx,2019-04-18 11:00:00+02:00,0.6796222019077388
2019,CO2/CO/NOx,2019-04-18 12:00:00+02:00,0.6000378455290197
2019,CO2/CO/NOx,2019-04-18 13:00:00+02:00,0.5552842584883145
2019,CO2/CO/NOx,2019-04-18 14:00:00+02:00,0.5499329068789552
2019,CO2/CO/NOx,2019-04-18 15:00:00+02:00,0.5977256991326568
2019,CO2/CO/NOx,2019-04-18 16:00:00+02:00,0.656759598720348
2019,CO2/CO/NOx,2019-04-18 17:00:00+02:00,0.7229964621175887
2019,CO2/CO/NOx,2019-04-18 18:00:00+02:00,0.7591087510475231
2019,CO2/CO/NOx,2019-04-18 19:00:00+02:00,0.7621326374794694
2019,CO2/CO/NOx,2019-04-18 20:00:00+02:00,0.7244794626389315
2019,CO2/CO/NOx,2019-04-18 21:00:00+02:00,0.660490954505772
2019,CO2/CO/NOx,2019-04-18 22:00:00+02:00,0.6013361525009001
2019,CO2/CO/NOx,2019-04-18 23:00:00+02:00,0.5789149571543494
2019,CO2/CO/NOx,2019-04-19 00:00:00+02:00,0.576479704966487
2019,CO2/CO/NOx,2019-04-19 01:00:00+02:00,0.6140636068858119
2019,CO2/CO/NOx,2019-04-19 02:00:00+02:00,0.7120765496396285
2019,CO2/CO/NOx,2019-04-19 03:00:00+02:00,0.8216136474941856
2019,CO2/CO/NOx,2019-04-19 04:00:00+02:00,0.9234577501471508
2019,CO2/CO/NOx,2019-04-19 05:00:00+02:00,0.9914455261031069
2019,CO2/CO/NOx,2019-04-19 06:00:00+02:00,1.0180741961672037
2019,CO2/CO/NOx,2019-04-19 07:00:00+02:00,0.9806547508248468
2019,CO2/CO/NOx,2019-04-19 08:00:00+02:00,0.8776292992510433
2019,CO2/CO/NOx,2019-04-19 09:00:00+02:00,0.7412884180531517
2019,CO2/CO/NOx,2019-04-19 10:00:00+02:00,0.6395099381139963
2019,CO2/CO/NOx,2019-04-19 11:00:00+02:00,0.5715212827985353
2019,CO2/CO/NOx,2019-04-19 12:00:00+02:00,0.5100671636205227
2019,CO2/CO/NOx,2019-04-19 13:00:00+02:00,0.4699667574738774
2019,CO2/CO/NOx,2019-04-19 14:00:00+02:00,0.4994874524554776
2019,CO2/CO/NOx,2019-04-19 15:00:00+02:00,0.5190130730822157
2019,CO2/CO/NOx,2019-04-19 16:00:00+02:00,0.5406625303680739
2019,CO2/CO/NOx,2019-04-19 17:00:00+02:00,0.5592964619165315
2019,CO2/CO/NOx,2019-04-19 18:00:00+02:00,0.5828194860820168
2019,CO2/CO/NOx,2019-04-19 19:00:00+02:00,0.5807350124650665
2019,CO2/CO/NOx,2019-04-19 20:00:00+02:00,0.56244245327898
2019,CO2/CO/NOx,2019-04-19 21:00:00+02:00,0.5386102449866559
2019,CO2/CO/NOx,2019-04-19 22:00:00+02:00,0.5382334505428961
2019,CO2/CO/NOx,2019-04-19 23:00:00+02:00,0.5672627785744151
2019,CO2/CO/NOx,2019-04-20 00:00:00+02:00,0.5661557715104302
2019,CO2/CO/NOx,2019-04-20 01:00:00+02:00,0.6088725330590512
2019,CO2/CO/NOx,2019-04-20 02:00:00+02:00,0.6848106048184358
2019,CO2/CO/NOx,2019-04-20 03:00:00+02:00,0.7881133011936304
2019,CO2/CO/NOx,2019-04-20 04:00:00+02:00,0.8528571033902682
2019,CO2/CO/NOx,2019-04-20 05:00:00+02:00,0.8944744831820067
2019,CO2/CO/NOx,2019-04-20 06:00:00+02:00,0.908005455897252
2019,CO2/CO/NOx,2019-04-20 07:00:00+02:00,0.8775812154694754
2019,CO2/CO/NOx,2019-04-20 08:00:00+02:00,0.7892277492458363
2019,CO2/CO/NOx,2019-04-20 09:00:00+02:00,0.682535093907579
2019,CO2/CO/NOx,2019-04-20 10:00:00+02:00,0.6030349631793228
2019,CO2/CO/NOx,2019-04-20 11:00:00+02:00,0.5464306192807665
2019,CO2/CO/NOx,2019-04-20 12:00:00+02:00,0.5002821384371083
2019,CO2/CO/NOx,2019-04-20 13:00:00+02:00,0.4760023407385771
2019,CO2/CO/NOx,2019-04-20 14:00:00+02:00,0.5131100552335796
2019,CO2/CO/NOx,2019-04-20 15:00:00+02:00,0.5401661755143772
2019,CO2/CO/NOx,2019-04-20 16:00:00+02:00,0.5642570549611434
2019,CO2/CO/NOx,2019-04-20 17:00:00+02:00,0.5638388329158991
2019,CO2/CO/NOx,2019-04-20 18:00:00+02:00,0.5662735908236856
2019,CO2/CO/NOx,2019-04-20 19:00:00+02:00,0.5647021286527794
2019,CO2/CO/NOx,2019-04-20 20:00:00+02:00,0.5556456842154734
2019,CO2/CO/NOx,2019-04-20 21:00:00+02:00,0.5391547487893241
2019,CO2/CO/NOx,2019-04-20 22:00:00+02:00,0.5566534239475492
2019,CO2/CO/NOx,2019-04-20 23:00:00+02:00,0.6056469437966551
2019,CO2/CO/NOx,2019-04-21 00:00:00+02:00,0.648003474820323
2019,CO2/CO/NOx,2019-04-21 01:00:00+02:00,0.7110939875470074
2019,CO2/CO/NOx,2019-04-21 02:00:00+02:00,0.789054878027825
2019,CO2/CO/NOx,2019-04-21 03:00:00+02:00,0.8963777210036654
2019,CO2/CO/NOx,2019-04-21 04:00:00+02:00,0.9579792866542508
2019,CO2/CO/NOx,2019-04-21 05:00:00+02:00,0.9835071535931298
2019,CO2/CO/NOx,2019-04-21 06:00:00+02:00,0.9651207727812168
2019,CO2/CO/NOx,2019-04-21 07:00:00+02:00,0.8981698172518263
2019,CO2/CO/NOx,2019-04-21 08:00:00+02:00,0.7993239406046735
2019,CO2/CO/NOx,2019-04-21 09:00:00+02:00,0.6975975871280848
2019,CO2/CO/NOx,2019-04-21 10:00:00+02:00,0.5922580950494452
2019,CO2/CO/NOx,2019-04-21 11:00:00+02:00,0.5243712056232838
2019,CO2/CO/NOx,2019-04-21 12:00:00+02:00,0.5009978546148571
2019,CO2/CO/NOx,2019-04-21 13:00:00+02:00,0.5042947200715877
2019,CO2/CO/NOx,2019-04-21 14:00:00+02:00,0.5690173023615871
2019,CO2/CO/NOx,2019-04-21 15:00:00+02:00,0.6416313719464861
2019,CO2/CO/NOx,2019-04-21 16:00:00+02:00,0.696481234389002
2019,CO2/CO/NOx,2019-04-21 17:00:00+02:00,0.7211242108279063
2019,CO2/CO/NOx,2019-04-21 18:00:00+02:00,0.7073853760444561
2019,CO2/CO/NOx,2019-04-21 19:00:00+02:00,0.654266063209242
2019,CO2/CO/NOx,2019-04-21 20:00:00+02:00,0.5921021709476803
2019,CO2/CO/NOx,2019-04-21 21:00:00+02:00,0.5480235084074494
2019,CO2/CO/NOx,2019-04-21 22:00:00+02:00,0.5367414414415245
2019,CO2/CO/NOx,2019-04-21 23:00:00+02:00,0.5543810558628692
2019,CO2/CO/NOx,2019-04-22 00:00:00+02:00,0.5656351691755311
2019,CO2/CO/NOx,2019-04-22 01:00:00+02:00,0.6095650482417698
2019,CO2/CO/NOx,2019-04-22 02:00:00+02:00,0.6950585280012769
2019,CO2/CO/NOx,2019-04-22 03:00:00+02:00,0.8076331574148501
2019,CO2/CO/NOx,2019-04-22 04:00:00+02:00,0.8979259080687373
2019,CO2/CO/NOx,2019-04-22 05:00:00+02:00,0.9594990484366241
2019,CO2/CO/NOx,2019-04-22 06:00:00+02:00,0.982374719976735
2019,CO2/CO/NOx,2019-04-22 07:00:00+02:00,0.9316500985228758
2019,CO2/CO/NOx,2019-04-22 08:00:00+02:00,0.8165872322007581
2019,CO2/CO/NOx,2019-04-22 09:00:00+02:00,0.6796666581463542
2019,CO2/CO/NOx,2019-04-22 10:00:00+02:00,0.5699701456491195
2019,CO2/CO/NOx,2019-04-22 11:00:00+02:00,0.5041503639381105
2019,CO2/CO/NOx,2019-04-22 12:00:00+02:00,0.4641171034395514
2019,CO2/CO/NOx,2019-04-22 13:00:00+02:00,0.4352461096663315
2019,CO2/CO/NOx,2019-04-22 14:00:00+02:00,0.4620149001989366
2019,CO2/CO/NOx,2019-04-22 15:00:00+02:00,0.4854252001042674
2019,CO2/CO/NOx,2019-04-22 16:00:00+02:00,0.5120284879678288
2019,CO2/CO/NOx,2019-04-22 17:00:00+02:00,0.5219656323061007
2019,CO2/CO/NOx,2019-04-22 18:00:00+02:00,0.5357516645834509
2019,CO2/CO/NOx,2019-04-22 19:00:00+02:00,0.530127986645082
2019,CO2/CO/NOx,2019-04-22 20:00:00+02:00,0.5157359337492973
2019,CO2/CO/NOx,2019-04-22 21:00:00+02:00,0.4914302178439376
2019,CO2/CO/NOx,2019-04-22 22:00:00+02:00,0.4916421647135842
2019,CO2/CO/NOx,2019-04-22 23:00:00+02:00,0.5155032640391193
2019,CO2/CO/NOx,2019-04-23 00:00:00+02:00,0.5128225720070927
2019,CO2/CO/NOx,2019-04-23 01:00:00+02:00,0.5327423995598825
2019,CO2/CO/NOx,2019-04-23 02:00:00+02:00,0.5525443634676395
2019,CO2/CO/NOx,2019-04-23 03:00:00+02:00,0.5898461560471646
2019,CO2/CO/NOx,2019-04-23 04:00:00+02:00,0.6313454083443879
2019,CO2/CO/NOx,2019-04-23 05:00:00+02:00,0.6608403873742857
2019,CO2/CO/NOx,2019-04-23 06:00:00+02:00,0.685666418397558
2019,CO2/CO/NOx,2019-04-23 07:00:00+02:00,0.7012976363603391
2019,CO2/CO/NOx,2019-04-23 08:00:00+02:00,0.6855276470165913
2019,CO2/CO/NOx,2019-04-23 09:00:00+02:00,0.6347582308696489
2019,CO2/CO/NOx,2019-04-23 10:00:00+02:00,0.5778409756094863
2019,CO2/CO/NOx,2019-04-23 11:00:00+02:00,0.5141072648052717
2019,CO2/CO/NOx,2019-04-23 12:00:00+02:00,0.4695782167500773
2019,CO2/CO/NOx,2019-04-23 13:00:00+02:00,0.45294635581027076
2019,CO2/CO/NOx,2019-04-23 14:00:00+02:00,0.4413080364064563
2019,CO2/CO/NOx,2019-04-23 15:00:00+02:00,0.45039008289295995
2019,CO2/CO/NOx,2019-04-23 16:00:00+02:00,0.4634788548303909
2019,CO2/CO/NOx,2019-04-23 17:00:00+02:00,0.47843757920778157
2019,CO2/CO/NOx,2019-04-23 18:00:00+02:00,0.4909618872419878
2019,CO2/CO/NOx,2019-04-23 19:00:00+02:00,0.4983028481421931
2019,CO2/CO/NOx,2019-04-23 20:00:00+02:00,0.4967747509796478
2019,CO2/CO/NOx,2019-04-23 21:00:00+02:00,0.5013918482963614
2019,CO2/CO/NOx,2019-04-23 22:00:00+02:00,0.4991028844929049
2019,CO2/CO/NOx,2019-04-23 23:00:00+02:00,0.49071779403376914
2019,CO2/CO/NOx,2019-04-24 00:00:00+02:00,0.48158355778970585
2019,CO2/CO/NOx,2019-04-24 01:00:00+02:00,0.4787527958801766
2019,CO2/CO/NOx,2019-04-24 02:00:00+02:00,0.491571871603727
2019,CO2/CO/NOx,2019-04-24 03:00:00+02:00,0.5190130704051096
2019,CO2/CO/NOx,2019-04-24 04:00:00+02:00,0.5423115142240087
2019,CO2/CO/NOx,2019-04-24 05:00:00+02:00,0.5653444553701825
2019,CO2/CO/NOx,2019-04-24 06:00:00+02:00,0.5835795854702163
2019,CO2/CO/NOx,2019-04-24 07:00:00+02:00,0.5711308564291775
2019,CO2/CO/NOx,2019-04-24 08:00:00+02:00,0.5373623597403082
2019,CO2/CO/NOx,2019-04-24 09:00:00+02:00,0.49096204084069894
2019,CO2/CO/NOx,2019-04-24 10:00:00+02:00,0.45063590385816316
2019,CO2/CO/NOx,2019-04-24 11:00:00+02:00,0.4230205720220926
2019,CO2/CO/NOx,2019-04-24 12:00:00+02:00,0.40572301589487947
2019,CO2/CO/NOx,2019-04-24 13:00:00+02:00,0.39977833220863396
2019,CO2/CO/NOx,2019-04-24 14:00:00+02:00,0.4030208447847498
2019,CO2/CO/NOx,2019-04-24 15:00:00+02:00,0.41263608041757
2019,CO2/CO/NOx,2019-04-24 16:00:00+02:00,0.41402705530515116
2019,CO2/CO/NOx,2019-04-24 17:00:00+02:00,0.41064807537433506
2019,CO2/CO/NOx,2019-04-24 18:00:00+02:00,0.4059817483038357
2019,CO2/CO/NOx,2019-04-24 19:00:00+02:00,0.405144479977563
2019,CO2/CO/NOx,2019-04-24 20:00:00+02:00,0.40696144907145265
2019,CO2/CO/NOx,2019-04-24 21:00:00+02:00,0.41803551752569496
2019,CO2/CO/NOx,2019-04-24 22:00:00+02:00,0.4377983782296854
2019,CO2/CO/NOx,2019-04-24 23:00:00+02:00,0.45864317369128027
2019,CO2/CO/NOx,2019-04-25 00:00:00+02:00,0.4784907334049534
2019,CO2/CO/NOx,2019-04-25 01:00:00+02:00,0.5048265899876195
2019,CO2/CO/NOx,2019-04-25 02:00:00+02:00,0.530795524070056
2019,CO2/CO/NOx,2019-04-25 03:00:00+02:00,0.5594142749315804
2019,CO2/CO/NOx,2019-04-25 04:00:00+02:00,0.5803184630761276
2019,CO2/CO/NOx,2019-04-25 05:00:00+02:00,0.5870064921415167
2019,CO2/CO/NOx,2019-04-25 06:00:00+02:00,0.5913503089382515
2019,CO2/CO/NOx,2019-04-25 07:00:00+02:00,0.5832827414104478
2019,CO2/CO/NOx,2019-04-25 08:00:00+02:00,0.5499668093559157
2019,CO2/CO/NOx,2019-04-25 09:00:00+02:00,0.5100949916714218
2019,CO2/CO/NOx,2019-04-25 10:00:00+02:00,0.4834414329503012
2019,CO2/CO/NOx,2019-04-25 11:00:00+02:00,0.46639018380643776
2019,CO2/CO/NOx,2019-04-25 12:00:00+02:00,0.4676396556064794
2019,CO2/CO/NOx,2019-04-25 13:00:00+02:00,0.46956713254064786
2019,CO2/CO/NOx,2019-04-25 14:00:00+02:00,0.4769984480478832
2019,CO2/CO/NOx,2019-04-25 15:00:00+02:00,0.480972059231838
2019,CO2/CO/NOx,2019-04-25 16:00:00+02:00,0.47569353025400263
2019,CO2/CO/NOx,2019-04-25 17:00:00+02:00,0.4552702809828703
2019,CO2/CO/NOx,2019-04-25 18:00:00+02:00,0.4406324970914175
2019,CO2/CO/NOx,2019-04-25 19:00:00+02:00,0.4220379090455227
2019,CO2/CO/NOx,2019-04-25 20:00:00+02:00,0.40467818437924097
2019,CO2/CO/NOx,2019-04-25 21:00:00+02:00,0.40181964232827333
2019,CO2/CO/NOx,2019-04-25 22:00:00+02:00,0.4037432421063532
2019,CO2/CO/NOx,2019-04-25 23:00:00+02:00,0.4102618996741655
2019,CO2/CO/NOx,2019-04-26 00:00:00+02:00,0.41850928712172797
2019,CO2/CO/NOx,2019-04-26 01:00:00+02:00,0.4472951989921114
2019,CO2/CO/NOx,2019-04-26 02:00:00+02:00,0.4999440420483346
2019,CO2/CO/NOx,2019-04-26 03:00:00+02:00,0.5554549712345148
2019,CO2/CO/NOx,2019-04-26 04:00:00+02:00,0.5963622038736061
2019,CO2/CO/NOx,2019-04-26 05:00:00+02:00,0.6267209377254305
2019,CO2/CO/NOx,2019-04-26 06:00:00+02:00,0.6517359172531724
2019,CO2/CO/NOx,2019-04-26 07:00:00+02:00,0.6563246859487405
2019,CO2/CO/NOx,2019-04-26 08:00:00+02:00,0.6344956507784881
2019,CO2/CO/NOx,2019-04-26 09:00:00+02:00,0.6143482626067032
2019,CO2/CO/NOx,2019-04-26 10:00:00+02:00,0.6220264451644647
2019,CO2/CO/NOx,2019-04-26 11:00:00+02:00,0.660393231986811
2019,CO2/CO/NOx,2019-04-26 12:00:00+02:00,0.718472229279244
2019,CO2/CO/NOx,2019-04-26 13:00:00+02:00,0.7928016919973877
2019,CO2/CO/NOx,2019-04-26 14:00:00+02:00,0.8884671606021257
2019,CO2/CO/NOx,2019-04-26 15:00:00+02:00,0.985053146325739
2019,CO2/CO/NOx,2019-04-26 16:00:00+02:00,1.0557944645946162
2019,CO2/CO/NOx,2019-04-26 17:00:00+02:00,1.0889238202355924
2019,CO2/CO/NOx,2019-04-26 18:00:00+02:00,1.106626561237042
2019,CO2/CO/NOx,2019-04-26 19:00:00+02:00,1.0893716671834694
2019,CO2/CO/NOx,2019-04-26 20:00:00+02:00,1.0473945483323421
2019,CO2/CO/NOx,2019-04-26 21:00:00+02:00,1.0063704790200665
2019,CO2/CO/NOx,2019-04-26 22:00:00+02:00,0.9687684624016112
2019,CO2/CO/NOx,2019-04-26 23:00:00+02:00,0.9590873879578011
2019,CO2/CO/NOx,2019-04-27 00:00:00+02:00,0.9526544652153245
2019,CO2/CO/NOx,2019-04-27 01:00:00+02:00,0.9740337355708779
2019,CO2/CO/NOx,2019-04-27 02:00:00+02:00,1.0237762519982112
2019,CO2/CO/NOx,2019-04-27 03:00:00+02:00,1.0873178167543387
2019,CO2/CO/NOx,2019-04-27 04:00:00+02:00,1.1362592518844468
2019,CO2/CO/NOx,2019-04-27 05:00:00+02:00,1.1900272053368122
2019,CO2/CO/NOx,2019-04-27 06:00:00+02:00,1.2124898264164017
2019,CO2/CO/NOx,2019-04-27 07:00:00+02:00,1.1939420954440294
2019,CO2/CO/NOx,2019-04-27 08:00:00+02:00,1.1576700833123679
2019,CO2/CO/NOx,2019-04-27 09:00:00+02:00,1.0824865403341335
2019,CO2/CO/NOx,2019-04-27 10:00:00+02:00,1.0086381121918566
2019,CO2/CO/NOx,2019-04-27 11:00:00+02:00,0.9515257978769478
2019,CO2/CO/NOx,2019-04-27 12:00:00+02:00,0.9017781913606501
2019,CO2/CO/NOx,2019-04-27 13:00:00+02:00,0.8777423556728086
2019,CO2/CO/NOx,2019-04-27 14:00:00+02:00,0.8925844265559351
2019,CO2/CO/NOx,2019-04-27 15:00:00+02:00,0.9076533976834237
2019,CO2/CO/NOx,2019-04-27 16:00:00+02:00,0.9219647690454044
2019,CO2/CO/NOx,2019-04-27 17:00:00+02:00,0.9628623320401847
2019,CO2/CO/NOx,2019-04-27 18:00:00+02:00,1.0062347243221836
2019,CO2/CO/NOx,2019-04-27 19:00:00+02:00,1.0340109356569769
2019,CO2/CO/NOx,2019-04-27 20:00:00+02:00,1.0563208439346394
2019,CO2/CO/NOx,2019-04-27 21:00:00+02:00,1.054351605675859
2019,CO2/CO/NOx,2019-04-27 22:00:00+02:00,1.049720033628632
2019,CO2/CO/NOx,2019-04-27 23:00:00+02:00,1.0537027731331463
2019,CO2/CO/NOx,2019-04-28 00:00:00+02:00,1.04133079772982
2019,CO2/CO/NOx,2019-04-28 01:00:00+02:00,1.0447098489892457
2019,CO2/CO/NOx,2019-04-28 02:00:00+02:00,1.0782480340299314
2019,CO2/CO/NOx,2019-04-28 03:00:00+02:00,1.1210775295674107
2019,CO2/CO/NOx,2019-04-28 04:00:00+02:00,1.1608424923679639
2019,CO2/CO/NOx,2019-04-28 05:00:00+02:00,1.1921617770007211
2019,CO2/CO/NOx,2019-04-28 06:00:00+02:00,1.2215173482374404
2019,CO2/CO/NOx,2019-04-28 07:00:00+02:00,1.2362253555477833
2019,CO2/CO/NOx,2019-04-28 08:00:00+02:00,1.2144177613694243
2019,CO2/CO/NOx,2019-04-28 09:00:00+02:00,1.1542669852153424
2019,CO2/CO/NOx,2019-04-28 10:00:00+02:00,1.101317522177939
2019,CO2/CO/NOx,2019-04-28 11:00:00+02:00,1.0391264778970908
2019,CO2/CO/NOx,2019-04-28 12:00:00+02:00,0.9799589641830766
2019,CO2/CO/NOx,2019-04-28 13:00:00+02:00,0.9449188615617348
2019,CO2/CO/NOx,2019-04-28 14:00:00+02:00,0.9307751056013214
2019,CO2/CO/NOx,2019-04-28 15:00:00+02:00,0.9541595976676182
2019,CO2/CO/NOx,2019-04-28 16:00:00+02:00,0.9917974106667662
2019,CO2/CO/NOx,2019-04-28 17:00:00+02:00,1.03620172102806
2019,CO2/CO/NOx,2019-04-28 18:00:00+02:00,1.0995118621513753
2019,CO2/CO/NOx,2019-04-28 19:00:00+02:00,1.1520712296891842
2019,CO2/CO/NOx,2019-04-28 20:00:00+02:00,1.1810519765831546
2019,CO2/CO/NOx,2019-04-28 21:00:00+02:00,1.1777189601302946
2019,CO2/CO/NOx,2019-04-28 22:00:00+02:00,1.1501284891127799
2019,CO2/CO/NOx,2019-04-28 23:00:00+02:00,1.1078026715007743
2019,CO2/CO/NOx,2019-04-29 00:00:00+02:00,1.0496749119800202
2019,CO2/CO/NOx,2019-04-29 01:00:00+02:00,1.0341242551063001
2019,CO2/CO/NOx,2019-04-29 02:00:00+02:00,1.065889029646785
2019,CO2/CO/NOx,2019-04-29 03:00:00+02:00,1.1397949775737688
2019,CO2/CO/NOx,2019-04-29 04:00:00+02:00,1.2139217932011541
2019,CO2/CO/NOx,2019-04-29 05:00:00+02:00,1.2771922026987077
2019,CO2/CO/NOx,2019-04-29 06:00:00+02:00,1.3193710825504812
2019,CO2/CO/NOx,2019-04-29 07:00:00+02:00,1.3390639974482716
2019,CO2/CO/NOx,2019-04-29 08:00:00+02:00,1.323842129584197
2019,CO2/CO/NOx,2019-04-29 09:00:00+02:00,1.2694763340379571
2019,CO2/CO/NOx,2019-04-29 10:00:00+02:00,1.21405701594666
2019,CO2/CO/NOx,2019-04-29 11:00:00+02:00,1.164048702317856
2019,CO2/CO/NOx,2019-04-29 12:00:00+02:00,1.1305945333306522
2019,CO2/CO/NOx,2019-04-29 13:00:00+02:00,1.1129383722899826
2019,CO2/CO/NOx,2019-04-29 14:00:00+02:00,1.1069521732569498
2019,CO2/CO/NOx,2019-04-29 15:00:00+02:00,1.1347866065670675
2019,CO2/CO/NOx,2019-04-29 16:00:00+02:00,1.1790751017516996
2019,CO2/CO/NOx,2019-04-29 17:00:00+02:00,1.2259130489442047
2019,CO2/CO/NOx,2019-04-29 18:00:00+02:00,1.271420731923927
2019,CO2/CO/NOx,2019-04-29 19:00:00+02:00,1.2732312730148043
2019,CO2/CO/NOx,2019-04-29 20:00:00+02:00,1.2509721367517286
2019,CO2/CO/NOx,2019-04-29 21:00:00+02:00,1.2145942792087894
2019,CO2/CO/NOx,2019-04-29 22:00:00+02:00,1.1683993180927246
2019,CO2/CO/NOx,2019-04-29 23:00:00+02:00,1.1187241189840453
2019,CO2/CO/NOx,2019-04-30 00:00:00+02:00,1.0709051445746105
2019,CO2/CO/NOx,2019-04-30 01:00:00+02:00,1.0587170346049404
2019,CO2/CO/NOx,2019-04-30 02:00:00+02:00,1.0788368642123205
2019,CO2/CO/NOx,2019-04-30 03:00:00+02:00,1.134083125632571
2019,CO2/CO/NOx,2019-04-30 04:00:00+02:00,1.184166701806754
2019,CO2/CO/NOx,2019-04-30 05:00:00+02:00,1.2327956261087856
2019,CO2/CO/NOx,2019-04-30 06:00:00+02:00,1.277647075103742
2019,CO2/CO/NOx,2019-04-30 07:00:00+02:00,1.3125100614250615
2019,CO2/CO/NOx,2019-04-30 08:00:00+02:00,1.3197494530635303
2019,CO2/CO/NOx,2019-04-30 09:00:00+02:00,1.2803304112726264
2019,CO2/CO/NOx,2019-04-30 10:00:00+02:00,1.233400708312585
2019,CO2/CO/NOx,2019-04-30 11:00:00+02:00,1.1666053410047297
2019,CO2/CO/NOx,2019-04-30 12:00:00+02:00,1.098933291945563
2019,CO2/CO/NOx,2019-04-30 13:00:00+02:00,1.0342287532423877
2019,CO2/CO/NOx,2019-04-30 14:00:00+02:00,0.986865894346916
2019,CO2/CO/NOx,2019-04-30 15:00:00+02:00,0.9658234800030803
2019,CO2/CO/NOx,2019-04-30 16:00:00+02:00,0.9679027274424119
2019,CO2/CO/NOx,2019-04-30 17:00:00+02:00,0.9834187805660004
2019,CO2/CO/NOx,2019-04-30 18:00:00+02:00,1.0194706698668081
2019,CO2/CO/NOx,2019-04-30 19:00:00+02:00,1.0373188973418284
2019,CO2/CO/NOx,2019-04-30 20:00:00+02:00,1.044981591014109
2019,CO2/CO/NOx,2019-04-30 21:00:00+02:00,1.031157619230136
2019,CO2/CO/NOx,2019-04-30 22:00:00+02:00,0.9973619153392687
2019,CO2/CO/NOx,2019-04-30 23:00:00+02:00,0.9700138133528957
2019,CO2/CO/NOx,2019-05-01 00:00:00+02:00,0.9303809809323611
2019,CO2/CO/NOx,2019-05-01 01:00:00+02:00,0.919993544052665
2019,CO2/CO/NOx,2019-05-01 02:00:00+02:00,0.9563952361678237
2019,CO2/CO/NOx,2019-05-01 03:00:00+02:00,1.0379571807224053
2019,CO2/CO/NOx,2019-05-01 04:00:00+02:00,1.110250048869211
2019,CO2/CO/NOx,2019-05-01 05:00:00+02:00,1.1616031549072183
2019,CO2/CO/NOx,2019-05-01 06:00:00+02:00,1.173785079841334
2019,CO2/CO/NOx,2019-05-01 07:00:00+02:00,1.1375360198412996
2019,CO2/CO/NOx,2019-05-01 08:00:00+02:00,1.077438273237928
2019,CO2/CO/NOx,2019-05-01 09:00:00+02:00,0.9856092691585148
2019,CO2/CO/NOx,2019-05-01 10:00:00+02:00,0.9097936563083142
2019,CO2/CO/NOx,2019-05-01 11:00:00+02:00,0.8497977270201973
2019,CO2/CO/NOx,2019-05-01 12:00:00+02:00,0.8084708291309174
2019,CO2/CO/NOx,2019-05-01 13:00:00+02:00,0.7935684499062209
2019,CO2/CO/NOx,2019-05-01 14:00:00+02:00,0.7909910309379812
2019,CO2/CO/NOx,2019-05-01 15:00:00+02:00,0.8277163470310872
2019,CO2/CO/NOx,2019-05-01 16:00:00+02:00,0.8572240033118215
2019,CO2/CO/NOx,2019-05-01 17:00:00+02:00,0.8716687616280919
2019,CO2/CO/NOx,2019-05-01 18:00:00+02:00,0.8912818857795408
2019,CO2/CO/NOx,2019-05-01 19:00:00+02:00,0.8770473319896898
2019,CO2/CO/NOx,2019-05-01 20:00:00+02:00,0.8428684273002918
2019,CO2/CO/NOx,2019-05-01 21:00:00+02:00,0.8094864836063524
2019,CO2/CO/NOx,2019-05-01 22:00:00+02:00,0.7988329825035166
2019,CO2/CO/NOx,2019-05-01 23:00:00+02:00,0.7890503258066923
2019,CO2/CO/NOx,2019-05-02 00:00:00+02:00,0.7812031090267121
2019,CO2/CO/NOx,2019-05-02 01:00:00+02:00,0.7788839858277089
2019,CO2/CO/NOx,2019-05-02 02:00:00+02:00,0.7906318523266865
2019,CO2/CO/NOx,2019-05-02 03:00:00+02:00,0.8343537311780607
2019,CO2/CO/NOx,2019-05-02 04:00:00+02:00,0.8525380820864105
2019,CO2/CO/NOx,2019-05-02 05:00:00+02:00,0.8791738901861312
2019,CO2/CO/NOx,2019-05-02 06:00:00+02:00,0.8968406559914337
2019,CO2/CO/NOx,2019-05-02 07:00:00+02:00,0.8988009180339638
2019,CO2/CO/NOx,2019-05-02 08:00:00+02:00,0.8520400741892701
2019,CO2/CO/NOx,2019-05-02 09:00:00+02:00,0.7836656147596821
2019,CO2/CO/NOx,2019-05-02 10:00:00+02:00,0.7198364242498043
2019,CO2/CO/NOx,2019-05-02 11:00:00+02:00,0.6578491185792079
2019,CO2/CO/NOx,2019-05-02 12:00:00+02:00,0.60492417861832
2019,CO2/CO/NOx,2019-05-02 13:00:00+02:00,0.5587678791536508
2019,CO2/CO/NOx,2019-05-02 14:00:00+02:00,0.5243424329075098
2019,CO2/CO/NOx,2019-05-02 15:00:00+02:00,0.5027179850949942
2019,CO2/CO/NOx,2019-05-02 16:00:00+02:00,0.4995503020815449
2019,CO2/CO/NOx,2019-05-02 17:00:00+02:00,0.50974446910007
2019,CO2/CO/NOx,2019-05-02 18:00:00+02:00,0.5421822006720655
2019,CO2/CO/NOx,2019-05-02 19:00:00+02:00,0.5619905050516137
2019,CO2/CO/NOx,2019-05-02 20:00:00+02:00,0.5868454047647207
2019,CO2/CO/NOx,2019-05-02 21:00:00+02:00,0.6030800653498442
2019,CO2/CO/NOx,2019-05-02 22:00:00+02:00,0.6174089443180588
2019,CO2/CO/NOx,2019-05-02 23:00:00+02:00,0.6202041654777031
2019,CO2/CO/NOx,2019-05-03 00:00:00+02:00,0.6201459380459733
2019,CO2/CO/NOx,2019-05-03 01:00:00+02:00,0.6429548694087158
2019,CO2/CO/NOx,2019-05-03 02:00:00+02:00,0.6836716092075126
2019,CO2/CO/NOx,2019-05-03 03:00:00+02:00,0.7301547435986641
2019,CO2/CO/NOx,2019-05-03 04:00:00+02:00,0.7783812576865355
2019,CO2/CO/NOx,2019-05-03 05:00:00+02:00,0.8243484260763407
2019,CO2/CO/NOx,2019-05-03 06:00:00+02:00,0.8584516209485579
2019,CO2/CO/NOx,2019-05-03 07:00:00+02:00,0.8752663554874675
2019,CO2/CO/NOx,2019-05-03 08:00:00+02:00,0.890790095468177
2019,CO2/CO/NOx,2019-05-03 09:00:00+02:00,0.8891399510592544
2019,CO2/CO/NOx,2019-05-03 10:00:00+02:00,0.9018919833639036
2019,CO2/CO/NOx,2019-05-03 11:00:00+02:00,0.9179355104848564
2019,CO2/CO/NOx,2019-05-03 12:00:00+02:00,0.9253892930034164
2019,CO2/CO/NOx,2019-05-03 13:00:00+02:00,0.934677348841196
2019,CO2/CO/NOx,2019-05-03 14:00:00+02:00,0.9389886898194296
2019,CO2/CO/NOx,2019-05-03 15:00:00+02:00,0.9483174964654832
2019,CO2/CO/NOx,2019-05-03 16:00:00+02:00,0.9547513161429727
2019,CO2/CO/NOx,2019-05-03 17:00:00+02:00,0.9718341727052086
2019,CO2/CO/NOx,2019-05-03 18:00:00+02:00,0.9826538826748293
2019,CO2/CO/NOx,2019-05-03 19:00:00+02:00,0.9834243191708939
2019,CO2/CO/NOx,2019-05-03 20:00:00+02:00,0.9878795047952411
2019,CO2/CO/NOx,2019-05-03 21:00:00+02:00,0.9817003077190158
2019,CO2/CO/NOx,2019-05-03 22:00:00+02:00,0.9754866622708861
2019,CO2/CO/NOx,2019-05-03 23:00:00+02:00,0.985916063059078
2019,CO2/CO/NOx,2019-05-04 00:00:00+02:00,0.9863794774400424
2019,CO2/CO/NOx,2019-05-04 01:00:00+02:00,1.0148742830001065
2019,CO2/CO/NOx,2019-05-04 02:00:00+02:00,1.061051643539775
2019,CO2/CO/NOx,2019-05-04 03:00:00+02:00,1.1115238647383543
2019,CO2/CO/NOx,2019-05-04 04:00:00+02:00,1.151897400837527
2019,CO2/CO/NOx,2019-05-04 05:00:00+02:00,1.1784391748935459
2019,CO2/CO/NOx,2019-05-04 06:00:00+02:00,1.1739937190169458
2019,CO2/CO/NOx,2019-05-04 07:00:00+02:00,1.1483842167249896
2019,CO2/CO/NOx,2019-05-04 08:00:00+02:00,1.1094947414115492
2019,CO2/CO/NOx,2019-05-04 09:00:00+02:00,1.021975336549785
2019,CO2/CO/NOx,2019-05-04 10:00:00+02:00,0.9640050624200874
2019,CO2/CO/NOx,2019-05-04 11:00:00+02:00,0.9399907644923112
2019,CO2/CO/NOx,2019-05-04 12:00:00+02:00,0.94202761652653
2019,CO2/CO/NOx,2019-05-04 13:00:00+02:00,0.9881244378353274
2019,CO2/CO/NOx,2019-05-04 14:00:00+02:00,1.064605289378334
2019,CO2/CO/NOx,2019-05-04 15:00:00+02:00,1.1714380871376597
2019,CO2/CO/NOx,2019-05-04 16:00:00+02:00,1.2835871348331103
2019,CO2/CO/NOx,2019-05-04 17:00:00+02:00,1.370357634232776
2019,CO2/CO/NOx,2019-05-04 18:00:00+02:00,1.421584151288517
2019,CO2/CO/NOx,2019-05-04 19:00:00+02:00,1.4404661974329713
2019,CO2/CO/NOx,2019-05-04 20:00:00+02:00,1.4268711703319286
2019,CO2/CO/NOx,2019-05-04 21:00:00+02:00,1.3829743318941765
2019,CO2/CO/NOx,2019-05-04 22:00:00+02:00,1.3315908554396845
2019,CO2/CO/NOx,2019-05-04 23:00:00+02:00,1.2876601699370518
2019,CO2/CO/NOx,2019-05-05 00:00:00+02:00,1.2580551818962025
2019,CO2/CO/NOx,2019-05-05 01:00:00+02:00,1.2623518986103763
2019,CO2/CO/NOx,2019-05-05 02:00:00+02:00,1.3081909056504823
2019,CO2/CO/NOx,2019-05-05 03:00:00+02:00,1.3879928191882096
2019,CO2/CO/NOx,2019-05-05 04:00:00+02:00,1.4600386488750423
2019,CO2/CO/NOx,2019-05-05 05:00:00+02:00,1.5251449424247139
2019,CO2/CO/NOx,2019-05-05 06:00:00+02:00,1.5782382724376929
2019,CO2/CO/NOx,2019-05-05 07:00:00+02:00,1.5881650844336916
2019,CO2/CO/NOx,2019-05-05 08:00:00+02:00,1.5664200926691016
2019,CO2/CO/NOx,2019-05-05 09:00:00+02:00,1.5065048165151675
2019,CO2/CO/NOx,2019-05-05 10:00:00+02:00,1.4446770515108338
2019,CO2/CO/NOx,2019-05-05 11:00:00+02:00,1.4031483859593388
2019,CO2/CO/NOx,2019-05-05 12:00:00+02:00,1.3721990353262064
2019,CO2/CO/NOx,2019-05-05 13:00:00+02:00,1.3572339330948937
2019,CO2/CO/NOx,2019-05-05 14:00:00+02:00,1.3713043908176463
2019,CO2/CO/NOx,2019-05-05 15:00:00+02:00,1.417111252220141
2019,CO2/CO/NOx,2019-05-05 16:00:00+02:00,1.4446085687537353
2019,CO2/CO/NOx,2019-05-05 17:00:00+02:00,1.4644948117470638
2019,CO2/CO/NOx,2019-05-05 18:00:00+02:00,1.487882073254118
2019,CO2/CO/NOx,2019-05-05 19:00:00+02:00,1.4825418772238332
2019,CO2/CO/NOx,2019-05-05 20:00:00+02:00,1.4568064063560746
2019,CO2/CO/NOx,2019-05-05 21:00:00+02:00,1.415143906077247
2019,CO2/CO/NOx,2019-05-05 22:00:00+02:00,1.3776680105992904
2019,CO2/CO/NOx,2019-05-05 23:00:00+02:00,1.3617381251364917
2019,CO2/CO/NOx,2019-05-06 00:00:00+02:00,1.357573111670331
2019,CO2/CO/NOx,2019-05-06 01:00:00+02:00,1.3543241808061455
2019,CO2/CO/NOx,2019-05-06 02:00:00+02:00,1.39646734410792
2019,CO2/CO/NOx,2019-05-06 03:00:00+02:00,1.4749280809150846
2019,CO2/CO/NOx,2019-05-06 04:00:00+02:00,1.5485408094684452
2019,CO2/CO/NOx,2019-05-06 05:00:00+02:00,1.5953409295680598
2019,CO2/CO/NOx,2019-05-06 06:00:00+02:00,1.6221093147688375
2019,CO2/CO/NOx,2019-05-06 07:00:00+02:00,1.6263364623652985
2019,CO2/CO/NOx,2019-05-06 08:00:00+02:00,1.6108505581132353
2019,CO2/CO/NOx,2019-05-06 09:00:00+02:00,1.5426763940680703
2019,CO2/CO/NOx,2019-05-06 10:00:00+02:00,1.4561374822987543
2019,CO2/CO/NOx,2019-05-06 11:00:00+02:00,1.3831445381691292
2019,CO2/CO/NOx,2019-05-06 12:00:00+02:00,1.3012889349213617
2019,CO2/CO/NOx,2019-05-06 13:00:00+02:00,1.2373474039570165
2019,CO2/CO/NOx,2019-05-06 14:00:00+02:00,1.185917070337183
2019,CO2/CO/NOx,2019-05-06 15:00:00+02:00,1.158965621019805
2019,CO2/CO/NOx,2019-05-06 16:00:00+02:00,1.1686927821485178
2019,CO2/CO/NOx,2019-05-06 17:00:00+02:00,1.202722904923425
2019,CO2/CO/NOx,2019-05-06 18:00:00+02:00,1.2528776728300333
2019,CO2/CO/NOx,2019-05-06 19:00:00+02:00,1.2828870764523221
2019,CO2/CO/NOx,2019-05-06 20:00:00+02:00,1.2868423984877768
2019,CO2/CO/NOx,2019-05-06 21:00:00+02:00,1.2551964312588693
2019,CO2/CO/NOx,2019-05-06 22:00:00+02:00,1.2127044988484952
2019,CO2/CO/NOx,2019-05-06 23:00:00+02:00,1.1585649591322023
2019,CO2/CO/NOx,2019-05-07 00:00:00+02:00,1.099910524107491
2019,CO2/CO/NOx,2019-05-07 01:00:00+02:00,1.1075768967831154
2019,CO2/CO/NOx,2019-05-07 02:00:00+02:00,1.180272675195453
2019,CO2/CO/NOx,2019-05-07 03:00:00+02:00,1.2825855985737256
2019,CO2/CO/NOx,2019-05-07 04:00:00+02:00,1.377112260263855
2019,CO2/CO/NOx,2019-05-07 05:00:00+02:00,1.450101027336435
2019,CO2/CO/NOx,2019-05-07 06:00:00+02:00,1.4798114821926713
2019,CO2/CO/NOx,2019-05-07 07:00:00+02:00,1.4515165788012738
2019,CO2/CO/NOx,2019-05-07 08:00:00+02:00,1.359823652026226
2019,CO2/CO/NOx,2019-05-07 09:00:00+02:00,1.2279366167614107
2019,CO2/CO/NOx,2019-05-07 10:00:00+02:00,1.1292313057928007
2019,CO2/CO/NOx,2019-05-07 11:00:00+02:00,1.0569017955781421
2019,CO2/CO/NOx,2019-05-07 12:00:00+02:00,0.9865074555576039
2019,CO2/CO/NOx,2019-05-07 13:00:00+02:00,0.965517805598248
2019,CO2/CO/NOx,2019-05-07 14:00:00+02:00,0.9717720723176307
2019,CO2/CO/NOx,2019-05-07 15:00:00+02:00,1.004721516859638
2019,CO2/CO/NOx,2019-05-07 16:00:00+02:00,1.0269537222381961
2019,CO2/CO/NOx,2019-05-07 17:00:00+02:00,1.0456210052049524
2019,CO2/CO/NOx,2019-05-07 18:00:00+02:00,1.0642626788645972
2019,CO2/CO/NOx,2019-05-07 19:00:00+02:00,1.0732347151785813
2019,CO2/CO/NOx,2019-05-07 20:00:00+02:00,1.0435715046833027
2019,CO2/CO/NOx,2019-05-07 21:00:00+02:00,1.0028852996897983
2019,CO2/CO/NOx,2019-05-07 22:00:00+02:00,0.9801003166337318
2019,CO2/CO/NOx,2019-05-07 23:00:00+02:00,0.9764030320628164
2019,CO2/CO/NOx,2019-05-08 00:00:00+02:00,0.9713505063113433
2019,CO2/CO/NOx,2019-05-08 01:00:00+02:00,0.9932426403841318
2019,CO2/CO/NOx,2019-05-08 02:00:00+02:00,1.0448172936340065
2019,CO2/CO/NOx,2019-05-08 03:00:00+02:00,1.12715750517524
2019,CO2/CO/NOx,2019-05-08 04:00:00+02:00,1.1773477181342504
2019,CO2/CO/NOx,2019-05-08 05:00:00+02:00,1.17924203437942
2019,CO2/CO/NOx,2019-05-08 06:00:00+02:00,1.1698938073230596
2019,CO2/CO/NOx,2019-05-08 07:00:00+02:00,1.1297350282776568
2019,CO2/CO/NOx,2019-05-08 08:00:00+02:00,1.0695019501082974
2019,CO2/CO/NOx,2019-05-08 09:00:00+02:00,0.9785800451662257
2019,CO2/CO/NOx,2019-05-08 10:00:00+02:00,0.9322067566105151
2019,CO2/CO/NOx,2019-05-08 11:00:00+02:00,0.8854895961488918
2019,CO2/CO/NOx,2019-05-08 12:00:00+02:00,0.8426812148728682
2019,CO2/CO/NOx,2019-05-08 13:00:00+02:00,0.8218918170240079
2019,CO2/CO/NOx,2019-05-08 14:00:00+02:00,0.8113179379227484
2019,CO2/CO/NOx,2019-05-08 15:00:00+02:00,0.80464755257289
2019,CO2/CO/NOx,2019-05-08 16:00:00+02:00,0.800291155013888
2019,CO2/CO/NOx,2019-05-08 17:00:00+02:00,0.8159149915120006
2019,CO2/CO/NOx,2019-05-08 18:00:00+02:00,0.8369859875148907
2019,CO2/CO/NOx,2019-05-08 19:00:00+02:00,0.8457741484059321
2019,CO2/CO/NOx,2019-05-08 20:00:00+02:00,0.8220329406238779
2019,CO2/CO/NOx,2019-05-08 21:00:00+02:00,0.7880161526274437
2019,CO2/CO/NOx,2019-05-08 22:00:00+02:00,0.7821799066101164
2019,CO2/CO/NOx,2019-05-08 23:00:00+02:00,0.7684154964567222
2019,CO2/CO/NOx,2019-05-09 00:00:00+02:00,0.7431327372142648
2019,CO2/CO/NOx,2019-05-09 01:00:00+02:00,0.7493035237417534
2019,CO2/CO/NOx,2019-05-09 02:00:00+02:00,0.7873702827326607
2019,CO2/CO/NOx,2019-05-09 03:00:00+02:00,0.8446694642402621
2019,CO2/CO/NOx,2019-05-09 04:00:00+02:00,0.9011860828528976
2019,CO2/CO/NOx,2019-05-09 05:00:00+02:00,0.9500373898855513
2019,CO2/CO/NOx,2019-05-09 06:00:00+02:00,0.9680434192193268
2019,CO2/CO/NOx,2019-05-09 07:00:00+02:00,0.9553349913795541
2019,CO2/CO/NOx,2019-05-09 08:00:00+02:00,0.9102630712978089
2019,CO2/CO/NOx,2019-05-09 09:00:00+02:00,0.8540386236429872
2019,CO2/CO/NOx,2019-05-09 10:00:00+02:00,0.8099668986005768
2019,CO2/CO/NOx,2019-05-09 11:00:00+02:00,0.7626359038968985
2019,CO2/CO/NOx,2019-05-09 12:00:00+02:00,0.7204341072697701
2019,CO2/CO/NOx,2019-05-09 13:00:00+02:00,0.6948688082872736
2019,CO2/CO/NOx,2019-05-09 14:00:00+02:00,0.6852793968977973
2019,CO2/CO/NOx,2019-05-09 15:00:00+02:00,0.6784956824833825
2019,CO2/CO/NOx,2019-05-09 16:00:00+02:00,0.6903153806790363
2019,CO2/CO/NOx,2019-05-09 17:00:00+02:00,0.6955533757258343
2019,CO2/CO/NOx,2019-05-09 18:00:00+02:00,0.7121042354989104
2019,CO2/CO/NOx,2019-05-09 19:00:00+02:00,0.7146527818876779
2019,CO2/CO/NOx,2019-05-09 20:00:00+02:00,0.7044816808127228
2019,CO2/CO/NOx,2019-05-09 21:00:00+02:00,0.6832342188645847
2019,CO2/CO/NOx,2019-05-09 22:00:00+02:00,0.6798715330866891
2019,CO2/CO/NOx,2019-05-09 23:00:00+02:00,0.684491493721242
2019,CO2/CO/NOx,2019-05-10 00:00:00+02:00,0.6748548715317807
2019,CO2/CO/NOx,2019-05-10 01:00:00+02:00,0.6855181812288117
2019,CO2/CO/NOx,2019-05-10 02:00:00+02:00,0.6997580786465836
2019,CO2/CO/NOx,2019-05-10 03:00:00+02:00,0.724868489595601
2019,CO2/CO/NOx,2019-05-10 04:00:00+02:00,0.7528979095313815
2019,CO2/CO/NOx,2019-05-10 05:00:00+02:00,0.7835393198696081
2019,CO2/CO/NOx,2019-05-10 06:00:00+02:00,0.8178065680777322
2019,CO2/CO/NOx,2019-05-10 07:00:00+02:00,0.8576953225675278
2019,CO2/CO/NOx,2019-05-10 08:00:00+02:00,0.8592504620599802
2019,CO2/CO/NOx,2019-05-10 09:00:00+02:00,0.8332360357310044
2019,CO2/CO/NOx,2019-05-10 10:00:00+02:00,0.8283551765800019
2019,CO2/CO/NOx,2019-05-10 11:00:00+02:00,0.822800757162445
2019,CO2/CO/NOx,2019-05-10 12:00:00+02:00,0.8083745438418592
2019,CO2/CO/NOx,2019-05-10 13:00:00+02:00,0.7941165270507867
2019,CO2/CO/NOx,2019-05-10 14:00:00+02:00,0.7679615552679465
2019,CO2/CO/NOx,2019-05-10 15:00:00+02:00,0.7650944945925129
2019,CO2/CO/NOx,2019-05-10 16:00:00+02:00,0.7520256134475932
2019,CO2/CO/NOx,2019-05-10 17:00:00+02:00,0.74136171944832
2019,CO2/CO/NOx,2019-05-10 18:00:00+02:00,0.7614070526759422
2019,CO2/CO/NOx,2019-05-10 19:00:00+02:00,0.7793386350892375
2019,CO2/CO/NOx,2019-05-10 20:00:00+02:00,0.7780721507591372
2019,CO2/CO/NOx,2019-05-10 21:00:00+02:00,0.7777112259555337
2019,CO2/CO/NOx,2019-05-10 22:00:00+02:00,0.7668931565398006
2019,CO2/CO/NOx,2019-05-10 23:00:00+02:00,0.7475943507114144
2019,CO2/CO/NOx,2019-05-11 00:00:00+02:00,0.7277308105409758
2019,CO2/CO/NOx,2019-05-11 01:00:00+02:00,0.7076222330165052
2019,CO2/CO/NOx,2019-05-11 02:00:00+02:00,0.7136246432613111
2019,CO2/CO/NOx,2019-05-11 03:00:00+02:00,0.7458052127810745
2019,CO2/CO/NOx,2019-05-11 04:00:00+02:00,0.7634867920355362
2019,CO2/CO/NOx,2019-05-11 05:00:00+02:00,0.7908031255446384
2019,CO2/CO/NOx,2019-05-11 06:00:00+02:00,0.8364156511284478
2019,CO2/CO/NOx,2019-05-11 07:00:00+02:00,0.8550161201356464
2019,CO2/CO/NOx,2019-05-11 08:00:00+02:00,0.8516760462417491
2019,CO2/CO/NOx,2019-05-11 09:00:00+02:00,0.8180842153167373
2019,CO2/CO/NOx,2019-05-11 10:00:00+02:00,0.7774153167893738
2019,CO2/CO/NOx,2019-05-11 11:00:00+02:00,0.7282308650869626
2019,CO2/CO/NOx,2019-05-11 12:00:00+02:00,0.6928032848025271
2019,CO2/CO/NOx,2019-05-11 13:00:00+02:00,0.6775520556843666
2019,CO2/CO/NOx,2019-05-11 14:00:00+02:00,0.6961984158224934
2019,CO2/CO/NOx,2019-05-11 15:00:00+02:00,0.7457727567762666
2019,CO2/CO/NOx,2019-05-11 16:00:00+02:00,0.7879478016164144
2019,CO2/CO/NOx,2019-05-11 17:00:00+02:00,0.8275363220313979
2019,CO2/CO/NOx,2019-05-11 18:00:00+02:00,0.8534060992558636
2019,CO2/CO/NOx,2019-05-11 19:00:00+02:00,0.8515419302926373
2019,CO2/CO/NOx,2019-05-11 20:00:00+02:00,0.8259705519452815
2019,CO2/CO/NOx,2019-05-11 21:00:00+02:00,0.804862337783739
2019,CO2/CO/NOx,2019-05-11 22:00:00+02:00,0.773827567009645
2019,CO2/CO/NOx,2019-05-11 23:00:00+02:00,0.7682785439621039
2019,CO2/CO/NOx,2019-05-12 00:00:00+02:00,0.7837168545029114
2019,CO2/CO/NOx,2019-05-12 01:00:00+02:00,0.8271196688938233
2019,CO2/CO/NOx,2019-05-12 02:00:00+02:00,0.8950065138110368
2019,CO2/CO/NOx,2019-05-12 03:00:00+02:00,0.9663312662207363
2019,CO2/CO/NOx,2019-05-12 04:00:00+02:00,1.0441568914525043
2019,CO2/CO/NOx,2019-05-12 05:00:00+02:00,1.1083618471622227
2019,CO2/CO/NOx,2019-05-12 06:00:00+02:00,1.1543988462189365
2019,CO2/CO/NOx,2019-05-12 07:00:00+02:00,1.166272922055106
2019,CO2/CO/NOx,2019-05-12 08:00:00+02:00,1.1788282430262902
2019,CO2/CO/NOx,2019-05-12 09:00:00+02:00,1.1730926357079867
2019,CO2/CO/NOx,2019-05-12 10:00:00+02:00,1.1608949022477244
2019,CO2/CO/NOx,2019-05-12 11:00:00+02:00,1.1309124351748565
2019,CO2/CO/NOx,2019-05-12 12:00:00+02:00,1.1053829402550293
2019,CO2/CO/NOx,2019-05-12 13:00:00+02:00,1.1047538207276142
2019,CO2/CO/NOx,2019-05-12 14:00:00+02:00,1.11061329444929
2019,CO2/CO/NOx,2019-05-12 15:00:00+02:00,1.1218387970311126
2019,CO2/CO/NOx,2019-05-12 16:00:00+02:00,1.144457922020027
2019,CO2/CO/NOx,2019-05-12 17:00:00+02:00,1.1740200704805321
2019,CO2/CO/NOx,2019-05-12 18:00:00+02:00,1.21192866050511
2019,CO2/CO/NOx,2019-05-12 19:00:00+02:00,1.2255170051269964
2019,CO2/CO/NOx,2019-05-12 20:00:00+02:00,1.217929143005182
2019,CO2/CO/NOx,2019-05-12 21:00:00+02:00,1.2053004994362349
2019,CO2/CO/NOx,2019-05-12 22:00:00+02:00,1.1829379257720252
2019,CO2/CO/NOx,2019-05-12 23:00:00+02:00,1.1661565964386764
2019,CO2/CO/NOx,2019-05-13 00:00:00+02:00,1.124105820312829
2019,CO2/CO/NOx,2019-05-13 01:00:00+02:00,1.1135776202665137
2019,CO2/CO/NOx,2019-05-13 02:00:00+02:00,1.1264187135629973
2019,CO2/CO/NOx,2019-05-13 03:00:00+02:00,1.155318232385429
2019,CO2/CO/NOx,2019-05-13 04:00:00+02:00,1.1955355733624875
2019,CO2/CO/NOx,2019-05-13 05:00:00+02:00,1.2417704155798888
2019,CO2/CO/NOx,2019-05-13 06:00:00+02:00,1.2689771068277775
2019,CO2/CO/NOx,2019-05-13 07:00:00+02:00,1.2660477884194323
2019,CO2/CO/NOx,2019-05-13 08:00:00+02:00,1.2448279950102834
2019,CO2/CO/NOx,2019-05-13 09:00:00+02:00,1.1829969516400374
2019,CO2/CO/NOx,2019-05-13 10:00:00+02:00,1.1371135002956074
2019,CO2/CO/NOx,2019-05-13 11:00:00+02:00,1.0831554708457398
2019,CO2/CO/NOx,2019-05-13 12:00:00+02:00,1.027202637232194
2019,CO2/CO/NOx,2019-05-13 13:00:00+02:00,1.0050408851074766
2019,CO2/CO/NOx,2019-05-13 14:00:00+02:00,0.9967846734464467
2019,CO2/CO/NOx,2019-05-13 15:00:00+02:00,0.9945754727661649
2019,CO2/CO/NOx,2019-05-13 16:00:00+02:00,0.9836637757013331
2019,CO2/CO/NOx,2019-05-13 17:00:00+02:00,0.9895874897355795
2019,CO2/CO/NOx,2019-05-13 18:00:00+02:00,1.0018979253376523
2019,CO2/CO/NOx,2019-05-13 19:00:00+02:00,1.0013137600031137
2019,CO2/CO/NOx,2019-05-13 20:00:00+02:00,0.9922647215134756
2019,CO2/CO/NOx,2019-05-13 21:00:00+02:00,0.9634288996326223
2019,CO2/CO/NOx,2019-05-13 22:00:00+02:00,0.9437607486682483
2019,CO2/CO/NOx,2019-05-13 23:00:00+02:00,0.9396415460030904
2019,CO2/CO/NOx,2019-05-14 00:00:00+02:00,0.9329148431789097
2019,CO2/CO/NOx,2019-05-14 01:00:00+02:00,0.9591014607897771
2019,CO2/CO/NOx,2019-05-14 02:00:00+02:00,1.037792594067004
2019,CO2/CO/NOx,2019-05-14 03:00:00+02:00,1.1343624220084607
2019,CO2/CO/NOx,2019-05-14 04:00:00+02:00,1.208269827395622
2019,CO2/CO/NOx,2019-05-14 05:00:00+02:00,1.2538375897183869
2019,CO2/CO/NOx,2019-05-14 06:00:00+02:00,1.2503153810636112
2019,CO2/CO/NOx,2019-05-14 07:00:00+02:00,1.2193722558438622
2019,CO2/CO/NOx,2019-05-14 08:00:00+02:00,1.163324612668274
2019,CO2/CO/NOx,2019-05-14 09:00:00+02:00,1.0822170865911787
2019,CO2/CO/NOx,2019-05-14 10:00:00+02:00,1.0265691243982382
2019,CO2/CO/NOx,2019-05-14 11:00:00+02:00,0.9913265801816812
2019,CO2/CO/NOx,2019-05-14 12:00:00+02:00,0.9697959767476667
2019,CO2/CO/NOx,2019-05-14 13:00:00+02:00,0.9707463529389105
2019,CO2/CO/NOx,2019-05-14 14:00:00+02:00,0.9736385041254579
2019,CO2/CO/NOx,2019-05-14 15:00:00+02:00,0.9854076954273064
2019,CO2/CO/NOx,2019-05-14 16:00:00+02:00,1.0129830953423464
2019,CO2/CO/NOx,2019-05-14 17:00:00+02:00,1.0428128606423912
2019,CO2/CO/NOx,2019-05-14 18:00:00+02:00,1.0893360158186813
2019,CO2/CO/NOx,2019-05-14 19:00:00+02:00,1.1084023265624003
2019,CO2/CO/NOx,2019-05-14 20:00:00+02:00,1.1143221061004422
2019,CO2/CO/NOx,2019-05-14 21:00:00+02:00,1.110882852593394
2019,CO2/CO/NOx,2019-05-14 22:00:00+02:00,1.1042809266971965
2019,CO2/CO/NOx,2019-05-14 23:00:00+02:00,1.0862700489704855
2019,CO2/CO/NOx,2019-05-15 00:00:00+02:00,1.058124467535781
2019,CO2/CO/NOx,2019-05-15 01:00:00+02:00,1.0703651974307316
2019,CO2/CO/NOx,2019-05-15 02:00:00+02:00,1.1128869468702525
2019,CO2/CO/NOx,2019-05-15 03:00:00+02:00,1.1822560830352224
2019,CO2/CO/NOx,2019-05-15 04:00:00+02:00,1.243739173308632
2019,CO2/CO/NOx,2019-05-15 05:00:00+02:00,1.306285427372325
2019,CO2/CO/NOx,2019-05-15 06:00:00+02:00,1.3617943477979468
2019,CO2/CO/NOx,2019-05-15 07:00:00+02:00,1.3869128249258809
2019,CO2/CO/NOx,2019-05-15 08:00:00+02:00,1.386889349910268
2019,CO2/CO/NOx,2019-05-15 09:00:00+02:00,1.3357318007167374
2019,CO2/CO/NOx,2019-05-15 10:00:00+02:00,1.2731109640016378
2019,CO2/CO/NOx,2019-05-15 11:00:00+02:00,1.2061772216024265
2019,CO2/CO/NOx,2019-05-15 12:00:00+02:00,1.130150639042879
2019,CO2/CO/NOx,2019-05-15 13:00:00+02:00,1.074576788811091
2019,CO2/CO/NOx,2019-05-15 14:00:00+02:00,1.0424305939176326
2019,CO2/CO/NOx,2019-05-15 15:00:00+02:00,1.0371598069604062
2019,CO2/CO/NOx,2019-05-15 16:00:00+02:00,1.051107645363184
2019,CO2/CO/NOx,2019-05-15 17:00:00+02:00,1.0877255770971503
2019,CO2/CO/NOx,2019-05-15 18:00:00+02:00,1.1287769422907556
2019,CO2/CO/NOx,2019-05-15 19:00:00+02:00,1.1580398314144584
2019,CO2/CO/NOx,2019-05-15 20:00:00+02:00,1.1739566984536633
2019,CO2/CO/NOx,2019-05-15 21:00:00+02:00,1.1680615698740318
2019,CO2/CO/NOx,2019-05-15 22:00:00+02:00,1.1549521244982293
2019,CO2/CO/NOx,2019-05-15 23:00:00+02:00,1.1332426626387146
2019,CO2/CO/NOx,2019-05-16 00:00:00+02:00,1.0867003727566076
2019,CO2/CO/NOx,2019-05-16 01:00:00+02:00,1.0773552735074994
2019,CO2/CO/NOx,2019-05-16 02:00:00+02:00,1.1052634587976768
2019,CO2/CO/NOx,2019-05-16 03:00:00+02:00,1.167755652806309
2019,CO2/CO/NOx,2019-05-16 04:00:00+02:00,1.235629347421716
2019,CO2/CO/NOx,2019-05-16 05:00:00+02:00,1.2914961705598687
2019,CO2/CO/NOx,2019-05-16 06:00:00+02:00,1.3398171091953242
2019,CO2/CO/NOx,2019-05-16 07:00:00+02:00,1.3551101032960924
2019,CO2/CO/NOx,2019-05-16 08:00:00+02:00,1.3268319500666497
2019,CO2/CO/NOx,2019-05-16 09:00:00+02:00,1.2505752164138024
2019,CO2/CO/NOx,2019-05-16 10:00:00+02:00,1.1811601682090167
2019,CO2/CO/NOx,2019-05-16 11:00:00+02:00,1.107284276272795
2019,CO2/CO/NOx,2019-05-16 12:00:00+02:00,1.0460665579790525
2019,CO2/CO/NOx,2019-05-16 13:00:00+02:00,1.0040085826802958
2019,CO2/CO/NOx,2019-05-16 14:00:00+02:00,0.9907682290026097
2019,CO2/CO/NOx,2019-05-16 15:00:00+02:00,1.007072586309635
2019,CO2/CO/NOx,2019-05-16 16:00:00+02:00,1.0242173123768927
2019,CO2/CO/NOx,2019-05-16 17:00:00+02:00,1.0446924374645887
2019,CO2/CO/NOx,2019-05-16 18:00:00+02:00,1.0720363769371266
2019,CO2/CO/NOx,2019-05-16 19:00:00+02:00,1.0760279605088972
2019,CO2/CO/NOx,2019-05-16 20:00:00+02:00,1.0661804565959563
2019,CO2/CO/NOx,2019-05-16 21:00:00+02:00,1.0352085452088227
2019,CO2/CO/NOx,2019-05-16 22:00:00+02:00,1.0079514276010788
2019,CO2/CO/NOx,2019-05-16 23:00:00+02:00,0.9879254666333922
2019,CO2/CO/NOx,2019-05-17 00:00:00+02:00,0.9552582101991568
2019,CO2/CO/NOx,2019-05-17 01:00:00+02:00,0.95857979277312
2019,CO2/CO/NOx,2019-05-17 02:00:00+02:00,0.9986666099968781
2019,CO2/CO/NOx,2019-05-17 03:00:00+02:00,1.0668267430753422
2019,CO2/CO/NOx,2019-05-17 04:00:00+02:00,1.1224136476322868
2019,CO2/CO/NOx,2019-05-17 05:00:00+02:00,1.158584963278152
2019,CO2/CO/NOx,2019-05-17 06:00:00+02:00,1.1555967843297374
2019,CO2/CO/NOx,2019-05-17 07:00:00+02:00,1.1271589508859958
2019,CO2/CO/NOx,2019-05-17 08:00:00+02:00,1.0660131863585065
2019,CO2/CO/NOx,2019-05-17 09:00:00+02:00,0.9658234026094583
2019,CO2/CO/NOx,2019-05-17 10:00:00+02:00,0.8914929245692167
2019,CO2/CO/NOx,2019-05-17 11:00:00+02:00,0.8411382232824004
2019,CO2/CO/NOx,2019-05-17 12:00:00+02:00,0.8089270523851839
2019,CO2/CO/NOx,2019-05-17 13:00:00+02:00,0.7932354120658484
2019,CO2/CO/NOx,2019-05-17 14:00:00+02:00,0.8085016420757626
2019,CO2/CO/NOx,2019-05-17 15:00:00+02:00,0.8245666837458345
2019,CO2/CO/NOx,2019-05-17 16:00:00+02:00,0.8433335600604196
2019,CO2/CO/NOx,2019-05-17 17:00:00+02:00,0.8474140238312396
2019,CO2/CO/NOx,2019-05-17 18:00:00+02:00,0.8268232058313307
2019,CO2/CO/NOx,2019-05-17 19:00:00+02:00,0.7905413221824509
2019,CO2/CO/NOx,2019-05-17 20:00:00+02:00,0.738622213915185
2019,CO2/CO/NOx,2019-05-17 21:00:00+02:00,0.6867753407653407
2019,CO2/CO/NOx,2019-05-17 22:00:00+02:00,0.6413481540136234
2019,CO2/CO/NOx,2019-05-17 23:00:00+02:00,0.6194081210003984
2019,CO2/CO/NOx,2019-05-18 00:00:00+02:00,0.5933753243576227
2019,CO2/CO/NOx,2019-05-18 01:00:00+02:00,0.6210086052320661
2019,CO2/CO/NOx,2019-05-18 02:00:00+02:00,0.6719229980865042
2019,CO2/CO/NOx,2019-05-18 03:00:00+02:00,0.7260198538550476
2019,CO2/CO/NOx,2019-05-18 04:00:00+02:00,0.774167624954953
2019,CO2/CO/NOx,2019-05-18 05:00:00+02:00,0.8075204023163249
2019,CO2/CO/NOx,2019-05-18 06:00:00+02:00,0.8236212735145979
2019,CO2/CO/NOx,2019-05-18 07:00:00+02:00,0.8031239181818034
2019,CO2/CO/NOx,2019-05-18 08:00:00+02:00,0.7533408838996641
2019,CO2/CO/NOx,2019-05-18 09:00:00+02:00,0.6821904693073703
2019,CO2/CO/NOx,2019-05-18 10:00:00+02:00,0.6322365324327365
2019,CO2/CO/NOx,2019-05-18 11:00:00+02:00,0.5838606875067701
2019,CO2/CO/NOx,2019-05-18 12:00:00+02:00,0.5402698738837602
2019,CO2/CO/NOx,2019-05-18 13:00:00+02:00,0.5174199866589503
2019,CO2/CO/NOx,2019-05-18 14:00:00+02:00,0.5045974521870733
2019,CO2/CO/NOx,2019-05-18 15:00:00+02:00,0.4973276886727554
2019,CO2/CO/NOx,2019-05-18 16:00:00+02:00,0.4912976788242893
2019,CO2/CO/NOx,2019-05-18 17:00:00+02:00,0.4940187959848618
2019,CO2/CO/NOx,2019-05-18 18:00:00+02:00,0.5049428812550847
2019,CO2/CO/NOx,2019-05-18 19:00:00+02:00,0.5035624285150426
2019,CO2/CO/NOx,2019-05-18 20:00:00+02:00,0.5017109870677258
2019,CO2/CO/NOx,2019-05-18 21:00:00+02:00,0.5124932025444245
2019,CO2/CO/NOx,2019-05-18 22:00:00+02:00,0.5411882370367089
2019,CO2/CO/NOx,2019-05-18 23:00:00+02:00,0.5717571954732732
2019,CO2/CO/NOx,2019-05-19 00:00:00+02:00,0.6033597040098142
2019,CO2/CO/NOx,2019-05-19 01:00:00+02:00,0.6289671298741222
2019,CO2/CO/NOx,2019-05-19 02:00:00+02:00,0.653730466964187
2019,CO2/CO/NOx,2019-05-19 03:00:00+02:00,0.6782229877762018
2019,CO2/CO/NOx,2019-05-19 04:00:00+02:00,0.679351214418988
2019,CO2/CO/NOx,2019-05-19 05:00:00+02:00,0.6798076581870457
2019,CO2/CO/NOx,2019-05-19 06:00:00+02:00,0.680499415780569
2019,CO2/CO/NOx,2019-05-19 07:00:00+02:00,0.6763281810120898
2019,CO2/CO/NOx,2019-05-19 08:00:00+02:00,0.6478729965681184
2019,CO2/CO/NOx,2019-05-19 09:00:00+02:00,0.6121126434051858
2019,CO2/CO/NOx,2019-05-19 10:00:00+02:00,0.5801527189281278
2019,CO2/CO/NOx,2019-05-19 11:00:00+02:00,0.5436936975954583
2019,CO2/CO/NOx,2019-05-19 12:00:00+02:00,0.5188343403675328
2019,CO2/CO/NOx,2019-05-19 13:00:00+02:00,0.500096026275299
2019,CO2/CO/NOx,2019-05-19 14:00:00+02:00,0.49365726305412866
2019,CO2/CO/NOx,2019-05-19 15:00:00+02:00,0.4894949704472923
2019,CO2/CO/NOx,2019-05-19 16:00:00+02:00,0.47942145259352303
2019,CO2/CO/NOx,2019-05-19 17:00:00+02:00,0.46349164734078685
2019,CO2/CO/NOx,2019-05-19 18:00:00+02:00,0.4664247497367287
2019,CO2/CO/NOx,2019-05-19 19:00:00+02:00,0.47245901059857837
2019,CO2/CO/NOx,2019-05-19 20:00:00+02:00,0.47403274381064864
2019,CO2/CO/NOx,2019-05-19 21:00:00+02:00,0.4954477592683923
2019,CO2/CO/NOx,2019-05-19 22:00:00+02:00,0.5146232445851928
2019,CO2/CO/NOx,2019-05-19 23:00:00+02:00,0.5361483916328688
2019,CO2/CO/NOx,2019-05-20 00:00:00+02:00,0.5428738515879847
2019,CO2/CO/NOx,2019-05-20 01:00:00+02:00,0.556832439052266
2019,CO2/CO/NOx,2019-05-20 02:00:00+02:00,0.5766295575716155
2019,CO2/CO/NOx,2019-05-20 03:00:00+02:00,0.6057291372491016
2019,CO2/CO/NOx,2019-05-20 04:00:00+02:00,0.619996572020626
2019,CO2/CO/NOx,2019-05-20 05:00:00+02:00,0.6405555938716763
2019,CO2/CO/NOx,2019-05-20 06:00:00+02:00,0.6705705751677874
2019,CO2/CO/NOx,2019-05-20 07:00:00+02:00,0.6843132914837304
2019,CO2/CO/NOx,2019-05-20 08:00:00+02:00,0.7006666307578625
2019,CO2/CO/NOx,2019-05-20 09:00:00+02:00,0.7043016708885508
2019,CO2/CO/NOx,2019-05-20 10:00:00+02:00,0.7038590313133923
2019,CO2/CO/NOx,2019-05-20 11:00:00+02:00,0.6938502744179098
2019,CO2/CO/NOx,2019-05-20 12:00:00+02:00,0.6866242824289023
2019,CO2/CO/NOx,2019-05-20 13:00:00+02:00,0.6791938187831945
2019,CO2/CO/NOx,2019-05-20 14:00:00+02:00,0.6870824508332485
2019,CO2/CO/NOx,2019-05-20 15:00:00+02:00,0.6986584309136183
2019,CO2/CO/NOx,2019-05-20 16:00:00+02:00,0.70585902686223
2019,CO2/CO/NOx,2019-05-20 17:00:00+02:00,0.7252441340803655
2019,CO2/CO/NOx,2019-05-20 18:00:00+02:00,0.7443723560136889
2019,CO2/CO/NOx,2019-05-20 19:00:00+02:00,0.7495362763177464
2019,CO2/CO/NOx,2019-05-20 20:00:00+02:00,0.7457397963677398
2019,CO2/CO/NOx,2019-05-20 21:00:00+02:00,0.7352308024653194
2019,CO2/CO/NOx,2019-05-20 22:00:00+02:00,0.7158938359076086
2019,CO2/CO/NOx,2019-05-20 23:00:00+02:00,0.7036099409040047
2019,CO2/CO/NOx,2019-05-21 00:00:00+02:00,0.6828324926556387
2019,CO2/CO/NOx,2019-05-21 01:00:00+02:00,0.6835675842258356
2019,CO2/CO/NOx,2019-05-21 02:00:00+02:00,0.707543475482672
2019,CO2/CO/NOx,2019-05-21 03:00:00+02:00,0.7461860673769058
2019,CO2/CO/NOx,2019-05-21 04:00:00+02:00,0.7915072462517977
2019,CO2/CO/NOx,2019-05-21 05:00:00+02:00,0.8324587635286825
2019,CO2/CO/NOx,2019-05-21 06:00:00+02:00,0.8648094750679283
2019,CO2/CO/NOx,2019-05-21 07:00:00+02:00,0.8770244694960286
2019,CO2/CO/NOx,2019-05-21 08:00:00+02:00,0.885670389207162
2019,CO2/CO/NOx,2019-05-21 09:00:00+02:00,0.8717310504185359
2019,CO2/CO/NOx,2019-05-21 10:00:00+02:00,0.862835144082468
2019,CO2/CO/NOx,2019-05-21 11:00:00+02:00,0.8516454854948395
2019,CO2/CO/NOx,2019-05-21 12:00:00+02:00,0.8408311696743785
2019,CO2/CO/NOx,2019-05-21 13:00:00+02:00,0.8331024897524649
2019,CO2/CO/NOx,2019-05-21 14:00:00+02:00,0.8356435958785784
2019,CO2/CO/NOx,2019-05-21 15:00:00+02:00,0.8492554343823854
2019,CO2/CO/NOx,2019-05-21 16:00:00+02:00,0.8638890156352007
2019,CO2/CO/NOx,2019-05-21 17:00:00+02:00,0.8829079892939041
2019,CO2/CO/NOx,2019-05-21 18:00:00+02:00,0.9004177536541393
2019,CO2/CO/NOx,2019-05-21 19:00:00+02:00,0.9038468884733979
2019,CO2/CO/NOx,2019-05-21 20:00:00+02:00,0.8967878797084268
2019,CO2/CO/NOx,2019-05-21 21:00:00+02:00,0.8811553930658462
2019,CO2/CO/NOx,2019-05-21 22:00:00+02:00,0.8587369559365464
2019,CO2/CO/NOx,2019-05-21 23:00:00+02:00,0.8372896900064827
2019,CO2/CO/NOx,2019-05-22 00:00:00+02:00,0.8105854741030977
2019,CO2/CO/NOx,2019-05-22 01:00:00+02:00,0.8033041855797626
2019,CO2/CO/NOx,2019-05-22 02:00:00+02:00,0.815970030072059
2019,CO2/CO/NOx,2019-05-22 03:00:00+02:00,0.8490201402917215
2019,CO2/CO/NOx,2019-05-22 04:00:00+02:00,0.8809549438360885
2019,CO2/CO/NOx,2019-05-22 05:00:00+02:00,0.911631792895644
2019,CO2/CO/NOx,2019-05-22 06:00:00+02:00,0.9428529757948143
2019,CO2/CO/NOx,2019-05-22 07:00:00+02:00,0.9617733318731734
2019,CO2/CO/NOx,2019-05-22 08:00:00+02:00,0.9587794736891662
2019,CO2/CO/NOx,2019-05-22 09:00:00+02:00,0.9342175330041725
2019,CO2/CO/NOx,2019-05-22 10:00:00+02:00,0.9137470292064553
2019,CO2/CO/NOx,2019-05-22 11:00:00+02:00,0.8891538211569902
2019,CO2/CO/NOx,2019-05-22 12:00:00+02:00,0.8596755157352192
2019,CO2/CO/NOx,2019-05-22 13:00:00+02:00,0.8332020626090532
2019,CO2/CO/NOx,2019-05-22 14:00:00+02:00,0.8214978657150934
2019,CO2/CO/NOx,2019-05-22 15:00:00+02:00,0.8200037328691908
2019,CO2/CO/NOx,2019-05-22 16:00:00+02:00,0.8256407841195313
2019,CO2/CO/NOx,2019-05-22 17:00:00+02:00,0.8316099072141284
2019,CO2/CO/NOx,2019-05-22 18:00:00+02:00,0.8417863109019417
2019,CO2/CO/NOx,2019-05-22 19:00:00+02:00,0.8482979765468227
2019,CO2/CO/NOx,2019-05-22 20:00:00+02:00,0.8452517044674509
2019,CO2/CO/NOx,2019-05-22 21:00:00+02:00,0.8281092619719493
2019,CO2/CO/NOx,2019-05-22 22:00:00+02:00,0.8082145947832337
2019,CO2/CO/NOx,2019-05-22 23:00:00+02:00,0.789473574227964
2019,CO2/CO/NOx,2019-05-23 00:00:00+02:00,0.7677078982955728
2019,CO2/CO/NOx,2019-05-23 01:00:00+02:00,0.7775171183787513
2019,CO2/CO/NOx,2019-05-23 02:00:00+02:00,0.8201655086065043
2019,CO2/CO/NOx,2019-05-23 03:00:00+02:00,0.8713768772774074
2019,CO2/CO/NOx,2019-05-23 04:00:00+02:00,0.9105864418762591
2019,CO2/CO/NOx,2019-05-23 05:00:00+02:00,0.9406535126519446
2019,CO2/CO/NOx,2019-05-23 06:00:00+02:00,0.9523931439506717
2019,CO2/CO/NOx,2019-05-23 07:00:00+02:00,0.9368310409948906
2019,CO2/CO/NOx,2019-05-23 08:00:00+02:00,0.8954625847352543
2019,CO2/CO/NOx,2019-05-23 09:00:00+02:00,0.8480727067304789
2019,CO2/CO/NOx,2019-05-23 10:00:00+02:00,0.8183901862303419
2019,CO2/CO/NOx,2019-05-23 11:00:00+02:00,0.7932710709462906
2019,CO2/CO/NOx,2019-05-23 12:00:00+02:00,0.7578433127655084
2019,CO2/CO/NOx,2019-05-23 13:00:00+02:00,0.7270844180120032
2019,CO2/CO/NOx,2019-05-23 14:00:00+02:00,0.7141843669035878
2019,CO2/CO/NOx,2019-05-23 15:00:00+02:00,0.7132672944117242
2019,CO2/CO/NOx,2019-05-23 16:00:00+02:00,0.7028124358654056
2019,CO2/CO/NOx,2019-05-23 17:00:00+02:00,0.6826404370120659
2019,CO2/CO/NOx,2019-05-23 18:00:00+02:00,0.6857751974863415
2019,CO2/CO/NOx,2019-05-23 19:00:00+02:00,0.6921066207578499
2019,CO2/CO/NOx,2019-05-23 20:00:00+02:00,0.6917412383943583
2019,CO2/CO/NOx,2019-05-23 21:00:00+02:00,0.692482390299965
2019,CO2/CO/NOx,2019-05-23 22:00:00+02:00,0.7083676676545444
2019,CO2/CO/NOx,2019-05-23 23:00:00+02:00,0.7250941191157401
2019,CO2/CO/NOx,2019-05-24 00:00:00+02:00,0.7505628438146082
2019,CO2/CO/NOx,2019-05-24 01:00:00+02:00,0.7870577097830687
2019,CO2/CO/NOx,2019-05-24 02:00:00+02:00,0.8436975766041231
2019,CO2/CO/NOx,2019-05-24 03:00:00+02:00,0.9064037652355322
2019,CO2/CO/NOx,2019-05-24 04:00:00+02:00,0.941512213886645
2019,CO2/CO/NOx,2019-05-24 05:00:00+02:00,0.9460942476367296
2019,CO2/CO/NOx,2019-05-24 06:00:00+02:00,0.9085250538265973
2019,CO2/CO/NOx,2019-05-24 07:00:00+02:00,0.8572629675436286
2019,CO2/CO/NOx,2019-05-24 08:00:00+02:00,0.7713373468397133
2019,CO2/CO/NOx,2019-05-24 09:00:00+02:00,0.6906691411663068
2019,CO2/CO/NOx,2019-05-24 10:00:00+02:00,0.635920240331004
2019,CO2/CO/NOx,2019-05-24 11:00:00+02:00,0.5912983325513512
2019,CO2/CO/NOx,2019-05-24 12:00:00+02:00,0.5539350781510222
2019,CO2/CO/NOx,2019-05-24 13:00:00+02:00,0.5635801813340467
2019,CO2/CO/NOx,2019-05-24 14:00:00+02:00,0.5639831847585911
2019,CO2/CO/NOx,2019-05-24 15:00:00+02:00,0.5532855466984029
2019,CO2/CO/NOx,2019-05-24 16:00:00+02:00,0.5487864282308982
2019,CO2/CO/NOx,2019-05-24 17:00:00+02:00,0.537844852141972
2019,CO2/CO/NOx,2019-05-24 18:00:00+02:00,0.5333889147195748
2019,CO2/CO/NOx,2019-05-24 19:00:00+02:00,0.5224484716895951
2019,CO2/CO/NOx,2019-05-24 20:00:00+02:00,0.4987898943201664
2019,CO2/CO/NOx,2019-05-24 21:00:00+02:00,0.49700107157361845
2019,CO2/CO/NOx,2019-05-24 22:00:00+02:00,0.5255849844000052
2019,CO2/CO/NOx,2019-05-24 23:00:00+02:00,0.5316647287054894
2019,CO2/CO/NOx,2019-05-25 00:00:00+02:00,0.5379773170741589
2019,CO2/CO/NOx,2019-05-25 01:00:00+02:00,0.5401977650156344
2019,CO2/CO/NOx,2019-05-25 02:00:00+02:00,0.5526987977671919
2019,CO2/CO/NOx,2019-05-25 03:00:00+02:00,0.5798211808182662
2019,CO2/CO/NOx,2019-05-25 04:00:00+02:00,0.605683240564312
2019,CO2/CO/NOx,2019-05-25 05:00:00+02:00,0.6216019857218419
2019,CO2/CO/NOx,2019-05-25 06:00:00+02:00,0.6202732500862778
2019,CO2/CO/NOx,2019-05-25 07:00:00+02:00,0.6026444303658891
2019,CO2/CO/NOx,2019-05-25 08:00:00+02:00,0.5751096028492807
2019,CO2/CO/NOx,2019-05-25 09:00:00+02:00,0.5353080020446187
2019,CO2/CO/NOx,2019-05-25 10:00:00+02:00,0.49116747123216414
2019,CO2/CO/NOx,2019-05-25 11:00:00+02:00,0.4601285673629292
2019,CO2/CO/NOx,2019-05-25 12:00:00+02:00,0.4439235877834348
2019,CO2/CO/NOx,2019-05-25 13:00:00+02:00,0.4441620637211098
2019,CO2/CO/NOx,2019-05-25 14:00:00+02:00,0.4493970384482969
2019,CO2/CO/NOx,2019-05-25 15:00:00+02:00,0.4545377236940166
2019,CO2/CO/NOx,2019-05-25 16:00:00+02:00,0.46391839883706554
2019,CO2/CO/NOx,2019-05-25 17:00:00+02:00,0.4678065276460096
2019,CO2/CO/NOx,2019-05-25 18:00:00+02:00,0.476429238167118
2019,CO2/CO/NOx,2019-05-25 19:00:00+02:00,0.4793759752063445
2019,CO2/CO/NOx,2019-05-25 20:00:00+02:00,0.4778033545626666
2019,CO2/CO/NOx,2019-05-25 21:00:00+02:00,0.4699798414708624
2019,CO2/CO/NOx,2019-05-25 22:00:00+02:00,0.4682178596635671
2019,CO2/CO/NOx,2019-05-25 23:00:00+02:00,0.4703410031602437
2019,CO2/CO/NOx,2019-05-26 00:00:00+02:00,0.47891404236877094
2019,CO2/CO/NOx,2019-05-26 01:00:00+02:00,0.5036685058253989
2019,CO2/CO/NOx,2019-05-26 02:00:00+02:00,0.5348090936493914
2019,CO2/CO/NOx,2019-05-26 03:00:00+02:00,0.5670030616214863
2019,CO2/CO/NOx,2019-05-26 04:00:00+02:00,0.5956460729491792
2019,CO2/CO/NOx,2019-05-26 05:00:00+02:00,0.6101087627436432
2019,CO2/CO/NOx,2019-05-26 06:00:00+02:00,0.6149270995836191
2019,CO2/CO/NOx,2019-05-26 07:00:00+02:00,0.6036143816003119
2019,CO2/CO/NOx,2019-05-26 08:00:00+02:00,0.5857747739306475
2019,CO2/CO/NOx,2019-05-26 09:00:00+02:00,0.5597115726282881
2019,CO2/CO/NOx,2019-05-26 10:00:00+02:00,0.5341355562887656
2019,CO2/CO/NOx,2019-05-26 11:00:00+02:00,0.5065431571276019
2019,CO2/CO/NOx,2019-05-26 12:00:00+02:00,0.4753102190327307
2019,CO2/CO/NOx,2019-05-26 13:00:00+02:00,0.45642549962423856
2019,CO2/CO/NOx,2019-05-26 14:00:00+02:00,0.4389823236378587
2019,CO2/CO/NOx,2019-05-26 15:00:00+02:00,0.4280683209423452
2019,CO2/CO/NOx,2019-05-26 16:00:00+02:00,0.4186744029939146
2019,CO2/CO/NOx,2019-05-26 17:00:00+02:00,0.4282825606486612
2019,CO2/CO/NOx,2019-05-26 18:00:00+02:00,0.44903142323346146
2019,CO2/CO/NOx,2019-05-26 19:00:00+02:00,0.46473028622832674
2019,CO2/CO/NOx,2019-05-26 20:00:00+02:00,0.47540885734402316
2019,CO2/CO/NOx,2019-05-26 21:00:00+02:00,0.48227802073109766
2019,CO2/CO/NOx,2019-05-26 22:00:00+02:00,0.4965749875137495
2019,CO2/CO/NOx,2019-05-26 23:00:00+02:00,0.5039662114409955
2019,CO2/CO/NOx,2019-05-27 00:00:00+02:00,0.5002806624970993
2019,CO2/CO/NOx,2019-05-27 01:00:00+02:00,0.506690298060445
2019,CO2/CO/NOx,2019-05-27 02:00:00+02:00,0.5378198701534586
2019,CO2/CO/NOx,2019-05-27 03:00:00+02:00,0.5712074761995488
2019,CO2/CO/NOx,2019-05-27 04:00:00+02:00,0.5897067742490516
2019,CO2/CO/NOx,2019-05-27 05:00:00+02:00,0.5885119645261073
2019,CO2/CO/NOx,2019-05-27 06:00:00+02:00,0.5899115629530995
2019,CO2/CO/NOx,2019-05-27 07:00:00+02:00,0.583853710040135
2019,CO2/CO/NOx,2019-05-27 08:00:00+02:00,0.5565732794618039
2019,CO2/CO/NOx,2019-05-27 09:00:00+02:00,0.5217133794395801
2019,CO2/CO/NOx,2019-05-27 10:00:00+02:00,0.4961594035909386
2019,CO2/CO/NOx,2019-05-27 11:00:00+02:00,0.48488010019048783
2019,CO2/CO/NOx,2019-05-27 12:00:00+02:00,0.47076043051833144
2019,CO2/CO/NOx,2019-05-27 13:00:00+02:00,0.45566522721296515
2019,CO2/CO/NOx,2019-05-27 14:00:00+02:00,0.4503627552762543
2019,CO2/CO/NOx,2019-05-27 15:00:00+02:00,0.46343436264342963
2019,CO2/CO/NOx,2019-05-27 16:00:00+02:00,0.4716724994856095
2019,CO2/CO/NOx,2019-05-27 17:00:00+02:00,0.47481494906334276
2019,CO2/CO/NOx,2019-05-27 18:00:00+02:00,0.48254448931750105
2019,CO2/CO/NOx,2019-05-27 19:00:00+02:00,0.4820394161130157
2019,CO2/CO/NOx,2019-05-27 20:00:00+02:00,0.4899038840859601
2019,CO2/CO/NOx,2019-05-27 21:00:00+02:00,0.4939849143040823
2019,CO2/CO/NOx,2019-05-27 22:00:00+02:00,0.498259484088334
2019,CO2/CO/NOx,2019-05-27 23:00:00+02:00,0.5136588893805745
2019,CO2/CO/NOx,2019-05-28 00:00:00+02:00,0.5237073174773903
2019,CO2/CO/NOx,2019-05-28 01:00:00+02:00,0.5380754531759372
2019,CO2/CO/NOx,2019-05-28 02:00:00+02:00,0.5515162067045835
2019,CO2/CO/NOx,2019-05-28 03:00:00+02:00,0.5712012857575415
2019,CO2/CO/NOx,2019-05-28 04:00:00+02:00,0.5906869528004107
2019,CO2/CO/NOx,2019-05-28 05:00:00+02:00,0.6180239684222958
2019,CO2/CO/NOx,2019-05-28 06:00:00+02:00,0.6375672001709706
2019,CO2/CO/NOx,2019-05-28 07:00:00+02:00,0.6424607903862828
2019,CO2/CO/NOx,2019-05-28 08:00:00+02:00,0.646908992463695
2019,CO2/CO/NOx,2019-05-28 09:00:00+02:00,0.6444624162138423
2019,CO2/CO/NOx,2019-05-28 10:00:00+02:00,0.6504585066647163
2019,CO2/CO/NOx,2019-05-28 11:00:00+02:00,0.6607515832159659
2019,CO2/CO/NOx,2019-05-28 12:00:00+02:00,0.6719427875623492
2019,CO2/CO/NOx,2019-05-28 13:00:00+02:00,0.6988171741834468
2019,CO2/CO/NOx,2019-05-28 14:00:00+02:00,0.7168548740957033
2019,CO2/CO/NOx,2019-05-28 15:00:00+02:00,0.7287915595837255
2019,CO2/CO/NOx,2019-05-28 16:00:00+02:00,0.728988890203682
2019,CO2/CO/NOx,2019-05-28 17:00:00+02:00,0.7302600594859161
2019,CO2/CO/NOx,2019-05-28 18:00:00+02:00,0.7315084723239342
2019,CO2/CO/NOx,2019-05-28 19:00:00+02:00,0.7309847979104551
2019,CO2/CO/NOx,2019-05-28 20:00:00+02:00,0.7309376267190937
2019,CO2/CO/NOx,2019-05-28 21:00:00+02:00,0.7359347389502633
2019,CO2/CO/NOx,2019-05-28 22:00:00+02:00,0.7453665754636346
2019,CO2/CO/NOx,2019-05-28 23:00:00+02:00,0.7489362785006182
2019,CO2/CO/NOx,2019-05-29 00:00:00+02:00,0.7471943806399182
2019,CO2/CO/NOx,2019-05-29 01:00:00+02:00,0.7567285717414042
2019,CO2/CO/NOx,2019-05-29 02:00:00+02:00,0.7685869016035843
2019,CO2/CO/NOx,2019-05-29 03:00:00+02:00,0.7890679964159641
2019,CO2/CO/NOx,2019-05-29 04:00:00+02:00,0.8063477926233796
2019,CO2/CO/NOx,2019-05-29 05:00:00+02:00,0.8283224979661246
2019,CO2/CO/NOx,2019-05-29 06:00:00+02:00,0.8539508914382894
2019,CO2/CO/NOx,2019-05-29 07:00:00+02:00,0.8665919806726768
2019,CO2/CO/NOx,2019-05-29 08:00:00+02:00,0.8745335300116354
2019,CO2/CO/NOx,2019-05-29 09:00:00+02:00,0.8680349948565318
2019,CO2/CO/NOx,2019-05-29 10:00:00+02:00,0.8569182311904938
2019,CO2/CO/NOx,2019-05-29 11:00:00+02:00,0.8397427920787105
2019,CO2/CO/NOx,2019-05-29 12:00:00+02:00,0.8221853812956776
2019,CO2/CO/NOx,2019-05-29 13:00:00+02:00,0.8113317756980988
2019,CO2/CO/NOx,2019-05-29 14:00:00+02:00,0.8108630222691792
2019,CO2/CO/NOx,2019-05-29 15:00:00+02:00,0.8228839892821512
2019,CO2/CO/NOx,2019-05-29 16:00:00+02:00,0.8397187973628102
2019,CO2/CO/NOx,2019-05-29 17:00:00+02:00,0.8576429789433183
2019,CO2/CO/NOx,2019-05-29 18:00:00+02:00,0.8731061415666742
2019,CO2/CO/NOx,2019-05-29 19:00:00+02:00,0.8671279679038488
2019,CO2/CO/NOx,2019-05-29 20:00:00+02:00,0.8529667799777915
2019,CO2/CO/NOx,2019-05-29 21:00:00+02:00,0.8296632308270903
2019,CO2/CO/NOx,2019-05-29 22:00:00+02:00,0.8012540400846636
2019,CO2/CO/NOx,2019-05-29 23:00:00+02:00,0.7803803234378444
2019,CO2/CO/NOx,2019-05-30 00:00:00+02:00,0.7583911553740292
2019,CO2/CO/NOx,2019-05-30 01:00:00+02:00,0.765244312075344
2019,CO2/CO/NOx,2019-05-30 02:00:00+02:00,0.7989516022361779
2019,CO2/CO/NOx,2019-05-30 03:00:00+02:00,0.8497530341856231
2019,CO2/CO/NOx,2019-05-30 04:00:00+02:00,0.8982067770766178
2019,CO2/CO/NOx,2019-05-30 05:00:00+02:00,0.936886550734617
2019,CO2/CO/NOx,2019-05-30 06:00:00+02:00,0.9515115675871831
2019,CO2/CO/NOx,2019-05-30 07:00:00+02:00,0.9347407514624331
2019,CO2/CO/NOx,2019-05-30 08:00:00+02:00,0.9040144227367309
2019,CO2/CO/NOx,2019-05-30 09:00:00+02:00,0.8417538734201956
2019,CO2/CO/NOx,2019-05-30 10:00:00+02:00,0.7917904031245245
2019,CO2/CO/NOx,2019-05-30 11:00:00+02:00,0.7510079349188552
2019,CO2/CO/NOx,2019-05-30 12:00:00+02:00,0.708627582889232
2019,CO2/CO/NOx,2019-05-30 13:00:00+02:00,0.6851198556262884
2019,CO2/CO/NOx,2019-05-30 14:00:00+02:00,0.6742230337891151
2019,CO2/CO/NOx,2019-05-30 15:00:00+02:00,0.6778059348598084
2019,CO2/CO/NOx,2019-05-30 16:00:00+02:00,0.6773325202467936
2019,CO2/CO/NOx,2019-05-30 17:00:00+02:00,0.6734768695329091
2019,CO2/CO/NOx,2019-05-30 18:00:00+02:00,0.6603024906700786
2019,CO2/CO/NOx,2019-05-30 19:00:00+02:00,0.6452248798850753
2019,CO2/CO/NOx,2019-05-30 20:00:00+02:00,0.6390093533739677
2019,CO2/CO/NOx,2019-05-30 21:00:00+02:00,0.6243133817128343
2019,CO2/CO/NOx,2019-05-30 22:00:00+02:00,0.6184885716174356
2019,CO2/CO/NOx,2019-05-30 23:00:00+02:00,0.6153196409394974
2019,CO2/CO/NOx,2019-05-31 00:00:00+02:00,0.6116787318438763
2019,CO2/CO/NOx,2019-05-31 01:00:00+02:00,0.6044854221093412
2019,CO2/CO/NOx,2019-05-31 02:00:00+02:00,0.5990834570657618
2019,CO2/CO/NOx,2019-05-31 03:00:00+02:00,0.6057192052275452
2019,CO2/CO/NOx,2019-05-31 04:00:00+02:00,0.6266851808175641
2019,CO2/CO/NOx,2019-05-31 05:00:00+02:00,0.6491526987613018
2019,CO2/CO/NOx,2019-05-31 06:00:00+02:00,0.6704750557318415
2019,CO2/CO/NOx,2019-05-31 07:00:00+02:00,0.6782665798755603
2019,CO2/CO/NOx,2019-05-31 08:00:00+02:00,0.6744751154071612
2019,CO2/CO/NOx,2019-05-31 09:00:00+02:00,0.6464920397047635
2019,CO2/CO/NOx,2019-05-31 10:00:00+02:00,0.6124747797409863
2019,CO2/CO/NOx,2019-05-31 11:00:00+02:00,0.5712357293603492
2019,CO2/CO/NOx,2019-05-31 12:00:00+02:00,0.5302192846185324
2019,CO2/CO/NOx,2019-05-31 13:00:00+02:00,0.49798603944114583
2019,CO2/CO/NOx,2019-05-31 14:00:00+02:00,0.46484769781840124
2019,CO2/CO/NOx,2019-05-31 15:00:00+02:00,0.4433123784597207
2019,CO2/CO/NOx,2019-05-31 16:00:00+02:00,0.4293780808178414
2019,CO2/CO/NOx,2019-05-31 17:00:00+02:00,0.4350856427503152
2019,CO2/CO/NOx,2019-05-31 18:00:00+02:00,0.4576247174975169
2019,CO2/CO/NOx,2019-05-31 19:00:00+02:00,0.4816059117809425
2019,CO2/CO/NOx,2019-05-31 20:00:00+02:00,0.4898254225771791
2019,CO2/CO/NOx,2019-05-31 21:00:00+02:00,0.4852705760340602
2019,CO2/CO/NOx,2019-05-31 22:00:00+02:00,0.4751174462476559
2019,CO2/CO/NOx,2019-05-31 23:00:00+02:00,0.4653311503924989
2019,CO2/CO/NOx,2019-06-01 00:00:00+02:00,0.45222257111913267
2019,CO2/CO/NOx,2019-06-01 01:00:00+02:00,0.45950791067169666
2019,CO2/CO/NOx,2019-06-01 02:00:00+02:00,0.4933247679372805
2019,CO2/CO/NOx,2019-06-01 03:00:00+02:00,0.5428936144465739
2019,CO2/CO/NOx,2019-06-01 04:00:00+02:00,0.568017121522333
2019,CO2/CO/NOx,2019-06-01 05:00:00+02:00,0.5652489615735461
2019,CO2/CO/NOx,2019-06-01 06:00:00+02:00,0.5492404248173497
2019,CO2/CO/NOx,2019-06-01 07:00:00+02:00,0.5182724143394307
2019,CO2/CO/NOx,2019-06-01 08:00:00+02:00,0.4828133931996857
2019,CO2/CO/NOx,2019-06-01 09:00:00+02:00,0.4448011825510866
2019,CO2/CO/NOx,2019-06-01 10:00:00+02:00,0.41480730668835203
2019,CO2/CO/NOx,2019-06-01 11:00:00+02:00,0.41066073968947864
2019,CO2/CO/NOx,2019-06-01 12:00:00+02:00,0.41654212406735536
2019,CO2/CO/NOx,2019-06-01 13:00:00+02:00,0.4176634696742833
2019,CO2/CO/NOx,2019-06-01 14:00:00+02:00,0.43048351137559876
2019,CO2/CO/NOx,2019-06-01 15:00:00+02:00,0.43843494926401333
2019,CO2/CO/NOx,2019-06-01 16:00:00+02:00,0.4336336813691853
2019,CO2/CO/NOx,2019-06-01 17:00:00+02:00,0.4208907812942583
2019,CO2/CO/NOx,2019-06-01 18:00:00+02:00,0.4033835897189975
2019,CO2/CO/NOx,2019-06-01 19:00:00+02:00,0.3751685731692139
2019,CO2/CO/NOx,2019-06-01 20:00:00+02:00,0.3572412010367127
2019,CO2/CO/NOx,2019-06-01 21:00:00+02:00,0.347581877432087
2019,CO2/CO/NOx,2019-06-01 22:00:00+02:00,0.3467138766290861
2019,CO2/CO/NOx,2019-06-01 23:00:00+02:00,0.3680102227695124
2019,CO2/CO/NOx,2019-06-02 00:00:00+02:00,0.3825758714829081
2019,CO2/CO/NOx,2019-06-02 01:00:00+02:00,0.4040880338172285
2019,CO2/CO/NOx,2019-06-02 02:00:00+02:00,0.44376592427614975
2019,CO2/CO/NOx,2019-06-02 03:00:00+02:00,0.4686203481262019
2019,CO2/CO/NOx,2019-06-02 04:00:00+02:00,0.470696478162278
2019,CO2/CO/NOx,2019-06-02 05:00:00+02:00,0.46134919625247933
2019,CO2/CO/NOx,2019-06-02 06:00:00+02:00,0.44014907976490963
2019,CO2/CO/NOx,2019-06-02 07:00:00+02:00,0.4126747944477085
2019,CO2/CO/NOx,2019-06-02 08:00:00+02:00,0.3898713078281504
2019,CO2/CO/NOx,2019-06-02 09:00:00+02:00,0.363057658302871
2019,CO2/CO/NOx,2019-06-02 10:00:00+02:00,0.3543365592239432
2019,CO2/CO/NOx,2019-06-02 11:00:00+02:00,0.3667922007502572
2019,CO2/CO/NOx,2019-06-02 12:00:00+02:00,0.36900072494400715
2019,CO2/CO/NOx,2019-06-02 13:00:00+02:00,0.3710121104254983
2019,CO2/CO/NOx,2019-06-02 14:00:00+02:00,0.37401297006397255
2019,CO2/CO/NOx,2019-06-02 15:00:00+02:00,0.373187403097103
2019,CO2/CO/NOx,2019-06-02 16:00:00+02:00,0.370343242810575
2019,CO2/CO/NOx,2019-06-02 17:00:00+02:00,0.3642269390066446
2019,CO2/CO/NOx,2019-06-02 18:00:00+02:00,0.3606139324832808
2019,CO2/CO/NOx,2019-06-02 19:00:00+02:00,0.35532208273137794
2019,CO2/CO/NOx,2019-06-02 20:00:00+02:00,0.3465993966856831
2019,CO2/CO/NOx,2019-06-02 21:00:00+02:00,0.33657393091101445
2019,CO2/CO/NOx,2019-06-02 22:00:00+02:00,0.3254537957551919
2019,CO2/CO/NOx,2019-06-02 23:00:00+02:00,0.31841839368456387
2019,CO2/CO/NOx,2019-06-03 00:00:00+02:00,0.31191012003442187
2019,CO2/CO/NOx,2019-06-03 01:00:00+02:00,0.325483846140053
2019,CO2/CO/NOx,2019-06-03 02:00:00+02:00,0.348742175059774
2019,CO2/CO/NOx,2019-06-03 03:00:00+02:00,0.3740175891765701
2019,CO2/CO/NOx,2019-06-03 04:00:00+02:00,0.3942837227628474
2019,CO2/CO/NOx,2019-06-03 05:00:00+02:00,0.4052699672909927
2019,CO2/CO/NOx,2019-06-03 06:00:00+02:00,0.4083204940682538
2019,CO2/CO/NOx,2019-06-03 07:00:00+02:00,0.39761409992657354
2019,CO2/CO/NOx,2019-06-03 08:00:00+02:00,0.38160935260176504
2019,CO2/CO/NOx,2019-06-03 09:00:00+02:00,0.3628724672659968
2019,CO2/CO/NOx,2019-06-03 10:00:00+02:00,0.36579892796635244
2019,CO2/CO/NOx,2019-06-03 11:00:00+02:00,0.3676630840625493
2019,CO2/CO/NOx,2019-06-03 12:00:00+02:00,0.365945067126675
2019,CO2/CO/NOx,2019-06-03 13:00:00+02:00,0.3659992057635474
2019,CO2/CO/NOx,2019-06-03 14:00:00+02:00,0.36820863931367137
2019,CO2/CO/NOx,2019-06-03 15:00:00+02:00,0.3665103725726609
2019,CO2/CO/NOx,2019-06-03 16:00:00+02:00,0.3580425730877606
2019,CO2/CO/NOx,2019-06-03 17:00:00+02:00,0.3518666513328089
2019,CO2/CO/NOx,2019-06-03 18:00:00+02:00,0.3539352142953009
2019,CO2/CO/NOx,2019-06-03 19:00:00+02:00,0.354131509973124
2019,CO2/CO/NOx,2019-06-03 20:00:00+02:00,0.3458803855818201
2019,CO2/CO/NOx,2019-06-03 21:00:00+02:00,0.33376546792984674
2019,CO2/CO/NOx,2019-06-03 22:00:00+02:00,0.31937175583586325
2019,CO2/CO/NOx,2019-06-03 23:00:00+02:00,0.31131529997369384
2019,CO2/CO/NOx,2019-06-04 00:00:00+02:00,0.2987387606124637
2019,CO2/CO/NOx,2019-06-04 01:00:00+02:00,0.29943601017936083
2019,CO2/CO/NOx,2019-06-04 02:00:00+02:00,0.3180246724045552
2019,CO2/CO/NOx,2019-06-04 03:00:00+02:00,0.3449856415983582
2019,CO2/CO/NOx,2019-06-04 04:00:00+02:00,0.3662010237792884
2019,CO2/CO/NOx,2019-06-04 05:00:00+02:00,0.3835476157762738
2019,CO2/CO/NOx,2019-06-04 06:00:00+02:00,0.3922506637356446
2019,CO2/CO/NOx,2019-06-04 07:00:00+02:00,0.3901323835891267
2019,CO2/CO/NOx,2019-06-04 08:00:00+02:00,0.3796789418653385
2019,CO2/CO/NOx,2019-06-04 09:00:00+02:00,0.35960595248322064
2019,CO2/CO/NOx,2019-06-04 10:00:00+02:00,0.3493086913893021
2019,CO2/CO/NOx,2019-06-04 11:00:00+02:00,0.34762714327590666
2019,CO2/CO/NOx,2019-06-04 12:00:00+02:00,0.34719573408065674
2019,CO2/CO/NOx,2019-06-04 13:00:00+02:00,0.3496073679787274
2019,CO2/CO/NOx,2019-06-04 14:00:00+02:00,0.3578190998438884
2019,CO2/CO/NOx,2019-06-04 15:00:00+02:00,0.36298695846749085
2019,CO2/CO/NOx,2019-06-04 16:00:00+02:00,0.3640097658593975
2019,CO2/CO/NOx,2019-06-04 17:00:00+02:00,0.3615113621966994
2019,CO2/CO/NOx,2019-06-04 18:00:00+02:00,0.35986302198111625
2019,CO2/CO/NOx,2019-06-04 19:00:00+02:00,0.35439566557944496
2019,CO2/CO/NOx,2019-06-04 20:00:00+02:00,0.3462514568916912
2019,CO2/CO/NOx,2019-06-04 21:00:00+02:00,0.33481184605728087
2019,CO2/CO/NOx,2019-06-04 22:00:00+02:00,0.3212582692749102
2019,CO2/CO/NOx,2019-06-04 23:00:00+02:00,0.3130212357535877
2019,CO2/CO/NOx,2019-06-05 00:00:00+02:00,0.29984334264784535
2019,CO2/CO/NOx,2019-06-05 01:00:00+02:00,0.3014662316263409
2019,CO2/CO/NOx,2019-06-05 02:00:00+02:00,0.31488197359149867
2019,CO2/CO/NOx,2019-06-05 03:00:00+02:00,0.3355468308143525
2019,CO2/CO/NOx,2019-06-05 04:00:00+02:00,0.3582557231689642
2019,CO2/CO/NOx,2019-06-05 05:00:00+02:00,0.3746733743334672
2019,CO2/CO/NOx,2019-06-05 06:00:00+02:00,0.38242397241616455
2019,CO2/CO/NOx,2019-06-05 07:00:00+02:00,0.380464474595796
2019,CO2/CO/NOx,2019-06-05 08:00:00+02:00,0.37173981028609243
2019,CO2/CO/NOx,2019-06-05 09:00:00+02:00,0.35430559698817554
2019,CO2/CO/NOx,2019-06-05 10:00:00+02:00,0.3474684845376799
2019,CO2/CO/NOx,2019-06-05 11:00:00+02:00,0.3449540809330203
2019,CO2/CO/NOx,2019-06-05 12:00:00+02:00,0.3446351288541553
2019,CO2/CO/NOx,2019-06-05 13:00:00+02:00,0.3509258414673243
2019,CO2/CO/NOx,2019-06-05 14:00:00+02:00,0.3575854192569209
2019,CO2/CO/NOx,2019-06-05 15:00:00+02:00,0.3626307371205999
2019,CO2/CO/NOx,2019-06-05 16:00:00+02:00,0.36373323073897795
2019,CO2/CO/NOx,2019-06-05 17:00:00+02:00,0.36114401466836843
2019,CO2/CO/NOx,2019-06-05 18:00:00+02:00,0.358486438100056
2019,CO2/CO/NOx,2019-06-05 19:00:00+02:00,0.34969427294792593
2019,CO2/CO/NOx,2019-06-05 20:00:00+02:00,0.34133535934650266
2019,CO2/CO/NOx,2019-06-05 21:00:00+02:00,0.3311162654681504
2019,CO2/CO/NOx,2019-06-05 22:00:00+02:00,0.3202382632609778
2019,CO2/CO/NOx,2019-06-05 23:00:00+02:00,0.31205630041272175
2019,CO2/CO/NOx,2019-06-06 00:00:00+02:00,0.300213144553531
2019,CO2/CO/NOx,2019-06-06 01:00:00+02:00,0.2971733817698215
2019,CO2/CO/NOx,2019-06-06 02:00:00+02:00,0.29960760805053416
2019,CO2/CO/NOx,2019-06-06 03:00:00+02:00,0.3100175912500023
2019,CO2/CO/NOx,2019-06-06 04:00:00+02:00,0.321885814420565
2019,CO2/CO/NOx,2019-06-06 05:00:00+02:00,0.3386948327143164
2019,CO2/CO/NOx,2019-06-06 06:00:00+02:00,0.3536646886424906
2019,CO2/CO/NOx,2019-06-06 07:00:00+02:00,0.36234867061859866
2019,CO2/CO/NOx,2019-06-06 08:00:00+02:00,0.3653537818365556
2019,CO2/CO/NOx,2019-06-06 09:00:00+02:00,0.3604028140904989
2019,CO2/CO/NOx,2019-06-06 10:00:00+02:00,0.3575956412036168
2019,CO2/CO/NOx,2019-06-06 11:00:00+02:00,0.35137630728959834
2019,CO2/CO/NOx,2019-06-06 12:00:00+02:00,0.34615987915134644
2019,CO2/CO/NOx,2019-06-06 13:00:00+02:00,0.3444807107227263
2019,CO2/CO/NOx,2019-06-06 14:00:00+02:00,0.34471257548175793
2019,CO2/CO/NOx,2019-06-06 15:00:00+02:00,0.34917750729547836
2019,CO2/CO/NOx,2019-06-06 16:00:00+02:00,0.3540332031124054
2019,CO2/CO/NOx,2019-06-06 17:00:00+02:00,0.3595442888799665
2019,CO2/CO/NOx,2019-06-06 18:00:00+02:00,0.368561319383738
2019,CO2/CO/NOx,2019-06-06 19:00:00+02:00,0.3801696184189469
2019,CO2/CO/NOx,2019-06-06 20:00:00+02:00,0.39807732536875096
2019,CO2/CO/NOx,2019-06-06 21:00:00+02:00,0.40717025693448605
2019,CO2/CO/NOx,2019-06-06 22:00:00+02:00,0.41715443491700577
2019,CO2/CO/NOx,2019-06-06 23:00:00+02:00,0.42429757601809115
2019,CO2/CO/NOx,2019-06-07 00:00:00+02:00,0.4227558827156764
2019,CO2/CO/NOx,2019-06-07 01:00:00+02:00,0.42982975083245784
2019,CO2/CO/NOx,2019-06-07 02:00:00+02:00,0.4395579108743422
2019,CO2/CO/NOx,2019-06-07 03:00:00+02:00,0.4715751890659598
2019,CO2/CO/NOx,2019-06-07 04:00:00+02:00,0.515584425574368
2019,CO2/CO/NOx,2019-06-07 05:00:00+02:00,0.5564064027747411
2019,CO2/CO/NOx,2019-06-07 06:00:00+02:00,0.575288467157269
2019,CO2/CO/NOx,2019-06-07 07:00:00+02:00,0.5743440960203493
2019,CO2/CO/NOx,2019-06-07 08:00:00+02:00,0.5457901692733531
2019,CO2/CO/NOx,2019-06-07 09:00:00+02:00,0.49482724097242675
2019,CO2/CO/NOx,2019-06-07 10:00:00+02:00,0.4476874151405981
2019,CO2/CO/NOx,2019-06-07 11:00:00+02:00,0.4056990781950649
2019,CO2/CO/NOx,2019-06-07 12:00:00+02:00,0.38497902397145606
2019,CO2/CO/NOx,2019-06-07 13:00:00+02:00,0.38552772311865624
2019,CO2/CO/NOx,2019-06-07 14:00:00+02:00,0.38760624194144994
2019,CO2/CO/NOx,2019-06-07 15:00:00+02:00,0.3936069487604804
2019,CO2/CO/NOx,2019-06-07 16:00:00+02:00,0.40096008498798374
2019,CO2/CO/NOx,2019-06-07 17:00:00+02:00,0.4030718522880036
2019,CO2/CO/NOx,2019-06-07 18:00:00+02:00,0.4080176886800316
2019,CO2/CO/NOx,2019-06-07 19:00:00+02:00,0.40254256696500973
2019,CO2/CO/NOx,2019-06-07 20:00:00+02:00,0.39497551588688157
2019,CO2/CO/NOx,2019-06-07 21:00:00+02:00,0.3808964063970072
2019,CO2/CO/NOx,2019-06-07 22:00:00+02:00,0.3723883104304767
2019,CO2/CO/NOx,2019-06-07 23:00:00+02:00,0.35627038150554835
2019,CO2/CO/NOx,2019-06-08 00:00:00+02:00,0.3435513845017847
2019,CO2/CO/NOx,2019-06-08 01:00:00+02:00,0.35401260400539364
2019,CO2/CO/NOx,2019-06-08 02:00:00+02:00,0.3685610368965317
2019,CO2/CO/NOx,2019-06-08 03:00:00+02:00,0.3872783525535919
2019,CO2/CO/NOx,2019-06-08 04:00:00+02:00,0.39947480914247263
2019,CO2/CO/NOx,2019-06-08 05:00:00+02:00,0.41199110554083773
2019,CO2/CO/NOx,2019-06-08 06:00:00+02:00,0.41687457944539397
2019,CO2/CO/NOx,2019-06-08 07:00:00+02:00,0.4131068652413633
2019,CO2/CO/NOx,2019-06-08 08:00:00+02:00,0.404255984117537
2019,CO2/CO/NOx,2019-06-08 09:00:00+02:00,0.3919937733111066
2019,CO2/CO/NOx,2019-06-08 10:00:00+02:00,0.3912758443715352
2019,CO2/CO/NOx,2019-06-08 11:00:00+02:00,0.38674678983273275
2019,CO2/CO/NOx,2019-06-08 12:00:00+02:00,0.38114206304375825
2019,CO2/CO/NOx,2019-06-08 13:00:00+02:00,0.377369147303857
2019,CO2/CO/NOx,2019-06-08 14:00:00+02:00,0.3743333736435001
2019,CO2/CO/NOx,2019-06-08 15:00:00+02:00,0.3700593229765617
2019,CO2/CO/NOx,2019-06-08 16:00:00+02:00,0.3648058505429531
2019,CO2/CO/NOx,2019-06-08 17:00:00+02:00,0.3646333017806822
2019,CO2/CO/NOx,2019-06-08 18:00:00+02:00,0.36826697543210524
2019,CO2/CO/NOx,2019-06-08 19:00:00+02:00,0.3671425010423938
2019,CO2/CO/NOx,2019-06-08 20:00:00+02:00,0.3641416229074721
2019,CO2/CO/NOx,2019-06-08 21:00:00+02:00,0.36154452498259065
2019,CO2/CO/NOx,2019-06-08 22:00:00+02:00,0.3569401755896982
2019,CO2/CO/NOx,2019-06-08 23:00:00+02:00,0.3536285902718009
2019,CO2/CO/NOx,2019-06-09 00:00:00+02:00,0.3447879962361981
2019,CO2/CO/NOx,2019-06-09 01:00:00+02:00,0.3522786486269466
2019,CO2/CO/NOx,2019-06-09 02:00:00+02:00,0.3737011835265398
2019,CO2/CO/NOx,2019-06-09 03:00:00+02:00,0.39602186351061025
2019,CO2/CO/NOx,2019-06-09 04:00:00+02:00,0.41672600723001385
2019,CO2/CO/NOx,2019-06-09 05:00:00+02:00,0.4353342389733961
2019,CO2/CO/NOx,2019-06-09 06:00:00+02:00,0.4439971028515857
2019,CO2/CO/NOx,2019-06-09 07:00:00+02:00,0.4383783692812474
2019,CO2/CO/NOx,2019-06-09 08:00:00+02:00,0.41946620009985436
2019,CO2/CO/NOx,2019-06-09 09:00:00+02:00,0.395419586095991
2019,CO2/CO/NOx,2019-06-09 10:00:00+02:00,0.38770928275001315
2019,CO2/CO/NOx,2019-06-09 11:00:00+02:00,0.387212541416185
2019,CO2/CO/NOx,2019-06-09 12:00:00+02:00,0.3785305263902177
2019,CO2/CO/NOx,2019-06-09 13:00:00+02:00,0.38982078835514905
2019,CO2/CO/NOx,2019-06-09 14:00:00+02:00,0.39555958340882813
2019,CO2/CO/NOx,2019-06-09 15:00:00+02:00,0.39561397731336356
2019,CO2/CO/NOx,2019-06-09 16:00:00+02:00,0.38984672507935475
2019,CO2/CO/NOx,2019-06-09 17:00:00+02:00,0.38010001290101814
2019,CO2/CO/NOx,2019-06-09 18:00:00+02:00,0.37538702338744245
2019,CO2/CO/NOx,2019-06-09 19:00:00+02:00,0.3671751521334247
2019,CO2/CO/NOx,2019-06-09 20:00:00+02:00,0.3573620446819351
2019,CO2/CO/NOx,2019-06-09 21:00:00+02:00,0.34166017004040256
2019,CO2/CO/NOx,2019-06-09 22:00:00+02:00,0.337754327211174
2019,CO2/CO/NOx,2019-06-09 23:00:00+02:00,0.3234010936038833
2019,CO2/CO/NOx,2019-06-10 00:00:00+02:00,0.306494050294407
2019,CO2/CO/NOx,2019-06-10 01:00:00+02:00,0.3134705756739165
2019,CO2/CO/NOx,2019-06-10 02:00:00+02:00,0.333775060062453
2019,CO2/CO/NOx,2019-06-10 03:00:00+02:00,0.3577564035400636
2019,CO2/CO/NOx,2019-06-10 04:00:00+02:00,0.37689461387607187
2019,CO2/CO/NOx,2019-06-10 05:00:00+02:00,0.39465138474454825
2019,CO2/CO/NOx,2019-06-10 06:00:00+02:00,0.4045997157961473
2019,CO2/CO/NOx,2019-06-10 07:00:00+02:00,0.4042049774457181
2019,CO2/CO/NOx,2019-06-10 08:00:00+02:00,0.38766270032812594
2019,CO2/CO/NOx,2019-06-10 09:00:00+02:00,0.36468252648696714
2019,CO2/CO/NOx,2019-06-10 10:00:00+02:00,0.3610228897249011
2019,CO2/CO/NOx,2019-06-10 11:00:00+02:00,0.35760276382271283
2019,CO2/CO/NOx,2019-06-10 12:00:00+02:00,0.3535993126250475
2019,CO2/CO/NOx,2019-06-10 13:00:00+02:00,0.3503232124815361
2019,CO2/CO/NOx,2019-06-10 14:00:00+02:00,0.3548359385569049
2019,CO2/CO/NOx,2019-06-10 15:00:00+02:00,0.3631960784449549
2019,CO2/CO/NOx,2019-06-10 16:00:00+02:00,0.37304242219953676
2019,CO2/CO/NOx,2019-06-10 17:00:00+02:00,0.38002741387691236
2019,CO2/CO/NOx,2019-06-10 18:00:00+02:00,0.39150336080617243
2019,CO2/CO/NOx,2019-06-10 19:00:00+02:00,0.3915414885267429
2019,CO2/CO/NOx,2019-06-10 20:00:00+02:00,0.38426919259062975
2019,CO2/CO/NOx,2019-06-10 21:00:00+02:00,0.37412807504619
2019,CO2/CO/NOx,2019-06-10 22:00:00+02:00,0.3589277423592169
2019,CO2/CO/NOx,2019-06-10 23:00:00+02:00,0.3481940163926632
2019,CO2/CO/NOx,2019-06-11 00:00:00+02:00,0.33231236437971323
2019,CO2/CO/NOx,2019-06-11 01:00:00+02:00,0.33166542097540874
2019,CO2/CO/NOx,2019-06-11 02:00:00+02:00,0.3437517232152585
2019,CO2/CO/NOx,2019-06-11 03:00:00+02:00,0.36705303290299923
2019,CO2/CO/NOx,2019-06-11 04:00:00+02:00,0.3842523235000674
2019,CO2/CO/NOx,2019-06-11 05:00:00+02:00,0.41003263225582137
2019,CO2/CO/NOx,2019-06-11 06:00:00+02:00,0.43921014167715106
2019,CO2/CO/NOx,2019-06-11 07:00:00+02:00,0.460774055062331
2019,CO2/CO/NOx,2019-06-11 08:00:00+02:00,0.4678671232823221
2019,CO2/CO/NOx,2019-06-11 09:00:00+02:00,0.45217856989414684
2019,CO2/CO/NOx,2019-06-11 10:00:00+02:00,0.4356430637142186
2019,CO2/CO/NOx,2019-06-11 11:00:00+02:00,0.4162433788455976
2019,CO2/CO/NOx,2019-06-11 12:00:00+02:00,0.39685195483613733
2019,CO2/CO/NOx,2019-06-11 13:00:00+02:00,0.37854547027900914
2019,CO2/CO/NOx,2019-06-11 14:00:00+02:00,0.3698802493592465
2019,CO2/CO/NOx,2019-06-11 15:00:00+02:00,0.3681796706763979
2019,CO2/CO/NOx,2019-06-11 16:00:00+02:00,0.36714089300119834
2019,CO2/CO/NOx,2019-06-11 17:00:00+02:00,0.37100215235915085
2019,CO2/CO/NOx,2019-06-11 18:00:00+02:00,0.3804504785834527
2019,CO2/CO/NOx,2019-06-11 19:00:00+02:00,0.38197241786529956
2019,CO2/CO/NOx,2019-06-11 20:00:00+02:00,0.3809079792726105
2019,CO2/CO/NOx,2019-06-11 21:00:00+02:00,0.37666611065824857
2019,CO2/CO/NOx,2019-06-11 22:00:00+02:00,0.364102674770672
2019,CO2/CO/NOx,2019-06-11 23:00:00+02:00,0.3501636442581416
2019,CO2/CO/NOx,2019-06-12 00:00:00+02:00,0.33006954772235425
2019,CO2/CO/NOx,2019-06-12 01:00:00+02:00,0.3192794756032801
2019,CO2/CO/NOx,2019-06-12 02:00:00+02:00,0.33062515850984214
2019,CO2/CO/NOx,2019-06-12 03:00:00+02:00,0.3520380233671826
2019,CO2/CO/NOx,2019-06-12 04:00:00+02:00,0.3723071228391019
2019,CO2/CO/NOx,2019-06-12 05:00:00+02:00,0.397108590636439
2019,CO2/CO/NOx,2019-06-12 06:00:00+02:00,0.41409127108161364
2019,CO2/CO/NOx,2019-06-12 07:00:00+02:00,0.41789032081664684
2019,CO2/CO/NOx,2019-06-12 08:00:00+02:00,0.41048140259509
2019,CO2/CO/NOx,2019-06-12 09:00:00+02:00,0.3901691074135937
2019,CO2/CO/NOx,2019-06-12 10:00:00+02:00,0.37651830668708175
2019,CO2/CO/NOx,2019-06-12 11:00:00+02:00,0.3734391707605278
2019,CO2/CO/NOx,2019-06-12 12:00:00+02:00,0.3712812957858106
2019,CO2/CO/NOx,2019-06-12 13:00:00+02:00,0.3770257743463077
2019,CO2/CO/NOx,2019-06-12 14:00:00+02:00,0.3885959705375167
2019,CO2/CO/NOx,2019-06-12 15:00:00+02:00,0.3975627318757421
2019,CO2/CO/NOx,2019-06-12 16:00:00+02:00,0.40168808921328214
2019,CO2/CO/NOx,2019-06-12 17:00:00+02:00,0.40128640240434477
2019,CO2/CO/NOx,2019-06-12 18:00:00+02:00,0.39994435369009
2019,CO2/CO/NOx,2019-06-12 19:00:00+02:00,0.3916243316556015
2019,CO2/CO/NOx,2019-06-12 20:00:00+02:00,0.386398556620818
2019,CO2/CO/NOx,2019-06-12 21:00:00+02:00,0.3873202927015625
2019,CO2/CO/NOx,2019-06-12 22:00:00+02:00,0.3904569859095211
2019,CO2/CO/NOx,2019-06-12 23:00:00+02:00,0.39681553990378665
2019,CO2/CO/NOx,2019-06-13 00:00:00+02:00,0.39435137428607875
2019,CO2/CO/NOx,2019-06-13 01:00:00+02:00,0.4033989410714696
2019,CO2/CO/NOx,2019-06-13 02:00:00+02:00,0.4228365563555927
2019,CO2/CO/NOx,2019-06-13 03:00:00+02:00,0.4405132932675848
2019,CO2/CO/NOx,2019-06-13 04:00:00+02:00,0.4568828095319789
2019,CO2/CO/NOx,2019-06-13 05:00:00+02:00,0.47887422140649977
2019,CO2/CO/NOx,2019-06-13 06:00:00+02:00,0.4987836337403555
2019,CO2/CO/NOx,2019-06-13 07:00:00+02:00,0.49873443311859406
2019,CO2/CO/NOx,2019-06-13 08:00:00+02:00,0.4807254251040432
2019,CO2/CO/NOx,2019-06-13 09:00:00+02:00,0.44355144437528154
2019,CO2/CO/NOx,2019-06-13 10:00:00+02:00,0.41932236185035665
2019,CO2/CO/NOx,2019-06-13 11:00:00+02:00,0.40209476908227965
2019,CO2/CO/NOx,2019-06-13 12:00:00+02:00,0.3832345490605506
2019,CO2/CO/NOx,2019-06-13 13:00:00+02:00,0.3756314310275412
2019,CO2/CO/NOx,2019-06-13 14:00:00+02:00,0.3734401878002731
2019,CO2/CO/NOx,2019-06-13 15:00:00+02:00,0.3734845188718447
2019,CO2/CO/NOx,2019-06-13 16:00:00+02:00,0.3679304750309314
2019,CO2/CO/NOx,2019-06-13 17:00:00+02:00,0.36099978098902
2019,CO2/CO/NOx,2019-06-13 18:00:00+02:00,0.36308171865159367
2019,CO2/CO/NOx,2019-06-13 19:00:00+02:00,0.3690169769120767
2019,CO2/CO/NOx,2019-06-13 20:00:00+02:00,0.3716649005987944
2019,CO2/CO/NOx,2019-06-13 21:00:00+02:00,0.36675384792508103
2019,CO2/CO/NOx,2019-06-13 22:00:00+02:00,0.3594126202074162
2019,CO2/CO/NOx,2019-06-13 23:00:00+02:00,0.35215476727845935
2019,CO2/CO/NOx,2019-06-14 00:00:00+02:00,0.34717111600166667
2019,CO2/CO/NOx,2019-06-14 01:00:00+02:00,0.3564364069487456
2019,CO2/CO/NOx,2019-06-14 02:00:00+02:00,0.3780725350648343
2019,CO2/CO/NOx,2019-06-14 03:00:00+02:00,0.39957500894444753
2019,CO2/CO/NOx,2019-06-14 04:00:00+02:00,0.41396323741482993
2019,CO2/CO/NOx,2019-06-14 05:00:00+02:00,0.418690164258001
2019,CO2/CO/NOx,2019-06-14 06:00:00+02:00,0.4140372817956473
2019,CO2/CO/NOx,2019-06-14 07:00:00+02:00,0.40061842155514005
2019,CO2/CO/NOx,2019-06-14 08:00:00+02:00,0.37917737321489736
2019,CO2/CO/NOx,2019-06-14 09:00:00+02:00,0.3603305216381467
2019,CO2/CO/NOx,2019-06-14 10:00:00+02:00,0.36117631117621485
2019,CO2/CO/NOx,2019-06-14 11:00:00+02:00,0.36668864248278105
2019,CO2/CO/NOx,2019-06-14 12:00:00+02:00,0.3656488396212811
2019,CO2/CO/NOx,2019-06-14 13:00:00+02:00,0.3654943877617308
2019,CO2/CO/NOx,2019-06-14 14:00:00+02:00,0.3684894140947015
2019,CO2/CO/NOx,2019-06-14 15:00:00+02:00,0.36828142511063766
2019,CO2/CO/NOx,2019-06-14 16:00:00+02:00,0.3628267321568772
2019,CO2/CO/NOx,2019-06-14 17:00:00+02:00,0.35386477278398654
2019,CO2/CO/NOx,2019-06-14 18:00:00+02:00,0.3530772061469994
2019,CO2/CO/NOx,2019-06-14 19:00:00+02:00,0.3487274815522304
2019,CO2/CO/NOx,2019-06-14 20:00:00+02:00,0.3410850486640046
2019,CO2/CO/NOx,2019-06-14 21:00:00+02:00,0.33047398722979454
2019,CO2/CO/NOx,2019-06-14 22:00:00+02:00,0.3191904645309916
2019,CO2/CO/NOx,2019-06-14 23:00:00+02:00,0.3130257825855565
2019,CO2/CO/NOx,2019-06-15 00:00:00+02:00,0.30697530981388804
2019,CO2/CO/NOx,2019-06-15 01:00:00+02:00,0.30656603487426604
2019,CO2/CO/NOx,2019-06-15 02:00:00+02:00,0.30922615757697125
2019,CO2/CO/NOx,2019-06-15 03:00:00+02:00,0.3159819847428088
2019,CO2/CO/NOx,2019-06-15 04:00:00+02:00,0.3214605011780429
2019,CO2/CO/NOx,2019-06-15 05:00:00+02:00,0.3291388953283963
2019,CO2/CO/NOx,2019-06-15 06:00:00+02:00,0.33677845498762304
2019,CO2/CO/NOx,2019-06-15 07:00:00+02:00,0.34198727460420797
2019,CO2/CO/NOx,2019-06-15 08:00:00+02:00,0.3442367780613819
2019,CO2/CO/NOx,2019-06-15 09:00:00+02:00,0.342545501396301
2019,CO2/CO/NOx,2019-06-15 10:00:00+02:00,0.3436215048942251
2019,CO2/CO/NOx,2019-06-15 11:00:00+02:00,0.3422128292077073
2019,CO2/CO/NOx,2019-06-15 12:00:00+02:00,0.34249894604216746
2019,CO2/CO/NOx,2019-06-15 13:00:00+02:00,0.3464513525606343
2019,CO2/CO/NOx,2019-06-15 14:00:00+02:00,0.3511072733284169
2019,CO2/CO/NOx,2019-06-15 15:00:00+02:00,0.35465044451563177
2019,CO2/CO/NOx,2019-06-15 16:00:00+02:00,0.3550503455127153
2019,CO2/CO/NOx,2019-06-15 17:00:00+02:00,0.35326907001977426
2019,CO2/CO/NOx,2019-06-15 18:00:00+02:00,0.35050848461922696
2019,CO2/CO/NOx,2019-06-15 19:00:00+02:00,0.3458714858954484
2019,CO2/CO/NOx,2019-06-15 20:00:00+02:00,0.33785322577549104
2019,CO2/CO/NOx,2019-06-15 21:00:00+02:00,0.3307634046922543
2019,CO2/CO/NOx,2019-06-15 22:00:00+02:00,0.32614178030978436
2019,CO2/CO/NOx,2019-06-15 23:00:00+02:00,0.3233140704916235
2019,CO2/CO/NOx,2019-06-16 00:00:00+02:00,0.3271816733551658
2019,CO2/CO/NOx,2019-06-16 01:00:00+02:00,0.3420449628709535
2019,CO2/CO/NOx,2019-06-16 02:00:00+02:00,0.36025820423695626
2019,CO2/CO/NOx,2019-06-16 03:00:00+02:00,0.37770952977613076
2019,CO2/CO/NOx,2019-06-16 04:00:00+02:00,0.3912261379361241
2019,CO2/CO/NOx,2019-06-16 05:00:00+02:00,0.4002468061900791
2019,CO2/CO/NOx,2019-06-16 06:00:00+02:00,0.40432476342234935
2019,CO2/CO/NOx,2019-06-16 07:00:00+02:00,0.4034853366354251
2019,CO2/CO/NOx,2019-06-16 08:00:00+02:00,0.3938163279464845
2019,CO2/CO/NOx,2019-06-16 09:00:00+02:00,0.38641042603444004
2019,CO2/CO/NOx,2019-06-16 10:00:00+02:00,0.3828597866127754
2019,CO2/CO/NOx,2019-06-16 11:00:00+02:00,0.37654199545596634
2019,CO2/CO/NOx,2019-06-16 12:00:00+02:00,0.3697588925645443
2019,CO2/CO/NOx,2019-06-16 13:00:00+02:00,0.3681215988932735
2019,CO2/CO/NOx,2019-06-16 14:00:00+02:00,0.36946053387279165
2019,CO2/CO/NOx,2019-06-16 15:00:00+02:00,0.3707181069989593
2019,CO2/CO/NOx,2019-06-16 16:00:00+02:00,0.37382694205063244
2019,CO2/CO/NOx,2019-06-16 17:00:00+02:00,0.37523323917072177
2019,CO2/CO/NOx,2019-06-16 18:00:00+02:00,0.3830513110566386
2019,CO2/CO/NOx,2019-06-16 19:00:00+02:00,0.3861159453716685
2019,CO2/CO/NOx,2019-06-16 20:00:00+02:00,0.3816277872378231
2019,CO2/CO/NOx,2019-06-16 21:00:00+02:00,0.37485391087798964
2019,CO2/CO/NOx,2019-06-16 22:00:00+02:00,0.36578672955477376
2019,CO2/CO/NOx,2019-06-16 23:00:00+02:00,0.3526266426674966
2019,CO2/CO/NOx,2019-06-17 00:00:00+02:00,0.3417693971537908
2019,CO2/CO/NOx,2019-06-17 01:00:00+02:00,0.35337559648367345
2019,CO2/CO/NOx,2019-06-17 02:00:00+02:00,0.3837669666600235
2019,CO2/CO/NOx,2019-06-17 03:00:00+02:00,0.4224311813144122
2019,CO2/CO/NOx,2019-06-17 04:00:00+02:00,0.4522459622085929
2019,CO2/CO/NOx,2019-06-17 05:00:00+02:00,0.4708242582568738
2019,CO2/CO/NOx,2019-06-17 06:00:00+02:00,0.4778854699703166
2019,CO2/CO/NOx,2019-06-17 07:00:00+02:00,0.46287749292116415
2019,CO2/CO/NOx,2019-06-17 08:00:00+02:00,0.4331125462536044
2019,CO2/CO/NOx,2019-06-17 09:00:00+02:00,0.4043906737272246
2019,CO2/CO/NOx,2019-06-17 10:00:00+02:00,0.3911222497606638
2019,CO2/CO/NOx,2019-06-17 11:00:00+02:00,0.38703850924295824
2019,CO2/CO/NOx,2019-06-17 12:00:00+02:00,0.3817204750496202
2019,CO2/CO/NOx,2019-06-17 13:00:00+02:00,0.37707941211207197
2019,CO2/CO/NOx,2019-06-17 14:00:00+02:00,0.3721344571694887
2019,CO2/CO/NOx,2019-06-17 15:00:00+02:00,0.3691659467630044
2019,CO2/CO/NOx,2019-06-17 16:00:00+02:00,0.3609093621879215
2019,CO2/CO/NOx,2019-06-17 17:00:00+02:00,0.35520481631848505
2019,CO2/CO/NOx,2019-06-17 18:00:00+02:00,0.3566124255529473
2019,CO2/CO/NOx,2019-06-17 19:00:00+02:00,0.3564072285744397
2019,CO2/CO/NOx,2019-06-17 20:00:00+02:00,0.35424416947340204
2019,CO2/CO/NOx,2019-06-17 21:00:00+02:00,0.3481350000164219
2019,CO2/CO/NOx,2019-06-17 22:00:00+02:00,0.3390621430621816
2019,CO2/CO/NOx,2019-06-17 23:00:00+02:00,0.3265098432830474
2019,CO2/CO/NOx,2019-06-18 00:00:00+02:00,0.31378699594462167
2019,CO2/CO/NOx,2019-06-18 01:00:00+02:00,0.314963242853017
2019,CO2/CO/NOx,2019-06-18 02:00:00+02:00,0.32792914748723506
2019,CO2/CO/NOx,2019-06-18 03:00:00+02:00,0.35112408762397157
2019,CO2/CO/NOx,2019-06-18 04:00:00+02:00,0.3694915312560595
2019,CO2/CO/NOx,2019-06-18 05:00:00+02:00,0.3865323372271377
2019,CO2/CO/NOx,2019-06-18 06:00:00+02:00,0.3958079122719131
2019,CO2/CO/NOx,2019-06-18 07:00:00+02:00,0.39283749877288515
2019,CO2/CO/NOx,2019-06-18 08:00:00+02:00,0.3786912443644791
2019,CO2/CO/NOx,2019-06-18 09:00:00+02:00,0.35817200981461067
2019,CO2/CO/NOx,2019-06-18 10:00:00+02:00,0.3482109708513948
2019,CO2/CO/NOx,2019-06-18 11:00:00+02:00,0.3419132851704513
2019,CO2/CO/NOx,2019-06-18 12:00:00+02:00,0.34180904464925194
2019,CO2/CO/NOx,2019-06-18 13:00:00+02:00,0.3436859477942903
2019,CO2/CO/NOx,2019-06-18 14:00:00+02:00,0.3519844264372289
2019,CO2/CO/NOx,2019-06-18 15:00:00+02:00,0.3575598575316698
2019,CO2/CO/NOx,2019-06-18 16:00:00+02:00,0.35943853048036023
2019,CO2/CO/NOx,2019-06-18 17:00:00+02:00,0.3591475821125631
2019,CO2/CO/NOx,2019-06-18 18:00:00+02:00,0.3599770398797504
2019,CO2/CO/NOx,2019-06-18 19:00:00+02:00,0.35351868521046387
2019,CO2/CO/NOx,2019-06-18 20:00:00+02:00,0.3422832719551229
2019,CO2/CO/NOx,2019-06-18 21:00:00+02:00,0.3328386165284914
2019,CO2/CO/NOx,2019-06-18 22:00:00+02:00,0.32321954678894466
2019,CO2/CO/NOx,2019-06-18 23:00:00+02:00,0.3143521436323578
2019,CO2/CO/NOx,2019-06-19 00:00:00+02:00,0.30119503333308584
2019,CO2/CO/NOx,2019-06-19 01:00:00+02:00,0.2971990336642939
2019,CO2/CO/NOx,2019-06-19 02:00:00+02:00,0.3019988476119484
2019,CO2/CO/NOx,2019-06-19 03:00:00+02:00,0.3115104819261635
2019,CO2/CO/NOx,2019-06-19 04:00:00+02:00,0.32327519928725845
2019,CO2/CO/NOx,2019-06-19 05:00:00+02:00,0.33481407430572424
2019,CO2/CO/NOx,2019-06-19 06:00:00+02:00,0.3477643456884069
2019,CO2/CO/NOx,2019-06-19 07:00:00+02:00,0.35462906417445506
2019,CO2/CO/NOx,2019-06-19 08:00:00+02:00,0.35425407087535515
2019,CO2/CO/NOx,2019-06-19 09:00:00+02:00,0.34689047870153855
2019,CO2/CO/NOx,2019-06-19 10:00:00+02:00,0.34427113728099207
2019,CO2/CO/NOx,2019-06-19 11:00:00+02:00,0.34034386728562843
2019,CO2/CO/NOx,2019-06-19 12:00:00+02:00,0.33493193439777835
2019,CO2/CO/NOx,2019-06-19 13:00:00+02:00,0.3351209769394498
2019,CO2/CO/NOx,2019-06-19 14:00:00+02:00,0.33644942525204824
2019,CO2/CO/NOx,2019-06-19 15:00:00+02:00,0.3395996246346369
2019,CO2/CO/NOx,2019-06-19 16:00:00+02:00,0.341464493097577
2019,CO2/CO/NOx,2019-06-19 17:00:00+02:00,0.3426749356387225
2019,CO2/CO/NOx,2019-06-19 18:00:00+02:00,0.345804588574228
2019,CO2/CO/NOx,2019-06-19 19:00:00+02:00,0.3440263084861732
2019,CO2/CO/NOx,2019-06-19 20:00:00+02:00,0.3381435025514871
2019,CO2/CO/NOx,2019-06-19 21:00:00+02:00,0.33018024730036283
2019,CO2/CO/NOx,2019-06-19 22:00:00+02:00,0.3206646530446181
2019,CO2/CO/NOx,2019-06-19 23:00:00+02:00,0.3137658703104514
2019,CO2/CO/NOx,2019-06-20 00:00:00+02:00,0.303990878991797
2019,CO2/CO/NOx,2019-06-20 01:00:00+02:00,0.30151454761077034
2019,CO2/CO/NOx,2019-06-20 02:00:00+02:00,0.30701610708841226
2019,CO2/CO/NOx,2019-06-20 03:00:00+02:00,0.32008229374533814
2019,CO2/CO/NOx,2019-06-20 04:00:00+02:00,0.33376594075281274
2019,CO2/CO/NOx,2019-06-20 05:00:00+02:00,0.3466361554950304
2019,CO2/CO/NOx,2019-06-20 06:00:00+02:00,0.35817295772608154
2019,CO2/CO/NOx,2019-06-20 07:00:00+02:00,0.3641843156151925
2019,CO2/CO/NOx,2019-06-20 08:00:00+02:00,0.36436867455856004
2019,CO2/CO/NOx,2019-06-20 09:00:00+02:00,0.35578958803747196
2019,CO2/CO/NOx,2019-06-20 10:00:00+02:00,0.3477146002284247
2019,CO2/CO/NOx,2019-06-20 11:00:00+02:00,0.3420042821596325
2019,CO2/CO/NOx,2019-06-20 12:00:00+02:00,0.3388027071224874
2019,CO2/CO/NOx,2019-06-20 13:00:00+02:00,0.3446293114366614
2019,CO2/CO/NOx,2019-06-20 14:00:00+02:00,0.3526118900656596
2019,CO2/CO/NOx,2019-06-20 15:00:00+02:00,0.362655505236361
2019,CO2/CO/NOx,2019-06-20 16:00:00+02:00,0.3690687052770668
2019,CO2/CO/NOx,2019-06-20 17:00:00+02:00,0.3715699969695704
2019,CO2/CO/NOx,2019-06-20 18:00:00+02:00,0.373128141650625
2019,CO2/CO/NOx,2019-06-20 19:00:00+02:00,0.36445633868363203
2019,CO2/CO/NOx,2019-06-20 20:00:00+02:00,0.35375271653827045
2019,CO2/CO/NOx,2019-06-20 21:00:00+02:00,0.3414593074480828
2019,CO2/CO/NOx,2019-06-20 22:00:00+02:00,0.3325081998243098
2019,CO2/CO/NOx,2019-06-20 23:00:00+02:00,0.3254918162924676
2019,CO2/CO/NOx,2019-06-21 00:00:00+02:00,0.31368957522568064
2019,CO2/CO/NOx,2019-06-21 01:00:00+02:00,0.31458690787648924
2019,CO2/CO/NOx,2019-06-21 02:00:00+02:00,0.3283092269380389
2019,CO2/CO/NOx,2019-06-21 03:00:00+02:00,0.3506226007562226
2019,CO2/CO/NOx,2019-06-21 04:00:00+02:00,0.36918102720580764
2019,CO2/CO/NOx,2019-06-21 05:00:00+02:00,0.3855936988712159
2019,CO2/CO/NOx,2019-06-21 06:00:00+02:00,0.39590631459263015
2019,CO2/CO/NOx,2019-06-21 07:00:00+02:00,0.3957429789505008
2019,CO2/CO/NOx,2019-06-21 08:00:00+02:00,0.3878715360322528
2019,CO2/CO/NOx,2019-06-21 09:00:00+02:00,0.36994893830060527
2019,CO2/CO/NOx,2019-06-21 10:00:00+02:00,0.36141379417537894
2019,CO2/CO/NOx,2019-06-21 11:00:00+02:00,0.3577524403434919
2019,CO2/CO/NOx,2019-06-21 12:00:00+02:00,0.3561035100922013
2019,CO2/CO/NOx,2019-06-21 13:00:00+02:00,0.35908266371711983
2019,CO2/CO/NOx,2019-06-21 14:00:00+02:00,0.36411827705055533
2019,CO2/CO/NOx,2019-06-21 15:00:00+02:00,0.3660671783268747
2019,CO2/CO/NOx,2019-06-21 16:00:00+02:00,0.3663123273542852
2019,CO2/CO/NOx,2019-06-21 17:00:00+02:00,0.3665736144911947
2019,CO2/CO/NOx,2019-06-21 18:00:00+02:00,0.36935476191530203
2019,CO2/CO/NOx,2019-06-21 19:00:00+02:00,0.36364734834075363
2019,CO2/CO/NOx,2019-06-21 20:00:00+02:00,0.35423257146472514
2019,CO2/CO/NOx,2019-06-21 21:00:00+02:00,0.3427731523087902
2019,CO2/CO/NOx,2019-06-21 22:00:00+02:00,0.33285836481789666
2019,CO2/CO/NOx,2019-06-21 23:00:00+02:00,0.32704806324311836
2019,CO2/CO/NOx,2019-06-22 00:00:00+02:00,0.31923915325016017
2019,CO2/CO/NOx,2019-06-22 01:00:00+02:00,0.32422163948417926
2019,CO2/CO/NOx,2019-06-22 02:00:00+02:00,0.33492425285652844
2019,CO2/CO/NOx,2019-06-22 03:00:00+02:00,0.35104473446692547
2019,CO2/CO/NOx,2019-06-22 04:00:00+02:00,0.362856701702442
2019,CO2/CO/NOx,2019-06-22 05:00:00+02:00,0.3715672480374116
2019,CO2/CO/NOx,2019-06-22 06:00:00+02:00,0.37586078697641007
2019,CO2/CO/NOx,2019-06-22 07:00:00+02:00,0.3745218036431349
2019,CO2/CO/NOx,2019-06-22 08:00:00+02:00,0.3706355356139821
2019,CO2/CO/NOx,2019-06-22 09:00:00+02:00,0.36192822583345846
2019,CO2/CO/NOx,2019-06-22 10:00:00+02:00,0.35921838565489883
2019,CO2/CO/NOx,2019-06-22 11:00:00+02:00,0.35629318825538153
2019,CO2/CO/NOx,2019-06-22 12:00:00+02:00,0.35596809426764997
2019,CO2/CO/NOx,2019-06-22 13:00:00+02:00,0.3592659789453123
2019,CO2/CO/NOx,2019-06-22 14:00:00+02:00,0.36170867343875446
2019,CO2/CO/NOx,2019-06-22 15:00:00+02:00,0.3629261197932941
2019,CO2/CO/NOx,2019-06-22 16:00:00+02:00,0.36157996039871193
2019,CO2/CO/NOx,2019-06-22 17:00:00+02:00,0.3608745474736613
2019,CO2/CO/NOx,2019-06-22 18:00:00+02:00,0.36686297504957577
2019,CO2/CO/NOx,2019-06-22 19:00:00+02:00,0.3692546670511205
2019,CO2/CO/NOx,2019-06-22 20:00:00+02:00,0.367506821397701
2019,CO2/CO/NOx,2019-06-22 21:00:00+02:00,0.36269292639451206
2019,CO2/CO/NOx,2019-06-22 22:00:00+02:00,0.35472966967344904
2019,CO2/CO/NOx,2019-06-22 23:00:00+02:00,0.34634499756263715
2019,CO2/CO/NOx,2019-06-23 00:00:00+02:00,0.33466311330113313
2019,CO2/CO/NOx,2019-06-23 01:00:00+02:00,0.32899472322467016
2019,CO2/CO/NOx,2019-06-23 02:00:00+02:00,0.32830868474385655
2019,CO2/CO/NOx,2019-06-23 03:00:00+02:00,0.33616807535047266
2019,CO2/CO/NOx,2019-06-23 04:00:00+02:00,0.343936062690844
2019,CO2/CO/NOx,2019-06-23 05:00:00+02:00,0.35347037867552394
2019,CO2/CO/NOx,2019-06-23 06:00:00+02:00,0.3646794699241862
2019,CO2/CO/NOx,2019-06-23 07:00:00+02:00,0.37247205974813363
2019,CO2/CO/NOx,2019-06-23 08:00:00+02:00,0.37759159072560244
2019,CO2/CO/NOx,2019-06-23 09:00:00+02:00,0.37787967084140334
2019,CO2/CO/NOx,2019-06-23 10:00:00+02:00,0.3781668832098382
2019,CO2/CO/NOx,2019-06-23 11:00:00+02:00,0.3724705646811836
2019,CO2/CO/NOx,2019-06-23 12:00:00+02:00,0.3652214939660818
2019,CO2/CO/NOx,2019-06-23 13:00:00+02:00,0.3611641281959529
2019,CO2/CO/NOx,2019-06-23 14:00:00+02:00,0.3588590628714463
2019,CO2/CO/NOx,2019-06-23 15:00:00+02:00,0.3581411723454493
2019,CO2/CO/NOx,2019-06-23 16:00:00+02:00,0.3575548682741443
2019,CO2/CO/NOx,2019-06-23 17:00:00+02:00,0.3566795580293391
2019,CO2/CO/NOx,2019-06-23 18:00:00+02:00,0.3605494245947383
2019,CO2/CO/NOx,2019-06-23 19:00:00+02:00,0.3636023622411587
2019,CO2/CO/NOx,2019-06-23 20:00:00+02:00,0.3607266558676272
2019,CO2/CO/NOx,2019-06-23 21:00:00+02:00,0.3523822803048771
2019,CO2/CO/NOx,2019-06-23 22:00:00+02:00,0.3416976363882488
2019,CO2/CO/NOx,2019-06-23 23:00:00+02:00,0.32871589128115164
2019,CO2/CO/NOx,2019-06-24 00:00:00+02:00,0.31157412311442195
2019,CO2/CO/NOx,2019-06-24 01:00:00+02:00,0.3046368417274774
2019,CO2/CO/NOx,2019-06-24 02:00:00+02:00,0.3075343864518182
2019,CO2/CO/NOx,2019-06-24 03:00:00+02:00,0.31957893020493106
2019,CO2/CO/NOx,2019-06-24 04:00:00+02:00,0.3341137907401374
2019,CO2/CO/NOx,2019-06-24 05:00:00+02:00,0.34571818545466465
2019,CO2/CO/NOx,2019-06-24 06:00:00+02:00,0.3552574550762743
2019,CO2/CO/NOx,2019-06-24 07:00:00+02:00,0.3603263984564329
2019,CO2/CO/NOx,2019-06-24 08:00:00+02:00,0.35930469297603956
2019,CO2/CO/NOx,2019-06-24 09:00:00+02:00,0.3513893087033774
2019,CO2/CO/NOx,2019-06-24 10:00:00+02:00,0.3488068532062162
2019,CO2/CO/NOx,2019-06-24 11:00:00+02:00,0.3471704958486906
2019,CO2/CO/NOx,2019-06-24 12:00:00+02:00,0.3438351891912237
2019,CO2/CO/NOx,2019-06-24 13:00:00+02:00,0.34390219690456575
2019,CO2/CO/NOx,2019-06-24 14:00:00+02:00,0.3435763767364173
2019,CO2/CO/NOx,2019-06-24 15:00:00+02:00,0.3451018713146135
2019,CO2/CO/NOx,2019-06-24 16:00:00+02:00,0.34570900013034994
2019,CO2/CO/NOx,2019-06-24 17:00:00+02:00,0.34597571315999287
2019,CO2/CO/NOx,2019-06-24 18:00:00+02:00,0.34898816824840806
2019,CO2/CO/NOx,2019-06-24 19:00:00+02:00,0.3466379218055284
2019,CO2/CO/NOx,2019-06-24 20:00:00+02:00,0.34092559637384934
2019,CO2/CO/NOx,2019-06-24 21:00:00+02:00,0.33356548999016167
2019,CO2/CO/NOx,2019-06-24 22:00:00+02:00,0.32523040993649277
2019,CO2/CO/NOx,2019-06-24 23:00:00+02:00,0.3144791610227289
2019,CO2/CO/NOx,2019-06-25 00:00:00+02:00,0.3004288044638822
2019,CO2/CO/NOx,2019-06-25 01:00:00+02:00,0.29666113652999515
2019,CO2/CO/NOx,2019-06-25 02:00:00+02:00,0.29932206864088695
2019,CO2/CO/NOx,2019-06-25 03:00:00+02:00,0.31048550073066544
2019,CO2/CO/NOx,2019-06-25 04:00:00+02:00,0.32324549013574927
2019,CO2/CO/NOx,2019-06-25 05:00:00+02:00,0.33746709890968907
2019,CO2/CO/NOx,2019-06-25 06:00:00+02:00,0.3514096215399935
2019,CO2/CO/NOx,2019-06-25 07:00:00+02:00,0.3586115231893022
2019,CO2/CO/NOx,2019-06-25 08:00:00+02:00,0.35823621397805155
2019,CO2/CO/NOx,2019-06-25 09:00:00+02:00,0.35020038672945936
2019,CO2/CO/NOx,2019-06-25 10:00:00+02:00,0.3475651736260893
2019,CO2/CO/NOx,2019-06-25 11:00:00+02:00,0.34218757646057807
2019,CO2/CO/NOx,2019-06-25 12:00:00+02:00,0.3384047121657258
2019,CO2/CO/NOx,2019-06-25 13:00:00+02:00,0.3397768453616321
2019,CO2/CO/NOx,2019-06-25 14:00:00+02:00,0.3422301823940766
2019,CO2/CO/NOx,2019-06-25 15:00:00+02:00,0.34539493588676584
2019,CO2/CO/NOx,2019-06-25 16:00:00+02:00,0.34638711632115365
2019,CO2/CO/NOx,2019-06-25 17:00:00+02:00,0.3464200457014765
2019,CO2/CO/NOx,2019-06-25 18:00:00+02:00,0.3481143572693985
2019,CO2/CO/NOx,2019-06-25 19:00:00+02:00,0.34469219192531436
2019,CO2/CO/NOx,2019-06-25 20:00:00+02:00,0.3370996776306718
2019,CO2/CO/NOx,2019-06-25 21:00:00+02:00,0.3285518934095443
2019,CO2/CO/NOx,2019-06-25 22:00:00+02:00,0.31983804114088143
2019,CO2/CO/NOx,2019-06-25 23:00:00+02:00,0.3114341311484436
2019,CO2/CO/NOx,2019-06-26 00:00:00+02:00,0.2994548735364931
2019,CO2/CO/NOx,2019-06-26 01:00:00+02:00,0.29482980274032644
2019,CO2/CO/NOx,2019-06-26 02:00:00+02:00,0.29760149169605266
2019,CO2/CO/NOx,2019-06-26 03:00:00+02:00,0.308983903487136
2019,CO2/CO/NOx,2019-06-26 04:00:00+02:00,0.3208038784033532
2019,CO2/CO/NOx,2019-06-26 05:00:00+02:00,0.3352298380442571
2019,CO2/CO/NOx,2019-06-26 06:00:00+02:00,0.34961364671451045
2019,CO2/CO/NOx,2019-06-26 07:00:00+02:00,0.35737459502603103
2019,CO2/CO/NOx,2019-06-26 08:00:00+02:00,0.35613303227563153
2019,CO2/CO/NOx,2019-06-26 09:00:00+02:00,0.34936039200062313
2019,CO2/CO/NOx,2019-06-26 10:00:00+02:00,0.3479803669251757
2019,CO2/CO/NOx,2019-06-26 11:00:00+02:00,0.34753906238027915
2019,CO2/CO/NOx,2019-06-26 12:00:00+02:00,0.3505929757651223
2019,CO2/CO/NOx,2019-06-26 13:00:00+02:00,0.35539288123800095
2019,CO2/CO/NOx,2019-06-26 14:00:00+02:00,0.3620746824152547
2019,CO2/CO/NOx,2019-06-26 15:00:00+02:00,0.3682263961232231
2019,CO2/CO/NOx,2019-06-26 16:00:00+02:00,0.368174128356592
2019,CO2/CO/NOx,2019-06-26 17:00:00+02:00,0.3616042457690783
2019,CO2/CO/NOx,2019-06-26 18:00:00+02:00,0.3583503743611514
2019,CO2/CO/NOx,2019-06-26 19:00:00+02:00,0.35046524981137456
2019,CO2/CO/NOx,2019-06-26 20:00:00+02:00,0.33946699805325836
2019,CO2/CO/NOx,2019-06-26 21:00:00+02:00,0.327770934450708
2019,CO2/CO/NOx,2019-06-26 22:00:00+02:00,0.31675513056221527
2019,CO2/CO/NOx,2019-06-26 23:00:00+02:00,0.30847199298376027
2019,CO2/CO/NOx,2019-06-27 00:00:00+02:00,0.3002764705769571
2019,CO2/CO/NOx,2019-06-27 01:00:00+02:00,0.2978641837181679
2019,CO2/CO/NOx,2019-06-27 02:00:00+02:00,0.30211874149382345
2019,CO2/CO/NOx,2019-06-27 03:00:00+02:00,0.3126874674563707
2019,CO2/CO/NOx,2019-06-27 04:00:00+02:00,0.32231727308718683
2019,CO2/CO/NOx,2019-06-27 05:00:00+02:00,0.33263063328404785
2019,CO2/CO/NOx,2019-06-27 06:00:00+02:00,0.3411232436416573
2019,CO2/CO/NOx,2019-06-27 07:00:00+02:00,0.3480533861604986
2019,CO2/CO/NOx,2019-06-27 08:00:00+02:00,0.35215679267623445
2019,CO2/CO/NOx,2019-06-27 09:00:00+02:00,0.3515332893529828
2019,CO2/CO/NOx,2019-06-27 10:00:00+02:00,0.3537796224111655
2019,CO2/CO/NOx,2019-06-27 11:00:00+02:00,0.3560447070782649
2019,CO2/CO/NOx,2019-06-27 12:00:00+02:00,0.35816670183289046
2019,CO2/CO/NOx,2019-06-27 13:00:00+02:00,0.3607012196075092
2019,CO2/CO/NOx,2019-06-27 14:00:00+02:00,0.3616925447769653
2019,CO2/CO/NOx,2019-06-27 15:00:00+02:00,0.3613195900370227
2019,CO2/CO/NOx,2019-06-27 16:00:00+02:00,0.36271697179084345
2019,CO2/CO/NOx,2019-06-27 17:00:00+02:00,0.3611164045798075
2019,CO2/CO/NOx,2019-06-27 18:00:00+02:00,0.35995851479144764
2019,CO2/CO/NOx,2019-06-27 19:00:00+02:00,0.35310559388290497
2019,CO2/CO/NOx,2019-06-27 20:00:00+02:00,0.34244294396395975
2019,CO2/CO/NOx,2019-06-27 21:00:00+02:00,0.3310383704942656
2019,CO2/CO/NOx,2019-06-27 22:00:00+02:00,0.3204508010323603
2019,CO2/CO/NOx,2019-06-27 23:00:00+02:00,0.3098954958077482
2019,CO2/CO/NOx,2019-06-28 00:00:00+02:00,0.29861239443031684
2019,CO2/CO/NOx,2019-06-28 01:00:00+02:00,0.30202004827961487
2019,CO2/CO/NOx,2019-06-28 02:00:00+02:00,0.3147936366296909
2019,CO2/CO/NOx,2019-06-28 03:00:00+02:00,0.3324120489694231
2019,CO2/CO/NOx,2019-06-28 04:00:00+02:00,0.3484945628734559
2019,CO2/CO/NOx,2019-06-28 05:00:00+02:00,0.3626902565738231
2019,CO2/CO/NOx,2019-06-28 06:00:00+02:00,0.37308315031287514
2019,CO2/CO/NOx,2019-06-28 07:00:00+02:00,0.3771830516591227
2019,CO2/CO/NOx,2019-06-28 08:00:00+02:00,0.3718733428772339
2019,CO2/CO/NOx,2019-06-28 09:00:00+02:00,0.36083903185053146
2019,CO2/CO/NOx,2019-06-28 10:00:00+02:00,0.3585869714727387
2019,CO2/CO/NOx,2019-06-28 11:00:00+02:00,0.3581622192838984
2019,CO2/CO/NOx,2019-06-28 12:00:00+02:00,0.35781201799725104
2019,CO2/CO/NOx,2019-06-28 13:00:00+02:00,0.3620665865620168
2019,CO2/CO/NOx,2019-06-28 14:00:00+02:00,0.36858735341936044
2019,CO2/CO/NOx,2019-06-28 15:00:00+02:00,0.3724634204868802
2019,CO2/CO/NOx,2019-06-28 16:00:00+02:00,0.37211005838612726
2019,CO2/CO/NOx,2019-06-28 17:00:00+02:00,0.3674343575690703
2019,CO2/CO/NOx,2019-06-28 18:00:00+02:00,0.36402630314022283
2019,CO2/CO/NOx,2019-06-28 19:00:00+02:00,0.3544424057500374
2019,CO2/CO/NOx,2019-06-28 20:00:00+02:00,0.34311723156479573
2019,CO2/CO/NOx,2019-06-28 21:00:00+02:00,0.33241938262067283
2019,CO2/CO/NOx,2019-06-28 22:00:00+02:00,0.3261912280134166
2019,CO2/CO/NOx,2019-06-28 23:00:00+02:00,0.3222363469109884
2019,CO2/CO/NOx,2019-06-29 00:00:00+02:00,0.31529386261609665
2019,CO2/CO/NOx,2019-06-29 01:00:00+02:00,0.3150676236772898
2019,CO2/CO/NOx,2019-06-29 02:00:00+02:00,0.31991636076339947
2019,CO2/CO/NOx,2019-06-29 03:00:00+02:00,0.3269565950314784
2019,CO2/CO/NOx,2019-06-29 04:00:00+02:00,0.33624729912555634
2019,CO2/CO/NOx,2019-06-29 05:00:00+02:00,0.34598535080410303
2019,CO2/CO/NOx,2019-06-29 06:00:00+02:00,0.3518911174890612
2019,CO2/CO/NOx,2019-06-29 07:00:00+02:00,0.3556116792538138
2019,CO2/CO/NOx,2019-06-29 08:00:00+02:00,0.3540249686715566
2019,CO2/CO/NOx,2019-06-29 09:00:00+02:00,0.3479962509846901
2019,CO2/CO/NOx,2019-06-29 10:00:00+02:00,0.34558375299459676
2019,CO2/CO/NOx,2019-06-29 11:00:00+02:00,0.34248550738480343
2019,CO2/CO/NOx,2019-06-29 12:00:00+02:00,0.34092871240724154
2019,CO2/CO/NOx,2019-06-29 13:00:00+02:00,0.34838359662856017
2019,CO2/CO/NOx,2019-06-29 14:00:00+02:00,0.35460853115401497
2019,CO2/CO/NOx,2019-06-29 15:00:00+02:00,0.35903472540356757
2019,CO2/CO/NOx,2019-06-29 16:00:00+02:00,0.3605781148629935
2019,CO2/CO/NOx,2019-06-29 17:00:00+02:00,0.3592024622621744
2019,CO2/CO/NOx,2019-06-29 18:00:00+02:00,0.35667624011411714
2019,CO2/CO/NOx,2019-06-29 19:00:00+02:00,0.3491605810215865
2019,CO2/CO/NOx,2019-06-29 20:00:00+02:00,0.3416612924695825
2019,CO2/CO/NOx,2019-06-29 21:00:00+02:00,0.334309151726403
2019,CO2/CO/NOx,2019-06-29 22:00:00+02:00,0.32688722317180274
2019,CO2/CO/NOx,2019-06-29 23:00:00+02:00,0.3190703514126858
2019,CO2/CO/NOx,2019-06-30 00:00:00+02:00,0.3117725965450269
2019,CO2/CO/NOx,2019-06-30 01:00:00+02:00,0.31011261092222
2019,CO2/CO/NOx,2019-06-30 02:00:00+02:00,0.3129116159494539
2019,CO2/CO/NOx,2019-06-30 03:00:00+02:00,0.31754184953939996
2019,CO2/CO/NOx,2019-06-30 04:00:00+02:00,0.32562054692514864
2019,CO2/CO/NOx,2019-06-30 05:00:00+02:00,0.33549203912065223
2019,CO2/CO/NOx,2019-06-30 06:00:00+02:00,0.34152319196433045
2019,CO2/CO/NOx,2019-06-30 07:00:00+02:00,0.34367013433435617
2019,CO2/CO/NOx,2019-06-30 08:00:00+02:00,0.34280667319464136
2019,CO2/CO/NOx,2019-06-30 09:00:00+02:00,0.3407868763207859
2019,CO2/CO/NOx,2019-06-30 10:00:00+02:00,0.3412016687135427
2019,CO2/CO/NOx,2019-06-30 11:00:00+02:00,0.3393570749965497
2019,CO2/CO/NOx,2019-06-30 12:00:00+02:00,0.3417187514729619
2019,CO2/CO/NOx,2019-06-30 13:00:00+02:00,0.3511987913284423
2019,CO2/CO/NOx,2019-06-30 14:00:00+02:00,0.35799730526107054
2019,CO2/CO/NOx,2019-06-30 15:00:00+02:00,0.3617652723495135
2019,CO2/CO/NOx,2019-06-30 16:00:00+02:00,0.36239715692688274
2019,CO2/CO/NOx,2019-06-30 17:00:00+02:00,0.35950318962224687
2019,CO2/CO/NOx,2019-06-30 18:00:00+02:00,0.35549724713298625
2019,CO2/CO/NOx,2019-06-30 19:00:00+02:00,0.346502163857838
2019,CO2/CO/NOx,2019-06-30 20:00:00+02:00,0.3342754234360977
2019,CO2/CO/NOx,2019-06-30 21:00:00+02:00,0.3262117012356322
2019,CO2/CO/NOx,2019-06-30 22:00:00+02:00,0.3187264649758486
2019,CO2/CO/NOx,2019-06-30 23:00:00+02:00,0.31069181303833876
2019,CO2/CO/NOx,2019-07-01 00:00:00+02:00,0.3000704754920487
2019,CO2/CO/NOx,2019-07-01 01:00:00+02:00,0.29650789457631166
2019,CO2/CO/NOx,2019-07-01 02:00:00+02:00,0.2985536177071023
2019,CO2/CO/NOx,2019-07-01 03:00:00+02:00,0.30740843330487855
2019,CO2/CO/NOx,2019-07-01 04:00:00+02:00,0.31821533263054674
2019,CO2/CO/NOx,2019-07-01 05:00:00+02:00,0.3281023423794724
2019,CO2/CO/NOx,2019-07-01 06:00:00+02:00,0.33978708545418396
2019,CO2/CO/NOx,2019-07-01 07:00:00+02:00,0.3493939858253118
2019,CO2/CO/NOx,2019-07-01 08:00:00+02:00,0.35525387314228307
2019,CO2/CO/NOx,2019-07-01 09:00:00+02:00,0.35518593733191955
2019,CO2/CO/NOx,2019-07-01 10:00:00+02:00,0.3579371380514563
2019,CO2/CO/NOx,2019-07-01 11:00:00+02:00,0.35846353131214387
2019,CO2/CO/NOx,2019-07-01 12:00:00+02:00,0.35846066154534006
2019,CO2/CO/NOx,2019-07-01 13:00:00+02:00,0.35783993361429994
2019,CO2/CO/NOx,2019-07-01 14:00:00+02:00,0.35569080223883737
2019,CO2/CO/NOx,2019-07-01 15:00:00+02:00,0.35618213180366803
2019,CO2/CO/NOx,2019-07-01 16:00:00+02:00,0.35614441553755877
2019,CO2/CO/NOx,2019-07-01 17:00:00+02:00,0.3541191410795136
2019,CO2/CO/NOx,2019-07-01 18:00:00+02:00,0.3556948596284986
2019,CO2/CO/NOx,2019-07-01 19:00:00+02:00,0.3523062051605601
2019,CO2/CO/NOx,2019-07-01 20:00:00+02:00,0.3455927803713279
2019,CO2/CO/NOx,2019-07-01 21:00:00+02:00,0.33757523104112686
2019,CO2/CO/NOx,2019-07-01 22:00:00+02:00,0.32859685352797274
2019,CO2/CO/NOx,2019-07-01 23:00:00+02:00,0.32130884634744106
2019,CO2/CO/NOx,2019-07-02 00:00:00+02:00,0.31293421831529944
2019,CO2/CO/NOx,2019-07-02 01:00:00+02:00,0.3108770728539949
2019,CO2/CO/NOx,2019-07-02 02:00:00+02:00,0.31444633355793694
2019,CO2/CO/NOx,2019-07-02 03:00:00+02:00,0.3247394444219409
2019,CO2/CO/NOx,2019-07-02 04:00:00+02:00,0.3335535769823647
2019,CO2/CO/NOx,2019-07-02 05:00:00+02:00,0.3414017055211801
2019,CO2/CO/NOx,2019-07-02 06:00:00+02:00,0.35126330316755594
2019,CO2/CO/NOx,2019-07-02 07:00:00+02:00,0.3581997558128542
2019,CO2/CO/NOx,2019-07-02 08:00:00+02:00,0.3607665028573912
2019,CO2/CO/NOx,2019-07-02 09:00:00+02:00,0.3605323342807125
2019,CO2/CO/NOx,2019-07-02 10:00:00+02:00,0.36023727824933
2019,CO2/CO/NOx,2019-07-02 11:00:00+02:00,0.35761108719013474
2019,CO2/CO/NOx,2019-07-02 12:00:00+02:00,0.35320770267849805
2019,CO2/CO/NOx,2019-07-02 13:00:00+02:00,0.34954532173304387
2019,CO2/CO/NOx,2019-07-02 14:00:00+02:00,0.3447879453402224
2019,CO2/CO/NOx,2019-07-02 15:00:00+02:00,0.3441876380089107
2019,CO2/CO/NOx,2019-07-02 16:00:00+02:00,0.34339415207557444
2019,CO2/CO/NOx,2019-07-02 17:00:00+02:00,0.34377196468878257
2019,CO2/CO/NOx,2019-07-02 18:00:00+02:00,0.35014146050601047
2019,CO2/CO/NOx,2019-07-02 19:00:00+02:00,0.35008670489565324
2019,CO2/CO/NOx,2019-07-02 20:00:00+02:00,0.34548791086332603
2019,CO2/CO/NOx,2019-07-02 21:00:00+02:00,0.338446169478022
2019,CO2/CO/NOx,2019-07-02 22:00:00+02:00,0.3298410726759817
2019,CO2/CO/NOx,2019-07-02 23:00:00+02:00,0.3221636019203665
2019,CO2/CO/NOx,2019-07-03 00:00:00+02:00,0.3128305817385835
2019,CO2/CO/NOx,2019-07-03 01:00:00+02:00,0.3141051936927452
2019,CO2/CO/NOx,2019-07-03 02:00:00+02:00,0.32498944048577455
2019,CO2/CO/NOx,2019-07-03 03:00:00+02:00,0.34254231079273767
2019,CO2/CO/NOx,2019-07-03 04:00:00+02:00,0.3588244415126217
2019,CO2/CO/NOx,2019-07-03 05:00:00+02:00,0.3735528607815717
2019,CO2/CO/NOx,2019-07-03 06:00:00+02:00,0.38374829737429106
2019,CO2/CO/NOx,2019-07-03 07:00:00+02:00,0.3853031534181298
2019,CO2/CO/NOx,2019-07-03 08:00:00+02:00,0.3790985328556887
2019,CO2/CO/NOx,2019-07-03 09:00:00+02:00,0.3646670993069343
2019,CO2/CO/NOx,2019-07-03 10:00:00+02:00,0.35636264215712177
2019,CO2/CO/NOx,2019-07-03 11:00:00+02:00,0.35053130046938763
2019,CO2/CO/NOx,2019-07-03 12:00:00+02:00,0.34768664837994406
2019,CO2/CO/NOx,2019-07-03 13:00:00+02:00,0.34950450927210414
2019,CO2/CO/NOx,2019-07-03 14:00:00+02:00,0.3548011543987474
2019,CO2/CO/NOx,2019-07-03 15:00:00+02:00,0.3611389506662162
2019,CO2/CO/NOx,2019-07-03 16:00:00+02:00,0.36244456057572466
2019,CO2/CO/NOx,2019-07-03 17:00:00+02:00,0.36104808581707015
2019,CO2/CO/NOx,2019-07-03 18:00:00+02:00,0.362221766629304
2019,CO2/CO/NOx,2019-07-03 19:00:00+02:00,0.35809601716719697
2019,CO2/CO/NOx,2019-07-03 20:00:00+02:00,0.3499432655116403
2019,CO2/CO/NOx,2019-07-03 21:00:00+02:00,0.3397569555275043
2019,CO2/CO/NOx,2019-07-03 22:00:00+02:00,0.3282995554581015
2019,CO2/CO/NOx,2019-07-03 23:00:00+02:00,0.31740239588989433
2019,CO2/CO/NOx,2019-07-04 00:00:00+02:00,0.3064488177784748
2019,CO2/CO/NOx,2019-07-04 01:00:00+02:00,0.31005190433183794
2019,CO2/CO/NOx,2019-07-04 02:00:00+02:00,0.3352449128208686
2019,CO2/CO/NOx,2019-07-04 03:00:00+02:00,0.36588945869262024
2019,CO2/CO/NOx,2019-07-04 04:00:00+02:00,0.3926242682461934
2019,CO2/CO/NOx,2019-07-04 05:00:00+02:00,0.4146932555133774
2019,CO2/CO/NOx,2019-07-04 06:00:00+02:00,0.42834180517234954
2019,CO2/CO/NOx,2019-07-04 07:00:00+02:00,0.426147607400078
2019,CO2/CO/NOx,2019-07-04 08:00:00+02:00,0.4085792113924951
2019,CO2/CO/NOx,2019-07-04 09:00:00+02:00,0.3795503551427971
2019,CO2/CO/NOx,2019-07-04 10:00:00+02:00,0.3643306354975118
2019,CO2/CO/NOx,2019-07-04 11:00:00+02:00,0.3625384658459355
2019,CO2/CO/NOx,2019-07-04 12:00:00+02:00,0.3591775960788379
2019,CO2/CO/NOx,2019-07-04 13:00:00+02:00,0.36001198882156854
2019,CO2/CO/NOx,2019-07-04 14:00:00+02:00,0.3618014815431253
2019,CO2/CO/NOx,2019-07-04 15:00:00+02:00,0.3659584432675091
2019,CO2/CO/NOx,2019-07-04 16:00:00+02:00,0.36605841812775197
2019,CO2/CO/NOx,2019-07-04 17:00:00+02:00,0.36227739245072915
2019,CO2/CO/NOx,2019-07-04 18:00:00+02:00,0.36004237450501525
2019,CO2/CO/NOx,2019-07-04 19:00:00+02:00,0.356573767010355
2019,CO2/CO/NOx,2019-07-04 20:00:00+02:00,0.3517840130391796
2019,CO2/CO/NOx,2019-07-04 21:00:00+02:00,0.3440644686165535
2019,CO2/CO/NOx,2019-07-04 22:00:00+02:00,0.3315516203857998
2019,CO2/CO/NOx,2019-07-04 23:00:00+02:00,0.3186838509635646
2019,CO2/CO/NOx,2019-07-05 00:00:00+02:00,0.3070071775283345
2019,CO2/CO/NOx,2019-07-05 01:00:00+02:00,0.3121775196685783
2019,CO2/CO/NOx,2019-07-05 02:00:00+02:00,0.3305654276121512
2019,CO2/CO/NOx,2019-07-05 03:00:00+02:00,0.3564551834081927
2019,CO2/CO/NOx,2019-07-05 04:00:00+02:00,0.37869850663506915
2019,CO2/CO/NOx,2019-07-05 05:00:00+02:00,0.39514593261710823
2019,CO2/CO/NOx,2019-07-05 06:00:00+02:00,0.40250377444563684
2019,CO2/CO/NOx,2019-07-05 07:00:00+02:00,0.39699733727488956
2019,CO2/CO/NOx,2019-07-05 08:00:00+02:00,0.3813634366372675
2019,CO2/CO/NOx,2019-07-05 09:00:00+02:00,0.3604605997949006
2019,CO2/CO/NOx,2019-07-05 10:00:00+02:00,0.3530736265188247
2019,CO2/CO/NOx,2019-07-05 11:00:00+02:00,0.35079407408369784
2019,CO2/CO/NOx,2019-07-05 12:00:00+02:00,0.3510525276428307
2019,CO2/CO/NOx,2019-07-05 13:00:00+02:00,0.35565661729503045
2019,CO2/CO/NOx,2019-07-05 14:00:00+02:00,0.3629012298892599
2019,CO2/CO/NOx,2019-07-05 15:00:00+02:00,0.3670676154262975
2019,CO2/CO/NOx,2019-07-05 16:00:00+02:00,0.3663975966933627
2019,CO2/CO/NOx,2019-07-05 17:00:00+02:00,0.36133245128923597
2019,CO2/CO/NOx,2019-07-05 18:00:00+02:00,0.35828571729032005
2019,CO2/CO/NOx,2019-07-05 19:00:00+02:00,0.3520115401074521
2019,CO2/CO/NOx,2019-07-05 20:00:00+02:00,0.34314733413929743
2019,CO2/CO/NOx,2019-07-05 21:00:00+02:00,0.3319370765868656
2019,CO2/CO/NOx,2019-07-05 22:00:00+02:00,0.3237323005223831
2019,CO2/CO/NOx,2019-07-05 23:00:00+02:00,0.31906660140107423
2019,CO2/CO/NOx,2019-07-06 00:00:00+02:00,0.3127207308206079
2019,CO2/CO/NOx,2019-07-06 01:00:00+02:00,0.3109010701430826
2019,CO2/CO/NOx,2019-07-06 02:00:00+02:00,0.31209368144790967
2019,CO2/CO/NOx,2019-07-06 03:00:00+02:00,0.3151016911543725
2019,CO2/CO/NOx,2019-07-06 04:00:00+02:00,0.3196513841516024
2019,CO2/CO/NOx,2019-07-06 05:00:00+02:00,0.32632257415303006
2019,CO2/CO/NOx,2019-07-06 06:00:00+02:00,0.3322216801209096
2019,CO2/CO/NOx,2019-07-06 07:00:00+02:00,0.33850604469123924
2019,CO2/CO/NOx,2019-07-06 08:00:00+02:00,0.34099495507453087
2019,CO2/CO/NOx,2019-07-06 09:00:00+02:00,0.34064668130330555
2019,CO2/CO/NOx,2019-07-06 10:00:00+02:00,0.3416202834460046
2019,CO2/CO/NOx,2019-07-06 11:00:00+02:00,0.3403764541323241
2019,CO2/CO/NOx,2019-07-06 12:00:00+02:00,0.3366065401874138
2019,CO2/CO/NOx,2019-07-06 13:00:00+02:00,0.3384333194045681
2019,CO2/CO/NOx,2019-07-06 14:00:00+02:00,0.34210072962709054
2019,CO2/CO/NOx,2019-07-06 15:00:00+02:00,0.3454524226544113
2019,CO2/CO/NOx,2019-07-06 16:00:00+02:00,0.34667819984393394
2019,CO2/CO/NOx,2019-07-06 17:00:00+02:00,0.34610809119009606
2019,CO2/CO/NOx,2019-07-06 18:00:00+02:00,0.34667722302759224
2019,CO2/CO/NOx,2019-07-06 19:00:00+02:00,0.3436741614482987
2019,CO2/CO/NOx,2019-07-06 20:00:00+02:00,0.3378816814908591
2019,CO2/CO/NOx,2019-07-06 21:00:00+02:00,0.33005426934162735
2019,CO2/CO/NOx,2019-07-06 22:00:00+02:00,0.3236903205144956
2019,CO2/CO/NOx,2019-07-06 23:00:00+02:00,0.31921622173656566
2019,CO2/CO/NOx,2019-07-07 00:00:00+02:00,0.3137543982196034
2019,CO2/CO/NOx,2019-07-07 01:00:00+02:00,0.3125437313753149
2019,CO2/CO/NOx,2019-07-07 02:00:00+02:00,0.3157411441573597
2019,CO2/CO/NOx,2019-07-07 03:00:00+02:00,0.3215970608318821
2019,CO2/CO/NOx,2019-07-07 04:00:00+02:00,0.3279598414562675
2019,CO2/CO/NOx,2019-07-07 05:00:00+02:00,0.33493835433916563
2019,CO2/CO/NOx,2019-07-07 06:00:00+02:00,0.3426339341770356
2019,CO2/CO/NOx,2019-07-07 07:00:00+02:00,0.34927882470736515
2019,CO2/CO/NOx,2019-07-07 08:00:00+02:00,0.3521085560307163
2019,CO2/CO/NOx,2019-07-07 09:00:00+02:00,0.35143693513271085
2019,CO2/CO/NOx,2019-07-07 10:00:00+02:00,0.35253826816539885
2019,CO2/CO/NOx,2019-07-07 11:00:00+02:00,0.3553674741625611
2019,CO2/CO/NOx,2019-07-07 12:00:00+02:00,0.35520512851135044
2019,CO2/CO/NOx,2019-07-07 13:00:00+02:00,0.35575543265782983
2019,CO2/CO/NOx,2019-07-07 14:00:00+02:00,0.35516635935068547
2019,CO2/CO/NOx,2019-07-07 15:00:00+02:00,0.3540041496448445
2019,CO2/CO/NOx,2019-07-07 16:00:00+02:00,0.35030993731856536
2019,CO2/CO/NOx,2019-07-07 17:00:00+02:00,0.3465427201964839
2019,CO2/CO/NOx,2019-07-07 18:00:00+02:00,0.347379139972133
2019,CO2/CO/NOx,2019-07-07 19:00:00+02:00,0.34846738887327294
2019,CO2/CO/NOx,2019-07-07 20:00:00+02:00,0.3446957044572981
2019,CO2/CO/NOx,2019-07-07 21:00:00+02:00,0.34381776923886104
2019,CO2/CO/NOx,2019-07-07 22:00:00+02:00,0.34115145988663526
2019,CO2/CO/NOx,2019-07-07 23:00:00+02:00,0.338230308512881
2019,CO2/CO/NOx,2019-07-08 00:00:00+02:00,0.3292308205651529
2019,CO2/CO/NOx,2019-07-08 01:00:00+02:00,0.3349709114926233
2019,CO2/CO/NOx,2019-07-08 02:00:00+02:00,0.3482215862498259
2019,CO2/CO/NOx,2019-07-08 03:00:00+02:00,0.3705959341410563
2019,CO2/CO/NOx,2019-07-08 04:00:00+02:00,0.3921289977093479
2019,CO2/CO/NOx,2019-07-08 05:00:00+02:00,0.4100887633647198
2019,CO2/CO/NOx,2019-07-08 06:00:00+02:00,0.4334445953483924
2019,CO2/CO/NOx,2019-07-08 07:00:00+02:00,0.4421233875241358
2019,CO2/CO/NOx,2019-07-08 08:00:00+02:00,0.4414041509521126
2019,CO2/CO/NOx,2019-07-08 09:00:00+02:00,0.43225666508183896
2019,CO2/CO/NOx,2019-07-08 10:00:00+02:00,0.4288427144197958
2019,CO2/CO/NOx,2019-07-08 11:00:00+02:00,0.4224520090739094
2019,CO2/CO/NOx,2019-07-08 12:00:00+02:00,0.4185042178929307
2019,CO2/CO/NOx,2019-07-08 13:00:00+02:00,0.4132171150082623
2019,CO2/CO/NOx,2019-07-08 14:00:00+02:00,0.4132621112981842
2019,CO2/CO/NOx,2019-07-08 15:00:00+02:00,0.4154379797553688
2019,CO2/CO/NOx,2019-07-08 16:00:00+02:00,0.40987125493967996
2019,CO2/CO/NOx,2019-07-08 17:00:00+02:00,0.4058878486758366
2019,CO2/CO/NOx,2019-07-08 18:00:00+02:00,0.4115310853521764
2019,CO2/CO/NOx,2019-07-08 19:00:00+02:00,0.4080332294590046
2019,CO2/CO/NOx,2019-07-08 20:00:00+02:00,0.3982004156813481
2019,CO2/CO/NOx,2019-07-08 21:00:00+02:00,0.38533899329899074
2019,CO2/CO/NOx,2019-07-08 22:00:00+02:00,0.37051866955979684
2019,CO2/CO/NOx,2019-07-08 23:00:00+02:00,0.3643232966938601
2019,CO2/CO/NOx,2019-07-09 00:00:00+02:00,0.351299648673532
2019,CO2/CO/NOx,2019-07-09 01:00:00+02:00,0.3459620687179755
2019,CO2/CO/NOx,2019-07-09 02:00:00+02:00,0.3616955448009332
2019,CO2/CO/NOx,2019-07-09 03:00:00+02:00,0.399441721600066
2019,CO2/CO/NOx,2019-07-09 04:00:00+02:00,0.42920315612806503
2019,CO2/CO/NOx,2019-07-09 05:00:00+02:00,0.45559784625063665
2019,CO2/CO/NOx,2019-07-09 06:00:00+02:00,0.48022454114058816
2019,CO2/CO/NOx,2019-07-09 07:00:00+02:00,0.49548822604402776
2019,CO2/CO/NOx,2019-07-09 08:00:00+02:00,0.4951107840948856
2019,CO2/CO/NOx,2019-07-09 09:00:00+02:00,0.47329267397078684
2019,CO2/CO/NOx,2019-07-09 10:00:00+02:00,0.4500043005976944
2019,CO2/CO/NOx,2019-07-09 11:00:00+02:00,0.4338553845587343
2019,CO2/CO/NOx,2019-07-09 12:00:00+02:00,0.42226809866088616
2019,CO2/CO/NOx,2019-07-09 13:00:00+02:00,0.406831842152339
2019,CO2/CO/NOx,2019-07-09 14:00:00+02:00,0.3955301267373883
2019,CO2/CO/NOx,2019-07-09 15:00:00+02:00,0.3912637833382123
2019,CO2/CO/NOx,2019-07-09 16:00:00+02:00,0.3871933617099974
2019,CO2/CO/NOx,2019-07-09 17:00:00+02:00,0.38628964127939264
2019,CO2/CO/NOx,2019-07-09 18:00:00+02:00,0.39488106974089837
2019,CO2/CO/NOx,2019-07-09 19:00:00+02:00,0.39568838661459355
2019,CO2/CO/NOx,2019-07-09 20:00:00+02:00,0.39486690278203973
2019,CO2/CO/NOx,2019-07-09 21:00:00+02:00,0.3911073604564436
2019,CO2/CO/NOx,2019-07-09 22:00:00+02:00,0.3782757899451584
2019,CO2/CO/NOx,2019-07-09 23:00:00+02:00,0.37090807271871773
2019,CO2/CO/NOx,2019-07-10 00:00:00+02:00,0.3634919213876909
2019,CO2/CO/NOx,2019-07-10 01:00:00+02:00,0.37793624954174104
2019,CO2/CO/NOx,2019-07-10 02:00:00+02:00,0.4129569742967764
2019,CO2/CO/NOx,2019-07-10 03:00:00+02:00,0.46241622929752896
2019,CO2/CO/NOx,2019-07-10 04:00:00+02:00,0.5056447506555946
2019,CO2/CO/NOx,2019-07-10 05:00:00+02:00,0.5352455360432028
2019,CO2/CO/NOx,2019-07-10 06:00:00+02:00,0.5539733795335825
2019,CO2/CO/NOx,2019-07-10 07:00:00+02:00,0.5500926873395136
2019,CO2/CO/NOx,2019-07-10 08:00:00+02:00,0.5313457937169073
2019,CO2/CO/NOx,2019-07-10 09:00:00+02:00,0.4955707336327838
2019,CO2/CO/NOx,2019-07-10 10:00:00+02:00,0.4712728373342579
2019,CO2/CO/NOx,2019-07-10 11:00:00+02:00,0.44649065964183765
2019,CO2/CO/NOx,2019-07-10 12:00:00+02:00,0.43312416788921565
2019,CO2/CO/NOx,2019-07-10 13:00:00+02:00,0.42285207441589834
2019,CO2/CO/NOx,2019-07-10 14:00:00+02:00,0.4042301472643874
2019,CO2/CO/NOx,2019-07-10 15:00:00+02:00,0.39521452759586984
2019,CO2/CO/NOx,2019-07-10 16:00:00+02:00,0.384015042143285
2019,CO2/CO/NOx,2019-07-10 17:00:00+02:00,0.3756604628941485
2019,CO2/CO/NOx,2019-07-10 18:00:00+02:00,0.3738931450172499
2019,CO2/CO/NOx,2019-07-10 19:00:00+02:00,0.37112749340681805
2019,CO2/CO/NOx,2019-07-10 20:00:00+02:00,0.36710380993982034
2019,CO2/CO/NOx,2019-07-10 21:00:00+02:00,0.36930806651560777
2019,CO2/CO/NOx,2019-07-10 22:00:00+02:00,0.37539702076533515
2019,CO2/CO/NOx,2019-07-10 23:00:00+02:00,0.3742242437058556
2019,CO2/CO/NOx,2019-07-11 00:00:00+02:00,0.3654244009303051
2019,CO2/CO/NOx,2019-07-11 01:00:00+02:00,0.367498427586919
2019,CO2/CO/NOx,2019-07-11 02:00:00+02:00,0.38369921977595484
2019,CO2/CO/NOx,2019-07-11 03:00:00+02:00,0.4089994199342954
2019,CO2/CO/NOx,2019-07-11 04:00:00+02:00,0.4264345724519044
2019,CO2/CO/NOx,2019-07-11 05:00:00+02:00,0.4318948606435835
2019,CO2/CO/NOx,2019-07-11 06:00:00+02:00,0.4395624019543296
2019,CO2/CO/NOx,2019-07-11 07:00:00+02:00,0.4466240644277563
2019,CO2/CO/NOx,2019-07-11 08:00:00+02:00,0.43478811230542846
2019,CO2/CO/NOx,2019-07-11 09:00:00+02:00,0.40663915006128426
2019,CO2/CO/NOx,2019-07-11 10:00:00+02:00,0.38755706725986794
2019,CO2/CO/NOx,2019-07-11 11:00:00+02:00,0.37004578192324494
2019,CO2/CO/NOx,2019-07-11 12:00:00+02:00,0.3634776103853651
2019,CO2/CO/NOx,2019-07-11 13:00:00+02:00,0.36042243633380905
2019,CO2/CO/NOx,2019-07-11 14:00:00+02:00,0.3622839304585263
2019,CO2/CO/NOx,2019-07-11 15:00:00+02:00,0.3805483082114543
2019,CO2/CO/NOx,2019-07-11 16:00:00+02:00,0.39861280355155587
2019,CO2/CO/NOx,2019-07-11 17:00:00+02:00,0.41154013327234173
2019,CO2/CO/NOx,2019-07-11 18:00:00+02:00,0.4255357386102856
2019,CO2/CO/NOx,2019-07-11 19:00:00+02:00,0.4240213954895136
2019,CO2/CO/NOx,2019-07-11 20:00:00+02:00,0.4112022687824041
2019,CO2/CO/NOx,2019-07-11 21:00:00+02:00,0.399554827218029
2019,CO2/CO/NOx,2019-07-11 22:00:00+02:00,0.38641665730985664
2019,CO2/CO/NOx,2019-07-11 23:00:00+02:00,0.3734496756131236
2019,CO2/CO/NOx,2019-07-12 00:00:00+02:00,0.36280948453712375
2019,CO2/CO/NOx,2019-07-12 01:00:00+02:00,0.3666450355354031
2019,CO2/CO/NOx,2019-07-12 02:00:00+02:00,0.38628083143680353
2019,CO2/CO/NOx,2019-07-12 03:00:00+02:00,0.4159378873159155
2019,CO2/CO/NOx,2019-07-12 04:00:00+02:00,0.437157344748801
2019,CO2/CO/NOx,2019-07-12 05:00:00+02:00,0.45467817489568185
2019,CO2/CO/NOx,2019-07-12 06:00:00+02:00,0.46219533530371604
2019,CO2/CO/NOx,2019-07-12 07:00:00+02:00,0.45369778167926145
2019,CO2/CO/NOx,2019-07-12 08:00:00+02:00,0.42912704199060825
2019,CO2/CO/NOx,2019-07-12 09:00:00+02:00,0.40040838994331585
2019,CO2/CO/NOx,2019-07-12 10:00:00+02:00,0.38622358890057135
2019,CO2/CO/NOx,2019-07-12 11:00:00+02:00,0.3801645683535123
2019,CO2/CO/NOx,2019-07-12 12:00:00+02:00,0.3793994949190051
2019,CO2/CO/NOx,2019-07-12 13:00:00+02:00,0.3817611569499147
2019,CO2/CO/NOx,2019-07-12 14:00:00+02:00,0.389188300283307
2019,CO2/CO/NOx,2019-07-12 15:00:00+02:00,0.39886543839729155
2019,CO2/CO/NOx,2019-07-12 16:00:00+02:00,0.40221907324397027
2019,CO2/CO/NOx,2019-07-12 17:00:00+02:00,0.4000224544700512
2019,CO2/CO/NOx,2019-07-12 18:00:00+02:00,0.4000540445721146
2019,CO2/CO/NOx,2019-07-12 19:00:00+02:00,0.39151681154542334
2019,CO2/CO/NOx,2019-07-12 20:00:00+02:00,0.3790793441653857
2019,CO2/CO/NOx,2019-07-12 21:00:00+02:00,0.3680724891371991
2019,CO2/CO/NOx,2019-07-12 22:00:00+02:00,0.3625259398914519
2019,CO2/CO/NOx,2019-07-12 23:00:00+02:00,0.3651141077363499
2019,CO2/CO/NOx,2019-07-13 00:00:00+02:00,0.37135399737755875
2019,CO2/CO/NOx,2019-07-13 01:00:00+02:00,0.37921753959241905
2019,CO2/CO/NOx,2019-07-13 02:00:00+02:00,0.3907790404635525
2019,CO2/CO/NOx,2019-07-13 03:00:00+02:00,0.4017102644385247
2019,CO2/CO/NOx,2019-07-13 04:00:00+02:00,0.40412609955799195
2019,CO2/CO/NOx,2019-07-13 05:00:00+02:00,0.40710165696267075
2019,CO2/CO/NOx,2019-07-13 06:00:00+02:00,0.41197876767058844
2019,CO2/CO/NOx,2019-07-13 07:00:00+02:00,0.4180401566290522
2019,CO2/CO/NOx,2019-07-13 08:00:00+02:00,0.42453998026128875
2019,CO2/CO/NOx,2019-07-13 09:00:00+02:00,0.430013206841446
2019,CO2/CO/NOx,2019-07-13 10:00:00+02:00,0.4351179205524571
2019,CO2/CO/NOx,2019-07-13 11:00:00+02:00,0.44047410064142256
2019,CO2/CO/NOx,2019-07-13 12:00:00+02:00,0.440960041462539
2019,CO2/CO/NOx,2019-07-13 13:00:00+02:00,0.4410040046446232
2019,CO2/CO/NOx,2019-07-13 14:00:00+02:00,0.43879851497347305
2019,CO2/CO/NOx,2019-07-13 15:00:00+02:00,0.43438958976546194
2019,CO2/CO/NOx,2019-07-13 16:00:00+02:00,0.42874318730810257
2019,CO2/CO/NOx,2019-07-13 17:00:00+02:00,0.4247714395386195
2019,CO2/CO/NOx,2019-07-13 18:00:00+02:00,0.4259491149568203
2019,CO2/CO/NOx,2019-07-13 19:00:00+02:00,0.42258648211071975
2019,CO2/CO/NOx,2019-07-13 20:00:00+02:00,0.4216183516690963
2019,CO2/CO/NOx,2019-07-13 21:00:00+02:00,0.42019316390814765
2019,CO2/CO/NOx,2019-07-13 22:00:00+02:00,0.4222191644349131
2019,CO2/CO/NOx,2019-07-13 23:00:00+02:00,0.43148459920274895
2019,CO2/CO/NOx,2019-07-14 00:00:00+02:00,0.43303116937229885
2019,CO2/CO/NOx,2019-07-14 01:00:00+02:00,0.4305706553816352
2019,CO2/CO/NOx,2019-07-14 02:00:00+02:00,0.4246721726229715
2019,CO2/CO/NOx,2019-07-14 03:00:00+02:00,0.42024914911434164
2019,CO2/CO/NOx,2019-07-14 04:00:00+02:00,0.42074852305739596
2019,CO2/CO/NOx,2019-07-14 05:00:00+02:00,0.42756178575769116
2019,CO2/CO/NOx,2019-07-14 06:00:00+02:00,0.4401838195160358
2019,CO2/CO/NOx,2019-07-14 07:00:00+02:00,0.45586803966126244
2019,CO2/CO/NOx,2019-07-14 08:00:00+02:00,0.46812883908400893
2019,CO2/CO/NOx,2019-07-14 09:00:00+02:00,0.46489134308642205
2019,CO2/CO/NOx,2019-07-14 10:00:00+02:00,0.45369181002217857
2019,CO2/CO/NOx,2019-07-14 11:00:00+02:00,0.4365881045386301
2019,CO2/CO/NOx,2019-07-14 12:00:00+02:00,0.4172480769226098
2019,CO2/CO/NOx,2019-07-14 13:00:00+02:00,0.4052412591408616
2019,CO2/CO/NOx,2019-07-14 14:00:00+02:00,0.3939652742318505
2019,CO2/CO/NOx,2019-07-14 15:00:00+02:00,0.3866490657567822
2019,CO2/CO/NOx,2019-07-14 16:00:00+02:00,0.38644977353914844
2019,CO2/CO/NOx,2019-07-14 17:00:00+02:00,0.3918447022310888
2019,CO2/CO/NOx,2019-07-14 18:00:00+02:00,0.4017834239394252
2019,CO2/CO/NOx,2019-07-14 19:00:00+02:00,0.4126605056968165
2019,CO2/CO/NOx,2019-07-14 20:00:00+02:00,0.4175419074749514
2019,CO2/CO/NOx,2019-07-14 21:00:00+02:00,0.4200381332019287
2019,CO2/CO/NOx,2019-07-14 22:00:00+02:00,0.4229362160997984
2019,CO2/CO/NOx,2019-07-14 23:00:00+02:00,0.4176221706714679
2019,CO2/CO/NOx,2019-07-15 00:00:00+02:00,0.40157133636806364
2019,CO2/CO/NOx,2019-07-15 01:00:00+02:00,0.3950505638337428
2019,CO2/CO/NOx,2019-07-15 02:00:00+02:00,0.4025367197715863
2019,CO2/CO/NOx,2019-07-15 03:00:00+02:00,0.41969367551408066
2019,CO2/CO/NOx,2019-07-15 04:00:00+02:00,0.439462871194284
2019,CO2/CO/NOx,2019-07-15 05:00:00+02:00,0.46419871969967824
2019,CO2/CO/NOx,2019-07-15 06:00:00+02:00,0.49332813912283485
2019,CO2/CO/NOx,2019-07-15 07:00:00+02:00,0.5173932659591737
2019,CO2/CO/NOx,2019-07-15 08:00:00+02:00,0.5145734878207064
2019,CO2/CO/NOx,2019-07-15 09:00:00+02:00,0.48921652306731134
2019,CO2/CO/NOx,2019-07-15 10:00:00+02:00,0.45661485521459366
2019,CO2/CO/NOx,2019-07-15 11:00:00+02:00,0.4269654647782399
2019,CO2/CO/NOx,2019-07-15 12:00:00+02:00,0.40125647882721993
2019,CO2/CO/NOx,2019-07-15 13:00:00+02:00,0.37894197624964193
2019,CO2/CO/NOx,2019-07-15 14:00:00+02:00,0.3699773900584585
2019,CO2/CO/NOx,2019-07-15 15:00:00+02:00,0.36497355637218254
2019,CO2/CO/NOx,2019-07-15 16:00:00+02:00,0.3623438529700478
2019,CO2/CO/NOx,2019-07-15 17:00:00+02:00,0.360023208102083
2019,CO2/CO/NOx,2019-07-15 18:00:00+02:00,0.36769307617375085
2019,CO2/CO/NOx,2019-07-15 19:00:00+02:00,0.36908115846104306
2019,CO2/CO/NOx,2019-07-15 20:00:00+02:00,0.3718181464578765
2019,CO2/CO/NOx,2019-07-15 21:00:00+02:00,0.37272879503320455
2019,CO2/CO/NOx,2019-07-15 22:00:00+02:00,0.370479993948418
2019,CO2/CO/NOx,2019-07-15 23:00:00+02:00,0.3689673816094447
2019,CO2/CO/NOx,2019-07-16 00:00:00+02:00,0.35692205748858086
2019,CO2/CO/NOx,2019-07-16 01:00:00+02:00,0.3564463456872068
2019,CO2/CO/NOx,2019-07-16 02:00:00+02:00,0.3701824822135456
2019,CO2/CO/NOx,2019-07-16 03:00:00+02:00,0.3941702407664397
2019,CO2/CO/NOx,2019-07-16 04:00:00+02:00,0.417186220245541
2019,CO2/CO/NOx,2019-07-16 05:00:00+02:00,0.4363783186340166
2019,CO2/CO/NOx,2019-07-16 06:00:00+02:00,0.4485218944435504
2019,CO2/CO/NOx,2019-07-16 07:00:00+02:00,0.4514289907738431
2019,CO2/CO/NOx,2019-07-16 08:00:00+02:00,0.44074627124054655
2019,CO2/CO/NOx,2019-07-16 09:00:00+02:00,0.41534929553704497
2019,CO2/CO/NOx,2019-07-16 10:00:00+02:00,0.39797897190832404
2019,CO2/CO/NOx,2019-07-16 11:00:00+02:00,0.38762566533225074
2019,CO2/CO/NOx,2019-07-16 12:00:00+02:00,0.3790230717073281
2019,CO2/CO/NOx,2019-07-16 13:00:00+02:00,0.3756700735599309
2019,CO2/CO/NOx,2019-07-16 14:00:00+02:00,0.3708923769491291
2019,CO2/CO/NOx,2019-07-16 15:00:00+02:00,0.36615730046271455
2019,CO2/CO/NOx,2019-07-16 16:00:00+02:00,0.3620223486395495
2019,CO2/CO/NOx,2019-07-16 17:00:00+02:00,0.3544297784089459
2019,CO2/CO/NOx,2019-07-16 18:00:00+02:00,0.35595942468076514
2019,CO2/CO/NOx,2019-07-16 19:00:00+02:00,0.3577762337597205
2019,CO2/CO/NOx,2019-07-16 20:00:00+02:00,0.3538116403506077
2019,CO2/CO/NOx,2019-07-16 21:00:00+02:00,0.34740031197603727
2019,CO2/CO/NOx,2019-07-16 22:00:00+02:00,0.34519850004318015
2019,CO2/CO/NOx,2019-07-16 23:00:00+02:00,0.3451375689122978
2019,CO2/CO/NOx,2019-07-17 00:00:00+02:00,0.34095279732610484
2019,CO2/CO/NOx,2019-07-17 01:00:00+02:00,0.3547710700786471
2019,CO2/CO/NOx,2019-07-17 02:00:00+02:00,0.37700549938742706
2019,CO2/CO/NOx,2019-07-17 03:00:00+02:00,0.4067236558055299
2019,CO2/CO/NOx,2019-07-17 04:00:00+02:00,0.4259360952547749
2019,CO2/CO/NOx,2019-07-17 05:00:00+02:00,0.4318605623642719
2019,CO2/CO/NOx,2019-07-17 06:00:00+02:00,0.4331168951246787
2019,CO2/CO/NOx,2019-07-17 07:00:00+02:00,0.4213785681343567
2019,CO2/CO/NOx,2019-07-17 08:00:00+02:00,0.40266521398455885
2019,CO2/CO/NOx,2019-07-17 09:00:00+02:00,0.3808149037437139
2019,CO2/CO/NOx,2019-07-17 10:00:00+02:00,0.37373003926131737
2019,CO2/CO/NOx,2019-07-17 11:00:00+02:00,0.36834821527943407
2019,CO2/CO/NOx,2019-07-17 12:00:00+02:00,0.3641058553266762
2019,CO2/CO/NOx,2019-07-17 13:00:00+02:00,0.36266086684778887
2019,CO2/CO/NOx,2019-07-17 14:00:00+02:00,0.36362105606734374
2019,CO2/CO/NOx,2019-07-17 15:00:00+02:00,0.3646310869306152
2019,CO2/CO/NOx,2019-07-17 16:00:00+02:00,0.35980925933401336
2019,CO2/CO/NOx,2019-07-17 17:00:00+02:00,0.35800869692575377
2019,CO2/CO/NOx,2019-07-17 18:00:00+02:00,0.3618915701075388
2019,CO2/CO/NOx,2019-07-17 19:00:00+02:00,0.36095215844902057
2019,CO2/CO/NOx,2019-07-17 20:00:00+02:00,0.3540681428454825
2019,CO2/CO/NOx,2019-07-17 21:00:00+02:00,0.34228409894832557
2019,CO2/CO/NOx,2019-07-17 22:00:00+02:00,0.3297568700311036
2019,CO2/CO/NOx,2019-07-17 23:00:00+02:00,0.3186214256802893
2019,CO2/CO/NOx,2019-07-18 00:00:00+02:00,0.3040585099590312
2019,CO2/CO/NOx,2019-07-18 01:00:00+02:00,0.30002106824792807
2019,CO2/CO/NOx,2019-07-18 02:00:00+02:00,0.3061280443419647
2019,CO2/CO/NOx,2019-07-18 03:00:00+02:00,0.32258663754474715
2019,CO2/CO/NOx,2019-07-18 04:00:00+02:00,0.33749178908252786
2019,CO2/CO/NOx,2019-07-18 05:00:00+02:00,0.35146156080943786
2019,CO2/CO/NOx,2019-07-18 06:00:00+02:00,0.36212168919778376
2019,CO2/CO/NOx,2019-07-18 07:00:00+02:00,0.36593463136162774
2019,CO2/CO/NOx,2019-07-18 08:00:00+02:00,0.3623041490165084
2019,CO2/CO/NOx,2019-07-18 09:00:00+02:00,0.3504214560111957
2019,CO2/CO/NOx,2019-07-18 10:00:00+02:00,0.3465303995353758
2019,CO2/CO/NOx,2019-07-18 11:00:00+02:00,0.3435213475816629
2019,CO2/CO/NOx,2019-07-18 12:00:00+02:00,0.34231945601519553
2019,CO2/CO/NOx,2019-07-18 13:00:00+02:00,0.34328382456072504
2019,CO2/CO/NOx,2019-07-18 14:00:00+02:00,0.3473726698134877
2019,CO2/CO/NOx,2019-07-18 15:00:00+02:00,0.35149651050318587
2019,CO2/CO/NOx,2019-07-18 16:00:00+02:00,0.35336533233234596
2019,CO2/CO/NOx,2019-07-18 17:00:00+02:00,0.35250851503901903
2019,CO2/CO/NOx,2019-07-18 18:00:00+02:00,0.3546348728550329
2019,CO2/CO/NOx,2019-07-18 19:00:00+02:00,0.3528446350995776
2019,CO2/CO/NOx,2019-07-18 20:00:00+02:00,0.3454827082054709
2019,CO2/CO/NOx,2019-07-18 21:00:00+02:00,0.33777694832015437
2019,CO2/CO/NOx,2019-07-18 22:00:00+02:00,0.3303273031208682
2019,CO2/CO/NOx,2019-07-18 23:00:00+02:00,0.32194292364571375
2019,CO2/CO/NOx,2019-07-19 00:00:00+02:00,0.3086081893279313
2019,CO2/CO/NOx,2019-07-19 01:00:00+02:00,0.3022930371715048
2019,CO2/CO/NOx,2019-07-19 02:00:00+02:00,0.30135345034387484
2019,CO2/CO/NOx,2019-07-19 03:00:00+02:00,0.3084442353194273
2019,CO2/CO/NOx,2019-07-19 04:00:00+02:00,0.3181187068663401
2019,CO2/CO/NOx,2019-07-19 05:00:00+02:00,0.33017011542118097
2019,CO2/CO/NOx,2019-07-19 06:00:00+02:00,0.34315319888051427
2019,CO2/CO/NOx,2019-07-19 07:00:00+02:00,0.3519730564034897
2019,CO2/CO/NOx,2019-07-19 08:00:00+02:00,0.35526274380965867
2019,CO2/CO/NOx,2019-07-19 09:00:00+02:00,0.3514277146438589
2019,CO2/CO/NOx,2019-07-19 10:00:00+02:00,0.3502484475099178
2019,CO2/CO/NOx,2019-07-19 11:00:00+02:00,0.34690500095835153
2019,CO2/CO/NOx,2019-07-19 12:00:00+02:00,0.34347260427643783
2019,CO2/CO/NOx,2019-07-19 13:00:00+02:00,0.34242857899752405
2019,CO2/CO/NOx,2019-07-19 14:00:00+02:00,0.3420998423255546
2019,CO2/CO/NOx,2019-07-19 15:00:00+02:00,0.3421802423350516
2019,CO2/CO/NOx,2019-07-19 16:00:00+02:00,0.34251868185440104
2019,CO2/CO/NOx,2019-07-19 17:00:00+02:00,0.34339702382382054
2019,CO2/CO/NOx,2019-07-19 18:00:00+02:00,0.34706519530253815
2019,CO2/CO/NOx,2019-07-19 19:00:00+02:00,0.34589444050292584
2019,CO2/CO/NOx,2019-07-19 20:00:00+02:00,0.3428300236640557
2019,CO2/CO/NOx,2019-07-19 21:00:00+02:00,0.336459115847036
2019,CO2/CO/NOx,2019-07-19 22:00:00+02:00,0.3271764215114616
2019,CO2/CO/NOx,2019-07-19 23:00:00+02:00,0.31745903429185013
2019,CO2/CO/NOx,2019-07-20 00:00:00+02:00,0.3071069403735127
2019,CO2/CO/NOx,2019-07-20 01:00:00+02:00,0.3047697358981637
2019,CO2/CO/NOx,2019-07-20 02:00:00+02:00,0.31141370208466734
2019,CO2/CO/NOx,2019-07-20 03:00:00+02:00,0.3213176727024665
2019,CO2/CO/NOx,2019-07-20 04:00:00+02:00,0.3299398946502913
2019,CO2/CO/NOx,2019-07-20 05:00:00+02:00,0.3396833731364539
2019,CO2/CO/NOx,2019-07-20 06:00:00+02:00,0.34572061304753676
2019,CO2/CO/NOx,2019-07-20 07:00:00+02:00,0.34765083449402673
2019,CO2/CO/NOx,2019-07-20 08:00:00+02:00,0.34576874710369865
2019,CO2/CO/NOx,2019-07-20 09:00:00+02:00,0.3403511595000118
2019,CO2/CO/NOx,2019-07-20 10:00:00+02:00,0.33990854659708925
2019,CO2/CO/NOx,2019-07-20 11:00:00+02:00,0.34070693140046837
2019,CO2/CO/NOx,2019-07-20 12:00:00+02:00,0.33945527798785746
2019,CO2/CO/NOx,2019-07-20 13:00:00+02:00,0.34315577129098523
2019,CO2/CO/NOx,2019-07-20 14:00:00+02:00,0.3483779590374927
2019,CO2/CO/NOx,2019-07-20 15:00:00+02:00,0.35327360748700315
2019,CO2/CO/NOx,2019-07-20 16:00:00+02:00,0.3553499172389144
2019,CO2/CO/NOx,2019-07-20 17:00:00+02:00,0.3552067902325921
2019,CO2/CO/NOx,2019-07-20 18:00:00+02:00,0.35450368217098677
2019,CO2/CO/NOx,2019-07-20 19:00:00+02:00,0.34891606125633073
2019,CO2/CO/NOx,2019-07-20 20:00:00+02:00,0.3397031296836808
2019,CO2/CO/NOx,2019-07-20 21:00:00+02:00,0.3302272296436737
2019,CO2/CO/NOx,2019-07-20 22:00:00+02:00,0.32345780605214686
2019,CO2/CO/NOx,2019-07-20 23:00:00+02:00,0.31707052899667787
2019,CO2/CO/NOx,2019-07-21 00:00:00+02:00,0.3105334750648327
2019,CO2/CO/NOx,2019-07-21 01:00:00+02:00,0.30591425544581263
2019,CO2/CO/NOx,2019-07-21 02:00:00+02:00,0.30378129933245984
2019,CO2/CO/NOx,2019-07-21 03:00:00+02:00,0.30416906990299813
2019,CO2/CO/NOx,2019-07-21 04:00:00+02:00,0.30843055902819727
2019,CO2/CO/NOx,2019-07-21 05:00:00+02:00,0.3172207355763424
2019,CO2/CO/NOx,2019-07-21 06:00:00+02:00,0.3301058505939019
2019,CO2/CO/NOx,2019-07-21 07:00:00+02:00,0.3415724827937353
2019,CO2/CO/NOx,2019-07-21 08:00:00+02:00,0.350063035954569
2019,CO2/CO/NOx,2019-07-21 09:00:00+02:00,0.35479700996457453
2019,CO2/CO/NOx,2019-07-21 10:00:00+02:00,0.35732558265434516
2019,CO2/CO/NOx,2019-07-21 11:00:00+02:00,0.3555570147327258
2019,CO2/CO/NOx,2019-07-21 12:00:00+02:00,0.3523536525966727
2019,CO2/CO/NOx,2019-07-21 13:00:00+02:00,0.3511828016426171
2019,CO2/CO/NOx,2019-07-21 14:00:00+02:00,0.35147203375658576
2019,CO2/CO/NOx,2019-07-21 15:00:00+02:00,0.35526370463205953
2019,CO2/CO/NOx,2019-07-21 16:00:00+02:00,0.35531291783774727
2019,CO2/CO/NOx,2019-07-21 17:00:00+02:00,0.355467338146712
2019,CO2/CO/NOx,2019-07-21 18:00:00+02:00,0.3575804922999774
2019,CO2/CO/NOx,2019-07-21 19:00:00+02:00,0.35787271897551043
2019,CO2/CO/NOx,2019-07-21 20:00:00+02:00,0.3531125362627713
2019,CO2/CO/NOx,2019-07-21 21:00:00+02:00,0.3438493738383379
2019,CO2/CO/NOx,2019-07-21 22:00:00+02:00,0.33373638440628733
2019,CO2/CO/NOx,2019-07-21 23:00:00+02:00,0.324362236040043
2019,CO2/CO/NOx,2019-07-22 00:00:00+02:00,0.3137091780449873
2019,CO2/CO/NOx,2019-07-22 01:00:00+02:00,0.308976347550457
2019,CO2/CO/NOx,2019-07-22 02:00:00+02:00,0.31361138411996575
2019,CO2/CO/NOx,2019-07-22 03:00:00+02:00,0.3243586013483488
2019,CO2/CO/NOx,2019-07-22 04:00:00+02:00,0.3358392658062137
2019,CO2/CO/NOx,2019-07-22 05:00:00+02:00,0.3442089203270781
2019,CO2/CO/NOx,2019-07-22 06:00:00+02:00,0.35068956805046875
2019,CO2/CO/NOx,2019-07-22 07:00:00+02:00,0.35485296371853087
2019,CO2/CO/NOx,2019-07-22 08:00:00+02:00,0.353233921989205
2019,CO2/CO/NOx,2019-07-22 09:00:00+02:00,0.3462411758131529
2019,CO2/CO/NOx,2019-07-22 10:00:00+02:00,0.344105007377156
2019,CO2/CO/NOx,2019-07-22 11:00:00+02:00,0.3430993258033195
2019,CO2/CO/NOx,2019-07-22 12:00:00+02:00,0.3416511408270096
2019,CO2/CO/NOx,2019-07-22 13:00:00+02:00,0.341254613622216
2019,CO2/CO/NOx,2019-07-22 14:00:00+02:00,0.3418248738672848
2019,CO2/CO/NOx,2019-07-22 15:00:00+02:00,0.34400607991968524
2019,CO2/CO/NOx,2019-07-22 16:00:00+02:00,0.34483980301212797
2019,CO2/CO/NOx,2019-07-22 17:00:00+02:00,0.34504743961760403
2019,CO2/CO/NOx,2019-07-22 18:00:00+02:00,0.34725237979308465
2019,CO2/CO/NOx,2019-07-22 19:00:00+02:00,0.34517712206073536
2019,CO2/CO/NOx,2019-07-22 20:00:00+02:00,0.3401082867272909
2019,CO2/CO/NOx,2019-07-22 21:00:00+02:00,0.33272456217891083
2019,CO2/CO/NOx,2019-07-22 22:00:00+02:00,0.32352172229836673
2019,CO2/CO/NOx,2019-07-22 23:00:00+02:00,0.3155467175785423
2019,CO2/CO/NOx,2019-07-23 00:00:00+02:00,0.30309445814602465
2019,CO2/CO/NOx,2019-07-23 01:00:00+02:00,0.2982953685760016
2019,CO2/CO/NOx,2019-07-23 02:00:00+02:00,0.3018844361617481
2019,CO2/CO/NOx,2019-07-23 03:00:00+02:00,0.3137201572115997
2019,CO2/CO/NOx,2019-07-23 04:00:00+02:00,0.32775709940959574
2019,CO2/CO/NOx,2019-07-23 05:00:00+02:00,0.342195173602521
2019,CO2/CO/NOx,2019-07-23 06:00:00+02:00,0.3552253571148852
2019,CO2/CO/NOx,2019-07-23 07:00:00+02:00,0.36164265466546947
2019,CO2/CO/NOx,2019-07-23 08:00:00+02:00,0.3609909517972227
2019,CO2/CO/NOx,2019-07-23 09:00:00+02:00,0.35117815639328853
2019,CO2/CO/NOx,2019-07-23 10:00:00+02:00,0.34552551662529635
2019,CO2/CO/NOx,2019-07-23 11:00:00+02:00,0.3407725877472782
2019,CO2/CO/NOx,2019-07-23 12:00:00+02:00,0.33835275849925817
2019,CO2/CO/NOx,2019-07-23 13:00:00+02:00,0.33887843304170434
2019,CO2/CO/NOx,2019-07-23 14:00:00+02:00,0.34059928080063506
2019,CO2/CO/NOx,2019-07-23 15:00:00+02:00,0.3442697799456716
2019,CO2/CO/NOx,2019-07-23 16:00:00+02:00,0.3453703721768747
2019,CO2/CO/NOx,2019-07-23 17:00:00+02:00,0.34499881590877846
2019,CO2/CO/NOx,2019-07-23 18:00:00+02:00,0.3468776907293413
2019,CO2/CO/NOx,2019-07-23 19:00:00+02:00,0.3439236531543848
2019,CO2/CO/NOx,2019-07-23 20:00:00+02:00,0.3368075318428451
2019,CO2/CO/NOx,2019-07-23 21:00:00+02:00,0.32869897113290253
2019,CO2/CO/NOx,2019-07-23 22:00:00+02:00,0.3202466651443352
2019,CO2/CO/NOx,2019-07-23 23:00:00+02:00,0.312513870180984
2019,CO2/CO/NOx,2019-07-24 00:00:00+02:00,0.3016836797991386
2019,CO2/CO/NOx,2019-07-24 01:00:00+02:00,0.29755726920456294
2019,CO2/CO/NOx,2019-07-24 02:00:00+02:00,0.2994044157687908
2019,CO2/CO/NOx,2019-07-24 03:00:00+02:00,0.31032159884599453
2019,CO2/CO/NOx,2019-07-24 04:00:00+02:00,0.3226381613496254
2019,CO2/CO/NOx,2019-07-24 05:00:00+02:00,0.33688557634618943
2019,CO2/CO/NOx,2019-07-24 06:00:00+02:00,0.3509916780388953
2019,CO2/CO/NOx,2019-07-24 07:00:00+02:00,0.3597412015280567
2019,CO2/CO/NOx,2019-07-24 08:00:00+02:00,0.36010451462639653
2019,CO2/CO/NOx,2019-07-24 09:00:00+02:00,0.3504335544437403
2019,CO2/CO/NOx,2019-07-24 10:00:00+02:00,0.34616980677566855
2019,CO2/CO/NOx,2019-07-24 11:00:00+02:00,0.34398204216249306
2019,CO2/CO/NOx,2019-07-24 12:00:00+02:00,0.3460303752102782
2019,CO2/CO/NOx,2019-07-24 13:00:00+02:00,0.35175570426684616
2019,CO2/CO/NOx,2019-07-24 14:00:00+02:00,0.3603074775401437
2019,CO2/CO/NOx,2019-07-24 15:00:00+02:00,0.3663097445077987
2019,CO2/CO/NOx,2019-07-24 16:00:00+02:00,0.366912755648193
2019,CO2/CO/NOx,2019-07-24 17:00:00+02:00,0.36180287761504354
2019,CO2/CO/NOx,2019-07-24 18:00:00+02:00,0.3561793181865912
2019,CO2/CO/NOx,2019-07-24 19:00:00+02:00,0.3477987123918344
2019,CO2/CO/NOx,2019-07-24 20:00:00+02:00,0.33734700438084364
2019,CO2/CO/NOx,2019-07-24 21:00:00+02:00,0.32614741900960437
2019,CO2/CO/NOx,2019-07-24 22:00:00+02:00,0.31627388856525435
2019,CO2/CO/NOx,2019-07-24 23:00:00+02:00,0.3094665008641046
2019,CO2/CO/NOx,2019-07-25 00:00:00+02:00,0.30032680946478624
2019,CO2/CO/NOx,2019-07-25 01:00:00+02:00,0.29776174399185085
2019,CO2/CO/NOx,2019-07-25 02:00:00+02:00,0.30191341165451463
2019,CO2/CO/NOx,2019-07-25 03:00:00+02:00,0.3123965519392625
2019,CO2/CO/NOx,2019-07-25 04:00:00+02:00,0.32292340417977
2019,CO2/CO/NOx,2019-07-25 05:00:00+02:00,0.33517594259179895
2019,CO2/CO/NOx,2019-07-25 06:00:00+02:00,0.3449120814354206
2019,CO2/CO/NOx,2019-07-25 07:00:00+02:00,0.35249584759858105
2019,CO2/CO/NOx,2019-07-25 08:00:00+02:00,0.35661450823751095
2019,CO2/CO/NOx,2019-07-25 09:00:00+02:00,0.3553915744428113
2019,CO2/CO/NOx,2019-07-25 10:00:00+02:00,0.35634638346484293
2019,CO2/CO/NOx,2019-07-25 11:00:00+02:00,0.35687435613963475
2019,CO2/CO/NOx,2019-07-25 12:00:00+02:00,0.35761884734678634
2019,CO2/CO/NOx,2019-07-25 13:00:00+02:00,0.3601213259939742
2019,CO2/CO/NOx,2019-07-25 14:00:00+02:00,0.3621121283459385
2019,CO2/CO/NOx,2019-07-25 15:00:00+02:00,0.361989272525718
2019,CO2/CO/NOx,2019-07-25 16:00:00+02:00,0.363586040018078
2019,CO2/CO/NOx,2019-07-25 17:00:00+02:00,0.3620284004769358
2019,CO2/CO/NOx,2019-07-25 18:00:00+02:00,0.36104021673269726
2019,CO2/CO/NOx,2019-07-25 19:00:00+02:00,0.3535580932409199
2019,CO2/CO/NOx,2019-07-25 20:00:00+02:00,0.34270200981128945
2019,CO2/CO/NOx,2019-07-25 21:00:00+02:00,0.33090759810866344
2019,CO2/CO/NOx,2019-07-25 22:00:00+02:00,0.3190690608210693
2019,CO2/CO/NOx,2019-07-25 23:00:00+02:00,0.30902805577171627
2019,CO2/CO/NOx,2019-07-26 00:00:00+02:00,0.2986022765238002
2019,CO2/CO/NOx,2019-07-26 01:00:00+02:00,0.2972121757925903
2019,CO2/CO/NOx,2019-07-26 02:00:00+02:00,0.3022956662426089
2019,CO2/CO/NOx,2019-07-26 03:00:00+02:00,0.3134125079818317
2019,CO2/CO/NOx,2019-07-26 04:00:00+02:00,0.32423357559076993
2019,CO2/CO/NOx,2019-07-26 05:00:00+02:00,0.3368068641001275
2019,CO2/CO/NOx,2019-07-26 06:00:00+02:00,0.3465718670568062
2019,CO2/CO/NOx,2019-07-26 07:00:00+02:00,0.35443483971003575
2019,CO2/CO/NOx,2019-07-26 08:00:00+02:00,0.3583742084551515
2019,CO2/CO/NOx,2019-07-26 09:00:00+02:00,0.3565122960113887
2019,CO2/CO/NOx,2019-07-26 10:00:00+02:00,0.3571064014487028
2019,CO2/CO/NOx,2019-07-26 11:00:00+02:00,0.35814562034699726
2019,CO2/CO/NOx,2019-07-26 12:00:00+02:00,0.3583690997610366
2019,CO2/CO/NOx,2019-07-26 13:00:00+02:00,0.3601180963817113
2019,CO2/CO/NOx,2019-07-26 14:00:00+02:00,0.36186231314989287
2019,CO2/CO/NOx,2019-07-26 15:00:00+02:00,0.36160306258575486
2019,CO2/CO/NOx,2019-07-26 16:00:00+02:00,0.3635409149148478
2019,CO2/CO/NOx,2019-07-26 17:00:00+02:00,0.362073525580166
2019,CO2/CO/NOx,2019-07-26 18:00:00+02:00,0.3611755920423879
2019,CO2/CO/NOx,2019-07-26 19:00:00+02:00,0.35299739073595376
2019,CO2/CO/NOx,2019-07-26 20:00:00+02:00,0.34247730130344206
2019,CO2/CO/NOx,2019-07-26 21:00:00+02:00,0.331639764862047
2019,CO2/CO/NOx,2019-07-26 22:00:00+02:00,0.32154312606525864
2019,CO2/CO/NOx,2019-07-26 23:00:00+02:00,0.31383712997536795
2019,CO2/CO/NOx,2019-07-27 00:00:00+02:00,0.30853644664232666
2019,CO2/CO/NOx,2019-07-27 01:00:00+02:00,0.30832547618669776
2019,CO2/CO/NOx,2019-07-27 02:00:00+02:00,0.30973650493486427
2019,CO2/CO/NOx,2019-07-27 03:00:00+02:00,0.31324787481663946
2019,CO2/CO/NOx,2019-07-27 04:00:00+02:00,0.3149159944469959
2019,CO2/CO/NOx,2019-07-27 05:00:00+02:00,0.31832772408757337
2019,CO2/CO/NOx,2019-07-27 06:00:00+02:00,0.3244478443947033
2019,CO2/CO/NOx,2019-07-27 07:00:00+02:00,0.33206289250829907
2019,CO2/CO/NOx,2019-07-27 08:00:00+02:00,0.3401167881954899
2019,CO2/CO/NOx,2019-07-27 09:00:00+02:00,0.3463246255002613
2019,CO2/CO/NOx,2019-07-27 10:00:00+02:00,0.3510162593686792
2019,CO2/CO/NOx,2019-07-27 11:00:00+02:00,0.35437829307937896
2019,CO2/CO/NOx,2019-07-27 12:00:00+02:00,0.35438771428926474
2019,CO2/CO/NOx,2019-07-27 13:00:00+02:00,0.3544899931964671
2019,CO2/CO/NOx,2019-07-27 14:00:00+02:00,0.35231707308383753
2019,CO2/CO/NOx,2019-07-27 15:00:00+02:00,0.3511640864611427
2019,CO2/CO/NOx,2019-07-27 16:00:00+02:00,0.35260708927732604
2019,CO2/CO/NOx,2019-07-27 17:00:00+02:00,0.35302614265538346
2019,CO2/CO/NOx,2019-07-27 18:00:00+02:00,0.35389539885719073
2019,CO2/CO/NOx,2019-07-27 19:00:00+02:00,0.3509089629562564
2019,CO2/CO/NOx,2019-07-27 20:00:00+02:00,0.3460294594553051
2019,CO2/CO/NOx,2019-07-27 21:00:00+02:00,0.33890623726053154
2019,CO2/CO/NOx,2019-07-27 22:00:00+02:00,0.3315811336451111
2019,CO2/CO/NOx,2019-07-27 23:00:00+02:00,0.32470124114515514
2019,CO2/CO/NOx,2019-07-28 00:00:00+02:00,0.31865969923971593
2019,CO2/CO/NOx,2019-07-28 01:00:00+02:00,0.3188733564559935
2019,CO2/CO/NOx,2019-07-28 02:00:00+02:00,0.32219332737057516
2019,CO2/CO/NOx,2019-07-28 03:00:00+02:00,0.32635095613183956
2019,CO2/CO/NOx,2019-07-28 04:00:00+02:00,0.33028665811586216
2019,CO2/CO/NOx,2019-07-28 05:00:00+02:00,0.3349550006977556
2019,CO2/CO/NOx,2019-07-28 06:00:00+02:00,0.33977277477105006
2019,CO2/CO/NOx,2019-07-28 07:00:00+02:00,0.34356069297061376
2019,CO2/CO/NOx,2019-07-28 08:00:00+02:00,0.3447748715714972
2019,CO2/CO/NOx,2019-07-28 09:00:00+02:00,0.3440317125383823
2019,CO2/CO/NOx,2019-07-28 10:00:00+02:00,0.3444210847315966
2019,CO2/CO/NOx,2019-07-28 11:00:00+02:00,0.34477248518891124
2019,CO2/CO/NOx,2019-07-28 12:00:00+02:00,0.34248484378656174
2019,CO2/CO/NOx,2019-07-28 13:00:00+02:00,0.34359205539437654
2019,CO2/CO/NOx,2019-07-28 14:00:00+02:00,0.3459504520240157
2019,CO2/CO/NOx,2019-07-28 15:00:00+02:00,0.3502662066935503
2019,CO2/CO/NOx,2019-07-28 16:00:00+02:00,0.3536876782465529
2019,CO2/CO/NOx,2019-07-28 17:00:00+02:00,0.35508621411714014
2019,CO2/CO/NOx,2019-07-28 18:00:00+02:00,0.3588610597539911
2019,CO2/CO/NOx,2019-07-28 19:00:00+02:00,0.3596036482187381
2019,CO2/CO/NOx,2019-07-28 20:00:00+02:00,0.35458454511654675
2019,CO2/CO/NOx,2019-07-28 21:00:00+02:00,0.3454433948347583
2019,CO2/CO/NOx,2019-07-28 22:00:00+02:00,0.33408859279657366
2019,CO2/CO/NOx,2019-07-28 23:00:00+02:00,0.32121507820427414
2019,CO2/CO/NOx,2019-07-29 00:00:00+02:00,0.30736892710865
2019,CO2/CO/NOx,2019-07-29 01:00:00+02:00,0.30359132478302175
2019,CO2/CO/NOx,2019-07-29 02:00:00+02:00,0.31007119957834867
2019,CO2/CO/NOx,2019-07-29 03:00:00+02:00,0.3270436575160438
2019,CO2/CO/NOx,2019-07-29 04:00:00+02:00,0.3468427674890295
2019,CO2/CO/NOx,2019-07-29 05:00:00+02:00,0.36454847333171364
2019,CO2/CO/NOx,2019-07-29 06:00:00+02:00,0.3835875622528055
2019,CO2/CO/NOx,2019-07-29 07:00:00+02:00,0.3952616006653908
2019,CO2/CO/NOx,2019-07-29 08:00:00+02:00,0.39815828686686405
2019,CO2/CO/NOx,2019-07-29 09:00:00+02:00,0.39367849031988045
2019,CO2/CO/NOx,2019-07-29 10:00:00+02:00,0.38861265157572344
2019,CO2/CO/NOx,2019-07-29 11:00:00+02:00,0.3833143701835811
2019,CO2/CO/NOx,2019-07-29 12:00:00+02:00,0.3770298759946702
2019,CO2/CO/NOx,2019-07-29 13:00:00+02:00,0.3737106821974285
2019,CO2/CO/NOx,2019-07-29 14:00:00+02:00,0.3722979628531078
2019,CO2/CO/NOx,2019-07-29 15:00:00+02:00,0.37593782702934136
2019,CO2/CO/NOx,2019-07-29 16:00:00+02:00,0.3774025497519504
2019,CO2/CO/NOx,2019-07-29 17:00:00+02:00,0.37864718250541834
2019,CO2/CO/NOx,2019-07-29 18:00:00+02:00,0.3828401136778533
2019,CO2/CO/NOx,2019-07-29 19:00:00+02:00,0.3775004182678398
2019,CO2/CO/NOx,2019-07-29 20:00:00+02:00,0.3698323907757913
2019,CO2/CO/NOx,2019-07-29 21:00:00+02:00,0.3581205298976596
2019,CO2/CO/NOx,2019-07-29 22:00:00+02:00,0.3464307045559401
2019,CO2/CO/NOx,2019-07-29 23:00:00+02:00,0.3352154216221984
2019,CO2/CO/NOx,2019-07-30 00:00:00+02:00,0.32060533867673846
2019,CO2/CO/NOx,2019-07-30 01:00:00+02:00,0.31486622123812713
2019,CO2/CO/NOx,2019-07-30 02:00:00+02:00,0.32219720383991046
2019,CO2/CO/NOx,2019-07-30 03:00:00+02:00,0.3370978856574569
2019,CO2/CO/NOx,2019-07-30 04:00:00+02:00,0.35179536358270047
2019,CO2/CO/NOx,2019-07-30 05:00:00+02:00,0.3683220838434725
2019,CO2/CO/NOx,2019-07-30 06:00:00+02:00,0.38163341220331787
2019,CO2/CO/NOx,2019-07-30 07:00:00+02:00,0.3874613964603128
2019,CO2/CO/NOx,2019-07-30 08:00:00+02:00,0.3842648902073074
2019,CO2/CO/NOx,2019-07-30 09:00:00+02:00,0.3719181172809713
2019,CO2/CO/NOx,2019-07-30 10:00:00+02:00,0.36335055669128985
2019,CO2/CO/NOx,2019-07-30 11:00:00+02:00,0.3576275788127325
2019,CO2/CO/NOx,2019-07-30 12:00:00+02:00,0.35088054627757187
2019,CO2/CO/NOx,2019-07-30 13:00:00+02:00,0.34789351270426416
2019,CO2/CO/NOx,2019-07-30 14:00:00+02:00,0.3472838760011156
2019,CO2/CO/NOx,2019-07-30 15:00:00+02:00,0.34718142652929485
2019,CO2/CO/NOx,2019-07-30 16:00:00+02:00,0.34719921099003204
2019,CO2/CO/NOx,2019-07-30 17:00:00+02:00,0.3475384896281224
2019,CO2/CO/NOx,2019-07-30 18:00:00+02:00,0.3515643065688177
2019,CO2/CO/NOx,2019-07-30 19:00:00+02:00,0.3511561904894711
2019,CO2/CO/NOx,2019-07-30 20:00:00+02:00,0.3470360368554077
2019,CO2/CO/NOx,2019-07-30 21:00:00+02:00,0.33999923081175865
2019,CO2/CO/NOx,2019-07-30 22:00:00+02:00,0.33162369774511485
2019,CO2/CO/NOx,2019-07-30 23:00:00+02:00,0.3234505818159509
2019,CO2/CO/NOx,2019-07-31 00:00:00+02:00,0.3099398079959468
2019,CO2/CO/NOx,2019-07-31 01:00:00+02:00,0.3059652788785209
2019,CO2/CO/NOx,2019-07-31 02:00:00+02:00,0.3086497120263769
2019,CO2/CO/NOx,2019-07-31 03:00:00+02:00,0.32120040927975946
2019,CO2/CO/NOx,2019-07-31 04:00:00+02:00,0.3342408596731945
2019,CO2/CO/NOx,2019-07-31 05:00:00+02:00,0.3487935241477248
2019,CO2/CO/NOx,2019-07-31 06:00:00+02:00,0.3612013766872581
2019,CO2/CO/NOx,2019-07-31 07:00:00+02:00,0.37062133190635166
2019,CO2/CO/NOx,2019-07-31 08:00:00+02:00,0.37422377046045485
2019,CO2/CO/NOx,2019-07-31 09:00:00+02:00,0.3681430521575961
2019,CO2/CO/NOx,2019-07-31 10:00:00+02:00,0.3665527426281328
2019,CO2/CO/NOx,2019-07-31 11:00:00+02:00,0.36291780092273906
2019,CO2/CO/NOx,2019-07-31 12:00:00+02:00,0.36036912859355197
2019,CO2/CO/NOx,2019-07-31 13:00:00+02:00,0.35978914954251767
2019,CO2/CO/NOx,2019-07-31 14:00:00+02:00,0.361980286785834
2019,CO2/CO/NOx,2019-07-31 15:00:00+02:00,0.3619921888917983
2019,CO2/CO/NOx,2019-07-31 16:00:00+02:00,0.36095330393293473
2019,CO2/CO/NOx,2019-07-31 17:00:00+02:00,0.35783969956138134
2019,CO2/CO/NOx,2019-07-31 18:00:00+02:00,0.3602627278504861
2019,CO2/CO/NOx,2019-07-31 19:00:00+02:00,0.35964856655453914
2019,CO2/CO/NOx,2019-07-31 20:00:00+02:00,0.355416437984816
2019,CO2/CO/NOx,2019-07-31 21:00:00+02:00,0.3482082966417397
2019,CO2/CO/NOx,2019-07-31 22:00:00+02:00,0.3434067389504658
2019,CO2/CO/NOx,2019-07-31 23:00:00+02:00,0.3380493193542215
2019,CO2/CO/NOx,2019-08-01 00:00:00+02:00,0.3271673936199301
2019,CO2/CO/NOx,2019-08-01 01:00:00+02:00,0.32756970873409774
2019,CO2/CO/NOx,2019-08-01 02:00:00+02:00,0.3379970580187493
2019,CO2/CO/NOx,2019-08-01 03:00:00+02:00,0.35846989456414285
2019,CO2/CO/NOx,2019-08-01 04:00:00+02:00,0.3772867643950963
2019,CO2/CO/NOx,2019-08-01 05:00:00+02:00,0.395014562328638
2019,CO2/CO/NOx,2019-08-01 06:00:00+02:00,0.41079012541642806
2019,CO2/CO/NOx,2019-08-01 07:00:00+02:00,0.41788485209979076
2019,CO2/CO/NOx,2019-08-01 08:00:00+02:00,0.413283980553998
2019,CO2/CO/NOx,2019-08-01 09:00:00+02:00,0.39747805299143296
2019,CO2/CO/NOx,2019-08-01 10:00:00+02:00,0.38993677637092244
2019,CO2/CO/NOx,2019-08-01 11:00:00+02:00,0.38282793096623263
2019,CO2/CO/NOx,2019-08-01 12:00:00+02:00,0.37709231499967427
2019,CO2/CO/NOx,2019-08-01 13:00:00+02:00,0.37072062206627954
2019,CO2/CO/NOx,2019-08-01 14:00:00+02:00,0.36685050647174666
2019,CO2/CO/NOx,2019-08-01 15:00:00+02:00,0.3680633369209237
2019,CO2/CO/NOx,2019-08-01 16:00:00+02:00,0.36450665558952966
2019,CO2/CO/NOx,2019-08-01 17:00:00+02:00,0.361176681820101
2019,CO2/CO/NOx,2019-08-01 18:00:00+02:00,0.36401116985386806
2019,CO2/CO/NOx,2019-08-01 19:00:00+02:00,0.3634914500575738
2019,CO2/CO/NOx,2019-08-01 20:00:00+02:00,0.3576454441409305
2019,CO2/CO/NOx,2019-08-01 21:00:00+02:00,0.34835858955392207
2019,CO2/CO/NOx,2019-08-01 22:00:00+02:00,0.33519091334250156
2019,CO2/CO/NOx,2019-08-01 23:00:00+02:00,0.32649449122251445
2019,CO2/CO/NOx,2019-08-02 00:00:00+02:00,0.3124186424388515
2019,CO2/CO/NOx,2019-08-02 01:00:00+02:00,0.30469425905680825
2019,CO2/CO/NOx,2019-08-02 02:00:00+02:00,0.3113276004527433
2019,CO2/CO/NOx,2019-08-02 03:00:00+02:00,0.32904756889842063
2019,CO2/CO/NOx,2019-08-02 04:00:00+02:00,0.340791746573163
2019,CO2/CO/NOx,2019-08-02 05:00:00+02:00,0.35243642170345124
2019,CO2/CO/NOx,2019-08-02 06:00:00+02:00,0.361525242593039
2019,CO2/CO/NOx,2019-08-02 07:00:00+02:00,0.36642507152567055
2019,CO2/CO/NOx,2019-08-02 08:00:00+02:00,0.36622059561977444
2019,CO2/CO/NOx,2019-08-02 09:00:00+02:00,0.3551650439115363
2019,CO2/CO/NOx,2019-08-02 10:00:00+02:00,0.34954992526745926
2019,CO2/CO/NOx,2019-08-02 11:00:00+02:00,0.3479174217327107
2019,CO2/CO/NOx,2019-08-02 12:00:00+02:00,0.3459550051228986
2019,CO2/CO/NOx,2019-08-02 13:00:00+02:00,0.3437725753238857
2019,CO2/CO/NOx,2019-08-02 14:00:00+02:00,0.34330343865669855
2019,CO2/CO/NOx,2019-08-02 15:00:00+02:00,0.3447086647383656
2019,CO2/CO/NOx,2019-08-02 16:00:00+02:00,0.3465159312824655
2019,CO2/CO/NOx,2019-08-02 17:00:00+02:00,0.3482668658832184
2019,CO2/CO/NOx,2019-08-02 18:00:00+02:00,0.35399881202735883
2019,CO2/CO/NOx,2019-08-02 19:00:00+02:00,0.3533056494088132
2019,CO2/CO/NOx,2019-08-02 20:00:00+02:00,0.34941281913490446
2019,CO2/CO/NOx,2019-08-02 21:00:00+02:00,0.34279064644047197
2019,CO2/CO/NOx,2019-08-02 22:00:00+02:00,0.3340829995009636
2019,CO2/CO/NOx,2019-08-02 23:00:00+02:00,0.3242928292555362
2019,CO2/CO/NOx,2019-08-03 00:00:00+02:00,0.31531921116227213
2019,CO2/CO/NOx,2019-08-03 01:00:00+02:00,0.3162290078585124
2019,CO2/CO/NOx,2019-08-03 02:00:00+02:00,0.32299221431272923
2019,CO2/CO/NOx,2019-08-03 03:00:00+02:00,0.33849913294065964
2019,CO2/CO/NOx,2019-08-03 04:00:00+02:00,0.3512634621649127
2019,CO2/CO/NOx,2019-08-03 05:00:00+02:00,0.3651743734729347
2019,CO2/CO/NOx,2019-08-03 06:00:00+02:00,0.3751510277339104
2019,CO2/CO/NOx,2019-08-03 07:00:00+02:00,0.3791759350279426
2019,CO2/CO/NOx,2019-08-03 08:00:00+02:00,0.37531791617021404
2019,CO2/CO/NOx,2019-08-03 09:00:00+02:00,0.3656069985074965
2019,CO2/CO/NOx,2019-08-03 10:00:00+02:00,0.35747822429730103
2019,CO2/CO/NOx,2019-08-03 11:00:00+02:00,0.35246491145938225
2019,CO2/CO/NOx,2019-08-03 12:00:00+02:00,0.35254352389264376
2019,CO2/CO/NOx,2019-08-03 13:00:00+02:00,0.35709236114336224
2019,CO2/CO/NOx,2019-08-03 14:00:00+02:00,0.3638865146184969
2019,CO2/CO/NOx,2019-08-03 15:00:00+02:00,0.3711252071996905
2019,CO2/CO/NOx,2019-08-03 16:00:00+02:00,0.37577139503033125
2019,CO2/CO/NOx,2019-08-03 17:00:00+02:00,0.3761246149760364
2019,CO2/CO/NOx,2019-08-03 18:00:00+02:00,0.37489157524859523
2019,CO2/CO/NOx,2019-08-03 19:00:00+02:00,0.3662815643867137
2019,CO2/CO/NOx,2019-08-03 20:00:00+02:00,0.35662169408751326
2019,CO2/CO/NOx,2019-08-03 21:00:00+02:00,0.3431914343906932
2019,CO2/CO/NOx,2019-08-03 22:00:00+02:00,0.33373148268104685
2019,CO2/CO/NOx,2019-08-03 23:00:00+02:00,0.32667123896033123
2019,CO2/CO/NOx,2019-08-04 00:00:00+02:00,0.3229449262217404
2019,CO2/CO/NOx,2019-08-04 01:00:00+02:00,0.3281725134842277
2019,CO2/CO/NOx,2019-08-04 02:00:00+02:00,0.3407937122040275
2019,CO2/CO/NOx,2019-08-04 03:00:00+02:00,0.36266166560354623
2019,CO2/CO/NOx,2019-08-04 04:00:00+02:00,0.3797056204018987
2019,CO2/CO/NOx,2019-08-04 05:00:00+02:00,0.3907819539273928
2019,CO2/CO/NOx,2019-08-04 06:00:00+02:00,0.39631781970399765
2019,CO2/CO/NOx,2019-08-04 07:00:00+02:00,0.39647572308474627
2019,CO2/CO/NOx,2019-08-04 08:00:00+02:00,0.3869566758963416
2019,CO2/CO/NOx,2019-08-04 09:00:00+02:00,0.37240171357292456
2019,CO2/CO/NOx,2019-08-04 10:00:00+02:00,0.3627242070873204
2019,CO2/CO/NOx,2019-08-04 11:00:00+02:00,0.35620000444875644
2019,CO2/CO/NOx,2019-08-04 12:00:00+02:00,0.35656765697969445
2019,CO2/CO/NOx,2019-08-04 13:00:00+02:00,0.35800426515470446
2019,CO2/CO/NOx,2019-08-04 14:00:00+02:00,0.36104312993387694
2019,CO2/CO/NOx,2019-08-04 15:00:00+02:00,0.3672537806099689
2019,CO2/CO/NOx,2019-08-04 16:00:00+02:00,0.3680275378045926
2019,CO2/CO/NOx,2019-08-04 17:00:00+02:00,0.36708058966796653
2019,CO2/CO/NOx,2019-08-04 18:00:00+02:00,0.36842049543245114
2019,CO2/CO/NOx,2019-08-04 19:00:00+02:00,0.3658582824832832
2019,CO2/CO/NOx,2019-08-04 20:00:00+02:00,0.358247721446896
2019,CO2/CO/NOx,2019-08-04 21:00:00+02:00,0.3479236029079008
2019,CO2/CO/NOx,2019-08-04 22:00:00+02:00,0.33627797954318017
2019,CO2/CO/NOx,2019-08-04 23:00:00+02:00,0.3249592118560114
2019,CO2/CO/NOx,2019-08-05 00:00:00+02:00,0.311154979324244
2019,CO2/CO/NOx,2019-08-05 01:00:00+02:00,0.30368991189144523
2019,CO2/CO/NOx,2019-08-05 02:00:00+02:00,0.3068576450347243
2019,CO2/CO/NOx,2019-08-05 03:00:00+02:00,0.31717735319332174
2019,CO2/CO/NOx,2019-08-05 04:00:00+02:00,0.3273792666199164
2019,CO2/CO/NOx,2019-08-05 05:00:00+02:00,0.3381806326419596
2019,CO2/CO/NOx,2019-08-05 06:00:00+02:00,0.3491700723630461
2019,CO2/CO/NOx,2019-08-05 07:00:00+02:00,0.35636546680875186
2019,CO2/CO/NOx,2019-08-05 08:00:00+02:00,0.358060802490122
2019,CO2/CO/NOx,2019-08-05 09:00:00+02:00,0.35292166250462564
2019,CO2/CO/NOx,2019-08-05 10:00:00+02:00,0.350543028182081
2019,CO2/CO/NOx,2019-08-05 11:00:00+02:00,0.3487338819230941
2019,CO2/CO/NOx,2019-08-05 12:00:00+02:00,0.34756485495061845
2019,CO2/CO/NOx,2019-08-05 13:00:00+02:00,0.34641144857415923
2019,CO2/CO/NOx,2019-08-05 14:00:00+02:00,0.34686705260043355
2019,CO2/CO/NOx,2019-08-05 15:00:00+02:00,0.34865769642528033
2019,CO2/CO/NOx,2019-08-05 16:00:00+02:00,0.3485992058804796
2019,CO2/CO/NOx,2019-08-05 17:00:00+02:00,0.3476211391543726
2019,CO2/CO/NOx,2019-08-05 18:00:00+02:00,0.34913462946121077
2019,CO2/CO/NOx,2019-08-05 19:00:00+02:00,0.3469748108582987
2019,CO2/CO/NOx,2019-08-05 20:00:00+02:00,0.3433268617100412
2019,CO2/CO/NOx,2019-08-05 21:00:00+02:00,0.33702781931318926
2019,CO2/CO/NOx,2019-08-05 22:00:00+02:00,0.3268767178916128
2019,CO2/CO/NOx,2019-08-05 23:00:00+02:00,0.31597944751423046
2019,CO2/CO/NOx,2019-08-06 00:00:00+02:00,0.30236219538328823
2019,CO2/CO/NOx,2019-08-06 01:00:00+02:00,0.29481001407713503
2019,CO2/CO/NOx,2019-08-06 02:00:00+02:00,0.2947156781742437
2019,CO2/CO/NOx,2019-08-06 03:00:00+02:00,0.3039405022508531
2019,CO2/CO/NOx,2019-08-06 04:00:00+02:00,0.3174979855675339
2019,CO2/CO/NOx,2019-08-06 05:00:00+02:00,0.3322096811409279
2019,CO2/CO/NOx,2019-08-06 06:00:00+02:00,0.3469205357272637
2019,CO2/CO/NOx,2019-08-06 07:00:00+02:00,0.3559520398628183
2019,CO2/CO/NOx,2019-08-06 08:00:00+02:00,0.35837799766279493
2019,CO2/CO/NOx,2019-08-06 09:00:00+02:00,0.3537201322196997
2019,CO2/CO/NOx,2019-08-06 10:00:00+02:00,0.3491234573942939
2019,CO2/CO/NOx,2019-08-06 11:00:00+02:00,0.34340287438208444
2019,CO2/CO/NOx,2019-08-06 12:00:00+02:00,0.33867345576226615
2019,CO2/CO/NOx,2019-08-06 13:00:00+02:00,0.33676947963629306
2019,CO2/CO/NOx,2019-08-06 14:00:00+02:00,0.33530921035716493
2019,CO2/CO/NOx,2019-08-06 15:00:00+02:00,0.3354140945200564
2019,CO2/CO/NOx,2019-08-06 16:00:00+02:00,0.33539834101846744
2019,CO2/CO/NOx,2019-08-06 17:00:00+02:00,0.33698159232959735
2019,CO2/CO/NOx,2019-08-06 18:00:00+02:00,0.3423354147692912
2019,CO2/CO/NOx,2019-08-06 19:00:00+02:00,0.3427492220433814
2019,CO2/CO/NOx,2019-08-06 20:00:00+02:00,0.33974830634146147
2019,CO2/CO/NOx,2019-08-06 21:00:00+02:00,0.3337174100981834
2019,CO2/CO/NOx,2019-08-06 22:00:00+02:00,0.32590026446989734
2019,CO2/CO/NOx,2019-08-06 23:00:00+02:00,0.3177268692628254
2019,CO2/CO/NOx,2019-08-07 00:00:00+02:00,0.3066315567272744
2019,CO2/CO/NOx,2019-08-07 01:00:00+02:00,0.3047786156506694
2019,CO2/CO/NOx,2019-08-07 02:00:00+02:00,0.3105257323860056
2019,CO2/CO/NOx,2019-08-07 03:00:00+02:00,0.323874149901824
2019,CO2/CO/NOx,2019-08-07 04:00:00+02:00,0.3359701168674849
2019,CO2/CO/NOx,2019-08-07 05:00:00+02:00,0.3463670584286212
2019,CO2/CO/NOx,2019-08-07 06:00:00+02:00,0.3548817482594493
2019,CO2/CO/NOx,2019-08-07 07:00:00+02:00,0.3585097467812976
2019,CO2/CO/NOx,2019-08-07 08:00:00+02:00,0.35665145528396136
2019,CO2/CO/NOx,2019-08-07 09:00:00+02:00,0.3486891597663484
2019,CO2/CO/NOx,2019-08-07 10:00:00+02:00,0.34353168738217627
2019,CO2/CO/NOx,2019-08-07 11:00:00+02:00,0.33904578173877525
2019,CO2/CO/NOx,2019-08-07 12:00:00+02:00,0.33751804656640827
2019,CO2/CO/NOx,2019-08-07 13:00:00+02:00,0.3380316076479216
2019,CO2/CO/NOx,2019-08-07 14:00:00+02:00,0.34002504415467283
2019,CO2/CO/NOx,2019-08-07 15:00:00+02:00,0.34531864358762543
2019,CO2/CO/NOx,2019-08-07 16:00:00+02:00,0.34778506238910417
2019,CO2/CO/NOx,2019-08-07 17:00:00+02:00,0.3506108528503466
2019,CO2/CO/NOx,2019-08-07 18:00:00+02:00,0.35940381265958443
2019,CO2/CO/NOx,2019-08-07 19:00:00+02:00,0.36075315927956103
2019,CO2/CO/NOx,2019-08-07 20:00:00+02:00,0.3580881219938832
2019,CO2/CO/NOx,2019-08-07 21:00:00+02:00,0.3537321990235109
2019,CO2/CO/NOx,2019-08-07 22:00:00+02:00,0.3443735817929744
2019,CO2/CO/NOx,2019-08-07 23:00:00+02:00,0.33333036963732987
2019,CO2/CO/NOx,2019-08-08 00:00:00+02:00,0.3190609721584986
2019,CO2/CO/NOx,2019-08-08 01:00:00+02:00,0.3128020843275286
2019,CO2/CO/NOx,2019-08-08 02:00:00+02:00,0.31819203867187945
2019,CO2/CO/NOx,2019-08-08 03:00:00+02:00,0.33596870664082246
2019,CO2/CO/NOx,2019-08-08 04:00:00+02:00,0.3489351197132118
2019,CO2/CO/NOx,2019-08-08 05:00:00+02:00,0.36300854389071346
2019,CO2/CO/NOx,2019-08-08 06:00:00+02:00,0.3771906261375462
2019,CO2/CO/NOx,2019-08-08 07:00:00+02:00,0.38387861823378094
2019,CO2/CO/NOx,2019-08-08 08:00:00+02:00,0.38147896841086937
2019,CO2/CO/NOx,2019-08-08 09:00:00+02:00,0.37062379333667356
2019,CO2/CO/NOx,2019-08-08 10:00:00+02:00,0.3630147449041274
2019,CO2/CO/NOx,2019-08-08 11:00:00+02:00,0.3570942098351835
2019,CO2/CO/NOx,2019-08-08 12:00:00+02:00,0.3531100670737189
2019,CO2/CO/NOx,2019-08-08 13:00:00+02:00,0.3501613338112329
2019,CO2/CO/NOx,2019-08-08 14:00:00+02:00,0.35167370001453646
2019,CO2/CO/NOx,2019-08-08 15:00:00+02:00,0.3546310192981464
2019,CO2/CO/NOx,2019-08-08 16:00:00+02:00,0.3563954501778359
2019,CO2/CO/NOx,2019-08-08 17:00:00+02:00,0.35750814601768943
2019,CO2/CO/NOx,2019-08-08 18:00:00+02:00,0.3642728515287735
2019,CO2/CO/NOx,2019-08-08 19:00:00+02:00,0.3627403933335915
2019,CO2/CO/NOx,2019-08-08 20:00:00+02:00,0.3568959564957072
2019,CO2/CO/NOx,2019-08-08 21:00:00+02:00,0.3473281110982378
2019,CO2/CO/NOx,2019-08-08 22:00:00+02:00,0.33867442489707883
2019,CO2/CO/NOx,2019-08-08 23:00:00+02:00,0.3278904528894574
2019,CO2/CO/NOx,2019-08-09 00:00:00+02:00,0.3093241189556491
2019,CO2/CO/NOx,2019-08-09 01:00:00+02:00,0.3044506470117704
2019,CO2/CO/NOx,2019-08-09 02:00:00+02:00,0.315073353805382
2019,CO2/CO/NOx,2019-08-09 03:00:00+02:00,0.33850300996705235
2019,CO2/CO/NOx,2019-08-09 04:00:00+02:00,0.35687002711210797
2019,CO2/CO/NOx,2019-08-09 05:00:00+02:00,0.3765186354162071
2019,CO2/CO/NOx,2019-08-09 06:00:00+02:00,0.3904619212711267
2019,CO2/CO/NOx,2019-08-09 07:00:00+02:00,0.39577833686933933
2019,CO2/CO/NOx,2019-08-09 08:00:00+02:00,0.38783520086566864
2019,CO2/CO/NOx,2019-08-09 09:00:00+02:00,0.3684608269832684
2019,CO2/CO/NOx,2019-08-09 10:00:00+02:00,0.35703478134323613
2019,CO2/CO/NOx,2019-08-09 11:00:00+02:00,0.3499911608137994
2019,CO2/CO/NOx,2019-08-09 12:00:00+02:00,0.34740006056719097
2019,CO2/CO/NOx,2019-08-09 13:00:00+02:00,0.34801941942348646
2019,CO2/CO/NOx,2019-08-09 14:00:00+02:00,0.3558509018199827
2019,CO2/CO/NOx,2019-08-09 15:00:00+02:00,0.3625449353632796
2019,CO2/CO/NOx,2019-08-09 16:00:00+02:00,0.36493116190889074
2019,CO2/CO/NOx,2019-08-09 17:00:00+02:00,0.3638236184002376
2019,CO2/CO/NOx,2019-08-09 18:00:00+02:00,0.3622993479400294
2019,CO2/CO/NOx,2019-08-09 19:00:00+02:00,0.3534170393318056
2019,CO2/CO/NOx,2019-08-09 20:00:00+02:00,0.34191143860068157
2019,CO2/CO/NOx,2019-08-09 21:00:00+02:00,0.3293424081376122
2019,CO2/CO/NOx,2019-08-09 22:00:00+02:00,0.31795806734812254
2019,CO2/CO/NOx,2019-08-09 23:00:00+02:00,0.309610295344887
2019,CO2/CO/NOx,2019-08-10 00:00:00+02:00,0.30387305626542954
2019,CO2/CO/NOx,2019-08-10 01:00:00+02:00,0.3020958319647228
2019,CO2/CO/NOx,2019-08-10 02:00:00+02:00,0.3064671323111732
2019,CO2/CO/NOx,2019-08-10 03:00:00+02:00,0.31154664418917316
2019,CO2/CO/NOx,2019-08-10 04:00:00+02:00,0.3144718914766387
2019,CO2/CO/NOx,2019-08-10 05:00:00+02:00,0.3197620678779203
2019,CO2/CO/NOx,2019-08-10 06:00:00+02:00,0.32579863994555475
2019,CO2/CO/NOx,2019-08-10 07:00:00+02:00,0.3320766814176748
2019,CO2/CO/NOx,2019-08-10 08:00:00+02:00,0.33470827041242923
2019,CO2/CO/NOx,2019-08-10 09:00:00+02:00,0.33938070397935255
2019,CO2/CO/NOx,2019-08-10 10:00:00+02:00,0.34560945297053125
2019,CO2/CO/NOx,2019-08-10 11:00:00+02:00,0.3502595435327713
2019,CO2/CO/NOx,2019-08-10 12:00:00+02:00,0.3491505519145948
2019,CO2/CO/NOx,2019-08-10 13:00:00+02:00,0.35162741932378
2019,CO2/CO/NOx,2019-08-10 14:00:00+02:00,0.35450310818185
2019,CO2/CO/NOx,2019-08-10 15:00:00+02:00,0.35755484720209724
2019,CO2/CO/NOx,2019-08-10 16:00:00+02:00,0.3571018087724432
2019,CO2/CO/NOx,2019-08-10 17:00:00+02:00,0.35210825468264906
2019,CO2/CO/NOx,2019-08-10 18:00:00+02:00,0.3514825515842892
2019,CO2/CO/NOx,2019-08-10 19:00:00+02:00,0.34866219813009897
2019,CO2/CO/NOx,2019-08-10 20:00:00+02:00,0.34352071416245533
2019,CO2/CO/NOx,2019-08-10 21:00:00+02:00,0.3360009739165229
2019,CO2/CO/NOx,2019-08-10 22:00:00+02:00,0.3300799154644154
2019,CO2/CO/NOx,2019-08-10 23:00:00+02:00,0.3259355921221304
2019,CO2/CO/NOx,2019-08-11 00:00:00+02:00,0.32323975995922444
2019,CO2/CO/NOx,2019-08-11 01:00:00+02:00,0.3217715300590223
2019,CO2/CO/NOx,2019-08-11 02:00:00+02:00,0.32158902530278005
2019,CO2/CO/NOx,2019-08-11 03:00:00+02:00,0.3236312908988155
2019,CO2/CO/NOx,2019-08-11 04:00:00+02:00,0.32660237131237546
2019,CO2/CO/NOx,2019-08-11 05:00:00+02:00,0.3312958025806742
2019,CO2/CO/NOx,2019-08-11 06:00:00+02:00,0.3352308204115425
2019,CO2/CO/NOx,2019-08-11 07:00:00+02:00,0.3389620623725267
2019,CO2/CO/NOx,2019-08-11 08:00:00+02:00,0.34214748817979196
2019,CO2/CO/NOx,2019-08-11 09:00:00+02:00,0.3445938249403468
2019,CO2/CO/NOx,2019-08-11 10:00:00+02:00,0.3472378900090607
2019,CO2/CO/NOx,2019-08-11 11:00:00+02:00,0.34718342578715117
2019,CO2/CO/NOx,2019-08-11 12:00:00+02:00,0.3450666937958783
2019,CO2/CO/NOx,2019-08-11 13:00:00+02:00,0.34421381264998
2019,CO2/CO/NOx,2019-08-11 14:00:00+02:00,0.3450453130665597
2019,CO2/CO/NOx,2019-08-11 15:00:00+02:00,0.3468897711747464
2019,CO2/CO/NOx,2019-08-11 16:00:00+02:00,0.34863268798057323
2019,CO2/CO/NOx,2019-08-11 17:00:00+02:00,0.34921785295671776
2019,CO2/CO/NOx,2019-08-11 18:00:00+02:00,0.3513981643993667
2019,CO2/CO/NOx,2019-08-11 19:00:00+02:00,0.35034512822851194
2019,CO2/CO/NOx,2019-08-11 20:00:00+02:00,0.34516707603301466
2019,CO2/CO/NOx,2019-08-11 21:00:00+02:00,0.3369851817635894
2019,CO2/CO/NOx,2019-08-11 22:00:00+02:00,0.3283000259272635
2019,CO2/CO/NOx,2019-08-11 23:00:00+02:00,0.320892676967583
2019,CO2/CO/NOx,2019-08-12 00:00:00+02:00,0.3110917038453907
2019,CO2/CO/NOx,2019-08-12 01:00:00+02:00,0.3105792427838755
2019,CO2/CO/NOx,2019-08-12 02:00:00+02:00,0.31426391056239267
2019,CO2/CO/NOx,2019-08-12 03:00:00+02:00,0.32527890111008095
2019,CO2/CO/NOx,2019-08-12 04:00:00+02:00,0.34178325970040846
2019,CO2/CO/NOx,2019-08-12 05:00:00+02:00,0.35936033240687204
2019,CO2/CO/NOx,2019-08-12 06:00:00+02:00,0.3789029594445202
2019,CO2/CO/NOx,2019-08-12 07:00:00+02:00,0.393975752207797
2019,CO2/CO/NOx,2019-08-12 08:00:00+02:00,0.4026204920596077
2019,CO2/CO/NOx,2019-08-12 09:00:00+02:00,0.3997750209264976
2019,CO2/CO/NOx,2019-08-12 10:00:00+02:00,0.39748067826957373
2019,CO2/CO/NOx,2019-08-12 11:00:00+02:00,0.3926819713859197
2019,CO2/CO/NOx,2019-08-12 12:00:00+02:00,0.38927328581583914
2019,CO2/CO/NOx,2019-08-12 13:00:00+02:00,0.39383514017468507
2019,CO2/CO/NOx,2019-08-12 14:00:00+02:00,0.3986522726903782
2019,CO2/CO/NOx,2019-08-12 15:00:00+02:00,0.4075412987820201
2019,CO2/CO/NOx,2019-08-12 16:00:00+02:00,0.41285510514297297
2019,CO2/CO/NOx,2019-08-12 17:00:00+02:00,0.4170453247240289
2019,CO2/CO/NOx,2019-08-12 18:00:00+02:00,0.4208863730712458
2019,CO2/CO/NOx,2019-08-12 19:00:00+02:00,0.41490908879146293
2019,CO2/CO/NOx,2019-08-12 20:00:00+02:00,0.40585848007624237
2019,CO2/CO/NOx,2019-08-12 21:00:00+02:00,0.3936353788054199
2019,CO2/CO/NOx,2019-08-12 22:00:00+02:00,0.38229244020221154
2019,CO2/CO/NOx,2019-08-12 23:00:00+02:00,0.37344239037091514
2019,CO2/CO/NOx,2019-08-13 00:00:00+02:00,0.3623970001729574
2019,CO2/CO/NOx,2019-08-13 01:00:00+02:00,0.35616309647424027
2019,CO2/CO/NOx,2019-08-13 02:00:00+02:00,0.35510233724474427
2019,CO2/CO/NOx,2019-08-13 03:00:00+02:00,0.36988104843588926
2019,CO2/CO/NOx,2019-08-13 04:00:00+02:00,0.38549670596359376
2019,CO2/CO/NOx,2019-08-13 05:00:00+02:00,0.4077370182868982
2019,CO2/CO/NOx,2019-08-13 06:00:00+02:00,0.4296461771529556
2019,CO2/CO/NOx,2019-08-13 07:00:00+02:00,0.44013043549817427
2019,CO2/CO/NOx,2019-08-13 08:00:00+02:00,0.4434369575347037
2019,CO2/CO/NOx,2019-08-13 09:00:00+02:00,0.43104267217144027
2019,CO2/CO/NOx,2019-08-13 10:00:00+02:00,0.41485695763776137
2019,CO2/CO/NOx,2019-08-13 11:00:00+02:00,0.40143516508686217
2019,CO2/CO/NOx,2019-08-13 12:00:00+02:00,0.39607464281573534
2019,CO2/CO/NOx,2019-08-13 13:00:00+02:00,0.3963336518155823
2019,CO2/CO/NOx,2019-08-13 14:00:00+02:00,0.401582085556857
2019,CO2/CO/NOx,2019-08-13 15:00:00+02:00,0.41132988504661416
2019,CO2/CO/NOx,2019-08-13 16:00:00+02:00,0.41524050669261364
2019,CO2/CO/NOx,2019-08-13 17:00:00+02:00,0.41780920985279124
2019,CO2/CO/NOx,2019-08-13 18:00:00+02:00,0.421464257344452
2019,CO2/CO/NOx,2019-08-13 19:00:00+02:00,0.4166346731276589
2019,CO2/CO/NOx,2019-08-13 20:00:00+02:00,0.4078398695294869
2019,CO2/CO/NOx,2019-08-13 21:00:00+02:00,0.3911706254777133
2019,CO2/CO/NOx,2019-08-13 22:00:00+02:00,0.3712314996293661
2019,CO2/CO/NOx,2019-08-13 23:00:00+02:00,0.3658300888833208
2019,CO2/CO/NOx,2019-08-14 00:00:00+02:00,0.36599156228494345
2019,CO2/CO/NOx,2019-08-14 01:00:00+02:00,0.38299052076692075
2019,CO2/CO/NOx,2019-08-14 02:00:00+02:00,0.41216532585919935
2019,CO2/CO/NOx,2019-08-14 03:00:00+02:00,0.4512749859372468
2019,CO2/CO/NOx,2019-08-14 04:00:00+02:00,0.4890667600027145
2019,CO2/CO/NOx,2019-08-14 05:00:00+02:00,0.5161451213627796
2019,CO2/CO/NOx,2019-08-14 06:00:00+02:00,0.5304221977553217
2019,CO2/CO/NOx,2019-08-14 07:00:00+02:00,0.5263673697108107
2019,CO2/CO/NOx,2019-08-14 08:00:00+02:00,0.5138796501421579
2019,CO2/CO/NOx,2019-08-14 09:00:00+02:00,0.48505978853033616
2019,CO2/CO/NOx,2019-08-14 10:00:00+02:00,0.4584954655132165
2019,CO2/CO/NOx,2019-08-14 11:00:00+02:00,0.43368986803021087
2019,CO2/CO/NOx,2019-08-14 12:00:00+02:00,0.41697111475041915
2019,CO2/CO/NOx,2019-08-14 13:00:00+02:00,0.40611573716612176
2019,CO2/CO/NOx,2019-08-14 14:00:00+02:00,0.39319945500696313
2019,CO2/CO/NOx,2019-08-14 15:00:00+02:00,0.38336405293940345
2019,CO2/CO/NOx,2019-08-14 16:00:00+02:00,0.3766310698206281
2019,CO2/CO/NOx,2019-08-14 17:00:00+02:00,0.3799341386050787
2019,CO2/CO/NOx,2019-08-14 18:00:00+02:00,0.39173672818292293
2019,CO2/CO/NOx,2019-08-14 19:00:00+02:00,0.39759783968416396
2019,CO2/CO/NOx,2019-08-14 20:00:00+02:00,0.4007598231618998
2019,CO2/CO/NOx,2019-08-14 21:00:00+02:00,0.40576375821275745
2019,CO2/CO/NOx,2019-08-14 22:00:00+02:00,0.4105012001387021
2019,CO2/CO/NOx,2019-08-14 23:00:00+02:00,0.40445687766512295
2019,CO2/CO/NOx,2019-08-15 00:00:00+02:00,0.39413408031158703
2019,CO2/CO/NOx,2019-08-15 01:00:00+02:00,0.40436442173031595
2019,CO2/CO/NOx,2019-08-15 02:00:00+02:00,0.43756828687745164
2019,CO2/CO/NOx,2019-08-15 03:00:00+02:00,0.4844593347989884
2019,CO2/CO/NOx,2019-08-15 04:00:00+02:00,0.5210722883707901
2019,CO2/CO/NOx,2019-08-15 05:00:00+02:00,0.5498156135054021
2019,CO2/CO/NOx,2019-08-15 06:00:00+02:00,0.5678952400605546
2019,CO2/CO/NOx,2019-08-15 07:00:00+02:00,0.5640628689291384
2019,CO2/CO/NOx,2019-08-15 08:00:00+02:00,0.5258864585046412
2019,CO2/CO/NOx,2019-08-15 09:00:00+02:00,0.4798570859717404
2019,CO2/CO/NOx,2019-08-15 10:00:00+02:00,0.44939938559584386
2019,CO2/CO/NOx,2019-08-15 11:00:00+02:00,0.4260322783950608
2019,CO2/CO/NOx,2019-08-15 12:00:00+02:00,0.42758916500822275
2019,CO2/CO/NOx,2019-08-15 13:00:00+02:00,0.4327435774696858
2019,CO2/CO/NOx,2019-08-15 14:00:00+02:00,0.4549108436608134
2019,CO2/CO/NOx,2019-08-15 15:00:00+02:00,0.4701817820524574
2019,CO2/CO/NOx,2019-08-15 16:00:00+02:00,0.4696353402426864
2019,CO2/CO/NOx,2019-08-15 17:00:00+02:00,0.45692677060752557
2019,CO2/CO/NOx,2019-08-15 18:00:00+02:00,0.4486513908925413
2019,CO2/CO/NOx,2019-08-15 19:00:00+02:00,0.4271696453393653
2019,CO2/CO/NOx,2019-08-15 20:00:00+02:00,0.39693915025855514
2019,CO2/CO/NOx,2019-08-15 21:00:00+02:00,0.3798984037251458
2019,CO2/CO/NOx,2019-08-15 22:00:00+02:00,0.36099851025858654
2019,CO2/CO/NOx,2019-08-15 23:00:00+02:00,0.35545174077281055
2019,CO2/CO/NOx,2019-08-16 00:00:00+02:00,0.348424769867127
2019,CO2/CO/NOx,2019-08-16 01:00:00+02:00,0.3603707614311348
2019,CO2/CO/NOx,2019-08-16 02:00:00+02:00,0.3925137135022148
2019,CO2/CO/NOx,2019-08-16 03:00:00+02:00,0.4302782342121151
2019,CO2/CO/NOx,2019-08-16 04:00:00+02:00,0.45543986528363156
2019,CO2/CO/NOx,2019-08-16 05:00:00+02:00,0.4689406139020718
2019,CO2/CO/NOx,2019-08-16 06:00:00+02:00,0.4746891916345782
2019,CO2/CO/NOx,2019-08-16 07:00:00+02:00,0.4600246257109693
2019,CO2/CO/NOx,2019-08-16 08:00:00+02:00,0.4314438704697526
2019,CO2/CO/NOx,2019-08-16 09:00:00+02:00,0.40056839608351985
2019,CO2/CO/NOx,2019-08-16 10:00:00+02:00,0.3844009351476349
2019,CO2/CO/NOx,2019-08-16 11:00:00+02:00,0.3782957167539139
2019,CO2/CO/NOx,2019-08-16 12:00:00+02:00,0.3727087567760858
2019,CO2/CO/NOx,2019-08-16 13:00:00+02:00,0.3699516605899289
2019,CO2/CO/NOx,2019-08-16 14:00:00+02:00,0.36599899420566473
2019,CO2/CO/NOx,2019-08-16 15:00:00+02:00,0.367495220986115
2019,CO2/CO/NOx,2019-08-16 16:00:00+02:00,0.36522531166171107
2019,CO2/CO/NOx,2019-08-16 17:00:00+02:00,0.3627028653268619
2019,CO2/CO/NOx,2019-08-16 18:00:00+02:00,0.365797267845379
2019,CO2/CO/NOx,2019-08-16 19:00:00+02:00,0.36187510001736184
2019,CO2/CO/NOx,2019-08-16 20:00:00+02:00,0.3593120183248959
2019,CO2/CO/NOx,2019-08-16 21:00:00+02:00,0.3529941590289638
2019,CO2/CO/NOx,2019-08-16 22:00:00+02:00,0.34965420599680236
2019,CO2/CO/NOx,2019-08-16 23:00:00+02:00,0.3552653805446826
2019,CO2/CO/NOx,2019-08-17 00:00:00+02:00,0.3663918565583899
2019,CO2/CO/NOx,2019-08-17 01:00:00+02:00,0.3738679519086523
2019,CO2/CO/NOx,2019-08-17 02:00:00+02:00,0.379665797386719
2019,CO2/CO/NOx,2019-08-17 03:00:00+02:00,0.39152415287273173
2019,CO2/CO/NOx,2019-08-17 04:00:00+02:00,0.394769260907342
2019,CO2/CO/NOx,2019-08-17 05:00:00+02:00,0.39595677718433425
2019,CO2/CO/NOx,2019-08-17 06:00:00+02:00,0.3910761063385746
2019,CO2/CO/NOx,2019-08-17 07:00:00+02:00,0.38366109583663244
2019,CO2/CO/NOx,2019-08-17 08:00:00+02:00,0.38305214318321323
2019,CO2/CO/NOx,2019-08-17 09:00:00+02:00,0.38384429796598063
2019,CO2/CO/NOx,2019-08-17 10:00:00+02:00,0.3793193064102397
2019,CO2/CO/NOx,2019-08-17 11:00:00+02:00,0.3738968895442674
2019,CO2/CO/NOx,2019-08-17 12:00:00+02:00,0.3730002559494856
2019,CO2/CO/NOx,2019-08-17 13:00:00+02:00,0.37038652843086667
2019,CO2/CO/NOx,2019-08-17 14:00:00+02:00,0.36739281003069
2019,CO2/CO/NOx,2019-08-17 15:00:00+02:00,0.36687721851912336
2019,CO2/CO/NOx,2019-08-17 16:00:00+02:00,0.36240175718088796
2019,CO2/CO/NOx,2019-08-17 17:00:00+02:00,0.36296959246547256
2019,CO2/CO/NOx,2019-08-17 18:00:00+02:00,0.3662729933156328
2019,CO2/CO/NOx,2019-08-17 19:00:00+02:00,0.3648455949859427
2019,CO2/CO/NOx,2019-08-17 20:00:00+02:00,0.3567441446230025
2019,CO2/CO/NOx,2019-08-17 21:00:00+02:00,0.3452678718678577
2019,CO2/CO/NOx,2019-08-17 22:00:00+02:00,0.33225775145650227
2019,CO2/CO/NOx,2019-08-17 23:00:00+02:00,0.32229909561485137
2019,CO2/CO/NOx,2019-08-18 00:00:00+02:00,0.315181086805677
2019,CO2/CO/NOx,2019-08-18 01:00:00+02:00,0.31002767017537775
2019,CO2/CO/NOx,2019-08-18 02:00:00+02:00,0.3127756319119386
2019,CO2/CO/NOx,2019-08-18 03:00:00+02:00,0.31986592192778396
2019,CO2/CO/NOx,2019-08-18 04:00:00+02:00,0.32686515642659014
2019,CO2/CO/NOx,2019-08-18 05:00:00+02:00,0.33191994156242705
2019,CO2/CO/NOx,2019-08-18 06:00:00+02:00,0.33688238564981515
2019,CO2/CO/NOx,2019-08-18 07:00:00+02:00,0.34003817947604237
2019,CO2/CO/NOx,2019-08-18 08:00:00+02:00,0.3434590510777306
2019,CO2/CO/NOx,2019-08-18 09:00:00+02:00,0.343186384279987
2019,CO2/CO/NOx,2019-08-18 10:00:00+02:00,0.3422807715379068
2019,CO2/CO/NOx,2019-08-18 11:00:00+02:00,0.3432749195836077
2019,CO2/CO/NOx,2019-08-18 12:00:00+02:00,0.3426411303316701
2019,CO2/CO/NOx,2019-08-18 13:00:00+02:00,0.34286421497330144
2019,CO2/CO/NOx,2019-08-18 14:00:00+02:00,0.3434329948351679
2019,CO2/CO/NOx,2019-08-18 15:00:00+02:00,0.3449334925951006
2019,CO2/CO/NOx,2019-08-18 16:00:00+02:00,0.3457572315230361
2019,CO2/CO/NOx,2019-08-18 17:00:00+02:00,0.34544711201558287
2019,CO2/CO/NOx,2019-08-18 18:00:00+02:00,0.34583142016179175
2019,CO2/CO/NOx,2019-08-18 19:00:00+02:00,0.343563678941263
2019,CO2/CO/NOx,2019-08-18 20:00:00+02:00,0.33746904780087944
2019,CO2/CO/NOx,2019-08-18 21:00:00+02:00,0.32823974375739023
2019,CO2/CO/NOx,2019-08-18 22:00:00+02:00,0.3196931134241947
2019,CO2/CO/NOx,2019-08-18 23:00:00+02:00,0.31338356455895394
2019,CO2/CO/NOx,2019-08-19 00:00:00+02:00,0.3037761470234467
2019,CO2/CO/NOx,2019-08-19 01:00:00+02:00,0.3025589751446246
2019,CO2/CO/NOx,2019-08-19 02:00:00+02:00,0.3080473135365962
2019,CO2/CO/NOx,2019-08-19 03:00:00+02:00,0.31995321943062144
2019,CO2/CO/NOx,2019-08-19 04:00:00+02:00,0.33372315345211245
2019,CO2/CO/NOx,2019-08-19 05:00:00+02:00,0.3469647840597758
2019,CO2/CO/NOx,2019-08-19 06:00:00+02:00,0.3604008766440013
2019,CO2/CO/NOx,2019-08-19 07:00:00+02:00,0.3690393772511036
2019,CO2/CO/NOx,2019-08-19 08:00:00+02:00,0.369818254299948
2019,CO2/CO/NOx,2019-08-19 09:00:00+02:00,0.36223760197966853
2019,CO2/CO/NOx,2019-08-19 10:00:00+02:00,0.358825979193442
2019,CO2/CO/NOx,2019-08-19 11:00:00+02:00,0.35574372405113297
2019,CO2/CO/NOx,2019-08-19 12:00:00+02:00,0.35481454861940986
2019,CO2/CO/NOx,2019-08-19 13:00:00+02:00,0.3559102478145534
2019,CO2/CO/NOx,2019-08-19 14:00:00+02:00,0.3586989625552309
2019,CO2/CO/NOx,2019-08-19 15:00:00+02:00,0.36493296010159676
2019,CO2/CO/NOx,2019-08-19 16:00:00+02:00,0.365588421883182
2019,CO2/CO/NOx,2019-08-19 17:00:00+02:00,0.36172548858119735
2019,CO2/CO/NOx,2019-08-19 18:00:00+02:00,0.361704730300668
2019,CO2/CO/NOx,2019-08-19 19:00:00+02:00,0.35625969880744135
2019,CO2/CO/NOx,2019-08-19 20:00:00+02:00,0.34798153840939366
2019,CO2/CO/NOx,2019-08-19 21:00:00+02:00,0.33904632181936256
2019,CO2/CO/NOx,2019-08-19 22:00:00+02:00,0.33006137467063357
2019,CO2/CO/NOx,2019-08-19 23:00:00+02:00,0.32223829595897824
2019,CO2/CO/NOx,2019-08-20 00:00:00+02:00,0.3123122313863818
2019,CO2/CO/NOx,2019-08-20 01:00:00+02:00,0.30742744231845914
2019,CO2/CO/NOx,2019-08-20 02:00:00+02:00,0.30946614787899535
2019,CO2/CO/NOx,2019-08-20 03:00:00+02:00,0.3194517673963333
2019,CO2/CO/NOx,2019-08-20 04:00:00+02:00,0.3269071459512374
2019,CO2/CO/NOx,2019-08-20 05:00:00+02:00,0.33558968839747916
2019,CO2/CO/NOx,2019-08-20 06:00:00+02:00,0.34712765519833194
2019,CO2/CO/NOx,2019-08-20 07:00:00+02:00,0.35694044085140986
2019,CO2/CO/NOx,2019-08-20 08:00:00+02:00,0.3618040069103727
2019,CO2/CO/NOx,2019-08-20 09:00:00+02:00,0.3598360386503554
2019,CO2/CO/NOx,2019-08-20 10:00:00+02:00,0.3608624121404749
2019,CO2/CO/NOx,2019-08-20 11:00:00+02:00,0.3605130082390288
2019,CO2/CO/NOx,2019-08-20 12:00:00+02:00,0.3564815698627507
2019,CO2/CO/NOx,2019-08-20 13:00:00+02:00,0.3533512559083124
2019,CO2/CO/NOx,2019-08-20 14:00:00+02:00,0.3536196242173424
2019,CO2/CO/NOx,2019-08-20 15:00:00+02:00,0.3588629909790425
2019,CO2/CO/NOx,2019-08-20 16:00:00+02:00,0.3652933388577188
2019,CO2/CO/NOx,2019-08-20 17:00:00+02:00,0.3728126588803165
2019,CO2/CO/NOx,2019-08-20 18:00:00+02:00,0.3848518658785647
2019,CO2/CO/NOx,2019-08-20 19:00:00+02:00,0.38762571810833896
2019,CO2/CO/NOx,2019-08-20 20:00:00+02:00,0.39062635376104055
2019,CO2/CO/NOx,2019-08-20 21:00:00+02:00,0.3942456941984124
2019,CO2/CO/NOx,2019-08-20 22:00:00+02:00,0.40165101777745515
2019,CO2/CO/NOx,2019-08-20 23:00:00+02:00,0.41220787274509946
2019,CO2/CO/NOx,2019-08-21 00:00:00+02:00,0.4181299571842455
2019,CO2/CO/NOx,2019-08-21 01:00:00+02:00,0.43118332068708765
2019,CO2/CO/NOx,2019-08-21 02:00:00+02:00,0.4507369526780138
2019,CO2/CO/NOx,2019-08-21 03:00:00+02:00,0.47691455436545943
2019,CO2/CO/NOx,2019-08-21 04:00:00+02:00,0.49915108500203903
2019,CO2/CO/NOx,2019-08-21 05:00:00+02:00,0.5238072073742567
2019,CO2/CO/NOx,2019-08-21 06:00:00+02:00,0.5443416065020198
2019,CO2/CO/NOx,2019-08-21 07:00:00+02:00,0.5562903732997055
2019,CO2/CO/NOx,2019-08-21 08:00:00+02:00,0.5513241077110613
2019,CO2/CO/NOx,2019-08-21 09:00:00+02:00,0.5249659810969788
2019,CO2/CO/NOx,2019-08-21 10:00:00+02:00,0.4967750588504319
2019,CO2/CO/NOx,2019-08-21 11:00:00+02:00,0.4683448794989679
2019,CO2/CO/NOx,2019-08-21 12:00:00+02:00,0.4454536528766544
2019,CO2/CO/NOx,2019-08-21 13:00:00+02:00,0.42995441324043054
2019,CO2/CO/NOx,2019-08-21 14:00:00+02:00,0.423773426121101
2019,CO2/CO/NOx,2019-08-21 15:00:00+02:00,0.4319874855986815
2019,CO2/CO/NOx,2019-08-21 16:00:00+02:00,0.4428299496550405
2019,CO2/CO/NOx,2019-08-21 17:00:00+02:00,0.44981997695556425
2019,CO2/CO/NOx,2019-08-21 18:00:00+02:00,0.45947041298955116
2019,CO2/CO/NOx,2019-08-21 19:00:00+02:00,0.45757366269898314
2019,CO2/CO/NOx,2019-08-21 20:00:00+02:00,0.4449118721183862
2019,CO2/CO/NOx,2019-08-21 21:00:00+02:00,0.4228597931699132
2019,CO2/CO/NOx,2019-08-21 22:00:00+02:00,0.39692379337181566
2019,CO2/CO/NOx,2019-08-21 23:00:00+02:00,0.3790367185806008
2019,CO2/CO/NOx,2019-08-22 00:00:00+02:00,0.361539501071471
2019,CO2/CO/NOx,2019-08-22 01:00:00+02:00,0.352828554570902
2019,CO2/CO/NOx,2019-08-22 02:00:00+02:00,0.3662840707076401
2019,CO2/CO/NOx,2019-08-22 03:00:00+02:00,0.4019000021207685
2019,CO2/CO/NOx,2019-08-22 04:00:00+02:00,0.4365127945955899
2019,CO2/CO/NOx,2019-08-22 05:00:00+02:00,0.4651636533561603
2019,CO2/CO/NOx,2019-08-22 06:00:00+02:00,0.48716783393684887
2019,CO2/CO/NOx,2019-08-22 07:00:00+02:00,0.4998053936491285
2019,CO2/CO/NOx,2019-08-22 08:00:00+02:00,0.49543243009718435
2019,CO2/CO/NOx,2019-08-22 09:00:00+02:00,0.4709536240148206
2019,CO2/CO/NOx,2019-08-22 10:00:00+02:00,0.4461547030261131
2019,CO2/CO/NOx,2019-08-22 11:00:00+02:00,0.42762555241286887
2019,CO2/CO/NOx,2019-08-22 12:00:00+02:00,0.41582290859898624
2019,CO2/CO/NOx,2019-08-22 13:00:00+02:00,0.40609301083068045
2019,CO2/CO/NOx,2019-08-22 14:00:00+02:00,0.3959730167989579
2019,CO2/CO/NOx,2019-08-22 15:00:00+02:00,0.3906702715801516
2019,CO2/CO/NOx,2019-08-22 16:00:00+02:00,0.3840619633970585
2019,CO2/CO/NOx,2019-08-22 17:00:00+02:00,0.3786738753531032
2019,CO2/CO/NOx,2019-08-22 18:00:00+02:00,0.3845844803777388
2019,CO2/CO/NOx,2019-08-22 19:00:00+02:00,0.38451857368511977
2019,CO2/CO/NOx,2019-08-22 20:00:00+02:00,0.3818196087509361
2019,CO2/CO/NOx,2019-08-22 21:00:00+02:00,0.3763777339668345
2019,CO2/CO/NOx,2019-08-22 22:00:00+02:00,0.37258773988939914
2019,CO2/CO/NOx,2019-08-22 23:00:00+02:00,0.3728598703271298
2019,CO2/CO/NOx,2019-08-23 00:00:00+02:00,0.37795821627513854
2019,CO2/CO/NOx,2019-08-23 01:00:00+02:00,0.3965840612945469
2019,CO2/CO/NOx,2019-08-23 02:00:00+02:00,0.43481165272677946
2019,CO2/CO/NOx,2019-08-23 03:00:00+02:00,0.4808549060678448
2019,CO2/CO/NOx,2019-08-23 04:00:00+02:00,0.511715213905368
2019,CO2/CO/NOx,2019-08-23 05:00:00+02:00,0.5237845702725762
2019,CO2/CO/NOx,2019-08-23 06:00:00+02:00,0.5227662917367247
2019,CO2/CO/NOx,2019-08-23 07:00:00+02:00,0.5062694642000859
2019,CO2/CO/NOx,2019-08-23 08:00:00+02:00,0.47931411904035404
2019,CO2/CO/NOx,2019-08-23 09:00:00+02:00,0.4478974557547195
2019,CO2/CO/NOx,2019-08-23 10:00:00+02:00,0.4248263906173695
2019,CO2/CO/NOx,2019-08-23 11:00:00+02:00,0.4128655006973179
2019,CO2/CO/NOx,2019-08-23 12:00:00+02:00,0.40542285686412327
2019,CO2/CO/NOx,2019-08-23 13:00:00+02:00,0.3999627058634129
2019,CO2/CO/NOx,2019-08-23 14:00:00+02:00,0.39060726762871234
2019,CO2/CO/NOx,2019-08-23 15:00:00+02:00,0.383819365509305
2019,CO2/CO/NOx,2019-08-23 16:00:00+02:00,0.37419565588916587
2019,CO2/CO/NOx,2019-08-23 17:00:00+02:00,0.3671189720826171
2019,CO2/CO/NOx,2019-08-23 18:00:00+02:00,0.3635100028337901
2019,CO2/CO/NOx,2019-08-23 19:00:00+02:00,0.3557034850140923
2019,CO2/CO/NOx,2019-08-23 20:00:00+02:00,0.349904976869181
2019,CO2/CO/NOx,2019-08-23 21:00:00+02:00,0.345642700002416
2019,CO2/CO/NOx,2019-08-23 22:00:00+02:00,0.34255820105044255
2019,CO2/CO/NOx,2019-08-23 23:00:00+02:00,0.3370417071974258
2019,CO2/CO/NOx,2019-08-24 00:00:00+02:00,0.33139056752351503
2019,CO2/CO/NOx,2019-08-24 01:00:00+02:00,0.33682953600257265
2019,CO2/CO/NOx,2019-08-24 02:00:00+02:00,0.35083798616998013
2019,CO2/CO/NOx,2019-08-24 03:00:00+02:00,0.3650060021134075
2019,CO2/CO/NOx,2019-08-24 04:00:00+02:00,0.37349901926713613
2019,CO2/CO/NOx,2019-08-24 05:00:00+02:00,0.3814234832432748
2019,CO2/CO/NOx,2019-08-24 06:00:00+02:00,0.38413225146118574
2019,CO2/CO/NOx,2019-08-24 07:00:00+02:00,0.3805342094536305
2019,CO2/CO/NOx,2019-08-24 08:00:00+02:00,0.37091919743683444
2019,CO2/CO/NOx,2019-08-24 09:00:00+02:00,0.35920651304966633
2019,CO2/CO/NOx,2019-08-24 10:00:00+02:00,0.3529804310521804
2019,CO2/CO/NOx,2019-08-24 11:00:00+02:00,0.34952674132260436
2019,CO2/CO/NOx,2019-08-24 12:00:00+02:00,0.3454101785528378
2019,CO2/CO/NOx,2019-08-24 13:00:00+02:00,0.34754191630136316
2019,CO2/CO/NOx,2019-08-24 14:00:00+02:00,0.3531245640955736
2019,CO2/CO/NOx,2019-08-24 15:00:00+02:00,0.35946789725946643
2019,CO2/CO/NOx,2019-08-24 16:00:00+02:00,0.36309500965117275
2019,CO2/CO/NOx,2019-08-24 17:00:00+02:00,0.36571899083795745
2019,CO2/CO/NOx,2019-08-24 18:00:00+02:00,0.36639516217335794
2019,CO2/CO/NOx,2019-08-24 19:00:00+02:00,0.3616508285218178
2019,CO2/CO/NOx,2019-08-24 20:00:00+02:00,0.35338967152593787
2019,CO2/CO/NOx,2019-08-24 21:00:00+02:00,0.34372619942294536
2019,CO2/CO/NOx,2019-08-24 22:00:00+02:00,0.3339339944786977
2019,CO2/CO/NOx,2019-08-24 23:00:00+02:00,0.3243627260413368
2019,CO2/CO/NOx,2019-08-25 00:00:00+02:00,0.3153810980580083
2019,CO2/CO/NOx,2019-08-25 01:00:00+02:00,0.3096096037558896
2019,CO2/CO/NOx,2019-08-25 02:00:00+02:00,0.30900233346876577
2019,CO2/CO/NOx,2019-08-25 03:00:00+02:00,0.30809348240080064
2019,CO2/CO/NOx,2019-08-25 04:00:00+02:00,0.31045171728627985
2019,CO2/CO/NOx,2019-08-25 05:00:00+02:00,0.3167452719508379
2019,CO2/CO/NOx,2019-08-25 06:00:00+02:00,0.32460786473951825
2019,CO2/CO/NOx,2019-08-25 07:00:00+02:00,0.3320539630236892
2019,CO2/CO/NOx,2019-08-25 08:00:00+02:00,0.3378250439187138
2019,CO2/CO/NOx,2019-08-25 09:00:00+02:00,0.34137335513656153
2019,CO2/CO/NOx,2019-08-25 10:00:00+02:00,0.3454998947967992
2019,CO2/CO/NOx,2019-08-25 11:00:00+02:00,0.34714664845898724
2019,CO2/CO/NOx,2019-08-25 12:00:00+02:00,0.34446887921591485
2019,CO2/CO/NOx,2019-08-25 13:00:00+02:00,0.34422539113285866
2019,CO2/CO/NOx,2019-08-25 14:00:00+02:00,0.34427296726269846
2019,CO2/CO/NOx,2019-08-25 15:00:00+02:00,0.3446245199024701
2019,CO2/CO/NOx,2019-08-25 16:00:00+02:00,0.34536618103713124
2019,CO2/CO/NOx,2019-08-25 17:00:00+02:00,0.3470083529935685
2019,CO2/CO/NOx,2019-08-25 18:00:00+02:00,0.35079981074638755
2019,CO2/CO/NOx,2019-08-25 19:00:00+02:00,0.35100671829308566
2019,CO2/CO/NOx,2019-08-25 20:00:00+02:00,0.347711380171388
2019,CO2/CO/NOx,2019-08-25 21:00:00+02:00,0.3413970633943912
2019,CO2/CO/NOx,2019-08-25 22:00:00+02:00,0.3330273681629146
2019,CO2/CO/NOx,2019-08-25 23:00:00+02:00,0.32443067399239045
2019,CO2/CO/NOx,2019-08-26 00:00:00+02:00,0.3123727048112206
2019,CO2/CO/NOx,2019-08-26 01:00:00+02:00,0.310533669049468
2019,CO2/CO/NOx,2019-08-26 02:00:00+02:00,0.3167658956855441
2019,CO2/CO/NOx,2019-08-26 03:00:00+02:00,0.3265862551729778
2019,CO2/CO/NOx,2019-08-26 04:00:00+02:00,0.33719211123512033
2019,CO2/CO/NOx,2019-08-26 05:00:00+02:00,0.34831002153697566
2019,CO2/CO/NOx,2019-08-26 06:00:00+02:00,0.35717518850971863
2019,CO2/CO/NOx,2019-08-26 07:00:00+02:00,0.3613823609986003
2019,CO2/CO/NOx,2019-08-26 08:00:00+02:00,0.3601239330196189
2019,CO2/CO/NOx,2019-08-26 09:00:00+02:00,0.3522690083344634
2019,CO2/CO/NOx,2019-08-26 10:00:00+02:00,0.3502710938551672
2019,CO2/CO/NOx,2019-08-26 11:00:00+02:00,0.34769339470403493
2019,CO2/CO/NOx,2019-08-26 12:00:00+02:00,0.3437129107685735
2019,CO2/CO/NOx,2019-08-26 13:00:00+02:00,0.34231331524718833
2019,CO2/CO/NOx,2019-08-26 14:00:00+02:00,0.3415213585606811
2019,CO2/CO/NOx,2019-08-26 15:00:00+02:00,0.3425314685239877
2019,CO2/CO/NOx,2019-08-26 16:00:00+02:00,0.34594159683388753
2019,CO2/CO/NOx,2019-08-26 17:00:00+02:00,0.3497238984385405
2019,CO2/CO/NOx,2019-08-26 18:00:00+02:00,0.35590998598441537
2019,CO2/CO/NOx,2019-08-26 19:00:00+02:00,0.3571648766415088
2019,CO2/CO/NOx,2019-08-26 20:00:00+02:00,0.35328973973703853
2019,CO2/CO/NOx,2019-08-26 21:00:00+02:00,0.3456596925958919
2019,CO2/CO/NOx,2019-08-26 22:00:00+02:00,0.3359548645722931
2019,CO2/CO/NOx,2019-08-26 23:00:00+02:00,0.3247721368477077
2019,CO2/CO/NOx,2019-08-27 00:00:00+02:00,0.30990197544583803
2019,CO2/CO/NOx,2019-08-27 01:00:00+02:00,0.30245755749305714
2019,CO2/CO/NOx,2019-08-27 02:00:00+02:00,0.3044713600261738
2019,CO2/CO/NOx,2019-08-27 03:00:00+02:00,0.3150161223199675
2019,CO2/CO/NOx,2019-08-27 04:00:00+02:00,0.32679269548768153
2019,CO2/CO/NOx,2019-08-27 05:00:00+02:00,0.34006441369798296
2019,CO2/CO/NOx,2019-08-27 06:00:00+02:00,0.3525877743785726
2019,CO2/CO/NOx,2019-08-27 07:00:00+02:00,0.36164496421458336
2019,CO2/CO/NOx,2019-08-27 08:00:00+02:00,0.36387623320594187
2019,CO2/CO/NOx,2019-08-27 09:00:00+02:00,0.35595428899808546
2019,CO2/CO/NOx,2019-08-27 10:00:00+02:00,0.349979570241869
2019,CO2/CO/NOx,2019-08-27 11:00:00+02:00,0.3463019167265204
2019,CO2/CO/NOx,2019-08-27 12:00:00+02:00,0.34283532986892634
2019,CO2/CO/NOx,2019-08-27 13:00:00+02:00,0.34137543031471473
2019,CO2/CO/NOx,2019-08-27 14:00:00+02:00,0.34092042124701927
2019,CO2/CO/NOx,2019-08-27 15:00:00+02:00,0.34205041674896075
2019,CO2/CO/NOx,2019-08-27 16:00:00+02:00,0.34423223142611653
2019,CO2/CO/NOx,2019-08-27 17:00:00+02:00,0.3455865192856202
2019,CO2/CO/NOx,2019-08-27 18:00:00+02:00,0.3502418250742834
2019,CO2/CO/NOx,2019-08-27 19:00:00+02:00,0.3504113752236838
2019,CO2/CO/NOx,2019-08-27 20:00:00+02:00,0.34523482220699103
2019,CO2/CO/NOx,2019-08-27 21:00:00+02:00,0.33833518801169454
2019,CO2/CO/NOx,2019-08-27 22:00:00+02:00,0.32882618398628627
2019,CO2/CO/NOx,2019-08-27 23:00:00+02:00,0.31797031308983503
2019,CO2/CO/NOx,2019-08-28 00:00:00+02:00,0.3058577096682548
2019,CO2/CO/NOx,2019-08-28 01:00:00+02:00,0.30160359373238843
2019,CO2/CO/NOx,2019-08-28 02:00:00+02:00,0.3032677285458627
2019,CO2/CO/NOx,2019-08-28 03:00:00+02:00,0.31157850825406525
2019,CO2/CO/NOx,2019-08-28 04:00:00+02:00,0.3201704782634257
2019,CO2/CO/NOx,2019-08-28 05:00:00+02:00,0.32924967946663947
2019,CO2/CO/NOx,2019-08-28 06:00:00+02:00,0.34034034041229716
2019,CO2/CO/NOx,2019-08-28 07:00:00+02:00,0.34710565911012276
2019,CO2/CO/NOx,2019-08-28 08:00:00+02:00,0.34983187309105696
2019,CO2/CO/NOx,2019-08-28 09:00:00+02:00,0.34641548270098294
2019,CO2/CO/NOx,2019-08-28 10:00:00+02:00,0.3449679151975181
2019,CO2/CO/NOx,2019-08-28 11:00:00+02:00,0.34253590521774696
2019,CO2/CO/NOx,2019-08-28 12:00:00+02:00,0.3392837561035851
2019,CO2/CO/NOx,2019-08-28 13:00:00+02:00,0.33799919620757846
2019,CO2/CO/NOx,2019-08-28 14:00:00+02:00,0.33888291723701736
2019,CO2/CO/NOx,2019-08-28 15:00:00+02:00,0.3409219817332384
2019,CO2/CO/NOx,2019-08-28 16:00:00+02:00,0.34192132436813566
2019,CO2/CO/NOx,2019-08-28 17:00:00+02:00,0.34317572824680087
2019,CO2/CO/NOx,2019-08-28 18:00:00+02:00,0.3470780408268766
2019,CO2/CO/NOx,2019-08-28 19:00:00+02:00,0.3452816636056539
2019,CO2/CO/NOx,2019-08-28 20:00:00+02:00,0.33995456962839676
2019,CO2/CO/NOx,2019-08-28 21:00:00+02:00,0.3321285544306901
2019,CO2/CO/NOx,2019-08-28 22:00:00+02:00,0.32308552018096054
2019,CO2/CO/NOx,2019-08-28 23:00:00+02:00,0.3155519033444368
2019,CO2/CO/NOx,2019-08-29 00:00:00+02:00,0.3061429822512604
2019,CO2/CO/NOx,2019-08-29 01:00:00+02:00,0.30250862383200156
2019,CO2/CO/NOx,2019-08-29 02:00:00+02:00,0.307216364141068
2019,CO2/CO/NOx,2019-08-29 03:00:00+02:00,0.3205563255551034
2019,CO2/CO/NOx,2019-08-29 04:00:00+02:00,0.33284395153489793
2019,CO2/CO/NOx,2019-08-29 05:00:00+02:00,0.3449324022364833
2019,CO2/CO/NOx,2019-08-29 06:00:00+02:00,0.35590122632061616
2019,CO2/CO/NOx,2019-08-29 07:00:00+02:00,0.36167861473513324
2019,CO2/CO/NOx,2019-08-29 08:00:00+02:00,0.3608591126897452
2019,CO2/CO/NOx,2019-08-29 09:00:00+02:00,0.3534418164942926
2019,CO2/CO/NOx,2019-08-29 10:00:00+02:00,0.3464798342209796
2019,CO2/CO/NOx,2019-08-29 11:00:00+02:00,0.33987988601235636
2019,CO2/CO/NOx,2019-08-29 12:00:00+02:00,0.3391746099031443
2019,CO2/CO/NOx,2019-08-29 13:00:00+02:00,0.3404269058223985
2019,CO2/CO/NOx,2019-08-29 14:00:00+02:00,0.3427433840966188
2019,CO2/CO/NOx,2019-08-29 15:00:00+02:00,0.34641414408657717
2019,CO2/CO/NOx,2019-08-29 16:00:00+02:00,0.3474339576717689
2019,CO2/CO/NOx,2019-08-29 17:00:00+02:00,0.3466574664729105
2019,CO2/CO/NOx,2019-08-29 18:00:00+02:00,0.34833720945297153
2019,CO2/CO/NOx,2019-08-29 19:00:00+02:00,0.3444389944799294
2019,CO2/CO/NOx,2019-08-29 20:00:00+02:00,0.3378098656138846
2019,CO2/CO/NOx,2019-08-29 21:00:00+02:00,0.33284979475692916
2019,CO2/CO/NOx,2019-08-29 22:00:00+02:00,0.3256576595998179
2019,CO2/CO/NOx,2019-08-29 23:00:00+02:00,0.3197371940764045
2019,CO2/CO/NOx,2019-08-30 00:00:00+02:00,0.30976112074727064
2019,CO2/CO/NOx,2019-08-30 01:00:00+02:00,0.3096328306889604
2019,CO2/CO/NOx,2019-08-30 02:00:00+02:00,0.3169118991000162
2019,CO2/CO/NOx,2019-08-30 03:00:00+02:00,0.333344634823543
2019,CO2/CO/NOx,2019-08-30 04:00:00+02:00,0.34625911956682326
2019,CO2/CO/NOx,2019-08-30 05:00:00+02:00,0.35804738991126556
2019,CO2/CO/NOx,2019-08-30 06:00:00+02:00,0.36677411038444185
2019,CO2/CO/NOx,2019-08-30 07:00:00+02:00,0.3696603544653827
2019,CO2/CO/NOx,2019-08-30 08:00:00+02:00,0.36663511134962534
2019,CO2/CO/NOx,2019-08-30 09:00:00+02:00,0.3552595301742215
2019,CO2/CO/NOx,2019-08-30 10:00:00+02:00,0.3499948495668276
2019,CO2/CO/NOx,2019-08-30 11:00:00+02:00,0.3449201448709455
2019,CO2/CO/NOx,2019-08-30 12:00:00+02:00,0.34152415829609784
2019,CO2/CO/NOx,2019-08-30 13:00:00+02:00,0.3402965180922527
2019,CO2/CO/NOx,2019-08-30 14:00:00+02:00,0.3438784037652977
2019,CO2/CO/NOx,2019-08-30 15:00:00+02:00,0.34752568946100815
2019,CO2/CO/NOx,2019-08-30 16:00:00+02:00,0.3512458449462634
2019,CO2/CO/NOx,2019-08-30 17:00:00+02:00,0.35315615730392946
2019,CO2/CO/NOx,2019-08-30 18:00:00+02:00,0.35708720956553325
2019,CO2/CO/NOx,2019-08-30 19:00:00+02:00,0.3544455912337681
2019,CO2/CO/NOx,2019-08-30 20:00:00+02:00,0.3467044289623086
2019,CO2/CO/NOx,2019-08-30 21:00:00+02:00,0.3368024169773752
2019,CO2/CO/NOx,2019-08-30 22:00:00+02:00,0.33051555279598305
2019,CO2/CO/NOx,2019-08-30 23:00:00+02:00,0.3255377459193445
2019,CO2/CO/NOx,2019-08-31 00:00:00+02:00,0.3171398705194794
2019,CO2/CO/NOx,2019-08-31 01:00:00+02:00,0.313730762425814
2019,CO2/CO/NOx,2019-08-31 02:00:00+02:00,0.31408300820841106
2019,CO2/CO/NOx,2019-08-31 03:00:00+02:00,0.3189091036840115
2019,CO2/CO/NOx,2019-08-31 04:00:00+02:00,0.322388333905524
2019,CO2/CO/NOx,2019-08-31 05:00:00+02:00,0.3283795086368694
2019,CO2/CO/NOx,2019-08-31 06:00:00+02:00,0.3348454831373309
2019,CO2/CO/NOx,2019-08-31 07:00:00+02:00,0.3411297744941179
2019,CO2/CO/NOx,2019-08-31 08:00:00+02:00,0.3446201635671992
2019,CO2/CO/NOx,2019-08-31 09:00:00+02:00,0.34421461202429693
2019,CO2/CO/NOx,2019-08-31 10:00:00+02:00,0.34455275680738656
2019,CO2/CO/NOx,2019-08-31 11:00:00+02:00,0.3444781425804333
2019,CO2/CO/NOx,2019-08-31 12:00:00+02:00,0.342378795438729
2019,CO2/CO/NOx,2019-08-31 13:00:00+02:00,0.3436177772170567
2019,CO2/CO/NOx,2019-08-31 14:00:00+02:00,0.3467929817513923
2019,CO2/CO/NOx,2019-08-31 15:00:00+02:00,0.3482890317102012
2019,CO2/CO/NOx,2019-08-31 16:00:00+02:00,0.3500087994637941
2019,CO2/CO/NOx,2019-08-31 17:00:00+02:00,0.35095632110788044
2019,CO2/CO/NOx,2019-08-31 18:00:00+02:00,0.3527625613470286
2019,CO2/CO/NOx,2019-08-31 19:00:00+02:00,0.3494264954991966
2019,CO2/CO/NOx,2019-08-31 20:00:00+02:00,0.3443782098526616
2019,CO2/CO/NOx,2019-08-31 21:00:00+02:00,0.33843245714333997
2019,CO2/CO/NOx,2019-08-31 22:00:00+02:00,0.33234017017449075
2019,CO2/CO/NOx,2019-08-31 23:00:00+02:00,0.32765030441394827
2019,CO2/CO/NOx,2019-09-01 00:00:00+02:00,0.322845881285341
2019,CO2/CO/NOx,2019-09-01 01:00:00+02:00,0.3222535830126721
2019,CO2/CO/NOx,2019-09-01 02:00:00+02:00,0.3244975828056433
2019,CO2/CO/NOx,2019-09-01 03:00:00+02:00,0.32743921503077533
2019,CO2/CO/NOx,2019-09-01 04:00:00+02:00,0.3320452493386255
2019,CO2/CO/NOx,2019-09-01 05:00:00+02:00,0.3407732543384843
2019,CO2/CO/NOx,2019-09-01 06:00:00+02:00,0.35035369285951934
2019,CO2/CO/NOx,2019-09-01 07:00:00+02:00,0.3578299557103423
2019,CO2/CO/NOx,2019-09-01 08:00:00+02:00,0.36404326083356386
2019,CO2/CO/NOx,2019-09-01 09:00:00+02:00,0.366008952495657
2019,CO2/CO/NOx,2019-09-01 10:00:00+02:00,0.36756243252861404
2019,CO2/CO/NOx,2019-09-01 11:00:00+02:00,0.366636247652813
2019,CO2/CO/NOx,2019-09-01 12:00:00+02:00,0.3624950975395979
2019,CO2/CO/NOx,2019-09-01 13:00:00+02:00,0.3615808403763576
2019,CO2/CO/NOx,2019-09-01 14:00:00+02:00,0.36257012324447546
2019,CO2/CO/NOx,2019-09-01 15:00:00+02:00,0.36463443791198313
2019,CO2/CO/NOx,2019-09-01 16:00:00+02:00,0.36672154342628127
2019,CO2/CO/NOx,2019-09-01 17:00:00+02:00,0.36950436055856795
2019,CO2/CO/NOx,2019-09-01 18:00:00+02:00,0.373250853353636
2019,CO2/CO/NOx,2019-09-01 19:00:00+02:00,0.3722348586486492
2019,CO2/CO/NOx,2019-09-01 20:00:00+02:00,0.3679080292405189
2019,CO2/CO/NOx,2019-09-01 21:00:00+02:00,0.3612720147852279
2019,CO2/CO/NOx,2019-09-01 22:00:00+02:00,0.35298316960374254
2019,CO2/CO/NOx,2019-09-01 23:00:00+02:00,0.3460675212293319
2019,CO2/CO/NOx,2019-09-02 00:00:00+02:00,0.3353619604090058
2019,CO2/CO/NOx,2019-09-02 01:00:00+02:00,0.3342238721614916
2019,CO2/CO/NOx,2019-09-02 02:00:00+02:00,0.3397850814558584
2019,CO2/CO/NOx,2019-09-02 03:00:00+02:00,0.3538702749594823
2019,CO2/CO/NOx,2019-09-02 04:00:00+02:00,0.3697143735160857
2019,CO2/CO/NOx,2019-09-02 05:00:00+02:00,0.38651131991210114
2019,CO2/CO/NOx,2019-09-02 06:00:00+02:00,0.40737562582428066
2019,CO2/CO/NOx,2019-09-02 07:00:00+02:00,0.4237255953683071
2019,CO2/CO/NOx,2019-09-02 08:00:00+02:00,0.4329612116204897
2019,CO2/CO/NOx,2019-09-02 09:00:00+02:00,0.43339515184423055
2019,CO2/CO/NOx,2019-09-02 10:00:00+02:00,0.4347355338939513
2019,CO2/CO/NOx,2019-09-02 11:00:00+02:00,0.4298062657635234
2019,CO2/CO/NOx,2019-09-02 12:00:00+02:00,0.42368646286026873
2019,CO2/CO/NOx,2019-09-02 13:00:00+02:00,0.41834885952126094
2019,CO2/CO/NOx,2019-09-02 14:00:00+02:00,0.4138382082174252
2019,CO2/CO/NOx,2019-09-02 15:00:00+02:00,0.41843303448966057
2019,CO2/CO/NOx,2019-09-02 16:00:00+02:00,0.42290577404622676
2019,CO2/CO/NOx,2019-09-02 17:00:00+02:00,0.4297194742354173
2019,CO2/CO/NOx,2019-09-02 18:00:00+02:00,0.44459303241509945
2019,CO2/CO/NOx,2019-09-02 19:00:00+02:00,0.4489761458285483
2019,CO2/CO/NOx,2019-09-02 20:00:00+02:00,0.44776161040554113
2019,CO2/CO/NOx,2019-09-02 21:00:00+02:00,0.4473759764474754
2019,CO2/CO/NOx,2019-09-02 22:00:00+02:00,0.45079944730691174
2019,CO2/CO/NOx,2019-09-02 23:00:00+02:00,0.4634399927769722
2019,CO2/CO/NOx,2019-09-03 00:00:00+02:00,0.4817539516320895
2019,CO2/CO/NOx,2019-09-03 01:00:00+02:00,0.5168114526267134
2019,CO2/CO/NOx,2019-09-03 02:00:00+02:00,0.5658479931287307
2019,CO2/CO/NOx,2019-09-03 03:00:00+02:00,0.6150699227809644
2019,CO2/CO/NOx,2019-09-03 04:00:00+02:00,0.649515340282999
2019,CO2/CO/NOx,2019-09-03 05:00:00+02:00,0.6722966393274825
2019,CO2/CO/NOx,2019-09-03 06:00:00+02:00,0.6797720043202375
2019,CO2/CO/NOx,2019-09-03 07:00:00+02:00,0.6689450100521319
2019,CO2/CO/NOx,2019-09-03 08:00:00+02:00,0.6341851224484503
2019,CO2/CO/NOx,2019-09-03 09:00:00+02:00,0.5816726789152705
2019,CO2/CO/NOx,2019-09-03 10:00:00+02:00,0.5460620511078313
2019,CO2/CO/NOx,2019-09-03 11:00:00+02:00,0.5191952253120828
2019,CO2/CO/NOx,2019-09-03 12:00:00+02:00,0.49578327486890483
2019,CO2/CO/NOx,2019-09-03 13:00:00+02:00,0.4824934563474788
2019,CO2/CO/NOx,2019-09-03 14:00:00+02:00,0.4684900623701902
2019,CO2/CO/NOx,2019-09-03 15:00:00+02:00,0.4670896854993877
2019,CO2/CO/NOx,2019-09-03 16:00:00+02:00,0.4729547859826949
2019,CO2/CO/NOx,2019-09-03 17:00:00+02:00,0.47424587345060626
2019,CO2/CO/NOx,2019-09-03 18:00:00+02:00,0.47579010350429246
2019,CO2/CO/NOx,2019-09-03 19:00:00+02:00,0.47753633288579583
2019,CO2/CO/NOx,2019-09-03 20:00:00+02:00,0.4677296133619936
2019,CO2/CO/NOx,2019-09-03 21:00:00+02:00,0.45460022910139614
2019,CO2/CO/NOx,2019-09-03 22:00:00+02:00,0.44105420359676156
2019,CO2/CO/NOx,2019-09-03 23:00:00+02:00,0.4272505872208975
2019,CO2/CO/NOx,2019-09-04 00:00:00+02:00,0.42339558813576134
2019,CO2/CO/NOx,2019-09-04 01:00:00+02:00,0.44557302733752846
2019,CO2/CO/NOx,2019-09-04 02:00:00+02:00,0.4893611078839296
2019,CO2/CO/NOx,2019-09-04 03:00:00+02:00,0.5427565792543878
2019,CO2/CO/NOx,2019-09-04 04:00:00+02:00,0.5941155165376169
2019,CO2/CO/NOx,2019-09-04 05:00:00+02:00,0.6251567930979248
2019,CO2/CO/NOx,2019-09-04 06:00:00+02:00,0.6412529249037494
2019,CO2/CO/NOx,2019-09-04 07:00:00+02:00,0.6369804516846085
2019,CO2/CO/NOx,2019-09-04 08:00:00+02:00,0.6044359075265241
2019,CO2/CO/NOx,2019-09-04 09:00:00+02:00,0.5505562130391195
2019,CO2/CO/NOx,2019-09-04 10:00:00+02:00,0.49567166199481677
2019,CO2/CO/NOx,2019-09-04 11:00:00+02:00,0.45673833942037106
2019,CO2/CO/NOx,2019-09-04 12:00:00+02:00,0.4375630068458536
2019,CO2/CO/NOx,2019-09-04 13:00:00+02:00,0.4357853513587476
2019,CO2/CO/NOx,2019-09-04 14:00:00+02:00,0.43257939558602365
2019,CO2/CO/NOx,2019-09-04 15:00:00+02:00,0.43741385835657676
2019,CO2/CO/NOx,2019-09-04 16:00:00+02:00,0.44061412409447326
2019,CO2/CO/NOx,2019-09-04 17:00:00+02:00,0.44121045629819394
2019,CO2/CO/NOx,2019-09-04 18:00:00+02:00,0.4436208729024471
2019,CO2/CO/NOx,2019-09-04 19:00:00+02:00,0.42983653125241794
2019,CO2/CO/NOx,2019-09-04 20:00:00+02:00,0.4181857574814909
2019,CO2/CO/NOx,2019-09-04 21:00:00+02:00,0.4081116876866882
2019,CO2/CO/NOx,2019-09-04 22:00:00+02:00,0.3956508050470979
2019,CO2/CO/NOx,2019-09-04 23:00:00+02:00,0.37953107540353925
2019,CO2/CO/NOx,2019-09-05 00:00:00+02:00,0.3586005936466072
2019,CO2/CO/NOx,2019-09-05 01:00:00+02:00,0.351496668228181
2019,CO2/CO/NOx,2019-09-05 02:00:00+02:00,0.3653991192257658
2019,CO2/CO/NOx,2019-09-05 03:00:00+02:00,0.39499699519006237
2019,CO2/CO/NOx,2019-09-05 04:00:00+02:00,0.42326399174319224
2019,CO2/CO/NOx,2019-09-05 05:00:00+02:00,0.44688234023104184
2019,CO2/CO/NOx,2019-09-05 06:00:00+02:00,0.4683867448904149
2019,CO2/CO/NOx,2019-09-05 07:00:00+02:00,0.47623840058276895
2019,CO2/CO/NOx,2019-09-05 08:00:00+02:00,0.46904752401119615
2019,CO2/CO/NOx,2019-09-05 09:00:00+02:00,0.44324794734105255
2019,CO2/CO/NOx,2019-09-05 10:00:00+02:00,0.4268710204282915
2019,CO2/CO/NOx,2019-09-05 11:00:00+02:00,0.4168342675047181
2019,CO2/CO/NOx,2019-09-05 12:00:00+02:00,0.4160433384328523
2019,CO2/CO/NOx,2019-09-05 13:00:00+02:00,0.42325271552178517
2019,CO2/CO/NOx,2019-09-05 14:00:00+02:00,0.4393409709297914
2019,CO2/CO/NOx,2019-09-05 15:00:00+02:00,0.4675282432429103
2019,CO2/CO/NOx,2019-09-05 16:00:00+02:00,0.5010213462954022
2019,CO2/CO/NOx,2019-09-05 17:00:00+02:00,0.537248881245836
2019,CO2/CO/NOx,2019-09-05 18:00:00+02:00,0.5695799813588647
2019,CO2/CO/NOx,2019-09-05 19:00:00+02:00,0.5839426745773616
2019,CO2/CO/NOx,2019-09-05 20:00:00+02:00,0.5856474435395871
2019,CO2/CO/NOx,2019-09-05 21:00:00+02:00,0.5804286212845818
2019,CO2/CO/NOx,2019-09-05 22:00:00+02:00,0.5763679692812226
2019,CO2/CO/NOx,2019-09-05 23:00:00+02:00,0.5739301803396908
2019,CO2/CO/NOx,2019-09-06 00:00:00+02:00,0.5717105024178782
2019,CO2/CO/NOx,2019-09-06 01:00:00+02:00,0.5977282324971174
2019,CO2/CO/NOx,2019-09-06 02:00:00+02:00,0.6416286696119503
2019,CO2/CO/NOx,2019-09-06 03:00:00+02:00,0.691499079335879
2019,CO2/CO/NOx,2019-09-06 04:00:00+02:00,0.7310698960439703
2019,CO2/CO/NOx,2019-09-06 05:00:00+02:00,0.7635736942320993
2019,CO2/CO/NOx,2019-09-06 06:00:00+02:00,0.7909747009086294
2019,CO2/CO/NOx,2019-09-06 07:00:00+02:00,0.805818369512669
2019,CO2/CO/NOx,2019-09-06 08:00:00+02:00,0.7959997128040707
2019,CO2/CO/NOx,2019-09-06 09:00:00+02:00,0.7649701775574135
2019,CO2/CO/NOx,2019-09-06 10:00:00+02:00,0.7453912373519874
2019,CO2/CO/NOx,2019-09-06 11:00:00+02:00,0.7249657222217584
2019,CO2/CO/NOx,2019-09-06 12:00:00+02:00,0.7051766442787195
2019,CO2/CO/NOx,2019-09-06 13:00:00+02:00,0.6937138898145911
2019,CO2/CO/NOx,2019-09-06 14:00:00+02:00,0.690470761419901
2019,CO2/CO/NOx,2019-09-06 15:00:00+02:00,0.7059771249183109
2019,CO2/CO/NOx,2019-09-06 16:00:00+02:00,0.7088885146188596
2019,CO2/CO/NOx,2019-09-06 17:00:00+02:00,0.6968553541777368
2019,CO2/CO/NOx,2019-09-06 18:00:00+02:00,0.6797739758371921
2019,CO2/CO/NOx,2019-09-06 19:00:00+02:00,0.647574788773749
2019,CO2/CO/NOx,2019-09-06 20:00:00+02:00,0.6112072874495776
2019,CO2/CO/NOx,2019-09-06 21:00:00+02:00,0.5761784075966027
2019,CO2/CO/NOx,2019-09-06 22:00:00+02:00,0.5568282551296339
2019,CO2/CO/NOx,2019-09-06 23:00:00+02:00,0.553930835629741
2019,CO2/CO/NOx,2019-09-07 00:00:00+02:00,0.5669272060833147
2019,CO2/CO/NOx,2019-09-07 01:00:00+02:00,0.5813087932661523
2019,CO2/CO/NOx,2019-09-07 02:00:00+02:00,0.5958120721259474
2019,CO2/CO/NOx,2019-09-07 03:00:00+02:00,0.6188092039507824
2019,CO2/CO/NOx,2019-09-07 04:00:00+02:00,0.635993040532371
2019,CO2/CO/NOx,2019-09-07 05:00:00+02:00,0.6526441587930869
2019,CO2/CO/NOx,2019-09-07 06:00:00+02:00,0.6644957110803527
2019,CO2/CO/NOx,2019-09-07 07:00:00+02:00,0.6798578704570062
2019,CO2/CO/NOx,2019-09-07 08:00:00+02:00,0.6953765889711944
2019,CO2/CO/NOx,2019-09-07 09:00:00+02:00,0.7003080204386779
2019,CO2/CO/NOx,2019-09-07 10:00:00+02:00,0.6989110856630294
2019,CO2/CO/NOx,2019-09-07 11:00:00+02:00,0.6852236393621761
2019,CO2/CO/NOx,2019-09-07 12:00:00+02:00,0.6692325747498196
2019,CO2/CO/NOx,2019-09-07 13:00:00+02:00,0.6566534292192873
2019,CO2/CO/NOx,2019-09-07 14:00:00+02:00,0.6346022741862615
2019,CO2/CO/NOx,2019-09-07 15:00:00+02:00,0.6262164552965521
2019,CO2/CO/NOx,2019-09-07 16:00:00+02:00,0.6300711078144859
2019,CO2/CO/NOx,2019-09-07 17:00:00+02:00,0.6460405178027024
2019,CO2/CO/NOx,2019-09-07 18:00:00+02:00,0.6723801730363885
2019,CO2/CO/NOx,2019-09-07 19:00:00+02:00,0.6887962840325759
2019,CO2/CO/NOx,2019-09-07 20:00:00+02:00,0.6926055629150498
2019,CO2/CO/NOx,2019-09-07 21:00:00+02:00,0.6859799781098391
2019,CO2/CO/NOx,2019-09-07 22:00:00+02:00,0.6743897002127841
2019,CO2/CO/NOx,2019-09-07 23:00:00+02:00,0.655527203010566
2019,CO2/CO/NOx,2019-09-08 00:00:00+02:00,0.6387528819798296
2019,CO2/CO/NOx,2019-09-08 01:00:00+02:00,0.6340992061747588
2019,CO2/CO/NOx,2019-09-08 02:00:00+02:00,0.6519315029360635
2019,CO2/CO/NOx,2019-09-08 03:00:00+02:00,0.6892707364828107
2019,CO2/CO/NOx,2019-09-08 04:00:00+02:00,0.7321902514940941
2019,CO2/CO/NOx,2019-09-08 05:00:00+02:00,0.774494028986435
2019,CO2/CO/NOx,2019-09-08 06:00:00+02:00,0.8070029476510976
2019,CO2/CO/NOx,2019-09-08 07:00:00+02:00,0.8232134214409454
2019,CO2/CO/NOx,2019-09-08 08:00:00+02:00,0.8239727372040904
2019,CO2/CO/NOx,2019-09-08 09:00:00+02:00,0.8130469438426686
2019,CO2/CO/NOx,2019-09-08 10:00:00+02:00,0.8093386743968997
2019,CO2/CO/NOx,2019-09-08 11:00:00+02:00,0.8164909813511915
2019,CO2/CO/NOx,2019-09-08 12:00:00+02:00,0.8305233563934004
2019,CO2/CO/NOx,2019-09-08 13:00:00+02:00,0.8575749387409943
2019,CO2/CO/NOx,2019-09-08 14:00:00+02:00,0.8817740155379691
2019,CO2/CO/NOx,2019-09-08 15:00:00+02:00,0.902504526933267
2019,CO2/CO/NOx,2019-09-08 16:00:00+02:00,0.914804147686902
2019,CO2/CO/NOx,2019-09-08 17:00:00+02:00,0.9139566283095868
2019,CO2/CO/NOx,2019-09-08 18:00:00+02:00,0.9190298916697122
2019,CO2/CO/NOx,2019-09-08 19:00:00+02:00,0.907801482379216
2019,CO2/CO/NOx,2019-09-08 20:00:00+02:00,0.8878771044384182
2019,CO2/CO/NOx,2019-09-08 21:00:00+02:00,0.8622954296604829
2019,CO2/CO/NOx,2019-09-08 22:00:00+02:00,0.8325224489039259
2019,CO2/CO/NOx,2019-09-08 23:00:00+02:00,0.8024087870619243
2019,CO2/CO/NOx,2019-09-09 00:00:00+02:00,0.7714876778124717
2019,CO2/CO/NOx,2019-09-09 01:00:00+02:00,0.760178213148172
2019,CO2/CO/NOx,2019-09-09 02:00:00+02:00,0.771017124066099
2019,CO2/CO/NOx,2019-09-09 03:00:00+02:00,0.8067539376472596
2019,CO2/CO/NOx,2019-09-09 04:00:00+02:00,0.8455642888697938
2019,CO2/CO/NOx,2019-09-09 05:00:00+02:00,0.8827734580465576
2019,CO2/CO/NOx,2019-09-09 06:00:00+02:00,0.917936041623189
2019,CO2/CO/NOx,2019-09-09 07:00:00+02:00,0.938090878566926
2019,CO2/CO/NOx,2019-09-09 08:00:00+02:00,0.9347183112010589
2019,CO2/CO/NOx,2019-09-09 09:00:00+02:00,0.9057561423816543
2019,CO2/CO/NOx,2019-09-09 10:00:00+02:00,0.8852189054463838
2019,CO2/CO/NOx,2019-09-09 11:00:00+02:00,0.8660083178581659
2019,CO2/CO/NOx,2019-09-09 12:00:00+02:00,0.8472589776097377
2019,CO2/CO/NOx,2019-09-09 13:00:00+02:00,0.83570030357732
2019,CO2/CO/NOx,2019-09-09 14:00:00+02:00,0.8264129247691129
2019,CO2/CO/NOx,2019-09-09 15:00:00+02:00,0.8225654091160464
2019,CO2/CO/NOx,2019-09-09 16:00:00+02:00,0.82451152507232
2019,CO2/CO/NOx,2019-09-09 17:00:00+02:00,0.820463300889388
2019,CO2/CO/NOx,2019-09-09 18:00:00+02:00,0.8433868808762913
2019,CO2/CO/NOx,2019-09-09 19:00:00+02:00,0.8644919653814948
2019,CO2/CO/NOx,2019-09-09 20:00:00+02:00,0.8718430655549498
2019,CO2/CO/NOx,2019-09-09 21:00:00+02:00,0.8711145846771372
2019,CO2/CO/NOx,2019-09-09 22:00:00+02:00,0.8546767098923758
2019,CO2/CO/NOx,2019-09-09 23:00:00+02:00,0.84030173116704
2019,CO2/CO/NOx,2019-09-10 00:00:00+02:00,0.8155931752739927
2019,CO2/CO/NOx,2019-09-10 01:00:00+02:00,0.8220230787170453
2019,CO2/CO/NOx,2019-09-10 02:00:00+02:00,0.8499620061260477
2019,CO2/CO/NOx,2019-09-10 03:00:00+02:00,0.9195173287281213
2019,CO2/CO/NOx,2019-09-10 04:00:00+02:00,0.9852253874613844
2019,CO2/CO/NOx,2019-09-10 05:00:00+02:00,1.0250864937390394
2019,CO2/CO/NOx,2019-09-10 06:00:00+02:00,1.034265810980813
2019,CO2/CO/NOx,2019-09-10 07:00:00+02:00,0.9947350203731299
2019,CO2/CO/NOx,2019-09-10 08:00:00+02:00,0.928121408587726
2019,CO2/CO/NOx,2019-09-10 09:00:00+02:00,0.8376256845827078
2019,CO2/CO/NOx,2019-09-10 10:00:00+02:00,0.759049795778906
2019,CO2/CO/NOx,2019-09-10 11:00:00+02:00,0.6962039180115519
2019,CO2/CO/NOx,2019-09-10 12:00:00+02:00,0.666094520836396
2019,CO2/CO/NOx,2019-09-10 13:00:00+02:00,0.6702795097861983
2019,CO2/CO/NOx,2019-09-10 14:00:00+02:00,0.6878982881272733
2019,CO2/CO/NOx,2019-09-10 15:00:00+02:00,0.737145053078718
2019,CO2/CO/NOx,2019-09-10 16:00:00+02:00,0.7732592308660904
2019,CO2/CO/NOx,2019-09-10 17:00:00+02:00,0.7921443830690409
2019,CO2/CO/NOx,2019-09-10 18:00:00+02:00,0.8014531881626432
2019,CO2/CO/NOx,2019-09-10 19:00:00+02:00,0.7787284331546772
2019,CO2/CO/NOx,2019-09-10 20:00:00+02:00,0.7390367462636692
2019,CO2/CO/NOx,2019-09-10 21:00:00+02:00,0.6864327950906157
2019,CO2/CO/NOx,2019-09-10 22:00:00+02:00,0.6326835931181343
2019,CO2/CO/NOx,2019-09-10 23:00:00+02:00,0.5884844367952893
2019,CO2/CO/NOx,2019-09-11 00:00:00+02:00,0.5630743791515416
2019,CO2/CO/NOx,2019-09-11 01:00:00+02:00,0.5458963051287431
2019,CO2/CO/NOx,2019-09-11 02:00:00+02:00,0.54508331874866
2019,CO2/CO/NOx,2019-09-11 03:00:00+02:00,0.5699848593964807
2019,CO2/CO/NOx,2019-09-11 04:00:00+02:00,0.6089375244160187
2019,CO2/CO/NOx,2019-09-11 05:00:00+02:00,0.659604561240306
2019,CO2/CO/NOx,2019-09-11 06:00:00+02:00,0.7074344562926806
2019,CO2/CO/NOx,2019-09-11 07:00:00+02:00,0.7349544185379441
2019,CO2/CO/NOx,2019-09-11 08:00:00+02:00,0.7485688621277901
2019,CO2/CO/NOx,2019-09-11 09:00:00+02:00,0.7277564374779019
2019,CO2/CO/NOx,2019-09-11 10:00:00+02:00,0.6899822040758464
2019,CO2/CO/NOx,2019-09-11 11:00:00+02:00,0.6361196776171846
2019,CO2/CO/NOx,2019-09-11 12:00:00+02:00,0.5796494296293668
2019,CO2/CO/NOx,2019-09-11 13:00:00+02:00,0.5362710706305622
2019,CO2/CO/NOx,2019-09-11 14:00:00+02:00,0.5055629725698959
2019,CO2/CO/NOx,2019-09-11 15:00:00+02:00,0.4978811370078078
2019,CO2/CO/NOx,2019-09-11 16:00:00+02:00,0.49563307709337207
2019,CO2/CO/NOx,2019-09-11 17:00:00+02:00,0.5159785029249726
2019,CO2/CO/NOx,2019-09-11 18:00:00+02:00,0.5369409525918436
2019,CO2/CO/NOx,2019-09-11 19:00:00+02:00,0.5437809503790444
2019,CO2/CO/NOx,2019-09-11 20:00:00+02:00,0.5338775307424386
2019,CO2/CO/NOx,2019-09-11 21:00:00+02:00,0.512517680630868
2019,CO2/CO/NOx,2019-09-11 22:00:00+02:00,0.4832073307416314
2019,CO2/CO/NOx,2019-09-11 23:00:00+02:00,0.45123259884713757
2019,CO2/CO/NOx,2019-09-12 00:00:00+02:00,0.422914384773745
2019,CO2/CO/NOx,2019-09-12 01:00:00+02:00,0.40833426259799277
2019,CO2/CO/NOx,2019-09-12 02:00:00+02:00,0.4162395917768834
2019,CO2/CO/NOx,2019-09-12 03:00:00+02:00,0.43865603648314344
2019,CO2/CO/NOx,2019-09-12 04:00:00+02:00,0.4635614336953886
2019,CO2/CO/NOx,2019-09-12 05:00:00+02:00,0.4884963069566533
2019,CO2/CO/NOx,2019-09-12 06:00:00+02:00,0.5092256171193563
2019,CO2/CO/NOx,2019-09-12 07:00:00+02:00,0.5154683375874833
2019,CO2/CO/NOx,2019-09-12 08:00:00+02:00,0.5068784948869062
2019,CO2/CO/NOx,2019-09-12 09:00:00+02:00,0.4797135379887635
2019,CO2/CO/NOx,2019-09-12 10:00:00+02:00,0.4552170817580535
2019,CO2/CO/NOx,2019-09-12 11:00:00+02:00,0.4292119632572482
2019,CO2/CO/NOx,2019-09-12 12:00:00+02:00,0.4061856501018434
2019,CO2/CO/NOx,2019-09-12 13:00:00+02:00,0.3944832743782607
2019,CO2/CO/NOx,2019-09-12 14:00:00+02:00,0.39124983122953955
2019,CO2/CO/NOx,2019-09-12 15:00:00+02:00,0.38952233930524394
2019,CO2/CO/NOx,2019-09-12 16:00:00+02:00,0.394222833872045
2019,CO2/CO/NOx,2019-09-12 17:00:00+02:00,0.40167184061786504
2019,CO2/CO/NOx,2019-09-12 18:00:00+02:00,0.4134075311667435
2019,CO2/CO/NOx,2019-09-12 19:00:00+02:00,0.42188120610198043
2019,CO2/CO/NOx,2019-09-12 20:00:00+02:00,0.42415119061499795
2019,CO2/CO/NOx,2019-09-12 21:00:00+02:00,0.42553174414331785
2019,CO2/CO/NOx,2019-09-12 22:00:00+02:00,0.42736900644765696
2019,CO2/CO/NOx,2019-09-12 23:00:00+02:00,0.4257707123739066
2019,CO2/CO/NOx,2019-09-13 00:00:00+02:00,0.41895114948691037
2019,CO2/CO/NOx,2019-09-13 01:00:00+02:00,0.43030511566736834
2019,CO2/CO/NOx,2019-09-13 02:00:00+02:00,0.4480998149038704
2019,CO2/CO/NOx,2019-09-13 03:00:00+02:00,0.48066900944877766
2019,CO2/CO/NOx,2019-09-13 04:00:00+02:00,0.5076648226413948
2019,CO2/CO/NOx,2019-09-13 05:00:00+02:00,0.527332557045226
2019,CO2/CO/NOx,2019-09-13 06:00:00+02:00,0.5420841764749238
2019,CO2/CO/NOx,2019-09-13 07:00:00+02:00,0.5414756969416689
2019,CO2/CO/NOx,2019-09-13 08:00:00+02:00,0.522062748619991
2019,CO2/CO/NOx,2019-09-13 09:00:00+02:00,0.48912904807658786
2019,CO2/CO/NOx,2019-09-13 10:00:00+02:00,0.45843442366257553
2019,CO2/CO/NOx,2019-09-13 11:00:00+02:00,0.43449669010574477
2019,CO2/CO/NOx,2019-09-13 12:00:00+02:00,0.42292484710652467
2019,CO2/CO/NOx,2019-09-13 13:00:00+02:00,0.41420261280351756
2019,CO2/CO/NOx,2019-09-13 14:00:00+02:00,0.4115259309516493
2019,CO2/CO/NOx,2019-09-13 15:00:00+02:00,0.40992139965707924
2019,CO2/CO/NOx,2019-09-13 16:00:00+02:00,0.40810118500005993
2019,CO2/CO/NOx,2019-09-13 17:00:00+02:00,0.4058288018677306
2019,CO2/CO/NOx,2019-09-13 18:00:00+02:00,0.40927279438287456
2019,CO2/CO/NOx,2019-09-13 19:00:00+02:00,0.40332315460184015
2019,CO2/CO/NOx,2019-09-13 20:00:00+02:00,0.4000790429586595
2019,CO2/CO/NOx,2019-09-13 21:00:00+02:00,0.3964599508300069
2019,CO2/CO/NOx,2019-09-13 22:00:00+02:00,0.39432106729271776
2019,CO2/CO/NOx,2019-09-13 23:00:00+02:00,0.39376704763905285
2019,CO2/CO/NOx,2019-09-14 00:00:00+02:00,0.3884898298761109
2019,CO2/CO/NOx,2019-09-14 01:00:00+02:00,0.39177647479515065
2019,CO2/CO/NOx,2019-09-14 02:00:00+02:00,0.4044829932108308
2019,CO2/CO/NOx,2019-09-14 03:00:00+02:00,0.4244740555331811
2019,CO2/CO/NOx,2019-09-14 04:00:00+02:00,0.43758269004425604
2019,CO2/CO/NOx,2019-09-14 05:00:00+02:00,0.44638820495448417
2019,CO2/CO/NOx,2019-09-14 06:00:00+02:00,0.4513900369077276
2019,CO2/CO/NOx,2019-09-14 07:00:00+02:00,0.4503167931606697
2019,CO2/CO/NOx,2019-09-14 08:00:00+02:00,0.4408040436066122
2019,CO2/CO/NOx,2019-09-14 09:00:00+02:00,0.42232160801773483
2019,CO2/CO/NOx,2019-09-14 10:00:00+02:00,0.4068855360296851
2019,CO2/CO/NOx,2019-09-14 11:00:00+02:00,0.3972469215775895
2019,CO2/CO/NOx,2019-09-14 12:00:00+02:00,0.39121049434282956
2019,CO2/CO/NOx,2019-09-14 13:00:00+02:00,0.3907853777218094
2019,CO2/CO/NOx,2019-09-14 14:00:00+02:00,0.3887441280882114
2019,CO2/CO/NOx,2019-09-14 15:00:00+02:00,0.38994244256165045
2019,CO2/CO/NOx,2019-09-14 16:00:00+02:00,0.39190999971390644
2019,CO2/CO/NOx,2019-09-14 17:00:00+02:00,0.3938692721608742
2019,CO2/CO/NOx,2019-09-14 18:00:00+02:00,0.4007582974740348
2019,CO2/CO/NOx,2019-09-14 19:00:00+02:00,0.40257696453564173
2019,CO2/CO/NOx,2019-09-14 20:00:00+02:00,0.40030661329175216
2019,CO2/CO/NOx,2019-09-14 21:00:00+02:00,0.39525311385696243
2019,CO2/CO/NOx,2019-09-14 22:00:00+02:00,0.39297360683927657
2019,CO2/CO/NOx,2019-09-14 23:00:00+02:00,0.38967082126403824
2019,CO2/CO/NOx,2019-09-15 00:00:00+02:00,0.3907751552033832
2019,CO2/CO/NOx,2019-09-15 01:00:00+02:00,0.3978949583194009
2019,CO2/CO/NOx,2019-09-15 02:00:00+02:00,0.41506807765997944
2019,CO2/CO/NOx,2019-09-15 03:00:00+02:00,0.44771223521871617
2019,CO2/CO/NOx,2019-09-15 04:00:00+02:00,0.48312012809022964
2019,CO2/CO/NOx,2019-09-15 05:00:00+02:00,0.5103099229208719
2019,CO2/CO/NOx,2019-09-15 06:00:00+02:00,0.5264985517521367
2019,CO2/CO/NOx,2019-09-15 07:00:00+02:00,0.5282686734412989
2019,CO2/CO/NOx,2019-09-15 08:00:00+02:00,0.5099103072050205
2019,CO2/CO/NOx,2019-09-15 09:00:00+02:00,0.4802740349732711
2019,CO2/CO/NOx,2019-09-15 10:00:00+02:00,0.4482040315385105
2019,CO2/CO/NOx,2019-09-15 11:00:00+02:00,0.42263533660813424
2019,CO2/CO/NOx,2019-09-15 12:00:00+02:00,0.4117928004486419
2019,CO2/CO/NOx,2019-09-15 13:00:00+02:00,0.4118781308250131
2019,CO2/CO/NOx,2019-09-15 14:00:00+02:00,0.41187306417514863
2019,CO2/CO/NOx,2019-09-15 15:00:00+02:00,0.41438541138631435
2019,CO2/CO/NOx,2019-09-15 16:00:00+02:00,0.4140100008518215
2019,CO2/CO/NOx,2019-09-15 17:00:00+02:00,0.411903575101382
2019,CO2/CO/NOx,2019-09-15 18:00:00+02:00,0.4136092272175906
2019,CO2/CO/NOx,2019-09-15 19:00:00+02:00,0.41068224359488126
2019,CO2/CO/NOx,2019-09-15 20:00:00+02:00,0.40266927302809324
2019,CO2/CO/NOx,2019-09-15 21:00:00+02:00,0.39553366862432243
2019,CO2/CO/NOx,2019-09-15 22:00:00+02:00,0.38210875607088113
2019,CO2/CO/NOx,2019-09-15 23:00:00+02:00,0.3640314505168864
2019,CO2/CO/NOx,2019-09-16 00:00:00+02:00,0.34224410059235294
2019,CO2/CO/NOx,2019-09-16 01:00:00+02:00,0.3324190860548229
2019,CO2/CO/NOx,2019-09-16 02:00:00+02:00,0.3378797419466395
2019,CO2/CO/NOx,2019-09-16 03:00:00+02:00,0.35800339926368063
2019,CO2/CO/NOx,2019-09-16 04:00:00+02:00,0.38089166683655595
2019,CO2/CO/NOx,2019-09-16 05:00:00+02:00,0.40635464855207903
2019,CO2/CO/NOx,2019-09-16 06:00:00+02:00,0.4306157429223795
2019,CO2/CO/NOx,2019-09-16 07:00:00+02:00,0.438795878362547
2019,CO2/CO/NOx,2019-09-16 08:00:00+02:00,0.43212868026611917
2019,CO2/CO/NOx,2019-09-16 09:00:00+02:00,0.41280085169287084
2019,CO2/CO/NOx,2019-09-16 10:00:00+02:00,0.3958942460403393
2019,CO2/CO/NOx,2019-09-16 11:00:00+02:00,0.38204221215618156
2019,CO2/CO/NOx,2019-09-16 12:00:00+02:00,0.37413964968467
2019,CO2/CO/NOx,2019-09-16 13:00:00+02:00,0.37371258777080324
2019,CO2/CO/NOx,2019-09-16 14:00:00+02:00,0.3792947423232005
2019,CO2/CO/NOx,2019-09-16 15:00:00+02:00,0.38396420850285884
2019,CO2/CO/NOx,2019-09-16 16:00:00+02:00,0.38648425557578914
2019,CO2/CO/NOx,2019-09-16 17:00:00+02:00,0.38814749076837185
2019,CO2/CO/NOx,2019-09-16 18:00:00+02:00,0.3904386052135283
2019,CO2/CO/NOx,2019-09-16 19:00:00+02:00,0.3876043149205298
2019,CO2/CO/NOx,2019-09-16 20:00:00+02:00,0.38114935978547493
2019,CO2/CO/NOx,2019-09-16 21:00:00+02:00,0.3700892593820878
2019,CO2/CO/NOx,2019-09-16 22:00:00+02:00,0.35692430797998914
2019,CO2/CO/NOx,2019-09-16 23:00:00+02:00,0.34404157673762437
2019,CO2/CO/NOx,2019-09-17 00:00:00+02:00,0.3232549615924429
2019,CO2/CO/NOx,2019-09-17 01:00:00+02:00,0.3133050273535543
2019,CO2/CO/NOx,2019-09-17 02:00:00+02:00,0.31641581052586737
2019,CO2/CO/NOx,2019-09-17 03:00:00+02:00,0.33140502458763527
2019,CO2/CO/NOx,2019-09-17 04:00:00+02:00,0.3525539905592607
2019,CO2/CO/NOx,2019-09-17 05:00:00+02:00,0.37524018937312553
2019,CO2/CO/NOx,2019-09-17 06:00:00+02:00,0.39431502562267984
2019,CO2/CO/NOx,2019-09-17 07:00:00+02:00,0.4059510627248257
2019,CO2/CO/NOx,2019-09-17 08:00:00+02:00,0.40867927958207395
2019,CO2/CO/NOx,2019-09-17 09:00:00+02:00,0.399314568367993
2019,CO2/CO/NOx,2019-09-17 10:00:00+02:00,0.39231628641741156
2019,CO2/CO/NOx,2019-09-17 11:00:00+02:00,0.3872147809907678
2019,CO2/CO/NOx,2019-09-17 12:00:00+02:00,0.3823702757539077
2019,CO2/CO/NOx,2019-09-17 13:00:00+02:00,0.38154339323856507
2019,CO2/CO/NOx,2019-09-17 14:00:00+02:00,0.3850419893529915
2019,CO2/CO/NOx,2019-09-17 15:00:00+02:00,0.39251669206986634
2019,CO2/CO/NOx,2019-09-17 16:00:00+02:00,0.3988062852208585
2019,CO2/CO/NOx,2019-09-17 17:00:00+02:00,0.4047542468221249
2019,CO2/CO/NOx,2019-09-17 18:00:00+02:00,0.4146080778511099
2019,CO2/CO/NOx,2019-09-17 19:00:00+02:00,0.4144391489890163
2019,CO2/CO/NOx,2019-09-17 20:00:00+02:00,0.41158002492636697
2019,CO2/CO/NOx,2019-09-17 21:00:00+02:00,0.4147815940594143
2019,CO2/CO/NOx,2019-09-17 22:00:00+02:00,0.4193005939185403
2019,CO2/CO/NOx,2019-09-17 23:00:00+02:00,0.43853407507241
2019,CO2/CO/NOx,2019-09-18 00:00:00+02:00,0.4622229372898643
2019,CO2/CO/NOx,2019-09-18 01:00:00+02:00,0.4932475072164547
2019,CO2/CO/NOx,2019-09-18 02:00:00+02:00,0.5404653537784195
2019,CO2/CO/NOx,2019-09-18 03:00:00+02:00,0.6101267592485754
2019,CO2/CO/NOx,2019-09-18 04:00:00+02:00,0.6854264603776489
2019,CO2/CO/NOx,2019-09-18 05:00:00+02:00,0.742046328756524
2019,CO2/CO/NOx,2019-09-18 06:00:00+02:00,0.7811124818659214
2019,CO2/CO/NOx,2019-09-18 07:00:00+02:00,0.7882821228574729
2019,CO2/CO/NOx,2019-09-18 08:00:00+02:00,0.7755097030137155
2019,CO2/CO/NOx,2019-09-18 09:00:00+02:00,0.7271449922395679
2019,CO2/CO/NOx,2019-09-18 10:00:00+02:00,0.6779163755646513
2019,CO2/CO/NOx,2019-09-18 11:00:00+02:00,0.6397651367826614
2019,CO2/CO/NOx,2019-09-18 12:00:00+02:00,0.618333460823915
2019,CO2/CO/NOx,2019-09-18 13:00:00+02:00,0.6094995865646141
2019,CO2/CO/NOx,2019-09-18 14:00:00+02:00,0.5935736235388801
2019,CO2/CO/NOx,2019-09-18 15:00:00+02:00,0.5836853006413136
2019,CO2/CO/NOx,2019-09-18 16:00:00+02:00,0.5882424535281948
2019,CO2/CO/NOx,2019-09-18 17:00:00+02:00,0.6104563846335572
2019,CO2/CO/NOx,2019-09-18 18:00:00+02:00,0.6456050291475359
2019,CO2/CO/NOx,2019-09-18 19:00:00+02:00,0.674096957681379
2019,CO2/CO/NOx,2019-09-18 20:00:00+02:00,0.7012142982417976
2019,CO2/CO/NOx,2019-09-18 21:00:00+02:00,0.7346130339830597
2019,CO2/CO/NOx,2019-09-18 22:00:00+02:00,0.7799260747242055
2019,CO2/CO/NOx,2019-09-18 23:00:00+02:00,0.8301880623699301
2019,CO2/CO/NOx,2019-09-19 00:00:00+02:00,0.8740340486864677
2019,CO2/CO/NOx,2019-09-19 01:00:00+02:00,0.9384042634309855
2019,CO2/CO/NOx,2019-09-19 02:00:00+02:00,1.0022457430955931
2019,CO2/CO/NOx,2019-09-19 03:00:00+02:00,1.0525764726746003
2019,CO2/CO/NOx,2019-09-19 04:00:00+02:00,1.0759106408819517
2019,CO2/CO/NOx,2019-09-19 05:00:00+02:00,1.0730976579533766
2019,CO2/CO/NOx,2019-09-19 06:00:00+02:00,1.053252170140812
2019,CO2/CO/NOx,2019-09-19 07:00:00+02:00,1.0193549043206929
2019,CO2/CO/NOx,2019-09-19 08:00:00+02:00,0.9501579947880844
2019,CO2/CO/NOx,2019-09-19 09:00:00+02:00,0.88075717101563
2019,CO2/CO/NOx,2019-09-19 10:00:00+02:00,0.8319435820903939
2019,CO2/CO/NOx,2019-09-19 11:00:00+02:00,0.788517196688446
2019,CO2/CO/NOx,2019-09-19 12:00:00+02:00,0.7722643168390926
2019,CO2/CO/NOx,2019-09-19 13:00:00+02:00,0.7784952007009308
2019,CO2/CO/NOx,2019-09-19 14:00:00+02:00,0.7834524336204942
2019,CO2/CO/NOx,2019-09-19 15:00:00+02:00,0.8157432797707715
2019,CO2/CO/NOx,2019-09-19 16:00:00+02:00,0.8276346812740635
2019,CO2/CO/NOx,2019-09-19 17:00:00+02:00,0.8281249743328075
2019,CO2/CO/NOx,2019-09-19 18:00:00+02:00,0.8515933644507382
2019,CO2/CO/NOx,2019-09-19 19:00:00+02:00,0.8353743702412254
2019,CO2/CO/NOx,2019-09-19 20:00:00+02:00,0.797423143861365
2019,CO2/CO/NOx,2019-09-19 21:00:00+02:00,0.7866182349693123
2019,CO2/CO/NOx,2019-09-19 22:00:00+02:00,0.7921571825236365
2019,CO2/CO/NOx,2019-09-19 23:00:00+02:00,0.8230857947643987
2019,CO2/CO/NOx,2019-09-20 00:00:00+02:00,0.8938275359310618
2019,CO2/CO/NOx,2019-09-20 01:00:00+02:00,0.9597596697103872
2019,CO2/CO/NOx,2019-09-20 02:00:00+02:00,1.0688835662259126
2019,CO2/CO/NOx,2019-09-20 03:00:00+02:00,1.1812841820196862
2019,CO2/CO/NOx,2019-09-20 04:00:00+02:00,1.2347403236130596
2019,CO2/CO/NOx,2019-09-20 05:00:00+02:00,1.2539087564971494
2019,CO2/CO/NOx,2019-09-20 06:00:00+02:00,1.2431238374692346
2019,CO2/CO/NOx,2019-09-20 07:00:00+02:00,1.192627039784341
2019,CO2/CO/NOx,2019-09-20 08:00:00+02:00,1.0941603596907357
2019,CO2/CO/NOx,2019-09-20 09:00:00+02:00,0.9838795533456548
2019,CO2/CO/NOx,2019-09-20 10:00:00+02:00,0.8681679821243032
2019,CO2/CO/NOx,2019-09-20 11:00:00+02:00,0.8056010727223843
2019,CO2/CO/NOx,2019-09-20 12:00:00+02:00,0.7797208525066877
2019,CO2/CO/NOx,2019-09-20 13:00:00+02:00,0.7872301178900333
2019,CO2/CO/NOx,2019-09-20 14:00:00+02:00,0.8258705252170786
2019,CO2/CO/NOx,2019-09-20 15:00:00+02:00,0.881631637551221
2019,CO2/CO/NOx,2019-09-20 16:00:00+02:00,0.9560204161639605
2019,CO2/CO/NOx,2019-09-20 17:00:00+02:00,0.9967032550503022
2019,CO2/CO/NOx,2019-09-20 18:00:00+02:00,1.017084548563772
2019,CO2/CO/NOx,2019-09-20 19:00:00+02:00,0.9837702724344217
2019,CO2/CO/NOx,2019-09-20 20:00:00+02:00,0.9230417815377394
2019,CO2/CO/NOx,2019-09-20 21:00:00+02:00,0.851004431050144
2019,CO2/CO/NOx,2019-09-20 22:00:00+02:00,0.8085896366707972
2019,CO2/CO/NOx,2019-09-20 23:00:00+02:00,0.7994025861289324
2019,CO2/CO/NOx,2019-09-21 00:00:00+02:00,0.8349006995374972
2019,CO2/CO/NOx,2019-09-21 01:00:00+02:00,0.9161798030950363
2019,CO2/CO/NOx,2019-09-21 02:00:00+02:00,1.0086696624863827
2019,CO2/CO/NOx,2019-09-21 03:00:00+02:00,1.1186848129209603
2019,CO2/CO/NOx,2019-09-21 04:00:00+02:00,1.180845521750745
2019,CO2/CO/NOx,2019-09-21 05:00:00+02:00,1.1978458939557917
2019,CO2/CO/NOx,2019-09-21 06:00:00+02:00,1.167441371594372
2019,CO2/CO/NOx,2019-09-21 07:00:00+02:00,1.107819273815994
2019,CO2/CO/NOx,2019-09-21 08:00:00+02:00,0.9975779344422503
2019,CO2/CO/NOx,2019-09-21 09:00:00+02:00,0.8846025086825378
2019,CO2/CO/NOx,2019-09-21 10:00:00+02:00,0.7895990125305118
2019,CO2/CO/NOx,2019-09-21 11:00:00+02:00,0.691873951931163
2019,CO2/CO/NOx,2019-09-21 12:00:00+02:00,0.6479956489379836
2019,CO2/CO/NOx,2019-09-21 13:00:00+02:00,0.6325513481332062
2019,CO2/CO/NOx,2019-09-21 14:00:00+02:00,0.6374966559198485
2019,CO2/CO/NOx,2019-09-21 15:00:00+02:00,0.6862060467660115
2019,CO2/CO/NOx,2019-09-21 16:00:00+02:00,0.7233539284698391
2019,CO2/CO/NOx,2019-09-21 17:00:00+02:00,0.7555892322947209
2019,CO2/CO/NOx,2019-09-21 18:00:00+02:00,0.8019252205676384
2019,CO2/CO/NOx,2019-09-21 19:00:00+02:00,0.8218631748664629
2019,CO2/CO/NOx,2019-09-21 20:00:00+02:00,0.7822349051123193
2019,CO2/CO/NOx,2019-09-21 21:00:00+02:00,0.7395619639539435
2019,CO2/CO/NOx,2019-09-21 22:00:00+02:00,0.6792939265803902
2019,CO2/CO/NOx,2019-09-21 23:00:00+02:00,0.6184669569670209
2019,CO2/CO/NOx,2019-09-22 00:00:00+02:00,0.5862237670170884
2019,CO2/CO/NOx,2019-09-22 01:00:00+02:00,0.5726247805577549
2019,CO2/CO/NOx,2019-09-22 02:00:00+02:00,0.6015133466785479
2019,CO2/CO/NOx,2019-09-22 03:00:00+02:00,0.6713972745980317
2019,CO2/CO/NOx,2019-09-22 04:00:00+02:00,0.7396200878963293
2019,CO2/CO/NOx,2019-09-22 05:00:00+02:00,0.8001112793952188
2019,CO2/CO/NOx,2019-09-22 06:00:00+02:00,0.8362606622456774
2019,CO2/CO/NOx,2019-09-22 07:00:00+02:00,0.8427147394125096
2019,CO2/CO/NOx,2019-09-22 08:00:00+02:00,0.8242281826374959
2019,CO2/CO/NOx,2019-09-22 09:00:00+02:00,0.7722242891534903
2019,CO2/CO/NOx,2019-09-22 10:00:00+02:00,0.7196606503746612
2019,CO2/CO/NOx,2019-09-22 11:00:00+02:00,0.6584088046108024
2019,CO2/CO/NOx,2019-09-22 12:00:00+02:00,0.6019232120569388
2019,CO2/CO/NOx,2019-09-22 13:00:00+02:00,0.5438799499598544
2019,CO2/CO/NOx,2019-09-22 14:00:00+02:00,0.5022107876567325
2019,CO2/CO/NOx,2019-09-22 15:00:00+02:00,0.4729135750667493
2019,CO2/CO/NOx,2019-09-22 16:00:00+02:00,0.4785241731282808
2019,CO2/CO/NOx,2019-09-22 17:00:00+02:00,0.5036895219410767
2019,CO2/CO/NOx,2019-09-22 18:00:00+02:00,0.5317886617733302
2019,CO2/CO/NOx,2019-09-22 19:00:00+02:00,0.5524704144363521
2019,CO2/CO/NOx,2019-09-22 20:00:00+02:00,0.5755619063044419
2019,CO2/CO/NOx,2019-09-22 21:00:00+02:00,0.5847905305378815
2019,CO2/CO/NOx,2019-09-22 22:00:00+02:00,0.5819024437985595
2019,CO2/CO/NOx,2019-09-22 23:00:00+02:00,0.5686111855378281
2019,CO2/CO/NOx,2019-09-23 00:00:00+02:00,0.5435316963674418
2019,CO2/CO/NOx,2019-09-23 01:00:00+02:00,0.5393207385262017
2019,CO2/CO/NOx,2019-09-23 02:00:00+02:00,0.5298478070485967
2019,CO2/CO/NOx,2019-09-23 03:00:00+02:00,0.5152637284470317
2019,CO2/CO/NOx,2019-09-23 04:00:00+02:00,0.5223706023580531
2019,CO2/CO/NOx,2019-09-23 05:00:00+02:00,0.5400456086212523
2019,CO2/CO/NOx,2019-09-23 06:00:00+02:00,0.5616717027415704
2019,CO2/CO/NOx,2019-09-23 07:00:00+02:00,0.5893547363469733
2019,CO2/CO/NOx,2019-09-23 08:00:00+02:00,0.6130074740642073
2019,CO2/CO/NOx,2019-09-23 09:00:00+02:00,0.618819047501666
2019,CO2/CO/NOx,2019-09-23 10:00:00+02:00,0.6299331059976376
2019,CO2/CO/NOx,2019-09-23 11:00:00+02:00,0.6177289176000592
2019,CO2/CO/NOx,2019-09-23 12:00:00+02:00,0.5946897211519452
2019,CO2/CO/NOx,2019-09-23 13:00:00+02:00,0.5788048983751182
2019,CO2/CO/NOx,2019-09-23 14:00:00+02:00,0.5596277235083862
2019,CO2/CO/NOx,2019-09-23 15:00:00+02:00,0.551790270831728
2019,CO2/CO/NOx,2019-09-23 16:00:00+02:00,0.5562822643063259
2019,CO2/CO/NOx,2019-09-23 17:00:00+02:00,0.5661308913460763
2019,CO2/CO/NOx,2019-09-23 18:00:00+02:00,0.5834607983360838
2019,CO2/CO/NOx,2019-09-23 19:00:00+02:00,0.5954162586731141
2019,CO2/CO/NOx,2019-09-23 20:00:00+02:00,0.5969617034185608
2019,CO2/CO/NOx,2019-09-23 21:00:00+02:00,0.5905745890082365
2019,CO2/CO/NOx,2019-09-23 22:00:00+02:00,0.5803027077471654
2019,CO2/CO/NOx,2019-09-23 23:00:00+02:00,0.5715268917595381
2019,CO2/CO/NOx,2019-09-24 00:00:00+02:00,0.5549981250070891
2019,CO2/CO/NOx,2019-09-24 01:00:00+02:00,0.5501878704413528
2019,CO2/CO/NOx,2019-09-24 02:00:00+02:00,0.5692891024040445
2019,CO2/CO/NOx,2019-09-24 03:00:00+02:00,0.6126403885755906
2019,CO2/CO/NOx,2019-09-24 04:00:00+02:00,0.6635008539480791
2019,CO2/CO/NOx,2019-09-24 05:00:00+02:00,0.7210376038180681
2019,CO2/CO/NOx,2019-09-24 06:00:00+02:00,0.7613810442016454
2019,CO2/CO/NOx,2019-09-24 07:00:00+02:00,0.7785868742186562
2019,CO2/CO/NOx,2019-09-24 08:00:00+02:00,0.7633789422445606
2019,CO2/CO/NOx,2019-09-24 09:00:00+02:00,0.7091049274222466
2019,CO2/CO/NOx,2019-09-24 10:00:00+02:00,0.6485747285352791
2019,CO2/CO/NOx,2019-09-24 11:00:00+02:00,0.5943944148977107
2019,CO2/CO/NOx,2019-09-24 12:00:00+02:00,0.5471216778491406
2019,CO2/CO/NOx,2019-09-24 13:00:00+02:00,0.5284400423301961
2019,CO2/CO/NOx,2019-09-24 14:00:00+02:00,0.5345189290485838
2019,CO2/CO/NOx,2019-09-24 15:00:00+02:00,0.5563921490134693
2019,CO2/CO/NOx,2019-09-24 16:00:00+02:00,0.5804421513230241
2019,CO2/CO/NOx,2019-09-24 17:00:00+02:00,0.5940934437572958
2019,CO2/CO/NOx,2019-09-24 18:00:00+02:00,0.6003654799621803
2019,CO2/CO/NOx,2019-09-24 19:00:00+02:00,0.5827289756361105
2019,CO2/CO/NOx,2019-09-24 20:00:00+02:00,0.5471720097750611
2019,CO2/CO/NOx,2019-09-24 21:00:00+02:00,0.4982439161212707
2019,CO2/CO/NOx,2019-09-24 22:00:00+02:00,0.4545497197406078
2019,CO2/CO/NOx,2019-09-24 23:00:00+02:00,0.4254942447279302
2019,CO2/CO/NOx,2019-09-25 00:00:00+02:00,0.4034582073572616
2019,CO2/CO/NOx,2019-09-25 01:00:00+02:00,0.39768959413248606
2019,CO2/CO/NOx,2019-09-25 02:00:00+02:00,0.40725074086560586
2019,CO2/CO/NOx,2019-09-25 03:00:00+02:00,0.4352710362306082
2019,CO2/CO/NOx,2019-09-25 04:00:00+02:00,0.4574925709054545
2019,CO2/CO/NOx,2019-09-25 05:00:00+02:00,0.4836869708542148
2019,CO2/CO/NOx,2019-09-25 06:00:00+02:00,0.5099642400071482
2019,CO2/CO/NOx,2019-09-25 07:00:00+02:00,0.5217924205260679
2019,CO2/CO/NOx,2019-09-25 08:00:00+02:00,0.5225107338219794
2019,CO2/CO/NOx,2019-09-25 09:00:00+02:00,0.5036617752656094
2019,CO2/CO/NOx,2019-09-25 10:00:00+02:00,0.48136598057815383
2019,CO2/CO/NOx,2019-09-25 11:00:00+02:00,0.4597616354944523
2019,CO2/CO/NOx,2019-09-25 12:00:00+02:00,0.44185484415536075
2019,CO2/CO/NOx,2019-09-25 13:00:00+02:00,0.4309258657342185
2019,CO2/CO/NOx,2019-09-25 14:00:00+02:00,0.4312998950104826
2019,CO2/CO/NOx,2019-09-25 15:00:00+02:00,0.44081087743662367
2019,CO2/CO/NOx,2019-09-25 16:00:00+02:00,0.44823882891579503
2019,CO2/CO/NOx,2019-09-25 17:00:00+02:00,0.45949661387491214
2019,CO2/CO/NOx,2019-09-25 18:00:00+02:00,0.47519464946481055
2019,CO2/CO/NOx,2019-09-25 19:00:00+02:00,0.4761743618126922
2019,CO2/CO/NOx,2019-09-25 20:00:00+02:00,0.46534045910975547
2019,CO2/CO/NOx,2019-09-25 21:00:00+02:00,0.4494387647392785
2019,CO2/CO/NOx,2019-09-25 22:00:00+02:00,0.4346537694679307
2019,CO2/CO/NOx,2019-09-25 23:00:00+02:00,0.42950843080657203
2019,CO2/CO/NOx,2019-09-26 00:00:00+02:00,0.4318342759035662
2019,CO2/CO/NOx,2019-09-26 01:00:00+02:00,0.4451064788596455
2019,CO2/CO/NOx,2019-09-26 02:00:00+02:00,0.4714289391530888
2019,CO2/CO/NOx,2019-09-26 03:00:00+02:00,0.5121371621742516
2019,CO2/CO/NOx,2019-09-26 04:00:00+02:00,0.545974834779027
2019,CO2/CO/NOx,2019-09-26 05:00:00+02:00,0.5681173504935744
2019,CO2/CO/NOx,2019-09-26 06:00:00+02:00,0.581165369579259
2019,CO2/CO/NOx,2019-09-26 07:00:00+02:00,0.57949925941307
2019,CO2/CO/NOx,2019-09-26 08:00:00+02:00,0.5629130813310576
2019,CO2/CO/NOx,2019-09-26 09:00:00+02:00,0.5399924835096427
2019,CO2/CO/NOx,2019-09-26 10:00:00+02:00,0.5156805099958844
2019,CO2/CO/NOx,2019-09-26 11:00:00+02:00,0.4968190655900346
2019,CO2/CO/NOx,2019-09-26 12:00:00+02:00,0.4916027897585438
2019,CO2/CO/NOx,2019-09-26 13:00:00+02:00,0.49311445243649354
2019,CO2/CO/NOx,2019-09-26 14:00:00+02:00,0.5010545790150032
2019,CO2/CO/NOx,2019-09-26 15:00:00+02:00,0.5109561217270425
2019,CO2/CO/NOx,2019-09-26 16:00:00+02:00,0.513103170404651
2019,CO2/CO/NOx,2019-09-26 17:00:00+02:00,0.5111923066788261
2019,CO2/CO/NOx,2019-09-26 18:00:00+02:00,0.5147249736093419
2019,CO2/CO/NOx,2019-09-26 19:00:00+02:00,0.5012578815458792
2019,CO2/CO/NOx,2019-09-26 20:00:00+02:00,0.47628412975243495
2019,CO2/CO/NOx,2019-09-26 21:00:00+02:00,0.4538147465402809
2019,CO2/CO/NOx,2019-09-26 22:00:00+02:00,0.4303658883358416
2019,CO2/CO/NOx,2019-09-26 23:00:00+02:00,0.41370741932001187
2019,CO2/CO/NOx,2019-09-27 00:00:00+02:00,0.3985562325381716
2019,CO2/CO/NOx,2019-09-27 01:00:00+02:00,0.3984595856400433
2019,CO2/CO/NOx,2019-09-27 02:00:00+02:00,0.41439741097215765
2019,CO2/CO/NOx,2019-09-27 03:00:00+02:00,0.4403908728995334
2019,CO2/CO/NOx,2019-09-27 04:00:00+02:00,0.45885823856111013
2019,CO2/CO/NOx,2019-09-27 05:00:00+02:00,0.47031580593698674
2019,CO2/CO/NOx,2019-09-27 06:00:00+02:00,0.48267605431027466
2019,CO2/CO/NOx,2019-09-27 07:00:00+02:00,0.48293148847054757
2019,CO2/CO/NOx,2019-09-27 08:00:00+02:00,0.4723533058618226
2019,CO2/CO/NOx,2019-09-27 09:00:00+02:00,0.4503406120653054
2019,CO2/CO/NOx,2019-09-27 10:00:00+02:00,0.4336366658229761
2019,CO2/CO/NOx,2019-09-27 11:00:00+02:00,0.41723068182897904
2019,CO2/CO/NOx,2019-09-27 12:00:00+02:00,0.40590478438675737
2019,CO2/CO/NOx,2019-09-27 13:00:00+02:00,0.39972973842741233
2019,CO2/CO/NOx,2019-09-27 14:00:00+02:00,0.39632940872094374
2019,CO2/CO/NOx,2019-09-27 15:00:00+02:00,0.4038087891850812
2019,CO2/CO/NOx,2019-09-27 16:00:00+02:00,0.414096257897726
2019,CO2/CO/NOx,2019-09-27 17:00:00+02:00,0.4236163870681028
2019,CO2/CO/NOx,2019-09-27 18:00:00+02:00,0.4357483959519511
2019,CO2/CO/NOx,2019-09-27 19:00:00+02:00,0.433953073942907
2019,CO2/CO/NOx,2019-09-27 20:00:00+02:00,0.42757241161108633
2019,CO2/CO/NOx,2019-09-27 21:00:00+02:00,0.42250009151122375
2019,CO2/CO/NOx,2019-09-27 22:00:00+02:00,0.41018491322781825
2019,CO2/CO/NOx,2019-09-27 23:00:00+02:00,0.4007353369790933
2019,CO2/CO/NOx,2019-09-28 00:00:00+02:00,0.398178141717449
2019,CO2/CO/NOx,2019-09-28 01:00:00+02:00,0.4009424070263087
2019,CO2/CO/NOx,2019-09-28 02:00:00+02:00,0.40439429940343363
2019,CO2/CO/NOx,2019-09-28 03:00:00+02:00,0.4226126796024841
2019,CO2/CO/NOx,2019-09-28 04:00:00+02:00,0.44391355712640324
2019,CO2/CO/NOx,2019-09-28 05:00:00+02:00,0.4712122080813315
2019,CO2/CO/NOx,2019-09-28 06:00:00+02:00,0.5020249854139098
2019,CO2/CO/NOx,2019-09-28 07:00:00+02:00,0.5220534648542446
2019,CO2/CO/NOx,2019-09-28 08:00:00+02:00,0.5367793520123482
2019,CO2/CO/NOx,2019-09-28 09:00:00+02:00,0.5347322728694212
2019,CO2/CO/NOx,2019-09-28 10:00:00+02:00,0.5191283109488838
2019,CO2/CO/NOx,2019-09-28 11:00:00+02:00,0.4933300387480156
2019,CO2/CO/NOx,2019-09-28 12:00:00+02:00,0.4715268193334285
2019,CO2/CO/NOx,2019-09-28 13:00:00+02:00,0.45622934400598414
2019,CO2/CO/NOx,2019-09-28 14:00:00+02:00,0.4432795181779658
2019,CO2/CO/NOx,2019-09-28 15:00:00+02:00,0.4479205581792443
2019,CO2/CO/NOx,2019-09-28 16:00:00+02:00,0.45667772896645153
2019,CO2/CO/NOx,2019-09-28 17:00:00+02:00,0.4671925535897344
2019,CO2/CO/NOx,2019-09-28 18:00:00+02:00,0.4837285040642653
2019,CO2/CO/NOx,2019-09-28 19:00:00+02:00,0.488548283028948
2019,CO2/CO/NOx,2019-09-28 20:00:00+02:00,0.4970825101113151
2019,CO2/CO/NOx,2019-09-28 21:00:00+02:00,0.5013146033866624
2019,CO2/CO/NOx,2019-09-28 22:00:00+02:00,0.5031046607589326
2019,CO2/CO/NOx,2019-09-28 23:00:00+02:00,0.505255900209528
2019,CO2/CO/NOx,2019-09-29 00:00:00+02:00,0.5090938579800465
2019,CO2/CO/NOx,2019-09-29 01:00:00+02:00,0.5063874861923708
2019,CO2/CO/NOx,2019-09-29 02:00:00+02:00,0.5074444078824882
2019,CO2/CO/NOx,2019-09-29 03:00:00+02:00,0.5227388078171293
2019,CO2/CO/NOx,2019-09-29 04:00:00+02:00,0.5421682583996675
2019,CO2/CO/NOx,2019-09-29 05:00:00+02:00,0.581392415971195
2019,CO2/CO/NOx,2019-09-29 06:00:00+02:00,0.6109457662558206
2019,CO2/CO/NOx,2019-09-29 07:00:00+02:00,0.6284812835201276
2019,CO2/CO/NOx,2019-09-29 08:00:00+02:00,0.627533587669305
2019,CO2/CO/NOx,2019-09-29 09:00:00+02:00,0.6002465410698293
2019,CO2/CO/NOx,2019-09-29 10:00:00+02:00,0.5566655794955618
2019,CO2/CO/NOx,2019-09-29 11:00:00+02:00,0.508530156554376
2019,CO2/CO/NOx,2019-09-29 12:00:00+02:00,0.46367814300470234
2019,CO2/CO/NOx,2019-09-29 13:00:00+02:00,0.4400904681193739
2019,CO2/CO/NOx,2019-09-29 14:00:00+02:00,0.42767079581856005
2019,CO2/CO/NOx,2019-09-29 15:00:00+02:00,0.4177165782243087
2019,CO2/CO/NOx,2019-09-29 16:00:00+02:00,0.4269667744158448
2019,CO2/CO/NOx,2019-09-29 17:00:00+02:00,0.4403302270865688
2019,CO2/CO/NOx,2019-09-29 18:00:00+02:00,0.45296363044979016
2019,CO2/CO/NOx,2019-09-29 19:00:00+02:00,0.45844411849123085
2019,CO2/CO/NOx,2019-09-29 20:00:00+02:00,0.45452542493801174
2019,CO2/CO/NOx,2019-09-29 21:00:00+02:00,0.4407969546827112
2019,CO2/CO/NOx,2019-09-29 22:00:00+02:00,0.42598735825890466
2019,CO2/CO/NOx,2019-09-29 23:00:00+02:00,0.40179711585987876
2019,CO2/CO/NOx,2019-09-30 00:00:00+02:00,0.3733511204800896
2019,CO2/CO/NOx,2019-09-30 01:00:00+02:00,0.36642902289086526
2019,CO2/CO/NOx,2019-09-30 02:00:00+02:00,0.3686237038757825
2019,CO2/CO/NOx,2019-09-30 03:00:00+02:00,0.3826049834454888
2019,CO2/CO/NOx,2019-09-30 04:00:00+02:00,0.40158841297771825
2019,CO2/CO/NOx,2019-09-30 05:00:00+02:00,0.4213117996159766
2019,CO2/CO/NOx,2019-09-30 06:00:00+02:00,0.4394240850270396
2019,CO2/CO/NOx,2019-09-30 07:00:00+02:00,0.4481218720083093
2019,CO2/CO/NOx,2019-09-30 08:00:00+02:00,0.44443247971109234
2019,CO2/CO/NOx,2019-09-30 09:00:00+02:00,0.427963685863895
2019,CO2/CO/NOx,2019-09-30 10:00:00+02:00,0.41495971680547644
2019,CO2/CO/NOx,2019-09-30 11:00:00+02:00,0.40064116852601345
2019,CO2/CO/NOx,2019-09-30 12:00:00+02:00,0.3887855173892748
2019,CO2/CO/NOx,2019-09-30 13:00:00+02:00,0.3824699216361821
2019,CO2/CO/NOx,2019-09-30 14:00:00+02:00,0.3838304812408637
2019,CO2/CO/NOx,2019-09-30 15:00:00+02:00,0.39142996198101854
2019,CO2/CO/NOx,2019-09-30 16:00:00+02:00,0.3954831695777777
2019,CO2/CO/NOx,2019-09-30 17:00:00+02:00,0.40381504136706264
2019,CO2/CO/NOx,2019-09-30 18:00:00+02:00,0.4214592207291413
2019,CO2/CO/NOx,2019-09-30 19:00:00+02:00,0.43900960035784464
2019,CO2/CO/NOx,2019-09-30 20:00:00+02:00,0.4520818444708733
2019,CO2/CO/NOx,2019-09-30 21:00:00+02:00,0.46750942245727306
2019,CO2/CO/NOx,2019-09-30 22:00:00+02:00,0.4850935549219875
2019,CO2/CO/NOx,2019-09-30 23:00:00+02:00,0.5046330619806293
2019,CO2/CO/NOx,2019-10-01 00:00:00+02:00,0.5199584045836827
2019,CO2/CO/NOx,2019-10-01 01:00:00+02:00,0.5347964780613802
2019,CO2/CO/NOx,2019-10-01 02:00:00+02:00,0.5621545750191249
2019,CO2/CO/NOx,2019-10-01 03:00:00+02:00,0.6071825966126241
2019,CO2/CO/NOx,2019-10-01 04:00:00+02:00,0.6430576487370784
2019,CO2/CO/NOx,2019-10-01 05:00:00+02:00,0.6837752648786175
2019,CO2/CO/NOx,2019-10-01 06:00:00+02:00,0.7158318440398456
2019,CO2/CO/NOx,2019-10-01 07:00:00+02:00,0.7181160741820499
2019,CO2/CO/NOx,2019-10-01 08:00:00+02:00,0.6872034187557282
2019,CO2/CO/NOx,2019-10-01 09:00:00+02:00,0.6302062676720287
2019,CO2/CO/NOx,2019-10-01 10:00:00+02:00,0.5675232664393023
2019,CO2/CO/NOx,2019-10-01 11:00:00+02:00,0.5113724420954553
2019,CO2/CO/NOx,2019-10-01 12:00:00+02:00,0.4719454200859901
2019,CO2/CO/NOx,2019-10-01 13:00:00+02:00,0.4457631350164207
2019,CO2/CO/NOx,2019-10-01 14:00:00+02:00,0.444734885082918
2019,CO2/CO/NOx,2019-10-01 15:00:00+02:00,0.4577977818806577
2019,CO2/CO/NOx,2019-10-01 16:00:00+02:00,0.47380767416485864
2019,CO2/CO/NOx,2019-10-01 17:00:00+02:00,0.4906933786321489
2019,CO2/CO/NOx,2019-10-01 18:00:00+02:00,0.5043470325604512
2019,CO2/CO/NOx,2019-10-01 19:00:00+02:00,0.5033912260534272
2019,CO2/CO/NOx,2019-10-01 20:00:00+02:00,0.484927062085121
2019,CO2/CO/NOx,2019-10-01 21:00:00+02:00,0.4617209821669769
2019,CO2/CO/NOx,2019-10-01 22:00:00+02:00,0.4384006277110358
2019,CO2/CO/NOx,2019-10-01 23:00:00+02:00,0.4150803382571328
2019,CO2/CO/NOx,2019-10-02 00:00:00+02:00,0.39866927771294675
2019,CO2/CO/NOx,2019-10-02 01:00:00+02:00,0.40455857377578347
2019,CO2/CO/NOx,2019-10-02 02:00:00+02:00,0.4258011651146071
2019,CO2/CO/NOx,2019-10-02 03:00:00+02:00,0.45423476515478456
2019,CO2/CO/NOx,2019-10-02 04:00:00+02:00,0.4762800803077623
2019,CO2/CO/NOx,2019-10-02 05:00:00+02:00,0.49078504421901475
2019,CO2/CO/NOx,2019-10-02 06:00:00+02:00,0.5026651545501563
2019,CO2/CO/NOx,2019-10-02 07:00:00+02:00,0.5035375510356856
2019,CO2/CO/NOx,2019-10-02 08:00:00+02:00,0.4994316988899692
2019,CO2/CO/NOx,2019-10-02 09:00:00+02:00,0.48891407912230034
2019,CO2/CO/NOx,2019-10-02 10:00:00+02:00,0.49033527552218276
2019,CO2/CO/NOx,2019-10-02 11:00:00+02:00,0.4960530587100136
2019,CO2/CO/NOx,2019-10-02 12:00:00+02:00,0.5007232922714555
2019,CO2/CO/NOx,2019-10-02 13:00:00+02:00,0.4965058961046848
2019,CO2/CO/NOx,2019-10-02 14:00:00+02:00,0.5039622536597216
2019,CO2/CO/NOx,2019-10-02 15:00:00+02:00,0.5261381918071779
2019,CO2/CO/NOx,2019-10-02 16:00:00+02:00,0.5548931782224209
2019,CO2/CO/NOx,2019-10-02 17:00:00+02:00,0.6112994605562746
2019,CO2/CO/NOx,2019-10-02 18:00:00+02:00,0.6985888945401442
2019,CO2/CO/NOx,2019-10-02 19:00:00+02:00,0.7612288229760125
2019,CO2/CO/NOx,2019-10-02 20:00:00+02:00,0.8121118276367616
2019,CO2/CO/NOx,2019-10-02 21:00:00+02:00,0.8314245433091093
2019,CO2/CO/NOx,2019-10-02 22:00:00+02:00,0.8507679352845697
2019,CO2/CO/NOx,2019-10-02 23:00:00+02:00,0.8647522496288442
2019,CO2/CO/NOx,2019-10-03 00:00:00+02:00,0.8561184511360823
2019,CO2/CO/NOx,2019-10-03 01:00:00+02:00,0.8582967549863211
2019,CO2/CO/NOx,2019-10-03 02:00:00+02:00,0.8808812933805864
2019,CO2/CO/NOx,2019-10-03 03:00:00+02:00,0.9246955502626482
2019,CO2/CO/NOx,2019-10-03 04:00:00+02:00,0.9486934757439365
2019,CO2/CO/NOx,2019-10-03 05:00:00+02:00,0.9819681192059478
2019,CO2/CO/NOx,2019-10-03 06:00:00+02:00,1.0207784365403614
2019,CO2/CO/NOx,2019-10-03 07:00:00+02:00,1.0525326113315157
2019,CO2/CO/NOx,2019-10-03 08:00:00+02:00,1.0493262860093477
2019,CO2/CO/NOx,2019-10-03 09:00:00+02:00,1.0134356936181632
2019,CO2/CO/NOx,2019-10-03 10:00:00+02:00,0.9843746944661488
2019,CO2/CO/NOx,2019-10-03 11:00:00+02:00,0.9524694381912335
2019,CO2/CO/NOx,2019-10-03 12:00:00+02:00,0.9249827658203419
2019,CO2/CO/NOx,2019-10-03 13:00:00+02:00,0.9056717596301928
2019,CO2/CO/NOx,2019-10-03 14:00:00+02:00,0.8919568093617672
2019,CO2/CO/NOx,2019-10-03 15:00:00+02:00,0.9075733382528175
2019,CO2/CO/NOx,2019-10-03 16:00:00+02:00,0.9354006364509292
2019,CO2/CO/NOx,2019-10-03 17:00:00+02:00,0.9769654845650992
2019,CO2/CO/NOx,2019-10-03 18:00:00+02:00,1.040660253786135
2019,CO2/CO/NOx,2019-10-03 19:00:00+02:00,1.0867172797543474
2019,CO2/CO/NOx,2019-10-03 20:00:00+02:00,1.100706708202373
2019,CO2/CO/NOx,2019-10-03 21:00:00+02:00,1.078925911382653
2019,CO2/CO/NOx,2019-10-03 22:00:00+02:00,1.0266896359452442
2019,CO2/CO/NOx,2019-10-03 23:00:00+02:00,0.9559913727893674
2019,CO2/CO/NOx,2019-10-04 00:00:00+02:00,0.891598679486627
2019,CO2/CO/NOx,2019-10-04 01:00:00+02:00,0.8832479062595566
2019,CO2/CO/NOx,2019-10-04 02:00:00+02:00,0.9112579691039079
2019,CO2/CO/NOx,2019-10-04 03:00:00+02:00,0.9954029421818532
2019,CO2/CO/NOx,2019-10-04 04:00:00+02:00,1.0731302960426
2019,CO2/CO/NOx,2019-10-04 05:00:00+02:00,1.1482863374665473
2019,CO2/CO/NOx,2019-10-04 06:00:00+02:00,1.209099649217363
2019,CO2/CO/NOx,2019-10-04 07:00:00+02:00,1.2212630422527984
2019,CO2/CO/NOx,2019-10-04 08:00:00+02:00,1.1827571844412939
2019,CO2/CO/NOx,2019-10-04 09:00:00+02:00,1.1120701858480369
2019,CO2/CO/NOx,2019-10-04 10:00:00+02:00,1.040913957970544
2019,CO2/CO/NOx,2019-10-04 11:00:00+02:00,0.9848068549360349
2019,CO2/CO/NOx,2019-10-04 12:00:00+02:00,0.9473966873624388
2019,CO2/CO/NOx,2019-10-04 13:00:00+02:00,0.9245418404368576
2019,CO2/CO/NOx,2019-10-04 14:00:00+02:00,0.9311689574723372
2019,CO2/CO/NOx,2019-10-04 15:00:00+02:00,0.9573987956692862
2019,CO2/CO/NOx,2019-10-04 16:00:00+02:00,0.9650901151736634
2019,CO2/CO/NOx,2019-10-04 17:00:00+02:00,0.9519973326131258
2019,CO2/CO/NOx,2019-10-04 18:00:00+02:00,0.951865564406552
2019,CO2/CO/NOx,2019-10-04 19:00:00+02:00,0.9214666553467641
2019,CO2/CO/NOx,2019-10-04 20:00:00+02:00,0.8901468759692651
2019,CO2/CO/NOx,2019-10-04 21:00:00+02:00,0.8407268865727547
2019,CO2/CO/NOx,2019-10-04 22:00:00+02:00,0.7912464543940054
2019,CO2/CO/NOx,2019-10-04 23:00:00+02:00,0.7581121097756292
2019,CO2/CO/NOx,2019-10-05 00:00:00+02:00,0.7373083260659448
2019,CO2/CO/NOx,2019-10-05 01:00:00+02:00,0.7378490726716349
2019,CO2/CO/NOx,2019-10-05 02:00:00+02:00,0.7555960109097662
2019,CO2/CO/NOx,2019-10-05 03:00:00+02:00,0.7968507096973012
2019,CO2/CO/NOx,2019-10-05 04:00:00+02:00,0.8221820935738786
2019,CO2/CO/NOx,2019-10-05 05:00:00+02:00,0.8404881437703803
2019,CO2/CO/NOx,2019-10-05 06:00:00+02:00,0.851570127686525
2019,CO2/CO/NOx,2019-10-05 07:00:00+02:00,0.8516199609635454
2019,CO2/CO/NOx,2019-10-05 08:00:00+02:00,0.8473412206801928
2019,CO2/CO/NOx,2019-10-05 09:00:00+02:00,0.8348988100264644
2019,CO2/CO/NOx,2019-10-05 10:00:00+02:00,0.8327052472205476
2019,CO2/CO/NOx,2019-10-05 11:00:00+02:00,0.8333965238806436
2019,CO2/CO/NOx,2019-10-05 12:00:00+02:00,0.8295089872743054
2019,CO2/CO/NOx,2019-10-05 13:00:00+02:00,0.827160018096424
2019,CO2/CO/NOx,2019-10-05 14:00:00+02:00,0.8307177141660737
2019,CO2/CO/NOx,2019-10-05 15:00:00+02:00,0.8481315136037287
2019,CO2/CO/NOx,2019-10-05 16:00:00+02:00,0.8593945635652418
2019,CO2/CO/NOx,2019-10-05 17:00:00+02:00,0.8676693094553452
2019,CO2/CO/NOx,2019-10-05 18:00:00+02:00,0.8906060425955483
2019,CO2/CO/NOx,2019-10-05 19:00:00+02:00,0.8926585486918721
2019,CO2/CO/NOx,2019-10-05 20:00:00+02:00,0.8870638576204561
2019,CO2/CO/NOx,2019-10-05 21:00:00+02:00,0.8816920002903348
2019,CO2/CO/NOx,2019-10-05 22:00:00+02:00,0.8838128651053875
2019,CO2/CO/NOx,2019-10-05 23:00:00+02:00,0.8938929643567697
2019,CO2/CO/NOx,2019-10-06 00:00:00+02:00,0.9031501802984161
2019,CO2/CO/NOx,2019-10-06 01:00:00+02:00,0.9208517617772728
2019,CO2/CO/NOx,2019-10-06 02:00:00+02:00,0.9579889419406837
2019,CO2/CO/NOx,2019-10-06 03:00:00+02:00,1.016934163005548
2019,CO2/CO/NOx,2019-10-06 04:00:00+02:00,1.0484929793570095
2019,CO2/CO/NOx,2019-10-06 05:00:00+02:00,1.0644215441056497
2019,CO2/CO/NOx,2019-10-06 06:00:00+02:00,1.1008536663913966
2019,CO2/CO/NOx,2019-10-06 07:00:00+02:00,1.111272612664261
2019,CO2/CO/NOx,2019-10-06 08:00:00+02:00,1.0882490219459588
2019,CO2/CO/NOx,2019-10-06 09:00:00+02:00,1.0453105458936973
2019,CO2/CO/NOx,2019-10-06 10:00:00+02:00,1.0066696615279827
2019,CO2/CO/NOx,2019-10-06 11:00:00+02:00,0.9826608988018677
2019,CO2/CO/NOx,2019-10-06 12:00:00+02:00,0.969018050763912
2019,CO2/CO/NOx,2019-10-06 13:00:00+02:00,0.9581349466281733
2019,CO2/CO/NOx,2019-10-06 14:00:00+02:00,0.9541775134406398
2019,CO2/CO/NOx,2019-10-06 15:00:00+02:00,0.9835569768998618
2019,CO2/CO/NOx,2019-10-06 16:00:00+02:00,0.9964321023817313
2019,CO2/CO/NOx,2019-10-06 17:00:00+02:00,0.9994847457543173
2019,CO2/CO/NOx,2019-10-06 18:00:00+02:00,1.0035152106523404
2019,CO2/CO/NOx,2019-10-06 19:00:00+02:00,0.990926840771855
2019,CO2/CO/NOx,2019-10-06 20:00:00+02:00,0.9608134255698085
2019,CO2/CO/NOx,2019-10-06 21:00:00+02:00,0.915535906468175
2019,CO2/CO/NOx,2019-10-06 22:00:00+02:00,0.859237645433686
2019,CO2/CO/NOx,2019-10-06 23:00:00+02:00,0.8114761376741351
2019,CO2/CO/NOx,2019-10-07 00:00:00+02:00,0.7628249360661933
2019,CO2/CO/NOx,2019-10-07 01:00:00+02:00,0.7710846675449795
2019,CO2/CO/NOx,2019-10-07 02:00:00+02:00,0.8103766032178772
2019,CO2/CO/NOx,2019-10-07 03:00:00+02:00,0.8843289129715861
2019,CO2/CO/NOx,2019-10-07 04:00:00+02:00,0.9710915877711787
2019,CO2/CO/NOx,2019-10-07 05:00:00+02:00,1.0470140032376785
2019,CO2/CO/NOx,2019-10-07 06:00:00+02:00,1.1072921467389352
2019,CO2/CO/NOx,2019-10-07 07:00:00+02:00,1.1451041535353739
2019,CO2/CO/NOx,2019-10-07 08:00:00+02:00,1.1582101603512993
2019,CO2/CO/NOx,2019-10-07 09:00:00+02:00,1.119220923616019
2019,CO2/CO/NOx,2019-10-07 10:00:00+02:00,1.0867274705063255
2019,CO2/CO/NOx,2019-10-07 11:00:00+02:00,1.039833689931083
2019,CO2/CO/NOx,2019-10-07 12:00:00+02:00,0.9888306298381991
2019,CO2/CO/NOx,2019-10-07 13:00:00+02:00,0.9481899476326032
2019,CO2/CO/NOx,2019-10-07 14:00:00+02:00,0.9133220616957922
2019,CO2/CO/NOx,2019-10-07 15:00:00+02:00,0.911201739637272
2019,CO2/CO/NOx,2019-10-07 16:00:00+02:00,0.9250465451267099
2019,CO2/CO/NOx,2019-10-07 17:00:00+02:00,0.9611555670117127
2019,CO2/CO/NOx,2019-10-07 18:00:00+02:00,1.0133437706914556
2019,CO2/CO/NOx,2019-10-07 19:00:00+02:00,1.0385425644872017
2019,CO2/CO/NOx,2019-10-07 20:00:00+02:00,1.0448072379698152
2019,CO2/CO/NOx,2019-10-07 21:00:00+02:00,1.0221220648400124
2019,CO2/CO/NOx,2019-10-07 22:00:00+02:00,0.9876291274578002
2019,CO2/CO/NOx,2019-10-07 23:00:00+02:00,0.9430782992431702
2019,CO2/CO/NOx,2019-10-08 00:00:00+02:00,0.8886751146127435
2019,CO2/CO/NOx,2019-10-08 01:00:00+02:00,0.8499228745485571
2019,CO2/CO/NOx,2019-10-08 02:00:00+02:00,0.8560764277687509
2019,CO2/CO/NOx,2019-10-08 03:00:00+02:00,0.904145860916941
2019,CO2/CO/NOx,2019-10-08 04:00:00+02:00,0.9422481333005597
2019,CO2/CO/NOx,2019-10-08 05:00:00+02:00,0.981540859090402
2019,CO2/CO/NOx,2019-10-08 06:00:00+02:00,1.0159107608494506
2019,CO2/CO/NOx,2019-10-08 07:00:00+02:00,1.0318347636730973
2019,CO2/CO/NOx,2019-10-08 08:00:00+02:00,1.0180828598258813
2019,CO2/CO/NOx,2019-10-08 09:00:00+02:00,0.9545551174900068
2019,CO2/CO/NOx,2019-10-08 10:00:00+02:00,0.8927020270624736
2019,CO2/CO/NOx,2019-10-08 11:00:00+02:00,0.829725347122201
2019,CO2/CO/NOx,2019-10-08 12:00:00+02:00,0.7680944270176941
2019,CO2/CO/NOx,2019-10-08 13:00:00+02:00,0.7176625483312586
2019,CO2/CO/NOx,2019-10-08 14:00:00+02:00,0.684097029459589
2019,CO2/CO/NOx,2019-10-08 15:00:00+02:00,0.6798408996738888
2019,CO2/CO/NOx,2019-10-08 16:00:00+02:00,0.688366003667423
2019,CO2/CO/NOx,2019-10-08 17:00:00+02:00,0.699003759180906
2019,CO2/CO/NOx,2019-10-08 18:00:00+02:00,0.7197102015711725
2019,CO2/CO/NOx,2019-10-08 19:00:00+02:00,0.7221203937105022
2019,CO2/CO/NOx,2019-10-08 20:00:00+02:00,0.6997460113986682
2019,CO2/CO/NOx,2019-10-08 21:00:00+02:00,0.6542581099934178
2019,CO2/CO/NOx,2019-10-08 22:00:00+02:00,0.6002715320269177
2019,CO2/CO/NOx,2019-10-08 23:00:00+02:00,0.5385072148042898
2019,CO2/CO/NOx,2019-10-09 00:00:00+02:00,0.4794656560370253
2019,CO2/CO/NOx,2019-10-09 01:00:00+02:00,0.4365680806433624
2019,CO2/CO/NOx,2019-10-09 02:00:00+02:00,0.426181491345527
2019,CO2/CO/NOx,2019-10-09 03:00:00+02:00,0.464533604105774
2019,CO2/CO/NOx,2019-10-09 04:00:00+02:00,0.5044688932063716
2019,CO2/CO/NOx,2019-10-09 05:00:00+02:00,0.5598369712715238
2019,CO2/CO/NOx,2019-10-09 06:00:00+02:00,0.6236645143660311
2019,CO2/CO/NOx,2019-10-09 07:00:00+02:00,0.6791218078665537
2019,CO2/CO/NOx,2019-10-09 08:00:00+02:00,0.7089653131514764
2019,CO2/CO/NOx,2019-10-09 09:00:00+02:00,0.7038454715493826
2019,CO2/CO/NOx,2019-10-09 10:00:00+02:00,0.6916869914240854
2019,CO2/CO/NOx,2019-10-09 11:00:00+02:00,0.6768587741796517
2019,CO2/CO/NOx,2019-10-09 12:00:00+02:00,0.670628028545102
2019,CO2/CO/NOx,2019-10-09 13:00:00+02:00,0.6734034172255873
2019,CO2/CO/NOx,2019-10-09 14:00:00+02:00,0.6947201914395221
2019,CO2/CO/NOx,2019-10-09 15:00:00+02:00,0.741661658733679
2019,CO2/CO/NOx,2019-10-09 16:00:00+02:00,0.7897563786071427
2019,CO2/CO/NOx,2019-10-09 17:00:00+02:00,0.832173818150396
2019,CO2/CO/NOx,2019-10-09 18:00:00+02:00,0.8698821276122027
2019,CO2/CO/NOx,2019-10-09 19:00:00+02:00,0.8810122936975143
2019,CO2/CO/NOx,2019-10-09 20:00:00+02:00,0.8667007840585492
2019,CO2/CO/NOx,2019-10-09 21:00:00+02:00,0.8373634596623858
2019,CO2/CO/NOx,2019-10-09 22:00:00+02:00,0.8071781098613631
2019,CO2/CO/NOx,2019-10-09 23:00:00+02:00,0.7751635772254599
2019,CO2/CO/NOx,2019-10-10 00:00:00+02:00,0.7464965820371321
2019,CO2/CO/NOx,2019-10-10 01:00:00+02:00,0.7306878774032476
2019,CO2/CO/NOx,2019-10-10 02:00:00+02:00,0.7453692141024789
2019,CO2/CO/NOx,2019-10-10 03:00:00+02:00,0.7875369996322192
2019,CO2/CO/NOx,2019-10-10 04:00:00+02:00,0.8269381276395417
2019,CO2/CO/NOx,2019-10-10 05:00:00+02:00,0.8658264901020742
2019,CO2/CO/NOx,2019-10-10 06:00:00+02:00,0.8968066611517148
2019,CO2/CO/NOx,2019-10-10 07:00:00+02:00,0.9081375733329663
2019,CO2/CO/NOx,2019-10-10 08:00:00+02:00,0.8987114652664075
2019,CO2/CO/NOx,2019-10-10 09:00:00+02:00,0.8673026777840037
2019,CO2/CO/NOx,2019-10-10 10:00:00+02:00,0.8350717541330985
2019,CO2/CO/NOx,2019-10-10 11:00:00+02:00,0.8090301117451519
2019,CO2/CO/NOx,2019-10-10 12:00:00+02:00,0.7888940084575026
2019,CO2/CO/NOx,2019-10-10 13:00:00+02:00,0.7844637329473992
2019,CO2/CO/NOx,2019-10-10 14:00:00+02:00,0.7914250589142987
2019,CO2/CO/NOx,2019-10-10 15:00:00+02:00,0.8173618667523661
2019,CO2/CO/NOx,2019-10-10 16:00:00+02:00,0.840445439040858
2019,CO2/CO/NOx,2019-10-10 17:00:00+02:00,0.8656312705922605
2019,CO2/CO/NOx,2019-10-10 18:00:00+02:00,0.8877710343735892
2019,CO2/CO/NOx,2019-10-10 19:00:00+02:00,0.8791943065210515
2019,CO2/CO/NOx,2019-10-10 20:00:00+02:00,0.8506813336556708
2019,CO2/CO/NOx,2019-10-10 21:00:00+02:00,0.8093696630909681
2019,CO2/CO/NOx,2019-10-10 22:00:00+02:00,0.7693329641910637
2019,CO2/CO/NOx,2019-10-10 23:00:00+02:00,0.7396510131825897
2019,CO2/CO/NOx,2019-10-11 00:00:00+02:00,0.7163695080692106
2019,CO2/CO/NOx,2019-10-11 01:00:00+02:00,0.7236532512364201
2019,CO2/CO/NOx,2019-10-11 02:00:00+02:00,0.758393792290005
2019,CO2/CO/NOx,2019-10-11 03:00:00+02:00,0.8281338810171278
2019,CO2/CO/NOx,2019-10-11 04:00:00+02:00,0.8985904866728754
2019,CO2/CO/NOx,2019-10-11 05:00:00+02:00,0.9572835836627039
2019,CO2/CO/NOx,2019-10-11 06:00:00+02:00,0.9945082010992564
2019,CO2/CO/NOx,2019-10-11 07:00:00+02:00,0.9984823964565087
2019,CO2/CO/NOx,2019-10-11 08:00:00+02:00,0.9591319428228493
2019,CO2/CO/NOx,2019-10-11 09:00:00+02:00,0.8830532012292862
2019,CO2/CO/NOx,2019-10-11 10:00:00+02:00,0.8038590195627708
2019,CO2/CO/NOx,2019-10-11 11:00:00+02:00,0.7254560143480251
2019,CO2/CO/NOx,2019-10-11 12:00:00+02:00,0.6682216829546485
2019,CO2/CO/NOx,2019-10-11 13:00:00+02:00,0.6261932843767369
2019,CO2/CO/NOx,2019-10-11 14:00:00+02:00,0.6034959460716206
2019,CO2/CO/NOx,2019-10-11 15:00:00+02:00,0.6161703200452375
2019,CO2/CO/NOx,2019-10-11 16:00:00+02:00,0.6433350665099984
2019,CO2/CO/NOx,2019-10-11 17:00:00+02:00,0.677616476380726
2019,CO2/CO/NOx,2019-10-11 18:00:00+02:00,0.7300585562213728
2019,CO2/CO/NOx,2019-10-11 19:00:00+02:00,0.7510245465155778
2019,CO2/CO/NOx,2019-10-11 20:00:00+02:00,0.7602936380587677
2019,CO2/CO/NOx,2019-10-11 21:00:00+02:00,0.7577379459833244
2019,CO2/CO/NOx,2019-10-11 22:00:00+02:00,0.7393008047780392
2019,CO2/CO/NOx,2019-10-11 23:00:00+02:00,0.7164081012680649
2019,CO2/CO/NOx,2019-10-12 00:00:00+02:00,0.6862208031818111
2019,CO2/CO/NOx,2019-10-12 01:00:00+02:00,0.6469310158068077
2019,CO2/CO/NOx,2019-10-12 02:00:00+02:00,0.6283576023555775
2019,CO2/CO/NOx,2019-10-12 03:00:00+02:00,0.6597951010514573
2019,CO2/CO/NOx,2019-10-12 04:00:00+02:00,0.7303089745996261
2019,CO2/CO/NOx,2019-10-12 05:00:00+02:00,0.8206357894361459
2019,CO2/CO/NOx,2019-10-12 06:00:00+02:00,0.8976907221363125
2019,CO2/CO/NOx,2019-10-12 07:00:00+02:00,0.9314463783972428
2019,CO2/CO/NOx,2019-10-12 08:00:00+02:00,0.9135920807028494
2019,CO2/CO/NOx,2019-10-12 09:00:00+02:00,0.8242199269332136
2019,CO2/CO/NOx,2019-10-12 10:00:00+02:00,0.6946866832324865
2019,CO2/CO/NOx,2019-10-12 11:00:00+02:00,0.5625912990261152
2019,CO2/CO/NOx,2019-10-12 12:00:00+02:00,0.4744710650069182
2019,CO2/CO/NOx,2019-10-12 13:00:00+02:00,0.4288722980352485
2019,CO2/CO/NOx,2019-10-12 14:00:00+02:00,0.3880177094036368
2019,CO2/CO/NOx,2019-10-12 15:00:00+02:00,0.42222272880282413
2019,CO2/CO/NOx,2019-10-12 16:00:00+02:00,0.4854697192693522
2019,CO2/CO/NOx,2019-10-12 17:00:00+02:00,0.5566823696194817
2019,CO2/CO/NOx,2019-10-12 18:00:00+02:00,0.6176456489236731
2019,CO2/CO/NOx,2019-10-12 19:00:00+02:00,0.6614440910807279
2019,CO2/CO/NOx,2019-10-12 20:00:00+02:00,0.6740303001568655
2019,CO2/CO/NOx,2019-10-12 21:00:00+02:00,0.6511454043395251
2019,CO2/CO/NOx,2019-10-12 22:00:00+02:00,0.5790698731794377
2019,CO2/CO/NOx,2019-10-12 23:00:00+02:00,0.5032113187561923
2019,CO2/CO/NOx,2019-10-13 00:00:00+02:00,0.47989081448843646
2019,CO2/CO/NOx,2019-10-13 01:00:00+02:00,0.4684645918251372
2019,CO2/CO/NOx,2019-10-13 02:00:00+02:00,0.47190113292827923
2019,CO2/CO/NOx,2019-10-13 03:00:00+02:00,0.5127143447252405
2019,CO2/CO/NOx,2019-10-13 04:00:00+02:00,0.5733333960916085
2019,CO2/CO/NOx,2019-10-13 05:00:00+02:00,0.6459475829874269
2019,CO2/CO/NOx,2019-10-13 06:00:00+02:00,0.7042099968812312
2019,CO2/CO/NOx,2019-10-13 07:00:00+02:00,0.7196687759979307
2019,CO2/CO/NOx,2019-10-13 08:00:00+02:00,0.7098487648035126
2019,CO2/CO/NOx,2019-10-13 09:00:00+02:00,0.6587146177734016
2019,CO2/CO/NOx,2019-10-13 10:00:00+02:00,0.5859071567585227
2019,CO2/CO/NOx,2019-10-13 11:00:00+02:00,0.5141736540963822
2019,CO2/CO/NOx,2019-10-13 12:00:00+02:00,0.45786585423398357
2019,CO2/CO/NOx,2019-10-13 13:00:00+02:00,0.41732661069193494
2019,CO2/CO/NOx,2019-10-13 14:00:00+02:00,0.39911509108027754
2019,CO2/CO/NOx,2019-10-13 15:00:00+02:00,0.4149609801911821
2019,CO2/CO/NOx,2019-10-13 16:00:00+02:00,0.44838474762989855
2019,CO2/CO/NOx,2019-10-13 17:00:00+02:00,0.4923423043935777
2019,CO2/CO/NOx,2019-10-13 18:00:00+02:00,0.52874419930558
2019,CO2/CO/NOx,2019-10-13 19:00:00+02:00,0.5456662362014386
2019,CO2/CO/NOx,2019-10-13 20:00:00+02:00,0.5615401618146794
2019,CO2/CO/NOx,2019-10-13 21:00:00+02:00,0.5523322894585749
2019,CO2/CO/NOx,2019-10-13 22:00:00+02:00,0.5231672780372966
2019,CO2/CO/NOx,2019-10-13 23:00:00+02:00,0.4871805391251011
2019,CO2/CO/NOx,2019-10-14 00:00:00+02:00,0.47106589657773373
2019,CO2/CO/NOx,2019-10-14 01:00:00+02:00,0.47800199712326574
2019,CO2/CO/NOx,2019-10-14 02:00:00+02:00,0.502186736616866
2019,CO2/CO/NOx,2019-10-14 03:00:00+02:00,0.5394516370694141
2019,CO2/CO/NOx,2019-10-14 04:00:00+02:00,0.5914248969394805
2019,CO2/CO/NOx,2019-10-14 05:00:00+02:00,0.653045257643041
2019,CO2/CO/NOx,2019-10-14 06:00:00+02:00,0.7045984695537993
2019,CO2/CO/NOx,2019-10-14 07:00:00+02:00,0.7233981678835805
2019,CO2/CO/NOx,2019-10-14 08:00:00+02:00,0.7125947806824671
2019,CO2/CO/NOx,2019-10-14 09:00:00+02:00,0.6538814840588507
2019,CO2/CO/NOx,2019-10-14 10:00:00+02:00,0.5866397370095873
2019,CO2/CO/NOx,2019-10-14 11:00:00+02:00,0.5229924213514333
2019,CO2/CO/NOx,2019-10-14 12:00:00+02:00,0.4696948599978946
2019,CO2/CO/NOx,2019-10-14 13:00:00+02:00,0.43956592453323556
2019,CO2/CO/NOx,2019-10-14 14:00:00+02:00,0.427680324267576
2019,CO2/CO/NOx,2019-10-14 15:00:00+02:00,0.4375129674104004
2019,CO2/CO/NOx,2019-10-14 16:00:00+02:00,0.4636080735356066
2019,CO2/CO/NOx,2019-10-14 17:00:00+02:00,0.4931587634544918
2019,CO2/CO/NOx,2019-10-14 18:00:00+02:00,0.5176884422295625
2019,CO2/CO/NOx,2019-10-14 19:00:00+02:00,0.5459984705096363
2019,CO2/CO/NOx,2019-10-14 20:00:00+02:00,0.5637984516344691
2019,CO2/CO/NOx,2019-10-14 21:00:00+02:00,0.5731319472737584
2019,CO2/CO/NOx,2019-10-14 22:00:00+02:00,0.5658549778839236
2019,CO2/CO/NOx,2019-10-14 23:00:00+02:00,0.5500983120525925
2019,CO2/CO/NOx,2019-10-15 00:00:00+02:00,0.5311510036813261
2019,CO2/CO/NOx,2019-10-15 01:00:00+02:00,0.533959843402743
2019,CO2/CO/NOx,2019-10-15 02:00:00+02:00,0.5405493441990173
2019,CO2/CO/NOx,2019-10-15 03:00:00+02:00,0.5817884943108537
2019,CO2/CO/NOx,2019-10-15 04:00:00+02:00,0.6331834682684596
2019,CO2/CO/NOx,2019-10-15 05:00:00+02:00,0.6902949136852767
2019,CO2/CO/NOx,2019-10-15 06:00:00+02:00,0.7498972577305243
2019,CO2/CO/NOx,2019-10-15 07:00:00+02:00,0.7795972546396625
2019,CO2/CO/NOx,2019-10-15 08:00:00+02:00,0.7748327711433077
2019,CO2/CO/NOx,2019-10-15 09:00:00+02:00,0.7256977678066184
2019,CO2/CO/NOx,2019-10-15 10:00:00+02:00,0.6562228187501973
2019,CO2/CO/NOx,2019-10-15 11:00:00+02:00,0.5714558623522329
2019,CO2/CO/NOx,2019-10-15 12:00:00+02:00,0.5053180274703601
2019,CO2/CO/NOx,2019-10-15 13:00:00+02:00,0.44870998197241085
2019,CO2/CO/NOx,2019-10-15 14:00:00+02:00,0.4158943744351298
2019,CO2/CO/NOx,2019-10-15 15:00:00+02:00,0.42113976622816274
2019,CO2/CO/NOx,2019-10-15 16:00:00+02:00,0.46008220553418344
2019,CO2/CO/NOx,2019-10-15 17:00:00+02:00,0.5058767763624379
2019,CO2/CO/NOx,2019-10-15 18:00:00+02:00,0.548422538555666
2019,CO2/CO/NOx,2019-10-15 19:00:00+02:00,0.5646199303216085
2019,CO2/CO/NOx,2019-10-15 20:00:00+02:00,0.5717355534888744
2019,CO2/CO/NOx,2019-10-15 21:00:00+02:00,0.5632480003431081
2019,CO2/CO/NOx,2019-10-15 22:00:00+02:00,0.5372229965099378
2019,CO2/CO/NOx,2019-10-15 23:00:00+02:00,0.5094315741684757
2019,CO2/CO/NOx,2019-10-16 00:00:00+02:00,0.4902198334174855
2019,CO2/CO/NOx,2019-10-16 01:00:00+02:00,0.5071623013632159
2019,CO2/CO/NOx,2019-10-16 02:00:00+02:00,0.5289816504134911
2019,CO2/CO/NOx,2019-10-16 03:00:00+02:00,0.5703188428349557
2019,CO2/CO/NOx,2019-10-16 04:00:00+02:00,0.6110165953193556
2019,CO2/CO/NOx,2019-10-16 05:00:00+02:00,0.67047164557132
2019,CO2/CO/NOx,2019-10-16 06:00:00+02:00,0.7177016256886456
2019,CO2/CO/NOx,2019-10-16 07:00:00+02:00,0.7454178567545262
2019,CO2/CO/NOx,2019-10-16 08:00:00+02:00,0.7398068381860582
2019,CO2/CO/NOx,2019-10-16 09:00:00+02:00,0.714359956199278
2019,CO2/CO/NOx,2019-10-16 10:00:00+02:00,0.6908937573487052
2019,CO2/CO/NOx,2019-10-16 11:00:00+02:00,0.6618298657156322
2019,CO2/CO/NOx,2019-10-16 12:00:00+02:00,0.6330820511790296
2019,CO2/CO/NOx,2019-10-16 13:00:00+02:00,0.6122113505819025
2019,CO2/CO/NOx,2019-10-16 14:00:00+02:00,0.6003233094962133
2019,CO2/CO/NOx,2019-10-16 15:00:00+02:00,0.6106514421105087
2019,CO2/CO/NOx,2019-10-16 16:00:00+02:00,0.6302389960423858
2019,CO2/CO/NOx,2019-10-16 17:00:00+02:00,0.6480054696830901
2019,CO2/CO/NOx,2019-10-16 18:00:00+02:00,0.6864542486616289
2019,CO2/CO/NOx,2019-10-16 19:00:00+02:00,0.7055115217051422
2019,CO2/CO/NOx,2019-10-16 20:00:00+02:00,0.7109181731769423
2019,CO2/CO/NOx,2019-10-16 21:00:00+02:00,0.682664934247415
2019,CO2/CO/NOx,2019-10-16 22:00:00+02:00,0.6610334006411293
2019,CO2/CO/NOx,2019-10-16 23:00:00+02:00,0.6389976065063544
2019,CO2/CO/NOx,2019-10-17 00:00:00+02:00,0.6607329342344519
2019,CO2/CO/NOx,2019-10-17 01:00:00+02:00,0.721003209949015
2019,CO2/CO/NOx,2019-10-17 02:00:00+02:00,0.8068210788809038
2019,CO2/CO/NOx,2019-10-17 03:00:00+02:00,0.9198337626554243
2019,CO2/CO/NOx,2019-10-17 04:00:00+02:00,0.9977946361465083
2019,CO2/CO/NOx,2019-10-17 05:00:00+02:00,1.0315524827723994
2019,CO2/CO/NOx,2019-10-17 06:00:00+02:00,1.0144266616784718
2019,CO2/CO/NOx,2019-10-17 07:00:00+02:00,0.9613411348493535
2019,CO2/CO/NOx,2019-10-17 08:00:00+02:00,0.870642823381877
2019,CO2/CO/NOx,2019-10-17 09:00:00+02:00,0.7696593844572978
2019,CO2/CO/NOx,2019-10-17 10:00:00+02:00,0.6665768580102455
2019,CO2/CO/NOx,2019-10-17 11:00:00+02:00,0.5969275208623491
2019,CO2/CO/NOx,2019-10-17 12:00:00+02:00,0.5638825477735785
2019,CO2/CO/NOx,2019-10-17 13:00:00+02:00,0.5563179044642733
2019,CO2/CO/NOx,2019-10-17 14:00:00+02:00,0.5919868297108356
2019,CO2/CO/NOx,2019-10-17 15:00:00+02:00,0.6407673755875193
2019,CO2/CO/NOx,2019-10-17 16:00:00+02:00,0.6926801568605262
2019,CO2/CO/NOx,2019-10-17 17:00:00+02:00,0.7408522222662229
2019,CO2/CO/NOx,2019-10-17 18:00:00+02:00,0.7662477594673597
2019,CO2/CO/NOx,2019-10-17 19:00:00+02:00,0.7455480063818631
2019,CO2/CO/NOx,2019-10-17 20:00:00+02:00,0.7082138504270885
2019,CO2/CO/NOx,2019-10-17 21:00:00+02:00,0.6493180706452563
2019,CO2/CO/NOx,2019-10-17 22:00:00+02:00,0.59518786309204
2019,CO2/CO/NOx,2019-10-17 23:00:00+02:00,0.5614375258805413
2019,CO2/CO/NOx,2019-10-18 00:00:00+02:00,0.515847766161492
2019,CO2/CO/NOx,2019-10-18 01:00:00+02:00,0.4953789934749038
2019,CO2/CO/NOx,2019-10-18 02:00:00+02:00,0.5082790900369687
2019,CO2/CO/NOx,2019-10-18 03:00:00+02:00,0.5439909544638986
2019,CO2/CO/NOx,2019-10-18 04:00:00+02:00,0.5910808635479144
2019,CO2/CO/NOx,2019-10-18 05:00:00+02:00,0.651678621012952
2019,CO2/CO/NOx,2019-10-18 06:00:00+02:00,0.7135771980591132
2019,CO2/CO/NOx,2019-10-18 07:00:00+02:00,0.7495723407270537
2019,CO2/CO/NOx,2019-10-18 08:00:00+02:00,0.7469819476768341
2019,CO2/CO/NOx,2019-10-18 09:00:00+02:00,0.6995735210264644
2019,CO2/CO/NOx,2019-10-18 10:00:00+02:00,0.6348126894023043
2019,CO2/CO/NOx,2019-10-18 11:00:00+02:00,0.5685764348061364
2019,CO2/CO/NOx,2019-10-18 12:00:00+02:00,0.5014985170453948
2019,CO2/CO/NOx,2019-10-18 13:00:00+02:00,0.45903631672305084
2019,CO2/CO/NOx,2019-10-18 14:00:00+02:00,0.44486276474709596
2019,CO2/CO/NOx,2019-10-18 15:00:00+02:00,0.4524565056566605
2019,CO2/CO/NOx,2019-10-18 16:00:00+02:00,0.47588798381300773
2019,CO2/CO/NOx,2019-10-18 17:00:00+02:00,0.5066820334267149
2019,CO2/CO/NOx,2019-10-18 18:00:00+02:00,0.547945114432178
2019,CO2/CO/NOx,2019-10-18 19:00:00+02:00,0.5708200453229322
2019,CO2/CO/NOx,2019-10-18 20:00:00+02:00,0.5822735982264469
2019,CO2/CO/NOx,2019-10-18 21:00:00+02:00,0.5809934519071038
2019,CO2/CO/NOx,2019-10-18 22:00:00+02:00,0.5709100634611332
2019,CO2/CO/NOx,2019-10-18 23:00:00+02:00,0.5568101850698383
2019,CO2/CO/NOx,2019-10-19 00:00:00+02:00,0.5426994697818562
2019,CO2/CO/NOx,2019-10-19 01:00:00+02:00,0.5439721920565614
2019,CO2/CO/NOx,2019-10-19 02:00:00+02:00,0.5467165943176414
2019,CO2/CO/NOx,2019-10-19 03:00:00+02:00,0.5737393270663792
2019,CO2/CO/NOx,2019-10-19 04:00:00+02:00,0.6017818096193513
2019,CO2/CO/NOx,2019-10-19 05:00:00+02:00,0.6340146625062383
2019,CO2/CO/NOx,2019-10-19 06:00:00+02:00,0.6746137548376286
2019,CO2/CO/NOx,2019-10-19 07:00:00+02:00,0.7146345468764799
2019,CO2/CO/NOx,2019-10-19 08:00:00+02:00,0.7382662230459788
2019,CO2/CO/NOx,2019-10-19 09:00:00+02:00,0.7324919050656106
2019,CO2/CO/NOx,2019-10-19 10:00:00+02:00,0.7173742424213472
2019,CO2/CO/NOx,2019-10-19 11:00:00+02:00,0.6922858330998544
2019,CO2/CO/NOx,2019-10-19 12:00:00+02:00,0.6655425884128296
2019,CO2/CO/NOx,2019-10-19 13:00:00+02:00,0.6337864744766607
2019,CO2/CO/NOx,2019-10-19 14:00:00+02:00,0.6077830630446391
2019,CO2/CO/NOx,2019-10-19 15:00:00+02:00,0.6160033319501454
2019,CO2/CO/NOx,2019-10-19 16:00:00+02:00,0.6374591349393669
2019,CO2/CO/NOx,2019-10-19 17:00:00+02:00,0.6623059591769234
2019,CO2/CO/NOx,2019-10-19 18:00:00+02:00,0.6776435696803186
2019,CO2/CO/NOx,2019-10-19 19:00:00+02:00,0.687790656898743
2019,CO2/CO/NOx,2019-10-19 20:00:00+02:00,0.6901448230499411
2019,CO2/CO/NOx,2019-10-19 21:00:00+02:00,0.6682605100336284
2019,CO2/CO/NOx,2019-10-19 22:00:00+02:00,0.6376703048436458
2019,CO2/CO/NOx,2019-10-19 23:00:00+02:00,0.6405999955791224
2019,CO2/CO/NOx,2019-10-20 00:00:00+02:00,0.656729499044804
2019,CO2/CO/NOx,2019-10-20 01:00:00+02:00,0.7060088197291785
2019,CO2/CO/NOx,2019-10-20 02:00:00+02:00,0.7790774464363561
2019,CO2/CO/NOx,2019-10-20 03:00:00+02:00,0.855132048092489
2019,CO2/CO/NOx,2019-10-20 04:00:00+02:00,0.931440397219592
2019,CO2/CO/NOx,2019-10-20 05:00:00+02:00,0.9855807385136041
2019,CO2/CO/NOx,2019-10-20 06:00:00+02:00,0.9948128258289196
2019,CO2/CO/NOx,2019-10-20 07:00:00+02:00,0.9776385527252999
2019,CO2/CO/NOx,2019-10-20 08:00:00+02:00,0.9453684104692102
2019,CO2/CO/NOx,2019-10-20 09:00:00+02:00,0.8724378817489115
2019,CO2/CO/NOx,2019-10-20 10:00:00+02:00,0.8009865397854647
2019,CO2/CO/NOx,2019-10-20 11:00:00+02:00,0.7216233944345121
2019,CO2/CO/NOx,2019-10-20 12:00:00+02:00,0.6574943321300135
2019,CO2/CO/NOx,2019-10-20 13:00:00+02:00,0.6144255208274255
2019,CO2/CO/NOx,2019-10-20 14:00:00+02:00,0.5715464311337545
2019,CO2/CO/NOx,2019-10-20 15:00:00+02:00,0.5460999906868295
2019,CO2/CO/NOx,2019-10-20 16:00:00+02:00,0.5427743586255608
2019,CO2/CO/NOx,2019-10-20 17:00:00+02:00,0.5518431397925001
2019,CO2/CO/NOx,2019-10-20 18:00:00+02:00,0.5710428320730262
2019,CO2/CO/NOx,2019-10-20 19:00:00+02:00,0.5731095968297698
2019,CO2/CO/NOx,2019-10-20 20:00:00+02:00,0.5652293548873023
2019,CO2/CO/NOx,2019-10-20 21:00:00+02:00,0.5474034366482278
2019,CO2/CO/NOx,2019-10-20 22:00:00+02:00,0.5115225409589984
2019,CO2/CO/NOx,2019-10-20 23:00:00+02:00,0.4667894004380708
2019,CO2/CO/NOx,2019-10-21 00:00:00+02:00,0.4234031731976924
2019,CO2/CO/NOx,2019-10-21 01:00:00+02:00,0.391779729145974
2019,CO2/CO/NOx,2019-10-21 02:00:00+02:00,0.37817013202295324
2019,CO2/CO/NOx,2019-10-21 03:00:00+02:00,0.39822385171754293
2019,CO2/CO/NOx,2019-10-21 04:00:00+02:00,0.42911368823721924
2019,CO2/CO/NOx,2019-10-21 05:00:00+02:00,0.48099884183986513
2019,CO2/CO/NOx,2019-10-21 06:00:00+02:00,0.5338318863494407
2019,CO2/CO/NOx,2019-10-21 07:00:00+02:00,0.5709710415098816
2019,CO2/CO/NOx,2019-10-21 08:00:00+02:00,0.5834358763755144
2019,CO2/CO/NOx,2019-10-21 09:00:00+02:00,0.5649794166705907
2019,CO2/CO/NOx,2019-10-21 10:00:00+02:00,0.533867939626956
2019,CO2/CO/NOx,2019-10-21 11:00:00+02:00,0.49419078548295275
2019,CO2/CO/NOx,2019-10-21 12:00:00+02:00,0.4556808143384888
2019,CO2/CO/NOx,2019-10-21 13:00:00+02:00,0.43147952145009233
2019,CO2/CO/NOx,2019-10-21 14:00:00+02:00,0.43333839911349276
2019,CO2/CO/NOx,2019-10-21 15:00:00+02:00,0.4530933361296012
2019,CO2/CO/NOx,2019-10-21 16:00:00+02:00,0.4728185584593765
2019,CO2/CO/NOx,2019-10-21 17:00:00+02:00,0.49842395084847846
2019,CO2/CO/NOx,2019-10-21 18:00:00+02:00,0.5306785191430653
2019,CO2/CO/NOx,2019-10-21 19:00:00+02:00,0.5475481325930073
2019,CO2/CO/NOx,2019-10-21 20:00:00+02:00,0.556079262678489
2019,CO2/CO/NOx,2019-10-21 21:00:00+02:00,0.5451338628109477
2019,CO2/CO/NOx,2019-10-21 22:00:00+02:00,0.5300141551785766
2019,CO2/CO/NOx,2019-10-21 23:00:00+02:00,0.5184407538314529
2019,CO2/CO/NOx,2019-10-22 00:00:00+02:00,0.4952040885874298
2019,CO2/CO/NOx,2019-10-22 01:00:00+02:00,0.4878048882647623
2019,CO2/CO/NOx,2019-10-22 02:00:00+02:00,0.5097068166014164
2019,CO2/CO/NOx,2019-10-22 03:00:00+02:00,0.5495321491718465
2019,CO2/CO/NOx,2019-10-22 04:00:00+02:00,0.6000118276751557
2019,CO2/CO/NOx,2019-10-22 05:00:00+02:00,0.6632854777320156
2019,CO2/CO/NOx,2019-10-22 06:00:00+02:00,0.723162019603267
2019,CO2/CO/NOx,2019-10-22 07:00:00+02:00,0.7613898754975904
2019,CO2/CO/NOx,2019-10-22 08:00:00+02:00,0.7758547020175486
2019,CO2/CO/NOx,2019-10-22 09:00:00+02:00,0.7641041411435745
2019,CO2/CO/NOx,2019-10-22 10:00:00+02:00,0.7534213577127189
2019,CO2/CO/NOx,2019-10-22 11:00:00+02:00,0.7374556435289592
2019,CO2/CO/NOx,2019-10-22 12:00:00+02:00,0.7125924644730078
2019,CO2/CO/NOx,2019-10-22 13:00:00+02:00,0.7090226600712846
2019,CO2/CO/NOx,2019-10-22 14:00:00+02:00,0.718921075279735
2019,CO2/CO/NOx,2019-10-22 15:00:00+02:00,0.7386992257935111
2019,CO2/CO/NOx,2019-10-22 16:00:00+02:00,0.755131379459494
2019,CO2/CO/NOx,2019-10-22 17:00:00+02:00,0.7725831305321227
2019,CO2/CO/NOx,2019-10-22 18:00:00+02:00,0.7912293988267158
2019,CO2/CO/NOx,2019-10-22 19:00:00+02:00,0.7900517801410918
2019,CO2/CO/NOx,2019-10-22 20:00:00+02:00,0.7725490016211948
2019,CO2/CO/NOx,2019-10-22 21:00:00+02:00,0.7434621923050819
2019,CO2/CO/NOx,2019-10-22 22:00:00+02:00,0.7157555512285251
2019,CO2/CO/NOx,2019-10-22 23:00:00+02:00,0.6872427725726141
2019,CO2/CO/NOx,2019-10-23 00:00:00+02:00,0.6579133671527183
2019,CO2/CO/NOx,2019-10-23 01:00:00+02:00,0.6506830943811966
2019,CO2/CO/NOx,2019-10-23 02:00:00+02:00,0.6676108765346989
2019,CO2/CO/NOx,2019-10-23 03:00:00+02:00,0.6990088016582988
2019,CO2/CO/NOx,2019-10-23 04:00:00+02:00,0.7313878199084503
2019,CO2/CO/NOx,2019-10-23 05:00:00+02:00,0.7686034886429557
2019,CO2/CO/NOx,2019-10-23 06:00:00+02:00,0.8035701295252974
2019,CO2/CO/NOx,2019-10-23 07:00:00+02:00,0.8278894192444722
2019,CO2/CO/NOx,2019-10-23 08:00:00+02:00,0.8352342787716904
2019,CO2/CO/NOx,2019-10-23 09:00:00+02:00,0.8212308223209006
2019,CO2/CO/NOx,2019-10-23 10:00:00+02:00,0.798970412041806
2019,CO2/CO/NOx,2019-10-23 11:00:00+02:00,0.7606459354428831
2019,CO2/CO/NOx,2019-10-23 12:00:00+02:00,0.7241777446929731
2019,CO2/CO/NOx,2019-10-23 13:00:00+02:00,0.695907180721041
2019,CO2/CO/NOx,2019-10-23 14:00:00+02:00,0.6785616115464715
2019,CO2/CO/NOx,2019-10-23 15:00:00+02:00,0.6803669187140874
2019,CO2/CO/NOx,2019-10-23 16:00:00+02:00,0.7016178307724449
2019,CO2/CO/NOx,2019-10-23 17:00:00+02:00,0.7315860080192521
2019,CO2/CO/NOx,2019-10-23 18:00:00+02:00,0.7722429127449952
2019,CO2/CO/NOx,2019-10-23 19:00:00+02:00,0.7859868904026054
2019,CO2/CO/NOx,2019-10-23 20:00:00+02:00,0.7817084470356185
2019,CO2/CO/NOx,2019-10-23 21:00:00+02:00,0.7611424050972398
2019,CO2/CO/NOx,2019-10-23 22:00:00+02:00,0.7224823990736134
2019,CO2/CO/NOx,2019-10-23 23:00:00+02:00,0.6831972398983494
2019,CO2/CO/NOx,2019-10-24 00:00:00+02:00,0.6466539082031061
2019,CO2/CO/NOx,2019-10-24 01:00:00+02:00,0.6483693327075816
2019,CO2/CO/NOx,2019-10-24 02:00:00+02:00,0.6831798457238839
2019,CO2/CO/NOx,2019-10-24 03:00:00+02:00,0.7498434892553292
2019,CO2/CO/NOx,2019-10-24 04:00:00+02:00,0.8155610786242032
2019,CO2/CO/NOx,2019-10-24 05:00:00+02:00,0.8871222033944811
2019,CO2/CO/NOx,2019-10-24 06:00:00+02:00,0.9337121090269379
2019,CO2/CO/NOx,2019-10-24 07:00:00+02:00,0.9479942727883058
2019,CO2/CO/NOx,2019-10-24 08:00:00+02:00,0.9362657070203906
2019,CO2/CO/NOx,2019-10-24 09:00:00+02:00,0.8875872244367351
2019,CO2/CO/NOx,2019-10-24 10:00:00+02:00,0.8364371144116977
2019,CO2/CO/NOx,2019-10-24 11:00:00+02:00,0.7889862492971867
2019,CO2/CO/NOx,2019-10-24 12:00:00+02:00,0.7411564807497637
2019,CO2/CO/NOx,2019-10-24 13:00:00+02:00,0.7085020787218871
2019,CO2/CO/NOx,2019-10-24 14:00:00+02:00,0.7023021018452386
2019,CO2/CO/NOx,2019-10-24 15:00:00+02:00,0.7137694811412747
2019,CO2/CO/NOx,2019-10-24 16:00:00+02:00,0.7357761602665814
2019,CO2/CO/NOx,2019-10-24 17:00:00+02:00,0.7587982533272147
2019,CO2/CO/NOx,2019-10-24 18:00:00+02:00,0.7845352169322561
2019,CO2/CO/NOx,2019-10-24 19:00:00+02:00,0.7873483981192029
2019,CO2/CO/NOx,2019-10-24 20:00:00+02:00,0.7714554365745991
2019,CO2/CO/NOx,2019-10-24 21:00:00+02:00,0.7307128554676015
2019,CO2/CO/NOx,2019-10-24 22:00:00+02:00,0.6886316889556424
2019,CO2/CO/NOx,2019-10-24 23:00:00+02:00,0.6501017830032634
2019,CO2/CO/NOx,2019-10-25 00:00:00+02:00,0.6103686064584779
2019,CO2/CO/NOx,2019-10-25 01:00:00+02:00,0.5942357375822829
2019,CO2/CO/NOx,2019-10-25 02:00:00+02:00,0.6038604079576839
2019,CO2/CO/NOx,2019-10-25 03:00:00+02:00,0.6373331990742026
2019,CO2/CO/NOx,2019-10-25 04:00:00+02:00,0.6664849463346353
2019,CO2/CO/NOx,2019-10-25 05:00:00+02:00,0.7001911236839526
2019,CO2/CO/NOx,2019-10-25 06:00:00+02:00,0.7262703477777536
2019,CO2/CO/NOx,2019-10-25 07:00:00+02:00,0.7390587467053831
2019,CO2/CO/NOx,2019-10-25 08:00:00+02:00,0.7316647078212722
2019,CO2/CO/NOx,2019-10-25 09:00:00+02:00,0.7049881523292106
2019,CO2/CO/NOx,2019-10-25 10:00:00+02:00,0.6760523448670902
2019,CO2/CO/NOx,2019-10-25 11:00:00+02:00,0.6428234401782409
2019,CO2/CO/NOx,2019-10-25 12:00:00+02:00,0.5997442483613353
2019,CO2/CO/NOx,2019-10-25 13:00:00+02:00,0.5682728963820388
2019,CO2/CO/NOx,2019-10-25 14:00:00+02:00,0.5524889339895747
2019,CO2/CO/NOx,2019-10-25 15:00:00+02:00,0.5401167230346864
2019,CO2/CO/NOx,2019-10-25 16:00:00+02:00,0.5343496134277979
2019,CO2/CO/NOx,2019-10-25 17:00:00+02:00,0.5416933884018161
2019,CO2/CO/NOx,2019-10-25 18:00:00+02:00,0.5676143653113133
2019,CO2/CO/NOx,2019-10-25 19:00:00+02:00,0.5888313871074609
2019,CO2/CO/NOx,2019-10-25 20:00:00+02:00,0.6102264343509635
2019,CO2/CO/NOx,2019-10-25 21:00:00+02:00,0.6235311782284053
2019,CO2/CO/NOx,2019-10-25 22:00:00+02:00,0.6311696820520717
2019,CO2/CO/NOx,2019-10-25 23:00:00+02:00,0.6305164647349137
2019,CO2/CO/NOx,2019-10-26 00:00:00+02:00,0.618112785944737
2019,CO2/CO/NOx,2019-10-26 01:00:00+02:00,0.603615768502352
2019,CO2/CO/NOx,2019-10-26 02:00:00+02:00,0.632350527663503
2019,CO2/CO/NOx,2019-10-26 03:00:00+02:00,0.6968524403756712
2019,CO2/CO/NOx,2019-10-26 04:00:00+02:00,0.7872883995785283
2019,CO2/CO/NOx,2019-10-26 05:00:00+02:00,0.8784083541428416
2019,CO2/CO/NOx,2019-10-26 06:00:00+02:00,0.9386118583427707
2019,CO2/CO/NOx,2019-10-26 07:00:00+02:00,0.9655958087292933
2019,CO2/CO/NOx,2019-10-26 08:00:00+02:00,0.9431840480340905
2019,CO2/CO/NOx,2019-10-26 09:00:00+02:00,0.8669804909510112
2019,CO2/CO/NOx,2019-10-26 10:00:00+02:00,0.7563310609677866
2019,CO2/CO/NOx,2019-10-26 11:00:00+02:00,0.6594911418200456
2019,CO2/CO/NOx,2019-10-26 12:00:00+02:00,0.5727924460566752
2019,CO2/CO/NOx,2019-10-26 13:00:00+02:00,0.4852891984095586
2019,CO2/CO/NOx,2019-10-26 14:00:00+02:00,0.44074622415322046
2019,CO2/CO/NOx,2019-10-26 15:00:00+02:00,0.4629294833816068
2019,CO2/CO/NOx,2019-10-26 16:00:00+02:00,0.5243248483064288
2019,CO2/CO/NOx,2019-10-26 17:00:00+02:00,0.6021640438238873
2019,CO2/CO/NOx,2019-10-26 18:00:00+02:00,0.6747580160593105
2019,CO2/CO/NOx,2019-10-26 19:00:00+02:00,0.7179391134062557
2019,CO2/CO/NOx,2019-10-26 20:00:00+02:00,0.719494827227734
2019,CO2/CO/NOx,2019-10-26 21:00:00+02:00,0.6725286283356277
2019,CO2/CO/NOx,2019-10-26 22:00:00+02:00,0.5745585005738799
2019,CO2/CO/NOx,2019-10-26 23:00:00+02:00,0.5093033606983383
2019,CO2/CO/NOx,2019-10-27 00:00:00+02:00,0.4778721339826149
2019,CO2/CO/NOx,2019-10-27 01:00:00+02:00,0.4600855076038189
2019,CO2/CO/NOx,2019-10-27 02:00:00+02:00,0.46499705008899667
2019,CO2/CO/NOx,2019-10-27 02:00:00+01:00,0.4916010848903405
2019,CO2/CO/NOx,2019-10-27 03:00:00+01:00,0.5273022374137398
2019,CO2/CO/NOx,2019-10-27 04:00:00+01:00,0.5680367665642297
2019,CO2/CO/NOx,2019-10-27 05:00:00+01:00,0.5989669339685005
2019,CO2/CO/NOx,2019-10-27 06:00:00+01:00,0.6089362987269957
2019,CO2/CO/NOx,2019-10-27 07:00:00+01:00,0.6072359629674852
2019,CO2/CO/NOx,2019-10-27 08:00:00+01:00,0.5846193613623623
2019,CO2/CO/NOx,2019-10-27 09:00:00+01:00,0.5448466279986651
2019,CO2/CO/NOx,2019-10-27 10:00:00+01:00,0.49564352874686535
2019,CO2/CO/NOx,2019-10-27 11:00:00+01:00,0.45733543341563354
2019,CO2/CO/NOx,2019-10-27 12:00:00+01:00,0.42692464981537986
2019,CO2/CO/NOx,2019-10-27 13:00:00+01:00,0.41465210044746686
2019,CO2/CO/NOx,2019-10-27 14:00:00+01:00,0.41868717980864406
2019,CO2/CO/NOx,2019-10-27 15:00:00+01:00,0.4407267596704488
2019,CO2/CO/NOx,2019-10-27 16:00:00+01:00,0.47322678316859695
2019,CO2/CO/NOx,2019-10-27 17:00:00+01:00,0.49719742315990295
2019,CO2/CO/NOx,2019-10-27 18:00:00+01:00,0.5158734481818333
2019,CO2/CO/NOx,2019-10-27 19:00:00+01:00,0.5210081801210774
2019,CO2/CO/NOx,2019-10-27 20:00:00+01:00,0.5027131272814211
2019,CO2/CO/NOx,2019-10-27 21:00:00+01:00,0.47642771845549586
2019,CO2/CO/NOx,2019-10-27 22:00:00+01:00,0.447183132204229
2019,CO2/CO/NOx,2019-10-27 23:00:00+01:00,0.4301394562005468
2019,CO2/CO/NOx,2019-10-28 00:00:00+01:00,0.4256559355125292
2019,CO2/CO/NOx,2019-10-28 01:00:00+01:00,0.43378560371131836
2019,CO2/CO/NOx,2019-10-28 02:00:00+01:00,0.46943915235086087
2019,CO2/CO/NOx,2019-10-28 03:00:00+01:00,0.546571838213774
2019,CO2/CO/NOx,2019-10-28 04:00:00+01:00,0.630649099025151
2019,CO2/CO/NOx,2019-10-28 05:00:00+01:00,0.7149282860012465
2019,CO2/CO/NOx,2019-10-28 06:00:00+01:00,0.8015900928496069
2019,CO2/CO/NOx,2019-10-28 07:00:00+01:00,0.8614547541371289
2019,CO2/CO/NOx,2019-10-28 08:00:00+01:00,0.8892136699337277
2019,CO2/CO/NOx,2019-10-28 09:00:00+01:00,0.889902705315251
2019,CO2/CO/NOx,2019-10-28 10:00:00+01:00,0.8804667215940645
2019,CO2/CO/NOx,2019-10-28 11:00:00+01:00,0.8713234917035094
2019,CO2/CO/NOx,2019-10-28 12:00:00+01:00,0.8681743206461708
2019,CO2/CO/NOx,2019-10-28 13:00:00+01:00,0.8731076413553218
2019,CO2/CO/NOx,2019-10-28 14:00:00+01:00,0.9033497193211021
2019,CO2/CO/NOx,2019-10-28 15:00:00+01:00,0.9440466730001444
2019,CO2/CO/NOx,2019-10-28 16:00:00+01:00,0.9749133954508932
2019,CO2/CO/NOx,2019-10-28 17:00:00+01:00,0.9946637498938322
2019,CO2/CO/NOx,2019-10-28 18:00:00+01:00,1.0216828968792948
2019,CO2/CO/NOx,2019-10-28 19:00:00+01:00,1.0211657276808392
2019,CO2/CO/NOx,2019-10-28 20:00:00+01:00,0.987766538567237
2019,CO2/CO/NOx,2019-10-28 21:00:00+01:00,0.9440968367484154
2019,CO2/CO/NOx,2019-10-28 22:00:00+01:00,0.9095753388612191
2019,CO2/CO/NOx,2019-10-28 23:00:00+01:00,0.8892461559218844
2019,CO2/CO/NOx,2019-10-29 00:00:00+01:00,0.86383590896646
2019,CO2/CO/NOx,2019-10-29 01:00:00+01:00,0.8671737426210129
2019,CO2/CO/NOx,2019-10-29 02:00:00+01:00,0.9018711420432125
2019,CO2/CO/NOx,2019-10-29 03:00:00+01:00,0.9627085352994813
2019,CO2/CO/NOx,2019-10-29 04:00:00+01:00,1.016416772847567
2019,CO2/CO/NOx,2019-10-29 05:00:00+01:00,1.0648175282187013
2019,CO2/CO/NOx,2019-10-29 06:00:00+01:00,1.1169074348409396
2019,CO2/CO/NOx,2019-10-29 07:00:00+01:00,1.1507275710736393
2019,CO2/CO/NOx,2019-10-29 08:00:00+01:00,1.160415620646096
2019,CO2/CO/NOx,2019-10-29 09:00:00+01:00,1.1418272931517064
2019,CO2/CO/NOx,2019-10-29 10:00:00+01:00,1.1354320419194972
2019,CO2/CO/NOx,2019-10-29 11:00:00+01:00,1.1262058627568605
2019,CO2/CO/NOx,2019-10-29 12:00:00+01:00,1.1102395040455535
2019,CO2/CO/NOx,2019-10-29 13:00:00+01:00,1.0971258993505235
2019,CO2/CO/NOx,2019-10-29 14:00:00+01:00,1.1030266817805152
2019,CO2/CO/NOx,2019-10-29 15:00:00+01:00,1.1304049656940398
2019,CO2/CO/NOx,2019-10-29 16:00:00+01:00,1.1566464636747842
2019,CO2/CO/NOx,2019-10-29 17:00:00+01:00,1.183672045571127
2019,CO2/CO/NOx,2019-10-29 18:00:00+01:00,1.2174151021580697
2019,CO2/CO/NOx,2019-10-29 19:00:00+01:00,1.2236240559505085
2019,CO2/CO/NOx,2019-10-29 20:00:00+01:00,1.2072960220945768
2019,CO2/CO/NOx,2019-10-29 21:00:00+01:00,1.1628563053728747
2019,CO2/CO/NOx,2019-10-29 22:00:00+01:00,1.1020494121463167
2019,CO2/CO/NOx,2019-10-29 23:00:00+01:00,1.0447211457228276
2019,CO2/CO/NOx,2019-10-30 00:00:00+01:00,0.9802561414324207
2019,CO2/CO/NOx,2019-10-30 01:00:00+01:00,0.9544952054363819
2019,CO2/CO/NOx,2019-10-30 02:00:00+01:00,0.9766852928687684
2019,CO2/CO/NOx,2019-10-30 03:00:00+01:00,1.0413103657190554
2019,CO2/CO/NOx,2019-10-30 04:00:00+01:00,1.1120576200737686
2019,CO2/CO/NOx,2019-10-30 05:00:00+01:00,1.1895999749283672
2019,CO2/CO/NOx,2019-10-30 06:00:00+01:00,1.2500450682067845
2019,CO2/CO/NOx,2019-10-30 07:00:00+01:00,1.2794613293264938
2019,CO2/CO/NOx,2019-10-30 08:00:00+01:00,1.2728412501868347
2019,CO2/CO/NOx,2019-10-30 09:00:00+01:00,1.2333454334408565
2019,CO2/CO/NOx,2019-10-30 10:00:00+01:00,1.211585757970516
2019,CO2/CO/NOx,2019-10-30 11:00:00+01:00,1.2023342593701425
2019,CO2/CO/NOx,2019-10-30 12:00:00+01:00,1.2096596697459716
2019,CO2/CO/NOx,2019-10-30 13:00:00+01:00,1.2365635367693748
2019,CO2/CO/NOx,2019-10-30 14:00:00+01:00,1.2686408527911237
2019,CO2/CO/NOx,2019-10-30 15:00:00+01:00,1.3045780971670693
2019,CO2/CO/NOx,2019-10-30 16:00:00+01:00,1.3275835421230713
2019,CO2/CO/NOx,2019-10-30 17:00:00+01:00,1.338329947851187
2019,CO2/CO/NOx,2019-10-30 18:00:00+01:00,1.3477552777218558
2019,CO2/CO/NOx,2019-10-30 19:00:00+01:00,1.3228529659970931
2019,CO2/CO/NOx,2019-10-30 20:00:00+01:00,1.2848824701019763
2019,CO2/CO/NOx,2019-10-30 21:00:00+01:00,1.2598856484121044
2019,CO2/CO/NOx,2019-10-30 22:00:00+01:00,1.247298826759139
2019,CO2/CO/NOx,2019-10-30 23:00:00+01:00,1.2463935404113469
2019,CO2/CO/NOx,2019-10-31 00:00:00+01:00,1.244430509618177
2019,CO2/CO/NOx,2019-10-31 01:00:00+01:00,1.2694773123410155
2019,CO2/CO/NOx,2019-10-31 02:00:00+01:00,1.3165915464440168
2019,CO2/CO/NOx,2019-10-31 03:00:00+01:00,1.379040406704536
2019,CO2/CO/NOx,2019-10-31 04:00:00+01:00,1.4252023678950498
2019,CO2/CO/NOx,2019-10-31 05:00:00+01:00,1.4772920445773567
2019,CO2/CO/NOx,2019-10-31 06:00:00+01:00,1.5311801219665162
2019,CO2/CO/NOx,2019-10-31 07:00:00+01:00,1.5711977768330163
2019,CO2/CO/NOx,2019-10-31 08:00:00+01:00,1.5862427585310834
2019,CO2/CO/NOx,2019-10-31 09:00:00+01:00,1.5714713527700788
2019,CO2/CO/NOx,2019-10-31 10:00:00+01:00,1.56252675485096
2019,CO2/CO/NOx,2019-10-31 11:00:00+01:00,1.536808053355661
2019,CO2/CO/NOx,2019-10-31 12:00:00+01:00,1.4999295676206152
2019,CO2/CO/NOx,2019-10-31 13:00:00+01:00,1.469212908901305
2019,CO2/CO/NOx,2019-10-31 14:00:00+01:00,1.4452972803169273
2019,CO2/CO/NOx,2019-10-31 15:00:00+01:00,1.4503433819424911
2019,CO2/CO/NOx,2019-10-31 16:00:00+01:00,1.4717483299575094
2019,CO2/CO/NOx,2019-10-31 17:00:00+01:00,1.4908511993960272
2019,CO2/CO/NOx,2019-10-31 18:00:00+01:00,1.5292643847812444
2019,CO2/CO/NOx,2019-10-31 19:00:00+01:00,1.5433102488457486
2019,CO2/CO/NOx,2019-10-31 20:00:00+01:00,1.5350724031844494
2019,CO2/CO/NOx,2019-10-31 21:00:00+01:00,1.5035804314726078
2019,CO2/CO/NOx,2019-10-31 22:00:00+01:00,1.4550256173247007
2019,CO2/CO/NOx,2019-10-31 23:00:00+01:00,1.403316854405125
2019,CO2/CO/NOx,2019-11-01 00:00:00+01:00,1.3586652044674035
2019,CO2/CO/NOx,2019-11-01 01:00:00+01:00,1.3472632917693914
2019,CO2/CO/NOx,2019-11-01 02:00:00+01:00,1.3610169523766764
2019,CO2/CO/NOx,2019-11-01 03:00:00+01:00,1.4153685563779825
2019,CO2/CO/NOx,2019-11-01 04:00:00+01:00,1.4741914805410772
2019,CO2/CO/NOx,2019-11-01 05:00:00+01:00,1.5415151600579642
2019,CO2/CO/NOx,2019-11-01 06:00:00+01:00,1.6046649293296118
2019,CO2/CO/NOx,2019-11-01 07:00:00+01:00,1.65342649470002
2019,CO2/CO/NOx,2019-11-01 08:00:00+01:00,1.6417905013725076
2019,CO2/CO/NOx,2019-11-01 09:00:00+01:00,1.558300855818496
2019,CO2/CO/NOx,2019-11-01 10:00:00+01:00,1.4527484622569404
2019,CO2/CO/NOx,2019-11-01 11:00:00+01:00,1.32346637086441
2019,CO2/CO/NOx,2019-11-01 12:00:00+01:00,1.1947165776734947
2019,CO2/CO/NOx,2019-11-01 13:00:00+01:00,1.089275096282878
2019,CO2/CO/NOx,2019-11-01 14:00:00+01:00,1.0238568752740784
2019,CO2/CO/NOx,2019-11-01 15:00:00+01:00,1.0137345526144514
2019,CO2/CO/NOx,2019-11-01 16:00:00+01:00,1.036906874302016
2019,CO2/CO/NOx,2019-11-01 17:00:00+01:00,1.0565216003912783
2019,CO2/CO/NOx,2019-11-01 18:00:00+01:00,1.0918726693034204
2019,CO2/CO/NOx,2019-11-01 19:00:00+01:00,1.0875037287872937
2019,CO2/CO/NOx,2019-11-01 20:00:00+01:00,1.0592996692020251
2019,CO2/CO/NOx,2019-11-01 21:00:00+01:00,1.013346111416374
2019,CO2/CO/NOx,2019-11-01 22:00:00+01:00,0.9563487026036851
2019,CO2/CO/NOx,2019-11-01 23:00:00+01:00,0.9007810329419015
2019,CO2/CO/NOx,2019-11-02 00:00:00+01:00,0.8419263287535803
2019,CO2/CO/NOx,2019-11-02 01:00:00+01:00,0.8068712529559665
2019,CO2/CO/NOx,2019-11-02 02:00:00+01:00,0.8091081262025938
2019,CO2/CO/NOx,2019-11-02 03:00:00+01:00,0.8439791102735223
2019,CO2/CO/NOx,2019-11-02 04:00:00+01:00,0.8659928928754539
2019,CO2/CO/NOx,2019-11-02 05:00:00+01:00,0.8977179201224786
2019,CO2/CO/NOx,2019-11-02 06:00:00+01:00,0.9283563894037082
2019,CO2/CO/NOx,2019-11-02 07:00:00+01:00,0.9387770217713031
2019,CO2/CO/NOx,2019-11-02 08:00:00+01:00,0.9251796769887513
2019,CO2/CO/NOx,2019-11-02 09:00:00+01:00,0.8836895372293814
2019,CO2/CO/NOx,2019-11-02 10:00:00+01:00,0.8430808581723944
2019,CO2/CO/NOx,2019-11-02 11:00:00+01:00,0.7914426878617328
2019,CO2/CO/NOx,2019-11-02 12:00:00+01:00,0.7356794479363378
2019,CO2/CO/NOx,2019-11-02 13:00:00+01:00,0.6998361763559066
2019,CO2/CO/NOx,2019-11-02 14:00:00+01:00,0.6984378992662026
2019,CO2/CO/NOx,2019-11-02 15:00:00+01:00,0.7235866177090807
2019,CO2/CO/NOx,2019-11-02 16:00:00+01:00,0.7563861522473676
2019,CO2/CO/NOx,2019-11-02 17:00:00+01:00,0.7932145671888458
2019,CO2/CO/NOx,2019-11-02 18:00:00+01:00,0.840046241389475
2019,CO2/CO/NOx,2019-11-02 19:00:00+01:00,0.8555990626875126
2019,CO2/CO/NOx,2019-11-02 20:00:00+01:00,0.8395491143397459
2019,CO2/CO/NOx,2019-11-02 21:00:00+01:00,0.8015823480623105
2019,CO2/CO/NOx,2019-11-02 22:00:00+01:00,0.754113902325123
2019,CO2/CO/NOx,2019-11-02 23:00:00+01:00,0.7091174488834908
2019,CO2/CO/NOx,2019-11-03 00:00:00+01:00,0.6781794294843976
2019,CO2/CO/NOx,2019-11-03 01:00:00+01:00,0.66512486930478
2019,CO2/CO/NOx,2019-11-03 02:00:00+01:00,0.6750781016333038
2019,CO2/CO/NOx,2019-11-03 03:00:00+01:00,0.7170247061574564
2019,CO2/CO/NOx,2019-11-03 04:00:00+01:00,0.7518146142824405
2019,CO2/CO/NOx,2019-11-03 05:00:00+01:00,0.7935513255080869
2019,CO2/CO/NOx,2019-11-03 06:00:00+01:00,0.8345066890892646
2019,CO2/CO/NOx,2019-11-03 07:00:00+01:00,0.8589258102636755
2019,CO2/CO/NOx,2019-11-03 08:00:00+01:00,0.8624510544438341
2019,CO2/CO/NOx,2019-11-03 09:00:00+01:00,0.8559501491494769
2019,CO2/CO/NOx,2019-11-03 10:00:00+01:00,0.8400803174957531
2019,CO2/CO/NOx,2019-11-03 11:00:00+01:00,0.8096715078068839
2019,CO2/CO/NOx,2019-11-03 12:00:00+01:00,0.7853441642486546
2019,CO2/CO/NOx,2019-11-03 13:00:00+01:00,0.7735987114112075
2019,CO2/CO/NOx,2019-11-03 14:00:00+01:00,0.7798211913188994
2019,CO2/CO/NOx,2019-11-03 15:00:00+01:00,0.802533293384289
2019,CO2/CO/NOx,2019-11-03 16:00:00+01:00,0.8271528493035063
2019,CO2/CO/NOx,2019-11-03 17:00:00+01:00,0.8475877002772509
2019,CO2/CO/NOx,2019-11-03 18:00:00+01:00,0.8711090843050319
2019,CO2/CO/NOx,2019-11-03 19:00:00+01:00,0.8754248194226248
2019,CO2/CO/NOx,2019-11-03 20:00:00+01:00,0.8534158097167123
2019,CO2/CO/NOx,2019-11-03 21:00:00+01:00,0.8236571367413132
2019,CO2/CO/NOx,2019-11-03 22:00:00+01:00,0.794264116934698
2019,CO2/CO/NOx,2019-11-03 23:00:00+01:00,0.7643568641198395
2019,CO2/CO/NOx,2019-11-04 00:00:00+01:00,0.7272706932118039
2019,CO2/CO/NOx,2019-11-04 01:00:00+01:00,0.7180904901608588
2019,CO2/CO/NOx,2019-11-04 02:00:00+01:00,0.7386845049566408
2019,CO2/CO/NOx,2019-11-04 03:00:00+01:00,0.7922705310992854
2019,CO2/CO/NOx,2019-11-04 04:00:00+01:00,0.8393786740205487
2019,CO2/CO/NOx,2019-11-04 05:00:00+01:00,0.8760820257704934
2019,CO2/CO/NOx,2019-11-04 06:00:00+01:00,0.9000099484731386
2019,CO2/CO/NOx,2019-11-04 07:00:00+01:00,0.9055910236826028
2019,CO2/CO/NOx,2019-11-04 08:00:00+01:00,0.8856928036641957
2019,CO2/CO/NOx,2019-11-04 09:00:00+01:00,0.8378588053159712
2019,CO2/CO/NOx,2019-11-04 10:00:00+01:00,0.795114126906998
2019,CO2/CO/NOx,2019-11-04 11:00:00+01:00,0.760989202702561
2019,CO2/CO/NOx,2019-11-04 12:00:00+01:00,0.7333142017511038
2019,CO2/CO/NOx,2019-11-04 13:00:00+01:00,0.719573689222736
2019,CO2/CO/NOx,2019-11-04 14:00:00+01:00,0.730946764600038
2019,CO2/CO/NOx,2019-11-04 15:00:00+01:00,0.7671963507309038
2019,CO2/CO/NOx,2019-11-04 16:00:00+01:00,0.8127900536462583
2019,CO2/CO/NOx,2019-11-04 17:00:00+01:00,0.854415882855528
2019,CO2/CO/NOx,2019-11-04 18:00:00+01:00,0.8839696642506849
2019,CO2/CO/NOx,2019-11-04 19:00:00+01:00,0.8750978537797147
2019,CO2/CO/NOx,2019-11-04 20:00:00+01:00,0.8371736309919274
2019,CO2/CO/NOx,2019-11-04 21:00:00+01:00,0.7745051336954374
2019,CO2/CO/NOx,2019-11-04 22:00:00+01:00,0.7148331693519789
2019,CO2/CO/NOx,2019-11-04 23:00:00+01:00,0.6794402385672675
2019,CO2/CO/NOx,2019-11-05 00:00:00+01:00,0.6558388189515179
2019,CO2/CO/NOx,2019-11-05 01:00:00+01:00,0.6774489154824428
2019,CO2/CO/NOx,2019-11-05 02:00:00+01:00,0.7348076451057507
2019,CO2/CO/NOx,2019-11-05 03:00:00+01:00,0.8141968056520297
2019,CO2/CO/NOx,2019-11-05 04:00:00+01:00,0.8899491477071336
2019,CO2/CO/NOx,2019-11-05 05:00:00+01:00,0.9520039773199006
2019,CO2/CO/NOx,2019-11-05 06:00:00+01:00,0.9943000683741013
2019,CO2/CO/NOx,2019-11-05 07:00:00+01:00,1.0053305567089614
2019,CO2/CO/NOx,2019-11-05 08:00:00+01:00,0.9919433636314461
2019,CO2/CO/NOx,2019-11-05 09:00:00+01:00,0.9548270165553983
2019,CO2/CO/NOx,2019-11-05 10:00:00+01:00,0.938467285202317
2019,CO2/CO/NOx,2019-11-05 11:00:00+01:00,0.9302559189201594
2019,CO2/CO/NOx,2019-11-05 12:00:00+01:00,0.9225152903276536
2019,CO2/CO/NOx,2019-11-05 13:00:00+01:00,0.9362817156480097
2019,CO2/CO/NOx,2019-11-05 14:00:00+01:00,0.9559296152387946
2019,CO2/CO/NOx,2019-11-05 15:00:00+01:00,0.9915975264888119
2019,CO2/CO/NOx,2019-11-05 16:00:00+01:00,1.0176764714687077
2019,CO2/CO/NOx,2019-11-05 17:00:00+01:00,1.040755504110826
2019,CO2/CO/NOx,2019-11-05 18:00:00+01:00,1.0823949561981059
2019,CO2/CO/NOx,2019-11-05 19:00:00+01:00,1.099760123524725
2019,CO2/CO/NOx,2019-11-05 20:00:00+01:00,1.0932391845255625
2019,CO2/CO/NOx,2019-11-05 21:00:00+01:00,1.0672719091396106
2019,CO2/CO/NOx,2019-11-05 22:00:00+01:00,1.044805277190309
2019,CO2/CO/NOx,2019-11-05 23:00:00+01:00,1.0152086372687457
2019,CO2/CO/NOx,2019-11-06 00:00:00+01:00,0.9794527879478974
2019,CO2/CO/NOx,2019-11-06 01:00:00+01:00,0.9697073674033657
2019,CO2/CO/NOx,2019-11-06 02:00:00+01:00,0.9893334995723809
2019,CO2/CO/NOx,2019-11-06 03:00:00+01:00,1.0623055437007467
2019,CO2/CO/NOx,2019-11-06 04:00:00+01:00,1.1301690639425994
2019,CO2/CO/NOx,2019-11-06 05:00:00+01:00,1.1968789842793113
2019,CO2/CO/NOx,2019-11-06 06:00:00+01:00,1.2715866552904747
2019,CO2/CO/NOx,2019-11-06 07:00:00+01:00,1.318130175733695
2019,CO2/CO/NOx,2019-11-06 08:00:00+01:00,1.3156419350679902
2019,CO2/CO/NOx,2019-11-06 09:00:00+01:00,1.2635280349689815
2019,CO2/CO/NOx,2019-11-06 10:00:00+01:00,1.2051167657154571
2019,CO2/CO/NOx,2019-11-06 11:00:00+01:00,1.1336317279718355
2019,CO2/CO/NOx,2019-11-06 12:00:00+01:00,1.0846796005143633
2019,CO2/CO/NOx,2019-11-06 13:00:00+01:00,1.0423715139415817
2019,CO2/CO/NOx,2019-11-06 14:00:00+01:00,1.024494510258498
2019,CO2/CO/NOx,2019-11-06 15:00:00+01:00,1.0502066512140602
2019,CO2/CO/NOx,2019-11-06 16:00:00+01:00,1.0774400292822413
2019,CO2/CO/NOx,2019-11-06 17:00:00+01:00,1.090877150584338
2019,CO2/CO/NOx,2019-11-06 18:00:00+01:00,1.121656942124296
2019,CO2/CO/NOx,2019-11-06 19:00:00+01:00,1.1255133113486318
2019,CO2/CO/NOx,2019-11-06 20:00:00+01:00,1.1120060215477552
2019,CO2/CO/NOx,2019-11-06 21:00:00+01:00,1.0820608914446694
2019,CO2/CO/NOx,2019-11-06 22:00:00+01:00,1.0404890890299328
2019,CO2/CO/NOx,2019-11-06 23:00:00+01:00,1.0042931695290471
2019,CO2/CO/NOx,2019-11-07 00:00:00+01:00,0.9659011044013334
2019,CO2/CO/NOx,2019-11-07 01:00:00+01:00,0.9620401337273301
2019,CO2/CO/NOx,2019-11-07 02:00:00+01:00,1.0007332379857132
2019,CO2/CO/NOx,2019-11-07 03:00:00+01:00,1.098761713361115
2019,CO2/CO/NOx,2019-11-07 04:00:00+01:00,1.1879782645942836
2019,CO2/CO/NOx,2019-11-07 05:00:00+01:00,1.256823379355711
2019,CO2/CO/NOx,2019-11-07 06:00:00+01:00,1.3076943253569462
2019,CO2/CO/NOx,2019-11-07 07:00:00+01:00,1.3096840354103005
2019,CO2/CO/NOx,2019-11-07 08:00:00+01:00,1.2620556489151862
2019,CO2/CO/NOx,2019-11-07 09:00:00+01:00,1.1698265621656936
2019,CO2/CO/NOx,2019-11-07 10:00:00+01:00,1.0926317938891845
2019,CO2/CO/NOx,2019-11-07 11:00:00+01:00,1.0362348841839675
2019,CO2/CO/NOx,2019-11-07 12:00:00+01:00,0.9980338113100843
2019,CO2/CO/NOx,2019-11-07 13:00:00+01:00,0.9766218691261235
2019,CO2/CO/NOx,2019-11-07 14:00:00+01:00,0.9630682652721565
2019,CO2/CO/NOx,2019-11-07 15:00:00+01:00,0.9889612901898959
2019,CO2/CO/NOx,2019-11-07 16:00:00+01:00,1.0144649973795399
2019,CO2/CO/NOx,2019-11-07 17:00:00+01:00,1.0589344938146785
2019,CO2/CO/NOx,2019-11-07 18:00:00+01:00,1.1126755503640422
2019,CO2/CO/NOx,2019-11-07 19:00:00+01:00,1.1314268172602218
2019,CO2/CO/NOx,2019-11-07 20:00:00+01:00,1.124097273519022
2019,CO2/CO/NOx,2019-11-07 21:00:00+01:00,1.0859867803243906
2019,CO2/CO/NOx,2019-11-07 22:00:00+01:00,1.0306325268908958
2019,CO2/CO/NOx,2019-11-07 23:00:00+01:00,0.9585257787202222
2019,CO2/CO/NOx,2019-11-08 00:00:00+01:00,0.906401194162288
2019,CO2/CO/NOx,2019-11-08 01:00:00+01:00,0.9027900343859235
2019,CO2/CO/NOx,2019-11-08 02:00:00+01:00,0.9593521129069293
2019,CO2/CO/NOx,2019-11-08 03:00:00+01:00,1.0532707910820283
2019,CO2/CO/NOx,2019-11-08 04:00:00+01:00,1.1406688235670683
2019,CO2/CO/NOx,2019-11-08 05:00:00+01:00,1.2105486928180045
2019,CO2/CO/NOx,2019-11-08 06:00:00+01:00,1.2720219300950693
2019,CO2/CO/NOx,2019-11-08 07:00:00+01:00,1.2903532538536486
2019,CO2/CO/NOx,2019-11-08 08:00:00+01:00,1.2931153281021894
2019,CO2/CO/NOx,2019-11-08 09:00:00+01:00,1.2884591690764144
2019,CO2/CO/NOx,2019-11-08 10:00:00+01:00,1.2883164618153264
2019,CO2/CO/NOx,2019-11-08 11:00:00+01:00,1.276609976445777
2019,CO2/CO/NOx,2019-11-08 12:00:00+01:00,1.2724798406347224
2019,CO2/CO/NOx,2019-11-08 13:00:00+01:00,1.2647389572937755
2019,CO2/CO/NOx,2019-11-08 14:00:00+01:00,1.2473802593006615
2019,CO2/CO/NOx,2019-11-08 15:00:00+01:00,1.2662379282850673
2019,CO2/CO/NOx,2019-11-08 16:00:00+01:00,1.2800749731271748
2019,CO2/CO/NOx,2019-11-08 17:00:00+01:00,1.328734954055219
2019,CO2/CO/NOx,2019-11-08 18:00:00+01:00,1.3880940312421768
2019,CO2/CO/NOx,2019-11-08 19:00:00+01:00,1.411819451122957
2019,CO2/CO/NOx,2019-11-08 20:00:00+01:00,1.396594182398773
2019,CO2/CO/NOx,2019-11-08 21:00:00+01:00,1.381096868799803
2019,CO2/CO/NOx,2019-11-08 22:00:00+01:00,1.338411093899369
2019,CO2/CO/NOx,2019-11-08 23:00:00+01:00,1.2987642092960787
2019,CO2/CO/NOx,2019-11-09 00:00:00+01:00,1.2718353373515223
2019,CO2/CO/NOx,2019-11-09 01:00:00+01:00,1.274043622716835
2019,CO2/CO/NOx,2019-11-09 02:00:00+01:00,1.3109518743433335
2019,CO2/CO/NOx,2019-11-09 03:00:00+01:00,1.374094045771778
2019,CO2/CO/NOx,2019-11-09 04:00:00+01:00,1.4383115236841397
2019,CO2/CO/NOx,2019-11-09 05:00:00+01:00,1.4939337696294146
2019,CO2/CO/NOx,2019-11-09 06:00:00+01:00,1.5419809129132707
2019,CO2/CO/NOx,2019-11-09 07:00:00+01:00,1.5622708313547444
2019,CO2/CO/NOx,2019-11-09 08:00:00+01:00,1.5704672698379112
2019,CO2/CO/NOx,2019-11-09 09:00:00+01:00,1.5424912371515385
2019,CO2/CO/NOx,2019-11-09 10:00:00+01:00,1.5101135021681482
2019,CO2/CO/NOx,2019-11-09 11:00:00+01:00,1.4674711974617571
2019,CO2/CO/NOx,2019-11-09 12:00:00+01:00,1.4256559326941487
2019,CO2/CO/NOx,2019-11-09 13:00:00+01:00,1.4015831018514393
2019,CO2/CO/NOx,2019-11-09 14:00:00+01:00,1.380095495032054
2019,CO2/CO/NOx,2019-11-09 15:00:00+01:00,1.381837671345871
2019,CO2/CO/NOx,2019-11-09 16:00:00+01:00,1.4063565275264036
2019,CO2/CO/NOx,2019-11-09 17:00:00+01:00,1.4473842832088148
2019,CO2/CO/NOx,2019-11-09 18:00:00+01:00,1.5025921107286764
2019,CO2/CO/NOx,2019-11-09 19:00:00+01:00,1.5354197677886021
2019,CO2/CO/NOx,2019-11-09 20:00:00+01:00,1.5487716421776347
2019,CO2/CO/NOx,2019-11-09 21:00:00+01:00,1.5316528813367534
2019,CO2/CO/NOx,2019-11-09 22:00:00+01:00,1.4959169770442344
2019,CO2/CO/NOx,2019-11-09 23:00:00+01:00,1.453874646261329
2019,CO2/CO/NOx,2019-11-10 00:00:00+01:00,1.4022184456729987
2019,CO2/CO/NOx,2019-11-10 01:00:00+01:00,1.3885372006559726
2019,CO2/CO/NOx,2019-11-10 02:00:00+01:00,1.426539866738766
2019,CO2/CO/NOx,2019-11-10 03:00:00+01:00,1.5109273057736556
2019,CO2/CO/NOx,2019-11-10 04:00:00+01:00,1.5901349055982636
2019,CO2/CO/NOx,2019-11-10 05:00:00+01:00,1.6809827610309735
2019,CO2/CO/NOx,2019-11-10 06:00:00+01:00,1.761750438546733
2019,CO2/CO/NOx,2019-11-10 07:00:00+01:00,1.8331363507282898
2019,CO2/CO/NOx,2019-11-10 08:00:00+01:00,1.8585051524193128
2019,CO2/CO/NOx,2019-11-10 09:00:00+01:00,1.827554061917971
2019,CO2/CO/NOx,2019-11-10 10:00:00+01:00,1.7978106032908956
2019,CO2/CO/NOx,2019-11-10 11:00:00+01:00,1.7618661204598465
2019,CO2/CO/NOx,2019-11-10 12:00:00+01:00,1.7113382527012706
2019,CO2/CO/NOx,2019-11-10 13:00:00+01:00,1.6713904969966091
2019,CO2/CO/NOx,2019-11-10 14:00:00+01:00,1.6622079685261402
2019,CO2/CO/NOx,2019-11-10 15:00:00+01:00,1.6891949604625052
2019,CO2/CO/NOx,2019-11-10 16:00:00+01:00,1.7358681516163414
2019,CO2/CO/NOx,2019-11-10 17:00:00+01:00,1.76083732092998
2019,CO2/CO/NOx,2019-11-10 18:00:00+01:00,1.7978011339382982
2019,CO2/CO/NOx,2019-11-10 19:00:00+01:00,1.791940644220656
2019,CO2/CO/NOx,2019-11-10 20:00:00+01:00,1.7661774590274515
2019,CO2/CO/NOx,2019-11-10 21:00:00+01:00,1.7237800673130599
2019,CO2/CO/NOx,2019-11-10 22:00:00+01:00,1.6907471294505703
2019,CO2/CO/NOx,2019-11-10 23:00:00+01:00,1.6591967183803116
2019,CO2/CO/NOx,2019-11-11 00:00:00+01:00,1.6255449725081208
2019,CO2/CO/NOx,2019-11-11 01:00:00+01:00,1.6353232021079773
2019,CO2/CO/NOx,2019-11-11 02:00:00+01:00,1.6941112499891309
2019,CO2/CO/NOx,2019-11-11 03:00:00+01:00,1.8094228454299013
2019,CO2/CO/NOx,2019-11-11 04:00:00+01:00,1.8978132030230097
2019,CO2/CO/NOx,2019-11-11 05:00:00+01:00,1.984814883419604
2019,CO2/CO/NOx,2019-11-11 06:00:00+01:00,2.0475860236005
2019,CO2/CO/NOx,2019-11-11 07:00:00+01:00,2.0679632269472052
2019,CO2/CO/NOx,2019-11-11 08:00:00+01:00,2.0305633995831243
2019,CO2/CO/NOx,2019-11-11 09:00:00+01:00,1.9451633339417418
2019,CO2/CO/NOx,2019-11-11 10:00:00+01:00,1.877056803298087
2019,CO2/CO/NOx,2019-11-11 11:00:00+01:00,1.8319026115832138
2019,CO2/CO/NOx,2019-11-11 12:00:00+01:00,1.8101320687174702
2019,CO2/CO/NOx,2019-11-11 13:00:00+01:00,1.7978758605788105
2019,CO2/CO/NOx,2019-11-11 14:00:00+01:00,1.801297028655901
2019,CO2/CO/NOx,2019-11-11 15:00:00+01:00,1.8200957818292636
2019,CO2/CO/NOx,2019-11-11 16:00:00+01:00,1.8315991714272941
2019,CO2/CO/NOx,2019-11-11 17:00:00+01:00,1.8309584138300188
2019,CO2/CO/NOx,2019-11-11 18:00:00+01:00,1.8362722154893094
2019,CO2/CO/NOx,2019-11-11 19:00:00+01:00,1.8081532934289293
2019,CO2/CO/NOx,2019-11-11 20:00:00+01:00,1.7612240450270469
2019,CO2/CO/NOx,2019-11-11 21:00:00+01:00,1.7004881600822086
2019,CO2/CO/NOx,2019-11-11 22:00:00+01:00,1.6405953647974258
2019,CO2/CO/NOx,2019-11-11 23:00:00+01:00,1.5901059027691822
2019,CO2/CO/NOx,2019-11-12 00:00:00+01:00,1.538317384585139
2019,CO2/CO/NOx,2019-11-12 01:00:00+01:00,1.5160613352495267
2019,CO2/CO/NOx,2019-11-12 02:00:00+01:00,1.5365064665158361
2019,CO2/CO/NOx,2019-11-12 03:00:00+01:00,1.5867183252239145
2019,CO2/CO/NOx,2019-11-12 04:00:00+01:00,1.6293889607850771
2019,CO2/CO/NOx,2019-11-12 05:00:00+01:00,1.6746391339841444
2019,CO2/CO/NOx,2019-11-12 06:00:00+01:00,1.7131983098702854
2019,CO2/CO/NOx,2019-11-12 07:00:00+01:00,1.7360838505046357
2019,CO2/CO/NOx,2019-11-12 08:00:00+01:00,1.735567716321321
2019,CO2/CO/NOx,2019-11-12 09:00:00+01:00,1.6980421508159764
2019,CO2/CO/NOx,2019-11-12 10:00:00+01:00,1.6644895710150485
2019,CO2/CO/NOx,2019-11-12 11:00:00+01:00,1.631948902719684
2019,CO2/CO/NOx,2019-11-12 12:00:00+01:00,1.583636469752615
2019,CO2/CO/NOx,2019-11-12 13:00:00+01:00,1.5468402308841427
2019,CO2/CO/NOx,2019-11-12 14:00:00+01:00,1.525260512489173
2019,CO2/CO/NOx,2019-11-12 15:00:00+01:00,1.5097808250742781
2019,CO2/CO/NOx,2019-11-12 16:00:00+01:00,1.5030877163606184
2019,CO2/CO/NOx,2019-11-12 17:00:00+01:00,1.4985002429815013
2019,CO2/CO/NOx,2019-11-12 18:00:00+01:00,1.5206403133366186
2019,CO2/CO/NOx,2019-11-12 19:00:00+01:00,1.5167057313903427
2019,CO2/CO/NOx,2019-11-12 20:00:00+01:00,1.4991341266143705
2019,CO2/CO/NOx,2019-11-12 21:00:00+01:00,1.4656049096507269
2019,CO2/CO/NOx,2019-11-12 22:00:00+01:00,1.4338468750129227
2019,CO2/CO/NOx,2019-11-12 23:00:00+01:00,1.4031832611158208
2019,CO2/CO/NOx,2019-11-13 00:00:00+01:00,1.349476922941832
2019,CO2/CO/NOx,2019-11-13 01:00:00+01:00,1.3364467097981603
2019,CO2/CO/NOx,2019-11-13 02:00:00+01:00,1.365921507407097
2019,CO2/CO/NOx,2019-11-13 03:00:00+01:00,1.4453874310175538
2019,CO2/CO/NOx,2019-11-13 04:00:00+01:00,1.5156437654361992
2019,CO2/CO/NOx,2019-11-13 05:00:00+01:00,1.584633448554267
2019,CO2/CO/NOx,2019-11-13 06:00:00+01:00,1.644869377176096
2019,CO2/CO/NOx,2019-11-13 07:00:00+01:00,1.6823331505853325
2019,CO2/CO/NOx,2019-11-13 08:00:00+01:00,1.6835466676909412
2019,CO2/CO/NOx,2019-11-13 09:00:00+01:00,1.6383074451946835
2019,CO2/CO/NOx,2019-11-13 10:00:00+01:00,1.6123053666779903
2019,CO2/CO/NOx,2019-11-13 11:00:00+01:00,1.5935425366843277
2019,CO2/CO/NOx,2019-11-13 12:00:00+01:00,1.5797991029931133
2019,CO2/CO/NOx,2019-11-13 13:00:00+01:00,1.5746103072910058
2019,CO2/CO/NOx,2019-11-13 14:00:00+01:00,1.5752851974905537
2019,CO2/CO/NOx,2019-11-13 15:00:00+01:00,1.5942824155205622
2019,CO2/CO/NOx,2019-11-13 16:00:00+01:00,1.6172689143824217
2019,CO2/CO/NOx,2019-11-13 17:00:00+01:00,1.6291917060699073
2019,CO2/CO/NOx,2019-11-13 18:00:00+01:00,1.64510132623174
2019,CO2/CO/NOx,2019-11-13 19:00:00+01:00,1.6448633912678448
2019,CO2/CO/NOx,2019-11-13 20:00:00+01:00,1.6199134417522234
2019,CO2/CO/NOx,2019-11-13 21:00:00+01:00,1.5901438178178047
2019,CO2/CO/NOx,2019-11-13 22:00:00+01:00,1.5517014182853022
2019,CO2/CO/NOx,2019-11-13 23:00:00+01:00,1.5178994022959147
2019,CO2/CO/NOx,2019-11-14 00:00:00+01:00,1.4802552877076243
2019,CO2/CO/NOx,2019-11-14 01:00:00+01:00,1.4934273309388533
2019,CO2/CO/NOx,2019-11-14 02:00:00+01:00,1.5325106299296445
2019,CO2/CO/NOx,2019-11-14 03:00:00+01:00,1.6221930935173003
2019,CO2/CO/NOx,2019-11-14 04:00:00+01:00,1.728996315528646
2019,CO2/CO/NOx,2019-11-14 05:00:00+01:00,1.83457258947561
2019,CO2/CO/NOx,2019-11-14 06:00:00+01:00,1.925785553645169
2019,CO2/CO/NOx,2019-11-14 07:00:00+01:00,1.9579163969546671
2019,CO2/CO/NOx,2019-11-14 08:00:00+01:00,1.9447519796686668
2019,CO2/CO/NOx,2019-11-14 09:00:00+01:00,1.8716598720806574
2019,CO2/CO/NOx,2019-11-14 10:00:00+01:00,1.7827864177827466
2019,CO2/CO/NOx,2019-11-14 11:00:00+01:00,1.671839468704221
2019,CO2/CO/NOx,2019-11-14 12:00:00+01:00,1.5898208216631022
2019,CO2/CO/NOx,2019-11-14 13:00:00+01:00,1.5646961837940692
2019,CO2/CO/NOx,2019-11-14 14:00:00+01:00,1.5840697827758576
2019,CO2/CO/NOx,2019-11-14 15:00:00+01:00,1.6272882899531687
2019,CO2/CO/NOx,2019-11-14 16:00:00+01:00,1.672871748702823
2019,CO2/CO/NOx,2019-11-14 17:00:00+01:00,1.716128759685757
2019,CO2/CO/NOx,2019-11-14 18:00:00+01:00,1.7642086322858326
2019,CO2/CO/NOx,2019-11-14 19:00:00+01:00,1.7539935729456018
2019,CO2/CO/NOx,2019-11-14 20:00:00+01:00,1.7157153522774626
2019,CO2/CO/NOx,2019-11-14 21:00:00+01:00,1.6667530438473777
2019,CO2/CO/NOx,2019-11-14 22:00:00+01:00,1.613814033153589
2019,CO2/CO/NOx,2019-11-14 23:00:00+01:00,1.5692780398163302
2019,CO2/CO/NOx,2019-11-15 00:00:00+01:00,1.5195483099038296
2019,CO2/CO/NOx,2019-11-15 01:00:00+01:00,1.511661397335098
2019,CO2/CO/NOx,2019-11-15 02:00:00+01:00,1.5326797360371838
2019,CO2/CO/NOx,2019-11-15 03:00:00+01:00,1.5966350709283255
2019,CO2/CO/NOx,2019-11-15 04:00:00+01:00,1.6553002217198867
2019,CO2/CO/NOx,2019-11-15 05:00:00+01:00,1.7171615480655658
2019,CO2/CO/NOx,2019-11-15 06:00:00+01:00,1.7600165393879204
2019,CO2/CO/NOx,2019-11-15 07:00:00+01:00,1.7576620851252112
2019,CO2/CO/NOx,2019-11-15 08:00:00+01:00,1.7242403700091535
2019,CO2/CO/NOx,2019-11-15 09:00:00+01:00,1.6595733081152082
2019,CO2/CO/NOx,2019-11-15 10:00:00+01:00,1.6213948890500323
2019,CO2/CO/NOx,2019-11-15 11:00:00+01:00,1.5487810039921432
2019,CO2/CO/NOx,2019-11-15 12:00:00+01:00,1.4574670290884566
2019,CO2/CO/NOx,2019-11-15 13:00:00+01:00,1.4162981794088352
2019,CO2/CO/NOx,2019-11-15 14:00:00+01:00,1.3980705408541643
2019,CO2/CO/NOx,2019-11-15 15:00:00+01:00,1.4027053309762694
2019,CO2/CO/NOx,2019-11-15 16:00:00+01:00,1.4016975365090114
2019,CO2/CO/NOx,2019-11-15 17:00:00+01:00,1.414181179304337
2019,CO2/CO/NOx,2019-11-15 18:00:00+01:00,1.4370917685491726
2019,CO2/CO/NOx,2019-11-15 19:00:00+01:00,1.43872103357497
2019,CO2/CO/NOx,2019-11-15 20:00:00+01:00,1.3978900764336577
2019,CO2/CO/NOx,2019-11-15 21:00:00+01:00,1.318516125470619
2019,CO2/CO/NOx,2019-11-15 22:00:00+01:00,1.254725346550065
2019,CO2/CO/NOx,2019-11-15 23:00:00+01:00,1.2005573829323977
2019,CO2/CO/NOx,2019-11-16 00:00:00+01:00,1.1517189188503032
2019,CO2/CO/NOx,2019-11-16 01:00:00+01:00,1.1502996221083168
2019,CO2/CO/NOx,2019-11-16 02:00:00+01:00,1.2016922719330736
2019,CO2/CO/NOx,2019-11-16 03:00:00+01:00,1.2865218609519835
2019,CO2/CO/NOx,2019-11-16 04:00:00+01:00,1.3716310750785514
2019,CO2/CO/NOx,2019-11-16 05:00:00+01:00,1.4518587809081143
2019,CO2/CO/NOx,2019-11-16 06:00:00+01:00,1.4733154333892364
2019,CO2/CO/NOx,2019-11-16 07:00:00+01:00,1.4726266642787829
2019,CO2/CO/NOx,2019-11-16 08:00:00+01:00,1.4613580231957608
2019,CO2/CO/NOx,2019-11-16 09:00:00+01:00,1.4244188653235301
2019,CO2/CO/NOx,2019-11-16 10:00:00+01:00,1.430884331339153
2019,CO2/CO/NOx,2019-11-16 11:00:00+01:00,1.4395143359182216
2019,CO2/CO/NOx,2019-11-16 12:00:00+01:00,1.4526762177900037
2019,CO2/CO/NOx,2019-11-16 13:00:00+01:00,1.4686997514183018
2019,CO2/CO/NOx,2019-11-16 14:00:00+01:00,1.474859325314951
2019,CO2/CO/NOx,2019-11-16 15:00:00+01:00,1.4724851960068
2019,CO2/CO/NOx,2019-11-16 16:00:00+01:00,1.4719079732823217
2019,CO2/CO/NOx,2019-11-16 17:00:00+01:00,1.4675936850362767
2019,CO2/CO/NOx,2019-11-16 18:00:00+01:00,1.4684778664697942
2019,CO2/CO/NOx,2019-11-16 19:00:00+01:00,1.4498953232571061
2019,CO2/CO/NOx,2019-11-16 20:00:00+01:00,1.4153523971918802
2019,CO2/CO/NOx,2019-11-16 21:00:00+01:00,1.3830452970485467
2019,CO2/CO/NOx,2019-11-16 22:00:00+01:00,1.35798652501672
2019,CO2/CO/NOx,2019-11-16 23:00:00+01:00,1.3388820313711296
2019,CO2/CO/NOx,2019-11-17 00:00:00+01:00,1.3250430216831852
2019,CO2/CO/NOx,2019-11-17 01:00:00+01:00,1.333493054523434
2019,CO2/CO/NOx,2019-11-17 02:00:00+01:00,1.366843325807441
2019,CO2/CO/NOx,2019-11-17 03:00:00+01:00,1.414840750883141
2019,CO2/CO/NOx,2019-11-17 04:00:00+01:00,1.447783308702996
2019,CO2/CO/NOx,2019-11-17 05:00:00+01:00,1.489203879599163
2019,CO2/CO/NOx,2019-11-17 06:00:00+01:00,1.5314036005385399
2019,CO2/CO/NOx,2019-11-17 07:00:00+01:00,1.5476506959441432
2019,CO2/CO/NOx,2019-11-17 08:00:00+01:00,1.5462334669804254
2019,CO2/CO/NOx,2019-11-17 09:00:00+01:00,1.5299592402863338
2019,CO2/CO/NOx,2019-11-17 10:00:00+01:00,1.5273483327658883
2019,CO2/CO/NOx,2019-11-17 11:00:00+01:00,1.5165278804621023
2019,CO2/CO/NOx,2019-11-17 12:00:00+01:00,1.4998278728307164
2019,CO2/CO/NOx,2019-11-17 13:00:00+01:00,1.4989346263629366
2019,CO2/CO/NOx,2019-11-17 14:00:00+01:00,1.5135086175627572
2019,CO2/CO/NOx,2019-11-17 15:00:00+01:00,1.5311027150560967
2019,CO2/CO/NOx,2019-11-17 16:00:00+01:00,1.5274368463607473
2019,CO2/CO/NOx,2019-11-17 17:00:00+01:00,1.5261956604581033
2019,CO2/CO/NOx,2019-11-17 18:00:00+01:00,1.5415426342177652
2019,CO2/CO/NOx,2019-11-17 19:00:00+01:00,1.5236426201084292
2019,CO2/CO/NOx,2019-11-17 20:00:00+01:00,1.4735598663372216
2019,CO2/CO/NOx,2019-11-17 21:00:00+01:00,1.4274807350249006
2019,CO2/CO/NOx,2019-11-17 22:00:00+01:00,1.3938818089532203
2019,CO2/CO/NOx,2019-11-17 23:00:00+01:00,1.3727000777371383
2019,CO2/CO/NOx,2019-11-18 00:00:00+01:00,1.3421199796325112
2019,CO2/CO/NOx,2019-11-18 01:00:00+01:00,1.3425564325641024
2019,CO2/CO/NOx,2019-11-18 02:00:00+01:00,1.3781198326570783
2019,CO2/CO/NOx,2019-11-18 03:00:00+01:00,1.4397362771016913
2019,CO2/CO/NOx,2019-11-18 04:00:00+01:00,1.4892588826058635
2019,CO2/CO/NOx,2019-11-18 05:00:00+01:00,1.5351176831643034
2019,CO2/CO/NOx,2019-11-18 06:00:00+01:00,1.5927671918643942
2019,CO2/CO/NOx,2019-11-18 07:00:00+01:00,1.616224057066863
2019,CO2/CO/NOx,2019-11-18 08:00:00+01:00,1.6200964440230365
2019,CO2/CO/NOx,2019-11-18 09:00:00+01:00,1.5525226957613678
2019,CO2/CO/NOx,2019-11-18 10:00:00+01:00,1.4698410376657456
2019,CO2/CO/NOx,2019-11-18 11:00:00+01:00,1.3673818745055508
2019,CO2/CO/NOx,2019-11-18 12:00:00+01:00,1.2466074712708684
2019,CO2/CO/NOx,2019-11-18 13:00:00+01:00,1.1981926775432383
2019,CO2/CO/NOx,2019-11-18 14:00:00+01:00,1.2088570171860074
2019,CO2/CO/NOx,2019-11-18 15:00:00+01:00,1.2675999436507719
2019,CO2/CO/NOx,2019-11-18 16:00:00+01:00,1.3405232925400854
2019,CO2/CO/NOx,2019-11-18 17:00:00+01:00,1.4226205419240623
2019,CO2/CO/NOx,2019-11-18 18:00:00+01:00,1.490890949552074
2019,CO2/CO/NOx,2019-11-18 19:00:00+01:00,1.4829294788653224
2019,CO2/CO/NOx,2019-11-18 20:00:00+01:00,1.4073162074031467
2019,CO2/CO/NOx,2019-11-18 21:00:00+01:00,1.278624848256671
2019,CO2/CO/NOx,2019-11-18 22:00:00+01:00,1.1849962053768672
2019,CO2/CO/NOx,2019-11-18 23:00:00+01:00,1.1015249493973376
2019,CO2/CO/NOx,2019-11-19 00:00:00+01:00,1.050825169358308
2019,CO2/CO/NOx,2019-11-19 01:00:00+01:00,1.0748123232426643
2019,CO2/CO/NOx,2019-11-19 02:00:00+01:00,1.1745381146514418
2019,CO2/CO/NOx,2019-11-19 03:00:00+01:00,1.3448330006346707
2019,CO2/CO/NOx,2019-11-19 04:00:00+01:00,1.5035390434665274
2019,CO2/CO/NOx,2019-11-19 05:00:00+01:00,1.642819090452433
2019,CO2/CO/NOx,2019-11-19 06:00:00+01:00,1.7288197650456105
2019,CO2/CO/NOx,2019-11-19 07:00:00+01:00,1.7441220677255684
2019,CO2/CO/NOx,2019-11-19 08:00:00+01:00,1.683029149216153
2019,CO2/CO/NOx,2019-11-19 09:00:00+01:00,1.593971385211583
2019,CO2/CO/NOx,2019-11-19 10:00:00+01:00,1.5029382937965825
2019,CO2/CO/NOx,2019-11-19 11:00:00+01:00,1.4381937848695894
2019,CO2/CO/NOx,2019-11-19 12:00:00+01:00,1.4019028474525042
2019,CO2/CO/NOx,2019-11-19 13:00:00+01:00,1.4240065667837836
2019,CO2/CO/NOx,2019-11-19 14:00:00+01:00,1.4739316678510033
2019,CO2/CO/NOx,2019-11-19 15:00:00+01:00,1.5437836764952362
2019,CO2/CO/NOx,2019-11-19 16:00:00+01:00,1.5916851434259005
2019,CO2/CO/NOx,2019-11-19 17:00:00+01:00,1.6281514292730301
2019,CO2/CO/NOx,2019-11-19 18:00:00+01:00,1.6656541964986864
2019,CO2/CO/NOx,2019-11-19 19:00:00+01:00,1.653289575745336
2019,CO2/CO/NOx,2019-11-19 20:00:00+01:00,1.6259712269780746
2019,CO2/CO/NOx,2019-11-19 21:00:00+01:00,1.572683603165018
2019,CO2/CO/NOx,2019-11-19 22:00:00+01:00,1.5161513851353399
2019,CO2/CO/NOx,2019-11-19 23:00:00+01:00,1.4514443981061937
2019,CO2/CO/NOx,2019-11-20 00:00:00+01:00,1.3957817182825845
2019,CO2/CO/NOx,2019-11-20 01:00:00+01:00,1.378831965305092
2019,CO2/CO/NOx,2019-11-20 02:00:00+01:00,1.4106802200718955
2019,CO2/CO/NOx,2019-11-20 03:00:00+01:00,1.4822182160143063
2019,CO2/CO/NOx,2019-11-20 04:00:00+01:00,1.5599641300897686
2019,CO2/CO/NOx,2019-11-20 05:00:00+01:00,1.6554147785414612
2019,CO2/CO/NOx,2019-11-20 06:00:00+01:00,1.73418379849522
2019,CO2/CO/NOx,2019-11-20 07:00:00+01:00,1.778788927878435
2019,CO2/CO/NOx,2019-11-20 08:00:00+01:00,1.7815293457597376
2019,CO2/CO/NOx,2019-11-20 09:00:00+01:00,1.755692415885237
2019,CO2/CO/NOx,2019-11-20 10:00:00+01:00,1.728508771190123
2019,CO2/CO/NOx,2019-11-20 11:00:00+01:00,1.6798224980584282
2019,CO2/CO/NOx,2019-11-20 12:00:00+01:00,1.6284554483361642
2019,CO2/CO/NOx,2019-11-20 13:00:00+01:00,1.6000148206662084
2019,CO2/CO/NOx,2019-11-20 14:00:00+01:00,1.5998116430446967
2019,CO2/CO/NOx,2019-11-20 15:00:00+01:00,1.6184227188375653
2019,CO2/CO/NOx,2019-11-20 16:00:00+01:00,1.6366107584186653
2019,CO2/CO/NOx,2019-11-20 17:00:00+01:00,1.6622963919294094
2019,CO2/CO/NOx,2019-11-20 18:00:00+01:00,1.708512407563526
2019,CO2/CO/NOx,2019-11-20 19:00:00+01:00,1.7160476110385345
2019,CO2/CO/NOx,2019-11-20 20:00:00+01:00,1.6889005220797286
2019,CO2/CO/NOx,2019-11-20 21:00:00+01:00,1.6500090444808857
2019,CO2/CO/NOx,2019-11-20 22:00:00+01:00,1.6015609936625956
2019,CO2/CO/NOx,2019-11-20 23:00:00+01:00,1.5615883435795235
2019,CO2/CO/NOx,2019-11-21 00:00:00+01:00,1.5124326649901467
2019,CO2/CO/NOx,2019-11-21 01:00:00+01:00,1.4887798440211575
2019,CO2/CO/NOx,2019-11-21 02:00:00+01:00,1.4985898650770286
2019,CO2/CO/NOx,2019-11-21 03:00:00+01:00,1.5511643551058136
2019,CO2/CO/NOx,2019-11-21 04:00:00+01:00,1.6045540538073697
2019,CO2/CO/NOx,2019-11-21 05:00:00+01:00,1.6561895690684116
2019,CO2/CO/NOx,2019-11-21 06:00:00+01:00,1.7122328378012854
2019,CO2/CO/NOx,2019-11-21 07:00:00+01:00,1.7358319254717467
2019,CO2/CO/NOx,2019-11-21 08:00:00+01:00,1.7394247403436363
2019,CO2/CO/NOx,2019-11-21 09:00:00+01:00,1.7031197163044633
2019,CO2/CO/NOx,2019-11-21 10:00:00+01:00,1.6758097285819376
2019,CO2/CO/NOx,2019-11-21 11:00:00+01:00,1.639357570514586
2019,CO2/CO/NOx,2019-11-21 12:00:00+01:00,1.609241018885927
2019,CO2/CO/NOx,2019-11-21 13:00:00+01:00,1.6002530172750302
2019,CO2/CO/NOx,2019-11-21 14:00:00+01:00,1.6005483277817085
2019,CO2/CO/NOx,2019-11-21 15:00:00+01:00,1.6248297223486574
2019,CO2/CO/NOx,2019-11-21 16:00:00+01:00,1.6218735788862768
2019,CO2/CO/NOx,2019-11-21 17:00:00+01:00,1.6218697998518428
2019,CO2/CO/NOx,2019-11-21 18:00:00+01:00,1.636181501181671
2019,CO2/CO/NOx,2019-11-21 19:00:00+01:00,1.634555034996676
2019,CO2/CO/NOx,2019-11-21 20:00:00+01:00,1.6084303024317488
2019,CO2/CO/NOx,2019-11-21 21:00:00+01:00,1.5673861285463067
2019,CO2/CO/NOx,2019-11-21 22:00:00+01:00,1.5250269165430055
2019,CO2/CO/NOx,2019-11-21 23:00:00+01:00,1.4860311689276893
2019,CO2/CO/NOx,2019-11-22 00:00:00+01:00,1.4361248412324998
2019,CO2/CO/NOx,2019-11-22 01:00:00+01:00,1.4050970035087618
2019,CO2/CO/NOx,2019-11-22 02:00:00+01:00,1.4244609936402373
2019,CO2/CO/NOx,2019-11-22 03:00:00+01:00,1.486248509708948
2019,CO2/CO/NOx,2019-11-22 04:00:00+01:00,1.544687753287649
2019,CO2/CO/NOx,2019-11-22 05:00:00+01:00,1.605595728528647
2019,CO2/CO/NOx,2019-11-22 06:00:00+01:00,1.6676685537230462
2019,CO2/CO/NOx,2019-11-22 07:00:00+01:00,1.7122989186499438
2019,CO2/CO/NOx,2019-11-22 08:00:00+01:00,1.7189965480517277
2019,CO2/CO/NOx,2019-11-22 09:00:00+01:00,1.6810314749344757
2019,CO2/CO/NOx,2019-11-22 10:00:00+01:00,1.6555786253327307
2019,CO2/CO/NOx,2019-11-22 11:00:00+01:00,1.6216648242116167
2019,CO2/CO/NOx,2019-11-22 12:00:00+01:00,1.5806399777675597
2019,CO2/CO/NOx,2019-11-22 13:00:00+01:00,1.5562931887836327
2019,CO2/CO/NOx,2019-11-22 14:00:00+01:00,1.5579409094137753
2019,CO2/CO/NOx,2019-11-22 15:00:00+01:00,1.5903755543117826
2019,CO2/CO/NOx,2019-11-22 16:00:00+01:00,1.6273371750833117
2019,CO2/CO/NOx,2019-11-22 17:00:00+01:00,1.6551868065110273
2019,CO2/CO/NOx,2019-11-22 18:00:00+01:00,1.692510761127759
2019,CO2/CO/NOx,2019-11-22 19:00:00+01:00,1.6946876959678445
2019,CO2/CO/NOx,2019-11-22 20:00:00+01:00,1.6603212111179186
2019,CO2/CO/NOx,2019-11-22 21:00:00+01:00,1.612253508827521
2019,CO2/CO/NOx,2019-11-22 22:00:00+01:00,1.5613956355719367
2019,CO2/CO/NOx,2019-11-22 23:00:00+01:00,1.5065564038131638
2019,CO2/CO/NOx,2019-11-23 00:00:00+01:00,1.4646799590375141
2019,CO2/CO/NOx,2019-11-23 01:00:00+01:00,1.4650530404652624
2019,CO2/CO/NOx,2019-11-23 02:00:00+01:00,1.5139706241899438
2019,CO2/CO/NOx,2019-11-23 03:00:00+01:00,1.5899766110858964
2019,CO2/CO/NOx,2019-11-23 04:00:00+01:00,1.654164155318407
2019,CO2/CO/NOx,2019-11-23 05:00:00+01:00,1.708782508572623
2019,CO2/CO/NOx,2019-11-23 06:00:00+01:00,1.7515173647721396
2019,CO2/CO/NOx,2019-11-23 07:00:00+01:00,1.7534458185203472
2019,CO2/CO/NOx,2019-11-23 08:00:00+01:00,1.6766335540520347
2019,CO2/CO/NOx,2019-11-23 09:00:00+01:00,1.5373793552522848
2019,CO2/CO/NOx,2019-11-23 10:00:00+01:00,1.3919318071813238
2019,CO2/CO/NOx,2019-11-23 11:00:00+01:00,1.2469809638294398
2019,CO2/CO/NOx,2019-11-23 12:00:00+01:00,1.1149206847050999
2019,CO2/CO/NOx,2019-11-23 13:00:00+01:00,1.034651041850327
2019,CO2/CO/NOx,2019-11-23 14:00:00+01:00,1.006109948493389
2019,CO2/CO/NOx,2019-11-23 15:00:00+01:00,1.0247080626811509
2019,CO2/CO/NOx,2019-11-23 16:00:00+01:00,1.0503751607648861
2019,CO2/CO/NOx,2019-11-23 17:00:00+01:00,1.0658793054450453
2019,CO2/CO/NOx,2019-11-23 18:00:00+01:00,1.1075066880677131
2019,CO2/CO/NOx,2019-11-23 19:00:00+01:00,1.1192404235177926
2019,CO2/CO/NOx,2019-11-23 20:00:00+01:00,1.1078958081189003
2019,CO2/CO/NOx,2019-11-23 21:00:00+01:00,1.091381843215647
2019,CO2/CO/NOx,2019-11-23 22:00:00+01:00,1.0727021345185401
2019,CO2/CO/NOx,2019-11-23 23:00:00+01:00,1.0518981556039746
2019,CO2/CO/NOx,2019-11-24 00:00:00+01:00,1.0066168960195658
2019,CO2/CO/NOx,2019-11-24 01:00:00+01:00,0.9792427178351525
2019,CO2/CO/NOx,2019-11-24 02:00:00+01:00,0.9806724893356019
2019,CO2/CO/NOx,2019-11-24 03:00:00+01:00,1.0352124693880909
2019,CO2/CO/NOx,2019-11-24 04:00:00+01:00,1.0768675834116406
2019,CO2/CO/NOx,2019-11-24 05:00:00+01:00,1.1340885409991213
2019,CO2/CO/NOx,2019-11-24 06:00:00+01:00,1.1873797034272877
2019,CO2/CO/NOx,2019-11-24 07:00:00+01:00,1.2275451502862798
2019,CO2/CO/NOx,2019-11-24 08:00:00+01:00,1.2202326856942973
2019,CO2/CO/NOx,2019-11-24 09:00:00+01:00,1.1600582727467674
2019,CO2/CO/NOx,2019-11-24 10:00:00+01:00,1.100348712312659
2019,CO2/CO/NOx,2019-11-24 11:00:00+01:00,1.0184703583266097
2019,CO2/CO/NOx,2019-11-24 12:00:00+01:00,0.9496650581115113
2019,CO2/CO/NOx,2019-11-24 13:00:00+01:00,0.9180924339688806
2019,CO2/CO/NOx,2019-11-24 14:00:00+01:00,0.9376597563761737
2019,CO2/CO/NOx,2019-11-24 15:00:00+01:00,0.9906903138378556
2019,CO2/CO/NOx,2019-11-24 16:00:00+01:00,1.0683663817256872
2019,CO2/CO/NOx,2019-11-24 17:00:00+01:00,1.1294121777092228
2019,CO2/CO/NOx,2019-11-24 18:00:00+01:00,1.2070429662326325
2019,CO2/CO/NOx,2019-11-24 19:00:00+01:00,1.2410215615451758
2019,CO2/CO/NOx,2019-11-24 20:00:00+01:00,1.2197364324561035
2019,CO2/CO/NOx,2019-11-24 21:00:00+01:00,1.1819591982375592
2019,CO2/CO/NOx,2019-11-24 22:00:00+01:00,1.1475300800070798
2019,CO2/CO/NOx,2019-11-24 23:00:00+01:00,1.1203835655887802
2019,CO2/CO/NOx,2019-11-25 00:00:00+01:00,1.0841145087927695
2019,CO2/CO/NOx,2019-11-25 01:00:00+01:00,1.0805336246673056
2019,CO2/CO/NOx,2019-11-25 02:00:00+01:00,1.1274762359372306
2019,CO2/CO/NOx,2019-11-25 03:00:00+01:00,1.2293487738062827
2019,CO2/CO/NOx,2019-11-25 04:00:00+01:00,1.3164374301797042
2019,CO2/CO/NOx,2019-11-25 05:00:00+01:00,1.40245810158154
2019,CO2/CO/NOx,2019-11-25 06:00:00+01:00,1.501129142981866
2019,CO2/CO/NOx,2019-11-25 07:00:00+01:00,1.5722364273292617
2019,CO2/CO/NOx,2019-11-25 08:00:00+01:00,1.604282303490398
2019,CO2/CO/NOx,2019-11-25 09:00:00+01:00,1.5812697475793143
2019,CO2/CO/NOx,2019-11-25 10:00:00+01:00,1.5464198035609182
2019,CO2/CO/NOx,2019-11-25 11:00:00+01:00,1.503988929722224
2019,CO2/CO/NOx,2019-11-25 12:00:00+01:00,1.464877117838374
2019,CO2/CO/NOx,2019-11-25 13:00:00+01:00,1.4501755703266828
2019,CO2/CO/NOx,2019-11-25 14:00:00+01:00,1.458540123347843
2019,CO2/CO/NOx,2019-11-25 15:00:00+01:00,1.497767406848259
2019,CO2/CO/NOx,2019-11-25 16:00:00+01:00,1.5315814975216098
2019,CO2/CO/NOx,2019-11-25 17:00:00+01:00,1.5592130812463045
2019,CO2/CO/NOx,2019-11-25 18:00:00+01:00,1.5881233736959657
2019,CO2/CO/NOx,2019-11-25 19:00:00+01:00,1.5857606229002257
2019,CO2/CO/NOx,2019-11-25 20:00:00+01:00,1.5485462195493782
2019,CO2/CO/NOx,2019-11-25 21:00:00+01:00,1.4995568961533934
2019,CO2/CO/NOx,2019-11-25 22:00:00+01:00,1.454435662320996
2019,CO2/CO/NOx,2019-11-25 23:00:00+01:00,1.4189682651802777
2019,CO2/CO/NOx,2019-11-26 00:00:00+01:00,1.3721653247744328
2019,CO2/CO/NOx,2019-11-26 01:00:00+01:00,1.3605773893817408
2019,CO2/CO/NOx,2019-11-26 02:00:00+01:00,1.3855261597247437
2019,CO2/CO/NOx,2019-11-26 03:00:00+01:00,1.4442725572657777
2019,CO2/CO/NOx,2019-11-26 04:00:00+01:00,1.512425202782797
2019,CO2/CO/NOx,2019-11-26 05:00:00+01:00,1.572938560706981
2019,CO2/CO/NOx,2019-11-26 06:00:00+01:00,1.6303500335974488
2019,CO2/CO/NOx,2019-11-26 07:00:00+01:00,1.6376889529985135
2019,CO2/CO/NOx,2019-11-26 08:00:00+01:00,1.586070067788238
2019,CO2/CO/NOx,2019-11-26 09:00:00+01:00,1.463125697690047
2019,CO2/CO/NOx,2019-11-26 10:00:00+01:00,1.3484499451073886
2019,CO2/CO/NOx,2019-11-26 11:00:00+01:00,1.229165662657732
2019,CO2/CO/NOx,2019-11-26 12:00:00+01:00,1.1205540321805254
2019,CO2/CO/NOx,2019-11-26 13:00:00+01:00,1.0749909928015777
2019,CO2/CO/NOx,2019-11-26 14:00:00+01:00,1.07669002792789
2019,CO2/CO/NOx,2019-11-26 15:00:00+01:00,1.128753892940349
2019,CO2/CO/NOx,2019-11-26 16:00:00+01:00,1.1875590901395126
2019,CO2/CO/NOx,2019-11-26 17:00:00+01:00,1.2604122264092215
2019,CO2/CO/NOx,2019-11-26 18:00:00+01:00,1.3283104296878876
2019,CO2/CO/NOx,2019-11-26 19:00:00+01:00,1.3528341325126787
2019,CO2/CO/NOx,2019-11-26 20:00:00+01:00,1.3313847174302273
2019,CO2/CO/NOx,2019-11-26 21:00:00+01:00,1.275402719821934
2019,CO2/CO/NOx,2019-11-26 22:00:00+01:00,1.2246534993414917
2019,CO2/CO/NOx,2019-11-26 23:00:00+01:00,1.1749606502072691
2019,CO2/CO/NOx,2019-11-27 00:00:00+01:00,1.1212037924579
2019,CO2/CO/NOx,2019-11-27 01:00:00+01:00,1.122362247253598
2019,CO2/CO/NOx,2019-11-27 02:00:00+01:00,1.1700527043508402
2019,CO2/CO/NOx,2019-11-27 03:00:00+01:00,1.2551590878046321
2019,CO2/CO/NOx,2019-11-27 04:00:00+01:00,1.3453679391454259
2019,CO2/CO/NOx,2019-11-27 05:00:00+01:00,1.429265744745244
2019,CO2/CO/NOx,2019-11-27 06:00:00+01:00,1.504053425611724
2019,CO2/CO/NOx,2019-11-27 07:00:00+01:00,1.5590046685452592
2019,CO2/CO/NOx,2019-11-27 08:00:00+01:00,1.5734360508827703
2019,CO2/CO/NOx,2019-11-27 09:00:00+01:00,1.536658219431562
2019,CO2/CO/NOx,2019-11-27 10:00:00+01:00,1.4588610325460771
2019,CO2/CO/NOx,2019-11-27 11:00:00+01:00,1.3420477388786427
2019,CO2/CO/NOx,2019-11-27 12:00:00+01:00,1.2194110435766436
2019,CO2/CO/NOx,2019-11-27 13:00:00+01:00,1.1179512525267752
2019,CO2/CO/NOx,2019-11-27 14:00:00+01:00,1.035833158564498
2019,CO2/CO/NOx,2019-11-27 15:00:00+01:00,0.995258300133721
2019,CO2/CO/NOx,2019-11-27 16:00:00+01:00,0.9861268550931845
2019,CO2/CO/NOx,2019-11-27 17:00:00+01:00,1.0124813976715223
2019,CO2/CO/NOx,2019-11-27 18:00:00+01:00,1.0778082874000188
2019,CO2/CO/NOx,2019-11-27 19:00:00+01:00,1.1130473324871404
2019,CO2/CO/NOx,2019-11-27 20:00:00+01:00,1.1203612161957655
2019,CO2/CO/NOx,2019-11-27 21:00:00+01:00,1.1040685578917793
2019,CO2/CO/NOx,2019-11-27 22:00:00+01:00,1.0703358251559845
2019,CO2/CO/NOx,2019-11-27 23:00:00+01:00,1.0161283292080296
2019,CO2/CO/NOx,2019-11-28 00:00:00+01:00,0.9407561275704519
2019,CO2/CO/NOx,2019-11-28 01:00:00+01:00,0.8902823035752494
2019,CO2/CO/NOx,2019-11-28 02:00:00+01:00,0.878110317428072
2019,CO2/CO/NOx,2019-11-28 03:00:00+01:00,0.9162302427089959
2019,CO2/CO/NOx,2019-11-28 04:00:00+01:00,0.9618549367203796
2019,CO2/CO/NOx,2019-11-28 05:00:00+01:00,1.0057575863429675
2019,CO2/CO/NOx,2019-11-28 06:00:00+01:00,1.0503493136428406
2019,CO2/CO/NOx,2019-11-28 07:00:00+01:00,1.0655284426900946
2019,CO2/CO/NOx,2019-11-28 08:00:00+01:00,1.0448314194106443
2019,CO2/CO/NOx,2019-11-28 09:00:00+01:00,0.9910442850719595
2019,CO2/CO/NOx,2019-11-28 10:00:00+01:00,0.955675851995212
2019,CO2/CO/NOx,2019-11-28 11:00:00+01:00,0.9201030177443281
2019,CO2/CO/NOx,2019-11-28 12:00:00+01:00,0.8939239734541772
2019,CO2/CO/NOx,2019-11-28 13:00:00+01:00,0.8871750379718754
2019,CO2/CO/NOx,2019-11-28 14:00:00+01:00,0.9009422445021272
2019,CO2/CO/NOx,2019-11-28 15:00:00+01:00,0.938160671874363
2019,CO2/CO/NOx,2019-11-28 16:00:00+01:00,0.9740045092176473
2019,CO2/CO/NOx,2019-11-28 17:00:00+01:00,1.0066257688341729
2019,CO2/CO/NOx,2019-11-28 18:00:00+01:00,1.0427226675297039
2019,CO2/CO/NOx,2019-11-28 19:00:00+01:00,1.0488537742168975
2019,CO2/CO/NOx,2019-11-28 20:00:00+01:00,1.0212686884825928
2019,CO2/CO/NOx,2019-11-28 21:00:00+01:00,0.9667588419276992
2019,CO2/CO/NOx,2019-11-28 22:00:00+01:00,0.902635623887312
2019,CO2/CO/NOx,2019-11-28 23:00:00+01:00,0.8448252715092822
2019,CO2/CO/NOx,2019-11-29 00:00:00+01:00,0.7924598947159869
2019,CO2/CO/NOx,2019-11-29 01:00:00+01:00,0.7893977386239049
2019,CO2/CO/NOx,2019-11-29 02:00:00+01:00,0.8334417806741256
2019,CO2/CO/NOx,2019-11-29 03:00:00+01:00,0.9105732102853816
2019,CO2/CO/NOx,2019-11-29 04:00:00+01:00,0.9874731591310008
2019,CO2/CO/NOx,2019-11-29 05:00:00+01:00,1.053181302166332
2019,CO2/CO/NOx,2019-11-29 06:00:00+01:00,1.103585559909037
2019,CO2/CO/NOx,2019-11-29 07:00:00+01:00,1.1198491289060843
2019,CO2/CO/NOx,2019-11-29 08:00:00+01:00,1.106406492127563
2019,CO2/CO/NOx,2019-11-29 09:00:00+01:00,1.0513836073595442
2019,CO2/CO/NOx,2019-11-29 10:00:00+01:00,1.0293570072920082
2019,CO2/CO/NOx,2019-11-29 11:00:00+01:00,1.018013207666762
2019,CO2/CO/NOx,2019-11-29 12:00:00+01:00,1.01903783163837
2019,CO2/CO/NOx,2019-11-29 13:00:00+01:00,1.045812736352249
2019,CO2/CO/NOx,2019-11-29 14:00:00+01:00,1.0803298919334434
2019,CO2/CO/NOx,2019-11-29 15:00:00+01:00,1.1380673091320779
2019,CO2/CO/NOx,2019-11-29 16:00:00+01:00,1.1917870552618073
2019,CO2/CO/NOx,2019-11-29 17:00:00+01:00,1.2380587231753788
2019,CO2/CO/NOx,2019-11-29 18:00:00+01:00,1.28275372421176
2019,CO2/CO/NOx,2019-11-29 19:00:00+01:00,1.3061121886320928
2019,CO2/CO/NOx,2019-11-29 20:00:00+01:00,1.2997104562321533
2019,CO2/CO/NOx,2019-11-29 21:00:00+01:00,1.269428758664191
2019,CO2/CO/NOx,2019-11-29 22:00:00+01:00,1.2441242927380063
2019,CO2/CO/NOx,2019-11-29 23:00:00+01:00,1.2205946564598504
2019,CO2/CO/NOx,2019-11-30 00:00:00+01:00,1.2057538405588044
2019,CO2/CO/NOx,2019-11-30 01:00:00+01:00,1.2252358127270497
2019,CO2/CO/NOx,2019-11-30 02:00:00+01:00,1.281628813086157
2019,CO2/CO/NOx,2019-11-30 03:00:00+01:00,1.3710169075481882
2019,CO2/CO/NOx,2019-11-30 04:00:00+01:00,1.4527919770853097
2019,CO2/CO/NOx,2019-11-30 05:00:00+01:00,1.5206317236367588
2019,CO2/CO/NOx,2019-11-30 06:00:00+01:00,1.571376695717626
2019,CO2/CO/NOx,2019-11-30 07:00:00+01:00,1.605891913155893
2019,CO2/CO/NOx,2019-11-30 08:00:00+01:00,1.6074422684488674
2019,CO2/CO/NOx,2019-11-30 09:00:00+01:00,1.5789550294934556
2019,CO2/CO/NOx,2019-11-30 10:00:00+01:00,1.5498554520247003
2019,CO2/CO/NOx,2019-11-30 11:00:00+01:00,1.5182352195564173
2019,CO2/CO/NOx,2019-11-30 12:00:00+01:00,1.5004626782244188
2019,CO2/CO/NOx,2019-11-30 13:00:00+01:00,1.5147659195392367
2019,CO2/CO/NOx,2019-11-30 14:00:00+01:00,1.5386079060289815
2019,CO2/CO/NOx,2019-11-30 15:00:00+01:00,1.5834651407553906
2019,CO2/CO/NOx,2019-11-30 16:00:00+01:00,1.6274745906272114
2019,CO2/CO/NOx,2019-11-30 17:00:00+01:00,1.6697976761435704
2019,CO2/CO/NOx,2019-11-30 18:00:00+01:00,1.7170135056173024
2019,CO2/CO/NOx,2019-11-30 19:00:00+01:00,1.7219917225726218
2019,CO2/CO/NOx,2019-11-30 20:00:00+01:00,1.6993599249170817
2019,CO2/CO/NOx,2019-11-30 21:00:00+01:00,1.6711239920879135
2019,CO2/CO/NOx,2019-11-30 22:00:00+01:00,1.653690739079438
2019,CO2/CO/NOx,2019-11-30 23:00:00+01:00,1.6339620779330124
2019,CO2/CO/NOx,2019-12-01 00:00:00+01:00,1.6150237236091203
2019,CO2/CO/NOx,2019-12-01 01:00:00+01:00,1.6346008763225277
2019,CO2/CO/NOx,2019-12-01 02:00:00+01:00,1.6926754513414444
2019,CO2/CO/NOx,2019-12-01 03:00:00+01:00,1.7748080528323606
2019,CO2/CO/NOx,2019-12-01 04:00:00+01:00,1.841003772640103
2019,CO2/CO/NOx,2019-12-01 05:00:00+01:00,1.9169509990354385
2019,CO2/CO/NOx,2019-12-01 06:00:00+01:00,1.977520584715771
2019,CO2/CO/NOx,2019-12-01 07:00:00+01:00,2.0042309458978633
2019,CO2/CO/NOx,2019-12-01 08:00:00+01:00,1.9888173740128818
2019,CO2/CO/NOx,2019-12-01 09:00:00+01:00,1.9390725840777312
2019,CO2/CO/NOx,2019-12-01 10:00:00+01:00,1.8954809005128168
2019,CO2/CO/NOx,2019-12-01 11:00:00+01:00,1.860616150376265
2019,CO2/CO/NOx,2019-12-01 12:00:00+01:00,1.828999746339142
2019,CO2/CO/NOx,2019-12-01 13:00:00+01:00,1.8299164205856584
2019,CO2/CO/NOx,2019-12-01 14:00:00+01:00,1.8664289489155843
2019,CO2/CO/NOx,2019-12-01 15:00:00+01:00,1.919828269180129
2019,CO2/CO/NOx,2019-12-01 16:00:00+01:00,1.9604913735132958
2019,CO2/CO/NOx,2019-12-01 17:00:00+01:00,1.9930738888425874
2019,CO2/CO/NOx,2019-12-01 18:00:00+01:00,2.0210193817139643
2019,CO2/CO/NOx,2019-12-01 19:00:00+01:00,1.982595292678085
2019,CO2/CO/NOx,2019-12-01 20:00:00+01:00,1.920240000421665
2019,CO2/CO/NOx,2019-12-01 21:00:00+01:00,1.8388052452429753
2019,CO2/CO/NOx,2019-12-01 22:00:00+01:00,1.7738222464522608
2019,CO2/CO/NOx,2019-12-01 23:00:00+01:00,1.7302245472542812
2019,CO2/CO/NOx,2019-12-02 00:00:00+01:00,1.6799680883014378
2019,CO2/CO/NOx,2019-12-02 01:00:00+01:00,1.6933693089592405
2019,CO2/CO/NOx,2019-12-02 02:00:00+01:00,1.7686186037457041
2019,CO2/CO/NOx,2019-12-02 03:00:00+01:00,1.8797593145698888
2019,CO2/CO/NOx,2019-12-02 04:00:00+01:00,1.9670293458643595
2019,CO2/CO/NOx,2019-12-02 05:00:00+01:00,2.052218627758535
2019,CO2/CO/NOx,2019-12-02 06:00:00+01:00,2.126957474512551
2019,CO2/CO/NOx,2019-12-02 07:00:00+01:00,2.1659341132727032
2019,CO2/CO/NOx,2019-12-02 08:00:00+01:00,2.1611475315144877
2019,CO2/CO/NOx,2019-12-02 09:00:00+01:00,2.10150757407872
2019,CO2/CO/NOx,2019-12-02 10:00:00+01:00,2.0772882328918545
2019,CO2/CO/NOx,2019-12-02 11:00:00+01:00,2.057302726068897
2019,CO2/CO/NOx,2019-12-02 12:00:00+01:00,2.037315247227979
2019,CO2/CO/NOx,2019-12-02 13:00:00+01:00,2.0341136272291442
2019,CO2/CO/NOx,2019-12-02 14:00:00+01:00,2.0433595188991545
2019,CO2/CO/NOx,2019-12-02 15:00:00+01:00,2.0747258134355127
2019,CO2/CO/NOx,2019-12-02 16:00:00+01:00,2.084336511445741
2019,CO2/CO/NOx,2019-12-02 17:00:00+01:00,2.0851844978453165
2019,CO2/CO/NOx,2019-12-02 18:00:00+01:00,2.0948495367265516
2019,CO2/CO/NOx,2019-12-02 19:00:00+01:00,2.0713574319775754
2019,CO2/CO/NOx,2019-12-02 20:00:00+01:00,2.008763134607467
2019,CO2/CO/NOx,2019-12-02 21:00:00+01:00,1.9207448729090346
2019,CO2/CO/NOx,2019-12-02 22:00:00+01:00,1.8422698610706518
2019,CO2/CO/NOx,2019-12-02 23:00:00+01:00,1.7910768225844984
2019,CO2/CO/NOx,2019-12-03 00:00:00+01:00,1.743449898675687
2019,CO2/CO/NOx,2019-12-03 01:00:00+01:00,1.7536594685792946
2019,CO2/CO/NOx,2019-12-03 02:00:00+01:00,1.8227919288533416
2019,CO2/CO/NOx,2019-12-03 03:00:00+01:00,1.932087143464111
2019,CO2/CO/NOx,2019-12-03 04:00:00+01:00,2.042196386209607
2019,CO2/CO/NOx,2019-12-03 05:00:00+01:00,2.145247558599598
2019,CO2/CO/NOx,2019-12-03 06:00:00+01:00,2.2451866494615023
2019,CO2/CO/NOx,2019-12-03 07:00:00+01:00,2.289371044826348
2019,CO2/CO/NOx,2019-12-03 08:00:00+01:00,2.258812730591331
2019,CO2/CO/NOx,2019-12-03 09:00:00+01:00,2.159704919756763
2019,CO2/CO/NOx,2019-12-03 10:00:00+01:00,2.0667410483732094
2019,CO2/CO/NOx,2019-12-03 11:00:00+01:00,1.985579594809345
2019,CO2/CO/NOx,2019-12-03 12:00:00+01:00,1.9084566997078685
2019,CO2/CO/NOx,2019-12-03 13:00:00+01:00,1.8971515998917947
2019,CO2/CO/NOx,2019-12-03 14:00:00+01:00,1.961646279144077
2019,CO2/CO/NOx,2019-12-03 15:00:00+01:00,2.0754437033625766
2019,CO2/CO/NOx,2019-12-03 16:00:00+01:00,2.151312240479535
2019,CO2/CO/NOx,2019-12-03 17:00:00+01:00,2.1877745499225427
2019,CO2/CO/NOx,2019-12-03 18:00:00+01:00,2.2110664460156473
2019,CO2/CO/NOx,2019-12-03 19:00:00+01:00,2.1649405511727497
2019,CO2/CO/NOx,2019-12-03 20:00:00+01:00,2.092661840100425
2019,CO2/CO/NOx,2019-12-03 21:00:00+01:00,1.9734234308519623
2019,CO2/CO/NOx,2019-12-03 22:00:00+01:00,1.8845385136697737
2019,CO2/CO/NOx,2019-12-03 23:00:00+01:00,1.8390403496664118
2019,CO2/CO/NOx,2019-12-04 00:00:00+01:00,1.792271217051765
2019,CO2/CO/NOx,2019-12-04 01:00:00+01:00,1.8034461144480611
2019,CO2/CO/NOx,2019-12-04 02:00:00+01:00,1.8917105586816756
2019,CO2/CO/NOx,2019-12-04 03:00:00+01:00,2.016186542646692
2019,CO2/CO/NOx,2019-12-04 04:00:00+01:00,2.1233275310602697
2019,CO2/CO/NOx,2019-12-04 05:00:00+01:00,2.2202865801860168
2019,CO2/CO/NOx,2019-12-04 06:00:00+01:00,2.2874510196737874
2019,CO2/CO/NOx,2019-12-04 07:00:00+01:00,2.354382014630951
2019,CO2/CO/NOx,2019-12-04 08:00:00+01:00,2.3658722403259693
2019,CO2/CO/NOx,2019-12-04 09:00:00+01:00,2.3043073632276463
2019,CO2/CO/NOx,2019-12-04 10:00:00+01:00,2.2435539273461713
2019,CO2/CO/NOx,2019-12-04 11:00:00+01:00,2.164965760895067
2019,CO2/CO/NOx,2019-12-04 12:00:00+01:00,2.084243902061415
2019,CO2/CO/NOx,2019-12-04 13:00:00+01:00,2.0406595179040683
2019,CO2/CO/NOx,2019-12-04 14:00:00+01:00,2.0282989588586124
2019,CO2/CO/NOx,2019-12-04 15:00:00+01:00,2.0711722562634844
2019,CO2/CO/NOx,2019-12-04 16:00:00+01:00,2.144720398793212
2019,CO2/CO/NOx,2019-12-04 17:00:00+01:00,2.209855500211849
2019,CO2/CO/NOx,2019-12-04 18:00:00+01:00,2.2836915165566776
2019,CO2/CO/NOx,2019-12-04 19:00:00+01:00,2.289730363351503
2019,CO2/CO/NOx,2019-12-04 20:00:00+01:00,2.230127533983453
2019,CO2/CO/NOx,2019-12-04 21:00:00+01:00,2.160935281993743
2019,CO2/CO/NOx,2019-12-04 22:00:00+01:00,2.0908702808634634
2019,CO2/CO/NOx,2019-12-04 23:00:00+01:00,2.01600301238621
2019,CO2/CO/NOx,2019-12-05 00:00:00+01:00,1.9280073382695244
2019,CO2/CO/NOx,2019-12-05 01:00:00+01:00,1.8976714232059793
2019,CO2/CO/NOx,2019-12-05 02:00:00+01:00,1.9269425425937075
2019,CO2/CO/NOx,2019-12-05 03:00:00+01:00,1.9992057465770303
2019,CO2/CO/NOx,2019-12-05 04:00:00+01:00,2.083056720175239
2019,CO2/CO/NOx,2019-12-05 05:00:00+01:00,2.1805915711089097
2019,CO2/CO/NOx,2019-12-05 06:00:00+01:00,2.2885675865604376
2019,CO2/CO/NOx,2019-12-05 07:00:00+01:00,2.3615764058222917
2019,CO2/CO/NOx,2019-12-05 08:00:00+01:00,2.393328545952049
2019,CO2/CO/NOx,2019-12-05 09:00:00+01:00,2.3662074622943283
2019,CO2/CO/NOx,2019-12-05 10:00:00+01:00,2.3761971497439944
2019,CO2/CO/NOx,2019-12-05 11:00:00+01:00,2.362362488116965
2019,CO2/CO/NOx,2019-12-05 12:00:00+01:00,2.3296514579243963
2019,CO2/CO/NOx,2019-12-05 13:00:00+01:00,2.333067223258123
2019,CO2/CO/NOx,2019-12-05 14:00:00+01:00,2.3519853889598044
2019,CO2/CO/NOx,2019-12-05 15:00:00+01:00,2.3920071002641503
2019,CO2/CO/NOx,2019-12-05 16:00:00+01:00,2.4039246406758568
2019,CO2/CO/NOx,2019-12-05 17:00:00+01:00,2.4037208167768185
2019,CO2/CO/NOx,2019-12-05 18:00:00+01:00,2.4048861519242704
2019,CO2/CO/NOx,2019-12-05 19:00:00+01:00,2.3918185839829134
2019,CO2/CO/NOx,2019-12-05 20:00:00+01:00,2.33805591912196
2019,CO2/CO/NOx,2019-12-05 21:00:00+01:00,2.251968460202894
2019,CO2/CO/NOx,2019-12-05 22:00:00+01:00,2.156963494195072
2019,CO2/CO/NOx,2019-12-05 23:00:00+01:00,2.0753819272857488
2019,CO2/CO/NOx,2019-12-06 00:00:00+01:00,1.990193731841186
2019,CO2/CO/NOx,2019-12-06 01:00:00+01:00,1.955410168552815
2019,CO2/CO/NOx,2019-12-06 02:00:00+01:00,1.9857063249076485
2019,CO2/CO/NOx,2019-12-06 03:00:00+01:00,2.071406026154847
2019,CO2/CO/NOx,2019-12-06 04:00:00+01:00,2.172945632812545
2019,CO2/CO/NOx,2019-12-06 05:00:00+01:00,2.2817062111573483
2019,CO2/CO/NOx,2019-12-06 06:00:00+01:00,2.387326702661771
2019,CO2/CO/NOx,2019-12-06 07:00:00+01:00,2.461857023249257
2019,CO2/CO/NOx,2019-12-06 08:00:00+01:00,2.437848865844089
2019,CO2/CO/NOx,2019-12-06 09:00:00+01:00,2.3355966966788757
2019,CO2/CO/NOx,2019-12-06 10:00:00+01:00,2.192277985511534
2019,CO2/CO/NOx,2019-12-06 11:00:00+01:00,1.9959546985440109
2019,CO2/CO/NOx,2019-12-06 12:00:00+01:00,1.818416826340016
2019,CO2/CO/NOx,2019-12-06 13:00:00+01:00,1.7165858121116093
2019,CO2/CO/NOx,2019-12-06 14:00:00+01:00,1.7020382819595308
2019,CO2/CO/NOx,2019-12-06 15:00:00+01:00,1.781355707928442
2019,CO2/CO/NOx,2019-12-06 16:00:00+01:00,1.8778098297343893
2019,CO2/CO/NOx,2019-12-06 17:00:00+01:00,1.9384380126366159
2019,CO2/CO/NOx,2019-12-06 18:00:00+01:00,2.034417126668843
2019,CO2/CO/NOx,2019-12-06 19:00:00+01:00,2.0362752143228895
2019,CO2/CO/NOx,2019-12-06 20:00:00+01:00,1.9462309576008163
2019,CO2/CO/NOx,2019-12-06 21:00:00+01:00,1.8299447136613718
2019,CO2/CO/NOx,2019-12-06 22:00:00+01:00,1.6882673890500222
2019,CO2/CO/NOx,2019-12-06 23:00:00+01:00,1.5384927880974733
2019,CO2/CO/NOx,2019-12-07 00:00:00+01:00,1.4028419634948466
2019,CO2/CO/NOx,2019-12-07 01:00:00+01:00,1.2915609866226667
2019,CO2/CO/NOx,2019-12-07 02:00:00+01:00,1.2368346566879063
2019,CO2/CO/NOx,2019-12-07 03:00:00+01:00,1.2568923524769047
2019,CO2/CO/NOx,2019-12-07 04:00:00+01:00,1.2834941840024765
2019,CO2/CO/NOx,2019-12-07 05:00:00+01:00,1.3219814095210292
2019,CO2/CO/NOx,2019-12-07 06:00:00+01:00,1.3726997958431666
2019,CO2/CO/NOx,2019-12-07 07:00:00+01:00,1.4068327462718755
2019,CO2/CO/NOx,2019-12-07 08:00:00+01:00,1.4155659152797122
2019,CO2/CO/NOx,2019-12-07 09:00:00+01:00,1.400261794959521
2019,CO2/CO/NOx,2019-12-07 10:00:00+01:00,1.3778193156887544
2019,CO2/CO/NOx,2019-12-07 11:00:00+01:00,1.3372451461146122
2019,CO2/CO/NOx,2019-12-07 12:00:00+01:00,1.2758585579286439
2019,CO2/CO/NOx,2019-12-07 13:00:00+01:00,1.241579607172112
2019,CO2/CO/NOx,2019-12-07 14:00:00+01:00,1.2385501933843992
2019,CO2/CO/NOx,2019-12-07 15:00:00+01:00,1.269083046932911
2019,CO2/CO/NOx,2019-12-07 16:00:00+01:00,1.2966781851892815
2019,CO2/CO/NOx,2019-12-07 17:00:00+01:00,1.3203041464197145
2019,CO2/CO/NOx,2019-12-07 18:00:00+01:00,1.356504237381887
2019,CO2/CO/NOx,2019-12-07 19:00:00+01:00,1.3638111138312012
2019,CO2/CO/NOx,2019-12-07 20:00:00+01:00,1.3423419335467464
2019,CO2/CO/NOx,2019-12-07 21:00:00+01:00,1.29876935545551
2019,CO2/CO/NOx,2019-12-07 22:00:00+01:00,1.2609282747869395
2019,CO2/CO/NOx,2019-12-07 23:00:00+01:00,1.2222298605957225
2019,CO2/CO/NOx,2019-12-08 00:00:00+01:00,1.1746165195526856
2019,CO2/CO/NOx,2019-12-08 01:00:00+01:00,1.147006701406585
2019,CO2/CO/NOx,2019-12-08 02:00:00+01:00,1.164803798075766
2019,CO2/CO/NOx,2019-12-08 03:00:00+01:00,1.2165862285637892
2019,CO2/CO/NOx,2019-12-08 04:00:00+01:00,1.274537805313383
2019,CO2/CO/NOx,2019-12-08 05:00:00+01:00,1.3450316613746631
2019,CO2/CO/NOx,2019-12-08 06:00:00+01:00,1.407864323119228
2019,CO2/CO/NOx,2019-12-08 07:00:00+01:00,1.4529456110243038
2019,CO2/CO/NOx,2019-12-08 08:00:00+01:00,1.4541539549939067
2019,CO2/CO/NOx,2019-12-08 09:00:00+01:00,1.401893921984346
2019,CO2/CO/NOx,2019-12-08 10:00:00+01:00,1.3457176562977016
2019,CO2/CO/NOx,2019-12-08 11:00:00+01:00,1.2820605590436858
2019,CO2/CO/NOx,2019-12-08 12:00:00+01:00,1.2100665529788366
2019,CO2/CO/NOx,2019-12-08 13:00:00+01:00,1.1737742555610176
2019,CO2/CO/NOx,2019-12-08 14:00:00+01:00,1.1676481902704516
2019,CO2/CO/NOx,2019-12-08 15:00:00+01:00,1.1880428306593311
2019,CO2/CO/NOx,2019-12-08 16:00:00+01:00,1.216706622133228
2019,CO2/CO/NOx,2019-12-08 17:00:00+01:00,1.2362353003525617
2019,CO2/CO/NOx,2019-12-08 18:00:00+01:00,1.2547103131411617
2019,CO2/CO/NOx,2019-12-08 19:00:00+01:00,1.2560313391137432
2019,CO2/CO/NOx,2019-12-08 20:00:00+01:00,1.2266197067712372
2019,CO2/CO/NOx,2019-12-08 21:00:00+01:00,1.1710043172957962
2019,CO2/CO/NOx,2019-12-08 22:00:00+01:00,1.1161809438153039
2019,CO2/CO/NOx,2019-12-08 23:00:00+01:00,1.0571348633399873
2019,CO2/CO/NOx,2019-12-09 00:00:00+01:00,0.9975983591301423
2019,CO2/CO/NOx,2019-12-09 01:00:00+01:00,0.9807862918006804
2019,CO2/CO/NOx,2019-12-09 02:00:00+01:00,1.017438380022574
2019,CO2/CO/NOx,2019-12-09 03:00:00+01:00,1.0919996771168952
2019,CO2/CO/NOx,2019-12-09 04:00:00+01:00,1.1840730610723629
2019,CO2/CO/NOx,2019-12-09 05:00:00+01:00,1.283219300732626
2019,CO2/CO/NOx,2019-12-09 06:00:00+01:00,1.3638834039045002
2019,CO2/CO/NOx,2019-12-09 07:00:00+01:00,1.3905427125839305
2019,CO2/CO/NOx,2019-12-09 08:00:00+01:00,1.3633693943485494
2019,CO2/CO/NOx,2019-12-09 09:00:00+01:00,1.2917302172266472
2019,CO2/CO/NOx,2019-12-09 10:00:00+01:00,1.2319177926327722
2019,CO2/CO/NOx,2019-12-09 11:00:00+01:00,1.182191978459461
2019,CO2/CO/NOx,2019-12-09 12:00:00+01:00,1.1492460506061468
2019,CO2/CO/NOx,2019-12-09 13:00:00+01:00,1.1607801711705534
2019,CO2/CO/NOx,2019-12-09 14:00:00+01:00,1.2175993879494638
2019,CO2/CO/NOx,2019-12-09 15:00:00+01:00,1.2908767065281639
2019,CO2/CO/NOx,2019-12-09 16:00:00+01:00,1.3424557497829346
2019,CO2/CO/NOx,2019-12-09 17:00:00+01:00,1.39281887678392
2019,CO2/CO/NOx,2019-12-09 18:00:00+01:00,1.4320821769281311
2019,CO2/CO/NOx,2019-12-09 19:00:00+01:00,1.4242190057165518
2019,CO2/CO/NOx,2019-12-09 20:00:00+01:00,1.3892181070836054
2019,CO2/CO/NOx,2019-12-09 21:00:00+01:00,1.3276498475055694
2019,CO2/CO/NOx,2019-12-09 22:00:00+01:00,1.2749282786136824
2019,CO2/CO/NOx,2019-12-09 23:00:00+01:00,1.2481498732479461
2019,CO2/CO/NOx,2019-12-10 00:00:00+01:00,1.2209882099211125
2019,CO2/CO/NOx,2019-12-10 01:00:00+01:00,1.2473309521227949
2019,CO2/CO/NOx,2019-12-10 02:00:00+01:00,1.3235972633520814
2019,CO2/CO/NOx,2019-12-10 03:00:00+01:00,1.418126407391948
2019,CO2/CO/NOx,2019-12-10 04:00:00+01:00,1.502540859867606
2019,CO2/CO/NOx,2019-12-10 05:00:00+01:00,1.5922430733194928
2019,CO2/CO/NOx,2019-12-10 06:00:00+01:00,1.6664441104108396
2019,CO2/CO/NOx,2019-12-10 07:00:00+01:00,1.7213581994633942
2019,CO2/CO/NOx,2019-12-10 08:00:00+01:00,1.745296507936828
2019,CO2/CO/NOx,2019-12-10 09:00:00+01:00,1.7264679602460897
2019,CO2/CO/NOx,2019-12-10 10:00:00+01:00,1.7267527281564994
2019,CO2/CO/NOx,2019-12-10 11:00:00+01:00,1.7131924767125062
2019,CO2/CO/NOx,2019-12-10 12:00:00+01:00,1.6867294593554611
2019,CO2/CO/NOx,2019-12-10 13:00:00+01:00,1.6696936692393771
2019,CO2/CO/NOx,2019-12-10 14:00:00+01:00,1.6812539858049689
2019,CO2/CO/NOx,2019-12-10 15:00:00+01:00,1.7233884327516205
2019,CO2/CO/NOx,2019-12-10 16:00:00+01:00,1.756204495353141
2019,CO2/CO/NOx,2019-12-10 17:00:00+01:00,1.7994763102941118
2019,CO2/CO/NOx,2019-12-10 18:00:00+01:00,1.869701898299029
2019,CO2/CO/NOx,2019-12-10 19:00:00+01:00,1.9078727134460793
2019,CO2/CO/NOx,2019-12-10 20:00:00+01:00,1.9130795920695043
2019,CO2/CO/NOx,2019-12-10 21:00:00+01:00,1.885525427873735
2019,CO2/CO/NOx,2019-12-10 22:00:00+01:00,1.8377341594162584
2019,CO2/CO/NOx,2019-12-10 23:00:00+01:00,1.8010097119834076
2019,CO2/CO/NOx,2019-12-11 00:00:00+01:00,1.7393210662845735
2019,CO2/CO/NOx,2019-12-11 01:00:00+01:00,1.7351868530907635
2019,CO2/CO/NOx,2019-12-11 02:00:00+01:00,1.8051943440983471
2019,CO2/CO/NOx,2019-12-11 03:00:00+01:00,1.925525733090309
2019,CO2/CO/NOx,2019-12-11 04:00:00+01:00,2.031470893286096
2019,CO2/CO/NOx,2019-12-11 05:00:00+01:00,2.1488064530186306
2019,CO2/CO/NOx,2019-12-11 06:00:00+01:00,2.2601863724387714
2019,CO2/CO/NOx,2019-12-11 07:00:00+01:00,2.312516048415598
2019,CO2/CO/NOx,2019-12-11 08:00:00+01:00,2.308256227079712
2019,CO2/CO/NOx,2019-12-11 09:00:00+01:00,2.23375997298925
2019,CO2/CO/NOx,2019-12-11 10:00:00+01:00,2.1905905875540985
2019,CO2/CO/NOx,2019-12-11 11:00:00+01:00,2.1176896844989224
2019,CO2/CO/NOx,2019-12-11 12:00:00+01:00,2.049654123357261
2019,CO2/CO/NOx,2019-12-11 13:00:00+01:00,2.0172467787760526
2019,CO2/CO/NOx,2019-12-11 14:00:00+01:00,2.043251015720576
2019,CO2/CO/NOx,2019-12-11 15:00:00+01:00,2.1074638559663588
2019,CO2/CO/NOx,2019-12-11 16:00:00+01:00,2.1378320490715743
2019,CO2/CO/NOx,2019-12-11 17:00:00+01:00,2.1549361383999934
2019,CO2/CO/NOx,2019-12-11 18:00:00+01:00,2.16339167637805
2019,CO2/CO/NOx,2019-12-11 19:00:00+01:00,2.109017187012705
2019,CO2/CO/NOx,2019-12-11 20:00:00+01:00,1.991542034173926
2019,CO2/CO/NOx,2019-12-11 21:00:00+01:00,1.8660819528709947
2019,CO2/CO/NOx,2019-12-11 22:00:00+01:00,1.756592604989636
2019,CO2/CO/NOx,2019-12-11 23:00:00+01:00,1.6784673240193397
2019,CO2/CO/NOx,2019-12-12 00:00:00+01:00,1.6058267982616854
2019,CO2/CO/NOx,2019-12-12 01:00:00+01:00,1.5895725459730776
2019,CO2/CO/NOx,2019-12-12 02:00:00+01:00,1.633780725302675
2019,CO2/CO/NOx,2019-12-12 03:00:00+01:00,1.7131199527750303
2019,CO2/CO/NOx,2019-12-12 04:00:00+01:00,1.7863768409782423
2019,CO2/CO/NOx,2019-12-12 05:00:00+01:00,1.8673769930459458
2019,CO2/CO/NOx,2019-12-12 06:00:00+01:00,1.9357593140195153
2019,CO2/CO/NOx,2019-12-12 07:00:00+01:00,1.9726114125211722
2019,CO2/CO/NOx,2019-12-12 08:00:00+01:00,1.970422849661019
2019,CO2/CO/NOx,2019-12-12 09:00:00+01:00,1.921027979195073
2019,CO2/CO/NOx,2019-12-12 10:00:00+01:00,1.8978574504818286
2019,CO2/CO/NOx,2019-12-12 11:00:00+01:00,1.8787714227172312
2019,CO2/CO/NOx,2019-12-12 12:00:00+01:00,1.8530241973659074
2019,CO2/CO/NOx,2019-12-12 13:00:00+01:00,1.8478837775819137
2019,CO2/CO/NOx,2019-12-12 14:00:00+01:00,1.8654041776659165
2019,CO2/CO/NOx,2019-12-12 15:00:00+01:00,1.901754472096161
2019,CO2/CO/NOx,2019-12-12 16:00:00+01:00,1.927727899992768
2019,CO2/CO/NOx,2019-12-12 17:00:00+01:00,1.9472643797876208
2019,CO2/CO/NOx,2019-12-12 18:00:00+01:00,1.980188249153962
2019,CO2/CO/NOx,2019-12-12 19:00:00+01:00,1.971417708144543
2019,CO2/CO/NOx,2019-12-12 20:00:00+01:00,1.9389463120866608
2019,CO2/CO/NOx,2019-12-12 21:00:00+01:00,1.886477659215385
2019,CO2/CO/NOx,2019-12-12 22:00:00+01:00,1.8364993768446483
2019,CO2/CO/NOx,2019-12-12 23:00:00+01:00,1.7960728221319535
2019,CO2/CO/NOx,2019-12-13 00:00:00+01:00,1.754061044188941
2019,CO2/CO/NOx,2019-12-13 01:00:00+01:00,1.7648271086605292
2019,CO2/CO/NOx,2019-12-13 02:00:00+01:00,1.8288869475037979
2019,CO2/CO/NOx,2019-12-13 03:00:00+01:00,1.9276668487131212
2019,CO2/CO/NOx,2019-12-13 04:00:00+01:00,2.019933329659184
2019,CO2/CO/NOx,2019-12-13 05:00:00+01:00,2.111863547377919
2019,CO2/CO/NOx,2019-12-13 06:00:00+01:00,2.193892880934746
2019,CO2/CO/NOx,2019-12-13 07:00:00+01:00,2.215469104750458
2019,CO2/CO/NOx,2019-12-13 08:00:00+01:00,2.172121921123535
2019,CO2/CO/NOx,2019-12-13 09:00:00+01:00,2.075434506050528
2019,CO2/CO/NOx,2019-12-13 10:00:00+01:00,1.9947582386121245
2019,CO2/CO/NOx,2019-12-13 11:00:00+01:00,1.9157840763814842
2019,CO2/CO/NOx,2019-12-13 12:00:00+01:00,1.8414141312431114
2019,CO2/CO/NOx,2019-12-13 13:00:00+01:00,1.8157512167013254
2019,CO2/CO/NOx,2019-12-13 14:00:00+01:00,1.8252404499646528
2019,CO2/CO/NOx,2019-12-13 15:00:00+01:00,1.8585098763585175
2019,CO2/CO/NOx,2019-12-13 16:00:00+01:00,1.8663772816078394
2019,CO2/CO/NOx,2019-12-13 17:00:00+01:00,1.8713708885705889
2019,CO2/CO/NOx,2019-12-13 18:00:00+01:00,1.8854307635518326
2019,CO2/CO/NOx,2019-12-13 19:00:00+01:00,1.8510335017873114
2019,CO2/CO/NOx,2019-12-13 20:00:00+01:00,1.7853222128944632
2019,CO2/CO/NOx,2019-12-13 21:00:00+01:00,1.6909429861414569
2019,CO2/CO/NOx,2019-12-13 22:00:00+01:00,1.6010480313452362
2019,CO2/CO/NOx,2019-12-13 23:00:00+01:00,1.52421213396441
2019,CO2/CO/NOx,2019-12-14 00:00:00+01:00,1.463769845025637
2019,CO2/CO/NOx,2019-12-14 01:00:00+01:00,1.4448536372051306
2019,CO2/CO/NOx,2019-12-14 02:00:00+01:00,1.477137839951128
2019,CO2/CO/NOx,2019-12-14 03:00:00+01:00,1.5495483302715987
2019,CO2/CO/NOx,2019-12-14 04:00:00+01:00,1.6153527785381467
2019,CO2/CO/NOx,2019-12-14 05:00:00+01:00,1.6710916245287002
2019,CO2/CO/NOx,2019-12-14 06:00:00+01:00,1.7046502223986102
2019,CO2/CO/NOx,2019-12-14 07:00:00+01:00,1.6994899328632203
2019,CO2/CO/NOx,2019-12-14 08:00:00+01:00,1.6361114791899916
2019,CO2/CO/NOx,2019-12-14 09:00:00+01:00,1.5359867757945835
2019,CO2/CO/NOx,2019-12-14 10:00:00+01:00,1.4352717319534993
2019,CO2/CO/NOx,2019-12-14 11:00:00+01:00,1.3411453868644978
2019,CO2/CO/NOx,2019-12-14 12:00:00+01:00,1.2624762711407083
2019,CO2/CO/NOx,2019-12-14 13:00:00+01:00,1.2554814675114483
2019,CO2/CO/NOx,2019-12-14 14:00:00+01:00,1.2894714717358218
2019,CO2/CO/NOx,2019-12-14 15:00:00+01:00,1.3537078068673412
2019,CO2/CO/NOx,2019-12-14 16:00:00+01:00,1.3960856039216465
2019,CO2/CO/NOx,2019-12-14 17:00:00+01:00,1.411266567501628
2019,CO2/CO/NOx,2019-12-14 18:00:00+01:00,1.4120680401210182
2019,CO2/CO/NOx,2019-12-14 19:00:00+01:00,1.3720484614939368
2019,CO2/CO/NOx,2019-12-14 20:00:00+01:00,1.30221204750874
2019,CO2/CO/NOx,2019-12-14 21:00:00+01:00,1.2171489447998105
2019,CO2/CO/NOx,2019-12-14 22:00:00+01:00,1.1643805544545942
2019,CO2/CO/NOx,2019-12-14 23:00:00+01:00,1.1261885603955777
2019,CO2/CO/NOx,2019-12-15 00:00:00+01:00,1.0825517090524261
2019,CO2/CO/NOx,2019-12-15 01:00:00+01:00,1.0723716893098827
2019,CO2/CO/NOx,2019-12-15 02:00:00+01:00,1.1054904052025254
2019,CO2/CO/NOx,2019-12-15 03:00:00+01:00,1.1635919850278662
2019,CO2/CO/NOx,2019-12-15 04:00:00+01:00,1.2331098052675837
2019,CO2/CO/NOx,2019-12-15 05:00:00+01:00,1.2969219190450063
2019,CO2/CO/NOx,2019-12-15 06:00:00+01:00,1.3371738409863454
2019,CO2/CO/NOx,2019-12-15 07:00:00+01:00,1.3317230481582232
2019,CO2/CO/NOx,2019-12-15 08:00:00+01:00,1.2776622140231686
2019,CO2/CO/NOx,2019-12-15 09:00:00+01:00,1.1835370777657104
2019,CO2/CO/NOx,2019-12-15 10:00:00+01:00,1.1109393012987385
2019,CO2/CO/NOx,2019-12-15 11:00:00+01:00,1.0459712543049418
2019,CO2/CO/NOx,2019-12-15 12:00:00+01:00,1.003596229470642
2019,CO2/CO/NOx,2019-12-15 13:00:00+01:00,1.007044595918303
2019,CO2/CO/NOx,2019-12-15 14:00:00+01:00,1.0401501499020787
2019,CO2/CO/NOx,2019-12-15 15:00:00+01:00,1.1019807225749325
2019,CO2/CO/NOx,2019-12-15 16:00:00+01:00,1.163380995450583
2019,CO2/CO/NOx,2019-12-15 17:00:00+01:00,1.2203973116430067
2019,CO2/CO/NOx,2019-12-15 18:00:00+01:00,1.2729005310949946
2019,CO2/CO/NOx,2019-12-15 19:00:00+01:00,1.2965535321397763
2019,CO2/CO/NOx,2019-12-15 20:00:00+01:00,1.2880919642918407
2019,CO2/CO/NOx,2019-12-15 21:00:00+01:00,1.2608451253953106
2019,CO2/CO/NOx,2019-12-15 22:00:00+01:00,1.2314963981728786
2019,CO2/CO/NOx,2019-12-15 23:00:00+01:00,1.199386686842024
2019,CO2/CO/NOx,2019-12-16 00:00:00+01:00,1.154419337412063
2019,CO2/CO/NOx,2019-12-16 01:00:00+01:00,1.138277343703915
2019,CO2/CO/NOx,2019-12-16 02:00:00+01:00,1.1548196198075298
2019,CO2/CO/NOx,2019-12-16 03:00:00+01:00,1.200014704516993
2019,CO2/CO/NOx,2019-12-16 04:00:00+01:00,1.2825106803372859
2019,CO2/CO/NOx,2019-12-16 05:00:00+01:00,1.4051791896117376
2019,CO2/CO/NOx,2019-12-16 06:00:00+01:00,1.5302095417431798
2019,CO2/CO/NOx,2019-12-16 07:00:00+01:00,1.6295565173754762
2019,CO2/CO/NOx,2019-12-16 08:00:00+01:00,1.657990713573677
2019,CO2/CO/NOx,2019-12-16 09:00:00+01:00,1.6122619935818308
2019,CO2/CO/NOx,2019-12-16 10:00:00+01:00,1.5294401127672566
2019,CO2/CO/NOx,2019-12-16 11:00:00+01:00,1.3959521212751043
2019,CO2/CO/NOx,2019-12-16 12:00:00+01:00,1.268259883410726
2019,CO2/CO/NOx,2019-12-16 13:00:00+01:00,1.208516661820671
2019,CO2/CO/NOx,2019-12-16 14:00:00+01:00,1.2184460752659647
2019,CO2/CO/NOx,2019-12-16 15:00:00+01:00,1.287961114885379
2019,CO2/CO/NOx,2019-12-16 16:00:00+01:00,1.3855118113278422
2019,CO2/CO/NOx,2019-12-16 17:00:00+01:00,1.4959193346335289
2019,CO2/CO/NOx,2019-12-16 18:00:00+01:00,1.6142739822818108
2019,CO2/CO/NOx,2019-12-16 19:00:00+01:00,1.6714189545571305
2019,CO2/CO/NOx,2019-12-16 20:00:00+01:00,1.6626347113493687
2019,CO2/CO/NOx,2019-12-16 21:00:00+01:00,1.6161197050713647
2019,CO2/CO/NOx,2019-12-16 22:00:00+01:00,1.5463306487911588
2019,CO2/CO/NOx,2019-12-16 23:00:00+01:00,1.4673290976735371
2019,CO2/CO/NOx,2019-12-17 00:00:00+01:00,1.3832109448821803
2019,CO2/CO/NOx,2019-12-17 01:00:00+01:00,1.3465491887661876
2019,CO2/CO/NOx,2019-12-17 02:00:00+01:00,1.3870578679626224
2019,CO2/CO/NOx,2019-12-17 03:00:00+01:00,1.4857510985851003
2019,CO2/CO/NOx,2019-12-17 04:00:00+01:00,1.571394353903738
2019,CO2/CO/NOx,2019-12-17 05:00:00+01:00,1.6109786754979554
2019,CO2/CO/NOx,2019-12-17 06:00:00+01:00,1.610715554550987
2019,CO2/CO/NOx,2019-12-17 07:00:00+01:00,1.5581154049987587
2019,CO2/CO/NOx,2019-12-17 08:00:00+01:00,1.4590714100410416
2019,CO2/CO/NOx,2019-12-17 09:00:00+01:00,1.3185207407312554
2019,CO2/CO/NOx,2019-12-17 10:00:00+01:00,1.2315678381861763
2019,CO2/CO/NOx,2019-12-17 11:00:00+01:00,1.199466863479369
2019,CO2/CO/NOx,2019-12-17 12:00:00+01:00,1.2045575795653538
2019,CO2/CO/NOx,2019-12-17 13:00:00+01:00,1.231657098260885
2019,CO2/CO/NOx,2019-12-17 14:00:00+01:00,1.2576279968330677
2019,CO2/CO/NOx,2019-12-17 15:00:00+01:00,1.2845319876792953
2019,CO2/CO/NOx,2019-12-17 16:00:00+01:00,1.2655665182715072
2019,CO2/CO/NOx,2019-12-17 17:00:00+01:00,1.20152680611217
2019,CO2/CO/NOx,2019-12-17 18:00:00+01:00,1.1192991539021973
2019,CO2/CO/NOx,2019-12-17 19:00:00+01:00,1.0136084994852892
2019,CO2/CO/NOx,2019-12-17 20:00:00+01:00,0.9280159626561043
2019,CO2/CO/NOx,2019-12-17 21:00:00+01:00,0.8547881468233703
2019,CO2/CO/NOx,2019-12-17 22:00:00+01:00,0.8417151885644053
2019,CO2/CO/NOx,2019-12-17 23:00:00+01:00,0.8881950889171185
2019,CO2/CO/NOx,2019-12-18 00:00:00+01:00,0.9614054697053523
2019,CO2/CO/NOx,2019-12-18 01:00:00+01:00,1.0346241942018197
2019,CO2/CO/NOx,2019-12-18 02:00:00+01:00,1.1075159541390778
2019,CO2/CO/NOx,2019-12-18 03:00:00+01:00,1.1461117951331414
2019,CO2/CO/NOx,2019-12-18 04:00:00+01:00,1.1327813531103772
2019,CO2/CO/NOx,2019-12-18 05:00:00+01:00,1.1143033061969216
2019,CO2/CO/NOx,2019-12-18 06:00:00+01:00,1.0558814422922465
2019,CO2/CO/NOx,2019-12-18 07:00:00+01:00,0.9913708960007522
2019,CO2/CO/NOx,2019-12-18 08:00:00+01:00,0.9401896993323124
2019,CO2/CO/NOx,2019-12-18 09:00:00+01:00,0.9216045627979987
2019,CO2/CO/NOx,2019-12-18 10:00:00+01:00,0.9315332582473428
2019,CO2/CO/NOx,2019-12-18 11:00:00+01:00,0.979524117307038
2019,CO2/CO/NOx,2019-12-18 12:00:00+01:00,1.0074227453782363
2019,CO2/CO/NOx,2019-12-18 13:00:00+01:00,1.056311947063215
2019,CO2/CO/NOx,2019-12-18 14:00:00+01:00,1.1163296102784324
2019,CO2/CO/NOx,2019-12-18 15:00:00+01:00,1.1570040971974431
2019,CO2/CO/NOx,2019-12-18 16:00:00+01:00,1.1523024353068394
2019,CO2/CO/NOx,2019-12-18 17:00:00+01:00,1.1172575614545561
2019,CO2/CO/NOx,2019-12-18 18:00:00+01:00,1.0857398700555538
2019,CO2/CO/NOx,2019-12-18 19:00:00+01:00,1.0115811198276643
2019,CO2/CO/NOx,2019-12-18 20:00:00+01:00,0.9352293060003756
2019,CO2/CO/NOx,2019-12-18 21:00:00+01:00,0.8847886515715182
2019,CO2/CO/NOx,2019-12-18 22:00:00+01:00,0.901732210345558
2019,CO2/CO/NOx,2019-12-18 23:00:00+01:00,0.9528850745145261
2019,CO2/CO/NOx,2019-12-19 00:00:00+01:00,1.0002431804270413
2019,CO2/CO/NOx,2019-12-19 01:00:00+01:00,1.0687633560452154
2019,CO2/CO/NOx,2019-12-19 02:00:00+01:00,1.1487446663481367
2019,CO2/CO/NOx,2019-12-19 03:00:00+01:00,1.236454604280784
2019,CO2/CO/NOx,2019-12-19 04:00:00+01:00,1.3001924285540198
2019,CO2/CO/NOx,2019-12-19 05:00:00+01:00,1.3727767471292525
2019,CO2/CO/NOx,2019-12-19 06:00:00+01:00,1.4589308307332765
2019,CO2/CO/NOx,2019-12-19 07:00:00+01:00,1.5213786359755888
2019,CO2/CO/NOx,2019-12-19 08:00:00+01:00,1.521588640807272
2019,CO2/CO/NOx,2019-12-19 09:00:00+01:00,1.445645393236003
2019,CO2/CO/NOx,2019-12-19 10:00:00+01:00,1.3651913449268314
2019,CO2/CO/NOx,2019-12-19 11:00:00+01:00,1.2696706972149436
2019,CO2/CO/NOx,2019-12-19 12:00:00+01:00,1.1711781125104948
2019,CO2/CO/NOx,2019-12-19 13:00:00+01:00,1.1148330486707023
2019,CO2/CO/NOx,2019-12-19 14:00:00+01:00,1.1363288062855392
2019,CO2/CO/NOx,2019-12-19 15:00:00+01:00,1.211863542161506
2019,CO2/CO/NOx,2019-12-19 16:00:00+01:00,1.2983913529178837
2019,CO2/CO/NOx,2019-12-19 17:00:00+01:00,1.3969400576538862
2019,CO2/CO/NOx,2019-12-19 18:00:00+01:00,1.5064386021426956
2019,CO2/CO/NOx,2019-12-19 19:00:00+01:00,1.5660057180191287
2019,CO2/CO/NOx,2019-12-19 20:00:00+01:00,1.5734835646596597
2019,CO2/CO/NOx,2019-12-19 21:00:00+01:00,1.5135993080294
2019,CO2/CO/NOx,2019-12-19 22:00:00+01:00,1.4180303149904563
2019,CO2/CO/NOx,2019-12-19 23:00:00+01:00,1.34979355164422
2019,CO2/CO/NOx,2019-12-20 00:00:00+01:00,1.248153363247389
2019,CO2/CO/NOx,2019-12-20 01:00:00+01:00,1.172953751564192
2019,CO2/CO/NOx,2019-12-20 02:00:00+01:00,1.1365839973406298
2019,CO2/CO/NOx,2019-12-20 03:00:00+01:00,1.1906047856227877
2019,CO2/CO/NOx,2019-12-20 04:00:00+01:00,1.2677278043787523
2019,CO2/CO/NOx,2019-12-20 05:00:00+01:00,1.3967474403924074
2019,CO2/CO/NOx,2019-12-20 06:00:00+01:00,1.5065271345526658
2019,CO2/CO/NOx,2019-12-20 07:00:00+01:00,1.5630898495438852
2019,CO2/CO/NOx,2019-12-20 08:00:00+01:00,1.5633346143555311
2019,CO2/CO/NOx,2019-12-20 09:00:00+01:00,1.4791849633229521
2019,CO2/CO/NOx,2019-12-20 10:00:00+01:00,1.380957944291811
2019,CO2/CO/NOx,2019-12-20 11:00:00+01:00,1.255190106685332
2019,CO2/CO/NOx,2019-12-20 12:00:00+01:00,1.1570658729433139
2019,CO2/CO/NOx,2019-12-20 13:00:00+01:00,1.0836984377516226
2019,CO2/CO/NOx,2019-12-20 14:00:00+01:00,1.0779142923841143
2019,CO2/CO/NOx,2019-12-20 15:00:00+01:00,1.0893836622337165
2019,CO2/CO/NOx,2019-12-20 16:00:00+01:00,1.1102714471694604
2019,CO2/CO/NOx,2019-12-20 17:00:00+01:00,1.1508547870455257
2019,CO2/CO/NOx,2019-12-20 18:00:00+01:00,1.2140258789470693
2019,CO2/CO/NOx,2019-12-20 19:00:00+01:00,1.221130322321702
2019,CO2/CO/NOx,2019-12-20 20:00:00+01:00,1.2025346721463426
2019,CO2/CO/NOx,2019-12-20 21:00:00+01:00,1.1943405604973116
2019,CO2/CO/NOx,2019-12-20 22:00:00+01:00,1.1836816358218436
2019,CO2/CO/NOx,2019-12-20 23:00:00+01:00,1.194808904285649
2019,CO2/CO/NOx,2019-12-21 00:00:00+01:00,1.2096211034967088
2019,CO2/CO/NOx,2019-12-21 01:00:00+01:00,1.2428748186895948
2019,CO2/CO/NOx,2019-12-21 02:00:00+01:00,1.287540050768281
2019,CO2/CO/NOx,2019-12-21 03:00:00+01:00,1.318370348461788
2019,CO2/CO/NOx,2019-12-21 04:00:00+01:00,1.3021255062094386
2019,CO2/CO/NOx,2019-12-21 05:00:00+01:00,1.2977600038035153
2019,CO2/CO/NOx,2019-12-21 06:00:00+01:00,1.3378293287166476
2019,CO2/CO/NOx,2019-12-21 07:00:00+01:00,1.3474359115466774
2019,CO2/CO/NOx,2019-12-21 08:00:00+01:00,1.3340438387277418
2019,CO2/CO/NOx,2019-12-21 09:00:00+01:00,1.3207620778284899
2019,CO2/CO/NOx,2019-12-21 10:00:00+01:00,1.3159019290976912
2019,CO2/CO/NOx,2019-12-21 11:00:00+01:00,1.3049111199382348
2019,CO2/CO/NOx,2019-12-21 12:00:00+01:00,1.2820060300414684
2019,CO2/CO/NOx,2019-12-21 13:00:00+01:00,1.2723291606433045
2019,CO2/CO/NOx,2019-12-21 14:00:00+01:00,1.290016345019419
2019,CO2/CO/NOx,2019-12-21 15:00:00+01:00,1.3219144487365189
2019,CO2/CO/NOx,2019-12-21 16:00:00+01:00,1.3261345693602857
2019,CO2/CO/NOx,2019-12-21 17:00:00+01:00,1.3469859965559807
2019,CO2/CO/NOx,2019-12-21 18:00:00+01:00,1.4073788306987531
2019,CO2/CO/NOx,2019-12-21 19:00:00+01:00,1.4607618625234167
2019,CO2/CO/NOx,2019-12-21 20:00:00+01:00,1.4935731398362169
2019,CO2/CO/NOx,2019-12-21 21:00:00+01:00,1.4987842793846229
2019,CO2/CO/NOx,2019-12-21 22:00:00+01:00,1.4931577290230824
2019,CO2/CO/NOx,2019-12-21 23:00:00+01:00,1.4890867669462617
2019,CO2/CO/NOx,2019-12-22 00:00:00+01:00,1.4528119441501541
2019,CO2/CO/NOx,2019-12-22 01:00:00+01:00,1.4328474747491207
2019,CO2/CO/NOx,2019-12-22 02:00:00+01:00,1.4577624304705719
2019,CO2/CO/NOx,2019-12-22 03:00:00+01:00,1.5038233476198477
2019,CO2/CO/NOx,2019-12-22 04:00:00+01:00,1.542724479562769
2019,CO2/CO/NOx,2019-12-22 05:00:00+01:00,1.5845854201349912
2019,CO2/CO/NOx,2019-12-22 06:00:00+01:00,1.6309260522384696
2019,CO2/CO/NOx,2019-12-22 07:00:00+01:00,1.6486748128969884
2019,CO2/CO/NOx,2019-12-22 08:00:00+01:00,1.638712101055835
2019,CO2/CO/NOx,2019-12-22 09:00:00+01:00,1.6080098712966677
2019,CO2/CO/NOx,2019-12-22 10:00:00+01:00,1.5663168412186914
2019,CO2/CO/NOx,2019-12-22 11:00:00+01:00,1.513383605519747
2019,CO2/CO/NOx,2019-12-22 12:00:00+01:00,1.444581240242949
2019,CO2/CO/NOx,2019-12-22 13:00:00+01:00,1.382764009227967
2019,CO2/CO/NOx,2019-12-22 14:00:00+01:00,1.3567539544668978
2019,CO2/CO/NOx,2019-12-22 15:00:00+01:00,1.3731637948108926
2019,CO2/CO/NOx,2019-12-22 16:00:00+01:00,1.3858647155381627
2019,CO2/CO/NOx,2019-12-22 17:00:00+01:00,1.4068879326112849
2019,CO2/CO/NOx,2019-12-22 18:00:00+01:00,1.4490928029018564
2019,CO2/CO/NOx,2019-12-22 19:00:00+01:00,1.4556328734805
2019,CO2/CO/NOx,2019-12-22 20:00:00+01:00,1.4280956708467412
2019,CO2/CO/NOx,2019-12-22 21:00:00+01:00,1.3720415714699918
2019,CO2/CO/NOx,2019-12-22 22:00:00+01:00,1.3051007977871163
2019,CO2/CO/NOx,2019-12-22 23:00:00+01:00,1.2543590810677268
2019,CO2/CO/NOx,2019-12-23 00:00:00+01:00,1.198237307547202
2019,CO2/CO/NOx,2019-12-23 01:00:00+01:00,1.177990839230054
2019,CO2/CO/NOx,2019-12-23 02:00:00+01:00,1.199397265007582
2019,CO2/CO/NOx,2019-12-23 03:00:00+01:00,1.266907587596579
2019,CO2/CO/NOx,2019-12-23 04:00:00+01:00,1.3531353504000765
2019,CO2/CO/NOx,2019-12-23 05:00:00+01:00,1.4381238158851495
2019,CO2/CO/NOx,2019-12-23 06:00:00+01:00,1.5219932472956452
2019,CO2/CO/NOx,2019-12-23 07:00:00+01:00,1.5851290410379235
2019,CO2/CO/NOx,2019-12-23 08:00:00+01:00,1.596646052405279
2019,CO2/CO/NOx,2019-12-23 09:00:00+01:00,1.5508138231030546
2019,CO2/CO/NOx,2019-12-23 10:00:00+01:00,1.5121402756687672
2019,CO2/CO/NOx,2019-12-23 11:00:00+01:00,1.4678031208766706
2019,CO2/CO/NOx,2019-12-23 12:00:00+01:00,1.4276831330314634
2019,CO2/CO/NOx,2019-12-23 13:00:00+01:00,1.4007923940957878
2019,CO2/CO/NOx,2019-12-23 14:00:00+01:00,1.3955554431639263
2019,CO2/CO/NOx,2019-12-23 15:00:00+01:00,1.4258928792029653
2019,CO2/CO/NOx,2019-12-23 16:00:00+01:00,1.4601087431323758
2019,CO2/CO/NOx,2019-12-23 17:00:00+01:00,1.4806539360445081
2019,CO2/CO/NOx,2019-12-23 18:00:00+01:00,1.5124162683990614
2019,CO2/CO/NOx,2019-12-23 19:00:00+01:00,1.5122109554314638
2019,CO2/CO/NOx,2019-12-23 20:00:00+01:00,1.483666736947373
2019,CO2/CO/NOx,2019-12-23 21:00:00+01:00,1.4314974612343079
2019,CO2/CO/NOx,2019-12-23 22:00:00+01:00,1.3676304917598459
2019,CO2/CO/NOx,2019-12-23 23:00:00+01:00,1.3076715139449404
2019,CO2/CO/NOx,2019-12-24 00:00:00+01:00,1.2452002719675075
2019,CO2/CO/NOx,2019-12-24 01:00:00+01:00,1.2287809710700743
2019,CO2/CO/NOx,2019-12-24 02:00:00+01:00,1.2620872857506298
2019,CO2/CO/NOx,2019-12-24 03:00:00+01:00,1.3382416228664535
2019,CO2/CO/NOx,2019-12-24 04:00:00+01:00,1.4204791688381164
2019,CO2/CO/NOx,2019-12-24 05:00:00+01:00,1.507718486003435
2019,CO2/CO/NOx,2019-12-24 06:00:00+01:00,1.6001371473925396
2019,CO2/CO/NOx,2019-12-24 07:00:00+01:00,1.6654030290223063
2019,CO2/CO/NOx,2019-12-24 08:00:00+01:00,1.6710085509529655
2019,CO2/CO/NOx,2019-12-24 09:00:00+01:00,1.6193139870613034
2019,CO2/CO/NOx,2019-12-24 10:00:00+01:00,1.5756981510624064
2019,CO2/CO/NOx,2019-12-24 11:00:00+01:00,1.5298239578929087
2019,CO2/CO/NOx,2019-12-24 12:00:00+01:00,1.4908565606097635
2019,CO2/CO/NOx,2019-12-24 13:00:00+01:00,1.4993573039839398
2019,CO2/CO/NOx,2019-12-24 14:00:00+01:00,1.5096326133090747
2019,CO2/CO/NOx,2019-12-24 15:00:00+01:00,1.550839276415924
2019,CO2/CO/NOx,2019-12-24 16:00:00+01:00,1.5749137389447174
2019,CO2/CO/NOx,2019-12-24 17:00:00+01:00,1.5622830007957982
2019,CO2/CO/NOx,2019-12-24 18:00:00+01:00,1.5448282710034715
2019,CO2/CO/NOx,2019-12-24 19:00:00+01:00,1.4943141479834123
2019,CO2/CO/NOx,2019-12-24 20:00:00+01:00,1.431789298213774
2019,CO2/CO/NOx,2019-12-24 21:00:00+01:00,1.3653445826220858
2019,CO2/CO/NOx,2019-12-24 22:00:00+01:00,1.3112742085637832
2019,CO2/CO/NOx,2019-12-24 23:00:00+01:00,1.249145107186539
2019,CO2/CO/NOx,2019-12-25 00:00:00+01:00,1.1903921088198395
2019,CO2/CO/NOx,2019-12-25 01:00:00+01:00,1.1676695376374933
2019,CO2/CO/NOx,2019-12-25 02:00:00+01:00,1.1845141661837877
2019,CO2/CO/NOx,2019-12-25 03:00:00+01:00,1.241015152444446
2019,CO2/CO/NOx,2019-12-25 04:00:00+01:00,1.302911883058017
2019,CO2/CO/NOx,2019-12-25 05:00:00+01:00,1.3782636085019861
2019,CO2/CO/NOx,2019-12-25 06:00:00+01:00,1.4539063860447041
2019,CO2/CO/NOx,2019-12-25 07:00:00+01:00,1.499412866444034
2019,CO2/CO/NOx,2019-12-25 08:00:00+01:00,1.503397038779564
2019,CO2/CO/NOx,2019-12-25 09:00:00+01:00,1.4731127611403805
2019,CO2/CO/NOx,2019-12-25 10:00:00+01:00,1.4672020990006516
2019,CO2/CO/NOx,2019-12-25 11:00:00+01:00,1.461648460251473
2019,CO2/CO/NOx,2019-12-25 12:00:00+01:00,1.4531078604135916
2019,CO2/CO/NOx,2019-12-25 13:00:00+01:00,1.4655911993827402
2019,CO2/CO/NOx,2019-12-25 14:00:00+01:00,1.4895614174546201
2019,CO2/CO/NOx,2019-12-25 15:00:00+01:00,1.5231292319266412
2019,CO2/CO/NOx,2019-12-25 16:00:00+01:00,1.5234547903338302
2019,CO2/CO/NOx,2019-12-25 17:00:00+01:00,1.5106144891351716
2019,CO2/CO/NOx,2019-12-25 18:00:00+01:00,1.5336319007604597
2019,CO2/CO/NOx,2019-12-25 19:00:00+01:00,1.5308371825287337
2019,CO2/CO/NOx,2019-12-25 20:00:00+01:00,1.5107948409840903
2019,CO2/CO/NOx,2019-12-25 21:00:00+01:00,1.4870054907924872
2019,CO2/CO/NOx,2019-12-25 22:00:00+01:00,1.472048573168083
2019,CO2/CO/NOx,2019-12-25 23:00:00+01:00,1.4593375063908336
2019,CO2/CO/NOx,2019-12-26 00:00:00+01:00,1.4245676813467172
2019,CO2/CO/NOx,2019-12-26 01:00:00+01:00,1.4174061075626498
2019,CO2/CO/NOx,2019-12-26 02:00:00+01:00,1.456294236553251
2019,CO2/CO/NOx,2019-12-26 03:00:00+01:00,1.5390142155043116
2019,CO2/CO/NOx,2019-12-26 04:00:00+01:00,1.6183216848929103
2019,CO2/CO/NOx,2019-12-26 05:00:00+01:00,1.7121039293280964
2019,CO2/CO/NOx,2019-12-26 06:00:00+01:00,1.7994695204326927
2019,CO2/CO/NOx,2019-12-26 07:00:00+01:00,1.8524479979428867
2019,CO2/CO/NOx,2019-12-26 08:00:00+01:00,1.8560114604188425
2019,CO2/CO/NOx,2019-12-26 09:00:00+01:00,1.8051372680795905
2019,CO2/CO/NOx,2019-12-26 10:00:00+01:00,1.7641107255063961
2019,CO2/CO/NOx,2019-12-26 11:00:00+01:00,1.716955885366747
2019,CO2/CO/NOx,2019-12-26 12:00:00+01:00,1.6746746375392276
2019,CO2/CO/NOx,2019-12-26 13:00:00+01:00,1.6805098557562528
2019,CO2/CO/NOx,2019-12-26 14:00:00+01:00,1.7123851903868745
2019,CO2/CO/NOx,2019-12-26 15:00:00+01:00,1.7584563740137318
2019,CO2/CO/NOx,2019-12-26 16:00:00+01:00,1.7984185314970809
2019,CO2/CO/NOx,2019-12-26 17:00:00+01:00,1.8237848181985707
2019,CO2/CO/NOx,2019-12-26 18:00:00+01:00,1.8524253084962934
2019,CO2/CO/NOx,2019-12-26 19:00:00+01:00,1.8301972609891455
2019,CO2/CO/NOx,2019-12-26 20:00:00+01:00,1.7638023634754634
2019,CO2/CO/NOx,2019-12-26 21:00:00+01:00,1.6820581547668896
2019,CO2/CO/NOx,2019-12-26 22:00:00+01:00,1.603618185840199
2019,CO2/CO/NOx,2019-12-26 23:00:00+01:00,1.5373718351351842
2019,CO2/CO/NOx,2019-12-27 00:00:00+01:00,1.4750211024033937
2019,CO2/CO/NOx,2019-12-27 01:00:00+01:00,1.4747938263117084
2019,CO2/CO/NOx,2019-12-27 02:00:00+01:00,1.524019761678056
2019,CO2/CO/NOx,2019-12-27 03:00:00+01:00,1.6068358323531642
2019,CO2/CO/NOx,2019-12-27 04:00:00+01:00,1.6799573958941676
2019,CO2/CO/NOx,2019-12-27 05:00:00+01:00,1.7455428417954484
2019,CO2/CO/NOx,2019-12-27 06:00:00+01:00,1.8171057993499116
2019,CO2/CO/NOx,2019-12-27 07:00:00+01:00,1.8475057867759528
2019,CO2/CO/NOx,2019-12-27 08:00:00+01:00,1.8454996658914347
2019,CO2/CO/NOx,2019-12-27 09:00:00+01:00,1.801453133865754
2019,CO2/CO/NOx,2019-12-27 10:00:00+01:00,1.7768363763206794
2019,CO2/CO/NOx,2019-12-27 11:00:00+01:00,1.7468649236245521
2019,CO2/CO/NOx,2019-12-27 12:00:00+01:00,1.710307802308611
2019,CO2/CO/NOx,2019-12-27 13:00:00+01:00,1.6998218310078197
2019,CO2/CO/NOx,2019-12-27 14:00:00+01:00,1.7097137904088697
2019,CO2/CO/NOx,2019-12-27 15:00:00+01:00,1.7469861270616809
2019,CO2/CO/NOx,2019-12-27 16:00:00+01:00,1.7647172010452963
2019,CO2/CO/NOx,2019-12-27 17:00:00+01:00,1.7748570584395702
2019,CO2/CO/NOx,2019-12-27 18:00:00+01:00,1.7929193555212684
2019,CO2/CO/NOx,2019-12-27 19:00:00+01:00,1.7718626991465363
2019,CO2/CO/NOx,2019-12-27 20:00:00+01:00,1.723345874993002
2019,CO2/CO/NOx,2019-12-27 21:00:00+01:00,1.6480312928918792
2019,CO2/CO/NOx,2019-12-27 22:00:00+01:00,1.5957377174855651
2019,CO2/CO/NOx,2019-12-27 23:00:00+01:00,1.5635541056839906
2019,CO2/CO/NOx,2019-12-28 00:00:00+01:00,1.5394271198803573
2019,CO2/CO/NOx,2019-12-28 01:00:00+01:00,1.5625946387407006
2019,CO2/CO/NOx,2019-12-28 02:00:00+01:00,1.6328119221113206
2019,CO2/CO/NOx,2019-12-28 03:00:00+01:00,1.7403330988654262
2019,CO2/CO/NOx,2019-12-28 04:00:00+01:00,1.8241248499293796
2019,CO2/CO/NOx,2019-12-28 05:00:00+01:00,1.9004408730150084
2019,CO2/CO/NOx,2019-12-28 06:00:00+01:00,1.9468417928824642
2019,CO2/CO/NOx,2019-12-28 07:00:00+01:00,1.971928464925239
2019,CO2/CO/NOx,2019-12-28 08:00:00+01:00,1.955631289065422
2019,CO2/CO/NOx,2019-12-28 09:00:00+01:00,1.901616074204291
2019,CO2/CO/NOx,2019-12-28 10:00:00+01:00,1.8665718538412743
2019,CO2/CO/NOx,2019-12-28 11:00:00+01:00,1.8475718484828128
2019,CO2/CO/NOx,2019-12-28 12:00:00+01:00,1.8409339900290147
2019,CO2/CO/NOx,2019-12-28 13:00:00+01:00,1.8589188582452096
2019,CO2/CO/NOx,2019-12-28 14:00:00+01:00,1.8923758650035523
2019,CO2/CO/NOx,2019-12-28 15:00:00+01:00,1.93376027655475
2019,CO2/CO/NOx,2019-12-28 16:00:00+01:00,1.965668502632697
2019,CO2/CO/NOx,2019-12-28 17:00:00+01:00,1.9839571490032144
2019,CO2/CO/NOx,2019-12-28 18:00:00+01:00,2.0086211317893587
2019,CO2/CO/NOx,2019-12-28 19:00:00+01:00,2.000619110735422
2019,CO2/CO/NOx,2019-12-28 20:00:00+01:00,1.9771609237125911
2019,CO2/CO/NOx,2019-12-28 21:00:00+01:00,1.936938612645048
2019,CO2/CO/NOx,2019-12-28 22:00:00+01:00,1.8923824636322528
2019,CO2/CO/NOx,2019-12-28 23:00:00+01:00,1.8478510093216676
2019,CO2/CO/NOx,2019-12-29 00:00:00+01:00,1.7976506638826977
2019,CO2/CO/NOx,2019-12-29 01:00:00+01:00,1.8025800436455883
2019,CO2/CO/NOx,2019-12-29 02:00:00+01:00,1.8411473966471867
2019,CO2/CO/NOx,2019-12-29 03:00:00+01:00,1.9152034543641643
2019,CO2/CO/NOx,2019-12-29 04:00:00+01:00,1.9820054318404687
2019,CO2/CO/NOx,2019-12-29 05:00:00+01:00,2.0458501904601927
2019,CO2/CO/NOx,2019-12-29 06:00:00+01:00,2.104559331643081
2019,CO2/CO/NOx,2019-12-29 07:00:00+01:00,2.14977438648452
2019,CO2/CO/NOx,2019-12-29 08:00:00+01:00,2.1616007522605245
2019,CO2/CO/NOx,2019-12-29 09:00:00+01:00,2.137626186360749
2019,CO2/CO/NOx,2019-12-29 10:00:00+01:00,2.1121784172233937
2019,CO2/CO/NOx,2019-12-29 11:00:00+01:00,2.0695595633240016
2019,CO2/CO/NOx,2019-12-29 12:00:00+01:00,2.0179416511552746
2019,CO2/CO/NOx,2019-12-29 13:00:00+01:00,1.9902611569063797
2019,CO2/CO/NOx,2019-12-29 14:00:00+01:00,1.9927971461214495
2019,CO2/CO/NOx,2019-12-29 15:00:00+01:00,2.0478948776873414
2019,CO2/CO/NOx,2019-12-29 16:00:00+01:00,2.1007496657005937
2019,CO2/CO/NOx,2019-12-29 17:00:00+01:00,2.1306867699998024
2019,CO2/CO/NOx,2019-12-29 18:00:00+01:00,2.1813980332430623
2019,CO2/CO/NOx,2019-12-29 19:00:00+01:00,2.157429776285649
2019,CO2/CO/NOx,2019-12-29 20:00:00+01:00,2.103828327293885
2019,CO2/CO/NOx,2019-12-29 21:00:00+01:00,2.0574631502795575
2019,CO2/CO/NOx,2019-12-29 22:00:00+01:00,2.0193336679436777
2019,CO2/CO/NOx,2019-12-29 23:00:00+01:00,1.986109133443303
2019,CO2/CO/NOx,2019-12-30 00:00:00+01:00,1.9368946616523914
2019,CO2/CO/NOx,2019-12-30 01:00:00+01:00,1.9214884483110053
2019,CO2/CO/NOx,2019-12-30 02:00:00+01:00,1.965330605041466
2019,CO2/CO/NOx,2019-12-30 03:00:00+01:00,2.0654154218356067
2019,CO2/CO/NOx,2019-12-30 04:00:00+01:00,2.150882555769431
2019,CO2/CO/NOx,2019-12-30 05:00:00+01:00,2.246023303917735
2019,CO2/CO/NOx,2019-12-30 06:00:00+01:00,2.379778956875837
2019,CO2/CO/NOx,2019-12-30 07:00:00+01:00,2.4652233025885915
2019,CO2/CO/NOx,2019-12-30 08:00:00+01:00,2.4669685791605573
2019,CO2/CO/NOx,2019-12-30 09:00:00+01:00,2.373190546000362
2019,CO2/CO/NOx,2019-12-30 10:00:00+01:00,2.27417599253581
2019,CO2/CO/NOx,2019-12-30 11:00:00+01:00,2.1603186891385064
2019,CO2/CO/NOx,2019-12-30 12:00:00+01:00,2.018796937834106
2019,CO2/CO/NOx,2019-12-30 13:00:00+01:00,1.9283284451097469
2019,CO2/CO/NOx,2019-12-30 14:00:00+01:00,1.9137637436528379
2019,CO2/CO/NOx,2019-12-30 15:00:00+01:00,1.9662924528789152
2019,CO2/CO/NOx,2019-12-30 16:00:00+01:00,2.0262343569388266
2019,CO2/CO/NOx,2019-12-30 17:00:00+01:00,2.1077583253896783
2019,CO2/CO/NOx,2019-12-30 18:00:00+01:00,2.175700994228944
2019,CO2/CO/NOx,2019-12-30 19:00:00+01:00,2.185997052171066
2019,CO2/CO/NOx,2019-12-30 20:00:00+01:00,2.150284359568262
2019,CO2/CO/NOx,2019-12-30 21:00:00+01:00,2.0528281757852294
2019,CO2/CO/NOx,2019-12-30 22:00:00+01:00,1.9531033992694493
2019,CO2/CO/NOx,2019-12-30 23:00:00+01:00,1.8554165579730428
2019,CO2/CO/NOx,2019-12-31 00:00:00+01:00,1.736864612877931
2019,CO2/CO/NOx,2019-12-31 01:00:00+01:00,1.675539772204934
2019,CO2/CO/NOx,2019-12-31 02:00:00+01:00,1.7042516331708313
2019,CO2/CO/NOx,2019-12-31 03:00:00+01:00,1.7586867778529847
2019,CO2/CO/NOx,2019-12-31 04:00:00+01:00,1.844651131440533
2019,CO2/CO/NOx,2019-12-31 05:00:00+01:00,1.9541374315842013
2019,CO2/CO/NOx,2019-12-31 06:00:00+01:00,2.046244244787829
2019,CO2/CO/NOx,2019-12-31 07:00:00+01:00,2.089017128234137
2019,CO2/CO/NOx,2019-12-31 08:00:00+01:00,2.0546593037609098
2019,CO2/CO/NOx,2019-12-31 09:00:00+01:00,1.9761604566057702
2019,CO2/CO/NOx,2019-12-31 10:00:00+01:00,1.8621844517049644
2019,CO2/CO/NOx,2019-12-31 11:00:00+01:00,1.744977190034017
2019,CO2/CO/NOx,2019-12-31 12:00:00+01:00,1.61719552427372
2019,CO2/CO/NOx,2019-12-31 13:00:00+01:00,1.5779131158199904
2019,CO2/CO/NOx,2019-12-31 14:00:00+01:00,1.60510857106601
2019,CO2/CO/NOx,2019-12-31 15:00:00+01:00,1.6975041836540876
2019,CO2/CO/NOx,2019-12-31 16:00:00+01:00,1.8044056813281932
2019,CO2/CO/NOx,2019-12-31 17:00:00+01:00,1.8967684251797843
2019,CO2/CO/NOx,2019-12-31 18:00:00+01:00,1.9827233339703285
2019,CO2/CO/NOx,2019-12-31 19:00:00+01:00,1.9851416703275255
2019,CO2/CO/NOx,2019-12-31 20:00:00+01:00,1.950887663260714
2019,CO2/CO/NOx,2019-12-31 21:00:00+01:00,1.8627503083191064
2019,CO2/CO/NOx,2019-12-31 22:00:00+01:00,1.718614675702886
2019,CO2/CO/NOx,2019-12-31 23:00:00+01:00,1.5163658356122363
